<?xml version="1.0" encoding="utf-8"?>
<COLLADA xmlns="http://www.collada.org/2005/11/COLLADASchema" version="1.4.1" xmlns:xsi="http://www.w3.org/2001/XMLSchema-instance">
  <asset>
    <contributor>
      <author>Blender User</author>
      <authoring_tool>Blender 2.80.75 commit date:2019-07-29, commit time:14:47, hash:f6cb5f54494e</authoring_tool>
    </contributor>
    <created>2026-04-13T08:35:08</created>
    <modified>2026-04-13T08:35:08</modified>
    <unit name="meter" meter="1"/>
    <up_axis>Z_UP</up_axis>
  </asset>
  <library_effects>
    <effect id="chariot_pers_a-effect">
      <profile_COMMON>
        <technique sid="common">
          <lambert>
            <emission>
              <color sid="emission">0 0 0 1</color>
            </emission>
            <diffuse>
              <color sid="diffuse">0.8 0.8 0.8 1</color>
            </diffuse>
            <index_of_refraction>
              <float sid="ior">1.45</float>
            </index_of_refraction>
          </lambert>
        </technique>
      </profile_COMMON>
    </effect>
  </library_effects>
  <library_images/>
  <library_materials>
    <material id="chariot_pers_a-material" name="chariot_pers_a">
      <instance_effect url="#chariot_pers_a-effect"/>
    </material>
  </library_materials>
  <library_geometries>
    <geometry id="chariota-mesh-mesh" name="chariota-mesh">
      <mesh>
        <source id="chariota-mesh-mesh-positions">
          <float_array id="chariota-mesh-mesh-positions-array" count="1188">-1.5728 1.723522 3.949373 -1.5728 1.134421 1.978473 1.5442 3.797122 1.978473 1.5442 1.134421 1.978473 1.5442 1.723522 3.949373 1.5442 1.134421 3.949373 -1.5728 3.797222 3.129873 -1.5728 3.797122 1.978473 2.378576 2.470206 1.690898 2.378576 1.775408 1.403104 2.378576 1.656199 1.690898 2.378576 2.350996 1.978693 2.450218 2.063202 1.690898 1.992664 2.350996 1.978693 1.992664 2.470206 1.690898 1.992664 2.350996 1.403104 1.992664 2.063202 1.283896 1.992664 1.775408 1.403104 1.992664 1.656199 1.690898 1.992664 1.775408 1.978693 1.992664 2.063202 2.097901 2.378576 2.063202 2.097901 2.378576 1.775408 1.978693 2.378576 2.063202 1.283896 2.378576 2.350996 1.403104 -2.378576 2.470206 1.690898 -2.378576 2.350996 1.403104 -2.378576 2.063202 1.283896 -2.378576 1.775408 1.403104 -2.378576 1.775408 1.978693 -2.378576 2.063202 2.097901 -1.992664 2.350996 1.978693 -1.992664 2.063202 2.097901 -1.992664 2.063202 1.283896 -1.992664 2.470206 1.690898 -1.992664 2.350996 1.403104 -1.992664 1.775408 1.403104 -1.992664 1.656199 1.690898 -1.992664 1.775408 1.978693 -2.450218 2.063202 1.690898 -2.378576 2.350996 1.978693 -2.378576 1.656199 1.690898 -0.004000008 1.134421 1.607073 -0.004000008 1.134421 2.185573 -0.004000008 1.134421 3.951973 -0.004000008 0.8696207 1.607073 -0.004000008 0.8696207 2.185573 -0.004000008 0.8696216 3.951973 -1.8805 0.8696216 3.951973 1.5442 3.797171 3.129873 1.5442 4.056322 3.129873 1.8711 3.797222 3.129873 1.8711 4.056322 3.129873 -1.8805 3.797222 3.129873 -1.8805 4.056322 3.129873 -1.5728 4.056322 3.129873 1.8711 1.723422 3.949373 1.8711 1.134421 3.950673 -1.5728 4.056322 1.805573 -1.5728 4.056322 1.978473 1.5442 1.134421 1.805573 2.153 2.193602 1.563073 2.153 2.193602 1.815373 -2.1518 2.193602 1.815373 -2.1518 2.193602 1.563073 2.153 1.941202 1.815373 2.153 1.941202 1.563073 -2.1518 1.941202 1.563073 -2.1518 1.941202 1.815373 -1.8805 1.134421 3.950673 1.8711 0.8696216 3.951973 -1.8805 1.134421 2.185573 -1.8805 0.8696207 2.185573 -1.8805 0.8696207 1.607073 -1.8805 1.134421 1.607073 1.8711 0.8696207 1.607073 1.8711 0.8696207 2.185573 1.8711 1.134421 2.185573 1.8711 1.134421 1.607073 -1.8805 4.056322 1.978473 -1.8805 4.056322 1.805573 1.5442 4.056322 1.978473 1.5442 4.056322 1.805573 1.8711 1.134421 1.978473 1.8711 4.056322 1.978473 1.8711 4.056322 1.805573 1.8711 1.134421 1.805573 -1.8805 1.134421 1.805573 -1.8805 1.134421 1.978473 -1.5728 1.134421 1.805573 -1.8805 1.723522 3.949373 -1.5728 1.134421 3.949373 -2.303871 3.770034 2.135298 -2.303871 3.762746 1.219297 -2.303871 3.298433 0.429661 -2.303871 2.501507 -0.02202725 -2.303871 1.585506 -0.01473927 -2.303871 0.7958698 0.4495739 -2.303871 0.3441808 1.246498 -2.303871 0.3514708 2.162499 -2.303871 0.8157828 2.952135 -2.303871 1.612706 3.403824 -2.303871 2.528707 3.396534 -2.303871 3.318344 2.932224 -2.06859 3.318344 2.932224 -2.06859 2.528707 3.396534 -2.06859 1.612706 3.403824 -2.06859 0.8157828 2.952135 -2.06859 0.3514708 2.162499 -2.06859 0.3441808 1.246498 -2.06859 0.7958698 0.4495739 -2.06859 1.585506 -0.01473927 -2.06859 2.501507 -0.02202725 -2.06859 3.298433 0.429661 -2.06859 3.762746 1.219297 -2.06859 3.770034 2.135298 -2.303871 3.556316 2.079854 -2.303871 3.549931 1.278137 -2.303871 3.143554 0.5870249 -2.303871 2.446064 0.1916906 -2.303871 1.644347 0.1980769 -2.303871 0.9532337 0.6044518 -2.303871 0.5578997 1.301943 -2.303871 0.5642848 2.103659 -2.303871 0.9706597 2.794771 -2.303871 1.668151 3.190105 -2.303871 2.469867 3.18372 -2.303871 3.16098 2.777345 -2.06859 3.16098 2.777345 -2.06859 2.469867 3.18372 -2.06859 1.668151 3.190105 -2.06859 0.9706597 2.794771 -2.06859 0.5642848 2.103659 -2.06859 0.5578997 1.301943 -2.06859 0.9532337 0.6044518 -2.06859 1.644347 0.1980769 -2.06859 2.446064 0.1916906 -2.06859 3.143554 0.5870249 -2.06859 3.549931 1.278137 -2.06859 3.556316 2.079854 -2.260588 2.13634 3.276065 -2.260588 1.990065 3.276066 -2.114312 1.990065 3.276066 -2.114312 2.13634 3.276065 -2.260588 2.13634 0.1057231 -2.260588 1.990064 0.1057231 -2.114312 1.990065 0.1057231 -2.114312 2.13634 0.1057231 -2.114312 0.9940329 0.5182929 -2.114312 0.8906007 0.6217248 -2.260588 0.8906007 0.621726 -2.260588 0.9940329 0.5182929 -2.114312 3.235805 2.760062 -2.114312 3.132374 2.863494 -2.260588 3.132374 2.863494 -2.260588 3.235805 2.760062 -2.260588 3.648373 1.617756 -2.260588 3.648375 1.764031 -2.114312 3.648375 1.764031 -2.114312 3.648373 1.617756 -2.260588 0.4780307 1.617757 -2.260588 0.4780319 1.764032 -2.114312 0.4780319 1.764032 -2.114312 0.4780307 1.617757 -2.114312 0.8906007 2.760064 -2.114312 0.9940338 2.863495 -2.260588 0.9940338 2.863496 -2.260588 0.8906007 2.760064 -2.114312 3.132372 0.5182926 -2.114312 3.235805 0.6217238 -2.260588 3.235805 0.6217238 -2.260588 3.132372 0.5182926 2.260588 3.132372 0.5182926 2.260588 3.235805 0.6217238 2.114312 3.235805 0.6217238 2.114312 3.132372 0.5182926 2.260588 0.8906007 2.760064 2.260588 0.9940338 2.863496 2.114312 0.9940338 2.863495 2.114312 0.8906007 2.760064 2.114312 0.4780307 1.617757 2.114312 0.4780319 1.764032 2.260588 0.4780319 1.764032 2.260588 0.4780307 1.617757 2.114312 3.648373 1.617756 2.114312 3.648375 1.764031 2.260588 3.648375 1.764031 2.260588 3.648373 1.617756 2.260588 3.235805 2.760062 2.260588 3.132374 2.863494 2.114312 3.132374 2.863494 2.114312 3.235805 2.760062 2.260588 0.9940329 0.5182929 2.260588 0.8906007 0.621726 2.114312 0.8906007 0.6217248 2.114312 0.9940329 0.5182929 2.114312 2.13634 0.1057231 2.114312 1.990065 0.1057231 2.260588 1.990064 0.1057231 2.260588 2.13634 0.1057231 2.114312 2.13634 3.276065 2.114312 1.990065 3.276066 2.260588 1.990065 3.276066 2.260588 2.13634 3.276065 2.06859 3.556316 2.079854 2.06859 3.549931 1.278137 2.06859 3.143554 0.5870249 2.06859 2.446064 0.1916906 2.06859 1.644347 0.1980769 2.06859 0.9532337 0.6044518 2.06859 0.5578997 1.301943 2.06859 0.5642848 2.103659 2.06859 0.9706597 2.794771 2.06859 1.668151 3.190105 2.06859 2.469867 3.18372 2.06859 3.16098 2.777345 2.303871 3.16098 2.777345 2.303871 2.469867 3.18372 2.303871 1.668151 3.190105 2.303871 0.9706597 2.794771 2.303871 0.5642848 2.103659 2.303871 0.5578997 1.301943 2.303871 0.9532337 0.6044518 2.303871 1.644347 0.1980769 2.303871 2.446064 0.1916906 2.303871 3.143554 0.5870249 2.303871 3.549931 1.278137 2.303871 3.556316 2.079854 2.06859 3.770034 2.135298 2.06859 3.762746 1.219297 2.06859 3.298433 0.429661 2.06859 2.501507 -0.02202725 2.06859 1.585506 -0.01473927 2.06859 0.7958698 0.4495739 2.06859 0.3441808 1.246498 2.06859 0.3514708 2.162499 2.06859 0.8157828 2.952135 2.06859 1.612706 3.403824 2.06859 2.528707 3.396534 2.06859 3.318344 2.932224 2.303871 3.318344 2.932224 2.303871 2.528707 3.396534 2.303871 1.612706 3.403824 2.303871 0.8157828 2.952135 2.303871 0.3514708 2.162499 2.303871 0.3441808 1.246498 2.303871 0.7958698 0.4495739 2.303871 1.585506 -0.01473927 2.303871 2.501507 -0.02202725 2.303871 3.298433 0.429661 2.303871 3.762746 1.219297 2.303871 3.770034 2.135298 1.5442 3.797122 1.978473 1.5442 1.134421 1.978473 1.5442 1.723522 3.949373 1.5442 1.134421 3.949373 1.5442 3.797171 3.129873 1.5442 3.797122 1.978473 -1.5728 3.797222 3.129873 -1.5728 3.797122 1.978473 1.5442 3.797171 3.129873 -1.5728 1.723522 3.949373 -1.5728 1.134421 1.978473 -1.5728 3.797222 3.129873 -1.5728 3.797122 1.978473 -1.5728 1.134421 3.949373 -1.5728 1.134421 1.978473 1.5442 3.797122 1.978473 1.5442 1.134421 1.978473 -1.5728 3.797122 1.978473 -1.79962 -5.192909 2.771672 -1.799277 -5.178614 2.469071 -2.135157 -5.170558 2.469071 -2.1355 -5.184852 2.771672 -1.8425 1.642202 1.697373 -1.6289 1.639002 1.870773 -1.6289 0.1021027 1.86221 -1.8384 0.09760177 1.69461 -1.4154 1.642202 1.697373 -1.4195 0.09760177 1.69461 -1.724096 -1.621875 2.501972 -1.723932 -1.618778 2.613371 -1.6289 0.09310173 1.52711 -1.968151 -1.618722 2.400172 -1.841881 -1.621751 2.400172 -1.965605 -1.610181 2.715571 -2.085822 -1.610098 2.613371 -1.844015 -1.613097 2.715571 -2.085806 -1.613199 2.501972 2.316102 -3.033636 3.692362 2.316102 -2.792101 3.688008 2.316102 -2.793036 3.566814 2.316102 -3.033848 3.571168 -2.427802 -2.793036 3.566814 -2.427802 -2.792101 3.688008 -2.427802 -3.033636 3.692362 -2.427802 -3.033848 3.571168 2.085806 -1.613199 2.501972 1.844015 -1.613097 2.715571 2.085822 -1.610098 2.613371 1.965605 -1.610181 2.715571 1.841881 -1.621751 2.400172 1.968151 -1.618722 2.400172 1.680541 0.09238505 1.52711 1.723932 -1.618778 2.613371 1.724096 -1.621875 2.501972 1.492011 0.09617942 1.69461 1.48254 1.640754 1.697373 1.869127 0.09759074 1.69461 1.680507 0.1013859 1.86221 1.674756 1.638274 1.870773 1.867038 1.642193 1.697373 2.1355 -5.184852 2.771672 2.135157 -5.170558 2.469071 1.799277 -5.178614 2.469071 1.79962 -5.192909 2.771672 -1.962441 -2.975256 3.574119 -1.803822 -2.761657 3.574148 -1.9625 -2.863857 3.574134 -1.883633 -2.761657 3.574148 -1.725014 -2.975256 2.69371 -1.724955 -2.863857 2.693726 -1.885169 -3.077056 2.693696 -1.802286 -3.077056 2.693696 -1.883633 -2.761657 2.69374 -1.9625 -2.863857 2.693726 -1.803822 -2.761657 2.69374 -1.962441 -2.975256 2.69371 2.046833 -2.972393 2.69371 1.883137 -2.762659 2.69374 2.044221 -2.861025 2.693726 1.962926 -2.760745 2.69374 1.889165 -3.078004 2.693696 1.972025 -3.076016 2.693696 1.806744 -2.866721 2.693726 1.809475 -2.978086 2.69371 -1.802286 -3.077056 3.574105 -1.885169 -3.077056 3.574105 -1.724955 -2.863857 3.574134 -1.725014 -2.975256 3.574119 2.046833 -2.972393 3.574119 1.883137 -2.762659 3.574148 2.044221 -2.861025 3.574134 1.962926 -2.760745 3.574148 1.889165 -3.078004 3.574105 1.972025 -3.076016 3.574105 1.806744 -2.866721 3.574134 1.809475 -2.978086 3.574119 -1.953812 -0.7599478 2.359636 -1.714812 -0.7547474 2.550236 1.70222 -0.7586963 2.499136 1.761211 -0.7646829 2.224986 1.823056 -0.7543972 2.550236 -1.849112 -0.7561477 2.499136 -1.783662 -0.763548 2.224986 1.918639 -0.7605656 2.308736 -1.888412 -0.761298 2.308736 -1.543412 -0.7599478 2.359636 1.762261 -0.7558555 2.550236 1.608054 -0.7628478 2.359636 -1.782362 -0.7547475 2.550236 -1.543362 -0.758398 2.415336 1.883165 -0.7543559 2.499136 1.977467 -0.7578039 2.359636 -1.953862 -0.758398 2.415336 1.977475 -0.7562536 2.415336 1.607972 -0.7612996 2.415336 1.666946 -0.7627856 2.308736 -1.713512 -0.763548 2.224986 -1.648062 -0.7561477 2.499136 -1.608812 -0.7612979 2.308736 1.824346 -0.7631685 2.224986 -1.863406 -0.331848 2.112091 -1.638481 -0.3270224 2.291091 -1.481456 -0.3311731 2.137542 1.691363 -0.3286551 2.291091 1.720876 -0.3361489 1.986467 1.751782 -0.3265056 2.316641 1.893883 -0.3314872 2.112091 -1.896131 -0.3303981 2.165391 1.579478 -0.333303 2.112091 -1.514156 -0.3318479 2.112091 1.721384 -0.3272348 2.316641 -1.739006 -0.3270224 2.291091 1.550032 -0.3333343 2.137542 1.781836 -0.326485 2.291091 -1.705631 -0.3263224 2.316641 -1.706281 -0.3352231 1.986467 -1.896106 -0.3311731 2.137542 1.923297 -0.3301067 2.137542 1.549991 -0.3325601 2.165391 1.923301 -0.3293314 2.165391 -1.671856 -0.3263223 2.316641 -1.481431 -0.3303981 2.165391 -1.671206 -0.3352231 1.986467 1.752443 -0.3353917 1.986467</float_array>
          <technique_common>
            <accessor source="#chariota-mesh-mesh-positions-array" count="396" stride="3">
              <param name="X" type="float"/>
              <param name="Y" type="float"/>
              <param name="Z" type="float"/>
            </accessor>
          </technique_common>
        </source>
        <source id="chariota-mesh-mesh-normals">
          <float_array id="chariota-mesh-mesh-normals-array" count="903">1 0 0 0 -1 4.25165e-5 -1.63688e-5 -1 8.66273e-5 0.6532365 0.732892 0.1901356 -0.6532352 0.7297777 -0.2017631 -0.6532365 0.732892 0.1901356 0.6532352 0.7297777 -0.2017631 -0.6532266 0.5311205 -0.5396353 0.6532266 0.5311205 -0.5396353 -0.6532365 0.1901356 -0.732892 0.6532365 0.1901356 -0.732892 -0.6532352 -0.2017631 -0.7297777 0.6532352 -0.2017631 -0.7297777 -0.6532266 -0.5396353 -0.5311205 0.6532266 -0.5396353 -0.5311205 -0.6532365 -0.732892 -0.1901356 0.6532365 -0.732892 -0.1901356 -0.6532352 -0.7297777 0.2017631 0.6532352 -0.7297777 0.2017631 -0.6532266 -0.5311205 0.5396353 0.6532266 -0.5311205 0.5396353 -0.6532365 -0.1901356 0.732892 0.6532365 -0.1901356 0.732892 -0.6532352 0.2017631 0.7297777 0.6532352 0.2017631 0.7297777 -0.6532266 0.5396353 0.5311205 0.6532266 0.5396353 0.5311205 -0.7702735 -0.6146563 0.1699308 0.7702736 -0.617281 -0.1601341 -0.7702736 -0.617281 -0.1601341 0.7702735 -0.6146563 0.1699308 -0.7702606 -0.4473426 0.4545145 0.7702606 -0.4473426 0.4545145 -0.7702736 -0.1601341 0.617281 0.7702736 -0.1601341 0.617281 -0.7702735 0.1699308 0.6146563 0.7702735 0.1699308 0.6146563 -0.7702606 0.4545145 0.4473426 0.7702606 0.4545145 0.4473426 -0.7702736 0.617281 0.1601341 0.7702736 0.617281 0.1601341 -0.7702735 0.6146563 -0.1699308 0.7702735 0.6146563 -0.1699308 -0.7702606 0.4473426 -0.4545145 0.7702606 0.4473426 -0.4545145 -0.7702736 0.1601341 -0.617281 0.7702736 0.1601341 -0.617281 -0.7702735 -0.1699308 -0.6146563 0.7702735 -0.1699308 -0.6146563 -0.7702606 -0.4545145 -0.4473426 0.7702606 -0.4545145 -0.4473426 1 0 0 1 1.22036e-6 0 -1 0 0 -1 -3.05101e-7 0 -1 0 0 1 -6.97176e-7 0 1 0 0 -1 -6.97173e-7 0 -1 6.1019e-7 0 -1 0 0 -1 -6.97184e-7 0 -1 6.10178e-7 0 1 6.97184e-7 0 1 -6.97181e-7 0 -1 3.05099e-7 0 -1 1.39436e-6 0 1 1.39436e-6 0 1 -1.52546e-7 0 1 3.37698e-7 0 -1 0 0 1 -7.62731e-7 0 1 6.97177e-7 0 1 6.10198e-7 0 -1 -1.39436e-6 0 -1 5.33923e-7 0 -1 0 0 0.7071068 0.7071068 0 0.7071068 -0.7071068 0 -0.7071068 -0.7071068 0 -0.7071068 0.7071068 0 -0.7071059 0.5000007 -0.5000007 0.7071059 0.5000007 -0.5000007 -0.7071059 -0.5000007 0.5000007 0.7071059 -0.5000007 0.5000007 0.7071068 0 -0.7071068 0.7071068 0 0.7071068 -0.7071068 0 0.7071068 -0.7071068 0 -0.7071068 -0.7071059 -0.5000007 -0.5000007 0.7071059 -0.5000007 -0.5000007 -0.7071059 0.5000007 0.5000007 0.7071059 0.5000007 0.5000007 1 0 0 1 5.33923e-7 0 1 -1.39436e-6 0 -1 -3.48591e-7 0 -1 3.48588e-7 0 -1 6.10198e-7 0 -1 -7.62731e-7 0 1 0 0 -1 3.48591e-7 0 -1 -1.52546e-7 0 -1 1.39436e-6 0 1 1.39436e-6 0 1 3.05099e-7 0 -1 -6.97181e-7 0 -1 6.97184e-7 0 1 -3.48592e-7 0 1 6.10178e-7 0 1 6.1019e-7 0 1 -6.97173e-7 0 -1 3.48589e-7 0 -1 -3.48588e-7 0 -1 3.48587e-7 0 1 0 0 1 3.48594e-7 0 1 -6.9718e-7 0 1 -3.05101e-7 0 -1 -1.74295e-7 0 -1 1.22036e-6 0 0.002044737 -0.7075172 0.7066932 -0.6673281 0.1395633 0.7315706 -0.7066748 0.003601253 0.7075293 0 0.1870518 0.9823502 0 -1 0 0 1 0 0 -0.7071068 0.7071068 0 0.7071068 0.7071068 0.6673628 0.1395336 0.7315446 3.0519e-5 0.1870812 0.9823446 -0.001892149 -0.7074717 0.7067392 0.7067055 0.003540217 0.707499 -0.2906079 0.6765897 0.6765897 -1 2.6012e-7 0 -1 0 0 1 0 0 1 0 0 0.4472014 0 0.8944334 0.2099709 0.9777077 0 1 -2.41919e-7 0 -1 5.25043e-7 0 -0.3207541 0.1178641 0.9398005 -0.7517381 0.1233568 0.6478217 0.7517277 0.1233296 0.6478391 0.04763972 0.1243333 0.9910963 -0.5773503 0.5773503 0.5773503 0.5773503 0.5773503 0.5773503 0.5770947 -0.5760571 0.5788955 -0.5770947 -0.5760571 0.5788955 0 -1 5.03501e-7 0 -1 5.7543e-7 0 -1 5.03877e-7 0 -1 5.7586e-7 -0.5748654 -0.5785887 0.5785887 0 0 1 -0.5748605 0 0.8182515 -0.5748605 -0.8182515 0 0 -0.7071068 -0.7071068 -0.5748654 -0.5785887 -0.5785887 0 0 -1 -0.5748605 0 -0.8182515 0 0.7071068 -0.7071068 -0.5748654 0.5785887 -0.5785887 -0.5748605 0.8182515 0 -0.5748654 0.5785887 0.5785887 0.5748654 0.5785887 0.5785887 0.5748605 0 0.8182515 0.5748654 -0.5785887 0.5785887 0.5748605 -0.8182515 0 0.5748654 -0.5785887 -0.5785887 0.5748605 0 -0.8182515 0.5748654 0.5785887 -0.5785887 0.5748605 0.8182515 0 -1 0 0 -0.5608613 -0.6006896 0.5697426 0.5912792 -0.5559684 -0.5841987 0.5851112 -0.5764742 0.5703704 -0.568198 -0.5802834 -0.5834574 0.7425054 -0.001281797 0.6698389 -0.03253322 0.4756388 0.879039 0.9783934 -0.1071844 -0.1767993 -9.15569e-5 -0.005554437 0.9999846 -0.7426193 -0.006836235 0.6696789 -0.9712555 -0.1902226 -0.1431018 0.2643908 0.6037377 0.7520627 0.5402229 0.5726344 0.6166433 0.8360239 0.4173863 0.356164 -0.5926477 0.4598597 0.6612849 -0.315177 0.548897 0.7741935 -0.8878542 0.2350561 0.3955547 -0.2919492 -0.6210101 -0.727401 -0.5538541 -0.5475061 -0.6272821 -0.9110799 -0.102757 -0.3992174 -0.6249732 -0.3231073 -0.7106407 -0.34175 -0.1185047 -0.9322896 0.8962137 0.1191452 0.4273236 0.9191286 0.03524893 -0.3923776 0.3692821 -0.06174027 -0.9272642 0.9249762 3.6623e-4 -0.3800252 0.3633021 -0.2781532 -0.8891807 0.6533181 -0.1669994 -0.7384353 -0.8959606 -0.006286978 0.4440891 -0.3307093 0.08350133 0.9400313 0.3447114 0.130621 0.9295763 -0.7107591 -0.7034345 0.001220762 -0.5778881 0.5844498 0.5696173 -0.7047576 0.7094271 -0.005462944 -0.5765071 -0.5720208 0.5834655 0.7107591 -0.7034345 0.001220762 0.5778881 0.5844498 0.5696173 0.5765071 -0.5720208 0.5834655 0.704773 0.7094119 -0.005462825 -0.5851112 -0.5764742 0.5703704 0.5608613 -0.6006896 0.5697426 0.3256109 0.07608473 0.9424376 -0.347579 0.1376094 0.927498 -0.5912792 -0.5559684 -0.5841987 -0.3716948 -0.05508732 -0.9267191 0.3343394 -0.1291884 -0.9335564 0.568198 -0.5802834 -0.5834574 0.9056143 -0.1358696 -0.4017492 0.8920041 -0.03378432 0.450763 -0.6124694 -0.1679193 -0.7724536 -0.3306441 -0.2775408 -0.902023 -0.9145081 0.01129209 -0.40441 -0.8950452 0.132302 0.4258996 -0.9189234 0.04806721 -0.3914962 0.3248437 -0.3738265 -0.8687523 0.5858838 -0.3477703 -0.7319809 0.8875907 -0.2758327 -0.3689164 0.02926754 0.4697767 0.8823 0.8761429 0.245099 0.4150905 0.9703261 -0.192698 -0.1460646 0.2814142 0.5571823 0.7812516 0.5464493 0.4810462 0.6855565 -0.5768172 0.374626 0.7259046 -0.8224285 0.43154 0.3706544 -0.9764046 -0.1123416 -0.1844282 0.710996 -0.00427258 0.7031832 9.15569e-5 -0.005554437 0.9999846 -0.7108442 -0.00427258 0.7033366 0.8694475 -0.3625139 -0.335626 0.01007127 -0.371998 -0.928179 0.2768982 -0.6236846 -0.7309891 -0.292742 -0.5708346 -0.7671049 -0.2543812 0.6060897 0.7536217 -0.8532285 0.3003711 0.4263548 0.8695886 0.2796185 0.4069759 -0.008087575 -0.3681244 -0.9297415 0.3254295 -0.5648856 -0.7582877 -0.8798148 -0.3462126 -0.3256731 0.9476776 -0.3192293 0 0.4446359 -0.8957115 0 0.4445993 -0.8957296 0 -0.4624565 0.886642 0 -0.9540337 0.2996997 0 -0.4624325 0.8866545 0 0.4659628 -0.8848043 0 -0.4230275 -0.9061169 0 -0.4229907 -0.906134 0 0.9550635 -0.2964012 0 0.4659992 -0.8847851 0 -0.4446359 -0.8957115 0 -0.4445993 -0.8957296 0 0.4410626 0.8974764 0 0.9465721 0.3224925 0 0.9465814 0.3224651 0 -0.9476776 -0.3192293 0 0.4194239 0.9077905 0 -0.4410626 0.8974764 0 -0.9465721 0.3224925 0 -0.4410381 0.8974885 0 -0.9465814 0.3224651 0 -0.947696 -0.3191744 0 0.9385613 0.3451127 0 0.9385848 0.345049 0 -0.9540451 0.2996631 0 -0.9397686 -0.3418117 0 0.9550722 -0.2963733 0 -0.9397453 -0.3418754 0 0.947696 -0.3191744 0 -0.3422998 -0.3637851 -0.8663091 0.9248597 -0.1274185 -0.3583282 -0.5585654 -0.4505574 -0.6964214 0.5202311 -0.5598756 -0.6449022 0.8878543 0.04159718 0.4582405 0.6063563 0.1990464 0.7698783 -0.5075334 0.5840754 0.6334554 -0.2862663 0.363601 0.8864796 0.3150172 0.2770211 0.9077575 0.6138046 0.3580527 0.7035924 -0.6463651 0.205699 0.7347791 -0.8983622 0.06766098 0.4340131 -0.9144095 -0.1363893 -0.3811209 0.6041312 -0.4306285 -0.6705108 0.306264 0.3572927 0.8823516 -0.3363215 0.2842863 0.8978136 -0.9022033 -0.2374989 -0.3600329 0.4410381 0.8974885 0 0.4193988 0.9078022 0</float_array>
          <technique_common>
            <accessor source="#chariota-mesh-mesh-normals-array" count="301" stride="3">
              <param name="X" type="float"/>
              <param name="Y" type="float"/>
              <param name="Z" type="float"/>
            </accessor>
          </technique_common>
        </source>
        <source id="chariota-mesh-mesh-map-0">
          <float_array id="chariota-mesh-mesh-map-0-array" count="3618">0.752588 0.710236 0.383776 0.863923 0.663709 0.999356 0.385546 0.706247 0.002645969 0.706247 0.002645969 0.865427 0.385546 0.706247 0.002645969 0.865427 0.385546 0.865427 0.724118 0.641834 0.63421 0.681905 0.724118 0.681905 0.724118 0.641834 0.63421 0.641834 0.63421 0.681905 0.544301 0.681905 0.63421 0.641834 0.544301 0.641834 0.544301 0.681905 0.63421 0.681905 0.63421 0.641834 0.454391 0.681905 0.544301 0.641834 0.454391 0.641834 0.454391 0.681905 0.544301 0.681905 0.544301 0.641834 0.544301 0.681905 0.454391 0.641834 0.544301 0.641834 0.544301 0.681905 0.454391 0.681905 0.454391 0.641834 0.63421 0.681905 0.544301 0.641834 0.63421 0.641834 0.63421 0.681905 0.544301 0.681905 0.544301 0.641834 0.724118 0.681905 0.63421 0.641834 0.724118 0.641834 0.724118 0.681905 0.63421 0.681905 0.63421 0.641834 0.814025 0.681905 0.724118 0.641834 0.814025 0.641834 0.814025 0.681905 0.724118 0.681905 0.724118 0.641834 0.903932 0.681905 0.814025 0.641834 0.903932 0.641834 0.903932 0.681905 0.814025 0.681905 0.814025 0.641834 0.993837 0.681905 0.903932 0.641834 0.993837 0.641834 0.993837 0.681905 0.903932 0.681905 0.903932 0.641834 0.903932 0.681905 0.993837 0.641834 0.903932 0.641834 0.903932 0.681905 0.993837 0.681905 0.993837 0.641834 0.814025 0.681905 0.903932 0.641834 0.814025 0.641834 0.814025 0.681905 0.903932 0.681905 0.903932 0.641834 0.814025 0.641834 0.724118 0.681905 0.814025 0.681905 0.814025 0.641834 0.724118 0.641834 0.724118 0.681905 0.277756 0.466532 0.361479 0.42788 0.361478 0.466535 0.277756 0.466532 0.277756 0.427878 0.361479 0.42788 0.277756 0.427878 0.194032 0.466533 0.194032 0.427878 0.277756 0.427878 0.277756 0.466532 0.194032 0.466533 0.194032 0.427878 0.110307 0.466535 0.110307 0.427879 0.194032 0.427878 0.194032 0.466533 0.110307 0.466535 0.112771 0.466867 0.20238 0.427104 0.202381 0.466863 0.112771 0.466867 0.11277 0.427108 0.20238 0.427104 0.202381 0.466863 0.291988 0.427103 0.291988 0.466861 0.202381 0.466863 0.20238 0.427104 0.291988 0.427103 0.291988 0.466861 0.381594 0.427105 0.381594 0.466861 0.291988 0.466861 0.291988 0.427103 0.381594 0.427105 0.381594 0.466861 0.471197 0.427108 0.471196 0.466863 0.381594 0.466861 0.381594 0.427105 0.471197 0.427108 0.110078 0.427046 0.182744 0.389778 0.182744 0.427046 0.110078 0.427046 0.110078 0.389778 0.182744 0.389778 0.182744 0.427046 0.255409 0.389777 0.255409 0.427045 0.182744 0.427046 0.182744 0.389778 0.255409 0.389777 0.255409 0.427045 0.328074 0.389778 0.328074 0.427046 0.255409 0.427045 0.255409 0.389777 0.328074 0.389778 0.328074 0.427046 0.400739 0.389778 0.400739 0.427046 0.328074 0.427046 0.328074 0.389778 0.400739 0.389778 0.473404 0.389778 0.400739 0.427046 0.400739 0.389778 0.473404 0.389778 0.473404 0.427046 0.400739 0.427046 0.399074 0.46736 0.385175 0.426896 0.449632 0.426896 0.472721 0.46736 0.399074 0.46736 0.449632 0.426896 0.358986 0.389126 0.452611 0.428074 0.350563 0.428074 0.358986 0.389126 0.475581 0.389126 0.452611 0.428074 0.358986 0.389126 0.350563 0.428074 0.232683 0.428074 0.2243019 0.389126 0.358986 0.389126 0.232683 0.428074 0.160084 0.428507 0.1765159 0.390471 0.1334 0.390471 0.1108199 0.428507 0.160084 0.428507 0.1334 0.390471 0.1105329 0.46736 0.202156 0.426896 0.132634 0.426896 0.1105329 0.46736 0.189965 0.46736 0.202156 0.426896 0.391046 0.428507 0.37435 0.38844 0.450855 0.38844 0.47353 0.428507 0.391046 0.428507 0.450855 0.38844 0.358986 0.389126 0.350563 0.428074 0.452611 0.428074 0.475581 0.389126 0.358986 0.389126 0.452611 0.428074 0.295578 0.46736 0.294592 0.426896 0.385175 0.426896 0.399074 0.46736 0.295578 0.46736 0.385175 0.426896 0.244637 0.428507 0.25052 0.38844 0.289502 0.38844 0.295745 0.428507 0.244637 0.428507 0.289502 0.38844 0.295745 0.428507 0.37435 0.38844 0.289502 0.38844 0.295745 0.428507 0.391046 0.428507 0.37435 0.38844 0.244637 0.428507 0.289502 0.38844 0.25052 0.38844 0.244637 0.428507 0.295745 0.428507 0.289502 0.38844 0.295578 0.46736 0.294592 0.426896 0.202156 0.426896 0.189965 0.46736 0.295578 0.46736 0.202156 0.426896 0.295578 0.46736 0.202156 0.426896 0.294592 0.426896 0.295578 0.46736 0.189965 0.46736 0.202156 0.426896 0.391046 0.428507 0.289502 0.38844 0.37435 0.38844 0.391046 0.428507 0.295745 0.428507 0.289502 0.38844 0.160084 0.428507 0.25052 0.38844 0.1765159 0.38844 0.160084 0.428507 0.244637 0.428507 0.25052 0.38844 0.399074 0.46736 0.449632 0.426896 0.385175 0.426896 0.399074 0.46736 0.472721 0.46736 0.449632 0.426896 0.358986 0.389126 0.232683 0.428074 0.350563 0.428074 0.358986 0.389126 0.2243019 0.389126 0.232683 0.428074 0.1105329 0.46736 0.132634 0.426896 0.202156 0.426896 0.189965 0.46736 0.1105329 0.46736 0.202156 0.426896 0.107617 0.389126 0.232683 0.428074 0.130557 0.428074 0.107617 0.389126 0.2243019 0.389126 0.232683 0.428074 0.160084 0.428507 0.1334 0.390471 0.1765159 0.390471 0.160084 0.428507 0.1108199 0.428507 0.1334 0.390471 0.160084 0.428507 0.1765159 0.38844 0.25052 0.38844 0.244637 0.428507 0.160084 0.428507 0.25052 0.38844 0.107617 0.389126 0.130557 0.428074 0.232683 0.428074 0.2243019 0.389126 0.107617 0.389126 0.232683 0.428074 0.295578 0.46736 0.385175 0.426896 0.294592 0.426896 0.295578 0.46736 0.399074 0.46736 0.385175 0.426896 0.391046 0.428507 0.450855 0.38844 0.37435 0.38844 0.391046 0.428507 0.47353 0.428507 0.450855 0.38844 0.104183 0.02458298 0.07630497 0.4953 0.104183 0.4953 0.104183 0.02458298 0.07630497 0.02458298 0.07630497 0.4953 0.07630497 0.02458298 0.04842686 0.4953 0.07630497 0.4953 0.07630497 0.02458298 0.04842686 0.02458298 0.04842686 0.4953 0.02034986 0.02458298 0.02034986 0.4953 0.04842686 0.4953 0.04842686 0.02458298 0.02034986 0.02458298 0.04842686 0.4953 0.07618898 0.02458298 0.104183 0.4953 0.07618898 0.4953 0.07618898 0.02458298 0.104183 0.02458298 0.104183 0.4953 0.07618898 0.4953 0.104183 0.02458298 0.07618898 0.02458298 0.07618898 0.4953 0.104183 0.4953 0.104183 0.02458298 0.02034986 0.4953 0.02034986 0.02458298 0.04842686 0.02458298 0.04842686 0.4953 0.02034986 0.4953 0.04842686 0.02458298 0.07630497 0.4953 0.04842686 0.02458298 0.07630497 0.02458298 0.07630497 0.4953 0.04842686 0.4953 0.04842686 0.02458298 0.104183 0.4953 0.07630497 0.02458298 0.104183 0.02458298 0.104183 0.4953 0.07630497 0.4953 0.07630497 0.02458298 0.02034986 0.4953 0.04822784 0.02458298 0.02034986 0.02458298 0.02034986 0.4953 0.04822784 0.4953 0.04822784 0.02458298 0.04822784 0.4953 0.07610595 0.02458298 0.04822784 0.02458298 0.04822784 0.4953 0.07610595 0.4953 0.07610595 0.02458298 0.104183 0.4953 0.104183 0.02458298 0.07610595 0.02458298 0.07610595 0.4953 0.104183 0.4953 0.07610595 0.02458298 0.04834383 0.4953 0.02034986 0.02458298 0.04834383 0.02458298 0.04834383 0.4953 0.02034986 0.4953 0.02034986 0.02458298 0.04834383 0.02458298 0.02034986 0.4953 0.04834383 0.4953 0.04834383 0.02458298 0.02034986 0.02458298 0.02034986 0.4953 0.104183 0.02458298 0.104183 0.4953 0.07610595 0.4953 0.07610595 0.02458298 0.104183 0.02458298 0.07610595 0.4953 0.04822784 0.02458298 0.07610595 0.4953 0.04822784 0.4953 0.04822784 0.02458298 0.07610595 0.02458298 0.07610595 0.4953 0.02034986 0.02458298 0.04822784 0.4953 0.02034986 0.4953 0.02034986 0.02458298 0.04822784 0.02458298 0.04822784 0.4953 0.02034986 0.02458298 0.04822784 0.4953 0.04822784 0.02458298 0.02034986 0.02458298 0.02034986 0.4953 0.04822784 0.4953 0.04822784 0.02458298 0.07610595 0.4953 0.07610595 0.02458298 0.04822784 0.02458298 0.04822784 0.4953 0.07610595 0.4953 0.07610595 0.4953 0.104183 0.4953 0.104183 0.02458298 0.07610595 0.02458298 0.07610595 0.4953 0.104183 0.02458298 0.04834383 0.02458298 0.02034986 0.4953 0.02034986 0.02458298 0.04834383 0.02458298 0.04834383 0.4953 0.02034986 0.4953 0.04834383 0.4953 0.02034986 0.02458298 0.02034986 0.4953 0.04834383 0.4953 0.04834383 0.02458298 0.02034986 0.02458298 0.07610595 0.02458298 0.104183 0.02458298 0.104183 0.4953 0.07610595 0.4953 0.07610595 0.02458298 0.104183 0.4953 0.04822784 0.4953 0.07610595 0.02458298 0.07610595 0.4953 0.04822784 0.4953 0.04822784 0.02458298 0.07610595 0.02458298 0.02034986 0.4953 0.04822784 0.02458298 0.04822784 0.4953 0.02034986 0.4953 0.02034986 0.02458298 0.04822784 0.02458298 0.104183 0.4953 0.07630497 0.02458298 0.07630497 0.4953 0.104183 0.4953 0.104183 0.02458298 0.07630497 0.02458298 0.07630497 0.4953 0.04842686 0.02458298 0.04842686 0.4953 0.07630497 0.4953 0.07630497 0.02458298 0.04842686 0.02458298 0.04842686 0.02458298 0.02034986 0.02458298 0.02034986 0.4953 0.04842686 0.4953 0.04842686 0.02458298 0.02034986 0.4953 0.07618898 0.4953 0.104183 0.02458298 0.104183 0.4953 0.07618898 0.4953 0.07618898 0.02458298 0.104183 0.02458298 0.07618898 0.02458298 0.104183 0.4953 0.104183 0.02458298 0.07618898 0.02458298 0.07618898 0.4953 0.104183 0.4953 0.04842686 0.4953 0.02034986 0.4953 0.02034986 0.02458298 0.04842686 0.02458298 0.04842686 0.4953 0.02034986 0.02458298 0.07630497 0.02458298 0.04842686 0.4953 0.04842686 0.02458298 0.07630497 0.02458298 0.07630497 0.4953 0.04842686 0.4953 0.104183 0.02458298 0.07630497 0.4953 0.07630497 0.02458298 0.104183 0.02458298 0.104183 0.4953 0.07630497 0.4953 0.391046 0.428507 0.450855 0.38844 0.47353 0.428507 0.391046 0.428507 0.37435 0.38844 0.450855 0.38844 0.295578 0.46736 0.385175 0.426896 0.399074 0.46736 0.295578 0.46736 0.294592 0.426896 0.385175 0.426896 0.232683 0.428074 0.130557 0.428074 0.107617 0.389126 0.2243019 0.389126 0.232683 0.428074 0.107617 0.389126 0.25052 0.38844 0.1765159 0.38844 0.160084 0.428507 0.244637 0.428507 0.25052 0.38844 0.160084 0.428507 0.160084 0.428507 0.1334 0.390471 0.1108199 0.428507 0.160084 0.428507 0.1765159 0.390471 0.1334 0.390471 0.107617 0.389126 0.232683 0.428074 0.2243019 0.389126 0.107617 0.389126 0.130557 0.428074 0.232683 0.428074 0.202156 0.426896 0.132634 0.426896 0.1105329 0.46736 0.189965 0.46736 0.202156 0.426896 0.1105329 0.46736 0.358986 0.389126 0.232683 0.428074 0.2243019 0.389126 0.358986 0.389126 0.350563 0.428074 0.232683 0.428074 0.399074 0.46736 0.449632 0.426896 0.472721 0.46736 0.399074 0.46736 0.385175 0.426896 0.449632 0.426896 0.160084 0.428507 0.25052 0.38844 0.244637 0.428507 0.160084 0.428507 0.1765159 0.38844 0.25052 0.38844 0.391046 0.428507 0.289502 0.38844 0.295745 0.428507 0.391046 0.428507 0.37435 0.38844 0.289502 0.38844 0.295578 0.46736 0.202156 0.426896 0.189965 0.46736 0.295578 0.46736 0.294592 0.426896 0.202156 0.426896 0.202156 0.426896 0.294592 0.426896 0.295578 0.46736 0.189965 0.46736 0.202156 0.426896 0.295578 0.46736 0.244637 0.428507 0.289502 0.38844 0.295745 0.428507 0.244637 0.428507 0.25052 0.38844 0.289502 0.38844 0.295745 0.428507 0.37435 0.38844 0.391046 0.428507 0.295745 0.428507 0.289502 0.38844 0.37435 0.38844 0.289502 0.38844 0.25052 0.38844 0.244637 0.428507 0.295745 0.428507 0.289502 0.38844 0.244637 0.428507 0.385175 0.426896 0.294592 0.426896 0.295578 0.46736 0.399074 0.46736 0.385175 0.426896 0.295578 0.46736 0.452611 0.428074 0.350563 0.428074 0.358986 0.389126 0.475581 0.389126 0.452611 0.428074 0.358986 0.389126 0.450855 0.38844 0.37435 0.38844 0.391046 0.428507 0.47353 0.428507 0.450855 0.38844 0.391046 0.428507 0.1105329 0.46736 0.202156 0.426896 0.189965 0.46736 0.1105329 0.46736 0.132634 0.426896 0.202156 0.426896 0.1334 0.390471 0.1765159 0.390471 0.160084 0.428507 0.1108199 0.428507 0.1334 0.390471 0.160084 0.428507 0.232683 0.428074 0.350563 0.428074 0.358986 0.389126 0.2243019 0.389126 0.232683 0.428074 0.358986 0.389126 0.358986 0.389126 0.452611 0.428074 0.475581 0.389126 0.358986 0.389126 0.350563 0.428074 0.452611 0.428074 0.449632 0.426896 0.385175 0.426896 0.399074 0.46736 0.472721 0.46736 0.449632 0.426896 0.399074 0.46736 0.473404 0.389778 0.400739 0.427046 0.473404 0.427046 0.473404 0.389778 0.400739 0.389778 0.400739 0.427046 0.328074 0.427046 0.400739 0.389778 0.328074 0.389778 0.328074 0.427046 0.400739 0.427046 0.400739 0.389778 0.255409 0.427045 0.328074 0.389778 0.255409 0.389777 0.255409 0.427045 0.328074 0.427046 0.328074 0.389778 0.182744 0.427046 0.255409 0.389777 0.182744 0.389778 0.182744 0.427046 0.255409 0.427045 0.255409 0.389777 0.110078 0.427046 0.182744 0.389778 0.110078 0.389778 0.110078 0.427046 0.182744 0.427046 0.182744 0.389778 0.381594 0.466861 0.471197 0.427108 0.381594 0.427105 0.381594 0.466861 0.471196 0.466863 0.471197 0.427108 0.291988 0.466861 0.381594 0.427105 0.291988 0.427103 0.291988 0.466861 0.381594 0.466861 0.381594 0.427105 0.202381 0.466863 0.291988 0.427103 0.20238 0.427104 0.202381 0.466863 0.291988 0.466861 0.291988 0.427103 0.112771 0.466867 0.20238 0.427104 0.11277 0.427108 0.112771 0.466867 0.202381 0.466863 0.20238 0.427104 0.194032 0.427878 0.110307 0.466535 0.194032 0.466533 0.194032 0.427878 0.110307 0.427879 0.110307 0.466535 0.277756 0.427878 0.194032 0.466533 0.277756 0.466532 0.277756 0.427878 0.194032 0.427878 0.194032 0.466533 0.277756 0.466532 0.361479 0.42788 0.277756 0.427878 0.277756 0.466532 0.361478 0.466535 0.361479 0.42788 0.814025 0.641834 0.724118 0.681905 0.724118 0.641834 0.814025 0.641834 0.814025 0.681905 0.724118 0.681905 0.814025 0.681905 0.903932 0.641834 0.903932 0.681905 0.814025 0.681905 0.814025 0.641834 0.903932 0.641834 0.903932 0.681905 0.993837 0.641834 0.993837 0.681905 0.903932 0.681905 0.903932 0.641834 0.993837 0.641834 0.993837 0.681905 0.903932 0.641834 0.903932 0.681905 0.993837 0.681905 0.993837 0.641834 0.903932 0.641834 0.903932 0.681905 0.814025 0.641834 0.814025 0.681905 0.903932 0.681905 0.903932 0.641834 0.814025 0.641834 0.814025 0.681905 0.724118 0.641834 0.724118 0.681905 0.814025 0.681905 0.814025 0.641834 0.724118 0.641834 0.724118 0.681905 0.63421 0.641834 0.63421 0.681905 0.724118 0.681905 0.724118 0.641834 0.63421 0.641834 0.63421 0.681905 0.544301 0.641834 0.544301 0.681905 0.63421 0.681905 0.63421 0.641834 0.544301 0.641834 0.544301 0.681905 0.454391 0.641834 0.454391 0.681905 0.544301 0.681905 0.544301 0.641834 0.454391 0.641834 0.454391 0.681905 0.544301 0.641834 0.544301 0.681905 0.454391 0.681905 0.454391 0.641834 0.544301 0.641834 0.544301 0.681905 0.63421 0.641834 0.63421 0.681905 0.544301 0.681905 0.544301 0.641834 0.63421 0.641834 0.724118 0.641834 0.63421 0.681905 0.63421 0.641834 0.724118 0.641834 0.724118 0.681905 0.63421 0.681905 0.731906 0.974944 0.754012 0.922941 0.754668 0.974944 0.731906 0.974944 0.731251 0.922941 0.754012 0.922941 0.4014 0.5083 0.4914 0.5914 0.4014 0.5453 0.4014 0.5083 0.4305 0.5083 0.4914 0.5914 0.732694 0.694259 0.378987 0.711387 0.732694 0.711387 0.732694 0.694259 0.378987 0.694259 0.378987 0.711387 0.351009 0.693936 0.383691 0.710742 0.383691 0.693936 0.351009 0.693936 0.351009 0.710742 0.383691 0.710742 0.378987 0.694259 0.732694 0.711387 0.378987 0.711387 0.378987 0.694259 0.732694 0.694259 0.732694 0.711387 0.732659 0.690457 0.753069 0.766353 0.753069 0.690457 0.732659 0.690457 0.732659 0.766353 0.753069 0.766353 0.753069 0.690457 0.732659 0.766353 0.753069 0.766353 0.753069 0.690457 0.732659 0.690457 0.732659 0.766353 0.996434 0.256092 0.518384 0.279652 0.518384 0.256094 0.996434 0.256092 0.996434 0.27965 0.518384 0.279652 0.996434 0.208872 0.518384 0.232536 0.518383 0.208874 0.996434 0.208872 0.996434 0.232533 0.518384 0.232536 0.996434 0.232533 0.518384 0.256094 0.518384 0.232536 0.996434 0.232533 0.996434 0.256092 0.518384 0.256094 0.4014 0.1256 0.4305 0.5083 0.4014 0.5083 0.4014 0.1256 0.4305 0.1256 0.4305 0.5083 9.27e-4 0.693936 0.03176498 0.710742 0.03176498 0.693936 9.27e-4 0.693936 9.27e-4 0.710742 0.03176498 0.710742 0.03176498 0.693936 0.351009 0.710742 0.351009 0.693936 0.03176498 0.693936 0.03176498 0.710742 0.351009 0.710742 0.752503 0.93589 0.733022 0.935883 0.733678 0.974944 0.753158 0.974944 0.752503 0.93589 0.733678 0.974944 0.4014 0.08649998 0.4305 0.1256 0.4014 0.1256 0.4014 0.08649998 0.4305 0.08649998 0.4305 0.1256 0.4914 0.5914 0.4305 0.5083 0.4305 0.5453 0.4914 0.5914 0.4305 0.5083 0.4305 0.5083 0.418918 0.710236 0.383575 0.710236 0.383575 0.872771 0.03176498 0.710742 9.27e-4 0.872771 0.03176498 0.872771 0.03176498 0.710742 9.27e-4 0.710742 9.27e-4 0.872771 0.732694 0.711387 0.732694 0.999356 0.665796 0.999356 0.378987 0.711387 0.732694 0.711387 0.665796 0.999356 0.378987 0.711387 0.405387 0.872771 0.378987 0.872771 0.378987 0.711387 0.665796 0.999356 0.405387 0.872771 0.378987 0.711387 0.378987 0.872771 0.405387 0.872771 0.732694 0.711387 0.378987 0.711387 0.405387 0.872771 0.732694 0.711387 0.665796 0.999356 0.732694 0.999356 0.732694 0.711387 0.405387 0.872771 0.665796 0.999356 0.383691 0.710742 0.351009 0.872771 0.383691 0.872771 0.383691 0.710742 0.351009 0.710742 0.351009 0.872771 0.418918 0.710236 0.752588 0.710236 0.383575 0.710236 0.4305 0.1256 0.4305 0.08649998 0.4305 0.1256 0.4305 0.1256 0.4305 0.08649998 0.4305 0.08649998 0.753069 0.766353 0.732659 0.997472 0.753069 0.997472 0.753069 0.766353 0.732659 0.766353 0.732659 0.997472 0.753069 0.766353 0.732659 0.997569 0.753069 0.997569 0.753069 0.766353 0.732659 0.766353 0.732659 0.997569 0.731251 0.740788 0.754012 0.922941 0.731251 0.922941 0.731251 0.740788 0.754012 0.740788 0.754012 0.922941 0.752504 0.741107 0.733022 0.935883 0.752503 0.93589 0.752504 0.741107 0.733024 0.741107 0.733022 0.935883 0.731251 0.712722 0.754012 0.740788 0.731251 0.740788 0.731251 0.712722 0.754012 0.712722 0.754012 0.740788 0.752504 0.711945 0.733024 0.741107 0.752504 0.741107 0.752504 0.711945 0.733024 0.711945 0.733024 0.741107 0.752802 0.808014 0.731123 0.934713 0.731123 0.808014 0.752802 0.808014 0.752802 0.934713 0.731123 0.934713 0.351009 0.710742 0.03176498 0.872771 0.351009 0.872771 0.351009 0.710742 0.03176498 0.710742 0.03176498 0.872771 0.9954 0.5084 0.9265 0.5084 0.9954 0.5084 0.9954 0.5084 0.9265 0.5084 0.9265 0.5084 0.383776 0.710236 0.383776 0.863923 0.752588 0.710236 0.663709 0.999356 0.752588 0.999356 0.752588 0.710236 0.9267 0.126 0.9957 0.1261 0.9267 0.126 0.9267 0.126 0.9957 0.1261 0.9957 0.1261 0.732659 0.712739 0.753069 0.974944 0.732659 0.974944 0.732659 0.712739 0.753069 0.712739 0.753069 0.974944 0.753069 0.766353 0.999089 0.690457 0.753069 0.690457 0.753069 0.766353 0.999089 0.766353 0.999089 0.690457 0.999089 0.766353 0.753069 0.690457 0.999089 0.690457 0.999089 0.766353 0.753069 0.766353 0.753069 0.690457 0.753069 0.766353 0.999089 0.997472 0.753069 0.997472 0.753069 0.766353 0.999089 0.766353 0.999089 0.997472 0.999089 0.766353 0.753069 0.997472 0.999089 0.997472 0.999089 0.766353 0.753069 0.766353 0.753069 0.997472 0.698032 0.709717 0.984562 0.773356 0.698032 0.773356 0.698032 0.709717 0.984562 0.709717 0.984562 0.773356 0.984562 0.709717 0.698032 0.773356 0.984562 0.773356 0.984562 0.709717 0.698032 0.709717 0.698032 0.773356 0.698032 0.773356 0.984562 0.999356 0.698032 0.999356 0.698032 0.773356 0.984562 0.773356 0.984562 0.999356 0.984562 0.773356 0.698032 0.999356 0.984562 0.999356 0.984562 0.773356 0.698032 0.773356 0.698032 0.999356 0.771783 0.780151 0.733467 0.747616 0.771783 0.747616 0.771783 0.780151 0.733466 0.780151 0.733467 0.747616 0.771783 0.812685 0.733466 0.84522 0.733466 0.812685 0.771783 0.812685 0.771783 0.84522 0.733466 0.84522 0.771783 0.84522 0.733466 0.877755 0.733466 0.84522 0.771783 0.84522 0.771783 0.877755 0.733466 0.877755 0.771783 0.877755 0.733466 0.91029 0.733466 0.877755 0.771783 0.877755 0.771783 0.91029 0.733466 0.91029 0.771783 0.942825 0.733466 0.91029 0.771783 0.91029 0.771783 0.942825 0.733466 0.942825 0.733466 0.91029 0.771783 0.780151 0.733466 0.812685 0.733466 0.780151 0.771783 0.780151 0.771783 0.812685 0.733466 0.812685 0.771783 0.715082 0.733467 0.747616 0.733467 0.715082 0.771783 0.715082 0.771783 0.747616 0.733467 0.747616 0.771784 0.97536 0.733466 0.942825 0.771783 0.942825 0.771784 0.97536 0.733466 0.97536 0.733466 0.942825 0.771783 0.715082 0.733467 0.747616 0.771783 0.747616 0.771783 0.715082 0.733467 0.715082 0.733467 0.747616 0.771783 0.780151 0.733467 0.747616 0.733466 0.780151 0.771783 0.780151 0.771783 0.747616 0.733467 0.747616 0.771783 0.780151 0.733466 0.812685 0.771783 0.812685 0.771783 0.780151 0.733466 0.780151 0.733466 0.812685 0.771783 0.812685 0.733466 0.84522 0.771783 0.84522 0.771783 0.812685 0.733466 0.812685 0.733466 0.84522 0.771783 0.84522 0.733466 0.877755 0.771783 0.877755 0.771783 0.84522 0.733466 0.84522 0.733466 0.877755 0.771783 0.877755 0.733466 0.91029 0.771783 0.91029 0.771783 0.877755 0.733466 0.877755 0.733466 0.91029 0.771783 0.942825 0.733466 0.91029 0.733466 0.942825 0.771783 0.942825 0.771783 0.91029 0.733466 0.91029 0.771784 0.97536 0.733466 0.942825 0.733466 0.97536 0.771784 0.97536 0.771783 0.942825 0.733466 0.942825 0.228126 0.320172 0.21316 0.356304 0.177028 0.320172 0.177028 0.37127 0.177028 0.320172 0.21316 0.356304 0.177028 0.37127 0.140897 0.356304 0.177028 0.320172 0.12593 0.320172 0.177028 0.320172 0.140897 0.356304 0.140897 0.284041 0.177028 0.320172 0.12593 0.320172 0.177028 0.269074 0.177028 0.320172 0.140897 0.284041 0.21316 0.284041 0.177028 0.320172 0.177028 0.269074 0.21316 0.284041 0.228126 0.320172 0.177028 0.320172 0.21316 0.284041 0.177028 0.320172 0.228126 0.320172 0.21316 0.284041 0.177028 0.269074 0.177028 0.320172 0.177028 0.269074 0.140897 0.284041 0.177028 0.320172 0.140897 0.284041 0.12593 0.320172 0.177028 0.320172 0.12593 0.320172 0.140897 0.356304 0.177028 0.320172 0.177028 0.37127 0.177028 0.320172 0.140897 0.356304 0.177028 0.37127 0.21316 0.356304 0.177028 0.320172 0.228126 0.320172 0.177028 0.320172 0.21316 0.356304 0.95 0.1258 0.9016 0.3409 0.95 0.3409 0.383776 0.710236 0.752588 0.999356 0.383776 0.863923 0.752588 0.999356 0.663709 0.999356 0.383776 0.863923 0.752588 0.710236 0.752588 0.999356 0.383776 0.710236 0.609706 0.064103 0.939517 0.560584 0.609706 0.560584 0.609706 0.064103 0.939518 0.064103 0.939517 0.560584 0.444907 0.951408 0.442389 0.987496 0.435396 0.968803 0.444907 0.951408 0.522304 0.965629 0.442389 0.987496 0.02699697 0.970608 0.05843091 0.963056 0.05334997 0.972386 0.02699697 0.970608 0.02759283 0.962927 0.05843091 0.963056 0.02699697 0.955236 0.05355685 0.953668 0.05843091 0.963056 0.02759283 0.962927 0.02699697 0.955236 0.05843091 0.963056 0.05843091 0.963056 0.08103168 0.9641167 0.08033221 0.9655635 0.05843091 0.963056 0.07652145 0.972561 0.05334997 0.972386 0.05843091 0.963056 0.08125793 0.9611268 0.08137744 0.9626978 0.05843091 0.963056 0.07760244 0.9540858 0.08125793 0.9611268 0.05355685 0.953668 0.07231295 0.9437318 0.07652193 0.950046 0.145969 0.947578 0.09948694 0.946424 0.145417 0.93918 0.146036 0.973086 0.442389 0.987496 0.140805 0.979541 0.146036 0.973086 0.435396 0.968803 0.442389 0.987496 0.138732 0.98672 0.09707742 0.9759635 0.140805 0.979541 0.138732 0.98672 0.09328693 0.983659 0.09604096 0.979553 0.149739 0.955339 0.145969 0.947578 0.522304 0.965629 0.444907 0.951408 0.149739 0.955339 0.522304 0.965629 0.141034 0.994657 0.138732 0.98672 0.442389 0.987496 0.522304 0.965629 0.141034 0.994657 0.442389 0.987496 0.1502169 0.961623 0.444907 0.951408 0.435396 0.968803 0.148834 0.967299 0.1502169 0.961623 0.435396 0.968803 0.5045217 0.5007104 0.5428058 0.5407428 0.5428058 0.5007104 0.5045217 0.5007104 0.5045217 0.5407428 0.5428058 0.5407428 0.5045217 0.5007104 0.4646579 0.5407428 0.5045217 0.5407428 0.5045217 0.5007104 0.4646579 0.5007104 0.4646579 0.5407428 0.4646579 0.5007104 0.02559208 0.5096153 0.02559208 0.5007104 0.4646579 0.5007104 0.4646579 0.5096153 0.02559208 0.5096153 0.4646579 0.5096153 0.02559208 0.5317641 0.02559208 0.5096153 0.4646579 0.5096153 0.4646579 0.5317641 0.02559208 0.5317641 0.4646579 0.5407428 0.02559208 0.5317641 0.02559208 0.5407428 0.4646579 0.5407428 0.4646579 0.5317641 0.02559208 0.5317641 0.113905 0.968803 0.104394 0.951408 0.399084 0.961623 0.400467 0.967299 0.113905 0.968803 0.399084 0.961623 0.106912 0.987496 0.410569 0.98672 0.408267 0.994657 0.02699697 0.965629 0.106912 0.987496 0.408267 0.994657 0.02699697 0.965629 0.403331 0.947578 0.399562 0.955339 0.104394 0.951408 0.02699697 0.965629 0.399562 0.955339 0.410569 0.98672 0.45326 0.979553 0.456014 0.983659 0.410569 0.98672 0.4522235 0.9759635 0.45326 0.979553 0.403265 0.973086 0.106912 0.987496 0.113905 0.968803 0.403265 0.973086 0.408496 0.979541 0.106912 0.987496 0.403883 0.93918 0.452619 0.9422145 0.4498135 0.946424 0.403331 0.947578 0.4498135 0.946424 0.4495375 0.950623 0.49087 0.963056 0.4716985 0.9540858 0.495744 0.953668 0.49087 0.963056 0.4679235 0.9626978 0.468043 0.9611268 0.400467 0.967299 0.4470675 0.968071 0.403265 0.973086 0.4727795 0.972561 0.49087 0.963056 0.495951 0.972386 0.49087 0.963056 0.495744 0.953668 0.522304 0.955236 0.521707 0.962927 0.49087 0.963056 0.522304 0.955236 0.522304 0.970608 0.49087 0.963056 0.521707 0.962927 0.522304 0.970608 0.495951 0.972386 0.49087 0.963056 0.104394 0.951408 0.106912 0.987496 0.02699697 0.965629 0.104394 0.951408 0.113905 0.968803 0.106912 0.987496 0.495744 0.953668 0.4716985 0.9540858 0.4726408 0.9521455 0.501459 0.980598 0.478161 0.9841127 0.4787365 0.9821285 0.49087 0.963056 0.4682692 0.9641167 0.4679235 0.9626978 0.522304 0.970608 0.501459 0.980598 0.495951 0.972386 0.495744 0.953668 0.501355 0.945249 0.522304 0.955236 0.400467 0.967299 0.403265 0.973086 0.113905 0.968803 0.399562 0.955339 0.399084 0.961623 0.104394 0.951408 0.403883 0.93918 0.403331 0.947578 0.02699697 0.965629 0.408496 0.979541 0.449608 0.972736 0.4522235 0.9759635 0.408496 0.979541 0.410569 0.98672 0.106912 0.987496 0.140805 0.979541 0.442389 0.987496 0.138732 0.98672 0.140805 0.979541 0.09969294 0.972736 0.146036 0.973086 0.145417 0.93918 0.522304 0.965629 0.145969 0.947578 0.149739 0.955339 0.444907 0.951408 0.1502169 0.961623 0.148834 0.967299 0.435396 0.968803 0.146036 0.973086 0.05355685 0.953668 0.02699697 0.955236 0.04794496 0.945249 0.02699697 0.970608 0.05334997 0.972386 0.04784184 0.980598 0.05843091 0.963056 0.08137744 0.9626978 0.08103168 0.9641167 0.04784184 0.980598 0.07056444 0.9821285 0.07113993 0.9841127 0.05355685 0.953668 0.07665997 0.9521456 0.07760244 0.9540858 0 0 0 0 0 0 0 0 0 0 0 0 0 0 0 0 0 0 0 0 0 0 0 0 0 0 0 0 0 0 0 0 0 0 0 0 0 0 0 0 0 0 0 0 0 0 0 0 0 0 0 0 0 0 0 0 0 0 0 0 0 0 0 0 0 0 0 0 0 0 0 0 0 0 0 0 0 0 0 0 0 0 0 0 0 0 0 0 0 0 0 0 0 0 0 0 0.09948694 0.946424 0.09668093 0.9422145 0.145417 0.93918 0.09604096 0.979553 0.07521373 0.9741747 0.09707742 0.9759635 0.09707742 0.9759635 0.07652145 0.972561 0.09969294 0.972736 0.456014 0.983659 0.4746055 0.9759695 0.4787365 0.9821285 0.452619 0.9422145 0.4727787 0.950046 0.4498135 0.946424 0.447653 0.9545035 0.445216 0.9591975 0.399562 0.955339 0.4470675 0.968071 0.4682692 0.9641167 0.4689688 0.9655635 0.09328693 0.983659 0.141034 0.994657 0.09443795 0.9876275 0.447653 0.9545035 0.403331 0.947578 0.4495375 0.950623 0.4456685 0.9651775 0.399084 0.961623 0.444977 0.9623395 0.09969294 0.972736 0.1022335 0.968071 0.146036 0.973086 0.104085 0.9591975 0.101648 0.9545035 0.149739 0.955339 0.4522235 0.9759635 0.4727795 0.972561 0.4740872 0.9741747 0.09328693 0.983659 0.07469546 0.9759695 0.09604096 0.979553 0.09948694 0.946424 0.07665997 0.9521456 0.07652193 0.950046 0.1036325 0.9651775 0.1502169 0.961623 0.148834 0.967299 0.45326 0.979553 0.4740872 0.9741747 0.4746055 0.9759695 0.4498135 0.946424 0.4726408 0.9521455 0.4495375 0.950623 0.444977 0.9623395 0.399562 0.955339 0.445216 0.9591975 0.4470675 0.968071 0.449608 0.972736 0.403265 0.973086 0.101648 0.9545035 0.145969 0.947578 0.149739 0.955339 0.456014 0.983659 0.408267 0.994657 0.410569 0.98672 0.1022335 0.968071 0.148834 0.967299 0.146036 0.973086 0.1043239 0.9623395 0.149739 0.955339 0.1502169 0.961623 0.07652193 0.950046 0.09668093 0.9422145 0.09948694 0.946424 0.07652145 0.972561 0.07521373 0.9741747 0.05334997 0.972386 0.476987 0.9437318 0.495744 0.953668 0.4727787 0.950046 0.4689688 0.9655635 0.4682692 0.9641167 0.49087 0.963056 0.4740872 0.9741747 0.4727795 0.972561 0.495951 0.972386 0.07652193 0.950046 0.07665997 0.9521456 0.05355685 0.953668 0.4746055 0.9759695 0.4740872 0.9741747 0.495951 0.972386 0.07056444 0.9821285 0.09443795 0.9876275 0.07113993 0.9841127 0.468043 0.9611268 0.447653 0.9545035 0.4716985 0.9540858 0.4716985 0.9540858 0.4495375 0.950623 0.4726408 0.9521455 0.4682692 0.9641167 0.444977 0.9623395 0.4679235 0.9626978 0.08033221 0.9655635 0.09969294 0.972736 0.07652145 0.972561 0.08125793 0.9611268 0.101648 0.9545035 0.104085 0.9591975 0.07521373 0.9741747 0.07469546 0.9759695 0.05334997 0.972386 0.4787365 0.9821285 0.495951 0.972386 0.501459 0.980598 0.08103168 0.9641167 0.1043239 0.9623395 0.1036325 0.9651775 0.07056444 0.9821285 0.05334997 0.972386 0.07469546 0.9759695 0.4679235 0.9626978 0.445216 0.9591975 0.468043 0.9611268 0.4689688 0.9655635 0.449608 0.972736 0.4470675 0.968071 0.07760244 0.9540858 0.09976297 0.950623 0.101648 0.9545035 0.4726408 0.9521455 0.4727787 0.950046 0.495744 0.953668 0.4787365 0.9821285 0.454863 0.9876275 0.456014 0.983659 0.08103168 0.9641167 0.1022335 0.968071 0.08033221 0.9655635 0.08137744 0.9626978 0.104085 0.9591975 0.1043239 0.9623395 0.05843091 0.963056 0.08033221 0.9655635 0.07652145 0.972561 0.05843091 0.963056 0.05355685 0.953668 0.07760244 0.9540858 0.05355685 0.953668 0.04794496 0.945249 0.07231295 0.9437318 0.145969 0.947578 0.09976297 0.950623 0.09948694 0.946424 0.138732 0.98672 0.09604096 0.979553 0.09707742 0.9759635 0.410569 0.98672 0.408496 0.979541 0.4522235 0.9759635 0.403331 0.947578 0.403883 0.93918 0.4498135 0.946424 0.49087 0.963056 0.468043 0.9611268 0.4716985 0.9540858 0.400467 0.967299 0.4456685 0.9651775 0.4470675 0.968071 0.4727795 0.972561 0.4689688 0.9655635 0.49087 0.963056 0.408496 0.979541 0.403265 0.973086 0.449608 0.972736 0.140805 0.979541 0.09707742 0.9759635 0.09969294 0.972736 0 0 0 0 0 0 0 0 0 0 0 0 0 0 0 0 0 0 0 0 0 0 0 0 0 0 0 0 0 0 0 0 0 0 0 0 0 0 0 0 0 0 0 0 0 0 0 0 0 0 0 0 0 0 0 0 0 0 0 0 0 0 0 0 0 0 0 0 0 0 0 0 0 0 0 0 0 0 0 0 0 0 0 0 0 0 0 0 0 0 0 0 0 0 0 0 0.09604096 0.979553 0.07469546 0.9759695 0.07521373 0.9741747 0.09707742 0.9759635 0.07521373 0.9741747 0.07652145 0.972561 0.456014 0.983659 0.45326 0.979553 0.4746055 0.9759695 0.452619 0.9422145 0.476987 0.9437318 0.4727787 0.950046 0.4470675 0.968071 0.4456685 0.9651775 0.4682692 0.9641167 0.09328693 0.983659 0.138732 0.98672 0.141034 0.994657 0.447653 0.9545035 0.399562 0.955339 0.403331 0.947578 0.4456685 0.9651775 0.400467 0.967299 0.399084 0.961623 0.4522235 0.9759635 0.449608 0.972736 0.4727795 0.972561 0.09328693 0.983659 0.07056444 0.9821285 0.07469546 0.9759695 0.09948694 0.946424 0.09976297 0.950623 0.07665997 0.9521456 0.1036325 0.9651775 0.1043239 0.9623395 0.1502169 0.961623 0.45326 0.979553 0.4522235 0.9759635 0.4740872 0.9741747 0.4498135 0.946424 0.4727787 0.950046 0.4726408 0.9521455 0.444977 0.9623395 0.399084 0.961623 0.399562 0.955339 0.101648 0.9545035 0.09976297 0.950623 0.145969 0.947578 0.456014 0.983659 0.454863 0.9876275 0.408267 0.994657 0.1022335 0.968071 0.1036325 0.9651775 0.148834 0.967299 0.1043239 0.9623395 0.104085 0.9591975 0.149739 0.955339 0.07652193 0.950046 0.07231295 0.9437318 0.09668093 0.9422145 0.476987 0.9437318 0.501355 0.945249 0.495744 0.953668 0.07056444 0.9821285 0.09328693 0.983659 0.09443795 0.9876275 0.468043 0.9611268 0.445216 0.9591975 0.447653 0.9545035 0.4716985 0.9540858 0.447653 0.9545035 0.4495375 0.950623 0.4682692 0.9641167 0.4456685 0.9651775 0.444977 0.9623395 0.08033221 0.9655635 0.1022335 0.968071 0.09969294 0.972736 0.08125793 0.9611268 0.07760244 0.9540858 0.101648 0.9545035 0.4787365 0.9821285 0.4746055 0.9759695 0.495951 0.972386 0.08103168 0.9641167 0.08137744 0.9626978 0.1043239 0.9623395 0.07056444 0.9821285 0.04784184 0.980598 0.05334997 0.972386 0.4679235 0.9626978 0.444977 0.9623395 0.445216 0.9591975 0.4689688 0.9655635 0.4727795 0.972561 0.449608 0.972736 0.07760244 0.9540858 0.07665997 0.9521456 0.09976297 0.950623 0.4787365 0.9821285 0.478161 0.9841127 0.454863 0.9876275 0.08103168 0.9641167 0.1036325 0.9651775 0.1022335 0.968071 0.08137744 0.9626978 0.08125793 0.9611268 0.104085 0.9591975</float_array>
          <technique_common>
            <accessor source="#chariota-mesh-mesh-map-0-array" count="1809" stride="2">
              <param name="S" type="float"/>
              <param name="T" type="float"/>
            </accessor>
          </technique_common>
        </source>
        <vertices id="chariota-mesh-mesh-vertices">
          <input semantic="POSITION" source="#chariota-mesh-mesh-positions"/>
        </vertices>
        <triangles material="chariot_pers_a-material" count="603">
          <input semantic="VERTEX" source="#chariota-mesh-mesh-vertices" offset="0"/>
          <input semantic="NORMAL" source="#chariota-mesh-mesh-normals" offset="1"/>
          <input semantic="TEXCOORD" source="#chariota-mesh-mesh-map-0" offset="2" set="0"/>
          <p>262 0 0 263 0 1 261 0 2 259 1 3 257 1 4 260 1 5 259 2 6 260 2 7 258 2 8 251 3 9 229 4 10 228 5 11 251 3 12 250 6 13 229 4 14 230 7 15 250 6 16 249 8 17 230 7 18 229 4 19 250 6 20 231 9 21 249 8 22 248 10 23 231 9 24 230 7 25 249 8 26 232 11 27 248 10 28 247 12 29 232 11 30 231 9 31 248 10 32 233 13 33 247 12 34 246 14 35 233 13 36 232 11 37 247 12 38 234 15 39 246 14 40 245 16 41 234 15 42 233 13 43 246 14 44 235 17 45 245 16 46 244 18 47 235 17 48 234 15 49 245 16 50 236 19 51 244 18 52 243 20 53 236 19 54 235 17 55 244 18 56 237 21 57 243 20 58 242 22 59 237 21 60 236 19 61 243 20 62 238 23 63 242 22 64 241 24 65 238 23 66 237 21 67 242 22 68 239 25 69 241 24 70 240 26 71 239 25 72 238 23 73 241 24 74 240 26 75 228 5 76 239 25 77 240 26 78 251 3 79 228 5 80 205 27 81 227 28 82 204 29 83 205 27 84 226 30 85 227 28 86 226 30 87 206 31 88 225 32 89 226 30 90 205 27 91 206 31 92 225 32 93 207 33 94 224 34 95 225 32 96 206 31 97 207 33 98 224 34 99 208 35 100 223 36 101 224 34 102 207 33 103 208 35 104 223 36 105 209 37 106 222 38 107 223 36 108 208 35 109 209 37 110 222 38 111 210 39 112 221 40 113 222 38 114 209 37 115 210 39 116 221 40 117 211 41 118 220 42 119 221 40 120 210 39 121 211 41 122 220 42 123 212 43 124 219 44 125 220 42 126 211 41 127 212 43 128 219 44 129 213 45 130 218 46 131 219 44 132 212 43 133 213 45 134 218 46 135 214 47 136 217 48 137 218 46 138 213 45 139 214 47 140 217 48 141 215 49 142 216 50 143 217 48 144 214 47 145 215 49 146 204 29 147 216 50 148 215 49 149 204 29 150 227 28 151 216 50 152 245 51 153 221 51 154 220 51 155 244 52 156 245 52 157 220 52 158 230 53 159 207 53 160 206 53 161 230 54 162 231 54 163 207 54 164 230 53 165 206 53 166 205 53 167 229 53 168 230 53 169 205 53 170 236 53 171 212 53 172 211 53 173 235 53 174 236 53 175 211 53 176 231 55 177 208 55 178 207 55 179 231 53 180 232 53 181 208 53 182 240 51 183 216 51 184 227 51 185 251 51 186 240 51 187 227 51 188 249 56 189 225 56 190 224 56 191 248 51 192 249 51 193 224 51 194 246 51 195 222 51 196 221 51 197 245 51 198 246 51 199 221 51 200 242 57 201 218 57 202 217 57 203 241 51 204 242 51 205 217 51 206 238 58 207 215 58 208 214 58 209 238 59 210 239 59 211 215 59 212 237 60 213 214 60 214 213 60 215 237 53 216 238 53 217 214 53 218 233 61 219 209 61 220 208 61 221 232 62 222 233 62 223 208 62 224 246 63 225 223 63 226 222 63 227 246 51 228 247 51 229 223 51 230 240 64 231 217 64 232 216 64 233 240 51 234 241 51 235 217 51 236 236 53 237 213 53 238 212 53 239 236 65 240 237 65 241 213 65 242 234 66 243 211 66 244 210 66 245 234 53 246 235 53 247 211 53 248 249 67 249 226 67 250 225 67 251 249 68 252 250 68 253 226 68 254 248 69 255 224 69 256 223 69 257 247 51 258 248 51 259 223 51 260 228 53 261 205 53 262 204 53 263 228 70 264 229 70 265 205 70 266 243 51 267 220 51 268 219 51 269 243 71 270 244 71 271 220 71 272 243 72 273 219 72 274 218 72 275 242 73 276 243 73 277 218 73 278 251 51 279 227 51 280 226 51 281 250 51 282 251 51 283 226 51 284 233 74 285 210 74 286 209 74 287 233 75 288 234 75 289 210 75 290 239 53 291 204 53 292 215 53 293 239 76 294 228 76 295 204 76 296 203 77 297 198 78 298 199 77 299 203 77 300 202 78 301 198 78 302 202 78 303 197 79 304 198 78 305 202 78 306 201 79 307 197 79 308 200 80 309 196 80 310 197 79 311 201 79 312 200 80 313 197 79 314 200 80 315 199 77 316 196 80 317 200 80 318 203 77 319 199 77 320 191 81 321 192 82 322 195 81 323 191 81 324 188 82 325 192 82 326 191 81 327 195 81 328 194 83 329 190 83 330 191 81 331 194 83 332 189 84 333 194 83 334 193 84 335 189 84 336 190 83 337 194 83 338 188 82 339 193 84 340 192 82 341 188 82 342 189 84 343 193 84 344 187 85 345 182 86 346 183 85 347 187 85 348 186 86 349 182 86 350 186 86 351 181 87 352 182 86 353 186 86 354 185 87 355 181 87 356 184 88 357 180 88 358 181 87 359 185 87 360 184 88 361 181 87 362 184 88 363 183 85 364 180 88 365 184 88 366 187 85 367 183 85 368 175 89 369 176 90 370 179 89 371 175 89 372 172 90 373 176 90 374 175 89 375 179 89 376 178 91 377 174 91 378 175 89 379 178 91 380 173 92 381 178 91 382 177 92 383 173 92 384 174 91 385 178 91 386 172 90 387 177 92 388 176 90 389 172 90 390 173 92 391 177 92 392 171 89 393 166 91 394 170 91 395 171 89 396 167 89 397 166 91 398 170 91 399 165 92 400 169 92 401 170 91 402 166 91 403 165 92 404 165 92 405 164 90 406 168 90 407 169 92 408 165 92 409 168 90 410 168 90 411 167 89 412 171 89 413 168 90 414 164 90 415 167 89 416 159 85 417 160 88 418 156 88 419 159 85 420 163 85 421 160 88 422 162 86 423 163 85 424 159 85 425 158 86 426 162 86 427 159 85 428 157 87 429 162 86 430 158 86 431 157 87 432 161 87 433 162 86 434 156 88 435 161 87 436 157 87 437 156 88 438 160 88 439 161 87 440 155 81 441 150 83 442 154 83 443 155 81 444 151 81 445 150 83 446 154 83 447 149 84 448 153 84 449 154 83 450 150 83 451 149 84 452 149 84 453 148 82 454 152 82 455 153 84 456 149 84 457 152 82 458 152 82 459 151 81 460 155 81 461 152 82 462 148 82 463 151 81 464 143 77 465 144 80 466 140 80 467 143 77 468 147 77 469 144 80 470 146 78 471 147 77 472 143 77 473 142 78 474 146 78 475 143 77 476 141 79 477 146 78 478 142 78 479 141 79 480 145 79 481 146 78 482 140 80 483 145 79 484 141 79 485 140 80 486 144 80 487 145 79 488 104 93 489 139 93 490 115 93 491 104 51 492 128 51 493 139 51 494 110 94 495 133 94 496 109 94 497 110 95 498 134 95 499 133 95 500 117 96 501 116 96 502 92 96 503 93 53 504 117 53 505 92 53 506 125 97 507 124 97 508 100 97 509 101 98 510 125 98 511 100 98 512 100 99 513 123 99 514 99 99 515 100 53 516 124 53 517 123 53 518 115 100 519 138 100 520 114 100 521 115 51 522 139 51 523 138 51 524 120 101 525 119 101 526 95 101 527 96 53 528 120 53 529 95 53 530 94 102 531 117 102 532 93 102 533 94 103 534 118 103 535 117 103 536 109 51 537 132 51 538 108 51 539 109 104 540 133 104 541 132 104 542 107 105 543 130 105 544 106 105 545 107 51 546 131 51 547 130 51 548 103 53 549 126 53 550 102 53 551 103 106 552 127 106 553 126 106 554 97 53 555 120 53 556 96 53 557 97 107 558 121 107 559 120 107 560 135 108 561 134 108 562 110 108 563 111 109 564 135 109 565 110 109 566 106 51 567 129 51 568 105 51 569 106 57 570 130 57 571 129 57 572 105 110 573 128 110 574 104 110 575 105 111 576 129 111 577 128 111 578 126 53 579 125 53 580 101 53 581 102 53 582 126 53 583 101 53 584 122 112 585 121 112 586 97 112 587 98 53 588 122 53 589 97 53 590 119 113 591 118 113 592 94 113 593 95 53 594 119 53 595 94 53 596 116 114 597 127 114 598 103 114 599 92 53 600 116 53 601 103 53 602 112 51 603 135 51 604 111 51 605 112 115 606 136 115 607 135 115 608 132 116 609 131 116 610 107 116 611 108 51 612 132 51 613 107 51 614 138 117 615 137 117 616 113 117 617 114 51 618 138 51 619 113 51 620 113 118 621 136 118 622 112 118 623 113 51 624 137 51 625 136 51 626 123 119 627 122 119 628 98 119 629 99 120 630 123 120 631 98 120 632 139 28 633 127 49 634 116 29 635 139 28 636 128 50 637 127 49 638 126 47 639 128 50 640 129 48 641 126 47 642 127 49 643 128 50 644 125 45 645 129 48 646 130 46 647 125 45 648 126 47 649 129 48 650 124 43 651 130 46 652 131 44 653 124 43 654 125 45 655 130 46 656 123 41 657 131 44 658 132 42 659 123 41 660 124 43 661 131 44 662 122 39 663 132 42 664 133 40 665 122 39 666 123 41 667 132 42 668 121 37 669 133 40 670 134 38 671 121 37 672 122 39 673 133 40 674 120 35 675 134 38 676 135 36 677 120 35 678 121 37 679 134 38 680 119 33 681 135 36 682 136 34 683 119 33 684 120 35 685 135 36 686 118 31 687 136 34 688 137 32 689 118 31 690 119 33 691 136 34 692 117 27 693 137 32 694 138 30 695 117 27 696 118 31 697 137 32 698 138 30 699 116 29 700 117 27 701 138 30 702 139 28 703 116 29 704 103 25 705 115 3 706 92 5 707 103 25 708 104 26 709 115 3 710 104 26 711 102 23 712 105 24 713 104 26 714 103 25 715 102 23 716 105 24 717 101 21 718 106 22 719 105 24 720 102 23 721 101 21 722 106 22 723 100 19 724 107 20 725 106 22 726 101 21 727 100 19 728 107 20 729 99 17 730 108 18 731 107 20 732 100 19 733 99 17 734 108 18 735 98 15 736 109 16 737 108 18 738 99 17 739 98 15 740 109 16 741 97 13 742 110 14 743 109 16 744 98 15 745 97 13 746 110 14 747 96 11 748 111 12 749 110 14 750 97 13 751 96 11 752 111 12 753 95 9 754 112 10 755 111 12 756 96 11 757 95 9 758 112 10 759 94 7 760 113 8 761 112 10 762 95 9 763 94 7 764 113 8 765 93 4 766 114 6 767 113 8 768 94 7 769 93 4 770 92 5 771 114 6 772 93 4 773 92 5 774 115 3 775 114 6 776 91 121 777 90 122 778 69 123 779 91 121 780 0 124 781 90 122 782 89 125 783 88 79 784 87 79 785 89 125 786 1 125 787 88 79 788 86 51 789 84 51 790 83 51 791 86 51 792 85 51 793 84 51 794 82 126 795 84 126 796 85 126 797 82 126 798 81 126 799 84 126 800 80 53 801 88 53 802 79 53 803 80 53 804 87 53 805 88 53 806 78 51 807 76 51 808 75 51 809 78 51 810 77 51 811 76 51 812 74 53 813 72 53 814 71 53 815 74 53 816 73 53 817 72 53 818 68 127 819 66 125 820 65 127 821 68 127 822 67 125 823 66 125 824 64 126 825 62 128 826 61 126 827 64 126 828 63 128 829 62 128 830 63 128 831 65 127 832 62 128 833 63 128 834 68 127 835 65 127 836 60 125 837 1 125 838 89 125 839 60 125 840 3 125 841 1 125 842 80 126 843 59 126 844 58 126 845 80 126 846 79 126 847 59 126 848 58 126 849 81 126 850 82 126 851 58 126 852 59 126 853 81 126 854 56 129 855 4 130 856 5 131 857 57 132 858 56 129 859 5 131 860 86 78 861 3 125 862 60 125 863 86 78 864 83 78 865 3 125 866 88 79 867 91 121 868 69 123 869 88 79 870 1 125 871 91 121 872 7 53 873 59 126 874 55 133 875 59 126 876 54 126 877 55 126 878 59 126 879 79 126 880 54 126 881 88 134 882 69 134 883 90 134 884 79 53 885 88 53 886 90 53 887 79 53 888 53 53 889 54 53 890 79 135 891 90 135 892 53 135 893 84 51 894 52 51 895 51 51 896 83 51 897 84 51 898 51 51 899 83 136 900 56 136 901 57 136 902 83 137 903 51 137 904 56 137 905 84 126 906 50 126 907 52 126 908 84 126 909 81 126 910 50 126 911 2 138 912 3 125 913 81 139 914 3 125 915 57 132 916 5 131 917 3 125 918 83 78 919 57 132 920 76 140 921 57 140 922 70 140 923 76 51 924 77 51 925 57 51 926 71 141 927 48 141 928 69 141 929 71 53 930 72 53 931 48 53 932 6 142 933 90 122 934 0 124 935 6 142 936 53 143 937 90 122 938 51 144 939 4 130 940 56 129 941 51 144 942 49 145 943 4 130 944 55 133 945 53 143 946 6 142 947 55 133 948 54 146 949 53 143 950 52 147 951 49 145 952 51 144 953 52 147 954 50 128 955 49 145 956 50 128 957 6 142 958 49 145 959 50 128 960 55 133 961 6 142 962 81 126 963 55 126 964 50 126 965 81 126 966 59 126 967 55 126 968 59 126 969 6 142 970 55 133 971 59 126 972 7 53 973 6 142 974 264 51 975 263 51 976 262 51 977 261 51 978 265 51 979 262 51 980 2 138 981 50 128 982 49 145 983 2 138 984 81 139 985 50 128 986 70 148 987 69 123 988 48 149 989 70 148 990 57 132 991 69 123 992 76 125 993 45 125 994 75 125 995 76 125 996 46 125 997 45 125 998 46 125 999 73 125 1000 45 125 1001 46 125 1002 72 125 1003 73 125 1004 72 150 1005 47 150 1006 48 150 1007 72 151 1008 46 151 1009 47 151 1010 46 152 1011 70 152 1012 47 152 1013 46 153 1014 76 153 1015 70 153 1016 78 77 1017 43 126 1018 77 77 1019 78 77 1020 42 126 1021 43 126 1022 42 126 1023 71 80 1024 43 126 1025 42 126 1026 74 80 1027 71 80 1028 77 77 1029 44 126 1030 57 132 1031 77 77 1032 43 126 1033 44 126 1034 43 126 1035 69 123 1036 44 126 1037 43 126 1038 71 80 1039 69 123 1040 29 154 1041 32 155 1042 30 156 1043 29 154 1044 38 127 1045 32 155 1046 41 157 1047 36 158 1048 37 125 1049 41 157 1050 28 159 1051 36 158 1052 28 159 1053 33 160 1054 36 158 1055 28 159 1056 27 161 1057 33 160 1058 27 161 1059 35 162 1060 33 160 1061 27 161 1062 26 163 1063 35 162 1064 25 164 1065 35 162 1066 26 163 1067 25 164 1068 34 126 1069 35 162 1070 29 154 1071 37 125 1072 38 127 1073 29 154 1074 41 157 1075 37 125 1076 40 165 1077 32 155 1078 31 128 1079 40 165 1080 30 156 1081 32 155 1082 40 165 1083 34 126 1084 25 164 1085 40 165 1086 31 128 1087 34 126 1088 11 166 1089 20 155 1090 21 167 1091 11 166 1092 13 128 1093 20 155 1094 22 168 1095 20 155 1096 19 127 1097 22 168 1098 21 167 1099 20 155 1100 22 168 1101 18 125 1102 10 169 1103 22 168 1104 19 127 1105 18 125 1106 10 169 1107 17 158 1108 9 170 1109 10 169 1110 18 125 1111 17 158 1112 9 170 1113 16 160 1114 23 171 1115 9 170 1116 17 158 1117 16 160 1118 23 171 1119 15 162 1120 24 172 1121 23 171 1122 16 160 1123 15 162 1124 8 173 1125 15 162 1126 14 126 1127 8 173 1128 24 172 1129 15 162 1130 11 166 1131 14 126 1132 13 128 1133 11 166 1134 8 173 1135 14 126 1136 8 173 1137 11 166 1138 12 51 1139 21 167 1140 12 51 1141 11 166 1142 21 167 1143 22 168 1144 12 51 1145 10 169 1146 12 51 1147 22 168 1148 9 170 1149 12 51 1150 10 169 1151 23 171 1152 12 51 1153 9 170 1154 24 172 1155 12 51 1156 23 171 1157 24 172 1158 8 173 1159 12 51 1160 26 163 1161 39 53 1162 25 164 1163 26 163 1164 27 161 1165 39 53 1166 27 161 1167 28 159 1168 39 53 1169 28 159 1170 41 157 1171 39 53 1172 41 157 1173 29 154 1174 39 53 1175 30 156 1176 39 53 1177 29 154 1178 30 156 1179 40 165 1180 39 53 1181 25 164 1182 39 53 1183 40 165 1184 81 139 1185 49 145 1186 50 128 1187 252 174 1188 255 174 1189 256 174 1190 255 53 1191 254 53 1192 256 53 1193 253 53 1194 255 53 1195 252 53 1196 268 155 1197 269 155 1198 266 155 1199 268 155 1200 267 155 1201 269 155 1202 315 175 1203 313 176 1204 312 177 1205 315 175 1206 314 178 1207 313 176 1208 311 179 1209 309 180 1210 308 181 1211 311 179 1212 310 182 1213 309 180 1214 307 183 1215 306 184 1216 309 180 1217 310 182 1218 307 183 1219 309 180 1220 309 180 1221 377 185 1222 385 186 1223 309 180 1224 391 187 1225 308 181 1226 309 180 1227 375 188 1228 382 189 1229 309 180 1230 390 190 1231 375 188 1232 306 184 1233 376 191 1234 380 192 1235 305 193 1236 367 194 1237 301 195 1238 299 196 1239 313 176 1240 297 197 1241 299 196 1242 312 177 1243 313 176 1244 302 198 1245 363 199 1246 297 197 1247 302 198 1248 371 200 1249 355 201 1250 304 202 1251 305 193 1252 314 178 1253 315 175 1254 304 202 1255 314 178 1256 301 195 1257 302 198 1258 313 176 1259 314 178 1260 301 195 1261 313 176 1262 298 203 1263 315 175 1264 312 177 1265 300 204 1266 298 203 1267 312 177 1268 296 205 1269 294 206 1270 293 207 1271 296 205 1272 295 208 1273 294 206 1274 292 209 1275 290 210 1276 289 211 1277 292 209 1278 291 212 1279 290 210 1280 293 207 1281 290 210 1282 291 212 1283 293 207 1284 294 206 1285 290 210 1286 294 206 1287 289 211 1288 290 210 1289 294 206 1290 295 208 1291 289 211 1292 295 208 1293 292 209 1294 289 211 1295 295 208 1296 296 205 1297 292 209 1298 273 213 1299 270 214 1300 287 215 1301 285 216 1302 273 213 1303 287 215 1304 272 217 1305 283 218 1306 284 219 1307 271 220 1308 272 217 1309 284 219 1310 271 220 1311 280 221 1312 281 222 1313 270 214 1314 271 220 1315 281 222 1316 283 218 1317 356 223 1318 354 224 1319 283 218 1320 348 225 1321 356 223 1322 286 226 1323 272 217 1324 273 213 1325 286 226 1326 288 227 1327 272 217 1328 284 219 1329 368 228 1330 370 229 1331 280 221 1332 370 229 1333 357 230 1334 276 231 1335 393 232 1336 279 233 1337 276 231 1338 392 234 1339 373 235 1340 285 216 1341 353 236 1342 286 226 1343 379 237 1344 276 231 1345 277 238 1346 276 231 1347 279 233 1348 278 239 1349 275 240 1350 276 231 1351 278 239 1352 274 241 1353 276 231 1354 275 240 1355 274 241 1356 277 238 1357 276 231 1358 270 214 1359 272 217 1360 271 220 1361 270 214 1362 273 213 1363 272 217 1364 279 233 1365 393 232 1366 374 242 1367 282 243 1368 394 244 1369 387 245 1370 276 231 1371 386 246 1372 392 234 1373 274 241 1374 282 243 1375 277 238 1376 279 233 1377 282 243 1378 278 239 1379 285 216 1380 286 226 1381 273 213 1382 281 222 1383 287 215 1384 270 214 1385 284 219 1386 280 221 1387 271 220 1388 288 227 1389 364 247 1390 348 225 1391 288 227 1392 283 218 1393 272 217 1394 297 197 1395 313 176 1396 302 198 1397 297 197 1398 365 248 1399 299 196 1400 301 195 1401 314 178 1402 305 193 1403 304 202 1404 315 175 1405 298 203 1406 300 204 1407 312 177 1408 299 196 1409 306 184 1410 307 183 1411 303 249 1412 311 179 1413 308 181 1414 303 249 1415 309 180 1416 382 189 1417 377 185 1418 303 249 1419 395 250 1420 376 191 1421 306 184 1422 384 251 1423 390 190 1424 320 252 1425 336 253 1426 323 254 1427 329 255 1428 346 256 1429 341 257 1430 333 258 1431 344 259 1432 332 260 1433 328 261 1434 345 262 1435 333 258 1436 323 254 1437 337 263 1438 322 264 1439 326 265 1440 338 266 1441 321 267 1442 337 263 1443 327 268 1444 322 264 1445 341 257 1446 331 269 1447 329 255 1448 324 270 1449 318 271 1450 319 272 1451 325 273 1452 316 274 1453 318 271 1454 331 269 1455 342 275 1456 330 276 1457 319 272 1458 326 265 1459 324 270 1460 334 277 1461 347 278 1462 346 256 1463 330 276 1464 340 279 1465 328 261 1466 344 259 1467 335 280 1468 332 260 1469 321 267 1470 339 281 1471 320 252 1472 367 194 1473 351 282 1474 301 195 1475 355 201 1476 389 283 1477 363 199 1478 363 199 1479 391 187 1480 365 248 1481 354 224 1482 372 284 1483 387 245 1484 368 228 1485 381 285 1486 370 229 1487 361 286 1488 369 287 1489 281 222 1490 353 236 1491 386 246 1492 383 288 1493 371 200 1494 301 195 1495 351 282 1496 361 286 1497 280 221 1498 357 230 1499 360 289 1500 287 215 1501 349 290 1502 365 248 1503 362 291 1504 299 196 1505 350 292 1506 366 293 1507 304 202 1508 348 225 1509 379 237 1510 388 294 1511 371 200 1512 378 295 1513 355 201 1514 367 194 1515 384 251 1516 380 192 1517 352 296 1518 298 203 1519 300 204 1520 356 223 1521 388 294 1522 372 284 1523 370 229 1524 374 242 1525 357 230 1526 349 290 1527 281 222 1528 369 287 1529 353 236 1530 364 247 1531 286 226 1532 366 293 1533 305 193 1534 304 202 1535 354 224 1536 284 219 1537 283 218 1538 362 291 1539 300 204 1540 299 196 1541 358 297 1542 304 202 1543 298 203 1544 380 192 1545 351 282 1546 367 194 1547 391 187 1548 389 283 1549 308 181 1550 394 244 1551 279 233 1552 381 285 1553 383 288 1554 386 246 1555 276 231 1556 388 294 1557 379 237 1558 277 238 1559 380 192 1560 384 251 1561 306 184 1562 372 284 1563 388 294 1564 277 238 1565 395 250 1566 351 282 1567 376 191 1568 373 235 1569 361 286 1570 393 232 1571 393 232 1572 357 230 1573 374 242 1574 386 246 1575 349 290 1576 392 234 1577 385 186 1578 365 248 1579 391 187 1580 375 188 1581 366 293 1582 350 292 1583 389 283 1584 378 295 1585 308 181 1586 387 245 1587 277 238 1588 282 243 1589 377 185 1590 358 297 1591 352 296 1592 395 250 1593 308 181 1594 378 295 1595 392 234 1596 369 287 1597 373 235 1598 383 288 1599 364 247 1600 353 236 1601 390 190 1602 359 298 1603 366 293 1604 374 242 1605 381 285 1606 279 233 1607 387 245 1608 368 228 1609 354 224 1610 377 185 1611 362 291 1612 385 186 1613 382 189 1614 350 292 1615 358 297 1616 309 180 1617 385 186 1618 391 187 1619 309 180 1620 306 184 1621 390 190 1622 306 184 1623 303 249 1624 376 191 1625 305 193 1626 359 298 1627 367 194 1628 302 198 1629 355 201 1630 363 199 1631 283 218 1632 288 227 1633 348 225 1634 280 221 1635 284 219 1636 370 229 1637 276 231 1638 373 235 1639 393 232 1640 285 216 1641 360 289 1642 353 236 1643 379 237 1644 383 288 1645 276 231 1646 288 227 1647 286 226 1648 364 247 1649 297 197 1650 363 199 1651 365 248 1652 320 252 1653 339 281 1654 336 253 1655 329 255 1656 334 277 1657 346 256 1658 333 258 1659 345 262 1660 344 259 1661 328 261 1662 340 279 1663 345 262 1664 323 254 1665 336 253 1666 337 263 1667 326 265 1668 317 299 1669 338 266 1670 337 263 1671 316 274 1672 327 268 1673 341 257 1674 343 300 1675 331 269 1676 324 270 1677 325 273 1678 318 271 1679 325 273 1680 327 268 1681 316 274 1682 331 269 1683 343 300 1684 342 275 1685 319 272 1686 317 299 1687 326 265 1688 334 277 1689 335 280 1690 347 278 1691 330 276 1692 342 275 1693 340 279 1694 344 259 1695 347 278 1696 335 280 1697 321 267 1698 338 266 1699 339 281 1700 355 201 1701 378 295 1702 389 283 1703 363 199 1704 389 283 1705 391 187 1706 354 224 1707 356 223 1708 372 284 1709 368 228 1710 394 244 1711 381 285 1712 353 236 1713 360 289 1714 386 246 1715 371 200 1716 302 198 1717 301 195 1718 361 286 1719 281 222 1720 280 221 1721 360 289 1722 285 216 1723 287 215 1724 348 225 1725 364 247 1726 379 237 1727 371 200 1728 395 250 1729 378 295 1730 367 194 1731 359 298 1732 384 251 1733 352 296 1734 358 297 1735 298 203 1736 356 223 1737 348 225 1738 388 294 1739 370 229 1740 381 285 1741 374 242 1742 349 290 1743 287 215 1744 281 222 1745 366 293 1746 359 298 1747 305 193 1748 354 224 1749 368 228 1750 284 219 1751 362 291 1752 352 296 1753 300 204 1754 358 297 1755 350 292 1756 304 202 1757 380 192 1758 376 191 1759 351 282 1760 394 244 1761 282 243 1762 279 233 1763 395 250 1764 371 200 1765 351 282 1766 373 235 1767 369 287 1768 361 286 1769 393 232 1770 361 286 1771 357 230 1772 386 246 1773 360 289 1774 349 290 1775 385 186 1776 362 291 1777 365 248 1778 375 188 1779 390 190 1780 366 293 1781 387 245 1782 372 284 1783 277 238 1784 377 185 1785 382 189 1786 358 297 1787 395 250 1788 303 249 1789 308 181 1790 392 234 1791 349 290 1792 369 287 1793 383 288 1794 379 237 1795 364 247 1796 390 190 1797 384 251 1798 359 298 1799 387 245 1800 394 244 1801 368 228 1802 377 185 1803 352 296 1804 362 291 1805 382 189 1806 375 188 1807 350 292 1808</p>
        </triangles>
      </mesh>
    </geometry>
  </library_geometries>
  <library_controllers>
    <controller id="Chariot_chariot_pers_a-skin" name="Chariot">
      <skin source="#chariota-mesh-mesh">
        <bind_shape_matrix>1.10912 0 0 0 0 1.10912 0 0 0 0 1.10912 0 0 0 0 1</bind_shape_matrix>
        <source id="Chariot_chariot_pers_a-skin-joints">
          <Name_array id="Chariot_chariot_pers_a-skin-joints-array" count="12">Ch_base Ch_carriage Ch_Wheel_R Ch_Wheel_L Ch_holder Ch_Wheel_small_R Ch_Wheel_small_L Ch_wood_R Ch_wood_L Ch_Wheel_med_R Ch_Wheel_med_L Ch_wood_mid</Name_array>
          <technique_common>
            <accessor source="#Chariot_chariot_pers_a-skin-joints-array" count="12" stride="1">
              <param name="JOINT" type="name"/>
            </accessor>
          </technique_common>
        </source>
        <source id="Chariot_chariot_pers_a-skin-bind_poses">
          <float_array id="Chariot_chariot_pers_a-skin-bind_poses-array" count="192">1 0 0 0 0 -2.38419e-7 1 0.9922848 0 -1 -2.26785e-7 -0.04079324 0 0 0 1 1 0 0 5.87747e-7 0 1 0 -1.549813 0 0 1 -2.048646 0 0 0 1 1 0 0 2.428472 0 1 0 -2.288668 0 0 1 -1.881068 0 0 0 1 1 0 0 -2.428472 0 1 0 -2.288668 0 0 1 -1.881068 0 0 0 1 1 0 0 0 0 -4.65204e-7 1 -2.709665 0 -1 -4.5357e-7 -3.255166 0 0 0 1 1 0 0 2.428472 0 1 0 -2.288668 0 0 1 -1.085089 0 0 0 1 1 0 0 -2.428472 0 1 0 -2.288668 0 0 1 -1.085089 0 0 0 1 0.9994047 -0.03241628 0.01180267 1.993523 -0.03449809 -0.9390592 0.34202 -0.1370988 -3.61726e-6 -0.3422237 -0.9396185 2.063466 0 0 0 1 0.9994047 0.03241628 -0.01180267 -1.993523 0.03449809 -0.9390592 0.34202 -0.1370988 3.61726e-6 -0.3422237 -0.9396185 2.063466 0 0 0 1 1 0 0 2.428472 0 1 0 -2.288668 0 0 1 -1.537983 0 0 0 1 1 0 0 -2.428472 0 1 0 -2.288668 0 0 1 -1.537983 0 0 0 1 1 5.22355e-5 -1.91865e-5 -0.002476871 5.56475e-5 -0.9396924 0.3420211 -0.06686747 -1.6376e-7 -0.3420209 -0.9396924 2.063827 0 0 0 1</float_array>
          <technique_common>
            <accessor source="#Chariot_chariot_pers_a-skin-bind_poses-array" count="12" stride="16">
              <param name="TRANSFORM" type="float4x4"/>
            </accessor>
          </technique_common>
        </source>
        <source id="Chariot_chariot_pers_a-skin-weights">
          <float_array id="Chariot_chariot_pers_a-skin-weights-array" count="458">1 1 1 1 1 1 1 1 1 1 1 1 1 1 1 1 1 1 1 1 1 1 1 1 1 1 1 1 1 1 1 1 1 1 1 1 1 1 1 1 1 1 1 1 1 1 1 1 1 1 1 1 1 1 1 1 1 1 1 1 1 1 1 1 1 1 1 1 1 1 1 1 1 1 1 1 1 1 1 1 1 1 1 1 1 1 1 1 1 1 1 1 1 1 1 1 1 1 1 1 1 1 1 1 1 1 1 1 1 1 1 1 1 1 1 1 1 1 1 1 1 1 1 1 1 1 1 1 1 1 1 1 1 1 1 1 1 1 1 1 1 1 1 1 1 1 1 1 1 1 1 1 1 1 1 1 1 1 1 1 1 1 1 1 1 1 1 1 1 1 1 1 1 1 1 1 1 1 1 1 1 1 1 1 1 1 1 1 1 1 1 1 1 1 1 1 1 1 1 1 1 1 1 1 1 1 1 1 1 1 1 1 1 1 1 1 1 1 1 1 1 1 1 1 1 1 1 1 1 1 1 1 1 1 1 1 1 1 1 1 1 1 1 1 1 1 1 1 1 1 1 1 1 1 1 1 1 1 1 1 1 1 1 1 1 1 1 1 1 1 1 1 1 1 0.5 0.5 0.5 0.5 0.5 0.5 0.5 0.5 0.5 0.5 0.5 0.5 1 1 0.5 0.5 1 1 1 1 1 1 1 1 1 1 1 1 1 1 1 1 1 1 1 1 0.5 0.5 1 1 0.5 0.5 0.5 0.5 0.5 0.5 0.5 0.5 0.5 0.5 0.5 0.5 1 1 1 1 1 1 1 1 1 1 1 1 1 1 1 1 1 1 1 1 1 1 1 1 1 1 1 1 1 1 1 1 1 1 1 1 0.3333334 0.6666666 0.3333334 0.6666666 0.3333333 0.6666667 0.3333333 0.6666667 0.3333334 0.6666666 0.3333333 0.6666668 0.3333333 0.6666667 0.3333333 0.6666667 0.3333333 0.6666667 0.3333334 0.6666666 0.3333334 0.6666666 0.3333334 0.6666666 0.3333333 0.6666667 0.3333333 0.6666667 0.3333333 0.6666667 0.3333334 0.6666666 0.3333333 0.6666667 0.3333333 0.6666667 0.3333333 0.6666667 0.3333334 0.6666666 0.3333333 0.6666667 0.3333333 0.6666668 0.3333334 0.6666666 0.3333333 0.6666667 0.4285714 0.5714285 0.4285714 0.5714286 0.4285714 0.5714285 0.4285714 0.5714285 0.4285714 0.5714285 0.4285714 0.5714285 0.4285715 0.5714285 0.4285714 0.5714285 0.4285715 0.5714285 0.4285714 0.5714285 0.4285714 0.5714285 0.4285714 0.5714286 0.4285714 0.5714285 0.4285714 0.5714285 0.4285714 0.5714285 0.4285714 0.5714285 0.4285714 0.5714285 0.4285714 0.5714285 0.4285714 0.5714285 0.4285714 0.5714285 0.4285714 0.5714285 0.4285714 0.5714285 0.4285714 0.5714285 0.4285714 0.5714285</float_array>
          <technique_common>
            <accessor source="#Chariot_chariot_pers_a-skin-weights-array" count="458" stride="1">
              <param name="WEIGHT" type="float"/>
            </accessor>
          </technique_common>
        </source>
        <joints>
          <input semantic="JOINT" source="#Chariot_chariot_pers_a-skin-joints"/>
          <input semantic="INV_BIND_MATRIX" source="#Chariot_chariot_pers_a-skin-bind_poses"/>
        </joints>
        <vertex_weights count="396">
          <input semantic="JOINT" source="#Chariot_chariot_pers_a-skin-joints" offset="0"/>
          <input semantic="WEIGHT" source="#Chariot_chariot_pers_a-skin-weights" offset="1"/>
          <vcount>1 1 1 1 1 1 1 1 1 1 1 1 1 1 1 1 1 1 1 1 1 1 1 1 1 1 1 1 1 1 1 1 1 1 1 1 1 1 1 1 1 1 1 1 1 1 1 1 1 1 1 1 1 1 1 1 1 1 1 1 1 1 1 1 1 1 1 1 1 1 1 1 1 1 1 1 1 1 1 1 1 1 1 1 1 1 1 1 1 1 1 1 1 1 1 1 1 1 1 1 1 1 1 1 1 1 1 1 1 1 1 1 1 1 1 1 1 1 1 1 1 1 1 1 1 1 1 1 1 1 1 1 1 1 1 1 1 1 1 1 1 1 1 1 1 1 1 1 1 1 1 1 1 1 1 1 1 1 1 1 1 1 1 1 1 1 1 1 1 1 1 1 1 1 1 1 1 1 1 1 1 1 1 1 1 1 1 1 1 1 1 1 1 1 1 1 1 1 1 1 1 1 1 1 1 1 1 1 1 1 1 1 1 1 1 1 1 1 1 1 1 1 1 1 1 1 1 1 1 1 1 1 1 1 1 1 1 1 1 1 1 1 1 1 1 1 1 1 1 1 1 1 1 1 1 1 1 1 1 1 1 1 1 1 1 1 1 1 1 1 1 1 1 1 2 2 2 2 2 2 1 1 2 1 1 1 1 1 1 1 1 1 1 1 1 1 1 1 1 1 1 1 1 2 1 1 2 2 2 2 2 2 1 1 1 1 1 1 1 1 1 1 1 1 1 1 1 1 1 1 1 1 1 1 1 1 1 1 1 1 1 1 1 1 1 1 1 1 2 2 2 2 2 2 2 2 2 2 2 2 2 2 2 2 2 2 2 2 2 2 2 2 2 2 2 2 2 2 2 2 2 2 2 2 2 2 2 2 2 2 2 2 2 2 2 2 </vcount>
          <v>1 0 1 1 1 2 1 3 1 4 1 5 1 6 1 7 3 8 3 9 3 10 3 11 3 12 3 13 3 14 3 15 3 16 3 17 3 18 3 19 3 20 3 21 3 22 3 23 3 24 2 25 2 26 2 27 2 28 2 29 2 30 2 31 2 32 2 33 2 34 2 35 2 36 2 37 2 38 2 39 2 40 2 41 1 42 1 43 1 44 1 45 1 46 1 47 1 48 1 49 1 50 1 51 1 52 1 53 1 54 1 55 1 56 1 57 1 58 1 59 1 60 1 61 1 62 1 63 1 64 1 65 1 66 1 67 1 68 1 69 1 70 1 71 1 72 1 73 1 74 1 75 1 76 1 77 1 78 1 79 1 80 1 81 1 82 1 83 1 84 1 85 1 86 1 87 1 88 1 89 1 90 1 91 2 92 2 93 2 94 2 95 2 96 2 97 2 98 2 99 2 100 2 101 2 102 2 103 2 104 2 105 2 106 2 107 2 108 2 109 2 110 2 111 2 112 2 113 2 114 2 115 2 116 2 117 2 118 2 119 2 120 2 121 2 122 2 123 2 124 2 125 2 126 2 127 2 128 2 129 2 130 2 131 2 132 2 133 2 134 2 135 2 136 2 137 2 138 2 139 2 140 2 141 2 142 2 143 2 144 2 145 2 146 2 147 2 148 2 149 2 150 2 151 2 152 2 153 2 154 2 155 2 156 2 157 2 158 2 159 2 160 2 161 2 162 2 163 2 164 2 165 2 166 2 167 2 168 2 169 2 170 2 171 3 172 3 173 3 174 3 175 3 176 3 177 3 178 3 179 3 180 3 181 3 182 3 183 3 184 3 185 3 186 3 187 3 188 3 189 3 190 3 191 3 192 3 193 3 194 3 195 3 196 3 197 3 198 3 199 3 200 3 201 3 202 3 203 3 204 3 205 3 206 3 207 3 208 3 209 3 210 3 211 3 212 3 213 3 214 3 215 3 216 3 217 3 218 3 219 3 220 3 221 3 222 3 223 3 224 3 225 3 226 3 227 3 228 3 229 3 230 3 231 3 232 3 233 3 234 3 235 3 236 3 237 3 238 3 239 3 240 3 241 3 242 3 243 3 244 3 245 3 246 3 247 3 248 3 249 3 250 3 251 1 252 1 253 1 254 1 255 1 256 1 257 1 258 1 259 1 260 1 261 1 262 1 263 1 264 1 265 1 266 1 267 1 268 1 269 7 270 7 271 7 272 7 273 1 274 7 275 1 276 7 277 1 278 7 279 1 280 7 281 1 282 7 283 1 284 7 285 7 286 7 287 1 288 7 289 7 290 7 291 7 292 7 293 7 294 7 295 4 296 4 297 4 298 4 299 4 300 4 301 4 302 4 303 8 304 8 305 8 306 8 307 8 308 8 309 1 310 8 311 8 312 8 313 1 314 8 315 1 316 8 317 1 318 8 319 1 320 8 321 1 322 8 323 1 324 8 325 8 326 8 327 8 328 8 329 7 330 7 331 7 332 7 333 7 334 7 335 7 336 7 337 7 338 7 339 7 340 7 341 8 342 8 343 8 344 8 345 8 346 8 347 8 348 8 349 7 350 7 351 7 352 7 353 8 354 8 355 8 356 8 357 8 358 8 359 8 360 8 361 1 362 7 363 1 364 7 365 1 366 8 367 1 368 8 369 1 370 8 371 1 372 7 373 1 374 7 375 1 376 8 377 1 378 7 379 1 380 7 381 1 382 8 383 1 384 8 385 1 386 7 387 1 388 7 389 1 390 8 391 1 392 8 393 1 394 7 395 1 396 8 397 1 398 8 399 1 400 8 401 1 402 7 403 1 404 7 405 1 406 7 407 1 408 8 409 1 410 7 411 1 412 7 413 1 414 7 415 1 416 8 417 1 418 8 419 1 420 8 421 1 422 8 423 1 424 7 425 1 426 8 427 1 428 7 429 1 430 8 431 1 432 7 433 1 434 8 435 1 436 8 437 1 438 7 439 1 440 7 441 1 442 7 443 1 444 8 445 1 446 8 447 1 448 8 449 1 450 7 451 1 452 7 453 1 454 7 455 1 456 8 457</v>
        </vertex_weights>
      </skin>
    </controller>
  </library_controllers>
  <library_visual_scenes>
    <visual_scene id="Scene" name="Scene">
      <node id="Chariot" name="Chariot" type="NODE">
        <matrix sid="transform">1 0 0 0 0 1 0 0 0 0 1 0 0 0 0 1</matrix>
        <node id="Chariot_Ch_base" name="Ch_base" sid="Ch_base" type="JOINT">
          <matrix sid="transform">1 0 0 0 0 -2.26785e-7 -1 -0.04079302 0 1 -2.38419e-7 -0.9922848 0 0 0 1</matrix>
          <node id="Chariot_prop_horse1" name="prop_horse1" sid="prop_horse1" type="JOINT">
            <matrix sid="transform">1 0 0 -3.119256 0 -2.37416e-7 1 0.9924583 0 -1 -2.38419e-7 2.926415 0 0 0 1</matrix>
            <extra>
              <technique profile="blender">
                <layer sid="layer" type="string">16</layer>
                <tip_x sid="tip_x" type="float">0</tip_x>
                <tip_y sid="tip_y" type="float">1.051297</tip_y>
                <tip_z sid="tip_z" type="float">0</tip_z>
              </technique>
            </extra>
          </node>
          <node id="Chariot_prop_horse2" name="prop_horse2" sid="prop_horse2" type="JOINT">
            <matrix sid="transform">1 0 0 -1.051112 0 -2.40959e-7 1 0.9924583 0 -1 -2.38419e-7 2.914096 0 0 0 1</matrix>
            <extra>
              <technique profile="blender">
                <layer sid="layer" type="string">16</layer>
                <tip_x sid="tip_x" type="float">0</tip_x>
                <tip_y sid="tip_y" type="float">1.051297</tip_y>
                <tip_z sid="tip_z" type="float">0</tip_z>
              </technique>
            </extra>
          </node>
          <node id="Chariot_prop_horse3" name="prop_horse3" sid="prop_horse3" type="JOINT">
            <matrix sid="transform">1 0 0 1.039656 0 -2.40959e-7 1 0.9924583 0 -1 -2.38419e-7 2.914096 0 0 0 1</matrix>
            <extra>
              <technique profile="blender">
                <layer sid="layer" type="string">16</layer>
                <tip_x sid="tip_x" type="float">0</tip_x>
                <tip_y sid="tip_y" type="float">1.051297</tip_y>
                <tip_z sid="tip_z" type="float">0</tip_z>
              </technique>
            </extra>
          </node>
          <node id="Chariot_prop_horse4" name="prop_horse4" sid="prop_horse4" type="JOINT">
            <matrix sid="transform">1 0 0 3.174486 0 -2.40959e-7 1 0.9924583 0 -1 -2.38419e-7 2.914096 0 0 0 1</matrix>
            <extra>
              <technique profile="blender">
                <layer sid="layer" type="string">16</layer>
                <tip_x sid="tip_x" type="float">0</tip_x>
                <tip_y sid="tip_y" type="float">1.051297</tip_y>
                <tip_z sid="tip_z" type="float">0</tip_z>
              </technique>
            </extra>
          </node>
          <node id="Chariot_Ch_carriage" name="Ch_carriage" sid="Ch_carriage" type="JOINT">
            <matrix sid="transform">1 0 0 -5.87747e-7 0 -2.3441e-7 1 3.04093 0 -1 -2.38419e-7 -1.590607 0 0 0 1</matrix>
            <node id="Chariot_prop_rider1" name="prop_rider1" sid="prop_rider1" type="JOINT">
              <matrix sid="transform">1 0 0 -0.8479074 0 1 0 1.537839 0 0 1 0.1411049 0 0 0 1</matrix>
              <extra>
                <technique profile="blender">
                  <layer sid="layer" type="string">16</layer>
                  <tip_x sid="tip_x" type="float">0</tip_x>
                  <tip_y sid="tip_y" type="float">0.5358734</tip_y>
                  <tip_z sid="tip_z" type="float">0</tip_z>
                </technique>
              </extra>
            </node>
            <node id="Chariot_prop_driver1" name="prop_driver1" sid="prop_driver1" type="JOINT">
              <matrix sid="transform">1 0 0 0.7957295 0 1 1.48134e-8 1.067906 0 -1.48134e-8 1 0.1418319 0 0 0 1</matrix>
              <extra>
                <technique profile="blender">
                  <layer sid="layer" type="string">16</layer>
                  <tip_x sid="tip_x" type="float">0</tip_x>
                  <tip_y sid="tip_y" type="float">1.005927</tip_y>
                  <tip_z sid="tip_z" type="float">0</tip_z>
                </technique>
              </extra>
            </node>
            <node id="Chariot_prop_rider4" name="prop_rider4" sid="prop_rider4" type="JOINT">
              <matrix sid="transform">1 0 0 -0.8479074 0 1 0 0.1526904 0 0 1 -0.195668 0 0 0 1</matrix>
              <extra>
                <technique profile="blender">
                  <layer sid="layer" type="string">16</layer>
                  <tip_x sid="tip_x" type="float">0</tip_x>
                  <tip_y sid="tip_y" type="float">0.5358733</tip_y>
                  <tip_z sid="tip_z" type="float">0</tip_z>
                </technique>
              </extra>
            </node>
            <node id="Chariot_prop_driver4" name="prop_driver4" sid="prop_driver4" type="JOINT">
              <matrix sid="transform">1 0 0 0.7957295 0 1 1.48134e-8 0.3416319 0 -1.48134e-8 1 -0.1949411 0 0 0 1</matrix>
              <extra>
                <technique profile="blender">
                  <layer sid="layer" type="string">16</layer>
                  <tip_x sid="tip_x" type="float">0</tip_x>
                  <tip_y sid="tip_y" type="float">1.005927</tip_y>
                  <tip_z sid="tip_z" type="float">0</tip_z>
                </technique>
              </extra>
            </node>
            <extra>
              <technique profile="blender">
                <layer sid="layer" type="string">0</layer>
                <tip_x sid="tip_x" type="float">0</tip_x>
                <tip_y sid="tip_y" type="float">3.051297</tip_y>
                <tip_z sid="tip_z" type="float">0</tip_z>
              </technique>
            </extra>
          </node>
          <node id="Chariot_Ch_Wheel_R" name="Ch_Wheel_R" sid="Ch_Wheel_R" type="JOINT">
            <matrix sid="transform">1 0 0 -2.428472 0 -2.50358e-7 0.9999999 2.873352 0 -0.9999999 -1.19209e-7 -2.329462 0 0 0 1</matrix>
            <extra>
              <technique profile="blender">
                <layer sid="layer" type="string">0</layer>
                <tip_x sid="tip_x" type="float">0</tip_x>
                <tip_y sid="tip_y" type="float">0.9523094</tip_y>
                <tip_z sid="tip_z" type="float">0</tip_z>
              </technique>
            </extra>
          </node>
          <node id="Chariot_Ch_Wheel_L" name="Ch_Wheel_L" sid="Ch_Wheel_L" type="JOINT">
            <matrix sid="transform">1 0 0 2.428472 0 -2.50358e-7 0.9999999 2.873352 0 -0.9999999 -1.19209e-7 -2.329462 0 0 0 1</matrix>
            <extra>
              <technique profile="blender">
                <layer sid="layer" type="string">0</layer>
                <tip_x sid="tip_x" type="float">0</tip_x>
                <tip_y sid="tip_y" type="float">0.9523094</tip_y>
                <tip_z sid="tip_z" type="float">0</tip_z>
              </technique>
            </extra>
          </node>
          <node id="Chariot_Ch_holder" name="Ch_holder" sid="Ch_holder" type="JOINT">
            <matrix sid="transform">1 0 0 0 0 1 -2.26785e-7 3.701949 0 2.26785e-7 1 3.214373 0 0 0 1</matrix>
            <extra>
              <technique profile="blender">
                <layer sid="layer" type="string">0</layer>
                <tip_x sid="tip_x" type="float">0</tip_x>
                <tip_y sid="tip_y" type="float">-4.76837e-7</tip_y>
                <tip_z sid="tip_z" type="float">1.051297</tip_z>
              </technique>
            </extra>
          </node>
          <node id="Chariot_Ch_Wheel_small_R" name="Ch_Wheel_small_R" sid="Ch_Wheel_small_R" type="JOINT">
            <matrix sid="transform">1 0 0 -2.428472 0 -2.50358e-7 0.9999999 2.077373 0 -0.9999999 -1.19209e-7 -2.329461 0 0 0 1</matrix>
            <extra>
              <technique profile="blender">
                <layer sid="layer" type="string">0</layer>
                <tip_x sid="tip_x" type="float">0</tip_x>
                <tip_y sid="tip_y" type="float">0.9523094</tip_y>
                <tip_z sid="tip_z" type="float">0</tip_z>
              </technique>
            </extra>
          </node>
          <node id="Chariot_Ch_Wheel_small_L" name="Ch_Wheel_small_L" sid="Ch_Wheel_small_L" type="JOINT">
            <matrix sid="transform">1 0 0 2.428472 0 -2.50358e-7 0.9999999 2.077373 0 -0.9999999 -1.19209e-7 -2.329461 0 0 0 1</matrix>
            <extra>
              <technique profile="blender">
                <layer sid="layer" type="string">0</layer>
                <tip_x sid="tip_x" type="float">0</tip_x>
                <tip_y sid="tip_y" type="float">0.9523094</tip_y>
                <tip_z sid="tip_z" type="float">0</tip_z>
              </technique>
            </extra>
          </node>
          <node id="Chariot_Ch_wood_L" name="Ch_wood_L" sid="Ch_wood_L" type="JOINT">
            <matrix sid="transform">0.9994048 0.03449812 3.61167e-6 1.997059 -0.01180269 0.3420203 -0.9396185 2.954517 -0.03241631 0.9390591 0.3422239 -0.6828392 0 0 0 1</matrix>
            <extra>
              <technique profile="blender">
                <layer sid="layer" type="string">0</layer>
                <roll sid="roll" type="float">0.1949664</roll>
                <tip_x sid="tip_x" type="float">0.1084848</tip_x>
                <tip_y sid="tip_y" type="float">-2.953022</tip_y>
                <tip_z sid="tip_z" type="float">1.075537</tip_z>
              </technique>
            </extra>
          </node>
          <node id="Chariot_Ch_wood_R" name="Ch_wood_R" sid="Ch_wood_R" type="JOINT">
            <matrix sid="transform">0.9994048 -0.03449812 -3.61167e-6 -1.997059 0.01180269 0.3420203 -0.9396185 2.954517 0.03241631 0.9390591 0.3422239 -0.6828392 0 0 0 1</matrix>
            <extra>
              <technique profile="blender">
                <layer sid="layer" type="string">0</layer>
                <roll sid="roll" type="float">-0.1949664</roll>
                <tip_x sid="tip_x" type="float">-0.1084848</tip_x>
                <tip_y sid="tip_y" type="float">-2.953022</tip_y>
                <tip_z sid="tip_z" type="float">1.075537</tip_z>
              </technique>
            </extra>
          </node>
          <node id="Chariot_Ch_Wheel_med_R" name="Ch_Wheel_med_R" sid="Ch_Wheel_med_R" type="JOINT">
            <matrix sid="transform">1 0 0 -2.428472 0 -2.50838e-7 0.9999999 2.530267 0 -0.9999999 -1.19209e-7 -2.329462 0 0 0 1</matrix>
            <extra>
              <technique profile="blender">
                <layer sid="layer" type="string">0</layer>
                <tip_x sid="tip_x" type="float">0</tip_x>
                <tip_y sid="tip_y" type="float">0.9504879</tip_y>
                <tip_z sid="tip_z" type="float">0</tip_z>
              </technique>
            </extra>
          </node>
          <node id="Chariot_Ch_Wheel_med_L" name="Ch_Wheel_med_L" sid="Ch_Wheel_med_L" type="JOINT">
            <matrix sid="transform">1 0 0 2.428472 0 -2.50838e-7 0.9999999 2.530267 0 -0.9999999 -1.19209e-7 -2.329462 0 0 0 1</matrix>
            <extra>
              <technique profile="blender">
                <layer sid="layer" type="string">0</layer>
                <tip_x sid="tip_x" type="float">0</tip_x>
                <tip_y sid="tip_y" type="float">0.9504879</tip_y>
                <tip_z sid="tip_z" type="float">0</tip_z>
              </technique>
            </extra>
          </node>
          <node id="Chariot_Ch_wood_mid" name="Ch_wood_mid" sid="Ch_wood_mid" type="JOINT">
            <matrix sid="transform">1 5.56475e-5 -1.6376e-7 0.00248093 -1.91865e-5 0.3420211 -0.9396922 2.954517 -5.22355e-5 0.9396922 0.3420212 -0.6838311 0 0 0 1</matrix>
            <extra>
              <technique profile="blender">
                <layer sid="layer" type="string">0</layer>
                <roll sid="roll" type="float">3.15428e-4</roll>
                <tip_x sid="tip_x" type="float">1.74992e-4</tip_x>
                <tip_y sid="tip_y" type="float">-2.955006</tip_y>
                <tip_z sid="tip_z" type="float">1.075537</tip_z>
              </technique>
            </extra>
          </node>
          <node id="Chariot_Ch_carriage_lower" name="Ch_carriage_lower" sid="Ch_carriage_lower" type="JOINT">
            <matrix sid="transform">1 0 0 -5.87748e-7 0 -2.3441e-7 1 2.146833 0 -1 -2.38419e-7 -1.590607 0 0 0 1</matrix>
            <node id="Chariot_prop_rider2" name="prop_rider2" sid="prop_rider2" type="JOINT">
              <matrix sid="transform">1 0 0 -0.8479074 0 1 0 0.3280373 0 0 1 0.0759015 0 0 0 1</matrix>
              <extra>
                <technique profile="blender">
                  <layer sid="layer" type="string">16</layer>
                  <tip_x sid="tip_x" type="float">0</tip_x>
                  <tip_y sid="tip_y" type="float">0.5358735</tip_y>
                  <tip_z sid="tip_z" type="float">0</tip_z>
                </technique>
              </extra>
            </node>
            <node id="Chariot_prop_driver2" name="prop_driver2" sid="prop_driver2" type="JOINT">
              <matrix sid="transform">1 0 0 0.7957295 0 1 7.40668e-9 -0.1418958 0 -7.40668e-9 1 0.07662844 0 0 0 1</matrix>
              <extra>
                <technique profile="blender">
                  <layer sid="layer" type="string">16</layer>
                  <tip_x sid="tip_x" type="float">0</tip_x>
                  <tip_y sid="tip_y" type="float">1.005927</tip_y>
                  <tip_z sid="tip_z" type="float">0</tip_z>
                </technique>
              </extra>
            </node>
            <node id="Chariot_prop_rider3" name="prop_rider3" sid="prop_rider3" type="JOINT">
              <matrix sid="transform">1 0 0 0.00602734 0 1 0 1.310062 0 0 1 0.07590161 0 0 0 1</matrix>
              <extra>
                <technique profile="blender">
                  <layer sid="layer" type="string">16</layer>
                  <tip_x sid="tip_x" type="float">0</tip_x>
                  <tip_y sid="tip_y" type="float">0.5358734</tip_y>
                  <tip_z sid="tip_z" type="float">0</tip_z>
                </technique>
              </extra>
            </node>
            <node id="Chariot_prop_driver2_001" name="prop_driver2.001" sid="prop_driver2_001" type="JOINT">
              <matrix sid="transform">1 0 0 -0.6387773 0 1 0 -0.7465756 0 0 1 0.07662845 0 0 0 1</matrix>
              <extra>
                <technique profile="blender">
                  <layer sid="layer" type="string">16</layer>
                  <tip_x sid="tip_x" type="float">0</tip_x>
                  <tip_y sid="tip_y" type="float">1.005927</tip_y>
                  <tip_z sid="tip_z" type="float">0</tip_z>
                </technique>
              </extra>
            </node>
            <extra>
              <technique profile="blender">
                <layer sid="layer" type="string">0</layer>
                <tip_x sid="tip_x" type="float">0</tip_x>
                <tip_y sid="tip_y" type="float">3.051297</tip_y>
                <tip_z sid="tip_z" type="float">0</tip_z>
              </technique>
            </extra>
          </node>
          <node id="Chariot_prop_horse6" name="prop_horse6" sid="prop_horse6" type="JOINT">
            <matrix sid="transform">1 0 0 -1.051112 0 -2.37416e-7 1 0.9924589 0 -1 -2.38419e-7 5.191191 0 0 0 1</matrix>
            <extra>
              <technique profile="blender">
                <layer sid="layer" type="string">16</layer>
                <tip_x sid="tip_x" type="float">0</tip_x>
                <tip_y sid="tip_y" type="float">1.051297</tip_y>
                <tip_z sid="tip_z" type="float">0</tip_z>
              </technique>
            </extra>
          </node>
          <node id="Chariot_prop_horse5" name="prop_horse5" sid="prop_horse5" type="JOINT">
            <matrix sid="transform">1 0 0 1.039656 0 -2.37416e-7 1 0.9924589 0 -1 -2.38419e-7 5.191191 0 0 0 1</matrix>
            <extra>
              <technique profile="blender">
                <layer sid="layer" type="string">16</layer>
                <tip_x sid="tip_x" type="float">0</tip_x>
                <tip_y sid="tip_y" type="float">1.051297</tip_y>
                <tip_z sid="tip_z" type="float">0</tip_z>
              </technique>
            </extra>
          </node>
          <node id="Chariot_Ch_Wheel_small_brit_R" name="Ch_Wheel_small_brit_R" sid="Ch_Wheel_small_brit_R" type="JOINT">
            <matrix sid="transform">1 0 0 -1.598144 0 -2.50358e-7 0.9999999 2.077373 0 -0.9999999 -1.19209e-7 -2.329461 0 0 0 1</matrix>
            <extra>
              <technique profile="blender">
                <layer sid="layer" type="string">0</layer>
                <tip_x sid="tip_x" type="float">0</tip_x>
                <tip_y sid="tip_y" type="float">0.9523094</tip_y>
                <tip_z sid="tip_z" type="float">0</tip_z>
              </technique>
            </extra>
          </node>
          <node id="Chariot_Ch_Wheel_small_brit_L" name="Ch_Wheel_small_brit_L" sid="Ch_Wheel_small_brit_L" type="JOINT">
            <matrix sid="transform">1 0 0 1.598144 0 -2.50358e-7 0.9999999 2.077373 0 -0.9999999 -1.19209e-7 -2.329461 0 0 0 1</matrix>
            <extra>
              <technique profile="blender">
                <layer sid="layer" type="string">0</layer>
                <tip_x sid="tip_x" type="float">0</tip_x>
                <tip_y sid="tip_y" type="float">0.9523094</tip_y>
                <tip_z sid="tip_z" type="float">0</tip_z>
              </technique>
            </extra>
          </node>
          <extra>
            <technique profile="blender">
              <layer sid="layer" type="string">0</layer>
              <tip_x sid="tip_x" type="float">0</tip_x>
              <tip_y sid="tip_y" type="float">-2.38419e-7</tip_y>
              <tip_z sid="tip_z" type="float">1.051297</tip_z>
            </technique>
          </extra>
        </node>
        <node id="chariot_pers_a" name="chariot_pers_a" type="NODE">
          <matrix sid="transform">1 0 0 0 0 1 0 0 0 0 1 0 0 0 0 1</matrix>
          <instance_controller url="#Chariot_chariot_pers_a-skin">
            <skeleton>#Chariot_Ch_base</skeleton>
            <bind_material>
              <technique_common>
                <instance_material symbol="chariot_pers_a-material" target="#chariot_pers_a-material">
                  <bind_vertex_input semantic="chariota-mesh-mesh-map-0" input_semantic="TEXCOORD" input_set="0"/>
                </instance_material>
              </technique_common>
            </bind_material>
          </instance_controller>
        </node>
      </node>
    </visual_scene>
  </library_visual_scenes>
  <scene>
    <instance_visual_scene url="#Scene"/>
  </scene>
</COLLADA>