<?xml version="1.0" encoding="utf-8"?>
<COLLADA xmlns="http://www.collada.org/2005/11/COLLADASchema" version="1.4.1" xmlns:xsi="http://www.w3.org/2001/XMLSchema-instance">
  <asset>
    <contributor>
      <author>Blender User</author>
      <authoring_tool>Blender 4.3.1 commit date:2024-12-10, commit time:07:46, hash:33d812126174</authoring_tool>
    </contributor>
    <created>2026-04-06T08:46:54</created>
    <modified>2026-04-06T08:46:54</modified>
    <unit name="inch" meter="0.0254"/>
    <up_axis>Z_UP</up_axis>
  </asset>
  <library_effects>
    <effect id="Material_001-effect">
      <profile_COMMON>
        <newparam sid="mino_struct_png-surface">
          <surface type="2D">
            <init_from>mino_struct_png</init_from>
          </surface>
        </newparam>
        <newparam sid="mino_struct_png-sampler">
          <sampler2D>
            <source>mino_struct_png-surface</source>
          </sampler2D>
        </newparam>
        <technique sid="common">
          <lambert>
            <emission>
              <color sid="emission">0 0 0 1</color>
            </emission>
            <diffuse>
              <texture texture="mino_struct_png-sampler" texcoord="Cube_001-mesh-map-0"/>
            </diffuse>
            <index_of_refraction>
              <float sid="ior">1.5</float>
            </index_of_refraction>
          </lambert>
        </technique>
      </profile_COMMON>
    </effect>
  </library_effects>
  <library_images>
    <image id="mino_struct_png" name="mino_struct_png">
      <init_from>/home/welton/Downloads/mino_struct.png</init_from>
    </image>
  </library_images>
  <library_materials>
    <material id="Material_001-material" name="Material.001">
      <instance_effect url="#Material_001-effect"/>
    </material>
  </library_materials>
  <library_geometries>
    <geometry id="Cube_005-mesh" name="Cube.005">
      <mesh>
        <source id="Cube_005-mesh-positions">
          <float_array id="Cube_005-mesh-positions-array" count="4122">-2.620865 0.1955482 -0.2413944 -2.620865 7.886085 -0.2413944 7.543896 7.886085 -0.2413944 7.543896 0.1955482 -0.2413944 -2.620865 0.1955482 5.249825 -2.620865 7.886085 5.249825 7.543896 7.886085 5.249825 7.543896 0.1955482 5.249825 -3.01316 -0.1012573 -5.960986 -3.01316 8.182892 -5.960986 7.936193 8.182892 -5.960986 7.936193 -0.1012573 -5.960986 -3.01316 -0.1012573 -0.04591834 -3.01316 8.182892 -0.04591834 7.936193 8.182892 -0.04591834 7.936193 -0.1012573 -0.04591834 -2.639114 7.491511 -6.199816 -2.639114 8.321337 -6.199816 -1.642025 8.321337 -6.199816 -1.642025 7.491511 -6.199816 -2.639114 7.491511 0.1929169 -2.639114 8.321337 0.1929169 -1.642025 8.321337 0.1929169 -1.642025 7.491511 0.1929169 6.529269 7.491511 -6.199816 6.529269 8.321337 -6.199816 7.526358 8.321337 -6.199816 7.526358 7.491511 -6.199816 6.529269 7.491511 0.1929169 6.529269 8.321337 0.1929169 7.526358 8.321337 0.1929169 7.526358 7.491511 0.1929169 -2.639114 -0.267497 -6.199816 -2.639114 0.5623276 -6.199816 -1.642025 0.5623276 -6.199816 -1.642025 -0.267497 -6.199816 -2.639114 -0.267497 0.1929169 -2.639114 0.5623276 0.1929169 -1.642025 0.5623276 0.1929169 -1.642025 -0.267497 0.1929169 6.529269 -0.267497 -6.199816 6.529269 0.5623276 -6.199816 7.526358 0.5623276 -6.199816 7.526358 -0.267497 -6.199816 6.529269 -0.267497 0.1929169 6.529269 0.5623276 0.1929169 7.526358 0.5623276 0.1929169 7.526358 -0.267497 0.1929169 1.964239 7.491511 -6.199816 1.964239 8.321337 -6.199816 2.961329 8.321337 -6.199816 2.961329 7.491511 -6.199816 1.964239 7.491511 0.1929169 1.964239 8.321337 0.1929169 2.961329 8.321337 0.1929169 2.961329 7.491511 0.1929169 2.062616 0.1194777 4.304393 -0.3144586 0.1194777 4.304393 2.062616 0.1194777 -0.2992978 -0.3144586 0.1194777 -0.2992978 -2.211759 0.151498 -0.1290374 -2.211759 7.930136 -0.1290374 7.134792 7.930136 -0.1290374 7.134792 0.151498 -0.1290374 -2.211759 0.151498 0.4635735 -2.211759 7.930136 0.4635735 7.134792 7.930136 0.4635735 7.134792 0.151498 0.4635735 7.725516 0.05813813 5.650867 7.725516 8.023499 5.650867 -2.802484 8.023499 5.650867 -2.802484 0.05813813 5.650867 7.725516 0.05813813 5.086908 7.725516 8.023499 5.086908 -2.802484 8.023499 5.086908 -2.802484 0.05813813 5.086908 7.579301 0.168761 6.323112 7.579301 7.912871 6.323112 -2.656268 7.912871 6.323112 -2.656268 0.168761 6.323112 7.579301 0.168761 5.629987 7.579301 7.912871 5.629987 -2.656268 7.912871 5.629987 -2.656268 0.168761 5.629987 8.040781 -0.1803882 6.945003 8.040781 8.262023 6.945003 -3.117747 8.262023 6.945003 -3.117747 -0.1803882 6.945003 8.040781 -0.1803882 6.347265 8.040781 8.262023 6.347265 -3.117747 8.262023 6.347265 -3.117747 -0.1803882 6.347265 2.042361 0.1194777 -0.2992978 4.419436 0.1194777 -0.2992978 2.042361 0.1194777 4.304393 4.419436 0.1194777 4.304393 7.066186 -0.1543312 5.256744 6.765275 -0.1543312 5.083011 6.765275 -0.1543312 4.735554 7.066186 -0.1543312 4.561821 7.367096 -0.1543312 4.735554 7.367096 -0.1543312 5.083011 7.066186 8.283 5.256744 6.765275 8.283 5.083011 6.765275 8.283 4.735554 7.066186 8.283 4.561821 7.367096 8.283 4.735554 7.367096 8.283 5.083011 2.962421 -0.1543312 5.230158 2.617887 -0.1543312 5.185155 2.484593 -0.1543312 4.86428 2.695833 -0.1543312 4.588407 3.040368 -0.1543312 4.633409 3.173662 -0.1543312 4.954285 2.962421 8.283 5.230158 2.617887 8.283 5.185155 2.484593 8.283 4.86428 2.695833 8.283 4.588407 3.040368 8.283 4.633409 3.173662 8.283 4.954285 1.335934 -0.3112304 4.658059 1.619868 -0.3112304 4.66872 1.752605 -0.3112304 4.91994 1.601407 -0.3112304 5.160506 1.317473 -0.3112304 5.149848 1.184736 -0.3112304 4.898625 1.335934 8.439899 4.658059 1.619868 8.439899 4.66872 1.752605 8.439899 4.91994 1.601407 8.439899 5.160506 1.317473 8.439899 5.149848 1.184736 8.439899 4.898625 -0.7276002 -0.6909211 4.636259 -0.419027 -0.6909211 4.647844 -0.2747724 -0.6909211 4.920868 -0.4390897 -0.6909211 5.182306 -0.747663 -0.6909211 5.170725 -0.8919181 -0.6909211 4.897701 -0.7276002 8.253256 4.636259 -0.419027 8.253256 4.647844 -0.2747724 8.253256 4.920868 -0.4390897 8.253256 5.182306 -0.747663 8.253256 5.170725 -0.8919181 8.253256 4.897701 7.543158 6.723837 4.256324 7.543158 7.03241 4.267909 7.543158 7.176665 4.540933 7.543158 7.012346 4.802371 7.543158 6.703773 4.79079 7.543158 6.559523 4.517766 -2.651031 6.723841 4.256324 -2.651031 7.03241 4.267909 -2.651031 7.176665 4.540933 -2.651031 7.012346 4.802371 -2.651031 6.703777 4.79079 -2.651031 6.559523 4.517766 7.543158 0.8746886 4.256324 7.543158 1.183262 4.267909 7.543158 1.327517 4.540933 7.543158 1.163199 4.802371 7.543158 0.8546262 4.79079 7.543158 0.7103717 4.517766 -2.651031 0.8746901 4.256324 -2.651031 1.183263 4.267909 -2.651031 1.327517 4.540933 -2.651031 1.1632 4.802371 -2.651031 0.8546269 4.79079 -2.651031 0.7103717 4.517766 7.465513 0.3493495 6.945003 -2.542482 0.3493495 6.945003 7.465513 7.732285 6.945003 -2.542482 7.732285 6.945003 7.465513 0.3493495 6.665191 -2.542482 0.3493495 6.665191 7.465513 7.732285 6.665191 -2.542482 7.732285 6.665191 2.461516 -0.1803882 6.099314 2.461516 -0.1803882 6.697052 2.461516 8.262023 6.099314 2.461516 8.262023 6.697052 2.461516 0.3493495 6.697052 2.461516 7.732285 6.697052 2.461516 0.3493495 6.417241 2.461516 7.732285 6.417241 -2.542482 4.040817 6.39919 7.465513 4.040817 6.39919 -2.542482 4.040817 6.679002 7.465513 4.040817 6.679002 2.461516 4.040817 6.151239 -3.117747 4.040817 6.679002 -3.117747 4.040817 6.081264 8.040781 4.040817 6.679002 8.040781 4.040817 6.081264 4.886693 0.01633715 4.8678 -0.7969166 0.01633715 4.8678 4.886693 0.01633715 4.30384 -0.7969166 0.01633715 4.30384 4.639554 1.831342 6.583865 0.8230237 2.999662 6.538775 0.6565145 2.455221 6.525638 4.473042 1.286903 6.570728 4.600302 1.848839 6.356263 0.7837734 3.017158 6.311173 0.6172642 2.472717 6.298036 4.433793 1.304398 6.343126 5.814007 5.256912 6.607618 2.302475 3.359541 6.555035 2.573251 2.85872 6.539714 6.084781 4.756089 6.592297 5.773989 5.241245 6.342187 2.262459 3.343875 6.289603 2.533234 2.843055 6.274283 6.044764 4.740426 6.326867 -2.30732 4.759116 3.496536 -2.30732 3.16594 3.496536 -2.30732 4.759116 5.020699 -2.30732 3.16594 5.020699 -2.328724 3.062959 3.611503 -2.328724 4.917559 3.611503 -2.328724 3.062959 3.047543 -2.328724 4.917559 3.047543 7.088219 11.08117 -7.206289 7.551686 10.8671 -7.210924 7.606387 10.3809 -7.320219 7.197622 10.10877 -7.424869 6.734155 10.32282 -7.420234 6.679453 10.80902 -7.310943 5.93285 7.568447 6.115744 6.192312 7.448607 6.113148 6.222935 7.176422 6.051968 5.994094 7.024067 5.993378 5.734632 7.143907 5.995973 5.704009 7.4161 6.057157 2.51222 11.34933 -7.206289 3.021816 11.31871 -7.210924 3.24979 10.8858 -7.320219 2.968172 10.48351 -7.424869 2.458577 10.51413 -7.420234 2.230602 10.94703 -7.310943 2.715178 7.657059 6.115744 3.000464 7.63992 6.113148 3.128089 7.397565 6.051968 2.970432 7.172345 5.993378 2.685147 7.189487 5.995973 2.557518 7.431843 6.057157 3.909506 4.957178 7.298802 3.921091 5.265752 7.298802 4.194114 5.410006 7.298802 4.455554 5.245687 7.298802 4.443972 4.937119 7.298802 4.170947 4.792863 7.298802 3.795491 4.896936 7.107501 3.811913 5.334372 7.107501 4.198952 5.538869 7.107501 4.56957 5.305929 7.107501 4.553151 4.868498 7.107501 4.16611 4.664001 7.107501 3.795491 4.896936 6.686276 3.811913 5.334372 6.686276 4.198952 5.538869 6.686276 4.56957 5.305929 6.686276 4.553151 4.868498 6.686276 4.16611 4.664001 6.686276 3.893065 4.948492 6.25882 3.905348 5.275647 6.25882 4.194812 5.428588 6.25882 4.471995 5.254378 6.25882 4.459716 4.927222 6.25882 4.170249 4.774281 6.25882 4.182531 5.101438 7.174843 2.750308 6.113178 7.051133 3.120852 6.247919 7.051133 3.422811 5.994389 7.051133 3.354226 5.606117 7.051133 2.983684 5.47138 7.051133 2.681725 5.724911 7.051133 2.624209 6.219057 6.909969 3.149493 6.410057 6.909969 3.57755 6.050656 6.909969 3.480325 5.500241 6.909969 2.955043 5.309237 6.909969 2.526986 5.668642 6.909969 2.624209 6.219057 6.599143 3.149493 6.410057 6.599143 3.57755 6.050656 6.599143 3.480325 5.500241 6.599143 2.955043 5.309237 6.599143 2.526986 5.668642 6.599143 2.732124 6.128448 6.283717 3.124983 6.271297 6.283717 3.445124 6.002501 6.283717 3.37241 5.590851 6.283717 2.979554 5.447998 6.283717 2.659412 5.716798 6.283717 3.052267 5.859648 6.959665 -0.3692983 1.254608 7.357912 -0.1579108 1.037932 7.357912 -0.2398633 0.7465282 7.357912 -0.5332032 0.6717985 7.357912 -0.7445919 0.8884738 7.357912 -0.6626384 1.179878 7.357912 -0.3350746 1.376301 7.189081 -0.03541123 1.069139 7.189081 -0.1515876 0.6560435 7.189081 -0.5674272 0.5501068 7.189081 -0.8670923 0.857266 7.189081 -0.750914 1.270363 7.189081 -0.3350746 1.376301 6.817324 -0.03541123 1.069139 6.817324 -0.1515876 0.6560435 6.817324 -0.5674272 0.5501068 6.817324 -0.8670923 0.857266 6.817324 -0.750914 1.270363 6.817324 -0.3643632 1.272157 6.440069 -0.1402465 1.042432 6.440069 -0.2271339 0.7334802 6.440069 -0.5381385 0.6542504 6.440069 -0.762256 0.8839734 6.440069 -0.6753681 1.192926 6.440069 -0.4512509 0.963203 7.248514 4.419436 0.09533166 -0.2992978 4.419436 0.09533166 4.304393 2.042361 -0.06957936 4.304393 2.042361 -0.06957936 -0.2992978 -2.312687 -0.6909211 4.636259 -2.004114 -0.6909211 4.647844 -1.859859 -0.6909211 4.920868 -2.024177 -0.6909211 5.182306 -2.33275 -0.6909211 5.170725 -2.477005 -0.6909211 4.897701 -2.312687 8.253256 4.636259 -2.004114 8.253256 4.647844 -1.859859 8.253256 4.920868 -2.024177 8.253256 5.182306 -2.33275 8.253256 5.170725 -2.477005 8.253256 4.897701 4.990439 -0.1543312 5.230158 4.645904 -0.1543312 5.185155 4.51261 -0.1543312 4.86428 4.723851 -0.1543312 4.588407 5.068386 -0.1543312 4.633409 5.20168 -0.1543312 4.954285 4.990439 8.283 5.230158 4.645904 8.283 5.185155 4.51261 8.283 4.86428 4.723851 8.283 4.588407 5.068386 8.283 4.633409 5.20168 8.283 4.954285 -3.040432 3.576867 4.304393 -2.579913 1.244828 4.304393 -3.040432 3.576867 -0.2992975 -2.579913 1.244828 -0.2992975 -2.810173 5.348407 4.304393 -2.810173 2.971332 4.304393 -2.810173 5.348407 -0.2992975 -2.810173 2.971332 -0.2992975 4.886693 0.2144904 4.8678 4.886693 0.2144904 4.30384 -0.7969166 0.2144904 4.8678 -0.7969166 0.2144904 4.30384 -1.810396 1.868099 -0.686162 -1.398013 5.655507 -0.7986732 -3.304212 1.932701 -0.6588025 -3.031527 5.72615 -0.7687526 -1.910136 1.870685 0.1206182 -1.591105 5.658665 0.01087325 -3.117403 1.933535 0.1394791 -2.911268 5.727392 0.03150081 -2.147612 1.659562 -1.32099 -1.690639 5.85652 -1.426569 -3.802968 1.73115 -1.295316 -3.50079 5.934804 -1.398495 -2.258146 1.662429 -0.5639038 -1.90461 5.860019 -0.6668902 -3.595958 1.732075 -0.5462046 -3.367527 5.936176 -0.647532 -2.30287 5.529474 -0.3478227 -2.30287 5.529474 5.195809 -2.30287 4.733067 -0.3478227 -2.30287 4.636111 5.195809 -2.30287 2.041896 5.195809 -2.30287 2.138849 -0.3478227 -2.30287 2.935258 5.195809 -2.30287 2.935258 -0.3478227 -2.403691 5.034306 4.762371 -2.403691 2.523387 4.762371 -2.403691 5.034306 4.976676 -2.403691 2.523387 4.976676 -2.472402 5.082793 5.195809 -2.472402 5.131268 -0.3478227 -2.472402 2.537055 -0.3478227 -2.472402 2.488577 5.195809 -2.38746 4.848799 -0.2794566 -2.38746 4.821052 4.393896 -2.38746 2.724104 4.393896 -2.38746 2.685116 -0.2794566 5.311999 0.2644484 0.1277375 5.388119 -0.1182348 0.1277375 5.604892 -0.4426583 0.1277375 5.929316 -0.6594311 0.1277375 6.311999 -0.7355514 0.1277375 6.694682 -0.6594313 0.1277375 7.019105 -0.4426583 0.1277375 7.235877 -0.1182348 0.1277375 7.311999 0.2644489 0.1277375 5.481539 0.2644484 0.1277375 5.544754 -0.05335474 0.1277375 5.724775 -0.3227755 0.1277375 5.994194 -0.5027965 0.1277375 6.311999 -0.5660113 0.1277375 6.629801 -0.5027965 0.1277375 6.899222 -0.3227751 0.1277375 7.079245 -0.0533545 0.1277375 7.142459 0.2644489 0.1277375 5.311999 0.2644484 0.1277375 5.388119 -0.1182348 0.1277375 5.604892 -0.4426583 0.1277375 5.929316 -0.6594311 0.1277375 6.311999 -0.7355514 0.1277375 6.694682 -0.6594313 0.1277375 7.019105 -0.4426583 0.1277375 7.235877 -0.1182348 0.1277375 7.311999 0.2644489 0.1277375 5.311999 0.2644484 -3.814788 5.388119 -0.1182348 -3.814788 5.604892 -0.4426583 -3.814788 5.929316 -0.6594311 -3.814788 6.311999 -0.7355514 -3.814788 6.694682 -0.6594313 -3.814788 7.019105 -0.4426583 -3.814788 7.235877 -0.1182348 -3.814788 7.311999 0.2644489 -3.814788 5.481539 0.2644484 0.1277375 5.544754 -0.05335474 0.1277375 5.724775 -0.3227755 0.1277375 5.994194 -0.5027965 0.1277375 6.311999 -0.5660113 0.1277375 6.629801 -0.5027965 0.1277375 6.899222 -0.3227751 0.1277375 7.079245 -0.0533545 0.1277375 7.142459 0.2644489 0.1277375 5.481539 0.2644484 -0.01840823 5.544754 -0.05335474 -0.01840823 5.724775 -0.3227755 -0.01840823 5.994194 -0.5027965 -0.01840823 6.311999 -0.5660113 -0.01840823 6.629801 -0.5027965 -0.01840823 6.899222 -0.3227751 -0.01840823 7.079245 -0.0533545 -0.01840823 7.142459 0.2644489 -0.01840823 -4.669402 -0.03327178 -1.430325 -4.562182 -0.1905598 -1.430325 -4.719471 -0.2977787 -1.430325 -4.82669 -0.1404902 -1.430325 -4.669402 -0.03327178 -0.0439639 -4.562182 -0.1905598 -0.0439639 -4.719471 -0.2977787 -0.0439639 -4.82669 -0.1404902 -0.0439639 -2.920184 1.159117 -1.430325 -2.812966 1.001829 -1.430325 -2.970254 0.8946102 -1.430325 -3.077472 1.051898 -1.430325 -2.920184 1.159117 -0.0439639 -2.812966 1.001829 -0.0439639 -2.970254 0.8946102 -0.0439639 -3.077472 1.051898 -0.0439639 -4.706492 -0.2648118 -1.313318 -4.638441 -0.2182052 -1.453335 -4.706788 -0.1179327 -1.453299 -4.77501 -0.1642353 -1.313336 -2.8364 0.9995997 -0.002123832 -2.762301 1.050068 -0.1550849 -2.839215 1.16283 -0.1551184 -2.913275 1.112291 -0.002144336 -2.728696 1.082002 -1.28585 -2.792332 1.038579 -1.445537 -2.869255 1.151336 -1.445524 -2.805567 1.194695 -1.285823 -4.759251 -0.3413788 -1.361711 -4.75552 -0.3388621 -1.605611 -4.883493 -0.1495556 -1.605611 -4.887224 -0.1520733 -1.361711 -2.53272 1.163208 -1.407411 -2.528988 1.165726 -1.651211 -2.656961 1.355031 -1.651211 -2.660694 1.352514 -1.407411 -4.669402 -0.03327178 0.08266496 -4.562182 -0.1905598 0.08266496 -4.719471 -0.2977787 0.08266496 -4.82669 -0.1404902 0.08266496 -4.669402 -0.03327178 1.469027 -4.562182 -0.1905598 1.469027 -4.719471 -0.2977787 1.469027 -4.82669 -0.1404902 1.469027 -2.920184 1.159117 0.08266496 -2.812966 1.001829 0.08266496 -2.970254 0.8946102 0.08266496 -3.077472 1.051898 0.08266496 -2.920184 1.159117 1.469027 -2.812966 1.001829 1.469027 -2.970254 0.8946102 1.469027 -3.077472 1.051898 1.469027 -4.759251 -0.3413788 1.690583 -4.75552 -0.3388621 1.446683 -4.883493 -0.1495556 1.446683 -4.887224 -0.1520733 1.690583 -2.53272 1.163208 1.644883 -2.528988 1.165726 1.401083 -2.656961 1.355031 1.401083 -2.660694 1.352514 1.644883 -4.718587 -0.2730557 0.2135119 -4.650534 -0.226449 0.07349395 -4.718882 -0.1261768 0.07353067 -4.787104 -0.1724791 0.2134928 -2.8364 0.9995997 1.510867 -2.762301 1.050068 1.357905 -2.839215 1.16283 1.357872 -2.913275 1.112291 1.510846 -2.728696 1.082002 0.2271404 -2.792332 1.038579 0.06745338 -2.869255 1.151336 0.06746768 -2.805567 1.194695 0.2271676 -4.759251 -0.3413788 0.1512804 -4.75552 -0.3388621 -0.09261989 -4.883493 -0.1495556 -0.09261989 -4.887224 -0.1520733 0.1512804 -2.53272 1.163208 0.1055798 -2.528988 1.165726 -0.1382197 -2.656961 1.355031 -0.1382197 -2.660694 1.352514 0.1055798 -4.638525 -0.2149262 1.173038 -4.698772 -0.1265447 1.173067 -4.638509 -0.21495 1.355876 -4.707888 -0.1131725 1.173066 -4.645468 -0.204741 1.355877 -4.707825 -0.1132645 1.337406 -4.707806 -0.1132919 1.355842 -4.638537 -0.2149093 1.195806 -4.713412 -0.1171083 -0.1717242 -4.713396 -0.1171357 -0.1538318 -4.644148 -0.2187197 -0.3143387 -4.644136 -0.2187361 -0.3365922 -4.704567 -0.1300864 -0.3365631 -4.64412 -0.2187609 -0.1537985 -4.713477 -0.1170163 -0.3365641 -4.650875 -0.2088532 -0.1537975 -5.630438 1.004622 -1.430325 -5.630438 1.194979 -1.430325 -5.440082 1.194979 -1.430325 -5.440082 1.004622 -1.430325 -5.630438 1.004622 -0.0439639 -5.630438 1.194979 -0.0439639 -5.440082 1.194979 -0.0439639 -5.440082 1.004622 -0.0439639 -7.747406 1.004622 -1.430325 -7.747406 1.194978 -1.430325 -7.557049 1.194978 -1.430325 -7.557049 1.004622 -1.430325 -7.747406 1.004622 -0.0439639 -7.747406 1.194978 -0.0439639 -7.557049 1.194978 -0.0439639 -7.557049 1.004622 -0.0439639 -5.469375 1.175049 -1.313318 -5.551856 1.174869 -1.453335 -5.551861 1.053519 -1.453299 -5.46941 1.053351 -1.313336 -7.726787 1.18362 -0.002123832 -7.816441 1.183656 -0.1550849 -7.816401 1.04716 -0.1551184 -7.72674 1.047205 -0.002144336 -7.862195 1.176198 -1.28585 -7.785155 1.176233 -1.445537 -7.785106 1.039738 -1.445524 -7.862151 1.039783 -1.285823 -5.382655 1.208599 -1.361711 -5.387155 1.208621 -1.605611 -5.38804 0.9801188 -1.605611 -5.383539 0.9800973 -1.361711 -8.069869 1.219481 -1.407411 -8.07437 1.219503 -1.651211 -8.075256 0.9910028 -1.651211 -8.070753 0.9909802 -1.407411 -5.630438 1.004622 0.08266496 -5.630438 1.194979 0.08266496 -5.440082 1.194979 0.08266496 -5.440082 1.004622 0.08266496 -5.630438 1.004622 1.469027 -5.630438 1.194979 1.469027 -5.440082 1.194979 1.469027 -5.440082 1.004622 1.469027 -7.747406 1.004622 0.08266496 -7.747406 1.194978 0.08266496 -7.557049 1.194978 0.08266496 -7.557049 1.004622 0.08266496 -7.747406 1.004622 1.469027 -7.747406 1.194978 1.469027 -7.557049 1.194978 1.469027 -7.557049 1.004622 1.469027 -5.382655 1.208599 1.690583 -5.387155 1.208621 1.446683 -5.38804 0.9801188 1.446683 -5.383539 0.9800973 1.690583 -8.069869 1.219481 1.644883 -8.07437 1.219503 1.401083 -8.075256 0.9910028 1.401083 -8.070753 0.9909802 1.644883 -5.454738 1.175049 0.2135119 -5.53722 1.174869 0.07349395 -5.537225 1.053519 0.07353067 -5.454773 1.053351 0.2134928 -7.726787 1.18362 1.510867 -7.816441 1.183656 1.357905 -7.816401 1.04716 1.357872 -7.72674 1.047205 1.510846 -7.862195 1.176198 0.2271404 -7.785155 1.176233 0.06745338 -7.785106 1.039738 0.06746768 -7.862151 1.039783 0.2271676 -5.382655 1.208599 0.1512804 -5.387155 1.208621 -0.09261989 -5.38804 0.9801188 -0.09261989 -5.383539 0.9800973 0.1512804 -8.069869 1.219481 0.1055798 -8.07437 1.219503 -0.1382197 -8.075256 0.9910028 -0.1382197 -8.070753 0.9909802 0.1055798 -5.553633 1.172112 1.173038 -5.553633 1.065149 1.173067 -5.553634 1.172141 1.355876 -5.553633 1.048966 1.173066 -5.553633 1.159785 1.355877 -5.553634 1.049077 1.337406 -5.553634 1.049111 1.355842 -5.553633 1.172091 1.195806 -5.546851 1.049106 -0.1717242 -5.546849 1.049138 -0.1538318 -5.546849 1.17208 -0.3143387 -5.546849 1.172099 -0.3365922 -5.546849 1.064812 -0.3365631 -5.546849 1.172129 -0.1537985 -5.546849 1.048994 -0.3365641 -5.546849 1.160138 -0.1537975 -2.293534 5.169059 4.864807 -2.233283 5.159498 4.628441 -2.230933 5.36224 4.620839 -2.291184 5.3718 4.857202 -7.999063 5.163298 2.87461 -7.9388 5.153729 2.638146 -7.936451 5.356472 2.630543 -7.99671 5.366039 2.867008 -2.588929 5.305732 4.762908 -2.62536 0.8612645 4.762908 -3.212792 0.8916268 4.536883 -3.254657 5.368982 4.536883 -2.652965 5.305732 4.946538 -2.689395 0.8612645 4.946538 -3.276828 0.8916268 4.720515 -3.265985 5.330329 4.720515 -3.38267 5.305731 4.486115 -3.406955 0.9523532 4.486115 -3.957952 0.8916261 4.26009 -4.048398 5.379521 4.26009 -3.418595 5.267078 4.669747 -3.470991 0.9523532 4.669747 -4.021987 0.8916261 4.443722 -4.094864 5.30573 4.443722 -4.206772 5.30573 4.209322 -4.161921 0.9673357 4.209322 -4.803285 0.8737424 3.983299 -4.794207 5.311801 3.983299 -4.270808 5.30573 4.392955 -4.225284 0.9580896 4.392955 -4.866649 0.8644955 4.16693 -4.882532 5.354309 4.16693 -4.982296 5.366453 3.932531 -4.987635 0.8151085 3.932531 -5.618304 0.891624 3.706506 -5.600091 5.263222 3.706506 -5.04633 5.366453 4.116162 -5.051671 0.8151085 4.116162 -5.68234 0.891624 3.890136 -5.682345 5.305728 3.890136 -5.818542 5.33609 3.655738 -5.776031 0.7944648 3.655738 -6.412045 0.8916233 3.429715 -6.393834 5.25715 3.429715 -5.876506 5.281439 3.83937 -5.840067 0.8491171 3.83937 -6.476079 0.8916233 3.613345 -6.457869 5.25715 3.613345 -6.557632 5.305727 3.378946 -6.557628 0.8916233 3.378946 -7.169351 0.7762451 3.15292 -7.211863 5.287509 3.15292 -6.658102 5.287509 3.562577 -6.621663 0.8916233 3.562577 -7.245531 0.8308973 3.336551 -7.245535 5.245005 3.336551 -7.357444 5.390739 3.102153 -7.375658 0.8308973 3.102153 -7.999526 0.8916216 2.876129 -7.999532 5.305727 2.876129 -7.421481 5.348233 3.285785 -7.482199 0.7823176 3.285785 -8.063565 0.8916216 3.05976 -8.06357 5.305727 3.05976 -2.712815 -6.99506 1.304398 -2.712815 -7.198059 1.304398 -2.712815 -7.198059 1.548498 -2.712815 -6.99506 1.548498 -2.668318 -6.99046 2.163198 -2.668318 -7.193358 2.163198 -2.686419 -7.193358 2.406398 -2.686419 -6.99046 2.406398 0.2923832 -7.241558 1.042598 0.2923833 -7.48566 1.042598 0.2923833 -7.48566 1.286698 0.2923832 -7.241558 1.286698 4.251482 -7.241556 2.400498 4.251482 -7.485658 2.400498 4.251482 -7.485658 2.156298 4.251482 -7.241556 2.156298 -5.886914 -7.23316 3.555197 -5.642716 -7.233159 3.555197 -5.642716 -6.98906 3.555197 -5.886914 -6.98906 3.555197 -5.886914 -7.23316 -1.90735e-6 -5.642716 -7.233159 -1.90735e-6 -5.642716 -6.98906 -1.90735e-6 -5.886914 -6.98906 -1.90735e-6 -2.889318 -7.233158 3.555197 -2.645215 -7.233158 3.555197 -2.645215 -6.989059 3.555197 -2.889318 -6.989059 3.555197 -2.889318 -7.233158 -1.90735e-6 -2.645215 -7.233158 -1.90735e-6 -2.645215 -6.989059 -1.90735e-6 -2.889318 -6.989059 -1.90735e-6 0.2976822 -7.233158 3.555197 0.5417841 -7.233158 3.555197 0.5417841 -6.989059 3.555197 0.2976822 -6.989059 3.555197 0.2976822 -7.233158 -1.90735e-6 0.5417841 -7.233158 -1.90735e-6 0.5417841 -6.989059 -1.90735e-6 0.2976822 -6.989059 -1.90735e-6 3.972686 -7.233156 3.555197 4.216883 -7.233156 3.555197 4.216883 -6.989058 3.555197 3.972686 -6.989058 3.555197 3.972686 -7.233156 -1.90735e-6 4.216884 -7.233156 -1.90735e-6 4.216884 -6.989058 -1.90735e-6 3.972686 -6.989058 -1.90735e-6 7.513286 -7.233155 3.555197 7.757381 -7.233155 3.555197 7.757381 -6.989058 3.555197 7.513286 -6.989058 3.555197 7.513286 -7.233155 -1.90735e-6 7.757381 -7.233155 -1.90735e-6 7.757381 -6.989058 -1.90735e-6 7.513286 -6.989058 -1.90735e-6 -2.387217 -7.197762 2.736898 -2.387217 -7.197762 2.492698 -2.387217 -6.994759 2.492698 -2.387217 -6.994759 2.736898 -5.902418 -7.197762 2.736898 -5.902418 -7.197762 2.492698 -5.902418 -6.99476 2.492698 -5.902418 -6.99476 2.736898 -2.690618 -7.197762 1.222998 -2.708818 -7.197762 0.9797978 -2.708818 -6.994759 0.9797978 -2.690618 -6.994759 1.222998 -5.708715 -7.197763 1.532798 -5.726816 -7.197763 1.289598 -5.726816 -6.99476 1.289598 -5.708715 -6.99476 1.532798 0.3167822 -7.198058 1.548498 0.3167822 -7.198058 1.304398 0.3167822 -6.995059 1.304398 0.3167822 -6.995059 1.548498 0.3315832 -7.193358 2.716299 0.3497832 -7.193358 2.472998 0.3497832 -6.990458 2.472998 0.3315832 -6.990458 2.716299 4.224685 -7.485658 1.286698 4.224685 -7.485658 1.042598 4.224685 -7.241556 1.042598 4.224685 -7.241556 1.286698 0.1299841 -7.48566 2.156298 0.1299841 -7.48566 2.400498 0.1299841 -7.241558 2.400498 0.1299841 -7.241558 2.156298 7.549284 -7.19776 2.736898 7.549284 -7.19776 2.492698 7.549284 -6.994756 2.492698 7.549284 -6.994756 2.736898 4.034082 -7.19776 2.736898 4.034082 -7.19776 2.492698 4.034082 -6.994758 2.492698 4.034082 -6.994758 2.736898 7.924981 -7.19776 1.328998 7.928985 -7.19776 1.085098 7.928985 -6.994756 1.085098 7.924981 -6.994756 1.328998 4.016086 -7.19776 1.374598 4.020081 -7.19776 1.130698 4.020081 -6.994758 1.130698 4.016086 -6.994758 1.374598 1.957083 -7.262457 2.611099 2.201182 -7.262457 2.611099 2.201181 -7.01826 2.611099 1.957083 -7.01826 2.611099 1.957083 -7.262457 0.8936977 2.201182 -7.262457 0.8936977 2.201181 -7.01826 0.8936977 1.957083 -7.01826 0.8936977 2.458583 -7.262457 2.611099 2.458581 -7.01826 2.611099 2.214384 -7.01826 2.611099 2.214385 -7.262457 2.611099 2.458583 -7.262457 0.8936977 2.458581 -7.01826 0.8936977 2.214384 -7.01826 0.8936977 2.214385 -7.262457 0.8936977 7.513285 -3.525155 3.555197 7.757381 -3.525155 3.555197 7.757381 -3.280956 3.555197 7.513285 -3.280957 3.555197 7.513285 -3.525155 -1.90735e-6 7.757381 -3.525155 -1.90735e-6 7.757381 -3.280956 -1.90735e-6 7.513285 -3.280957 -1.90735e-6 7.31778 -7.129259 2.931398 7.31778 -7.152158 2.688199 7.520783 -7.152157 2.688199 7.520783 -7.129259 2.931398 7.31778 -3.367357 2.624998 7.31778 -3.390157 2.381798 7.520783 -3.390157 2.381798 7.520783 -3.367357 2.624998 7.283584 -7.296057 1.569398 7.283584 -7.300158 1.325598 7.486484 -7.300158 1.325598 7.486484 -7.296057 1.569398 7.283583 -3.387159 1.615098 7.283583 -3.391257 1.371198 7.486483 -3.391257 1.371198 7.486483 -3.387159 1.615098 7.317779 1.029275 2.772558 7.317779 1.007688 3.015733 7.520782 1.007688 3.015733 7.520782 1.029275 2.772558 7.31778 -3.355668 2.383692 7.31778 -3.377256 2.626867 7.520783 -3.377256 2.626867 7.520783 -3.355668 2.383692 7.486485 0.9911993 1.551398 7.486485 0.9957008 1.307599 7.283584 0.9957008 1.307599 7.283584 0.9911988 1.551398 7.486485 -3.361401 1.597098 7.486485 -3.356901 1.353199 7.283586 -3.356901 1.353199 7.283586 -3.361401 1.597098 -7.909596 0.9479153 1.597098 -7.908796 0.9434867 1.353199 -7.709117 0.9795015 1.353199 -7.709918 0.9839308 1.597098 -7.137012 -3.335569 1.551398 -7.136212 -3.34 1.307599 -6.936535 -3.303985 1.307599 -6.937334 -3.299554 1.551398 -7.94456 0.9485164 3.001598 -7.948339 0.9694803 2.758398 -7.74856 1.005512 2.758398 -7.74478 0.9845495 3.001598 -7.166156 -3.367246 2.617898 -7.169936 -3.346283 2.374698 -6.970156 -3.31025 2.374698 -6.966375 -3.331213 2.617898 -7.121421 -3.410518 1.615098 -7.120097 -3.414395 1.371198 -6.928084 -3.348822 1.371198 -6.929409 -3.344945 1.615098 -5.858157 -7.109657 1.569398 -5.85683 -7.113538 1.325598 -5.664818 -7.047966 1.325598 -5.666142 -7.044085 1.569398 -7.160282 -3.402864 2.624998 -7.152914 -3.424441 2.381798 -6.960804 -3.358834 2.381798 -6.968173 -3.337258 2.624998 -5.944522 -6.962895 2.931398 -5.93712 -6.984567 2.688199 -5.745012 -6.918961 2.688199 -5.752412 -6.897289 2.931398 -7.149377 -3.289379 -1.90735e-6 -7.393462 -3.291946 -1.90735e-6 -7.390894 -3.536131 -1.90735e-6 -7.146809 -3.533563 -1.90735e-6 -7.149377 -3.289379 3.555197 -7.393462 -3.291946 3.555197 -7.390894 -3.536131 3.555197 -7.146809 -3.533563 3.555197 -2.712815 -6.99506 -1.655388 -2.712815 -7.198059 -1.655388 -2.712815 -7.198059 -1.411287 -2.712815 -6.99506 -1.411287 -2.668318 -6.99046 -0.7965876 -2.668318 -7.193358 -0.7965876 -2.686419 -7.193358 -0.5533872 -2.686419 -6.99046 -0.5533872 0.2923832 -7.241558 -1.917188 0.2923833 -7.48566 -1.917188 0.2923833 -7.48566 -1.673088 0.2923832 -7.241558 -1.673088 4.251482 -7.241556 -0.5592877 4.251482 -7.485658 -0.5592877 4.251482 -7.485658 -0.8034868 4.251482 -7.241556 -0.8034868 -5.886914 -7.23316 -3.555202 -5.642716 -7.233159 -3.555202 -5.642716 -6.98906 -3.555202 -5.886914 -6.98906 -3.555202 -5.886914 -7.23316 -1.90735e-6 -5.642716 -7.233159 -1.90735e-6 -5.642716 -6.98906 -1.90735e-6 -5.886914 -6.98906 -1.90735e-6 -2.889318 -7.233158 -3.555202 -2.645215 -7.233158 -3.555202 -2.645215 -6.989059 -3.555202 -2.889318 -6.989059 -3.555202 -2.889318 -7.233158 -1.90735e-6 -2.645215 -7.233158 -1.90735e-6 -2.645215 -6.989059 -1.90735e-6 -2.889318 -6.989059 -1.90735e-6 0.2976822 -7.233158 -3.555202 0.5417841 -7.233158 -3.555202 0.5417841 -6.989059 -3.555202 0.2976822 -6.989059 -3.555202 0.2976822 -7.233158 -1.90735e-6 0.5417841 -7.233158 -1.90735e-6 0.5417841 -6.989059 -1.90735e-6 0.2976822 -6.989059 -1.90735e-6 3.972686 -7.233156 -3.555202 4.216883 -7.233156 -3.555202 4.216883 -6.989058 -3.555202 3.972686 -6.989058 -3.555202 3.972686 -7.233156 -1.90735e-6 4.216884 -7.233156 -1.90735e-6 4.216884 -6.989058 -1.90735e-6 3.972686 -6.989058 -1.90735e-6 7.513286 -7.233155 -3.555202 7.757381 -7.233155 -3.555202 7.757381 -6.989058 -3.555202 7.513286 -6.989058 -3.555202 7.513286 -7.233155 -1.90735e-6 7.757381 -7.233155 -1.90735e-6 7.757381 -6.989058 -1.90735e-6 7.513286 -6.989058 -1.90735e-6 -2.387217 -7.197762 -0.2228869 -2.387217 -7.197762 -0.4670873 -2.387217 -6.994759 -0.4670873 -2.387217 -6.994759 -0.2228869 -5.902418 -7.197762 -0.2228869 -5.902418 -7.197762 -0.4670873 -5.902418 -6.99476 -0.4670873 -5.902418 -6.99476 -0.2228869 -2.690618 -7.197762 -1.736788 -2.708818 -7.197762 -1.979987 -2.708818 -6.994759 -1.979987 -2.690618 -6.994759 -1.736788 -5.708715 -7.197763 -1.426987 -5.726816 -7.197763 -1.670188 -5.726816 -6.99476 -1.670188 -5.708715 -6.99476 -1.426987 0.3167822 -7.198058 -1.411287 0.3167822 -7.198058 -1.655388 0.3167822 -6.995059 -1.655388 0.3167822 -6.995059 -1.411287 0.3315832 -7.193358 -0.2434872 0.3497832 -7.193358 -0.4867874 0.3497832 -6.990458 -0.4867874 0.3315832 -6.990458 -0.2434872 4.224685 -7.485658 -1.673088 4.224685 -7.485658 -1.917188 4.224685 -7.241556 -1.917188 4.224685 -7.241556 -1.673088 0.1299841 -7.48566 -0.8034868 0.1299841 -7.48566 -0.5592877 0.1299841 -7.241558 -0.5592877 0.1299841 -7.241558 -0.8034868 7.549284 -7.19776 -0.2228869 7.549284 -7.19776 -0.4670873 7.549284 -6.994756 -0.4670873 7.549284 -6.994756 -0.2228869 4.034082 -7.19776 -0.2228869 4.034082 -7.19776 -0.4670873 4.034082 -6.994758 -0.4670873 4.034082 -6.994758 -0.2228869 7.924981 -7.19776 -1.630788 7.928985 -7.19776 -1.874687 7.928985 -6.994756 -1.874687 7.924981 -6.994756 -1.630788 4.016086 -7.19776 -1.585188 4.020081 -7.19776 -1.829087 4.020081 -6.994758 -1.829087 4.016086 -6.994758 -1.585188 1.957083 -7.262457 -0.3486872 2.201182 -7.262457 -0.3486872 2.201181 -7.01826 -0.3486872 1.957083 -7.01826 -0.3486872 1.957083 -7.262457 -2.066088 2.201182 -7.262457 -2.066088 2.201181 -7.01826 -2.066088 1.957083 -7.01826 -2.066088 2.458583 -7.262457 -0.3486872 2.458581 -7.01826 -0.3486872 2.214384 -7.01826 -0.3486872 2.214385 -7.262457 -0.3486872 2.458583 -7.262457 -2.066088 2.458581 -7.01826 -2.066088 2.214384 -7.01826 -2.066088 2.214385 -7.262457 -2.066088 7.513285 -3.525155 -3.555202 7.757381 -3.525155 -3.555202 7.757381 -3.280956 -3.555202 7.513285 -3.280957 -3.555202 7.513285 -3.525155 -1.90735e-6 7.757381 -3.525155 -1.90735e-6 7.757381 -3.280956 -1.90735e-6 7.513285 -3.280957 -1.90735e-6 7.31778 -7.129259 -0.02838754 7.31778 -7.152158 -0.2715874 7.520783 -7.152157 -0.2715874 7.520783 -7.129259 -0.02838754 7.31778 -3.367357 -0.3347874 7.31778 -3.390157 -0.5779872 7.520783 -3.390157 -0.5779872 7.520783 -3.367357 -0.3347874 7.283584 -7.296057 -1.390388 7.283584 -7.300158 -1.634188 7.486484 -7.300158 -1.634188 7.486484 -7.296057 -1.390388 7.283583 -3.387159 -1.344688 7.283583 -3.391257 -1.588587 7.486483 -3.391257 -1.588587 7.486483 -3.387159 -1.344688 7.317779 1.029275 -0.1872271 7.317779 1.007688 0.05594778 7.520782 1.007688 0.05594778 7.520782 1.029275 -0.1872271 7.31778 -3.355668 -0.5760932 7.31778 -3.377256 -0.3329182 7.520783 -3.377256 -0.3329182 7.520783 -3.355668 -0.5760932 7.486485 0.9911993 -1.408387 7.486485 0.9957008 -1.652187 7.283584 0.9957008 -1.652187 7.283584 0.9911988 -1.408387 7.486485 -3.361401 -1.362688 7.486485 -3.356901 -1.606588 7.283586 -3.356901 -1.606588 7.283586 -3.361401 -1.362688 -7.909596 0.9479153 -1.362688 -7.908796 0.9434867 -1.606588 -7.709117 0.9795015 -1.606588 -7.709918 0.9839308 -1.362688 -7.137012 -3.335569 -1.408388 -7.136212 -3.34 -1.652187 -6.936535 -3.303985 -1.652187 -6.937334 -3.299554 -1.408388 -7.94456 0.9485164 0.04181241 -7.948339 0.9694803 -0.2013874 -7.74856 1.005512 -0.2013874 -7.74478 0.9845495 0.04181241 -7.166156 -3.367246 -0.3418875 -7.169936 -3.346283 -0.5850873 -6.970156 -3.31025 -0.5850873 -6.966375 -3.331213 -0.3418875 -7.121421 -3.410518 -1.344688 -7.120097 -3.414395 -1.588587 -6.928084 -3.348822 -1.588587 -6.929409 -3.344945 -1.344688 -5.858157 -7.109657 -1.390388 -5.85683 -7.113538 -1.634188 -5.664818 -7.047966 -1.634188 -5.666142 -7.044085 -1.390388 -7.160282 -3.402864 -0.3347874 -7.152914 -3.424441 -0.5779872 -6.960804 -3.358834 -0.5779872 -6.968173 -3.337258 -0.3347874 -5.944522 -6.962895 -0.02838754 -5.93712 -6.984567 -0.2715874 -5.745012 -6.918961 -0.2715874 -5.752412 -6.897289 -0.02838754 -7.149377 -3.289379 -1.90735e-6 -7.393462 -3.291946 -1.90735e-6 -7.390894 -3.536131 -1.90735e-6 -7.146809 -3.533563 -1.90735e-6 -7.149377 -3.289379 -3.555202 -7.393462 -3.291946 -3.555202 -7.390894 -3.536131 -3.555202 -7.146809 -3.533563 -3.555202 6.843767 -0.1722478 -0.2694664 6.84658 -0.2507427 -0.8314853 6.683907 -0.2510045 -0.8309393 6.663663 -0.1754472 -0.2600002 6.517582 -0.2765133 0.3557592 6.670186 -0.2750195 0.3550191 6.843575 -0.2728427 1.703668 6.74509 -0.2730014 1.68949 6.598314 -0.2732376 2.66852 6.677752 -0.2731103 2.672012 6.863206 -0.2362606 3.46793 6.81786 -0.2363336 3.464832 6.555659 -0.3093942 -0.1372441 6.543498 -0.3094143 -0.8331313 6.69888 -0.3091654 -0.8331313 6.715903 -0.3091381 -0.1759079 6.884765 -0.3088669 0.4435735 6.758305 -0.3090705 0.4557734 6.777341 -0.1659114 1.015185 6.900835 -0.1660358 1.013432 6.523814 -0.3010843 1.946197 6.43609 -0.3003253 1.885718 6.295361 -0.3098134 2.486972 6.38586 -0.3096683 2.483742 6.219412 -0.2305297 3.169444 6.148323 -0.2310144 3.174945 6.810689 -0.1960208 0.7135024 6.665771 -0.1830141 0.7364588 6.623238 -0.2893312 1.082596 6.528563 -0.2595406 1.122434 6.632248 -0.2593746 1.163593 6.573789 -0.2894105 1.120685 6.497048 -0.2368481 3.751437 6.451601 -0.236921 3.752195 6.430027 -0.2735075 2.706262 6.509577 -0.2733792 2.705408 6.413227 -0.2735332 1.720108 6.34294 -0.2736461 1.730681 5.956628 -0.2735469 2.357142 6.016534 -0.2734497 2.385029 5.585414 -0.2741431 3.198195 5.545274 -0.274207 3.172563 5.450096 -0.2403786 4.263317 5.48571 -0.2403218 4.286056 6.448701 -0.2877591 2.002827 6.471981 -0.2598853 2.066121 6.009374 -0.3055872 4.277267 6.052134 -0.305148 4.271766 6.448049 -0.2315096 -4.810623 6.178711 -0.2319407 -4.809719 6.546671 -0.3286485 -4.813348 6.803932 -0.328236 -4.813348 -8.069238 1.123643 1.844683 -8.069239 5.17853 1.897145 -8.069239 5.17853 1.210707 -8.069238 1.15512 1.27366 -7.874762 1.123643 1.844683 -7.874763 5.17853 1.897145 -7.874763 5.17853 1.210707 -7.874762 1.15512 1.27366 -8.069238 1.126891 1.164236 -8.069239 5.189231 1.00706 -8.069239 5.162693 0.3211355 -8.069237 1.131828 0.4992967 -7.874762 1.126891 1.164237 -7.874763 5.189231 1.00706 -7.874763 5.162693 0.3211355 -7.874762 1.131828 0.4992967 -8.069237 1.113151 0.1319621 -8.069239 5.17853 0.1634477 -8.069239 5.17853 -0.4705291 -8.069237 1.113151 -0.4915052 -7.874762 1.113151 0.1319621 -7.874763 5.17853 0.1634477 -7.874763 5.17853 -0.4705291 -7.874761 1.113151 -0.4915052 -8.069237 1.113151 -0.7191397 -8.069239 5.17853 -0.6247096 -8.069239 5.17853 -1.258686 -8.069237 1.165612 -1.353116 -7.874761 1.113151 -0.7191397 -7.874763 5.17853 -0.6247096 -7.874763 5.17853 -1.258686 -7.874761 1.165612 -1.353116 -8.069237 1.113151 -1.57025 -8.069239 5.157546 -1.507296 -8.069238 5.17853 -2.151765 -8.069237 1.067825 -2.046004 -7.874761 1.113151 -1.57025 -7.874763 5.157546 -1.507296 -7.874763 5.17853 -2.151765 -7.874761 1.067825 -2.046004 -8.069237 1.067825 -2.200185 -8.069238 5.17853 -2.305946 -8.069238 5.17853 -2.992383 -8.069237 1.098042 -2.886621 -7.874761 1.067825 -2.200185 -7.874762 5.17853 -2.305946 -7.874762 5.17853 -2.992383 -7.874761 1.098042 -2.886621 -2.364746 5.174463 2.677257 -7.79252 5.174461 2.677256 -7.79252 5.174461 1.990819 -2.364746 5.174463 2.091543 -2.364746 5.368938 2.677257 -7.79252 5.368938 2.677256 -7.79252 5.368938 1.990819 -2.364746 5.368938 2.091543 -2.364746 5.174463 1.937362 -7.79252 5.174461 1.836638 -7.79252 5.174461 1.1502 -2.364746 5.174463 1.250925 -2.364746 5.368938 1.937362 -7.79252 5.368938 1.836638 -7.79252 5.368938 1.1502 -2.364746 5.368938 1.250925 -2.364746 5.174463 0.8827071 -7.79252 5.174461 0.9960198 -7.792519 5.174461 0.3977161 -2.364746 5.174463 0.3095837 -2.364746 5.368938 0.8827071 -7.79252 5.368938 0.9960198 -7.792519 5.368938 0.3977161 -2.364746 5.368938 0.3095837 -2.440288 5.174463 0.1176314 -7.754749 5.174461 0.06726837 -7.792519 5.174461 -0.5310355 -2.364746 5.174463 -0.4932637 -2.440288 5.368938 0.1176314 -7.754749 5.368938 0.06726837 -7.792519 5.368938 -0.5310355 -2.364746 5.368938 -0.4932637 -2.364746 5.174463 -0.6852155 -7.792519 5.174461 -0.7859397 -7.792519 5.174461 -1.472376 -2.427696 5.174463 -1.28352 -2.364746 5.368938 -0.6852155 -7.792519 5.368938 -0.7859397 -7.792519 5.368938 -1.472376 -2.427696 5.368938 -1.28352 -2.440288 5.174463 -1.626557 -7.792519 5.174461 -1.626558 -7.792519 5.174461 -2.312994 -2.465468 5.174463 -2.1745 -2.440288 5.368938 -1.626557 -7.792519 5.368938 -1.626558 -7.792519 5.368938 -2.312994 -2.465468 5.368938 -2.1745 -2.364745 5.174463 -2.479765 -7.792519 5.174461 -2.467175 -7.792519 5.174461 -3.153614 -2.364745 5.174463 -3.052889 -2.364745 5.368938 -2.479765 -7.792519 5.368938 -2.467175 -7.792519 5.368938 -3.153614 -2.364745 5.368938 -3.052889 -2.293533 0.958247 4.864807 -2.233282 0.9486854 4.628441 -2.230932 1.151428 4.620839 -2.291183 1.160989 4.857202 -7.999062 0.9524846 2.87461 -7.9388 0.9429178 2.638146 -7.936451 1.14566 2.630543 -7.996709 1.155227 2.867008 -8.031074 5.218832 2.899566 -8.031068 5.214333 2.655665 -7.828167 5.214581 2.655665 -7.828174 5.219081 2.899566 -8.025712 0.8662357 2.853866 -8.025708 0.8617334 2.610065 -7.822804 0.8619831 2.610065 -7.822808 0.8664849 2.853866 -8.098731 0.8647564 2.899566 -7.729025 0.8660946 2.899566 -7.730362 1.235651 2.899566 -8.100069 1.234313 2.899566 -8.098731 0.8647564 -1.90735e-6 -7.729025 0.8660946 -1.90735e-6 -7.730362 1.235651 -1.90735e-6 -8.100069 1.234313 -1.90735e-6 -8.100071 5.403536 -1.90735e-6 -7.730362 5.404873 -1.90735e-6 -7.729026 5.035317 -1.90735e-6 -8.098732 5.033981 -1.90735e-6 -8.100071 5.403536 2.899566 -7.730362 5.404873 2.899566 -7.729026 5.035317 2.899566 -8.098732 5.033981 2.899566 -8.098731 0.8647564 -3.555202 -7.729025 0.8660946 -3.555202 -7.730362 1.235651 -3.555202 -8.100069 1.234313 -3.555202 -8.098731 0.8647564 -1.90735e-6 -7.729025 0.8660946 -1.90735e-6 -7.730362 1.235651 -1.90735e-6 -8.100069 1.234313 -1.90735e-6 -8.100071 5.403536 -1.90735e-6 -7.730362 5.404873 -1.90735e-6 -7.729026 5.035317 -1.90735e-6 -8.098732 5.033981 -1.90735e-6 -8.100071 5.403536 -3.555202 -7.730362 5.404873 -3.555202 -7.729026 5.035317 -3.555202 -8.098732 5.033981 -3.555202 -2.954002 5.403537 -1.90735e-6 -2.584295 5.404874 -1.90735e-6 -2.582957 5.035317 -1.90735e-6 -2.952663 5.033981 -1.90735e-6 -2.954002 5.403537 4.646625 -2.584295 5.404874 4.836109 -2.582957 5.035317 4.836109 -2.952663 5.033981 4.646625 -2.954002 5.403537 -1.90735e-6 -2.584295 5.404874 -1.90735e-6 -2.582957 5.035317 -1.90735e-6 -2.952663 5.033981 -1.90735e-6 -2.954002 5.403537 -3.555202 -2.584295 5.404874 -3.555202 -2.582957 5.035317 -3.555202 -2.952663 5.033981 -3.555202 -2.954001 1.234313 -1.90735e-6 -2.584294 1.235651 -1.90735e-6 -2.582956 0.8660941 -1.90735e-6 -2.952662 0.8647573 -1.90735e-6 -2.954001 1.234313 4.646625 -2.584294 1.235651 4.836109 -2.582956 0.8660941 4.836109 -2.952662 0.8647573 4.646625 -2.954001 1.234313 -1.90735e-6 -2.584294 1.235651 -1.90735e-6 -2.582956 0.8660941 -1.90735e-6 -2.952662 0.8647573 -1.90735e-6 -2.954001 1.234313 -3.555202 -2.584294 1.235651 -3.555202 -2.582956 0.8660941 -3.555202 -2.952662 0.8647573 -3.555202 -5.449985 5.403537 -1.90735e-6 -5.080278 5.404874 -1.90735e-6 -5.07894 5.035317 -1.90735e-6 -5.448647 5.033981 -1.90735e-6 -5.449985 5.403537 3.535552 -5.080278 5.404874 3.725032 -5.07894 5.035317 3.725032 -5.448647 5.033981 3.535552 -5.449985 5.403537 -1.90735e-6 -5.080278 5.404874 -1.90735e-6 -5.07894 5.035317 -1.90735e-6 -5.448647 5.033981 -1.90735e-6 -5.449985 5.403537 -3.555202 -5.080278 5.404874 -3.555202 -5.07894 5.035317 -3.555202 -5.448647 5.033981 -3.555202 -5.449985 1.234313 -1.90735e-6 -5.080277 1.235651 -1.90735e-6 -5.078939 0.8660946 -1.90735e-6 -5.448646 0.8647573 -1.90735e-6 -5.449985 1.234313 3.535552 -5.080277 1.235651 3.725032 -5.078939 0.8660946 3.725032 -5.448646 0.8647573 3.535552 -5.449985 1.234313 -1.90735e-6 -5.080277 1.235651 -1.90735e-6 -5.078939 0.8660946 -1.90735e-6 -5.448646 0.8647573 -1.90735e-6 -5.449985 1.234313 -3.555202 -5.080277 1.235651 -3.555202 -5.078939 0.8660946 -3.555202 -5.448646 0.8647573 -3.555202</float_array>
          <technique_common>
            <accessor source="#Cube_005-mesh-positions-array" count="1374" stride="3">
              <param name="X" type="float"/>
              <param name="Y" type="float"/>
              <param name="Z" type="float"/>
            </accessor>
          </technique_common>
        </source>
        <source id="Cube_005-mesh-normals">
          <float_array id="Cube_005-mesh-normals-array" count="3726">-1 0 0 0 1 0 1 0 0 0 -1 0 0 0 1 1 0 0 0 -1 0 0 -1 0 0.5000036 0 -0.8660234 0.5000075 0 0.8660211 -0.500005 0 0.8660226 -0.500005 0 -0.8660226 0 1 2.28033e-6 0 1 -3.42051e-6 0 1 4.56066e-6 -0.9234899 0 0.3836228 0.1295199 0 -0.9915769 0.7939695 0 0.6079577 -0.1295175 0 0.9915772 -0.7939705 0 -0.6079564 0.9234894 0 -0.3836239 0 -1 -2.13129e-7 0 -1 1.59847e-7 0 1 1.70503e-6 0 1 -3.41011e-6 0 1 3.41002e-6 0.8841686 0 -0.467168 -0.03750729 0 0.9992964 -0.8466615 0 -0.5321322 0.03752261 0 -0.9992958 0.8466604 0 0.5321336 -0.8841728 0 0.4671601 0 -1 -1.80452e-7 0 -1 3.60904e-7 0 -1 -3.609e-7 0 1 5.77455e-6 0 1 -4.33085e-6 0 1 2.88723e-6 0 1 -2.8872e-6 0.8841723 0 -0.4671612 -0.03750222 0 0.9992966 -0.8466618 0 -0.5321314 0.03751879 0 -0.999296 0.8466587 0 0.5321364 -0.8841717 0 0.467162 1 -3.60907e-7 0 1 -1.44363e-6 0 1 -1.8045e-7 0 -1 0 0 -1 -7.21812e-7 0 -1 7.21813e-7 0 0 0.8841719 -0.4671619 0 -0.03750562 0.9992965 0 -0.8466651 -0.5321263 0 0.03751665 -0.999296 0 0.846655 0.5321423 0 -0.8841775 0.4671512 1 -3.60909e-7 0 1 -1.44361e-6 0 1 -1.80451e-7 0 -1 0 0 -1 -7.21809e-7 0 -1 7.21807e-7 0 0 0.8841733 -0.4671591 0 -0.03750574 0.9992964 0 -0.8466632 -0.5321294 0 0.03751647 -0.9992961 0 0.8466591 0.5321358 0 -0.8841725 0.4671607 0.04948967 0 0.9987747 0 0.07187175 0.9974139 -0.04948973 0 0.9987747 0 -0.07187169 0.997414 0.04936212 -0.07178443 0.9961979 -1 -2.30821e-7 0 -0.04434603 -0.04815751 0.9978549 0.04434597 0.04815733 0.997855 -0.04936212 -0.07178437 0.9961979 -0.04936194 0.07178425 0.9961981 -0.05781501 0.06278532 0.9963511 0.04936188 0.07178425 0.996198 0.05781644 -0.06278532 0.9963511 0.9411654 -0.2834011 -0.1840965 0.2923853 0.9560224 0.02306675 -0.9411668 0.2834002 0.1840904 -0.2923869 -0.9560219 -0.02306663 -0.01755195 -0.01875329 0.9996701 0.8664941 0.4733301 -0.158577 -0.4755073 0.8794896 0.01977705 -0.8664955 -0.4733305 0.1585683 0.4755067 -0.8794895 -0.01978909 0.001202821 -0.02992796 0.9995514 -0.09587121 -0.2285504 0.9688 -0.09587031 -0.2285484 0.9688006 -0.09587234 -0.2285565 0.9687985 -0.09587144 -0.2285568 0.9687985 0.9889428 0.08375334 0.1223833 -0.4091048 -0.8805958 -0.2391323 -0.5752291 0.8018811 0.1615498 0.4064208 0.874185 0.2657496 0.5727671 -0.8086059 -0.1345152 -0.9913677 -0.09013462 -0.09521526 -0.006068289 -0.2477665 0.9688008 -0.006073474 -0.2477644 0.9688014 -0.006073474 -0.2477783 0.9687978 -0.006073832 -0.2477778 0.9687979 0.8905649 0.4380829 0.1223827 -0.06039434 -0.9691069 -0.2391325 -0.8277161 0.5373899 0.1615501 0.06022757 0.9621589 0.2657497 0.8278737 -0.5445465 -0.1345151 -0.8904977 -0.4449136 -0.09521472 0.8515551 0.4499384 0.2690899 0.03724557 0.9919229 -0.1212517 0.03612017 0.9624394 0.269083 0.3877797 -0.2437227 0.8889467 0.4049679 0.2139695 0.8889422 -0.4049633 -0.2139676 0.8889447 -0.0361154 -0.9624376 0.2690904 -0.01717984 -0.4576982 0.8889417 -0.8154354 0.5124998 0.2690894 -0.851557 -0.449941 0.26908 0.0171796 0.4576867 0.8889476 0.815438 -0.5124995 0.2690823 -0.3877847 0.2437294 0.8889427 0.8560904 0.4523513 -0.2499753 0.03629893 0.967571 -0.2499775 0.8404095 -0.5282143 -0.1212505 -0.840408 0.5282163 -0.1212517 0.8776541 0.4637046 -0.1212496 -0.03723913 -0.9919231 -0.1212516 -0.8776508 -0.4637103 -0.1212513 0.8197798 -0.5152403 -0.2499769 -0.8197776 0.515245 -0.2499752 -0.03634148 -0.9675695 -0.2499773 -0.8561102 -0.4523132 -0.2499763 -1.06654e-6 -4.425e-6 1 0.7101816 -0.5962859 0.3742797 0.9215398 0.3351084 -0.1961299 0.8714885 0.3168911 0.3742828 0.2815645 -0.2364071 0.9299641 -0.161304 -0.9131773 0.374284 -0.2815642 0.2364053 0.9299647 -0.8714852 -0.3168933 0.3742888 -0.3455255 -0.1256397 0.9299607 0.1613101 0.9131754 0.3742858 -0.7101794 0.5962882 0.3742803 0.3455252 0.1256375 0.9299612 -0.06394976 -0.3620502 0.9299625 0.0639559 0.3620626 0.9299572 0.750979 -0.6305261 -0.1961315 0.8580682 0.3120157 -0.4078791 -0.1705621 -0.9656301 -0.1961302 0.1705636 0.9656301 -0.1961294 -0.9215417 -0.3351013 -0.1961328 -0.7509737 0.6305329 -0.1961292 -0.1588175 -0.8991177 -0.407878 0.1588202 0.8991178 -0.4078768 0.6992487 -0.587099 -0.4078802 -0.6992458 0.5871022 -0.4078801 -0.8580696 -0.3120128 -0.4078781 2.85552e-7 1.0386e-6 1 -0.2591578 -0.9215168 0.2892128 0.6920683 -0.7093908 -0.13344 0.6684772 -0.6851966 0.2892124 -0.4309365 -0.1097812 0.8956796 -0.1203964 -0.4280942 0.8956786 0.1203948 0.4280906 0.8956806 -0.66848 0.6851916 0.289218 -0.310545 0.3183143 0.8956774 0.9276337 0.2363243 0.2892174 0.2591533 0.9215191 0.2892095 0.3105415 -0.3183139 0.8956787 -0.9276361 -0.2363262 0.2892082 0.4309414 0.1097838 0.8956769 -0.2602251 -0.9253633 -0.2756554 0.6712647 -0.688054 -0.2756547 -0.9603848 -0.2446529 -0.1334394 0.9603843 0.2446547 -0.1334392 -0.2683185 -0.9540436 -0.1334393 -0.692068 0.709391 -0.1334401 0.2683166 0.9540444 -0.1334382 -0.9315046 -0.2373034 -0.2756562 0.9315097 0.237284 -0.2756554 0.2602415 0.9253584 -0.2756565 -0.6712657 0.688053 -0.2756549 -2.63856e-7 0 1 0.06920927 -0.9976022 0 0 0 -1 0 -1 3.60909e-7 0 -1 0 0 -1 -3.60899e-7 0 1 5.77455e-6 0 1 -1.44362e-6 0 1 -2.88719e-6 -0.03750222 0 0.9992966 -0.8466619 0 -0.5321313 0.03751879 0 -0.999296 0.8466587 0 0.5321364 -0.8841716 0 0.4671623 0 -1 0 0 1 -2.28034e-6 0.1295202 0 -0.9915769 0.7939692 0 0.6079581 -0.7939698 0 -0.6079573 0.923489 0 -0.3836252 -0.9810541 -0.1937338 0 -0.6430137 0.06665909 0.7629483 0.0170477 0.02752029 0.999476 0.01704949 0.02752077 0.9994758 -0.97425 0.06141966 0.2169442 -0.9861152 0.07517683 0.1480726 0.05184161 0.9986116 -0.009340822 -0.0430001 -0.9990134 0.01110631 -0.6326918 0.06301718 0.7718355 0.01443898 0.02330857 0.9996241 0.01444101 0.02330911 0.9996241 -0.9649085 0.0605576 0.2555083 -0.9818782 0.07485532 0.1741034 0.05183964 0.9985947 -0.01102507 -0.04299914 -0.9989891 0.01311635 -0.9342222 0.3566794 0.002948999 -0.9999979 0.001094102 -0.001758694 -0.9999943 -0.002961695 -0.001612365 -0.9342224 0.3566791 0.002949237 -0.9999979 0.001096665 -0.001758813 -0.9999943 -0.00296247 -0.001612246 -0.9209209 -0.3897333 -0.003576219 -0.9349092 -0.3548327 -0.006205797 -0.9209219 -0.3897307 -0.003576338 -0.9349089 -0.3548337 -0.006205677 0 0 1 0 0 1 0 0 1 0 0 1 0 0 1 0.9238799 -0.3826825 0 0.9807845 -0.1950942 0 0.980785 -0.195092 0 -0.9238795 -0.3826836 0 -0.7071067 -0.7071068 0 -0.7071063 -0.7071074 0 -0.3826834 -0.9238796 0 -0.3826822 -0.9238802 0 -1.47017e-6 -1 0 8.12462e-7 -1 0 0.3826819 -0.9238802 0 0.3826848 -0.923879 0 0.7071066 -0.7071071 0 0.7071087 -0.7071049 0 0.9238786 -0.3826857 0 -0.9807854 -0.1950899 0 -0.92388 -0.3826825 0 0.3826797 0.9238812 0 0.7071115 0.7071021 0 0.707105 0.7071086 0 -4.79027e-6 1 0 0.3826877 0.9238778 0 -0.3826881 0.9238776 0 3.71421e-6 1 0 -0.7071087 0.7071049 0 -0.3826799 0.923881 0 -0.9238806 0.3826811 0 -0.707102 0.7071116 0 0.9238775 0.3826885 0 0.9807853 0.195091 0 0.9807853 0.1950903 0 -0.9807866 0.1950842 0 -0.9238774 0.3826888 0 0.9238808 0.3826805 0 0.8262796 0.5632602 0 0.5632518 -0.8262854 0 -0.8262853 -0.563252 0 -0.5632556 0.8262828 0 0.826286 0.563251 0 0.5632556 -0.8262827 0 -0.826286 -0.563251 0 -0.5632556 0.8262827 0 -0.6931088 0.3847706 0.6095505 0.1014145 -0.7844711 0.6118171 0.104763 -0.7863816 0.608793 -0.6927478 0.3817228 0.6118726 0.6874221 -0.3889368 -0.6133344 0.686964 -0.3859664 -0.6157196 -0.1106396 0.7824707 -0.6127794 -0.1072711 0.7806254 -0.6157247 0.3628658 0.2475026 0.8983713 -0.1452277 0.7589512 0.6347456 -0.03120642 0.6786184 0.7338278 -0.3668733 -0.2499786 -0.8960551 0.1363281 -0.7606238 -0.6347175 0.2198067 -0.8070793 -0.5480038 -0.659253 0.4044451 -0.6338846 -0.5660425 0.8243749 0.001401185 -0.6720249 0.4978355 -0.5482175 0.0140869 0.009522974 0.9998555 0.01408702 0.009523034 0.9998555 0.5599023 -0.8285587 1.34691e-5 0.5599022 -0.8285588 1.58288e-5 -0.01405674 -0.009502232 -0.9998561 -0.0140559 -0.009502172 -0.9998562 -0.5599028 0.8285584 -1.89296e-5 -0.5599012 0.8285594 -1.23719e-5 0.828316 0.559957 0.01846259 0.8283189 0.5599526 0.01846379 0.8262798 0.56326 0 0.5632503 -0.8262863 0 -0.8262838 -0.5632542 0 -0.5632541 0.8262838 0 0.8262861 0.5632507 0 0.5632558 -0.8262827 0 -0.8262861 -0.5632507 0 -0.5632558 0.8262827 0 0.0140869 0.009522914 0.9998555 0.01408624 0.009522974 0.9998555 0.5599022 -0.8285588 1.34691e-5 0.5599024 -0.8285586 1.58288e-5 -0.01405596 -0.009502232 -0.9998561 -0.01405668 -0.009502112 -0.9998561 -0.5599021 0.8285588 -1.89296e-5 -0.5599015 0.8285593 -1.2372e-5 0.8283187 0.5599531 0.01846385 -0.6896305 0.389144 0.6107183 0.1035381 -0.7809977 0.6158916 0.1100972 -0.7847435 0.6099641 -0.6887423 0.382431 0.6159387 0.6839304 -0.3932867 -0.614463 0.6829439 -0.3866637 -0.6197409 -0.1159681 0.7808144 -0.6139059 -0.109394 0.7771379 -0.6197497 0.3628795 0.2474774 0.8983727 -0.1452248 0.7589522 0.6347451 -0.03124701 0.6786442 0.7338022 -0.3668754 -0.2499737 -0.8960556 0.1363263 -0.7606222 -0.6347199 0.2198095 -0.8070765 -0.5480067 -0.6592537 0.4044559 -0.6338771 -0.5660381 0.8243779 0.001430213 -0.6720246 0.4978381 -0.5482156 0.0140872 0.009523093 0.9998555 0.01408714 0.009523153 0.9998555 0.5599023 -0.8285588 1.34691e-5 0.5599021 -0.8285588 1.58288e-5 -0.01405614 -0.009502172 -0.9998561 -0.01405614 -0.009502112 -0.9998561 -0.5599024 0.8285587 -1.89296e-5 -0.5599018 0.8285591 -1.23719e-5 0.8283165 0.5599564 0.01846265 0.8283181 0.5599539 0.01846385 0.6543639 -0.4116159 0.6343345 0.5618343 -0.8272499 1.45885e-4 0.6213982 -0.2773074 0.7327789 0.561833 -0.8272507 1.46247e-4 0.6543635 -0.4116222 0.6343309 0.6213844 -0.2772413 0.7328156 -0.8283184 -0.5599538 -0.01845204 -0.8283169 -0.559956 -0.01845198 -0.8283183 -0.5599539 -0.01845204 0.3559806 -0.7083256 0.6095513 0.3580591 0.7053177 0.6118175 0.3563678 0.7087814 0.6087947 0.357401 -0.705605 0.611871 -0.3489337 0.7085684 -0.613332 -0.3502323 0.7058517 -0.6157198 -0.3493089 -0.708858 -0.6127836 -0.3510537 -0.7054413 -0.6157223 -0.439234 -1.0286e-4 0.8983727 -0.3074828 -0.7089119 0.6347427 -0.3564458 -0.5783 0.7338362 0.4439468 -9.23074e-5 -0.8960531 0.3157798 0.7052725 -0.6347235 0.2729741 0.7906642 -0.5480285 0.3169218 -0.7055178 -0.6338812 0.003378808 -0.9999933 0.001421272 0.274886 -0.7898659 -0.5482241 -0.01700359 6.58036e-5 0.9998555 -0.01700377 6.57064e-5 0.9998555 0.004049241 0.9999919 1.38331e-5 0.004049301 0.9999918 1.5283e-5 0.01696658 -6.57069e-5 -0.9998561 0.01696658 -6.57062e-5 -0.9998561 -0.004049479 -0.9999918 -1.82015e-5 -0.004050016 -0.9999919 -1.30997e-5 -0.9998221 0.003872454 0.01845633 -0.999822 0.003872454 0.01846814 -0.01700347 6.57066e-5 0.9998555 -0.01700371 6.58034e-5 0.9998555 0.004049181 0.9999918 1.38331e-5 0.004049301 0.9999918 1.5283e-5 0.01696646 -6.57069e-5 -0.9998561 0.01696664 -6.57062e-5 -0.9998561 -0.004049479 -0.9999919 -1.82015e-5 -0.004050016 -0.9999918 -1.30997e-5 -0.9998219 0.003872454 0.01846808 0.3506445 -0.7099812 0.6107169 0.3543468 0.7036435 0.6158931 0.3510393 0.7104316 0.6099659 0.3536889 -0.7039359 0.6159371 -0.3435997 0.7101942 -0.614462 -0.346516 0.7041659 -0.6197395 -0.3439745 -0.7104912 -0.6139087 -0.3473349 -0.7037532 -0.6197499 -0.4392381 -1.07634e-4 0.8983708 -0.3074851 -0.7089073 0.6347467 -0.356437 -0.5783343 0.7338134 0.443947 -9.36813e-5 -0.8960531 0.3157811 0.7052698 -0.6347259 0.2729644 0.790683 -0.5480064 0.3169193 -0.7055227 -0.633877 0.003363847 -0.9999933 0.001446843 0.2748861 -0.7898663 -0.5482234 -0.01700395 6.57066e-5 0.9998555 -0.01700395 6.58034e-5 0.9998555 0.004049181 0.9999918 1.38331e-5 0.004049301 0.9999918 1.5283e-5 0.01696646 -6.57069e-5 -0.9998561 0.01696646 -6.57062e-5 -0.9998561 -0.004049479 -0.9999919 -1.82015e-5 -0.004050016 -0.9999918 -1.30997e-5 -0.9998222 0.003872454 0.01845639 -0.9998219 0.003872454 0.01846814 -0.3088418 0.7086934 0.6343269 0.001716375 0.9999986 1.47427e-4 -0.3572751 0.5791039 0.7327983 0.001723408 0.9999985 1.32058e-4 -0.3088444 0.7086877 0.634332 -0.3572638 0.5791196 0.7327913 0.9998223 -0.003875136 -0.01845079 0.9998224 -0.003870844 -0.01845073 0.9998223 -0.003870844 -0.01845079 -0.01202499 -0.9992293 0.03736799 -0.0120204 -0.9992298 0.03735429 0.3291532 -0.03919517 -0.9434628 0.3291546 -0.03919088 -0.9434624 0.01202428 0.9992295 -0.03736281 0.01202017 0.99923 -0.03735214 -0.3291391 0.03919404 0.9434677 -0.3291394 0.03920662 0.9434671 0.9689919 -0.001968801 0.2470845 0.9442074 -0.007739305 0.3292606 -0.04551875 -0.9988374 -0.01587265 -0.9442315 0.00230664 -0.3292744 0.03552812 0.9992919 0.01238995 0.3589709 -0.002942442 -0.9333441 -0.3459097 8.45058e-4 0.9382674 0.9441728 -0.01146548 0.3292512 0.09592133 -0.9948268 0.03344982 -0.9441214 -0.01558744 -0.3292294 -0.0121262 0.9789608 0.2036879 0.3797202 -0.00211817 -0.925099 -0.3789234 -0.006256043 0.9254069 0.9451063 0.009896337 0.3266134 0.1444009 -0.9895193 -8.92984e-7 -0.9014571 -0.003188908 -0.4328567 0.136905 0.9775068 -0.1604292 0.3591303 0.003712713 -0.9332801 -0.3322232 -0.001175284 0.9432002 0.9442337 -0.001108109 0.3292744 -0.1071498 -0.9935405 -0.03736519 -0.912626 -1.07376e-6 -0.4087958 -0.01109373 0.9730763 -0.2302161 0.343644 -4.03158e-4 -0.9391 -0.334863 -4.00105e-7 0.942267 0.9529193 0.007833957 0.3031229 -0.05934572 -0.998023 -0.02069467 -0.9442297 0.003938257 -0.3292643 -0.1347368 0.9605376 0.2433386 0.3352825 0.003138303 -0.9421125 -0.3624165 0.001511693 0.9320151 0.9442061 0.007826983 0.3292625 0.08605986 -0.9958379 0.03001064 -0.9836003 -1.15726e-6 -0.1803625 -0.1461551 0.9693328 0.1975672 0.3265456 3.12134e-7 -0.9451816 -0.3406306 -4.06999e-7 0.9401973 0.8662211 -0.01151895 0.4995281 -0.1630774 -0.984973 -0.05687022 -0.9442306 -1.66641e-6 -0.329285 -0.05884706 0.9980561 -0.02052009 0.3321992 -0.001326858 -0.9432084 -0.3320426 -3.9674e-7 0.9432645 -0.9972417 0 -0.0742225 -0.9972416 0 -0.07422322 -1 -5.00163e-7 0 -1 -5.00164e-7 0 -0.5773446 -0.5773375 0.5773687 0.5773481 -0.5773554 0.5773474 0.5773457 0.5773363 0.5773689 -0.5773471 0.5773566 0.5773471 -0.7070997 -0.707114 0 0.7071139 -0.7070997 0 0.707101 0.7071126 0 -0.7071126 0.7071011 0 -0.5773457 -0.5773363 0.577369 0.577347 -0.5773569 0.577347 0.5773457 0.5773363 0.577369 -0.577347 0.5773569 0.577347 -0.7071007 -0.7071129 0 0.7071126 -0.7071011 0 0.7071007 0.7071129 0 -0.5773457 -0.5773363 0.5773689 0.577347 -0.5773568 0.5773471 -0.577347 0.5773568 0.577347 -0.7071008 -0.7071128 0 0.7071008 0.7071128 0 0.577347 -0.5773566 0.5773472 0.5773456 0.5773363 0.577369 -0.5773471 0.5773566 0.5773471 -0.7071009 -0.7071127 0 0.7071127 -0.707101 2.15848e-7 0.707101 0.7071126 1.88936e-7 -0.7071126 0.7071011 0 -0.5773457 -0.5773363 0.5773689 0.5773471 -0.5773566 0.5773472 0.5773457 0.5773363 0.5773689 -0.5773471 0.5773566 0.5773472 -0.707101 -0.7071126 0 0.7071126 -0.7071011 0 0.5773649 -0.5773382 0.5773479 0.5773472 -0.5773566 -0.5773472 0.5773649 0.5773384 -0.5773476 0.577347 0.5773568 0.5773472 0 -0.7071126 0.7071011 0 -0.7071009 -0.7071127 -4.74204e-7 0.7071124 -0.7071012 -3.85491e-7 0.7071006 0.707113 0.6253378 -0.5787961 0.5234001 0.5247143 -0.5759181 -0.6268919 0.5247281 0.575908 -0.6268895 0.6253173 0.5788202 0.5233981 0.07284975 -0.7007268 0.7097006 -0.07156556 -0.7133117 -0.6971834 -0.07156497 0.7133297 -0.6971651 0.07284915 0.7007206 0.7097068 0.5773649 -0.5773379 0.5773481 0.5773474 -0.577356 -0.5773474 0.5773646 0.5773382 -0.5773481 0.5773473 0.5773562 0.5773473 1.84764e-7 -0.7071123 0.7071014 2.21829e-7 -0.7071007 -0.7071129 -2.22589e-7 0.7071121 -0.7071015 -2.57189e-7 0.7071006 0.707113 0.5247294 -0.5759047 0.6268915 0.6253083 -0.5788215 -0.5234073 0.6253284 0.5787981 -0.5234093 0.5247147 0.5759151 0.6268942 -0.07158672 -0.7133373 0.6971552 0.07284951 -0.7007204 -0.709707 0.07284879 0.7007266 -0.7097009 -0.07158869 0.7133193 0.6971735 0.5773687 -0.5773358 0.5773464 0.577347 -0.5773568 -0.577347 0.5773686 0.5773362 -0.577346 0.5773468 0.5773571 0.5773469 3.71581e-7 -0.707113 0.7071006 3.54047e-7 -0.7071007 -0.707113 -3.30964e-7 0.707113 -0.7071007 -3.16634e-7 0.7071005 0.7071132 -0.5773687 -0.5773363 -0.577346 -0.5773469 -0.5773569 0.577347 -0.5773689 0.577336 0.577346 -0.5773472 0.5773566 -0.5773471 3.27366e-7 -0.7071126 -0.707101 3.12971e-7 -0.7071007 0.707113 -3.4266e-7 0.7071128 0.7071008 -3.27114e-7 0.7071009 -0.7071127 0.5773471 -0.5773566 -0.5773472 0.5773649 0.5773385 -0.5773476 0.577347 0.5773567 0.5773471 0 -0.7071126 0.707101 0 -0.7071009 -0.7071127 -3.56078e-7 0.7071124 -0.7071012 -3.81154e-7 0.7071006 0.707113 0.5752503 -0.5788226 0.5779719 0.5794478 -0.5758953 -0.5767018 0.5794625 0.575883 -0.5766994 0.5752302 0.5788453 0.5779692 0.008322238 -0.7007147 0.7133932 -0.008175134 -0.7133244 -0.7007864 -0.008175313 0.7133386 -0.7007719 0.00832194 0.7007105 0.7133972 -0.5773386 -0.5773397 0.5773724 0.5773519 -0.5773484 0.5773504 0.5773373 0.577341 0.5773726 -0.5773507 0.5773496 0.5773507 -0.7071074 -0.7071063 0 0.7071074 -0.7071062 0 0.7071063 0.7071074 0 -0.7071061 0.7071075 0 0.577342 -0.577337 0.5773719 0.5773473 0.5773523 0.5773513 -0.5773411 0.5773373 0.5773724 -0.5773482 -0.5773519 0.5773507 0.7071086 -0.7071051 0 0.707105 0.7071086 0 -0.7071074 0.7071062 0 -0.5773462 -0.577336 0.5773686 0.5773472 -0.5773565 0.5773471 0.577345 0.577337 0.577369 -0.5773484 0.5773556 0.5773469 -0.7071011 -0.7071126 0 0.7071127 -0.7071009 0 0.7071004 0.7071133 0 -0.7071135 0.7071001 0 -0.5780001 -0.5243552 0.625274 -0.5766955 -0.6259886 -0.5249388 0.5766825 -0.6260021 -0.5249367 0.5780214 -0.5243368 0.6252698 -0.7043493 0.05762523 0.7075107 -0.70983 -0.05717933 -0.7020484 0.7098439 -0.05717819 -0.7020344 0.7043402 0.057626 0.7075197 -0.5788456 -0.5751285 0.5780701 -0.5758738 -0.5795765 -0.5765938 0.5758618 -0.5795907 -0.5765916 0.5788691 -0.575109 0.578066 -0.7006132 -0.008341908 0.7134926 -0.713415 0.008173823 -0.7006942 0.7134304 0.008174121 -0.7006786 0.700607 -0.008341491 0.7134986 -0.5773335 0.6261339 -0.5240635 -0.5773621 0.5240598 0.6261105 0.5773426 0.5240778 0.6261134 0.5773517 0.6261165 -0.5240641 -0.7071341 0.06245994 -0.7043154 -0.70708 -0.06246507 0.7043693 0.7070918 -0.06246405 0.7043575 0.7071216 0.06246107 -0.7043279 0.5788698 0.5742972 0.5788717 0.5758513 0.5804021 -0.5757853 -0.5758389 0.5804171 -0.5757827 -0.5788918 0.5742768 0.5788701 0.7005069 0.007492363 0.7136064 0.7135158 -0.007340013 -0.7006008 -0.7135311 -0.007339894 -0.7005852 -0.700501 0.007492303 0.7136121 0.6716156 -0.462427 0.578873 -0.6880479 -0.1317119 0.713612 -0.4677658 -0.6679106 0.5788702 0.6907113 0.1169654 0.7136085 -0.7035012 -0.1194276 -0.7005877 -0.463669 -0.6734134 -0.5757826 0.7008872 0.1338723 -0.7005965 0.6697287 -0.4689713 -0.5757859 0.6791945 -0.5131081 0.5248 -0.6849555 -0.1861661 0.7043992 -0.4571602 -0.7180455 0.5248001 0.7068438 0.06486314 0.7043896 -0.706803 -0.06485229 -0.7044314 -0.4750218 -0.6189578 -0.6254962 0.6849122 0.1861618 -0.7044425 0.6613444 -0.4139814 -0.6254943 0.7336524 -0.3571977 0.5780692 -0.6603148 -0.2343142 0.7134993 -0.3619473 -0.7313234 0.5780661 0.6657128 0.2185274 0.7134931 -0.6777874 -0.2228289 -0.7006794 -0.3576492 -0.7345926 -0.5765942 0.6724929 0.2382951 -0.7006916 0.7322745 -0.3623675 -0.5765967 0.7164445 -0.3094176 0.6252744 -0.6851654 -0.173092 0.7075222 -0.3775534 -0.6830006 0.6252708 0.6479294 0.2821623 0.7075111 -0.6532742 -0.2835156 -0.7020341 -0.3434237 -0.7787833 -0.524935 0.6902211 0.1752905 -0.7020457 0.7480548 -0.4060217 -0.5249386 0.583386 -0.5712318 0.5773692 0.6996368 0.7144987 0 0.5712443 0.5833955 0.5773472 0.7145006 -0.6996349 0 -0.7144988 0.6996367 0 -0.583385 0.5712336 0.5773684 -0.6996352 -0.7145003 0 -0.5712427 -0.5833967 0.5773474 -0.9972418 0 -0.07422244 -0.9972417 0 -0.07422304 -0.7070994 -0.7071142 0 0.7071022 -0.7071114 0 0.7071143 -0.7070993 0 -0.7071115 -0.7071021 0 0.707113 0.7071006 0 -0.7071008 0.7071128 0 -0.7071129 0.7071007 0 0.7071007 -0.7071129 0 0.707113 -0.7071006 0 -0.707113 -0.7071006 0 -0.7071007 0.7071129 0 -0.707113 0.7071006 0 -0.7071008 -0.7071127 0 0.7071009 -0.7071127 0 -0.707113 -0.7071006 0 0.7071009 0.7071127 0 -0.7071008 0.7071127 0 -0.707113 0.7071006 0 -0.7071008 -0.7071129 0 0.7071008 -0.7071129 -1.9082e-7 0.7071131 -0.7071006 -2.15848e-7 0.7071129 0.7071007 -1.72682e-7 0.7071008 0.7071128 -1.88936e-7 -0.7071008 0.7071128 0 -0.7071008 -0.7071128 0 0.7071008 -0.7071128 0 -0.7071127 -0.707101 0 0.7071127 0.707101 0 0.7071008 0.7071128 0 0.5773648 -0.5773382 0.5773479 0.5773469 -0.577357 -0.5773469 0.5773648 0.5773385 -0.5773476 0.5773468 0.5773571 0.5773469 0 -0.7071129 0.7071007 0 -0.7071009 -0.7071127 -3.75199e-7 0.7071128 -0.7071008 -3.83705e-7 0.7071005 0.7071131 0.6253381 -0.5787962 0.5233998 0.5247144 -0.5759181 -0.6268917 0.5247282 0.575908 -0.6268895 0.6253175 0.57882 0.523398 0.07284998 -0.7007267 0.7097007 -0.07156533 -0.7133117 -0.6971835 -0.07156473 0.7133297 -0.6971651 0.07284933 0.7007207 0.7097067 0.5773473 -0.5773563 -0.5773473 0.5773646 0.5773381 -0.5773481 0.5773472 0.5773565 0.5773472 2.33635e-7 -0.7071124 0.7071011 2.22666e-7 -0.7071007 -0.7071129 -2.22589e-7 0.7071123 -0.7071013 -2.1248e-7 0.7071006 0.707113 0.5247291 -0.5759045 0.6268919 0.6253085 -0.5788215 -0.5234071 0.6253287 0.5787982 -0.5234088 0.5247147 0.575915 0.6268942 -0.07158654 -0.7133373 0.6971552 0.07284963 -0.7007205 -0.7097068 0.07284897 0.7007263 -0.7097012 -0.07158851 0.7133188 0.697174 0.5773687 -0.5773358 0.5773464 0.577347 -0.5773569 -0.577347 0.5773686 0.5773363 -0.577346 0.5773468 0.5773572 0.5773469 3.46391e-7 -0.707113 0.7071006 3.30845e-7 -0.7071007 -0.707113 -3.56153e-7 0.707113 -0.7071006 -3.39837e-7 0.7071005 0.7071132 -0.5773687 -0.5773363 -0.577346 -0.5773469 -0.5773569 0.577347 -0.5773689 0.577336 0.577346 -0.5773472 0.5773566 -0.577347 3.30457e-7 -0.7071127 -0.707101 3.35197e-7 -0.7071007 0.707113 -3.18625e-7 0.7071129 0.7071008 -3.24256e-7 0.7071009 -0.7071127 0.5773648 -0.5773382 0.5773479 0.5773648 0.5773385 -0.5773476 0.5773468 0.5773572 0.5773469 0 -0.707113 0.7071007 0 -0.7071009 -0.7071127 -3.89964e-7 0.7071128 -0.7071008 -3.83705e-7 0.7071006 0.707113 0.5752503 -0.5788226 0.5779719 0.5794478 -0.5758953 -0.5767018 0.5794625 0.5758829 -0.5766993 0.5752303 0.5788452 0.5779693 0.008322238 -0.7007147 0.7133931 -0.008175134 -0.7133244 -0.7007864 -0.008175313 0.7133384 -0.7007721 0.00832194 0.7007105 0.7133973 0.5773518 -0.5773489 0.5773503 0.5773375 0.5773406 0.5773727 -0.5773506 0.5773496 0.5773506 0.7071074 -0.7071063 0 0.7071062 0.7071074 0 0.5773472 0.5773524 0.5773512 -0.5773409 0.5773378 0.5773723 -0.5773484 -0.5773515 0.5773509 0.7071092 -0.7071043 0 0.7071042 0.7071093 0 -0.7071077 0.7071059 0 -0.7071059 -0.7071077 0 -0.7071009 -0.7071127 0 -0.7071128 -0.7071008 0 0.707112 0.7071016 0 0.7071002 0.7071134 0 -0.7071016 0.7071121 0 -0.5780001 -0.5243555 0.6252738 -0.5766953 -0.6259884 -0.5249392 0.5766829 -0.6260016 -0.5249371 0.5780214 -0.5243368 0.6252698 -0.7043494 0.05762559 0.7075106 -0.7098302 -0.05717891 -0.7020483 0.7098443 -0.05717813 -0.7020341 0.7043402 0.057626 0.7075198 -0.5788457 -0.5751284 0.5780702 -0.5758739 -0.5795764 -0.5765939 0.5758619 -0.5795904 -0.5765918 0.5788692 -0.5751088 0.578066 -0.7006132 -0.008341789 0.7134926 -0.713415 0.008174002 -0.7006941 0.7134304 0.008174121 -0.7006784 0.700607 -0.008341491 0.7134987 -0.5773333 0.6261342 -0.5240633 -0.5773617 0.52406 0.6261108 0.5773427 0.5240777 0.6261135 0.5773516 0.6261168 -0.5240639 -0.7071335 0.0624597 -0.7043159 -0.70708 -0.06246542 0.7043693 0.7071216 0.06246107 -0.704328 0.5788687 0.5742978 0.5788724 0.5758513 0.5804022 -0.5757852 -0.5758389 0.5804171 -0.5757825 -0.5788929 0.5742761 0.5788696 0.7005072 0.007492303 0.7136061 0.7135157 -0.007339596 -0.7006008 -0.713531 -0.007339715 -0.7005853 -0.7005011 0.007492125 0.7136121 0.6716153 -0.4624271 0.5788732 -0.688048 -0.131712 0.713612 -0.4677663 -0.6679105 0.57887 0.6907114 0.1169651 0.7136085 -0.7035015 -0.1194278 -0.7005873 -0.4636697 -0.6734132 -0.5757822 0.7008867 0.1338719 -0.700597 0.6697283 -0.4689717 -0.5757861 0.6791941 -0.5131084 0.5248001 -0.6849557 -0.1861662 0.704399 -0.4571606 -0.7180454 0.5248 0.7068435 0.06486392 0.7043898 -0.7068026 -0.06485253 -0.7044319 -0.4750204 -0.6189581 -0.6254971 0.6849122 0.1861625 -0.7044423 0.6613453 -0.413981 -0.6254935 0.7336527 -0.3571974 0.5780691 -0.6603153 -0.2343139 0.713499 -0.3619466 -0.7313236 0.5780662 0.6657124 0.2185275 0.7134934 -0.6777877 -0.2228283 -0.7006794 -0.357649 -0.7345927 -0.5765941 0.6724926 0.2382954 -0.7006919 0.7322746 -0.3623673 -0.5765969 0.7164441 -0.3094179 0.6252747 -0.6851654 -0.1730918 0.7075222 -0.3775538 -0.6830006 0.6252707 0.6479294 0.2821624 0.707511 -0.6532751 -0.2835154 -0.7020334 -0.343423 -0.7787833 -0.5249355 0.6902203 0.1752904 -0.7020465 0.7480548 -0.4060214 -0.5249389 0.7145107 -0.6996245 0 0.6996262 0.7145091 0 0.6996386 0.714497 0 0.7144989 -0.6996365 0 -0.714509 0.6996263 0 -0.7144984 0.6996371 0 -0.6996248 -0.7145105 0 0.001594901 -0.9977319 -0.06729573 0.001590609 -0.9977317 -0.06729811 0.2466073 -0.9171159 0.3131825 -0.01035034 -0.9996157 0.02572172 -0.0172376 -0.9994165 0.02949136 -0.017241 -0.9994164 0.02949118 0.001595973 -0.9999988 -6.6506e-6 0.001620113 -0.9999987 7.90513e-6 0.001612365 -0.9999987 -1.32939e-6 0.001605927 -0.9999988 -1.28659e-6 0.001986384 -0.999388 0.03492605 0.002186894 -0.999388 0.03491324 0.3787993 -0.9168957 0.125752 0.005822718 -0.99959 0.02803617 -0.00232768 -0.9996229 0.02736461 -0.2685136 -0.9599697 0.07974207 0.009694218 -0.9997718 -0.01904034 -0.2903463 -0.9565863 0.02533614 4.07379e-4 -0.9950519 0.09935581 -0.07473713 -0.9930562 0.09085053 0.03954851 -0.9179891 0.3946291 -0.01795196 -0.9142795 0.404686 0.005733609 -0.9932301 0.1160228 0.01583302 -0.9929915 0.1171205 0.001917541 -0.9998807 -0.01532977 0.001042544 -0.9998763 -0.0156995 -0.003048062 -0.9895009 -0.1444949 0.07618123 -0.9894887 -0.1229174 0.001598596 -0.9999988 -2.35403e-7 0.001609921 -0.9999988 -1.11203e-6 0.001598834 -0.9999988 8.06718e-7 0.001601874 -0.9999988 0 -4.39475e-4 -0.9989222 0.0464152 -0.001577496 -0.9989117 0.04661458 0.001612305 -0.9999987 -3.04979e-7 0.001602709 -0.9999988 -9.51713e-7 0.009129762 -0.9870899 -0.1599073 0.008886992 -0.9870921 -0.1599072 0.02454131 -0.9909445 0.1320101 0.002058029 -0.9903837 0.1383329 0.001601874 -0.9999871 0.004833638 0.001592457 -0.9999863 -0.004992842 0.001603245 -0.9999871 0.004833579 0.001583635 -0.9999864 -0.004992365 0 -0.01293677 0.9999164 0 -0.01564466 -0.9998776 -1 -4.11584e-7 0 0 0.03866207 0.9992524 0 -0.04415613 -0.9990247 -1 -7.06312e-7 -1.43638e-6 1 0 0 0 -0.00774455 0.99997 0 0.005159616 -0.9999868 -1 -3.7002e-7 0 1 3.76258e-7 7.64815e-7 0 -0.02322167 0.9997304 0 0.02352505 -0.9997233 -1 -7.38622e-7 0 1 7.49716e-7 0 0 -0.0155639 0.999879 0 -0.02571976 -0.9996693 -1 -7.31399e-7 -1.49438e-6 1 4.8645e-7 0 0 0.02571952 0.9996692 0 -0.02591025 -0.9996643 -1 0 0 -2.25866e-7 0 1 0.01855385 0 -0.9998279 3.51405e-7 -1 0 -0.01855397 0 0.9998279 0.01855409 0 -0.9998279 3.51405e-7 -1 0 0.02087187 0 0.9997822 -0.01623517 0 -0.9998682 3.51405e-7 -1 -6.89804e-7 -0.009476184 0 0.9999551 0.006958782 0 -0.9999758 3.59113e-7 -1 3.28244e-7 0 1 -1.14947e-6 -0.01855397 0 0.9998279 0.03518086 0 -0.999381 3.52093e-7 -1 0 -1.7179e-7 0 1 0.02598947 0 -0.9996623 3.56365e-7 -1 0 0.002319574 0 0.9999973 0.01855403 0 -0.9998279 3.51405e-7 -1 0 -0.01202327 -0.9992295 0.03736221 -0.01202154 -0.9992297 0.03735685 0.329154 -0.03919535 -0.9434624 0.3291542 -0.03919064 -0.9434627 0.01202386 0.9992294 -0.03736358 0.01202112 0.9992299 -0.03735536 -0.3291392 0.03919392 0.9434677 -0.3291384 0.03920793 0.9434674 0.9689919 -0.001968801 0.2470851 1.07978e-5 -0.01049876 0.999945 1.29577e-5 -0.01049876 0.9999449 -0.9999994 -0.001231789 3.18819e-6 -0.9999992 -0.001231729 -7.37058e-7 -1.5117e-5 0.01047593 -0.9999452 -1.0798e-5 0.01047575 -0.9999452 0.9999994 0.001232564 -5.15799e-6 0.9999992 0.001232147 6.59492e-6 0.001227676 -0.9998289 0.01846396 0.001230001 -0.9998289 0.01846212 0.00361967 -0.9999935 0 0.00361967 -0.9999935 0 0.9999935 0.003620445 0 -0.00361967 0.9999935 0 -0.00361967 0.9999935 0 -0.9999936 -0.003616869 0 -0.9999935 -0.003624022 0 -0.9999935 -0.003624022 0 -0.003616452 0.9999936 0 -0.003616452 0.9999936 0 0.9999936 0.003616869 0 0.003613889 -0.9999936 0 1.745e-6 0 1 0.00361967 -0.9999935 0 0.00361967 -0.9999935 0 0.9999935 0.003620564 0 0.9999935 0.003617644 0 -0.00361967 0.9999935 0 -0.00361967 0.9999935 0 -0.9999935 -0.003617644 0 -0.9999935 -0.003623485 0 -0.9999935 -0.003623485 0 -0.003616452 0.9999935 0 -0.003616452 0.9999935 0 0.9999935 0.003617644 0 0.9999936 0.003614783 0 0.003613889 -0.9999935 0 0.003613889 -0.9999935 0 -0.9999935 -0.003623187 0 -0.003616452 0.9999935 0 -0.003616452 0.9999935 0 0.9999935 0.003619968 0 0.9999935 0.003621041 0 0.003613889 -0.9999936 0 0.003613889 -0.9999935 0 -0.4561029 -0.001653075 0.8899256 -0.4561038 -0.00165075 0.8899251 -0.9999935 -0.003621995 0 -0.9999935 -0.003623485 0 -0.003616452 0.9999935 0 -0.003616452 0.9999936 0 0.003613889 -0.9999935 0 0.003613889 -0.9999935 0 -0.00361967 0.9999935 0 -0.00361967 0.9999935 0 0.9999935 0.003619968 0 0.9999935 0.003621041 0 0.003615856 -0.9999935 0 0.003615856 -0.9999935 0 -0.4561023 -0.001653075 0.8899258 -0.4561032 -0.00165075 0.8899254 -0.00361967 0.9999935 0 -0.00361967 0.9999935 0 0.9999935 0.003620564 0 0.003615856 -0.9999936 0 0.003615856 -0.9999936 0 -0.9999935 -0.003623187 0 -0.9999935 -0.003620266 0 -0.003616452 0.9999935 0 -0.003616452 0.9999935 0 0.9999935 0.003618955 0 0.9999935 0.003621757 0 0.003613889 -0.9999936 0 0.003613889 -0.9999935 0 -0.4560962 -0.00165075 0.8899289 -0.4560963 -0.001651525 0.8899289 -0.9999935 -0.003620564 0 -0.003616452 0.9999935 0 0.003613889 -0.9999935 0 -0.00361967 0.9999935 0 -0.00361967 0.9999935 0 0.003617107 -0.9999935 0 0.003617107 -0.9999935 0 -0.456095 -0.001653075 0.8899295 -0.4560964 -0.00165075 0.8899289 -0.00361967 0.9999935 0 -0.00361967 0.9999935 0 0.003617107 -0.9999935 0 0.003617107 -0.9999935 0 0 0 1 0 0 1 1.3828e-7 0 1 -0.9807854 -0.1950898 0 -0.9807868 0.1950829 0 0.8262812 0.5632578 0 0.5632535 -0.8262842 0 -0.8262836 -0.5632544 0 -0.5632538 0.8262839 0 0.8262851 0.5632522 0 0.5632547 -0.8262834 0 -0.5632556 0.8262829 0 0.8262815 0.5632575 0 0.5632537 -0.8262841 0 -0.8262854 -0.5632517 0 0.8262853 0.563252 0 0.563255 -0.8262832 0 -0.8262861 -0.5632507 0 -0.828318 -0.5599545 -0.01844984 -0.8283182 -0.5599542 -0.01844984 -0.8283177 -0.559955 -0.01844984 0.9998224 -0.003870844 -0.01844686 0.9998223 -0.003875136 -0.01844686 0.9689931 -0.001963913 0.2470802 0.944205 -0.007739663 0.3292675 -0.04551905 -0.9988374 -0.01587349 -0.9979366 -0.009330987 -0.06352663 0.02255409 0.9780257 0.2072607 0.3217462 0.003008425 -0.9468213 -0.3589678 0.002942264 0.9333453 0.9815974 -0.005475759 0.1908838 0.09592175 -0.9948268 0.03344875 -0.9673705 -0.01949572 -0.252615 -0.02190649 0.9295686 0.3679978 0.3221302 0.006491959 -0.9466732 -0.3167884 0.003846883 0.9484885 0.9441899 0.009760916 0.329257 0.1443982 -0.9895197 8.92981e-7 -0.9453334 0.001933634 -0.3260998 0.009111762 0.9999535 0.003180146 0.3324632 -6.80046e-4 -0.943116 -0.3468379 -0.003631651 0.9379181 0.9442372 -0.001107692 0.3292644 -0.1071488 -0.9935407 -0.03736531 -0.9442267 0.003933906 -0.3292726 -0.1463983 0.9879077 -0.05105113 0.3372268 -0.001404881 -0.9414225 -0.3373353 3.95833e-4 0.9413846 0.9450137 0.008845508 0.326911 -0.2192995 -0.9533867 0.2072716 -0.9442274 0.00393939 -0.3292708 -0.11971 0.9919307 -0.04174882 0.3658553 -0.001526236 -0.9306706 -0.3350224 -0.002754211 0.9422062 0.8772754 7.74123e-7 0.4799875 0.06469851 -0.9487878 0.3092182 -0.9245504 -0.008712232 -0.3809603 -0.05204576 0.9961636 0.07035368 0.346046 0.00326097 -0.938212 -0.3589153 -0.002975165 0.9333654 0.9444977 -0.003772556 0.3284968 -0.001190066 -0.9665708 -0.2563974 -0.9442306 -8.33203e-7 -0.329285 -0.1847209 0.9696731 0.1600384 0.340628 4.06999e-7 -0.9401982 -0.3615705 0.004808127 0.9323325 0 -0.01293689 0.9999163 0 -0.01564484 -0.9998776 1 8.23168e-7 0 -7.23742e-6 0.03866231 0.9992524 0 -0.04415571 -0.9990247 -1 -4.30421e-7 0 1 7.06311e-7 0 0 -0.007744491 0.9999701 -1 -7.52515e-7 0 1 5.31904e-7 0 0 -0.02322155 0.9997304 0 0.02352476 -0.9997233 -1 -5.1543e-7 0 1 3.69311e-7 0 0 -0.01556366 0.9998789 0 -0.0257194 -0.9996693 -1 0 0 1 5.25693e-7 0 0 0.02571958 0.9996693 0 -0.02591001 -0.9996643 -1 -4.68155e-7 0 1 3.38357e-7 0 -2.25867e-7 0 1 0.01855397 0 -0.9998279 3.51405e-7 -1 0 -0.01855385 0 0.9998279 0.01855409 0 -0.9998279 3.51405e-7 -1 0 0.02087187 0 0.9997822 -0.01623517 0 -0.9998682 3.51405e-7 -1 0 -0.009476125 0 0.9999551 0.006958842 0 -0.9999759 3.51103e-7 -1 -1.14947e-6 0 1 1.20044e-6 -0.01855403 0 0.9998279 0.03518086 0 -0.999381 3.55529e-7 -1 0 0 1 1.17697e-6 -1.71792e-7 0 1 0.02598941 0 -0.9996623 3.5805e-7 -1 0 0.002319455 0 0.9999973 0.01855397 0 -0.9998279 3.51405e-7 -1 0 0.968993 -0.001963913 0.2470804 -0.6109171 0.05567044 0.7897348 0.04332208 0.9990405 0.00643599 -0.05203938 -0.9986398 -0.003232955 -0.5976914 0.05175858 0.8000538 0.04332333 0.9990322 0.007601797 -0.05203944 -0.9986378 -0.003816008 -0.9200854 0.3917178 0 -0.9200846 0.3917198 0 0.5000056 0 -0.8660222 0.5000056 0 0.8660222 -0.5000069 0 0.8660215 -0.500003 0 -0.8660237 -0.9234896 0 0.3836238 0.1295148 0 -0.9915775 0.7939704 0 0.6079564 -0.1295175 0 0.9915772 -0.7939715 0 -0.6079551 0.9234891 0 -0.3836249 -0.03750729 0 0.9992964 -0.8466631 0 -0.5321294 0.03752565 0 -0.9992958 0.8466596 0 0.532135 -0.8841714 0 0.4671626 0.8841728 0 -0.46716 -0.03750777 0 0.9992964 -0.846661 0 -0.5321327 0.8466579 0 0.5321376 -0.8841724 0 0.4671609 0 0.8841698 -0.4671658 0 -0.03750622 0.9992964 -3.255e-7 -0.8466629 -0.5321298 0 0.03751701 -0.9992961 0 0.8466572 0.5321388 -4.16569e-7 -0.8841735 0.4671589 0 0.8841733 -0.4671591 0 -0.03750574 0.9992964 0 -0.8466612 -0.5321324 0 0.03751653 -0.999296 0 0.8466588 0.5321362 0 -0.8841717 0.4671621 0.04434603 -0.04815739 0.9978549 0.05781489 0.06278538 0.9963511 -0.04434609 0.04815751 0.9978549 -0.05781656 -0.06278526 0.9963511 0.04936212 -0.07178425 0.9961981 -0.04948967 0 0.9987747 0.04948973 0 0.9987747 -0.04936212 -0.07178425 0.9961981 -0.0493623 0.07178437 0.9961979 1 0 0 -1 2.30821e-7 0 0 0.07187175 0.9974139 0.0493623 0.07178437 0.996198 0 -0.07187175 0.9974139 0.9411671 -0.283401 -0.184088 0.2923867 0.956022 0.02306985 -0.941167 0.2833999 0.1840902 -0.2923854 -0.9560225 -0.02306574 -0.0175513 -0.01875406 0.9996702 0.866495 0.4733321 -0.1585664 -0.4755061 0.8794901 0.0197786 -0.8664944 -0.4733326 0.1585683 0.4755071 -0.8794894 -0.01978254 0.001202225 -0.02992725 0.9995514 0.9889428 0.08375185 0.1223841 -0.409119 -0.8805889 -0.2391335 -0.575211 0.8018927 0.1615564 0.4064262 0.8741819 0.2657518 0.5727794 -0.8085978 -0.1345121 -0.991368 -0.09013187 -0.09521424 0.8905662 0.4380806 0.1223818 -0.0604074 -0.9691063 -0.2391318 -0.8277081 0.5374011 0.1615536 0.06021904 0.9621595 0.2657499 0.8278809 -0.5445364 -0.1345117 -0.8904964 -0.4449162 -0.09521466 0.06920927 -0.9976022 0 -2.65262e-7 0 1 -0.03750777 0 0.9992964 -0.8466611 0 -0.5321325 0.03751879 0 -0.999296 0.8466579 0 0.5321376 -0.8841722 0 0.4671612 0.1295151 0 -0.9915775 0.7939701 0 0.6079569 -0.7939708 0 -0.6079561 0.9234886 0 -0.3836261 -0.9810542 -0.1937335 0</float_array>
          <technique_common>
            <accessor source="#Cube_005-mesh-normals-array" count="1242" stride="3">
              <param name="X" type="float"/>
              <param name="Y" type="float"/>
              <param name="Z" type="float"/>
            </accessor>
          </technique_common>
        </source>
        <source id="Cube_005-mesh-map-0">
          <float_array id="Cube_005-mesh-map-0-array" count="10116">0.4047567 0.6175607 0.001024961 0.9108067 0.001024961 0.6175605 0.403245 0.9108056 0.001024961 0.6175605 0.001024961 0.9108067 -4.83394e-4 0.9108052 0.403245 0.6175605 0.403245 0.9108056 -4.84586e-4 0.6175619 0.4047648 0.9108072 0.4047637 0.6175653 0.7197124 0.7993189 0.4479254 0.573125 0.7197124 0.573125 0.001024961 0.9108067 0.4047567 0.6175607 0.4047563 0.9108072 0.403245 0.9108056 0.001024961 0.6175605 0.001024961 0.9108067 -4.83394e-4 0.9108052 0.403245 0.6175605 0.403245 0.9108056 0.4047648 0.9108072 -4.84586e-4 0.6175619 -4.83394e-4 0.9108052 0.7197124 0.7993189 0.4479254 0.573125 0.7197124 0.573125 -8.35359e-5 0.5390101 0.06485933 0.01012557 0.06485921 0.5390112 0.06461614 0.5390083 -8.35359e-5 0.0101251 -8.35359e-5 0.5390101 -3.2616e-4 0.5390077 0.06461614 0.0101251 0.06461614 0.5390083 0.06486058 0.5390112 -3.26354e-4 0.01012796 -3.2616e-4 0.5390077 0.7197124 0.7993189 0.4479254 0.573125 0.7197124 0.573125 -8.35359e-5 0.5390101 0.06485933 0.01012557 0.06485921 0.5390112 0.06461614 0.5390083 -8.35359e-5 0.0101251 -8.35359e-5 0.5390101 -3.2616e-4 0.5390077 0.06461614 0.0101251 0.06461614 0.5390083 0.06486058 0.5390112 -3.26354e-4 0.01012796 -3.2616e-4 0.5390077 0.7197124 0.7993189 0.4479254 0.573125 0.7197124 0.573125 -8.35359e-5 0.5390101 0.06485933 0.01012557 0.06485921 0.5390112 0.06461614 0.5390083 -8.35359e-5 0.0101251 -8.35359e-5 0.5390101 -3.2616e-4 0.5390077 0.06461614 0.0101251 0.06461614 0.5390083 0.06486058 0.5390112 -3.26354e-4 0.01012796 -3.2616e-4 0.5390077 0.7197124 0.7993189 0.4479254 0.573125 0.7197124 0.573125 -8.35359e-5 0.5390101 0.06485933 0.01012557 0.06485921 0.5390112 0.06461614 0.5390083 -8.35359e-5 0.0101251 -8.35359e-5 0.5390101 -3.2616e-4 0.5390077 0.06461614 0.0101251 0.06461614 0.5390083 0.06486058 0.5390112 -3.26354e-4 0.01012796 -3.2616e-4 0.5390077 0.7197124 0.7993189 0.4479254 0.573125 0.7197124 0.573125 -8.35359e-5 0.5390101 0.06485933 0.01012557 0.06485921 0.5390112 0.06461614 0.5390083 -8.35359e-5 0.0101251 -8.35359e-5 0.5390101 -3.2616e-4 0.5390077 0.06461614 0.0101251 0.06461614 0.5390083 0.06486058 0.5390112 -3.26354e-4 0.01012796 -3.2616e-4 0.5390077 0.7197124 0.7993189 0.4479254 0.573125 0.7197124 0.573125 0.651612 0.5401344 0.552365 0.3042376 0.5523653 0.5401329 0.3567579 0.5095089 0.3142395 0.3878368 0.3567581 0.3878369 0.3567578 0.3882923 0.3142395 0.5095089 0.3567579 0.5095089 0.3567578 0.5099634 0.3142395 0.3882923 0.3567578 0.3882923 0.3567581 0.3878343 0.3142396 0.5099638 0.3567578 0.5099634 0.3384321 0.3890445 0.3216034 0.5267633 0.338432 0.5267629 0.338432 0.5267629 0.3216034 0.3895609 0.338432 0.3895609 0.338432 0.3895609 0.3216034 0.5262503 0.338432 0.5262503 0.338432 0.5262503 0.3216034 0.3890472 0.3384321 0.3890474 0.7197124 0.7993189 0.4479254 0.573125 0.7197124 0.573125 0.1134575 0.02680325 0.06493234 0.5189761 0.1134571 0.5189748 0.1134571 0.5189748 0.0649321 0.02864897 0.1134572 0.02864897 0.1134572 0.02864897 0.0649321 0.5171427 0.1134573 0.5171427 0.1134573 0.5171427 0.06493216 0.02681308 0.1134575 0.02681374 0.7192744 0.7989544 0.4483634 0.5734896 0.7192744 0.5734896 0.3275439 0.3209113 0.3139557 0.3782264 0.3128477 0.3219702 0.3295044 0.1807218 0.3122329 0.2472195 0.3123047 0.1815013 0.341113 0.3483027 0.3565313 0.2857851 0.3571879 0.3472902 0.3398792 0.1741902 0.3577373 0.1054337 0.3576631 0.1733843 0.32401 0.17487 0.3102319 0.2284016 0.310234 0.1756777 0.552365 0.3042376 0.651612 0.5401344 0.5523653 0.5401329 0.8269878 0.3583484 0.8384565 0.3649699 0.8499253 0.3583484 0.8499252 0.3451055 0.8269878 0.3583484 0.8499253 0.3583484 0.8499252 0.3451055 0.8269878 0.3451055 0.8269878 0.3583484 0.8499252 0.3451055 0.8384565 0.3384841 0.8269878 0.3451055 0.8499253 0.3583484 0.8384565 0.3649699 0.8269878 0.3583484 0.8499252 0.3451055 0.8499253 0.3583484 0.8269878 0.3583484 0.8499252 0.3451055 0.8269878 0.3583484 0.8269878 0.3451055 0.8499252 0.3451055 0.8269878 0.3451055 0.8384565 0.3384841 0.5511735 0.3141851 0.3631795 0.3213006 0.3631795 0.3141852 0.5511735 0.3284159 0.3631795 0.3355314 0.3631795 0.328416 0.5511735 0.3426467 0.3631795 0.3497623 0.3631795 0.3426468 0.5511735 0.3497622 0.3631795 0.3568777 0.3631795 0.3497623 0.5511735 0.3213005 0.3631795 0.328416 0.3631795 0.3213006 0.5511735 0.3355313 0.3631795 0.3426468 0.3631795 0.3355314 0.8269878 0.3583484 0.8384565 0.3649699 0.8499253 0.3583484 0.8499252 0.3451055 0.8269878 0.3583484 0.8499253 0.3583484 0.8499252 0.3451055 0.8269878 0.3451055 0.8269878 0.3583484 0.8499252 0.3451055 0.8384565 0.3384841 0.8269878 0.3451055 0.8499253 0.3583484 0.8384565 0.3649699 0.8269878 0.3583484 0.8499252 0.3451055 0.8499253 0.3583484 0.8269878 0.3583484 0.8499252 0.3451055 0.8269878 0.3583484 0.8269878 0.3451055 0.8499252 0.3451055 0.8269878 0.3451055 0.8384565 0.3384841 0.5511735 0.3141851 0.3631795 0.3213006 0.3631795 0.3141852 0.5511735 0.3284159 0.3631795 0.3355314 0.3631795 0.328416 0.5511735 0.3426467 0.3631795 0.3497623 0.3631795 0.3426468 0.5511735 0.3497622 0.3631795 0.3568777 0.3631795 0.3497623 0.5511735 0.3213005 0.3631795 0.328416 0.3631795 0.3213006 0.5511735 0.3355313 0.3631795 0.3426468 0.3631795 0.3355314 0.8499252 0.3451055 0.8384565 0.3384841 0.8269878 0.3451055 0.8499252 0.3451055 0.8269878 0.3451055 0.8269878 0.3583484 0.8499252 0.3451055 0.8269878 0.3583484 0.8499253 0.3583484 0.8269878 0.3583484 0.8384565 0.3649699 0.8499253 0.3583484 0.8499252 0.3451055 0.8269878 0.3451055 0.8384565 0.3384841 0.8499252 0.3451055 0.8269878 0.3583484 0.8269878 0.3451055 0.8499252 0.3451055 0.8499253 0.3583484 0.8269878 0.3583484 0.8499253 0.3583484 0.8384565 0.3649699 0.8269878 0.3583484 0.5511735 0.3141851 0.3631795 0.3213006 0.3631795 0.3141852 0.5511735 0.3284159 0.3631795 0.3355314 0.3631795 0.328416 0.5511735 0.3426467 0.3631795 0.3497623 0.3631795 0.3426468 0.5511735 0.3497622 0.3631795 0.3568777 0.3631795 0.3497623 0.5511735 0.3213005 0.3631795 0.328416 0.3631795 0.3213006 0.5511735 0.3355313 0.3631795 0.3426468 0.3631795 0.3355314 0.8499252 0.3451055 0.8384565 0.3384841 0.8269878 0.3451055 0.8499252 0.3451055 0.8269878 0.3451055 0.8269878 0.3583484 0.8499252 0.3451055 0.8269878 0.3583484 0.8499253 0.3583484 0.8269878 0.3583484 0.8384565 0.3649699 0.8499253 0.3583484 0.8499252 0.3451055 0.8269878 0.3451055 0.8384565 0.3384841 0.8499252 0.3451055 0.8269878 0.3583484 0.8269878 0.3451055 0.8499252 0.3451055 0.8499253 0.3583484 0.8269878 0.3583484 0.8499253 0.3583484 0.8384565 0.3649699 0.8269878 0.3583484 0.5511735 0.3141851 0.3631795 0.3213006 0.3631795 0.3141852 0.5511735 0.3284159 0.3631795 0.3355314 0.3631795 0.328416 0.5511735 0.3426467 0.3631795 0.3497623 0.3631795 0.3426468 0.5511735 0.3497622 0.3631795 0.3568777 0.3631795 0.3497623 0.5511735 0.3213005 0.3631795 0.328416 0.3631795 0.3213006 0.5511735 0.3355313 0.3631795 0.3426468 0.3631795 0.3355314 0.8499252 0.3451055 0.8384565 0.3384841 0.8269878 0.3451055 0.8499252 0.3451055 0.8269878 0.3451055 0.8269878 0.3583484 0.8499252 0.3451055 0.8269878 0.3583484 0.8499253 0.3583484 0.8269878 0.3583484 0.8384565 0.3649699 0.8499253 0.3583484 0.8499252 0.3451055 0.8269878 0.3451055 0.8384565 0.3384841 0.8499252 0.3451055 0.8269878 0.3583484 0.8269878 0.3451055 0.8499252 0.3451055 0.8499253 0.3583484 0.8269878 0.3583484 0.8499253 0.3583484 0.8384565 0.3649699 0.8269878 0.3583484 0.5511735 0.3141851 0.3631795 0.3213006 0.3631795 0.3141852 0.5511735 0.3284159 0.3631795 0.3355314 0.3631795 0.328416 0.5511735 0.3426467 0.3631795 0.3497623 0.3631795 0.3426468 0.5511735 0.3497622 0.3631795 0.3568777 0.3631795 0.3497623 0.5511735 0.3213005 0.3631795 0.328416 0.3631795 0.3213006 0.3631795 0.3355314 0.5511735 0.3426467 0.3631795 0.3426468 0.8499252 0.3451055 0.8384565 0.3384841 0.8269878 0.3451055 0.8499252 0.3451055 0.8269878 0.3451055 0.8269878 0.3583484 0.8499252 0.3451055 0.8269878 0.3583484 0.8499253 0.3583484 0.8269878 0.3583484 0.8384565 0.3649699 0.8499253 0.3583484 0.8499252 0.3451055 0.8269878 0.3451055 0.8384565 0.3384841 0.8499252 0.3451055 0.8269878 0.3583484 0.8269878 0.3451055 0.8499252 0.3451055 0.8499253 0.3583484 0.8269878 0.3583484 0.8499253 0.3583484 0.8384565 0.3649699 0.8269878 0.3583484 0.5511735 0.3141851 0.3631795 0.3213006 0.3631795 0.3141852 0.5511735 0.3284159 0.3631795 0.3355314 0.3631795 0.328416 0.5511735 0.3426467 0.3631795 0.3497623 0.3631795 0.3426468 0.5511735 0.3497622 0.3631795 0.3568777 0.3631795 0.3497623 0.5511735 0.3213005 0.3631795 0.328416 0.3631795 0.3213006 0.5511735 0.3355313 0.3631795 0.3426468 0.3631795 0.3355314 0.3418081 0.3634826 0.3275439 0.3209113 0.3407594 0.318695 0.3448503 0.231056 0.3295044 0.1807218 0.3448523 0.1800643 0.3259403 0.301627 0.341113 0.3483027 0.3266451 0.3505951 0.3240121 0.1221461 0.3398792 0.1741902 0.32401 0.17487 0.5838189 0.7993189 0.4479254 0.686222 0.5838189 0.686222 0.3407594 0.318695 0.3513925 0.2729175 0.3524412 0.3177052 0.3448523 0.1800643 0.3581777 0.1282914 0.3581757 0.1792831 0.3266451 0.3505951 0.3145707 0.40053 0.3138659 0.3515619 0.3275439 0.3209113 0.3117396 0.2657139 0.3264358 0.2646551 0.341113 0.3483027 0.3578445 0.4087953 0.3417696 0.4098079 0.3397107 0.2739074 0.3275439 0.3209113 0.3264358 0.2646551 0.3273499 0.3995632 0.341113 0.3483027 0.3417696 0.4098079 0.7197124 0.686222 0.5838189 0.7993189 0.5838189 0.686222 0.3407594 0.318695 0.3534899 0.3624928 0.3418081 0.3634826 0.3266451 0.3505951 0.3131611 0.3025938 0.3259403 0.301627 0.3398792 0.1741902 0.3575889 0.2413349 0.339805 0.2421408 0.7197124 0.686222 0.5838189 0.573125 0.7197124 0.573125 0.32401 0.17487 0.310236 0.1229538 0.3240121 0.1221461 0.3448523 0.1800643 0.3581737 0.2302747 0.3448503 0.231056 0.324008 0.2275938 0.3398792 0.1741902 0.339805 0.2421408 0.5838189 0.573125 0.4479254 0.686222 0.4479254 0.573125 0.3295044 0.1807218 0.3123764 0.115783 0.3295762 0.1150036 0.3448542 0.1290726 0.3295044 0.1807218 0.3295762 0.1150036 0.3661392 0.3229275 0.5408259 0.3442734 0.5408253 0.3229277 0.6485204 0.4020817 0.6352373 0.5107854 0.6485204 0.5107851 0.6485204 0.4024893 0.6352373 0.5107854 0.6352373 0.4024893 0.338432 0.5262503 0.3216034 0.3895609 0.3216034 0.5262503 0.6485204 0.5103805 0.6352373 0.4020839 0.6485204 0.402084 0.648038 0.3956756 0.6232739 0.3204497 0.648038 0.3204497 0.6485204 0.4020817 0.6352373 0.5107854 0.6485204 0.5107851 0.6485204 0.4024893 0.6352373 0.5107854 0.6352373 0.4024893 0.338432 0.5262503 0.3216034 0.3895609 0.3216034 0.5262503 0.6485204 0.5103805 0.6352373 0.4020839 0.6485204 0.402084 0.6080381 0.3956756 0.583274 0.3204497 0.6080381 0.3204497 0.5397767 0.5401344 0.458207 0.3945695 0.4582073 0.5401329 0.3661392 0.3229275 0.5408259 0.3442734 0.5408253 0.3229277 0.8499253 0.3583484 0.8384565 0.3649699 0.8269878 0.3583484 0.8499252 0.3451055 0.8499253 0.3583484 0.8269878 0.3583484 0.8499252 0.3451055 0.8269878 0.3583484 0.8269878 0.3451055 0.8499252 0.3451055 0.8269878 0.3451055 0.8384565 0.3384841 0.5511735 0.3141851 0.3631795 0.3213006 0.3631795 0.3141852 0.3631795 0.328416 0.5511735 0.3355313 0.3631795 0.3355314 0.5511735 0.3426467 0.3631795 0.3497623 0.3631795 0.3426468 0.5511735 0.3497622 0.3631795 0.3568777 0.3631795 0.3497623 0.3631795 0.3213006 0.5511735 0.3284159 0.3631795 0.328416 0.3631795 0.3355314 0.5511735 0.3426467 0.3631795 0.3426468 0.8499253 0.3583484 0.8384565 0.3649699 0.8269878 0.3583484 0.8499252 0.3451055 0.8499253 0.3583484 0.8269878 0.3583484 0.8499252 0.3451055 0.8269878 0.3583484 0.8269878 0.3451055 0.8499252 0.3451055 0.8269878 0.3451055 0.8384565 0.3384841 0.5511735 0.3141851 0.3631795 0.3213006 0.3631795 0.3141852 0.3631795 0.328416 0.5511735 0.3355313 0.3631795 0.3355314 0.5511735 0.3426467 0.3631795 0.3497623 0.3631795 0.3426468 0.5511735 0.3497622 0.3631795 0.3568777 0.3631795 0.3497623 0.3631795 0.3213006 0.5511735 0.3284159 0.3631795 0.328416 0.3631795 0.3355314 0.5511735 0.3426467 0.3631795 0.3426468 0.9199395 0.4065923 0.9368599 0.3947795 0.9388206 0.4153947 0.897298 0.4170042 0.9199395 0.4065923 0.9178481 0.417801 0.9021293 0.4291605 0.8788652 0.4130275 0.8891422 0.4225779 0.9021293 0.4291605 0.9281753 0.4234138 0.897317 0.4222151 0.9310441 0.4241816 0.9199395 0.4065923 0.9388206 0.4153947 0.897298 0.4170042 0.8788652 0.4130275 0.8907738 0.4054214 0.9310441 0.4241816 0.9281753 0.4234138 0.9235042 0.4299682 0.9368599 0.3947795 0.9126361 0.3669218 0.9271326 0.3728305 0.8788652 0.4130275 0.8879377 0.3851413 0.8907738 0.4054214 0.9388206 0.4153947 0.9258672 0.4022005 0.9281753 0.4234138 0.8907738 0.4054214 0.9177068 0.3864179 0.9199395 0.4065923 0.897317 0.4222151 0.8756235 0.3921859 0.8788652 0.4130275 0.9281753 0.4234138 0.8943272 0.4008796 0.897317 0.4222151 0.8756235 0.3921859 0.8897339 0.3658739 0.8879377 0.3851413 0.9258672 0.4022005 0.9271326 0.3728305 0.9184959 0.3778434 0.9177068 0.3864179 0.8897339 0.3658739 0.9126361 0.3669218 0.8943272 0.4008796 0.8803239 0.3707016 0.8756235 0.3921859 0.9258672 0.4022005 0.8945562 0.3767603 0.8943272 0.4008796 0.8868044 0.4279808 0.9008539 0.4360924 0.8868044 0.4442039 0.8727548 0.4523153 0.8727548 0.4360924 0.8868044 0.4442039 0.8868044 0.4604268 0.8727548 0.4523153 0.8868044 0.4442039 0.9008539 0.4360924 0.9008538 0.4523153 0.8868044 0.4442039 0.8727548 0.4360924 0.8868044 0.4279808 0.8868044 0.4442039 0.9008538 0.4523153 0.8868044 0.4604268 0.8868044 0.4442039 0.9199395 0.4065923 0.9368599 0.3947795 0.9388206 0.4153947 0.9178481 0.417801 0.8907738 0.4054214 0.9199395 0.4065923 0.9021293 0.4291605 0.8788652 0.4130275 0.8891422 0.4225779 0.9021293 0.4291605 0.9281753 0.4234138 0.897317 0.4222151 0.9178481 0.417801 0.9388206 0.4153947 0.9310441 0.4241816 0.897298 0.4170042 0.8788652 0.4130275 0.8907738 0.4054214 0.9310441 0.4241816 0.9281753 0.4234138 0.9235042 0.4299682 0.9177068 0.3864179 0.9271326 0.3728305 0.9368599 0.3947795 0.8788652 0.4130275 0.8879377 0.3851413 0.8907738 0.4054214 0.9388206 0.4153947 0.9258672 0.4022005 0.9281753 0.4234138 0.8907738 0.4054214 0.9177068 0.3864179 0.9199395 0.4065923 0.897317 0.4222151 0.8756235 0.3921859 0.8788652 0.4130275 0.9281753 0.4234138 0.8943272 0.4008796 0.897317 0.4222151 0.8756235 0.3921859 0.8897339 0.3658739 0.8879377 0.3851413 0.9368599 0.3947795 0.9184959 0.3778434 0.9258672 0.4022005 0.8879377 0.3851413 0.9126361 0.3669218 0.9177068 0.3864179 0.8756235 0.3921859 0.8945562 0.3767603 0.8803239 0.3707016 0.9258672 0.4022005 0.8945562 0.3767603 0.8943272 0.4008796 0.8868044 0.4279808 0.9008539 0.4360924 0.8868044 0.4442039 0.8727548 0.4523153 0.8727548 0.4360924 0.8868044 0.4442039 0.8868044 0.4604268 0.8727548 0.4523153 0.8868044 0.4442039 0.9008539 0.4360924 0.9008538 0.4523153 0.8868044 0.4442039 0.8727548 0.4360924 0.8868044 0.4279808 0.8868044 0.4442039 0.9008538 0.4523153 0.8868044 0.4604268 0.8868044 0.4442039 0.9199395 0.4065923 0.9368599 0.3947795 0.9388206 0.4153947 0.897298 0.4170042 0.9199395 0.4065923 0.9178481 0.417801 0.9021293 0.4291605 0.8788652 0.4130275 0.8891422 0.4225779 0.9021293 0.4291605 0.9281753 0.4234138 0.897317 0.4222151 0.9178481 0.417801 0.9388206 0.4153947 0.9310441 0.4241816 0.897298 0.4170042 0.8788652 0.4130275 0.8907738 0.4054214 0.9310441 0.4241816 0.9281753 0.4234138 0.9235042 0.4299682 0.9368599 0.3947795 0.9126361 0.3669218 0.9271326 0.3728305 0.8788652 0.4130275 0.8879377 0.3851413 0.8907738 0.4054214 0.9388206 0.4153947 0.9258672 0.4022005 0.9281753 0.4234138 0.8907738 0.4054214 0.9177068 0.3864179 0.9199395 0.4065923 0.897317 0.4222151 0.8756235 0.3921859 0.8788652 0.4130275 0.9281753 0.4234138 0.8943272 0.4008796 0.897317 0.4222151 0.8756235 0.3921859 0.8897339 0.3658739 0.8879377 0.3851413 0.9368599 0.3947795 0.9184959 0.3778434 0.9258672 0.4022005 0.9177068 0.3864179 0.8897339 0.3658739 0.9126361 0.3669218 0.8756235 0.3921859 0.8945562 0.3767603 0.8803239 0.3707016 0.9258672 0.4022005 0.8945562 0.3767603 0.8943272 0.4008796 0.8868044 0.4279808 0.9008539 0.4360924 0.8868044 0.4442039 0.8727548 0.4523153 0.8727548 0.4360924 0.8868044 0.4442039 0.8868044 0.4604268 0.8727548 0.4523153 0.8868044 0.4442039 0.9008539 0.4360924 0.9008538 0.4523153 0.8868044 0.4442039 0.8727548 0.4360924 0.8868044 0.4279808 0.8868044 0.4442039 0.9008538 0.4523153 0.8868044 0.4604268 0.8868044 0.4442039 0.651612 0.5401344 0.552365 0.3042376 0.5523653 0.5401329 0.6516117 0.3042401 0.552365 0.3042376 0.6516117 0.3042401 0.6408344 0.4852229 0.6402091 0.4236642 0.6408343 0.4236642 0.6249109 0.3655616 0.6200149 0.4847826 0.6249109 0.4847826 0.5523653 0.5401329 0.552365 0.3042376 0.552365 0.3042376 0.8499252 0.3451055 0.8384565 0.3384841 0.8269878 0.3451055 0.8499252 0.3451055 0.8269878 0.3451055 0.8269878 0.3583484 0.8499252 0.3451055 0.8269878 0.3583484 0.8499253 0.3583484 0.8269878 0.3583484 0.8384565 0.3649699 0.8499253 0.3583484 0.8499252 0.3451055 0.8269878 0.3451055 0.8384565 0.3384841 0.8499252 0.3451055 0.8269878 0.3583484 0.8269878 0.3451055 0.8499252 0.3451055 0.8499253 0.3583484 0.8269878 0.3583484 0.8499253 0.3583484 0.8384565 0.3649699 0.8269878 0.3583484 0.5511735 0.3141851 0.3631795 0.3213006 0.3631795 0.3141852 0.5511735 0.3284159 0.3631795 0.3355314 0.3631795 0.328416 0.5511735 0.3426467 0.3631795 0.3497623 0.3631795 0.3426468 0.5511735 0.3497622 0.3631795 0.3568777 0.3631795 0.3497623 0.5511735 0.3213005 0.3631795 0.328416 0.3631795 0.3213006 0.5511735 0.3355313 0.3631795 0.3426468 0.3631795 0.3355314 0.8269878 0.3583484 0.8384565 0.3649699 0.8499253 0.3583484 0.8499252 0.3451055 0.8269878 0.3583484 0.8499253 0.3583484 0.8499252 0.3451055 0.8269878 0.3451055 0.8269878 0.3583484 0.8499252 0.3451055 0.8384565 0.3384841 0.8269878 0.3451055 0.8499253 0.3583484 0.8384565 0.3649699 0.8269878 0.3583484 0.8499252 0.3451055 0.8499253 0.3583484 0.8269878 0.3583484 0.8499252 0.3451055 0.8269878 0.3583484 0.8269878 0.3451055 0.8499252 0.3451055 0.8269878 0.3451055 0.8384565 0.3384841 0.5511735 0.3141851 0.3631795 0.3213006 0.3631795 0.3141852 0.5511735 0.3284159 0.3631795 0.3355314 0.3631795 0.328416 0.5511735 0.3426467 0.3631795 0.3497623 0.3631795 0.3426468 0.5511735 0.3497622 0.3631795 0.3568777 0.3631795 0.3497623 0.5511735 0.3213005 0.3631795 0.328416 0.3631795 0.3213006 0.5511735 0.3355313 0.3631795 0.3426468 0.3631795 0.3355314 0.552365 0.3042376 0.651612 0.5401344 0.5523653 0.5401329 0.552365 0.3042376 0.651612 0.5401344 0.5523653 0.5401329 0.3661392 0.3229275 0.3661398 0.3442732 0.3661392 0.3229275 0.5408259 0.3442734 0.5408253 0.3229277 0.5408259 0.3442734 0.5408253 0.3229277 0.3661392 0.3229275 0.5408253 0.3229277 0.27815 0.04500424 0.4118475 0.093827 0.27815 0.09269815 0.4118477 2.82533e-4 0.27815 0.04500424 0.27815 0.003000319 0.07851964 0.0847373 0.0981763 0.01004028 0.07860219 0.0160911 0 0 0.05069136 0.1016782 0.0506916 0.008133709 0.4070154 0.04500424 0.540713 0.093827 0.4070154 0.09269815 0.5407131 2.82533e-4 0.4070154 0.04500424 0.4070154 0.003000319 0.2073851 0.0847373 0.2270417 0.01004028 0.2074676 0.0160911 0.1288654 0 0.1795569 0.1016782 0.179557 0.008133709 0.6411152 0.3620808 0.358227 0.3704318 0.6411152 0.3714483 0.6411152 0.3620808 0.358227 0.3704318 0.6411152 0.3714483 0.7031282 0.8106979 0.6386361 0.6906163 0.6386361 0.8106982 0.6411152 0.3714483 0.358227 0.3787826 0.6411152 0.3808159 0.6411152 0.3714483 0.358227 0.3787826 0.6411152 0.3808159 0.6117793 0.5387162 0.5943331 0.5237284 0.5943331 0.5389912 0.1932471 0.9677711 0.1740092 0.9152366 0.1869555 0.9045115 0.05215013 0.8508827 0.04717952 0.9152366 0.03423333 0.9045115 0.07896459 0.8150489 0.06205856 0.8706999 0.05215013 0.8508827 0.1105944 0.8024658 0.0843271 0.8409415 0.07896459 0.8150489 0.1422242 0.8150489 0.1105944 0.8304917 0.1105944 0.8024658 0.1690387 0.8508826 0.1368616 0.8409414 0.1422242 0.8150489 0.1869555 0.9045115 0.15913 0.8706999 0.1690387 0.8508826 0.04195451 0.9677711 0.02794176 0.9677711 0.03423333 0.9045115 0.4114378 0.9394169 0.4004377 0.7171198 0.4004377 0.9394169 0.4774384 0.9394165 0.466438 0.7171189 0.4664382 0.9394167 0.4664382 0.9394167 0.4554378 0.717119 0.4554383 0.9394168 0.4554383 0.9394168 0.4444378 0.7171192 0.4444381 0.9394169 0.4444381 0.9394169 0.4334378 0.7171192 0.433438 0.9394169 0.433438 0.9394169 0.4224377 0.7171194 0.4224378 0.9394169 0.4224378 0.9394169 0.4114376 0.7171196 0.4114378 0.9394169 0.4884385 0.9394165 0.477438 0.7171189 0.4774384 0.9394165 0.1327518 0.9875802 0.09265208 0.9514083 0.09265208 0.9875803 0.1728516 0.9875802 0.1327518 0.9514082 0.1327518 0.9875802 0.2129514 0.9875802 0.1728516 0.9514082 0.1728516 0.9875802 0.2530512 0.9875805 0.2129514 0.9514082 0.2129514 0.9875802 0.293151 0.9875808 0.2530512 0.9514084 0.2530512 0.9875805 0.05255246 0.9875803 0.01245296 0.9514086 0.01245296 0.9875804 0.3332508 0.9875814 0.2931511 0.9514088 0.293151 0.9875808 0.09265208 0.9875803 0.0525524 0.9514085 0.05255246 0.9875803 0.5979024 0.4700841 0.6042488 0.4700841 0.6042488 0.3776436 0.6042488 0.4700841 0.5979024 0.4700841 0.5979024 0.3776437 0.5979024 0.4700841 0.6042488 0.4700841 0.6042488 0.3776436 0.6042488 0.4700841 0.5979024 0.4700841 0.5979024 0.3776436 0.5979024 0.4700841 0.6042488 0.4700841 0.6042488 0.3776436 0.6042488 0.4700841 0.5979024 0.4700841 0.5979024 0.3776437 0.5979024 0.4700841 0.6042488 0.4700841 0.6042488 0.3776436 0.6042488 0.4700841 0.5979024 0.4700841 0.5979024 0.3776436 0.3504415 0.3591943 0.353463 0.2889612 0.353463 0.3591943 0.353463 0.2889612 0.3504415 0.3591943 0.3504415 0.2889612 0.3419694 0.3591943 0.3449909 0.2889612 0.3449909 0.3591943 0.3449909 0.2889612 0.3419694 0.3591943 0.3419694 0.2889612 0.3504415 0.3591943 0.353463 0.2889612 0.353463 0.3591943 0.353463 0.2889612 0.3504415 0.3591943 0.3504415 0.2889612 0.3419694 0.3591943 0.3449909 0.2889612 0.3449909 0.3591943 0.3449909 0.2889612 0.3419694 0.3591943 0.3419694 0.2889612 0.6030079 0.3805791 0.5990276 0.4730997 0.5990276 0.3805789 0.6028859 0.3834177 0.5990276 0.4730997 0.5990276 0.3834189 0.3419694 0.3591943 0.3447171 0.295328 0.3449909 0.3591943 0.3447171 0.295328 0.3419694 0.3591943 0.3419694 0.2971004 0.5676859 0.4730997 0.5720497 0.3716626 0.5720497 0.4730997 0.5720497 0.3716626 0.5676859 0.4730997 0.5676859 0.3716626 0.3419694 0.3591943 0.3449909 0.2889612 0.3449909 0.3591943 0.3449909 0.2889612 0.3419694 0.3591943 0.3419694 0.2889612 0.5676859 0.4730997 0.5720497 0.3716626 0.5720497 0.4730997 0.5720497 0.3716626 0.5676859 0.4730997 0.5676859 0.3716626 0.3419694 0.3591943 0.3449909 0.2889612 0.3449909 0.3591943 0.3449909 0.2889612 0.3419694 0.3591943 0.3419694 0.2889612 0.5676859 0.4730997 0.5720497 0.4835742 0.5720497 0.4730997 0.5720497 0.4835742 0.5676859 0.4730997 0.5676859 0.4835742 0.5979024 0.4700841 0.6042488 0.4700841 0.6042488 0.3776436 0.6042488 0.4700841 0.5979024 0.4700841 0.5979024 0.3776437 0.5979024 0.4700841 0.6042488 0.4700841 0.6042488 0.3776436 0.6042488 0.4700841 0.5979024 0.4700841 0.5979024 0.3776436 0.5979024 0.4700841 0.6042488 0.4700841 0.6042488 0.3776436 0.6042488 0.4700841 0.5979024 0.4700841 0.5979024 0.3776437 0.5979024 0.4700841 0.6042488 0.4700841 0.6042488 0.3776436 0.6042488 0.4700841 0.5979024 0.4700841 0.5979024 0.3776436 0.3308219 0.3591943 0.3338434 0.2889612 0.3338434 0.3591943 0.3338434 0.2889612 0.3308219 0.3591943 0.3308219 0.2889612 0.3504415 0.3591943 0.353463 0.2889612 0.353463 0.3591943 0.353463 0.2889612 0.3504415 0.3591943 0.3504415 0.2889612 0.3308219 0.3591943 0.3338434 0.2889612 0.3338434 0.3591943 0.3338434 0.2889612 0.3308219 0.3591943 0.3308219 0.2889612 0.3419694 0.3591943 0.3449909 0.2889612 0.3449909 0.3591943 0.3449909 0.2889612 0.3419694 0.3591943 0.3419694 0.2889612 0.3308219 0.3591943 0.3338434 0.3664467 0.3338434 0.3591943 0.3338434 0.3664467 0.3308219 0.3591943 0.3308219 0.3664467 0.3504415 0.3591943 0.353463 0.2889612 0.353463 0.3591943 0.353463 0.2889612 0.3504415 0.3591943 0.3504415 0.2889612 0.3419694 0.3591943 0.3449909 0.2889612 0.3449909 0.3591943 0.3449909 0.2889612 0.3419694 0.3591943 0.3419694 0.2889612 0.3504415 0.3591943 0.353463 0.2889612 0.353463 0.3591943 0.353463 0.2889612 0.3504415 0.3591943 0.3504415 0.2889612 0.3419694 0.3591943 0.3449909 0.2889612 0.3449909 0.3591943 0.3449909 0.2889612 0.3419694 0.3591943 0.3419694 0.2889612 0.6268675 0.3808502 0.6228989 0.4730997 0.6228989 0.38085 0.6267454 0.3836895 0.6228989 0.4730997 0.6228989 0.3836908 0.3419694 0.3591943 0.3447086 0.2955215 0.3449909 0.3591943 0.3447086 0.2955215 0.3419694 0.3591943 0.3419694 0.2972887 0.5676859 0.4730997 0.5720497 0.3716626 0.5720497 0.4730997 0.5720497 0.3716626 0.5676859 0.4730997 0.5676859 0.3716626 0.3419694 0.3591943 0.3449909 0.2889612 0.3449909 0.3591943 0.3449909 0.2889612 0.3419694 0.3591943 0.3419694 0.2889612 0.5676859 0.4730997 0.5720497 0.3716626 0.5720497 0.4730997 0.5720497 0.3716626 0.5676859 0.4730997 0.5676859 0.3716626 0.3419694 0.3591943 0.3449909 0.2889612 0.3449909 0.3591943 0.3449909 0.2889612 0.3419694 0.3591943 0.3419694 0.2889612 0.5676859 0.4730997 0.5720497 0.4835742 0.5720497 0.4730997 0.5720497 0.4835742 0.5676859 0.4730997 0.5676859 0.4835742 0.6228989 0.4730997 0.6268675 0.3808502 0.6272627 0.4730997 0.3419694 0.3591943 0.3446432 0.2970434 0.3449909 0.2972894 0.6228989 0.4730997 0.6267454 0.3836895 0.6272627 0.4730997 0.3446432 0.2970434 0.3419694 0.3591943 0.3419694 0.2953225 0.3446511 0.2968607 0.3419694 0.3591943 0.3419694 0.2951348 0.5990276 0.4730997 0.6030079 0.3805791 0.6033914 0.4730997 0.3419694 0.3591943 0.3446511 0.2968607 0.3449909 0.2971011 0.5990276 0.4730997 0.6028859 0.3834177 0.6033914 0.4730997 0.5662007 0.4269075 0.5735031 0.4269074 0.5735031 0.4424992 0.5662007 0.3956978 0.5735031 0.3956978 0.5735031 0.4112895 0.5662007 0.4113028 0.5735031 0.4113025 0.5735031 0.4268944 0.5979024 0.4700841 0.6042488 0.4700841 0.6042488 0.3776436 0.6042488 0.4700841 0.5979024 0.4700841 0.5979024 0.3776437 0.5979024 0.4700841 0.6042488 0.4700841 0.6042488 0.3776436 0.6042488 0.4700841 0.5979024 0.4700841 0.5979024 0.3776436 0.5979024 0.4700841 0.6042488 0.4700841 0.6042488 0.3776436 0.6042488 0.4700841 0.5979024 0.4700841 0.5979024 0.3776437 0.5979024 0.4700841 0.6042488 0.4700841 0.6042488 0.3776436 0.6042488 0.4700841 0.5979024 0.4700841 0.5979024 0.3776436 0.3504415 0.3591943 0.353463 0.2889612 0.353463 0.3591943 0.353463 0.2889612 0.3504415 0.3591943 0.3504415 0.2889612 0.3419694 0.3591943 0.3449909 0.2889612 0.3449909 0.3591943 0.3449909 0.2889612 0.3419694 0.3591943 0.3419694 0.2889612 0.3504415 0.3591943 0.353463 0.2889612 0.353463 0.3591943 0.353463 0.2889612 0.3504415 0.3591943 0.3504415 0.2889612 0.3419694 0.3591943 0.3449909 0.2889612 0.3449909 0.3591943 0.3449909 0.2889612 0.3419694 0.3591943 0.3419694 0.2889612 0.6030079 0.3805791 0.5990276 0.4730997 0.5990276 0.3805789 0.6028859 0.3834177 0.5990276 0.4730997 0.5990276 0.3834189 0.3419694 0.3591943 0.3447171 0.295328 0.3449909 0.3591943 0.3447171 0.295328 0.3419694 0.3591943 0.3419694 0.2971004 0.5676859 0.4730997 0.5720497 0.3716626 0.5720497 0.4730997 0.5720497 0.3716626 0.5676859 0.4730997 0.5676859 0.3716626 0.3419694 0.3591943 0.3449909 0.2889612 0.3449909 0.3591943 0.3449909 0.2889612 0.3419694 0.3591943 0.3419694 0.2889612 0.5676859 0.4730997 0.5720497 0.3716626 0.5720497 0.4730997 0.5720497 0.3716626 0.5676859 0.4730997 0.5676859 0.3716626 0.3419694 0.3591943 0.3449909 0.2889612 0.3449909 0.3591943 0.3449909 0.2889612 0.3419694 0.3591943 0.3419694 0.2889612 0.5676859 0.4730997 0.5720497 0.4835742 0.5720497 0.4730997 0.5720497 0.4835742 0.5676859 0.4730997 0.5676859 0.4835742 0.5979024 0.4700841 0.6042488 0.4700841 0.6042488 0.3776436 0.6042488 0.4700841 0.5979024 0.4700841 0.5979024 0.3776437 0.5979024 0.4700841 0.6042488 0.4700841 0.6042488 0.3776436 0.6042488 0.4700841 0.5979024 0.4700841 0.5979024 0.3776436 0.5979024 0.4700841 0.6042488 0.4700841 0.6042488 0.3776436 0.6042488 0.4700841 0.5979024 0.4700841 0.5979024 0.3776437 0.5979024 0.4700841 0.6042488 0.4700841 0.6042488 0.3776436 0.6042488 0.4700841 0.5979024 0.4700841 0.5979024 0.3776436 0.3308219 0.3591943 0.3338434 0.2889612 0.3338434 0.3591943 0.3338434 0.2889612 0.3308219 0.3591943 0.3308219 0.2889612 0.3504415 0.3591943 0.353463 0.2889612 0.353463 0.3591943 0.353463 0.2889612 0.3504415 0.3591943 0.3504415 0.2889612 0.3308219 0.3591943 0.3338434 0.2889612 0.3338434 0.3591943 0.3338434 0.2889612 0.3308219 0.3591943 0.3308219 0.2889612 0.3419694 0.3591943 0.3449909 0.2889612 0.3449909 0.3591943 0.3449909 0.2889612 0.3419694 0.3591943 0.3419694 0.2889612 0.3308219 0.3591943 0.3338434 0.3664467 0.3338434 0.3591943 0.3338434 0.3664467 0.3308219 0.3591943 0.3308219 0.3664467 0.3504415 0.3591943 0.353463 0.2889612 0.353463 0.3591943 0.353463 0.2889612 0.3504415 0.3591943 0.3504415 0.2889612 0.3419694 0.3591943 0.3449909 0.2889612 0.3449909 0.3591943 0.3449909 0.2889612 0.3419694 0.3591943 0.3419694 0.2889612 0.3504415 0.3591943 0.353463 0.2889612 0.353463 0.3591943 0.353463 0.2889612 0.3504415 0.3591943 0.3504415 0.2889612 0.3419694 0.3591943 0.3449909 0.2889612 0.3449909 0.3591943 0.3449909 0.2889612 0.3419694 0.3591943 0.3419694 0.2889612 0.6268675 0.3808502 0.6228989 0.4730997 0.6228989 0.38085 0.6267454 0.3836895 0.6228989 0.4730997 0.6228989 0.3836908 0.3419694 0.3591943 0.3447086 0.2955215 0.3449909 0.3591943 0.3447086 0.2955215 0.3419694 0.3591943 0.3419694 0.2972887 0.5676859 0.4730997 0.5720497 0.3716626 0.5720497 0.4730997 0.5720497 0.3716626 0.5676859 0.4730997 0.5676859 0.3716626 0.3419694 0.3591943 0.3449909 0.2889612 0.3449909 0.3591943 0.3449909 0.2889612 0.3419694 0.3591943 0.3419694 0.2889612 0.5676859 0.4730997 0.5720497 0.3716626 0.5720497 0.4730997 0.5720497 0.3716626 0.5676859 0.4730997 0.5676859 0.3716626 0.3419694 0.3591943 0.3449909 0.2889612 0.3449909 0.3591943 0.3449909 0.2889612 0.3419694 0.3591943 0.3419694 0.2889612 0.5676859 0.4730997 0.5720497 0.4835742 0.5720497 0.4730997 0.5720497 0.4835742 0.5676859 0.4730997 0.5676859 0.4835742 0.6228989 0.4730997 0.6268675 0.3808502 0.6272627 0.4730997 0.3419694 0.3591943 0.3446432 0.2970434 0.3449909 0.2972894 0.6228989 0.4730997 0.6267454 0.3836895 0.6272627 0.4730997 0.3446432 0.2970434 0.3419694 0.3591943 0.3419694 0.2953225 0.3446511 0.2968607 0.3419694 0.3591943 0.3419694 0.2951348 0.5990276 0.4730997 0.6030079 0.3805791 0.6033914 0.4730997 0.3419694 0.3591943 0.3446511 0.2968607 0.3449909 0.2971011 0.5990276 0.4730997 0.6028859 0.3834177 0.6033914 0.4730997 0.5662007 0.4269075 0.5735031 0.4269074 0.5735031 0.4424992 0.5662007 0.3956978 0.5735031 0.3956978 0.5735031 0.4112895 0.5662007 0.4113028 0.5735031 0.4113025 0.5735031 0.4268944 0.6924323 0.4065806 0.6924323 0.4217526 0.9246026 0.4217526 0.9246026 0.4217526 0.9246026 0.4065806 0.6924323 0.4065806 0.6924323 0.4065806 0.6924323 0.4217526 0.9246026 0.4217526 0.9246026 0.4217526 0.9246026 0.4065806 0.6924323 0.4065806 0.6924323 0.4065806 0.6924323 0.4217526 0.9246026 0.4217526 0.9246026 0.4217526 0.9246026 0.4065806 0.6924323 0.4065806 0.6924323 0.4065806 0.6924323 0.4217526 0.9246026 0.4217526 0.9246026 0.4217526 0.9246026 0.4065806 0.6924323 0.4065806 0.9246026 0.4217526 0.9246026 0.4065806 0.9485773 0.4217526 0.6043869 0.4703437 0.6043869 0.3861123 0.6028248 0.3861123 0.6043869 0.3861123 0.5978375 0.3861123 0.6043869 0.3824013 0.5978375 0.3861123 0.5978375 0.4703437 0.5993997 0.3861123 0.5978375 0.4703437 0.6043869 0.4703437 0.6043869 0.4740548 0.5978375 0.4703437 0.5978375 0.3861123 0.6043869 0.3861123 0.5978375 0.4703437 0.5978375 0.3861123 0.6043869 0.4703437 0.3519074 0.3584237 0.3519074 0.2978285 0.3532423 0.2978285 0.3519074 0.2978285 0.3471959 0.2978285 0.3519074 0.2951588 0.3471959 0.2978285 0.3471959 0.3584237 0.3458611 0.2978285 0.3471959 0.3584237 0.3519074 0.3584237 0.3519074 0.3610934 0.3471959 0.3584237 0.3471959 0.2978285 0.3519074 0.2978285 0.3471959 0.3584237 0.3471959 0.2978285 0.3519074 0.2978285 0.6199241 0.4719867 0.6199241 0.3844695 0.6218521 0.3844695 0.6199241 0.3844695 0.6131193 0.3844695 0.6131193 0.3806136 0.6131193 0.3844695 0.6131193 0.4719867 0.6111913 0.4719867 0.6131193 0.4719867 0.6199241 0.4719867 0.6131193 0.4758425 0.6131193 0.4719867 0.6131193 0.3844695 0.6199241 0.4719867 0.6131193 0.4719867 0.6131193 0.3844695 0.6199241 0.3844695 0.5728361 0.4691928 0.5728361 0.387813 0.5746287 0.387813 0.5728361 0.387813 0.5665084 0.387813 0.5728361 0.3842275 0.5665084 0.387813 0.5665084 0.4691928 0.5647156 0.4691928 0.5665084 0.4691928 0.5728361 0.4691928 0.5665084 0.4727781 0.5665084 0.4691928 0.5665084 0.387813 0.5728361 0.4691928 0.5665084 0.4691928 0.5665084 0.387813 0.5728361 0.4691928 0.5888331 0.4719867 0.5888331 0.3844695 0.5872489 0.4719867 0.5888331 0.3844695 0.5820282 0.3844695 0.5820282 0.3806136 0.5820282 0.3844695 0.5820282 0.4719867 0.5836125 0.3844695 0.5820282 0.4719867 0.5888331 0.4719867 0.5888331 0.4758425 0.5820282 0.4719867 0.5820282 0.3844695 0.5888331 0.3844695 0.5820282 0.4719867 0.5820282 0.3844695 0.5888331 0.4719867 0.3301911 0.3578506 0.3301911 0.2984017 0.3293738 0.2984017 0.3301911 0.2984017 0.3255687 0.2984017 0.3301911 0.2957825 0.3255687 0.2984017 0.3255687 0.3578506 0.326386 0.3578506 0.3255687 0.3578506 0.3301911 0.3578506 0.3255687 0.3604698 0.3255687 0.3578506 0.3255687 0.2984017 0.3301911 0.3578506 0.3255687 0.3578506 0.3255687 0.2984017 0.3301911 0.2984017 0.3252119 0.3514006 0.3252119 0.2960849 0.3240754 0.2960849 0.3252119 0.2960849 0.3209107 0.2960849 0.3209107 0.2936478 0.3209107 0.2960849 0.3209107 0.3514006 0.3220472 0.3514006 0.3209107 0.3514006 0.3252119 0.3514006 0.3209107 0.3538377 0.3209107 0.3514006 0.3209107 0.2960849 0.3252119 0.3514006 0.3209107 0.3514006 0.3209107 0.2960849 0.3252119 0.3514006 0.3413447 0.2853499 0.3413447 0.2911911 0.3461616 0.2911911 0.3461616 0.2911911 0.3461616 0.2853499 0.3413447 0.2853499 0.3413447 0.2853499 0.3413447 0.2911911 0.3461616 0.2911911 0.3461616 0.2911911 0.3461616 0.2853499 0.3413447 0.2853499 0.3413447 0.2853499 0.3413447 0.2911911 0.3461616 0.2911911 0.3461616 0.2911911 0.3461616 0.2853499 0.3413447 0.2853499 0.3413447 0.2853499 0.3413447 0.2911911 0.3461616 0.2911911 0.3461616 0.2911911 0.3461616 0.2853499 0.3413447 0.2853499 0.3466917 0.3703112 0.3411604 0.3703112 0.3411604 0.3630588 0.3411604 0.3630588 0.3466917 0.3630588 0.3466917 0.3703112 0.3466917 0.2928258 0.3411604 0.2928258 0.3411604 0.3630588 0.3411604 0.3630588 0.3466917 0.3630588 0.3466917 0.2928258 0.3466917 0.2928258 0.3411604 0.2928258 0.3411604 0.3630588 0.3411604 0.3630588 0.3466917 0.3630588 0.3466917 0.2928258 0.3466917 0.2928258 0.3411604 0.2928258 0.3411604 0.3630588 0.3411604 0.3630588 0.3466917 0.3630588 0.3466917 0.2928258 0.3466917 0.2928258 0.3411604 0.2928258 0.3411604 0.3630588 0.3411604 0.3630588 0.3466917 0.3630588 0.3466917 0.2928258 0.3466917 0.3703112 0.3411604 0.3703112 0.3411604 0.3630588 0.3411604 0.3630588 0.3466917 0.3630588 0.3466917 0.3703112 0.3466917 0.2928258 0.3411604 0.2928258 0.3411604 0.3630588 0.3411604 0.3630588 0.3466917 0.3630588 0.3466917 0.2928258 0.3466917 0.2928258 0.3411604 0.2928258 0.3411604 0.3630588 0.3411604 0.3630588 0.3466917 0.3630588 0.3466917 0.2928258 0.3466917 0.2928258 0.3411604 0.2928258 0.3411604 0.3630588 0.3411604 0.3630588 0.3466917 0.3630588 0.3466917 0.2928258 0.3466917 0.2928258 0.3411604 0.2928258 0.3411604 0.3630588 0.3411604 0.3630588 0.3466917 0.3630588 0.3466917 0.2928258 0.3466917 0.3703112 0.3411604 0.3703112 0.3411604 0.3630588 0.3411604 0.3630588 0.3466917 0.3630588 0.3466917 0.3703112 0.3466917 0.2928258 0.3411604 0.2928258 0.3411604 0.3630588 0.3411604 0.3630588 0.3466917 0.3630588 0.3466917 0.2928258 0.3466917 0.2928258 0.3411604 0.2928258 0.3411604 0.3630588 0.3411604 0.3630588 0.3466917 0.3630588 0.3466917 0.2928258 0.3466917 0.2928258 0.3411604 0.2928258 0.3411604 0.3630588 0.3411604 0.3630588 0.3466917 0.3630588 0.3466917 0.2928258 0.3466917 0.2928258 0.3411604 0.2928258 0.3411604 0.3630588 0.3411604 0.3630588 0.3466917 0.3630588 0.3466917 0.2928258 0.5760487 0.4665011 0.5680601 0.4665011 0.5680601 0.4570741 0.5680601 0.4570741 0.5760487 0.4570741 0.5760487 0.4665011 0.5760487 0.3659764 0.5680601 0.3659764 0.5680601 0.4570741 0.5680601 0.4570741 0.5760487 0.4570741 0.5760487 0.3659764 0.5760487 0.3659764 0.5680601 0.3659764 0.5680601 0.4570741 0.5680601 0.4570741 0.5760487 0.4570741 0.5760487 0.3659764 0.5760487 0.3661029 0.5680601 0.3661029 0.5680601 0.4572193 0.5680601 0.4570741 0.5760487 0.4570741 0.5760487 0.3659764 0.5760487 0.3659764 0.5680601 0.3659764 0.5680601 0.4570741 0.5680601 0.4570741 0.5760487 0.4570741 0.5760487 0.3659764 0.5680601 0.3920819 0.5760487 0.3920819 0.5760487 0.401491 0.5760487 0.401491 0.5680601 0.401491 0.5680601 0.3920819 0.5680601 0.4926067 0.5760487 0.4926067 0.5760487 0.401491 0.5760487 0.401491 0.5680601 0.401491 0.5680601 0.4926067 0.5680601 0.4926067 0.5760487 0.4926067 0.5760487 0.401491 0.5760487 0.401491 0.5680601 0.401491 0.5680601 0.4926067 0.5680601 0.4926067 0.5760487 0.4926067 0.5760487 0.401491 0.5760487 0.401491 0.5680601 0.401491 0.5680601 0.4926067 0.5680601 0.4926067 0.5760487 0.4926067 0.5760487 0.401491 0.5760487 0.401491 0.5680601 0.401491 0.5680601 0.4926067 0.3466917 0.3703112 0.3411604 0.3703112 0.3411604 0.3630588 0.3411604 0.3630588 0.3466917 0.3630588 0.3466917 0.3703112 0.3466917 0.2928258 0.3411604 0.2928258 0.3411604 0.3630588 0.3411604 0.3630588 0.3466917 0.3630588 0.3466917 0.2928258 0.3466917 0.2928258 0.3411604 0.2928258 0.3411604 0.3630588 0.3411604 0.3630588 0.3466917 0.3630588 0.3466917 0.2928258 0.3466917 0.2928258 0.3411604 0.2928258 0.3411604 0.3630588 0.3411604 0.3630588 0.3466917 0.3630588 0.3466917 0.2928258 0.3466917 0.2928258 0.3411604 0.2928258 0.3411604 0.3630588 0.3411604 0.3630588 0.3466917 0.3630588 0.3466917 0.2928258 0.3466917 0.3703112 0.3411604 0.3703112 0.3411604 0.3630588 0.3411604 0.3630588 0.3466917 0.3630588 0.3466917 0.3703112 0.3466917 0.2928258 0.3411604 0.2928258 0.3411604 0.3630588 0.3411604 0.3630588 0.3466917 0.3630588 0.3466917 0.2928258 0.3466917 0.2928258 0.3411604 0.2928258 0.3411604 0.3630588 0.3411604 0.3630588 0.3466917 0.3630588 0.3466917 0.2928258 0.3466917 0.2928258 0.3411604 0.2928258 0.3411604 0.3630588 0.3411604 0.3630588 0.3466917 0.3630588 0.3466917 0.2928258 0.3466917 0.2928258 0.3411604 0.2928258 0.3411604 0.3630588 0.3411604 0.3630588 0.3466917 0.3630588 0.3466917 0.2928258 0.3466917 0.3703112 0.3411604 0.3703112 0.3411604 0.3630588 0.3411604 0.3630588 0.3466917 0.3630588 0.3466917 0.3703112 0.3466917 0.2928258 0.3411604 0.2928258 0.3411604 0.3630588 0.3411604 0.3630588 0.3466917 0.3630588 0.3466917 0.2928258 0.3411604 0.3630588 0.3466917 0.2928258 0.3411604 0.2928258 0.3411604 0.3630588 0.3466917 0.3630588 0.3466917 0.2928258 0.3466917 0.2928258 0.3411604 0.2928258 0.3411604 0.3630588 0.3411604 0.3630588 0.3466917 0.3630588 0.3466917 0.2928258 0.3466917 0.2928258 0.3411604 0.2928258 0.3411604 0.3630588 0.3411604 0.3630588 0.3466917 0.3630588 0.3466917 0.2928258 0.3466917 0.3703112 0.3411604 0.3703112 0.3411604 0.3630588 0.3411604 0.3630588 0.3466917 0.3630588 0.3466917 0.3703112 0.3466917 0.2928258 0.3411604 0.2928258 0.3411604 0.3630588 0.3411604 0.3630588 0.3466917 0.3630588 0.3466917 0.2928258 0.3466917 0.2928258 0.3411604 0.2928258 0.3411604 0.3630588 0.3411604 0.3630588 0.3466917 0.3630588 0.3466917 0.2928258 0.3466917 0.2928258 0.3411604 0.2928258 0.3411604 0.3630588 0.3411604 0.3630588 0.3466917 0.3630588 0.3466917 0.2928258 0.3466917 0.2928258 0.3411604 0.2928258 0.3411604 0.3630588 0.3411604 0.3630588 0.3466917 0.3630588 0.3466917 0.2928258 0.3466917 0.3703112 0.3411604 0.3703112 0.3411604 0.3630588 0.3411604 0.3630588 0.3466917 0.3630588 0.3466917 0.3703112 0.3466917 0.2928258 0.3411604 0.2928258 0.3411604 0.3630588 0.3411604 0.3630588 0.3466917 0.3630588 0.3466917 0.2928258 0.3466917 0.2928258 0.3411604 0.2928258 0.3411604 0.3630588 0.3411604 0.3630588 0.3466917 0.3630588 0.3466917 0.2928258 0.3466917 0.2928258 0.3411604 0.2928258 0.3411604 0.3630588 0.3411604 0.3630588 0.3466917 0.3630588 0.3466917 0.2928258 0.3466917 0.2928258 0.3411604 0.2928258 0.3411604 0.3630588 0.3411604 0.3630588 0.3466917 0.3630588 0.3466917 0.2928258 0.3466917 0.3703112 0.3411604 0.3703112 0.3411604 0.3630588 0.3411604 0.3630588 0.3466917 0.3630588 0.3466917 0.3703112 0.3466917 0.2928258 0.3411604 0.2928258 0.3411604 0.3630588 0.3411604 0.3630588 0.3466917 0.3630588 0.3466917 0.2928258 0.3466917 0.2928258 0.3411604 0.2928258 0.3411604 0.3630588 0.3411604 0.3630588 0.3466917 0.3630588 0.3466917 0.2928258 0.3466917 0.2928258 0.3411604 0.2928258 0.3411604 0.3630588 0.3411604 0.3630588 0.3466917 0.3630588 0.3466917 0.2928258 0.3466917 0.2928258 0.3411604 0.2928258 0.3411604 0.3630588 0.3411604 0.3630588 0.3466917 0.3630588 0.3466917 0.2928258 0.3466917 0.3703112 0.3411604 0.3703112 0.3411604 0.3630588 0.3411604 0.3630588 0.3466917 0.3630588 0.3466917 0.3703112 0.3466917 0.2928258 0.3411604 0.2928258 0.3411604 0.3630588 0.3411604 0.3630588 0.3466917 0.3630588 0.3466917 0.2928258 0.3466917 0.2928258 0.3411604 0.2928258 0.3411604 0.3630588 0.3411604 0.3630588 0.3466917 0.3630588 0.3466917 0.2928258 0.3466917 0.2928258 0.3411604 0.2928258 0.3411604 0.3630588 0.3411604 0.3630588 0.3466917 0.3630588 0.3466917 0.2928258 0.3466917 0.2928258 0.3411604 0.2928258 0.3411604 0.3630588 0.3411604 0.3630588 0.3466917 0.3630588 0.3466917 0.2928258 0.3466917 0.3703112 0.3411604 0.3703112 0.3411604 0.3630588 0.3411604 0.3630588 0.3466917 0.3630588 0.3466917 0.3703112 0.3466917 0.2928258 0.3411604 0.2928258 0.3411604 0.3630588 0.3411604 0.3630588 0.3466917 0.3630588 0.3466917 0.2928258 0.3466917 0.2928258 0.3411604 0.2928258 0.3411604 0.3630588 0.3411604 0.3630588 0.3466917 0.3630588 0.3466917 0.2928258 0.3466917 0.2928258 0.3411604 0.2928258 0.3411604 0.3630588 0.3411604 0.3630588 0.3466917 0.3630588 0.3466917 0.2928258 0.3466917 0.2928258 0.3411604 0.2928258 0.3411604 0.3630588 0.3411604 0.3630588 0.3466917 0.3630588 0.3466917 0.2928258 0.3466917 0.3703112 0.3411604 0.3703112 0.3411604 0.3630588 0.3411604 0.3630588 0.3466917 0.3630588 0.3466917 0.3703112 0.3466917 0.2928258 0.3411604 0.2928258 0.3411604 0.3630588 0.3411604 0.3630588 0.3466917 0.3630588 0.3466917 0.2928258 0.3466917 0.2928258 0.3411604 0.2928258 0.3411604 0.3630588 0.3411604 0.3630588 0.3466917 0.3630588 0.3466917 0.2928258 0.3466917 0.2928258 0.3411604 0.2928258 0.3411604 0.3630588 0.3411604 0.3630588 0.3466917 0.3630588 0.3466917 0.2928258 0.3466917 0.2928258 0.3411604 0.2928258 0.3411604 0.3630588 0.3411604 0.3630588 0.3466917 0.3630588 0.3466917 0.2928258 0.5760487 0.4665011 0.5680601 0.4665011 0.5680601 0.4570741 0.5680601 0.4570741 0.5760487 0.4570741 0.5760487 0.4665011 0.5760487 0.3659764 0.5680601 0.3659764 0.5680601 0.4570741 0.5680601 0.4570741 0.5760487 0.4570741 0.5760487 0.3659764 0.5760487 0.3659764 0.5680601 0.3659764 0.5680601 0.4570741 0.5680601 0.4570741 0.5760487 0.4570741 0.5760487 0.3659764 0.5760487 0.3661029 0.5680601 0.3661029 0.5680601 0.4572193 0.5680601 0.4570741 0.5760487 0.4570741 0.5760487 0.3659764 0.5760487 0.3659764 0.5680601 0.3659764 0.5680601 0.4570741 0.5680601 0.4570741 0.5760487 0.4570741 0.5760487 0.3659764 0.5760487 0.4692021 0.5680601 0.4692021 0.5680601 0.4597935 0.5680601 0.4597935 0.5760487 0.4597935 0.5760487 0.4692021 0.5760487 0.3686775 0.5680601 0.3686775 0.5680601 0.4597935 0.5680601 0.4597935 0.5760487 0.4597935 0.5760487 0.3686775 0.5760487 0.3686775 0.5680601 0.3686775 0.5680601 0.4597935 0.5680601 0.4597935 0.5760487 0.4597935 0.5760487 0.3686775 0.5760487 0.3686775 0.5680601 0.3686775 0.5680601 0.4597935 0.5680601 0.4597935 0.5760487 0.4597935 0.5760487 0.3686775 0.5760487 0.3686775 0.5680601 0.3686775 0.5680601 0.4597935 0.5680601 0.4597935 0.5760487 0.4597935 0.5760487 0.3686775 0.3466917 0.3703112 0.3411604 0.3703112 0.3411604 0.3630588 0.3411604 0.3630588 0.3466917 0.3630588 0.3466917 0.3703112 0.3466917 0.2928258 0.3411604 0.2928258 0.3411604 0.3630588 0.3411604 0.3630588 0.3466917 0.3630588 0.3466917 0.2928258 0.3466917 0.2928258 0.3411604 0.2928258 0.3411604 0.3630588 0.3411604 0.3630588 0.3466917 0.3630588 0.3466917 0.2928258 0.3466917 0.2928258 0.3411604 0.2928258 0.3411604 0.3630588 0.3411604 0.3630588 0.3466917 0.3630588 0.3466917 0.2928258 0.3466917 0.2928258 0.3411604 0.2928258 0.3411604 0.3630588 0.3411604 0.3630588 0.3466917 0.3630588 0.3466917 0.2928258 0.3466917 0.3703112 0.3411604 0.3703112 0.3411604 0.3630588 0.3411604 0.3630588 0.3466917 0.3630588 0.3466917 0.3703112 0.3466917 0.2928258 0.3411604 0.2928258 0.3411604 0.3630588 0.3411604 0.3630588 0.3466917 0.3630588 0.3466917 0.2928258 0.3466917 0.2928258 0.3411604 0.2928258 0.3411604 0.3630588 0.3411604 0.3630588 0.3466917 0.3630588 0.3466917 0.2928258 0.3466917 0.2928258 0.3411604 0.2928258 0.3411604 0.3630588 0.3411604 0.3630588 0.3466917 0.3630588 0.3466917 0.2928258 0.3466917 0.2928258 0.3411604 0.2928258 0.3411604 0.3630588 0.3411604 0.3630588 0.3466917 0.3630588 0.3466917 0.2928258 0.3466917 0.3703112 0.3411604 0.3703112 0.3411604 0.3630588 0.3411604 0.3630588 0.3466917 0.3630588 0.3466917 0.3703112 0.3466917 0.2928258 0.3411604 0.2928258 0.3411604 0.3630588 0.3411604 0.3630588 0.3466917 0.3630588 0.3466917 0.2928258 0.3466917 0.2928258 0.3411604 0.2928258 0.3411604 0.3630588 0.3411604 0.3630588 0.3466917 0.3630588 0.3466917 0.2928258 0.3466917 0.2928258 0.3411604 0.2928258 0.3411604 0.3630588 0.3411604 0.3630588 0.3466917 0.3630588 0.3466917 0.2928258 0.3466917 0.2928258 0.3411604 0.2928258 0.3411604 0.3630588 0.3411604 0.3630588 0.3466917 0.3630588 0.3466917 0.2928258 0.3466917 0.3703112 0.3411604 0.3703112 0.3411604 0.3630588 0.3411604 0.3630588 0.3466917 0.3630588 0.3466917 0.3703112 0.3466917 0.2928258 0.3411604 0.2928258 0.3411604 0.3630588 0.3411604 0.3630588 0.3466917 0.3630588 0.3466917 0.2928258 0.3466917 0.2928258 0.3411604 0.2928258 0.3411604 0.3630588 0.3411604 0.3630588 0.3466917 0.3630588 0.3466917 0.2928258 0.3466917 0.2928258 0.3411604 0.2928258 0.3411604 0.3630588 0.3411604 0.3630588 0.3466917 0.3630588 0.3466917 0.2928258 0.3466917 0.2928258 0.3411604 0.2928258 0.3411604 0.3630588 0.3411604 0.3630588 0.3466917 0.3630588 0.3466917 0.2928258 0.3411604 0.3630588 0.3466917 0.2928258 0.3466917 0.3630588 0.3466917 0.2928258 0.3411604 0.3630588 0.3411604 0.2928258 0.3411604 0.3630588 0.3466917 0.2928258 0.3466917 0.3630588 0.3466917 0.2928258 0.3411604 0.3630588 0.3411604 0.2928258 0.3411604 0.3630588 0.3466917 0.2928258 0.3466917 0.3630588 0.3466917 0.2928258 0.3411604 0.3630588 0.3411604 0.2928258 0.3411604 0.3630588 0.3466917 0.2928258 0.3466917 0.3630588 0.3466917 0.2928258 0.3411604 0.3630588 0.3411604 0.2928258 0.3411604 0.3630588 0.3466917 0.3703112 0.3466917 0.3630588 0.3466917 0.3703112 0.3411604 0.3630588 0.3411604 0.3703112 0.3411604 0.3630588 0.3466917 0.2928258 0.3466917 0.3630588 0.3466917 0.2928258 0.3411604 0.3630588 0.3411604 0.2928258 0.3411604 0.3630588 0.3466917 0.2928258 0.3466917 0.3630588 0.3466917 0.2928258 0.3411604 0.3630588 0.3411604 0.2928258 0.3411604 0.3630588 0.3466917 0.2928258 0.3466917 0.3630588 0.3466917 0.2928258 0.3411604 0.3630588 0.3411604 0.2928258 0.3411604 0.3630588 0.3466917 0.2928258 0.3466917 0.3630588 0.3466917 0.2928258 0.3411604 0.3630588 0.3411604 0.2928258 0.3411604 0.3630588 0.3466917 0.3703112 0.3466917 0.3630588 0.3466917 0.3703112 0.3411604 0.3630588 0.3411604 0.3703112 0.3411604 0.3630588 0.3466917 0.2928258 0.3466917 0.3630588 0.3466917 0.2928258 0.3411604 0.3630588 0.3411604 0.2928258 0.3411604 0.3630588 0.3466917 0.2928258 0.3466917 0.3630588 0.3466917 0.2928258 0.3411604 0.3630588 0.3411604 0.2928258 0.3411604 0.3630588 0.3466917 0.2928258 0.3466917 0.3630588 0.3466917 0.2928258 0.3411604 0.3630588 0.3411604 0.2928258 0.3411604 0.3630588 0.3466917 0.2928258 0.3466917 0.3630588 0.3466917 0.2928258 0.3411604 0.3630588 0.3411604 0.2928258 0.3411604 0.3630588 0.3466917 0.3703112 0.3466917 0.3630588 0.3466917 0.3703112 0.3411604 0.3630588 0.3411604 0.3703112 0.3411604 0.3630588 0.3466917 0.2928258 0.3466917 0.3630588 0.3466917 0.2928258 0.3411604 0.3630588 0.3411604 0.2928258 0.3411604 0.3630588 0.3466917 0.2928258 0.3466917 0.3630588 0.3466917 0.2928258 0.3411604 0.3630588 0.3411604 0.2928258 0.3411604 0.3630588 0.3466917 0.2928258 0.3466917 0.3630588 0.3466917 0.2928258 0.3411604 0.3630588 0.3411604 0.2928258 0.3411604 0.3630588 0.3466917 0.2928258 0.3466917 0.3630588 0.3466917 0.2928258 0.3411604 0.3630588 0.3411604 0.2928258 0.3411604 0.3630588 0.3466917 0.3703112 0.3466917 0.3630588 0.3466917 0.3703112 0.3411604 0.3630588 0.3411604 0.3703112 0.5680601 0.4597935 0.5760487 0.3686775 0.5760487 0.4597935 0.5760487 0.3686775 0.5680601 0.4597935 0.5680601 0.3686775 0.5680601 0.4597935 0.5760487 0.3686775 0.5760487 0.4597935 0.5760487 0.3686775 0.5680601 0.4597935 0.5680601 0.3686775 0.5680601 0.4597935 0.5760487 0.3686775 0.5760487 0.4597935 0.5760487 0.3686775 0.5680601 0.4597935 0.5680601 0.3686775 0.5680601 0.4597935 0.5760487 0.3686775 0.5760487 0.4597935 0.5760487 0.3686775 0.5680601 0.4597935 0.5680601 0.3686775 0.5680601 0.4597935 0.5760487 0.4692021 0.5760487 0.4597935 0.5760487 0.4692021 0.5680601 0.4597935 0.5680601 0.4692021 0.3413447 0.2853499 0.3413447 0.2911911 0.3461616 0.2911911 0.3461616 0.2911911 0.3461616 0.2853499 0.3413447 0.2853499 0.3413447 0.2853499 0.3413447 0.2911911 0.3461616 0.2911911 0.3461616 0.2911911 0.3461616 0.2853499 0.3413447 0.2853499 0.3413447 0.2853499 0.3413447 0.2911911 0.3461616 0.2911911 0.3461616 0.2911911 0.3461616 0.2853499 0.3413447 0.2853499 0.3413447 0.2853499 0.3413447 0.2911911 0.3461616 0.2911911 0.3461616 0.2911911 0.3461616 0.2853499 0.3413447 0.2853499 0.3466917 0.2928258 0.3411604 0.3630588 0.3411604 0.2928258 0.3411604 0.3630588 0.3466917 0.2928258 0.3466917 0.3630588 0.3466917 0.2928258 0.3411604 0.3630588 0.3411604 0.2928258 0.3411604 0.3630588 0.3466917 0.2928258 0.3466917 0.3630588 0.3466917 0.2928258 0.3411604 0.3630588 0.3411604 0.2928258 0.3411604 0.3630588 0.3466917 0.2928258 0.3466917 0.3630588 0.3466917 0.2928258 0.3411604 0.3630588 0.3411604 0.2928258 0.3411604 0.3630588 0.3466917 0.2928258 0.3466917 0.3630588 0.3466917 0.2928258 0.3411604 0.3630588 0.3411604 0.2928258 0.3411604 0.3630588 0.3466917 0.2928258 0.3466917 0.3630588 0.3466917 0.2928258 0.3411604 0.3630588 0.3411604 0.2928258 0.3411604 0.3630588 0.3466917 0.2928258 0.3466917 0.3630588 0.3466917 0.2928258 0.3411604 0.3630588 0.3411604 0.2928258 0.3411604 0.3630588 0.3466917 0.2928258 0.3466917 0.3630588 0.3466917 0.2928258 0.3411604 0.3630588 0.3411604 0.2928258 0.3411604 0.3630588 0.3466917 0.2928258 0.3466917 0.3630588 0.3466917 0.2928258 0.3411604 0.3630588 0.3411604 0.2928258 0.3411604 0.3630588 0.3466917 0.2928258 0.3466917 0.3630588 0.3466917 0.2928258 0.3411604 0.3630588 0.3411604 0.2928258 0.3411604 0.3630588 0.3466917 0.2928258 0.3466917 0.3630588 0.3466917 0.2928258 0.3411604 0.3630588 0.3411604 0.2928258 0.3411604 0.3630588 0.3466917 0.2928258 0.3466917 0.3630588 0.3466917 0.2928258 0.3411604 0.3630588 0.3411604 0.2928258 0.3411604 0.3630588 0.3466917 0.2928258 0.3466917 0.3630588 0.5760487 0.3659764 0.5680601 0.4570741 0.5680601 0.3659764 0.5680601 0.4570741 0.5760487 0.3659764 0.5760487 0.4570741 0.5760487 0.3659764 0.5680601 0.4570741 0.5680601 0.3659764 0.5680601 0.4570741 0.5760487 0.3659764 0.5760487 0.4570741 0.5760487 0.3661029 0.5680601 0.4572193 0.5680601 0.3661029 0.5680601 0.4570741 0.5760487 0.3659764 0.5760487 0.4570741 0.5760487 0.3659764 0.5680601 0.4570741 0.5680601 0.3659764 0.5680601 0.4570741 0.5760487 0.3659764 0.5760487 0.4570741 0.5680601 0.4926067 0.5760487 0.401491 0.5760487 0.4926067 0.5760487 0.401491 0.5680601 0.4926067 0.5680601 0.401491 0.5680601 0.4926067 0.5760487 0.401491 0.5760487 0.4926067 0.5760487 0.401491 0.5680601 0.4926067 0.5680601 0.401491 0.5680601 0.4926067 0.5760487 0.401491 0.5760487 0.4926067 0.5760487 0.401491 0.5680601 0.4926067 0.5680601 0.401491 0.5680601 0.4926067 0.5760487 0.401491 0.5760487 0.4926067 0.5760487 0.401491 0.5680601 0.4926067 0.5680601 0.401491 0.3466917 0.3703112 0.3411604 0.3703112 0.3411604 0.3630588 0.3411604 0.3630588 0.3466917 0.3630588 0.3466917 0.3703112 0.3466917 0.2928258 0.3411604 0.2928258 0.3411604 0.3630588 0.3411604 0.3630588 0.3466917 0.3630588 0.3466917 0.2928258 0.3466917 0.2928258 0.3411604 0.2928258 0.3411604 0.3630588 0.3411604 0.3630588 0.3466917 0.3630588 0.3466917 0.2928258 0.3466917 0.2928258 0.3411604 0.2928258 0.3411604 0.3630588 0.3411604 0.3630588 0.3466917 0.3630588 0.3466917 0.2928258 0.3466917 0.2928258 0.3411604 0.2928258 0.3411604 0.3630588 0.3411604 0.3630588 0.3466917 0.3630588 0.3466917 0.2928258 0.3466917 0.3703112 0.3411604 0.3703112 0.3411604 0.3630588 0.3411604 0.3630588 0.3466917 0.3630588 0.3466917 0.3703112 0.3466917 0.2928258 0.3411604 0.2928258 0.3411604 0.3630588 0.3411604 0.3630588 0.3466917 0.3630588 0.3466917 0.2928258 0.3466917 0.2928258 0.3411604 0.2928258 0.3411604 0.3630588 0.3411604 0.3630588 0.3466917 0.3630588 0.3466917 0.2928258 0.3466917 0.2928258 0.3411604 0.2928258 0.3411604 0.3630588 0.3411604 0.3630588 0.3466917 0.3630588 0.3466917 0.2928258 0.3466917 0.2928258 0.3411604 0.2928258 0.3411604 0.3630588 0.3411604 0.3630588 0.3466917 0.3630588 0.3466917 0.2928258 0.3466917 0.3703112 0.3411604 0.3703112 0.3411604 0.3630588 0.3411604 0.3630588 0.3466917 0.3630588 0.3466917 0.3703112 0.3466917 0.2928258 0.3411604 0.2928258 0.3411604 0.3630588 0.3411604 0.3630588 0.3466917 0.3630588 0.3466917 0.2928258 0.3411604 0.3630588 0.3466917 0.2928258 0.3411604 0.2928258 0.3411604 0.3630588 0.3466917 0.3630588 0.3466917 0.2928258 0.3466917 0.2928258 0.3411604 0.2928258 0.3411604 0.3630588 0.3411604 0.3630588 0.3466917 0.3630588 0.3466917 0.2928258 0.3466917 0.2928258 0.3411604 0.2928258 0.3411604 0.3630588 0.3411604 0.3630588 0.3466917 0.3630588 0.3466917 0.2928258 0.3466917 0.3703112 0.3411604 0.3703112 0.3411604 0.3630588 0.3411604 0.3630588 0.3466917 0.3630588 0.3466917 0.3703112 0.3466917 0.2928258 0.3411604 0.2928258 0.3411604 0.3630588 0.3411604 0.3630588 0.3466917 0.3630588 0.3466917 0.2928258 0.3466917 0.2928258 0.3411604 0.2928258 0.3411604 0.3630588 0.3411604 0.3630588 0.3466917 0.3630588 0.3466917 0.2928258 0.3466917 0.2928258 0.3411604 0.2928258 0.3411604 0.3630588 0.3411604 0.3630588 0.3466917 0.3630588 0.3466917 0.2928258 0.3466917 0.2928258 0.3411604 0.2928258 0.3411604 0.3630588 0.3411604 0.3630588 0.3466917 0.3630588 0.3466917 0.2928258 0.3466917 0.3703112 0.3411604 0.3703112 0.3411604 0.3630588 0.3411604 0.3630588 0.3466917 0.3630588 0.3466917 0.3703112 0.3466917 0.2928258 0.3411604 0.2928258 0.3411604 0.3630588 0.3411604 0.3630588 0.3466917 0.3630588 0.3466917 0.2928258 0.3466917 0.2928258 0.3411604 0.2928258 0.3411604 0.3630588 0.3411604 0.3630588 0.3466917 0.3630588 0.3466917 0.2928258 0.3466917 0.2928258 0.3411604 0.2928258 0.3411604 0.3630588 0.3411604 0.3630588 0.3466917 0.3630588 0.3466917 0.2928258 0.3466917 0.2928258 0.3411604 0.2928258 0.3411604 0.3630588 0.3411604 0.3630588 0.3466917 0.3630588 0.3466917 0.2928258 0.3466917 0.3703112 0.3411604 0.3703112 0.3411604 0.3630588 0.3411604 0.3630588 0.3466917 0.3630588 0.3466917 0.3703112 0.3466917 0.2928258 0.3411604 0.2928258 0.3411604 0.3630588 0.3411604 0.3630588 0.3466917 0.3630588 0.3466917 0.2928258 0.3466917 0.2928258 0.3411604 0.2928258 0.3411604 0.3630588 0.3411604 0.3630588 0.3466917 0.3630588 0.3466917 0.2928258 0.3466917 0.2928258 0.3411604 0.2928258 0.3411604 0.3630588 0.3411604 0.3630588 0.3466917 0.3630588 0.3466917 0.2928258 0.3466917 0.2928258 0.3411604 0.2928258 0.3411604 0.3630588 0.3411604 0.3630588 0.3466917 0.3630588 0.3466917 0.2928258 0.3466917 0.3703112 0.3411604 0.3703112 0.3411604 0.3630588 0.3411604 0.3630588 0.3466917 0.3630588 0.3466917 0.3703112 0.3466917 0.2928258 0.3411604 0.2928258 0.3411604 0.3630588 0.3411604 0.3630588 0.3466917 0.3630588 0.3466917 0.2928258 0.3466917 0.2928258 0.3411604 0.2928258 0.3411604 0.3630588 0.3411604 0.3630588 0.3466917 0.3630588 0.3466917 0.2928258 0.3466917 0.2928258 0.3411604 0.2928258 0.3411604 0.3630588 0.3411604 0.3630588 0.3466917 0.3630588 0.3466917 0.2928258 0.3466917 0.2928258 0.3411604 0.2928258 0.3411604 0.3630588 0.3411604 0.3630588 0.3466917 0.3630588 0.3466917 0.2928258 0.3466917 0.3703112 0.3411604 0.3703112 0.3411604 0.3630588 0.3411604 0.3630588 0.3466917 0.3630588 0.3466917 0.3703112 0.3466917 0.2928258 0.3411604 0.2928258 0.3411604 0.3630588 0.3411604 0.3630588 0.3466917 0.3630588 0.3466917 0.2928258 0.3466917 0.2928258 0.3411604 0.2928258 0.3411604 0.3630588 0.3411604 0.3630588 0.3466917 0.3630588 0.3466917 0.2928258 0.3466917 0.2928258 0.3411604 0.2928258 0.3411604 0.3630588 0.3411604 0.3630588 0.3466917 0.3630588 0.3466917 0.2928258 0.3466917 0.2928258 0.3411604 0.2928258 0.3411604 0.3630588 0.3411604 0.3630588 0.3466917 0.3630588 0.3466917 0.2928258 0.3466917 0.3703112 0.3411604 0.3703112 0.3411604 0.3630588 0.3411604 0.3630588 0.3466917 0.3630588 0.3466917 0.3703112 0.3466917 0.2928258 0.3411604 0.2928258 0.3411604 0.3630588 0.3411604 0.3630588 0.3466917 0.3630588 0.3466917 0.2928258 0.3466917 0.2928258 0.3411604 0.2928258 0.3411604 0.3630588 0.3411604 0.3630588 0.3466917 0.3630588 0.3466917 0.2928258 0.3466917 0.2928258 0.3411604 0.2928258 0.3411604 0.3630588 0.3411604 0.3630588 0.3466917 0.3630588 0.3466917 0.2928258 0.3466917 0.2928258 0.3411604 0.2928258 0.3411604 0.3630588 0.3411604 0.3630588 0.3466917 0.3630588 0.3466917 0.2928258 0.5760487 0.4665011 0.5680601 0.4665011 0.5680601 0.4570741 0.5680601 0.4570741 0.5760487 0.4570741 0.5760487 0.4665011 0.5760487 0.3659764 0.5680601 0.3659764 0.5680601 0.4570741 0.5680601 0.4570741 0.5760487 0.4570741 0.5760487 0.3659764 0.5760487 0.3659764 0.5680601 0.3659764 0.5680601 0.4570741 0.5680601 0.4570741 0.5760487 0.4570741 0.5760487 0.3659764 0.5760487 0.3661029 0.5680601 0.3661029 0.5680601 0.4572193 0.5680601 0.4570741 0.5760487 0.4570741 0.5760487 0.3659764 0.5760487 0.3659764 0.5680601 0.3659764 0.5680601 0.4570741 0.5680601 0.4570741 0.5760487 0.4570741 0.5760487 0.3659764 0.5760487 0.3686775 0.5680601 0.4597935 0.5680601 0.3686775 0.5680601 0.4597935 0.5760487 0.3686775 0.5760487 0.4597935 0.5760487 0.3686775 0.5680601 0.4597935 0.5680601 0.3686775 0.5680601 0.4597935 0.5760487 0.3686775 0.5760487 0.4597935 0.5760487 0.3686775 0.5680601 0.4597935 0.5680601 0.3686775 0.5680601 0.4597935 0.5760487 0.3686775 0.5760487 0.4597935 0.5760487 0.3686775 0.5680601 0.4597935 0.5680601 0.3686775 0.5680601 0.4597935 0.5760487 0.3686775 0.5760487 0.4597935 0.3466917 0.3703112 0.3411604 0.3703112 0.3411604 0.3630588 0.3411604 0.3630588 0.3466917 0.3630588 0.3466917 0.3703112 0.3466917 0.2928258 0.3411604 0.2928258 0.3411604 0.3630588 0.3411604 0.3630588 0.3466917 0.3630588 0.3466917 0.2928258 0.3466917 0.2928258 0.3411604 0.2928258 0.3411604 0.3630588 0.3411604 0.3630588 0.3466917 0.3630588 0.3466917 0.2928258 0.3466917 0.2928258 0.3411604 0.2928258 0.3411604 0.3630588 0.3411604 0.3630588 0.3466917 0.3630588 0.3466917 0.2928258 0.3466917 0.2928258 0.3411604 0.2928258 0.3411604 0.3630588 0.3411604 0.3630588 0.3466917 0.3630588 0.3466917 0.2928258 0.3466917 0.3703112 0.3411604 0.3703112 0.3411604 0.3630588 0.3411604 0.3630588 0.3466917 0.3630588 0.3466917 0.3703112 0.3466917 0.2928258 0.3411604 0.2928258 0.3411604 0.3630588 0.3411604 0.3630588 0.3466917 0.3630588 0.3466917 0.2928258 0.3466917 0.2928258 0.3411604 0.2928258 0.3411604 0.3630588 0.3411604 0.3630588 0.3466917 0.3630588 0.3466917 0.2928258 0.3466917 0.2928258 0.3411604 0.2928258 0.3411604 0.3630588 0.3411604 0.3630588 0.3466917 0.3630588 0.3466917 0.2928258 0.3466917 0.2928258 0.3411604 0.2928258 0.3411604 0.3630588 0.3411604 0.3630588 0.3466917 0.3630588 0.3466917 0.2928258 0.3466917 0.3703112 0.3411604 0.3703112 0.3411604 0.3630588 0.3411604 0.3630588 0.3466917 0.3630588 0.3466917 0.3703112 0.3466917 0.2928258 0.3411604 0.2928258 0.3411604 0.3630588 0.3411604 0.3630588 0.3466917 0.3630588 0.3466917 0.2928258 0.3466917 0.2928258 0.3411604 0.2928258 0.3411604 0.3630588 0.3411604 0.3630588 0.3466917 0.3630588 0.3466917 0.2928258 0.3466917 0.2928258 0.3411604 0.2928258 0.3411604 0.3630588 0.3411604 0.3630588 0.3466917 0.3630588 0.3466917 0.2928258 0.3466917 0.2928258 0.3411604 0.2928258 0.3411604 0.3630588 0.3411604 0.3630588 0.3466917 0.3630588 0.3466917 0.2928258 0.3466917 0.3703112 0.3411604 0.3703112 0.3411604 0.3630588 0.3411604 0.3630588 0.3466917 0.3630588 0.3466917 0.3703112 0.3466917 0.2928258 0.3411604 0.2928258 0.3411604 0.3630588 0.3411604 0.3630588 0.3466917 0.3630588 0.3466917 0.2928258 0.3466917 0.2928258 0.3411604 0.2928258 0.3411604 0.3630588 0.3411604 0.3630588 0.3466917 0.3630588 0.3466917 0.2928258 0.3466917 0.2928258 0.3411604 0.2928258 0.3411604 0.3630588 0.3411604 0.3630588 0.3466917 0.3630588 0.3466917 0.2928258 0.3466917 0.2928258 0.3411604 0.2928258 0.3411604 0.3630588 0.3411604 0.3630588 0.3466917 0.3630588 0.3466917 0.2928258 0.3411604 0.3630588 0.3466917 0.2928258 0.3466917 0.3630588 0.3466917 0.2928258 0.3411604 0.3630588 0.3411604 0.2928258 0.3411604 0.3630588 0.3466917 0.2928258 0.3466917 0.3630588 0.3466917 0.2928258 0.3411604 0.3630588 0.3411604 0.2928258 0.3411604 0.3630588 0.3466917 0.2928258 0.3466917 0.3630588 0.3466917 0.2928258 0.3411604 0.3630588 0.3411604 0.2928258 0.3411604 0.3630588 0.3466917 0.2928258 0.3466917 0.3630588 0.3466917 0.2928258 0.3411604 0.3630588 0.3411604 0.2928258 0.3411604 0.3630588 0.3466917 0.3703112 0.3466917 0.3630588 0.3466917 0.3703112 0.3411604 0.3630588 0.3411604 0.3703112 0.3411604 0.3630588 0.3466917 0.2928258 0.3466917 0.3630588 0.3466917 0.2928258 0.3411604 0.3630588 0.3411604 0.2928258 0.3411604 0.3630588 0.3466917 0.2928258 0.3466917 0.3630588 0.3466917 0.2928258 0.3411604 0.3630588 0.3411604 0.2928258 0.3411604 0.3630588 0.3466917 0.2928258 0.3466917 0.3630588 0.3466917 0.2928258 0.3411604 0.3630588 0.3411604 0.2928258 0.3411604 0.3630588 0.3466917 0.2928258 0.3466917 0.3630588 0.3466917 0.2928258 0.3411604 0.3630588 0.3411604 0.2928258 0.3411604 0.3630588 0.3466917 0.3703112 0.3466917 0.3630588 0.3466917 0.3703112 0.3411604 0.3630588 0.3411604 0.3703112 0.3411604 0.3630588 0.3466917 0.2928258 0.3466917 0.3630588 0.3466917 0.2928258 0.3411604 0.3630588 0.3411604 0.2928258 0.3411604 0.3630588 0.3466917 0.2928258 0.3466917 0.3630588 0.3466917 0.2928258 0.3411604 0.3630588 0.3411604 0.2928258 0.3411604 0.3630588 0.3466917 0.2928258 0.3466917 0.3630588 0.3466917 0.2928258 0.3411604 0.3630588 0.3411604 0.2928258 0.3411604 0.3630588 0.3466917 0.2928258 0.3466917 0.3630588 0.3466917 0.2928258 0.3411604 0.3630588 0.3411604 0.2928258 0.3411604 0.3630588 0.3466917 0.3703112 0.3466917 0.3630588 0.3466917 0.3703112 0.3411604 0.3630588 0.3411604 0.3703112 0.3411604 0.3630588 0.3466917 0.2928258 0.3466917 0.3630588 0.3466917 0.2928258 0.3411604 0.3630588 0.3411604 0.2928258 0.3411604 0.3630588 0.3466917 0.2928258 0.3466917 0.3630588 0.3466917 0.2928258 0.3411604 0.3630588 0.3411604 0.2928258 0.3411604 0.3630588 0.3466917 0.2928258 0.3466917 0.3630588 0.3466917 0.2928258 0.3411604 0.3630588 0.3411604 0.2928258 0.3411604 0.3630588 0.3466917 0.2928258 0.3466917 0.3630588 0.3466917 0.2928258 0.3411604 0.3630588 0.3411604 0.2928258 0.3411604 0.3630588 0.3466917 0.3703112 0.3466917 0.3630588 0.3466917 0.3703112 0.3411604 0.3630588 0.3411604 0.3703112 0.5680601 0.4597935 0.5760487 0.4597935 0.5760487 0.3686775 0.5760487 0.3686775 0.5680601 0.3686775 0.5680601 0.4597935 0.5680601 0.4597935 0.5760487 0.4597935 0.5760487 0.3686775 0.5760487 0.3686775 0.5680601 0.3686775 0.5680601 0.4597935 0.5680601 0.4597935 0.5760487 0.4597935 0.5760487 0.3686775 0.5760487 0.3686775 0.5680601 0.3686775 0.5680601 0.4597935 0.5680601 0.4597935 0.5760487 0.4597935 0.5760487 0.3686775 0.5760487 0.3686775 0.5680601 0.3686775 0.5680601 0.4597935 0.8573207 0.4112393 0.8568589 0.404924 0.9303187 0.417295 0.8573207 0.4112393 0.9303187 0.417295 0.9309729 0.4216173 0.688539 0.4174811 0.690977 0.4085068 0.7676365 0.4090818 0.688539 0.4174811 0.7676365 0.4090818 0.7721397 0.4170027 0.8934437 0.4103835 0.94841 0.4097211 0.9485182 0.415547 0.8934437 0.4103835 0.9485182 0.415547 0.8935657 0.4169498 0.7676365 0.4090818 0.8934437 0.4103835 0.8935657 0.4169498 0.7676365 0.4090818 0.8935657 0.4169498 0.7721397 0.4170027 0.7701384 0.4072813 0.9030032 0.4092006 0.9031211 0.4161584 0.7701384 0.4072813 0.9031211 0.4161584 0.7749008 0.415678 0.9030032 0.4092006 0.9612497 0.4086204 0.9031211 0.4161584 0.9612497 0.4086204 0.9613516 0.4147943 0.9031211 0.4161584 0.6863147 0.4161109 0.6889066 0.4066017 0.7701384 0.4072813 0.6863147 0.4161109 0.7701384 0.4072813 0.7749008 0.415678 0.7295129 0.4078935 0.7839975 0.4096112 0.7807936 0.4145897 0.6801447 0.4044489 0.761671 0.4150947 0.6818513 0.414476 0.8461177 0.4092189 0.9382552 0.4117473 0.8467926 0.4249168 0.9382552 0.4117473 0.9435988 0.4199358 0.8467926 0.4249168 0.9051234 0.4077963 0.9464476 0.4100106 0.9415006 0.4214031 0.9051234 0.4077963 0.9415006 0.4214031 0.9072079 0.4231607 0.8625101 0.4116678 0.9051234 0.4077963 0.867494 0.4235717 0.9051234 0.4077963 0.9072079 0.4231607 0.867494 0.4235717 0.8573207 0.4112393 0.8568589 0.404924 0.9303187 0.417295 0.8573207 0.4112393 0.9303187 0.417295 0.9309729 0.4216173 0.7942733 0.4187394 0.8006328 0.4102885 0.8573207 0.4112393 0.8006328 0.4102885 0.8568589 0.404924 0.8573207 0.4112393 0.7022088 0.4162414 0.7028228 0.406525 0.8006328 0.4102885 0.7022088 0.4162414 0.8006328 0.4102885 0.7942733 0.4187394 0.7863716 0.4230751 0.7815276 0.405803 0.867494 0.4235717 0.7815276 0.405803 0.8625101 0.4116678 0.867494 0.4235717 0.7815276 0.405803 0.7863716 0.4230751 0.6955466 0.4236056 0.7815276 0.405803 0.6955466 0.4236056 0.6957839 0.4033293 0.8895902 0.4195542 0.8900485 0.4128332 0.9458784 0.423018 0.8900485 0.4128332 0.9462868 0.4170536 0.9458784 0.423018 0.761671 0.4150947 0.7667645 0.4071801 0.8900485 0.4128332 0.761671 0.4150947 0.8900485 0.4128332 0.8895902 0.4195542 0.7667345 0.4246869 0.7661926 0.4054695 0.8461177 0.4092189 0.7667345 0.4246869 0.8461177 0.4092189 0.8467926 0.4249168 0.7661926 0.4054695 0.7667345 0.4246869 0.6946856 0.4196848 0.7661926 0.4054695 0.6946856 0.4196848 0.6953182 0.3991283 0.8902661 0.4099407 0.7310404 0.4017888 0.890102 0.4223722 0.8952119 0.4101154 0.7358068 0.4230746 0.8958389 0.4230747 0.890102 0.4223722 0.7310404 0.4017888 0.7307688 0.4223716 0.7347688 0.4016185 0.7358068 0.4230746 0.8952119 0.4101154 0.5698071 0.3896213 0.5698071 0.4688834 0.5715875 0.4688834 0.5666761 0.4688834 0.566676 0.3896213 0.5648957 0.3896213 0.5715875 0.3896213 0.5715875 0.4688834 0.5648957 0.3896213 0.5648957 0.3896213 0.5648957 0.4688834 0.5715875 0.4688834 0.617874 0.3818359 0.6178741 0.4636169 0.619711 0.4636169 0.6146436 0.4636169 0.6146435 0.381836 0.6128067 0.381836 0.619711 0.381836 0.619711 0.4636169 0.6128067 0.381836 0.6128067 0.381836 0.6128067 0.4636169 0.619711 0.4636169 0.3510826 0.3005236 0.3510826 0.357147 0.3523544 0.357147 0.3488458 0.357147 0.3488458 0.3005236 0.3475741 0.3005236 0.3523544 0.3005236 0.3523544 0.357147 0.3475741 0.357147 0.3475741 0.3005236 0.3475741 0.357147 0.3523544 0.3005236 0.6343951 0.388362 0.6343951 0.4701428 0.636232 0.4701428 0.6311646 0.4701428 0.6311646 0.388362 0.6293277 0.388362 0.636232 0.388362 0.636232 0.4701428 0.6293277 0.388362 0.6293277 0.388362 0.6293277 0.4701428 0.636232 0.4701428 0.5868586 0.4010017 0.5868587 0.4827826 0.5886955 0.4827826 0.5836281 0.4827826 0.5836281 0.4010017 0.5817912 0.4010017 0.5886955 0.4010017 0.5886955 0.4827826 0.5817912 0.4827826 0.5817912 0.4010017 0.5817912 0.4827826 0.5886955 0.4010017 0.3389065 0.3005236 0.3389067 0.357147 0.3401784 0.357147 0.3366698 0.357147 0.3366698 0.3005236 0.3353981 0.3005236 0.3401784 0.3005236 0.3401784 0.357147 0.3353981 0.3005236 0.3353981 0.3005236 0.3353981 0.357147 0.3401784 0.357147 0.5734067 0.3679924 0.5734067 0.4905748 0.5693445 0.4905748 0.5656554 0.4905748 0.5656554 0.3679924 0.5697174 0.3679924 0.5734067 0.3679925 0.5734067 0.4905748 0.5656554 0.3679925 0.5656554 0.3679924 0.5656554 0.4905748 0.5734067 0.4905748 0.5974112 0.3679924 0.5974112 0.4905748 0.5950196 0.4905748 0.5896599 0.4905748 0.5896599 0.3679924 0.5921393 0.3679924 0.5974112 0.3679925 0.5974112 0.4905748 0.5896599 0.3679925 0.5896599 0.3679924 0.5896599 0.4905748 0.5974112 0.4905748 0.3405283 0.2864201 0.3405283 0.3712938 0.3389334 0.3712938 0.3351613 0.3712938 0.3351613 0.2864201 0.3367564 0.2864201 0.3405283 0.2864202 0.3405283 0.3712938 0.3351613 0.3712938 0.3351613 0.2864201 0.3351613 0.3712938 0.3405283 0.2864201 0.6203605 0.3679924 0.6203605 0.4905748 0.617881 0.4905748 0.6126093 0.4905748 0.6126093 0.3679924 0.6148249 0.3679924 0.6203605 0.3679925 0.6203605 0.4905748 0.6126093 0.4905748 0.6126093 0.3679924 0.6126093 0.4905748 0.6203605 0.3679924 0.6369791 0.3679924 0.6369791 0.4905748 0.6343238 0.4905748 0.6292277 0.4905748 0.6292277 0.3679924 0.6317951 0.3679924 0.6369791 0.3679925 0.6369791 0.4905748 0.6292277 0.3679925 0.6292277 0.3679924 0.6292277 0.4905748 0.6369791 0.4905748 0.6446644 0.3694761 0.6446644 0.4862772 0.6422463 0.4862772 0.6377872 0.4862772 0.6377872 0.3694761 0.6400182 0.3694761 0.6446644 0.3694761 0.6446644 0.4862772 0.6377872 0.3694761 0.6377872 0.3694761 0.6377872 0.4862772 0.6446644 0.4862772 0.5734067 0.3679924 0.5734067 0.4905748 0.5693445 0.4905748 0.5656554 0.4905748 0.5656554 0.3679924 0.5697174 0.3679924 0.5734067 0.3679925 0.5734067 0.4905748 0.5656554 0.3679925 0.5656554 0.3679924 0.5656554 0.4905748 0.5734067 0.4905748 0.324845 0.2859256 0.3213898 0.2859256 0.3213898 0.363494 0.3213898 0.363494 0.324845 0.363494 0.324845 0.2859256 0.324845 0.2859256 0.3213898 0.2859256 0.3213898 0.363494 0.3213898 0.363494 0.324845 0.363494 0.324845 0.2859256 0.324845 0.2859256 0.3213898 0.2859256 0.3213898 0.363494 0.3213898 0.363494 0.324845 0.363494 0.324845 0.2859256 0.324845 0.2859256 0.3213898 0.2859256 0.3213898 0.363494 0.3213898 0.363494 0.324845 0.363494 0.324845 0.2859256 0.3213898 0.363494 0.324845 0.363494 0.3213898 0.3715038 0.3411604 0.3630588 0.3466917 0.2928258 0.3466917 0.3630588 0.3466917 0.2928258 0.3411604 0.3630588 0.3411604 0.2928258 0.3411604 0.3630588 0.3466917 0.2928258 0.3466917 0.3630588 0.3466917 0.2928258 0.3411604 0.3630588 0.3411604 0.2928258 0.3411604 0.3630588 0.3466917 0.2928258 0.3466917 0.3630588 0.3466917 0.2928258 0.3411604 0.3630588 0.3411604 0.2928258 0.3411604 0.3630588 0.3466917 0.2928258 0.3466917 0.3630588 0.3466917 0.2928258 0.3411604 0.3630588 0.3411604 0.2928258 0.3411604 0.3630588 0.3466917 0.3703112 0.3466917 0.3630588 0.3466917 0.3703112 0.3411604 0.3630588 0.3411604 0.3703112 0.5896823 0.377244 0.5968553 0.377244 0.5968553 0.3877186 0.5968553 0.3877186 0.5896823 0.3877186 0.5896823 0.377244 0.5896823 0.4891557 0.5968553 0.4891557 0.5968553 0.3877186 0.5968553 0.3877186 0.5896823 0.3877186 0.5896823 0.4891557 0.5896823 0.4891557 0.5968553 0.4891557 0.5968553 0.3877186 0.5968553 0.3877186 0.5896823 0.3877186 0.5896823 0.4891557 0.5896823 0.4891557 0.5968553 0.4891557 0.5968553 0.3877186 0.5968553 0.3877186 0.5896823 0.3877186 0.5896823 0.4891557 0.5896823 0.4891557 0.5968553 0.4891557 0.5968553 0.3877186 0.5968553 0.3877186 0.5896823 0.3877186 0.5896823 0.4891557 0.5977488 0.4500155 0.6043165 0.4500155 0.6043165 0.3666222 0.6043165 0.3666222 0.5977488 0.3666222 0.5977488 0.4500155 0.5977488 0.4500155 0.6043165 0.4500155 0.6043165 0.3666222 0.6043165 0.3666222 0.5977488 0.3666222 0.5977488 0.4500155 0.5977488 0.4500155 0.6043165 0.4500155 0.6043165 0.3666222 0.6043165 0.3666222 0.5977488 0.3666222 0.5977488 0.4500155 0.5977488 0.4500155 0.6043165 0.4500155 0.6043165 0.3666222 0.6043165 0.3666222 0.5977488 0.3666222 0.5977488 0.4500155 0.5977488 0.4500155 0.6043165 0.4500155 0.6043165 0.4586269 0.6043165 0.4586269 0.5977488 0.4586269 0.5977488 0.4500155 0.5896823 0.4891557 0.5968553 0.3877186 0.5968553 0.4891557 0.5968553 0.3877186 0.5896823 0.4891557 0.5896823 0.3877186 0.5896823 0.4891557 0.5968553 0.3877186 0.5968553 0.4891557 0.5968553 0.3877186 0.5896823 0.4891557 0.5896823 0.3877186 0.5896823 0.4891557 0.5968553 0.3877186 0.5968553 0.4891557 0.5968553 0.3877186 0.5896823 0.4891557 0.5896823 0.3877186 0.5896823 0.4891557 0.5968553 0.3877186 0.5968553 0.4891557 0.5968553 0.3877186 0.5896823 0.4891557 0.5896823 0.3877186 0.5977488 0.4500155 0.6043165 0.3666222 0.6043165 0.4500155 0.6043165 0.3666222 0.5977488 0.4500155 0.5977488 0.3666222 0.5977488 0.4500155 0.6043165 0.3666222 0.6043165 0.4500155 0.6043165 0.3666222 0.5977488 0.4500155 0.5977488 0.3666222 0.5977488 0.4500155 0.6043165 0.3666222 0.6043165 0.4500155 0.6043165 0.3666222 0.5977488 0.4500155 0.5977488 0.3666222 0.5977488 0.4500155 0.6043165 0.3666222 0.6043165 0.4500155 0.6043165 0.3666222 0.5977488 0.4500155 0.5977488 0.3666222 0.5649718 0.4808792 0.5729605 0.4808792 0.5729605 0.3794422 0.5729605 0.3794422 0.5649718 0.3794422 0.5649718 0.4808792 0.5649718 0.4808792 0.5729605 0.4808792 0.5729605 0.3794422 0.5729605 0.3794422 0.5649718 0.3794422 0.5649718 0.4808792 0.5649718 0.4808792 0.5729605 0.4808792 0.5729605 0.3794422 0.5729605 0.3794422 0.5649718 0.3794422 0.5649718 0.4808792 0.5649718 0.4808792 0.5729605 0.4808792 0.5729605 0.3794422 0.5729605 0.3794422 0.5649718 0.3794422 0.5649718 0.4808792 0.5649718 0.4808792 0.5729605 0.4808792 0.5729605 0.4913538 0.5729605 0.4913538 0.5649718 0.4913538 0.5649718 0.4808792 0.5649718 0.4808792 0.5729605 0.3794422 0.5729605 0.4808792 0.5729605 0.3794422 0.5649718 0.4808792 0.5649718 0.3794422 0.5649718 0.4808792 0.5729605 0.3794422 0.5729605 0.4808792 0.5729605 0.3794422 0.5649718 0.4808792 0.5649718 0.3794422 0.5649718 0.4808792 0.5729605 0.3794422 0.5729605 0.4808792 0.5729605 0.3794422 0.5649718 0.4808792 0.5649718 0.3794422 0.5649718 0.4808792 0.5729605 0.3794422 0.5729605 0.4808792 0.5729605 0.3794422 0.5649718 0.4808792 0.5649718 0.3794422 0.3163864 0.3472242 0.3207069 0.3472242 0.3207069 0.2923641 0.3207069 0.2923641 0.3163864 0.2923641 0.3163864 0.3472242 0.3163864 0.3472242 0.3207069 0.3472242 0.3207069 0.2923641 0.3207069 0.2923641 0.3163864 0.2923641 0.3163864 0.3472242 0.3163864 0.3472242 0.3207069 0.3472242 0.3207069 0.2923641 0.3207069 0.2923641 0.3163864 0.2923641 0.3163864 0.3472242 0.3163864 0.3472242 0.3207069 0.3472242 0.3207069 0.2923641 0.3207069 0.2923641 0.3163864 0.2923641 0.3163864 0.3472242 0.3163864 0.3472242 0.3207069 0.3472242 0.3207069 0.3528892 0.3207069 0.3528892 0.3163864 0.3528892 0.3163864 0.3472242 0.3163864 0.3472242 0.3207069 0.2923641 0.3207069 0.3472242 0.3207069 0.2923641 0.3163864 0.3472242 0.3163864 0.2923641 0.3163864 0.3472242 0.3207069 0.2923641 0.3207069 0.3472242 0.3207069 0.2923641 0.3163864 0.3472242 0.3163864 0.2923641 0.3163864 0.3472242 0.3207069 0.2923641 0.3207069 0.3472242 0.3207069 0.2923641 0.3163864 0.3472242 0.3163864 0.2923641 0.3163864 0.3472242 0.3207069 0.2923641 0.3207069 0.3472242 0.3207069 0.2923641 0.3163864 0.3472242 0.3163864 0.2923641 0.5908491 0.481463 0.596686 0.481463 0.596686 0.3884437 0.596686 0.3884437 0.5908491 0.3884437 0.5908491 0.481463 0.5908491 0.481463 0.596686 0.481463 0.596686 0.3884437 0.596686 0.3884437 0.5908491 0.3884437 0.5908491 0.481463 0.5908491 0.481463 0.596686 0.481463 0.596686 0.3884437 0.596686 0.3884437 0.5908491 0.3884437 0.5908491 0.481463 0.5908491 0.481463 0.596686 0.481463 0.596686 0.3884437 0.596686 0.3884437 0.5908491 0.3884437 0.5908491 0.481463 0.5908491 0.481463 0.596686 0.481463 0.596686 0.4910684 0.596686 0.4910684 0.5908491 0.4910684 0.5908491 0.481463 0.5908491 0.481463 0.596686 0.3884437 0.596686 0.481463 0.596686 0.3884437 0.5908491 0.481463 0.5908491 0.3884437 0.5908491 0.481463 0.596686 0.3884437 0.596686 0.481463 0.596686 0.3884437 0.5908491 0.481463 0.5908491 0.3884437 0.5908491 0.481463 0.596686 0.3884437 0.596686 0.481463 0.596686 0.3884437 0.5908491 0.481463 0.5908491 0.3884437 0.5908491 0.481463 0.596686 0.3884437 0.596686 0.481463 0.596686 0.3884437 0.5908491 0.481463 0.5908491 0.3884437 0.6122334 0.4801755 0.6202222 0.4801755 0.6202222 0.3649871 0.6202222 0.3649871 0.6122334 0.3649871 0.6122334 0.4801755 0.6122334 0.4801755 0.6202222 0.4801755 0.6202222 0.3649871 0.6202222 0.3649871 0.6122334 0.3649871 0.6122334 0.4801755 0.6122334 0.4801755 0.6202222 0.4801755 0.6202222 0.3649871 0.6202222 0.3649871 0.6122334 0.3649871 0.6122334 0.4801755 0.6122334 0.4801755 0.6202222 0.4801755 0.6202222 0.3649871 0.6202222 0.3649871 0.6122334 0.3649871 0.6122334 0.4801755 0.6122334 0.4801755 0.6202222 0.4801755 0.6202222 0.49207 0.6202222 0.49207 0.6122334 0.49207 0.6122334 0.4801755 0.6122334 0.4801755 0.6202222 0.3649871 0.6202222 0.4801755 0.6202222 0.3649871 0.6122334 0.4801755 0.6122334 0.3649871 0.6122334 0.4801755 0.6202222 0.3649871 0.6202222 0.4801755 0.6202222 0.3649871 0.6122334 0.4801755 0.6122334 0.3649871 0.6122334 0.4801755 0.6202222 0.3649871 0.6202222 0.4801755 0.6202222 0.3649871 0.6122334 0.4801755 0.6122334 0.3649871 0.6122334 0.4801755 0.6202222 0.3649871 0.6202222 0.4801755 0.6202222 0.3649871 0.6122334 0.4801755 0.6122334 0.3649871 0.1792342 0.9677711 0.1740092 0.9152366 0.1932471 0.9677711 0.06205856 0.8706999 0.04717952 0.9152366 0.05215013 0.8508827 0.0843271 0.8409415 0.06205856 0.8706999 0.07896459 0.8150489 0.1105944 0.8304917 0.0843271 0.8409415 0.1105944 0.8024658 0.1368616 0.8409414 0.1105944 0.8304917 0.1422242 0.8150489 0.15913 0.8706999 0.1368616 0.8409414 0.1690387 0.8508826 0.1740092 0.9152366 0.15913 0.8706999 0.1869555 0.9045115 0.04717952 0.9152366 0.04195451 0.9677711 0.03423333 0.9045115 0.4114376 0.7171196 0.4004377 0.7171198 0.4114378 0.9394169 0.477438 0.7171189 0.466438 0.7171189 0.4774384 0.9394165 0.466438 0.7171189 0.4554378 0.717119 0.4664382 0.9394167 0.4554378 0.717119 0.4444378 0.7171192 0.4554383 0.9394168 0.4444378 0.7171192 0.4334378 0.7171192 0.4444381 0.9394169 0.4334378 0.7171192 0.4224377 0.7171194 0.433438 0.9394169 0.4224377 0.7171194 0.4114376 0.7171196 0.4224378 0.9394169 0.488438 0.7171189 0.477438 0.7171189 0.4884385 0.9394165 0.1327518 0.9514082 0.09265208 0.9514083 0.1327518 0.9875802 0.1728516 0.9514082 0.1327518 0.9514082 0.1728516 0.9875802 0.2129514 0.9514082 0.1728516 0.9514082 0.2129514 0.9875802 0.2530512 0.9514084 0.2129514 0.9514082 0.2530512 0.9875805 0.2931511 0.9514088 0.2530512 0.9514084 0.293151 0.9875808 0.0525524 0.9514085 0.01245296 0.9514086 0.05255246 0.9875803 0.333251 0.9514093 0.2931511 0.9514088 0.3332508 0.9875814 0.09265208 0.9514083 0.0525524 0.9514085 0.09265208 0.9875803 0.5979024 0.3776436 0.5979024 0.4700841 0.6042488 0.3776436 0.6042488 0.3776436 0.6042488 0.4700841 0.5979024 0.3776437 0.5979024 0.3776437 0.5979024 0.4700841 0.6042488 0.3776436 0.6042488 0.3776436 0.6042488 0.4700841 0.5979024 0.3776436 0.5979024 0.3776436 0.5979024 0.4700841 0.6042488 0.3776436 0.6042488 0.3776436 0.6042488 0.4700841 0.5979024 0.3776437 0.5979024 0.3776437 0.5979024 0.4700841 0.6042488 0.3776436 0.6042488 0.3776436 0.6042488 0.4700841 0.5979024 0.3776436 0.3447171 0.295328 0.3449909 0.2951348 0.3449909 0.3591943 0.5979024 0.3776436 0.5979024 0.4700841 0.6042488 0.3776436 0.6042488 0.3776436 0.6042488 0.4700841 0.5979024 0.3776437 0.5979024 0.3776437 0.5979024 0.4700841 0.6042488 0.3776436 0.6042488 0.3776436 0.6042488 0.4700841 0.5979024 0.3776436 0.5979024 0.3776436 0.5979024 0.4700841 0.6042488 0.3776436 0.6042488 0.3776436 0.6042488 0.4700841 0.5979024 0.3776437 0.5979024 0.3776437 0.5979024 0.4700841 0.6042488 0.3776436 0.6042488 0.3776436 0.6042488 0.4700841 0.5979024 0.3776436 0.3447086 0.2955215 0.3449909 0.2953225 0.3449909 0.3591943 0.6268675 0.3808502 0.6272627 0.38085 0.6272627 0.4730997 0.3449909 0.3591943 0.3419694 0.3591943 0.3449909 0.2972894 0.6267454 0.3836895 0.6272627 0.3836898 0.6272627 0.4730997 0.6030079 0.3805791 0.6033914 0.3805789 0.6033914 0.4730997 0.3449909 0.3591943 0.3419694 0.3591943 0.3449909 0.2971011 0.6028859 0.3834177 0.6033914 0.3834179 0.6033914 0.4730997 0.5662007 0.4424993 0.5662007 0.4269075 0.5735031 0.4424992 0.5662007 0.4112897 0.5662007 0.3956978 0.5735031 0.4112895 0.5662007 0.4268945 0.5662007 0.4113028 0.5735031 0.4268944 0.5979024 0.3776436 0.5979024 0.4700841 0.6042488 0.3776436 0.6042488 0.3776436 0.6042488 0.4700841 0.5979024 0.3776437 0.5979024 0.3776437 0.5979024 0.4700841 0.6042488 0.3776436 0.6042488 0.3776436 0.6042488 0.4700841 0.5979024 0.3776436 0.5979024 0.3776436 0.5979024 0.4700841 0.6042488 0.3776436 0.6042488 0.3776436 0.6042488 0.4700841 0.5979024 0.3776437 0.5979024 0.3776437 0.5979024 0.4700841 0.6042488 0.3776436 0.6042488 0.3776436 0.6042488 0.4700841 0.5979024 0.3776436 0.3447171 0.295328 0.3449909 0.2951348 0.3449909 0.3591943 0.5979024 0.3776436 0.5979024 0.4700841 0.6042488 0.3776436 0.6042488 0.3776436 0.6042488 0.4700841 0.5979024 0.3776437 0.5979024 0.3776437 0.5979024 0.4700841 0.6042488 0.3776436 0.6042488 0.3776436 0.6042488 0.4700841 0.5979024 0.3776436 0.5979024 0.3776436 0.5979024 0.4700841 0.6042488 0.3776436 0.6042488 0.3776436 0.6042488 0.4700841 0.5979024 0.3776437 0.5979024 0.3776437 0.5979024 0.4700841 0.6042488 0.3776436 0.6042488 0.3776436 0.6042488 0.4700841 0.5979024 0.3776436 0.3447086 0.2955215 0.3449909 0.2953225 0.3449909 0.3591943 0.6268675 0.3808502 0.6272627 0.38085 0.6272627 0.4730997 0.3449909 0.3591943 0.3419694 0.3591943 0.3449909 0.2972894 0.6267454 0.3836895 0.6272627 0.3836898 0.6272627 0.4730997 0.6030079 0.3805791 0.6033914 0.3805789 0.6033914 0.4730997 0.3449909 0.3591943 0.3419694 0.3591943 0.3449909 0.2971011 0.6028859 0.3834177 0.6033914 0.3834179 0.6033914 0.4730997 0.5662007 0.4424993 0.5662007 0.4269075 0.5735031 0.4424992 0.5662007 0.4112897 0.5662007 0.3956978 0.5735031 0.4112895 0.5662007 0.4268945 0.5662007 0.4113028 0.5735031 0.4268944 0.9246026 0.4065806 0.9485773 0.4065806 0.9485773 0.4217526 0.6028248 0.4703437 0.6043869 0.4703437 0.6028248 0.3861123 0.5978375 0.3861123 0.5978375 0.3824013 0.6043869 0.3824013 0.5978375 0.4703437 0.5993996 0.4703437 0.5993997 0.3861123 0.5978375 0.4740548 0.5978375 0.4703437 0.6043869 0.4740548 0.6043869 0.4703437 0.5978375 0.4703437 0.6043869 0.3861123 0.5978375 0.3861123 0.6043869 0.3861123 0.6043869 0.4703437 0.3532423 0.3584237 0.3519074 0.3584237 0.3532423 0.2978285 0.3471959 0.2978285 0.3471959 0.2951588 0.3519074 0.2951588 0.3471959 0.3584237 0.345861 0.3584237 0.3458611 0.2978285 0.3471959 0.3610934 0.3471959 0.3584237 0.3519074 0.3610934 0.3519074 0.3584237 0.3471959 0.3584237 0.3519074 0.2978285 0.3519074 0.3584237 0.3471959 0.3584237 0.3519074 0.2978285 0.6218521 0.4719867 0.6199241 0.4719867 0.6218521 0.3844695 0.6199241 0.3806136 0.6199241 0.3844695 0.6131193 0.3806136 0.6111913 0.3844695 0.6131193 0.3844695 0.6111913 0.4719867 0.6199241 0.4719867 0.6199241 0.4758425 0.6131193 0.4758425 0.6131193 0.3844695 0.6199241 0.3844695 0.6199241 0.4719867 0.6199241 0.4719867 0.6131193 0.4719867 0.6199241 0.3844695 0.5746287 0.4691928 0.5728361 0.4691928 0.5746287 0.387813 0.5665084 0.387813 0.5665084 0.3842275 0.5728361 0.3842275 0.5647157 0.387813 0.5665084 0.387813 0.5647156 0.4691928 0.5728361 0.4691928 0.5728361 0.4727781 0.5665084 0.4727781 0.5665084 0.387813 0.5728361 0.387813 0.5728361 0.4691928 0.5665084 0.387813 0.5728361 0.387813 0.5728361 0.4691928 0.5888331 0.3844695 0.5872489 0.3844695 0.5872489 0.4719867 0.5888331 0.3806136 0.5888331 0.3844695 0.5820282 0.3806136 0.5820282 0.4719867 0.5836125 0.4719867 0.5836125 0.3844695 0.5820282 0.4758425 0.5820282 0.4719867 0.5888331 0.4758425 0.5888331 0.4719867 0.5820282 0.4719867 0.5888331 0.3844695 0.5820282 0.3844695 0.5888331 0.3844695 0.5888331 0.4719867 0.3293738 0.3578506 0.3301911 0.3578506 0.3293738 0.2984017 0.3255687 0.2984017 0.3255687 0.2957825 0.3301911 0.2957825 0.326386 0.2984017 0.3255687 0.2984017 0.326386 0.3578506 0.3301911 0.3578506 0.3301911 0.3604698 0.3255687 0.3604698 0.3255687 0.2984017 0.3301911 0.2984017 0.3301911 0.3578506 0.3301911 0.3578506 0.3255687 0.3578506 0.3301911 0.2984017 0.3240754 0.3514006 0.3252119 0.3514006 0.3240754 0.2960849 0.3252119 0.2936478 0.3252119 0.2960849 0.3209107 0.2936478 0.3220472 0.2960849 0.3209107 0.2960849 0.3220472 0.3514006 0.3252119 0.3514006 0.3252119 0.3538377 0.3209107 0.3538377 0.3209107 0.2960849 0.3252119 0.2960849 0.3252119 0.3514006 0.3209107 0.2960849 0.3252119 0.2960849 0.3252119 0.3514006 0.5715875 0.3896213 0.5698071 0.3896213 0.5715875 0.4688834 0.5648957 0.4688834 0.5666761 0.4688834 0.5648957 0.3896213 0.5715875 0.4688834 0.5648957 0.4688834 0.5648957 0.3896213 0.5715875 0.3896213 0.5648957 0.3896213 0.5715875 0.4688834 0.619711 0.381836 0.617874 0.3818359 0.619711 0.4636169 0.6128067 0.4636169 0.6146436 0.4636169 0.6128067 0.381836 0.619711 0.4636169 0.6128067 0.4636169 0.6128067 0.381836 0.619711 0.381836 0.6128067 0.381836 0.619711 0.4636169 0.3523544 0.3005236 0.3510826 0.3005236 0.3523544 0.357147 0.3475741 0.357147 0.3488458 0.357147 0.3475741 0.3005236 0.3475741 0.3005236 0.3523544 0.3005236 0.3475741 0.357147 0.3475741 0.357147 0.3523544 0.357147 0.3523544 0.3005236 0.636232 0.388362 0.6343951 0.388362 0.636232 0.4701428 0.6293277 0.4701428 0.6311646 0.4701428 0.6293277 0.388362 0.636232 0.4701428 0.6293277 0.4701428 0.6293277 0.388362 0.636232 0.388362 0.6293277 0.388362 0.636232 0.4701428 0.5886955 0.4010017 0.5868586 0.4010017 0.5886955 0.4827826 0.5817912 0.4827826 0.5836281 0.4827826 0.5817912 0.4010017 0.5817912 0.4010017 0.5886955 0.4010017 0.5817912 0.4827826 0.5817912 0.4827826 0.5886955 0.4827826 0.5886955 0.4010017 0.3401784 0.3005236 0.3389065 0.3005236 0.3401784 0.357147 0.3353981 0.357147 0.3366698 0.357147 0.3353981 0.3005236 0.3401784 0.357147 0.3353981 0.357147 0.3353981 0.3005236 0.3401784 0.3005236 0.3353981 0.3005236 0.3401784 0.357147 0.5693445 0.3679925 0.5734067 0.3679924 0.5693445 0.4905748 0.5697174 0.4905746 0.5656554 0.4905748 0.5697174 0.3679924 0.5734067 0.4905748 0.5656554 0.4905748 0.5656554 0.3679925 0.5734067 0.3679924 0.5656554 0.3679924 0.5734067 0.4905748 0.5950196 0.3679925 0.5974112 0.3679924 0.5950196 0.4905748 0.5921393 0.4905746 0.5896599 0.4905748 0.5921393 0.3679924 0.5974112 0.4905748 0.5896599 0.4905748 0.5896599 0.3679925 0.5974112 0.3679924 0.5896599 0.3679924 0.5974112 0.4905748 0.3389334 0.2864202 0.3405283 0.2864201 0.3389334 0.3712938 0.3367564 0.3712936 0.3351613 0.3712938 0.3367564 0.2864201 0.3351613 0.2864202 0.3405283 0.2864202 0.3351613 0.3712938 0.3351613 0.3712938 0.3405283 0.3712938 0.3405283 0.2864201 0.617881 0.3679925 0.6203605 0.3679924 0.617881 0.4905748 0.6148249 0.4905746 0.6126093 0.4905748 0.6148249 0.3679924 0.6126093 0.3679925 0.6203605 0.3679925 0.6126093 0.4905748 0.6126093 0.4905748 0.6203605 0.4905748 0.6203605 0.3679924 0.6343238 0.3679925 0.6369791 0.3679924 0.6343238 0.4905748 0.6317951 0.4905746 0.6292277 0.4905748 0.6317951 0.3679924 0.6369791 0.4905748 0.6292277 0.4905748 0.6292277 0.3679925 0.6369791 0.3679924 0.6292277 0.3679924 0.6369791 0.4905748 0.6422463 0.3694761 0.6446644 0.3694761 0.6422463 0.4862772 0.6400182 0.4862771 0.6377872 0.4862772 0.6400182 0.3694761 0.6446644 0.4862772 0.6377872 0.4862772 0.6377872 0.3694761 0.6446644 0.3694761 0.6377872 0.3694761 0.6446644 0.4862772 0.5693445 0.3679925 0.5734067 0.3679924 0.5693445 0.4905748 0.5697174 0.4905746 0.5656554 0.4905748 0.5697174 0.3679924 0.5734067 0.4905748 0.5656554 0.4905748 0.5656554 0.3679925 0.5734067 0.3679924 0.5656554 0.3679924 0.5734067 0.4905748 0.324845 0.363494 0.324845 0.3715038 0.3213898 0.3715038 0.27815 0.04500424 0.4118477 0.04228651 0.4118475 0.093827 0.4118477 2.82533e-4 0.4118477 0.04228651 0.27815 0.04500424 0.07851964 0.0847373 0.0981763 0.09492075 0.0981763 0.01004028 0 0 0.05069136 0.1016782 0.05069136 0.1016782 0.4070154 0.04500424 0.5407131 0.04228651 0.540713 0.093827 0.5407131 2.82533e-4 0.5407131 0.04228651 0.4070154 0.04500424 0.2073851 0.0847373 0.2270417 0.09492075 0.2270417 0.01004028 0.1288654 0 0.1795569 0.1016782 0.1795569 0.1016782 0.6411152 0.3620808 0.358227 0.3620808 0.358227 0.3704318 0.6411152 0.3620808 0.358227 0.3620808 0.358227 0.3704318 0.7031282 0.8106979 0.7031282 0.6906163 0.6386361 0.6906163 0.6411152 0.3714483 0.358227 0.3704318 0.358227 0.3787826 0.6411152 0.3714483 0.358227 0.3704318 0.358227 0.3787826 0.6117793 0.5387162 0.6117793 0.5239241 0.5943331 0.5237284 0.4047567 0.6175607 0.4047563 0.9108072 0.001024961 0.9108067 0.403245 0.9108056 0.403245 0.6175605 0.001024961 0.6175605 -4.83394e-4 0.9108052 -4.84586e-4 0.6175619 0.403245 0.6175605 -4.84586e-4 0.6175619 -4.83394e-4 0.9108052 0.4047648 0.9108072 0.7197124 0.7993189 0.4479254 0.7993189 0.4479254 0.573125 0.001024961 0.9108067 0.001024961 0.6175605 0.4047567 0.6175607 0.403245 0.9108056 0.403245 0.6175605 0.001024961 0.6175605 -4.83394e-4 0.9108052 -4.84586e-4 0.6175619 0.403245 0.6175605 0.4047648 0.9108072 0.4047637 0.6175653 -4.84586e-4 0.6175619 0.7197124 0.7993189 0.4479254 0.7993189 0.4479254 0.573125 -8.35359e-5 0.5390101 -8.35359e-5 0.0101251 0.06485933 0.01012557 0.06461614 0.5390083 0.06461614 0.0101251 -8.35359e-5 0.0101251 -3.2616e-4 0.5390077 -3.26354e-4 0.01012796 0.06461614 0.0101251 0.06486058 0.5390112 0.0648604 0.01013374 -3.26354e-4 0.01012796 0.7197124 0.7993189 0.4479254 0.7993189 0.4479254 0.573125 -8.35359e-5 0.5390101 -8.35359e-5 0.0101251 0.06485933 0.01012557 0.06461614 0.5390083 0.06461614 0.0101251 -8.35359e-5 0.0101251 -3.2616e-4 0.5390077 -3.26354e-4 0.01012796 0.06461614 0.0101251 0.06486058 0.5390112 0.0648604 0.01013374 -3.26354e-4 0.01012796 0.7197124 0.7993189 0.4479254 0.7993189 0.4479254 0.573125 -8.35359e-5 0.5390101 -8.35359e-5 0.0101251 0.06485933 0.01012557 0.06461614 0.5390083 0.06461614 0.0101251 -8.35359e-5 0.0101251 -3.2616e-4 0.5390077 -3.26354e-4 0.01012796 0.06461614 0.0101251 0.06486058 0.5390112 0.0648604 0.01013374 -3.26354e-4 0.01012796 0.7197124 0.7993189 0.4479254 0.7993189 0.4479254 0.573125 -8.35359e-5 0.5390101 -8.35359e-5 0.0101251 0.06485933 0.01012557 0.06461614 0.5390083 0.06461614 0.0101251 -8.35359e-5 0.0101251 -3.2616e-4 0.5390077 -3.26354e-4 0.01012796 0.06461614 0.0101251 0.06486058 0.5390112 0.0648604 0.01013374 -3.26354e-4 0.01012796 0.7197124 0.7993189 0.4479254 0.7993189 0.4479254 0.573125 -8.35359e-5 0.5390101 -8.35359e-5 0.0101251 0.06485933 0.01012557 0.06461614 0.5390083 0.06461614 0.0101251 -8.35359e-5 0.0101251 -3.2616e-4 0.5390077 -3.26354e-4 0.01012796 0.06461614 0.0101251 0.06486058 0.5390112 0.0648604 0.01013374 -3.26354e-4 0.01012796 0.7197124 0.7993189 0.4479254 0.7993189 0.4479254 0.573125 0.651612 0.5401344 0.6516117 0.3042401 0.552365 0.3042376 0.3567579 0.5095089 0.3142395 0.5095089 0.3142395 0.3878368 0.3567578 0.3882923 0.3142395 0.3882923 0.3142395 0.5095089 0.3567578 0.5099634 0.3142396 0.5099638 0.3142395 0.3882923 0.3567581 0.3878343 0.3142401 0.3878347 0.3142396 0.5099638 0.3384321 0.3890445 0.3216037 0.3890448 0.3216034 0.5267633 0.338432 0.5267629 0.3216034 0.5267633 0.3216034 0.3895609 0.338432 0.3895609 0.3216034 0.3895609 0.3216034 0.5262503 0.338432 0.5262503 0.3216034 0.5262503 0.3216034 0.3890472 0.7197124 0.7993189 0.4479254 0.7993189 0.4479254 0.573125 0.1134575 0.02680325 0.06493294 0.02680462 0.06493234 0.5189761 0.1134571 0.5189748 0.06493234 0.5189761 0.0649321 0.02864897 0.1134572 0.02864897 0.0649321 0.02864897 0.0649321 0.5171427 0.1134573 0.5171427 0.0649321 0.5171427 0.06493216 0.02681308 0.7192744 0.7989544 0.4483634 0.7989544 0.4483634 0.5734896 0.3275439 0.3209113 0.3286519 0.3771675 0.3139557 0.3782264 0.3295044 0.1807218 0.3294326 0.2464399 0.3122329 0.2472195 0.341113 0.3483027 0.3404564 0.2867977 0.3565313 0.2857851 0.3398792 0.1741902 0.3399534 0.1062396 0.3577373 0.1054337 0.32401 0.17487 0.324008 0.2275938 0.3102319 0.2284016 0.552365 0.3042376 0.6516117 0.3042401 0.651612 0.5401344 0.5511735 0.3141851 0.5511735 0.3213005 0.3631795 0.3213006 0.5511735 0.3284159 0.5511735 0.3355313 0.3631795 0.3355314 0.5511735 0.3426467 0.5511735 0.3497622 0.3631795 0.3497623 0.5511735 0.3497622 0.5511735 0.3568776 0.3631795 0.3568777 0.5511735 0.3213005 0.5511735 0.3284159 0.3631795 0.328416 0.5511735 0.3355313 0.5511735 0.3426467 0.3631795 0.3426468 0.5511735 0.3141851 0.5511735 0.3213005 0.3631795 0.3213006 0.5511735 0.3284159 0.5511735 0.3355313 0.3631795 0.3355314 0.5511735 0.3426467 0.5511735 0.3497622 0.3631795 0.3497623 0.5511735 0.3497622 0.5511735 0.3568776 0.3631795 0.3568777 0.5511735 0.3213005 0.5511735 0.3284159 0.3631795 0.328416 0.5511735 0.3355313 0.5511735 0.3426467 0.3631795 0.3426468 0.5511735 0.3141851 0.5511735 0.3213005 0.3631795 0.3213006 0.5511735 0.3284159 0.5511735 0.3355313 0.3631795 0.3355314 0.5511735 0.3426467 0.5511735 0.3497622 0.3631795 0.3497623 0.5511735 0.3497622 0.5511735 0.3568776 0.3631795 0.3568777 0.5511735 0.3213005 0.5511735 0.3284159 0.3631795 0.328416 0.5511735 0.3355313 0.5511735 0.3426467 0.3631795 0.3426468 0.5511735 0.3141851 0.5511735 0.3213005 0.3631795 0.3213006 0.5511735 0.3284159 0.5511735 0.3355313 0.3631795 0.3355314 0.5511735 0.3426467 0.5511735 0.3497622 0.3631795 0.3497623 0.5511735 0.3497622 0.5511735 0.3568776 0.3631795 0.3568777 0.5511735 0.3213005 0.5511735 0.3284159 0.3631795 0.328416 0.5511735 0.3355313 0.5511735 0.3426467 0.3631795 0.3426468 0.5511735 0.3141851 0.5511735 0.3213005 0.3631795 0.3213006 0.5511735 0.3284159 0.5511735 0.3355313 0.3631795 0.3355314 0.5511735 0.3426467 0.5511735 0.3497622 0.3631795 0.3497623 0.5511735 0.3497622 0.5511735 0.3568776 0.3631795 0.3568777 0.5511735 0.3213005 0.5511735 0.3284159 0.3631795 0.328416 0.3631795 0.3355314 0.5511735 0.3355313 0.5511735 0.3426467 0.5511735 0.3141851 0.5511735 0.3213005 0.3631795 0.3213006 0.5511735 0.3284159 0.5511735 0.3355313 0.3631795 0.3355314 0.5511735 0.3426467 0.5511735 0.3497622 0.3631795 0.3497623 0.5511735 0.3497622 0.5511735 0.3568776 0.3631795 0.3568777 0.5511735 0.3213005 0.5511735 0.3284159 0.3631795 0.328416 0.5511735 0.3355313 0.5511735 0.3426467 0.3631795 0.3426468 0.3418081 0.3634826 0.3286519 0.3771675 0.3275439 0.3209113 0.3448503 0.231056 0.3294326 0.2464399 0.3295044 0.1807218 0.3259403 0.301627 0.3404564 0.2867977 0.341113 0.3483027 0.3240121 0.1221461 0.3399534 0.1062396 0.3398792 0.1741902 0.5838189 0.7993189 0.4479254 0.7993189 0.4479254 0.686222 0.3407594 0.318695 0.3397107 0.2739074 0.3513925 0.2729175 0.3448523 0.1800643 0.3448542 0.1290726 0.3581777 0.1282914 0.3266451 0.3505951 0.3273499 0.3995632 0.3145707 0.40053 0.3275439 0.3209113 0.3128477 0.3219702 0.3117396 0.2657139 0.341113 0.3483027 0.3571879 0.3472902 0.3578445 0.4087953 0.3397107 0.2739074 0.3407594 0.318695 0.3275439 0.3209113 0.3273499 0.3995632 0.3266451 0.3505951 0.341113 0.3483027 0.7197124 0.686222 0.7197124 0.7993189 0.5838189 0.7993189 0.3407594 0.318695 0.3524412 0.3177052 0.3534899 0.3624928 0.3266451 0.3505951 0.3138659 0.3515619 0.3131611 0.3025938 0.3398792 0.1741902 0.3576631 0.1733843 0.3575889 0.2413349 0.7197124 0.686222 0.5838189 0.686222 0.5838189 0.573125 0.32401 0.17487 0.310234 0.1756777 0.310236 0.1229538 0.3448523 0.1800643 0.3581757 0.1792831 0.3581737 0.2302747 0.324008 0.2275938 0.32401 0.17487 0.3398792 0.1741902 0.5838189 0.573125 0.5838189 0.686222 0.4479254 0.686222 0.3295044 0.1807218 0.3123047 0.1815013 0.3123764 0.115783 0.3448542 0.1290726 0.3448523 0.1800643 0.3295044 0.1807218 0.3661392 0.3229275 0.3661398 0.3442732 0.5408259 0.3442734 0.6485204 0.4020817 0.6352375 0.402082 0.6352373 0.5107854 0.6485204 0.4024893 0.6485204 0.5107851 0.6352373 0.5107854 0.338432 0.5262503 0.338432 0.3895609 0.3216034 0.3895609 0.6485204 0.5103805 0.6352373 0.5103805 0.6352373 0.4020839 0.648038 0.3956756 0.6232739 0.3956756 0.6232739 0.3204497 0.6485204 0.4020817 0.6352375 0.402082 0.6352373 0.5107854 0.6485204 0.4024893 0.6485204 0.5107851 0.6352373 0.5107854 0.338432 0.5262503 0.338432 0.3895609 0.3216034 0.3895609 0.6485204 0.5103805 0.6352373 0.5103805 0.6352373 0.4020839 0.6080381 0.3956756 0.583274 0.3956756 0.583274 0.3204497 0.5397767 0.5401344 0.5397764 0.394572 0.458207 0.3945695 0.3661392 0.3229275 0.3661398 0.3442732 0.5408259 0.3442734 0.5511735 0.3141851 0.5511735 0.3213005 0.3631795 0.3213006 0.3631795 0.328416 0.5511735 0.3284159 0.5511735 0.3355313 0.5511735 0.3426467 0.5511735 0.3497622 0.3631795 0.3497623 0.5511735 0.3497622 0.5511735 0.3568776 0.3631795 0.3568777 0.3631795 0.3213006 0.5511735 0.3213005 0.5511735 0.3284159 0.3631795 0.3355314 0.5511735 0.3355313 0.5511735 0.3426467 0.5511735 0.3141851 0.5511735 0.3213005 0.3631795 0.3213006 0.3631795 0.328416 0.5511735 0.3284159 0.5511735 0.3355313 0.5511735 0.3426467 0.5511735 0.3497622 0.3631795 0.3497623 0.5511735 0.3497622 0.5511735 0.3568776 0.3631795 0.3568777 0.3631795 0.3213006 0.5511735 0.3213005 0.5511735 0.3284159 0.3631795 0.3355314 0.5511735 0.3355313 0.5511735 0.3426467 0.9199395 0.4065923 0.9177068 0.3864179 0.9368599 0.3947795 0.897298 0.4170042 0.8907738 0.4054214 0.9199395 0.4065923 0.9021293 0.4291605 0.897317 0.4222151 0.8788652 0.4130275 0.9021293 0.4291605 0.9235042 0.4299682 0.9281753 0.4234138 0.9310441 0.4241816 0.9178481 0.417801 0.9199395 0.4065923 0.897298 0.4170042 0.8891422 0.4225779 0.8788652 0.4130275 0.9310441 0.4241816 0.9388206 0.4153947 0.9281753 0.4234138 0.9368599 0.3947795 0.9177068 0.3864179 0.9126361 0.3669218 0.8788652 0.4130275 0.8756235 0.3921859 0.8879377 0.3851413 0.9388206 0.4153947 0.9368599 0.3947795 0.9258672 0.4022005 0.8907738 0.4054214 0.8879377 0.3851413 0.9177068 0.3864179 0.897317 0.4222151 0.8943272 0.4008796 0.8756235 0.3921859 0.9281753 0.4234138 0.9258672 0.4022005 0.8943272 0.4008796 0.8756235 0.3921859 0.8803239 0.3707016 0.8897339 0.3658739 0.9258672 0.4022005 0.9368599 0.3947795 0.9271326 0.3728305 0.9177068 0.3864179 0.8879377 0.3851413 0.8897339 0.3658739 0.8943272 0.4008796 0.8945562 0.3767603 0.8803239 0.3707016 0.9258672 0.4022005 0.9184959 0.3778434 0.8945562 0.3767603 0.9199395 0.4065923 0.9177068 0.3864179 0.9368599 0.3947795 0.9178481 0.417801 0.897298 0.4170042 0.8907738 0.4054214 0.9021293 0.4291605 0.897317 0.4222151 0.8788652 0.4130275 0.9021293 0.4291605 0.9235042 0.4299682 0.9281753 0.4234138 0.9178481 0.417801 0.9199395 0.4065923 0.9388206 0.4153947 0.897298 0.4170042 0.8891422 0.4225779 0.8788652 0.4130275 0.9310441 0.4241816 0.9388206 0.4153947 0.9281753 0.4234138 0.9177068 0.3864179 0.9126361 0.3669218 0.9271326 0.3728305 0.8788652 0.4130275 0.8756235 0.3921859 0.8879377 0.3851413 0.9388206 0.4153947 0.9368599 0.3947795 0.9258672 0.4022005 0.8907738 0.4054214 0.8879377 0.3851413 0.9177068 0.3864179 0.897317 0.4222151 0.8943272 0.4008796 0.8756235 0.3921859 0.9281753 0.4234138 0.9258672 0.4022005 0.8943272 0.4008796 0.8756235 0.3921859 0.8803239 0.3707016 0.8897339 0.3658739 0.9368599 0.3947795 0.9271326 0.3728305 0.9184959 0.3778434 0.8879377 0.3851413 0.8897339 0.3658739 0.9126361 0.3669218 0.8756235 0.3921859 0.8943272 0.4008796 0.8945562 0.3767603 0.9258672 0.4022005 0.9184959 0.3778434 0.8945562 0.3767603 0.9199395 0.4065923 0.9177068 0.3864179 0.9368599 0.3947795 0.897298 0.4170042 0.8907738 0.4054214 0.9199395 0.4065923 0.9021293 0.4291605 0.897317 0.4222151 0.8788652 0.4130275 0.9021293 0.4291605 0.9235042 0.4299682 0.9281753 0.4234138 0.9178481 0.417801 0.9199395 0.4065923 0.9388206 0.4153947 0.897298 0.4170042 0.8891422 0.4225779 0.8788652 0.4130275 0.9310441 0.4241816 0.9388206 0.4153947 0.9281753 0.4234138 0.9368599 0.3947795 0.9177068 0.3864179 0.9126361 0.3669218 0.8788652 0.4130275 0.8756235 0.3921859 0.8879377 0.3851413 0.9388206 0.4153947 0.9368599 0.3947795 0.9258672 0.4022005 0.8907738 0.4054214 0.8879377 0.3851413 0.9177068 0.3864179 0.897317 0.4222151 0.8943272 0.4008796 0.8756235 0.3921859 0.9281753 0.4234138 0.9258672 0.4022005 0.8943272 0.4008796 0.8756235 0.3921859 0.8803239 0.3707016 0.8897339 0.3658739 0.9368599 0.3947795 0.9271326 0.3728305 0.9184959 0.3778434 0.9177068 0.3864179 0.8879377 0.3851413 0.8897339 0.3658739 0.8756235 0.3921859 0.8943272 0.4008796 0.8945562 0.3767603 0.9258672 0.4022005 0.9184959 0.3778434 0.8945562 0.3767603 0.651612 0.5401344 0.6516117 0.3042401 0.552365 0.3042376 0.6516117 0.3042401 0.552365 0.3042376 0.552365 0.3042376 0.6408344 0.4852229 0.6359384 0.4852229 0.6402091 0.4236642 0.6249109 0.3655616 0.6200149 0.3655616 0.6200149 0.4847826 0.5523653 0.5401329 0.5523653 0.5401329 0.552365 0.3042376 0.5511735 0.3141851 0.5511735 0.3213005 0.3631795 0.3213006 0.5511735 0.3284159 0.5511735 0.3355313 0.3631795 0.3355314 0.5511735 0.3426467 0.5511735 0.3497622 0.3631795 0.3497623 0.5511735 0.3497622 0.5511735 0.3568776 0.3631795 0.3568777 0.5511735 0.3213005 0.5511735 0.3284159 0.3631795 0.328416 0.5511735 0.3355313 0.5511735 0.3426467 0.3631795 0.3426468 0.5511735 0.3141851 0.5511735 0.3213005 0.3631795 0.3213006 0.5511735 0.3284159 0.5511735 0.3355313 0.3631795 0.3355314 0.5511735 0.3426467 0.5511735 0.3497622 0.3631795 0.3497623 0.5511735 0.3497622 0.5511735 0.3568776 0.3631795 0.3568777 0.5511735 0.3213005 0.5511735 0.3284159 0.3631795 0.328416 0.5511735 0.3355313 0.5511735 0.3426467 0.3631795 0.3426468 0.552365 0.3042376 0.6516117 0.3042401 0.651612 0.5401344 0.552365 0.3042376 0.6516117 0.3042401 0.651612 0.5401344 0.3661392 0.3229275 0.3661398 0.3442732 0.3661398 0.3442732 0.5408259 0.3442734 0.5408253 0.3229277 0.5408253 0.3229277 0.5408253 0.3229277 0.3661392 0.3229275 0.3661392 0.3229275</float_array>
          <technique_common>
            <accessor source="#Cube_005-mesh-map-0-array" count="5058" stride="2">
              <param name="S" type="float"/>
              <param name="T" type="float"/>
            </accessor>
          </technique_common>
        </source>
        <source id="Cube_005-mesh-map-1">
          <float_array id="Cube_005-mesh-map-1-array" count="10116">0 0 0 0 0 0 0 0 0 0 0 0 0 0 0 0 0 0 0 0 0 0 0 0 0 0 0 0 0 0 0 0 0 0 0 0 0 0 0 0 0 0 0 0 0 0 0 0 0 0 0 0 0 0 0 0 0 0 0 0 0 0 0 0 0 0 0 0 0 0 0 0 0 0 0 0 0 0 0 0 0 0 0 0 0 0 0 0 0 0 0 0 0 0 0 0 0 0 0 0 0 0 0 0 0 0 0 0 0 0 0 0 0 0 0 0 0 0 0 0 0 0 0 0 0 0 0 0 0 0 0 0 0 0 0 0 0 0 0 0 0 0 0 0 0 0 0 0 0 0 0 0 0 0 0 0 0 0 0 0 0 0 0 0 0 0 0 0 0 0 0 0 0 0 0 0 0 0 0 0 0 0 0 0 0 0 0 0 0 0 0 0 0 0 0 0 0 0 0 0 0 0 0 0 0 0 0 0 0 0 0 0 0 0 0 0 0 0 0 0 0 0 0 0 0 0 0 0 0 0 0 0 0 0 0 0 0 0 0 0 0 0 0 0 0 0 0 0 0 0 0 0 0 0 0 0 0 0 0 0 0 0 0 0 0 0 0 0 0 0 0 0 0 0 0 0 0 0 0 0 0 0 0 0 0 0 0 0 0 0 0 0 0 0 0 0 0 0 0 0 0 0 0 0 0 0 0 0 0 0 0 0 0 0 0 0 0 0 0 0 0 0 0 0 0 0 0 0 0 0 0 0 0 0 0 0 0 0 0 0 0 0 0 0 0 0 0 0 0 0 0 0 0 0 0 0 0 0 0 0 0 0 0 0 0 0 0 0 0 0 0 0 0 0 0 0 0 0 0 0 0 0 0 0 0 0 0 0 0 0 0 0 0 0 0 0 0 0 0 0 0 0 0 0 0 0 0 0 0 0 0 0 0 0 0 0 0 0 0 0 0 0 0 0 0 0 0 0 0 0 0 0 0 0 0 0 0 0 0 0 0 0 0 0 0 0 0 0 0 0 0 0 0 0 0 0 0 0 0 0 0 0 0 0 0 0 0 0 0 0 0 0 0 0 0 0 0 0 0 0 0 0 0 0 0 0 0 0 0 0 0 0 0 0 0 0 0 0 0 0 0 0 0 0 0 0 0 0 0 0 0 0 0 0 0 0 0 0 0 0 0 0 0 0 0 0 0 0 0 0 0 0 0 0 0 0 0 0 0 0 0 0 0 0 0 0 0 0 0 0 0 0 0 0 0 0 0 0 0 0 0 0 0 0 0 0 0 0 0 0 0 0 0 0 0 0 0 0 0 0 0 0 0 0 0 0 0 0 0 0 0 0 0 0 0 0 0 0 0 0 0 0 0 0 0 0 0 0 0 0 0 0 0 0 0 0 0 0 0 0 0 0 0 0 0 0 0 0 0 0 0 0 0 0 0 0 0 0 0 0 0 0 0 0 0 0 0 0 0 0 0 0 0 0 0 0 0 0 0 0 0 0 0 0 0 0 0 0 0 0 0 0 0 0 0 0 0 0 0 0 0 0 0 0 0 0 0 0 0 0 0 0 0 0 0 0 0 0 0 0 0 0 0 0 0 0 0 0 0 0 0 0 0 0 0 0 0 0 0 0 0 0 0 0 0 0 0 0 0 0 0 0 0 0 0 0 0 0 0 0 0 0 0 0 0 0 0 0 0 0 0 0 0 0 0 0 0 0 0 0 0 0 0 0 0 0 0 0 0 0 0 0 0 0 0 0 0 0 0 0 0 0 0 0 0 0 0 0 0 0 0 0 0 0 0 0 0 0 0 0 0 0 0 0 0 0 0 0 0 0 0 0 0 0 0 0 0 0 0 0 0 0 0 0 0 0 0 0 0 0 0 0 0 0 0 0 0 0 0 0 0 0 0 0 0 0 0 0 0 0 0 0 0 0 0 0 0 0 0 0 0 0 0 0 0 0 0 0 0 0 0 0 0 0 0 0 0 0 0 0 0 0 0 0 0 0 0 0 0 0 0 0 0 0 0 0 0 0 0 0 0 0 0 0 0 0 0 0 0 0 0 0 0 0 0 0 0 0 0 0 0 0 0 0 0 0 0 0 0 0 0 0 0 0 0 0 0 0 0 0 0 0 0 0 0 0 0 0 0 0 0 0 0 0 0 0 0 0 0 0 0 0 0 0 0 0 0 0 0 0 0 0 0 0 0 0 0 0 0 0 0 0 0 0 0 0 0 0 0 0 0 0 0 0 0 0 0 0 0 0 0 0 0 0 0 0 0 0 0 0 0 0 0 0 0 0 0 0 0 0 0 0 0 0 0 0 0 0 0 0 0 0 0 0 0 0 0 0 0 0 0 0 0 0 0 0 0 0 0 0 0 0 0 0 0 0 0 0 0 0 0 0 0 0 0 0 0 0 0 0 0 0 0 0 0 0 0 0 0 0 0 0 0 0 0 0 0 0 0 0 0 0 0 0 0 0 0 0 0 0 0 0 0 0 0 0 0 0 0 0 0 0 0 0 0 0 0 0 0 0 0 0 0 0 0 0 0 0 0 0 0 0 0 0 0 0 0 0 0 0 0 0 0 0 0 0 0 0 0 0 0 0 0 0 0 0 0 0 0 0 0 0 0 0 0 0 0 0 0 0 0 0 0 0 0 0 0 0 0 0 0 0 0 0 0 0 0 0 0 0 0 0 0 0 0 0 0 0 0 0 0 0 0 0 0 0 0 0 0 0 0 0 0 0 0 0 0 0 0 0 0 0 0 0 0 0 0 0 0 0 0 0 0 0 0 0 0 0 0 0 0 0 0 0 0 0 0 0 0 0 0 0 0 0 0 0 0 0 0 0 0 0 0 0 0 0 0 0 0 0 0 0 0 0 0 0 0 0 0 0 0 0 0 0 0 0 0 0 0 0 0 0 0 0 0 0 0 0 0 0 0 0 0 0 0 0 0 0 0 0 0 0 0 0 0 0 0 0 0 0 0 0 0 0 0 0 0 0 0 0 0 0 0 0 0 0 0 0 0 0 0 0 0 0 0 0 0 0 0 0 0 0 0 0 0 0 0 0 0 0 0 0 0 0 0 0 0 0 0 0 0 0 0 0 0 0 0 0 0 0 0 0 0 0 0 0 0 0 0 0 0 0 0 0 0 0 0 0 0 0 0 0 0 0 0 0 0 0 0 0 0 0 0 0 0 0 0 0 0 0 0 0 0 0 0 0 0 0 0 0 0 0 0 0 0 0 0 0 0 0 0 0 0 0 0 0 0 0 0 0 0 0 0 0 0 0 0 0 0 0 0 0 0 0 0 0 0 0 0 0 0 0 0 0 0 0 0 0 0 0 0 0 0 0 0 0 0 0 0 0 0 0 0 0 0 0 0 0 0 0 0 0 0 0 0 0 0 0 0 0 0 0 0 0 0 0 0 0 0 0 0 0 0 0 0 0 0 0 0 0 0 0 0 0 0 0 0 0 0 0 0 0 0 0 0 0 0 0 0 0 0 0 0 0 0 0 0 0 0 0 0 0 0 0 0 0 0 0 0 0 0 0 0 0 0 0 0 0 0 0 0 0 0 0 0 0 0 0 0 0 0 0 0 0 0 0 0 0 0 0 0 0 0 0 0 0 0 0 0 0 0 0 0 0 0 0 0 0 0 0 0 0 0 0 0 0 0 0 0 0 0 0 0 0 0 0 0 0 0 0 0 0 0 0 0 0 0 0 0 0 0 0 0 0 0 0 0 0 0 0 0 0 0 0 0 0 0 0 0 0 0 0 0 0 0 0 0 0 0 0 0 0 0 0 0 0 0 0 0 0 0 0 0 0 0 0 0 0 0 0 0 0 0 0 0 0 0 0 0 0 0 0 0 0 0 0 0 0 0 0 0 0 0 0 0 0 0 0 0 0 0 0 0 0 0 0 0 0 0 0 0 0 0 0 0 0 0 0 0 0 0 0 0 0 0 0 0 0 0 0 0 0 0 0 0 0 0 0 0 0 0 0 0 0 0 0 0 0 0 0 0 0 0 0 0 0 0 0 0 0 0 0 0 0 0 0 0 0 0 0 0 0 0 0 0 0 0 0 0 0 0 0 0 0 0 0 0 0 0 0 0 0 0 0 0 0 0 0 0 0 0 0 0 0 0 0 0 0 0 0 0 0 0 0 0 0 0 0 0 0 0 0 0 0 0 0 0 0 0 0 0 0 0 0 0 0 0 0 0 0 0 0 0 0 0 0 0 0 0 0 0 0 0 0 0 0 0 0 0 0 0 0 0 0 0 0 0 0 0 0 0 0 0 0 0 0 0 0 0 0 0 0 0 0 0 0 0 0 0 0 0.04893136 0.8205731 0.05583655 0.8155125 0.05725044 0.8189138 0.06427186 0.7834817 0.0558061 0.7821813 0.05721366 0.778778 0.0689916 0.7905253 0.06166768 0.7860875 0.06427186 0.7834817 0.07065427 0.7988365 0.06558722 0.7919369 0.0689916 0.7905253 0.06900686 0.8071501 0.06696802 0.7988391 0.07065427 0.7988365 0.06430011 0.8142003 0.06559991 0.8057432 0.06900686 0.8071501 0.05725044 0.8189138 0.0616911 0.8115981 0.06430011 0.8142003 0.04889494 0.7808131 0.04889154 0.7771305 0.05721366 0.778778 0.7465627 0.7877821 0.7551156 0.7020682 0.7548526 0.7877809 0.7681515 0.09590351 0.7755606 0.01019746 0.7752977 0.09591954 0.08550328 0.7233924 0.0927211 0.6376085 0.09245818 0.7233119 0.09245818 0.7233119 0.1010057 0.6375957 0.1007428 0.7232989 0.1007428 0.7232989 0.1093589 0.6376523 0.1090959 0.7233557 0.1090959 0.7233557 0.1165088 0.6377701 0.1162458 0.7234734 0.7395939 0.7878322 0.7468257 0.7020693 0.7465627 0.7877821 0.7597995 0.09587979 0.7684144 0.01018124 0.7681515 0.09590351 0.5465934 0.4601783 0.5431947 0.4543359 0.5463662 0.4543456 0.5466604 0.4670794 0.5434219 0.4601686 0.5465934 0.4601783 0.5465567 0.473998 0.5434888 0.4670696 0.5466604 0.4670794 0.5462983 0.479881 0.5433852 0.4739883 0.5465567 0.473998 0.4499639 0.6013498 0.4531542 0.6071192 0.4499765 0.6071289 0.5772809 0.472292 0.5804823 0.4792059 0.577305 0.4792253 0.4499447 0.5944685 0.4531416 0.6013401 0.4499639 0.6013498 0.5773008 0.4663648 0.5804582 0.4722725 0.5772809 0.472292 0.9885791 0.7017636 0.9920402 0.7017865 0.9921326 0.7319269 0.4903732 0.9858156 0.4869055 0.9857788 0.4868131 0.9556419 0.5265458 0.9858686 0.5230802 0.9858609 0.5231727 0.9557173 0.21963 0.9935509 0.2161943 0.9934182 0.216102 0.9633327 0.9846799 0.3538789 0.9881411 0.3539018 0.9882335 0.3840422 0.2462481 0.9033115 0.2427804 0.9032747 0.242688 0.8731378 0.8215593 0.9876006 0.8180937 0.9875929 0.8181862 0.9574494 0.9640708 0.9932246 0.9606351 0.993092 0.9605428 0.9630064 0.2843234 0.8987776 0.2815487 0.948924 0.2813582 0.8987437 0.2815487 0.948924 0.2843234 0.8987776 0.2841941 0.9489526 0.5402804 0.9863684 0.5436398 0.9354165 0.5439213 0.9858021 0.5436398 0.9354165 0.5402804 0.9863684 0.5403043 0.9359306 0.3367055 0.9523581 0.3395215 0.9021701 0.3396717 0.9523117 0.3395215 0.9021701 0.3367055 0.9523581 0.3368844 0.9022105 0.430599 0.9886596 0.4342203 0.9404903 0.4343188 0.9891623 0.4342203 0.9404903 0.430599 0.9886596 0.4308113 0.9400388 0.9879958 0.9827685 0.9906629 0.9334123 0.9904085 0.9827436 0.9946855 0.6353852 0.9922635 0.6832036 0.992354 0.6353494 0.8015831 0.9370533 0.7984994 0.9867883 0.7979619 0.9377124 0.7984994 0.9867883 0.8015831 0.9370533 0.8015166 0.9848663 0.6812919 0.9233188 0.6763802 0.9816716 0.6763246 0.9233286 0.6763802 0.9816716 0.6812919 0.9233188 0.6813474 0.9816619 0.8882012 0.1032549 0.8829281 0.1522215 0.8829031 0.1031401 0.8829281 0.1522215 0.8882012 0.1032549 0.8882284 0.1523362 0.3867784 0.9862336 0.3917182 0.927873 0.3917447 0.9862375 0.3917182 0.927873 0.3867784 0.9862336 0.3867518 0.9278692 0.983349 0.9334123 0.9780564 0.9825376 0.9780699 0.9338183 0.9780564 0.9825376 0.983349 0.9334123 0.9833378 0.9821316 0.8242018 0.4548485 0.820041 0.449545 0.8242062 0.4495466 0.820041 0.449545 0.8242018 0.4548485 0.8200365 0.4548469 0.9701543 0.960038 0.9736154 0.9600608 0.9737078 0.9902011 0.5002652 0.9858156 0.4967975 0.9857788 0.496705 0.9556419 0.8294659 0.9876006 0.8260003 0.9875929 0.8260928 0.9574494 0.1997766 0.9948787 0.1963409 0.994746 0.1962486 0.9646604 0.04098922 0.9586946 0.04445046 0.9587175 0.04454272 0.9888579 0.7523874 0.9856643 0.7489197 0.9856275 0.7488273 0.9554905 0.5164537 0.9860002 0.5129881 0.9859925 0.5130806 0.9558489 0.7658766 0.9944278 0.7624409 0.9942951 0.7623486 0.9642096 0.9830237 0.8707109 0.978112 0.9290636 0.9780564 0.8707206 0.978112 0.9290636 0.9830237 0.8707109 0.9830793 0.9290539 0.08081841 0.9319413 0.07554537 0.9809077 0.07552033 0.9318265 0.07554537 0.9809077 0.08081841 0.9319413 0.08084559 0.9810225 0.9829486 0.6937138 0.9878883 0.6353533 0.9879149 0.6937177 0.9878883 0.6353533 0.9829486 0.6937138 0.982922 0.6353494 0.8722261 0.9338401 0.8669335 0.9829655 0.8669469 0.9342461 0.8669335 0.9829655 0.8722261 0.9338401 0.8722148 0.9825594 0.8204646 0.0105735 0.8163038 0.005270183 0.8204691 0.005271852 0.8163038 0.005270183 0.8204646 0.0105735 0.8162993 0.01057189 0.9265144 0.8828299 0.9237297 0.9332822 0.9235491 0.8827959 0.9237297 0.9332822 0.9265144 0.8828299 0.926375 0.9333108 0.5047894 0.9862613 0.5082216 0.9352921 0.5084354 0.9857288 0.5082216 0.9352921 0.5047894 0.9862613 0.5048815 0.9357754 0.9062162 0.9385361 0.9091735 0.8880489 0.9091826 0.9384987 0.9091735 0.8880489 0.9062162 0.9385361 0.9065363 0.8880812 0.9847544 0.09483128 0.9883369 0.04657644 0.9884787 0.09529972 0.9883369 0.04657644 0.9847544 0.09483128 0.9849239 0.04615616 0.988885 0.7854872 0.9915444 0.7362755 0.9912907 0.7854622 0.9952419 0.04758179 0.9928273 0.09525537 0.9929175 0.04754596 0.9885401 0.4429654 0.9854657 0.4925497 0.9849188 0.4436245 0.9854657 0.4925497 0.9885401 0.4429654 0.9884737 0.4906335 0.2653924 0.925872 0.2604807 0.9842249 0.2604251 0.9258818 0.2604807 0.9842249 0.2653924 0.925872 0.2654479 0.9842151 0.154471 0.9316388 0.1491979 0.9806053 0.1491729 0.931524 0.1491979 0.9806053 0.154471 0.9316388 0.1544982 0.98072 0.9829486 0.5778034 0.9878883 0.5194429 0.9879149 0.5778073 0.9878883 0.5194429 0.9829486 0.5778034 0.982922 0.5194391 0.859349 0.9339706 0.8540564 0.983096 0.8540698 0.9343765 0.8540564 0.983096 0.859349 0.9339706 0.8593377 0.9826899 0.8225808 0.5751003 0.81842 0.5697968 0.8225853 0.5697984 0.81842 0.5697968 0.8225808 0.5751003 0.8184155 0.5750986 0.9915444 0.7362755 0.988885 0.7854872 0.9885791 0.7363053 0.4442109 0.9405614 0.4409948 0.9872714 0.4405658 0.9870247 0.9928273 0.09525537 0.9952419 0.04758179 0.9957937 0.09529972 0.4409948 0.9872714 0.4442109 0.9405614 0.4440121 0.9890046 0.9854187 0.4368786 0.9886443 0.3900313 0.9884449 0.4386168 0.9906629 0.9334123 0.9879958 0.9827685 0.9876977 0.9334421 0.9886443 0.3900313 0.9854187 0.4368786 0.9849994 0.4366373 0.9922635 0.6832036 0.9946855 0.6353852 0.9952298 0.6832479 0.8159795 0.02994751 0.8118091 0.02991271 0.8118048 0.02460914 0.8140669 0.5751351 0.8098965 0.5751002 0.8098922 0.5697968 0.8159796 0.02026069 0.8118092 0.02022576 0.8118048 0.01492232 0.6703295 0.4479577 0.6744676 0.4479451 0.6745601 0.4780887 0.1302911 0.9843905 0.1261523 0.9843795 0.1262446 0.954294 0.7002053 0.4781013 0.696067 0.4780897 0.6961596 0.4479494 0.8218795 0.2899277 0.8177415 0.2899168 0.817834 0.2597799 0.6874879 0.4479577 0.691626 0.4479451 0.6917185 0.4780887 0.6021128 0.9853867 0.5979741 0.9853758 0.5980663 0.9552902 0.7087846 0.4781013 0.7046464 0.4780897 0.7047389 0.4479494 0.8133005 0.2899277 0.8091624 0.2899168 0.8092549 0.2597798 0.9952296 0.519447 0.9924858 0.5672 0.9922635 0.5194391 0.9924858 0.5672 0.9952296 0.519447 0.9951318 0.5672054 0.5047894 0.9309194 0.5083345 0.8742328 0.5086395 0.9309434 0.5083345 0.8742328 0.5047894 0.9309194 0.5048059 0.8742028 0.9944517 0.5830255 0.9917911 0.6310008 0.9914839 0.5830272 0.9917911 0.6310008 0.9944517 0.5830255 0.9944296 0.6310001 0.892577 0.1599217 0.8963251 0.1031401 0.8964307 0.1598999 0.8963251 0.1031401 0.892577 0.1599217 0.8927947 0.1031678 0.4849558 0.8437252 0.4876449 0.7923321 0.4873692 0.8437234 0.9239959 0.9873233 0.9265144 0.9376595 0.9263286 0.9873226 0.2001037 0.9042619 0.196749 0.9601401 0.1962486 0.9042916 0.196749 0.9601401 0.2001037 0.9042619 0.1999644 0.9585585 0.1414435 0.9193802 0.1364023 0.9777872 0.1364752 0.9193724 0.1364023 0.9777872 0.1414435 0.9193802 0.1413705 0.977795 0.1067742 0.9159538 0.1014387 0.974193 0.1014861 0.9157586 0.1014387 0.974193 0.1067742 0.9159538 0.106729 0.9743883 0.3790081 0.9278715 0.3740085 0.9862861 0.3740398 0.9278691 0.3740085 0.9862861 0.3790081 0.9278715 0.3789768 0.9862886 0.791691 0.9128803 0.7863265 0.971478 0.7863934 0.9130594 0.7863265 0.971478 0.791691 0.9128803 0.7916262 0.9712989 0.6388828 0.2261751 0.6438359 0.2314913 0.638869 0.2314759 0.6438359 0.2314913 0.6388828 0.2261751 0.6438497 0.2261905 0.6789087 0.4479577 0.6830468 0.4479451 0.6831393 0.4780887 0.9777108 0.5108886 0.973572 0.5108776 0.9736643 0.4807919 0.708534 0.2573481 0.7043957 0.2573365 0.7044881 0.2271962 0.2727367 0.7522146 0.2685987 0.7522037 0.2686912 0.7220667 0.6958165 0.2272087 0.6999546 0.2271962 0.700047 0.2573398 0.01122099 0.9843783 0.007082164 0.9843673 0.007174432 0.9542818 0.7171132 0.2573481 0.712975 0.2573365 0.7130674 0.2271962 0.9691309 0.5108886 0.964993 0.5108777 0.9650853 0.4807407 0.5833032 0.9225065 0.578262 0.9809135 0.5783349 0.9224988 0.578262 0.9809135 0.5833032 0.9225065 0.5832303 0.9809212 0.7018527 0.9184855 0.6965172 0.9767246 0.6965646 0.9182902 0.6965172 0.9767246 0.7018527 0.9184855 0.7018075 0.9769199 0.9842327 0.7899339 0.9792332 0.8483484 0.9792644 0.7899314 0.9792332 0.8483484 0.9842327 0.7899339 0.9842014 0.8483508 0.9067457 0.1032239 0.9013811 0.1618216 0.901448 0.103403 0.9013811 0.1618216 0.9067457 0.1032239 0.9066809 0.1616425 0.6388824 0.2165042 0.6438355 0.2218204 0.6388686 0.221805 0.6438355 0.2218204 0.6388824 0.2165042 0.6438493 0.2165195 0.9915474 0.800261 0.9888014 0.8483453 0.9885813 0.800253 0.9888014 0.8483453 0.9915474 0.800261 0.9914475 0.8483508 0.242688 0.8687297 0.2463363 0.8119493 0.2465376 0.8687892 0.2463363 0.8119493 0.242688 0.8687297 0.2428081 0.8118868 0.9091826 0.9428847 0.9065206 0.991191 0.9062148 0.9428865 0.9065206 0.991191 0.9091826 0.9428847 0.9091591 0.9911902 0.50492 0.2389239 0.5087383 0.1819931 0.5087735 0.2388786 0.5087383 0.1819931 0.50492 0.2389239 0.5052083 0.1820425 0.911379 0.1544664 0.9140603 0.1032239 0.9137854 0.1544647 0.9878847 0.9202243 0.9903956 0.8707109 0.9902104 0.9202235 0.8377691 0.9181915 0.8344246 0.9739004 0.8339141 0.9182213 0.8344246 0.9739004 0.8377691 0.9181915 0.8376303 0.9723235 0.5703555 0.9225113 0.5653144 0.9809182 0.5653873 0.9225035 0.5653144 0.9809182 0.5703555 0.9225113 0.5702826 0.980926 0.0241236 0.9166806 0.01878809 0.9749197 0.01883566 0.9164853 0.01878809 0.9749197 0.0241236 0.9166806 0.02407842 0.975115 0.9842305 0.7270728 0.9792308 0.7854874 0.9792621 0.7270705 0.9792308 0.7854874 0.9842305 0.7270728 0.9841991 0.7854899 0.6574804 0.9123926 0.6521158 0.9709903 0.6521828 0.9125717 0.6521158 0.9709903 0.6574804 0.9123926 0.6574156 0.9708112 0.6373525 0.1078932 0.6423056 0.1132094 0.6373387 0.113194 0.6423056 0.1132094 0.6373525 0.1078932 0.6423195 0.1079086 0.9140603 0.1032239 0.911379 0.1544664 0.9110943 0.103225 0.9885283 0.2936676 0.9852606 0.3479972 0.9848172 0.3477791 0.9903956 0.8707109 0.9878847 0.9202243 0.9874278 0.8707129 0.9852606 0.3479972 0.9885283 0.2936676 0.9883775 0.3495303 0.2521142 0.9653871 0.2553915 0.9108979 0.2552403 0.9669248 0.4876449 0.7923321 0.4849558 0.8437252 0.4846789 0.7923331 0.2553915 0.9108979 0.2521142 0.9653871 0.2516808 0.965174 0.9265144 0.9376595 0.9239959 0.9873233 0.9235467 0.9376615 0.6295387 0.216521 0.6345059 0.2165042 0.6345199 0.2218052 0.0101692 0.6232838 0.01513648 0.623267 0.01515042 0.6285681 0.6295391 0.2261902 0.6345063 0.2261734 0.6345204 0.2314745 0.8307231 0.008451938 0.8360118 0.007996559 0.8358998 0.1393404 0.8358998 0.1393404 0.8306131 0.1397953 0.8307231 0.008451938 0.8339343 0.6890071 0.8383433 0.6890496 0.8383161 0.8148574 0.8383161 0.8148574 0.833907 0.8148149 0.8339343 0.6890071 0.8306229 0.1441439 0.8358871 0.1445873 0.8360093 0.2759586 0.8360093 0.2759586 0.8307472 0.2755156 0.8306229 0.1441439 0.3637876 0.6201976 0.3681948 0.6201373 0.3683612 0.7460027 0.3683612 0.7460027 0.363954 0.746063 0.3637876 0.6201976 0.7969756 0.5699719 0.7969852 0.5751351 0.792566 0.5699498 0.842692 0.9079177 0.8429512 0.8113114 0.8469641 0.8112989 0.3953968 0.2388282 0.3954139 0.2251655 0.3996231 0.2387031 0.9013811 0.2634801 0.9016799 0.1669934 0.9053755 0.26352 0.5711453 0.2177889 0.5714417 0.2319984 0.567221 0.2320058 0.724676 0.3196547 0.7248442 0.2230163 0.7378211 0.2236149 0.6389772 0.6744564 0.6386883 0.7709661 0.6254394 0.6748967 0.6763246 0.9181315 0.6765708 0.8243519 0.6805837 0.8243393 0.460493 0.6076678 0.4604988 0.5946876 0.464715 0.6074391 0.8960601 0.8866153 0.896355 0.7906271 0.9000545 0.8866552 0.5552042 0.4643675 0.5551635 0.479881 0.5510886 0.4793242 0.6981395 0.7699639 0.7003796 0.6753343 0.7125824 0.6742568 0.6937909 0.6742568 0.6937477 0.7702451 0.6815398 0.7690992 0.9136721 0.7846267 0.9139518 0.6900935 0.9179639 0.6902822 0.5844208 0.2314878 0.5844157 0.2166531 0.5886363 0.2166234 0.8990135 0.6045548 0.8987162 0.5069454 0.9027142 0.5078954 0.4455962 0.5944588 0.4455851 0.608653 0.4412471 0.5948715 0.5522825 0.7863559 0.5512786 0.6920276 0.5652555 0.7865058 0.602182 0.6900101 0.6022051 0.7876319 0.5880466 0.7856295 0.2153413 0.8662237 0.2156171 0.7672818 0.21963 0.7672693 0.4776799 0.6090104 0.4776605 0.5944931 0.4819079 0.6089761 0.9108309 0.474502 0.910539 0.3785453 0.9145369 0.3794927 0.5972856 0.2168322 0.5972604 0.2314878 0.59299 0.2172137 0.5048325 0.7881905 0.5046138 0.6892318 0.5184572 0.7859218 0.5371159 0.690563 0.5371832 0.786538 0.5230802 0.6892318 0.6297807 0.8747139 0.6300626 0.7783433 0.6337882 0.8758918 0.6016383 0.2314878 0.6016342 0.2168413 0.6058623 0.21682 0.9138194 0.8839482 0.9135312 0.7890553 0.917814 0.8839635 0.4733118 0.5945938 0.473312 0.6081457 0.4690693 0.6078683 0.4863021 0.7879834 0.4862565 0.6892318 0.5002652 0.6914908 0.773316 0.70091 0.7743607 0.7958238 0.760465 0.7004486 0.9103775 0.09833109 0.9106572 0.002752602 0.9146701 0.002739906 0.4325853 0.6089164 0.4325652 0.5944588 0.436813 0.6088562 0.8930339 0.2623113 0.892742 0.1663545 0.8967329 0.1654328 0.5636229 0.4654548 0.5640549 0.4791169 0.5595605 0.464838 0.6065537 0.772794 0.6074069 0.6768229 0.6209803 0.772548 0.5830418 0.6908665 0.583698 0.7868394 0.5699183 0.7855923 0.3637876 0.8496488 0.3640464 0.7504116 0.36807 0.7514387 0.5684035 0.4783756 0.5686952 0.4648854 0.5729231 0.464838 0.9109081 0.3736631 0.9106162 0.2777064 0.9146107 0.2777217 0.5800665 0.2167018 0.5800671 0.2314878 0.5758458 0.2167093 0.7171299 0.7841013 0.7171903 0.6849569 0.7312837 0.7822269 0.6574804 0.6755653 0.65637 0.7715339 0.6433258 0.6744564 0.6598753 0.113196 0.6554624 0.1132094 0.6554461 0.1079019 0.6554461 0.1079019 0.6598591 0.1078885 0.6598753 0.113196 0.697033 0.007886707 0.6926223 0.007900118 0.6926138 0.002611756 0.6926138 0.002611756 0.6970246 0.002598226 0.697033 0.007886707 0.4933448 0.2388117 0.4880383 0.2388279 0.488022 0.2335204 0.488022 0.2335204 0.4933285 0.2335042 0.4933448 0.2388117 0.4923995 0.1779463 0.4870929 0.1779314 0.4871091 0.1726224 0.4871091 0.1726224 0.4924158 0.1726373 0.4923995 0.1779463 0.1403491 0.6068788 0.1350448 0.6068837 0.1350411 0.6015763 0.1350411 0.6015763 0.1403453 0.6015715 0.1403491 0.6068788 0.9311001 0.7890553 0.9364086 0.7890692 0.9361714 0.8663528 0.9361714 0.8663528 0.930863 0.8663389 0.9311001 0.7890553 0.9390619 0.2925712 0.9443685 0.292586 0.9441314 0.3698782 0.9441314 0.3698782 0.9388248 0.3698633 0.9390619 0.2925712 0.948584 0.1046985 0.9538934 0.1047127 0.9536567 0.1818644 0.9536567 0.1818644 0.9483473 0.1818503 0.948584 0.1046985 0.9344762 0.369862 0.9291698 0.3698782 0.9289327 0.2925777 0.9289327 0.2925777 0.934239 0.2925615 0.9344762 0.369862 0.1500058 0.6165419 0.1447035 0.6165468 0.1446998 0.6112394 0.1446998 0.6112394 0.150002 0.6112345 0.1500058 0.6165419 0.125077 0.8726478 0.1303833 0.8726618 0.1301463 0.9499453 0.1301463 0.9499453 0.1248399 0.9499314 0.125077 0.8726478 0.7232464 0.8701039 0.728553 0.8701187 0.7283158 0.9474109 0.7283158 0.9474109 0.7230093 0.947396 0.7232464 0.8701039 0.03923553 0.8771802 0.04454272 0.8771943 0.04430609 0.954346 0.04430609 0.954346 0.03899884 0.9543319 0.03923553 0.8771802 0.4442109 0.935674 0.4389045 0.9356901 0.4386674 0.8583896 0.4386674 0.8583896 0.4439737 0.8583735 0.4442109 0.935674 0.01547533 0.6189135 0.01017314 0.6189184 0.0101692 0.613611 0.0101692 0.613611 0.01547145 0.6136062 0.01547533 0.6189135 0.5968988 0.8736441 0.6022052 0.873658 0.6019681 0.9509416 0.6019681 0.9509416 0.5966617 0.9509276 0.5968988 0.8736441 0.9386921 0.186213 0.9439987 0.1862279 0.9437615 0.26352 0.9437615 0.26352 0.9384549 0.2635051 0.9386921 0.186213 0.9508862 0.7891964 0.9561936 0.7892106 0.9559569 0.8663623 0.9559569 0.8663623 0.9506495 0.8663482 0.9508862 0.7891964 0.9341064 0.1818386 0.9288 0.1818547 0.9285628 0.1045542 0.9285628 0.1045542 0.9338692 0.1045381 0.9341064 0.1818386 0.1403491 0.6165397 0.1350448 0.6165446 0.1350411 0.6112372 0.1350411 0.6112372 0.1403453 0.6112323 0.1403491 0.6165397 0.9324449 0.6142353 0.9377533 0.6142492 0.9375162 0.6915328 0.9375162 0.6915328 0.9322078 0.6915189 0.9324449 0.6142353 0.9386921 0.1045477 0.9439987 0.1045626 0.9437615 0.1818547 0.9437615 0.1818547 0.9384549 0.1818398 0.9386921 0.1045477 0.9485839 0.1863542 0.9538934 0.1863683 0.9536567 0.26352 0.9536567 0.26352 0.9483473 0.2635059 0.9485839 0.1863542 0.9314431 0.6045387 0.9261368 0.6045548 0.9258996 0.5272544 0.9258996 0.5272544 0.931206 0.5272382 0.9314431 0.6045387 0.6251906 0.2314808 0.6198885 0.2314856 0.6198847 0.2261782 0.6198847 0.2261782 0.6251869 0.2261734 0.6251906 0.2314808 0.4949589 0.8739957 0.5002652 0.8740097 0.500028 0.9512933 0.500028 0.9512933 0.4947218 0.9512793 0.4949589 0.8739957 0.9409943 0.7890553 0.9463009 0.7890701 0.9460638 0.8663623 0.9460638 0.8663623 0.9407572 0.8663474 0.9409943 0.7890553 0.9558146 0.5272382 0.9611219 0.5272523 0.9608852 0.604404 0.9608852 0.604404 0.9555779 0.6043899 0.9558146 0.5272382 0.5458239 0.9310517 0.5405175 0.9310678 0.5402804 0.8537673 0.5402804 0.8537673 0.5455867 0.8537513 0.5458239 0.9310517 0.6405036 0.3433967 0.6405199 0.3380876 0.6449331 0.3381 0.6449331 0.3381 0.6449168 0.3434091 0.6405036 0.3433967 0.9671953 0.6915422 0.9618868 0.6915259 0.9620879 0.6151115 0.9620879 0.6151115 0.9673964 0.6151278 0.9671953 0.6915422 0.3549844 0.9013714 0.3593983 0.9013701 0.359439 0.97773 0.359439 0.97773 0.3550251 0.9777314 0.3549844 0.9013714 0.6666766 0.891741 0.671976 0.8917573 0.6717728 0.9681866 0.6717728 0.9681866 0.6664735 0.9681704 0.6666766 0.891741 0.2045069 0.8994483 0.2089208 0.8994452 0.2089909 0.9758 0.2089909 0.9758 0.2045771 0.9758031 0.2045069 0.8994483 0.7145625 0.002603948 0.7145717 0.007885456 0.7101585 0.007900118 0.7101585 0.007900118 0.7101494 0.00261867 0.7145625 0.002603948 0.2293755 0.9678466 0.2240762 0.9677037 0.2239786 0.9017498 0.2239786 0.9017498 0.229278 0.9018905 0.2293755 0.9678466 0.842692 0.9122678 0.8471059 0.9122664 0.8471748 0.9775349 0.8471748 0.9775349 0.842761 0.9775363 0.842692 0.9122678 0.09542012 0.9718823 0.09012943 0.9720242 0.09015893 0.9060623 0.09015893 0.9060623 0.0954498 0.9059225 0.09542012 0.9718823 0.2338328 0.9108748 0.2382466 0.9108717 0.2383393 0.9761278 0.2383393 0.9761278 0.2339255 0.9761309 0.2338328 0.9108748 0.6569765 0.2314789 0.6569927 0.226172 0.6614058 0.2261844 0.6614058 0.2261844 0.6613895 0.2314913 0.6569765 0.2314789 0.9081736 0.6845279 0.9028673 0.6845117 0.9030407 0.6186533 0.9030407 0.6186533 0.9083469 0.6186696 0.9081736 0.6845279 0.4558833 0.9737852 0.4514344 0.9079753 0.4558482 0.9079739 0.4558833 0.9737852 0.4514696 0.9737866 0.4514344 0.9079753 0.3270596 0.901467 0.3323569 0.9014833 0.3321818 0.9673544 0.3321818 0.9673544 0.3268846 0.9673381 0.3270596 0.901467 0.02935117 0.9072667 0.03376471 0.9072636 0.03382521 0.9730705 0.03382521 0.9730705 0.02941167 0.9730736 0.02935117 0.9072667 0.6833043 0.2217965 0.6833135 0.2165011 0.6877244 0.2165135 0.6877244 0.2165135 0.6877152 0.2218089 0.6833043 0.2217965 0.3961794 0.9044616 0.401479 0.9043187 0.4014385 0.9702691 0.4014385 0.9702691 0.3961365 0.9704101 0.3961794 0.9044616 0.6162554 0.9114555 0.6206669 0.9114542 0.6206678 0.9773065 0.6206678 0.9773065 0.6162562 0.9773079 0.6162554 0.9114555 0.4645795 0.9018376 0.4698699 0.9019795 0.4699553 0.967945 0.4699553 0.967945 0.4646626 0.9678051 0.4645795 0.9018376 0.7083418 0.9088068 0.7127535 0.9088037 0.7127813 0.9746598 0.7127813 0.9746598 0.7083697 0.9746629 0.7083418 0.9088068 0.5510239 0.4543359 0.5563308 0.4543522 0.5563158 0.4596588 0.5563158 0.4596588 0.551009 0.4596425 0.5510239 0.4543359 0.1643735 0.8950769 0.1590672 0.8950606 0.1592922 0.8095791 0.1592922 0.8095791 0.1645985 0.8095954 0.1643735 0.8950769 0.09009683 0.8161534 0.09540426 0.8161517 0.0954498 0.9015722 0.0954498 0.9015722 0.09014236 0.9015738 0.09009683 0.8161534 0.2242058 0.8118868 0.229503 0.8119031 0.2292758 0.8974012 0.2292758 0.8974012 0.2239786 0.8973849 0.2242058 0.8118868 0.3961365 0.8145552 0.401444 0.8145515 0.4015225 0.8999664 0.4015225 0.8999664 0.396215 0.8999701 0.3961365 0.8145552 0.4677665 0.1779482 0.4677501 0.1726385 0.4730566 0.1726224 0.4730566 0.1726224 0.4730729 0.177932 0.4677665 0.1779482 0.2716618 0.8047671 0.2769703 0.8047834 0.2767344 0.8943777 0.2767344 0.8943777 0.271426 0.8943614 0.2716618 0.8047671 0.359439 0.8970178 0.3541315 0.8970215 0.3540492 0.807497 0.3540492 0.807497 0.3593567 0.8074933 0.359439 0.8970178 0.3321187 0.8971185 0.3268193 0.8971022 0.3270574 0.8074905 0.3270574 0.8074905 0.3323569 0.8075067 0.3321187 0.8971185 0.3127669 0.898016 0.3074594 0.8980177 0.3074117 0.8084872 0.3074117 0.8084872 0.3127191 0.8084856 0.3127669 0.898016 0.6466681 0.113197 0.6466843 0.107888 0.6510975 0.1079004 0.6510975 0.1079004 0.6510812 0.1132094 0.6466681 0.113197 0.9658507 0.8663622 0.9605422 0.866346 0.9607434 0.7899314 0.9607434 0.7899314 0.9660518 0.7899477 0.9658507 0.8663622 0.7730518 0.9009272 0.7774657 0.9009258 0.7775064 0.9772858 0.7775064 0.9772858 0.7730925 0.9772872 0.7730518 0.9009272 0.737196 0.8913013 0.7424954 0.8913176 0.7422922 0.9677469 0.7422922 0.9677469 0.7369928 0.9677307 0.737196 0.8913013 0.9704005 0.7899345 0.9748143 0.7899314 0.9748845 0.8662863 0.9748845 0.8662863 0.9704706 0.8662894 0.9704005 0.7899345 0.665754 0.2218049 0.6657688 0.2165011 0.6701819 0.2165135 0.6701819 0.2165135 0.6701672 0.2218173 0.665754 0.2218049 0.6574658 0.908044 0.6521653 0.907892 0.6521798 0.8229126 0.6521798 0.8229126 0.6574804 0.8230647 0.6574658 0.908044 0.970418 0.7006205 0.9748319 0.7006191 0.9748822 0.7854886 0.9748822 0.7854886 0.9704684 0.7854899 0.970418 0.7006205 0.8139714 0.9032499 0.8086799 0.9034017 0.8085917 0.8184069 0.8085917 0.8184069 0.8138831 0.818255 0.8139714 0.9032499 0.9679793 0.1047016 0.9723931 0.1046985 0.972476 0.1895607 0.972476 0.1895607 0.9680621 0.1895638 0.9679793 0.1047016 0.01547533 0.6092526 0.0101732 0.6092575 0.01016932 0.603948 0.01016932 0.603948 0.01547145 0.6039431 0.01547533 0.6092526 0.9409952 0.9523581 0.9463015 0.9523721 0.9461869 0.9897052 0.9461869 0.9897052 0.9408806 0.9896913 0.9409952 0.9523581 0.7231239 0.9517595 0.7284326 0.9517744 0.728318 0.9891116 0.728318 0.9891116 0.7230093 0.9890967 0.7231239 0.9517595 0.551393 0.9541754 0.5567002 0.9541894 0.5565859 0.9914589 0.5565859 0.9914589 0.5512786 0.9914448 0.551393 0.9541754 0.9215571 0.5180767 0.9162486 0.5180929 0.916134 0.4807515 0.916134 0.4807515 0.9214426 0.4807354 0.9215571 0.5180767 0.1447014 0.6068859 0.1446977 0.6015763 0.150002 0.6015715 0.150002 0.6015715 0.1500058 0.606881 0.1447014 0.6068859 0.3639203 0.9486287 0.369229 0.9486436 0.3691145 0.9859808 0.3691145 0.9859808 0.3638057 0.985966 0.3639203 0.9486287 0.9857206 0.1076939 0.9910302 0.107708 0.9909158 0.1449775 0.9909158 0.1449775 0.9856063 0.1449633 0.9857206 0.1076939 0.9411005 0.5180767 0.935792 0.5180929 0.9356774 0.4807515 0.9356774 0.4807515 0.940986 0.4807354 0.9411005 0.5180767 0.9508857 0.9522253 0.9561942 0.9522392 0.9560797 0.9895724 0.9560797 0.9895724 0.9507712 0.9895584 0.9508857 0.9522253 0.6155362 0.2218199 0.610234 0.2218248 0.6102303 0.2165152 0.6102303 0.2165152 0.6155324 0.2165104 0.6155362 0.2218199 0.945923 0.5272382 0.9512293 0.5272522 0.9509922 0.6045357 0.9509922 0.6045357 0.9456859 0.6045218 0.945923 0.5272382 0.8542935 0.852315 0.8596022 0.8523299 0.8593651 0.9296219 0.8593651 0.9296219 0.8540564 0.9296071 0.8542935 0.852315 0.9522309 0.6143764 0.9575382 0.6143905 0.9573014 0.6915423 0.9573014 0.6915423 0.9519942 0.6915282 0.9522309 0.6143764 0.1547186 0.9271592 0.1494101 0.9271754 0.1491729 0.8498749 0.1491729 0.8498749 0.1544815 0.8498587 0.1547186 0.9271592 0.6843847 0.3433977 0.6843906 0.3381006 0.6888035 0.3381121 0.6888035 0.3381121 0.6887976 0.3434094 0.6843847 0.3433977 0.1360074 0.8329151 0.1413182 0.8329716 0.1414435 0.9150238 0.1414435 0.9150238 0.1361325 0.9149652 0.1360074 0.8329151 0.2769703 0.9805681 0.2725605 0.9805569 0.2724983 0.8987264 0.2724983 0.8987264 0.276908 0.8987375 0.2769703 0.9805681 0.9214441 0.6044983 0.916134 0.6045548 0.9162407 0.5225001 0.9162407 0.5225001 0.921551 0.5224415 0.9214441 0.6044983 0.1689471 0.8994432 0.1733566 0.8994255 0.1733673 0.9811881 0.1733673 0.9811881 0.1689578 0.9812057 0.1689471 0.8994432 0.6745305 0.2218027 0.6745449 0.2165011 0.6789557 0.2165127 0.6789557 0.2165127 0.6789412 0.2218143 0.6745305 0.2218027 0.6066051 0.8219709 0.6119067 0.8221251 0.6118532 0.9071055 0.6118532 0.9071055 0.6065537 0.9069513 0.6066051 0.8219709 0.9803153 0.3786268 0.9759077 0.3786291 0.9759238 0.2936438 0.9759238 0.2936438 0.9803314 0.2936414 0.9803153 0.3786268 0.7127813 0.904301 0.7074802 0.9044551 0.7074085 0.8194718 0.7074085 0.8194718 0.7127074 0.8193176 0.7127813 0.904301 0.9672186 0.3895127 0.9716258 0.3895086 0.9717299 0.4745038 0.9717299 0.4745038 0.9673227 0.4745078 0.9672186 0.3895127 0.668651 0.1079003 0.6686378 0.1132065 0.664224 0.1131948 0.664224 0.1131948 0.6642372 0.1078885 0.668651 0.1079003 0.8778471 0.4747875 0.8725389 0.4747852 0.8725895 0.3790879 0.8725895 0.3790879 0.8778976 0.3790903 0.8778471 0.4747875 0.7773659 0.8965772 0.7729564 0.8965542 0.773097 0.8011716 0.773097 0.8011716 0.7775064 0.8011946 0.7773659 0.8965772 0.8725389 0.2790405 0.8778466 0.2790382 0.877921 0.374737 0.877921 0.374737 0.8726133 0.3747392 0.8725389 0.2790405 0.901619 0.003401756 0.9060288 0.003385901 0.9059861 0.0986846 0.9059861 0.0986846 0.9015763 0.09870046 0.901619 0.003401756 0.6756088 0.3433973 0.6756245 0.3381006 0.680036 0.3381122 0.680036 0.3381122 0.6800205 0.3434091 0.6756088 0.3433973 0.8767175 0.7890553 0.8820185 0.7892182 0.8818735 0.8838473 0.8818735 0.8838473 0.8765747 0.8836844 0.8767175 0.7890553 0.7872109 0.813889 0.7916185 0.8138867 0.791691 0.9085293 0.791691 0.9085293 0.7872834 0.9085317 0.7872109 0.813889 0.7423724 0.8868061 0.7370704 0.8869527 0.7371956 0.7923274 0.7371956 0.7923274 0.7424954 0.7921808 0.7423724 0.8868061 0.9117854 0.6045508 0.9073781 0.6045548 0.9073561 0.5099219 0.9073561 0.5099219 0.9117633 0.5099179 0.9117854 0.6045508 0.233932 0.9065231 0.2382588 0.8118868 0.2383393 0.906522 0.2382588 0.8118868 0.233932 0.9065231 0.2338517 0.8118879 0.4743039 0.8956075 0.4797394 0.8023124 0.4796033 0.8957692 0.4797394 0.8023124 0.4743039 0.8956075 0.4744379 0.8021507 0.7009251 0.8193176 0.6965386 0.9139416 0.6965172 0.8193228 0.6965386 0.9139416 0.7009251 0.8193176 0.7009466 0.9139364 0.897408 0.2790382 0.8920385 0.3726288 0.892109 0.2791998 0.8920385 0.3726288 0.897408 0.2790382 0.8973397 0.3724671 0.7643911 0.4490896 0.7687489 0.4543926 0.764392 0.4543914 0.7687489 0.4543926 0.7643911 0.4490896 0.7687481 0.4490907 0.4655458 0.8974765 0.4698376 0.8021632 0.4699553 0.897489 0.4698376 0.8021632 0.4655458 0.8974765 0.4654281 0.8021507 0.8890231 0.6014716 0.8943675 0.5069597 0.8943306 0.6014859 0.8943675 0.5069597 0.8890231 0.6014716 0.88906 0.5069454 0.9093151 0.6893684 0.9049134 0.7846266 0.904905 0.6893872 0.9049134 0.7846266 0.9093151 0.6893684 0.9093235 0.7846078 0.888209 0.00424695 0.8830233 0.09879153 0.8829031 0.004277527 0.8830233 0.09879153 0.888209 0.00424695 0.8883292 0.09876096 0.7556758 0.449047 0.7600424 0.4543926 0.7556838 0.4543246 0.7600424 0.4543926 0.7556758 0.449047 0.7600345 0.449115 0.8864288 0.9729219 0.8907744 0.8879454 0.8908363 0.9729228 0.8907744 0.8879454 0.8864288 0.9729219 0.886367 0.8879444 0.9192075 0.4743674 0.9244759 0.3935505 0.924507 0.4745175 0.9244759 0.3935505 0.9192075 0.4743674 0.9191741 0.3934006 0.9785385 0.6087527 0.9741652 0.6937177 0.9741302 0.6087597 0.9741652 0.6937177 0.9785385 0.6087527 0.9785733 0.6937106 0.924317 0.01759827 0.9191303 0.09870046 0.9190186 0.01778072 0.9191303 0.09870046 0.924317 0.01759827 0.9244309 0.09851807 0.8066537 0.4499821 0.810863 0.455286 0.8066592 0.4552837 0.810863 0.455286 0.8066537 0.4499821 0.8108575 0.4499843 0.9768245 0.1895638 0.9812577 0.1076939 0.9812342 0.1895512 0.9812577 0.1076939 0.9768245 0.1895638 0.976848 0.1077064 0.9583213 0.2654609 0.9635512 0.1872802 0.9636307 0.2654798 0.9635512 0.1872802 0.9583213 0.2654609 0.9582421 0.1872634 0.980489 0.3895151 0.9761596 0.4714168 0.9760786 0.3895086 0.9761596 0.4714168 0.980489 0.3895151 0.9805701 0.4714233 0.9660025 0.7073197 0.960759 0.7854899 0.9606919 0.7073707 0.960759 0.7854899 0.9660025 0.7073197 0.9660694 0.785441 0.8013387 0.5698363 0.8055388 0.5750471 0.8013339 0.5751351 0.8055388 0.5750471 0.8013387 0.5698363 0.8055436 0.5697483 0.07529902 0.9274621 0.08084559 0.8501857 0.08060848 0.9274778 0.08084559 0.8501857 0.07529902 0.9274621 0.07553613 0.85017 0.9488767 0.4745078 0.9539474 0.397341 0.9541841 0.4744928 0.9539474 0.397341 0.9488767 0.4745078 0.9486401 0.397356 0.3915076 0.8462039 0.3864354 0.9235206 0.3861982 0.8462201 0.3864354 0.9235206 0.3915076 0.8462039 0.3917447 0.9235044 0.9407572 0.9479944 0.9463015 0.870726 0.9460644 0.9480096 0.9463015 0.870726 0.9407572 0.9479944 0.9409943 0.8707109 0.6251901 0.2165125 0.6198848 0.2218199 0.619888 0.2165104 0.6198848 0.2218199 0.6251901 0.2165125 0.6251869 0.221822 0.6537109 0.3433957 0.649298 0.3434091 0.6492817 0.3381016 0.6492817 0.3381016 0.6536946 0.3380882 0.6537109 0.3433957 0.7058008 0.007886767 0.70139 0.007900118 0.7013816 0.002611756 0.7013816 0.002611756 0.7057924 0.002598345 0.7058008 0.007886767 0.5087735 0.1776283 0.503467 0.1776445 0.5034507 0.1723371 0.5034507 0.1723371 0.5087572 0.1723209 0.5087735 0.1776283 0.4836571 0.2388282 0.4783505 0.2388134 0.4783667 0.2335042 0.4783667 0.2335042 0.4836734 0.2335191 0.4836571 0.2388282 0.9310128 0.7846127 0.9365584 0.7073431 0.9363213 0.7846267 0.9365584 0.7073431 0.9310128 0.7846127 0.9312499 0.7073292 0.9421019 0.6915274 0.9476456 0.6142501 0.9474084 0.6915422 0.9476456 0.6142501 0.9421019 0.6915274 0.942339 0.6142353 0.8240122 0.9530867 0.8295584 0.875949 0.8293216 0.9531008 0.8295584 0.875949 0.8240122 0.9530867 0.8242489 0.875935 0.801346 0.855388 0.7962768 0.9327046 0.7960396 0.8554041 0.7962768 0.9327046 0.801346 0.855388 0.8015831 0.9326885 0.007082164 0.9499192 0.01262563 0.8726496 0.01238834 0.9499331 0.01262563 0.8726496 0.007082164 0.9499192 0.007319152 0.8726357 0.9386716 0.09868556 0.9442153 0.0214082 0.9439782 0.09870046 0.9442153 0.0214082 0.9386716 0.09868556 0.9389088 0.02139329 0.9487171 0.3697229 0.9542612 0.2925853 0.9540245 0.369737 0.9542612 0.2925853 0.9487171 0.3697229 0.9489538 0.2925712 0.4340816 0.8583735 0.4290124 0.9356901 0.4287753 0.8583896 0.4290124 0.9356901 0.4340816 0.8583735 0.4343188 0.935674 0.746844 0.9511279 0.7523875 0.8738583 0.7521504 0.9511418 0.7523875 0.8738583 0.746844 0.9511279 0.7470811 0.8738444 0.930863 0.9479935 0.9364067 0.8707163 0.9361696 0.9480084 0.9364067 0.8707163 0.930863 0.9479935 0.9311001 0.8707014 0.9506501 0.9478626 0.9561942 0.8707249 0.9559575 0.9478767 0.9561942 0.8707249 0.9506501 0.9478626 0.9508868 0.8707109 0.934162 0.3972008 0.9290928 0.4745175 0.9288556 0.397217 0.9290928 0.4745175 0.934162 0.3972008 0.9343991 0.4745013 0.9357917 0.6045218 0.9413372 0.5272521 0.9411002 0.6045357 0.9413372 0.5272521 0.9357917 0.6045218 0.9360288 0.5272382 0.9387478 0.4744929 0.9442915 0.3972157 0.9440543 0.4745078 0.9442915 0.3972157 0.9387478 0.4744929 0.9389849 0.3972008 0.5230802 0.9513546 0.5286265 0.874217 0.5283898 0.9513688 0.5286265 0.874217 0.5230802 0.9513546 0.523317 0.8742029 0.9340858 0.02138382 0.9290166 0.09870046 0.9287795 0.02139997 0.9290166 0.09870046 0.9340858 0.02138382 0.934323 0.09868431 0.5129881 0.9514863 0.5185315 0.8742167 0.5182944 0.9515002 0.5185315 0.8742167 0.5129881 0.9514863 0.5132252 0.8742028 0.940907 0.7846118 0.9464507 0.7073345 0.9462136 0.7846267 0.9464507 0.7073345 0.940907 0.7846118 0.9411441 0.7073197 0.9507993 0.7844714 0.9563434 0.7073338 0.9561066 0.7844855 0.9563434 0.7073338 0.9507993 0.7844714 0.951036 0.7073197 0.9338692 0.1862034 0.9288 0.26352 0.9285628 0.1862195 0.9288 0.26352 0.9338692 0.1862034 0.9341064 0.2635039 0.6481984 0.2314789 0.6482146 0.2261699 0.6526278 0.2261822 0.6526278 0.2261822 0.6526115 0.2314913 0.6481984 0.2314789 0.9013686 0.9674346 0.8960601 0.9674183 0.8962613 0.8910038 0.8962613 0.8910038 0.9015697 0.8910201 0.9013686 0.9674346 0.4104294 0.9011118 0.4148432 0.9011104 0.4148839 0.9774703 0.4148839 0.9774703 0.4104701 0.9774717 0.4104294 0.9011118 0.06262952 0.8923316 0.06792891 0.8923478 0.06772577 0.9687771 0.06772577 0.9687771 0.0624262 0.9687609 0.06262952 0.8923316 0.1777158 0.8994286 0.1821298 0.8994255 0.1821998 0.9757804 0.1821998 0.9757804 0.1777861 0.9757835 0.1777158 0.8994286 0.7481201 0.3083723 0.7481293 0.3136538 0.7437161 0.3136685 0.7437161 0.3136685 0.743707 0.3083871 0.7481201 0.3083723 0.9241989 0.1780692 0.9188996 0.1779263 0.918802 0.1119724 0.918802 0.1119724 0.9241015 0.1121131 0.9241989 0.1780692 0.6386002 0.9123939 0.6430141 0.9123926 0.643083 0.9776611 0.643083 0.9776611 0.6386692 0.9776625 0.6386002 0.9123939 0.1164135 0.9718787 0.1111228 0.9720206 0.1111523 0.9060586 0.1111523 0.9060586 0.1164432 0.9059188 0.1164135 0.9718787 0.242688 0.9108749 0.2471018 0.9108717 0.2471945 0.9761278 0.2471945 0.9761278 0.2427806 0.9761309 0.242688 0.9108749 0.6569761 0.221808 0.6569923 0.2165011 0.6614054 0.2165135 0.6614054 0.2165135 0.6613891 0.2218204 0.6569761 0.221808 0.8983453 0.6845279 0.893039 0.6845116 0.8932124 0.6186533 0.8932124 0.6186533 0.8985187 0.6186696 0.8983453 0.6845279 0.8130405 0.9735616 0.8085917 0.9077517 0.8130054 0.9077503 0.8130405 0.9735616 0.8086267 0.973563 0.8085917 0.9077517 0.3444859 0.9013701 0.3497832 0.9013863 0.3496081 0.9672574 0.3496081 0.9672574 0.3443109 0.9672411 0.3444859 0.9013701 0.9126955 0.6186564 0.9171093 0.6186533 0.9171698 0.6844602 0.9171698 0.6844602 0.912756 0.6844633 0.9126955 0.6186564 0.6817734 0.1131893 0.6817825 0.1078941 0.6861934 0.1079065 0.6861934 0.1079065 0.6861842 0.1132018 0.6817734 0.1131893 0.3074672 0.9025092 0.3127669 0.9023663 0.3127263 0.9683167 0.3127263 0.9683167 0.3074243 0.9684576 0.3074672 0.9025092 0.6074943 0.9114555 0.6119058 0.9114542 0.6119068 0.9773065 0.6119068 0.9773065 0.6074952 0.9773079 0.6074943 0.9114555 0.3171155 0.9023663 0.3224058 0.9025081 0.3224912 0.9684737 0.3224912 0.9684737 0.3171985 0.9683338 0.3171155 0.9023663 0.6877292 0.9088068 0.6921408 0.9088037 0.6921686 0.9746598 0.6921686 0.9746598 0.687757 0.9746629 0.6877292 0.9088068 0.5606942 0.4543359 0.5660011 0.4543522 0.5659862 0.4596588 0.5659862 0.4596588 0.5606793 0.4596425 0.5606942 0.4543359 0.1742534 0.8950769 0.1689471 0.8950606 0.1691721 0.8095791 0.1691721 0.8095791 0.1744784 0.8095954 0.1742534 0.8950769 0.02847242 0.8174945 0.03377974 0.8174928 0.03382521 0.9029133 0.03382521 0.9029133 0.02851796 0.902915 0.02847242 0.8174945 0.2047342 0.8095822 0.2100314 0.8095985 0.2098041 0.8950966 0.2098041 0.8950966 0.2045069 0.8950803 0.2047342 0.8095822 0.1111228 0.8161554 0.1164302 0.8161517 0.1165088 0.9015665 0.1165088 0.9015665 0.1112014 0.9015702 0.1111228 0.8161554 0.4774378 0.1779482 0.4774215 0.1726385 0.482728 0.1726224 0.482728 0.1726224 0.4827443 0.177932 0.4774378 0.1779482 0.2977285 0.8047671 0.3030369 0.8047834 0.3028011 0.8943777 0.3028011 0.8943777 0.2974926 0.8943614 0.2977285 0.8047671 0.3497006 0.8970177 0.3443931 0.8970215 0.3443109 0.807497 0.3443109 0.807497 0.3496183 0.8074933 0.3497006 0.8970177 0.2929058 0.894395 0.2876064 0.8943788 0.2878446 0.8047671 0.2878446 0.8047671 0.293144 0.8047833 0.2929058 0.894395 0.3224707 0.898016 0.3171632 0.8980177 0.3171155 0.8084872 0.3171155 0.8084872 0.3224229 0.8084856 0.3224707 0.898016 0.648198 0.221808 0.6482142 0.2164989 0.6526274 0.2165113 0.6526274 0.2165113 0.6526111 0.2218204 0.648198 0.221808 0.9188396 0.964743 0.9135312 0.9647267 0.9137324 0.8883122 0.9137324 0.8883122 0.9190408 0.8883284 0.9188396 0.964743 0.4192326 0.9011117 0.4236463 0.9011104 0.4236871 0.9774703 0.4236871 0.9774703 0.4192732 0.9774718 0.4192326 0.9011117 0.05277836 0.8923316 0.05807781 0.8923478 0.05787456 0.9687772 0.05787456 0.9687772 0.05257529 0.9687609 0.05277836 0.8923316 0.4743039 0.9001209 0.4787178 0.9001178 0.4787879 0.9764727 0.4787879 0.9764727 0.4743741 0.9764758 0.4743039 0.9001209 0.6657544 0.2314789 0.6657692 0.2261751 0.6701823 0.2261875 0.6701823 0.2261875 0.6701676 0.2314913 0.6657544 0.2314789 0.6439008 0.9080439 0.6386002 0.907892 0.6386148 0.8229126 0.6386148 0.8229126 0.6439153 0.8230647 0.6439008 0.9080439 0.1873103 0.8935769 0.1917241 0.8935755 0.1917744 0.9784449 0.1917744 0.9784449 0.1873606 0.9784463 0.1873103 0.8935769 0.4568142 0.9034734 0.4515227 0.9036253 0.4514344 0.8186305 0.4514344 0.8186305 0.4567258 0.8184785 0.4568142 0.9034734 0.9679793 0.1939155 0.9723931 0.1939124 0.9724759 0.2787746 0.9724759 0.2787746 0.9680621 0.2787776 0.9679793 0.1939155 0.6155362 0.2314829 0.610234 0.2314878 0.6102303 0.2261783 0.6102303 0.2261783 0.6155324 0.2261734 0.6155362 0.2314829 0.984869 0.004460573 0.9901752 0.00447458 0.9900607 0.04180771 0.9900607 0.04180771 0.9847544 0.04179376 0.984869 0.004460573 0.9553356 0.4807407 0.9606443 0.4807556 0.9605298 0.5180929 0.9605298 0.5180929 0.955221 0.518078 0.9553356 0.4807407 0.9857206 0.24282 0.991028 0.2428341 0.9909136 0.2801036 0.9909136 0.2801036 0.9856063 0.2800894 0.9857206 0.24282 0.9313288 0.5180767 0.9260203 0.5180929 0.9259057 0.4807515 0.9259057 0.4807515 0.9312143 0.4807354 0.9313288 0.5180767 0.5703535 0.4596588 0.5703497 0.4543492 0.575654 0.4543443 0.575654 0.4543443 0.5756577 0.4596539 0.5703535 0.4596588 0.9455637 0.4807407 0.9508724 0.4807556 0.9507579 0.5180929 0.9507579 0.5180929 0.9454491 0.518078 0.9455637 0.4807407 0.9857206 0.1522802 0.9910302 0.1522943 0.9909158 0.1895638 0.9909158 0.1895638 0.9856063 0.1895496 0.9857206 0.1522802 0.8724303 0.5198158 0.8671218 0.519832 0.8670072 0.4824907 0.8670072 0.4824907 0.8723158 0.4824745 0.8724303 0.5198158 0.9310982 0.952357 0.9364067 0.952371 0.9362921 0.9897041 0.9362921 0.9897041 0.9309837 0.9896901 0.9310982 0.952357 0.4848298 0.9512793 0.4903732 0.8740097 0.4901361 0.9512932 0.4903732 0.8740097 0.4848298 0.9512793 0.4850669 0.8739957 0.8666802 0.9294766 0.8722261 0.8521994 0.871989 0.9294915 0.8722261 0.8521994 0.8666802 0.9294766 0.8669174 0.8521845 0.7603326 0.9598469 0.7658765 0.8827093 0.7656399 0.959861 0.7658765 0.8827093 0.7603326 0.9598469 0.7605692 0.8826951 0.378771 0.8462039 0.3736996 0.9235205 0.3734624 0.84622 0.3736996 0.9235205 0.378771 0.8462039 0.3790081 0.9235044 0.6833068 0.2314723 0.6833127 0.2261751 0.6877257 0.2261868 0.6877257 0.2261868 0.6877197 0.2314839 0.6833068 0.2314723 0.578262 0.8360415 0.5835727 0.836098 0.583698 0.9181502 0.583698 0.9181502 0.5783871 0.9180916 0.578262 0.8360415 0.293144 0.9805854 0.2887342 0.9805743 0.288672 0.8987437 0.288672 0.8987437 0.2930818 0.8987548 0.293144 0.9805854 0.5702487 0.9180984 0.5649386 0.9181549 0.5650453 0.8361002 0.5650453 0.8361002 0.5703555 0.8360415 0.5702487 0.9180984 0.1601784 0.8994431 0.1645879 0.8994255 0.1645985 0.9811881 0.1645985 0.9811881 0.160189 0.9812057 0.1601784 0.8994431 0.6729996 0.1131902 0.673014 0.1078885 0.6774247 0.1079002 0.6774247 0.1079002 0.6774103 0.1132018 0.6729996 0.1131902 0.6201304 0.8219709 0.6254321 0.8221251 0.6253786 0.9071055 0.6253786 0.9071055 0.6200791 0.9069513 0.6201304 0.8219709 0.9803897 0.09529739 0.9759822 0.09529972 0.9759983 0.0103144 0.9759983 0.0103144 0.9804058 0.01031202 0.9803897 0.09529739 0.6921686 0.9043009 0.6868675 0.9044551 0.6867958 0.8194718 0.6867958 0.8194718 0.6920947 0.8193176 0.6921686 0.9043009 0.9671222 0.01030457 0.9715295 0.01030033 0.9716336 0.09529566 0.9716336 0.09529566 0.9672263 0.09529972 0.9671222 0.01030457 0.6624865 0.3381028 0.6624733 0.3434091 0.6580595 0.3433973 0.6580595 0.3433973 0.6580727 0.338091 0.6624865 0.3381028 0.8818829 0.7847067 0.8765747 0.7847043 0.8766252 0.6890071 0.8766252 0.6890071 0.8819334 0.6890094 0.8818829 0.7847067 0.8970872 0.09879153 0.8926778 0.09876853 0.8928182 0.003385901 0.8928182 0.003385901 0.8972277 0.003408849 0.8970872 0.09879153 0.03916066 0.7771328 0.04446858 0.7771305 0.04454272 0.8728292 0.04454272 0.8728292 0.03923523 0.8728315 0.03916066 0.7771328 0.9017806 0.3785611 0.9061903 0.3785453 0.9061477 0.4738439 0.9061477 0.4738439 0.9017379 0.4738599 0.9017806 0.3785611 0.6745309 0.2314718 0.6745465 0.2261751 0.6789581 0.2261868 0.6789581 0.2261868 0.6789425 0.2314836 0.6745309 0.2314718 0.8793735 0.5066939 0.8846744 0.5068568 0.8845295 0.6014859 0.8845295 0.6014859 0.8792307 0.601323 0.8793735 0.5066939 0.9047025 0.7890576 0.9091101 0.7890553 0.9091826 0.8836979 0.9091826 0.8836979 0.904775 0.8837003 0.9047025 0.7890576 0.8875483 0.4737132 0.8822463 0.4738598 0.8823714 0.3792345 0.8823714 0.3792345 0.8876713 0.3790879 0.8875483 0.4737132 0.8383434 0.9138389 0.8339361 0.9138429 0.8339141 0.81921 0.8339141 0.81921 0.8383213 0.8192059 0.8383434 0.9138389 0.2511456 0.9065231 0.2554724 0.8118868 0.2555528 0.906522 0.2554724 0.8118868 0.2511456 0.9065231 0.2510651 0.8118879 0.4104294 0.8966001 0.4158649 0.803305 0.4157287 0.8967618 0.4158649 0.803305 0.4104294 0.8966001 0.4105634 0.8031433 0.9144319 0.168896 0.9100455 0.26352 0.910024 0.1689013 0.9100455 0.26352 0.9144319 0.168896 0.9144534 0.2635148 0.8973894 0.3802692 0.8920199 0.4738599 0.8920903 0.3804309 0.8920199 0.4738599 0.8973894 0.3802692 0.8973211 0.4736981 0.7741664 0.2226098 0.7785242 0.2279129 0.7741672 0.2279117 0.7785242 0.2279129 0.7741664 0.2226098 0.7785233 0.222611 0.896147 0.7846942 0.9004387 0.6893808 0.9005565 0.7847067 0.9004387 0.6893808 0.896147 0.7846942 0.8960292 0.6893684 0.886367 0.8835815 0.8917115 0.7890695 0.8916746 0.8835958 0.8917115 0.7890695 0.886367 0.8835815 0.886404 0.7890553 0.1067658 0.8161517 0.1023641 0.9114099 0.1023558 0.8161705 0.1023641 0.9114099 0.1067658 0.8161517 0.1067742 0.9113911 0.8882732 0.1654328 0.8830875 0.2599774 0.8829673 0.1654634 0.8830875 0.2599774 0.8882732 0.1654328 0.8883934 0.2599468 0.7524778 0.3083723 0.7568445 0.313718 0.7524858 0.31365 0.7568445 0.313718 0.7524778 0.3083723 0.7568365 0.3084404 0.9693004 0.9556883 0.9736461 0.8707118 0.9737079 0.9556893 0.9736461 0.8707118 0.9693004 0.9556883 0.9692386 0.8707109 0.9192845 0.3735285 0.9245529 0.2927114 0.924584 0.3736785 0.9245529 0.2927114 0.9192845 0.3735285 0.9192512 0.2925615 0.9785385 0.5194391 0.9741651 0.604404 0.9741302 0.5194461 0.9741651 0.604404 0.9785385 0.5194391 0.9785733 0.6043969 0.9241003 0.1824178 0.9189137 0.26352 0.918802 0.1826003 0.9189137 0.26352 0.9241003 0.1824178 0.9242142 0.2633376 0.8077415 0.005269706 0.8119507 0.0105735 0.807747 0.01057142 0.8119507 0.0105735 0.8077415 0.005269706 0.8119452 0.005271971 0.9768245 0.2757823 0.9812577 0.1939124 0.9812342 0.2757697 0.9812577 0.1939124 0.9768245 0.2757823 0.9768481 0.1939249 0.9583214 0.182896 0.9635512 0.1047154 0.9636307 0.1829148 0.9635512 0.1047154 0.9583214 0.182896 0.9582421 0.1046985 0.3019031 0.8987328 0.2975737 0.9806346 0.2974926 0.8987264 0.2975737 0.9806346 0.3019031 0.8987328 0.3019842 0.980641 0.8819516 0.8881959 0.8767081 0.9663661 0.876641 0.8882468 0.8767081 0.9663661 0.8819516 0.8881959 0.8820185 0.9663171 0.799188 0.005274832 0.8033881 0.01048547 0.7991831 0.0105735 0.8033881 0.01048547 0.799188 0.005274832 0.8033928 0.005186796 0.9225497 0.6142353 0.9278591 0.614251 0.927622 0.6915431 0.927622 0.6915431 0.9223126 0.6915274 0.9225497 0.6142353 0.9485639 0.02154856 0.9538713 0.02153354 0.954108 0.09868544 0.954108 0.09868544 0.9488006 0.09870046 0.9485639 0.02154856 0.2654479 0.9215072 0.2601386 0.9215234 0.2599014 0.8442229 0.2599014 0.8442229 0.2652108 0.8442067 0.2654479 0.9215072 0.5515157 0.8725281 0.5568228 0.8725432 0.5565858 0.9498267 0.5565858 0.9498267 0.5512786 0.9498116 0.5515157 0.8725281 0.136382 0.3868929 0.1379179 0.3866829 0.1356483 0.4107863 0.136382 0.3868929 0.1356483 0.4107863 0.1347271 0.41096 0.8616219 0.4659538 0.8626586 0.467013 0.8564103 0.4773637 0.8616219 0.4659538 0.8564103 0.4773637 0.8549743 0.4773377 0.8550071 0.4973254 0.8626295 0.519832 0.8617215 0.5196941 0.8550071 0.4973254 0.8617215 0.5196941 0.8539837 0.49717 0.8564103 0.4773637 0.8550071 0.4973254 0.8539837 0.49717 0.8564103 0.4773637 0.8539837 0.49717 0.8549743 0.4773377 0.07701557 0.6766195 0.08022391 0.697899 0.07849788 0.6980084 0.07701557 0.6766195 0.07849788 0.6980084 0.07550173 0.6769292 0.08022391 0.697899 0.08115464 0.7206371 0.07849788 0.6980084 0.08115464 0.7206371 0.0801689 0.7207055 0.07849788 0.6980084 0.07981431 0.6634165 0.08114624 0.6642941 0.07701557 0.6766195 0.07981431 0.6634165 0.07701557 0.6766195 0.07550173 0.6769292 0.7131665 0.3915055 0.717211 0.4052562 0.7150902 0.4048311 0.7131665 0.3915055 0.7150902 0.4048311 0.7110765 0.3922718 0.7150647 0.3757761 0.7131665 0.3915055 0.7117508 0.3756098 0.7131665 0.3915055 0.7110765 0.3922718 0.7117508 0.3756098 0.1476554 0.3326461 0.1500058 0.3390528 0.1473281 0.3392485 0.1476554 0.3326461 0.1473281 0.3392485 0.1445457 0.3333348 0.1488671 0.3266453 0.1476554 0.3326461 0.1461382 0.3270714 0.1476554 0.3326461 0.1445457 0.3333348 0.1461382 0.3270714 0.138664 0.3717415 0.1406239 0.371556 0.1379179 0.3866829 0.138664 0.3717415 0.1379179 0.3866829 0.136382 0.3868929 0.140961 0.358518 0.1429409 0.3597182 0.138664 0.3717415 0.1429409 0.3597182 0.1406239 0.371556 0.138664 0.3717415 0.1473281 0.3392485 0.1500058 0.3390528 0.1429409 0.3597182 0.1473281 0.3392485 0.1429409 0.3597182 0.140961 0.358518 0.1409895 0.3144605 0.1444181 0.3134171 0.1461382 0.3270714 0.1444181 0.3134171 0.1488671 0.3266453 0.1461382 0.3270714 0.1444181 0.3134171 0.1409895 0.3144605 0.1398442 0.2993743 0.1444181 0.3134171 0.1398442 0.2993743 0.1432163 0.2991762 0.7107295 0.4259063 0.7124497 0.4260767 0.7145552 0.4434694 0.7124497 0.4260767 0.7155358 0.4435907 0.7145552 0.4434694 0.7150902 0.4048311 0.717211 0.4052562 0.7124497 0.4260767 0.7150902 0.4048311 0.7124497 0.4260767 0.7107295 0.4259063 0.7157034 0.3624671 0.7196254 0.3624776 0.7150647 0.3757761 0.7157034 0.3624671 0.7150647 0.3757761 0.7117508 0.3756098 0.7196254 0.3624776 0.7157034 0.3624671 0.7167957 0.3500626 0.7196254 0.3624776 0.7167957 0.3500626 0.7203274 0.3502445 0.1398442 0.2993743 0.1348633 0.2129859 0.1432163 0.2991762 0.7167957 0.3500626 0.7164595 0.2634116 0.7203274 0.3502445 0.1432163 0.2991762 0.1348633 0.2129859 0.1404463 0.2126578 0.7106121 0.2631104 0.7164595 0.2634116 0.7167957 0.3500626 0.9586457 0.4745078 0.9585328 0.3863377 0.9627571 0.3863338 0.965557 0.604404 0.9654704 0.516917 0.969695 0.5169147 0.3748713 0.7975935 0.3734624 0.7094492 0.3872849 0.7968712 0.4425755 0.7101258 0.4436988 0.7975969 0.4287753 0.7975512 0.9586098 0.3808853 0.9587004 0.2925751 0.9629247 0.2925712 0.6297807 0.9679023 0.6298549 0.8802404 0.6340793 0.8802511 0.7800134 0.09591954 0.7799092 0.007543087 0.7944554 0.09523582 0.4793402 0.7100871 0.4797394 0.7978021 0.464816 0.797784 0.9585493 0.09870046 0.9584566 0.01030439 0.9626809 0.01030033 0.5880885 0.9620366 0.5880804 0.8736463 0.592305 0.8736441 0.1592073 0.8051472 0.1590672 0.7167684 0.1728515 0.716853 0.2099218 0.7167684 0.2100314 0.805149 0.1963675 0.7168515 0.2152883 0.958975 0.2154057 0.8705723 0.21963 0.8705815 0.9672733 0.3808853 0.9673345 0.2936437 0.9715591 0.2936414 0.3268193 0.8031419 0.3269379 0.7147418 0.3406277 0.8023401 0.3593274 0.7155438 0.359439 0.8028064 0.34566 0.8031447 0.9606658 0.9586578 0.9605428 0.8707147 0.964767 0.8707109 0.9222899 0.8784473 0.9221625 0.7890576 0.9263871 0.7890553 0.4139532 0.7980635 0.4104294 0.7102034 0.4244267 0.7094035 0.3223416 0.7147418 0.3224707 0.804137 0.3119776 0.7154731 0.3638057 0.9442801 0.3638457 0.8549129 0.36807 0.854909 0.9224396 0.7846266 0.9223126 0.6958939 0.9265371 0.6958917 0.7404221 0.09591954 0.7405303 0.006528258 0.7553268 0.09489655 0.7359285 0.007181048 0.7360736 0.09591954 0.7211544 0.09555327 0.8404688 0.1397953 0.8403605 0.02189666 0.8445889 0.02189368 0.8495833 0.4834836 0.8496351 0.6014846 0.8454067 0.6014859 0.740607 0.6977195 0.7401937 0.5797291 0.7533394 0.6976804 0.2900127 0.75574 0.2881404 0.6377198 0.3030369 0.6377655 0.1504901 0.8455101 0.1503923 0.7275137 0.1546208 0.7275107 0.5457721 0.7314003 0.5458239 0.8494013 0.5415955 0.8494026 0.7210594 0.2185532 0.7210254 0.1005428 0.7359788 0.2182785 0.7171916 0.5748609 0.71713 0.4568259 0.732024 0.4571002 0.2600217 0.8398581 0.2599014 0.7220697 0.2641298 0.7220667 0.8468742 0.3385879 0.8469468 0.4564115 0.8427183 0.4564129 0.790419 0.3255733 0.7907613 0.4435907 0.7777574 0.4433512 0.7913826 0.5796834 0.791691 0.6977116 0.7789472 0.5799124 0.8340116 0.6846584 0.8339107 0.5691723 0.8381392 0.5691693 0.8469204 0.6890071 0.8469791 0.8069489 0.8427507 0.8069502 0.7741852 0.2167413 0.7741664 0.1012088 0.787164 0.1002681 0.7749463 0.5751351 0.7751644 0.4571183 0.7882174 0.5736147 0.07539683 0.8458213 0.07529902 0.727825 0.07952743 0.727822 0.8532744 0.02189368 0.8533157 0.13861 0.8490873 0.1386113 0.7247101 0.4435907 0.724676 0.3255803 0.7376882 0.441983 0.7380746 0.5734879 0.7364342 0.4567806 0.7513272 0.4571005 0.8491515 0.2604045 0.8490446 0.1441469 0.8532731 0.1441439 0.8555239 0.3405631 0.8555703 0.4564115 0.8513419 0.4564128 0.7560834 0.5751351 0.7556758 0.458787 0.7679927 0.5745512 0.7621619 0.6955161 0.7594642 0.5796834 0.7743607 0.5797291 0.8404675 0.2620332 0.8403579 0.1441469 0.8445863 0.1441439 0.8002681 0.7330371 0.8003198 0.851038 0.7960914 0.8510394 0.7410145 0.2183034 0.7403274 0.100314 0.7534731 0.2182652 0.7458162 0.4435525 0.7439441 0.3255323 0.7588405 0.325578 0.07586586 0.5277245 0.08115464 0.5272691 0.08104258 0.658613 0.08104258 0.658613 0.07575595 0.6590678 0.07586586 0.5277245 0.8338881 0.3385879 0.8382972 0.3386304 0.8382698 0.4644383 0.8382698 0.4644383 0.8338608 0.4643957 0.8338881 0.3385879 0.5415437 0.5952371 0.5468078 0.5956805 0.54693 0.7270517 0.54693 0.7270517 0.5416679 0.7266088 0.5415437 0.5952371 0.2789475 0.6275536 0.2833547 0.6274933 0.2835211 0.7533587 0.2835211 0.7533587 0.2791139 0.753419 0.2789475 0.6275536 0.7872825 0.2227497 0.7872921 0.2279129 0.7828728 0.2227275 0.01971071 0.9121353 0.0241236 0.8174942 0.02411824 0.9121367 0.0241236 0.8174942 0.01971071 0.9121353 0.01971656 0.8174928 0.88239 0.3736657 0.8875716 0.2791848 0.8876899 0.3738124 0.8875716 0.2791848 0.88239 0.3736657 0.8822696 0.2790382 0.9061642 0.2790382 0.9018599 0.3736785 0.9017566 0.2790459 0.9018599 0.3736785 0.9061642 0.2790382 0.9062676 0.3736707 0.8916807 0.6899294 0.886282 0.7847067 0.8863815 0.690076 0.886282 0.7847067 0.8916807 0.6899294 0.8915835 0.78456 0.6668494 0.3380955 0.6712459 0.3434091 0.6668351 0.3433973 0.6712459 0.3434091 0.6668494 0.3380955 0.6712602 0.3381072 0.4740018 0.2388253 0.4659713 0.2388283 0.4659701 0.2307929 0.4659701 0.2307929 0.4740007 0.23079 0.4740018 0.2388253 0.8439905 0.2711862 0.8520279 0.2712079 0.8518345 0.3342393 0.8518345 0.3342393 0.8437972 0.3342175 0.8439905 0.2711862 0.04908496 0.8249217 0.05711925 0.8249447 0.05692601 0.887983 0.05692601 0.887983 0.04889154 0.88796 0.04908496 0.8249217 0.1837359 0.8262799 0.1917744 0.826303 0.1915814 0.8892268 0.1915814 0.8892268 0.1835429 0.8892036 0.1837359 0.8262799 0.8659563 0.1787065 0.857922 0.178731 0.8577286 0.1156859 0.8577286 0.1156859 0.8657628 0.1156614 0.8659563 0.1787065 0.8703048 0.1156859 0.8783391 0.1156614 0.8785325 0.1787065 0.8785325 0.1787065 0.8704982 0.178731 0.8703048 0.1156859 0.8884974 0.6845279 0.8804588 0.6845048 0.8806518 0.621581 0.8806518 0.621581 0.8886904 0.6216042 0.8884974 0.6845279 0.07046091 0.887983 0.0624262 0.88796 0.0626198 0.8249217 0.0626198 0.8249217 0.07065427 0.8249447 0.07046091 0.887983 0.6717826 0.8873924 0.6637453 0.8873707 0.6639387 0.8243393 0.6639387 0.8243393 0.671976 0.8243611 0.6717826 0.8873924 0.4535897 0.2307929 0.4616203 0.23079 0.4616215 0.2388253 0.4616215 0.2388253 0.4535909 0.2388283 0.4535897 0.2307929 0.8425887 0.6846366 0.8508632 0.6073749 0.8506261 0.6846584 0.8508632 0.6073749 0.8425887 0.6846366 0.8428258 0.6073531 0.1221117 0.8682763 0.1303833 0.7910072 0.1301462 0.8682993 0.1303833 0.7910072 0.1221117 0.8682763 0.1223489 0.7909842 0.8212831 0.8715631 0.8295584 0.7944346 0.8293216 0.8715863 0.8295584 0.7944346 0.8212831 0.8715631 0.8215198 0.7944114 0.01511633 0.7909621 0.007319152 0.868287 0.007082164 0.7909865 0.007319152 0.868287 0.01511633 0.7909621 0.0153535 0.8682625 0.8601561 0.3747392 0.8679533 0.2974143 0.8681903 0.3747147 0.8679533 0.2974143 0.8601561 0.3747392 0.859919 0.2974388 0.8722261 0.6890302 0.8639509 0.7661588 0.8641875 0.6890071 0.8639509 0.7661588 0.8722261 0.6890302 0.8719894 0.766182 0.7551156 0.7922037 0.746844 0.8694729 0.7470812 0.7921808 0.746844 0.8694729 0.7551156 0.7922037 0.7548785 0.8694958 0.8622582 0.5242024 0.8539837 0.6014642 0.8542208 0.5241806 0.8539837 0.6014642 0.8622582 0.5242024 0.8620211 0.6014859 0.8212142 0.6890315 0.8292484 0.6890071 0.8295584 0.7900384 0.8295584 0.7900384 0.8215241 0.7900629 0.8212142 0.6890315 0.8295621 0.6805203 0.8215361 0.6846584 0.8212142 0.5797095 0.8212142 0.5797095 0.8292527 0.5796834 0.8295621 0.6805203 0.8259518 0.2493067 0.8179173 0.2492837 0.8182398 0.1441439 0.8182398 0.1441439 0.8262743 0.1441669 0.8259518 0.2493067 0.8280612 0.5643472 0.8200365 0.5602064 0.8203463 0.4591971 0.8203463 0.4591971 0.8283838 0.4592189 0.8280612 0.5643472 0.4163891 0.2388282 0.4164053 0.2306135 0.4244406 0.2306123 0.4244406 0.2306123 0.4244243 0.238827 0.4163891 0.2388282 0.8579015 0.09921872 0.8656986 0.02189368 0.8659358 0.09919428 0.8656986 0.02189368 0.8579015 0.09921872 0.8576643 0.02191805 0.8761101 0.6073762 0.8678349 0.6845048 0.8680716 0.6073531 0.8678349 0.6845048 0.8761101 0.6073762 0.8758734 0.6845279 0.5002652 0.792355 0.4919935 0.8696241 0.4922307 0.7923321 0.4919935 0.8696241 0.5002652 0.792355 0.500028 0.8696471 0.8596022 0.6890287 0.8513277 0.7662906 0.8515648 0.6890071 0.8513277 0.7662906 0.8596022 0.6890287 0.8593651 0.7663124 0.1360074 0.7275352 0.1440417 0.7275107 0.1443517 0.8285421 0.1443517 0.8285421 0.1363174 0.8285665 0.1360074 0.7275352 0.8295121 0.4394248 0.8214862 0.4435629 0.8211643 0.338614 0.8211643 0.338614 0.8292028 0.3385879 0.8295121 0.4394248 0.1915774 0.8219312 0.1835429 0.8219082 0.1838654 0.7167684 0.1838654 0.7167684 0.1919 0.7167913 0.1915774 0.8219312 0.825942 0.1397953 0.8179173 0.1356545 0.8182272 0.03464514 0.8182272 0.03464514 0.8262646 0.03466707 0.825942 0.1397953 0.4039888 0.2388283 0.4040052 0.2306135 0.4120404 0.2306123 0.4120404 0.2306123 0.4120241 0.238827 0.4039888 0.2388283 0.8601561 0.4564128 0.8679533 0.3790879 0.8681904 0.4563883 0.8679533 0.3790879 0.8601561 0.4564128 0.859919 0.3791124 0.8722261 0.7706841 0.8639509 0.8478127 0.8641875 0.770661 0.8639509 0.8478127 0.8722261 0.7706841 0.8719894 0.8478358 0.6022051 0.7920034 0.5939335 0.8692725 0.5941706 0.7919805 0.5939335 0.8692725 0.6022051 0.7920034 0.601968 0.8692955 0.8634863 0.6073749 0.8552119 0.6846366 0.855449 0.6073531 0.8552119 0.6846366 0.8634863 0.6073749 0.8632493 0.6846584 0.8702844 0.02191805 0.8783186 0.02189368 0.8785545 0.09876704 0.8785545 0.09876704 0.8705202 0.09879153 0.8702844 0.02191805 0.8168656 0.8097682 0.8088396 0.8139063 0.8085917 0.733069 0.8085917 0.733069 0.8166303 0.7330428 0.8168656 0.8097682 0.7857919 0.3209954 0.7777574 0.3209724 0.7780059 0.239988 0.7780059 0.239988 0.7860404 0.2400109 0.7857919 0.3209954 0.8072078 0.09591954 0.7991831 0.09177875 0.7994189 0.01492232 0.7994189 0.01492232 0.8074563 0.01494389 0.8072078 0.09591954 0.4287893 0.2388283 0.4288056 0.2306135 0.4368408 0.2306123 0.4368408 0.2306123 0.4368245 0.238827 0.4287893 0.2388283 0.8579657 0.2604046 0.8657628 0.1830796 0.8660001 0.2603801 0.8657628 0.1830796 0.8579657 0.2604046 0.8577286 0.183104 0.8748821 0.5243342 0.8666068 0.6014627 0.8668435 0.524311 0.8666068 0.6014627 0.8748821 0.5243342 0.8746454 0.6014859 0.5313519 0.7925623 0.5230802 0.8698313 0.5233174 0.7925392 0.5230802 0.8698313 0.5313519 0.7925623 0.5311148 0.8698543 0.8596022 0.7706828 0.8513277 0.8479446 0.8515648 0.770661 0.8513277 0.8479446 0.8596022 0.7706828 0.8593651 0.8479663 0.8703486 0.183104 0.8783829 0.1830796 0.8786187 0.2599529 0.8786187 0.2599529 0.8705845 0.2599774 0.8703486 0.183104 0.8410062 0.560209 0.8329803 0.5643472 0.8327323 0.4835098 0.8327323 0.4835098 0.8407709 0.4834836 0.8410062 0.560209 0.7517414 0.3040238 0.743707 0.3040008 0.7439554 0.2230163 0.7439554 0.2230163 0.7519899 0.2230393 0.7517414 0.3040238 0.03357702 0.8131442 0.02555221 0.8090034 0.02578788 0.732147 0.02578788 0.732147 0.03382521 0.7321687 0.03357702 0.8131442 0.4411895 0.2388283 0.4412058 0.2306135 0.4492411 0.2306123 0.4492411 0.2306123 0.4492247 0.238827 0.4411895 0.2388283 0.5515158 0.8681795 0.5593129 0.7908545 0.5595501 0.868155 0.5593129 0.7908545 0.5515158 0.8681795 0.5512786 0.790879 0.7686078 0.8011948 0.7603326 0.8783233 0.7605692 0.8011716 0.7603326 0.8783233 0.7686078 0.8011948 0.7683711 0.8783465 0.5185315 0.7925621 0.5102599 0.8698312 0.510497 0.7925391 0.5102599 0.8698312 0.5185315 0.7925621 0.5182943 0.8698542 0.7312837 0.7884717 0.7230093 0.8657335 0.7232463 0.78845 0.7230093 0.8657335 0.7312837 0.7884717 0.7310466 0.8657553 0.04892808 0.8168905 0.05583655 0.8155125 0.04893136 0.8205731 0.06166768 0.7860875 0.0558061 0.7821813 0.06427186 0.7834817 0.06558722 0.7919369 0.06166768 0.7860875 0.0689916 0.7905253 0.06696802 0.7988391 0.06558722 0.7919369 0.07065427 0.7988365 0.06559991 0.8057432 0.06696802 0.7988391 0.06900686 0.8071501 0.0616911 0.8115981 0.06559991 0.8057432 0.06430011 0.8142003 0.05583655 0.8155125 0.0616911 0.8115981 0.05725044 0.8189138 0.0558061 0.7821813 0.04889494 0.7808131 0.05721366 0.778778 0.7468257 0.7020693 0.7551156 0.7020682 0.7465627 0.7877821 0.7684144 0.01018124 0.7755606 0.01019746 0.7681515 0.09590351 0.08576619 0.6376891 0.0927211 0.6376085 0.08550328 0.7233924 0.0927211 0.6376085 0.1010057 0.6375957 0.09245818 0.7233119 0.1010057 0.6375957 0.1093589 0.6376523 0.1007428 0.7232989 0.1093589 0.6376523 0.1165088 0.6377701 0.1090959 0.7233557 0.7398568 0.7021194 0.7468257 0.7020693 0.7395939 0.7878322 0.7600626 0.01015776 0.7684144 0.01018124 0.7597995 0.09587979 0.5434219 0.4601686 0.5431947 0.4543359 0.5465934 0.4601783 0.5434888 0.4670696 0.5434219 0.4601686 0.5466604 0.4670794 0.5433852 0.4739883 0.5434888 0.4670696 0.5465567 0.473998 0.5431268 0.4798713 0.5433852 0.4739883 0.5462983 0.479881 0.4531416 0.6013401 0.4531542 0.6071192 0.4499639 0.6013498 0.5804582 0.4722725 0.5804823 0.4792059 0.5772809 0.472292 0.4531224 0.5944588 0.4531416 0.6013401 0.4499447 0.5944685 0.580478 0.4663453 0.5804582 0.4722725 0.5773008 0.4663648 0.9886716 0.7319039 0.9885791 0.7017636 0.9921326 0.7319269 0.4902808 0.9556787 0.4903732 0.9858156 0.4868131 0.9556419 0.5266383 0.9557251 0.5265458 0.9858686 0.5231727 0.9557173 0.2195376 0.9634653 0.21963 0.9935509 0.216102 0.9633327 0.9847725 0.3840192 0.9846799 0.3538789 0.9882335 0.3840422 0.2461556 0.8731746 0.2462481 0.9033115 0.242688 0.8731378 0.8216518 0.9574571 0.8215593 0.9876006 0.8181862 0.9574494 0.9639785 0.9631391 0.9640708 0.9932246 0.9605428 0.9630064 0.7984994 0.9867883 0.7981718 0.9869967 0.7979619 0.9377124 0.9702467 0.9901782 0.9701543 0.960038 0.9737078 0.9902011 0.5001727 0.9556787 0.5002652 0.9858156 0.496705 0.9556419 0.8295584 0.9574571 0.8294659 0.9876006 0.8260928 0.9574494 0.1996843 0.9647931 0.1997766 0.9948787 0.1962486 0.9646604 0.04108166 0.988835 0.04098922 0.9586946 0.04454272 0.9888579 0.752295 0.9555273 0.7523874 0.9856643 0.7488273 0.9554905 0.5165462 0.9558566 0.5164537 0.9860002 0.5130806 0.9558489 0.7657843 0.9643422 0.7658766 0.9944278 0.7623486 0.9642096 0.9854657 0.4925497 0.9851281 0.4927644 0.9849188 0.4436245 0.988885 0.7854872 0.9886164 0.7854899 0.9885791 0.7363053 0.4404855 0.9400388 0.4442109 0.9405614 0.4405658 0.9870247 0.9952419 0.04758179 0.9955936 0.04758703 0.9957937 0.09529972 0.9879958 0.9827685 0.9877351 0.9827712 0.9876977 0.9334421 0.9849188 0.3895086 0.9886443 0.3900313 0.9849994 0.4366373 0.9946855 0.6353852 0.9950292 0.6353904 0.9952298 0.6832479 0.8159753 0.02464425 0.8159795 0.02994751 0.8118048 0.02460914 0.8140626 0.5698316 0.8140669 0.5751351 0.8098922 0.5697968 0.8159753 0.01495707 0.8159796 0.02026069 0.8118048 0.01492232 0.670422 0.4781013 0.6703295 0.4479577 0.6745601 0.4780887 0.1303833 0.9543049 0.1302911 0.9843905 0.1262446 0.954294 0.7002978 0.447961 0.7002053 0.4781013 0.6961596 0.4479494 0.821972 0.2597907 0.8218795 0.2899277 0.817834 0.2597799 0.6875804 0.4781013 0.6874879 0.4479577 0.6917185 0.4780887 0.6022051 0.9553012 0.6021128 0.9853867 0.5980663 0.9552902 0.7088771 0.447961 0.7087846 0.4781013 0.7047389 0.4479494 0.8133929 0.2597907 0.8133005 0.2899277 0.8092549 0.2597798 0.196749 0.9601401 0.1964 0.9603118 0.1962486 0.9042916 0.6790012 0.4781013 0.6789087 0.4479577 0.6831393 0.4780887 0.9778031 0.480803 0.9777108 0.5108886 0.9736643 0.4807919 0.7086264 0.2272078 0.708534 0.2573481 0.7044881 0.2271962 0.2728292 0.7220776 0.2727367 0.7522146 0.2686912 0.7220667 0.695909 0.2573524 0.6958165 0.2272087 0.700047 0.2573398 0.01131314 0.9542928 0.01122099 0.9843783 0.007174432 0.9542818 0.7172057 0.2272078 0.7171132 0.2573481 0.7130674 0.2271962 0.9692233 0.4807516 0.9691309 0.5108886 0.9650853 0.4807407 0.8344246 0.9739004 0.834065 0.9740773 0.8339141 0.9182213 0.911379 0.1544664 0.9111104 0.1544666 0.9110943 0.103225 0.9846799 0.2936414 0.9885283 0.2936676 0.9848172 0.3477791 0.9878847 0.9202243 0.9875328 0.9202244 0.9874278 0.8707129 0.4849558 0.8437252 0.484695 0.8437253 0.4846789 0.7923331 0.2515432 0.9108717 0.2553915 0.9108979 0.2516808 0.965174 0.9239959 0.9873233 0.9236519 0.9873234 0.9235467 0.9376615 0.6295528 0.2218221 0.6295387 0.216521 0.6345199 0.2218052 0.01018345 0.6285849 0.0101692 0.6232838 0.01515042 0.6285681 0.6295532 0.2314913 0.6295391 0.2261902 0.6345204 0.2314745 0.7969852 0.5751351 0.7925755 0.5751129 0.792566 0.5699498 0.8467049 0.9079053 0.842692 0.9079177 0.8469641 0.8112989 0.3954139 0.2251655 0.3996402 0.2250404 0.3996231 0.2387031 0.9016799 0.1669934 0.9056754 0.1661702 0.9053755 0.26352 0.5672492 0.2167018 0.5711453 0.2177889 0.567221 0.2320058 0.7393584 0.320957 0.724676 0.3196547 0.7378211 0.2236149 0.6386883 0.7709661 0.6257057 0.7715346 0.6254394 0.6748967 0.6803261 0.9189702 0.6763246 0.9181315 0.6805837 0.8243393 0.4604988 0.5946876 0.4647207 0.5944588 0.464715 0.6074391 0.896355 0.7906271 0.9003539 0.7890553 0.9000545 0.8866552 0.551009 0.4640171 0.5552042 0.4643675 0.5510886 0.4793242 0.7127813 0.7718553 0.6981395 0.7699639 0.7125824 0.6742568 0.6788969 0.6753156 0.6937909 0.6742568 0.6815398 0.7690992 0.917685 0.7846141 0.9136721 0.7846267 0.9179639 0.6902822 0.5886414 0.231458 0.5844208 0.2314878 0.5886363 0.2166234 0.9030075 0.604369 0.8990135 0.6045548 0.9027142 0.5078954 0.4455851 0.608653 0.4413655 0.6085569 0.4412471 0.5948715 0.5512786 0.6920276 0.5654224 0.6900101 0.5652555 0.7865058 0.588679 0.6910963 0.602182 0.6900101 0.5880466 0.7856295 0.2193542 0.8662111 0.2153413 0.8662237 0.21963 0.7672693 0.4776605 0.5944931 0.4818886 0.5944588 0.4819079 0.6089761 0.9148255 0.4745175 0.9108309 0.474502 0.9145369 0.3794927 0.5972604 0.2314878 0.5930397 0.2314823 0.59299 0.2172137 0.5046138 0.6892318 0.5185315 0.6908703 0.5184572 0.7859218 0.5371832 0.786538 0.5232658 0.7881906 0.5230802 0.6892318 0.6300626 0.7783433 0.6340788 0.7771427 0.6337882 0.8758918 0.6058816 0.2314348 0.6016383 0.2314878 0.6058623 0.21682 0.9135312 0.7890553 0.9175258 0.7890707 0.917814 0.8839635 0.4690933 0.5944588 0.4733118 0.5945938 0.4690693 0.6078683 0.4990257 0.7864022 0.4863021 0.7879834 0.5002652 0.6914908 0.7743607 0.7958238 0.7603326 0.796823 0.760465 0.7004486 0.9144009 0.09870046 0.9103775 0.09833109 0.9146701 0.002739906 0.4325652 0.5944588 0.4368984 0.5946148 0.436813 0.6088562 0.8970324 0.26352 0.8930339 0.2623113 0.8967329 0.1654328 0.5640549 0.4791169 0.5595527 0.479881 0.5595605 0.464838 0.6074069 0.6768229 0.620929 0.6744564 0.6209803 0.772548 0.5700562 0.6900101 0.5830418 0.6908665 0.5699183 0.7855923 0.3677979 0.8505604 0.3637876 0.8496488 0.36807 0.7514387 0.5729324 0.4792253 0.5684035 0.4783756 0.5729231 0.464838 0.9149026 0.3736785 0.9109081 0.3736631 0.9146107 0.2777217 0.5800671 0.2314878 0.5757902 0.2314822 0.5758458 0.2167093 0.7171903 0.6849569 0.7309589 0.6862525 0.7312837 0.7822269 0.65637 0.7715339 0.643496 0.7737405 0.6433258 0.6744564 0.96287 0.4745039 0.9586457 0.4745078 0.9627571 0.3863338 0.9697816 0.6044018 0.965557 0.604404 0.969695 0.5169147 0.3734624 0.7094492 0.3883876 0.7094035 0.3872849 0.7968712 0.430163 0.7094035 0.4425755 0.7101258 0.4287753 0.7975512 0.9628341 0.3808814 0.9586098 0.3808853 0.9629247 0.2925712 0.6340052 0.967913 0.6297807 0.9679023 0.6340793 0.8802511 0.7799092 0.007543087 0.7948344 0.007524967 0.7944554 0.09523582 0.4648997 0.7094035 0.4793402 0.7100871 0.464816 0.797784 0.9627736 0.09869658 0.9585493 0.09870046 0.9626809 0.01030033 0.5923131 0.9620344 0.5880885 0.9620366 0.592305 0.8736441 0.1727631 0.8052304 0.1592073 0.8051472 0.1728515 0.716853 0.2100314 0.805149 0.1962486 0.8052336 0.1963675 0.7168515 0.2195125 0.9589841 0.2152883 0.958975 0.21963 0.8705815 0.9714978 0.380883 0.9672733 0.3808853 0.9715591 0.2936414 0.3269379 0.7147418 0.3407182 0.7150801 0.3406277 0.8023401 0.3455201 0.7147418 0.3593274 0.7155438 0.34566 0.8031447 0.96489 0.9586539 0.9606658 0.9586578 0.964767 0.8707109 0.9265144 0.878445 0.9222899 0.8784473 0.9263871 0.7890553 0.4243186 0.7987947 0.4139532 0.7980635 0.4244267 0.7094035 0.3224707 0.804137 0.3084747 0.803337 0.3119776 0.7154731 0.36803 0.9442762 0.3638057 0.9442801 0.36807 0.854909 0.9266642 0.7846243 0.9224396 0.7846266 0.9265371 0.6958917 0.7405303 0.006528258 0.755451 0.006161928 0.7553268 0.09489655 0.7210254 0.006158173 0.7359285 0.007181048 0.7211544 0.09555327 0.8446973 0.1397923 0.8404688 0.1397953 0.8445889 0.02189368 0.8453549 0.483485 0.8495833 0.4834836 0.8454067 0.6014859 0.7401937 0.5797291 0.7551156 0.5796834 0.7533394 0.6976804 0.3027232 0.755779 0.2900127 0.75574 0.3030369 0.6377655 0.1547186 0.8455071 0.1504901 0.8455101 0.1546208 0.7275107 0.5415437 0.7314017 0.5457721 0.7314003 0.5415955 0.8494026 0.7210254 0.1005428 0.7359448 0.1002681 0.7359788 0.2182785 0.7320855 0.5751352 0.7171916 0.5748609 0.732024 0.4571002 0.2642501 0.8398552 0.2600217 0.8398581 0.2641298 0.7220667 0.8426458 0.3385892 0.8468742 0.3385879 0.8427183 0.4564129 0.7779624 0.325344 0.790419 0.3255733 0.7777574 0.4433512 0.791691 0.6977116 0.7787093 0.6979506 0.7789472 0.5799124 0.8382401 0.6846554 0.8340116 0.6846584 0.8381392 0.5691693 0.842692 0.6890083 0.8469204 0.6890071 0.8427507 0.8069502 0.7874802 0.2182613 0.7741852 0.2167413 0.787164 0.1002681 0.7751644 0.4571183 0.7881405 0.458059 0.7882174 0.5736147 0.0796253 0.8458184 0.07539683 0.8458213 0.07952743 0.727822 0.8490459 0.02189511 0.8532744 0.02189368 0.8490873 0.1386113 0.724676 0.3255803 0.7395955 0.3253056 0.7376882 0.441983 0.7510267 0.5751351 0.7380746 0.5734879 0.7513272 0.4571005 0.85338 0.2604016 0.8491515 0.2604045 0.8532731 0.1441439 0.8512954 0.3405644 0.8555239 0.3405631 0.8513419 0.4564128 0.7556758 0.458787 0.7705977 0.4587412 0.7679927 0.5745512 0.7740514 0.6961001 0.7621619 0.6955161 0.7743607 0.5797291 0.8446961 0.2620303 0.8404675 0.2620332 0.8445863 0.1441439 0.7960396 0.7330385 0.8002681 0.7330371 0.7960914 0.8510394 0.7403274 0.100314 0.7552493 0.1002681 0.7534731 0.2182652 0.7582536 0.4435907 0.7458162 0.4435525 0.7588405 0.325578 0.7872921 0.2279129 0.7828823 0.2278907 0.7828728 0.2227275 0 0 0 0 0 0 0 0 0 0 0 0 0 0 0 0 0 0 0 0 0 0 0 0 0 0 0 0 0 0 0 0 0 0 0 0 0 0 0 0 0 0 0 0 0 0 0 0 0 0 0 0 0 0 0 0 0 0 0 0 0 0 0 0 0 0 0 0 0 0 0 0 0 0 0 0 0 0 0 0 0 0 0 0 0 0 0 0 0 0 0 0 0 0 0 0 0 0 0 0 0 0 0 0 0 0 0 0 0 0 0 0 0 0 0 0 0 0 0 0 0 0 0 0 0 0 0 0 0 0 0 0 0 0 0 0 0 0 0 0 0 0 0 0 0 0 0 0 0 0 0 0 0 0 0 0 0 0 0 0 0 0 0 0 0 0 0 0 0 0 0 0 0 0 0 0 0 0 0 0 0 0 0 0 0 0 0 0 0 0 0 0 0 0 0 0 0 0 0 0 0 0 0 0 0 0 0 0 0 0 0 0 0 0 0 0 0 0 0 0 0 0 0 0 0 0 0 0 0 0 0 0 0 0 0 0 0 0 0 0 0 0 0 0 0 0 0 0 0 0 0 0 0 0 0 0 0 0 0 0 0 0 0 0 0 0 0 0 0 0 0 0 0 0 0 0 0 0 0 0 0 0 0 0 0 0 0 0 0 0 0 0 0 0 0 0 0 0 0 0 0 0 0 0 0 0 0 0 0 0 0 0 0 0 0 0 0 0 0 0 0 0 0 0 0 0 0 0 0 0 0 0 0 0 0 0 0 0 0 0 0 0 0 0 0 0 0 0 0 0 0 0 0 0 0 0 0 0 0 0 0 0 0 0 0 0 0 0 0 0 0 0 0 0 0 0 0 0 0 0 0 0 0 0 0 0 0 0 0 0 0 0 0 0 0 0 0 0 0 0 0 0 0 0 0 0 0 0 0 0 0 0 0 0 0 0 0 0 0 0 0 0 0 0 0 0 0 0 0 0 0 0 0 0 0 0 0 0 0 0 0 0 0 0 0 0 0 0 0 0 0 0 0 0 0 0 0 0 0 0 0 0 0 0 0 0 0 0 0 0 0 0 0 0 0 0 0 0 0 0 0 0 0 0 0 0 0 0 0 0 0 0 0 0 0 0 0 0 0 0 0 0 0 0 0 0 0 0 0 0 0 0 0 0 0 0 0 0 0 0 0 0 0 0 0 0 0 0 0 0 0 0 0 0 0 0 0 0 0 0 0 0 0 0 0 0 0 0 0 0 0 0 0 0 0 0 0 0 0 0 0 0 0 0 0 0 0 0 0 0 0 0 0 0 0 0 0 0 0 0 0 0 0 0 0 0 0 0 0 0 0 0 0 0 0 0 0 0 0 0 0 0 0 0 0 0 0 0 0 0 0 0 0 0 0 0 0 0 0 0 0 0 0 0 0 0 0 0 0 0 0 0 0 0 0 0 0 0 0 0 0 0 0 0 0 0 0 0 0 0 0 0 0 0 0 0 0 0 0 0 0 0 0 0 0 0 0 0 0 0 0 0 0 0 0 0 0 0 0 0 0 0 0 0 0 0 0 0 0 0 0 0 0 0 0 0 0 0 0 0 0 0 0 0 0 0 0 0 0 0 0 0 0 0 0 0 0 0 0 0 0 0 0 0 0 0 0 0 0 0 0 0 0 0 0 0 0 0 0 0 0 0 0 0 0 0 0 0 0 0 0 0 0 0 0 0 0 0 0 0 0 0 0 0 0 0 0 0 0 0 0 0 0 0 0 0 0 0 0 0 0 0 0 0 0 0 0 0 0 0 0 0 0 0 0 0 0 0 0 0 0 0 0 0 0 0 0 0 0 0 0 0 0 0 0 0 0 0 0 0 0 0 0 0 0 0 0 0 0 0 0 0 0 0 0 0 0 0 0 0 0 0 0 0 0 0 0 0 0 0 0 0 0 0 0 0 0 0 0 0 0 0 0 0 0 0 0 0 0 0 0 0 0 0 0 0 0 0 0 0 0 0 0 0 0 0 0 0 0 0 0 0 0 0 0 0 0 0 0 0 0 0 0 0 0 0 0 0 0 0 0 0 0 0 0 0 0 0 0 0 0 0 0 0 0 0 0 0 0 0 0 0 0 0 0 0 0 0 0 0 0 0 0 0 0 0 0 0 0 0 0 0 0 0 0 0 0 0 0 0 0 0 0 0 0 0 0 0 0 0 0 0 0 0 0 0 0 0 0 0 0 0 0 0 0 0 0 0 0 0 0 0 0 0 0 0 0 0 0 0 0 0 0 0 0 0 0 0 0 0 0 0 0 0 0 0 0 0 0 0 0 0 0 0 0 0 0 0 0 0 0 0 0 0 0 0 0 0 0 0 0 0 0 0 0 0 0 0 0 0 0 0 0 0 0 0 0 0 0 0 0 0 0 0 0 0 0 0 0 0 0 0 0 0 0 0 0 0 0 0 0 0 0 0 0 0 0 0 0 0 0 0 0 0 0 0 0 0 0 0 0 0 0 0 0 0 0 0 0 0 0 0 0 0 0 0 0 0 0 0 0 0 0 0 0 0 0 0 0 0 0 0 0 0 0 0 0 0 0 0 0 0 0 0 0 0 0 0 0 0 0 0 0 0 0 0 0 0 0 0 0 0 0 0 0 0 0 0 0 0 0 0 0 0 0 0 0 0 0 0 0 0 0 0 0 0 0 0 0 0 0 0 0 0 0 0 0 0 0 0 0 0 0 0 0 0 0 0 0 0 0 0 0 0 0 0 0 0 0 0 0 0 0 0 0 0 0 0 0 0 0 0 0 0 0 0 0 0 0 0 0 0 0 0 0 0 0 0 0 0 0 0 0 0 0 0 0 0 0 0 0 0 0 0 0 0 0 0 0 0 0 0 0 0 0 0 0 0 0 0 0 0 0 0 0 0 0 0 0 0 0 0 0 0 0 0 0 0 0 0 0 0 0 0 0 0 0 0 0 0 0 0 0 0 0 0 0 0 0 0 0 0 0 0 0 0 0 0 0 0 0 0 0 0 0 0 0 0 0 0 0 0 0 0 0 0 0 0 0 0 0 0 0 0 0 0 0 0 0 0 0 0 0 0 0 0 0 0 0 0 0 0 0 0 0 0 0 0 0 0</float_array>
          <technique_common>
            <accessor source="#Cube_005-mesh-map-1-array" count="5058" stride="2">
              <param name="S" type="float"/>
              <param name="T" type="float"/>
            </accessor>
          </technique_common>
        </source>
        <vertices id="Cube_005-mesh-vertices">
          <input semantic="POSITION" source="#Cube_005-mesh-positions"/>
        </vertices>
        <triangles material="Material_001-material" count="1686">
          <input semantic="VERTEX" source="#Cube_005-mesh-vertices" offset="0"/>
          <input semantic="NORMAL" source="#Cube_005-mesh-normals" offset="1"/>
          <input semantic="TEXCOORD" source="#Cube_005-mesh-map-0" offset="2" set="0"/>
          <input semantic="TEXCOORD" source="#Cube_005-mesh-map-1" offset="2" set="1"/>
          <p>0 0 0 5 0 1 1 0 2 6 1 3 1 1 4 5 1 5 7 2 6 2 2 7 6 2 8 3 3 9 4 3 10 0 3 11 6 4 12 4 4 13 7 4 14 13 0 15 8 0 16 12 0 17 14 1 18 9 1 19 13 1 20 15 2 21 10 2 22 14 2 23 12 3 24 11 3 25 15 3 26 14 4 27 12 4 28 15 4 29 21 0 30 16 0 31 20 0 32 22 1 33 17 1 34 21 1 35 23 2 36 18 2 37 22 2 38 20 3 39 19 3 40 23 3 41 22 4 42 20 4 43 23 4 44 29 0 45 24 0 46 28 0 47 30 1 48 25 1 49 29 1 50 31 2 51 26 2 52 30 2 53 28 3 54 27 3 55 31 3 56 30 4 57 28 4 58 31 4 59 37 0 60 32 0 61 36 0 62 38 1 63 33 1 64 37 1 65 39 2 66 34 2 67 38 2 68 36 3 69 35 3 70 39 3 71 38 4 72 36 4 73 39 4 74 45 0 75 40 0 76 44 0 77 46 1 78 41 1 79 45 1 80 47 2 81 42 2 82 46 2 83 44 3 84 43 3 85 47 3 86 46 4 87 44 4 88 47 4 89 53 0 90 48 0 91 52 0 92 54 1 93 49 1 94 53 1 95 55 2 96 50 2 97 54 2 98 52 3 99 51 3 100 55 3 101 54 4 102 52 4 103 55 4 104 57 3 105 58 3 106 56 3 107 65 0 108 60 0 109 64 0 110 66 1 111 61 1 112 65 1 113 67 2 114 62 2 115 66 2 116 64 3 117 63 3 118 67 3 119 71 3 120 72 3 121 68 3 122 68 2 123 73 2 124 69 2 125 69 1 126 74 1 127 70 1 128 70 0 129 75 0 130 71 0 131 69 4 132 71 4 133 68 4 134 79 3 135 80 3 136 76 3 137 76 2 138 81 2 139 77 2 140 77 1 141 82 1 142 78 1 143 78 0 144 83 0 145 79 0 146 77 4 147 79 4 148 76 4 149 177 3 150 91 3 151 176 3 152 191 2 153 88 2 154 192 2 155 179 1 156 89 1 157 178 1 158 189 0 159 90 0 160 190 0 161 186 5 162 173 5 163 184 5 164 93 1 165 94 1 166 95 1 167 101 6 168 96 6 169 97 6 170 98 3 171 101 3 172 97 3 173 98 3 174 100 3 175 101 3 176 98 7 177 99 7 178 100 7 179 103 1 180 102 1 181 107 1 182 104 1 183 103 1 184 107 1 185 104 1 186 107 1 187 106 1 188 104 1 189 106 1 190 105 1 191 103 0 192 98 0 193 97 0 194 105 8 195 100 8 196 99 8 197 107 9 198 96 9 199 101 9 200 102 10 201 97 10 202 96 10 203 104 11 204 99 11 205 98 11 206 106 2 207 101 2 208 100 2 209 113 3 210 108 3 211 109 3 212 110 3 213 113 3 214 109 3 215 110 3 216 112 3 217 113 3 218 110 3 219 111 3 220 112 3 221 115 12 222 114 12 223 119 12 224 116 1 225 115 1 226 119 1 227 116 13 228 119 13 229 118 13 230 116 14 231 118 14 232 117 14 233 115 15 234 110 15 235 109 15 236 117 16 237 112 16 238 111 16 239 119 17 240 108 17 241 113 17 242 114 18 243 109 18 244 108 18 245 116 19 246 111 19 247 110 19 248 118 20 249 113 20 250 112 20 251 122 21 252 123 21 253 124 21 254 122 22 255 124 22 256 125 22 257 122 3 258 125 3 259 121 3 260 125 3 261 120 3 262 121 3 263 128 1 264 130 1 265 129 1 266 128 23 267 131 23 268 130 23 269 128 24 270 127 24 271 131 24 272 127 25 273 126 25 274 131 25 275 127 26 276 122 26 277 121 26 278 129 27 279 124 27 280 123 27 281 131 28 282 120 28 283 125 28 284 126 29 285 121 29 286 120 29 287 128 30 288 123 30 289 122 30 290 130 31 291 125 31 292 124 31 293 134 3 294 135 3 295 136 3 296 134 32 297 136 32 298 137 32 299 134 33 300 137 33 301 133 33 302 137 34 303 132 34 304 133 34 305 140 35 306 142 35 307 141 35 308 140 36 309 143 36 310 142 36 311 140 37 312 139 37 313 143 37 314 139 38 315 138 38 316 143 38 317 139 39 318 134 39 319 133 39 320 141 40 321 136 40 322 135 40 323 143 41 324 132 41 325 137 41 326 138 42 327 133 42 328 132 42 329 140 43 330 135 43 331 134 43 332 142 44 333 137 44 334 136 44 335 146 45 336 147 45 337 148 45 338 146 2 339 148 2 340 149 2 341 146 46 342 149 46 343 145 46 344 149 47 345 144 47 346 145 47 347 152 48 348 154 48 349 153 48 350 152 49 351 155 49 352 154 49 353 152 50 354 151 50 355 155 50 356 151 0 357 150 0 358 155 0 359 151 51 360 146 51 361 145 51 362 153 52 363 148 52 364 147 52 365 155 53 366 144 53 367 149 53 368 150 54 369 145 54 370 144 54 371 152 55 372 147 55 373 146 55 374 148 56 375 155 56 376 149 56 377 158 57 378 159 57 379 160 57 380 158 2 381 160 2 382 161 2 383 158 58 384 161 58 385 157 58 386 161 59 387 156 59 388 157 59 389 164 60 390 166 60 391 165 60 392 164 61 393 167 61 394 166 61 395 164 62 396 163 62 397 167 62 398 163 0 399 162 0 400 167 0 401 163 63 402 158 63 403 157 63 404 165 64 405 160 64 406 159 64 407 167 65 408 156 65 409 161 65 410 162 66 411 157 66 412 156 66 413 164 67 414 159 67 415 158 67 416 166 68 417 161 68 418 160 68 419 169 69 420 177 69 421 180 69 422 168 70 423 191 70 424 187 70 425 170 71 426 179 71 427 181 71 428 171 72 429 189 72 430 186 72 431 183 73 432 184 73 433 188 73 434 180 1 435 172 1 436 182 1 437 187 74 438 174 74 439 185 74 440 181 3 441 175 3 442 183 3 443 177 3 444 88 3 445 84 3 446 179 1 447 90 1 448 86 1 449 168 75 450 177 75 451 84 75 452 171 76 453 179 76 454 86 76 455 185 77 456 183 77 457 188 77 458 180 1 459 173 1 460 169 1 461 181 3 462 174 3 463 170 3 464 189 0 465 91 0 466 87 0 467 185 78 468 182 78 469 172 78 470 186 2 471 175 2 472 171 2 473 187 0 474 172 0 475 168 0 476 169 79 477 189 79 478 87 79 479 182 80 480 184 80 481 173 80 482 191 2 483 89 2 484 85 2 485 170 81 486 191 81 487 85 81 488 194 3 489 195 3 490 193 3 491 200 82 492 201 82 493 197 82 494 198 83 495 201 83 496 202 83 497 199 84 498 202 84 499 203 84 500 199 85 501 204 85 502 200 85 503 198 86 504 200 86 505 197 86 506 208 87 507 209 87 508 205 87 509 206 88 510 209 88 511 210 88 512 207 89 513 210 89 514 211 89 515 207 90 516 212 90 517 208 90 518 206 91 519 208 91 520 205 91 521 215 0 522 214 0 523 216 0 524 218 0 525 219 0 526 217 0 527 228 92 528 227 92 529 232 92 530 229 93 531 228 93 532 232 93 533 229 94 534 232 94 535 231 94 536 229 95 537 231 95 538 230 95 539 228 96 540 223 96 541 222 96 542 224 97 543 231 97 544 225 97 545 232 98 546 221 98 547 226 98 548 227 99 549 222 99 550 221 99 551 223 100 552 230 100 553 224 100 554 225 101 555 232 101 556 226 101 557 240 102 558 239 102 559 244 102 560 241 103 561 240 103 562 244 103 563 241 104 564 244 104 565 243 104 566 241 105 567 243 105 568 242 105 569 240 106 570 235 106 571 234 106 572 236 107 573 243 107 574 237 107 575 244 108 576 233 108 577 238 108 578 239 109 579 234 109 580 233 109 581 235 110 582 242 110 583 236 110 584 237 111 585 244 111 586 238 111 587 254 112 588 259 113 589 253 114 590 249 115 591 254 112 592 248 116 593 245 117 594 256 118 595 250 119 596 245 117 597 252 120 598 251 121 599 247 122 600 254 112 601 253 114 602 249 115 603 256 118 604 255 123 605 247 122 606 252 120 607 246 124 608 259 113 609 266 125 610 265 126 611 256 118 612 261 127 613 255 123 614 253 114 615 258 128 616 252 120 617 255 123 618 260 129 619 254 112 620 251 121 621 262 130 622 256 118 623 252 120 624 257 131 625 251 121 626 262 130 627 267 132 628 261 127 629 258 128 630 265 126 631 264 133 632 260 129 633 267 132 634 266 125 635 257 131 636 268 134 637 262 130 638 258 128 639 263 135 640 257 131 641 249 115 642 248 116 643 269 136 644 245 117 645 250 119 646 269 136 647 246 124 648 245 117 649 269 136 650 248 116 651 247 122 652 269 136 653 250 119 654 249 115 655 269 136 656 247 122 657 246 124 658 269 136 659 279 137 660 284 138 661 278 139 662 273 140 663 280 141 664 279 137 665 270 142 666 281 143 667 275 144 668 270 142 669 277 145 670 276 146 671 273 140 672 278 139 673 272 147 674 274 148 675 281 143 676 280 141 677 272 147 678 277 145 679 271 149 680 285 150 681 290 151 682 284 138 683 281 143 684 286 152 685 280 141 686 278 139 687 283 153 688 277 145 689 280 141 690 285 150 691 279 137 692 276 146 693 287 154 694 281 143 695 277 145 696 282 155 697 276 146 698 287 154 699 292 156 700 286 152 701 284 138 702 289 157 703 283 153 704 286 152 705 291 158 706 285 150 707 287 154 708 288 159 709 293 160 710 283 153 711 288 159 712 282 155 713 274 148 714 273 140 715 294 161 716 270 142 717 275 144 718 294 161 719 271 149 720 270 142 721 294 161 722 273 140 723 272 147 724 294 161 725 275 144 726 274 148 727 294 161 728 272 147 729 271 149 730 294 161 731 304 162 732 309 163 733 303 164 734 299 165 735 304 162 736 298 166 737 295 167 738 306 168 739 300 169 740 295 167 741 302 170 742 301 171 743 298 166 744 303 164 745 297 172 746 299 165 747 306 168 748 305 173 749 297 172 750 302 170 751 296 174 752 309 163 753 316 175 754 315 176 755 306 168 756 311 177 757 305 173 758 303 164 759 308 178 760 302 170 761 305 173 762 310 179 763 304 162 764 301 171 765 312 180 766 306 168 767 302 170 768 307 181 769 301 171 770 312 180 771 317 182 772 311 177 773 309 163 774 314 183 775 308 178 776 310 179 777 317 182 778 316 175 779 312 180 780 313 184 781 318 185 782 308 178 783 313 184 784 307 181 785 299 165 786 298 166 787 319 186 788 295 167 789 300 169 790 319 186 791 296 174 792 295 167 793 319 186 794 298 166 795 297 172 796 319 186 797 300 169 798 299 165 799 319 186 800 297 172 801 296 174 802 319 186 803 322 187 804 320 187 805 321 187 806 92 188 807 320 188 808 323 188 809 94 4 810 321 4 811 95 4 812 92 0 813 322 0 814 94 0 815 95 2 816 320 2 817 93 2 818 326 189 819 327 189 820 328 189 821 326 190 822 328 190 823 329 190 824 326 3 825 329 3 826 325 3 827 329 191 828 324 191 829 325 191 830 332 192 831 334 192 832 333 192 833 332 193 834 335 193 835 334 193 836 332 1 837 331 1 838 335 1 839 331 194 840 330 194 841 335 194 842 331 39 843 326 39 844 325 39 845 333 195 846 328 195 847 327 195 848 335 196 849 324 196 850 329 196 851 330 197 852 325 197 853 324 197 854 332 198 855 327 198 856 326 198 857 334 199 858 329 199 859 328 199 860 341 3 861 336 3 862 337 3 863 338 3 864 341 3 865 337 3 866 338 200 867 340 200 868 341 200 869 338 3 870 339 3 871 340 3 872 343 1 873 342 1 874 347 1 875 344 1 876 343 1 877 347 1 878 344 201 879 347 201 880 346 201 881 344 1 882 346 1 883 345 1 884 343 15 885 338 15 886 337 15 887 345 202 888 340 202 889 339 202 890 347 203 891 336 203 892 341 203 893 342 18 894 337 18 895 336 18 896 344 204 897 339 204 898 338 204 899 346 205 900 341 205 901 340 205 902 350 206 903 349 206 904 348 206 905 354 0 906 353 0 907 352 0 908 358 0 909 196 0 910 194 0 911 357 2 912 193 2 913 195 2 914 356 4 915 194 4 916 193 4 917 367 207 918 364 208 919 365 209 920 362 210 921 367 207 922 363 211 923 365 212 924 363 212 925 367 212 926 360 213 927 366 213 928 362 213 929 375 214 930 372 215 931 373 216 932 370 217 933 375 214 934 371 218 935 373 219 936 371 219 937 375 219 938 368 220 939 374 220 940 370 220 941 377 221 942 389 222 943 388 223 944 382 224 945 390 225 946 391 226 947 386 0 948 385 0 949 387 0 950 388 223 951 378 227 952 379 228 953 391 226 954 381 229 955 380 230 956 394 0 957 392 0 958 395 0 959 404 231 960 412 231 961 403 231 962 398 232 963 406 232 964 397 232 965 399 233 966 407 233 967 398 233 968 400 234 969 408 234 970 399 234 971 401 4 972 409 4 973 400 4 974 402 4 975 410 4 976 401 4 977 403 235 978 411 235 979 402 235 980 405 4 981 396 4 982 397 4 983 421 236 984 431 237 985 422 238 986 415 239 987 425 240 988 416 241 989 416 241 990 426 242 991 417 243 992 417 243 993 427 244 994 418 245 995 418 245 996 428 246 997 419 247 998 419 247 999 429 248 1000 420 249 1001 420 249 1002 430 250 1003 421 236 1004 414 251 1005 424 252 1006 415 239 1007 435 253 1008 443 254 1009 434 255 1010 436 256 1011 444 257 1012 435 253 1013 437 258 1014 445 259 1015 436 256 1016 438 260 1017 446 261 1018 437 258 1019 439 262 1020 447 263 1021 438 260 1022 433 264 1023 441 265 1024 432 266 1025 440 267 1026 448 268 1027 439 262 1028 434 255 1029 442 269 1030 433 264 1031 454 270 1032 455 270 1033 451 270 1034 455 271 1035 456 271 1036 452 271 1037 456 272 1038 457 272 1039 453 272 1040 457 273 1041 454 273 1042 450 273 1043 462 274 1044 463 274 1045 459 274 1046 463 275 1047 464 275 1048 460 275 1049 464 276 1050 465 276 1051 461 276 1052 465 277 1053 462 277 1054 458 277 1055 473 278 1056 466 279 1057 470 280 1058 466 279 1059 473 278 1060 469 281 1061 470 280 1062 467 282 1063 471 283 1064 467 282 1065 470 280 1066 466 279 1067 471 283 1068 468 284 1069 472 285 1070 468 284 1071 471 283 1072 467 282 1073 472 285 1074 469 281 1075 473 278 1076 469 281 1077 472 285 1078 468 284 1079 545 286 1080 477 287 1081 539 288 1082 542 289 1083 475 290 1084 541 291 1085 476 292 1086 538 293 1087 477 287 1088 538 293 1089 476 292 1090 544 294 1091 485 295 1092 478 295 1093 482 295 1094 478 296 1095 485 296 1096 481 296 1097 482 297 1098 479 297 1099 483 297 1100 479 298 1101 482 298 1102 478 298 1103 483 299 1104 480 299 1105 484 299 1106 480 300 1107 483 300 1108 479 300 1109 484 301 1110 481 301 1111 485 301 1112 481 302 1113 484 302 1114 480 302 1115 483 303 1116 485 303 1117 482 303 1118 485 304 1119 483 304 1120 484 304 1121 490 305 1122 491 305 1123 487 305 1124 491 306 1125 492 306 1126 488 306 1127 492 307 1128 493 307 1129 489 307 1130 493 308 1131 490 308 1132 486 308 1133 498 309 1134 499 309 1135 495 309 1136 499 310 1137 500 310 1138 496 310 1139 500 311 1140 501 311 1141 497 311 1142 501 312 1143 498 312 1144 494 312 1145 509 313 1146 502 313 1147 506 313 1148 502 314 1149 509 314 1150 505 314 1151 506 315 1152 503 315 1153 507 315 1154 503 316 1155 506 316 1156 502 316 1157 507 317 1158 504 317 1159 508 317 1160 504 318 1161 507 318 1162 503 318 1163 508 319 1164 505 319 1165 509 319 1166 505 320 1167 508 320 1168 504 320 1169 507 303 1170 509 303 1171 506 303 1172 509 321 1173 507 321 1174 508 321 1175 517 322 1176 510 323 1177 514 324 1178 510 323 1179 517 322 1180 513 325 1181 514 324 1182 511 326 1183 515 327 1184 511 326 1185 514 324 1186 510 323 1187 515 327 1188 512 328 1189 516 329 1190 512 328 1191 515 327 1192 511 326 1193 516 329 1194 513 325 1195 517 322 1196 513 325 1197 516 329 1198 512 328 1199 534 330 1200 521 331 1201 536 332 1202 531 333 1203 519 334 1204 530 335 1205 520 336 1206 535 337 1207 521 331 1208 535 337 1209 520 336 1210 533 338 1211 529 339 1212 522 339 1213 526 339 1214 522 340 1215 529 340 1216 525 340 1217 526 341 1218 523 341 1219 527 341 1220 523 342 1221 526 342 1222 522 342 1223 527 343 1224 524 343 1225 528 343 1226 524 344 1227 527 344 1228 523 344 1229 528 345 1230 525 345 1231 529 345 1232 525 346 1233 528 346 1234 524 346 1235 527 347 1236 529 347 1237 526 347 1238 529 348 1239 527 348 1240 528 348 1241 521 331 1242 534 330 1243 518 349 1244 518 349 1245 537 350 1246 530 335 1247 519 334 1248 531 333 1249 520 336 1250 537 350 1251 518 349 1252 532 351 1253 540 352 1254 474 353 1255 543 354 1256 477 287 1257 545 286 1258 474 353 1259 474 353 1260 540 352 1261 541 291 1262 475 290 1263 542 289 1264 476 292 1265 478 355 1266 481 355 1267 480 355 1268 522 356 1269 525 356 1270 524 356 1271 502 357 1272 505 357 1273 504 357 1274 550 0 1275 551 0 1276 547 0 1277 551 1 1278 552 1 1279 548 1 1280 552 2 1281 553 2 1282 549 2 1283 553 3 1284 550 3 1285 546 3 1286 558 0 1287 559 0 1288 555 0 1289 559 1 1290 560 1 1291 556 1 1292 560 2 1293 561 2 1294 557 2 1295 561 3 1296 558 3 1297 554 3 1298 569 358 1299 562 359 1300 566 360 1301 562 359 1302 569 358 1303 565 361 1304 566 360 1305 563 362 1306 567 363 1307 563 362 1308 566 360 1309 562 359 1310 567 363 1311 564 364 1312 568 365 1313 564 364 1314 567 363 1315 563 362 1316 568 365 1317 565 361 1318 569 358 1319 565 361 1320 568 365 1321 564 364 1322 641 366 1323 573 367 1324 635 368 1325 638 369 1326 571 370 1327 637 371 1328 572 372 1329 634 373 1330 573 367 1331 634 373 1332 572 372 1333 640 374 1334 581 375 1335 574 375 1336 578 375 1337 574 376 1338 581 376 1339 577 376 1340 578 377 1341 575 377 1342 579 377 1343 575 378 1344 578 378 1345 574 378 1346 579 379 1347 576 379 1348 580 379 1349 576 380 1350 579 380 1351 575 380 1352 580 381 1353 577 381 1354 581 381 1355 577 382 1356 580 382 1357 576 382 1358 579 383 1359 581 383 1360 578 383 1361 581 384 1362 579 384 1363 580 384 1364 586 0 1365 587 0 1366 583 0 1367 587 1 1368 588 1 1369 584 1 1370 588 2 1371 589 2 1372 585 2 1373 589 3 1374 586 3 1375 582 3 1376 594 0 1377 595 0 1378 591 0 1379 595 1 1380 596 1 1381 592 1 1382 596 2 1383 597 2 1384 593 2 1385 597 3 1386 594 3 1387 590 3 1388 605 385 1389 598 385 1390 602 385 1391 598 386 1392 605 386 1393 601 386 1394 602 387 1395 599 387 1396 603 387 1397 599 388 1398 602 388 1399 598 388 1400 603 389 1401 600 389 1402 604 389 1403 600 390 1404 603 390 1405 599 390 1406 604 391 1407 601 391 1408 605 391 1409 601 392 1410 604 392 1411 600 392 1412 603 383 1413 605 383 1414 602 383 1415 605 393 1416 603 393 1417 604 393 1418 613 394 1419 606 395 1420 610 396 1421 606 395 1422 613 394 1423 609 397 1424 610 396 1425 607 398 1426 611 399 1427 607 398 1428 610 396 1429 606 395 1430 611 399 1431 608 400 1432 612 401 1433 608 400 1434 611 399 1435 607 398 1436 612 401 1437 609 397 1438 613 394 1439 609 397 1440 612 401 1441 608 400 1442 630 402 1443 617 403 1444 632 404 1445 627 405 1446 615 406 1447 626 407 1448 616 408 1449 631 409 1450 617 403 1451 631 409 1452 616 408 1453 629 410 1454 625 411 1455 618 411 1456 622 411 1457 618 412 1458 625 412 1459 621 412 1460 622 413 1461 619 413 1462 623 413 1463 619 414 1464 622 414 1465 618 414 1466 623 415 1467 620 415 1468 624 415 1469 620 416 1470 623 416 1471 619 416 1472 624 417 1473 621 417 1474 625 417 1475 621 418 1476 624 418 1477 620 418 1478 623 419 1479 625 419 1480 622 419 1481 625 420 1482 623 420 1483 624 420 1484 617 403 1485 630 402 1486 614 421 1487 614 421 1488 633 422 1489 626 407 1490 615 406 1491 627 405 1492 616 408 1493 633 422 1494 614 421 1495 628 423 1496 636 424 1497 570 425 1498 639 426 1499 573 367 1500 641 366 1501 570 425 1502 570 425 1503 636 424 1504 637 371 1505 571 370 1506 638 369 1507 572 372 1508 574 427 1509 577 427 1510 576 427 1511 618 428 1512 621 428 1513 620 428 1514 598 429 1515 601 429 1516 600 429 1517 646 430 1518 647 430 1519 643 430 1520 643 431 1521 642 431 1522 646 431 1523 647 432 1524 648 432 1525 644 432 1526 644 433 1527 643 433 1528 647 433 1529 648 434 1530 649 434 1531 645 434 1532 645 435 1533 644 435 1534 648 435 1535 649 436 1536 646 436 1537 642 436 1538 642 437 1539 645 437 1540 649 437 1541 644 438 1542 645 438 1543 643 438 1544 654 439 1545 655 439 1546 651 439 1547 655 440 1548 656 440 1549 651 440 1550 656 441 1551 657 441 1552 652 441 1553 657 442 1554 654 442 1555 650 442 1556 650 443 1557 651 443 1558 652 443 1559 657 444 1560 656 444 1561 654 444 1562 662 445 1563 663 445 1564 659 445 1565 663 446 1566 664 446 1567 659 446 1568 664 447 1569 665 447 1570 660 447 1571 665 448 1572 662 448 1573 658 448 1574 658 449 1575 659 449 1576 660 449 1577 665 450 1578 664 450 1579 663 450 1580 670 451 1581 671 451 1582 667 451 1583 671 452 1584 672 452 1585 668 452 1586 672 453 1587 673 453 1588 669 453 1589 673 454 1590 670 454 1591 669 454 1592 666 455 1593 667 455 1594 669 455 1595 673 456 1596 672 456 1597 671 456 1598 678 457 1599 679 457 1600 675 457 1601 679 458 1602 680 458 1603 675 458 1604 680 459 1605 681 459 1606 677 459 1607 681 460 1608 678 460 1609 677 460 1610 674 461 1611 675 461 1612 677 461 1613 681 462 1614 680 462 1615 678 462 1616 686 463 1617 687 463 1618 682 463 1619 687 464 1620 688 464 1621 684 464 1622 688 465 1623 689 465 1624 684 465 1625 689 466 1626 686 466 1627 682 466 1628 682 467 1629 683 467 1630 684 467 1631 689 468 1632 688 468 1633 686 468 1634 694 469 1635 695 469 1636 691 469 1637 695 470 1638 696 470 1639 691 470 1640 696 471 1641 697 471 1642 693 471 1643 697 472 1644 694 472 1645 693 472 1646 690 473 1647 691 473 1648 693 473 1649 697 474 1650 696 474 1651 695 474 1652 702 475 1653 703 475 1654 699 475 1655 703 476 1656 704 476 1657 700 476 1658 704 477 1659 705 477 1660 701 477 1661 705 478 1662 702 478 1663 701 478 1664 698 479 1665 699 479 1666 701 479 1667 705 480 1668 704 480 1669 702 480 1670 706 0 1671 707 0 1672 708 0 1673 708 0 1674 709 0 1675 706 0 1676 710 481 1677 711 481 1678 712 481 1679 712 482 1680 713 482 1681 710 482 1682 714 483 1683 715 483 1684 716 483 1685 716 484 1686 717 484 1687 714 484 1688 718 2 1689 719 2 1690 720 2 1691 720 2 1692 721 2 1693 718 2 1694 722 485 1695 723 486 1696 724 487 1697 724 487 1698 725 488 1699 722 485 1700 726 489 1701 727 490 1702 723 486 1703 723 486 1704 722 485 1705 726 489 1706 727 490 1707 728 491 1708 724 487 1709 724 487 1710 723 486 1711 727 490 1712 728 491 1713 729 492 1714 725 488 1715 725 488 1716 724 487 1717 728 491 1718 729 492 1719 726 489 1720 722 485 1721 722 485 1722 725 488 1723 729 492 1724 730 493 1725 731 494 1726 732 495 1727 732 495 1728 733 496 1729 730 493 1730 734 497 1731 735 498 1732 731 494 1733 731 494 1734 730 493 1735 734 497 1736 735 498 1737 736 499 1738 732 495 1739 732 495 1740 731 494 1741 735 498 1742 736 499 1743 737 492 1744 733 496 1745 733 496 1746 732 495 1747 736 499 1748 737 492 1749 734 497 1750 730 493 1751 730 493 1752 733 496 1753 737 492 1754 738 500 1755 739 501 1756 740 487 1757 740 487 1758 741 502 1759 738 500 1760 742 503 1761 743 498 1762 739 501 1763 739 501 1764 738 500 1765 742 503 1766 743 498 1767 744 504 1768 740 487 1769 740 487 1770 739 501 1771 743 498 1772 744 504 1773 745 492 1774 741 502 1775 741 502 1776 740 487 1777 744 504 1778 745 492 1779 742 503 1780 738 500 1781 738 500 1782 741 502 1783 745 492 1784 746 493 1785 747 505 1786 748 506 1787 748 506 1788 749 507 1789 746 493 1790 750 508 1791 751 509 1792 747 505 1793 747 505 1794 746 493 1795 750 508 1796 751 509 1797 752 510 1798 748 506 1799 748 506 1800 747 505 1801 751 509 1802 752 510 1803 753 511 1804 749 507 1805 749 507 1806 748 506 1807 752 510 1808 753 511 1809 750 508 1810 746 493 1811 746 493 1812 749 507 1813 753 511 1814 754 512 1815 755 513 1816 756 514 1817 756 514 1818 757 515 1819 754 512 1820 758 516 1821 759 517 1822 755 513 1823 755 513 1824 754 512 1825 758 516 1826 759 517 1827 760 491 1828 756 514 1829 756 514 1830 755 513 1831 759 517 1832 760 491 1833 761 511 1834 757 515 1835 757 515 1836 756 514 1837 760 491 1838 761 511 1839 758 516 1840 754 512 1841 754 512 1842 757 515 1843 761 511 1844 762 518 1845 763 519 1846 764 520 1847 764 520 1848 765 521 1849 762 518 1850 766 522 1851 767 523 1852 763 519 1853 763 519 1854 762 518 1855 766 522 1856 767 523 1857 768 524 1858 764 520 1859 764 520 1860 763 519 1861 767 523 1862 768 524 1863 769 525 1864 765 521 1865 765 521 1866 764 520 1867 768 524 1868 769 525 1869 766 522 1870 762 518 1871 762 518 1872 765 521 1873 769 525 1874 770 526 1875 771 527 1876 772 528 1877 772 528 1878 773 529 1879 770 526 1880 774 530 1881 775 531 1882 771 527 1883 771 527 1884 770 526 1885 774 530 1886 775 531 1887 776 532 1888 772 528 1889 772 528 1890 771 527 1891 775 531 1892 776 532 1893 777 533 1894 773 529 1895 773 529 1896 772 528 1897 776 532 1898 777 533 1899 774 530 1900 770 526 1901 770 526 1902 773 529 1903 777 533 1904 778 534 1905 779 535 1906 780 536 1907 780 536 1908 781 537 1909 778 534 1910 708 538 1911 707 539 1912 779 535 1913 779 535 1914 778 534 1915 708 538 1916 780 536 1917 707 539 1918 706 540 1919 780 536 1920 779 535 1921 707 539 1922 706 540 1923 709 541 1924 781 537 1925 781 537 1926 780 536 1927 706 540 1928 709 541 1929 708 538 1930 778 534 1931 778 534 1932 781 537 1933 709 541 1934 782 542 1935 783 543 1936 784 544 1937 784 544 1938 785 545 1939 782 542 1940 712 546 1941 711 547 1942 783 543 1943 783 543 1944 782 542 1945 712 546 1946 711 547 1947 710 548 1948 784 544 1949 784 544 1950 783 543 1951 711 547 1952 710 548 1953 713 549 1954 785 545 1955 785 545 1956 784 544 1957 710 548 1958 713 549 1959 712 546 1960 782 542 1961 782 542 1962 785 545 1963 713 549 1964 786 550 1965 787 551 1966 788 552 1967 788 552 1968 789 553 1969 786 550 1970 716 554 1971 715 555 1972 787 551 1973 787 551 1974 786 550 1975 716 554 1976 715 555 1977 714 556 1978 788 552 1979 788 552 1980 787 551 1981 715 555 1982 714 556 1983 717 557 1984 789 553 1985 789 553 1986 788 552 1987 714 556 1988 717 557 1989 716 554 1990 786 550 1991 786 550 1992 789 553 1993 717 557 1994 790 558 1995 791 559 1996 792 560 1997 792 560 1998 793 561 1999 790 558 2000 720 562 2001 719 563 2002 791 559 2003 791 559 2004 790 558 2005 720 562 2006 719 563 2007 718 564 2008 792 560 2009 792 560 2010 791 559 2011 719 563 2012 718 564 2013 721 565 2014 793 561 2015 793 561 2016 792 560 2017 718 564 2018 721 565 2019 720 562 2020 790 558 2021 790 558 2022 793 561 2023 721 565 2024 794 518 2025 795 566 2026 796 567 2027 796 567 2028 797 568 2029 794 518 2030 798 569 2031 799 570 2032 795 566 2033 795 566 2034 794 518 2035 798 569 2036 799 570 2037 800 571 2038 796 567 2039 796 567 2040 795 566 2041 799 570 2042 800 571 2043 801 572 2044 797 568 2045 797 568 2046 796 567 2047 800 571 2048 801 572 2049 798 569 2050 794 518 2051 794 518 2052 797 568 2053 801 572 2054 802 573 2055 803 574 2056 804 575 2057 804 575 2058 805 576 2059 802 573 2060 806 577 2061 807 578 2062 803 574 2063 803 574 2064 802 573 2065 806 577 2066 807 578 2067 808 579 2068 804 575 2069 804 575 2070 803 574 2071 807 578 2072 808 579 2073 809 580 2074 805 576 2075 805 576 2076 804 575 2077 808 579 2078 809 580 2079 806 577 2080 802 573 2081 802 573 2082 805 576 2083 809 580 2084 810 581 2085 811 582 2086 812 583 2087 812 583 2088 813 584 2089 810 581 2090 814 585 2091 815 586 2092 811 582 2093 811 582 2094 810 581 2095 814 585 2096 815 586 2097 816 587 2098 812 583 2099 812 583 2100 811 582 2101 815 586 2102 816 587 2103 817 588 2104 813 584 2105 813 584 2106 812 583 2107 816 587 2108 817 588 2109 814 585 2110 810 581 2111 810 581 2112 813 584 2113 817 588 2114 818 589 2115 819 590 2116 820 591 2117 820 591 2118 821 592 2119 818 589 2120 822 593 2121 823 594 2122 819 590 2123 819 590 2124 818 589 2125 822 593 2126 823 594 2127 824 595 2128 820 591 2129 820 591 2130 819 590 2131 823 594 2132 824 595 2133 825 241 2134 821 592 2135 821 592 2136 820 591 2137 824 595 2138 825 241 2139 822 593 2140 818 589 2141 818 589 2142 821 592 2143 825 241 2144 826 596 2145 827 597 2146 828 598 2147 828 598 2148 829 599 2149 826 596 2150 830 600 2151 831 601 2152 827 597 2153 827 597 2154 826 596 2155 830 600 2156 831 601 2157 832 602 2158 828 598 2159 828 598 2160 827 597 2161 831 601 2162 832 602 2163 833 603 2164 829 599 2165 829 599 2166 828 598 2167 832 602 2168 833 603 2169 830 600 2170 826 596 2171 826 596 2172 829 599 2173 833 603 2174 834 604 2175 835 605 2176 836 606 2177 836 606 2178 837 607 2179 834 604 2180 838 608 2181 839 609 2182 835 605 2183 835 605 2184 834 604 2185 838 608 2186 839 609 2187 840 610 2188 836 606 2189 836 606 2190 835 605 2191 839 609 2192 840 610 2193 841 611 2194 837 607 2195 837 607 2196 836 606 2197 840 610 2198 841 611 2199 838 608 2200 834 604 2201 834 604 2202 837 607 2203 841 611 2204 842 612 2205 843 613 2206 844 614 2207 844 614 2208 845 615 2209 842 612 2210 846 616 2211 847 617 2212 843 613 2213 843 613 2214 842 612 2215 846 616 2216 847 617 2217 848 618 2218 844 614 2219 844 614 2220 843 613 2221 847 617 2222 848 618 2223 849 619 2224 845 615 2225 845 615 2226 844 614 2227 848 618 2228 849 619 2229 846 616 2230 842 612 2231 842 612 2232 845 615 2233 849 619 2234 850 620 2235 851 621 2236 852 622 2237 852 622 2238 853 623 2239 850 620 2240 854 624 2241 855 625 2242 851 621 2243 851 621 2244 850 620 2245 854 624 2246 855 625 2247 856 626 2248 852 622 2249 852 622 2250 851 621 2251 855 625 2252 856 626 2253 857 627 2254 853 623 2255 853 623 2256 852 622 2257 856 626 2258 857 627 2259 854 624 2260 850 620 2261 850 620 2262 853 623 2263 857 627 2264 858 628 2265 859 629 2266 860 630 2267 860 630 2268 861 631 2269 858 628 2270 862 632 2271 863 633 2272 859 629 2273 859 629 2274 858 628 2275 862 632 2276 863 633 2277 864 634 2278 860 630 2279 860 630 2280 859 629 2281 863 633 2282 864 634 2283 865 635 2284 861 631 2285 861 631 2286 860 630 2287 864 634 2288 865 635 2289 862 632 2290 858 628 2291 858 628 2292 861 631 2293 865 635 2294 873 636 2295 866 637 2296 870 638 2297 866 637 2298 873 636 2299 869 639 2300 870 638 2301 867 640 2302 871 641 2303 867 640 2304 870 638 2305 866 637 2306 871 641 2307 868 642 2308 872 643 2309 868 642 2310 871 641 2311 867 640 2312 872 643 2313 869 639 2314 873 636 2315 869 639 2316 872 643 2317 868 642 2318 871 641 2319 873 636 2320 870 638 2321 873 636 2322 871 641 2323 872 643 2324 881 644 2325 874 645 2326 878 646 2327 874 645 2328 881 644 2329 877 647 2330 878 646 2331 875 648 2332 879 649 2333 875 648 2334 878 646 2335 874 645 2336 879 649 2337 876 650 2338 880 651 2339 876 650 2340 879 649 2341 875 648 2342 880 651 2343 877 647 2344 881 644 2345 877 647 2346 880 651 2347 876 650 2348 879 649 2349 881 644 2350 878 646 2351 881 644 2352 879 649 2353 880 651 2354 889 652 2355 882 653 2356 886 654 2357 882 653 2358 889 652 2359 885 655 2360 886 654 2361 883 656 2362 887 657 2363 883 656 2364 886 654 2365 882 653 2366 887 657 2367 884 658 2368 888 659 2369 884 658 2370 887 657 2371 883 656 2372 888 659 2373 885 655 2374 889 652 2375 885 655 2376 888 659 2377 884 658 2378 887 657 2379 889 652 2380 886 654 2381 889 652 2382 887 657 2383 888 659 2384 897 660 2385 890 661 2386 894 662 2387 890 661 2388 897 660 2389 893 663 2390 894 662 2391 891 664 2392 895 665 2393 891 664 2394 894 662 2395 890 661 2396 895 665 2397 892 666 2398 896 667 2399 892 666 2400 895 665 2401 891 664 2402 896 667 2403 893 663 2404 897 660 2405 893 663 2406 896 667 2407 892 666 2408 895 665 2409 897 660 2410 894 662 2411 897 660 2412 895 665 2413 896 667 2414 905 668 2415 898 669 2416 902 670 2417 898 669 2418 905 668 2419 901 671 2420 902 670 2421 899 672 2422 903 673 2423 899 672 2424 902 670 2425 898 669 2426 903 673 2427 900 674 2428 904 675 2429 900 674 2430 903 673 2431 899 672 2432 904 675 2433 901 671 2434 905 668 2435 901 671 2436 904 675 2437 900 674 2438 903 673 2439 905 668 2440 902 670 2441 905 668 2442 903 673 2443 904 675 2444 906 0 2445 907 0 2446 908 0 2447 908 0 2448 909 0 2449 906 0 2450 910 676 2451 911 676 2452 912 676 2453 912 677 2454 913 677 2455 910 677 2456 914 483 2457 915 483 2458 916 483 2459 916 483 2460 917 483 2461 914 483 2462 918 2 2463 919 2 2464 920 2 2465 920 2 2466 921 2 2467 918 2 2468 926 678 2469 923 679 2470 927 680 2471 923 679 2472 926 678 2473 922 681 2474 927 680 2475 924 682 2476 928 504 2477 924 682 2478 927 680 2479 923 679 2480 928 504 2481 925 683 2482 929 684 2483 925 683 2484 928 504 2485 924 682 2486 929 684 2487 922 681 2488 926 678 2489 922 681 2490 929 684 2491 925 683 2492 934 497 2493 931 685 2494 935 686 2495 931 685 2496 934 497 2497 930 687 2498 935 686 2499 932 682 2500 936 499 2501 932 682 2502 935 686 2503 931 685 2504 936 499 2505 933 688 2506 937 689 2507 933 688 2508 936 499 2509 932 682 2510 937 689 2511 930 687 2512 934 497 2513 930 687 2514 937 689 2515 933 688 2516 942 690 2517 939 691 2518 943 686 2519 939 691 2520 942 690 2521 938 692 2522 943 686 2523 940 682 2524 944 693 2525 940 682 2526 943 686 2527 939 691 2528 944 693 2529 941 694 2530 945 695 2531 941 694 2532 944 693 2533 940 682 2534 945 695 2535 938 692 2536 942 690 2537 938 692 2538 945 695 2539 941 694 2540 950 696 2541 947 697 2542 951 698 2543 947 697 2544 950 696 2545 946 687 2546 951 698 2547 948 699 2548 952 700 2549 948 699 2550 951 698 2551 947 697 2552 952 700 2553 949 701 2554 953 689 2555 949 701 2556 952 700 2557 948 699 2558 953 689 2559 946 687 2560 950 696 2561 946 687 2562 953 689 2563 949 701 2564 958 702 2565 955 703 2566 959 517 2567 955 703 2568 958 702 2569 954 704 2570 959 517 2571 956 705 2572 960 706 2573 956 705 2574 959 517 2575 955 703 2576 960 706 2577 957 683 2578 961 511 2579 957 683 2580 960 706 2581 956 705 2582 961 511 2583 954 704 2584 958 702 2585 954 704 2586 961 511 2587 957 683 2588 962 707 2589 963 708 2590 964 709 2591 964 709 2592 965 710 2593 962 707 2594 966 711 2595 967 712 2596 963 708 2597 963 708 2598 962 707 2599 966 711 2600 967 712 2601 968 713 2602 964 709 2603 964 709 2604 963 708 2605 967 712 2606 968 713 2607 969 714 2608 965 710 2609 965 710 2610 964 709 2611 968 713 2612 969 714 2613 966 711 2614 962 707 2615 962 707 2616 965 710 2617 969 714 2618 970 715 2619 971 716 2620 972 717 2621 972 717 2622 973 718 2623 970 715 2624 974 719 2625 975 720 2626 971 716 2627 971 716 2628 970 715 2629 974 719 2630 975 720 2631 976 721 2632 972 717 2633 972 717 2634 971 716 2635 975 720 2636 976 721 2637 977 722 2638 973 718 2639 973 718 2640 972 717 2641 976 721 2642 977 722 2643 974 719 2644 970 715 2645 970 715 2646 973 718 2647 977 722 2648 978 534 2649 979 723 2650 980 724 2651 980 724 2652 981 725 2653 978 534 2654 908 726 2655 907 727 2656 979 723 2657 979 723 2658 978 534 2659 908 726 2660 980 724 2661 907 727 2662 906 728 2663 980 724 2664 979 723 2665 907 727 2666 906 728 2667 909 729 2668 981 725 2669 981 725 2670 980 724 2671 906 728 2672 909 729 2673 908 726 2674 978 534 2675 978 534 2676 981 725 2677 909 729 2678 982 730 2679 983 731 2680 984 732 2681 984 732 2682 985 733 2683 982 730 2684 912 734 2685 911 735 2686 983 731 2687 983 731 2688 982 730 2689 912 734 2690 911 735 2691 910 736 2692 984 732 2693 984 732 2694 983 731 2695 911 735 2696 910 736 2697 913 737 2698 985 733 2699 985 733 2700 984 732 2701 910 736 2702 913 737 2703 912 734 2704 982 730 2705 982 730 2706 985 733 2707 913 737 2708 986 738 2709 987 739 2710 988 740 2711 988 740 2712 989 741 2713 986 738 2714 916 742 2715 915 743 2716 987 739 2717 987 739 2718 986 738 2719 916 742 2720 915 743 2721 914 744 2722 988 740 2723 988 740 2724 987 739 2725 915 743 2726 914 744 2727 917 745 2728 989 741 2729 989 741 2730 988 740 2731 914 744 2732 917 745 2733 916 742 2734 986 738 2735 986 738 2736 989 741 2737 917 745 2738 990 746 2739 991 747 2740 992 748 2741 992 748 2742 993 749 2743 990 746 2744 920 750 2745 919 751 2746 991 747 2747 991 747 2748 990 746 2749 920 750 2750 919 751 2751 918 752 2752 992 748 2753 992 748 2754 991 747 2755 919 751 2756 918 752 2757 921 753 2758 993 749 2759 993 749 2760 992 748 2761 918 752 2762 921 753 2763 920 750 2764 990 746 2765 990 746 2766 993 749 2767 921 753 2768 994 754 2769 995 708 2770 996 755 2771 996 755 2772 997 756 2773 994 754 2774 998 757 2775 999 758 2776 995 708 2777 995 708 2778 994 754 2779 998 757 2780 999 758 2781 1000 759 2782 996 755 2783 996 755 2784 995 708 2785 999 758 2786 1000 759 2787 1001 760 2788 997 756 2789 997 756 2790 996 755 2791 1000 759 2792 1001 760 2793 998 757 2794 994 754 2795 994 754 2796 997 756 2797 1001 760 2798 1002 761 2799 1003 762 2800 1004 763 2801 1004 763 2802 1005 764 2803 1002 761 2804 1006 765 2805 1007 766 2806 1003 762 2807 1003 762 2808 1002 761 2809 1006 765 2810 1007 766 2811 1008 767 2812 1004 763 2813 1004 763 2814 1003 762 2815 1007 766 2816 1008 767 2817 1009 768 2818 1005 764 2819 1005 764 2820 1004 763 2821 1008 767 2822 1009 768 2823 1006 765 2824 1002 761 2825 1002 761 2826 1005 764 2827 1009 768 2828 1010 581 2829 1011 769 2830 1012 770 2831 1012 770 2832 1013 771 2833 1010 581 2834 1014 585 2835 1015 772 2836 1011 769 2837 1011 769 2838 1010 581 2839 1014 585 2840 1015 772 2841 1016 773 2842 1012 770 2843 1012 770 2844 1011 769 2845 1015 772 2846 1016 773 2847 1017 588 2848 1013 771 2849 1013 771 2850 1012 770 2851 1016 773 2852 1017 588 2853 1014 585 2854 1010 581 2855 1010 581 2856 1013 771 2857 1017 588 2858 1018 589 2859 1019 774 2860 1020 775 2861 1020 775 2862 1021 776 2863 1018 589 2864 1022 777 2865 1023 778 2866 1019 774 2867 1019 774 2868 1018 589 2869 1022 777 2870 1023 778 2871 1024 779 2872 1020 775 2873 1020 775 2874 1019 774 2875 1023 778 2876 1024 779 2877 1025 780 2878 1021 776 2879 1021 776 2880 1020 775 2881 1024 779 2882 1025 780 2883 1022 777 2884 1018 589 2885 1018 589 2886 1021 776 2887 1025 780 2888 1030 781 2889 1027 691 2890 1031 601 2891 1027 691 2892 1030 781 2893 1026 782 2894 1031 601 2895 1028 783 2896 1032 784 2897 1028 783 2898 1031 601 2899 1027 691 2900 1032 784 2901 1029 785 2902 1033 603 2903 1029 785 2904 1032 784 2905 1028 783 2906 1033 603 2907 1026 782 2908 1030 781 2909 1026 782 2910 1033 603 2911 1029 785 2912 1034 786 2913 1035 787 2914 1036 788 2915 1036 788 2916 1037 789 2917 1034 786 2918 1038 790 2919 1039 791 2920 1035 787 2921 1035 787 2922 1034 786 2923 1038 790 2924 1039 791 2925 1040 792 2926 1036 788 2927 1036 788 2928 1035 787 2929 1039 791 2930 1040 792 2931 1041 793 2932 1037 789 2933 1037 789 2934 1036 788 2935 1040 792 2936 1041 793 2937 1038 790 2938 1034 786 2939 1034 786 2940 1037 789 2941 1041 793 2942 1042 794 2943 1043 795 2944 1044 796 2945 1044 796 2946 1045 797 2947 1042 794 2948 1046 798 2949 1047 799 2950 1043 795 2951 1043 795 2952 1042 794 2953 1046 798 2954 1047 799 2955 1048 800 2956 1044 796 2957 1044 796 2958 1043 795 2959 1047 799 2960 1048 800 2961 1049 801 2962 1045 797 2963 1045 797 2964 1044 796 2965 1048 800 2966 1049 801 2967 1046 798 2968 1042 794 2969 1042 794 2970 1045 797 2971 1049 801 2972 1050 802 2973 1051 803 2974 1052 804 2975 1052 804 2976 1053 805 2977 1050 802 2978 1054 806 2979 1055 807 2980 1051 803 2981 1051 803 2982 1050 802 2983 1054 806 2984 1055 807 2985 1056 626 2986 1052 804 2987 1052 804 2988 1051 803 2989 1055 807 2990 1056 626 2991 1057 808 2992 1053 805 2993 1053 805 2994 1052 804 2995 1056 626 2996 1057 808 2997 1054 806 2998 1050 802 2999 1050 802 3000 1053 805 3001 1057 808 3002 1058 809 3003 1059 810 3004 1060 811 3005 1060 811 3006 1061 812 3007 1058 809 3008 1062 813 3009 1063 814 3010 1059 810 3011 1059 810 3012 1058 809 3013 1062 813 3014 1063 814 3015 1064 815 3016 1060 811 3017 1060 811 3018 1059 810 3019 1063 814 3020 1064 815 3021 1065 816 3022 1061 812 3023 1061 812 3024 1060 811 3025 1064 815 3026 1065 816 3027 1062 813 3028 1058 809 3029 1058 809 3030 1061 812 3031 1065 816 3032 1073 817 3033 1066 818 3034 1070 819 3035 1066 818 3036 1073 817 3037 1069 820 3038 1070 819 3039 1067 821 3040 1071 822 3041 1067 821 3042 1070 819 3043 1066 818 3044 1071 822 3045 1068 823 3046 1072 824 3047 1068 823 3048 1071 822 3049 1067 821 3050 1072 824 3051 1069 820 3052 1073 817 3053 1069 820 3054 1072 824 3055 1068 823 3056 1071 822 3057 1073 817 3058 1070 819 3059 1073 817 3060 1071 822 3061 1072 824 3062 1081 825 3063 1074 826 3064 1078 827 3065 1074 826 3066 1081 825 3067 1077 828 3068 1078 827 3069 1075 829 3070 1079 830 3071 1075 829 3072 1078 827 3073 1074 826 3074 1079 830 3075 1076 831 3076 1080 832 3077 1076 831 3078 1079 830 3079 1075 829 3080 1080 832 3081 1077 828 3082 1081 825 3083 1077 828 3084 1080 832 3085 1076 831 3086 1079 830 3087 1081 825 3088 1078 827 3089 1081 825 3090 1079 830 3091 1080 832 3092 1089 833 3093 1082 834 3094 1086 835 3095 1082 834 3096 1089 833 3097 1085 836 3098 1086 835 3099 1083 837 3100 1087 838 3101 1083 837 3102 1086 835 3103 1082 834 3104 1087 838 3105 1084 839 3106 1088 840 3107 1084 839 3108 1087 838 3109 1083 837 3110 1088 840 3111 1085 836 3112 1089 833 3113 1085 836 3114 1088 840 3115 1084 839 3116 1087 838 3117 1089 833 3118 1086 835 3119 1089 833 3120 1087 838 3121 1088 840 3122 1097 841 3123 1090 842 3124 1094 843 3125 1090 842 3126 1097 841 3127 1093 844 3128 1094 843 3129 1091 845 3130 1095 846 3131 1091 845 3132 1094 843 3133 1090 842 3134 1095 846 3135 1092 847 3136 1096 848 3137 1092 847 3138 1095 846 3139 1091 845 3140 1096 848 3141 1093 844 3142 1097 841 3143 1093 844 3144 1096 848 3145 1092 847 3146 1095 846 3147 1097 841 3148 1094 843 3149 1097 841 3150 1095 846 3151 1096 848 3152 1105 849 3153 1102 850 3154 1098 851 3155 1098 851 3156 1101 852 3157 1105 849 3158 1102 850 3159 1103 853 3160 1099 854 3161 1099 854 3162 1098 851 3163 1102 850 3164 1103 853 3165 1104 855 3166 1100 674 3167 1100 674 3168 1099 854 3169 1103 853 3170 1104 855 3171 1105 849 3172 1101 852 3173 1101 852 3174 1100 674 3175 1104 855 3176 1131 856 3177 1130 856 3178 1153 856 3179 1131 857 3180 1153 857 3181 1152 857 3182 1150 858 3183 1151 858 3184 1145 858 3185 1150 859 3186 1145 859 3187 1144 859 3188 1146 860 3189 1149 860 3190 1148 860 3191 1146 861 3192 1148 861 3193 1147 861 3194 1145 862 3195 1146 862 3196 1147 862 3197 1145 863 3198 1147 863 3199 1144 863 3200 1142 864 3201 1141 864 3202 1140 864 3203 1142 865 3204 1140 865 3205 1143 865 3206 1141 866 3207 1138 866 3208 1140 866 3209 1138 867 3210 1139 867 3211 1140 867 3212 1137 868 3213 1136 868 3214 1142 868 3215 1137 869 3216 1142 869 3217 1143 869 3218 1134 870 3219 1112 870 3220 1113 870 3221 1134 871 3222 1113 871 3223 1135 871 3224 1111 872 3225 1134 872 3226 1110 872 3227 1134 873 3228 1135 873 3229 1110 873 3230 1132 874 3231 1125 874 3232 1124 874 3233 1132 875 3234 1124 875 3235 1133 875 3236 1122 876 3237 1132 876 3238 1123 876 3239 1132 877 3240 1133 877 3241 1123 877 3242 1128 878 3243 1129 878 3244 1130 878 3245 1128 879 3246 1130 879 3247 1131 879 3248 1127 880 3249 1126 880 3250 1128 880 3251 1126 881 3252 1129 881 3253 1128 881 3254 1124 882 3255 1125 882 3256 1126 882 3257 1124 883 3258 1126 883 3259 1127 883 3260 1118 884 3261 1121 884 3262 1123 884 3263 1121 885 3264 1122 885 3265 1123 885 3266 1121 886 3267 1118 886 3268 1119 886 3269 1121 887 3270 1119 887 3271 1120 887 3272 1114 888 3273 1115 888 3274 1117 888 3275 1115 889 3276 1116 889 3277 1117 889 3278 1113 890 3279 1112 890 3280 1115 890 3281 1113 891 3282 1115 891 3283 1114 891 3284 1109 892 3285 1106 892 3286 1111 892 3287 1109 893 3288 1111 893 3289 1110 893 3290 1106 894 3291 1109 894 3292 1108 894 3293 1106 895 3294 1108 895 3295 1107 895 3296 1119 896 3297 1156 896 3298 1120 896 3299 1108 897 3300 1154 897 3301 1107 897 3302 1120 898 3303 1156 898 3304 1157 898 3305 1155 899 3306 1154 899 3307 1108 899 3308 1162 900 3309 1163 900 3310 1159 900 3311 1164 901 3312 1165 901 3313 1161 901 3314 1158 902 3315 1159 902 3316 1161 902 3317 1165 2 3318 1164 2 3319 1163 2 3320 1170 903 3321 1171 903 3322 1167 903 3323 1172 904 3324 1173 904 3325 1169 904 3326 1166 905 3327 1167 905 3328 1169 905 3329 1173 906 3330 1172 906 3331 1171 906 3332 1178 907 3333 1179 907 3334 1175 907 3335 1180 908 3336 1181 908 3337 1177 908 3338 1174 909 3339 1175 909 3340 1176 909 3341 1181 910 3342 1180 910 3343 1178 910 3344 1186 911 3345 1187 911 3346 1183 911 3347 1188 912 3348 1189 912 3349 1185 912 3350 1182 913 3351 1183 913 3352 1185 913 3353 1189 914 3354 1188 914 3355 1187 914 3356 1194 915 3357 1195 915 3358 1191 915 3359 1196 916 3360 1197 916 3361 1193 916 3362 1190 917 3363 1191 917 3364 1192 917 3365 1197 918 3366 1196 918 3367 1194 918 3368 1202 919 3369 1203 919 3370 1199 919 3371 1204 920 3372 1205 920 3373 1201 920 3374 1198 921 3375 1199 921 3376 1201 921 3377 1205 2 3378 1204 2 3379 1203 2 3380 1210 922 3381 1211 922 3382 1207 922 3383 1212 923 3384 1213 923 3385 1209 923 3386 1206 924 3387 1207 924 3388 1209 924 3389 1213 1 3390 1212 1 3391 1211 1 3392 1218 925 3393 1219 925 3394 1215 925 3395 1220 926 3396 1221 926 3397 1217 926 3398 1214 927 3399 1215 927 3400 1217 927 3401 1221 1 3402 1220 1 3403 1219 1 3404 1226 928 3405 1227 928 3406 1223 928 3407 1228 929 3408 1229 929 3409 1225 929 3410 1222 930 3411 1223 930 3412 1224 930 3413 1229 1 3414 1228 1 3415 1226 1 3416 1234 931 3417 1235 931 3418 1231 931 3419 1236 932 3420 1237 932 3421 1233 932 3422 1230 933 3423 1231 933 3424 1232 933 3425 1237 934 3426 1236 934 3427 1234 934 3428 1242 935 3429 1243 935 3430 1239 935 3431 1244 936 3432 1245 936 3433 1241 936 3434 1238 937 3435 1239 937 3436 1241 937 3437 1245 1 3438 1244 1 3439 1243 1 3440 1250 938 3441 1251 938 3442 1247 938 3443 1252 939 3444 1253 939 3445 1249 939 3446 1246 940 3447 1247 940 3448 1249 940 3449 1253 1 3450 1252 1 3451 1251 1 3452 1258 941 3453 1259 941 3454 1255 941 3455 1260 942 3456 1261 942 3457 1257 942 3458 1254 943 3459 1255 943 3460 1257 943 3461 1261 1 3462 1260 1 3463 1259 1 3464 1266 944 3465 1267 944 3466 1263 944 3467 1263 945 3468 1262 945 3469 1266 945 3470 1267 946 3471 1268 946 3472 1264 946 3473 1264 947 3474 1263 947 3475 1267 947 3476 1268 948 3477 1269 948 3478 1265 948 3479 1265 949 3480 1264 949 3481 1268 949 3482 1269 950 3483 1266 950 3484 1262 950 3485 1262 951 3486 1265 951 3487 1269 951 3488 1264 952 3489 1265 952 3490 1263 952 3491 1277 953 3492 1270 953 3493 1274 953 3494 1270 954 3495 1277 954 3496 1273 954 3497 1274 955 3498 1271 955 3499 1275 955 3500 1271 956 3501 1274 956 3502 1270 956 3503 1275 957 3504 1272 957 3505 1276 957 3506 1272 958 3507 1275 958 3508 1271 958 3509 1276 959 3510 1273 959 3511 1277 959 3512 1273 960 3513 1276 960 3514 1272 960 3515 1275 961 3516 1277 961 3517 1274 961 3518 1277 962 3519 1275 962 3520 1276 962 3521 1278 4 3522 1279 4 3523 1280 4 3524 1280 4 3525 1281 4 3526 1278 4 3527 1282 963 3528 1283 963 3529 1279 963 3530 1279 964 3531 1278 964 3532 1282 964 3533 1283 965 3534 1284 965 3535 1280 965 3536 1280 965 3537 1279 965 3538 1283 965 3539 1284 966 3540 1285 966 3541 1281 966 3542 1281 967 3543 1280 967 3544 1284 967 3545 1285 968 3546 1282 968 3547 1278 968 3548 1278 969 3549 1281 969 3550 1285 969 3551 1293 970 3552 1290 970 3553 1286 970 3554 1286 970 3555 1289 970 3556 1293 970 3557 1290 971 3558 1291 971 3559 1287 971 3560 1287 972 3561 1286 972 3562 1290 972 3563 1291 973 3564 1292 973 3565 1288 973 3566 1288 973 3567 1287 973 3568 1291 973 3569 1292 974 3570 1293 974 3571 1289 974 3572 1289 974 3573 1288 974 3574 1292 974 3575 1291 975 3576 1290 975 3577 1293 975 3578 1293 4 3579 1292 4 3580 1291 4 3581 1298 976 3582 1295 976 3583 1299 976 3584 1295 977 3585 1298 977 3586 1294 977 3587 1299 978 3588 1296 978 3589 1300 978 3590 1296 979 3591 1299 979 3592 1295 979 3593 1300 980 3594 1297 980 3595 1301 980 3596 1297 981 3597 1300 981 3598 1296 981 3599 1301 982 3600 1294 982 3601 1298 982 3602 1294 983 3603 1301 983 3604 1297 983 3605 1309 984 3606 1302 984 3607 1306 984 3608 1302 984 3609 1309 984 3610 1305 984 3611 1306 985 3612 1303 985 3613 1307 985 3614 1303 986 3615 1306 986 3616 1302 986 3617 1307 987 3618 1304 987 3619 1308 987 3620 1304 988 3621 1307 988 3622 1303 988 3623 1308 989 3624 1305 989 3625 1309 989 3626 1305 990 3627 1308 990 3628 1304 990 3629 1317 991 3630 1314 991 3631 1310 991 3632 1310 991 3633 1313 991 3634 1317 991 3635 1314 992 3636 1315 992 3637 1311 992 3638 1311 993 3639 1310 993 3640 1314 993 3641 1315 994 3642 1316 994 3643 1312 994 3644 1312 995 3645 1311 995 3646 1315 995 3647 1316 996 3648 1317 996 3649 1313 996 3650 1313 997 3651 1312 997 3652 1316 997 3653 1315 998 3654 1314 998 3655 1317 998 3656 1317 999 3657 1316 999 3658 1315 999 3659 1325 1000 3660 1318 1000 3661 1322 1000 3662 1318 1001 3663 1325 1001 3664 1321 1001 3665 1322 1002 3666 1319 1002 3667 1323 1002 3668 1319 1003 3669 1322 1003 3670 1318 1003 3671 1323 978 3672 1320 978 3673 1324 978 3674 1320 978 3675 1323 978 3676 1319 978 3677 1324 1004 3678 1321 1004 3679 1325 1004 3680 1321 1005 3681 1324 1005 3682 1320 1005 3683 1333 991 3684 1330 991 3685 1326 991 3686 1326 991 3687 1329 991 3688 1333 991 3689 1330 1006 3690 1331 1006 3691 1327 1006 3692 1327 1007 3693 1326 1007 3694 1330 1007 3695 1331 1008 3696 1332 1008 3697 1328 1008 3698 1328 1009 3699 1327 1009 3700 1331 1009 3701 1332 1010 3702 1333 1010 3703 1329 1010 3704 1329 1011 3705 1328 1011 3706 1332 1011 3707 1331 1012 3708 1330 1012 3709 1333 1012 3710 1333 1013 3711 1332 1013 3712 1331 1013 3713 1341 1001 3714 1334 1001 3715 1338 1001 3716 1334 1001 3717 1341 1001 3718 1337 1001 3719 1338 1014 3720 1335 1014 3721 1339 1014 3722 1335 1015 3723 1338 1015 3724 1334 1015 3725 1339 1016 3726 1336 1016 3727 1340 1016 3728 1336 1016 3729 1339 1016 3730 1335 1016 3731 1340 1017 3732 1337 1017 3733 1341 1017 3734 1337 1018 3735 1340 1018 3736 1336 1018 3737 1349 1019 3738 1346 1019 3739 1342 1019 3740 1342 1020 3741 1345 1020 3742 1349 1020 3743 1346 1021 3744 1347 1021 3745 1343 1021 3746 1343 1022 3747 1342 1022 3748 1346 1022 3749 1347 1023 3750 1348 1023 3751 1344 1023 3752 1344 1024 3753 1343 1024 3754 1347 1024 3755 1348 1025 3756 1349 1025 3757 1345 1025 3758 1345 1026 3759 1344 1026 3760 1348 1026 3761 1347 1027 3762 1346 1027 3763 1349 1027 3764 1349 1028 3765 1348 1028 3766 1347 1028 3767 1357 1029 3768 1350 1029 3769 1354 1029 3770 1350 1029 3771 1357 1029 3772 1353 1029 3773 1354 1002 3774 1351 1002 3775 1355 1002 3776 1351 1030 3777 1354 1030 3778 1350 1030 3779 1355 978 3780 1352 978 3781 1356 978 3782 1352 978 3783 1355 978 3784 1351 978 3785 1356 1031 3786 1353 1031 3787 1357 1031 3788 1353 990 3789 1356 990 3790 1352 990 3791 1365 1019 3792 1362 1019 3793 1358 1019 3794 1358 1019 3795 1361 1019 3796 1365 1019 3797 1362 1032 3798 1363 1032 3799 1359 1032 3800 1359 1033 3801 1358 1033 3802 1362 1033 3803 1363 1023 3804 1364 1023 3805 1360 1023 3806 1360 1024 3807 1359 1024 3808 1363 1024 3809 1364 1034 3810 1365 1034 3811 1361 1034 3812 1361 1035 3813 1360 1035 3814 1364 1035 3815 1363 1036 3816 1362 1036 3817 1365 1036 3818 1365 1037 3819 1364 1037 3820 1363 1037 3821 1373 1001 3822 1366 1001 3823 1370 1001 3824 1366 1001 3825 1373 1001 3826 1369 1001 3827 1370 1038 3828 1367 1038 3829 1371 1038 3830 1367 1039 3831 1370 1039 3832 1366 1039 3833 1371 978 3834 1368 978 3835 1372 978 3836 1368 978 3837 1371 978 3838 1367 978 3839 1372 1040 3840 1369 1040 3841 1373 1040 3842 1369 1041 3843 1372 1041 3844 1368 1041 3845 413 4 3846 412 4 3847 404 4 3848 407 4 3849 406 4 3850 398 4 3851 408 4 3852 407 4 3853 399 4 3854 409 1042 3855 408 1042 3856 400 1042 3857 410 4 3858 409 4 3859 401 4 3860 411 4 3861 410 4 3862 402 4 3863 412 1043 3864 411 1043 3865 403 1043 3866 406 1044 3867 405 1044 3868 397 1044 3869 430 250 3870 431 237 3871 421 236 3872 424 252 3873 425 240 3874 415 239 3875 425 240 3876 426 242 3877 416 241 3878 426 242 3879 427 244 3880 417 243 3881 427 244 3882 428 246 3883 418 245 3884 428 246 3885 429 248 3886 419 247 3887 429 248 3888 430 250 3889 420 249 3890 423 1045 3891 424 252 3892 414 251 3893 444 257 3894 443 254 3895 435 253 3896 445 259 3897 444 257 3898 436 256 3899 446 261 3900 445 259 3901 437 258 3902 447 263 3903 446 261 3904 438 260 3905 448 268 3906 447 263 3907 439 262 3908 442 269 3909 441 265 3910 433 264 3911 449 1046 3912 448 268 3913 440 267 3914 443 254 3915 442 269 3916 434 255 3917 450 1047 3918 454 1047 3919 451 1047 3920 451 1048 3921 455 1048 3922 452 1048 3923 452 1049 3924 456 1049 3925 453 1049 3926 453 1050 3927 457 1050 3928 450 1050 3929 458 1051 3930 462 1051 3931 459 1051 3932 459 1052 3933 463 1052 3934 460 1052 3935 460 276 3936 464 276 3937 461 276 3938 461 1053 3939 465 1053 3940 458 1053 3941 538 293 3942 539 288 3943 477 287 3944 486 1054 3945 490 1054 3946 487 1054 3947 487 1055 3948 491 1055 3949 488 1055 3950 488 1056 3951 492 1056 3952 489 1056 3953 489 308 3954 493 308 3955 486 308 3956 494 1057 3957 498 1057 3958 495 1057 3959 495 1058 3960 499 1058 3961 496 1058 3962 496 1059 3963 500 1059 3964 497 1059 3965 497 312 3966 501 312 3967 494 312 3968 535 337 3969 536 332 3970 521 331 3971 534 330 3972 532 351 3973 518 349 3974 519 334 3975 518 349 3976 530 335 3977 531 333 3978 533 338 3979 520 336 3980 545 286 3981 543 354 3982 474 353 3983 475 290 3984 474 353 3985 541 291 3986 542 289 3987 544 294 3988 476 292 3989 479 1060 3990 478 1060 3991 480 1060 3992 523 1061 3993 522 1061 3994 524 1061 3995 503 1062 3996 502 1062 3997 504 1062 3998 546 0 3999 550 0 4000 547 0 4001 547 1 4002 551 1 4003 548 1 4004 548 2 4005 552 2 4006 549 2 4007 549 3 4008 553 3 4009 546 3 4010 554 0 4011 558 0 4012 555 0 4013 555 1 4014 559 1 4015 556 1 4016 556 2 4017 560 2 4018 557 2 4019 557 3 4020 561 3 4021 554 3 4022 634 373 4023 635 368 4024 573 367 4025 582 0 4026 586 0 4027 583 0 4028 583 1 4029 587 1 4030 584 1 4031 584 2 4032 588 2 4033 585 2 4034 585 3 4035 589 3 4036 582 3 4037 590 0 4038 594 0 4039 591 0 4040 591 1 4041 595 1 4042 592 1 4043 592 2 4044 596 2 4045 593 2 4046 593 3 4047 597 3 4048 590 3 4049 631 409 4050 632 404 4051 617 403 4052 630 402 4053 628 423 4054 614 421 4055 615 406 4056 614 421 4057 626 407 4058 627 405 4059 629 410 4060 616 408 4061 641 366 4062 639 426 4063 570 425 4064 571 370 4065 570 425 4066 637 371 4067 638 369 4068 640 374 4069 572 372 4070 575 1063 4071 574 1063 4072 576 1063 4073 619 1064 4074 618 1064 4075 620 1064 4076 599 1063 4077 598 1063 4078 600 1063 4079 645 1065 4080 642 1065 4081 643 1065 4082 650 1066 4083 654 1066 4084 651 1066 4085 656 1067 4086 652 1067 4087 651 1067 4088 657 1068 4089 653 1068 4090 652 1068 4091 653 1069 4092 657 1069 4093 650 1069 4094 653 1070 4095 650 1070 4096 652 1070 4097 656 1071 4098 655 1071 4099 654 1071 4100 658 1072 4101 662 1072 4102 659 1072 4103 664 1073 4104 660 1073 4105 659 1073 4106 665 1074 4107 661 1074 4108 660 1074 4109 661 1075 4110 665 1075 4111 658 1075 4112 661 1076 4113 658 1076 4114 660 1076 4115 662 1077 4116 665 1077 4117 663 1077 4118 666 1078 4119 670 1078 4120 667 1078 4121 667 1079 4122 671 1079 4123 668 1079 4124 668 1080 4125 672 1080 4126 669 1080 4127 670 1081 4128 666 1081 4129 669 1081 4130 667 1082 4131 668 1082 4132 669 1082 4133 670 1083 4134 673 1083 4135 671 1083 4136 674 1084 4137 678 1084 4138 675 1084 4139 680 1085 4140 676 1085 4141 675 1085 4142 676 1086 4143 680 1086 4144 677 1086 4145 678 1087 4146 674 1087 4147 677 1087 4148 675 1088 4149 676 1088 4150 677 1088 4151 680 1089 4152 679 1089 4153 678 1089 4154 687 1090 4155 683 1090 4156 682 1090 4157 683 1091 4158 687 1091 4159 684 1091 4160 689 1092 4161 685 1092 4162 684 1092 4163 685 1093 4164 689 1093 4165 682 1093 4166 685 1094 4167 682 1094 4168 684 1094 4169 688 1095 4170 687 1095 4171 686 1095 4172 690 1096 4173 694 1096 4174 691 1096 4175 696 1097 4176 692 1097 4177 691 1097 4178 692 1098 4179 696 1098 4180 693 1098 4181 694 1099 4182 690 1099 4183 693 1099 4184 691 1100 4185 692 1100 4186 693 1100 4187 694 1101 4188 697 1101 4189 695 1101 4190 698 1102 4191 702 1102 4192 699 1102 4193 699 1103 4194 703 1103 4195 700 1103 4196 700 1104 4197 704 1104 4198 701 1104 4199 702 1105 4200 698 1105 4201 701 1105 4202 699 1106 4203 700 1106 4204 701 1106 4205 704 1107 4206 703 1107 4207 702 1107 4208 1158 1108 4209 1162 1108 4210 1159 1108 4211 1160 1109 4212 1164 1109 4213 1161 1109 4214 1159 0 4215 1160 0 4216 1161 0 4217 1162 1110 4218 1165 1110 4219 1163 1110 4220 1166 1111 4221 1170 1111 4222 1167 1111 4223 1168 1112 4224 1172 1112 4225 1169 1112 4226 1167 1113 4227 1168 1113 4228 1169 1113 4229 1170 1114 4230 1173 1114 4231 1171 1114 4232 1174 1115 4233 1178 1115 4234 1175 1115 4235 1176 908 4236 1180 908 4237 1177 908 4238 1177 1116 4239 1174 1116 4240 1176 1116 4241 1180 1117 4242 1179 1117 4243 1178 1117 4244 1182 1118 4245 1186 1118 4246 1183 1118 4247 1184 1119 4248 1188 1119 4249 1185 1119 4250 1183 1120 4251 1184 1120 4252 1185 1120 4253 1186 1121 4254 1189 1121 4255 1187 1121 4256 1190 1122 4257 1194 1122 4258 1191 1122 4259 1192 1123 4260 1196 1123 4261 1193 1123 4262 1193 1124 4263 1190 1124 4264 1192 1124 4265 1196 1125 4266 1195 1125 4267 1194 1125 4268 1198 1126 4269 1202 1126 4270 1199 1126 4271 1200 1127 4272 1204 1127 4273 1201 1127 4274 1199 1128 4275 1200 1128 4276 1201 1128 4277 1202 1129 4278 1205 1129 4279 1203 1129 4280 1206 1130 4281 1210 1130 4282 1207 1130 4283 1208 1131 4284 1212 1131 4285 1209 1131 4286 1207 1132 4287 1208 1132 4288 1209 1132 4289 1210 1 4290 1213 1 4291 1211 1 4292 1214 1133 4293 1218 1133 4294 1215 1133 4295 1216 1134 4296 1220 1134 4297 1217 1134 4298 1215 1135 4299 1216 1135 4300 1217 1135 4301 1218 1 4302 1221 1 4303 1219 1 4304 1222 1136 4305 1226 1136 4306 1223 1136 4307 1224 1137 4308 1228 1137 4309 1225 1137 4310 1225 1138 4311 1222 1138 4312 1224 1138 4313 1228 1 4314 1227 1 4315 1226 1 4316 1230 1139 4317 1234 1139 4318 1231 1139 4319 1232 1140 4320 1236 1140 4321 1233 1140 4322 1233 1141 4323 1230 1141 4324 1232 1141 4325 1236 1142 4326 1235 1142 4327 1234 1142 4328 1238 1143 4329 1242 1143 4330 1239 1143 4331 1240 1144 4332 1244 1144 4333 1241 1144 4334 1239 1145 4335 1240 1145 4336 1241 1145 4337 1242 1146 4338 1245 1146 4339 1243 1146 4340 1246 1147 4341 1250 1147 4342 1247 1147 4343 1248 1148 4344 1252 1148 4345 1249 1148 4346 1247 1149 4347 1248 1149 4348 1249 1149 4349 1250 1 4350 1253 1 4351 1251 1 4352 1254 1150 4353 1258 1150 4354 1255 1150 4355 1256 1151 4356 1260 1151 4357 1257 1151 4358 1255 1152 4359 1256 1152 4360 1257 1152 4361 1258 1 4362 1261 1 4363 1259 1 4364 1265 1153 4365 1262 1153 4366 1263 1153 4367 367 207 4368 366 1154 4369 364 208 4370 362 210 4371 366 1154 4372 367 207 4373 365 1155 4374 361 1155 4375 363 1155 4376 360 1156 4377 364 1156 4378 366 1156 4379 375 214 4380 374 1157 4381 372 215 4382 370 217 4383 374 1157 4384 375 214 4385 373 1158 4386 369 1158 4387 371 1158 4388 368 1159 4389 372 1159 4390 374 1159 4391 377 221 4392 376 1160 4393 389 222 4394 382 224 4395 383 1161 4396 390 225 4397 386 0 4398 384 0 4399 385 0 4400 388 223 4401 389 222 4402 378 227 4403 391 226 4404 390 225 4405 381 229 4406 394 0 4407 393 0 4408 392 0 4409 0 0 4410 4 0 4411 5 0 4412 6 1 4413 2 1 4414 1 1 4415 7 2 4416 3 2 4417 2 2 4418 3 3 4419 7 3 4420 4 3 4421 6 4 4422 5 4 4423 4 4 4424 13 0 4425 9 0 4426 8 0 4427 14 1 4428 10 1 4429 9 1 4430 15 2 4431 11 2 4432 10 2 4433 12 3 4434 8 3 4435 11 3 4436 14 4 4437 13 4 4438 12 4 4439 21 0 4440 17 0 4441 16 0 4442 22 1 4443 18 1 4444 17 1 4445 23 2 4446 19 2 4447 18 2 4448 20 3 4449 16 3 4450 19 3 4451 22 4 4452 21 4 4453 20 4 4454 29 0 4455 25 0 4456 24 0 4457 30 1 4458 26 1 4459 25 1 4460 31 2 4461 27 2 4462 26 2 4463 28 3 4464 24 3 4465 27 3 4466 30 4 4467 29 4 4468 28 4 4469 37 0 4470 33 0 4471 32 0 4472 38 1 4473 34 1 4474 33 1 4475 39 2 4476 35 2 4477 34 2 4478 36 3 4479 32 3 4480 35 3 4481 38 4 4482 37 4 4483 36 4 4484 45 0 4485 41 0 4486 40 0 4487 46 1 4488 42 1 4489 41 1 4490 47 2 4491 43 2 4492 42 2 4493 44 3 4494 40 3 4495 43 3 4496 46 4 4497 45 4 4498 44 4 4499 53 0 4500 49 0 4501 48 0 4502 54 1 4503 50 1 4504 49 1 4505 55 2 4506 51 2 4507 50 2 4508 52 3 4509 48 3 4510 51 3 4511 54 4 4512 53 4 4513 52 4 4514 57 3 4515 59 3 4516 58 3 4517 65 0 4518 61 0 4519 60 0 4520 66 1 4521 62 1 4522 61 1 4523 67 2 4524 63 2 4525 62 2 4526 64 3 4527 60 3 4528 63 3 4529 71 3 4530 75 3 4531 72 3 4532 68 2 4533 72 2 4534 73 2 4535 69 1 4536 73 1 4537 74 1 4538 70 0 4539 74 0 4540 75 0 4541 69 4 4542 70 4 4543 71 4 4544 79 3 4545 83 3 4546 80 3 4547 76 2 4548 80 2 4549 81 2 4550 77 1 4551 81 1 4552 82 1 4553 78 0 4554 82 0 4555 83 0 4556 77 4 4557 78 4 4558 79 4 4559 177 3 4560 87 3 4561 91 3 4562 191 2 4563 84 2 4564 88 2 4565 179 1 4566 85 1 4567 89 1 4568 189 0 4569 86 0 4570 90 0 4571 186 2 4572 169 2 4573 173 2 4574 93 1 4575 92 1 4576 94 1 4577 103 0 4578 104 0 4579 98 0 4580 105 1162 4581 106 1162 4582 100 1162 4583 107 1163 4584 102 1163 4585 96 1163 4586 102 1164 4587 103 1164 4588 97 1164 4589 104 1165 4590 105 1165 4591 99 1165 4592 106 2 4593 107 2 4594 101 2 4595 115 1166 4596 116 1166 4597 110 1166 4598 117 1167 4599 118 1167 4600 112 1167 4601 119 1168 4602 114 1168 4603 108 1168 4604 114 1169 4605 115 1169 4606 109 1169 4607 116 1170 4608 117 1170 4609 111 1170 4610 118 1171 4611 119 1171 4612 113 1171 4613 127 26 4614 128 26 4615 122 26 4616 129 1172 4617 130 1172 4618 124 1172 4619 131 1173 4620 126 1173 4621 120 1173 4622 126 1174 4623 127 1174 4624 121 1174 4625 128 1175 4626 129 1175 4627 123 1175 4628 130 1176 4629 131 1176 4630 125 1176 4631 139 1177 4632 140 1177 4633 134 1177 4634 141 1178 4635 142 1178 4636 136 1178 4637 143 1179 4638 138 1179 4639 132 1179 4640 138 42 4641 139 42 4642 133 42 4643 140 1180 4644 141 1180 4645 135 1180 4646 142 1181 4647 143 1181 4648 137 1181 4649 151 1182 4650 152 1182 4651 146 1182 4652 153 1183 4653 154 1183 4654 148 1183 4655 155 1184 4656 150 1184 4657 144 1184 4658 150 1185 4659 151 1185 4660 145 1185 4661 152 1186 4662 153 1186 4663 147 1186 4664 148 1187 4665 154 1187 4666 155 1187 4667 163 1188 4668 164 1188 4669 158 1188 4670 165 1189 4671 166 1189 4672 160 1189 4673 167 1190 4674 162 1190 4675 156 1190 4676 162 1191 4677 163 1191 4678 157 1191 4679 164 1192 4680 165 1192 4681 159 1192 4682 166 1193 4683 167 1193 4684 161 1193 4685 169 1194 4686 87 1194 4687 177 1194 4688 168 1195 4689 84 1195 4690 191 1195 4691 170 1196 4692 85 1196 4693 179 1196 4694 171 1197 4695 86 1197 4696 189 1197 4697 183 1198 4698 175 1198 4699 184 1198 4700 180 1 4701 168 1 4702 172 1 4703 187 0 4704 170 0 4705 174 0 4706 181 3 4707 171 3 4708 175 3 4709 177 3 4710 176 3 4711 88 3 4712 179 1 4713 178 1 4714 90 1 4715 168 1199 4716 180 1199 4717 177 1199 4718 171 1200 4719 181 1200 4720 179 1200 4721 185 1201 4722 174 1201 4723 183 1201 4724 180 1 4725 182 1 4726 173 1 4727 181 3 4728 183 3 4729 174 3 4730 189 0 4731 190 0 4732 91 0 4733 185 1202 4734 188 1202 4735 182 1202 4736 186 1203 4737 184 1203 4738 175 1203 4739 187 1204 4740 185 1204 4741 172 1204 4742 169 1205 4743 186 1205 4744 189 1205 4745 182 1206 4746 188 1206 4747 184 1206 4748 191 2 4749 192 2 4750 89 2 4751 170 1207 4752 187 1207 4753 191 1207 4754 194 3 4755 196 3 4756 195 3 4757 200 1208 4758 204 1208 4759 201 1208 4760 198 1209 4761 197 1209 4762 201 1209 4763 199 1210 4764 198 1210 4765 202 1210 4766 199 1211 4767 203 1211 4768 204 1211 4769 198 1212 4770 199 1212 4771 200 1212 4772 208 1213 4773 212 1213 4774 209 1213 4775 206 1214 4776 205 1214 4777 209 1214 4778 207 1215 4779 206 1215 4780 210 1215 4781 207 1216 4782 211 1216 4783 212 1216 4784 206 1217 4785 207 1217 4786 208 1217 4787 215 0 4788 213 0 4789 214 0 4790 218 0 4791 220 0 4792 219 0 4793 228 1218 4794 229 1218 4795 223 1218 4796 224 1219 4797 230 1219 4798 231 1219 4799 232 1220 4800 227 1220 4801 221 1220 4802 227 1221 4803 228 1221 4804 222 1221 4805 223 1222 4806 229 1222 4807 230 1222 4808 225 1223 4809 231 1223 4810 232 1223 4811 240 1224 4812 241 1224 4813 235 1224 4814 236 1225 4815 242 1225 4816 243 1225 4817 244 1226 4818 239 1226 4819 233 1226 4820 239 1227 4821 240 1227 4822 234 1227 4823 235 1228 4824 241 1228 4825 242 1228 4826 237 1229 4827 243 1229 4828 244 1229 4829 254 112 4830 260 129 4831 259 113 4832 249 115 4833 255 123 4834 254 112 4835 245 117 4836 251 121 4837 256 118 4838 245 117 4839 246 124 4840 252 120 4841 247 122 4842 248 116 4843 254 112 4844 249 115 4845 250 119 4846 256 118 4847 247 122 4848 253 114 4849 252 120 4850 259 113 4851 260 129 4852 266 125 4853 256 118 4854 262 130 4855 261 127 4856 253 114 4857 259 113 4858 258 128 4859 255 123 4860 261 127 4861 260 129 4862 251 121 4863 257 131 4864 262 130 4865 252 120 4866 258 128 4867 257 131 4868 262 130 4869 268 134 4870 267 132 4871 258 128 4872 259 113 4873 265 126 4874 260 129 4875 261 127 4876 267 132 4877 257 131 4878 263 135 4879 268 134 4880 258 128 4881 264 133 4882 263 135 4883 279 137 4884 285 150 4885 284 138 4886 273 140 4887 274 148 4888 280 141 4889 270 142 4890 276 146 4891 281 143 4892 270 142 4893 271 149 4894 277 145 4895 273 140 4896 279 137 4897 278 139 4898 274 148 4899 275 144 4900 281 143 4901 272 147 4902 278 139 4903 277 145 4904 285 150 4905 291 158 4906 290 151 4907 281 143 4908 287 154 4909 286 152 4910 278 139 4911 284 138 4912 283 153 4913 280 141 4914 286 152 4915 285 150 4916 276 146 4917 282 155 4918 287 154 4919 277 145 4920 283 153 4921 282 155 4922 287 154 4923 293 160 4924 292 156 4925 284 138 4926 290 151 4927 289 157 4928 286 152 4929 292 156 4930 291 158 4931 287 154 4932 282 155 4933 288 159 4934 283 153 4935 289 157 4936 288 159 4937 304 162 4938 310 179 4939 309 163 4940 299 165 4941 305 173 4942 304 162 4943 295 167 4944 301 171 4945 306 168 4946 295 167 4947 296 174 4948 302 170 4949 298 166 4950 304 162 4951 303 164 4952 299 165 4953 300 169 4954 306 168 4955 297 172 4956 303 164 4957 302 170 4958 309 163 4959 310 179 4960 316 175 4961 306 168 4962 312 180 4963 311 177 4964 303 164 4965 309 163 4966 308 178 4967 305 173 4968 311 177 4969 310 179 4970 301 171 4971 307 181 4972 312 180 4973 302 170 4974 308 178 4975 307 181 4976 312 180 4977 318 185 4978 317 182 4979 309 163 4980 315 176 4981 314 183 4982 310 179 4983 311 177 4984 317 182 4985 312 180 4986 307 181 4987 313 184 4988 308 178 4989 314 183 4990 313 184 4991 322 1230 4992 323 1230 4993 320 1230 4994 92 188 4995 93 188 4996 320 188 4997 94 1231 4998 322 1231 4999 321 1231 5000 92 0 5001 323 0 5002 322 0 5003 95 2 5004 321 2 5005 320 2 5006 331 1177 5007 332 1177 5008 326 1177 5009 333 1232 5010 334 1232 5011 328 1232 5012 335 1233 5013 330 1233 5014 324 1233 5015 330 1234 5016 331 1234 5017 325 1234 5018 332 1235 5019 333 1235 5020 327 1235 5021 334 1236 5022 335 1236 5023 329 1236 5024 343 1166 5025 344 1166 5026 338 1166 5027 345 1237 5028 346 1237 5029 340 1237 5030 347 1238 5031 342 1238 5032 336 1238 5033 342 1169 5034 343 1169 5035 337 1169 5036 344 1239 5037 345 1239 5038 339 1239 5039 346 1240 5040 347 1240 5041 341 1240 5042 350 1241 5043 351 1241 5044 349 1241 5045 354 0 5046 355 0 5047 353 0 5048 358 0 5049 359 0 5050 196 0 5051 357 2 5052 356 2 5053 193 2 5054 356 4 5055 358 4 5056 194 4 5057</p>
        </triangles>
      </mesh>
    </geometry>
  </library_geometries>
  <library_visual_scenes>
    <visual_scene id="Scene" name="Scene">
      <node id="Cube_001" name="Cube_001" type="NODE">
        <matrix sid="transform">1 0 0 0 0 1 0 0 0 0 1 0 0 0 0 1</matrix>
        <instance_geometry url="#Cube_005-mesh" name="Cube_001">
          <bind_material>
            <technique_common>
              <instance_material symbol="Material_001-material" target="#Material_001-material">
                <bind_vertex_input semantic="Cube_001-mesh-map-0" input_semantic="TEXCOORD" input_set="0"/>
                <bind_vertex_input semantic="Cube_013-mesh-map-1" input_semantic="TEXCOORD" input_set="1"/>
              </instance_material>
            </technique_common>
          </bind_material>
        </instance_geometry>
        <node id="prop_garrisoned" name="prop_garrisoned" type="NODE">
          <matrix sid="transform">1.94707e-7 -1 0 -1.940029 1 1.94707e-7 0 1.433276 0 0 1 6.546917 0 0 0 1</matrix>
        </node>
        <node id="prop_bush_3" name="prop_bush_3" type="NODE">
          <matrix sid="transform">1 0 0 -5.123888 0 1 0 6.205755 0 0 1 9.53674e-7 0 0 0 1</matrix>
        </node>
        <node id="prop_bush_4" name="prop_bush_4" type="NODE">
          <matrix sid="transform">1 0 0 5.96046e-7 0 1 0 8.927404 0 0 1 9.53674e-7 0 0 0 1</matrix>
        </node>
        <node id="prop_bush_2" name="prop_bush_2" type="NODE">
          <matrix sid="transform">1 0 0 9.186961 0 1 0 8.927404 0 0 1 9.53674e-7 0 0 0 1</matrix>
        </node>
        <node id="prop_bush_1" name="prop_bush_1" type="NODE">
          <matrix sid="transform">1 0 0 9.186961 0 1 0 1.044574 0 0 1 9.53674e-7 0 0 0 1</matrix>
        </node>
      </node>
    </visual_scene>
  </library_visual_scenes>
  <scene>
    <instance_visual_scene url="#Scene"/>
  </scene>
</COLLADA>