<?xml version="1.0" encoding="utf-8"?>
<COLLADA xmlns="http://www.collada.org/2005/11/COLLADASchema" version="1.4.1" xmlns:xsi="http://www.w3.org/2001/XMLSchema-instance">
  <asset>
    <contributor>
      <author>Blender User</author>
      <authoring_tool>Blender 2.80.75 commit date:2019-07-29, commit time:14:47, hash:f6cb5f54494e</authoring_tool>
    </contributor>
    <created>2026-04-12T15:53:13</created>
    <modified>2026-04-12T15:53:13</modified>
    <unit name="inch" meter="0.0254"/>
    <up_axis>Z_UP</up_axis>
  </asset>
  <library_effects>
    <effect id="Material_004-effect">
      <profile_COMMON>
        <newparam sid="hitites_struct_png-surface">
          <surface type="2D">
            <init_from>hitites_struct_png</init_from>
          </surface>
        </newparam>
        <newparam sid="hitites_struct_png-sampler">
          <sampler2D>
            <source>hitites_struct_png-surface</source>
          </sampler2D>
        </newparam>
        <technique sid="common">
          <lambert>
            <emission>
              <color sid="emission">0 0 0 1</color>
            </emission>
            <diffuse>
              <texture texture="hitites_struct_png-sampler" texcoord="UVMap"/>
            </diffuse>
            <index_of_refraction>
              <float sid="ior">1.45</float>
            </index_of_refraction>
          </lambert>
        </technique>
      </profile_COMMON>
    </effect>
  </library_effects>
  <library_images>
    <image id="hitites_struct_png" name="hitites_struct_png">
      <init_from>/home/welton/Documentos/hitites_struct.png</init_from>
    </image>
  </library_images>
  <library_materials>
    <material id="Material_004-material" name="Material.004">
      <instance_effect url="#Material_004-effect"/>
    </material>
  </library_materials>
  <library_geometries>
    <geometry id="Cube_012-mesh" name="Cube.012">
      <mesh>
        <source id="Cube_012-mesh-positions">
          <float_array id="Cube_012-mesh-positions-array" count="2604">-2.549239 -4.506885 -1.851318 -2.549239 6.293116 -1.851318 7.960018 -4.506885 -1.851318 7.960018 6.293116 -1.851318 -1.040127 -2.997764 6.969857 -1.040138 4.784009 6.969857 6.450891 4.784003 6.969868 6.450902 -2.997769 6.969868 -1.258603 4.408605 -2.642381 -1.258603 13.0486 -2.642381 7.667751 4.408605 -2.642381 7.667751 13.0486 -2.642381 -1.258603 4.408605 6.859832 -1.258603 13.0486 6.859832 7.667751 13.0486 6.859832 7.667751 4.408605 6.859832 -1.258603 4.408605 6.859832 -1.258603 13.0486 6.859832 7.667751 13.0486 6.859832 7.667751 4.408605 6.859832 7.150817 4.822152 6.859832 7.150817 12.63506 6.859832 -0.7416687 12.63506 6.859832 -0.7416687 4.822152 6.859832 7.150817 4.822152 6.576023 7.150817 12.63506 6.576023 -0.7416687 12.63506 6.576023 -0.7416687 4.822152 6.576023 -3.962455 -3.444194 1.364964 -4.135794 -3.515994 1.364964 -4.207594 -3.689333 1.364964 -4.135794 -3.862673 1.364964 -3.962455 -3.934472 1.364964 -3.789115 -3.862673 1.364964 -3.717315 -3.689333 1.364964 -3.789115 -3.515994 1.364964 -3.962455 -3.535171 1.407677 -4.071464 -3.580324 1.407677 -4.116616 -3.689333 1.407677 -4.071464 -3.798343 1.407677 -3.962455 -3.843495 1.407677 -3.853445 -3.798343 1.407677 -3.808293 -3.689333 1.407677 -3.853445 -3.580324 1.407677 -3.962455 -3.110897 1.822312 -4.371471 -3.280317 1.822312 -4.54089 -3.689333 1.822312 -4.371471 -4.098349 1.822312 -3.962455 -4.267769 1.822312 -3.553438 -4.098349 1.822312 -3.384019 -3.689333 1.822312 -3.553438 -3.280317 1.822312 -3.563005 -3.289884 1.694647 -3.640192 -3.367071 1.527433 -3.962455 -3.233586 1.527433 -3.962455 -3.124427 1.694647 -3.397548 -3.689333 1.694647 -3.506707 -3.689333 1.527433 -3.563005 -4.088782 1.694647 -3.640192 -4.011595 1.527433 -3.962455 -4.25424 1.694647 -3.962455 -4.145081 1.527433 -4.361904 -4.088783 1.694647 -4.284717 -4.011596 1.527433 -4.527361 -3.689333 1.694647 -4.418202 -3.689333 1.527433 -4.361904 -3.289884 1.694647 -4.284717 -3.367071 1.527433 -3.962455 -3.689333 1.364964 -3.962455 -3.146798 1.846707 -4.346085 -3.305703 1.846707 -4.50499 -3.689333 1.846707 -4.346085 -4.072964 1.846707 -3.962455 -4.231869 1.846707 -3.578824 -4.072964 1.846707 -3.419919 -3.689333 1.846707 -3.578824 -3.305703 1.846707 -3.962455 -3.177569 1.693725 -4.324326 -3.327462 1.693725 -4.474219 -3.689333 1.693725 -4.324326 -4.051205 1.693725 -3.962455 -4.201097 1.693725 -3.600583 -4.051205 1.693725 -3.450691 -3.689333 1.693725 -3.600583 -3.327462 1.693725 -3.597922 -3.324801 1.823285 -3.962455 -3.173807 1.823285 -3.446928 -3.689333 1.823285 -3.597922 -4.053865 1.823285 -3.962455 -4.20486 1.823285 -4.326987 -4.053865 1.823285 -4.477981 -3.689333 1.823285 -4.326987 -3.324801 1.823285 -3.962455 -3.416496 1.484397 -4.15538 -3.496408 1.484397 -4.235292 -3.689333 1.484397 -4.15538 -3.882259 1.484397 -3.962455 -3.962171 1.484397 -3.769529 -3.882259 1.484397 -3.689617 -3.689333 1.484397 -3.769529 -3.496408 1.484397 -3.962455 -3.689333 1.392881 -2.790192 6.910796 -1.92387 -2.643262 6.432407 -1.92387 -2.201094 6.19803 -1.92387 -1.722705 6.344961 -1.92387 -1.488328 6.787128 -1.92387 -1.635259 7.265518 -1.92387 -2.077426 7.499894 -1.92387 -2.555815 7.352964 -1.92387 -2.790192 6.910796 -0.06152033 -2.643262 6.432407 -0.06152033 -2.201094 6.19803 -0.06152033 -1.722705 6.344961 -0.06152033 -1.488328 6.787128 -0.06152033 -1.635259 7.265518 -0.06152033 -2.077426 7.499894 -0.06152033 -2.555815 7.352964 -0.06152033 -2.647693 7.464131 -0.6823038 -2.647693 7.464131 -1.303087 -2.933766 6.924435 -1.303087 -2.933766 6.924435 -0.6823038 -2.063787 7.643468 -0.6823038 -2.063787 7.643468 -1.303087 -1.524093 7.357396 -0.6823038 -1.524093 7.357396 -1.303087 -1.344754 6.77349 -0.6823038 -1.344754 6.77349 -1.303087 -1.630827 6.233795 -0.6823038 -1.630827 6.233795 -1.303087 -2.214733 6.054457 -0.6823038 -2.214733 6.054457 -1.303087 -2.754428 6.340529 -0.6823038 -2.754428 6.340529 -1.303087 -2.044643 7.562046 -0.06152033 -2.506993 7.370535 -0.06152033 -2.698505 6.908184 -0.06152033 -2.506993 6.445834 -0.06152033 -2.044643 6.254322 -0.06152033 -1.582292 6.445834 -0.06152033 -1.39078 6.908184 -0.06152033 -1.582292 7.370535 -0.06152033 -2.044643 7.562046 1.80083 -2.506993 7.370535 1.80083 -2.698505 6.908184 1.80083 -2.506993 6.445834 1.80083 -2.044643 6.254322 1.80083 -1.582292 6.445834 1.80083 -1.39078 6.908184 1.80083 -1.582292 7.370535 1.80083 -1.480313 7.472513 1.180046 -1.480313 7.472513 0.5592629 -2.044643 7.706266 0.5592629 -2.044643 7.706266 1.180046 -1.24656 6.908184 1.180046 -1.24656 6.908184 0.5592629 -1.480313 6.343855 1.180046 -1.480313 6.343855 0.5592629 -2.044643 6.110101 1.180046 -2.044643 6.110101 0.5592629 -2.608972 6.343855 1.180046 -2.608972 6.343855 0.5592629 -2.842725 6.908184 1.180046 -2.842725 6.908184 0.5592629 -2.608972 7.472513 1.180046 -2.608972 7.472513 0.5592629 -4.580924 -2.866876 -3.118157 -3.087133 -2.959564 -3.118157 -3.179821 -4.453354 -3.118157 -4.673612 -4.360667 -3.118157 -4.580924 -2.866876 -1.621494 -3.087133 -2.959564 -1.621494 -3.179821 -4.453354 -1.621494 -4.673612 -4.360667 -1.621494 -4.446178 -4.554467 -1.621494 -4.774725 -3.09431 -1.621494 -3.314567 -2.765763 -1.621494 -2.986021 -4.225921 -1.621494 -4.446178 -4.554467 -0.1248299 -4.774725 -3.09431 -0.1248299 -3.314567 -2.765763 -0.1248299 -2.986021 -4.225921 -0.1248299 -4.682366 -4.350627 -0.12483 -4.570885 -2.858122 -0.12483 -3.078379 -2.969603 -0.12483 -3.189861 -4.462108 -0.12483 -4.682366 -4.350627 1.371834 -4.570885 -2.858122 1.371834 -3.078379 -2.969603 1.371834 -3.189861 -4.462108 1.371834 -2.624163 -2.958211 5.451579 -2.624163 -2.958211 0.177404 -2.624163 -0.4020107 0.177404 -2.624163 -0.4020107 5.451579 -2.345773 -2.958211 5.451579 -2.345773 -0.4020107 0.177404 -2.345773 -0.4020107 5.451579 -2.345773 -2.958211 0.177404 -1.297028 8.693253 5.201041 -1.297028 8.693253 2.996141 -1.297028 7.802692 5.201041 -1.297028 7.802692 2.996141 -1.297028 10.4737 2.996141 -1.297028 10.4737 5.201041 -1.297028 11.36426 2.996141 -1.297028 11.36426 5.201041 3.678894 -4.577723 5.079306 3.678894 -4.577723 2.874406 4.569455 -4.577722 5.079306 4.569455 -4.577722 2.874406 1.898445 -4.577723 2.874406 1.898445 -4.577723 5.079306 1.007885 -4.577723 2.874406 1.007885 -4.577723 5.079306 7.810353 13.16061 5.743642 7.810353 4.359348 5.743642 -1.264802 13.16061 5.743642 -1.264802 4.359348 5.743642 7.810353 13.16061 6.545044 7.810353 4.359348 6.545044 -1.264802 13.16061 6.545044 -1.264802 4.359348 6.545044 7.378118 12.96984 6.059456 7.378118 4.793097 6.059456 -1.053084 12.96984 6.059456 -1.053084 4.793097 6.059456 -3.438112 -3.024325 6.17234 -3.438113 -2.830675 6.265597 -3.438113 -2.782847 6.475143 -3.438113 -2.916858 6.643187 -3.438112 -3.131793 6.643187 -3.438112 -3.265803 6.475143 -3.438112 -3.217975 6.265597 -1.712118 -3.02432 6.17234 -1.712119 -2.83067 6.265597 -1.712119 -2.782842 6.475143 -1.712118 -2.916852 6.643187 -1.712118 -3.131788 6.643187 -1.712117 -3.265798 6.475143 -1.712118 -3.21797 6.265597 -3.438112 -3.024325 6.17234 -3.438113 -2.830675 6.265597 -3.438113 -2.782847 6.475143 -3.438113 -2.916858 6.643187 -3.438112 -3.131793 6.643187 -3.438112 -3.265803 6.475143 -3.438112 -3.217975 6.265597 -3.438112 -0.5321789 6.17234 -3.438113 -0.3385289 6.265597 -3.438113 -0.2907009 6.475143 -3.438113 -0.424712 6.643187 -3.438112 -0.6396468 6.643187 -3.438112 -0.7736569 6.475143 -3.438112 -0.7258289 6.265597 -1.712118 -0.5321739 6.17234 -1.712119 -0.3385239 6.265597 -1.712119 -0.2906959 6.475143 -1.712118 -0.4247069 6.643187 -1.712118 -0.639642 6.643187 -1.712117 -0.7736518 6.475143 -1.712118 -0.7258239 6.265597 -3.438112 -0.5321789 6.17234 -3.438113 -0.3385289 6.265597 -3.438113 -0.2907009 6.475143 -3.438113 -0.424712 6.643187 -3.438112 -0.6396468 6.643187 -3.438112 -0.7736569 6.475143 -3.438112 -0.7258289 6.265597 -3.438112 1.674563 6.17234 -3.438113 1.868213 6.265597 -3.438113 1.916041 6.475143 -3.438113 1.78203 6.643187 -3.438112 1.567095 6.643187 -3.438112 1.433085 6.475143 -3.438112 1.480913 6.265597 -1.712118 1.674568 6.17234 -1.712119 1.868218 6.265597 -1.712119 1.916045 6.475143 -1.712118 1.782036 6.643187 -1.712118 1.5671 6.643187 -1.712117 1.43309 6.475143 -1.712118 1.480918 6.265597 -3.438112 1.674563 6.17234 -3.438113 1.868213 6.265597 -3.438113 1.916041 6.475143 -3.438113 1.78203 6.643187 -3.438112 1.567095 6.643187 -3.438112 1.433085 6.475143 -3.438112 1.480913 6.265597 -3.438112 4.098699 6.17234 -3.438113 4.292349 6.265597 -3.438113 4.340177 6.475143 -3.438113 4.206167 6.643187 -3.438112 3.991232 6.643187 -3.438112 3.857222 6.475143 -3.438112 3.905049 6.265597 -1.712118 4.098704 6.17234 -1.712119 4.292354 6.265597 -1.712119 4.340182 6.475143 -1.712118 4.206172 6.643187 -1.712118 3.991236 6.643187 -1.712117 3.857226 6.475143 -1.712118 3.905054 6.265597 -3.438112 4.098699 6.17234 -3.438113 4.292349 6.265597 -3.438113 4.340177 6.475143 -3.438113 4.206167 6.643187 -3.438112 3.991232 6.643187 -3.438112 3.857222 6.475143 -3.438112 3.905049 6.265597 8.757215 4.266081 6.17234 8.757215 4.072431 6.265597 8.757215 4.024604 6.475143 8.757215 4.158614 6.643187 8.757214 4.373549 6.643187 8.757214 4.507559 6.475143 8.757214 4.459731 6.265597 7.03122 4.26608 6.17234 7.03122 4.07243 6.265597 7.03122 4.024602 6.475143 7.03122 4.158612 6.643187 7.03122 4.373547 6.643187 7.03122 4.507558 6.475143 7.03122 4.45973 6.265597 8.757215 4.266081 6.17234 8.757215 4.072431 6.265597 8.757215 4.024604 6.475143 8.757215 4.158614 6.643187 8.757214 4.373549 6.643187 8.757214 4.507559 6.475143 8.757214 4.459731 6.265597 8.757215 2.048803 6.17234 8.757215 1.855153 6.265597 8.757215 1.807326 6.475143 8.757215 1.941336 6.643187 8.757214 2.156271 6.643187 8.757214 2.290281 6.475143 8.757214 2.242454 6.265597 7.03122 2.048802 6.17234 7.03122 1.855152 6.265597 7.03122 1.807324 6.475143 7.03122 1.941334 6.643187 7.03122 2.15627 6.643187 7.03122 2.29028 6.475143 7.03122 2.242452 6.265597 8.757215 2.048803 6.17234 8.757215 1.855153 6.265597 8.757215 1.807326 6.475143 8.757215 1.941336 6.643187 8.757214 2.156271 6.643187 8.757214 2.290281 6.475143 8.757214 2.242454 6.265597 8.757215 -0.3163178 6.17234 8.757215 -0.5099678 6.265597 8.757215 -0.5577958 6.475143 8.757215 -0.4237859 6.643187 8.757214 -0.2088508 6.643187 8.757214 -0.07483983 6.475143 8.757214 -0.1226677 6.265597 7.03122 -0.31632 6.17234 7.03122 -0.50997 6.265597 7.03122 -0.5577979 6.475143 7.03122 -0.4237869 6.643187 7.03122 -0.2088518 6.643187 7.03122 -0.07484197 6.475143 7.03122 -0.1226699 6.265597 8.757215 -0.3163178 6.17234 8.757215 -0.5099678 6.265597 8.757215 -0.5577958 6.475143 8.757215 -0.4237859 6.643187 8.757214 -0.2088508 6.643187 8.757214 -0.07483983 6.475143 8.757214 -0.1226677 6.265597 8.757215 -2.877563 6.17234 8.757215 -3.071214 6.265597 8.757215 -3.119041 6.475143 8.757215 -2.985031 6.643187 8.757214 -2.770096 6.643187 8.757214 -2.636086 6.475143 8.757214 -2.683914 6.265597 7.03122 -2.877565 6.17234 7.03122 -3.071215 6.265597 7.03122 -3.119043 6.475143 7.03122 -2.985033 6.643187 7.03122 -2.770097 6.643187 7.03122 -2.636087 6.475143 7.03122 -2.683915 6.265597 8.757215 -2.877563 6.17234 8.757215 -3.071214 6.265597 8.757215 -3.119041 6.475143 8.757215 -2.985031 6.643187 8.757214 -2.770096 6.643187 8.757214 -2.636086 6.475143 8.757214 -2.683914 6.265597 -1.116955 -5.176728 6.17234 -1.310605 -5.176728 6.265597 -1.358433 -5.176728 6.475143 -1.224422 -5.176728 6.643187 -1.009487 -5.176728 6.643187 -0.8754772 -5.176728 6.475143 -0.9233052 -5.176728 6.265597 -1.116955 -3.450732 6.17234 -1.310605 -3.450732 6.265597 -1.358433 -3.450732 6.475143 -1.224422 -3.450732 6.643187 -1.009487 -3.450732 6.643187 -0.8754772 -3.450732 6.475143 -0.9233052 -3.450732 6.265597 -1.116955 -5.176728 6.17234 -1.310605 -5.176728 6.265597 -1.358433 -5.176728 6.475143 -1.224422 -5.176728 6.643187 -1.009487 -5.176728 6.643187 -0.8754772 -5.176728 6.475143 -0.9233052 -5.176728 6.265597 6.451329 -5.176728 6.17234 6.257679 -5.176728 6.265597 6.209851 -5.176728 6.475143 6.343861 -5.176728 6.643187 6.558796 -5.176728 6.643187 6.692806 -5.176728 6.475143 6.644979 -5.176728 6.265597 6.451329 -3.450732 6.17234 6.257679 -3.450732 6.265597 6.209851 -3.450732 6.475143 6.343861 -3.450732 6.643187 6.558796 -3.450732 6.643187 6.692806 -3.450732 6.475143 6.644979 -3.450732 6.265597 6.451329 -5.176728 6.17234 6.257679 -5.176728 6.265597 6.209851 -5.176728 6.475143 6.343861 -5.176728 6.643187 6.558796 -5.176728 6.643187 6.692806 -5.176728 6.475143 6.644979 -5.176728 6.265597 3.804465 -5.176728 6.17234 3.610815 -5.176728 6.265597 3.562987 -5.176728 6.475143 3.696997 -5.176728 6.643187 3.911933 -5.176728 6.643187 4.045942 -5.176728 6.475143 3.998115 -5.176728 6.265597 3.804465 -3.450732 6.17234 3.610815 -3.450732 6.265597 3.562987 -3.450732 6.475143 3.696997 -3.450732 6.643187 3.911933 -3.450732 6.643187 4.045942 -3.450732 6.475143 3.998115 -3.450732 6.265597 3.804465 -5.176728 6.17234 3.610815 -5.176728 6.265597 3.562987 -5.176728 6.475143 3.696997 -5.176728 6.643187 3.911933 -5.176728 6.643187 4.045942 -5.176728 6.475143 3.998115 -5.176728 6.265597 1.448357 -5.176728 6.17234 1.254707 -5.176728 6.265597 1.206879 -5.176728 6.475143 1.340889 -5.176728 6.643187 1.555825 -5.176728 6.643187 1.689835 -5.176728 6.475143 1.642007 -5.176728 6.265597 1.448357 -3.450732 6.17234 1.254707 -3.450732 6.265597 1.206879 -3.450732 6.475143 1.340889 -3.450732 6.643187 1.555825 -3.450732 6.643187 1.689835 -3.450732 6.475143 1.642007 -3.450732 6.265597 1.448357 -5.176728 6.17234 1.254707 -5.176728 6.265597 1.206879 -5.176728 6.475143 1.340889 -5.176728 6.643187 1.555825 -5.176728 6.643187 1.689835 -5.176728 6.475143 1.642007 -5.176728 6.265597 7.980986 1.582058 4.956547 7.980986 1.582058 2.751647 7.980985 2.472618 4.956547 7.980985 2.472618 2.751647 7.980986 -0.198392 2.751647 7.980986 -0.198392 4.956547 7.980986 -1.088951 2.751647 7.980986 -1.088951 4.956547 -2.808096 2.66542 2.751647 -2.808096 2.66542 4.956547 -2.808098 3.555979 2.751647 -2.808098 3.555979 4.956547 7.526568 -0.5896559 6.587234 6.598538 -0.589656 6.587234 7.526568 2.375905 6.587234 6.598538 2.375905 6.587234 7.526568 2.263036 7.333472 6.598538 2.263035 7.333472 7.526568 1.941609 7.966102 6.598538 1.941609 7.966102 7.526568 1.460561 8.388813 6.598538 1.460561 8.388813 7.526568 0.8931248 8.537248 6.598538 0.8931245 8.537248 7.526568 0.3256887 8.388813 6.598538 0.3256886 8.388812 7.526568 -0.1553598 7.966102 6.598539 -0.1553599 7.966102 7.526568 -0.476786 7.333471 6.598538 -0.4767863 7.333471 -2.115768 -0.5896568 6.587234 -1.187738 -0.5896562 6.587234 -2.115768 2.375905 6.587234 -1.187738 2.375905 6.587234 -2.115768 2.263035 7.333472 -1.187738 2.263035 7.333472 -2.115768 1.941609 7.966102 -1.187738 1.941609 7.966102 -2.115768 1.46056 8.388813 -1.187738 1.46056 8.388813 -2.115768 0.8931239 8.537248 -1.187738 0.893124 8.537248 -2.115768 0.3256878 8.388813 -1.187738 0.3256878 8.388812 -2.115768 -0.1553606 7.966102 -1.187738 -0.1553605 7.966102 -2.115768 -0.4767869 7.333471 -1.187738 -0.4767867 7.333471 1.222619 -3.928045 6.587234 1.222619 -3.000015 6.587234 4.188181 -3.928045 6.587234 4.188181 -3.000015 6.587234 4.075311 -3.928045 7.333472 4.07531 -3.000015 7.333472 3.753884 -3.928045 7.966102 3.753884 -3.000015 7.966102 3.272836 -3.928045 8.388813 3.272836 -3.000015 8.388813 2.7054 -3.928045 8.537248 2.7054 -3.000015 8.537248 2.137964 -3.928045 8.388813 2.137964 -3.000015 8.388812 1.656915 -3.928045 7.966102 1.656915 -3.000016 7.966102 1.335489 -3.928045 7.333471 1.335489 -3.000015 7.333471 1.222619 5.714291 6.587234 1.222619 4.786262 6.587234 4.18818 5.714291 6.587234 4.18818 4.786262 6.587234 4.07531 5.714291 7.333472 4.07531 4.786262 7.333472 3.753884 5.714291 7.966102 3.753884 4.786262 7.966102 3.272835 5.714291 8.388813 3.272835 4.786261 8.388813 2.705399 5.714291 8.537248 2.705399 4.786262 8.537248 2.137963 5.714291 8.388813 2.137963 4.786262 8.388812 1.656915 5.714291 7.966102 1.656915 4.786262 7.966102 1.335489 5.714291 7.333471 1.335489 4.786262 7.333471 -2.115756 -3.928032 6.587234 -1.187749 -3.000015 6.587234 1.222619 -3.928045 6.587234 1.222619 -3.000015 6.587234 1.10975 -3.928045 7.333472 1.109749 -3.000015 7.333472 0.7883232 -3.928045 7.966102 0.7883232 -3.000015 7.966102 0.3072746 -3.928045 8.388813 0.3072746 -3.000015 8.388813 -0.2601614 -3.928045 8.537248 -0.2601614 -3.000015 8.537248 -2.115756 -3.928045 8.388813 -1.187749 -3.000024 8.388812 -2.115756 -3.928045 7.966102 -1.187749 -3.000015 7.966102 -2.115756 -3.928032 7.333471 -1.187749 -3.000016 7.333471 -2.115757 -3.928031 6.587234 -1.187738 -3.000024 6.587234 -2.115768 -0.5896568 6.587234 -1.187738 -0.5896562 6.587234 -2.115768 -0.7025263 7.333472 -1.187738 -0.7025262 7.333472 -2.115768 -1.023953 7.966102 -1.187738 -1.023953 7.966102 -2.115768 -1.505001 8.388813 -1.187738 -1.505001 8.388813 -2.115768 -2.072437 8.537248 -1.187738 -2.072437 8.537248 -2.115768 -3.928031 8.388813 -1.187748 -3.000024 8.388812 -2.115768 -3.928031 7.966102 -1.187738 -3.000024 7.966102 -2.115768 -3.928031 7.333471 -1.187748 -3.000024 7.333471 7.526556 -3.928032 6.587234 6.598547 -3.000015 6.587234 4.188179 -3.928045 6.587234 4.188179 -3.000015 6.587234 4.301049 -3.928045 7.333472 4.301049 -3.000015 7.333472 4.622476 -3.928045 7.966102 4.622476 -3.000015 7.966102 5.103524 -3.928045 8.388813 5.103524 -3.000015 8.388813 5.67096 -3.928045 8.537248 5.67096 -3.000015 8.537248 7.526556 -3.928045 8.388813 6.598547 -3.000024 8.388812 7.526556 -3.928045 7.966102 6.598547 -3.000015 7.966102 7.526556 -3.928032 7.333471 6.598547 -3.000016 7.333471 7.526556 -3.928031 6.587234 6.598536 -3.000024 6.587234 7.526566 -0.5896568 6.587234 6.598536 -0.5896562 6.587234 7.526566 -0.7025263 7.333472 6.598536 -0.7025262 7.333472 7.526566 -1.023953 7.966102 6.598536 -1.023953 7.966102 7.526566 -1.505001 8.388813 6.598536 -1.505001 8.388813 7.526566 -2.072437 8.537248 6.598536 -2.072437 8.537248 7.526566 -3.928031 8.388813 6.598547 -3.000024 8.388812 7.526566 -3.928031 7.966102 6.598536 -3.000024 7.966102 7.526566 -3.928031 7.333471 6.598547 -3.000024 7.333471 -2.115756 5.71428 6.587234 -1.187749 4.786263 6.587234 1.222619 5.714293 6.587234 1.222619 4.786263 6.587234 1.10975 5.714293 7.333472 1.109749 4.786263 7.333472 0.7883232 5.714293 7.966102 0.7883232 4.786263 7.966102 0.3072746 5.714293 8.388813 0.3072746 4.786263 8.388813 -0.2601614 5.714293 8.537248 -0.2601614 4.786263 8.537248 -2.115756 5.714293 8.388813 -1.187749 4.786272 8.388812 -2.115756 5.714293 7.966102 -1.187749 4.786263 7.966102 -2.115756 5.71428 7.333471 -1.187749 4.786264 7.333471 -2.115757 5.71428 6.587234 -1.187738 4.786272 6.587234 -2.115768 2.375905 6.587234 -1.187738 2.375904 6.587234 -2.115768 2.488774 7.333472 -1.187738 2.488774 7.333472 -2.115768 2.810201 7.966102 -1.187738 2.810201 7.966102 -2.115768 3.291249 8.388813 -1.187738 3.291249 8.388813 -2.115768 3.858685 8.537248 -1.187738 3.858685 8.537248 -2.115768 5.71428 8.388813 -1.187748 4.786273 8.388812 -2.115768 5.71428 7.966102 -1.187738 4.786272 7.966102 -2.115768 5.71428 7.333471 -1.187748 4.786272 7.333471 7.526556 5.71428 6.587234 6.598547 4.786263 6.587234 4.188179 5.714293 6.587234 4.188179 4.786263 6.587234 4.301049 5.714293 7.333472 4.301049 4.786263 7.333472 4.622476 5.714293 7.966102 4.622476 4.786263 7.966102 5.103524 5.714293 8.388813 5.103524 4.786263 8.388813 5.67096 5.714293 8.537248 5.67096 4.786263 8.537248 7.526556 5.714293 8.388813 6.598547 4.786272 8.388812 7.526556 5.714293 7.966102 6.598547 4.786263 7.966102 7.526556 5.71428 7.333471 6.598547 4.786264 7.333471 7.526556 5.71428 6.587234 6.598536 4.786272 6.587234 7.526566 2.375905 6.587234 6.598536 2.375904 6.587234 7.526566 2.488774 7.333472 6.598536 2.488774 7.333472 7.526566 2.810201 7.966102 6.598536 2.810201 7.966102 7.526566 3.291249 8.388813 6.598536 3.291249 8.388813 7.526566 3.858685 8.537248 6.598536 3.858685 8.537248 7.526566 5.71428 8.388813 6.598547 4.786273 8.388812 7.526566 5.71428 7.966102 6.598536 4.786272 7.966102 7.526566 5.71428 7.333471 6.598547 4.786272 7.333471 7.960018 -4.506885 6.96987 -2.549239 -4.506876 6.969855 7.960003 6.293116 6.96987 -2.549254 6.293124 6.969855 6.450902 -2.997769 6.578202 -1.040127 -2.997764 6.578191 6.450891 4.784003 6.578202 -1.040138 4.784009 6.578191 -3.039187 -5.010387 -1.851318 -3.039187 6.796619 -1.851318 8.449967 -5.010387 -1.851318 8.449967 6.796619 -1.851318 -3.039187 -5.010387 -7.724442 -3.039187 6.796619 -7.724442 8.449967 6.796619 -7.724442 8.449967 -5.010387 -7.724442 -2.4116 1.823914 -2.187211 -2.4116 13.63092 -2.187211 7.82238 1.823914 -2.187211 7.82238 13.63092 -2.187211 -2.4116 1.823914 -8.060336 -2.4116 13.63092 -8.060336 7.82238 13.63092 -8.060336 7.82238 1.823914 -8.060336 -2.044643 7.535141 1.713568 -2.487968 7.35151 1.713568 -2.6716 6.908184 1.713568 -2.487968 6.464859 1.713568 -2.044643 6.281228 1.713568 -1.601317 6.464859 1.713568 -1.417685 6.908184 1.713568 -1.601317 7.35151 1.713568 0.1047525 -1.135179 7.985365 -0.06858634 -1.206979 7.985365 -0.1403865 -1.380318 7.985365 -0.06858634 -1.553658 7.985365 0.1047525 -1.625457 7.985365 0.2780924 -1.553658 7.985365 0.3498926 -1.380318 7.985365 0.2780924 -1.206979 7.985365 0.1047525 -1.226156 8.028079 -0.004256248 -1.271309 8.028079 -0.04940843 -1.380318 8.028079 -0.004256248 -1.489328 8.028079 0.1047525 -1.53448 8.028079 0.2137627 -1.489328 8.028079 0.258915 -1.380318 8.028079 0.2137627 -1.271309 8.028079 0.1047525 -0.801882 8.442714 -0.3042636 -0.9713023 8.442714 -0.4736824 -1.380318 8.442714 -0.3042636 -1.789334 8.442714 0.1047525 -1.958754 8.442714 0.5137696 -1.789334 8.442714 0.6831884 -1.380318 8.442714 0.5137696 -0.9713023 8.442714 0.5042029 -0.9808691 8.315049 0.4270158 -1.058056 8.147835 0.1047525 -0.9245708 8.147835 0.1047525 -0.8154123 8.315049 0.6696596 -1.380318 8.315049 0.5605006 -1.380318 8.147835 0.5042029 -1.779767 8.315049 0.4270158 -1.70258 8.147835 0.1047525 -1.945225 8.315049 0.1047525 -1.836066 8.147835 -0.2946963 -1.779768 8.315049 -0.2175092 -1.702581 8.147835 -0.4601536 -1.380318 8.315049 -0.3509946 -1.380318 8.147835 -0.2946963 -0.9808691 8.315049 -0.2175092 -1.058056 8.147835 0.1047525 -1.380318 7.985365 0.1047525 -0.8377831 8.467109 -0.2788773 -0.9966881 8.467109 -0.4377823 -1.380318 8.467109 -0.2788773 -1.763949 8.467109 0.1047525 -1.922854 8.467109 0.4883838 -1.763949 8.467109 0.6472888 -1.380318 8.467109 0.4883838 -0.9966881 8.467109 0.1047525 -0.8685539 8.314126 -0.2571182 -1.018447 8.314126 -0.4070115 -1.380318 8.314126 -0.2571182 -1.74219 8.314126 0.1047525 -1.892082 8.314126 0.4666247 -1.74219 8.314126 0.6165166 -1.380318 8.314126 0.4666247 -1.018447 8.314126 0.4692855 -1.015786 8.443687 0.1047525 -0.8647921 8.443687 0.6202798 -1.380318 8.443687 0.4692855 -1.744851 8.443687 0.1047525 -1.895845 8.443687 -0.2597795 -1.744851 8.443687 -0.4107733 -1.380318 8.443687 -0.2597795 -1.015786 8.443687 0.1047525 -1.107481 8.104799 -0.08817243 -1.187393 8.104799 -0.1680846 -1.380318 8.104799 -0.08817243 -1.573244 8.104799 0.1047525 -1.653156 8.104799 0.2976785 -1.573244 8.104799 0.3775907 -1.380318 8.104799 0.2976785 -1.187393 8.104799 0.1047525 -1.380318 8.013283 -0.3038392 3.591224 6.558881 -0.7661896 3.399713 6.558881 -0.9577012 2.937362 6.558881 -0.7661896 2.475012 6.558881 -0.3038392 2.2835 6.558881 0.1585116 2.475012 6.558881 0.3500238 2.937362 6.558881 0.1585116 3.399713 6.558881 -0.3038392 3.591224 8.421232 -0.7661896 3.399713 8.421232 -0.9577012 2.937362 8.421232 -0.7661896 2.475012 8.421232 -0.3038392 2.2835 8.421232 0.1585116 2.475012 8.421232 0.3500238 2.937362 8.421232 0.1585116 3.399713 8.421232 0.2604904 3.501691 7.800447 0.2604904 3.501691 7.179664 -0.3038392 3.735444 7.179664 -0.3038392 3.735444 7.800447 0.4942436 2.937362 7.800447 0.4942436 2.937362 7.179664 0.2604904 2.373033 7.800447 0.2604904 2.373033 7.179664 -0.3038392 2.139279 7.800447 -0.3038392 2.139279 7.179664 -0.8681684 2.373033 7.800447 -0.8681684 2.373033 7.179664 -1.101922 2.937362 7.800447 -1.101922 2.937362 7.179664 -0.8681684 3.501691 7.800447 -0.8681684 3.501691 7.179664 -0.6151586 -2.041612 6.495572 -0.5036774 -0.5491073 6.495572 0.9888287 -0.660588 6.495572 0.8773465 -2.153093 6.495572 -0.6151586 -2.041612 7.992235 -0.5036774 -0.5491073 7.992235 0.9888287 -0.660588 7.992235 0.8773465 -2.153093 7.992235 -0.3038392 3.564319 8.33397 -0.7471647 3.380688 8.33397 -0.9307962 2.937362 8.33397 -0.7471647 2.494037 8.33397 -0.3038392 2.310405 8.33397 0.1394867 2.494037 8.33397 0.3231185 2.937362 8.33397 0.1394867 3.380688 8.33397 5.30726 -2.130008 6.495572 3.811902 -2.067552 6.495572 3.874357 -0.572192 6.495572 5.369716 -0.6346488 6.495572 5.30726 -2.130008 7.992235 3.811902 -2.067552 7.992235 3.874357 -0.572192 7.992235 5.369716 -0.6346488 7.992235</float_array>
          <technique_common>
            <accessor source="#Cube_012-mesh-positions-array" count="868" stride="3">
              <param name="X" type="float"/>
              <param name="Y" type="float"/>
              <param name="Z" type="float"/>
            </accessor>
          </technique_common>
        </source>
        <source id="Cube_012-mesh-normals">
          <float_array id="Cube_012-mesh-normals-array" count="1704">0 -1 9.05283e-7 1 0 1.67573e-6 0 1 0 -1 0 0 1 0 0 0 1 0 1 1.34938e-6 0 0 0 1 -1.18065e-6 0 1 0 -1 0 0.6955888 0.6955888 -0.1797568 0 0.9837114 -0.1797555 0 0.9991734 -0.04065173 0.7065223 0.7065223 -0.04065173 0.9991734 0 -0.04065173 0.6955888 -0.6955888 -0.1797568 0.9837114 0 -0.1797555 0.7065223 -0.7065223 -0.04065173 0 -0.9991734 -0.04065173 -0.6955888 -0.6955888 -0.1797568 0 -0.9837114 -0.1797555 -0.7065223 -0.7065223 -0.04065173 -0.9991734 0 -0.04065173 -0.6955888 0.6955888 -0.1797568 -0.9837114 0 -0.1797555 -0.7065223 0.7065223 -0.04065173 0.6702745 0.6702745 -0.3185345 0 0.9479145 -0.3185249 0 0.925314 0.379202 0.9479145 0 -0.3185249 0.6542968 0.6542968 0.3791985 0.925314 0 0.379202 0.6542968 -0.6542968 0.3791985 0.6702745 -0.6702745 -0.3185345 0 -0.925314 0.379202 -0.6702745 -0.6702745 -0.3185345 0 -0.9479145 -0.3185249 -0.9479145 0 -0.3185249 -0.6542968 -0.6542968 0.3791985 -0.925314 0 0.379202 -0.6542968 0.6542968 0.3791985 -0.6702745 0.6702745 -0.3185345 0 0.6736975 -0.7390073 0.4763697 0.4763697 -0.7390155 0.6736975 0 -0.7390073 0.4763697 -0.4763697 -0.7390155 0 -0.6736975 -0.7390073 -0.4763697 -0.4763697 -0.7390155 -0.6736975 0 -0.7390073 -0.4763697 0.4763697 -0.7390155 0 0.0925635 0.9957067 0.06546276 0.06546276 0.9957054 0.09259378 0 0.995704 0.06546276 -0.06546276 0.9957054 0 -0.09259378 0.995704 -0.06546276 -0.06546276 0.9957054 -0.0925635 0 0.9957067 -0.06543248 0.06543248 0.9957094 0 -0.8817771 0.4716666 0 -0.9197613 0.3924787 -0.650369 -0.650369 0.3924798 -0.8817771 0 0.4716666 -0.6235076 -0.6235076 0.4716745 -0.9197613 0 0.3924787 -0.650369 0.650369 0.3924798 0 0.8817771 0.4716666 -0.6235076 0.6235076 0.4716745 0 0.9197613 0.3924787 0.650369 0.650369 0.3924798 0.8817771 0 0.4716666 0.6235076 0.6235076 0.4716745 0.9197613 0 0.3924787 0.650369 -0.650369 0.3924798 0.6235076 -0.6235076 0.4716745 0 -0.5331638 0.8460122 -0.3770003 -0.3770003 0.8460152 -0.5331638 0 0.8460122 -0.3770003 0.3770003 0.8460152 0 0.5331638 0.8460122 0.3770003 0.3770003 0.8460152 0.5331638 0 0.8460122 0.3770003 -0.3770003 0.8460152 0 0 -1 -0.9893856 0.09396702 0.1108438 -0.9696995 0.09210813 0.2262724 -0.6205528 0.7508099 0.2262715 0.09396702 0.9893856 0.1108438 -0.6331453 0.7660552 0.1108447 0.09210813 0.9696995 0.2262724 0.7508099 0.6205528 0.2262715 0.9893856 -0.09396702 0.1108438 0.7660552 0.6331453 0.1108447 0.6331453 -0.7660552 0.1108447 0.9696995 -0.09210813 0.2262724 0.6205528 -0.7508099 0.2262715 -0.09210813 -0.9696995 0.2262724 -0.09396702 -0.9893856 0.1108438 -0.7508099 -0.6205528 0.2262715 -0.7660552 -0.6331453 0.1108447 -0.6205528 0.7508099 -0.2262715 -0.9696995 0.09210813 -0.2262724 -0.9893856 0.09396702 -0.1108438 -0.6331453 0.7660552 -0.1108447 0.09210813 0.9696995 -0.2262724 0.09396702 0.9893856 -0.1108438 0.7508099 0.6205528 -0.2262715 0.7660552 0.6331453 -0.1108447 0.9893856 -0.09396702 -0.1108438 0.9696995 -0.09210813 -0.2262724 0.6331453 -0.7660552 -0.1108447 -0.09210813 -0.9696995 -0.2262724 0.6205528 -0.7508099 -0.2262715 -0.09396702 -0.9893856 -0.1108438 -0.7508099 -0.6205528 -0.2262715 -0.7660552 -0.6331453 -0.1108447 0 0.9938376 0.1108469 0 0.9740657 0.2262657 0.6887673 0.6887673 0.2262726 0.9938376 0 0.1108469 0.7027492 0.7027492 0.110848 0.9740657 0 0.2262657 0.6887673 -0.6887673 0.2262726 0 -0.9938376 0.1108469 0.7027492 -0.7027492 0.110848 -0.7027492 -0.7027492 0.110848 0 -0.9740641 0.2262724 -0.9938376 0 0.1108469 -0.6887673 -0.6887673 0.2262726 -0.7027492 0.7027492 0.110848 -0.9740657 0 0.2262657 -0.6887673 0.6887673 0.2262726 0.6887673 0.6887673 -0.2262726 0 0.9740657 -0.2262657 0 0.9938376 -0.1108469 0.7027492 0.7027492 -0.110848 0.9938376 0 -0.1108469 0.6887673 -0.6887673 -0.2262726 0.9740641 0 -0.2262724 0.7027492 -0.7027492 -0.110848 0 -0.9938376 -0.1108469 0 -0.9740641 -0.2262724 -0.7027492 -0.7027492 -0.110848 -0.6887673 -0.6887673 -0.2262726 -0.9938376 0 -0.1108469 -0.9740641 0 -0.2262724 -0.7027492 0.7027492 -0.110848 -0.6887673 0.6887673 -0.2262726 0.06192976 0.9980805 0 0.9980806 -0.06192964 0 -0.0619288 -0.9980806 0 -0.9980806 0.06192958 0 4.25747e-7 0 -1 -1.59655e-7 0 1 -0.975608 -0.2195202 0 -0.2195194 0.9756081 0 0.9756083 0.2195189 0 0.2195192 -0.9756082 0 0 0 1 -0.9972221 0.07448661 0 0.07448613 0.9972221 0 0.997222 -0.07448744 0 -0.07448619 -0.9972221 0 0 0 1 0.06192976 0.9980805 0 0.9980806 -0.06192964 0 -0.0619288 -0.9980806 0 -0.9980806 0.06193 0 -0.9756082 -0.219519 0 -0.2195194 0.9756081 0 0.9756082 0.2195188 0 0.2195193 -0.9756082 0 0 0 1 -0.9972221 0.07448619 0 0.07448607 0.9972221 0 0.997222 -0.07448703 0 -0.07448619 -0.9972221 0 -1 -4.85678e-7 0 -1 -4.85678e-7 0 5.35435e-7 -1 0 5.35435e-7 -1 0 5.35436e-7 -1 0 5.35435e-7 -1 0 0.9166601 0 0.3996679 -0.7469497 0 0.6648806 0 -0.9307499 0.3656567 0 0.7457938 0.6661769 0 -0.7818415 -0.6234773 0 -0.9749296 0.222514 0 -0.4338826 0.9009695 0 0.4338826 0.9009695 0 0.9749296 0.222514 0 0.7818415 -0.6234773 -1 0 -1.57474e-6 -1 -2.9377e-6 -1.57474e-6 -1 -2.93771e-6 -1.57475e-6 -1 -2.93771e-6 -1.57473e-6 1 2.93771e-6 -1.57473e-6 0.7818415 0 -0.6234773 0.9749296 0 0.222514 0.4338826 0 0.9009695 -0.4338826 0 0.9009695 -0.9749296 0 0.222514 -0.7818415 0 -0.6234773 0 -1 2.93771e-6 0 -1 -2.93771e-6 0.4338946 0 0.9009637 0 -1 -2.93772e-6 0 -1 -1.46886e-6 -1 -6.60105e-6 1.26287e-6 -1 -4.71176e-6 -1.01273e-6 -1 -1.46886e-6 0 -1 -6.60105e-6 1.26286e-6 -1 -3.3005e-6 3.53841e-6 -1 -2.35588e-6 -4.50708e-7 -1 0 -2.27557e-6 -1 -2.35588e-6 4.5071e-7 -1 -3.3005e-6 3.53841e-6 -1 -4.40658e-6 -2.83758e-6 -1 -2.35589e-6 4.50716e-7 -1 -4.40661e-6 -2.8376e-6 1 6.60101e-6 -3.53841e-6 1 0 -4.50707e-7 1 0 1.57472e-6 1 8.81319e-6 2.83758e-6 1 6.60101e-6 -3.53841e-6 1 6.60103e-6 -1.26285e-6 1 3.26063e-6 1.57474e-6 1 0 1.57474e-6 1 4.71176e-6 4.50708e-7 1 6.60101e-6 -3.5384e-6 1 6.60106e-6 -1.26286e-6 1 0 2.27556e-6 1 0 1.57474e-6 1 4.71176e-6 4.50696e-7 1 0 3.53842e-6 1 0 -5.62027e-7 1 6.60101e-6 5.11317e-6 0 -1 8.25129e-7 0 -1 4.71176e-6 0 -1 6.60101e-6 0 -1 4.71177e-6 0 -1 -1.65025e-6 0 -1 -6.601e-6 0 -1 -2.47538e-6 0 -1 1.63032e-6 1 1.94271e-6 0 -1 -1.94271e-6 0 -1 -2.42839e-6 0 -1 0 0 1 0 0 -8.51283e-7 0.988754 0.1495512 -7.24092e-7 0.8915269 0.4529678 0 0.6600884 0.751188 0 0.2530748 0.9674468 0 -0.2530747 0.9674468 -1.60471e-6 -0.6600889 0.7511875 7.24092e-7 -0.8915276 0.4529665 1.702e-7 -0.988754 0.1495511 1 0 0 1.702e-7 0.9887541 0.149551 0 0.8915272 0.4529672 0 0.6600883 0.751188 0 0.2530745 0.9674469 -1.6344e-6 -0.2530743 0.9674469 1.68271e-6 -0.6600889 0.7511875 0 -0.8915276 0.4529663 1.702e-7 -0.9887542 0.1495506 0 1 -1.10042e-6 0.988754 1.3616e-6 0.1495513 0.8915274 7.24091e-7 0.4529669 0.6600892 0 0.7511872 0.2530758 0 0.9674465 -0.2530742 0 0.9674469 -0.6600894 0 0.7511872 -0.8915275 0 0.4529666 -0.988754 -3.404e-7 0.149551 0 -1 1.10042e-6 0.988754 0 0.1495507 0.8915275 0 0.4529666 0.253075 0 0.9674467 -0.6600892 -8.43961e-7 0.7511872 -0.988754 0 0.1495507 0 1 -1.16195e-6 6.00697e-6 -1 -2.03099e-5 0.9887541 0 0.1495506 0.8915272 1.81023e-7 0.4529672 0.2530742 0 0.9674469 -0.07948768 0.07948637 0.9936618 1 -4.51951e-6 1.40578e-5 -5.10599e-7 0.988754 0.1495509 -2.41314e-7 0.8915274 0.4529669 0 0.6600887 0.7511878 3.40611e-7 0.2530745 0.9674469 0 -0.1580139 0.9874369 2.07547e-7 1 1.66874e-6 -6.28829e-7 -1 1.98798e-6 -0.9887541 1.3616e-6 0.1495506 -0.8915271 0 0.4529675 -0.6600892 0 0.7511872 -0.2530761 0 0.9674465 0.1580125 0 0.9874371 -1 -4.46366e-6 -2.31991e-6 1 1.62479e-6 0 0 0.9887542 0.1495504 0 0.8915274 0.4529668 0 0.6600886 0.7511879 -0.07948684 -0.07948648 0.9936618 -2.07547e-7 -1 0 6.28827e-7 1 0 0.9887541 -3.40399e-7 0.1495506 0.8915274 -1.81023e-7 0.4529668 0.6600896 0 0.7511869 0.2530748 0 0.9674468 -0.1580125 0 0.9874371 1 1.53534e-5 2.4817e-5 0 -0.9887543 0.1495499 0 -0.8915274 0.4529669 0 -0.6600889 0.7511875 8.10768e-7 -0.2530743 0.9674469 0.07948678 0.07948648 0.9936618 7.85602e-7 -1 0 -6.00696e-6 1 -2.11222e-5 -0.9887541 -6.808e-7 0.1495507 -0.8915272 0 0.4529672 -0.6600896 0 0.7511869 0.07948768 -0.07948642 0.9936618 -1 4.44998e-6 1.40578e-5 5.10599e-7 -0.9887541 0.149551 0 -0.6600888 0.7511876 -1.09394e-6 0.1580138 0.9874369 -1.41384e-6 0 1 -1.94899e-6 0 1 -1.35223e-6 0 1 0 0 1 -1.45704e-6 0 1 -1 -1.2516e-6 0 -7.63852e-7 -1 0 7.63856e-7 1 0 3.03274e-7 0 1 0.0925635 0 0.9957067 0.06543236 -0.06546288 0.9957075 0 -0.0925635 0.9957067 -0.9740657 0 -0.2262657 -0.9972221 0.07448649 0 0.07448613 0.9972221 0 0.997222 -0.07448714 0 -0.07448619 -0.9972221 0 -8.51495e-7 0 -1 -2.66092e-7 0 1 8.51495e-7 0 -1 -0.0417301 -0.9991289 0 -0.9991289 0.04172956 0 0.0417307 0.9991289 0 0.9991289 -0.04172956 0 -4.78966e-7 0 -1 8.51495e-7 0 1 -0.04173004 -0.999129 0 -0.9991289 0.04172956 0 0.04173064 0.9991289 0 0.9991289 -0.04173004 0 8.51495e-7 0 -1 -8.51495e-7 0 1 -7.71342e-7 -1 0 1 1.44149e-6 0 7.71343e-7 1 -9.87581e-7 -1 -1.40145e-6 -1.67573e-6 1 1.34938e-6 0 1.18065e-6 0 1 0.9166602 0 0.3996675 -0.7469495 0 0.6648808 0 -0.93075 0.3656565 0 0.7457942 0.6661764 -1 0 0 -1 0 0 -1 0 8.69268e-7 -1 0 -8.69275e-7 -1 7.07654e-7 0 -1 -3.91783e-7 0 1 0 0 -1.702e-7 0.9887541 0.149551 -6.75e-7 0.8915275 0.4529666 0 0.6600894 0.7511872 -4.70645e-7 0.2530743 0.9674469 0 -0.253076 0.9674465 0 -0.6600881 0.7511882 -2.41463e-7 -0.8915277 0.4529664 1.40506e-7 -0.988754 0.1495509 1 0 0 1 -2.49443e-7 -8.031e-7 1 -3.53825e-7 8.03092e-7 -1 0 0 0 0.9887541 0.1495505 0 0.8915275 0.4529665 8.02357e-7 0.6600888 0.7511877 0 0.2530747 0.9674468 1.75206e-6 -0.2530759 0.9674465 0 -0.6600882 0.7511881 0 -0.8915277 0.4529663 7.02527e-7 -0.988754 0.1495512 -2.27393e-7 1 2.15665e-6 -2.27393e-7 1 -1.07589e-6 0 1 9.93985e-7 0 -1 8.61879e-7 0 -1 1.07588e-6 0.988754 0 0.1495517 0.8915271 7.24092e-7 0.4529675 0.6600887 0 0.7511877 0.2530744 0 0.9674469 -0.2530776 1.04961e-6 0.967446 -0.6600875 6.01769e-7 0.7511889 -0.8915277 -1.81023e-7 0.4529662 -0.988754 0 0.1495509 0 -1 -8.6188e-7 0 -1 -9.32889e-7 0 -1 -1.43777e-6 -4.20166e-7 -1 0 -4.20172e-7 -1 0 0 1 1.66989e-6 0 1 2.87553e-6 0 1 1.98797e-6 0 1 -2.15177e-6 0 1 -1.10042e-6 0.9887542 0 0.1495506 0.8915271 0 0.4529675 0.6600887 0 0.7511877 0.2530747 0 0.9674468 -0.2530775 -9.85532e-7 0.967446 -0.6600875 0 0.7511888 -0.8915277 0 0.4529664 -0.988754 -5.106e-7 0.1495511 1.97828e-7 1 0 1.44226e-6 1 -1.62516e-6 -1.2683e-5 1 2.189e-5 -1.76868e-7 1 4.18413e-7 -2.07547e-7 1 1.66874e-6 -2.07546e-7 1 -1.31228e-6 -7.19523e-6 -1 0 -3.85654e-6 -1 -1.10059e-6 -3.08708e-6 -1 -3.88853e-6 6.28827e-7 -1 1.98798e-6 1.19654e-6 -1 2.83063e-6 -2.56973e-7 -1 0 0.9887541 3.40399e-7 0.1495504 0.6600885 0 0.7511879 0.253076 0 0.9674465 -0.1580124 0 0.9874372 1 1.3255e-7 0 1 -4.42894e-6 -2.26718e-6 1 -3.76572e-6 -4.32746e-6 1 -1.74293e-6 -7.52211e-6 1 -1.52013e-5 2.4817e-5 1 1.01572e-5 -1.65822e-5 -1 -3.06251e-6 -4.75288e-7 -1 8.95332e-6 -1.40578e-5 -1 -2.52754e-6 -2.92982e-6 0 0.9887541 0.1495505 7.24091e-7 0.8915271 0.4529675 0 0.6600889 0.7511875 0 0.2530744 0.9674468 0.07948678 -0.07948654 0.9936618 -1.97828e-7 1 -1.98825e-7 2.07546e-7 1 -6.56138e-7 1.76868e-7 1 8.36827e-7 0 1 -1.16195e-6 1.26829e-5 1 2.189e-5 -1.44226e-6 1 -1.62516e-6 3.85654e-6 -1 -7.65627e-7 7.19523e-6 -1 0 3.08708e-6 -1 -4.08296e-6 -6.00696e-6 -1 -2.03098e-5 2.56973e-7 -1 0 -1.19653e-6 -1 1.41531e-6 -0.9887541 6.808e-7 0.1495507 -0.8915271 0 0.4529675 -0.6600885 0 0.7511879 -0.2530744 0 0.9674469 0.07948768 0.07948642 0.9936618 -1 0 0 -1 -4.55961e-6 1.40578e-5 -1 1.13761e-5 -1.65822e-5 -1 -1.58094e-5 2.4817e-5 -1 -1.16195e-6 -7.25266e-6 -1 -5.02096e-6 -4.4281e-6 1 9.64203e-6 -1.40578e-5 1 -3.06251e-6 -4.75289e-7 1 -2.72197e-6 -2.92982e-6 1 -1.41532e-6 0 1 6.07916e-7 0 5.10599e-7 0.988754 0.1495509 -6.99546e-7 0.8915272 0.4529674 3.11966e-7 0.660089 0.7511875 0 0.2530744 0.9674469 0 -0.1580139 0.9874369 1.97828e-7 -1 -7.95299e-7 -2.07546e-7 -1 0 0 -1 8.36827e-7 -7.85602e-7 -1 0 -1.2683e-5 -1 1.94578e-5 1.44226e-6 -1 0 -3.85654e-6 1 -1.53126e-6 -7.19523e-6 1 0 -3.08708e-6 1 -3.11082e-6 6.00697e-6 1 -2.11222e-5 -2.56973e-7 1 0 1.19654e-6 1 5.66125e-6 0.9887542 0 0.1495504 0.8915269 0 0.4529678 -0.07948756 -0.07948625 0.9936618 1 -1.32297e-7 0 1 4.51978e-6 1.40578e-5 1 -1.01572e-5 -1.65822e-5 1 3.76572e-6 -4.32746e-6 1 4.42862e-6 -2.26718e-6 1 1.74293e-6 -7.5221e-6 -1 -8.95332e-6 -1.40578e-5 -1 3.06251e-6 -4.7529e-7 -1 2.47894e-6 -2.92982e-6 -1 4.96994e-7 0 -5.10599e-7 -0.9887541 0.149551 0 -0.8915269 0.4529676 0 -0.2530746 0.9674469 1.09394e-6 0.1580139 0.9874369 -1.97828e-7 -1 0 -1.44227e-6 -1 0 1.26829e-5 -1 2.189e-5 0 -1 -4.18414e-7 2.07547e-7 -1 0 2.07546e-7 -1 0 7.19523e-6 1 0 3.85654e-6 1 -6.69924e-7 3.08708e-6 1 -3.88853e-6 -6.28828e-7 1 0 -1.19653e-6 1 5.66124e-6 2.56973e-7 1 0 -0.9887541 -1.3616e-6 0.1495506 -0.8915269 0 0.4529678 -0.6600888 0 0.7511876 -0.253075 0 0.9674467 -1 4.59297e-6 -2.3199e-6 -1 4.18414e-6 -4.4281e-6 -1 1.16195e-6 -7.25264e-6 -1 1.58094e-5 2.4817e-5 -1 -1.13761e-5 -1.65822e-5 1 3.06251e-6 -4.7529e-7 1 -9.64203e-6 -1.40578e-5 1 2.72197e-6 -2.92982e-6 1 -8.12395e-7 0 1 -3.03958e-7 0 1 2.83062e-6 0 0 -0.9887542 0.1495506 -8.10769e-7 -0.2530742 0.9674469 -0.07948684 0.07948648 0.9936619 -1.51848e-6 1.36509e-7 1 -9.36212e-7 0 1 -1.34976e-6 1.36509e-7 1 -1.87242e-6 0 1 -1.43967e-6 0 1 -1 -1.40805e-6 0 -7.63856e-7 -1 0 7.63852e-7 1 0 3.66083e-7 0 1 -7.32169e-7 0 1 7.32168e-7 0 1 -6.06547e-7 0 1 -2.92866e-6 0 1 2.92866e-6 0 1 2.92867e-6 0 1 -2.92866e-6 0 1</float_array>
          <technique_common>
            <accessor source="#Cube_012-mesh-normals-array" count="568" stride="3">
              <param name="X" type="float"/>
              <param name="Y" type="float"/>
              <param name="Z" type="float"/>
            </accessor>
          </technique_common>
        </source>
        <source id="Cube_012-mesh-map-0">
          <float_array id="Cube_012-mesh-map-0-array" count="6924">0.9896737 0.5206525 0.7525138 0.7578125 0.7525138 0.5206525 0.9896737 0.7578125 0.7525138 0.5206525 0.9896737 0.5206525 0.7525138 0.5206525 0.9896737 0.7578125 0.9896737 0.5206525 0.7525138 0.7578125 0.9896737 0.5206525 0.7525138 0.5206525 0.9896737 0.7578125 0.7525138 0.5206525 0.9896737 0.5206525 0.7525138 0.7578125 0.9896737 0.5206525 0.7525138 0.5206525 0.7525138 0.7578125 0.9896737 0.5206525 0.7525138 0.5206525 0.9215418 0.5909783 0.7890934 0.5909783 0.7890934 0.5909783 0.818806 0.6402128 0.8188058 0.920846 0.8188058 0.920846 0.9215419 0.9187605 0.9302168 0.5736283 0.9302168 0.9361105 0.7890934 0.9187606 0.7804185 0.5736283 0.7890934 0.5909783 0.7890934 0.5909783 0.9302168 0.5736283 0.9215418 0.5909783 0.9215419 0.9187605 0.7804185 0.9361105 0.7890934 0.9187606 0.7890934 0.9187606 0.9215418 0.5909783 0.9215419 0.9187605 0.9215419 0.9187605 0.9215418 0.5909783 0.9215418 0.5909783 0.7890934 0.9187606 0.9215419 0.9187605 0.9215419 0.9187605 0.7890934 0.5909783 0.7890934 0.9187606 0.7890934 0.9187606 0.1794043 0.07356375 0.1870335 0.07354313 0.1870335 0.07824414 0.1794043 0.07356375 0.1794043 0.07826989 0.1717751 0.07829564 0.1641458 0.07360512 0.1717751 0.07358443 0.1717751 0.07829564 0.1641458 0.07360512 0.1641458 0.07832139 0.1565166 0.07834708 0.1488875 0.07364642 0.1565166 0.07362574 0.1565166 0.07834708 0.1488875 0.07364642 0.1488875 0.07837283 0.1412582 0.07839858 0.133629 0.07368773 0.1412582 0.07366704 0.1412582 0.07839858 0.133629 0.07368773 0.133629 0.07842433 0.1259998 0.07845008 0.1794043 0.1028146 0.1870335 0.1027624 0.1870335 0.1087673 0.1717751 0.1028669 0.1794043 0.1028146 0.1794043 0.108826 0.1717751 0.1028669 0.1717751 0.1088848 0.1641458 0.1089435 0.1641458 0.1029192 0.1641458 0.1089435 0.1565166 0.1090022 0.1488875 0.1030237 0.1565166 0.1029714 0.1565166 0.1090022 0.1412582 0.1030759 0.1488875 0.1030237 0.1488875 0.109061 0.1412582 0.1030759 0.1412582 0.1091197 0.133629 0.1091785 0.133629 0.1031281 0.133629 0.1091785 0.1259998 0.1092373 0.1794043 0.07826989 0.1870335 0.07824414 0.1870335 0.09342199 0.1794043 0.09346419 0.1870335 0.09342199 0.1870335 0.1027624 0.1794043 0.07826989 0.1794043 0.09346419 0.1717751 0.09350633 0.1794043 0.09346419 0.1794043 0.1028146 0.1717751 0.1028669 0.1717751 0.07829564 0.1717751 0.09350633 0.1641458 0.09354847 0.1641458 0.09354847 0.1717751 0.09350633 0.1717751 0.1028669 0.1641458 0.07832139 0.1641458 0.09354847 0.1565166 0.09359061 0.1565166 0.09359061 0.1641458 0.09354847 0.1641458 0.1029192 0.1488875 0.07837283 0.1565166 0.07834708 0.1565166 0.09359061 0.1488875 0.09363281 0.1565166 0.09359061 0.1565166 0.1029714 0.1488875 0.07837283 0.1488875 0.09363281 0.1412582 0.09367495 0.1488875 0.09363281 0.1488875 0.1030237 0.1412582 0.1030759 0.133629 0.07842433 0.1412582 0.07839858 0.1412582 0.09367495 0.133629 0.09371709 0.1412582 0.09367495 0.1412582 0.1030759 0.133629 0.07842433 0.133629 0.09371709 0.1259998 0.09375923 0.133629 0.09371709 0.133629 0.1031281 0.1259998 0.1031804 0.1870335 0.1087673 0.1870335 0.1107975 0.1794043 0.1108585 0.1717751 0.1088848 0.1794043 0.108826 0.1794043 0.1108585 0.1641458 0.1089435 0.1717751 0.1088848 0.1717751 0.1109194 0.1565166 0.1090022 0.1641458 0.1089435 0.1641458 0.1109803 0.1565166 0.1090022 0.1565166 0.1110413 0.1488875 0.1111022 0.1412582 0.1091197 0.1488875 0.109061 0.1488875 0.1111022 0.1412582 0.1091197 0.1412582 0.1111631 0.133629 0.1112241 0.1259998 0.1092373 0.133629 0.1091785 0.133629 0.1112241 0.1870335 0.1136292 0.1870335 0.1065204 0.1794043 0.1064391 0.1717751 0.1134821 0.1794043 0.1135556 0.1794043 0.1064391 0.1717751 0.1134821 0.1717751 0.1063578 0.1641458 0.1062766 0.1565166 0.1133349 0.1641458 0.1134085 0.1641458 0.1062766 0.1565166 0.1133349 0.1565166 0.1061953 0.1488875 0.106114 0.1412582 0.1131877 0.1488875 0.1132614 0.1488875 0.106114 0.1412582 0.1131877 0.1412582 0.1060328 0.133629 0.1059515 0.1259998 0.1130406 0.133629 0.1131142 0.133629 0.1059515 0.1870335 0.1107975 0.1870335 0.1124696 0.1794043 0.1125324 0.1717751 0.1109194 0.1794043 0.1108585 0.1794043 0.1125324 0.1717751 0.1109194 0.1717751 0.1125952 0.1641458 0.1126579 0.1565166 0.1110413 0.1641458 0.1109803 0.1641458 0.1126579 0.1565166 0.1110413 0.1565166 0.1127206 0.1488875 0.1127834 0.1412582 0.1111631 0.1488875 0.1111022 0.1488875 0.1127834 0.1412582 0.1111631 0.1412582 0.1128461 0.133629 0.1129088 0.1259998 0.111285 0.133629 0.1112241 0.133629 0.1129088 0.1794043 0.1064391 0.1870335 0.1065204 0.1870335 0.08909839 0.1794043 0.1064391 0.1794043 0.08899825 0.1717751 0.08889818 0.1641458 0.1062766 0.1717751 0.1063578 0.1717751 0.08889818 0.1641458 0.1062766 0.1641458 0.08879804 0.1565166 0.08869796 0.1488875 0.106114 0.1565166 0.1061953 0.1565166 0.08869796 0.1488875 0.106114 0.1488875 0.08859783 0.1412582 0.08849775 0.133629 0.1059515 0.1412582 0.1060328 0.1412582 0.08849775 0.133629 0.1059515 0.133629 0.08839768 0.1259998 0.08829754 0.1870335 0.07354313 0.1794043 0.07356375 0.1870335 0.0620768 0.1794043 0.07356375 0.1717751 0.07358443 0.1794043 0.06208521 0.1717751 0.07358443 0.1641458 0.07360512 0.1717751 0.06209331 0.1641458 0.07360512 0.1565166 0.07362574 0.1641458 0.06210172 0.1565166 0.07362574 0.1488875 0.07364642 0.1565166 0.06210982 0.1488875 0.07364642 0.1412582 0.07366704 0.1488875 0.06211823 0.1412582 0.07366704 0.133629 0.07368773 0.1412582 0.06212639 0.133629 0.07368773 0.1259998 0.07370841 0.133629 0.06213474 0.1794043 0.08899825 0.1870335 0.08909839 0.1794043 0.07319784 0.1717751 0.08889818 0.1794043 0.08899825 0.1717751 0.07308065 0.1641458 0.08879804 0.1717751 0.08889818 0.1641458 0.07296347 0.1565166 0.08869796 0.1641458 0.08879804 0.1565166 0.07284635 0.1488875 0.08859783 0.1565166 0.08869796 0.1488875 0.07272917 0.1412582 0.08849775 0.1488875 0.08859783 0.1412582 0.07261204 0.133629 0.08839768 0.1412582 0.08849775 0.133629 0.07249486 0.1259998 0.08829754 0.133629 0.08839768 0.1259998 0.07237762 0.8672947 0.1232157 0.8672947 0.1017045 0.8629595 0.1017045 0.8586242 0.1232157 0.8629595 0.1232157 0.8629595 0.1017045 0.8499536 0.1232157 0.8499536 0.1017045 0.8542889 0.1017045 0.8586242 0.1232157 0.8542889 0.1232157 0.8542889 0.1017045 0.8629595 0.1232157 0.8586242 0.1232157 0.8586242 0.1017045 0.8629595 0.1232157 0.8629595 0.1017045 0.8672947 0.1017045 0.8672947 0.1232157 0.8672947 0.1017045 0.8716301 0.1017045 0.8716301 0.1232157 0.8716301 0.1017045 0.8672947 0.1017045 0.8629595 0.166238 0.8672947 0.166238 0.8672947 0.1447269 0.8629595 0.1447269 0.8672947 0.1447269 0.8672947 0.1232157 0.8586242 0.166238 0.8629595 0.166238 0.8629595 0.1447269 0.8586242 0.1447269 0.8629595 0.1447269 0.8629595 0.1232157 0.8542889 0.166238 0.8499535 0.166238 0.8499535 0.1447269 0.8542889 0.1447269 0.8499535 0.1447269 0.8499536 0.1232157 0.8542889 0.166238 0.8542889 0.1447269 0.8586242 0.1447269 0.8586242 0.1447269 0.8542889 0.1447269 0.8542889 0.1232157 0.8586242 0.166238 0.8586242 0.1447269 0.8629595 0.1447269 0.8629595 0.1447269 0.8586242 0.1447269 0.8586242 0.1232157 0.8672947 0.166238 0.8629595 0.166238 0.8629595 0.1447269 0.8672947 0.1447269 0.8629595 0.1447269 0.8629595 0.1232157 0.8716301 0.166238 0.8672947 0.166238 0.8672947 0.1447269 0.8716301 0.1447269 0.8672947 0.1447269 0.8672947 0.1232157 0.8672947 0.166238 0.8716301 0.166238 0.8716301 0.1447269 0.8672947 0.1447269 0.8716301 0.1447269 0.8716301 0.1232157 0.8672947 0.1232157 0.8672947 0.1017045 0.8629595 0.1017045 0.8586242 0.1232157 0.8629595 0.1232157 0.8629595 0.1017045 0.8499536 0.1232157 0.8499536 0.1017045 0.8542889 0.1017045 0.8586242 0.1232157 0.8542889 0.1232157 0.8542889 0.1017045 0.8629595 0.1232157 0.8586242 0.1232157 0.8586242 0.1017045 0.8672947 0.1232157 0.8629595 0.1232157 0.8629595 0.1017045 0.8716301 0.1232157 0.8672947 0.1232157 0.8672947 0.1017045 0.8716301 0.1232157 0.8716301 0.1017045 0.8672947 0.1017045 0.8629595 0.166238 0.8672947 0.166238 0.8672947 0.1447269 0.8629595 0.1447269 0.8672947 0.1447269 0.8672947 0.1232157 0.8629595 0.166238 0.8629595 0.1447269 0.8586242 0.1447269 0.8586242 0.1447269 0.8629595 0.1447269 0.8629595 0.1232157 0.8542889 0.166238 0.8499535 0.166238 0.8499535 0.1447269 0.8542889 0.1447269 0.8499535 0.1447269 0.8499536 0.1232157 0.8542889 0.166238 0.8542889 0.1447269 0.8586242 0.1447269 0.8586242 0.1447269 0.8542889 0.1447269 0.8542889 0.1232157 0.8586242 0.166238 0.8586242 0.1447269 0.8629595 0.1447269 0.8629595 0.1447269 0.8586242 0.1447269 0.8586242 0.1232157 0.8629595 0.166238 0.8629595 0.1447269 0.8672947 0.1447269 0.8672947 0.1447269 0.8629595 0.1447269 0.8629595 0.1232157 0.8672947 0.166238 0.8672947 0.1447269 0.8716301 0.1447269 0.8716301 0.1447269 0.8672947 0.1447269 0.8672947 0.1232157 0.8672947 0.166238 0.8716301 0.166238 0.8716301 0.1447269 0.8672947 0.1447269 0.8716301 0.1447269 0.8716301 0.1232157 0.8766562 0.4591529 0.745719 0.4591529 0.745719 0.326126 0.8766562 0.4591529 0.745719 0.4591529 0.745719 0.326126 0.8766562 0.4591529 0.745719 0.4591529 0.745719 0.326126 0.8766562 0.4591529 0.745719 0.4591529 0.745719 0.326126 0.8766562 0.459196 0.8766562 0.326126 0.7456759 0.3261262 0.7456759 0.459196 0.8766562 0.4591957 0.8766562 0.326126 0.8766562 0.4591529 0.745719 0.4591529 0.745719 0.326126 0.8766562 0.4591529 0.745719 0.4591529 0.745719 0.326126 0.8766562 0.4591529 0.745719 0.4591529 0.745719 0.326126 0.8766562 0.4591529 0.745719 0.4591529 0.745719 0.326126 0.8766562 0.459196 0.8766562 0.326126 0.7456759 0.3261262 0.7456759 0.326126 0.7456759 0.459196 0.8766562 0.4591957 0.8766562 0.4591529 0.745719 0.4591529 0.745719 0.326126 0.8766562 0.4591529 0.745719 0.4591529 0.745719 0.326126 0.8766562 0.4591529 0.745719 0.4591529 0.745719 0.326126 0.8766562 0.4591529 0.745719 0.4591529 0.745719 0.326126 0.8766562 0.326126 0.7456759 0.3261262 0.7456759 0.459196 0.7456759 0.326126 0.7456759 0.459196 0.8766562 0.4591957 0.1088762 0.4896772 0.003335952 0.4896772 0.003335952 0.1008301 0.1794043 0.07826989 0.1794043 0.07356375 0.1870335 0.07824414 0.1717751 0.07358443 0.1794043 0.07356375 0.1717751 0.07829564 0.1641458 0.07832139 0.1641458 0.07360512 0.1717751 0.07829564 0.1565166 0.07362574 0.1641458 0.07360512 0.1565166 0.07834708 0.1488875 0.07837283 0.1488875 0.07364642 0.1565166 0.07834708 0.1412582 0.07366704 0.1488875 0.07364642 0.1412582 0.07839858 0.133629 0.07842433 0.133629 0.07368773 0.1412582 0.07839858 0.1259998 0.07370841 0.133629 0.07368773 0.1259998 0.07845008 0.1794043 0.108826 0.1794043 0.1028146 0.1870335 0.1087673 0.1717751 0.1088848 0.1717751 0.1028669 0.1794043 0.108826 0.1641458 0.1029192 0.1717751 0.1028669 0.1641458 0.1089435 0.1565166 0.1029714 0.1641458 0.1029192 0.1565166 0.1090022 0.1488875 0.109061 0.1488875 0.1030237 0.1565166 0.1090022 0.1412582 0.1091197 0.1412582 0.1030759 0.1488875 0.109061 0.133629 0.1031281 0.1412582 0.1030759 0.133629 0.1091785 0.1259998 0.1031804 0.133629 0.1031281 0.1259998 0.1092373 0.1794043 0.09346419 0.1794043 0.07826989 0.1870335 0.09342199 0.1794043 0.1028146 0.1794043 0.09346419 0.1870335 0.1027624 0.1717751 0.07829564 0.1794043 0.07826989 0.1717751 0.09350633 0.1717751 0.09350633 0.1794043 0.09346419 0.1717751 0.1028669 0.1641458 0.07832139 0.1717751 0.07829564 0.1641458 0.09354847 0.1641458 0.1029192 0.1641458 0.09354847 0.1717751 0.1028669 0.1565166 0.07834708 0.1641458 0.07832139 0.1565166 0.09359061 0.1565166 0.1029714 0.1565166 0.09359061 0.1641458 0.1029192 0.1488875 0.09363281 0.1488875 0.07837283 0.1565166 0.09359061 0.1488875 0.1030237 0.1488875 0.09363281 0.1565166 0.1029714 0.1412582 0.07839858 0.1488875 0.07837283 0.1412582 0.09367495 0.1412582 0.09367495 0.1488875 0.09363281 0.1412582 0.1030759 0.133629 0.09371709 0.133629 0.07842433 0.1412582 0.09367495 0.133629 0.1031281 0.133629 0.09371709 0.1412582 0.1030759 0.1259998 0.07845008 0.133629 0.07842433 0.1259998 0.09375923 0.1259998 0.09375923 0.133629 0.09371709 0.1259998 0.1031804 0.1794043 0.108826 0.1870335 0.1087673 0.1794043 0.1108585 0.1717751 0.1109194 0.1717751 0.1088848 0.1794043 0.1108585 0.1641458 0.1109803 0.1641458 0.1089435 0.1717751 0.1109194 0.1565166 0.1110413 0.1565166 0.1090022 0.1641458 0.1109803 0.1488875 0.109061 0.1565166 0.1090022 0.1488875 0.1111022 0.1412582 0.1111631 0.1412582 0.1091197 0.1488875 0.1111022 0.133629 0.1091785 0.1412582 0.1091197 0.133629 0.1112241 0.1259998 0.111285 0.1259998 0.1092373 0.133629 0.1112241 0.1794043 0.1135556 0.1870335 0.1136292 0.1794043 0.1064391 0.1717751 0.1063578 0.1717751 0.1134821 0.1794043 0.1064391 0.1641458 0.1134085 0.1717751 0.1134821 0.1641458 0.1062766 0.1565166 0.1061953 0.1565166 0.1133349 0.1641458 0.1062766 0.1488875 0.1132614 0.1565166 0.1133349 0.1488875 0.106114 0.1412582 0.1060328 0.1412582 0.1131877 0.1488875 0.106114 0.133629 0.1131142 0.1412582 0.1131877 0.133629 0.1059515 0.1259998 0.1058703 0.1259998 0.1130406 0.133629 0.1059515 0.1794043 0.1108585 0.1870335 0.1107975 0.1794043 0.1125324 0.1717751 0.1125952 0.1717751 0.1109194 0.1794043 0.1125324 0.1641458 0.1109803 0.1717751 0.1109194 0.1641458 0.1126579 0.1565166 0.1127206 0.1565166 0.1110413 0.1641458 0.1126579 0.1488875 0.1111022 0.1565166 0.1110413 0.1488875 0.1127834 0.1412582 0.1128461 0.1412582 0.1111631 0.1488875 0.1127834 0.133629 0.1112241 0.1412582 0.1111631 0.133629 0.1129088 0.1259998 0.1129717 0.1259998 0.111285 0.133629 0.1129088 0.1794043 0.08899825 0.1794043 0.1064391 0.1870335 0.08909839 0.1717751 0.1063578 0.1794043 0.1064391 0.1717751 0.08889818 0.1641458 0.08879804 0.1641458 0.1062766 0.1717751 0.08889818 0.1565166 0.1061953 0.1641458 0.1062766 0.1565166 0.08869796 0.1488875 0.08859783 0.1488875 0.106114 0.1565166 0.08869796 0.1412582 0.1060328 0.1488875 0.106114 0.1412582 0.08849775 0.133629 0.08839768 0.133629 0.1059515 0.1412582 0.08849775 0.1259998 0.1058703 0.133629 0.1059515 0.1259998 0.08829754 0.8629595 0.1232157 0.8672947 0.1232157 0.8629595 0.1017045 0.8586242 0.1017045 0.8586242 0.1232157 0.8629595 0.1017045 0.8542889 0.1232157 0.8499536 0.1232157 0.8542889 0.1017045 0.8586242 0.1017045 0.8586242 0.1232157 0.8542889 0.1017045 0.8629595 0.1017045 0.8629595 0.1232157 0.8586242 0.1017045 0.8672947 0.1232157 0.8629595 0.1232157 0.8672947 0.1017045 0.8716301 0.1232157 0.8672947 0.1232157 0.8716301 0.1017045 0.8672947 0.1232157 0.8716301 0.1232157 0.8672947 0.1017045 0.8629595 0.1447269 0.8629595 0.166238 0.8672947 0.1447269 0.8629595 0.1232157 0.8629595 0.1447269 0.8672947 0.1232157 0.8586242 0.1447269 0.8586242 0.166238 0.8629595 0.1447269 0.8586242 0.1232157 0.8586242 0.1447269 0.8629595 0.1232157 0.8542889 0.1447269 0.8542889 0.166238 0.8499535 0.1447269 0.8542889 0.1232157 0.8542889 0.1447269 0.8499536 0.1232157 0.8586242 0.166238 0.8542889 0.166238 0.8586242 0.1447269 0.8586242 0.1232157 0.8586242 0.1447269 0.8542889 0.1232157 0.8629595 0.166238 0.8586242 0.166238 0.8629595 0.1447269 0.8629595 0.1232157 0.8629595 0.1447269 0.8586242 0.1232157 0.8672947 0.1447269 0.8672947 0.166238 0.8629595 0.1447269 0.8672947 0.1232157 0.8672947 0.1447269 0.8629595 0.1232157 0.8716301 0.1447269 0.8716301 0.166238 0.8672947 0.1447269 0.8716301 0.1232157 0.8716301 0.1447269 0.8672947 0.1232157 0.8672947 0.1447269 0.8672947 0.166238 0.8716301 0.1447269 0.8672947 0.1232157 0.8672947 0.1447269 0.8716301 0.1232157 0.8629595 0.1232157 0.8672947 0.1232157 0.8629595 0.1017045 0.8586242 0.1017045 0.8586242 0.1232157 0.8629595 0.1017045 0.8542889 0.1232157 0.8499536 0.1232157 0.8542889 0.1017045 0.8586242 0.1017045 0.8586242 0.1232157 0.8542889 0.1017045 0.8629595 0.1017045 0.8629595 0.1232157 0.8586242 0.1017045 0.8672947 0.1017045 0.8672947 0.1232157 0.8629595 0.1017045 0.8716301 0.1017045 0.8716301 0.1232157 0.8672947 0.1017045 0.8672947 0.1232157 0.8716301 0.1232157 0.8672947 0.1017045 0.8629595 0.1447269 0.8629595 0.166238 0.8672947 0.1447269 0.8629595 0.1232157 0.8629595 0.1447269 0.8672947 0.1232157 0.8586242 0.166238 0.8629595 0.166238 0.8586242 0.1447269 0.8586242 0.1232157 0.8586242 0.1447269 0.8629595 0.1232157 0.8542889 0.1447269 0.8542889 0.166238 0.8499535 0.1447269 0.8542889 0.1232157 0.8542889 0.1447269 0.8499536 0.1232157 0.8586242 0.166238 0.8542889 0.166238 0.8586242 0.1447269 0.8586242 0.1232157 0.8586242 0.1447269 0.8542889 0.1232157 0.8629595 0.166238 0.8586242 0.166238 0.8629595 0.1447269 0.8629595 0.1232157 0.8629595 0.1447269 0.8586242 0.1232157 0.8672947 0.166238 0.8629595 0.166238 0.8672947 0.1447269 0.8672947 0.1232157 0.8672947 0.1447269 0.8629595 0.1232157 0.8716301 0.166238 0.8672947 0.166238 0.8716301 0.1447269 0.8716301 0.1232157 0.8716301 0.1447269 0.8672947 0.1232157 0.8672947 0.1447269 0.8672947 0.166238 0.8716301 0.1447269 0.8672947 0.1232157 0.8672947 0.1447269 0.8716301 0.1232157 0.8766562 0.326126 0.8766562 0.4591529 0.745719 0.326126 0.8766559 0.326126 0.8766562 0.4591529 0.745719 0.326126 0.8766562 0.326126 0.8766562 0.4591529 0.745719 0.326126 0.8766562 0.326126 0.8766562 0.4591529 0.745719 0.326126 0.7456759 0.459196 0.8766562 0.459196 0.7456759 0.3261262 0.7456759 0.326126 0.7456759 0.459196 0.8766562 0.326126 0.8766562 0.326126 0.8766562 0.4591529 0.745719 0.326126 0.8766559 0.326126 0.8766562 0.4591529 0.745719 0.326126 0.8766562 0.326126 0.8766562 0.4591529 0.745719 0.326126 0.8766562 0.326126 0.8766562 0.4591529 0.745719 0.326126 0.7456759 0.459196 0.8766562 0.459196 0.7456759 0.3261262 0.8766562 0.326126 0.7456759 0.326126 0.8766562 0.4591957 0.8766562 0.326126 0.8766562 0.4591529 0.745719 0.326126 0.8766559 0.326126 0.8766562 0.4591529 0.745719 0.326126 0.8766562 0.326126 0.8766562 0.4591529 0.745719 0.326126 0.8766562 0.326126 0.8766562 0.4591529 0.745719 0.326126 0.8766562 0.459196 0.8766562 0.326126 0.7456759 0.459196 0.8766562 0.326126 0.7456759 0.326126 0.8766562 0.4591957 0.1088762 0.1008301 0.1088762 0.4896772 0.003335952 0.1008301 0.1088762 0.4896772 0.003335952 0.4896772 0.1088762 0.4896772 0.003335952 0.1008301 0.1088762 0.1008301 0.003335952 0.1008301 0.003335952 0.4896772 0.003335952 0.1008301 0.003335952 0.4896772 0.1088762 0.1008301 0.1088762 0.4896772 0.1088762 0.1008301 0 0 0 0 0 0 0 0 0 0 0 0 0 0 0 0 0 0 0 0 0 0 0 0 0 0 0 0 0 0 0 0 0 0 0 0 0 0 0 0 0 0 0 0 0 0 0 0 0.4962071 0.1913877 0.2995052 0.2468321 0.2995052 0.1913877 0.2237812 0.1913877 0.4259249 0.2468321 0.4259249 0.1913877 0.4259249 0.1913877 0.2237812 0.2468321 0.2237812 0.1913877 0.2995052 0.1913877 0.4962071 0.2468321 0.4962071 0.1913877 0.4045621 0.2675487 0.2760743 0.2526357 0.4016328 0.2526357 0.4045621 0.2675487 0.2760743 0.2526357 0.2694138 0.2675487 0.320041 0.2675487 0.4452875 0.2526357 0.4515511 0.2675487 0.320041 0.2675487 0.4452875 0.2526357 0.3231091 0.2526357 0.8474007 0.4650692 0.8912783 0.4650692 0.8912783 0.4705333 0.8474006 0.4759973 0.8474006 0.4705332 0.8912783 0.4705333 0.8474004 0.4814615 0.8474006 0.4759973 0.8912783 0.4759973 0.8474004 0.4814615 0.8912783 0.4814614 0.8912783 0.4869254 0.8474004 0.4923895 0.8474004 0.4869256 0.8912783 0.4869254 0.8474004 0.4923895 0.8912783 0.4923895 0.8912783 0.4978536 0.8474004 0.5033177 0.8474004 0.4978536 0.8912783 0.4978536 0.1643771 0.4570792 0.1624194 0.4740897 0.1599784 0.4680188 0.8474007 0.4650692 0.8912783 0.4650692 0.8912783 0.4705333 0.8474006 0.4759973 0.8474006 0.4705332 0.8912783 0.4705333 0.8474004 0.4814615 0.8474006 0.4759973 0.8912783 0.4759973 0.8474004 0.4814615 0.8912783 0.4814614 0.8912783 0.4869254 0.8474004 0.4923895 0.8474004 0.4869256 0.8912783 0.4869254 0.8474004 0.4923895 0.8912783 0.4923895 0.8912783 0.4978536 0.8474004 0.5033177 0.8474004 0.4978536 0.8912783 0.4978536 0.1624194 0.4740897 0.1599784 0.4680188 0.1687759 0.4680188 0.8474007 0.4650692 0.8912783 0.4650692 0.8912783 0.4705333 0.8474006 0.4759973 0.8474006 0.4705332 0.8912783 0.4705333 0.8474004 0.4814615 0.8474006 0.4759973 0.8912783 0.4759973 0.8474004 0.4814615 0.8912783 0.4814614 0.8912783 0.4869254 0.8474004 0.4923895 0.8474004 0.4869256 0.8912783 0.4869254 0.8474004 0.4923895 0.8912783 0.4923895 0.8912783 0.4978536 0.8474004 0.5033177 0.8474004 0.4978536 0.8912783 0.4978536 0.1687759 0.4680188 0.1624194 0.4740897 0.1599784 0.4680188 0.8474007 0.4650692 0.8912783 0.4650692 0.8912783 0.4705333 0.8474006 0.4759973 0.8474006 0.4705332 0.8912783 0.4705333 0.8474004 0.4814615 0.8474006 0.4759973 0.8912783 0.4759973 0.8474004 0.4814615 0.8912783 0.4814614 0.8912783 0.4869254 0.8474004 0.4923895 0.8474004 0.4869256 0.8912783 0.4869254 0.8474004 0.4923895 0.8912783 0.4923895 0.8912783 0.4978536 0.8474004 0.5033177 0.8474004 0.4978536 0.8912783 0.4978536 0.1687759 0.4680188 0.1624194 0.4740897 0.1599784 0.4680188 0.8474006 0.4705332 0.8474007 0.4650692 0.8912783 0.4650692 0.8474006 0.4705332 0.8912783 0.4705333 0.8912783 0.4759973 0.8474004 0.4814615 0.8474006 0.4759973 0.8912783 0.4759973 0.8474004 0.4814615 0.8912783 0.4814614 0.8912783 0.4869254 0.8474004 0.4923895 0.8474004 0.4869256 0.8912783 0.4869254 0.8474004 0.4923895 0.8912783 0.4923895 0.8912783 0.4978536 0.8474004 0.4978536 0.8912783 0.4978536 0.8912783 0.5033177 0.8912783 0.4705333 0.8474006 0.4705332 0.8912783 0.4650692 0.8474006 0.4705332 0.8474007 0.4650692 0.8912783 0.4650692 0.8474006 0.4705332 0.8912783 0.4705333 0.8912783 0.4759973 0.8474004 0.4814615 0.8474006 0.4759973 0.8912783 0.4759973 0.8474004 0.4814615 0.8912783 0.4814614 0.8912783 0.4869254 0.8474004 0.4923895 0.8474004 0.4869256 0.8912783 0.4869254 0.8474004 0.4923895 0.8912783 0.4923895 0.8912783 0.4978536 0.8474004 0.4978536 0.8912783 0.4978536 0.8912783 0.5033177 0.8912783 0.4705333 0.8474006 0.4705332 0.8912783 0.4650692 0.8474006 0.4705332 0.8474007 0.4650692 0.8912783 0.4650692 0.8474006 0.4705332 0.8912783 0.4705333 0.8912783 0.4759973 0.8474004 0.4814615 0.8474006 0.4759973 0.8912783 0.4759973 0.8474004 0.4814615 0.8912783 0.4814614 0.8912783 0.4869254 0.8474004 0.4923895 0.8474004 0.4869256 0.8912783 0.4869254 0.8474004 0.4923895 0.8912783 0.4923895 0.8912783 0.4978536 0.8474004 0.4978536 0.8912783 0.4978536 0.8912783 0.5033177 0.8912783 0.4705333 0.8474006 0.4705332 0.8912783 0.4650692 0.8474006 0.4705332 0.8474007 0.4650692 0.8912783 0.4650692 0.8474006 0.4705332 0.8912783 0.4705333 0.8912783 0.4759973 0.8474004 0.4814615 0.8474006 0.4759973 0.8912783 0.4759973 0.8474004 0.4814615 0.8912783 0.4814614 0.8912783 0.4869254 0.8474004 0.4923895 0.8474004 0.4869256 0.8912783 0.4869254 0.8474004 0.4923895 0.8912783 0.4923895 0.8912783 0.4978536 0.8474004 0.4978536 0.8912783 0.4978536 0.8912783 0.5033177 0.1687759 0.4680188 0.1624194 0.4740897 0.1599784 0.4680188 0.8474006 0.4705332 0.8474007 0.4650692 0.8912783 0.4650692 0.8474006 0.4759973 0.8474006 0.4705332 0.8912783 0.4705333 0.8474004 0.4814615 0.8474006 0.4759973 0.8912783 0.4759973 0.8474004 0.4869256 0.8474004 0.4814615 0.8912783 0.4814614 0.8474004 0.4923895 0.8474004 0.4869256 0.8912783 0.4869254 0.8474004 0.4978536 0.8474004 0.4923895 0.8912783 0.4923895 0.8474004 0.5033177 0.8474004 0.4978536 0.8912783 0.4978536 0.1687759 0.4680188 0.1624194 0.4740897 0.1599784 0.4680188 0.8474006 0.4705332 0.8474007 0.4650692 0.8912783 0.4650692 0.8474006 0.4759973 0.8474006 0.4705332 0.8912783 0.4705333 0.8474004 0.4814615 0.8474006 0.4759973 0.8912783 0.4759973 0.8474004 0.4869256 0.8474004 0.4814615 0.8912783 0.4814614 0.8474004 0.4923895 0.8474004 0.4869256 0.8912783 0.4869254 0.8474004 0.4978536 0.8474004 0.4923895 0.8912783 0.4923895 0.8474004 0.5033177 0.8474004 0.4978536 0.8912783 0.4978536 0.1687759 0.4680188 0.1624194 0.4740897 0.1599784 0.4680188 0.8474006 0.4705332 0.8474007 0.4650692 0.8912783 0.4650692 0.8474006 0.4759973 0.8474006 0.4705332 0.8912783 0.4705333 0.8474004 0.4814615 0.8474006 0.4759973 0.8912783 0.4759973 0.8474004 0.4869256 0.8474004 0.4814615 0.8912783 0.4814614 0.8474004 0.4923895 0.8474004 0.4869256 0.8912783 0.4869254 0.8474004 0.4978536 0.8474004 0.4923895 0.8912783 0.4923895 0.8474004 0.5033177 0.8474004 0.4978536 0.8912783 0.4978536 0.1687759 0.4680188 0.1624194 0.4740897 0.1599784 0.4680188 0.8474006 0.4705332 0.8474007 0.4650692 0.8912783 0.4650692 0.8474006 0.4759973 0.8474006 0.4705332 0.8912783 0.4705333 0.8474004 0.4814615 0.8474006 0.4759973 0.8912783 0.4759973 0.8474004 0.4869256 0.8474004 0.4814615 0.8912783 0.4814614 0.8474004 0.4923895 0.8474004 0.4869256 0.8912783 0.4869254 0.8474004 0.4978536 0.8474004 0.4923895 0.8912783 0.4923895 0.8474004 0.5033177 0.8474004 0.4978536 0.8912783 0.4978536 0.1687759 0.4680188 0.1624194 0.4740897 0.1599784 0.4680188 0.8474006 0.4705332 0.8474007 0.4650692 0.8912783 0.4705333 0.8912783 0.4759973 0.8474006 0.4759973 0.8912783 0.4705333 0.8912783 0.4814614 0.8474004 0.4814615 0.8912783 0.4759973 0.8474004 0.4869256 0.8474004 0.4814615 0.8912783 0.4869254 0.8912783 0.4923895 0.8474004 0.4923895 0.8912783 0.4869254 0.8474004 0.4978536 0.8474004 0.4923895 0.8912783 0.4978536 0.8912783 0.5033177 0.8474004 0.5033177 0.8912783 0.4978536 0.1608496 0.4604484 0.1643771 0.4570792 0.1599784 0.4680188 0.1624194 0.4740897 0.1643771 0.4570792 0.1663347 0.4740897 0.1643771 0.4570792 0.1679046 0.4604484 0.1687759 0.4680188 0.8474006 0.4705332 0.8474007 0.4650692 0.8912783 0.4705333 0.1643771 0.4570792 0.1687759 0.4680188 0.1663347 0.4740897 0.8912783 0.4759973 0.8474006 0.4759973 0.8912783 0.4705333 0.8912783 0.4814614 0.8474004 0.4814615 0.8912783 0.4759973 0.8474004 0.4869256 0.8474004 0.4814615 0.8912783 0.4869254 0.8912783 0.4923895 0.8474004 0.4923895 0.8912783 0.4869254 0.8474004 0.4978536 0.8474004 0.4923895 0.8912783 0.4978536 0.8912783 0.5033177 0.8474004 0.5033177 0.8912783 0.4978536 0.1608496 0.4604484 0.1643771 0.4570792 0.1599784 0.4680188 0.1687759 0.4680188 0.1663347 0.4740897 0.1624194 0.4740897 0.1687759 0.4680188 0.1599784 0.4680188 0.1679046 0.4604484 0.8474006 0.4705332 0.8474007 0.4650692 0.8912783 0.4705333 0.1599784 0.4680188 0.1643771 0.4570792 0.1679046 0.4604484 0.8912783 0.4759973 0.8474006 0.4759973 0.8912783 0.4705333 0.8912783 0.4814614 0.8474004 0.4814615 0.8912783 0.4759973 0.8474004 0.4869256 0.8474004 0.4814615 0.8912783 0.4869254 0.8912783 0.4923895 0.8474004 0.4923895 0.8912783 0.4869254 0.8474004 0.4978536 0.8474004 0.4923895 0.8912783 0.4978536 0.8912783 0.5033177 0.8474004 0.5033177 0.8912783 0.4978536 0.1608496 0.4604484 0.1687759 0.4680188 0.1599784 0.4680188 0.1687759 0.4680188 0.1663347 0.4740897 0.1624194 0.4740897 0.1643771 0.4570792 0.1679046 0.4604484 0.1687759 0.4680188 0.1643771 0.4570792 0.1687759 0.4680188 0.1608496 0.4604484 0.8474006 0.4705332 0.8474007 0.4650692 0.8912783 0.4705333 0.8912783 0.4759973 0.8474006 0.4759973 0.8912783 0.4705333 0.8912783 0.4814614 0.8474004 0.4814615 0.8912783 0.4759973 0.8474004 0.4869256 0.8474004 0.4814615 0.8912783 0.4869254 0.8912783 0.4923895 0.8474004 0.4923895 0.8912783 0.4869254 0.8474004 0.4978536 0.8474004 0.4923895 0.8912783 0.4978536 0.8912783 0.5033177 0.8474004 0.5033177 0.8912783 0.4978536 0.1608496 0.4604484 0.1687759 0.4680188 0.1599784 0.4680188 0.1687759 0.4680188 0.1663347 0.4740897 0.1624194 0.4740897 0.1643771 0.4570792 0.1679046 0.4604484 0.1687759 0.4680188 0.1643771 0.4570792 0.1687759 0.4680188 0.1608496 0.4604484 0.8912783 0.4705333 0.8474006 0.4705332 0.8912783 0.4650692 0.8474006 0.4759973 0.8474006 0.4705332 0.8912783 0.4759973 0.8912783 0.4814614 0.8474004 0.4814615 0.8912783 0.4759973 0.8474004 0.4869256 0.8474004 0.4814615 0.8912783 0.4869254 0.8912783 0.4923895 0.8474004 0.4923895 0.8912783 0.4869254 0.8474004 0.4978536 0.8474004 0.4923895 0.8912783 0.4978536 0.8474004 0.5033177 0.8474004 0.4978536 0.8912783 0.5033177 0.1608496 0.4604484 0.1643771 0.4570792 0.1599784 0.4680188 0.1624194 0.4740897 0.1599784 0.4680188 0.1663347 0.4740897 0.1687759 0.4680188 0.1599784 0.4680188 0.1679046 0.4604484 0.1599784 0.4680188 0.1687759 0.4680188 0.1663347 0.4740897 0.1599784 0.4680188 0.1643771 0.4570792 0.1679046 0.4604484 0.8474006 0.4759973 0.8474006 0.4705332 0.8912783 0.4759973 0.8912783 0.4814614 0.8474004 0.4814615 0.8912783 0.4759973 0.8474004 0.4869256 0.8474004 0.4814615 0.8912783 0.4869254 0.8912783 0.4923895 0.8474004 0.4923895 0.8912783 0.4869254 0.8474004 0.4978536 0.8474004 0.4923895 0.8912783 0.4978536 0.8474004 0.5033177 0.8474004 0.4978536 0.8912783 0.5033177 0.1608496 0.4604484 0.1643771 0.4570792 0.1599784 0.4680188 0.1624194 0.4740897 0.1599784 0.4680188 0.1663347 0.4740897 0.1643771 0.4570792 0.1679046 0.4604484 0.1687759 0.4680188 0.1599784 0.4680188 0.1643771 0.4570792 0.1687759 0.4680188 0.1599784 0.4680188 0.1687759 0.4680188 0.1663347 0.4740897 0.8474006 0.4759973 0.8474006 0.4705332 0.8912783 0.4759973 0.8912783 0.4814614 0.8474004 0.4814615 0.8912783 0.4759973 0.8474004 0.4869256 0.8474004 0.4814615 0.8912783 0.4869254 0.8912783 0.4923895 0.8474004 0.4923895 0.8912783 0.4869254 0.8474004 0.4978536 0.8474004 0.4923895 0.8912783 0.4978536 0.8474004 0.5033177 0.8474004 0.4978536 0.8912783 0.5033177 0.1608496 0.4604484 0.1687759 0.4680188 0.1599784 0.4680188 0.1624194 0.4740897 0.1599784 0.4680188 0.1663347 0.4740897 0.1643771 0.4570792 0.1679046 0.4604484 0.1687759 0.4680188 0.1643771 0.4570792 0.1687759 0.4680188 0.1608496 0.4604484 0.1599784 0.4680188 0.1687759 0.4680188 0.1663347 0.4740897 0.8474006 0.4759973 0.8474006 0.4705332 0.8912783 0.4759973 0.8912783 0.4814614 0.8474004 0.4814615 0.8912783 0.4759973 0.8474004 0.4869256 0.8474004 0.4814615 0.8912783 0.4869254 0.8912783 0.4923895 0.8474004 0.4923895 0.8912783 0.4869254 0.8474004 0.4978536 0.8474004 0.4923895 0.8912783 0.4978536 0.8474004 0.5033177 0.8474004 0.4978536 0.8912783 0.5033177 0.1608496 0.4604484 0.1687759 0.4680188 0.1599784 0.4680188 0.1687759 0.4680188 0.1663347 0.4740897 0.1624194 0.4740897 0.1687759 0.4680188 0.1608496 0.4604484 0.1679046 0.4604484 0.8912783 0.4705333 0.8474006 0.4705332 0.8912783 0.4650692 0.1608496 0.4604484 0.1643771 0.4570792 0.1679046 0.4604484 0.8912783 0.4759973 0.8474006 0.4759973 0.8912783 0.4705333 0.8912783 0.4814614 0.8474004 0.4814615 0.8912783 0.4759973 0.8912783 0.4869254 0.8474004 0.4869256 0.8912783 0.4814614 0.8912783 0.4923895 0.8474004 0.4923895 0.8912783 0.4869254 0.8912783 0.4978536 0.8474004 0.4978536 0.8912783 0.4923895 0.8912783 0.5033177 0.8474004 0.5033177 0.8912783 0.4978536 0.1608496 0.4604484 0.1687759 0.4680188 0.1599784 0.4680188 0.1687759 0.4680188 0.1663347 0.4740897 0.1624194 0.4740897 0.1643771 0.4570792 0.1679046 0.4604484 0.1687759 0.4680188 0.1643771 0.4570792 0.1687759 0.4680188 0.1608496 0.4604484 0.8912783 0.4705333 0.8474006 0.4705332 0.8912783 0.4650692 0.8912783 0.4759973 0.8474006 0.4759973 0.8912783 0.4705333 0.8912783 0.4814614 0.8474004 0.4814615 0.8912783 0.4759973 0.8912783 0.4869254 0.8474004 0.4869256 0.8912783 0.4814614 0.8912783 0.4923895 0.8474004 0.4923895 0.8912783 0.4869254 0.8912783 0.4978536 0.8474004 0.4978536 0.8912783 0.4923895 0.8912783 0.5033177 0.8474004 0.5033177 0.8912783 0.4978536 0.1608496 0.4604484 0.1687759 0.4680188 0.1599784 0.4680188 0.1687759 0.4680188 0.1663347 0.4740897 0.1624194 0.4740897 0.1687759 0.4680188 0.1608496 0.4604484 0.1679046 0.4604484 0.8912783 0.4705333 0.8474006 0.4705332 0.8912783 0.4650692 0.1608496 0.4604484 0.1643771 0.4570792 0.1679046 0.4604484 0.8912783 0.4759973 0.8474006 0.4759973 0.8912783 0.4705333 0.8912783 0.4814614 0.8474004 0.4814615 0.8912783 0.4759973 0.8912783 0.4869254 0.8474004 0.4869256 0.8912783 0.4814614 0.8912783 0.4923895 0.8474004 0.4923895 0.8912783 0.4869254 0.8912783 0.4978536 0.8474004 0.4978536 0.8912783 0.4923895 0.8912783 0.5033177 0.8474004 0.5033177 0.8912783 0.4978536 0.1608496 0.4604484 0.1687759 0.4680188 0.1599784 0.4680188 0.1687759 0.4680188 0.1663347 0.4740897 0.1624194 0.4740897 0.1643771 0.4570792 0.1679046 0.4604484 0.1687759 0.4680188 0.1643771 0.4570792 0.1687759 0.4680188 0.1608496 0.4604484 0.8912783 0.4705333 0.8474006 0.4705332 0.8912783 0.4650692 0.8912783 0.4759973 0.8474006 0.4759973 0.8912783 0.4705333 0.8912783 0.4814614 0.8474004 0.4814615 0.8912783 0.4759973 0.8912783 0.4869254 0.8474004 0.4869256 0.8912783 0.4814614 0.8912783 0.4923895 0.8474004 0.4923895 0.8912783 0.4869254 0.8912783 0.4978536 0.8474004 0.4978536 0.8912783 0.4923895 0.8912783 0.5033177 0.8474004 0.5033177 0.8912783 0.4978536 0.1687759 0.4680188 0.1663347 0.4740897 0.1624194 0.4740897 0.1643771 0.4570792 0.1679046 0.4604484 0.1687759 0.4680188 0.1687759 0.4680188 0.1599784 0.4680188 0.1643771 0.4570792 0.1599784 0.4680188 0.1608496 0.4604484 0.1643771 0.4570792 0 0 0 0 0 0 0 0 0 0 0 0 0 0 0 0 0 0 0 0 0 0 0 0 0 0 0 0 0 0 0 0 0 0 0 0 0.8156048 0.7107535 0.7944027 0.6691315 0.9751284 0.6691314 0.9539263 0.7107535 0.9751284 0.6691314 0.7944027 0.6691315 0.854237 0.6200349 0.9152941 0.6691315 0.854237 0.6691315 0.9152941 0.6691315 0.854237 0.7107535 0.854237 0.6691315 0.9152941 0.6297057 0.854237 0.6614369 0.854237 0.6297057 0.9152941 0.6614369 0.854237 0.6988664 0.854237 0.6614369 0.9152941 0.6988664 0.854237 0.7362959 0.854237 0.6988664 0.9152941 0.7362959 0.854237 0.7680272 0.854237 0.7362959 0.9152941 0.7107535 0.854237 0.6691314 0.854237 0.7107535 0.9152941 0.6691314 0.854237 0.6200349 0.854237 0.6691314 0.9539263 0.7107535 0.9751284 0.6691314 0.7944027 0.6691315 0.7944027 0.6691315 0.7869575 0.6200349 0.9751284 0.6691314 0.854237 0.6200349 0.9152941 0.6691315 0.9152941 0.6200348 0.854237 0.7107535 0.9152941 0.6691315 0.854237 0.6691315 0.854237 0.6614369 0.9152941 0.6297057 0.854237 0.6297057 0.854237 0.6614369 0.9152941 0.6988664 0.9152941 0.6614369 0.854237 0.7362959 0.9152941 0.6988664 0.854237 0.6988664 0.854237 0.7680272 0.9152941 0.7362959 0.854237 0.7362959 0.854237 0.6691314 0.9152941 0.7107535 0.854237 0.7107535 0.854237 0.6691314 0.9152941 0.6200349 0.9152941 0.6691314 0.8156048 0.7107535 0.7944027 0.6691315 0.9751284 0.6691314 0.9539263 0.7107535 0.9751284 0.6691314 0.7944027 0.6691315 0.854237 0.6200349 0.9152941 0.6691315 0.854237 0.6691315 0.9152941 0.6691315 0.854237 0.7107535 0.854237 0.6691315 0.9152941 0.6297057 0.854237 0.6614369 0.854237 0.6297057 0.9152941 0.6614369 0.854237 0.6988664 0.854237 0.6614369 0.9152941 0.6988664 0.854237 0.7362959 0.854237 0.6988664 0.854237 0.7362959 0.9152941 0.7680272 0.854237 0.7680272 0.9152941 0.7107535 0.854237 0.6691314 0.854237 0.7107535 0.9152941 0.6691314 0.854237 0.6200349 0.854237 0.6691314 0.9539263 0.7107535 0.9751284 0.6691314 0.7944027 0.6691315 0.7944027 0.6691315 0.7869575 0.6200349 0.9751284 0.6691314 0.854237 0.6200349 0.9152941 0.6691315 0.9152941 0.6200348 0.854237 0.7107535 0.9152941 0.6691315 0.854237 0.6691315 0.854237 0.6614369 0.9152941 0.6297057 0.854237 0.6297057 0.854237 0.6614369 0.9152941 0.6988664 0.9152941 0.6614369 0.854237 0.7362959 0.9152941 0.6988664 0.854237 0.6988664 0.854237 0.7680272 0.9152941 0.7362959 0.854237 0.7362959 0.854237 0.6691314 0.9152941 0.7107535 0.854237 0.7107535 0.854237 0.6691314 0.9152941 0.6200349 0.9152941 0.6691314 0.8882652 0.8387814 0.9249427 0.8195925 0.8283087 0.6831641 0.7683249 0.7649469 0.7683249 0.6831641 0.8882652 0.8387814 0.7683241 0.5866948 0.8283093 0.6831642 0.7683241 0.6831642 0.8283093 0.6831642 0.7683241 0.7649469 0.7683241 0.6831642 0.9560363 0.6963897 0.9249427 0.5764194 0.9560363 0.5764194 0.9249427 0.5764194 0.8882652 0.6963897 0.8882652 0.5764194 0.8882652 0.5764194 0.8283087 0.6963887 0.7683249 0.5764194 0.8283087 0.6831641 0.8283087 0.5866948 0.9768124 0.6831642 0.8882653 0.8387814 0.9249427 0.8195925 0.9560363 0.7649469 0.7683241 0.5866948 0.8283094 0.6831642 0.8283094 0.5866947 0.7683241 0.7649469 0.8283094 0.6831642 0.7683241 0.6831642 0.7683241 0.8896567 0.8283094 0.9518439 0.7683241 0.9518439 0.7683241 0.8163017 0.8283094 0.8896567 0.7683241 0.8896567 0.7683241 0.8163017 0.8283087 0.6963886 0.8283094 0.8163018 0.8283087 0.6831641 0.8283087 0.5866948 0.9768124 0.6831642 0.9560363 0.7649469 0.9768124 0.6831642 0.8882652 0.8387814 0.7683241 0.5866948 0.8283093 0.6831642 0.8283093 0.5866947 0.7683241 0.7649469 0.8283093 0.6831642 0.7683241 0.6831642 0.9249427 0.5764194 0.9560363 0.6963897 0.9560363 0.5764194 0.9249427 0.5764194 0.8882652 0.6963897 0.9249427 0.6963898 0.8882652 0.5764194 0.8283087 0.6963887 0.8882652 0.6963897 0.9560363 0.7649469 0.9768124 0.6831642 0.8283087 0.6831641 0.768325 0.7649469 0.768325 0.6831641 0.8882653 0.8387814 0.7683241 0.5866948 0.8283094 0.6831642 0.7683241 0.6831642 0.8283094 0.6831642 0.7683241 0.7649469 0.7683241 0.6831642 0.8283094 0.9518439 0.7683241 0.8896567 0.7683241 0.9518439 0.7683241 0.8896567 0.8283094 0.8163018 0.7683241 0.8163017 0.7683241 0.8163017 0.8283087 0.6963886 0.7683241 0.5764212 0.8283087 0.6831641 0.8283087 0.5866948 0.9768124 0.6831642 0.9560363 0.7649469 0.9768124 0.6831642 0.8882652 0.8387814 0.7683241 0.5866948 0.8283093 0.6831642 0.8283093 0.5866947 0.7683241 0.7649469 0.8283093 0.6831642 0.7683241 0.6831642 0.9249427 0.5764194 0.9560363 0.6963897 0.9560363 0.5764194 0.9249427 0.5764194 0.8882652 0.6963897 0.9249427 0.6963898 0.8882652 0.5764194 0.8283087 0.6963887 0.8882652 0.6963897 0.8283087 0.7649469 0.8283087 0.8195924 0.8882653 0.8387814 0.768325 0.7649469 0.768325 0.6831641 0.8882653 0.8387814 0.7683241 0.5866948 0.8283094 0.6831642 0.7683241 0.6831642 0.8283094 0.6831642 0.7683241 0.7649469 0.7683241 0.6831642 0.8283094 0.9518439 0.7683241 0.8896567 0.7683241 0.9518439 0.7683241 0.8896567 0.8283094 0.8163018 0.7683241 0.8163017 0.7683241 0.8163017 0.8283087 0.6963886 0.7683241 0.5764212 0.8882652 0.8387814 0.9249427 0.8195925 0.8283087 0.6831641 0.7683249 0.7649469 0.7683249 0.6831641 0.8882652 0.8387814 0.7683241 0.5866948 0.8283093 0.6831642 0.7683241 0.6831642 0.8283093 0.6831642 0.7683241 0.7649469 0.7683241 0.6831642 0.9560363 0.6963897 0.9249427 0.5764194 0.9560363 0.5764194 0.9249427 0.5764194 0.8882652 0.6963897 0.8882652 0.5764194 0.8882652 0.5764194 0.8283087 0.6963887 0.7683249 0.5764194 0.8283087 0.6831641 0.8283087 0.5866948 0.9768124 0.6831642 0.9560363 0.7649469 0.9768124 0.6831642 0.8882653 0.8387814 0.7683241 0.5866948 0.8283094 0.6831642 0.8283094 0.5866947 0.7683241 0.7649469 0.8283094 0.6831642 0.7683241 0.6831642 0.7683241 0.8896567 0.8283094 0.9518439 0.7683241 0.9518439 0.7683241 0.8896567 0.8283094 0.8163018 0.8283094 0.8896567 0.7683241 0.8163017 0.8283087 0.6963886 0.8283094 0.8163018 0.9538801 0.6402127 0.7915945 0.5857899 0.9810915 0.5857896 0.9538801 0.6402127 0.9810913 0.9752687 0.9538799 0.9208458 0.8188058 0.920846 0.9810913 0.9752687 0.7915943 0.975269 0.8188058 0.920846 0.7915945 0.5857899 0.818806 0.6402128 0.9538799 0.9208458 0.818806 0.6402128 0.9538801 0.6402127 0.9538799 0.9208458 0.9538801 0.6402127 0.9538801 0.6402127 0.8188058 0.920846 0.9538799 0.9208458 0.9538799 0.9208458 0.818806 0.6402128 0.9538801 0.6402127 0.818806 0.6402128 0.4836568 0.5541262 0.2702495 0.9927488 0.2702495 0.5541262 0.2702495 0.6425279 0.4836568 0.8607106 0.2702495 0.8607106 0.4836568 0.6425279 0.2702495 0.8607106 0.4836568 0.8607106 0.2672975 0.6425279 0.4866088 0.8607106 0.2672975 0.8607106 0.4866088 0.6425279 0.2672975 0.8607106 0.4866088 0.8607106 0.4836568 0.5541262 0.2702495 0.9927488 0.2702495 0.5541262 0.2702495 0.6425279 0.4836568 0.8607106 0.2702495 0.8607106 0.4836568 0.6425279 0.2702495 0.8607106 0.4836568 0.8607106 0.2672975 0.6425279 0.4866088 0.8607106 0.2672975 0.8607106 0.4866088 0.6425279 0.2672975 0.8607106 0.4866088 0.8607106 0.8603516 0.1619653 0.8462634 0.1337888 0.8603516 0.1056125 0.1794043 0.07356375 0.1870335 0.07354313 0.1870335 0.07824414 0.1794043 0.07356375 0.1794043 0.07826989 0.1717751 0.07829564 0.1641458 0.07360512 0.1717751 0.07358443 0.1717751 0.07829564 0.1641458 0.07360512 0.1641458 0.07832139 0.1565166 0.07834708 0.1488875 0.07364642 0.1565166 0.07362574 0.1565166 0.07834708 0.1488875 0.07364642 0.1488875 0.07837283 0.1412582 0.07839858 0.133629 0.07368773 0.1412582 0.07366704 0.1412582 0.07839858 0.133629 0.07368773 0.133629 0.07842433 0.1259998 0.07845008 0.1794043 0.1028146 0.1870335 0.1027624 0.1870335 0.1087673 0.1717751 0.1028669 0.1794043 0.1028146 0.1794043 0.108826 0.1717751 0.1028669 0.1717751 0.1088848 0.1641458 0.1089435 0.1641458 0.1029192 0.1641458 0.1089435 0.1565166 0.1090022 0.1488875 0.1030237 0.1565166 0.1029714 0.1565166 0.1090022 0.1412582 0.1030759 0.1488875 0.1030237 0.1488875 0.109061 0.1412582 0.1030759 0.1412582 0.1091197 0.133629 0.1091785 0.133629 0.1031281 0.133629 0.1091785 0.1259998 0.1092373 0.1794043 0.07826989 0.1870335 0.07824414 0.1870335 0.09342199 0.1794043 0.09346419 0.1870335 0.09342199 0.1870335 0.1027624 0.1794043 0.07826989 0.1794043 0.09346419 0.1717751 0.09350633 0.1794043 0.09346419 0.1794043 0.1028146 0.1717751 0.1028669 0.1717751 0.07829564 0.1717751 0.09350633 0.1641458 0.09354847 0.1641458 0.09354847 0.1717751 0.09350633 0.1717751 0.1028669 0.1641458 0.07832139 0.1641458 0.09354847 0.1565166 0.09359061 0.1565166 0.09359061 0.1641458 0.09354847 0.1641458 0.1029192 0.1488875 0.07837283 0.1565166 0.07834708 0.1565166 0.09359061 0.1488875 0.09363281 0.1565166 0.09359061 0.1565166 0.1029714 0.1488875 0.07837283 0.1488875 0.09363281 0.1412582 0.09367495 0.1488875 0.09363281 0.1488875 0.1030237 0.1412582 0.1030759 0.133629 0.07842433 0.1412582 0.07839858 0.1412582 0.09367495 0.133629 0.09371709 0.1412582 0.09367495 0.1412582 0.1030759 0.133629 0.07842433 0.133629 0.09371709 0.1259998 0.09375923 0.133629 0.09371709 0.133629 0.1031281 0.1259998 0.1031804 0.1870335 0.1087673 0.1870335 0.1107975 0.1794043 0.1108585 0.1717751 0.1088848 0.1794043 0.108826 0.1794043 0.1108585 0.1641458 0.1089435 0.1717751 0.1088848 0.1717751 0.1109194 0.1565166 0.1090022 0.1641458 0.1089435 0.1641458 0.1109803 0.1565166 0.1090022 0.1565166 0.1110413 0.1488875 0.1111022 0.1412582 0.1091197 0.1488875 0.109061 0.1488875 0.1111022 0.1412582 0.1091197 0.1412582 0.1111631 0.133629 0.1112241 0.1259998 0.1092373 0.133629 0.1091785 0.133629 0.1112241 0.1870335 0.1136292 0.1870335 0.1065204 0.1794043 0.1064391 0.1717751 0.1134821 0.1794043 0.1135556 0.1794043 0.1064391 0.1717751 0.1134821 0.1717751 0.1063578 0.1641458 0.1062766 0.1565166 0.1133349 0.1641458 0.1134085 0.1641458 0.1062766 0.1565166 0.1133349 0.1565166 0.1061953 0.1488875 0.106114 0.1412582 0.1131877 0.1488875 0.1132614 0.1488875 0.106114 0.1412582 0.1131877 0.1412582 0.1060328 0.133629 0.1059515 0.1259998 0.1130406 0.133629 0.1131142 0.133629 0.1059515 0.1870335 0.1107975 0.1870335 0.1124696 0.1794043 0.1125324 0.1717751 0.1109194 0.1794043 0.1108585 0.1794043 0.1125324 0.1717751 0.1109194 0.1717751 0.1125952 0.1641458 0.1126579 0.1565166 0.1110413 0.1641458 0.1109803 0.1641458 0.1126579 0.1565166 0.1110413 0.1565166 0.1127206 0.1488875 0.1127834 0.1412582 0.1111631 0.1488875 0.1111022 0.1488875 0.1127834 0.1412582 0.1111631 0.1412582 0.1128461 0.133629 0.1129088 0.1259998 0.111285 0.133629 0.1112241 0.133629 0.1129088 0.1794043 0.1064391 0.1870335 0.1065204 0.1870335 0.08909839 0.1794043 0.1064391 0.1794043 0.08899825 0.1717751 0.08889818 0.1641458 0.1062766 0.1717751 0.1063578 0.1717751 0.08889818 0.1641458 0.1062766 0.1641458 0.08879804 0.1565166 0.08869796 0.1488875 0.106114 0.1565166 0.1061953 0.1565166 0.08869796 0.1488875 0.106114 0.1488875 0.08859783 0.1412582 0.08849775 0.133629 0.1059515 0.1412582 0.1060328 0.1412582 0.08849775 0.133629 0.1059515 0.133629 0.08839768 0.1259998 0.08829754 0.1870335 0.07354313 0.1794043 0.07356375 0.1870335 0.0620768 0.1794043 0.07356375 0.1717751 0.07358443 0.1794043 0.06208521 0.1717751 0.07358443 0.1641458 0.07360512 0.1717751 0.06209331 0.1641458 0.07360512 0.1565166 0.07362574 0.1641458 0.06210172 0.1565166 0.07362574 0.1488875 0.07364642 0.1565166 0.06210982 0.1488875 0.07364642 0.1412582 0.07366704 0.1488875 0.06211823 0.1412582 0.07366704 0.133629 0.07368773 0.1412582 0.06212639 0.133629 0.07368773 0.1259998 0.07370841 0.133629 0.06213474 0.1794043 0.08899825 0.1870335 0.08909839 0.1794043 0.07319784 0.1717751 0.08889818 0.1794043 0.08899825 0.1717751 0.07308065 0.1641458 0.08879804 0.1717751 0.08889818 0.1641458 0.07296347 0.1565166 0.08869796 0.1641458 0.08879804 0.1565166 0.07284635 0.1488875 0.08859783 0.1565166 0.08869796 0.1488875 0.07272917 0.1412582 0.08849775 0.1488875 0.08859783 0.1412582 0.07261204 0.133629 0.08839768 0.1412582 0.08849775 0.133629 0.07249486 0.1259998 0.08829754 0.133629 0.08839768 0.1259998 0.07237762 0.8672947 0.1232157 0.8672947 0.1017045 0.8629595 0.1017045 0.8586242 0.1232157 0.8629595 0.1232157 0.8629595 0.1017045 0.8499536 0.1232157 0.8499536 0.1017045 0.8542889 0.1017045 0.8586242 0.1232157 0.8542889 0.1232157 0.8542889 0.1017045 0.8629595 0.1232157 0.8586242 0.1232157 0.8586242 0.1017045 0.8672947 0.1232157 0.8629595 0.1232157 0.8629595 0.1017045 0.8716301 0.1232157 0.8672947 0.1232157 0.8672947 0.1017045 0.8716301 0.1232157 0.8716301 0.1017045 0.8672947 0.1017045 0.8629595 0.166238 0.8672947 0.166238 0.8672947 0.1447269 0.8629595 0.1447269 0.8672947 0.1447269 0.8672947 0.1232157 0.8629595 0.166238 0.8629595 0.1447269 0.8586242 0.1447269 0.8586242 0.1447269 0.8629595 0.1447269 0.8629595 0.1232157 0.8542889 0.166238 0.8499535 0.166238 0.8499535 0.1447269 0.8542889 0.1447269 0.8499535 0.1447269 0.8499536 0.1232157 0.8542889 0.166238 0.8542889 0.1447269 0.8586242 0.1447269 0.8586242 0.1447269 0.8542889 0.1447269 0.8542889 0.1232157 0.8586242 0.166238 0.8586242 0.1447269 0.8629595 0.1447269 0.8629595 0.1447269 0.8586242 0.1447269 0.8586242 0.1232157 0.8629595 0.166238 0.8629595 0.1447269 0.8672947 0.1447269 0.8672947 0.1447269 0.8629595 0.1447269 0.8629595 0.1232157 0.8672947 0.166238 0.8672947 0.1447269 0.8716301 0.1447269 0.8716301 0.1447269 0.8672947 0.1447269 0.8672947 0.1232157 0.8672947 0.166238 0.8716301 0.166238 0.8716301 0.1447269 0.8672947 0.1447269 0.8716301 0.1447269 0.8716301 0.1232157 0.8766562 0.4591529 0.745719 0.4591529 0.745719 0.326126 0.8766562 0.4591529 0.745719 0.4591529 0.745719 0.326126 0.8766562 0.4591529 0.745719 0.4591529 0.745719 0.326126 0.8766562 0.4591529 0.745719 0.4591529 0.745719 0.326126 0.8766562 0.326126 0.7456759 0.3261262 0.7456759 0.459196 0.7456759 0.326126 0.7456759 0.459196 0.8766562 0.4591957 0.1794043 0.07826989 0.1794043 0.07356375 0.1870335 0.07824414 0.1717751 0.07358443 0.1794043 0.07356375 0.1717751 0.07829564 0.1641458 0.07832139 0.1641458 0.07360512 0.1717751 0.07829564 0.1565166 0.07362574 0.1641458 0.07360512 0.1565166 0.07834708 0.1488875 0.07837283 0.1488875 0.07364642 0.1565166 0.07834708 0.1412582 0.07366704 0.1488875 0.07364642 0.1412582 0.07839858 0.133629 0.07842433 0.133629 0.07368773 0.1412582 0.07839858 0.1259998 0.07370841 0.133629 0.07368773 0.1259998 0.07845008 0.1794043 0.108826 0.1794043 0.1028146 0.1870335 0.1087673 0.1717751 0.1088848 0.1717751 0.1028669 0.1794043 0.108826 0.1641458 0.1029192 0.1717751 0.1028669 0.1641458 0.1089435 0.1565166 0.1029714 0.1641458 0.1029192 0.1565166 0.1090022 0.1488875 0.109061 0.1488875 0.1030237 0.1565166 0.1090022 0.1412582 0.1091197 0.1412582 0.1030759 0.1488875 0.109061 0.133629 0.1031281 0.1412582 0.1030759 0.133629 0.1091785 0.1259998 0.1031804 0.133629 0.1031281 0.1259998 0.1092373 0.1794043 0.09346419 0.1794043 0.07826989 0.1870335 0.09342199 0.1794043 0.1028146 0.1794043 0.09346419 0.1870335 0.1027624 0.1717751 0.07829564 0.1794043 0.07826989 0.1717751 0.09350633 0.1717751 0.09350633 0.1794043 0.09346419 0.1717751 0.1028669 0.1641458 0.07832139 0.1717751 0.07829564 0.1641458 0.09354847 0.1641458 0.1029192 0.1641458 0.09354847 0.1717751 0.1028669 0.1565166 0.07834708 0.1641458 0.07832139 0.1565166 0.09359061 0.1565166 0.1029714 0.1565166 0.09359061 0.1641458 0.1029192 0.1488875 0.09363281 0.1488875 0.07837283 0.1565166 0.09359061 0.1488875 0.1030237 0.1488875 0.09363281 0.1565166 0.1029714 0.1412582 0.07839858 0.1488875 0.07837283 0.1412582 0.09367495 0.1412582 0.09367495 0.1488875 0.09363281 0.1412582 0.1030759 0.133629 0.09371709 0.133629 0.07842433 0.1412582 0.09367495 0.133629 0.1031281 0.133629 0.09371709 0.1412582 0.1030759 0.1259998 0.07845008 0.133629 0.07842433 0.1259998 0.09375923 0.1259998 0.09375923 0.133629 0.09371709 0.1259998 0.1031804 0.1794043 0.108826 0.1870335 0.1087673 0.1794043 0.1108585 0.1717751 0.1109194 0.1717751 0.1088848 0.1794043 0.1108585 0.1641458 0.1109803 0.1641458 0.1089435 0.1717751 0.1109194 0.1565166 0.1110413 0.1565166 0.1090022 0.1641458 0.1109803 0.1488875 0.109061 0.1565166 0.1090022 0.1488875 0.1111022 0.1412582 0.1111631 0.1412582 0.1091197 0.1488875 0.1111022 0.133629 0.1091785 0.1412582 0.1091197 0.133629 0.1112241 0.1259998 0.111285 0.1259998 0.1092373 0.133629 0.1112241 0.1794043 0.1135556 0.1870335 0.1136292 0.1794043 0.1064391 0.1717751 0.1063578 0.1717751 0.1134821 0.1794043 0.1064391 0.1641458 0.1134085 0.1717751 0.1134821 0.1641458 0.1062766 0.1565166 0.1061953 0.1565166 0.1133349 0.1641458 0.1062766 0.1488875 0.1132614 0.1565166 0.1133349 0.1488875 0.106114 0.1412582 0.1060328 0.1412582 0.1131877 0.1488875 0.106114 0.133629 0.1131142 0.1412582 0.1131877 0.133629 0.1059515 0.1259998 0.1058703 0.1259998 0.1130406 0.133629 0.1059515 0.1794043 0.1108585 0.1870335 0.1107975 0.1794043 0.1125324 0.1717751 0.1125952 0.1717751 0.1109194 0.1794043 0.1125324 0.1641458 0.1109803 0.1717751 0.1109194 0.1641458 0.1126579 0.1565166 0.1127206 0.1565166 0.1110413 0.1641458 0.1126579 0.1488875 0.1111022 0.1565166 0.1110413 0.1488875 0.1127834 0.1412582 0.1128461 0.1412582 0.1111631 0.1488875 0.1127834 0.133629 0.1112241 0.1412582 0.1111631 0.133629 0.1129088 0.1259998 0.1129717 0.1259998 0.111285 0.133629 0.1129088 0.1794043 0.08899825 0.1794043 0.1064391 0.1870335 0.08909839 0.1717751 0.1063578 0.1794043 0.1064391 0.1717751 0.08889818 0.1641458 0.08879804 0.1641458 0.1062766 0.1717751 0.08889818 0.1565166 0.1061953 0.1641458 0.1062766 0.1565166 0.08869796 0.1488875 0.08859783 0.1488875 0.106114 0.1565166 0.08869796 0.1412582 0.1060328 0.1488875 0.106114 0.1412582 0.08849775 0.133629 0.08839768 0.133629 0.1059515 0.1412582 0.08849775 0.1259998 0.1058703 0.133629 0.1059515 0.1259998 0.08829754 0.8629595 0.1232157 0.8672947 0.1232157 0.8629595 0.1017045 0.8586242 0.1017045 0.8586242 0.1232157 0.8629595 0.1017045 0.8542889 0.1232157 0.8499536 0.1232157 0.8542889 0.1017045 0.8586242 0.1017045 0.8586242 0.1232157 0.8542889 0.1017045 0.8629595 0.1017045 0.8629595 0.1232157 0.8586242 0.1017045 0.8672947 0.1017045 0.8672947 0.1232157 0.8629595 0.1017045 0.8716301 0.1017045 0.8716301 0.1232157 0.8672947 0.1017045 0.8672947 0.1232157 0.8716301 0.1232157 0.8672947 0.1017045 0.8629595 0.1447269 0.8629595 0.166238 0.8672947 0.1447269 0.8629595 0.1232157 0.8629595 0.1447269 0.8672947 0.1232157 0.8586242 0.166238 0.8629595 0.166238 0.8586242 0.1447269 0.8586242 0.1232157 0.8586242 0.1447269 0.8629595 0.1232157 0.8542889 0.1447269 0.8542889 0.166238 0.8499535 0.1447269 0.8542889 0.1232157 0.8542889 0.1447269 0.8499536 0.1232157 0.8586242 0.166238 0.8542889 0.166238 0.8586242 0.1447269 0.8586242 0.1232157 0.8586242 0.1447269 0.8542889 0.1232157 0.8629595 0.166238 0.8586242 0.166238 0.8629595 0.1447269 0.8629595 0.1232157 0.8629595 0.1447269 0.8586242 0.1232157 0.8672947 0.166238 0.8629595 0.166238 0.8672947 0.1447269 0.8672947 0.1232157 0.8672947 0.1447269 0.8629595 0.1232157 0.8716301 0.166238 0.8672947 0.166238 0.8716301 0.1447269 0.8716301 0.1232157 0.8716301 0.1447269 0.8672947 0.1232157 0.8672947 0.1447269 0.8672947 0.166238 0.8716301 0.1447269 0.8672947 0.1232157 0.8672947 0.1447269 0.8716301 0.1232157 0.8766562 0.326126 0.8766562 0.4591529 0.745719 0.326126 0.8766559 0.326126 0.8766562 0.4591529 0.745719 0.326126 0.8766562 0.326126 0.8766562 0.4591529 0.745719 0.326126 0.8766562 0.326126 0.8766562 0.4591529 0.745719 0.326126 0.8766562 0.459196 0.8766562 0.326126 0.7456759 0.459196 0.8766562 0.326126 0.7456759 0.326126 0.8766562 0.4591957 0.8603516 0.1619653 0.8462634 0.1337888 0.8603516 0.1056125 0.8766562 0.4591529 0.745719 0.4591529 0.745719 0.326126 0.8766562 0.4591529 0.745719 0.4591529 0.745719 0.326126 0.8766562 0.4591529 0.745719 0.4591529 0.745719 0.326126 0.8766562 0.4591529 0.745719 0.4591529 0.745719 0.326126 0.8766562 0.326126 0.7456759 0.3261262 0.7456759 0.459196 0.7456759 0.326126 0.7456759 0.459196 0.8766562 0.4591957 0.8766562 0.326126 0.8766562 0.4591529 0.745719 0.326126 0.8766559 0.326126 0.8766562 0.4591529 0.745719 0.326126 0.8766562 0.326126 0.8766562 0.4591529 0.745719 0.326126 0.8766562 0.326126 0.8766562 0.4591529 0.745719 0.326126 0.8766562 0.459196 0.8766562 0.326126 0.7456759 0.459196 0.8766562 0.326126 0.7456759 0.326126 0.8766562 0.4591957 0.9896737 0.5206525 0.9896737 0.7578125 0.7525138 0.7578125 0.9896737 0.7578125 0.7525138 0.7578125 0.7525138 0.5206525 0.7525138 0.5206525 0.7525138 0.7578125 0.9896737 0.7578125 0.7525138 0.7578125 0.9896737 0.7578125 0.9896737 0.5206525 0.9896737 0.7578125 0.7525138 0.7578125 0.7525138 0.5206525 0.7525138 0.7578125 0.9896737 0.7578125 0.9896737 0.5206525 0.7525138 0.7578125 0.9896737 0.7578125 0.9896737 0.5206525 0.9215418 0.5909783 0.9215418 0.5909783 0.7890934 0.5909783 0.818806 0.6402128 0.818806 0.6402128 0.8188058 0.920846 0.9215419 0.9187605 0.9215418 0.5909783 0.9302168 0.5736283 0.7890934 0.9187606 0.7804185 0.9361105 0.7804185 0.5736283 0.7890934 0.5909783 0.7804185 0.5736283 0.9302168 0.5736283 0.9215419 0.9187605 0.9302168 0.9361105 0.7804185 0.9361105 0.7890934 0.9187606 0.7890934 0.5909783 0.9215418 0.5909783 0.9215419 0.9187605 0.9215419 0.9187605 0.9215418 0.5909783 0.7890934 0.9187606 0.7890934 0.9187606 0.9215419 0.9187605 0.7890934 0.5909783 0.7890934 0.5909783 0.7890934 0.9187606 0.1088762 0.4896772 0.003335952 0.4896772 0.003335952 0.4896772 0.003335952 0.1008301 0.1088762 0.1008301 0.1088762 0.1008301 0.003335952 0.4896772 0.003335952 0.1008301 0.003335952 0.1008301 0.1088762 0.1008301 0.1088762 0.4896772 0.1088762 0.4896772 0.4962071 0.1913877 0.4962071 0.2468321 0.2995052 0.2468321 0.2237812 0.1913877 0.2237812 0.2468321 0.4259249 0.2468321 0.4259249 0.1913877 0.4259249 0.2468321 0.2237812 0.2468321 0.2995052 0.1913877 0.2995052 0.2468321 0.4962071 0.2468321 0.4045621 0.2675487 0.2694138 0.2675487 0.2760743 0.2526357 0.4045621 0.2675487 0.4016328 0.2526357 0.2760743 0.2526357 0.320041 0.2675487 0.3231091 0.2526357 0.4452875 0.2526357 0.320041 0.2675487 0.4515511 0.2675487 0.4452875 0.2526357 0.7944027 0.6691315 0.7869575 0.6200348 0.9825735 0.6200349 0.9825735 0.6200349 0.9751284 0.6691314 0.7944027 0.6691315 0.9751284 0.6691314 0.9539263 0.7107535 0.8156048 0.7107535 0.9539263 0.7107535 0.9221951 0.7385644 0.8156048 0.7107535 0.9221951 0.7385644 0.8847656 0.7483304 0.8473361 0.7385644 0.8156048 0.7107535 0.9221951 0.7385644 0.8473361 0.7385644 0.9751284 0.6691314 0.9825735 0.6200349 0.7869575 0.6200349 0.7869575 0.6200349 0.7944027 0.6691315 0.9751284 0.6691314 0.7944027 0.6691315 0.8156048 0.7107535 0.9539263 0.7107535 0.8156048 0.7107535 0.8473361 0.7385644 0.9539263 0.7107535 0.8473361 0.7385644 0.8847656 0.7483304 0.9221951 0.7385644 0.9539263 0.7107535 0.8473361 0.7385644 0.9221951 0.7385644 0.854237 0.6200349 0.9152941 0.6200348 0.9152941 0.6691315 0.9152941 0.6691315 0.9152941 0.7107535 0.854237 0.7107535 0.9152941 0.6297057 0.9152941 0.6614369 0.854237 0.6614369 0.9152941 0.6614369 0.9152941 0.6988664 0.854237 0.6988664 0.9152941 0.6988664 0.9152941 0.7362959 0.854237 0.7362959 0.9152941 0.7362959 0.9152941 0.7680272 0.854237 0.7680272 0.9152941 0.7107535 0.9152941 0.6691314 0.854237 0.6691314 0.9152941 0.6691314 0.9152941 0.6200349 0.854237 0.6200349 0.9825735 0.6200349 0.7869575 0.6200348 0.9751284 0.6691314 0.7869575 0.6200348 0.7944027 0.6691315 0.9751284 0.6691314 0.7944027 0.6691315 0.8156048 0.7107535 0.9539263 0.7107535 0.8156048 0.7107535 0.8473361 0.7385644 0.9221951 0.7385644 0.8473361 0.7385644 0.8847656 0.7483304 0.9221951 0.7385644 0.9221951 0.7385644 0.9539263 0.7107535 0.8156048 0.7107535 0.7869575 0.6200349 0.9825735 0.6200349 0.9751284 0.6691314 0.9751284 0.6691314 0.9539263 0.7107535 0.8156048 0.7107535 0.9539263 0.7107535 0.9221951 0.7385644 0.8473361 0.7385644 0.9221951 0.7385644 0.8847656 0.7483304 0.8473361 0.7385644 0.8473361 0.7385644 0.8156048 0.7107535 0.9539263 0.7107535 0.8156048 0.7107535 0.7944027 0.6691315 0.9751284 0.6691314 0.854237 0.6200349 0.854237 0.6691315 0.9152941 0.6691315 0.854237 0.7107535 0.9152941 0.7107535 0.9152941 0.6691315 0.854237 0.6614369 0.9152941 0.6614369 0.9152941 0.6297057 0.854237 0.6614369 0.854237 0.6988664 0.9152941 0.6988664 0.854237 0.7362959 0.9152941 0.7362959 0.9152941 0.6988664 0.854237 0.7680272 0.9152941 0.7680272 0.9152941 0.7362959 0.854237 0.6691314 0.9152941 0.6691314 0.9152941 0.7107535 0.854237 0.6691314 0.854237 0.6200349 0.9152941 0.6200349 0.7944027 0.6691315 0.7869575 0.6200348 0.9825735 0.6200349 0.9825735 0.6200349 0.9751284 0.6691314 0.7944027 0.6691315 0.9751284 0.6691314 0.9539263 0.7107535 0.8156048 0.7107535 0.9539263 0.7107535 0.9221951 0.7385644 0.8156048 0.7107535 0.9221951 0.7385644 0.8847656 0.7483304 0.8473361 0.7385644 0.8156048 0.7107535 0.9221951 0.7385644 0.8473361 0.7385644 0.9751284 0.6691314 0.9825735 0.6200349 0.7869575 0.6200349 0.7869575 0.6200349 0.7944027 0.6691315 0.9751284 0.6691314 0.7944027 0.6691315 0.8156048 0.7107535 0.9539263 0.7107535 0.8156048 0.7107535 0.8473361 0.7385644 0.9539263 0.7107535 0.8473361 0.7385644 0.8847656 0.7483304 0.9221951 0.7385644 0.9539263 0.7107535 0.8473361 0.7385644 0.9221951 0.7385644 0.854237 0.6200349 0.9152941 0.6200348 0.9152941 0.6691315 0.9152941 0.6691315 0.9152941 0.7107535 0.854237 0.7107535 0.9152941 0.6297057 0.9152941 0.6614369 0.854237 0.6614369 0.9152941 0.6614369 0.9152941 0.6988664 0.854237 0.6988664 0.9152941 0.6988664 0.9152941 0.7362959 0.854237 0.7362959 0.854237 0.7362959 0.9152941 0.7362959 0.9152941 0.7680272 0.9152941 0.7107535 0.9152941 0.6691314 0.854237 0.6691314 0.9152941 0.6691314 0.9152941 0.6200349 0.854237 0.6200349 0.9825735 0.6200349 0.7869575 0.6200348 0.9751284 0.6691314 0.7869575 0.6200348 0.7944027 0.6691315 0.9751284 0.6691314 0.7944027 0.6691315 0.8156048 0.7107535 0.9539263 0.7107535 0.8156048 0.7107535 0.8473361 0.7385644 0.9221951 0.7385644 0.8473361 0.7385644 0.8847656 0.7483304 0.9221951 0.7385644 0.9221951 0.7385644 0.9539263 0.7107535 0.8156048 0.7107535 0.7869575 0.6200349 0.9825735 0.6200349 0.9751284 0.6691314 0.9751284 0.6691314 0.9539263 0.7107535 0.8156048 0.7107535 0.9539263 0.7107535 0.9221951 0.7385644 0.8473361 0.7385644 0.9221951 0.7385644 0.8847656 0.7483304 0.8473361 0.7385644 0.8473361 0.7385644 0.8156048 0.7107535 0.9539263 0.7107535 0.8156048 0.7107535 0.7944027 0.6691315 0.9751284 0.6691314 0.854237 0.6200349 0.854237 0.6691315 0.9152941 0.6691315 0.854237 0.7107535 0.9152941 0.7107535 0.9152941 0.6691315 0.854237 0.6614369 0.9152941 0.6614369 0.9152941 0.6297057 0.854237 0.6614369 0.854237 0.6988664 0.9152941 0.6988664 0.854237 0.7362959 0.9152941 0.7362959 0.9152941 0.6988664 0.854237 0.7680272 0.9152941 0.7680272 0.9152941 0.7362959 0.854237 0.6691314 0.9152941 0.6691314 0.9152941 0.7107535 0.854237 0.6691314 0.854237 0.6200349 0.9152941 0.6200349 0.9768124 0.6831642 0.9841079 0.5866947 0.8283087 0.5866948 0.8283087 0.6831641 0.8283087 0.7649469 0.8882652 0.8387814 0.8283087 0.7649469 0.8283087 0.8195924 0.8882652 0.8387814 0.8283087 0.6831641 0.9249427 0.8195925 0.9560363 0.7649469 0.9768124 0.6831642 0.8283087 0.5866948 0.8283087 0.6831641 0.9560363 0.7649469 0.9768124 0.6831642 0.8283087 0.6831641 0.7683249 0.6831641 0.7683249 0.5866948 0.8882652 0.8387814 0.7683249 0.5866948 0.9841079 0.5866948 0.9768124 0.6831642 0.8882652 0.8387814 0.7683249 0.5866948 0.9768124 0.6831642 0.9768124 0.6831642 0.9560363 0.7649469 0.8882652 0.8387814 0.9560363 0.7649469 0.9249427 0.8195925 0.8882652 0.8387814 0.8882652 0.8387814 0.7683249 0.8195925 0.7683249 0.7649469 0.7683241 0.5866948 0.8283093 0.5866947 0.8283093 0.6831642 0.8283093 0.6831642 0.8283093 0.7649469 0.7683241 0.7649469 0.9560363 0.6963897 0.9249427 0.6963898 0.9249427 0.5764194 0.9249427 0.5764194 0.9249427 0.6963898 0.8882652 0.6963897 0.8882652 0.5764194 0.8882652 0.6963897 0.8283087 0.6963887 0.8283087 0.5866948 0.984108 0.5866947 0.9768124 0.6831642 0.9768124 0.6831642 0.9560363 0.7649469 0.8283087 0.6831641 0.9560363 0.7649469 0.9249427 0.8195925 0.8283087 0.6831641 0.9249427 0.8195925 0.8882653 0.8387814 0.8283087 0.6831641 0.8882653 0.8387814 0.8283087 0.8195924 0.8283087 0.7649469 0.8283087 0.7649469 0.8283087 0.6831641 0.8882653 0.8387814 0.984108 0.5866948 0.768325 0.5866948 0.9768124 0.6831642 0.768325 0.5866948 0.768325 0.6831641 0.8882653 0.8387814 0.768325 0.7649469 0.768325 0.8195925 0.8882653 0.8387814 0.768325 0.5866948 0.8882653 0.8387814 0.9768124 0.6831642 0.768325 0.6831641 0.768325 0.7649469 0.8882653 0.8387814 0.9560363 0.7649469 0.9768124 0.6831642 0.8882653 0.8387814 0.7683241 0.5866948 0.7683241 0.6831642 0.8283094 0.6831642 0.7683241 0.7649469 0.8283094 0.7649469 0.8283094 0.6831642 0.7683241 0.8896567 0.8283094 0.8896567 0.8283094 0.9518439 0.7683241 0.8163017 0.8283094 0.8163018 0.8283094 0.8896567 0.7683241 0.8163017 0.7683241 0.5764212 0.8283087 0.6963886 0.8283087 0.5866948 0.9841079 0.5866947 0.9768124 0.6831642 0.9768124 0.6831642 0.9560363 0.7649469 0.8283087 0.6831641 0.9560363 0.7649469 0.9249427 0.8195925 0.8283087 0.6831641 0.9249427 0.8195925 0.8882652 0.8387814 0.8283087 0.6831641 0.8882652 0.8387814 0.8283087 0.8195924 0.8283087 0.7649469 0.8283087 0.7649469 0.8283087 0.6831641 0.8882652 0.8387814 0.9841079 0.5866948 0.7683249 0.5866948 0.9768124 0.6831642 0.7683249 0.5866948 0.7683249 0.6831641 0.8882652 0.8387814 0.9768124 0.6831642 0.7683249 0.5866948 0.8882652 0.8387814 0.7683249 0.6831641 0.7683249 0.7649469 0.8882652 0.8387814 0.7683249 0.7649469 0.7683249 0.8195925 0.8882652 0.8387814 0.8882652 0.8387814 0.9249427 0.8195925 0.9560363 0.7649469 0.7683241 0.5866948 0.7683241 0.6831642 0.8283093 0.6831642 0.7683241 0.7649469 0.8283093 0.7649469 0.8283093 0.6831642 0.9249427 0.5764194 0.9249427 0.6963898 0.9560363 0.6963897 0.9249427 0.5764194 0.8882652 0.5764194 0.8882652 0.6963897 0.8882652 0.5764194 0.7683249 0.5764194 0.8283087 0.6963887 0.9768124 0.6831642 0.984108 0.5866947 0.8283087 0.5866948 0.8283087 0.5866948 0.8283087 0.6831641 0.9768124 0.6831642 0.8283087 0.6831641 0.8283087 0.7649469 0.8882653 0.8387814 0.8283087 0.7649469 0.8283087 0.8195924 0.8882653 0.8387814 0.8882653 0.8387814 0.9249427 0.8195925 0.8283087 0.6831641 0.9249427 0.8195925 0.9560363 0.7649469 0.8283087 0.6831641 0.768325 0.6831641 0.768325 0.5866948 0.8882653 0.8387814 0.768325 0.5866948 0.984108 0.5866948 0.9768124 0.6831642 0.8882653 0.8387814 0.768325 0.5866948 0.9768124 0.6831642 0.9768124 0.6831642 0.9560363 0.7649469 0.8882653 0.8387814 0.9560363 0.7649469 0.9249427 0.8195925 0.8882653 0.8387814 0.8882653 0.8387814 0.768325 0.8195925 0.768325 0.7649469 0.7683241 0.5866948 0.8283094 0.5866947 0.8283094 0.6831642 0.8283094 0.6831642 0.8283094 0.7649469 0.7683241 0.7649469 0.8283094 0.9518439 0.8283094 0.8896567 0.7683241 0.8896567 0.7683241 0.8896567 0.8283094 0.8896567 0.8283094 0.8163018 0.7683241 0.8163017 0.8283094 0.8163018 0.8283087 0.6963886 0.8283087 0.5866948 0.9841079 0.5866947 0.9768124 0.6831642 0.9768124 0.6831642 0.9560363 0.7649469 0.8283087 0.6831641 0.9560363 0.7649469 0.9249427 0.8195925 0.8283087 0.6831641 0.9249427 0.8195925 0.8882652 0.8387814 0.8283087 0.6831641 0.8882652 0.8387814 0.8283087 0.8195924 0.8283087 0.7649469 0.8283087 0.7649469 0.8283087 0.6831641 0.8882652 0.8387814 0.9841079 0.5866948 0.7683249 0.5866948 0.9768124 0.6831642 0.7683249 0.5866948 0.7683249 0.6831641 0.8882652 0.8387814 0.9768124 0.6831642 0.7683249 0.5866948 0.8882652 0.8387814 0.7683249 0.6831641 0.7683249 0.7649469 0.8882652 0.8387814 0.7683249 0.7649469 0.7683249 0.8195925 0.8882652 0.8387814 0.8882652 0.8387814 0.9249427 0.8195925 0.9560363 0.7649469 0.7683241 0.5866948 0.7683241 0.6831642 0.8283093 0.6831642 0.7683241 0.7649469 0.8283093 0.7649469 0.8283093 0.6831642 0.9249427 0.5764194 0.9249427 0.6963898 0.9560363 0.6963897 0.9249427 0.5764194 0.8882652 0.5764194 0.8882652 0.6963897 0.8882652 0.5764194 0.7683249 0.5764194 0.8283087 0.6963887 0.9768124 0.6831642 0.984108 0.5866947 0.8283087 0.5866948 0.8283087 0.5866948 0.8283087 0.6831641 0.9768124 0.6831642 0.8283087 0.6831641 0.8283087 0.7649469 0.8882653 0.8387814 0.9560363 0.7649469 0.8283087 0.6831641 0.9249427 0.8195925 0.9560363 0.7649469 0.9768124 0.6831642 0.8283087 0.6831641 0.8882653 0.8387814 0.9249427 0.8195925 0.8283087 0.6831641 0.768325 0.6831641 0.768325 0.5866948 0.8882653 0.8387814 0.768325 0.5866948 0.984108 0.5866948 0.9768124 0.6831642 0.8882653 0.8387814 0.768325 0.5866948 0.9768124 0.6831642 0.9768124 0.6831642 0.9560363 0.7649469 0.8882653 0.8387814 0.9560363 0.7649469 0.9249427 0.8195925 0.8882653 0.8387814 0.8882653 0.8387814 0.768325 0.8195925 0.768325 0.7649469 0.7683241 0.5866948 0.8283094 0.5866947 0.8283094 0.6831642 0.8283094 0.6831642 0.8283094 0.7649469 0.7683241 0.7649469 0.8283094 0.9518439 0.8283094 0.8896567 0.7683241 0.8896567 0.7683241 0.8896567 0.8283094 0.8896567 0.8283094 0.8163018 0.7683241 0.8163017 0.8283094 0.8163018 0.8283087 0.6963886 0.9768124 0.6831642 0.9841079 0.5866947 0.8283087 0.5866948 0.8283087 0.6831641 0.8283087 0.7649469 0.8882652 0.8387814 0.8283087 0.7649469 0.8283087 0.8195924 0.8882652 0.8387814 0.8283087 0.6831641 0.9249427 0.8195925 0.9560363 0.7649469 0.9768124 0.6831642 0.8283087 0.5866948 0.8283087 0.6831641 0.9560363 0.7649469 0.9768124 0.6831642 0.8283087 0.6831641 0.7683249 0.6831641 0.7683249 0.5866948 0.8882652 0.8387814 0.7683249 0.5866948 0.9841079 0.5866948 0.9768124 0.6831642 0.8882652 0.8387814 0.7683249 0.5866948 0.9768124 0.6831642 0.9768124 0.6831642 0.9560363 0.7649469 0.8882652 0.8387814 0.9560363 0.7649469 0.9249427 0.8195925 0.8882652 0.8387814 0.8882652 0.8387814 0.7683249 0.8195925 0.7683249 0.7649469 0.7683241 0.5866948 0.8283093 0.5866947 0.8283093 0.6831642 0.8283093 0.6831642 0.8283093 0.7649469 0.7683241 0.7649469 0.9560363 0.6963897 0.9249427 0.6963898 0.9249427 0.5764194 0.9249427 0.5764194 0.9249427 0.6963898 0.8882652 0.6963897 0.8882652 0.5764194 0.8882652 0.6963897 0.8283087 0.6963887 0.8283087 0.5866948 0.984108 0.5866947 0.9768124 0.6831642 0.9768124 0.6831642 0.9560363 0.7649469 0.8283087 0.6831641 0.9560363 0.7649469 0.9249427 0.8195925 0.8283087 0.6831641 0.9249427 0.8195925 0.8882653 0.8387814 0.8283087 0.6831641 0.8882653 0.8387814 0.8283087 0.8195924 0.8283087 0.7649469 0.8283087 0.7649469 0.8283087 0.6831641 0.8882653 0.8387814 0.984108 0.5866948 0.768325 0.5866948 0.9768124 0.6831642 0.768325 0.5866948 0.768325 0.6831641 0.8882653 0.8387814 0.9768124 0.6831642 0.768325 0.5866948 0.8882653 0.8387814 0.768325 0.6831641 0.768325 0.7649469 0.8882653 0.8387814 0.768325 0.7649469 0.768325 0.8195925 0.8882653 0.8387814 0.8882653 0.8387814 0.9249427 0.8195925 0.9560363 0.7649469 0.7683241 0.5866948 0.7683241 0.6831642 0.8283094 0.6831642 0.7683241 0.7649469 0.8283094 0.7649469 0.8283094 0.6831642 0.7683241 0.8896567 0.8283094 0.8896567 0.8283094 0.9518439 0.7683241 0.8896567 0.7683241 0.8163017 0.8283094 0.8163018 0.7683241 0.8163017 0.7683241 0.5764212 0.8283087 0.6963886 0.9538801 0.6402127 0.818806 0.6402128 0.7915945 0.5857899 0.9538801 0.6402127 0.9810915 0.5857896 0.9810913 0.9752687 0.8188058 0.920846 0.9538799 0.9208458 0.9810913 0.9752687 0.8188058 0.920846 0.7915943 0.975269 0.7915945 0.5857899 0.9538799 0.9208458 0.8188058 0.920846 0.818806 0.6402128 0.9538799 0.9208458 0.9538799 0.9208458 0.9538801 0.6402127 0.8188058 0.920846 0.8188058 0.920846 0.9538799 0.9208458 0.818806 0.6402128 0.9538801 0.6402127 0.9538801 0.6402127 0.4836568 0.5541262 0.4836568 0.9927488 0.2702495 0.9927488 0.2702495 0.6425279 0.4836568 0.6425279 0.4836568 0.8607106 0.4836568 0.6425279 0.2702495 0.6425279 0.2702495 0.8607106 0.2672975 0.6425279 0.4866088 0.6425279 0.4866088 0.8607106 0.4866088 0.6425279 0.2672975 0.6425279 0.2672975 0.8607106 0.4836568 0.5541262 0.4836568 0.9927488 0.2702495 0.9927488 0.2702495 0.6425279 0.4836568 0.6425279 0.4836568 0.8607106 0.4836568 0.6425279 0.2702495 0.6425279 0.2702495 0.8607106 0.2672975 0.6425279 0.4866088 0.6425279 0.4866088 0.8607106 0.4866088 0.6425279 0.2672975 0.6425279 0.2672975 0.8607106 0.8744398 0.1337888 0.8703135 0.1537126 0.8603516 0.1619653 0.8603516 0.1619653 0.8503898 0.1537126 0.8462634 0.1337888 0.8462634 0.1337888 0.8503898 0.1138651 0.8603516 0.1056125 0.8603516 0.1056125 0.8703135 0.1138651 0.8744398 0.1337888 0.8744398 0.1337888 0.8603516 0.1619653 0.8603516 0.1056125 0.8744398 0.1337888 0.8703135 0.1537126 0.8603516 0.1619653 0.8603516 0.1619653 0.8503898 0.1537126 0.8462634 0.1337888 0.8462634 0.1337888 0.8503898 0.1138651 0.8603516 0.1056125 0.8603516 0.1056125 0.8703135 0.1138651 0.8744398 0.1337888 0.8744398 0.1337888 0.8603516 0.1619653 0.8603516 0.1056125</float_array>
          <technique_common>
            <accessor source="#Cube_012-mesh-map-0-array" count="3462" stride="2">
              <param name="S" type="float"/>
              <param name="T" type="float"/>
            </accessor>
          </technique_common>
        </source>
        <source id="Cube_012-mesh-map-1">
          <float_array id="Cube_012-mesh-map-1-array" count="6924">0 0 0 0 0 0 0 0 0 0 0 0 0 0 0 0 0 0 0 0 0 0 0 0 0 0 0 0 0 0 0 0 0 0 0 0 0 0 0 0 0 0 0 0 0 0 0 0 0 0 0 0 0 0 0 0 0 0 0 0 0 0 0 0 0 0 0 0 0 0 0 0 0 0 0 0 0 0 0 0 0 0 0 0 0 0 0 0 0 0 0 0 0 0 0 0 0 0 0 0 0 0 0.8145304 0.8690703 0.8145304 0.8722897 0.8131742 0.8706387 0.4520831 0.8243504 0.4531558 0.8257786 0.453075 0.8282433 0.4520831 0.8321456 0.4519547 0.8282694 0.453075 0.8282433 0.06695574 0.9878721 0.06705409 0.9894044 0.06513661 0.9889577 0.06175071 0.9895528 0.06390672 0.9871616 0.06513661 0.9889577 0.06175071 0.9895528 0.06378078 0.9904614 0.06378078 0.9930347 0.06390672 0.9970408 0.06175071 0.9936449 0.06378078 0.9930347 0.06390672 0.9970408 0.06513667 0.9951704 0.06705409 0.9956172 0.6214972 0.9865533 0.6214972 0.9955202 0.6186249 0.9955227 0.1078727 0.9735066 0.1081685 0.9644753 0.1110137 0.9642661 0.1078727 0.9735066 0.1107107 0.9735137 0.1110137 0.9826599 0.7226541 0.9672529 0.725524 0.9670353 0.725524 0.9762832 0.7226886 0.9852165 0.7226541 0.9762845 0.725524 0.9762832 0.7071974 0.9715488 0.7083579 0.9811511 0.7055627 0.981544 0.7071974 0.9715488 0.7043743 0.9717118 0.7055627 0.9638254 0.2478346 0.9870491 0.250707 0.9868385 0.250707 0.9960522 0.7099458 0.2574422 0.7080799 0.2555733 0.7109465 0.2493873 0.6252658 0.9882913 0.6252658 0.9955255 0.6214972 0.9955202 0.7099458 0.2574422 0.7164627 0.2549123 0.7164627 0.2627524 0.1045576 0.9661838 0.1081685 0.9644753 0.1078727 0.9735066 0.7099458 0.2600942 0.7164627 0.2627524 0.7109465 0.2683147 0.1045576 0.9806762 0.1043189 0.97347 0.1078727 0.9735066 0.7080799 0.2619757 0.7109465 0.2683147 0.7031454 0.2683413 0.7189046 0.9762586 0.7189046 0.9689722 0.7226541 0.9672529 0.7035751 0.2601158 0.7054411 0.2619847 0.7031454 0.2683413 0.7189325 0.9834647 0.7189046 0.9762586 0.7226541 0.9762845 0.7035751 0.2601158 0.6976292 0.2628163 0.6976292 0.2549763 0.7124727 0.9796072 0.7083579 0.9811511 0.7071974 0.9715488 0.7054411 0.2555822 0.7035751 0.2574638 0.6976292 0.2549763 0.7124727 0.9656468 0.7115363 0.9718605 0.7071974 0.9715488 0.7054411 0.2555822 0.7031454 0.2494138 0.7109465 0.2493873 0.2440661 0.9887726 0.2478346 0.9870491 0.2478346 0.9960473 0.6186249 0.9955227 0.6180788 0.9955268 0.6180788 0.986915 0.1107107 0.9735137 0.1110137 0.9642661 0.111606 0.9648299 0.1110137 0.9826599 0.1107107 0.9735137 0.1113219 0.9735035 0.725524 0.9762832 0.725524 0.9670353 0.7260764 0.9675974 0.4764716 0.9395452 0.4768628 0.9403643 0.4708132 0.94413 0.46735 0.952839 0.4700217 0.9435601 0.4708132 0.94413 0.46735 0.952839 0.4683074 0.9528329 0.4708132 0.9613752 0.4764716 0.9655475 0.4700217 0.9619464 0.4708132 0.9613752 0.7184657 0.8980437 0.72138 0.8980484 0.72138 0.9061402 0.8831737 0.6194515 0.8842329 0.6282144 0.8814829 0.6284162 0.8831737 0.6194515 0.8804315 0.6197173 0.8814829 0.6127399 0.9819323 0.7895458 0.9819537 0.7977574 0.9790399 0.7977017 0.9819323 0.7895458 0.9790186 0.78955 0.9790186 0.7814266 0.9639369 0.6385125 0.9642069 0.6302707 0.9671164 0.6303328 0.9639369 0.6385125 0.9668483 0.6385145 0.9671164 0.6466065 0.704904 0.9947063 0.704904 0.9864642 0.7078183 0.9865178 0.8705731 0.9433268 0.8709486 0.9439455 0.8652002 0.9475237 0.8620176 0.9557955 0.8645234 0.9470925 0.8652002 0.9475237 0.8620176 0.9557955 0.8628191 0.9557934 0.8652002 0.9639105 0.8705731 0.9677153 0.8645234 0.9643377 0.8652002 0.9639105 0.9824571 0.7895426 0.9819323 0.7895458 0.9819323 0.7813627 0.9633634 0.63852 0.9636476 0.6298464 0.9642069 0.6302707 0.9633634 0.63852 0.9639369 0.6385125 0.9642068 0.6466641 0.7043743 0.9947155 0.7043743 0.9860415 0.704904 0.9864642 0.4921912 0.9395452 0.4988146 0.9406924 0.4976751 0.9470119 0.4921912 0.9395452 0.494144 0.9464003 0.4902897 0.9488277 0.481361 0.9516846 0.4849618 0.9440984 0.4902897 0.9488277 0.481361 0.9516846 0.4883701 0.9528722 0.4895095 0.9561645 0.9790186 0.7814266 0.9790186 0.78955 0.9743276 0.7895787 0.9671164 0.6303328 0.9721116 0.6340861 0.9719687 0.6384481 0.9671164 0.6466065 0.9668483 0.6385145 0.9719687 0.6384481 0.7078183 0.9865178 0.7125512 0.990257 0.7125512 0.9946191 0.7575945 0.4422366 0.7605616 0.4452083 0.7554965 0.4473341 0.7605616 0.4452083 0.7605616 0.4494253 0.7554965 0.4473341 0.7605616 0.4494253 0.7575945 0.4524173 0.7554965 0.4473341 0.7575945 0.4524173 0.7533985 0.4524315 0.7554965 0.4473341 0.7533985 0.4524315 0.7504314 0.4494597 0.7554965 0.4473341 0.7504314 0.4494597 0.7504314 0.4452427 0.7554965 0.4473341 0.7504314 0.4452427 0.7533985 0.4422508 0.7554965 0.4473341 0.7533985 0.4422508 0.7575945 0.4422366 0.7554965 0.4473341 0.494144 0.9464003 0.4976751 0.9470119 0.4946572 0.952599 0.4902897 0.9488277 0.494144 0.9464003 0.4946572 0.952599 0.4883701 0.9528722 0.4902897 0.9488277 0.4946572 0.952599 0.4895095 0.9561645 0.4883701 0.9528722 0.4946572 0.952599 0.4930407 0.9567762 0.4895095 0.9561645 0.4946572 0.952599 0.496895 0.9543488 0.4930407 0.9567762 0.4946572 0.952599 0.4988146 0.9503043 0.496895 0.9543488 0.4946572 0.952599 0.4976751 0.9470119 0.4988146 0.9503043 0.4946572 0.952599 0.6200399 0.2737951 0.6085786 0.2695578 0.6085786 0.2590658 0.7781001 0.1601068 0.7912496 0.1600943 0.7891938 0.1740462 0.924054 0.6144667 0.9243743 0.6284163 0.9144516 0.6283995 0.7857769 0.4316497 0.7989625 0.4319563 0.7969297 0.4460729 0.7737257 0.432174 0.7857769 0.4316497 0.7861268 0.4458217 0.6970633 0.7928239 0.6990961 0.7788524 0.7098988 0.7788671 0.7102488 0.7928419 0.7098988 0.7788671 0.7197723 0.7788419 0.06384968 0.8362302 0.06257152 0.8486499 0.05131661 0.8486915 0.04326015 0.8063854 0.05131661 0.8087462 0.05011236 0.822966 0.04027903 0.8200844 0.05011236 0.822966 0.05011236 0.8362811 0.7784204 0.1321771 0.7891938 0.1321668 0.7912496 0.1461346 0.7781001 0.1461471 0.7912496 0.1461346 0.7912496 0.1600943 0.9144516 0.5865201 0.9243743 0.5865368 0.924054 0.6005069 0.9119427 0.6004864 0.924054 0.6005069 0.924054 0.6144667 0.7969297 0.4043258 0.7989624 0.4180406 0.7857769 0.417734 0.7857769 0.417734 0.7989624 0.4180406 0.7989625 0.4319563 0.7861268 0.4040746 0.7857769 0.417734 0.7737257 0.4182583 0.7737257 0.4182583 0.7857769 0.417734 0.7857769 0.4316497 0.7098989 0.8207463 0.6990961 0.8207316 0.6970633 0.8067836 0.7102488 0.8068016 0.6970633 0.8067836 0.6970633 0.7928239 0.7197723 0.8207211 0.7098989 0.8207463 0.7102488 0.8068016 0.7223 0.8067709 0.7102488 0.8068016 0.7102488 0.7928419 0.05131661 0.8087462 0.06257152 0.8087046 0.06384968 0.8229151 0.05011236 0.822966 0.06384968 0.8229151 0.06384968 0.8362302 0.3039391 0.7893301 0.3039255 0.7753806 0.3143061 0.7753943 0.7357903 0.8881936 0.748552 0.8885979 0.7462892 0.9026983 0.2280758 0.8901345 0.2281192 0.904308 0.2177789 0.9046614 0.4256988 0.8026218 0.4384604 0.8026455 0.4361976 0.8166161 0.4130777 0.8026471 0.4256988 0.8026218 0.4257422 0.8165966 0.6141684 0.8183845 0.627828 0.8179437 0.6262736 0.8304037 0.6245382 0.2721609 0.6245382 0.2590658 0.6362071 0.2627335 0.2912247 0.7893465 0.2935087 0.775394 0.3039255 0.7753806 0.3143061 0.8172737 0.3039255 0.81726 0.3039391 0.80329 0.3166094 0.8033067 0.3039391 0.80329 0.3039391 0.7893301 0.7462892 0.8609513 0.748552 0.8746822 0.7357903 0.8742779 0.7357903 0.8742779 0.748552 0.8746822 0.748552 0.8885979 0.2177789 0.8629143 0.2281192 0.8625609 0.2280758 0.8762188 0.2154548 0.8766502 0.2280758 0.8762188 0.2280758 0.8901345 0.4361976 0.7747369 0.4384604 0.7886857 0.4256987 0.788662 0.4256987 0.788662 0.4384604 0.7886857 0.4384604 0.8026455 0.4257422 0.7747175 0.4256987 0.788662 0.4130777 0.7886874 0.4130777 0.7886874 0.4256987 0.788662 0.4256988 0.8026218 0.6262736 0.7904584 0.627828 0.8046286 0.6141684 0.8050694 0.6141684 0.8050694 0.627828 0.8046286 0.627828 0.8179437 0.6150824 0.7908195 0.6141684 0.8050694 0.6034718 0.8024801 0.6034718 0.8024801 0.6141684 0.8050694 0.6141684 0.8183845 0.3039255 0.81726 0.2935087 0.8172734 0.2912247 0.8033064 0.3039391 0.80329 0.2912247 0.8033064 0.2912247 0.7893465 0.0738672 0.763702 0.04027909 0.7636951 0.04027903 0.730039 0.6970633 0.735943 0.6970633 0.7023816 0.7306179 0.702583 0.1119317 0.7636948 0.07836544 0.7637066 0.07836544 0.7300508 0.2481831 0.7766528 0.2165349 0.7732084 0.2165349 0.7411067 0.7401412 0.1321668 0.7736018 0.1322326 0.7736018 0.1658834 0.7207207 0.8252438 0.7207207 0.8588037 0.6970633 0.8606143 0.002249062 0.8025353 0.002249062 0.7689424 0.03434997 0.7683212 0.1112369 0.8018602 0.07836544 0.8018831 0.07836544 0.7682269 0.5410215 0.7639966 0.5739582 0.7645488 0.5739582 0.7980986 0.04027903 0.7681996 0.07321566 0.768232 0.07321566 0.8018879 0.7305214 0.7406418 0.7305215 0.7742951 0.6970633 0.7743444 0.3150029 0.8247649 0.3150029 0.8581544 0.2912247 0.8551607 0.2867264 0.7824905 0.2552251 0.7789268 0.255225 0.746825 0.73567 0.4040746 0.7692275 0.404083 0.7692275 0.437739 0.03578066 0.7635887 0.002249062 0.7638236 0.002249062 0.7302739 0.4466094 0.7702061 0.4130777 0.7702199 0.4130777 0.736564 0.3246861 0.770883 0.2912247 0.7708124 0.2912247 0.7371624 0.3211076 0.857673 0.3211076 0.8241372 0.3447821 0.8221144 0.5365233 0.7907024 0.4813611 0.7858364 0.481361 0.6727113 0.8131743 0.8686142 0.8145304 0.8690703 0.8131742 0.8706387 0.4519547 0.8282694 0.4520831 0.8243504 0.453075 0.8282433 0.4531558 0.8306809 0.4520831 0.8321456 0.453075 0.8282433 0.06390672 0.9871616 0.06695574 0.9878721 0.06513661 0.9889577 0.06378078 0.9904614 0.06175071 0.9895528 0.06513661 0.9889577 0.06175071 0.9936449 0.06175071 0.9895528 0.06378078 0.9930347 0.06513667 0.9951704 0.06390672 0.9970408 0.06378078 0.9930347 0.06695574 0.9977512 0.06390672 0.9970408 0.06705409 0.9956172 0.6186249 0.9863411 0.6214972 0.9865533 0.6186249 0.9955227 0.1107107 0.9735137 0.1078727 0.9735066 0.1110137 0.9642661 0.1081685 0.9824389 0.1078727 0.9735066 0.1110137 0.9826599 0.7226541 0.9762845 0.7226541 0.9672529 0.725524 0.9762832 0.7255593 0.9854292 0.7226886 0.9852165 0.725524 0.9762832 0.7043743 0.9717118 0.7071974 0.9715488 0.7055627 0.981544 0.708358 0.9638469 0.7071974 0.9715488 0.7055627 0.9638254 0.2478346 0.9960473 0.2478346 0.9870491 0.250707 0.9960522 0.7164627 0.2549123 0.7099458 0.2574422 0.7109465 0.2493873 0.6214972 0.9865533 0.6252658 0.9882913 0.6214972 0.9955202 0.7099458 0.2600942 0.7099458 0.2574422 0.7164627 0.2627524 0.1043189 0.97347 0.1045576 0.9661838 0.1078727 0.9735066 0.7080799 0.2619757 0.7099458 0.2600942 0.7109465 0.2683147 0.1081685 0.9824389 0.1045576 0.9806762 0.1078727 0.9735066 0.7054411 0.2619847 0.7080799 0.2619757 0.7031454 0.2683413 0.7226541 0.9762845 0.7189046 0.9762586 0.7226541 0.9672529 0.6976292 0.2628163 0.7035751 0.2601158 0.7031454 0.2683413 0.7226886 0.9852165 0.7189325 0.9834647 0.7226541 0.9762845 0.7035751 0.2574638 0.7035751 0.2601158 0.6976292 0.2549763 0.7115363 0.9718605 0.7124727 0.9796072 0.7071974 0.9715488 0.7031454 0.2494138 0.7054411 0.2555822 0.6976292 0.2549763 0.708358 0.9638469 0.7124727 0.9656468 0.7071974 0.9715488 0.7080799 0.2555733 0.7054411 0.2555822 0.7109465 0.2493873 0.2440661 0.9960321 0.2440661 0.9887726 0.2478346 0.9960473 0.6186249 0.9863411 0.6186249 0.9955227 0.6180788 0.986915 0.1113219 0.9735035 0.1107107 0.9735137 0.111606 0.9648299 0.111606 0.9820821 0.1110137 0.9826599 0.1113219 0.9735035 0.7260764 0.9762714 0.725524 0.9762832 0.7260764 0.9675974 0.4700217 0.9435601 0.4764716 0.9395452 0.4708132 0.94413 0.4683074 0.9528329 0.46735 0.952839 0.4708132 0.94413 0.4700217 0.9619464 0.46735 0.952839 0.4708132 0.9613752 0.4768628 0.9647527 0.4764716 0.9655475 0.4708132 0.9613752 0.7184657 0.906195 0.7184657 0.8980437 0.72138 0.9061402 0.8804315 0.6197173 0.8831737 0.6194515 0.8814829 0.6284162 0.8842329 0.6124228 0.8831737 0.6194515 0.8814829 0.6127399 0.9790186 0.78955 0.9819323 0.7895458 0.9790399 0.7977017 0.9819323 0.7813627 0.9819323 0.7895458 0.9790186 0.7814266 0.9668483 0.6385145 0.9639369 0.6385125 0.9671164 0.6303328 0.9642068 0.6466641 0.9639369 0.6385125 0.9671164 0.6466065 0.7078183 0.9946998 0.704904 0.9947063 0.7078183 0.9865178 0.8645234 0.9470925 0.8705731 0.9433268 0.8652002 0.9475237 0.8628191 0.9557934 0.8620176 0.9557955 0.8652002 0.9475237 0.8645234 0.9643377 0.8620176 0.9557955 0.8652002 0.9639105 0.8709486 0.9671198 0.8705731 0.9677153 0.8652002 0.9639105 0.9824571 0.7809307 0.9824571 0.7895426 0.9819323 0.7813627 0.9639369 0.6385125 0.9633634 0.63852 0.9642069 0.6302707 0.9636476 0.6470987 0.9633634 0.63852 0.9642068 0.6466641 0.704904 0.9947063 0.7043743 0.9947155 0.704904 0.9864642 0.494144 0.9464003 0.4921912 0.9395452 0.4976751 0.9470119 0.4849618 0.9440984 0.4921912 0.9395452 0.4902897 0.9488277 0.4883701 0.9528722 0.481361 0.9516846 0.4902897 0.9488277 0.4834984 0.9578601 0.481361 0.9516846 0.4895095 0.9561645 0.9743276 0.7852479 0.9790186 0.7814266 0.9743276 0.7895787 0.9668483 0.6385145 0.9671164 0.6303328 0.9719687 0.6384481 0.9721116 0.6427622 0.9671164 0.6466065 0.9719687 0.6384481 0.7078183 0.9946998 0.7078183 0.9865178 0.7125512 0.9946191 0.6200399 0.2609888 0.6200399 0.2737951 0.6085786 0.2590658 0.7784204 0.1740565 0.7781001 0.1601068 0.7891938 0.1740462 0.9119427 0.6144462 0.924054 0.6144667 0.9144516 0.6283995 0.7861268 0.4458217 0.7857769 0.4316497 0.7969297 0.4460729 0.7762534 0.4462512 0.7737257 0.432174 0.7861268 0.4458217 0.7102488 0.7928419 0.6970633 0.7928239 0.7098988 0.7788671 0.7223 0.7928111 0.7102488 0.7928419 0.7197723 0.7788419 0.05011236 0.8362811 0.06384968 0.8362302 0.05131661 0.8486915 0.04027903 0.8200844 0.04326015 0.8063854 0.05011236 0.822966 0.04027903 0.8333995 0.04027903 0.8200844 0.05011236 0.8362811 0.7781001 0.1461471 0.7784204 0.1321771 0.7912496 0.1461346 0.7781001 0.1601068 0.7781001 0.1461471 0.7912496 0.1600943 0.9119427 0.6004864 0.9144516 0.5865201 0.924054 0.6005069 0.9119427 0.6144462 0.9119427 0.6004864 0.924054 0.6144667 0.7861268 0.4040746 0.7969297 0.4043258 0.7857769 0.417734 0.7857769 0.4316497 0.7857769 0.417734 0.7989625 0.4319563 0.7762534 0.4045041 0.7861268 0.4040746 0.7737257 0.4182583 0.7737257 0.432174 0.7737257 0.4182583 0.7857769 0.4316497 0.7102488 0.8068016 0.7098989 0.8207463 0.6970633 0.8067836 0.7102488 0.7928419 0.7102488 0.8068016 0.6970633 0.7928239 0.7223 0.8067709 0.7197723 0.8207211 0.7102488 0.8068016 0.7223 0.7928111 0.7223 0.8067709 0.7102488 0.7928419 0.05011236 0.822966 0.05131661 0.8087462 0.06384968 0.8229151 0.05011236 0.8362811 0.05011236 0.822966 0.06384968 0.8362302 0.3166094 0.7893469 0.3039391 0.7893301 0.3143061 0.7753943 0.7358337 0.9023671 0.7357903 0.8881936 0.7462892 0.9026983 0.2154548 0.8905658 0.2280758 0.8901345 0.2177789 0.9046614 0.4257422 0.8165966 0.4256988 0.8026218 0.4361976 0.8166161 0.4154019 0.8166174 0.4130777 0.8026471 0.4257422 0.8165966 0.6150824 0.8307648 0.6141684 0.8183845 0.6262736 0.8304037 0.6362071 0.2734622 0.6245382 0.2721609 0.6362071 0.2627335 0.3039391 0.7893301 0.2912247 0.7893465 0.3039255 0.7753806 0.3166094 0.8033067 0.3143061 0.8172737 0.3039391 0.80329 0.3166094 0.7893469 0.3166094 0.8033067 0.3039391 0.7893301 0.7358337 0.86062 0.7462892 0.8609513 0.7357903 0.8742779 0.7357903 0.8881936 0.7357903 0.8742779 0.748552 0.8885979 0.2154548 0.8766502 0.2177789 0.8629143 0.2280758 0.8762188 0.2154548 0.8905658 0.2154548 0.8766502 0.2280758 0.8901345 0.4257422 0.7747175 0.4361976 0.7747369 0.4256987 0.788662 0.4256988 0.8026218 0.4256987 0.788662 0.4384604 0.8026455 0.4154019 0.7747382 0.4257422 0.7747175 0.4130777 0.7886874 0.4130777 0.8026471 0.4130777 0.7886874 0.4256988 0.8026218 0.6150824 0.7908195 0.6262736 0.7904584 0.6141684 0.8050694 0.6141684 0.8183845 0.6141684 0.8050694 0.627828 0.8179437 0.6063187 0.7886981 0.6150824 0.7908195 0.6034718 0.8024801 0.6034718 0.8157952 0.6034718 0.8024801 0.6141684 0.8183845 0.3039391 0.80329 0.3039255 0.81726 0.2912247 0.8033064 0.3039391 0.7893301 0.3039391 0.80329 0.2912247 0.7893465 0.0738672 0.7300459 0.0738672 0.763702 0.04027903 0.730039 0.7306179 0.7361443 0.6970633 0.735943 0.7306179 0.702583 0.1119317 0.730039 0.1119317 0.7636948 0.07836544 0.7300508 0.2481831 0.744551 0.2481831 0.7766528 0.2165349 0.7411067 0.7401412 0.1658177 0.7401412 0.1321668 0.7736018 0.1658834 0.6970633 0.8270545 0.7207207 0.8252438 0.6970633 0.8606143 0.03434997 0.8019142 0.002249062 0.8025353 0.03434997 0.7683212 0.1112369 0.7682041 0.1112369 0.8018602 0.07836544 0.7682269 0.5410216 0.7975463 0.5410215 0.7639966 0.5739582 0.7980986 0.04027909 0.8018555 0.04027903 0.7681996 0.07321566 0.8018879 0.6970633 0.7406911 0.7305214 0.7406418 0.6970633 0.7743444 0.2912247 0.8217712 0.3150029 0.8247649 0.2912247 0.8551607 0.2867264 0.7503888 0.2867264 0.7824905 0.255225 0.746825 0.73567 0.4377307 0.73567 0.4040746 0.7692275 0.437739 0.03578066 0.730039 0.03578066 0.7635887 0.002249062 0.7302739 0.4466094 0.7365502 0.4466094 0.7702061 0.4130777 0.736564 0.3246861 0.7372331 0.3246861 0.770883 0.2912247 0.7371624 0.3447821 0.8556501 0.3211076 0.857673 0.3447821 0.8221144 0.5365233 0.6775773 0.5365233 0.7907024 0.481361 0.6727113 0.5365233 0.7907024 0.4813611 0.7858364 0.5365233 0.7907024 0.481361 0.6727113 0.5365233 0.6775773 0.481361 0.6727113 0.4813611 0.7858364 0.481361 0.6727113 0.4813611 0.7858364 0.5365233 0.6775773 0.5365233 0.7907024 0.5365233 0.6775773 0 0 0 0 0 0 0 0 0 0 0 0 0 0 0 0 0 0 0 0 0 0 0 0 0 0 0 0 0 0 0 0 0 0 0 0 0 0 0 0 0 0 0 0 0 0 0 0 0 0 0 0 0 0 0 0 0 0 0 0 0 0 0 0 0 0 0 0 0 0 0 0 0 0 0 0 0 0 0 0 0 0 0 0 0 0 0 0 0 0 0 0 0 0 0 0 0 0 0 0 0 0 0 0 0 0 0 0 0 0 0 0 0 0 0 0 0 0 0 0 0 0 0 0 0 0 0 0 0 0 0 0 0 0 0 0 0 0 0 0 0 0 0 0 0 0 0 0 0 0 0 0 0 0 0 0 0 0 0 0 0 0 0 0 0 0 0 0 0 0 0 0 0 0 0 0 0 0 0 0 0 0 0 0 0 0 0 0 0 0 0 0 0 0 0 0 0 0 0 0 0 0 0 0 0 0 0 0 0 0 0 0 0 0 0 0 0 0 0 0 0 0 0 0 0 0 0 0 0 0 0 0 0 0 0 0 0 0 0 0 0 0 0 0 0 0 0 0 0 0 0 0 0 0 0 0 0 0 0 0 0 0 0 0 0 0 0 0 0 0 0 0 0 0 0 0 0 0 0 0 0 0 0 0 0 0 0 0 0 0 0 0 0 0 0 0 0 0 0 0 0 0 0 0 0 0 0 0 0 0 0 0 0 0 0 0 0 0 0 0 0 0 0 0 0 0 0 0 0 0 0 0 0 0 0 0 0 0 0 0 0 0 0 0 0 0 0 0 0 0 0 0 0 0 0 0 0 0 0 0 0 0 0 0 0 0 0 0 0 0 0 0 0 0 0 0 0 0 0 0 0 0 0 0 0 0 0 0 0 0 0 0 0 0 0 0 0 0 0 0 0 0 0 0 0 0 0 0 0 0 0 0 0 0 0 0 0 0 0 0 0 0 0 0 0 0 0 0 0 0 0 0 0 0 0 0 0 0 0 0 0 0 0 0 0 0 0 0 0 0 0 0 0 0 0 0 0 0 0 0 0 0 0 0 0 0 0 0 0 0 0 0 0 0 0 0 0 0 0 0 0 0 0 0 0 0 0 0 0 0 0 0 0 0 0 0 0 0 0 0 0 0 0 0 0 0 0 0 0 0 0 0 0 0 0 0 0 0 0 0 0 0 0 0 0 0 0 0 0 0 0 0 0 0 0 0 0 0 0 0 0 0 0 0 0 0 0 0 0 0 0 0 0 0 0 0 0 0 0 0 0 0 0 0 0 0 0 0 0 0 0 0 0 0 0 0 0 0 0 0 0 0 0 0 0 0 0 0 0 0 0 0 0 0 0 0 0 0 0 0 0 0 0 0 0 0 0 0 0 0 0 0 0 0 0 0 0 0 0 0 0 0 0 0 0 0 0 0 0 0 0 0 0 0 0 0 0 0 0 0 0 0 0 0 0 0 0 0 0 0 0 0 0 0 0 0 0 0 0 0 0 0 0 0 0 0 0 0 0 0 0 0 0 0 0 0 0 0 0 0 0 0 0 0 0 0 0 0 0 0 0 0 0 0 0 0 0 0 0 0 0 0 0 0 0 0 0 0 0 0 0 0 0 0 0 0 0 0 0 0 0 0 0 0 0 0 0 0 0 0 0 0 0 0 0 0 0 0 0 0 0 0 0 0 0 0 0 0 0 0 0 0 0 0 0 0 0 0 0 0 0 0 0 0 0 0 0 0 0 0 0 0 0 0 0 0 0 0 0 0 0 0 0 0 0 0 0 0 0 0 0 0 0 0 0 0 0 0 0 0 0 0 0 0 0 0 0 0 0 0 0 0 0 0 0 0 0 0 0 0 0 0 0 0 0 0 0 0 0 0 0 0 0 0 0 0 0 0 0 0 0 0 0 0 0 0 0 0 0 0 0 0 0 0 0 0 0 0 0 0 0 0 0 0 0 0 0 0 0 0 0 0 0 0 0 0 0 0 0 0 0 0 0 0 0 0 0 0 0 0 0 0 0 0 0 0 0 0 0 0 0 0 0 0 0 0 0 0 0 0 0 0 0 0 0 0 0 0 0 0 0 0 0 0 0 0 0 0 0 0 0 0 0 0 0 0 0 0 0 0 0 0 0 0 0 0 0 0 0 0 0 0 0 0 0 0 0 0 0 0 0 0 0 0 0 0 0 0 0 0 0 0 0 0 0 0 0 0 0 0 0 0 0 0 0 0 0 0 0 0 0 0 0 0 0 0 0 0 0 0 0 0 0 0 0 0 0 0 0 0 0 0 0 0 0 0 0 0 0 0 0 0 0 0 0 0 0 0 0 0 0 0 0 0 0 0 0 0 0 0 0 0 0 0 0 0 0 0 0 0 0 0 0 0 0 0 0 0 0 0 0 0 0 0 0 0 0 0 0 0 0 0 0 0 0 0 0 0 0 0 0 0 0 0 0 0 0 0 0 0 0 0 0 0 0 0 0 0 0 0 0 0 0 0 0 0 0 0 0 0 0 0 0 0 0 0 0 0 0 0 0 0 0 0 0 0 0 0 0 0 0 0 0 0 0 0 0 0 0 0 0 0 0 0 0 0 0 0 0 0 0 0 0 0 0 0 0 0 0 0 0 0 0 0 0 0 0 0 0 0 0 0 0 0 0 0 0 0 0 0 0 0 0 0 0 0 0 0 0 0 0 0 0 0 0 0 0 0 0 0 0 0 0 0 0 0 0 0 0 0 0 0 0 0 0 0 0 0 0 0 0 0 0 0 0 0 0 0 0 0 0 0 0 0 0 0 0 0 0 0 0 0 0 0 0 0 0 0 0 0 0 0 0 0 0 0 0 0 0 0 0 0 0 0 0 0 0 0 0 0 0 0 0 0 0 0 0 0 0 0 0 0 0 0 0 0 0 0 0 0 0 0 0 0 0 0 0 0 0 0 0 0 0 0 0 0 0 0 0 0 0 0 0 0 0 0 0 0 0 0 0 0 0 0 0 0 0 0 0 0 0 0 0 0 0 0 0 0 0 0 0 0 0 0 0 0 0 0 0 0 0 0 0 0 0 0 0 0 0 0 0 0 0 0 0 0 0 0 0 0 0 0 0 0 0 0 0 0 0 0 0 0 0 0 0 0 0 0 0 0 0 0 0 0 0 0 0 0 0 0 0 0 0 0 0 0 0 0 0 0 0 0 0 0 0 0 0 0 0 0 0 0 0 0 0 0 0 0 0 0 0 0 0 0 0 0 0 0 0 0 0 0 0 0 0 0 0 0 0 0 0 0 0 0 0 0 0 0 0 0 0 0 0 0 0 0 0 0 0 0 0 0 0 0 0 0 0 0 0 0 0 0 0 0 0 0 0 0 0 0 0 0 0 0 0 0 0 0 0 0 0 0 0 0 0 0 0 0 0 0 0 0 0 0 0 0 0 0 0 0 0 0 0 0 0 0 0 0 0 0 0 0 0 0 0 0 0 0 0 0 0 0 0 0 0 0 0 0 0 0 0 0 0 0 0 0 0 0 0 0 0 0 0 0 0 0 0 0 0 0 0 0 0 0 0 0 0 0 0 0 0 0 0 0 0 0 0 0 0 0 0 0 0 0 0 0 0 0 0 0 0 0 0 0 0 0 0 0 0 0 0 0 0 0 0 0 0 0 0 0 0 0 0 0 0 0 0 0 0 0 0 0 0 0 0 0 0 0 0 0 0 0 0 0 0 0 0 0 0 0 0 0 0 0 0 0 0 0 0 0 0 0 0 0 0 0 0 0 0 0 0 0 0 0 0 0 0 0 0 0 0 0 0 0 0 0 0 0 0 0 0 0 0 0 0 0 0 0 0 0 0 0 0 0 0 0 0 0 0 0 0 0 0 0 0 0 0 0 0 0 0 0 0 0 0 0 0 0 0 0 0 0 0 0 0 0 0 0 0 0 0 0 0 0 0 0 0 0 0 0 0 0 0 0 0 0 0 0 0 0 0 0 0 0 0 0 0 0 0 0 0 0 0 0 0 0 0 0 0 0 0 0 0 0 0 0 0 0 0 0 0 0 0 0 0 0 0 0 0 0 0 0 0 0 0 0 0 0 0 0 0 0 0 0 0 0 0 0 0 0 0 0 0 0 0 0 0 0 0 0 0 0 0 0 0 0 0 0 0 0 0 0 0 0 0 0 0 0 0 0 0 0 0 0 0 0 0 0 0 0 0 0 0 0 0 0 0 0 0 0 0 0 0 0 0 0 0 0 0 0 0 0 0 0 0 0 0 0 0 0 0 0 0 0 0 0 0 0 0 0 0 0 0 0 0 0 0 0 0 0 0 0 0 0 0 0 0 0 0 0 0 0 0 0 0 0 0 0 0 0 0 0 0 0 0 0 0 0 0 0 0 0 0 0 0 0 0 0 0 0 0 0 0 0 0 0 0 0 0 0 0 0 0 0 0 0 0 0 0 0 0 0 0 0 0 0 0 0 0 0 0 0 0 0 0 0 0 0 0 0 0 0 0 0 0 0 0 0 0 0 0 0 0 0 0 0 0 0 0 0 0 0 0 0 0 0 0 0 0 0 0 0 0 0 0 0 0 0 0 0 0 0 0 0 0 0 0 0 0 0 0 0 0 0 0 0 0 0 0 0 0 0 0 0 0 0 0 0 0 0 0 0 0 0 0 0 0 0 0 0 0 0 0 0 0 0 0 0 0 0 0 0 0 0 0 0 0 0 0 0 0 0 0 0 0 0 0 0 0 0 0 0 0 0 0 0 0 0 0 0 0 0 0 0 0 0 0 0 0 0 0 0 0 0 0 0 0 0 0 0 0 0 0 0 0 0 0 0 0 0 0 0 0 0 0 0 0 0 0 0 0 0 0 0 0 0 0 0 0 0 0 0 0 0 0 0 0 0 0 0 0 0 0 0 0 0 0 0 0 0 0 0 0 0 0 0 0 0 0 0 0.8145304 0.8690703 0.8145304 0.8722897 0.8131742 0.8706387 0.4520831 0.8243504 0.4531558 0.8257786 0.453075 0.8282433 0.4520831 0.8321456 0.4519547 0.8282694 0.453075 0.8282433 0.06695574 0.9878721 0.06705409 0.9894044 0.06513661 0.9889577 0.06175071 0.9895528 0.06390672 0.9871616 0.06513661 0.9889577 0.06175071 0.9895528 0.06378078 0.9904614 0.06378078 0.9930347 0.06390672 0.9970408 0.06175071 0.9936449 0.06378078 0.9930347 0.06390672 0.9970408 0.06513667 0.9951704 0.06705409 0.9956172 0.6214972 0.9865533 0.6214972 0.9955202 0.6186249 0.9955227 0.1078727 0.9735066 0.1081685 0.9644753 0.1110137 0.9642661 0.1078727 0.9735066 0.1107107 0.9735137 0.1110137 0.9826599 0.7226541 0.9672529 0.725524 0.9670353 0.725524 0.9762832 0.7226886 0.9852165 0.7226541 0.9762845 0.725524 0.9762832 0.7071974 0.9715488 0.7083579 0.9811511 0.7055627 0.981544 0.7071974 0.9715488 0.7043743 0.9717118 0.7055627 0.9638254 0.2478346 0.9870491 0.250707 0.9868385 0.250707 0.9960522 0.7099458 0.2574422 0.7080799 0.2555733 0.7109465 0.2493873 0.6252658 0.9882913 0.6252658 0.9955255 0.6214972 0.9955202 0.7099458 0.2574422 0.7164627 0.2549123 0.7164627 0.2627524 0.1045576 0.9661838 0.1081685 0.9644753 0.1078727 0.9735066 0.7099458 0.2600942 0.7164627 0.2627524 0.7109465 0.2683147 0.1045576 0.9806762 0.1043189 0.97347 0.1078727 0.9735066 0.7080799 0.2619757 0.7109465 0.2683147 0.7031454 0.2683413 0.7189046 0.9762586 0.7189046 0.9689722 0.7226541 0.9672529 0.7035751 0.2601158 0.7054411 0.2619847 0.7031454 0.2683413 0.7189325 0.9834647 0.7189046 0.9762586 0.7226541 0.9762845 0.7035751 0.2601158 0.6976292 0.2628163 0.6976292 0.2549763 0.7124727 0.9796072 0.7083579 0.9811511 0.7071974 0.9715488 0.7054411 0.2555822 0.7035751 0.2574638 0.6976292 0.2549763 0.7124727 0.9656468 0.7115363 0.9718605 0.7071974 0.9715488 0.7054411 0.2555822 0.7031454 0.2494138 0.7109465 0.2493873 0.2440661 0.9887726 0.2478346 0.9870491 0.2478346 0.9960473 0.6186249 0.9955227 0.6180788 0.9955268 0.6180788 0.986915 0.1107107 0.9735137 0.1110137 0.9642661 0.111606 0.9648299 0.1110137 0.9826599 0.1107107 0.9735137 0.1113219 0.9735035 0.725524 0.9762832 0.725524 0.9670353 0.7260764 0.9675974 0.4764716 0.9395452 0.4768628 0.9403643 0.4708132 0.94413 0.46735 0.952839 0.4700217 0.9435601 0.4708132 0.94413 0.46735 0.952839 0.4683074 0.9528329 0.4708132 0.9613752 0.4764716 0.9655475 0.4700217 0.9619464 0.4708132 0.9613752 0.7184657 0.8980437 0.72138 0.8980484 0.72138 0.9061402 0.8831737 0.6194515 0.8842329 0.6282144 0.8814829 0.6284162 0.8831737 0.6194515 0.8804315 0.6197173 0.8814829 0.6127399 0.9819323 0.7895458 0.9819537 0.7977574 0.9790399 0.7977017 0.9819323 0.7895458 0.9790186 0.78955 0.9790186 0.7814266 0.9639369 0.6385125 0.9642069 0.6302707 0.9671164 0.6303328 0.9639369 0.6385125 0.9668483 0.6385145 0.9671164 0.6466065 0.704904 0.9947063 0.704904 0.9864642 0.7078183 0.9865178 0.8705731 0.9433268 0.8709486 0.9439455 0.8652002 0.9475237 0.8620176 0.9557955 0.8645234 0.9470925 0.8652002 0.9475237 0.8620176 0.9557955 0.8628191 0.9557934 0.8652002 0.9639105 0.8705731 0.9677153 0.8645234 0.9643377 0.8652002 0.9639105 0.9824571 0.7895426 0.9819323 0.7895458 0.9819323 0.7813627 0.9633634 0.63852 0.9636476 0.6298464 0.9642069 0.6302707 0.9633634 0.63852 0.9639369 0.6385125 0.9642068 0.6466641 0.7043743 0.9947155 0.7043743 0.9860415 0.704904 0.9864642 0.4921912 0.9395452 0.4988146 0.9406924 0.4976751 0.9470119 0.4921912 0.9395452 0.494144 0.9464003 0.4902897 0.9488277 0.481361 0.9516846 0.4849618 0.9440984 0.4902897 0.9488277 0.481361 0.9516846 0.4883701 0.9528722 0.4895095 0.9561645 0.9790186 0.7814266 0.9790186 0.78955 0.9743276 0.7895787 0.9671164 0.6303328 0.9721116 0.6340861 0.9719687 0.6384481 0.9671164 0.6466065 0.9668483 0.6385145 0.9719687 0.6384481 0.7078183 0.9865178 0.7125512 0.990257 0.7125512 0.9946191 0.7575945 0.4422366 0.7605616 0.4452083 0.7554965 0.4473341 0.7605616 0.4452083 0.7605616 0.4494253 0.7554965 0.4473341 0.7605616 0.4494253 0.7575945 0.4524173 0.7554965 0.4473341 0.7575945 0.4524173 0.7533985 0.4524315 0.7554965 0.4473341 0.7533985 0.4524315 0.7504314 0.4494597 0.7554965 0.4473341 0.7504314 0.4494597 0.7504314 0.4452427 0.7554965 0.4473341 0.7504314 0.4452427 0.7533985 0.4422508 0.7554965 0.4473341 0.7533985 0.4422508 0.7575945 0.4422366 0.7554965 0.4473341 0.494144 0.9464003 0.4976751 0.9470119 0.4946572 0.952599 0.4902897 0.9488277 0.494144 0.9464003 0.4946572 0.952599 0.4883701 0.9528722 0.4902897 0.9488277 0.4946572 0.952599 0.4895095 0.9561645 0.4883701 0.9528722 0.4946572 0.952599 0.4930407 0.9567762 0.4895095 0.9561645 0.4946572 0.952599 0.496895 0.9543488 0.4930407 0.9567762 0.4946572 0.952599 0.4988146 0.9503043 0.496895 0.9543488 0.4946572 0.952599 0.4976751 0.9470119 0.4988146 0.9503043 0.4946572 0.952599 0.3039391 0.7893301 0.3039255 0.7753806 0.3143061 0.7753943 0.7357903 0.8881936 0.748552 0.8885979 0.7462892 0.9026983 0.2280758 0.8901345 0.2281192 0.904308 0.2177789 0.9046614 0.4256988 0.8026218 0.4384604 0.8026455 0.4361976 0.8166161 0.4130777 0.8026471 0.4256988 0.8026218 0.4257422 0.8165966 0.6141684 0.8183845 0.627828 0.8179437 0.6262736 0.8304037 0.6245382 0.2721609 0.6245382 0.2590658 0.6362071 0.2627335 0.2912247 0.7893465 0.2935087 0.775394 0.3039255 0.7753806 0.3143061 0.8172737 0.3039255 0.81726 0.3039391 0.80329 0.3166094 0.8033067 0.3039391 0.80329 0.3039391 0.7893301 0.7462892 0.8609513 0.748552 0.8746822 0.7357903 0.8742779 0.7357903 0.8742779 0.748552 0.8746822 0.748552 0.8885979 0.2177789 0.8629143 0.2281192 0.8625609 0.2280758 0.8762188 0.2154548 0.8766502 0.2280758 0.8762188 0.2280758 0.8901345 0.4361976 0.7747369 0.4384604 0.7886857 0.4256987 0.788662 0.4256987 0.788662 0.4384604 0.7886857 0.4384604 0.8026455 0.4257422 0.7747175 0.4256987 0.788662 0.4130777 0.7886874 0.4130777 0.7886874 0.4256987 0.788662 0.4256988 0.8026218 0.6262736 0.7904584 0.627828 0.8046286 0.6141684 0.8050694 0.6141684 0.8050694 0.627828 0.8046286 0.627828 0.8179437 0.6150824 0.7908195 0.6141684 0.8050694 0.6034718 0.8024801 0.6034718 0.8024801 0.6141684 0.8050694 0.6141684 0.8183845 0.3039255 0.81726 0.2935087 0.8172734 0.2912247 0.8033064 0.3039391 0.80329 0.2912247 0.8033064 0.2912247 0.7893465 0.2867264 0.7824905 0.2552251 0.7789268 0.255225 0.746825 0.73567 0.4040746 0.7692275 0.404083 0.7692275 0.437739 0.03578066 0.7635887 0.002249062 0.7638236 0.002249062 0.7302739 0.4466094 0.7702061 0.4130777 0.7702199 0.4130777 0.736564 0.3246861 0.770883 0.2912247 0.7708124 0.2912247 0.7371624 0.3211076 0.857673 0.3211076 0.8241372 0.3447821 0.8221144 0.8131743 0.8686142 0.8145304 0.8690703 0.8131742 0.8706387 0.4519547 0.8282694 0.4520831 0.8243504 0.453075 0.8282433 0.4531558 0.8306809 0.4520831 0.8321456 0.453075 0.8282433 0.06390672 0.9871616 0.06695574 0.9878721 0.06513661 0.9889577 0.06378078 0.9904614 0.06175071 0.9895528 0.06513661 0.9889577 0.06175071 0.9936449 0.06175071 0.9895528 0.06378078 0.9930347 0.06513667 0.9951704 0.06390672 0.9970408 0.06378078 0.9930347 0.06695574 0.9977512 0.06390672 0.9970408 0.06705409 0.9956172 0.6186249 0.9863411 0.6214972 0.9865533 0.6186249 0.9955227 0.1107107 0.9735137 0.1078727 0.9735066 0.1110137 0.9642661 0.1081685 0.9824389 0.1078727 0.9735066 0.1110137 0.9826599 0.7226541 0.9762845 0.7226541 0.9672529 0.725524 0.9762832 0.7255593 0.9854292 0.7226886 0.9852165 0.725524 0.9762832 0.7043743 0.9717118 0.7071974 0.9715488 0.7055627 0.981544 0.708358 0.9638469 0.7071974 0.9715488 0.7055627 0.9638254 0.2478346 0.9960473 0.2478346 0.9870491 0.250707 0.9960522 0.7164627 0.2549123 0.7099458 0.2574422 0.7109465 0.2493873 0.6214972 0.9865533 0.6252658 0.9882913 0.6214972 0.9955202 0.7099458 0.2600942 0.7099458 0.2574422 0.7164627 0.2627524 0.1043189 0.97347 0.1045576 0.9661838 0.1078727 0.9735066 0.7080799 0.2619757 0.7099458 0.2600942 0.7109465 0.2683147 0.1081685 0.9824389 0.1045576 0.9806762 0.1078727 0.9735066 0.7054411 0.2619847 0.7080799 0.2619757 0.7031454 0.2683413 0.7226541 0.9762845 0.7189046 0.9762586 0.7226541 0.9672529 0.6976292 0.2628163 0.7035751 0.2601158 0.7031454 0.2683413 0.7226886 0.9852165 0.7189325 0.9834647 0.7226541 0.9762845 0.7035751 0.2574638 0.7035751 0.2601158 0.6976292 0.2549763 0.7115363 0.9718605 0.7124727 0.9796072 0.7071974 0.9715488 0.7031454 0.2494138 0.7054411 0.2555822 0.6976292 0.2549763 0.708358 0.9638469 0.7124727 0.9656468 0.7071974 0.9715488 0.7080799 0.2555733 0.7054411 0.2555822 0.7109465 0.2493873 0.2440661 0.9960321 0.2440661 0.9887726 0.2478346 0.9960473 0.6186249 0.9863411 0.6186249 0.9955227 0.6180788 0.986915 0.1113219 0.9735035 0.1107107 0.9735137 0.111606 0.9648299 0.111606 0.9820821 0.1110137 0.9826599 0.1113219 0.9735035 0.7260764 0.9762714 0.725524 0.9762832 0.7260764 0.9675974 0.4700217 0.9435601 0.4764716 0.9395452 0.4708132 0.94413 0.4683074 0.9528329 0.46735 0.952839 0.4708132 0.94413 0.4700217 0.9619464 0.46735 0.952839 0.4708132 0.9613752 0.4768628 0.9647527 0.4764716 0.9655475 0.4708132 0.9613752 0.7184657 0.906195 0.7184657 0.8980437 0.72138 0.9061402 0.8804315 0.6197173 0.8831737 0.6194515 0.8814829 0.6284162 0.8842329 0.6124228 0.8831737 0.6194515 0.8814829 0.6127399 0.9790186 0.78955 0.9819323 0.7895458 0.9790399 0.7977017 0.9819323 0.7813627 0.9819323 0.7895458 0.9790186 0.7814266 0.9668483 0.6385145 0.9639369 0.6385125 0.9671164 0.6303328 0.9642068 0.6466641 0.9639369 0.6385125 0.9671164 0.6466065 0.7078183 0.9946998 0.704904 0.9947063 0.7078183 0.9865178 0.8645234 0.9470925 0.8705731 0.9433268 0.8652002 0.9475237 0.8628191 0.9557934 0.8620176 0.9557955 0.8652002 0.9475237 0.8645234 0.9643377 0.8620176 0.9557955 0.8652002 0.9639105 0.8709486 0.9671198 0.8705731 0.9677153 0.8652002 0.9639105 0.9824571 0.7809307 0.9824571 0.7895426 0.9819323 0.7813627 0.9639369 0.6385125 0.9633634 0.63852 0.9642069 0.6302707 0.9636476 0.6470987 0.9633634 0.63852 0.9642068 0.6466641 0.704904 0.9947063 0.7043743 0.9947155 0.704904 0.9864642 0.494144 0.9464003 0.4921912 0.9395452 0.4976751 0.9470119 0.4849618 0.9440984 0.4921912 0.9395452 0.4902897 0.9488277 0.4883701 0.9528722 0.481361 0.9516846 0.4902897 0.9488277 0.4834984 0.9578601 0.481361 0.9516846 0.4895095 0.9561645 0.9743276 0.7852479 0.9790186 0.7814266 0.9743276 0.7895787 0.9668483 0.6385145 0.9671164 0.6303328 0.9719687 0.6384481 0.9721116 0.6427622 0.9671164 0.6466065 0.9719687 0.6384481 0.7078183 0.9946998 0.7078183 0.9865178 0.7125512 0.9946191 0.3166094 0.7893469 0.3039391 0.7893301 0.3143061 0.7753943 0.7358337 0.9023671 0.7357903 0.8881936 0.7462892 0.9026983 0.2154548 0.8905658 0.2280758 0.8901345 0.2177789 0.9046614 0.4257422 0.8165966 0.4256988 0.8026218 0.4361976 0.8166161 0.4154019 0.8166174 0.4130777 0.8026471 0.4257422 0.8165966 0.6150824 0.8307648 0.6141684 0.8183845 0.6262736 0.8304037 0.6362071 0.2734622 0.6245382 0.2721609 0.6362071 0.2627335 0.3039391 0.7893301 0.2912247 0.7893465 0.3039255 0.7753806 0.3166094 0.8033067 0.3143061 0.8172737 0.3039391 0.80329 0.3166094 0.7893469 0.3166094 0.8033067 0.3039391 0.7893301 0.7358337 0.86062 0.7462892 0.8609513 0.7357903 0.8742779 0.7357903 0.8881936 0.7357903 0.8742779 0.748552 0.8885979 0.2154548 0.8766502 0.2177789 0.8629143 0.2280758 0.8762188 0.2154548 0.8905658 0.2154548 0.8766502 0.2280758 0.8901345 0.4257422 0.7747175 0.4361976 0.7747369 0.4256987 0.788662 0.4256988 0.8026218 0.4256987 0.788662 0.4384604 0.8026455 0.4154019 0.7747382 0.4257422 0.7747175 0.4130777 0.7886874 0.4130777 0.8026471 0.4130777 0.7886874 0.4256988 0.8026218 0.6150824 0.7908195 0.6262736 0.7904584 0.6141684 0.8050694 0.6141684 0.8183845 0.6141684 0.8050694 0.627828 0.8179437 0.6063187 0.7886981 0.6150824 0.7908195 0.6034718 0.8024801 0.6034718 0.8157952 0.6034718 0.8024801 0.6141684 0.8183845 0.3039391 0.80329 0.3039255 0.81726 0.2912247 0.8033064 0.3039391 0.7893301 0.3039391 0.80329 0.2912247 0.7893465 0.2867264 0.7503888 0.2867264 0.7824905 0.255225 0.746825 0.73567 0.4377307 0.73567 0.4040746 0.7692275 0.437739 0.03578066 0.730039 0.03578066 0.7635887 0.002249062 0.7302739 0.4466094 0.7365502 0.4466094 0.7702061 0.4130777 0.736564 0.3246861 0.7372331 0.3246861 0.770883 0.2912247 0.7371624 0.3447821 0.8556501 0.3211076 0.857673 0.3447821 0.8221144 0 0 0 0 0 0 0.2867264 0.7824905 0.2552251 0.7789268 0.255225 0.746825 0.73567 0.4040746 0.7692275 0.404083 0.7692275 0.437739 0.03578066 0.7635887 0.002249062 0.7638236 0.002249062 0.7302739 0.4466094 0.7702061 0.4130777 0.7702199 0.4130777 0.736564 0.3246861 0.770883 0.2912247 0.7708124 0.2912247 0.7371624 0.3211076 0.857673 0.3211076 0.8241372 0.3447821 0.8221144 0.2867264 0.7503888 0.2867264 0.7824905 0.255225 0.746825 0.73567 0.4377307 0.73567 0.4040746 0.7692275 0.437739 0.03578066 0.730039 0.03578066 0.7635887 0.002249062 0.7302739 0.4466094 0.7365502 0.4466094 0.7702061 0.4130777 0.736564 0.3246861 0.7372331 0.3246861 0.770883 0.2912247 0.7371624 0.3447821 0.8556501 0.3211076 0.857673 0.3447821 0.8221144 0 0 0 0 0 0 0 0 0 0 0 0 0 0 0 0 0 0 0 0 0 0 0 0 0 0 0 0 0 0 0 0 0 0 0 0 0 0 0 0 0 0 0 0 0 0 0 0 0 0 0 0 0 0 0 0 0 0 0 0 0 0 0 0 0 0 0 0 0 0 0 0 0 0 0 0 0 0 0 0 0 0 0 0 0 0 0 0 0 0 0 0 0 0 0 0 0 0 0 0 0 0 0.5365233 0.7907024 0.4813611 0.7858364 0.4813611 0.7858364 0.481361 0.6727113 0.5365233 0.6775773 0.5365233 0.6775773 0.4813611 0.7858364 0.481361 0.6727113 0.481361 0.6727113 0.5365233 0.6775773 0.5365233 0.7907024 0.5365233 0.7907024 0 0 0 0 0 0 0 0 0 0 0 0 0 0 0 0 0 0 0 0 0 0 0 0 0 0 0 0 0 0 0 0 0 0 0 0 0 0 0 0 0 0 0 0 0 0 0 0 0 0 0 0 0 0 0 0 0 0 0 0 0 0 0 0 0 0 0 0 0 0 0 0 0 0 0 0 0 0 0 0 0 0 0 0 0 0 0 0 0 0 0 0 0 0 0 0 0 0 0 0 0 0 0 0 0 0 0 0 0 0 0 0 0 0 0 0 0 0 0 0 0 0 0 0 0 0 0 0 0 0 0 0 0 0 0 0 0 0 0 0 0 0 0 0 0 0 0 0 0 0 0 0 0 0 0 0 0 0 0 0 0 0 0 0 0 0 0 0 0 0 0 0 0 0 0 0 0 0 0 0 0 0 0 0 0 0 0 0 0 0 0 0 0 0 0 0 0 0 0 0 0 0 0 0 0 0 0 0 0 0 0 0 0 0 0 0 0 0 0 0 0 0 0 0 0 0 0 0 0 0 0 0 0 0 0 0 0 0 0 0 0 0 0 0 0 0 0 0 0 0 0 0 0 0 0 0 0 0 0 0 0 0 0 0 0 0 0 0 0 0 0 0 0 0 0 0 0 0 0 0 0 0 0 0 0 0 0 0 0 0 0 0 0 0 0 0 0 0 0 0 0 0 0 0 0 0 0 0 0 0 0 0 0 0 0 0 0 0 0 0 0 0 0 0 0 0 0 0 0 0 0 0 0 0 0 0 0 0 0 0 0 0 0 0 0 0 0 0 0 0 0 0 0 0 0 0 0 0 0 0 0 0 0 0 0 0 0 0 0 0 0 0 0 0 0 0 0 0 0 0 0 0 0 0 0 0 0 0 0 0 0 0 0 0 0 0 0 0 0 0 0 0 0 0 0 0 0 0 0 0 0 0 0 0 0 0 0 0 0 0 0 0 0 0 0 0 0 0 0 0 0 0 0 0 0 0 0 0 0 0 0 0 0 0 0 0 0 0 0 0 0 0 0 0 0 0 0 0 0 0 0 0 0 0 0 0 0 0 0 0 0 0 0 0 0 0 0 0 0 0 0 0 0 0 0 0 0 0 0 0 0 0 0 0 0 0 0 0 0 0 0 0 0 0 0 0 0 0 0 0 0 0 0 0 0 0 0 0 0 0 0 0 0 0 0 0 0 0 0 0 0 0 0 0 0 0 0 0 0 0 0 0 0 0 0 0 0 0 0 0 0 0 0 0 0 0 0 0 0 0 0 0 0 0 0 0 0 0 0 0 0 0 0 0 0 0 0 0 0 0 0 0 0 0 0 0 0 0 0 0 0 0 0 0 0 0 0 0 0 0 0 0 0 0 0 0 0 0 0 0 0 0 0 0 0 0 0 0 0 0 0 0 0 0 0 0 0 0 0 0 0 0 0 0 0 0 0 0 0 0 0 0 0 0 0 0 0 0 0 0 0 0 0 0 0 0 0 0 0 0 0 0 0 0 0 0 0 0 0 0 0 0 0 0 0 0 0 0 0 0 0 0 0 0 0 0 0 0 0 0 0 0 0 0 0 0 0 0 0 0 0 0 0 0 0 0 0 0 0 0 0 0 0 0 0 0 0 0 0 0 0 0 0 0 0 0 0 0 0 0 0 0 0 0 0 0 0 0 0 0 0 0 0 0 0 0 0 0 0 0 0 0 0 0 0 0 0 0 0 0 0 0 0 0 0 0 0 0 0 0 0 0 0 0 0 0 0 0 0 0 0 0 0 0 0 0 0 0 0 0 0 0 0 0 0 0 0 0 0 0 0 0 0 0 0 0 0 0 0 0 0 0 0 0 0 0 0 0 0 0 0 0 0 0 0 0 0 0 0 0 0 0 0 0 0 0 0 0 0 0 0 0 0 0 0 0 0 0 0 0 0 0 0 0 0 0 0 0 0 0 0 0 0 0 0 0 0 0 0 0 0 0 0 0 0 0 0 0 0 0 0 0 0 0 0 0 0 0 0 0 0 0 0 0 0 0 0 0 0 0 0 0 0 0 0 0 0 0 0 0 0 0 0 0 0 0 0 0 0 0 0 0 0 0 0 0 0 0 0 0 0 0 0 0 0 0 0 0 0 0 0 0 0 0 0 0 0 0 0 0 0 0 0 0 0 0 0 0 0 0 0 0 0 0 0 0 0 0 0 0 0 0 0 0 0 0 0 0 0 0 0 0 0 0 0 0 0 0 0 0 0 0 0 0 0 0 0 0 0 0 0 0 0 0 0 0 0 0 0 0 0 0 0 0 0 0 0 0 0 0 0 0 0 0 0 0 0 0 0 0 0 0 0 0 0 0 0 0 0 0 0 0 0 0 0 0 0 0 0 0 0 0 0 0 0 0 0 0 0 0 0 0 0 0 0 0 0 0 0 0 0 0 0 0 0 0 0 0 0 0 0 0 0 0 0 0 0 0 0 0 0 0 0 0 0 0 0 0 0 0 0 0 0 0 0 0 0 0 0 0 0 0 0 0 0 0 0 0 0 0 0 0 0 0 0 0 0 0 0 0 0 0 0 0 0 0 0 0 0 0 0 0 0 0 0 0 0 0 0 0 0 0 0 0 0 0 0 0 0 0 0 0 0 0 0 0 0 0 0 0 0 0 0 0 0 0 0 0 0 0 0 0 0 0 0 0 0 0 0 0 0 0 0 0 0 0 0 0 0 0 0 0 0 0 0 0 0 0 0 0 0 0 0 0 0 0 0 0 0 0 0 0 0 0 0 0 0 0 0 0 0 0 0 0 0 0 0 0 0 0 0 0 0 0 0 0 0 0 0 0 0 0 0 0 0 0 0 0 0 0 0 0 0 0 0 0 0 0 0 0 0 0 0 0 0 0 0 0 0 0 0 0 0 0 0 0 0 0 0 0 0 0 0 0 0 0 0 0 0 0 0 0 0 0 0 0 0 0 0 0 0 0 0 0 0 0 0 0 0 0 0 0 0 0 0 0 0 0 0 0 0 0 0 0 0 0 0 0 0 0 0 0 0 0 0 0 0 0 0 0 0 0 0 0 0 0 0 0 0 0 0 0 0 0 0 0 0 0 0 0 0 0 0 0 0 0 0 0 0 0 0 0 0 0 0 0 0 0 0 0 0 0 0 0 0 0 0 0 0 0 0 0 0 0 0 0 0 0 0 0 0 0 0 0 0 0 0 0 0 0 0 0 0 0 0 0 0 0 0 0 0 0 0 0 0 0 0 0 0 0 0 0 0 0 0 0 0 0 0 0 0 0 0 0 0 0 0 0 0 0 0 0 0 0 0 0 0 0 0 0 0 0 0 0 0 0 0 0 0 0 0 0 0 0 0 0 0 0 0 0 0 0 0 0 0 0 0 0 0 0 0 0 0 0 0 0 0 0 0 0 0 0</float_array>
          <technique_common>
            <accessor source="#Cube_012-mesh-map-1-array" count="3462" stride="2">
              <param name="S" type="float"/>
              <param name="T" type="float"/>
            </accessor>
          </technique_common>
        </source>
        <source id="Cube_012-mesh-map-2">
          <float_array id="Cube_012-mesh-map-2-array" count="6924">0 0 0 0 0 0 0 0 0 0 0 0 0 0 0 0 0 0 0 0 0 0 0 0 0 0 0 0 0 0 0 0 0 0 0 0 0 0 0 0 0 0 0 0 0 0 0 0 0 0 0 0 0 0 0 0 0 0 0 0 0 0 0 0 0 0 0 0 0 0 0 0 0 0 0 0 0 0 0 0 0 0 0 0 0 0 0 0 0 0 0 0 0 0 0 0 0 0 0 0 0 0 0 0 0 0 0 0 0 0 0 0 0 0 0 0 0 0 0 0 0 0 0 0 0 0 0 0 0 0 0 0 0 0 0 0 0 0 0 0 0 0 0 0 0 0 0 0 0 0 0 0 0 0 0 0 0 0 0 0 0 0 0 0 0 0 0 0 0 0 0 0 0 0 0 0 0 0 0 0 0 0 0 0 0 0 0 0 0 0 0 0 0 0 0 0 0 0 0 0 0 0 0 0 0 0 0 0 0 0 0 0 0 0 0 0 0 0 0 0 0 0 0 0 0 0 0 0 0 0 0 0 0 0 0 0 0 0 0 0 0 0 0 0 0 0 0 0 0 0 0 0 0 0 0 0 0 0 0 0 0 0 0 0 0 0 0 0 0 0 0 0 0 0 0 0 0 0 0 0 0 0 0 0 0 0 0 0 0 0 0 0 0 0 0 0 0 0 0 0 0 0 0 0 0 0 0 0 0 0 0 0 0 0 0 0 0 0 0 0 0 0 0 0 0 0 0 0 0 0 0 0 0 0 0 0 0 0 0 0 0 0 0 0 0 0 0 0 0 0 0 0 0 0 0 0 0 0 0 0 0 0 0 0 0 0 0 0 0 0 0 0 0 0 0 0 0 0 0 0 0 0 0 0 0 0 0 0 0 0 0 0 0 0 0 0 0 0 0 0 0 0 0 0 0 0 0 0 0 0 0 0 0 0 0 0 0 0 0 0 0 0 0 0 0 0 0 0 0 0 0 0 0 0 0 0 0 0 0 0 0 0 0 0 0 0 0 0 0 0 0 0 0 0 0 0 0 0 0 0 0 0 0 0 0 0 0 0 0 0 0 0 0 0 0 0 0 0 0 0 0 0 0 0 0 0 0 0 0 0 0 0 0 0 0 0 0 0 0 0 0 0 0 0 0 0 0 0 0 0 0 0 0 0 0 0 0 0 0 0 0 0 0 0 0 0 0 0 0 0 0 0 0 0 0 0 0 0 0 0 0 0 0 0 0 0 0 0 0 0 0 0 0 0 0 0 0 0 0 0 0 0 0 0 0 0 0 0 0 0 0 0 0 0 0 0 0 0 0 0 0 0 0 0 0 0 0 0 0 0 0 0 0 0 0 0 0 0 0 0 0 0 0 0 0 0 0 0 0 0 0 0 0 0 0 0 0 0 0 0 0 0 0 0 0 0 0 0 0 0 0 0 0 0 0 0 0 0 0 0 0 0 0 0 0 0 0 0 0 0 0 0 0 0 0 0 0 0 0 0 0 0 0 0 0 0 0 0 0 0 0 0 0 0 0 0 0 0 0 0 0 0 0 0 0 0 0 0 0 0 0 0 0 0 0 0 0 0 0 0 0 0 0 0 0 0 0 0 0 0 0 0 0 0 0 0 0 0 0 0 0 0 0 0 0 0 0 0 0 0 0 0 0 0 0 0 0 0 0 0 0 0 0 0 0 0 0 0 0 0 0 0 0 0 0 0 0 0 0 0 0 0 0 0 0 0 0 0 0 0 0 0 0 0 0 0 0 0 0 0 0 0 0 0 0 0 0 0 0 0 0 0 0 0 0 0 0 0 0 0 0 0 0 0 0 0 0 0 0 0 0 0 0 0 0 0 0 0 0 0 0 0 0 0 0 0 0 0 0 0 0 0 0 0 0 0 0 0 0 0 0 0 0 0 0 0 0 0 0 0 0 0 0 0 0 0 0 0 0 0 0 0 0 0 0 0 0 0 0 0 0 0 0 0 0 0 0 0 0 0 0 0 0 0 0 0 0 0 0 0 0 0 0 0 0 0 0 0 0 0 0 0 0 0 0 0 0 0 0 0 0 0 0 0 0 0 0 0 0 0 0 0 0 0 0 0 0 0 0 0 0 0 0 0 0 0 0 0 0 0 0 0 0 0 0 0 0 0 0 0 0 0 0 0 0 0 0 0 0 0 0 0 0 0 0 0 0 0 0 0 0 0 0 0 0 0 0 0 0 0 0 0 0 0 0 0 0 0 0 0 0 0 0 0 0 0 0 0 0 0 0 0 0 0 0 0 0 0 0 0 0 0 0 0 0 0 0 0 0 0 0 0 0 0 0 0 0 0 0 0 0 0 0 0 0 0 0 0 0 0 0 0 0 0 0 0 0 0 0 0 0 0 0 0 0 0 0 0 0 0 0 0 0 0 0 0 0 0 0 0 0 0 0 0 0 0 0 0 0 0 0 0 0 0 0 0 0 0 0 0 0 0 0 0 0 0 0 0 0 0 0 0 0 0 0 0 0 0 0 0 0 0 0 0 0 0 0 0 0 0 0 0 0 0 0 0 0 0 0 0 0 0 0 0 0 0 0 0 0 0 0 0 0 0 0 0 0 0 0 0 0 0 0 0 0 0 0 0 0 0 0 0 0 0 0 0 0 0 0 0 0 0 0 0 0 0 0 0 0 0 0 0 0 0 0 0 0 0 0 0 0 0 0 0 0 0 0 0 0 0 0 0 0 0 0 0 0 0 0 0 0 0 0 0 0 0 0 0 0 0 0 0 0 0 0 0 0 0 0 0 0 0 0 0 0 0 0 0 0 0 0 0 0 0 0 0 0 0 0 0 0 0 0 0 0 0 0 0 0 0 0 0 0 0 0 0 0 0 0 0 0 0 0 0 0 0 0 0 0 0 0 0 0 0 0 0 0 0 0 0 0 0 0 0 0 0 0 0 0 0 0 0 0 0 0 0 0 0 0 0 0 0 0 0 0 0 0 0 0 0 0 0 0 0 0 0 0 0 0 0 0 0 0 0 0 0 0 0 0 0 0 0 0 0 0 0 0 0 0 0 0 0 0 0 0 0 0 0 0 0 0 0 0 0 0 0 0 0 0 0 0 0 0 0 0 0 0 0 0 0 0 0 0 0 0 0 0 0 0 0 0 0 0 0 0 0 0 0 0 0 0 0 0 0 0 0 0 0 0 0 0 0 0 0 0 0 0 0 0 0 0 0 0 0 0 0 0 0 0 0 0 0 0 0 0 0 0 0 0 0 0 0 0 0 0 0 0 0 0 0 0 0 0 0 0 0 0 0 0 0 0 0 0 0 0 0 0 0 0 0 0 0 0 0 0 0 0 0 0 0 0 0 0 0 0 0 0 0 0 0 0 0 0 0 0 0 0 0 0 0 0 0 0 0 0 0 0 0 0 0 0 0 0 0 0 0 0 0 0 0 0 0 0 0 0 0 0 0 0 0 0 0 0 0 0 0 0 0 0 0 0 0 0 0 0 0 0 0 0 0 0 0 0 0 0 0 0 0 0 0 0 0 0 0 0 0 0 0 0 0 0 0 0 0 0 0 0 0 0 0 0 0 0 0 0 0 0 0 0 0 0 0 0 0 0 0 0 0 0 0 0 0 0 0 0 0 0 0 0 0 0 0 0 0 0 0 0 0 0 0 0 0 0 0 0 0 0 0 0 0 0 0 0 0 0 0 0 0 0 0 0 0 0 0 0 0 0 0 0 0 0 0 0 0 0 0 0 0 0 0 0 0 0 0 0 0 0 0 0 0 0 0 0 0 0 0 0 0 0 0 0 0 0 0 0 0 0 0 0 0 0 0 0 0 0 0 0 0 0 0 0 0 0 0 0 0 0 0 0 0 0 0 0 0 0 0 0 0 0 0 0 0 0 0 0 0 0 0 0 0 0 0 0 0 0 0 0 0 0 0 0 0 0 0 0 0 0 0 0 0 0 0 0 0 0 0 0 0 0 0 0 0 0 0 0 0 0 0 0 0 0 0 0 0 0 0 0 0 0 0 0 0 0 0 0 0 0 0 0 0 0 0 0 0 0.9151291 0.1264315 0.9116165 0.1264315 0.9116165 0.1177358 0.9116165 0.1177358 0.9151291 0.1177358 0.9151291 0.1264315 0.9151494 0.1264355 0.9116368 0.1264355 0.9116368 0.1177398 0.9116368 0.1177398 0.9151494 0.1177398 0.9151494 0.1264355 0.9151291 0.1264315 0.9116165 0.1264315 0.9116165 0.1177358 0.9116165 0.1177358 0.9151291 0.1177358 0.9151291 0.1264315 0.9151494 0.1264355 0.9116368 0.1264355 0.9116368 0.1177398 0.9116368 0.1177398 0.9151494 0.1177398 0.9151494 0.1264355 0 0 0 0 0 0 0 0 0 0 0 0 0 0 0 0 0 0 0 0 0 0 0 0 0 0 0 0 0 0 0 0 0 0 0 0 0 0 0 0 0 0 0 0 0 0 0 0 0 0 0 0 0 0 0 0 0 0 0 0 0 0 0 0 0 0 0 0 0 0 0 0 0 0 0 0 0 0 0 0 0 0 0 0 0 0 0 0 0 0 0 0 0 0 0 0 0 0 0 0 0 0 0 0 0 0 0 0 0 0 0 0 0 0 0 0 0 0 0 0 0 0 0 0 0 0 0 0 0 0 0 0 0 0 0 0 0 0 0 0 0 0 0 0 0 0 0 0 0 0 0 0 0 0 0 0 0 0 0 0 0 0 0 0 0 0 0 0 0 0 0 0 0 0 0 0 0 0 0 0 0 0 0 0 0 0 0 0 0 0 0 0 0 0 0 0 0 0 0 0 0 0 0 0 0 0 0 0 0 0 0 0 0 0 0 0 0 0 0 0 0 0 0 0 0 0 0 0 0 0 0 0 0 0 0 0 0 0 0 0 0 0 0 0 0 0 0 0 0 0 0 0 0 0 0 0 0 0 0 0 0 0 0 0 0 0 0 0 0 0 0 0 0 0 0 0 0 0 0 0 0 0 0 0 0 0 0 0 0 0 0 0 0 0 0 0 0 0 0 0 0 0 0 0 0 0 0 0 0 0 0 0 0 0 0 0 0 0 0 0 0 0 0 0 0 0 0 0 0 0 0 0 0 0 0 0 0 0 0 0 0 0 0 0 0 0 0 0 0 0 0 0 0 0 0 0 0 0 0 0 0 0 0 0 0 0 0 0 0 0 0 0 0 0 0 0 0 0 0 0 0 0 0 0 0 0 0 0 0 0 0 0 0 0 0 0 0 0 0 0 0 0 0 0 0 0 0 0 0 0 0 0 0 0 0 0 0 0 0 0 0 0 0 0 0 0 0 0 0 0 0 0 0 0 0 0 0 0 0 0 0 0 0 0 0 0 0 0 0 0 0 0 0 0 0 0 0 0 0 0 0 0 0 0 0 0 0 0 0 0 0 0 0 0 0 0 0 0 0 0 0 0 0 0 0 0 0 0 0 0 0 0 0 0 0 0 0 0 0 0 0 0 0 0 0 0 0 0 0 0 0 0 0 0 0 0 0 0 0 0 0 0 0 0 0 0 0 0 0 0 0 0 0 0 0 0 0 0 0 0 0 0 0 0 0 0 0 0 0 0 0 0 0 0 0 0 0 0 0 0 0 0 0 0 0 0 0 0 0 0 0 0 0 0 0 0 0 0 0 0 0 0 0 0 0 0 0 0 0 0 0 0 0 0 0 0 0 0 0 0 0 0 0 0 0 0 0 0 0 0 0 0 0 0 0 0 0 0 0 0 0 0 0 0 0 0 0 0 0 0 0 0 0 0 0 0 0 0 0 0 0 0 0 0 0 0 0 0 0 0 0 0 0 0 0 0 0 0 0 0 0 0 0 0 0 0 0 0 0 0 0 0 0 0 0 0 0 0 0 0 0 0 0 0 0 0 0 0 0 0 0 0 0 0 0 0 0 0 0 0 0 0 0 0 0 0 0 0 0 0 0 0 0 0 0 0 0 0 0 0 0 0 0 0 0 0 0 0 0 0 0 0 0 0 0 0 0 0 0 0 0 0 0 0 0 0 0 0 0 0 0 0 0 0 0 0 0 0 0 0 0 0 0 0 0 0 0 0 0 0 0 0 0 0 0 0 0 0 0 0 0 0 0 0 0 0 0 0 0 0 0 0 0 0 0 0 0 0 0 0 0 0 0 0 0 0 0 0 0 0 0 0 0 0 0 0 0 0 0 0 0 0 0 0 0 0 0 0 0 0 0 0 0 0 0 0 0 0 0 0 0 0 0 0 0 0 0 0 0 0 0 0 0 0 0 0 0 0 0 0 0 0 0 0 0 0 0 0 0 0 0 0 0 0 0 0 0 0 0 0 0 0 0 0 0 0 0 0 0 0 0 0 0 0 0 0 0 0 0 0 0 0 0 0 0 0 0 0 0 0 0 0 0 0 0 0 0 0 0 0 0 0 0 0 0 0 0 0 0 0 0 0 0 0 0 0 0 0 0 0 0 0 0 0 0 0 0 0 0 0 0 0 0 0 0 0 0 0 0 0 0 0 0 0 0 0 0 0 0 0 0 0 0 0 0 0 0 0 0 0 0 0 0 0 0 0 0 0 0 0 0 0 0 0 0 0 0 0 0 0 0 0 0 0 0 0 0 0 0 0 0 0 0 0 0 0 0 0 0 0 0 0 0 0 0 0 0 0 0 0 0 0 0 0 0 0 0 0 0 0 0 0 0 0 0 0 0 0 0 0 0 0 0 0 0 0 0 0 0 0 0 0 0 0 0 0 0 0 0 0 0 0 0 0 0 0 0 0 0 0 0 0 0 0 0 0 0 0 0 0 0 0 0 0 0 0 0 0 0 0 0 0 0 0 0 0 0 0 0 0 0 0 0 0 0 0 0 0 0 0 0 0 0 0 0 0 0 0 0 0 0 0 0 0 0 0 0 0 0 0 0 0 0 0 0 0 0 0 0 0 0 0 0 0 0 0 0 0 0 0 0 0 0 0 0 0 0 0 0 0 0 0 0 0 0 0 0 0 0 0 0 0 0 0 0 0 0 0 0 0 0 0 0 0 0 0 0 0 0 0 0 0 0 0 0 0 0 0 0 0 0 0 0 0 0 0 0 0 0 0 0 0 0 0 0 0 0 0 0 0 0 0 0 0 0 0 0 0 0 0 0 0 0 0 0 0 0 0 0 0 0 0 0 0 0 0 0 0 0 0 0 0 0 0 0 0 0 0 0 0 0 0 0 0 0 0 0 0 0 0 0 0 0 0 0 0 0 0 0 0 0 0 0 0 0 0 0 0 0 0 0 0 0 0 0 0 0 0 0 0 0 0 0 0 0 0 0 0 0 0 0 0 0 0 0 0 0 0 0 0 0 0 0 0 0 0 0 0 0 0 0 0 0 0 0 0 0 0 0 0 0 0 0 0 0 0 0 0 0 0 0 0 0 0 0 0 0 0 0 0 0 0 0 0 0 0 0 0 0 0 0 0 0 0 0 0 0 0 0 0 0 0 0 0 0 0 0 0 0 0 0 0 0 0 0 0 0 0 0 0 0 0 0 0 0 0 0.9151291 0.1264315 0.9116165 0.1264315 0.9116165 0.1177358 0.9116165 0.1177358 0.9151291 0.1177358 0.9151291 0.1264315 0.9151494 0.1264355 0.9116368 0.1264355 0.9116368 0.1177398 0.9116368 0.1177398 0.9151494 0.1177398 0.9151494 0.1264355 0.9151494 0.1264355 0.9116368 0.1264355 0.9116368 0.1177398 0.9116368 0.1177398 0.9151494 0.1177398 0.9151494 0.1264355 0 0 0 0 0 0 0 0 0 0 0 0 0 0 0 0 0 0 0 0 0 0 0 0 0 0 0 0 0 0 0 0 0 0 0 0 0 0 0 0 0 0 0 0 0 0 0 0 0 0 0 0 0 0 0 0 0 0 0 0 0 0 0 0 0 0 0 0 0 0 0 0 0 0 0 0 0 0 0 0 0 0 0 0 0 0 0 0 0 0 0 0 0 0 0 0 0 0 0 0 0 0 0 0 0 0 0 0 0 0 0 0 0 0 0 0 0 0 0 0 0 0 0 0 0 0 0 0 0 0 0 0 0 0 0 0 0 0 0 0 0 0 0 0 0 0 0 0 0 0 0 0 0 0 0 0 0 0 0 0 0 0 0 0 0 0 0 0 0 0 0 0 0 0 0 0 0 0 0 0 0 0 0 0 0 0 0 0 0 0 0 0 0 0 0 0 0 0 0 0 0 0 0 0 0 0 0 0 0 0 0 0 0 0 0 0 0 0 0 0 0 0 0 0 0 0 0 0 0 0 0 0 0 0 0 0 0 0 0 0 0 0 0 0 0 0 0 0 0 0 0 0 0 0 0 0 0 0 0 0 0 0 0 0 0 0 0 0 0 0 0 0 0 0 0 0 0 0 0 0 0 0 0 0 0 0 0 0 0 0 0 0 0 0 0 0 0 0 0 0 0 0 0 0 0 0 0 0 0 0 0 0 0 0 0 0 0 0 0 0 0 0 0 0 0 0 0 0 0 0 0 0 0 0 0 0 0 0 0 0 0 0 0 0 0 0 0 0 0 0 0 0 0 0 0 0 0 0 0 0 0 0 0 0 0 0 0 0 0 0 0 0 0 0 0 0 0 0 0 0 0 0 0 0 0 0 0 0 0 0 0 0 0 0 0 0 0 0 0 0 0 0 0 0 0 0 0 0 0 0 0 0 0 0 0 0 0 0 0 0 0 0 0 0 0 0 0 0 0 0 0 0 0 0 0 0 0 0 0 0 0 0 0 0 0 0 0 0 0 0 0 0 0 0 0 0 0 0 0 0 0 0 0 0 0 0 0 0 0 0 0 0 0 0 0 0 0 0 0 0 0 0 0 0 0 0 0 0 0 0 0 0 0 0 0 0 0 0 0 0 0 0 0 0 0 0 0 0 0 0 0 0 0 0 0 0 0 0 0 0 0 0 0 0 0 0 0 0 0 0 0 0 0 0 0 0 0 0 0 0 0 0 0 0 0 0 0 0 0 0 0 0 0 0 0 0 0 0 0 0 0 0 0 0 0 0 0 0 0 0 0 0 0 0 0 0 0 0 0 0 0 0 0 0 0 0 0 0 0 0 0 0 0 0 0 0 0 0 0 0 0 0 0 0 0 0 0 0 0 0 0 0 0 0 0 0 0 0 0 0 0 0 0 0 0 0 0 0 0 0 0 0 0 0 0 0 0 0 0 0 0 0 0 0 0 0 0 0 0 0 0 0 0 0 0 0 0 0 0 0 0 0 0 0 0 0 0 0 0 0 0 0 0 0 0 0 0 0 0 0 0 0 0 0 0 0 0 0 0 0 0 0 0 0 0 0 0 0 0 0 0 0 0 0 0 0 0 0 0 0 0 0 0 0 0 0 0 0 0 0 0 0 0 0 0 0 0 0 0 0 0 0 0 0 0 0 0 0 0 0 0 0 0 0 0 0 0 0 0 0 0 0 0 0 0 0 0 0 0 0 0 0 0 0 0 0 0 0 0 0 0 0 0 0 0 0 0 0 0 0 0 0 0 0 0 0 0 0 0 0 0 0 0 0 0 0 0 0 0 0 0 0 0 0 0 0 0 0 0 0 0 0 0 0 0 0 0 0 0 0 0 0 0 0 0 0 0 0 0 0 0 0 0 0 0 0 0 0 0 0 0 0 0 0 0 0 0 0 0 0 0 0 0 0 0 0 0 0 0 0 0 0 0 0 0 0 0 0 0 0 0 0 0 0 0 0 0 0 0 0 0 0 0 0 0 0 0 0 0 0 0 0 0 0 0 0 0 0 0 0 0 0 0 0 0 0 0 0 0 0 0 0 0 0 0 0 0 0 0 0 0 0 0 0 0 0 0 0 0 0 0 0 0 0 0 0 0 0 0 0 0 0 0 0 0 0 0 0 0 0 0 0 0 0 0 0 0 0 0 0 0 0 0 0 0 0 0 0 0 0 0 0 0 0 0 0 0 0 0 0 0 0 0 0 0 0 0 0 0 0 0 0 0 0 0 0 0 0 0 0 0 0 0 0 0 0 0 0 0 0 0 0 0 0 0 0 0 0 0 0 0 0 0 0 0 0 0 0 0 0 0 0 0 0 0 0 0 0 0 0 0 0 0 0 0 0 0 0 0 0 0 0 0 0 0 0 0 0 0 0 0 0 0 0 0 0 0 0 0 0 0 0 0 0 0 0 0 0 0 0 0 0 0 0 0 0 0 0 0 0 0 0 0 0 0 0 0 0 0 0 0 0 0 0 0 0 0 0 0 0 0 0 0 0 0 0 0 0 0 0 0 0 0 0 0 0 0 0 0 0 0 0 0 0 0 0 0 0 0 0 0 0 0 0 0 0 0 0 0 0 0 0 0 0 0 0 0 0 0 0 0 0 0 0 0 0 0 0 0 0 0 0 0 0 0 0 0 0 0 0 0 0 0 0 0 0 0 0 0 0 0 0 0 0 0 0 0 0 0 0 0 0 0 0 0 0 0 0 0 0 0 0 0 0 0 0 0 0 0 0 0 0 0 0 0 0 0 0 0 0 0 0 0 0 0 0 0 0 0 0 0 0 0 0 0 0 0 0 0 0 0 0 0 0 0 0 0 0 0 0 0 0 0 0 0 0 0 0 0 0 0 0 0 0 0 0 0 0 0 0 0 0 0 0 0 0 0 0 0 0 0 0 0 0 0 0 0 0 0 0 0 0 0 0 0 0 0 0 0 0 0 0 0 0 0 0 0 0 0 0 0 0 0 0 0 0 0 0 0 0 0 0 0 0 0 0 0 0 0 0 0 0 0 0 0 0 0 0 0 0 0 0 0 0 0 0 0 0 0 0 0 0 0 0 0 0 0 0 0 0 0 0 0 0 0 0 0 0 0 0 0 0 0 0 0 0 0 0 0 0 0 0 0 0 0 0 0 0 0 0 0 0 0 0 0 0 0 0 0 0 0 0 0 0 0 0 0 0 0 0 0 0 0 0 0 0 0 0 0 0 0 0 0 0 0 0 0 0 0 0 0 0 0 0 0 0 0 0 0 0 0 0 0 0 0 0 0 0 0 0 0 0 0 0 0 0 0 0 0 0 0 0 0 0 0 0 0 0 0 0 0 0 0 0 0 0 0 0 0 0 0 0 0 0 0 0 0 0 0 0 0 0 0 0 0 0 0 0 0 0 0 0 0 0 0 0 0 0 0 0 0 0 0 0 0 0 0 0 0 0 0 0 0 0 0 0 0 0 0 0 0 0 0 0 0 0 0 0 0 0 0 0 0 0 0 0 0 0 0 0 0 0 0 0 0 0 0 0 0 0 0 0 0 0 0 0 0 0 0 0 0 0 0 0 0 0 0 0 0 0 0 0 0 0 0 0 0 0 0 0 0 0 0 0 0 0 0 0 0 0 0 0 0 0 0 0 0 0 0 0 0 0 0 0 0 0 0 0 0 0 0 0 0 0 0 0 0 0 0 0 0 0 0 0 0 0 0 0 0 0 0 0 0 0 0 0 0 0 0 0 0 0 0 0 0 0 0 0 0 0 0 0 0 0 0 0 0 0 0 0 0 0 0 0 0 0 0 0 0 0 0 0 0 0 0 0 0 0 0 0 0 0 0 0 0 0 0 0 0 0 0 0 0 0 0 0 0 0 0 0 0 0 0 0 0 0 0 0 0 0 0 0 0 0 0 0 0 0 0 0 0 0 0 0 0 0 0 0 0 0 0 0 0 0 0 0 0 0 0 0 0 0 0 0 0 0 0 0 0 0 0 0 0 0 0 0 0 0 0 0 0 0 0 0 0 0 0 0 0 0 0 0 0 0 0 0 0 0 0 0 0 0 0 0 0 0 0 0 0 0 0 0 0 0 0 0 0 0 0 0 0 0 0 0 0 0 0 0 0 0 0 0 0 0 0 0 0 0 0 0 0 0 0 0 0 0 0 0 0 0 0 0 0 0 0 0 0 0 0 0 0 0 0 0 0 0 0 0 0 0 0 0 0 0 0 0 0 0 0 0 0 0 0 0 0 0 0 0 0 0 0 0 0 0 0 0 0 0 0 0 0 0 0 0 0 0 0 0 0 0 0 0 0 0 0 0 0 0 0 0 0 0 0 0 0 0 0 0 0 0 0 0 0 0 0 0 0 0 0 0 0 0 0 0 0 0 0 0 0 0 0 0 0 0 0 0 0 0 0 0 0 0 0 0 0 0 0 0 0 0 0 0 0 0 0 0 0 0 0 0 0 0 0 0 0 0 0 0 0 0 0 0 0 0 0 0 0 0 0 0 0 0 0 0 0 0 0 0 0 0 0 0 0 0 0 0 0 0 0 0 0 0 0 0 0 0 0 0 0 0 0 0 0 0 0 0 0 0 0 0 0 0 0 0 0 0 0 0 0 0 0 0 0 0 0 0 0 0 0 0 0 0 0 0 0 0 0 0 0 0 0 0 0 0 0 0 0 0 0 0 0 0 0 0 0 0 0 0 0 0 0 0 0 0 0 0 0 0 0 0 0 0 0 0 0 0 0 0 0 0 0 0 0 0 0 0 0 0 0 0 0 0 0 0 0 0 0 0 0 0 0 0 0 0 0 0 0 0 0 0 0 0 0 0 0 0 0 0 0 0 0 0 0 0 0 0 0 0 0 0 0 0 0 0 0 0 0 0 0 0 0 0 0 0 0 0 0 0 0 0 0 0 0 0 0 0 0 0 0 0 0 0 0 0 0 0 0 0 0 0 0 0 0 0 0 0 0 0 0 0 0 0 0 0 0 0 0 0 0 0 0 0 0 0 0 0 0 0 0 0 0 0 0 0 0 0 0 0 0 0 0 0 0 0 0 0 0 0 0 0 0 0 0 0 0 0 0 0 0 0 0 0 0 0 0 0 0 0 0 0 0 0 0 0 0 0 0 0 0 0 0 0 0 0 0 0 0 0 0 0 0 0 0 0 0 0 0 0 0 0 0 0 0 0 0 0 0 0 0 0 0 0 0 0 0 0 0 0 0 0 0 0 0 0 0 0 0 0 0 0 0 0 0 0 0 0 0 0 0 0 0 0 0 0 0 0 0 0 0 0 0 0 0 0 0 0 0 0 0 0 0 0 0 0 0 0 0 0 0 0 0 0 0 0 0 0 0 0 0 0 0 0 0 0 0 0 0 0 0 0 0 0 0 0 0 0 0 0 0 0 0 0 0 0 0 0 0 0 0 0 0 0 0 0 0 0 0 0 0 0 0 0 0 0 0 0 0 0 0 0 0 0 0 0 0 0 0 0 0 0 0 0 0 0 0 0 0 0 0 0 0 0 0 0 0 0 0 0 0 0 0 0 0 0 0 0 0 0 0 0 0 0 0 0 0 0 0 0 0 0 0 0 0 0 0 0 0 0 0 0 0 0 0 0 0 0 0 0 0 0 0 0 0 0 0 0 0 0 0 0 0 0 0 0 0 0 0 0 0 0 0 0 0 0 0 0 0 0 0 0 0 0 0 0 0 0 0 0 0 0 0 0 0 0 0 0 0 0 0 0 0 0 0 0 0 0 0 0 0 0 0 0 0 0 0 0 0 0 0 0 0 0 0 0 0 0 0 0 0 0 0 0 0 0 0 0 0 0 0 0 0 0 0 0 0 0 0 0 0 0 0 0 0 0 0 0 0 0 0 0 0 0 0 0 0 0 0 0 0 0 0 0 0 0 0 0 0 0 0 0 0 0 0 0 0 0 0 0 0 0 0 0 0 0 0 0 0 0 0 0 0 0 0 0 0 0 0 0 0 0 0 0 0 0 0 0 0 0 0 0 0 0 0 0 0 0 0 0 0 0 0 0 0 0 0 0 0 0 0 0 0 0 0 0 0 0 0 0 0 0 0 0 0 0 0 0 0 0 0 0 0 0 0 0 0 0 0 0 0 0 0 0 0 0 0 0 0 0 0 0 0 0 0 0 0 0 0 0 0 0 0 0 0 0 0 0 0 0 0 0 0 0 0 0 0 0 0 0 0 0 0 0 0 0 0 0 0 0 0 0 0 0 0 0 0 0 0 0 0 0 0 0 0 0 0 0 0 0 0 0 0 0 0 0 0 0 0 0 0 0 0 0 0 0 0 0 0 0 0 0 0 0 0 0 0 0 0 0 0 0 0 0 0 0 0 0 0 0 0 0 0 0 0 0 0 0 0 0 0 0 0 0 0 0 0 0 0 0 0 0 0 0 0 0 0 0 0 0 0 0 0 0 0 0 0 0 0 0 0 0 0 0 0 0 0 0 0 0 0 0 0 0 0 0 0 0 0 0 0 0 0 0 0 0 0 0 0 0 0 0 0 0 0 0 0 0 0 0 0 0 0 0 0 0 0 0 0 0 0 0 0 0 0 0 0 0 0 0 0 0 0 0 0 0 0 0 0 0 0 0 0 0 0 0 0 0 0 0 0 0 0 0 0 0 0 0 0 0 0 0 0 0 0 0 0 0 0 0 0 0 0 0 0 0 0 0 0 0 0 0 0 0 0 0 0 0 0 0 0 0 0 0 0 0 0 0 0 0 0 0 0 0 0 0 0 0 0 0 0 0 0 0 0 0 0 0 0 0 0 0 0 0 0 0 0 0 0 0 0 0 0 0 0 0 0 0 0 0 0 0 0 0 0 0 0 0 0 0 0 0 0 0 0 0 0 0 0 0 0 0 0 0 0 0 0 0 0 0 0 0 0 0 0 0 0 0 0 0 0 0 0 0 0 0 0 0 0 0 0 0 0 0 0 0 0 0 0 0 0 0 0 0 0 0 0 0 0 0 0 0 0 0 0 0 0 0 0 0 0 0 0 0 0 0 0 0 0 0 0 0 0 0 0 0 0 0 0 0 0 0 0 0 0 0 0 0 0 0 0 0 0 0 0 0 0 0 0 0 0 0 0 0 0 0 0 0 0 0 0 0 0 0 0 0 0 0 0 0 0 0 0 0 0 0 0 0 0 0 0 0 0 0 0 0 0 0 0 0 0 0 0 0 0 0 0 0 0 0 0 0 0 0 0 0 0 0 0 0 0 0 0 0 0 0 0 0 0 0 0 0 0 0 0 0 0 0 0 0 0 0 0 0 0 0 0 0 0 0 0 0 0 0 0 0 0 0 0 0 0 0 0 0 0 0 0 0 0 0 0 0 0 0 0 0 0 0 0 0 0 0 0 0 0 0 0 0 0 0 0 0 0 0 0 0 0 0 0 0 0 0 0 0 0 0 0 0 0 0 0 0 0 0 0 0 0 0 0 0 0 0 0 0 0 0 0 0 0 0 0 0 0 0 0 0 0 0 0 0 0 0 0 0 0 0 0 0 0 0 0 0 0 0 0 0 0 0 0 0 0 0 0 0 0 0 0 0 0 0 0 0 0 0 0 0 0 0 0 0 0 0 0 0 0 0 0 0 0 0 0 0 0 0 0 0 0 0 0 0 0 0 0 0 0 0 0 0 0 0 0 0 0 0 0 0 0 0 0 0 0 0 0 0 0 0 0 0 0 0 0 0 0 0 0 0 0 0 0 0 0 0 0 0 0 0 0 0 0 0 0 0 0 0 0 0 0 0 0 0 0 0 0 0 0 0 0 0 0 0 0 0 0 0 0 0 0 0 0 0 0 0 0 0 0 0 0 0 0 0 0 0 0 0 0 0 0 0 0 0 0 0 0 0 0 0 0 0 0 0 0 0 0 0 0 0 0 0 0 0 0 0 0 0 0 0 0 0 0 0 0 0 0 0 0 0 0 0 0 0 0 0 0 0 0 0 0 0 0 0 0 0 0 0 0 0 0 0 0 0 0 0 0 0 0 0 0 0 0 0 0 0 0 0 0 0 0 0 0 0 0 0 0 0 0 0 0 0 0 0 0 0 0 0 0 0 0 0 0 0 0 0 0 0 0 0 0 0 0 0 0 0 0 0 0 0 0 0 0 0 0 0 0 0 0 0 0 0 0 0 0 0</float_array>
          <technique_common>
            <accessor source="#Cube_012-mesh-map-2-array" count="3462" stride="2">
              <param name="S" type="float"/>
              <param name="T" type="float"/>
            </accessor>
          </technique_common>
        </source>
        <source id="Cube_012-mesh-map-3">
          <float_array id="Cube_012-mesh-map-3-array" count="6924">0 0 0 0 0 0 0 0 0 0 0 0 0 0 0 0 0 0 0 0 0 0 0 0 0 0 0 0 0 0 0 0 0 0 0 0 0 0 0 0 0 0 0 0 0 0 0 0 0 0 0 0 0 0 0 0 0 0 0 0 0 0 0 0 0 0 0 0 0 0 0 0 0 0 0 0 0 0 0 0 0 0 0 0 0 0 0 0 0 0 0 0 0 0 0 0 0 0 0 0 0 0 0 0 0 0 0 0 0 0 0 0 0 0 0 0 0 0 0 0 0 0 0 0 0 0 0 0 0 0 0 0 0 0 0 0 0 0 0 0 0 0 0 0 0 0 0 0 0 0 0 0 0 0 0 0 0 0 0 0 0 0 0 0 0 0 0 0 0 0 0 0 0 0 0 0 0 0 0 0 0 0 0 0 0 0 0 0 0 0 0 0 0 0 0 0 0 0 0 0 0 0 0 0 0 0 0 0 0 0 0 0 0 0 0 0 0 0 0 0 0 0 0 0 0 0 0 0 0 0 0 0 0 0 0 0 0 0 0 0 0 0 0 0 0 0 0 0 0 0 0 0 0 0 0 0 0 0 0 0 0 0 0 0 0 0 0 0 0 0 0 0 0 0 0 0 0 0 0 0 0 0 0 0 0 0 0 0 0 0 0 0 0 0 0 0 0 0 0 0 0 0 0 0 0 0 0 0 0 0 0 0 0 0 0 0 0 0 0 0 0 0 0 0 0 0 0 0 0 0 0 0 0 0 0 0 0 0 0 0 0 0 0 0 0 0 0 0 0 0 0 0 0 0 0 0 0 0 0 0 0 0 0 0 0 0 0 0 0 0 0 0 0 0 0 0 0 0 0 0 0 0 0 0 0 0 0 0 0 0 0 0 0 0 0 0 0 0 0 0 0 0 0 0 0 0 0 0 0 0 0 0 0 0 0 0 0 0 0 0 0 0 0 0 0 0 0 0 0 0 0 0 0 0 0 0 0 0 0 0 0 0 0 0 0 0 0 0 0 0 0 0 0 0 0 0 0 0 0 0 0 0 0 0 0 0 0 0 0 0 0 0 0 0 0 0 0 0 0 0 0 0 0 0 0 0 0 0 0 0 0 0 0 0 0 0 0 0 0 0 0 0 0 0 0 0 0 0 0 0 0 0 0 0 0 0 0 0 0 0 0 0 0 0 0 0 0 0 0 0 0 0 0 0 0 0 0 0 0 0 0 0 0 0 0 0 0 0 0 0 0 0 0 0 0 0 0 0 0 0 0 0 0 0 0 0 0 0 0 0 0 0 0 0 0 0 0 0 0 0 0 0 0 0 0 0 0 0 0 0 0 0 0 0 0 0 0 0 0 0 0 0 0 0 0 0 0 0 0 0 0 0 0 0 0 0 0 0 0 0 0 0 0 0 0 0 0 0 0 0 0 0 0 0 0 0 0 0 0 0 0 0 0 0 0 0 0 0 0 0 0 0 0 0 0 0 0 0 0 0 0 0 0 0 0 0 0 0 0 0 0 0 0 0 0 0 0 0 0 0 0 0 0 0 0 0 0 0 0 0 0 0 0 0 0 0 0 0 0 0 0 0 0 0 0 0 0 0 0 0 0 0 0 0 0 0 0 0 0 0 0 0 0 0 0 0 0 0 0 0 0 0 0 0 0 0 0 0 0 0 0 0 0 0 0 0 0 0 0 0 0 0 0 0 0 0 0 0 0 0 0 0 0 0 0 0 0 0 0 0 0 0 0 0 0 0 0 0 0 0 0 0 0 0 0 0 0 0 0 0 0 0 0 0 0 0 0 0 0 0 0 0 0 0 0 0 0 0 0 0 0 0 0 0 0 0 0 0 0 0 0 0 0 0 0 0 0 0 0 0 0 0 0 0 0 0 0 0 0 0 0 0 0 0 0 0 0 0 0 0 0 0 0 0 0 0 0 0 0 0 0 0 0 0 0 0 0 0 0 0 0 0 0 0 0 0 0 0 0 0 0 0 0 0 0 0 0 0 0 0 0 0 0 0 0 0 0 0 0 0 0 0 0 0 0 0 0 0 0 0 0 0 0 0 0 0 0 0 0 0 0 0 0 0 0 0 0 0 0 0 0 0 0 0 0 0 0 0 0 0 0 0 0 0 0 0 0 0 0 0 0 0 0 0 0 0 0 0 0 0 0 0 0 0 0 0 0 0 0 0 0 0 0 0 0 0 0 0 0 0 0 0 0 0 0 0 0 0 0 0 0 0 0 0 0 0 0 0 0 0 0 0 0 0 0 0 0 0 0 0 0 0 0 0 0 0 0 0 0 0 0 0 0 0 0 0 0 0 0 0 0 0 0 0 0 0 0 0 0 0 0 0 0 0 0 0 0 0 0 0 0 0 0 0 0 0 0 0 0 0 0 0 0 0 0 0 0 0 0 0 0 0 0 0 0 0 0 0 0 0 0 0 0 0 0 0 0 0 0 0 0 0 0 0 0 0 0 0 0 0 0 0 0 0 0 0 0 0 0 0 0 0 0 0 0 0 0 0 0 0 0 0 0 0 0 0 0 0 0 0 0 0 0 0 0 0 0 0 0 0 0 0 0 0 0 0 0 0 0 0 0 0 0 0 0 0 0 0 0 0 0 0 0 0 0 0 0 0 0 0 0 0 0 0 0 0 0 0 0 0 0 0 0 0 0 0 0 0 0 0 0 0 0 0 0 0 0 0 0 0 0 0 0 0 0 0 0 0 0 0 0 0 0 0 0 0 0 0 0 0 0 0 0 0 0 0 0 0 0 0 0 0 0 0 0 0 0 0 0 0 0 0 0 0 0 0 0 0 0 0 0 0 0 0 0 0 0 0 0 0 0 0 0 0 0 0 0 0 0 0 0 0 0 0 0 0 0 0 0 0 0 0 0 0 0 0 0 0 0 0 0 0 0 0 0 0 0 0 0 0 0 0 0 0 0 0 0 0 0 0 0 0 0 0 0 0 0 0 0 0 0 0 0 0 0 0 0 0 0 0 0 0 0 0 0 0 0 0 0 0 0 0 0 0 0 0 0 0 0 0 0 0 0 0 0 0 0 0 0 0 0 0 0 0 0 0 0 0 0 0 0 0 0 0 0 0 0 0 0 0 0 0 0 0 0 0 0 0 0 0 0 0 0 0 0 0 0 0 0 0 0 0 0 0 0 0 0 0 0 0 0 0 0 0 0 0 0 0 0 0 0 0 0 0 0 0 0 0 0 0 0 0 0 0 0 0 0 0 0 0 0 0 0 0 0 0 0 0 0 0 0 0 0 0 0 0 0 0 0 0 0 0 0 0 0 0 0 0 0 0 0 0 0 0 0 0 0 0 0 0 0 0 0 0 0 0 0 0 0 0 0 0 0 0 0 0 0 0 0 0 0 0 0 0 0 0 0 0 0 0 0 0 0 0 0 0 0 0 0 0 0 0 0 0 0 0 0 0 0 0 0 0 0 0 0 0 0 0 0 0 0 0 0 0 0 0 0 0 0 0 0 0 0 0 0 0 0 0 0 0 0 0 0 0 0 0 0 0 0 0 0 0 0 0 0 0 0 0 0 0 0 0 0 0 0 0 0 0 0 0 0 0 0 0 0 0 0 0 0 0 0 0 0 0 0 0 0 0 0 0 0 0 0 0 0 0 0 0 0 0 0 0 0 0 0 0 0 0 0 0 0 0 0 0 0 0 0 0 0 0 0 0 0 0 0 0 0 0 0 0 0 0 0 0 0 0 0 0 0 0 0 0 0 0 0 0 0 0 0 0 0 0 0 0 0 0 0 0 0 0 0 0 0 0 0 0 0 0 0 0 0 0 0 0 0 0 0 0 0 0 0 0 0 0 0 0 0 0 0 0 0 0 0 0 0 0 0 0 0 0 0 0 0 0 0 0 0 0 0 0 0 0 0 0 0 0 0 0 0 0 0 0 0 0 0 0 0 0 0 0 0 0 0 0 0 0 0 0 0 0 0 0 0 0 0 0 0 0 0 0 0 0 0 0 0 0 0 0 0 0 0 0 0 0 0 0 0 0 0 0 0 0 0 0 0.6323262 0.7886981 0.6523558 0.7886984 0.6523558 0.8382809 0.6523558 0.8382809 0.6323262 0.8382806 0.6323262 0.7886981 0.5784565 0.7639966 0.5984861 0.7639968 0.5984861 0.8135793 0.5984861 0.8135793 0.5784565 0.813579 0.5784565 0.7639966 0.6323262 0.7886981 0.6523558 0.7886984 0.6523558 0.8382809 0.6523558 0.8382809 0.6323262 0.8382806 0.6323262 0.7886981 0.5784565 0.7639966 0.5984861 0.7639968 0.5984861 0.8135793 0.5984861 0.8135793 0.5784565 0.813579 0.5784565 0.7639966 0 0 0 0 0 0 0 0 0 0 0 0 0 0 0 0 0 0 0 0 0 0 0 0 0 0 0 0 0 0 0 0 0 0 0 0 0 0 0 0 0 0 0 0 0 0 0 0 0.9796109 0.3135936 0.9796109 0.3521711 0.9752792 0.3524073 0.620265 0.8996824 0.6249728 0.899697 0.6249728 0.9385069 0.6164714 0.8997224 0.620265 0.8996824 0.620265 0.9384922 0.3517951 0.9620169 0.3517951 0.9892444 0.3469659 0.9890894 0.4427402 0.9451521 0.4389702 0.9451649 0.4389702 0.9063518 0.4427402 0.9451521 0.4427402 0.9063391 0.4474565 0.9063436 0.9785058 0.3070293 0.9741272 0.3068038 0.9741272 0.2682263 0.1443564 0.9847002 0.1521461 0.9781718 0.152146 0.9829942 0.9825044 0.9325153 0.9825044 0.9710928 0.9781727 0.971329 0.2590185 0.9010846 0.2637264 0.9010993 0.2637264 0.9399091 0.2552251 0.9011247 0.2590185 0.9010846 0.2590185 0.9398944 0.04027903 0.9907473 0.04027903 0.96352 0.04510819 0.9636749 0.1808785 0.940374 0.1771086 0.9403867 0.1771085 0.9015737 0.1808785 0.940374 0.1808785 0.901561 0.1855949 0.9015654 0.9753222 0.1563543 0.9709436 0.1561289 0.9709436 0.1175513 0.2804613 0.9860966 0.2817509 0.9907434 0.2723773 0.9860966 0.9771413 0.4810793 0.9771413 0.4425017 0.981473 0.4422656 0.5189496 0.9394413 0.5142418 0.9394267 0.5142417 0.9006168 0.5227432 0.9394013 0.5189496 0.9394413 0.5189496 0.9006314 0.6762219 0.9633034 0.6762219 0.9905307 0.6713926 0.9903758 0.1688403 0.9015737 0.1726103 0.901561 0.1726103 0.940374 0.1688403 0.9015737 0.1688403 0.9403867 0.164124 0.9403823 0.9768002 0.6253231 0.9724216 0.6250976 0.9724216 0.5865201 0.9853194 0.9864114 0.9781727 0.9826337 0.9792048 0.977923 0.6252658 0.9430298 0.6252658 0.9816074 0.620934 0.9818435 0.2720182 0.9010846 0.2767261 0.9010992 0.2767261 0.9399091 0.2682247 0.9011247 0.2720182 0.9010846 0.2720182 0.9398944 0.4032331 0.9632837 0.4032331 0.9905111 0.3984038 0.9903562 0.3891893 0.940993 0.3854193 0.9410057 0.3854193 0.9021926 0.3891893 0.940993 0.3891893 0.9021799 0.3939056 0.9021844 0.9782523 0.263703 0.9738737 0.2634776 0.9738737 0.2249 0.4217903 0.9798311 0.4298743 0.9798311 0.4311639 0.9844779 0.9743276 0.8022549 0.9787061 0.8024803 0.9787061 0.8410579 0.7890635 0.9076051 0.7890635 0.9464181 0.7843472 0.9464136 0.7805772 0.9076133 0.7843472 0.9076007 0.7843472 0.9464136 0.03060901 0.9894393 0.03060901 0.962212 0.03543817 0.9623669 0.6072653 0.9384922 0.6034718 0.9385323 0.6034718 0.8997224 0.6072653 0.9384922 0.6072652 0.8996824 0.6119732 0.899697 0.9786823 0.8585354 0.9786823 0.897113 0.9743506 0.8973492 0.9709436 0.1128026 0.9709436 0.07422506 0.9753223 0.113028 0.9709436 0.07422506 0.9753223 0.07445049 0.9753223 0.113028 0.380921 0.9021844 0.380921 0.9409974 0.3762047 0.9409929 0.3724347 0.9021927 0.3762047 0.9021799 0.3762047 0.9409929 0.04960656 0.9907473 0.04960656 0.96352 0.05443572 0.9636749 0.6971742 0.8980838 0.7009677 0.8980437 0.7009677 0.9368537 0.6971742 0.8980838 0.6971742 0.9368937 0.6924663 0.936879 0.9746755 0.7753905 0.9746755 0.7368129 0.9790072 0.7365767 0.9718742 0.6916266 0.9718742 0.653049 0.9762527 0.691852 0.9718742 0.653049 0.9762527 0.6532745 0.9762527 0.691852 0.802048 0.9076051 0.802048 0.9464181 0.7973317 0.9464136 0.7935618 0.9076133 0.7973317 0.9076007 0.7973317 0.9464136 0.6668943 0.9633034 0.6668943 0.9905307 0.662065 0.9903759 0.45785 0.9004936 0.4616435 0.9004535 0.4616435 0.9392635 0.45785 0.9004936 0.45785 0.9393035 0.4531421 0.9392888 0.9757888 0.4364133 0.9757888 0.3978357 0.9801205 0.3975996 0.9782522 0.1817992 0.9782523 0.2203767 0.9738737 0.1815737 0.9782523 0.2203767 0.9738737 0.2201513 0.9738737 0.1815737 0.7442766 0.9072003 0.7442766 0.9460133 0.7395603 0.9460088 0.7357903 0.9072086 0.7395603 0.9071958 0.7395603 0.9460088 0.4940569 0.989585 0.4940568 0.9623576 0.4988861 0.9625126 0.7092595 0.9368536 0.705466 0.9368937 0.705466 0.8980838 0.7092595 0.9368536 0.7092595 0.8980437 0.7139675 0.8980584 0.9272986 0.9399054 0.9272986 0.9784829 0.9229668 0.9787191 0.1270008 0.9774301 0.123228 0.9852779 0.1185235 0.9842191 0.5083701 0.952701 0.5038102 0.9527189 0.5038103 0.9139079 0.01937413 0.8968566 0.02398657 0.8968759 0.02398657 0.9356858 0.01536703 0.8968926 0.01937413 0.8968566 0.01937413 0.9356665 0.6498301 0.9096136 0.6532195 0.9095048 0.6532195 0.9482989 0.645022 0.9095978 0.6498301 0.9096136 0.6498302 0.9484077 0.9707809 0.3929817 0.9659675 0.3931021 0.9659675 0.3557169 0.9827505 0.1815737 0.9868486 0.1816022 0.9868486 0.2204132 0.4464128 0.9809468 0.4379209 0.9828856 0.4358236 0.9785312 0.9305367 0.3912417 0.9350965 0.3912238 0.9350966 0.4300348 0.006256163 0.8968566 0.01086866 0.8968759 0.01086866 0.9356858 0.002249062 0.8968926 0.006256163 0.8968566 0.006256282 0.9356665 0.8113545 0.9077094 0.8147439 0.9076007 0.8147439 0.9463947 0.8065463 0.9076936 0.8113545 0.9077094 0.8113545 0.9465034 0.9659675 0.3137139 0.9707809 0.3135936 0.9707809 0.3509787 0.9873025 0.8410944 0.9832044 0.8410659 0.9832044 0.8022549 0.5891706 0.9840399 0.5891706 0.975331 0.5938833 0.9742559 0.9618877 0.002266526 0.9664476 0.002248704 0.9664476 0.04105973 0.3056759 0.9356 0.3010634 0.9355807 0.3010634 0.8967708 0.3096831 0.9355639 0.3056759 0.9356 0.3056759 0.8967901 0.1198194 0.9464873 0.1164299 0.946596 0.11643 0.9078021 0.1246275 0.9465031 0.1198194 0.9464873 0.1198194 0.9076933 0.9698523 0.8959206 0.965039 0.8960409 0.965039 0.8586558 0.983004 0.2682263 0.9871022 0.2682548 0.9871022 0.3070657 0.8620176 0.9776431 0.8688274 0.9722127 0.8726065 0.9752262 0.9679233 0.6253311 0.9633635 0.6253489 0.9633634 0.5865379 0.3251148 0.8951591 0.3297273 0.8951784 0.3297273 0.9339883 0.3211076 0.8951951 0.3251148 0.8951591 0.3251148 0.933969 0.0817548 0.9495961 0.07836544 0.9497048 0.07836544 0.9109108 0.08656299 0.9496119 0.0817548 0.9495961 0.08175486 0.9108021 0.9648156 0.2683467 0.9696289 0.2682263 0.9696289 0.3056114 0.9831807 0.8585354 0.9872787 0.8585639 0.9872787 0.8973749 0.2985346 0.9794778 0.2900428 0.9814165 0.2879455 0.9770621 0.9752791 0.3138297 0.9796109 0.3135936 0.9752792 0.3524073 0.620265 0.9384922 0.620265 0.8996824 0.6249728 0.9385069 0.6164714 0.9385323 0.6164714 0.8997224 0.620265 0.9384922 0.3469659 0.9618621 0.3517951 0.9620169 0.3469659 0.9890894 0.4427402 0.9063391 0.4427402 0.9451521 0.4389702 0.9063518 0.4474565 0.9451566 0.4427402 0.9451521 0.4474565 0.9063436 0.9785058 0.2684518 0.9785058 0.3070293 0.9741272 0.2682263 0.1486793 0.9858996 0.1443564 0.9847002 0.152146 0.9829942 0.1521461 0.9781718 0.1443564 0.9847002 0.1486793 0.9750638 0.1443564 0.9847002 0.1424325 0.9802992 0.1443564 0.9760105 0.9781727 0.9327515 0.9825044 0.9325153 0.9781727 0.971329 0.1443564 0.9847002 0.1443564 0.9760105 0.1486793 0.9750638 0.2590185 0.9398944 0.2590185 0.9010846 0.2637264 0.9399091 0.255225 0.9399345 0.2552251 0.9011247 0.2590185 0.9398944 0.04510819 0.9909023 0.04027903 0.9907473 0.04510819 0.9636749 0.1808785 0.901561 0.1808785 0.940374 0.1771085 0.9015737 0.1855949 0.9403784 0.1808785 0.940374 0.1855949 0.9015654 0.9753222 0.1177768 0.9753222 0.1563543 0.9709436 0.1175513 0.2791875 0.99447 0.2747012 0.99447 0.2817509 0.9907434 0.2723773 0.9860966 0.2762896 0.9840286 0.2804613 0.9860966 0.2723773 0.9860966 0.2817509 0.9907434 0.2716704 0.9907435 0.981473 0.4808431 0.9771413 0.4810793 0.981473 0.4422656 0.2817509 0.9907434 0.2747012 0.99447 0.2716704 0.9907435 0.5189496 0.9006314 0.5189496 0.9394413 0.5142417 0.9006168 0.5227432 0.9005914 0.5227432 0.9394013 0.5189496 0.9006314 0.6713926 0.9631485 0.6762219 0.9633034 0.6713926 0.9903758 0.1688403 0.9403867 0.1688403 0.9015737 0.1726103 0.940374 0.164124 0.9015693 0.1688403 0.9015737 0.164124 0.9403823 0.9768002 0.5867456 0.9768002 0.6253231 0.9724216 0.5865201 0.983213 0.9758265 0.9853194 0.9864114 0.9792048 0.977923 0.9853194 0.9864114 0.980894 0.9864114 0.9781727 0.9826337 0.9871791 0.977923 0.9881165 0.9826337 0.9853194 0.9864114 0.9871791 0.977923 0.9853194 0.9864114 0.983213 0.9758265 0.620934 0.943266 0.6252658 0.9430298 0.620934 0.9818435 0.2720182 0.9398944 0.2720182 0.9010846 0.2767261 0.9399091 0.2682247 0.9399345 0.2682247 0.9011247 0.2720182 0.9398944 0.3984038 0.9631288 0.4032331 0.9632837 0.3984038 0.9903562 0.3891893 0.9021799 0.3891893 0.940993 0.3854193 0.9021926 0.3939056 0.9409974 0.3891893 0.940993 0.3939056 0.9021844 0.9782522 0.2251254 0.9782523 0.263703 0.9738737 0.2249 0.4286004 0.9882044 0.4217903 0.9798311 0.4311639 0.9844779 0.4217903 0.9798311 0.4257026 0.9777631 0.4298743 0.9798311 0.4241142 0.9882044 0.4210833 0.9844779 0.4217903 0.9798311 0.4241142 0.9882044 0.4217903 0.9798311 0.4286004 0.9882044 0.9743276 0.8408324 0.9743276 0.8022549 0.9787061 0.8410579 0.7843472 0.9076007 0.7890635 0.9076051 0.7843472 0.9464136 0.7805772 0.9464263 0.7805772 0.9076133 0.7843472 0.9464136 0.03543817 0.9895943 0.03060901 0.9894393 0.03543817 0.9623669 0.6072652 0.8996824 0.6072653 0.9384922 0.6034718 0.8997224 0.6119732 0.9385069 0.6072653 0.9384922 0.6119732 0.899697 0.9743506 0.8587716 0.9786823 0.8585354 0.9743506 0.8973492 0.7911353 0.9773122 0.7911353 0.9821443 0.7873672 0.9743059 0.7826684 0.9753894 0.7873672 0.9743059 0.7805772 0.9797466 0.7826684 0.9840966 0.7873672 0.9743059 0.7873672 0.9851637 0.7873672 0.9743059 0.7826684 0.9840966 0.7805772 0.9797466 0.7873672 0.9743059 0.7911353 0.9821443 0.7873672 0.9851637 0.3762047 0.9021799 0.380921 0.9021844 0.3762047 0.9409929 0.3724347 0.9410057 0.3724347 0.9021927 0.3762047 0.9409929 0.05443572 0.9909023 0.04960656 0.9907473 0.05443572 0.9636749 0.6971742 0.9368937 0.6971742 0.8980838 0.7009677 0.9368537 0.6924663 0.8980691 0.6971742 0.8980838 0.6924663 0.936879 0.9790072 0.7751542 0.9746755 0.7753905 0.9790072 0.7365767 0.8136451 0.9773713 0.8136451 0.9822035 0.8098769 0.9743651 0.8051781 0.9754486 0.8098769 0.9743651 0.8030869 0.9798058 0.8136451 0.9822035 0.8098769 0.9852229 0.8051781 0.9841558 0.8098769 0.9743651 0.8136451 0.9822035 0.8051781 0.9841558 0.8098769 0.9743651 0.8051781 0.9841558 0.8030869 0.9798058 0.7973317 0.9076007 0.802048 0.9076051 0.7973317 0.9464136 0.7935618 0.9464263 0.7935618 0.9076133 0.7973317 0.9464136 0.662065 0.9631485 0.6668943 0.9633034 0.662065 0.9903759 0.45785 0.9393035 0.45785 0.9004936 0.4616435 0.9392635 0.4531421 0.9004789 0.45785 0.9004936 0.4531421 0.9392888 0.9801205 0.4361771 0.9757888 0.4364133 0.9801205 0.3975996 0.7598958 0.9825737 0.7493109 0.980188 0.7598958 0.9777538 0.7561181 0.9747573 0.7598958 0.9777538 0.7514073 0.9758406 0.7561181 0.9855875 0.7514074 0.9845257 0.7493109 0.980188 0.7561181 0.9855875 0.7493109 0.980188 0.7598958 0.9825737 0.7598958 0.9777538 0.7493109 0.980188 0.7514073 0.9758406 0.7395603 0.9071958 0.7442766 0.9072003 0.7395603 0.9460088 0.7357903 0.9460216 0.7357903 0.9072086 0.7395603 0.9460088 0.4988861 0.9897399 0.4940569 0.989585 0.4988861 0.9625126 0.7092595 0.8980437 0.7092595 0.9368536 0.705466 0.8980838 0.7139675 0.9368683 0.7092595 0.9368536 0.7139675 0.8980584 0.9229668 0.9401415 0.9272986 0.9399054 0.9229668 0.9787191 0.1164299 0.9798775 0.1270008 0.9774301 0.1185235 0.9842191 0.1270008 0.9774301 0.1270008 0.9822565 0.123228 0.9852779 0.1270008 0.9774301 0.1164299 0.9798775 0.1232281 0.9744331 0.5083701 0.9138901 0.5083701 0.952701 0.5038103 0.9139079 0.1164299 0.9798775 0.1185235 0.9755223 0.1232281 0.9744331 0.01937413 0.9356665 0.01937413 0.8968566 0.02398657 0.9356858 0.01536703 0.9357025 0.01536703 0.8968926 0.01937413 0.9356665 0.6498302 0.9484077 0.6498301 0.9096136 0.6532195 0.9482989 0.645022 0.9483918 0.645022 0.9095978 0.6498302 0.9484077 0.9707809 0.3555966 0.9707809 0.3929817 0.9659675 0.3557169 0.9827505 0.2203847 0.9827505 0.1815737 0.9868486 0.2204132 0.4379209 0.9741764 0.4464128 0.9809468 0.4358236 0.9785312 0.4464128 0.9809468 0.4426335 0.9839607 0.4379209 0.9828856 0.4426335 0.9731005 0.4464128 0.9761136 0.4464128 0.9809468 0.4426335 0.9731005 0.4464128 0.9809468 0.4379209 0.9741764 0.9305367 0.4300526 0.9305367 0.3912417 0.9350966 0.4300348 0.006256282 0.9356665 0.006256163 0.8968566 0.01086866 0.9356858 0.002249062 0.9357025 0.002249062 0.8968926 0.006256282 0.9356665 0.8113545 0.9465034 0.8113545 0.9077094 0.8147439 0.9463947 0.8065463 0.9464876 0.8065463 0.9076936 0.8113545 0.9465034 0.9659675 0.351099 0.9659675 0.3137139 0.9707809 0.3509787 0.9873025 0.8022834 0.9873025 0.8410944 0.9832044 0.8022549 0.5976626 0.9772697 0.5891706 0.9840399 0.5938833 0.9742559 0.5891706 0.9840399 0.5870733 0.9796852 0.5891706 0.975331 0.5891706 0.9840399 0.5976626 0.9772697 0.5938833 0.9851158 0.9618877 0.04107749 0.9618877 0.002266526 0.9664476 0.04105973 0.5976626 0.9772697 0.5976626 0.9821028 0.5938833 0.9851158 0.3056759 0.8967901 0.3056759 0.9356 0.3010634 0.8967708 0.3096831 0.896754 0.3096831 0.9355639 0.3056759 0.8967901 0.1198194 0.9076933 0.1198194 0.9464873 0.11643 0.9078021 0.1246275 0.9077091 0.1246275 0.9465031 0.1198194 0.9076933 0.9698523 0.8585354 0.9698523 0.8959206 0.965039 0.8586558 0.983004 0.3070373 0.983004 0.2682263 0.9871022 0.3070657 0.8726065 0.9800596 0.8620176 0.9776431 0.8726065 0.9752262 0.8620176 0.9776431 0.8641148 0.9732884 0.8688274 0.9722127 0.8688273 0.9830732 0.8641148 0.9819978 0.8620176 0.9776431 0.8688273 0.9830732 0.8620176 0.9776431 0.8726065 0.9800596 0.9679233 0.5865201 0.9679233 0.6253311 0.9633634 0.5865379 0.3251148 0.933969 0.3251148 0.8951591 0.3297273 0.9339883 0.3211076 0.934005 0.3211076 0.8951951 0.3251148 0.933969 0.08175486 0.9108021 0.0817548 0.9495961 0.07836544 0.9109108 0.08656299 0.9108179 0.08656299 0.9496119 0.08175486 0.9108021 0.9648156 0.3057318 0.9648156 0.2683467 0.9696289 0.3056114 0.9831807 0.8973464 0.9831807 0.8585354 0.9872787 0.8973749 0.2985346 0.9794778 0.2947554 0.9824916 0.2900428 0.9814165 0.2947554 0.9716314 0.2985346 0.9746445 0.2985346 0.9794778 0.2985346 0.9794778 0.2879455 0.9770621 0.2947554 0.9716314 0.2879455 0.9770621 0.2900428 0.9727073 0.2947554 0.9716314 0.6323262 0.7886981 0.6523558 0.7886984 0.6523558 0.8382809 0.6523558 0.8382809 0.6323262 0.8382806 0.6323262 0.7886981 0.5784565 0.7639966 0.5984861 0.7639968 0.5984861 0.8135793 0.5984861 0.8135793 0.5784565 0.813579 0.5784565 0.7639966 0.5784565 0.7639966 0.5984861 0.7639968 0.5984861 0.8135793 0.5984861 0.8135793 0.5784565 0.813579 0.5784565 0.7639966 0 0 0 0 0 0 0 0 0 0 0 0 0 0 0 0 0 0 0 0 0 0 0 0 0 0 0 0 0 0 0 0 0 0 0 0 0 0 0 0 0 0 0 0 0 0 0 0 0 0 0 0 0 0 0 0 0 0 0 0 0 0 0 0 0 0 0 0 0 0 0 0 0 0 0 0 0 0 0 0 0 0 0 0 0 0 0 0 0 0 0 0 0 0 0 0 0 0 0 0 0 0 0 0 0 0 0 0 0 0 0 0 0 0 0 0 0 0 0 0 0 0 0 0 0 0 0 0 0 0 0 0 0 0 0 0 0 0 0 0 0 0 0 0 0 0 0 0 0 0 0 0 0 0 0 0 0 0 0 0 0 0 0 0 0 0 0 0 0 0 0 0 0 0 0 0 0 0 0 0 0 0 0 0 0 0 0 0 0 0 0 0 0 0 0 0 0 0 0 0 0 0 0 0 0 0 0 0 0 0 0 0 0 0 0 0 0 0 0 0 0 0 0 0 0 0 0 0 0 0 0 0 0 0 0 0 0 0 0 0 0 0 0 0 0 0 0 0 0 0 0 0 0 0 0 0 0 0 0 0 0 0 0 0 0 0 0 0 0 0 0 0 0 0 0 0 0 0 0 0 0 0 0 0 0 0 0 0 0 0 0 0 0 0 0 0 0 0 0 0 0 0 0 0 0 0 0 0 0 0 0 0 0 0 0 0 0 0 0 0 0 0 0 0 0 0 0 0 0 0 0 0 0 0 0 0 0 0 0 0 0 0 0 0 0 0 0 0 0 0 0 0 0 0 0 0 0 0 0 0 0 0 0 0 0 0 0 0 0 0 0 0 0 0 0 0 0 0 0 0 0 0 0 0 0 0 0 0 0 0 0 0 0 0 0 0 0 0 0 0 0 0 0 0 0 0 0 0 0 0 0 0 0 0 0 0 0 0 0 0 0 0 0 0 0 0 0 0 0 0 0 0 0 0 0 0 0 0 0 0 0 0 0 0 0 0 0 0 0 0 0 0 0 0 0 0 0 0 0 0 0 0 0 0 0 0 0 0 0 0 0 0 0 0 0 0 0 0 0 0 0 0 0 0 0 0 0 0 0 0 0 0 0 0 0 0 0 0 0 0 0 0 0 0 0 0 0 0 0 0 0 0 0 0 0 0 0 0 0 0 0 0 0 0 0 0 0 0 0 0 0 0 0 0 0 0 0 0 0 0 0 0 0 0 0 0 0 0 0 0 0 0 0 0 0 0 0 0 0 0 0 0 0 0 0 0 0 0 0 0 0 0 0 0 0 0 0 0 0 0 0 0 0 0 0 0 0 0 0 0 0 0 0 0 0 0 0 0 0 0 0 0 0 0 0 0 0 0 0 0 0 0 0 0 0 0 0 0 0 0 0 0 0 0 0 0 0 0 0 0 0 0 0 0 0 0 0 0 0 0 0 0 0 0 0 0 0 0 0 0 0 0 0 0 0 0 0 0 0 0 0 0 0 0 0 0 0 0 0 0 0 0 0 0 0 0 0 0 0 0 0 0 0 0 0 0 0 0 0 0 0 0 0 0 0 0 0 0 0 0 0 0 0 0 0 0 0 0 0 0 0 0 0 0 0 0 0 0 0 0 0 0 0 0 0 0 0 0 0 0 0 0 0 0 0 0 0 0 0 0 0 0 0 0 0 0 0 0 0 0 0 0 0 0 0 0 0 0 0 0 0 0 0 0 0 0 0 0 0 0 0 0 0 0 0 0 0 0 0 0 0 0 0 0 0 0 0 0 0 0 0 0 0 0 0 0 0 0 0 0 0 0 0 0 0 0 0 0 0 0 0 0 0 0 0 0 0 0 0 0 0 0 0 0 0 0 0 0 0 0 0 0 0 0 0 0 0 0 0 0 0 0 0 0 0 0 0 0 0 0 0 0 0 0 0 0 0 0 0 0 0 0 0 0 0 0 0 0 0 0 0 0 0 0 0 0 0 0 0 0 0 0 0 0 0 0 0 0 0 0 0 0 0 0 0 0 0 0 0 0 0 0 0 0 0 0 0 0 0 0 0 0 0 0 0 0 0 0 0 0 0 0 0 0 0 0 0 0 0 0 0 0 0 0 0 0 0 0 0 0 0 0 0 0 0 0 0 0 0 0 0 0 0 0 0 0 0 0 0 0 0 0 0 0 0 0 0 0 0 0 0 0 0 0 0 0 0 0 0 0 0 0 0 0 0 0 0 0 0 0 0 0 0 0 0 0 0 0 0 0 0 0 0 0 0 0 0 0 0 0 0 0 0 0 0 0 0 0 0 0 0 0 0 0 0 0 0 0 0 0 0 0 0 0 0 0 0 0 0 0 0 0 0 0 0 0 0 0 0 0 0 0 0 0 0 0 0 0 0 0 0 0 0 0 0 0 0 0 0 0 0 0 0 0 0 0 0 0 0 0 0 0 0 0 0 0 0 0 0 0 0 0 0 0 0 0 0 0 0 0 0 0 0 0 0 0 0 0 0 0 0 0 0 0 0 0 0 0 0 0 0 0 0 0 0 0 0 0 0 0 0 0 0 0 0 0 0 0 0 0 0 0 0 0 0 0 0 0 0 0 0 0 0 0 0 0 0 0 0 0 0 0 0 0 0 0 0 0 0 0 0 0 0 0 0 0 0 0 0 0 0 0 0 0 0 0 0 0 0 0 0 0 0 0 0 0 0 0 0 0 0 0 0 0 0 0 0 0 0 0 0 0 0 0 0 0 0 0 0 0 0 0 0 0 0 0 0 0 0 0 0 0 0 0 0 0 0 0 0 0 0 0 0 0 0 0 0 0 0 0 0 0 0 0 0 0 0 0 0 0 0 0 0 0 0 0 0 0 0 0 0 0 0 0 0 0 0 0 0 0 0 0 0 0 0 0 0 0 0 0 0 0 0 0 0 0 0 0 0 0 0 0 0 0 0 0 0 0 0 0 0 0 0 0 0 0 0 0 0 0 0 0 0 0 0 0 0 0 0 0 0 0 0 0 0 0 0 0 0 0 0 0 0 0 0 0 0 0 0 0 0 0 0 0 0 0 0 0 0 0 0 0 0 0 0 0 0 0 0 0 0 0 0 0 0 0 0 0 0 0 0 0 0 0 0 0 0 0 0 0 0 0 0 0 0 0 0 0 0 0 0 0 0 0 0 0 0 0 0 0 0 0 0 0 0 0 0 0 0 0 0 0 0 0 0 0 0 0 0 0 0 0 0 0 0 0 0 0 0 0 0 0 0 0 0 0 0 0 0 0 0 0 0 0 0 0 0 0 0 0 0 0 0 0 0 0 0 0 0 0 0 0 0 0 0 0 0 0 0 0 0 0 0 0 0 0 0 0 0 0 0 0 0 0 0 0 0 0 0 0 0 0 0 0 0 0 0 0 0 0 0 0 0 0 0 0 0 0 0 0 0 0 0 0 0 0 0 0 0 0 0 0 0 0 0 0 0 0 0 0 0 0 0 0 0 0 0 0 0 0 0 0 0 0 0 0 0 0 0 0 0 0 0 0 0 0 0 0 0 0 0 0 0 0 0 0 0 0 0 0 0 0 0 0 0 0 0 0 0 0 0 0 0 0 0 0 0 0 0 0 0 0 0 0 0 0 0 0 0 0 0 0 0 0 0 0 0 0 0 0 0 0 0 0 0 0 0 0 0 0 0 0 0 0 0 0 0 0 0 0 0 0 0 0 0 0 0 0 0 0 0 0 0 0 0 0 0 0 0 0 0 0 0 0 0 0 0 0 0 0 0 0 0 0 0 0 0 0 0 0 0 0 0 0 0 0 0 0 0 0 0 0 0 0 0 0 0 0 0 0 0 0 0 0 0 0 0 0 0 0 0 0 0 0 0 0 0 0 0 0 0 0 0 0 0 0 0 0 0 0 0 0 0 0 0 0 0 0 0 0 0 0 0 0 0 0 0 0 0 0 0 0 0 0 0 0 0 0 0 0 0 0 0 0 0 0 0 0 0 0 0 0 0 0 0 0 0 0 0 0 0 0 0 0 0 0 0 0 0 0 0 0 0 0 0 0 0 0 0 0 0 0 0 0 0 0 0 0 0 0 0 0 0 0 0 0 0 0 0 0 0 0 0 0 0 0 0 0 0 0 0 0 0 0 0 0 0 0 0 0 0 0 0 0 0 0 0 0 0 0 0 0 0 0 0 0 0 0 0 0 0 0 0 0 0 0 0 0 0 0 0 0 0 0 0 0 0 0 0 0 0 0 0 0 0 0 0 0 0 0 0 0 0 0 0 0 0 0 0 0 0 0 0 0 0 0 0 0 0 0 0 0 0 0 0 0 0 0 0 0 0 0 0 0 0 0 0 0 0 0 0 0 0 0 0 0 0 0 0 0 0 0 0 0 0 0 0 0 0 0 0 0 0 0 0 0 0 0 0 0 0 0 0 0 0 0 0 0 0 0 0 0 0 0 0 0 0 0 0 0 0 0 0 0 0 0 0 0 0 0 0 0 0 0 0 0 0 0 0 0 0 0 0 0 0 0 0 0 0 0 0 0 0 0 0 0 0 0 0 0 0 0 0 0 0 0 0 0 0 0 0 0 0 0 0 0 0 0 0 0 0 0 0 0 0 0 0 0 0 0 0 0 0 0 0 0 0 0 0 0 0 0 0 0 0 0 0 0 0 0 0 0 0 0 0 0 0 0 0 0 0 0 0 0 0 0 0 0 0 0 0 0 0 0 0 0 0 0 0 0 0 0 0 0 0 0 0 0 0 0 0 0 0 0 0 0 0 0 0 0 0 0 0 0 0 0 0 0 0 0 0 0 0 0 0 0 0 0 0 0 0 0 0 0 0 0 0 0 0 0 0 0 0 0 0 0 0 0 0 0 0 0 0 0 0 0 0 0 0 0 0 0 0 0 0 0 0 0 0 0 0 0 0 0 0 0 0 0 0 0 0 0 0 0 0 0 0 0 0 0 0 0 0 0 0 0 0 0 0 0 0 0 0 0 0 0 0 0 0 0 0 0 0 0 0 0 0 0 0 0 0 0 0 0 0 0 0 0 0 0 0 0 0 0 0 0 0 0 0 0 0 0 0 0 0 0 0 0 0 0 0 0 0 0 0 0 0 0 0 0 0 0 0 0 0 0 0 0 0 0 0 0 0 0 0 0 0 0 0 0 0 0 0 0 0 0 0 0 0 0 0 0 0 0 0 0 0 0 0 0 0 0 0 0 0 0 0 0 0 0 0 0 0 0 0 0 0 0 0 0 0 0 0 0 0 0 0 0 0 0 0 0 0 0 0 0 0 0 0 0 0 0 0 0 0 0 0 0 0 0 0 0 0 0 0 0 0 0 0 0 0 0 0 0 0 0 0 0 0 0 0 0 0 0 0 0 0 0 0 0 0 0 0 0 0 0 0 0 0 0 0 0 0 0 0 0 0 0 0 0 0 0 0 0 0 0 0 0 0 0 0 0 0 0 0 0 0 0 0 0 0 0 0 0 0 0 0 0 0 0 0 0 0 0 0 0 0 0 0 0 0 0 0 0 0 0 0 0 0 0 0 0 0 0 0 0 0 0 0 0 0 0 0 0 0 0 0 0 0 0 0 0 0 0 0 0 0 0 0 0 0 0 0 0 0 0 0 0 0 0 0 0 0 0 0 0 0 0 0 0 0 0 0 0 0 0 0 0 0 0 0 0 0 0 0 0 0 0 0 0 0 0 0 0 0 0 0 0 0 0 0 0 0 0 0 0 0 0 0 0 0 0 0 0 0 0 0 0 0 0 0 0 0 0 0 0 0 0 0 0 0 0 0 0 0 0 0 0 0 0 0 0 0 0 0 0 0 0 0 0 0 0 0 0 0 0 0 0 0 0 0 0 0 0 0 0 0 0 0 0 0 0 0 0 0 0 0 0 0 0 0 0 0 0 0 0 0 0 0 0 0 0 0 0 0 0 0 0 0 0 0 0 0 0 0 0 0 0 0 0 0 0 0 0 0 0 0 0 0 0 0 0 0 0 0 0 0 0 0 0 0 0 0 0 0 0 0 0 0 0 0 0 0 0 0 0 0 0 0 0 0 0 0 0 0 0 0 0 0 0 0 0 0 0 0 0 0 0 0 0 0 0 0 0 0 0 0 0 0 0 0 0 0 0 0 0 0 0 0 0 0 0 0 0 0 0 0 0 0 0 0 0 0 0 0 0 0 0 0 0 0 0 0 0 0 0 0 0 0 0 0 0 0 0 0 0 0 0 0 0 0 0 0 0 0 0 0 0 0 0 0 0 0 0 0 0 0 0 0 0 0 0 0 0 0 0 0 0 0 0 0 0 0 0 0 0 0 0 0 0 0 0 0 0 0 0 0 0 0 0 0 0 0 0 0 0 0 0 0 0 0 0 0 0 0 0 0 0 0 0 0 0 0 0 0 0 0 0 0 0 0 0 0 0 0 0 0 0 0 0 0 0 0 0 0 0 0 0 0 0 0 0 0 0 0 0 0 0 0 0 0 0 0 0 0 0 0 0 0 0 0 0 0 0 0 0 0 0 0 0 0 0 0 0 0 0 0 0 0 0 0 0 0 0 0 0 0 0 0 0 0 0 0 0 0 0 0 0 0 0 0 0 0 0 0 0 0 0 0 0 0 0 0 0 0 0 0 0 0 0 0 0 0 0 0 0 0 0 0 0 0 0 0 0 0 0 0 0 0 0 0 0 0 0 0 0 0 0 0 0 0 0 0 0 0 0 0 0 0 0 0 0 0 0 0 0 0 0 0 0 0 0 0 0 0 0 0 0 0 0 0 0 0 0 0 0 0 0 0 0 0 0 0 0 0 0 0 0 0 0 0 0 0 0 0 0 0 0 0 0 0 0 0 0 0 0 0 0 0 0 0 0 0 0 0 0 0 0 0 0 0 0 0 0 0 0 0 0 0 0 0 0 0 0 0 0 0 0 0 0 0 0 0 0 0 0 0 0 0 0 0 0 0 0 0 0 0 0 0 0 0 0 0 0 0 0 0 0 0 0 0 0 0 0 0 0 0 0 0 0 0 0 0 0 0 0 0 0 0 0 0 0 0 0 0 0 0 0 0 0 0 0 0 0 0 0 0 0 0 0 0 0 0 0 0 0 0 0 0 0 0 0 0 0 0 0 0 0 0 0 0 0 0 0 0 0 0 0 0 0 0 0 0 0 0 0 0 0 0 0 0 0 0 0 0 0 0 0 0 0 0 0 0 0 0 0 0 0 0 0 0 0 0 0 0 0 0 0 0 0 0 0 0 0 0 0 0 0 0 0 0 0 0 0 0 0 0 0 0 0 0 0 0 0 0 0 0 0 0 0 0 0 0 0 0 0 0 0 0 0 0 0 0 0 0 0 0 0 0 0 0 0 0 0 0 0 0 0 0 0 0 0 0 0 0 0 0 0 0 0 0 0 0 0 0 0 0 0 0 0 0 0 0 0 0 0 0 0 0 0 0 0 0 0 0 0 0 0 0 0 0 0 0 0 0 0 0 0 0 0 0 0 0 0 0 0 0 0 0 0 0 0 0 0 0 0 0 0 0 0 0 0 0 0 0 0 0 0 0 0 0 0 0 0 0 0 0 0 0 0 0 0 0 0 0 0 0 0 0 0 0 0 0 0 0 0 0 0 0 0 0 0 0 0 0 0 0 0 0 0 0 0 0 0 0 0 0 0 0 0 0 0 0 0 0 0 0 0 0 0 0 0 0 0 0 0 0 0 0 0 0 0 0 0 0 0 0 0 0 0 0 0 0 0 0 0 0 0 0 0 0 0 0 0 0 0 0 0 0 0 0 0 0 0 0 0 0 0 0 0 0 0 0 0 0 0 0 0 0 0 0 0 0 0 0 0 0 0 0 0 0 0 0 0 0 0 0 0 0 0 0 0 0 0 0 0 0 0 0 0 0 0 0 0 0 0 0 0 0 0 0 0 0 0 0 0 0 0 0 0 0 0 0 0 0 0 0 0 0 0 0 0 0 0 0 0 0 0 0 0 0 0 0 0 0 0 0 0 0 0 0 0 0 0 0 0 0 0 0 0 0 0 0 0 0 0 0 0 0 0 0 0 0 0 0 0 0 0 0 0 0 0 0 0 0 0 0 0 0 0 0 0 0 0 0 0 0 0 0 0 0 0 0 0 0 0 0 0 0 0 0 0 0 0 0 0 0 0 0 0</float_array>
          <technique_common>
            <accessor source="#Cube_012-mesh-map-3-array" count="3462" stride="2">
              <param name="S" type="float"/>
              <param name="T" type="float"/>
            </accessor>
          </technique_common>
        </source>
        <vertices id="Cube_012-mesh-vertices">
          <input semantic="POSITION" source="#Cube_012-mesh-positions"/>
        </vertices>
        <triangles material="Material_004-material" count="1154">
          <input semantic="VERTEX" source="#Cube_012-mesh-vertices" offset="0"/>
          <input semantic="NORMAL" source="#Cube_012-mesh-normals" offset="1"/>
          <input semantic="TEXCOORD" source="#Cube_012-mesh-map-0" offset="2" set="0"/>
          <input semantic="TEXCOORD" source="#Cube_012-mesh-map-1" offset="2" set="1"/>
          <input semantic="TEXCOORD" source="#Cube_012-mesh-map-2" offset="2" set="2"/>
          <input semantic="TEXCOORD" source="#Cube_012-mesh-map-3" offset="2" set="3"/>
          <p>2 0 0 707 0 1 0 0 2 708 1 3 2 1 4 3 1 5 1 2 6 708 2 7 3 2 8 707 3 9 1 3 10 0 3 11 14 4 12 10 4 13 11 4 14 13 5 15 11 5 16 9 5 17 12 3 18 9 3 19 8 3 20 20 5 21 27 5 22 23 5 23 4 6 24 713 6 25 5 6 26 21 7 27 19 7 28 18 7 29 22 8 30 16 8 31 23 8 32 23 7 33 19 7 34 20 7 35 21 7 36 17 7 37 22 7 38 26 7 39 24 7 40 25 7 41 21 3 42 24 3 43 20 3 44 22 9 45 25 9 46 21 9 47 23 4 48 26 4 49 22 4 50 35 10 51 28 11 52 36 12 53 35 10 54 43 13 55 42 14 56 33 15 57 34 16 58 42 14 59 33 15 60 41 17 61 40 18 62 31 19 63 32 20 64 40 18 65 31 19 66 39 21 67 38 22 68 29 23 69 30 24 70 38 22 71 29 23 72 37 25 73 36 12 74 52 26 75 55 27 76 44 28 77 56 29 78 52 26 79 51 30 80 56 29 81 50 31 82 49 32 83 58 33 84 49 32 85 48 34 86 62 35 87 60 36 88 48 34 89 64 37 90 62 35 91 47 38 92 64 37 93 46 39 94 45 40 95 66 41 96 45 40 97 44 28 98 43 13 99 36 12 100 54 42 101 53 43 102 54 42 103 55 27 104 43 13 105 53 43 106 57 44 107 53 43 108 52 26 109 56 29 110 42 14 111 57 44 112 59 45 113 59 45 114 57 44 115 56 29 116 41 17 117 59 45 118 61 46 119 61 46 120 59 45 121 58 33 122 39 21 123 40 18 124 61 46 125 63 47 126 61 46 127 60 36 128 39 21 129 63 47 130 65 48 131 63 47 132 62 35 133 64 37 134 37 25 135 38 22 136 65 48 137 67 49 138 65 48 139 64 37 140 37 25 141 67 49 142 54 42 143 67 49 144 66 41 145 55 27 146 44 28 147 69 50 148 76 51 149 50 31 150 51 30 151 76 51 152 49 32 153 50 31 154 75 52 155 48 34 156 49 32 157 74 53 158 48 34 159 73 54 160 72 55 161 46 39 162 47 38 163 72 55 164 46 39 165 71 56 166 70 57 167 44 28 168 45 40 169 70 57 170 86 58 171 77 59 172 84 60 173 87 61 174 85 62 175 84 60 176 87 61 177 83 63 178 82 64 179 89 65 180 88 66 181 82 64 182 89 65 183 81 67 184 80 68 185 91 69 186 90 70 187 80 68 188 91 69 189 79 71 190 78 72 191 86 58 192 92 73 193 78 72 194 69 50 195 86 58 196 85 62 197 75 52 198 76 51 199 85 62 200 75 52 201 87 61 202 88 66 203 73 54 204 74 53 205 88 66 206 73 54 207 89 65 208 90 70 209 71 56 210 72 55 211 90 70 212 71 56 213 91 69 214 92 73 215 69 50 216 70 57 217 92 73 218 84 60 219 77 59 220 93 74 221 84 60 222 100 75 223 99 76 224 82 64 225 83 63 226 99 76 227 82 64 228 98 77 229 97 78 230 80 68 231 81 67 232 97 78 233 80 68 234 96 79 235 95 80 236 78 72 237 79 71 238 95 80 239 78 72 240 94 81 241 93 74 242 28 11 243 35 10 244 68 82 245 35 10 246 34 16 247 68 82 248 34 16 249 33 15 250 68 82 251 33 15 252 32 20 253 68 82 254 32 20 255 31 19 256 68 82 257 31 19 258 30 24 259 68 82 260 30 24 261 29 23 262 68 82 263 29 23 264 28 11 265 68 82 266 100 75 267 93 74 268 101 7 269 99 76 270 100 75 271 101 7 272 98 77 273 99 76 274 101 7 275 97 78 276 98 77 277 101 7 278 96 79 279 97 78 280 101 7 281 95 80 282 96 79 283 101 7 284 94 81 285 95 80 286 101 7 287 93 74 288 94 81 289 101 7 290 121 83 291 110 84 292 117 85 293 122 86 294 118 87 295 117 85 296 122 86 297 116 88 298 115 89 299 126 90 300 124 91 301 115 89 302 128 92 303 126 90 304 114 93 305 128 92 306 113 94 307 112 95 308 130 96 309 112 95 310 111 97 311 132 98 312 111 97 313 110 84 314 109 99 315 102 100 316 120 101 317 119 102 318 120 101 319 121 83 320 108 103 321 109 99 322 119 102 323 123 104 324 119 102 325 118 87 326 107 105 327 108 103 328 123 104 329 125 106 330 123 104 331 122 86 332 107 105 333 125 106 334 127 107 335 127 107 336 125 106 337 124 91 338 106 108 339 127 107 340 129 109 341 129 109 342 127 107 343 126 90 344 104 110 345 105 111 346 129 109 347 131 112 348 129 109 349 128 92 350 103 113 351 104 110 352 131 112 353 133 114 354 131 112 355 130 96 356 102 100 357 103 113 358 133 114 359 120 101 360 133 114 361 132 98 362 153 115 363 142 116 364 149 117 365 154 118 366 150 119 367 149 117 368 154 118 369 148 120 370 147 121 371 158 122 372 156 123 373 147 121 374 160 124 375 158 122 376 146 125 377 162 126 378 160 124 379 145 127 380 164 128 381 162 126 382 144 129 383 164 128 384 143 130 385 142 116 386 141 131 387 134 132 388 152 133 389 151 134 390 152 133 391 153 115 392 141 131 393 151 134 394 155 135 395 155 135 396 151 134 397 150 119 398 139 136 399 140 137 400 155 135 401 157 138 402 155 135 403 154 118 404 139 136 405 157 138 406 159 139 407 159 139 408 157 138 409 156 123 410 138 140 411 159 139 412 161 141 413 161 141 414 159 139 415 158 122 416 137 142 417 161 141 418 163 143 419 163 143 420 161 141 421 160 124 422 136 144 423 163 143 424 165 145 425 165 145 426 163 143 427 162 126 428 134 132 429 135 146 430 165 145 431 152 133 432 165 145 433 164 128 434 170 147 435 171 147 436 167 147 437 171 148 438 172 148 439 168 148 440 172 149 441 173 149 442 169 149 443 173 150 444 170 150 445 166 150 446 166 151 447 167 151 448 168 151 449 172 152 450 171 152 451 170 152 452 178 153 453 179 153 454 175 153 455 179 154 456 180 154 457 176 154 458 180 155 459 181 155 460 177 155 461 181 156 462 178 156 463 174 156 464 174 82 465 175 82 466 176 82 467 181 157 468 180 157 469 179 157 470 186 158 471 187 158 472 183 158 473 187 159 474 188 159 475 184 159 476 188 160 477 189 160 478 185 160 479 189 161 480 186 161 481 182 161 482 183 82 483 184 82 484 185 82 485 189 162 486 188 162 487 187 162 488 190 3 489 193 3 490 192 3 491 43 13 492 35 10 493 36 12 494 34 16 495 35 10 496 42 14 497 41 17 498 33 15 499 42 14 500 32 20 501 33 15 502 40 18 503 39 21 504 31 19 505 40 18 506 30 24 507 31 19 508 38 22 509 37 25 510 29 23 511 38 22 512 28 11 513 29 23 514 36 12 515 51 30 516 52 26 517 44 28 518 50 31 519 56 29 520 51 30 521 58 33 522 56 29 523 49 32 524 60 36 525 58 33 526 48 34 527 47 38 528 62 35 529 48 34 530 46 39 531 64 37 532 47 38 533 66 41 534 64 37 535 45 40 536 55 27 537 66 41 538 44 28 539 53 43 540 43 13 541 54 42 542 52 26 543 53 43 544 55 27 545 42 14 546 43 13 547 57 44 548 57 44 549 53 43 550 56 29 551 41 17 552 42 14 553 59 45 554 58 33 555 59 45 556 56 29 557 40 18 558 41 17 559 61 46 560 60 36 561 61 46 562 58 33 563 63 47 564 39 21 565 61 46 566 62 35 567 63 47 568 60 36 569 38 22 570 39 21 571 65 48 572 65 48 573 63 47 574 64 37 575 67 49 576 37 25 577 65 48 578 66 41 579 67 49 580 64 37 581 36 12 582 37 25 583 54 42 584 54 42 585 67 49 586 55 27 587 51 30 588 44 28 589 76 51 590 75 52 591 50 31 592 76 51 593 74 53 594 49 32 595 75 52 596 73 54 597 48 34 598 74 53 599 47 38 600 48 34 601 72 55 602 71 56 603 46 39 604 72 55 605 45 40 606 46 39 607 70 57 608 69 50 609 44 28 610 70 57 611 85 62 612 86 58 613 84 60 614 83 63 615 87 61 616 84 60 617 88 66 618 87 61 619 82 64 620 81 67 621 89 65 622 82 64 623 90 70 624 89 65 625 80 68 626 79 71 627 91 69 628 80 68 629 92 73 630 91 69 631 78 72 632 77 59 633 86 58 634 78 72 635 76 51 636 69 50 637 85 62 638 87 61 639 75 52 640 85 62 641 74 53 642 75 52 643 88 66 644 89 65 645 73 54 646 88 66 647 72 55 648 73 54 649 90 70 650 91 69 651 71 56 652 90 70 653 70 57 654 71 56 655 92 73 656 86 58 657 69 50 658 92 73 659 100 75 660 84 60 661 93 74 662 83 63 663 84 60 664 99 76 665 98 77 666 82 64 667 99 76 668 81 67 669 82 64 670 97 78 671 96 79 672 80 68 673 97 78 674 79 71 675 80 68 676 95 80 677 94 81 678 78 72 679 95 80 680 77 59 681 78 72 682 93 74 683 118 87 684 121 83 685 117 85 686 116 88 687 122 86 688 117 85 689 124 91 690 122 86 691 115 89 692 114 93 693 126 90 694 115 89 695 113 94 696 128 92 697 114 93 698 130 96 699 128 92 700 112 95 701 132 98 702 130 96 703 111 97 704 121 83 705 132 98 706 110 84 707 119 102 708 109 99 709 120 101 710 118 87 711 119 102 712 121 83 713 123 104 714 108 103 715 119 102 716 122 86 717 123 104 718 118 87 719 125 106 720 107 105 721 123 104 722 124 91 723 125 106 724 122 86 725 106 108 726 107 105 727 127 107 728 126 90 729 127 107 730 124 91 731 105 111 732 106 108 733 129 109 734 128 92 735 129 109 736 126 90 737 131 112 738 104 110 739 129 109 740 130 96 741 131 112 742 128 92 743 133 114 744 103 113 745 131 112 746 132 98 747 133 114 748 130 96 749 120 101 750 102 100 751 133 114 752 121 83 753 120 101 754 132 98 755 150 119 756 153 115 757 149 117 758 148 120 759 154 118 760 149 117 761 156 123 762 154 118 763 147 121 764 146 125 765 158 122 766 147 121 767 145 127 768 160 124 769 146 125 770 144 129 771 162 126 772 145 127 773 143 130 774 164 128 775 144 129 776 153 115 777 164 128 778 142 116 779 151 134 780 141 131 781 152 133 782 150 119 783 151 134 784 153 115 785 140 137 786 141 131 787 155 135 788 154 118 789 155 135 790 150 119 791 157 138 792 139 136 793 155 135 794 156 123 795 157 138 796 154 118 797 138 140 798 139 136 799 159 139 800 158 122 801 159 139 802 156 123 803 137 142 804 138 140 805 161 141 806 160 124 807 161 141 808 158 122 809 136 144 810 137 142 811 163 143 812 162 126 813 163 143 814 160 124 815 135 146 816 136 144 817 165 145 818 164 128 819 165 145 820 162 126 821 152 133 822 134 132 823 165 145 824 153 115 825 152 133 826 164 128 827 166 163 828 170 163 829 167 163 830 167 164 831 171 164 832 168 164 833 168 165 834 172 165 835 169 165 836 169 166 837 173 166 838 166 166 839 169 82 840 166 82 841 168 82 842 173 7 843 172 7 844 170 7 845 174 167 846 178 167 847 175 167 848 175 168 849 179 168 850 176 168 851 176 169 852 180 169 853 177 169 854 177 170 855 181 170 856 174 170 857 177 82 858 174 82 859 176 82 860 178 171 861 181 171 862 179 171 863 182 172 864 186 172 865 183 172 866 183 173 867 187 173 868 184 173 869 184 174 870 188 174 871 185 174 872 185 175 873 189 175 874 182 175 875 182 82 876 183 82 877 185 82 878 186 7 879 189 7 880 187 7 881 191 3 882 190 3 883 192 3 884 194 7 885 193 7 886 190 7 887 195 82 888 191 82 889 192 82 890 196 5 891 192 5 892 193 5 893 197 9 894 190 9 895 191 9 896 200 3 897 198 3 898 199 3 899 199 3 900 201 3 901 200 3 902 203 176 903 205 176 904 204 176 905 204 177 906 202 177 907 203 177 908 208 178 909 206 178 910 207 178 911 207 179 912 209 179 913 208 179 914 211 180 915 213 180 916 212 180 917 212 181 918 210 181 919 211 181 920 215 9 921 221 9 922 217 9 923 217 3 924 220 3 925 216 3 926 214 4 927 219 4 928 215 4 929 216 5 930 218 5 931 214 5 932 220 182 933 225 182 934 224 182 935 218 183 936 223 183 937 219 183 938 220 184 939 222 184 940 218 184 941 221 185 942 223 185 943 225 185 944 226 82 945 233 82 946 239 186 947 231 187 948 232 186 949 239 186 950 230 188 951 231 187 952 238 187 953 230 188 954 237 188 955 236 189 956 228 190 957 229 189 958 236 189 959 228 190 960 235 190 961 234 191 962 226 82 963 227 191 964 234 191 965 240 192 966 243 192 967 242 192 968 247 82 969 254 82 970 260 186 971 252 187 972 253 186 973 260 186 974 251 188 975 252 187 976 259 187 977 251 188 978 258 188 979 257 189 980 249 190 981 250 189 982 257 189 983 249 190 984 256 190 985 255 191 986 247 82 987 248 191 988 255 191 989 264 193 990 263 193 991 266 193 992 268 82 993 275 82 994 281 186 995 273 187 996 274 186 997 281 186 998 272 188 999 273 187 1000 280 187 1001 272 188 1002 279 188 1003 278 189 1004 270 190 1005 271 189 1006 278 189 1007 270 190 1008 277 190 1009 276 191 1010 268 82 1011 269 191 1012 276 191 1013 287 194 1014 285 194 1015 284 194 1016 289 82 1017 296 82 1018 302 186 1019 294 187 1020 295 186 1021 302 186 1022 293 188 1023 294 187 1024 301 187 1025 293 188 1026 300 188 1027 299 189 1028 291 190 1029 292 189 1030 299 189 1031 291 190 1032 298 190 1033 297 191 1034 289 82 1035 290 191 1036 297 191 1037 308 195 1038 306 195 1039 305 195 1040 316 191 1041 310 82 1042 317 82 1043 316 191 1044 323 191 1045 322 190 1046 314 189 1047 315 190 1048 322 190 1049 314 189 1050 321 189 1051 320 188 1052 312 187 1053 313 188 1054 320 188 1055 312 187 1056 319 187 1057 318 186 1058 311 186 1059 318 186 1060 317 82 1061 344 191 1062 337 191 1063 338 82 1064 337 191 1065 331 82 1066 338 82 1067 337 191 1068 344 191 1069 343 190 1070 335 189 1071 336 190 1072 343 190 1073 335 189 1074 342 189 1075 341 188 1076 333 187 1077 334 188 1078 341 188 1079 333 187 1080 340 187 1081 339 186 1082 332 186 1083 339 186 1084 338 82 1085 365 191 1086 358 191 1087 359 82 1088 358 191 1089 352 82 1090 359 82 1091 358 191 1092 365 191 1093 364 190 1094 356 189 1095 357 190 1096 364 190 1097 356 189 1098 363 189 1099 362 188 1100 354 187 1101 355 188 1102 362 188 1103 354 187 1104 361 187 1105 360 186 1106 353 186 1107 360 186 1108 359 82 1109 386 191 1110 379 191 1111 380 82 1112 379 191 1113 373 82 1114 380 82 1115 379 191 1116 386 191 1117 385 190 1118 377 189 1119 378 190 1120 385 190 1121 377 189 1122 384 189 1123 383 188 1124 375 187 1125 376 188 1126 383 188 1127 375 187 1128 382 187 1129 381 186 1130 374 186 1131 381 186 1132 380 82 1133 392 196 1134 390 196 1135 389 196 1136 400 197 1137 394 82 1138 401 82 1139 399 198 1140 400 197 1141 407 197 1142 398 199 1143 399 198 1144 406 198 1145 397 200 1146 398 199 1147 405 199 1148 396 201 1149 397 200 1150 404 200 1151 395 202 1152 396 201 1153 403 201 1154 394 82 1155 395 202 1156 402 202 1157 413 203 1158 411 203 1159 410 203 1160 421 197 1161 415 82 1162 422 82 1163 420 198 1164 421 197 1165 428 197 1166 419 199 1167 420 198 1168 427 198 1169 418 200 1170 419 199 1171 426 199 1172 417 201 1173 418 200 1174 425 200 1175 416 202 1176 417 201 1177 424 201 1178 415 82 1179 416 202 1180 423 202 1181 434 204 1182 432 204 1183 431 204 1184 442 197 1185 436 82 1186 443 82 1187 441 198 1188 442 197 1189 449 197 1190 440 205 1191 441 198 1192 448 198 1193 439 200 1194 440 205 1195 447 199 1196 438 201 1197 439 200 1198 446 200 1199 437 202 1200 438 201 1201 445 201 1202 436 82 1203 437 202 1204 444 202 1205 455 206 1206 453 206 1207 452 206 1208 463 197 1209 457 82 1210 464 82 1211 462 198 1212 463 197 1213 470 197 1214 461 199 1215 462 198 1216 469 198 1217 460 200 1218 461 199 1219 468 199 1220 459 201 1221 460 200 1222 467 200 1223 458 202 1224 459 201 1225 466 201 1226 457 82 1227 458 202 1228 465 202 1229 476 207 1230 474 207 1231 473 207 1232 232 186 1233 226 82 1234 239 186 1235 238 187 1236 231 187 1237 239 186 1238 237 188 1239 230 188 1240 238 187 1241 229 189 1242 230 188 1243 236 189 1244 235 190 1245 228 190 1246 236 189 1247 227 191 1248 228 190 1249 234 191 1250 233 82 1251 226 82 1252 234 191 1253 241 208 1254 240 208 1255 242 208 1256 243 209 1257 240 209 1258 244 209 1259 240 3 1260 246 3 1261 245 3 1262 253 186 1263 247 82 1264 260 186 1265 240 210 1266 245 210 1267 244 210 1268 259 187 1269 252 187 1270 260 186 1271 258 188 1272 251 188 1273 259 187 1274 250 189 1275 251 188 1276 257 189 1277 256 190 1278 249 190 1279 257 189 1280 248 191 1281 249 190 1282 255 191 1283 254 82 1284 247 82 1285 255 191 1286 262 211 1287 261 211 1288 263 211 1289 266 212 1290 265 212 1291 264 212 1292 266 213 1293 263 213 1294 267 213 1295 274 186 1296 268 82 1297 281 186 1298 263 214 1299 261 214 1300 267 214 1301 280 187 1302 273 187 1303 281 186 1304 279 188 1305 272 188 1306 280 187 1307 271 189 1308 272 188 1309 278 189 1310 277 190 1311 270 190 1312 278 189 1313 269 191 1314 270 190 1315 276 191 1316 275 82 1317 268 82 1318 276 191 1319 283 215 1320 287 215 1321 284 215 1322 287 216 1323 286 216 1324 285 216 1325 282 3 1326 288 3 1327 287 3 1328 282 217 1329 287 217 1330 283 217 1331 295 186 1332 289 82 1333 302 186 1334 301 187 1335 294 187 1336 302 186 1337 300 188 1338 293 188 1339 301 187 1340 292 189 1341 293 188 1342 299 189 1343 298 190 1344 291 190 1345 299 189 1346 290 191 1347 291 190 1348 297 191 1349 296 82 1350 289 82 1351 297 191 1352 304 218 1353 308 218 1354 305 218 1355 308 216 1356 307 216 1357 306 216 1358 303 3 1359 309 3 1360 308 3 1361 303 219 1362 308 219 1363 304 219 1364 323 191 1365 316 191 1366 317 82 1367 315 190 1368 316 191 1369 322 190 1370 321 189 1371 314 189 1372 322 190 1373 313 188 1374 314 189 1375 320 188 1376 319 187 1377 312 187 1378 320 188 1379 311 186 1380 312 187 1381 318 186 1382 310 82 1383 311 186 1384 317 82 1385 325 4 1386 324 4 1387 326 4 1388 327 220 1389 326 220 1390 328 220 1391 329 221 1392 326 221 1393 330 221 1394 326 222 1395 329 222 1396 328 222 1397 326 223 1398 324 223 1399 330 223 1400 336 190 1401 337 191 1402 343 190 1403 342 189 1404 335 189 1405 343 190 1406 334 188 1407 335 189 1408 341 188 1409 340 187 1410 333 187 1411 341 188 1412 332 186 1413 333 187 1414 339 186 1415 331 82 1416 332 186 1417 338 82 1418 346 4 1419 345 4 1420 347 4 1421 348 224 1422 347 224 1423 349 224 1424 345 225 1425 351 225 1426 350 225 1427 347 226 1428 345 226 1429 350 226 1430 347 227 1431 350 227 1432 349 227 1433 357 190 1434 358 191 1435 364 190 1436 363 189 1437 356 189 1438 364 190 1439 355 188 1440 356 189 1441 362 188 1442 361 187 1443 354 187 1444 362 188 1445 353 186 1446 354 187 1447 360 186 1448 352 82 1449 353 186 1450 359 82 1451 367 228 1452 371 228 1453 368 228 1454 369 229 1455 368 229 1456 370 229 1457 366 230 1458 372 230 1459 371 230 1460 366 231 1461 371 231 1462 367 231 1463 368 232 1464 371 232 1465 370 232 1466 378 190 1467 379 191 1468 385 190 1469 384 189 1470 377 189 1471 385 190 1472 376 188 1473 377 189 1474 383 188 1475 382 187 1476 375 187 1477 383 188 1478 374 186 1479 375 187 1480 381 186 1481 373 82 1482 374 186 1483 380 82 1484 388 233 1485 392 233 1486 389 233 1487 392 234 1488 391 234 1489 390 234 1490 392 235 1491 388 235 1492 393 235 1493 407 197 1494 400 197 1495 401 82 1496 388 236 1497 387 236 1498 393 236 1499 406 198 1500 399 198 1501 407 197 1502 405 199 1503 398 199 1504 406 198 1505 404 200 1506 397 200 1507 405 199 1508 403 201 1509 396 201 1510 404 200 1511 402 202 1512 395 202 1513 403 201 1514 401 82 1515 394 82 1516 402 202 1517 409 9 1518 413 9 1519 410 9 1520 413 9 1521 412 9 1522 411 9 1523 408 237 1524 414 237 1525 413 237 1526 408 9 1527 413 9 1528 409 9 1529 428 197 1530 421 197 1531 422 82 1532 427 198 1533 420 198 1534 428 197 1535 426 199 1536 419 199 1537 427 198 1538 425 200 1539 418 200 1540 426 199 1541 424 201 1542 417 201 1543 425 200 1544 423 202 1545 416 202 1546 424 201 1547 422 82 1548 415 82 1549 423 202 1550 430 238 1551 434 238 1552 431 238 1553 434 239 1554 433 239 1555 432 239 1556 434 9 1557 430 9 1558 435 9 1559 449 197 1560 442 197 1561 443 82 1562 430 9 1563 429 9 1564 435 9 1565 448 198 1566 441 198 1567 449 197 1568 447 199 1569 440 205 1570 448 198 1571 446 200 1572 439 200 1573 447 199 1574 445 201 1575 438 201 1576 446 200 1577 444 202 1578 437 202 1579 445 201 1580 443 82 1581 436 82 1582 444 202 1583 451 240 1584 455 240 1585 452 240 1586 455 9 1587 454 9 1588 453 9 1589 450 241 1590 456 241 1591 455 241 1592 450 9 1593 455 9 1594 451 9 1595 470 197 1596 463 197 1597 464 82 1598 469 198 1599 462 198 1600 470 197 1601 468 199 1602 461 199 1603 469 198 1604 467 200 1605 460 200 1606 468 199 1607 466 201 1608 459 201 1609 467 200 1610 465 202 1611 458 202 1612 466 201 1613 464 82 1614 457 82 1615 465 202 1616 476 242 1617 475 242 1618 474 242 1619 471 243 1620 477 243 1621 476 243 1622 476 244 1623 473 244 1624 471 244 1625 473 9 1626 472 9 1627 471 9 1628 480 4 1629 478 4 1630 479 4 1631 479 245 1632 481 245 1633 480 245 1634 483 4 1635 485 4 1636 484 4 1637 484 4 1638 482 4 1639 483 4 1640 487 246 1641 489 246 1642 488 246 1643 488 247 1644 486 247 1645 487 247 1646 497 248 1647 495 248 1648 507 248 1649 504 249 1650 506 249 1651 494 249 1652 492 250 1653 495 250 1654 494 250 1655 495 251 1656 496 251 1657 494 251 1658 497 252 1659 498 252 1660 496 252 1661 499 253 1662 500 253 1663 498 253 1664 501 254 1665 502 254 1666 500 254 1667 503 255 1668 504 255 1669 502 255 1670 505 256 1671 506 256 1672 504 256 1673 507 257 1674 490 257 1675 506 257 1676 523 258 1677 525 258 1678 513 258 1679 512 3 1680 510 3 1681 524 3 1682 510 259 1683 513 259 1684 511 259 1685 514 260 1686 513 260 1687 512 260 1688 516 261 1689 515 261 1690 514 261 1691 516 262 1692 519 262 1693 517 262 1694 520 263 1695 519 263 1696 518 263 1697 522 264 1698 521 264 1699 520 264 1700 524 265 1701 523 265 1702 522 265 1703 524 266 1704 509 266 1705 525 266 1706 533 267 1707 531 267 1708 543 267 1709 540 9 1710 542 9 1711 530 9 1712 528 268 1713 531 268 1714 530 268 1715 531 269 1716 532 269 1717 530 269 1718 533 270 1719 534 270 1720 532 270 1721 535 271 1722 536 271 1723 534 271 1724 537 272 1725 538 272 1726 536 272 1727 538 273 1728 541 273 1729 540 273 1730 541 274 1731 542 274 1732 540 274 1733 543 275 1734 526 275 1735 542 275 1736 559 276 1737 561 276 1738 549 276 1739 548 5 1740 546 5 1741 560 5 1742 546 277 1743 549 277 1744 547 277 1745 550 278 1746 549 278 1747 548 278 1748 552 270 1749 551 270 1750 550 270 1751 552 279 1752 555 279 1753 553 279 1754 556 272 1755 555 272 1756 554 272 1757 558 280 1758 557 280 1759 556 280 1760 560 274 1761 559 274 1762 558 274 1763 560 281 1764 545 281 1765 561 281 1766 573 282 1767 571 282 1768 579 282 1769 576 283 1770 578 283 1771 572 283 1772 564 284 1773 567 284 1774 566 284 1775 567 285 1776 568 285 1777 566 285 1778 569 270 1779 570 270 1780 568 270 1781 570 286 1782 573 286 1783 572 286 1784 572 287 1785 575 287 1786 574 287 1787 597 288 1788 581 288 1789 585 288 1790 590 3 1791 588 3 1792 586 3 1793 582 289 1794 585 289 1795 583 289 1796 586 290 1797 585 290 1798 584 290 1799 588 291 1800 587 291 1801 586 291 1802 590 292 1803 589 292 1804 588 292 1805 590 293 1806 593 293 1807 591 293 1808 615 294 1809 599 294 1810 603 294 1811 604 295 1812 602 295 1813 608 295 1814 600 296 1815 603 296 1816 601 296 1817 604 297 1818 603 297 1819 602 297 1820 606 298 1821 605 298 1822 604 298 1823 606 299 1824 609 299 1825 607 299 1826 608 300 1827 611 300 1828 609 300 1829 623 301 1830 621 301 1831 633 301 1832 630 302 1833 632 302 1834 626 302 1835 618 303 1836 621 303 1837 620 303 1838 621 304 1839 622 304 1840 620 304 1841 623 305 1842 624 305 1843 622 305 1844 624 262 1845 627 262 1846 626 262 1847 626 306 1848 629 306 1849 628 306 1850 651 307 1851 635 307 1852 639 307 1853 640 308 1854 638 308 1855 644 308 1856 636 309 1857 639 309 1858 637 309 1859 640 310 1860 639 310 1861 638 310 1862 642 311 1863 641 311 1864 640 311 1865 642 312 1866 645 312 1867 643 312 1868 644 313 1869 647 313 1870 645 313 1871 667 314 1872 665 314 1873 663 314 1874 666 3 1875 668 3 1876 662 3 1877 654 315 1878 657 315 1879 656 315 1880 657 316 1881 658 316 1882 656 316 1883 659 317 1884 660 317 1885 658 317 1886 660 318 1887 663 318 1888 662 318 1889 662 319 1890 665 319 1891 664 319 1892 681 320 1893 679 320 1894 687 320 1895 684 321 1896 686 321 1897 680 321 1898 672 322 1899 675 322 1900 674 322 1901 675 323 1902 676 323 1903 674 323 1904 677 324 1905 678 324 1906 676 324 1907 678 272 1908 681 272 1909 680 272 1910 680 325 1911 683 325 1912 682 325 1913 705 326 1914 689 326 1915 693 326 1916 694 4 1917 692 4 1918 698 4 1919 690 327 1920 693 327 1921 691 327 1922 694 316 1923 693 316 1924 692 316 1925 696 328 1926 695 328 1927 694 328 1928 696 254 1929 699 254 1930 697 254 1931 698 329 1932 701 329 1933 699 329 1934 7 330 1935 707 330 1936 706 330 1937 7 331 1938 708 331 1939 6 331 1940 5 332 1941 708 332 1942 709 332 1943 5 333 1944 707 333 1945 4 333 1946 712 334 1947 711 334 1948 710 334 1949 6 335 1950 710 335 1951 7 335 1952 5 336 1953 712 336 1954 6 336 1955 4 337 1956 710 337 1957 711 337 1958 716 7 1959 715 7 1960 714 7 1961 718 9 1962 716 9 1963 714 9 1964 720 5 1965 715 5 1966 717 5 1967 721 4 1968 717 4 1969 716 4 1970 719 3 1971 714 3 1972 715 3 1973 724 7 1974 723 7 1975 722 7 1976 726 9 1977 724 9 1978 722 9 1979 728 5 1980 723 5 1981 725 5 1982 729 4 1983 725 4 1984 724 4 1985 727 3 1986 722 3 1987 723 3 1988 730 338 1989 732 338 1990 734 338 1991 745 10 1992 738 11 1993 746 12 1994 745 10 1995 753 13 1996 752 14 1997 743 15 1998 744 16 1999 752 14 2000 743 15 2001 751 17 2002 750 18 2003 741 19 2004 742 20 2005 750 18 2006 741 19 2007 749 21 2008 748 22 2009 739 23 2010 740 24 2011 748 22 2012 739 23 2013 747 25 2014 746 12 2015 762 26 2016 765 27 2017 754 28 2018 766 29 2019 762 26 2020 761 30 2021 766 29 2022 760 31 2023 759 32 2024 768 33 2025 759 32 2026 758 34 2027 772 35 2028 770 36 2029 758 34 2030 774 37 2031 772 35 2032 757 38 2033 774 37 2034 756 39 2035 755 40 2036 776 41 2037 755 40 2038 754 28 2039 753 13 2040 746 12 2041 764 42 2042 763 43 2043 764 42 2044 765 27 2045 753 13 2046 763 43 2047 767 44 2048 763 43 2049 762 26 2050 766 29 2051 752 14 2052 767 44 2053 769 45 2054 769 45 2055 767 44 2056 766 29 2057 751 17 2058 769 45 2059 771 46 2060 771 46 2061 769 45 2062 768 33 2063 749 21 2064 750 18 2065 771 46 2066 773 47 2067 771 46 2068 770 36 2069 749 21 2070 773 47 2071 775 48 2072 773 47 2073 772 35 2074 774 37 2075 747 25 2076 748 22 2077 775 48 2078 777 49 2079 775 48 2080 774 37 2081 747 25 2082 777 49 2083 764 42 2084 777 49 2085 776 41 2086 765 27 2087 754 28 2088 779 50 2089 786 51 2090 760 31 2091 761 30 2092 786 51 2093 759 32 2094 760 31 2095 785 339 2096 758 34 2097 759 32 2098 784 340 2099 758 34 2100 783 341 2101 782 55 2102 756 39 2103 757 38 2104 782 55 2105 756 39 2106 781 56 2107 780 57 2108 754 28 2109 755 40 2110 780 57 2111 796 58 2112 787 59 2113 794 60 2114 797 61 2115 795 62 2116 794 60 2117 797 61 2118 793 63 2119 792 64 2120 799 65 2121 798 66 2122 792 64 2123 799 65 2124 791 67 2125 790 68 2126 801 69 2127 800 70 2128 790 68 2129 801 69 2130 789 71 2131 788 72 2132 796 58 2133 802 73 2134 788 72 2135 779 50 2136 796 58 2137 795 62 2138 785 339 2139 786 51 2140 795 62 2141 785 339 2142 797 61 2143 798 66 2144 783 341 2145 784 340 2146 798 66 2147 783 341 2148 799 65 2149 800 70 2150 781 56 2151 782 55 2152 800 70 2153 781 56 2154 801 69 2155 802 73 2156 779 50 2157 780 57 2158 802 73 2159 794 60 2160 787 59 2161 803 74 2162 794 60 2163 810 75 2164 809 76 2165 792 64 2166 793 63 2167 809 76 2168 792 64 2169 808 77 2170 807 78 2171 790 68 2172 791 67 2173 807 78 2174 790 68 2175 806 79 2176 805 80 2177 788 72 2178 789 71 2179 805 80 2180 788 72 2181 804 81 2182 803 74 2183 738 11 2184 745 10 2185 778 82 2186 745 10 2187 744 16 2188 778 82 2189 744 16 2190 743 15 2191 778 82 2192 743 15 2193 742 20 2194 778 82 2195 742 20 2196 741 19 2197 778 82 2198 741 19 2199 740 24 2200 778 82 2201 740 24 2202 739 23 2203 778 82 2204 739 23 2205 738 11 2206 778 82 2207 810 75 2208 803 74 2209 811 7 2210 809 76 2211 810 75 2212 811 7 2213 808 77 2214 809 76 2215 811 7 2216 807 78 2217 808 77 2218 811 7 2219 806 79 2220 807 78 2221 811 7 2222 805 80 2223 806 79 2224 811 7 2225 804 81 2226 805 80 2227 811 7 2228 803 74 2229 804 81 2230 811 7 2231 831 115 2232 820 116 2233 827 117 2234 832 118 2235 828 119 2236 827 117 2237 832 118 2238 826 120 2239 825 121 2240 836 122 2241 834 123 2242 825 121 2243 838 124 2244 836 122 2245 824 125 2246 840 126 2247 838 124 2248 823 127 2249 842 128 2250 840 126 2251 822 129 2252 842 128 2253 821 130 2254 820 116 2255 819 131 2256 812 132 2257 830 133 2258 829 134 2259 830 133 2260 831 115 2261 819 131 2262 829 134 2263 833 135 2264 833 135 2265 829 134 2266 828 119 2267 817 136 2268 818 137 2269 833 135 2270 835 138 2271 833 135 2272 832 118 2273 817 136 2274 835 138 2275 837 139 2276 837 139 2277 835 138 2278 834 123 2279 816 140 2280 837 139 2281 839 141 2282 839 141 2283 837 139 2284 836 122 2285 815 142 2286 839 141 2287 841 143 2288 841 143 2289 839 141 2290 838 124 2291 814 342 2292 841 143 2293 843 145 2294 843 145 2295 841 143 2296 840 126 2297 812 132 2298 813 146 2299 843 145 2300 830 133 2301 843 145 2302 842 128 2303 848 343 2304 849 343 2305 845 343 2306 849 344 2307 850 344 2308 846 344 2309 850 345 2310 851 345 2311 847 345 2312 851 346 2313 848 346 2314 844 346 2315 845 347 2316 846 347 2317 847 347 2318 851 348 2319 850 348 2320 849 348 2321 753 13 2322 745 10 2323 746 12 2324 744 16 2325 745 10 2326 752 14 2327 751 17 2328 743 15 2329 752 14 2330 742 20 2331 743 15 2332 750 18 2333 749 21 2334 741 19 2335 750 18 2336 740 24 2337 741 19 2338 748 22 2339 747 25 2340 739 23 2341 748 22 2342 738 11 2343 739 23 2344 746 12 2345 761 30 2346 762 26 2347 754 28 2348 760 31 2349 766 29 2350 761 30 2351 768 33 2352 766 29 2353 759 32 2354 770 36 2355 768 33 2356 758 34 2357 757 38 2358 772 35 2359 758 34 2360 756 39 2361 774 37 2362 757 38 2363 776 41 2364 774 37 2365 755 40 2366 765 27 2367 776 41 2368 754 28 2369 763 43 2370 753 13 2371 764 42 2372 762 26 2373 763 43 2374 765 27 2375 752 14 2376 753 13 2377 767 44 2378 767 44 2379 763 43 2380 766 29 2381 751 17 2382 752 14 2383 769 45 2384 768 33 2385 769 45 2386 766 29 2387 750 18 2388 751 17 2389 771 46 2390 770 36 2391 771 46 2392 768 33 2393 773 47 2394 749 21 2395 771 46 2396 772 35 2397 773 47 2398 770 36 2399 748 22 2400 749 21 2401 775 48 2402 775 48 2403 773 47 2404 774 37 2405 777 49 2406 747 25 2407 775 48 2408 776 41 2409 777 49 2410 774 37 2411 746 12 2412 747 25 2413 764 42 2414 764 42 2415 777 49 2416 765 27 2417 761 30 2418 754 28 2419 786 51 2420 785 339 2421 760 31 2422 786 51 2423 784 340 2424 759 32 2425 785 339 2426 783 341 2427 758 34 2428 784 340 2429 757 38 2430 758 34 2431 782 55 2432 781 56 2433 756 39 2434 782 55 2435 755 40 2436 756 39 2437 780 57 2438 779 50 2439 754 28 2440 780 57 2441 795 62 2442 796 58 2443 794 60 2444 793 63 2445 797 61 2446 794 60 2447 798 66 2448 797 61 2449 792 64 2450 791 67 2451 799 65 2452 792 64 2453 800 70 2454 799 65 2455 790 68 2456 789 71 2457 801 69 2458 790 68 2459 802 73 2460 801 69 2461 788 72 2462 787 59 2463 796 58 2464 788 72 2465 786 51 2466 779 50 2467 795 62 2468 797 61 2469 785 339 2470 795 62 2471 784 340 2472 785 339 2473 798 66 2474 799 65 2475 783 341 2476 798 66 2477 782 55 2478 783 341 2479 800 70 2480 801 69 2481 781 56 2482 800 70 2483 780 57 2484 781 56 2485 802 73 2486 796 58 2487 779 50 2488 802 73 2489 810 75 2490 794 60 2491 803 74 2492 793 63 2493 794 60 2494 809 76 2495 808 77 2496 792 64 2497 809 76 2498 791 67 2499 792 64 2500 807 78 2501 806 79 2502 790 68 2503 807 78 2504 789 71 2505 790 68 2506 805 80 2507 804 81 2508 788 72 2509 805 80 2510 787 59 2511 788 72 2512 803 74 2513 828 119 2514 831 115 2515 827 117 2516 826 120 2517 832 118 2518 827 117 2519 834 123 2520 832 118 2521 825 121 2522 824 125 2523 836 122 2524 825 121 2525 823 127 2526 838 124 2527 824 125 2528 822 129 2529 840 126 2530 823 127 2531 821 130 2532 842 128 2533 822 129 2534 831 115 2535 842 128 2536 820 116 2537 829 134 2538 819 131 2539 830 133 2540 828 119 2541 829 134 2542 831 115 2543 818 137 2544 819 131 2545 833 135 2546 832 118 2547 833 135 2548 828 119 2549 835 138 2550 817 136 2551 833 135 2552 834 123 2553 835 138 2554 832 118 2555 816 140 2556 817 136 2557 837 139 2558 836 122 2559 837 139 2560 834 123 2561 815 142 2562 816 140 2563 839 141 2564 838 124 2565 839 141 2566 836 122 2567 814 342 2568 815 142 2569 841 143 2570 840 126 2571 841 143 2572 838 124 2573 813 146 2574 814 342 2575 843 145 2576 842 128 2577 843 145 2578 840 126 2579 830 133 2580 812 132 2581 843 145 2582 831 115 2583 830 133 2584 842 128 2585 844 343 2586 848 343 2587 845 343 2588 845 344 2589 849 344 2590 846 344 2591 846 345 2592 850 345 2593 847 345 2594 847 346 2595 851 346 2596 844 346 2597 844 349 2598 845 349 2599 847 349 2600 848 7 2601 851 7 2602 849 7 2603 852 7 2604 854 7 2605 856 7 2606 864 350 2607 865 350 2608 861 350 2609 865 351 2610 866 351 2611 862 351 2612 866 352 2613 867 352 2614 863 352 2615 867 353 2616 864 353 2617 860 353 2618 861 354 2619 862 354 2620 863 354 2621 867 355 2622 866 355 2623 865 355 2624 860 356 2625 864 356 2626 861 356 2627 861 357 2628 865 357 2629 862 357 2630 862 358 2631 866 358 2632 863 358 2633 863 359 2634 867 359 2635 860 359 2636 860 360 2637 861 360 2638 863 360 2639 864 361 2640 867 361 2641 865 361 2642 2 362 2643 706 362 2644 707 362 2645 708 363 2646 706 363 2647 2 363 2648 1 364 2649 709 364 2650 708 364 2651 707 365 2652 709 365 2653 1 365 2654 14 4 2655 15 4 2656 10 4 2657 13 5 2658 14 5 2659 11 5 2660 12 3 2661 13 3 2662 9 3 2663 20 5 2664 24 5 2665 27 5 2666 4 366 2667 711 366 2668 713 366 2669 21 367 2670 20 367 2671 19 367 2672 22 7 2673 17 7 2674 16 7 2675 23 7 2676 16 7 2677 19 7 2678 21 7 2679 18 7 2680 17 7 2681 26 7 2682 27 7 2683 24 7 2684 21 3 2685 25 3 2686 24 3 2687 22 9 2688 26 9 2689 25 9 2690 23 4 2691 27 4 2692 26 4 2693 194 7 2694 196 7 2695 193 7 2696 195 82 2697 197 82 2698 191 82 2699 196 5 2700 195 5 2701 192 5 2702 197 9 2703 194 9 2704 190 9 2705 215 9 2706 219 9 2707 221 9 2708 217 3 2709 221 3 2710 220 3 2711 214 4 2712 218 4 2713 219 4 2714 216 5 2715 220 5 2716 218 5 2717 220 368 2718 221 368 2719 225 368 2720 218 369 2721 222 369 2722 223 369 2723 220 370 2724 224 370 2725 222 370 2726 221 371 2727 219 371 2728 223 371 2729 495 372 2730 493 372 2731 491 372 2732 491 373 2733 507 373 2734 495 373 2735 507 374 2736 505 374 2737 497 374 2738 505 375 2739 503 375 2740 497 375 2741 503 376 2742 501 376 2743 499 376 2744 497 377 2745 503 377 2746 499 377 2747 506 4 2748 490 4 2749 492 4 2750 492 378 2751 494 378 2752 506 378 2753 494 4 2754 496 4 2755 504 4 2756 496 4 2757 498 4 2758 504 4 2759 498 4 2760 500 4 2761 502 4 2762 504 4 2763 498 4 2764 502 4 2765 492 379 2766 493 379 2767 495 379 2768 495 380 2769 497 380 2770 496 380 2771 497 381 2772 499 381 2773 498 381 2774 499 382 2775 501 382 2776 500 382 2777 501 383 2778 503 383 2779 502 383 2780 503 384 2781 505 384 2782 504 384 2783 505 385 2784 507 385 2785 506 385 2786 507 386 2787 491 386 2788 490 386 2789 509 4 2790 511 4 2791 525 4 2792 511 387 2793 513 387 2794 525 387 2795 513 4 2796 515 4 2797 523 4 2798 515 388 2799 517 388 2800 521 388 2801 517 389 2802 519 389 2803 521 389 2804 521 4 2805 523 4 2806 515 4 2807 510 3 2808 508 3 2809 524 3 2810 524 3 2811 522 3 2812 514 3 2813 522 3 2814 520 3 2815 516 3 2816 520 3 2817 518 3 2818 516 3 2819 516 3 2820 514 3 2821 522 3 2822 514 390 2823 512 390 2824 524 390 2825 510 391 2826 512 391 2827 513 391 2828 514 392 2829 515 392 2830 513 392 2831 516 393 2832 517 393 2833 515 393 2834 516 394 2835 518 394 2836 519 394 2837 520 395 2838 521 395 2839 519 395 2840 522 396 2841 523 396 2842 521 396 2843 524 397 2844 525 397 2845 523 397 2846 524 398 2847 508 398 2848 509 398 2849 531 5 2850 529 5 2851 527 5 2852 527 5 2853 543 5 2854 531 5 2855 543 399 2856 541 399 2857 533 399 2858 541 400 2859 539 400 2860 533 400 2861 539 5 2862 537 5 2863 535 5 2864 533 401 2865 539 401 2866 535 401 2867 542 402 2868 526 402 2869 528 402 2870 528 9 2871 530 9 2872 542 9 2873 530 9 2874 532 9 2875 540 9 2876 532 403 2877 534 403 2878 540 403 2879 534 9 2880 536 9 2881 538 9 2882 540 9 2883 534 9 2884 538 9 2885 528 404 2886 529 404 2887 531 404 2888 531 405 2889 533 405 2890 532 405 2891 533 406 2892 535 406 2893 534 406 2894 535 407 2895 537 407 2896 536 407 2897 537 408 2898 539 408 2899 538 408 2900 538 409 2901 539 409 2902 541 409 2903 541 410 2904 543 410 2905 542 410 2906 543 411 2907 527 411 2908 526 411 2909 545 412 2910 547 412 2911 561 412 2912 547 413 2913 549 413 2914 561 413 2915 549 414 2916 551 414 2917 559 414 2918 551 415 2919 553 415 2920 557 415 2921 553 416 2922 555 416 2923 557 416 2924 557 9 2925 559 9 2926 551 9 2927 546 417 2928 544 417 2929 560 417 2930 560 418 2931 558 418 2932 550 418 2933 558 419 2934 556 419 2935 552 419 2936 556 5 2937 554 5 2938 552 5 2939 552 420 2940 550 420 2941 558 420 2942 550 421 2943 548 421 2944 560 421 2945 546 422 2946 548 422 2947 549 422 2948 550 423 2949 551 423 2950 549 423 2951 552 424 2952 553 424 2953 551 424 2954 552 425 2955 554 425 2956 555 425 2957 556 426 2958 557 426 2959 555 426 2960 558 427 2961 559 427 2962 557 427 2963 560 428 2964 561 428 2965 559 428 2966 560 429 2967 544 429 2968 545 429 2969 567 430 2970 565 430 2971 563 430 2972 579 431 2973 577 431 2974 573 431 2975 577 432 2976 575 432 2977 573 432 2978 579 433 2979 571 433 2980 569 433 2981 567 434 2982 563 434 2983 579 434 2984 569 435 2985 567 435 2986 579 435 2987 578 436 2988 562 436 2989 572 436 2990 562 437 2991 564 437 2992 566 437 2993 572 438 2994 562 438 2995 566 438 2996 566 439 2997 568 439 2998 572 439 2999 568 440 3000 570 440 3001 572 440 3002 572 441 3003 574 441 3004 576 441 3005 564 442 3006 565 442 3007 567 442 3008 567 423 3009 569 423 3010 568 423 3011 569 443 3012 571 443 3013 570 443 3014 570 444 3015 571 444 3016 573 444 3017 572 445 3018 573 445 3019 575 445 3020 581 446 3021 583 446 3022 585 446 3023 585 447 3024 587 447 3025 597 447 3026 587 448 3027 589 448 3028 597 448 3029 589 449 3030 591 449 3031 597 449 3032 591 450 3033 593 450 3034 595 450 3035 595 451 3036 597 451 3037 591 451 3038 582 452 3039 580 452 3040 584 452 3041 580 453 3042 596 453 3043 590 453 3044 594 3 3045 592 3 3046 590 3 3047 580 454 3048 590 454 3049 584 454 3050 596 3 3051 594 3 3052 590 3 3053 586 3 3054 584 3 3055 590 3 3056 582 455 3057 584 455 3058 585 455 3059 586 456 3060 587 456 3061 585 456 3062 588 457 3063 589 457 3064 587 457 3065 590 458 3066 591 458 3067 589 458 3068 590 459 3069 592 459 3070 593 459 3071 599 460 3072 601 460 3073 603 460 3074 603 461 3075 605 461 3076 615 461 3077 605 462 3078 607 462 3079 615 462 3080 607 463 3081 609 463 3082 615 463 3083 609 464 3084 611 464 3085 613 464 3086 613 465 3087 615 465 3088 609 465 3089 600 466 3090 598 466 3091 602 466 3092 598 467 3093 614 467 3094 608 467 3095 602 468 3096 598 468 3097 608 468 3098 614 469 3099 612 469 3100 608 469 3101 612 470 3102 610 470 3103 608 470 3104 608 471 3105 606 471 3106 604 471 3107 600 472 3108 602 472 3109 603 472 3110 604 473 3111 605 473 3112 603 473 3113 606 474 3114 607 474 3115 605 474 3116 606 475 3117 608 475 3118 609 475 3119 608 476 3120 610 476 3121 611 476 3122 621 477 3123 619 477 3124 617 477 3125 617 478 3126 633 478 3127 621 478 3128 633 479 3129 631 479 3130 627 479 3131 631 480 3132 629 480 3133 627 480 3134 627 481 3135 625 481 3136 633 481 3137 625 482 3138 623 482 3139 633 482 3140 632 483 3141 616 483 3142 626 483 3143 616 484 3144 618 484 3145 620 484 3146 626 485 3147 616 485 3148 620 485 3149 620 4 3150 622 4 3151 626 4 3152 622 486 3153 624 486 3154 626 486 3155 626 487 3156 628 487 3157 630 487 3158 618 488 3159 619 488 3160 621 488 3161 621 489 3162 623 489 3163 622 489 3164 623 490 3165 625 490 3166 624 490 3167 624 491 3168 625 491 3169 627 491 3170 626 492 3171 627 492 3172 629 492 3173 635 493 3174 637 493 3175 639 493 3176 639 494 3177 641 494 3178 651 494 3179 641 495 3180 643 495 3181 651 495 3182 643 496 3183 645 496 3184 651 496 3185 645 497 3186 647 497 3187 649 497 3188 649 498 3189 651 498 3190 645 498 3191 636 499 3192 634 499 3193 638 499 3194 634 500 3195 650 500 3196 644 500 3197 638 501 3198 634 501 3199 644 501 3200 650 502 3201 648 502 3202 644 502 3203 648 503 3204 646 503 3205 644 503 3206 644 504 3207 642 504 3208 640 504 3209 636 505 3210 638 505 3211 639 505 3212 640 506 3213 641 506 3214 639 506 3215 642 424 3216 643 424 3217 641 424 3218 642 286 3219 644 286 3220 645 286 3221 644 507 3222 646 507 3223 647 507 3224 657 508 3225 655 508 3226 653 508 3227 653 509 3228 669 509 3229 657 509 3230 669 510 3231 667 510 3232 663 510 3233 659 511 3234 669 511 3235 661 511 3236 659 512 3237 657 512 3238 669 512 3239 663 513 3240 661 513 3241 669 513 3242 668 514 3243 652 514 3244 662 514 3245 652 515 3246 654 515 3247 656 515 3248 662 516 3249 652 516 3250 656 516 3251 656 517 3252 658 517 3253 662 517 3254 658 3 3255 660 3 3256 662 3 3257 662 3 3258 664 3 3259 666 3 3260 654 518 3261 655 518 3262 657 518 3263 657 519 3264 659 519 3265 658 519 3266 659 317 3267 661 317 3268 660 317 3269 660 520 3270 661 520 3271 663 520 3272 662 521 3273 663 521 3274 665 521 3275 675 522 3276 673 522 3277 671 522 3278 687 523 3279 685 523 3280 681 523 3281 685 524 3282 683 524 3283 681 524 3284 687 525 3285 679 525 3286 677 525 3287 675 526 3288 671 526 3289 687 526 3290 677 527 3291 675 527 3292 687 527 3293 686 528 3294 670 528 3295 680 528 3296 670 529 3297 672 529 3298 674 529 3299 680 530 3300 670 530 3301 674 530 3302 674 531 3303 676 531 3304 680 531 3305 676 532 3306 678 532 3307 680 532 3308 680 533 3309 682 533 3310 684 533 3311 672 534 3312 673 534 3313 675 534 3314 675 535 3315 677 535 3316 676 535 3317 677 536 3318 679 536 3319 678 536 3320 678 537 3321 679 537 3322 681 537 3323 680 300 3324 681 300 3325 683 300 3326 689 3 3327 691 3 3328 693 3 3329 693 538 3330 695 538 3331 705 538 3332 695 539 3333 697 539 3334 705 539 3335 697 540 3336 699 540 3337 705 540 3338 699 541 3339 701 541 3340 703 541 3341 703 542 3342 705 542 3343 699 542 3344 690 543 3345 688 543 3346 692 543 3347 688 544 3348 704 544 3349 698 544 3350 692 545 3351 688 545 3352 698 545 3353 704 546 3354 702 546 3355 698 546 3356 702 547 3357 700 547 3358 698 547 3359 698 548 3360 696 548 3361 694 548 3362 690 549 3363 692 549 3364 693 549 3365 694 316 3366 695 316 3367 693 316 3368 696 328 3369 697 328 3370 695 328 3371 696 550 3372 698 550 3373 699 550 3374 698 551 3375 700 551 3376 701 551 3377 7 552 3378 4 552 3379 707 552 3380 7 553 3381 706 553 3382 708 553 3383 5 554 3384 6 554 3385 708 554 3386 5 555 3387 709 555 3388 707 555 3389 712 556 3390 713 556 3391 711 556 3392 6 557 3393 712 557 3394 710 557 3395 5 558 3396 713 558 3397 712 558 3398 4 559 3399 7 559 3400 710 559 3401 716 7 3402 717 7 3403 715 7 3404 718 9 3405 721 9 3406 716 9 3407 720 5 3408 719 5 3409 715 5 3410 721 4 3411 720 4 3412 717 4 3413 719 3 3414 718 3 3415 714 3 3416 724 7 3417 725 7 3418 723 7 3419 726 9 3420 729 9 3421 724 9 3422 728 5 3423 727 5 3424 723 5 3425 729 4 3426 728 4 3427 725 4 3428 727 3 3429 726 3 3430 722 3 3431 736 560 3432 737 560 3433 730 560 3434 730 7 3435 731 7 3436 732 7 3437 732 561 3438 733 561 3439 734 561 3440 734 562 3441 735 562 3442 736 562 3443 736 563 3444 730 563 3445 734 563 3446 858 564 3447 859 564 3448 852 564 3449 852 565 3450 853 565 3451 854 565 3452 854 566 3453 855 566 3454 856 566 3455 856 567 3456 857 567 3457 858 567 3458 858 7 3459 852 7 3460 856 7 3461</p>
        </triangles>
      </mesh>
    </geometry>
  </library_geometries>
  <library_visual_scenes>
    <visual_scene id="Scene" name="Scene">
      <node id="house_01" name="house_01" type="NODE">
        <matrix sid="transform">1 0 0 0 0 1 0 0 0 0 1 0 0 0 0 1</matrix>
        <instance_geometry url="#Cube_012-mesh" name="house_01">
          <bind_material>
            <technique_common>
              <instance_material symbol="Material_004-material" target="#Material_004-material">
                <bind_vertex_input semantic="UVMap" input_semantic="TEXCOORD" input_set="0"/>
                <bind_vertex_input semantic="UVMap1" input_semantic="TEXCOORD" input_set="1"/>
                <bind_vertex_input semantic="Cube_002-mesh-map-0" input_semantic="TEXCOORD" input_set="2"/>
                <bind_vertex_input semantic="Cube_002-mesh-map-1" input_semantic="TEXCOORD" input_set="3"/>
              </instance_material>
            </technique_common>
          </bind_material>
        </instance_geometry>
      </node>
    </visual_scene>
  </library_visual_scenes>
  <scene>
    <instance_visual_scene url="#Scene"/>
  </scene>
</COLLADA>