<?xml version="1.0" encoding="utf-8"?>
<COLLADA xmlns="http://www.collada.org/2005/11/COLLADASchema" version="1.4.1" xmlns:xsi="http://www.w3.org/2001/XMLSchema-instance">
  <asset>
    <contributor>
      <author>Blender User</author>
      <authoring_tool>Blender 4.3.1 commit date:2024-12-10, commit time:07:46, hash:33d812126174</authoring_tool>
    </contributor>
    <created>2026-04-09T15:53:10</created>
    <modified>2026-04-09T15:53:10</modified>
    <unit name="centimeter" meter="0.01"/>
    <up_axis>Z_UP</up_axis>
  </asset>
  <library_effects>
    <effect id="Material_003-effect">
      <profile_COMMON>
        <newparam sid="Untitled_004-surface">
          <surface type="2D">
            <init_from>Untitled_004</init_from>
          </surface>
        </newparam>
        <newparam sid="Untitled_004-sampler">
          <sampler2D>
            <source>Untitled_004-surface</source>
          </sampler2D>
        </newparam>
        <technique sid="common">
          <lambert>
            <emission>
              <color sid="emission">0 0 0 1</color>
            </emission>
            <diffuse>
              <texture texture="Untitled_004-sampler" texcoord="Cube_008Mesh-mesh-map-1"/>
            </diffuse>
            <index_of_refraction>
              <float sid="ior">1.5</float>
            </index_of_refraction>
          </lambert>
        </technique>
      </profile_COMMON>
    </effect>
  </library_effects>
  <library_images>
    <image id="Untitled_004" name="Untitled_004">
      <init_from>Untitled.004.png</init_from>
    </image>
  </library_images>
  <library_materials>
    <material id="Material_003-material" name="Material.003">
      <instance_effect url="#Material_003-effect"/>
    </material>
  </library_materials>
  <library_geometries>
    <geometry id="Cube_008Mesh-mesh" name="Cube_008Mesh">
      <mesh>
        <source id="Cube_008Mesh-mesh-positions">
          <float_array id="Cube_008Mesh-mesh-positions-array" count="7914">2.691665 2.228826 20.64853 2.706124 2.603868 20.51837 2.705224 2.580512 20.1611 2.690208 2.191029 20.07044 2.681828 1.973675 20.37168 -13.36166 2.562502 20.64853 -13.34719 2.937548 20.51837 -13.3481 2.914188 20.1611 -13.36311 2.52471 20.07044 -13.37149 2.307352 20.37169 2.706568 6.302127 20.64853 2.721027 6.677174 20.51837 2.720128 6.653816 20.1611 2.705111 6.264331 20.07044 2.696731 6.046976 20.37168 -13.34676 6.635803 20.64853 -13.33229 7.010854 20.51837 -13.33319 6.987493 20.1611 -13.34821 6.598015 20.07044 -13.35659 6.380652 20.37169 2.721282 10.32345 20.64895 2.735223 10.55713 20.328 2.733592 10.33405 20.04796 2.718642 9.962494 20.19583 2.711033 9.955946 20.56726 -13.33222 10.60795 20.49204 -13.31827 10.84164 20.17109 -13.31991 10.61856 19.89105 -13.33486 10.247 20.03891 -13.34247 10.24045 20.41034 2.664617 -5.163978 19.71551 2.678559 -4.930297 19.39456 2.676928 -5.153375 19.11452 2.661978 -5.524939 19.26239 2.654369 -5.531485 19.63382 -13.38889 -4.879474 19.55859 -13.37494 -4.645791 19.23765 -13.37657 -4.868875 18.95761 -13.39152 -5.240427 19.10547 -13.39913 -5.246982 19.47691 -9.523836 12.81473 21.26042 -9.757493 12.83226 20.93948 -9.534418 12.83047 20.65943 -9.162878 12.81184 20.80731 -9.156339 12.80211 21.17873 -9.831727 -7.72347 21.10351 -10.06539 -7.705935 20.78256 -9.842308 -7.707715 20.50252 -9.470775 -7.726354 20.65039 -9.464229 -7.736074 21.02182 -6.234139 12.80372 21.22988 -6.567621 12.82158 21.01452 -6.460241 12.82017 20.67297 -6.060385 12.80146 20.67723 -5.92065 12.79127 21.02142 -6.583367 -7.734344 21.1647 -6.916853 -7.716475 20.94935 -6.809469 -7.717869 20.60779 -6.409621 -7.736602 20.61205 -6.269877 -7.746768 20.95625 -2.887128 12.79252 21.1722 -3.268807 12.81053 21.06309 -3.265346 12.80948 20.70508 -2.881517 12.79081 20.5929 -2.647769 12.78032 20.8816 -3.243766 -7.745524 21.18748 -3.62545 -7.727495 21.07837 -3.621984 -7.728539 20.72035 -3.238166 -7.74722 20.60819 -3.004408 -7.7577 20.89689 -0.4012491 12.78419 21.14828 -0.4325684 12.80104 20.75249 -0.09597903 12.79887 20.63044 0.1433722 12.78069 20.95082 -0.0452975 12.77161 21.27085 -0.5937528 -7.754396 20.96241 -0.6250762 -7.737539 20.56662 -0.2884829 -7.7397 20.44458 -0.04913616 -7.757896 20.76494 -0.2378013 -7.766963 21.08499 2.459532 2.238157 14.97271 2.473562 2.602058 14.84642 2.47269 2.579395 14.49976 2.458119 2.201483 14.41179 2.449988 1.990586 14.70409 -13.11684 2.561919 14.97271 -13.1028 2.925825 14.84642 -13.10367 2.903158 14.49976 -13.11824 2.525249 14.41179 -13.12637 2.31435 14.70409 2.473993 6.190437 14.97271 2.488022 6.554342 14.84642 2.48715 6.53168 14.49976 2.47258 6.153763 14.41179 2.464448 5.942867 14.70409 -13.10238 6.5142 14.97271 -13.08834 6.878105 14.84642 -13.08921 6.855443 14.49976 -13.10378 6.477533 14.41179 -13.11191 6.26663 14.70409 2.488268 10.09228 14.97311 2.501796 10.31902 14.6617 2.500215 10.10257 14.38998 2.485709 9.742052 14.53345 2.478325 9.735698 14.89385 -13.08827 10.36834 14.82086 -13.07474 10.59508 14.50945 -13.07633 10.37862 14.23772 -13.09083 10.01811 14.3812 -13.09821 10.01175 14.7416 2.433288 -4.934999 14.97311 2.446815 -4.708261 14.6617 2.445234 -4.924713 14.38998 2.430729 -5.285233 14.53345 2.423345 -5.291588 14.89385 -13.14326 -4.65895 14.82086 -13.12972 -4.432209 14.50945 -13.13131 -4.648664 14.23772 -13.14581 -5.009178 14.3812 -13.15319 -5.015538 14.7416 -9.396794 12.40791 15.56642 -9.623517 12.42536 15.25501 -9.407069 12.42354 14.98329 -9.046564 12.40496 15.12677 -9.040218 12.3953 15.48716 -9.69043 -7.975165 15.41417 -9.917156 -7.957714 15.10276 -9.700705 -7.959537 14.83104 -9.340207 -7.978114 14.97451 -9.333853 -7.987769 15.33491 -6.204841 12.39624 15.53679 -6.528418 12.41403 15.32783 -6.424228 12.41262 14.99642 -6.036246 12.39395 15.00055 -5.900662 12.38381 15.33452 -6.538584 -7.986697 15.47354 -6.862166 -7.968892 15.26459 -6.757973 -7.970304 14.93318 -6.37 -7.988981 14.93732 -6.234406 -7.999109 15.27129 -2.957271 12.38435 15.48082 -3.327615 12.40232 15.37495 -3.324255 12.40128 15.02757 -2.951828 12.38266 14.91874 -2.725022 12.3722 15.19886 -3.298207 -7.998552 15.49565 -3.668554 -7.980576 15.38978 -3.665193 -7.98162 15.0424 -3.292772 -8.000242 14.93356 -3.065957 -8.010703 15.21369 -0.5452504 12.37553 15.52159 -0.5756435 12.39225 15.13756 -0.2490538 12.39003 15.01915 -0.01680982 12.37193 15.33 -0.1998721 12.36296 15.64053 -0.7269281 -8.007962 15.27726 -0.7573245 -7.991227 14.89323 -0.4307315 -7.993454 14.77482 -0.1984915 -8.011563 15.08566 -0.3815498 -8.020524 15.3962 2.676963 -1.789553 20.64853 2.691422 -1.414502 20.51837 2.690522 -1.437859 20.1611 2.675506 -1.827349 20.07044 2.667126 -2.044703 20.37168 -13.37636 -1.455872 20.64853 -13.3619 -1.080826 20.51837 -13.3628 -1.104182 20.1611 -13.37781 -1.493664 20.07044 -13.38619 -1.711027 20.37169 2.445267 -1.66083 14.97271 2.459297 -1.296924 14.84642 2.458424 -1.319587 14.49976 2.443854 -1.697504 14.41179 2.435723 -1.908401 14.70409 -13.1311 -1.337068 14.97271 -13.11706 -0.9731617 14.84642 -13.11793 -0.9958248 14.49976 -13.13251 -1.373734 14.41179 -13.14064 -1.584636 14.70409 -12.58802 11.55241 15.58319 -12.57142 11.21099 15.48552 -12.57117 11.21412 15.16504 -12.5876 11.55748 15.06462 -12.59801 11.76655 15.32306 -3.141182 11.9789 15.59687 -3.124593 11.63748 15.4992 -3.124336 11.64061 15.17871 -3.140769 11.98396 15.0783 -3.151185 12.19304 15.33674 13.76139 4.411756 -2.225999 15.9983 12.96039 11.73565 7.114615 12.93272 -2.225998 14.63481 11.84856 -2.225999 13.76139 4.411756 12.28839 14.45208 4.818353 12.43299 7.114616 12.93272 12.28839 14.63481 11.84856 12.28839 6.929332 14.27854 12.28011 5.688396 5.843565 12.37097 14.71232 4.263093 11.82894 6.137486 6.28485 12.936 7.255825 13.73249 12.85167 15.61222 12.50942 12.34641 13.81563 4.261859 10.93838 6.981541 13.02294 10.93838 14.71366 11.90823 10.93838 13.81563 4.261859 11.74358 6.981541 13.02294 11.74358 14.71366 11.90823 11.74358 13.81563 4.261859 9.100098 6.981541 13.02294 9.100098 14.71366 11.90823 9.100098 13.81563 4.261859 9.773694 6.981541 13.02294 9.773694 14.71366 11.90823 9.773694 14.35009 8.771795 -1.724518 14.47166 9.642899 -1.724518 14.35009 8.771795 11.78691 14.47167 9.642899 11.78691 12.95176 12.34739 -1.724518 12.08165 12.47587 -1.724518 12.95176 12.34739 11.78691 12.08165 12.47587 11.78691 9.485554 12.85522 -1.724517 8.615442 12.98369 -1.724517 9.485555 12.85522 11.78691 8.615443 12.98369 11.78691 13.92554 3.958047 9.436897 6.711828 13.20581 9.436897 14.87346 12.02918 9.436897 14.87235 12.02833 11.34098 6.7137 13.20454 11.34098 13.92477 3.960157 11.34098 9.448652 12.85946 6.019124 12.30257 12.41014 6.019124 9.448652 12.85946 11.0965 12.30257 12.41014 11.0965 14.11513 6.650376 9.70541 14.35465 9.024339 9.70541 14.11513 6.650376 10.97355 14.35465 9.024339 10.97355 14.01133 5.978182 -1.724518 14.1329 6.849288 -1.724518 14.01133 5.978182 11.78691 14.1329 6.849288 11.78691 12.87779 11.84643 -1.724518 12.00768 11.9749 -1.724518 12.87779 11.84643 11.78691 12.00768 11.9749 11.78691 9.411588 12.35425 -1.724517 8.541473 12.48273 -1.724517 9.411589 12.35425 11.78691 8.541474 12.48273 11.78691 -17.89999 -7.528085 -2.751899 -12.79979 22.24459 -2.751899 8.955369 15.51369 -2.751899 -15.91154 -6.019705 13.17701 -11.42834 20.15117 13.17701 7.69494 14.23456 13.177 -12.09711 -9.436836 13.17701 -13.51963 -11.42111 -2.751899 -18.31223 12.21895 -2.751899 -16.24018 11.534 13.17701 -2.928885 18.61246 13.177 -3.676512 20.59294 -2.751899 -1.287766 15.86075 13.177 -1.547783 17.41516 -2.751899 -0.05131912 -10.53867 12.27327 -15.1292 -5.442937 13.17092 -11.12044 18.73987 13.17092 6.618425 13.14465 13.17092 -11.74815 -8.471834 13.17092 -15.37027 11.12914 13.17092 -3.332678 17.32999 13.17092 -1.738877 14.65763 13.17092 3.758347 -10.9362 9.84458 -15.5216 -5.52062 9.844582 -11.21488 19.62013 9.844582 7.155692 13.93641 9.84458 -11.85731 -8.803248 9.844582 -15.83731 11.34215 9.844582 -3.049967 18.14199 9.844582 -1.473445 15.4986 9.844582 -12.09711 -9.436836 13.17092 -15.91154 -6.019705 13.17092 -16.24018 11.534 13.17092 -11.42834 20.15117 13.17092 -1.287766 15.86075 13.17092 7.69494 14.23456 13.17092 0.7235532 -11.65718 12.27327 -2.928885 18.61246 13.17092 4.032976 -12.69318 -2.104142 -16.96871 -6.79096 -2.104141 -12.46939 20.64874 -2.104141 7.71735 14.2808 -2.104142 -0.06679916 -10.55995 12.27225 -15.09293 -5.371753 13.1699 -11.13792 18.74838 13.1699 6.606694 13.15082 13.1699 -11.67611 -8.505064 13.1699 -13.04297 -10.36078 -2.104141 -17.35794 11.85353 -2.104141 -15.40322 11.20187 13.1699 -3.272198 17.31732 13.1699 -4.036592 19.11404 -2.104142 -1.729918 14.66648 13.1699 -2.034919 16.05363 -2.104142 1.409669 -7.216613 14.33439 -11.98182 -7.167618 14.33439 -11.91261 11.7502 14.33439 1.478883 11.70121 14.33439 1.409669 -7.216613 20.41917 -11.98182 -7.167618 20.41917 -11.91261 11.7502 20.41917 1.478884 11.70121 20.41917 1.33049 -7.126497 9.216669 -11.90199 -7.078083 9.216669 -11.88141 -1.454002 9.216669 1.351066 -1.502416 9.216669 1.330491 -7.126497 14.46911 -11.90199 -7.078083 14.46912 -11.88141 -1.454002 14.46912 1.351067 -1.502416 14.46911 1.378456 5.983634 8.901087 -11.85402 6.032048 8.901089 -11.83345 11.65613 8.901087 1.399033 11.60771 8.901087 1.378456 5.983634 14.69448 -11.85402 6.032048 14.69448 -11.83345 11.65613 14.69448 1.399034 11.60771 14.69448 1.445039 -7.266969 19.24065 -12.01756 -7.217714 19.24065 -11.94798 11.80056 19.24065 1.514621 11.7513 19.24065 1.445039 -7.266969 20.22149 -12.01756 -7.217714 20.22149 -11.94798 11.80056 20.22149 1.514621 11.7513 20.22149 -12.16933 -7.43045 19.73107 1.59524 -7.48081 19.73107 -12.09818 12.0144 19.73107 1.666383 11.96404 19.73107 1.645418 6.654982 20.59038 1.642474 5.850409 20.59038 1.645418 6.654982 14.45011 1.642474 5.850409 14.45011 1.29312 5.851687 14.45011 1.296064 6.656261 14.45011 1.29312 5.851687 20.59038 1.296064 6.656261 20.59038 1.658528 10.23796 20.51939 1.655583 9.433392 20.51939 1.658527 10.23796 9.713566 1.655583 9.433392 9.713568 1.306228 9.434669 9.713568 1.309173 10.23924 9.713566 1.306229 9.434669 20.51939 1.309173 10.23924 20.51939 1.603649 -4.76133 20.51939 1.600705 -5.565904 20.51939 1.603649 -4.76133 9.713566 1.600705 -5.565904 9.713568 1.25135 -5.564626 9.713568 1.254294 -4.760052 9.713566 1.251351 -5.564626 20.51939 1.254295 -4.760052 20.51939 1.616758 -1.178347 20.59038 1.613814 -1.982922 20.59038 1.616758 -1.178347 14.45011 1.613814 -1.982922 14.45011 1.264459 -1.981644 14.45011 1.267404 -1.177069 14.45011 1.26446 -1.981644 20.59038 1.267404 -1.177069 20.59038 1.630935 2.696435 20.59038 1.627991 1.891862 20.59038 1.630935 2.696435 14.45011 1.627991 1.891862 14.45011 1.278636 1.89314 14.45011 1.281581 2.697713 14.45011 1.278637 1.89314 20.59038 1.281581 2.697713 20.59038 0.581169 -1.573173 9.530899 0.8805281 -2.096088 9.530899 1.483065 -2.098293 9.530899 1.786242 -1.577582 9.530899 1.486883 -1.054667 9.530899 0.8843465 -1.052462 9.530899 0.4323918 -1.572628 14.35941 0.8056688 -2.224662 14.35941 1.556982 -2.227411 14.35941 1.935021 -1.578126 14.35941 1.561744 -0.9260922 14.35941 0.8104301 -0.9233432 14.35941 0.8805283 -2.096088 13.8986 1.483065 -2.098293 13.8986 1.786243 -1.577582 13.8986 1.486883 -1.054667 13.8986 0.8843467 -1.052462 13.8986 0.5811693 -1.573173 13.8986 0.5952147 2.265833 9.530899 0.8945739 1.742918 9.530899 1.49711 1.740713 9.530899 1.800289 2.261424 9.530899 1.500929 2.784339 9.530899 0.8983923 2.786544 9.530899 0.4464376 2.266377 14.35941 0.8197148 1.614344 14.35941 1.571028 1.611595 14.35941 1.949066 2.260879 14.35941 1.57579 2.912912 14.35941 0.8244759 2.915661 14.35941 0.8945742 1.742918 13.8986 1.497111 1.740713 13.8986 1.800289 2.261424 13.8986 1.500929 2.784339 13.8986 0.8983926 2.786544 13.8986 0.595215 2.265833 13.8986 0.6092603 6.104839 9.530899 0.9086198 5.581923 9.530899 1.511156 5.579719 9.530899 1.814334 6.10043 9.530899 1.514975 6.623344 9.530899 0.9124382 6.625549 9.530899 0.4604832 6.105383 14.35941 0.8337605 5.453348 14.35941 1.585074 5.4506 14.35941 1.963112 6.099885 14.35941 1.589835 6.751917 14.35941 0.8385215 6.754666 14.35941 0.90862 5.581923 13.8986 1.511157 5.579719 13.8986 1.814334 6.10043 13.8986 1.514975 6.623344 13.8986 0.9124384 6.625549 13.8986 0.6092606 6.104839 13.8986 1.445039 -7.266969 14.31855 -12.01756 -7.217713 14.31855 -11.94798 11.80056 14.31855 1.514621 11.7513 14.31855 1.445039 -7.266969 15.12096 -12.01756 -7.217713 15.12096 -11.94798 11.80056 15.12096 1.514621 11.7513 15.12096 -12.16933 -7.430449 14.71975 1.59524 -7.48081 14.71975 -12.09818 12.0144 14.71975 1.666383 11.96404 14.71975 1.426112 -7.240025 15.16511 -11.99844 -7.190909 15.16511 -11.92905 11.77361 15.16511 1.495498 11.7245 15.16511 1.426112 -7.240025 16.27408 -11.99844 -7.190909 16.27408 -11.92905 11.77361 16.27408 1.495498 11.7245 16.27408 -11.99013 -7.179259 15.71959 1.41789 -7.228315 15.71959 -11.92083 11.76191 15.71959 1.48719 11.71285 15.71959 1.50936 -1.883173 19.13114 1.498584 -4.828126 19.13114 1.50936 -1.883173 17.62654 1.498584 -4.828126 17.62654 1.523055 1.859902 19.13114 1.512279 -1.085051 19.13114 1.523055 1.859902 17.62654 1.512279 -1.085051 17.62654 1.537418 5.785533 19.13114 1.526642 2.84058 19.13114 1.537418 5.785533 17.62654 1.526642 2.84058 17.62654 1.551112 9.52861 19.13114 1.540337 6.583656 19.13114 1.551112 9.52861 17.62654 1.540337 6.583656 17.62654 -12.13783 -2.441817 20.59038 -12.13489 -1.637244 20.59038 -12.13783 -2.441817 14.45012 -12.13489 -1.637244 14.45012 -11.78553 -1.638522 14.45012 -11.78848 -2.443095 14.45012 -11.78553 -1.638522 20.59038 -11.78848 -2.443095 20.59038 -12.15094 -6.024798 20.51939 -12.148 -5.220224 20.51939 -12.15094 -6.024798 9.713568 -12.148 -5.220224 9.713568 -11.79864 -5.221501 9.713568 -11.80159 -6.026076 9.713568 -11.79864 -5.221501 20.51939 -11.80159 -6.026076 20.51939 -12.09606 8.974495 20.51939 -12.09312 9.779068 20.51939 -12.09606 8.974495 9.713568 -12.09312 9.779068 9.713568 -11.74376 9.777791 9.713568 -11.74671 8.973217 9.713568 -11.74376 9.777791 20.51939 -11.74671 8.973217 20.51939 -12.10917 5.391513 20.59038 -12.10623 6.196087 20.59038 -12.10917 5.391513 14.45012 -12.10623 6.196087 14.45012 -11.75687 6.194808 14.45012 -11.75982 5.390234 14.45012 -11.75687 6.194808 20.59038 -11.75982 5.390234 20.59038 -12.12335 1.51673 20.59038 -12.1204 2.321303 20.59038 -12.12335 1.51673 14.45012 -12.1204 2.321303 14.45012 -11.77105 2.320025 14.45012 -11.77399 1.515452 14.45012 -11.77105 2.320025 20.59038 -11.77399 1.515452 20.59038 -11.07358 5.786338 9.5309 -11.37294 6.309254 9.5309 -11.97548 6.311459 9.5309 -12.27865 5.790747 9.5309 -11.9793 5.267833 9.5309 -11.37676 5.265628 9.5309 -10.92481 5.785794 14.35941 -11.29808 6.437828 14.35941 -12.0494 6.440577 14.35941 -12.42744 5.791291 14.35941 -12.05416 5.139258 14.35941 -11.30284 5.136509 14.35941 -11.37294 6.309254 13.8986 -11.97548 6.311459 13.8986 -12.27865 5.790747 13.8986 -11.9793 5.267833 13.8986 -11.37676 5.265628 13.8986 -11.07358 5.786338 13.8986 -11.08763 1.947333 9.5309 -11.38699 2.470249 9.5309 -11.98953 2.472453 9.5309 -12.2927 1.951742 9.5309 -11.99335 1.428826 9.5309 -11.39081 1.426622 9.5309 -10.93885 1.946789 14.35941 -11.31213 2.598822 14.35941 -12.06345 2.601571 14.35941 -12.44148 1.952286 14.35941 -12.06821 1.300253 14.35941 -11.31689 1.297504 14.35941 -11.38699 2.470249 13.8986 -11.98953 2.472453 13.8986 -12.2927 1.951742 13.8986 -11.99335 1.428826 13.8986 -11.39081 1.426622 13.8986 -11.08763 1.947333 13.8986 -11.10167 -1.891672 9.5309 -11.40104 -1.368757 9.5309 -12.00357 -1.366552 9.5309 -12.30675 -1.887263 9.5309 -12.00739 -2.410179 9.5309 -11.40485 -2.412385 9.5309 -10.9529 -1.892217 14.35941 -11.32617 -1.240183 14.35941 -12.07749 -1.237434 14.35941 -12.45553 -1.886719 14.35941 -12.08225 -2.538752 14.35941 -11.33094 -2.541501 14.35941 -11.40104 -1.368757 13.8986 -12.00357 -1.366552 13.8986 -12.30675 -1.887263 13.8986 -12.00739 -2.410179 13.8986 -11.40485 -2.412385 13.8986 -11.10167 -1.891672 13.8986 -12.01547 2.353264 19.64247 -12.0047 5.298216 19.64247 -12.01547 2.353264 17.68107 -12.0047 5.298216 17.68107 -12.02983 -1.572367 19.64247 -12.01906 1.372585 19.64247 -12.02983 -1.572367 17.68107 -12.01906 1.372585 17.68107 1.445038 -7.266968 17.44671 -12.01756 -7.217712 17.44671 -11.94798 11.80056 17.44671 1.51462 11.7513 17.44671 1.445038 -7.266968 17.99758 -12.01756 -7.217712 17.99758 -11.94798 11.80056 17.99758 1.51462 11.7513 17.99758 -12.16932 -7.430448 17.72215 1.59524 -7.480807 17.72215 -12.09818 12.0144 17.72215 1.666383 11.96404 17.72215 -12.04365 -5.348374 19.64247 -12.03287 -2.40342 19.64247 -12.04365 -5.348374 17.68107 -12.03287 -2.40342 17.68107 -9.205724 -7.51308 20.51939 -9.89657 -7.51055 20.51939 -9.205725 -7.51308 9.713568 -9.896571 -7.51055 9.713568 -9.895293 -7.161197 9.713568 -9.204447 -7.163728 9.713568 -9.895292 -7.161197 20.51939 -9.204446 -7.163728 20.51939 -6.734355 -7.417302 19.13114 -9.263029 -7.40805 19.13114 -6.734355 -7.417302 17.62654 -9.263029 -7.40805 17.62654 -6.217803 -7.524013 20.51939 -6.908647 -7.521483 20.51939 -6.217804 -7.524013 9.713568 -6.908647 -7.521483 9.713568 -6.907369 -7.17213 9.713568 -6.216526 -7.174661 9.713568 -6.907369 -7.17213 20.51939 -6.216526 -7.174661 20.51939 -3.229883 -7.534945 20.51939 -3.920726 -7.532415 20.51939 -3.229884 -7.534945 9.713568 -3.920727 -7.532415 9.713568 -3.919449 -7.183062 9.713568 -3.228605 -7.185593 9.713568 -3.919448 -7.183062 20.51939 -3.228605 -7.185593 20.51939 -0.7585163 -7.439167 19.13114 -3.287184 -7.429914 19.13114 -0.7585163 -7.439167 17.62654 -3.287184 -7.429914 17.62654 -0.2419641 -7.545876 20.51939 -0.9328063 -7.543347 20.51939 -0.2419646 -7.545876 9.713568 -0.9328067 -7.543347 9.713568 -0.9315285 -7.193994 9.713568 -0.2406864 -7.196525 9.713568 -0.931528 -7.193994 20.51939 -0.2406859 -7.196525 20.51939 -2.33241 -1.562513 9.530899 -2.03305 -2.085428 9.530899 -1.430513 -2.087632 9.530899 -1.127335 -1.566922 9.530899 -1.426695 -1.044006 9.530899 -2.029232 -1.041802 9.530899 -2.481187 -1.561969 14.35941 -2.10791 -2.214002 14.35941 -1.356595 -2.21675 14.35941 -0.9785575 -1.567466 14.35941 -1.351834 -0.915432 14.35941 -2.103148 -0.9126835 14.35941 -2.03305 -2.085428 13.8986 -1.430513 -2.087632 13.8986 -1.127335 -1.566922 13.8986 -1.426694 -1.044006 13.8986 -2.029232 -1.041802 13.8986 -2.332409 -1.562513 13.8986 -2.318364 2.276493 9.530899 -2.019004 1.753578 9.530899 -1.416467 1.751373 9.530899 -1.113289 2.272083 9.530899 -1.412649 2.794999 9.530899 -2.015186 2.797204 9.530899 -2.467141 2.277037 14.35941 -2.093864 1.625004 14.35941 -1.342549 1.622255 14.35941 -0.9645118 2.271539 14.35941 -1.337788 2.923572 14.35941 -2.089103 2.926321 14.35941 -2.019004 1.753578 13.8986 -1.416467 1.751373 13.8986 -1.113289 2.272083 13.8986 -1.412649 2.794999 13.8986 -2.015186 2.797204 13.8986 -2.318364 2.276493 13.8986 -2.304318 6.115499 9.530899 -2.004959 5.592583 9.530899 -1.402421 5.590379 9.530899 -1.099243 6.11109 9.530899 -1.398603 6.634005 9.530899 -2.00114 6.636209 9.530899 -2.453095 6.116043 14.35941 -2.079818 5.464008 14.35941 -1.328504 5.46126 14.35941 -0.9504659 6.110546 14.35941 -1.323742 6.762578 14.35941 -2.075057 6.765326 14.35941 -2.004958 5.592583 13.8986 -1.402421 5.590379 13.8986 -1.099243 6.11109 13.8986 -1.398603 6.634005 13.8986 -2.00114 6.636209 13.8986 -2.304318 6.115499 13.8986 -9.593522 -1.535947 9.530899 -9.294165 -2.058862 9.530899 -8.691628 -2.061067 9.530899 -8.388451 -1.540355 9.530899 -8.687809 -1.01744 9.530899 -9.290347 -1.015235 9.530899 -9.742302 -1.535402 14.35941 -9.36902 -2.187436 14.35941 -8.617712 -2.190185 14.35941 -8.239672 -1.5409 14.35941 -8.612952 -0.8888664 14.35941 -9.364259 -0.8861175 14.35941 -9.294165 -2.058862 13.8986 -8.691628 -2.061067 13.8986 -8.388451 -1.540355 13.8986 -8.687809 -1.01744 13.8986 -9.290347 -1.015235 13.8986 -9.593522 -1.535947 13.8986 -9.579476 2.303059 9.530899 -9.280118 1.780144 9.530899 -8.677582 1.777939 9.530899 -8.374404 2.29865 9.530899 -8.673765 2.821565 9.530899 -9.2763 2.82377 9.530899 -9.728257 2.303603 14.35941 -9.354974 1.65157 14.35941 -8.603666 1.648821 14.35941 -8.225626 2.298105 14.35941 -8.598904 2.950139 14.35941 -9.350214 2.952887 14.35941 -9.280118 1.780144 13.8986 -8.677582 1.777939 13.8986 -8.374404 2.29865 13.8986 -8.673765 2.821565 13.8986 -9.2763 2.82377 13.8986 -9.579476 2.303059 13.8986 -9.565429 6.142065 9.530899 -9.266074 5.619149 9.530899 -8.663537 5.616945 9.530899 -8.36036 6.137656 9.530899 -8.659718 6.660571 9.530899 -9.262254 6.662775 9.530899 -9.71421 6.14261 14.35941 -9.340929 5.490575 14.35941 -8.589619 5.487826 14.35941 -8.211582 6.137112 14.35941 -8.584858 6.789144 14.35941 -9.336168 6.791892 14.35941 -9.266074 5.619149 13.8986 -8.663537 5.616945 13.8986 -8.36036 6.137656 13.8986 -8.659718 6.660571 13.8986 -9.262254 6.662775 13.8986 -9.565429 6.142065 13.8986 -1.610248 8.73719 8.901089 -1.658663 -4.495311 8.901089 -8.965171 -4.468579 8.901089 -8.916758 8.763922 8.901089 -1.610248 8.73719 14.69448 -1.658663 -4.495311 14.69448 -8.965171 -4.468579 14.69448 -8.916758 8.763922 14.69448 5.529606 -3.264257 8.850103 6.716653 5.426287 8.850103 5.529606 -3.264257 10.04514 4.345566 -3.10253 10.04514 5.532603 5.588016 10.04514 6.716653 5.426287 10.04514 6.653238 -3.417736 7.79715 7.840279 5.27281 7.79715 6.653238 -3.417736 8.99219 5.469194 -3.256006 8.99219 6.656235 5.434539 8.99219 7.840279 5.27281 8.99219 7.700428 -3.560771 6.790831 8.887472 5.129774 6.790831 7.700428 -3.560771 7.985869 6.516385 -3.399043 7.985869 7.703426 5.291503 7.985869 8.887472 5.129774 7.985869 8.824062 -3.714249 5.737879 10.0111 4.976297 5.737879 8.824062 -3.714249 6.932917 7.640016 -3.552519 6.932917 8.827058 5.138026 6.932917 10.0111 4.976297 6.932917 9.970026 -3.870775 4.609808 11.15707 4.81977 4.609808 9.970026 -3.870775 5.804848 8.785984 -3.709048 5.804848 9.973025 4.981499 5.804848 11.15707 4.81977 5.804848 11.09366 -4.024252 3.556858 12.2807 4.666293 3.556858 11.09366 -4.024252 4.751896 9.909609 -3.862524 4.751896 11.09665 4.828022 4.751896 12.2807 4.666293 4.751896 12.19315 -4.174433 2.58694 13.38019 4.516112 2.58694 12.19315 -4.174433 3.781977 11.00911 -4.012705 3.781977 12.19615 4.677841 3.781977 13.38019 4.516112 3.781977 15.35092 -5.603457 -4.679583 16.70133 4.283139 -4.679583 13.31678 -4.32791 2.729025 12.13274 -4.166182 2.729025 13.31978 4.524364 2.729025 14.50382 4.362636 2.729025 4.461828 -12.25196 8.098114 -16.25319 -6.399573 8.098114 -11.80948 20.65229 8.098114 8.127801 14.51067 8.098114 4.461828 -12.25196 8.899914 -16.25319 -6.399573 8.899916 -11.80948 20.65229 8.899916 8.127801 14.51067 8.899914 -12.47273 -9.938867 8.899916 -12.43418 -9.944134 8.098114 -16.73111 11.51997 8.098114 -16.695 11.72932 8.899916 -2.91943 19.03365 8.944349 -2.942863 19.05968 8.054951 -1.197509 16.3289 8.899914 -1.464884 16.3773 8.098114 6.463969 1.512523 8.098114 6.463969 1.512524 8.899914 -16.53718 -6.709356 8.499014 4.689691 -12.7056 8.499014 -11.98381 21.01126 8.499014 8.44546 14.71444 8.499012 -12.64223 -10.33823 8.499014 -17.00609 11.77182 8.499014 -2.893122 19.36703 8.497744 -1.247951 16.59948 8.499014 6.737875 1.39594 8.499012 5.330867 -3.073278 13.17092 6.482717 5.359651 13.17092 5.575948 5.512466 13.17092 7.679273 6.171151 -2.751899 6.475044 5.303435 13.177 6.41239 4.884191 -2.104142 5.554662 5.605944 13.1699 6.482716 5.359651 1.702151 5.575947 5.512466 1.702151 4.416754 -2.97419 1.702151 5.330866 -3.073278 1.702151 17.94616 3.214214 -2.69241 7.129804 5.375891 -2.692409 7.486183 7.159101 -2.692409 18.30254 4.997422 -2.69241 15.14469 3.779198 13.10585 6.141262 5.578557 13.10585 6.352456 6.635305 13.10585 15.35588 4.835946 13.10585 -0.8505696 11.98625 20.51939 -0.159727 11.98372 20.51939 -0.8505701 11.98625 9.713568 -0.1597276 11.98372 9.713568 -0.1610057 11.63436 9.713568 -0.8518483 11.63689 9.713568 -0.1610053 11.63436 20.51939 -0.8518478 11.63689 20.51939 -3.321938 11.89047 19.13114 -0.7932693 11.88121 19.13114 -3.321938 11.89047 17.62654 -0.7932694 11.88121 17.62654 -3.83849 11.99718 20.51939 -3.147646 11.99465 20.51939 -3.83849 11.99718 9.713568 -3.147647 11.99465 9.713568 -3.148925 11.6453 9.713568 -3.839768 11.64783 9.713568 -3.148925 11.6453 20.51939 -3.839768 11.64783 20.51939 -6.826409 12.00811 20.51939 -6.135566 12.00558 20.51939 -6.826409 12.00811 9.713568 -6.135567 12.00558 9.71357 -6.136845 11.65623 9.71357 -6.827687 11.65876 9.713568 -6.136844 11.65623 20.51939 -6.827687 11.65876 20.51939 -9.814328 12.01904 20.51939 -9.123483 12.01651 20.51939 -9.814329 12.01904 9.713568 -9.123484 12.01651 9.71357 -9.124762 11.66716 9.71357 -9.815607 11.66969 9.713568 -9.124761 11.66716 20.51939 -9.815606 11.66969 20.51939 0.07704257 -11.56887 12.27935 3.893767 -13.7996 -2.751899 -11.1947 -9.560106 13.17701 -12.05015 -11.62182 -2.751899 -14.31569 -10.71361 -2.751899 -12.78918 -8.816849 13.17701 -15.92772 -5.155393 13.17701 -17.91943 -6.59659 -2.751899 -17.13633 -8.206784 -2.751899 -15.42055 -6.459543 13.17701 -15.76034 12.39331 13.17701 -16.22379 10.65873 13.17701 -17.66028 13.40466 -2.751899 -18.29267 11.28202 -2.751899 -10.77117 20.0322 13.17701 -13.3298 21.28065 -2.751899 -11.72704 22.05039 -2.751899 -11.84575 19.40368 13.17701 -3.580796 18.73048 13.177 -1.78879 17.77494 -2.751899 -3.200598 19.88249 -2.751899 -4.238262 20.69465 -2.751899 -0.7350124 15.76069 13.177 -0.7116941 17.26379 -2.751899 -1.562907 16.32209 13.177 -2.592142 18.04783 13.177 8.86832 14.8764 -2.751899 7.604669 13.57363 13.177 7.151 14.33303 13.177 8.31825 15.62904 -2.751899 -3.789947 14.40357 0.84726 -11.31014 15.48773 0.84726 -2.426462 15.5154 14.80891 -4.663364 6.96677 0.84726 4.28577 5.239912 13.8986 4.588948 5.760622 13.8986 5.191485 5.758417 13.8986 5.490844 5.235503 13.8986 5.187666 4.714791 13.8986 4.58513 4.716996 13.8986 4.515031 5.889739 14.35941 5.266345 5.88699 14.35941 5.639621 5.234958 14.35941 5.261584 4.585673 14.35941 4.51027 4.588421 14.35941 4.136992 5.240456 14.35941 4.588948 5.760622 9.530899 5.191485 5.758417 9.530899 5.490844 5.235503 9.530899 5.187666 4.714791 9.530899 4.58513 4.716996 9.530899 4.28577 5.239912 9.530899 4.271725 1.400906 13.8986 4.574902 1.921617 13.8986 5.177438 1.919412 13.8986 5.476798 1.396497 13.8986 5.17362 0.8757863 13.8986 4.571084 0.877991 13.8986 4.500985 2.050734 14.35941 5.252299 2.047985 14.35941 5.625576 1.395952 14.35941 5.247538 0.7466679 14.35941 4.496224 0.7494166 14.35941 4.122947 1.40145 14.35941 4.574902 1.921617 9.530899 5.177438 1.919412 9.530899 5.476798 1.396497 9.530899 5.17362 0.8757863 9.530899 4.571084 0.877991 9.530899 4.271725 1.400906 9.530899 4.257679 -2.4381 13.8986 4.560856 -1.917389 13.8986 5.163393 -1.919594 13.8986 5.462752 -2.442509 13.8986 5.159574 -2.96322 13.8986 4.557038 -2.961015 13.8986 4.486939 -1.78827 14.35941 5.238253 -1.791019 14.35941 5.61153 -2.443052 14.35941 5.233492 -3.092338 14.35941 4.482179 -3.089589 14.35941 4.108901 -2.437555 14.35941 4.560856 -1.917389 9.530899 5.163393 -1.919594 9.530899 5.462752 -2.442509 9.530899 5.159574 -2.96322 9.530899 4.557038 -2.961015 9.530899 4.257679 -2.4381 9.530899 0.2609609 7.090824 14.52442 7.27814 6.044508 14.52442 5.800035 -3.868484 14.52442 -1.217144 -2.822167 14.52442 0.2609609 7.090824 15.1105 7.27814 6.044508 15.1105 5.800035 -3.868484 15.1105 -1.217144 -2.822167 15.1105 7.272912 6.039046 14.81746 0.2643714 7.084074 14.81746 5.796625 -3.861738 14.81746 -1.211913 -2.816709 14.81746 0.2609609 7.090824 14.52442 7.27814 6.044508 14.52442 5.800035 -3.868484 14.52442 -1.217144 -2.822167 14.52442 0.2609609 7.090824 15.11725 7.27814 6.044508 15.11725 5.800034 -3.868486 15.11725 -1.217144 -2.822169 15.11725 -1.342199 -2.83605 15.95295 5.45713 -3.849884 15.95295 6.88935 5.75536 15.95295 0.09001708 6.769194 15.95295 -4.663363 6.96677 15.36165 -3.972675 7.373368 15.50624 -11.31014 15.48773 15.36165 -3.789947 14.40357 15.36165 -11.49543 16.83356 15.35336 -12.05033 8.398581 15.44423 -3.712434 6.818108 14.9022 -11.60124 8.839865 16.00926 -11.16893 16.2875 15.92493 -2.812541 15.06444 15.41967 -4.60913 6.816874 14.01164 -11.44322 15.57796 14.01164 -3.711098 14.46324 14.01164 -4.60913 6.816874 14.81684 -11.44322 15.57796 14.81684 -3.711098 14.46324 14.81684 -4.60913 6.816874 12.17336 -11.44322 15.57796 12.17336 -3.711098 14.46324 12.17336 -4.60913 6.816874 12.84695 -11.44322 15.57796 12.84695 -3.711098 14.46324 12.84695 -5.472994 14.90241 1.348741 -6.34311 15.03088 1.348741 -5.472993 14.90241 14.86017 -6.343109 15.03088 14.86017 -8.939206 15.41023 1.348741 -9.809318 15.53871 1.348741 -8.939205 15.41023 14.86017 -9.809318 15.53871 14.86017 -4.499214 6.513062 12.51016 -11.71293 15.76082 12.51016 -3.551293 14.58419 12.51015 -3.552405 14.58335 14.41424 -11.71106 15.75955 14.41424 -4.499982 6.515171 14.41424 -8.976109 15.41448 9.092384 -6.122187 14.96516 9.092384 -8.976109 15.41448 14.16976 -6.122187 14.96516 14.16976 -5.546968 14.40144 1.348741 -6.417077 14.52992 1.348741 -5.546967 14.40144 14.86017 -6.417076 14.52992 14.86017 -9.013172 14.90927 1.348741 -9.883286 15.03775 1.348741 -9.013171 14.90927 14.86017 -9.883286 15.03775 14.86017 -11.31014 10.39874 0.84726 -11.31014 10.39874 15.36165 -11.51906 10.14902 14.0691 -11.46048 15.71158 14.0691 -11.51906 10.14902 14.74467 -11.46048 15.71158 14.74467 -11.64684 10.0868 14.40689 -11.58694 15.77413 14.40689 -11.51906 10.14902 12.22073 -11.46048 15.71158 12.22073 -11.51906 10.14902 12.8963 -11.46048 15.71158 12.8963 -11.64684 10.0868 12.55851 -11.58694 15.77413 12.55851 2.691665 2.228826 25.75415 2.706124 2.603868 25.62399 2.705224 2.580512 25.26672 2.690208 2.191029 25.17606 2.681828 1.973675 25.4773 -13.36166 2.562502 25.75415 -13.34719 2.937548 25.62399 -13.3481 2.914188 25.26672 -13.36311 2.52471 25.17606 -13.37149 2.307352 25.4773 2.706568 6.302127 25.75415 2.721027 6.677174 25.62399 2.720128 6.653816 25.26672 2.705111 6.264331 25.17606 2.696731 6.046976 25.4773 -13.34676 6.635803 25.75415 -13.33229 7.010854 25.62399 -13.33319 6.987493 25.26672 -13.34821 6.598015 25.17606 -13.35659 6.380652 25.4773 2.721282 10.32345 25.75456 2.735223 10.55713 25.43362 2.733593 10.33405 25.15358 2.718642 9.962494 25.30145 2.711033 9.955946 25.67288 -13.33222 10.60795 25.59766 -13.31827 10.84164 25.27671 -13.31991 10.61856 24.99667 -13.33486 10.247 25.14453 -13.34247 10.24045 25.51597 2.664618 -5.163978 25.6083 2.678559 -4.930297 25.28735 2.676928 -5.153375 25.00731 2.661978 -5.524939 25.15518 2.654369 -5.531485 25.52661 -13.38889 -4.879474 25.45139 -13.37494 -4.645791 25.13044 -13.37657 -4.868875 24.8504 -13.39152 -5.240427 24.99827 -13.39913 -5.246982 25.3697 -9.523836 13.76968 26.36604 -9.757492 13.78883 26.0451 -9.534417 13.78688 25.76505 -9.162878 13.76652 25.91293 -9.156338 13.75588 26.28435 -9.831726 -8.67614 26.20913 -10.06539 -8.656977 25.88818 -9.842308 -8.658925 25.60814 -9.470774 -8.679293 25.75601 -9.464229 -8.689916 26.12744 -6.234138 13.75764 26.3355 -6.567621 13.77716 26.12014 -6.460241 13.77563 25.77859 -6.060384 13.75517 25.78285 -5.920649 13.74404 26.12705 -6.583366 -8.688025 26.27033 -6.916852 -8.668498 26.05497 -6.809469 -8.670022 25.71341 -6.40962 -8.690494 25.71767 -6.269877 -8.701603 26.06187 -2.887128 13.7454 26.27782 -3.268807 13.76509 26.16871 -3.265346 13.76394 25.8107 -2.881517 13.74354 25.69853 -2.64777 13.73207 25.98723 -3.243766 -8.700244 26.2931 -3.625451 -8.680541 26.184 -3.621984 -8.681683 25.82597 -3.238166 -8.702097 25.71381 -3.004408 -8.713551 26.00251 -0.4012497 13.7363 26.2539 -0.432569 13.75471 25.85811 -0.09597957 13.75234 25.73607 0.1433714 13.73247 26.05644 -0.04529839 13.72255 26.37647 -0.5937533 -8.709939 26.06803 -0.6250767 -8.691517 25.67223 -0.2884837 -8.693881 25.5502 -0.04913693 -8.713767 25.87056 -0.2378022 -8.723673 26.19061 2.676963 -1.789553 25.75415 2.691422 -1.414502 25.62399 2.690523 -1.437859 25.26672 2.675507 -1.827349 25.17606 2.667126 -2.044703 25.4773 -13.37636 -1.455872 25.75415 -13.3619 -1.080826 25.62399 -13.3628 -1.104182 25.26672 -13.37781 -1.493664 25.17606 -13.38619 -1.711027 25.4773 1.409669 -7.216613 19.44001 -11.98182 -7.167618 19.44001 -11.91261 11.7502 19.44001 1.478884 11.70121 19.44001 1.409669 -7.216613 25.52479 -11.98182 -7.167618 25.52479 -11.91261 11.7502 25.52479 1.478884 11.70121 25.52479 1.445039 -7.266969 24.27019 -12.01756 -7.217713 24.2702 -11.94798 11.80056 24.27019 1.514621 11.7513 24.27019 1.445039 -7.266969 25.07261 -12.01756 -7.217713 25.07261 -11.94798 11.80056 25.07261 1.514621 11.7513 25.07261 -12.16933 -7.430449 24.6714 1.59524 -7.48081 24.6714 -12.09818 12.0144 24.6714 1.666383 11.96404 24.6714 1.645418 6.654982 25.696 1.642474 5.850409 25.696 1.645418 6.654982 19.55574 1.642474 5.850409 19.55574 1.29312 5.851687 19.55574 1.296064 6.656261 19.55574 1.29312 5.851687 25.696 1.296064 6.656261 25.696 1.658528 10.23796 25.62501 1.655583 9.433392 25.62501 1.658527 10.23796 14.81919 1.655583 9.433392 14.81919 1.306228 9.434669 14.81919 1.309173 10.23924 14.81919 1.306229 9.434669 25.62501 1.309173 10.23924 25.62501 1.603649 -4.76133 25.62501 1.600705 -5.565904 25.62501 1.603649 -4.76133 14.81919 1.600705 -5.565904 14.81919 1.25135 -5.564626 14.81919 1.254294 -4.760052 14.81919 1.251351 -5.564626 25.62501 1.254295 -4.760052 25.62501 1.616758 -1.178347 25.696 1.613814 -1.982922 25.696 1.616758 -1.178347 19.55574 1.613814 -1.982922 19.55574 1.264459 -1.981644 19.55574 1.267404 -1.177069 19.55574 1.26446 -1.981644 25.696 1.267404 -1.177069 25.696 2.316747 -8.508016 25.4992 -12.89833 -8.452349 25.4992 -12.81969 13.0416 25.4992 2.395387 12.98594 25.4992 2.050882 -8.129506 26.39632 -12.6297 -8.075793 26.39632 -12.55382 12.66309 26.39632 2.12676 12.60938 26.39632 1.630935 2.696435 25.696 1.627991 1.891862 25.696 1.630935 2.696435 19.55574 1.627991 1.891862 19.55574 1.278636 1.89314 19.55574 1.281581 2.697713 19.55574 1.278637 1.89314 25.696 1.281581 2.697713 25.696 1.50936 -1.883173 24.23676 1.498584 -4.828126 24.23676 1.509359 -1.883173 22.73216 1.498584 -4.828126 22.73216 1.523055 1.859902 24.23676 1.51228 -1.085051 24.23676 1.523054 1.859902 22.73216 1.512279 -1.085051 22.73216 1.537418 5.785533 24.23676 1.526642 2.84058 24.23676 1.537417 5.785533 22.73216 1.526642 2.84058 22.73216 1.551112 9.52861 24.23676 1.540337 6.583656 24.23676 1.551112 9.52861 22.73216 1.540336 6.583656 22.73216 -12.13783 -2.441817 25.696 -12.13489 -1.637244 25.696 -12.13783 -2.441817 19.55574 -12.13489 -1.637244 19.55574 -11.78553 -1.638522 19.55574 -11.78848 -2.443095 19.55574 -11.78553 -1.638522 25.696 -11.78848 -2.443095 25.696 -12.15094 -6.024798 25.62501 -12.148 -5.220224 25.62501 -12.15094 -6.024798 14.81919 -12.148 -5.220224 14.81919 -11.79864 -5.221501 14.81919 -11.80159 -6.026076 14.81919 -11.79864 -5.221501 25.62501 -11.80159 -6.026076 25.62501 -12.09606 8.974495 25.62501 -12.09312 9.779068 25.62501 -12.09606 8.974495 14.81919 -12.09312 9.779068 14.81919 -11.74376 9.777791 14.81919 -11.74671 8.973217 14.81919 -11.74376 9.777791 25.62501 -11.74671 8.973217 25.62501 -12.10917 5.391513 25.696 -12.10623 6.196087 25.696 -12.10917 5.391513 19.55574 -12.10623 6.196087 19.55574 -11.75687 6.194808 19.55574 -11.75982 5.390234 19.55574 -11.75687 6.194808 25.696 -11.75982 5.390234 25.696 -12.12335 1.51673 25.696 -12.1204 2.321303 25.696 -12.12335 1.51673 19.55574 -12.1204 2.321303 19.55574 -11.77105 2.320025 19.55574 -11.77399 1.515452 19.55574 -11.77105 2.320025 25.696 -11.77399 1.515452 25.696 -12.01547 2.353264 24.74809 -12.00469 5.298216 24.74809 -12.01547 2.353264 22.78669 -12.00469 5.298216 22.78669 -12.02983 -1.572367 24.74809 -12.01906 1.372585 24.74809 -12.02983 -1.572367 22.78669 -12.01906 1.372585 22.78669 1.445038 -7.266968 22.55233 -12.01756 -7.217712 22.55233 -11.94798 11.80056 22.55233 1.51462 11.7513 22.55233 1.445038 -7.266968 23.1032 -12.01756 -7.217712 23.1032 -11.94798 11.80056 23.1032 1.51462 11.7513 23.1032 -12.16932 -7.430448 22.82777 1.59524 -7.480807 22.82777 -12.09817 12.0144 22.82777 1.666383 11.96404 22.82777 -12.04365 -5.348374 24.74809 -12.03287 -2.40342 24.74809 -12.04365 -5.348374 22.78669 -12.03287 -2.40342 22.78669 -9.205724 -7.51308 25.62501 -9.89657 -7.51055 25.62501 -9.205725 -7.51308 14.81919 -9.896571 -7.51055 14.81919 -9.895293 -7.161197 14.81919 -9.204447 -7.163728 14.81919 -9.895292 -7.161197 25.62501 -9.204446 -7.163728 25.62501 -6.734355 -7.417302 24.23676 -9.263028 -7.40805 24.23676 -6.734355 -7.417302 22.73216 -9.263028 -7.40805 22.73216 -6.217803 -7.524013 25.62501 -6.908647 -7.521483 25.62501 -6.217803 -7.524013 14.81919 -6.908647 -7.521483 14.81919 -6.907369 -7.17213 14.81919 -6.216526 -7.174661 14.81919 -6.907369 -7.17213 25.62501 -6.216526 -7.174661 25.62501 -3.229883 -7.534945 25.62501 -3.920726 -7.532415 25.62501 -3.229884 -7.534945 14.81919 -3.920727 -7.532415 14.81919 -3.919448 -7.183062 14.81919 -3.228605 -7.185593 14.81919 -3.919448 -7.183062 25.62501 -3.228605 -7.185593 25.62501 -0.7585163 -7.439167 24.23676 -3.287184 -7.429914 24.23676 -0.7585163 -7.439167 22.73216 -3.287184 -7.429914 22.73216 -0.2419641 -7.545876 25.62501 -0.9328063 -7.543347 25.62501 -0.2419646 -7.545876 14.81919 -0.9328067 -7.543347 14.81919 -0.9315285 -7.193994 14.81919 -0.2406864 -7.196525 14.81919 -0.931528 -7.193994 25.62501 -0.2406859 -7.196525 25.62501 -7.499059 -7.414505 22.62096 -8.584977 -7.410531 22.62096 -7.499059 -7.414505 20.36074 -8.584977 -7.410531 20.36074 -1.604311 -7.436072 22.62096 -2.690226 -7.432098 22.62096 -1.604312 -7.436072 20.36074 -2.690226 -7.432098 20.36074 -0.8505696 11.98625 25.62501 -0.159727 11.98372 25.62501 -0.8505701 11.98625 14.81919 -0.1597276 11.98372 14.81919 -0.1610057 11.63436 14.81919 -0.8518483 11.63689 14.81919 -0.1610053 11.63436 25.62501 -0.8518478 11.63689 25.62501 -3.321938 11.89047 24.23676 -0.7932693 11.88121 24.23676 -3.321938 11.89047 22.73216 -0.7932693 11.88121 22.73216 -3.838489 11.99718 25.62501 -3.147646 11.99465 25.62501 -3.83849 11.99718 14.81919 -3.147647 11.99465 14.81919 -3.148925 11.6453 14.81919 -3.839768 11.64783 14.81919 -3.148924 11.6453 25.62501 -3.839767 11.64783 25.62501 -6.826409 12.00811 25.62501 -6.135566 12.00558 25.62501 -6.826409 12.00811 14.81919 -6.135566 12.00558 14.81919 -6.136844 11.65623 14.81919 -6.827687 11.65876 14.81919 -6.136844 11.65623 25.62501 -6.827687 11.65876 25.62501 -9.814328 12.01904 25.62501 -9.123483 12.01651 25.62501 -9.814329 12.01904 14.81919 -9.123484 12.01651 14.81919 -9.124762 11.66716 14.81919 -9.815607 11.66969 14.81919 -9.124761 11.66716 25.62501 -9.815606 11.66969 25.62501 -11.23629 11.88767 22.62096 -10.15037 11.8837 22.62096 -11.23629 11.88767 20.36074 -10.15037 11.8837 20.36074 9.844285 -2.536657 10.608 9.480385 -2.522628 10.48172 9.503048 -2.523499 10.13506 9.88096 -2.53807 10.04709 10.09185 -2.546202 10.33939 9.520524 -18.11303 10.60801 9.15662 -18.09899 10.48172 9.179286 -18.09986 10.13506 9.557196 -18.11443 10.04709 9.768095 -18.12257 10.33939 5.892005 -2.522197 10.608 5.5281 -2.508167 10.48172 5.550762 -2.509039 10.13506 5.92868 -2.52361 10.04709 6.139575 -2.531742 10.33939 5.568243 -18.09857 10.60801 5.204338 -18.08453 10.48172 5.227001 -18.0854 10.13506 5.604909 -18.09997 10.04709 5.815812 -18.10811 10.33939 1.990156 -2.507922 10.60841 1.763419 -2.494395 10.297 1.979869 -2.495975 10.02527 2.340392 -2.510481 10.16875 2.346745 -2.517865 10.52915 1.714108 -18.08447 10.45616 1.487366 -18.07093 10.14475 1.703824 -18.07252 9.873023 2.064336 -18.08702 10.0165 2.070697 -18.0944 10.3769 17.01744 -2.562902 10.60841 16.7907 -2.549372 10.297 17.00716 -2.550954 10.02527 17.36768 -2.565459 10.16875 17.37403 -2.572844 10.52915 16.74139 -18.13945 10.45616 16.51465 -18.12591 10.14475 16.7311 -18.1275 9.873023 17.09162 -18.142 10.0165 17.09798 -18.14938 10.3769 -0.3254711 -14.39298 11.20172 -0.3429145 -14.61971 10.89031 -0.341093 -14.40326 10.61858 -0.3225196 -14.04275 10.76206 -0.3128582 -14.03641 11.12246 20.05761 -14.68662 11.04947 20.04016 -14.91335 10.73806 20.04198 -14.6969 10.46633 20.06056 -14.3364 10.60981 20.07021 -14.33005 10.97021 -0.3137928 -11.20103 11.17209 -0.3315907 -11.52461 10.96312 -0.3301796 -11.42042 10.63172 -0.3115059 -11.03244 10.63585 -0.301371 -10.89686 10.96982 20.06914 -11.53477 11.10884 20.05134 -11.85836 10.89988 20.05275 -11.75416 10.56848 20.07142 -11.36619 10.57261 20.08155 -11.2306 10.90658 -0.3019109 -7.953462 11.11612 -0.3198791 -8.323806 11.01025 -0.3188366 -8.320446 10.66287 -0.3002211 -7.948018 10.55403 -0.2897515 -7.721212 10.83415 20.081 -8.294399 11.13094 20.06302 -8.664745 11.02508 20.06406 -8.661382 10.6777 20.08268 -8.288964 10.56886 20.09314 -8.062149 10.84898 -0.2930852 -5.541441 11.15689 -0.3098105 -5.571834 10.77286 -0.3075856 -5.245244 10.65445 -0.2894824 -5.013 10.9653 -0.2805126 -5.196062 11.27583 20.0904 -5.723117 10.91256 20.07367 -5.753514 10.52853 20.0759 -5.426921 10.41012 20.09401 -5.19468 10.72096 20.10297 -5.377738 11.0315 13.74327 -2.550922 10.608 13.37937 -2.536894 10.48172 13.40203 -2.537765 10.13506 13.77995 -2.552335 10.04709 13.99084 -2.560468 10.33939 13.41951 -18.1273 10.60801 13.0556 -18.11326 10.48172 13.07827 -18.11413 10.13506 13.45618 -18.1287 10.04709 13.66708 -18.13683 10.33939 0.5300324 -17.58421 11.21849 0.8714538 -17.56762 11.12082 0.868322 -17.56736 10.80033 0.5249668 -17.58379 10.69992 0.315897 -17.59421 10.95836 0.1035397 -8.137373 11.23217 0.4449618 -8.120783 11.1345 0.4418293 -8.120529 10.81401 0.0984826 -8.136961 10.7136 -0.1105976 -8.147377 10.97204 17.33911 -3.6657 4.851967 19.16053 -16.89818 4.851967 13.53645 -16.8776 4.851967 13.58486 -3.645123 4.851967 17.33911 -3.665698 10.10441 19.16053 -16.89818 10.10441 13.53645 -16.8776 10.10441 13.58486 -3.645123 10.10441 6.098808 -3.617734 4.536389 6.050395 -16.85022 4.536389 0.426317 -16.82964 4.536389 0.4747309 -3.597157 4.536387 6.098808 -3.617733 10.32978 6.050395 -16.85021 10.32978 0.4263165 -16.82964 10.32978 0.4747298 -3.597156 10.32978 13.65562 -4.415021 5.166197 14.17853 -4.115662 5.166197 14.18074 -3.513125 5.166197 13.66002 -3.209948 5.166197 13.13711 -3.509306 5.166197 13.1349 -4.111844 5.166197 13.65507 -4.563798 9.994709 14.3071 -4.190521 9.994709 14.30985 -3.439208 9.994709 13.66057 -3.061169 9.994709 13.00853 -3.434446 9.994709 13.00579 -4.18576 9.994709 14.17853 -4.115661 9.5339 14.18074 -3.513125 9.5339 13.66002 -3.209948 9.5339 13.13711 -3.509306 9.5339 13.1349 -4.111844 9.5339 13.65562 -4.41502 9.5339 9.816612 -4.400976 5.166197 10.33952 -4.101615 5.166197 10.34173 -3.49908 5.166197 9.821021 -3.195902 5.166197 9.298105 -3.49526 5.166197 9.2959 -4.097797 5.166197 9.816065 -4.549752 9.994707 10.4681 -4.176475 9.994707 10.47085 -3.425162 9.994707 9.821563 -3.047123 9.994707 9.16953 -3.420401 9.994707 9.166782 -4.171713 9.994707 10.33952 -4.101615 9.5339 10.34173 -3.49908 9.5339 9.82102 -3.195901 9.5339 9.298105 -3.49526 9.5339 9.2959 -4.097797 9.5339 9.81661 -4.400975 9.5339 5.977604 -4.386929 5.166197 6.500519 -4.08757 5.166197 6.502724 -3.485034 5.166197 5.982013 -3.181855 5.166197 5.459098 -3.481216 5.166197 5.456894 -4.083751 5.166197 5.97706 -4.535706 9.994707 6.629093 -4.162429 9.994707 6.631843 -3.411116 9.994707 5.982556 -3.033078 9.994707 5.330526 -3.406354 9.994707 5.327776 -4.157669 9.994707 6.500519 -4.08757 9.5339 6.502724 -3.485033 9.5339 5.982013 -3.181855 9.5339 5.459098 -3.481215 9.5339 5.456894 -4.083751 9.5339 5.977604 -4.386929 9.5339 19.34941 -3.55115 9.953845 19.30016 -17.01375 9.953845 0.2818855 -16.94417 9.953845 0.3311406 -3.481569 9.953845 19.34941 -3.55115 10.75625 19.30016 -17.01375 10.75625 0.2818856 -16.94417 10.75625 0.3311408 -3.481569 10.75625 19.51289 -17.16552 10.35505 19.56325 -3.400949 10.35505 0.06804335 -17.09438 10.35505 0.118403 -3.329808 10.35505 19.32247 -3.570077 10.80041 19.27335 -16.99463 10.80041 0.308829 -16.92524 10.80041 0.3579465 -3.500693 10.80041 19.32247 -3.570077 11.90938 19.27335 -16.99463 11.90938 0.308829 -16.92524 11.90938 0.3579465 -3.500693 11.90938 19.2617 -16.98632 11.35489 19.31076 -3.578299 11.35489 0.3205342 -16.91702 11.35489 0.3695902 -3.509 11.35489 6.296105 -16.06978 5.166199 5.773189 -16.36914 5.166199 5.770985 -16.97167 5.166199 6.291696 -17.27485 5.166199 6.81461 -16.97549 5.166199 6.816815 -16.37296 5.166199 6.296648 -15.921 9.994709 5.644615 -16.29428 9.994709 5.641866 -17.04559 9.994709 6.291151 -17.42363 9.994709 6.943184 -17.05035 9.994709 6.945933 -16.29904 9.994709 5.773189 -16.36914 9.533903 5.770985 -16.97167 9.533903 6.291696 -17.27485 9.533903 6.81461 -16.97549 9.533903 6.816815 -16.37296 9.533903 6.296105 -16.06978 9.533903 10.13511 -16.08382 5.166199 9.612195 -16.38318 5.166199 9.609992 -16.98572 5.166199 10.1307 -17.28889 5.166199 10.65362 -16.98954 5.166199 10.65582 -16.387 5.166199 10.13565 -15.93505 9.994709 9.483622 -16.30832 9.994709 9.480874 -17.05964 9.994709 10.13016 -17.43768 9.994709 10.78219 -17.0644 9.994709 10.78494 -16.31308 9.994709 9.612195 -16.38318 9.533903 9.609992 -16.98572 9.533903 10.1307 -17.28889 9.533903 10.65362 -16.98954 9.533903 10.65582 -16.387 9.533903 10.13511 -16.08382 9.533903 13.97412 -16.09787 5.166199 13.4512 -16.39723 5.166199 13.449 -16.99977 5.166199 13.96971 -17.30294 5.166199 14.49262 -17.00358 5.166199 14.49483 -16.40105 5.166199 13.97466 -15.94909 9.994709 13.32263 -16.32237 9.994709 13.31988 -17.07369 9.994709 13.96916 -17.45172 9.994709 14.6212 -17.07845 9.994709 14.62395 -16.32713 9.994709 13.4512 -16.39723 9.533903 13.449 -16.99977 9.533903 13.96971 -17.30294 9.533903 14.49262 -17.00358 9.533903 14.49483 -16.40105 9.533903 13.97412 -16.09787 9.533903 13.64496 -7.328599 5.166197 14.16787 -7.02924 5.166197 14.17007 -6.426702 5.166197 13.64937 -6.123525 5.166197 13.12645 -6.422884 5.166197 13.12424 -7.025421 5.166197 13.64441 -7.477376 9.994709 14.29644 -7.104099 9.994709 14.29919 -6.352785 9.994709 13.64991 -5.974748 9.994709 12.99787 -6.348023 9.994709 12.99513 -7.099339 9.994709 14.16787 -7.02924 9.5339 14.17007 -6.426702 9.5339 13.64937 -6.123525 9.5339 13.12645 -6.422884 9.5339 13.12424 -7.025421 9.5339 13.64496 -7.328599 9.5339 9.805952 -7.314555 5.166197 10.32886 -7.015195 5.166197 10.33107 -6.412657 5.166197 9.810359 -6.10948 5.166197 9.287445 -6.40884 5.166197 9.285241 -7.011377 5.166197 9.805406 -7.463332 9.994709 10.45744 -7.090054 9.994709 10.46019 -6.338739 9.994709 9.810903 -5.960702 9.994709 9.158871 -6.333979 9.994709 9.156124 -7.085293 9.994709 10.32886 -7.015195 9.5339 10.33107 -6.412657 9.5339 9.810359 -6.10948 9.5339 9.287444 -6.40884 9.533903 9.28524 -7.011377 9.533903 9.805952 -7.314555 9.5339 5.966944 -7.300509 5.166197 6.489859 -7.001149 5.166197 6.492063 -6.398612 5.166197 5.971353 -6.095434 5.166197 5.448438 -6.394793 5.166197 5.446234 -6.997332 5.166197 5.966399 -7.449286 9.994707 6.618434 -7.076009 9.994707 6.621182 -6.324695 9.994707 5.971896 -5.946656 9.994707 5.319865 -6.319933 9.994707 5.317116 -7.071247 9.994707 6.489859 -7.001149 9.5339 6.492063 -6.398612 9.5339 5.971353 -6.095434 9.5339 5.448438 -6.394793 9.5339 5.446234 -6.997332 9.5339 5.966944 -7.300509 9.5339 13.61839 -14.58971 5.166197 14.1413 -14.29036 5.166197 14.14351 -13.68782 5.166197 13.6228 -13.38464 5.166197 13.09988 -13.684 5.166197 13.09768 -14.28654 5.166197 13.61785 -14.73849 9.994709 14.26988 -14.36521 9.994709 14.27263 -13.6139 9.994709 13.62334 -13.23586 9.994709 12.97131 -13.60914 9.994709 12.96856 -14.36045 9.994709 14.1413 -14.29036 9.533903 14.14351 -13.68782 9.533903 13.6228 -13.38464 9.533903 13.09988 -13.684 9.533903 13.09768 -14.28654 9.533903 13.61839 -14.58971 9.533903 9.779385 -14.57567 5.166197 10.3023 -14.27631 5.166197 10.3045 -13.67377 5.166197 9.783795 -13.3706 5.166197 9.260879 -13.66996 5.166197 9.258675 -14.27249 5.166197 9.778841 -14.72445 9.994709 10.43087 -14.35117 9.994709 10.43362 -13.59986 9.994709 9.784337 -13.22182 9.994709 9.132307 -13.59509 9.994709 9.129556 -14.3464 9.994709 10.3023 -14.27631 9.5339 10.3045 -13.67377 9.5339 9.783795 -13.3706 9.5339 9.260879 -13.66996 9.533903 9.258675 -14.27249 9.533903 9.779385 -14.57567 9.5339 5.940378 -14.56162 5.166197 6.463293 -14.26226 5.166197 6.465497 -13.65973 5.166197 5.944787 -13.35655 5.166197 5.421873 -13.65591 5.166197 5.419669 -14.25845 5.166197 5.939834 -14.7104 9.994709 6.591868 -14.33712 9.994709 6.594616 -13.58581 9.994709 5.945332 -13.20777 9.994709 5.2933 -13.58105 9.994709 5.290551 -14.33236 9.994709 6.463293 -14.26226 9.533903 6.465497 -13.65973 9.533903 5.944787 -13.35655 9.533903 5.421873 -13.65591 9.533903 5.419669 -14.25845 9.533903 5.940378 -14.56162 9.533903 3.345255 -6.606439 4.536389 16.57775 -6.654854 4.536389 16.55102 -13.96136 4.536389 3.318522 -13.91295 4.536389 3.345254 -6.606439 10.32978 16.57775 -6.654854 10.32978 16.55102 -13.96136 10.32978 3.318522 -13.91295 10.32978 9.853616 -2.304524 11.74431 9.478574 -2.290065 11.61415 9.501932 -2.290966 11.25688 9.891413 -2.305981 11.16622 10.10877 -2.314362 11.46747 9.519943 -18.35785 11.74431 9.144896 -18.34339 11.61415 9.168255 -18.34429 11.25688 9.557736 -18.3593 11.16622 9.775094 -18.36768 11.46747 5.780316 -2.289621 11.74431 5.405269 -2.275162 11.61415 5.428628 -2.276062 11.25688 5.818112 -2.291078 11.16622 6.035467 -2.299458 11.46746 5.446641 -18.34295 11.74431 5.07159 -18.32848 11.61415 5.09495 -18.32938 11.25688 5.484428 -18.3444 11.16622 5.701791 -18.35278 11.46747 1.758991 -2.274909 11.74472 1.525307 -2.260968 11.42378 1.748389 -2.262597 11.14374 2.119949 -2.277548 11.29161 2.126494 -2.285157 11.66304 1.47449 -18.32842 11.58782 1.240807 -18.31447 11.26687 1.463887 -18.3161 10.98682 1.835443 -18.33105 11.13469 1.841997 -18.33866 11.50613 17.24642 -2.331571 11.59846 17.01274 -2.317631 11.27751 17.23582 -2.319261 10.99746 17.60738 -2.334212 11.14534 17.61393 -2.34182 11.51677 16.96192 -18.38508 11.44155 16.72824 -18.37113 11.1206 16.95132 -18.37276 10.84055 17.32287 -18.38771 10.98842 17.32942 -18.39532 11.35986 13.87199 -2.319227 11.74431 13.49694 -2.304769 11.61415 13.5203 -2.305667 11.25688 13.90979 -2.320684 11.16622 14.12714 -2.329063 11.46747 13.53831 -18.37256 11.74431 13.16327 -18.35809 11.61415 13.18662 -18.35899 11.25688 13.57611 -18.37401 11.16622 13.79347 -18.38238 11.46747 20.59046 -2.679441 11.48936 20.53479 -17.89452 11.48936 -0.9591631 -17.81588 11.48936 -0.9034966 -2.600804 11.48936 20.21195 -2.945307 12.38648 20.15823 -17.62589 12.38648 -0.5806513 -17.55001 12.38648 -0.5269392 -2.869431 12.38648 0.0961951 -5.84676 21.26031 0.09872424 -5.155917 21.26031 0.09619593 -5.846761 10.45449 0.09872508 -5.155918 10.45449 0.4480797 -5.157197 10.45449 0.4455512 -5.848039 10.45449 0.4480789 -5.157196 21.26031 0.4455516 -5.848039 21.26031 9.122585 -23.43312 4.898514 5.377564 -28.14546 4.898514 9.122585 -23.43312 5.621487 11.88674 -25.27181 5.621487 8.141734 -29.98415 5.621487 5.377564 -28.14546 5.621487 8.309761 -22.94379 4.201894 4.564747 -27.65613 4.201894 8.309761 -22.94379 4.924857 9.278159 -23.5268 4.924857 5.533151 -28.23913 4.924857 4.564747 -27.65613 4.924857 7.580072 -22.50449 3.541236 3.835061 -27.21683 3.541237 7.580072 -22.50449 4.264199 8.548472 -23.08749 4.264199 4.803452 -27.79985 4.264199 3.835062 -27.21683 4.2642 6.809098 -22.04034 2.830095 3.064082 -26.75268 2.830096 6.809098 -22.04034 3.553067 7.777501 -22.62334 3.553067 4.032486 -27.33569 3.553067 3.064082 -26.75268 3.553067 6.021426 -21.56613 2.124798 2.276415 -26.27848 2.124798 6.021426 -21.56613 2.847762 6.98983 -22.14913 2.847762 3.244816 -26.86149 2.847762 2.276415 -26.27848 2.847762 5.219654 -21.08343 1.415161 1.474639 -25.79578 1.415162 5.219654 -21.08343 2.138123 6.188045 -21.66645 2.138123 2.443037 -26.37878 2.138123 1.474639 -25.79578 2.138123 4.4123 -20.59738 0.7098746 0.6672902 -25.30972 0.7098746 4.4123 -20.59738 1.432839 5.380699 -21.18039 1.432839 1.635688 -25.89274 1.43284 0.6672902 -25.30972 1.43284 3.655901 -20.142 0.002047002 -0.08910053 -24.85435 0.002047002 3.655901 -20.142 0.7250123 4.624302 -20.72502 0.7250123 0.8792881 -25.43735 0.7250123 -0.08910053 -24.85435 0.7250123 -0.8058177 -18.75221 -0.7052465 -1.53132 -24.72758 -0.7052465 -0.8058177 -18.75221 0.01771879 3.867132 -20.26917 0.01771879 0.1221208 -24.98151 0.01771879 -1.53132 -24.72758 0.01771879 -16.4786 -16.13766 -10.52579 -19.19147 -20.53085 -10.52579 -16.4786 -16.13766 -9.802824 -15.42133 -16.53748 -9.802824 -18.13418 -20.93069 -9.802824 -19.19147 -20.53085 -9.802824 -2.568827 -23.89621 0.4125266 8.130306 -30.15461 -1.366426 8.700135 -32.02736 0.3803249 -2.882254 -25.30583 0.4125266 -1.611296 -23.61666 3.560756 8.130305 -30.15461 7.580592 8.700135 -32.02736 7.580592 -2.163035 -24.99342 3.560756 -3.592855 -22.60115 -16.19087 9.867371 -31.11362 -17.23749 10.37294 -33.6729 -17.23749 -4.093132 -24.49072 -16.19087 4.177188 -27.21364 6.778599 3.625463 -28.59042 6.778599 3.625463 -28.59042 4.886527 4.177188 -27.21364 4.886527 0.8004708 -26.83495 4.886527 1.352212 -25.45818 4.886527 0.8004708 -26.83495 3.560756 1.352212 -25.45818 3.560756 -17.23412 -15.95216 -16.94923 -19.947 -20.34537 -16.94923 11.58251 -25.66298 -1.366427 12.93161 -26.56769 0.3803249 11.58251 -25.66298 7.580592 12.93161 -26.56769 7.580592 13.98787 -24.33104 -17.23749 15.77849 -25.76542 -17.23749 -1.741286 -17.71686 -1.183734 -2.354242 -24.55793 -1.183734 -1.741286 -17.71686 -0.4607663 -0.6121693 -17.66381 -0.4607663 -1.225124 -24.50487 -0.4607663 -2.354242 -24.55793 -0.4607663 -2.592053 -17.75684 -1.844393 -3.088943 -23.75555 -1.844393 -2.592053 -17.75684 -1.121427 -1.462946 -17.70378 -1.121427 -2.075915 -24.54486 -1.121427 -3.205021 -24.59791 -1.121427 -3.490979 -17.79909 -2.555526 -3.987856 -23.79779 -2.555526 -3.490979 -17.79909 -1.832561 -2.361871 -17.74602 -1.832561 -2.85876 -23.74473 -1.832561 -3.987856 -23.79779 -1.832561 -4.409365 -17.84224 -3.260829 -4.906233 -23.84095 -3.260829 -4.409365 -17.84224 -2.537863 -3.280259 -17.78919 -2.537863 -3.777125 -23.78788 -2.537863 -4.906233 -23.84095 -2.537863 -5.344196 -17.88618 -3.970465 -5.841075 -23.88489 -3.970465 -5.344196 -17.88618 -3.2475 -4.215089 -17.83312 -3.247499 -4.711967 -23.83181 -3.2475 -5.841075 -23.88489 -3.2475 -6.285521 -17.93041 -4.675753 -6.78241 -23.92911 -4.675753 -6.285521 -17.93041 -3.952786 -5.156413 -17.87734 -3.952786 -5.653293 -23.87606 -3.952786 -6.78241 -23.92911 -3.952786 -7.167445 -17.97186 -5.383583 -7.664311 -23.97055 -5.383583 -7.167445 -17.97186 -4.660617 -6.038328 -17.9188 -4.660617 -6.535227 -23.9175 -4.660617 -7.664311 -23.97055 -4.660617 -10.40278 -18.66033 -5.658293 -13.25044 -22.97919 -5.658292 -10.40278 -18.66033 -4.935328 -6.588498 -19.26071 -4.935328 -6.829865 -24.35418 -4.935328 -13.25044 -22.97919 -4.935327 -11.19145 -18.3388 -6.318952 -14.03914 -22.65764 -6.318951 -11.19145 -18.3388 -5.595987 -10.14474 -18.76552 -5.595987 -12.99244 -23.08437 -5.595986 -14.03914 -22.65764 -5.595986 -12.02478 -17.99906 -7.030086 -14.87245 -22.31792 -7.030086 -12.02478 -17.99906 -6.307121 -10.97807 -18.42579 -6.307121 -13.82575 -22.74463 -6.307121 -14.87245 -22.31792 -6.307121 -12.87614 -17.65196 -7.73539 -15.7238 -21.97082 -7.73539 -12.87614 -17.65196 -7.012423 -11.82942 -18.07869 -7.012423 -14.67711 -22.39755 -7.012423 -15.7238 -21.97082 -7.012423 -13.74274 -17.29864 -8.445028 -16.59043 -21.61751 -8.445028 -13.74274 -17.29864 -7.722059 -12.69606 -17.72539 -7.722059 -15.54372 -22.04423 -7.722059 -16.59043 -21.61751 -7.722059 -14.6154 -16.94288 -9.150314 -17.46307 -21.26174 -9.150314 -14.6154 -16.94288 -8.427349 -13.56868 -17.36962 -8.427349 -16.41634 -21.68848 -8.427349 -17.46307 -21.26174 -8.427349 -15.43293 -16.60957 -9.858143 -18.28062 -20.92843 -9.858143 -15.43293 -16.60957 -9.135178 -14.38623 -17.03631 -9.135178 -17.23393 -21.35515 -9.135178 -18.28062 -20.92843 -9.135178 -7.772514 -24.02802 -2.521892 -8.011775 -24.8994 -2.521892 -8.796544 -22.73295 -15.81662 -9.222651 -24.08429 -15.81662 -12.98827 -22.89999 -3.826476 -13.36593 -23.72091 -3.826476 -13.84283 -21.85167 -15.37446 -14.48283 -23.11581 -15.37446 -18.86501 -20.46926 -7.61598 -19.24267 -21.29018 -7.61598 -19.7853 -19.89787 -15.15089 -20.4253 -21.16203 -15.15089 -6.115056 -18.43924 7.595517 -5.912886 -17.17983 7.595517 -3.927228 -17.4986 7.595517 -4.129397 -18.75799 7.595517 -5.64008 -18.51549 8.769196 -5.437909 -17.25608 8.769196 -4.402205 -17.42234 8.769196 -4.604376 -18.68175 8.769196 -3.374955 -18.81682 7.595517 -3.172784 -17.55741 7.595517 -1.187126 -17.87618 7.595517 -1.389295 -19.13557 7.595517 -2.899979 -18.89307 8.769196 -2.697808 -17.63366 8.769196 -1.662104 -17.79993 8.769196 -1.864275 -19.05934 8.769196 -0.6766039 -19.18865 7.595517 -0.474433 -17.92924 7.595517 1.511225 -18.24801 7.595517 1.309055 -19.50741 7.595517 -0.2016268 -19.2649 8.769196 5.42283e-4 -18.00549 8.769196 1.036246 -18.17176 8.769196 0.8340752 -19.43117 8.769196 -8.892024 -18.05657 7.595517 -8.689851 -16.79716 7.595517 -6.704194 -17.11593 7.595517 -6.906361 -18.37532 7.595517 -8.417047 -18.13282 8.769196 -8.214876 -16.87341 8.769196 -7.179172 -17.03968 8.769196 -7.381343 -18.29909 8.769196 -16.5661 -14.35444 7.595517 -15.97728 -13.22296 7.595517 -14.19331 -14.15132 7.595517 -14.78212 -15.28282 7.595517 -16.13937 -14.57652 8.769196 -15.55055 -13.44502 8.769196 -14.62004 -13.92925 8.769196 -15.20886 -15.06075 8.769196 -14.08468 -15.57643 7.595517 -13.49586 -14.44494 7.595517 -11.71188 -15.37332 7.595517 -12.30069 -16.5048 7.595517 -13.65794 -15.7985 8.769196 -13.06913 -14.66701 8.769196 -12.13862 -15.15125 8.769196 -12.72743 -16.28274 8.769196 -11.64106 -16.7798 7.595517 -11.05224 -15.64831 7.595517 -9.268265 -16.57668 7.595517 -9.857078 -17.70817 7.595517 -11.21433 -17.00188 8.769196 -10.62551 -15.87038 8.769196 -9.695001 -16.35461 8.769196 -10.28382 -17.4861 8.769196 -19.08092 -13.11602 7.595515 -18.49209 -11.98453 7.595517 -16.70811 -12.9129 7.595517 -17.29693 -14.04439 7.595517 -18.65419 -13.33809 8.769196 -18.06536 -12.2066 8.769196 -17.13486 -12.69083 8.769196 -17.72367 -13.82232 8.769196 -22.22281 -11.44507 7.582934 -21.75874 -10.25715 7.569426 -19.28311 -11.5524 7.595515 -19.87194 -12.68389 7.595515 -22.20056 -11.41938 8.795286 -21.7365 -10.23144 8.781778 -19.70986 -11.33033 8.769194 -20.29867 -12.46182 8.769194 4.218064 -21.32193 7.595517 4.900392 -20.24425 7.595517 6.599536 -21.32006 7.595515 5.917208 -22.39774 7.595515 4.624503 -21.57929 8.769196 5.306834 -20.50159 8.769196 6.193092 -21.06272 8.769196 5.510766 -22.14041 8.769196 6.587346 -22.74925 7.595515 7.269675 -21.67157 7.595515 8.968818 -22.74738 7.595515 8.286494 -23.82506 7.595515 6.993786 -23.00659 8.769196 7.676115 -21.9289 8.769196 8.562376 -22.49004 8.769196 7.880045 -23.56772 8.769196 1.816906 -19.87542 7.595517 2.499234 -18.79774 7.595517 4.19838 -19.87354 7.595517 3.516053 -20.95122 7.595517 2.223346 -20.13276 8.769196 2.905675 -19.05508 8.769196 3.791934 -19.61621 8.769196 3.109609 -20.69388 8.769196 11.33009 -25.47567 7.595515 12.13834 -24.4889 7.595515 13.42073 -25.49661 7.595515 12.7384 -26.5743 7.595515 11.70224 -25.7805 8.769194 12.51049 -24.79374 8.769194 13.34207 -25.28444 8.769194 12.65974 -26.36213 8.769194 12.70643 -26.52423 7.595515 12.0061 -25.45816 7.595515 15.05173 -23.34552 7.595515 15.75205 -24.4116 7.595515 12.49995 -26.2169 8.758099 12.53926 -24.8474 8.758099 14.64967 -23.60964 8.792778 15.34999 -24.67572 8.792778 16.34867 -23.9461 7.595515 15.64835 -22.88001 7.595515 17.32918 -21.77584 7.595515 18.02951 -22.84192 7.595515 16.75073 -23.68198 8.769194 16.05041 -22.61589 8.769194 16.92712 -22.03996 8.769194 17.62744 -23.10604 8.769194 18.59143 -22.40033 7.595515 17.8911 -21.33425 7.595515 19.57196 -20.23008 7.595517 20.27228 -21.29615 7.595517 18.99349 -22.13621 8.769196 18.29317 -21.07013 8.769194 19.16989 -20.49421 8.769196 19.87021 -21.56028 8.769196 20.68935 -21.02441 7.595517 19.98903 -19.95833 7.595517 22.7828 -17.83393 7.672816 23.42078 -19.04018 7.505671 21.09143 -20.76027 8.769196 20.39109 -19.6942 8.769196 22.97679 -18.18019 8.974314 23.43382 -18.90209 8.80716 23.42218 -19.08262 7.611479 22.2178 -19.49159 7.550755 21.32503 -16.65072 7.595517 22.53051 -16.23382 7.595517 23.22211 -18.93892 8.813948 22.01773 -19.34788 8.753233 21.48227 -17.10536 8.769196 22.68775 -16.68845 8.769196 22.22587 -15.54111 7.595517 21.02041 -15.95803 7.595517 20.36308 -14.05741 7.595517 21.56854 -13.64049 7.595517 22.06864 -15.08648 8.769196 20.86316 -15.50338 8.769196 20.5203 -14.51204 8.769196 21.72578 -14.09512 8.769196 21.27856 -12.9873 7.595517 20.07308 -13.40422 7.595517 19.41576 -11.50359 7.595517 20.62123 -11.08668 7.595517 21.12133 -12.53267 8.769196 19.91586 -12.94958 8.769196 19.57299 -11.95823 8.769196 20.77847 -11.54131 8.769196 20.46029 -10.61561 7.595517 19.25482 -11.03253 7.595517 18.59749 -9.131905 7.595515 19.80297 -8.714996 7.595517 20.30305 -10.16098 8.769196 19.09758 -10.57789 8.769196 18.75473 -9.586544 8.769194 19.9602 -9.169634 8.769196 19.59441 -8.080972 7.595517 18.38894 -8.497886 7.595515 17.73161 -6.597264 7.595515 18.93708 -6.180351 7.595517 19.43719 -7.626337 8.769196 18.2317 -8.043251 8.769194 17.88885 -7.051899 8.769194 19.09432 -6.634987 8.769196 18.63245 -5.487647 7.595515 17.42697 -5.904559 7.595515 16.76964 -4.003938 7.595515 17.97512 -3.587028 7.595515 18.4752 -5.03301 8.769194 17.26974 -5.449923 8.769194 16.92688 -4.458575 8.769194 18.13236 -4.041663 8.769194 17.68514 -2.933835 7.595515 16.47966 -3.350748 7.595515 15.82234 -1.450125 7.595515 17.02781 -1.033216 7.595515 17.5279 -2.479201 8.769194 16.32242 -2.896113 8.769194 15.97957 -1.904766 8.769194 17.18503 -1.48785 8.769194 16.99503 -1.050646 7.595515 15.76108 -0.727623 7.595515 16.27039 1.217899 7.595515 17.50434 0.8948736 7.595515 17.11685 -0.5852723 8.769194 15.8829 -0.2622428 8.769194 16.14857 0.7525218 8.769194 17.3825 0.4294925 8.769194 17.74303 1.573526 7.595515 16.52534 1.953266 7.595515 17.12405 3.873158 7.595515 18.34175 3.493412 7.595515 17.88624 2.032769 8.769194 16.66855 2.412508 8.769194 16.98084 3.413909 8.769194 18.19853 3.034174 8.769194 18.50759 4.231751 7.595515 17.28989 4.611496 7.595515 17.88861 6.531384 7.595515 19.1063 6.151645 7.595517 18.6508 4.690994 8.769194 17.43311 5.070739 8.769194 17.74539 6.072136 8.769194 18.96308 5.692397 8.769196 19.26049 6.84948 7.595517 18.0428 7.229221 7.595515 18.64152 9.149107 7.595515 19.85921 8.769368 7.595517 19.4037 7.308718 8.769196 18.18601 7.688458 8.769194 18.4983 8.689859 8.769194 19.71599 8.310125 8.769196 20.00919 9.244036 7.595517 18.7915 9.623775 7.595517 19.39021 11.54366 7.595517 20.60792 11.16392 7.595517 20.15241 9.703286 8.769196 18.93472 10.08302 8.769196 19.24701 11.08442 8.769196 20.46469 10.70468 8.769196 20.81628 11.79801 7.595517 19.59858 12.17775 7.595517 20.19729 14.09764 7.595517 21.41498 13.7179 7.595517 20.95949 12.25725 8.769196 19.7418 12.63699 8.769196 20.05408 13.63839 8.769196 21.27177 13.25866 8.769196 20.85334 16.18911 7.595517 20.05475 15.19451 7.595517 18.48661 16.45361 7.595515 19.2852 17.44822 7.595517 20.47823 16.49029 8.769196 19.67965 15.4957 8.769196 18.86171 16.15243 8.769196 19.6603 17.14704 8.769196 18.69203 17.84683 7.595515 17.89343 16.85223 7.595515 16.32527 18.11135 7.595515 17.12387 19.10593 7.595515 18.31691 18.14802 8.769194 17.51834 17.15341 8.769194 16.70039 17.81015 8.769194 17.49897 18.80475 8.769194 16.4631 19.57921 7.595515 15.66452 18.58462 7.595515 14.09638 19.84373 7.595515 14.89496 20.83833 7.595515 16.08801 19.88039 8.769194 15.28942 18.8858 8.769194 14.47148 19.54253 8.769194 15.27007 20.53714 8.769194 14.30179 21.23694 7.595515 13.50319 20.24234 7.595515 11.93504 21.50145 7.595515 12.73364 22.49604 7.595515 13.92668 21.53812 8.769194 13.1281 20.54351 8.769194 12.31015 21.20025 8.769194 13.10874 22.19486 8.769194 -9.67467 22.38624 7.635848 -9.601222 23.65965 7.635848 -7.593474 23.54384 7.635848 -7.666924 22.27043 7.635848 -9.194414 22.35853 8.809528 -9.120965 23.63194 8.809528 -8.07374 23.57154 8.809528 -8.147191 22.29813 8.809528 -6.910406 22.28838 7.635848 -6.836956 23.56181 7.635848 -4.829214 23.446 7.635848 -4.902661 22.17257 7.635848 -6.430145 22.26069 8.809528 -6.356698 23.5341 8.809528 -5.309473 23.4737 8.809528 -5.382924 22.20029 8.809528 -4.18826 22.19203 7.635848 -4.11481 23.46546 7.635848 -2.107067 23.34965 7.635848 -2.180515 22.07623 7.635848 -3.708001 22.16433 8.809528 -3.634552 23.43775 8.809528 -2.587328 23.37734 8.809528 -2.660779 22.10393 8.809528 -14.06663 22.78188 7.597954 -13.88186 24.04215 7.640732 -10.39493 23.64301 7.635848 -10.46838 22.36959 7.635848 -13.92431 22.6588 8.804636 -13.73955 23.91906 8.847414 -10.87519 23.6707 8.809528 -10.94864 22.39729 8.809528 1.345654 21.99615 7.635848 1.419103 23.26957 7.635848 3.426847 23.15377 7.635848 3.353399 21.88035 7.635848 1.825914 21.96845 8.809528 1.899362 23.24186 8.809528 2.946586 23.18146 8.809528 2.873136 21.90805 8.809528 4.109918 21.89831 7.635848 4.183369 23.17174 7.635848 6.19111 23.05593 7.635848 6.11766 21.78249 7.635848 4.590178 21.87061 8.809528 4.663626 23.14403 8.809528 5.710847 23.08361 8.809528 5.637399 21.81021 8.809528 6.832061 21.80195 7.635848 6.905511 23.07537 7.635848 8.913257 22.95957 7.635848 8.839806 21.68614 7.635848 7.312319 21.77425 8.809528 7.385766 23.04766 8.809528 8.432993 22.98725 8.809528 8.359547 21.71385 8.809528 -1.455797 22.09533 7.635848 -1.382348 23.36874 7.635848 0.6253949 23.25293 7.635848 0.5519462 21.97951 7.635848 -0.9755383 22.06761 8.809528 -0.9020897 23.34103 8.809528 0.1451333 23.28062 8.809528 0.07168352 22.00721 8.809528 9.419433 21.71036 7.635848 9.492882 22.98379 7.635848 11.50063 22.86798 7.635848 11.42718 21.59456 7.635848 9.899693 21.68266 8.809528 9.973145 22.95609 8.809528 11.02037 22.89567 8.809528 10.94692 21.62227 8.809528 10.81833 -29.14096 7.398402 9.819699 -28.34743 7.398402 11.07082 -26.77291 7.398402 12.06947 -27.56643 7.398402 11.1176 -28.76433 8.57209 10.11896 -27.9708 8.57209 10.77154 -27.14954 8.57209 11.77019 -27.94306 8.57209 8.680947 -31.96849 7.326119 7.678508 -31.20245 7.44505 9.361371 -28.90781 7.398402 10.36002 -29.70134 7.398402 8.904623 -32.14045 8.663561 7.90219 -31.37442 8.543249 9.062095 -29.28445 8.57209 10.06074 -30.07798 8.57209 5.968896 -30.0303 7.084416 6.448574 -28.93581 7.084416 9.439657 -30.9271 7.084416 8.735548 -31.99068 7.084416 6.216462 -30.3258 8.191118 6.644678 -29.19752 8.275202 8.43437 -30.3491 8.556099 8.006155 -31.47737 8.551556 3.652312 -28.58759 6.808281 4.334642 -27.50991 6.808281 6.033786 -28.58572 6.808281 5.351459 -29.66339 6.808281 4.058754 -28.84493 7.981961 4.741083 -27.76725 7.981961 5.62734 -28.32838 7.981961 4.945013 -29.40606 7.981961 0.8324659 -26.81061 4.880717 1.514795 -25.73293 4.880717 3.213942 -26.80872 4.880717 2.531613 -27.88641 4.880717 1.238908 -27.06795 6.054396 1.921238 -25.99025 6.054396 2.807498 -26.55139 6.054396 2.125168 -27.62907 6.054396 -2.129425 -24.95585 3.528602 -1.447095 -23.87816 3.528602 0.2520475 -24.95397 3.528602 -0.430279 -26.03164 3.528602 -1.722985 -25.21318 4.702282 -1.040654 -24.1355 4.702282 -0.1543962 -24.69664 4.702282 -0.8367244 -25.77432 4.702282 -20.38732 -7.180424 7.640294 -21.64673 -6.97825 7.640294 -21.32796 -4.992597 7.640294 -20.06855 -5.194768 7.640294 -20.31105 -6.705453 8.813976 -21.57047 -6.50328 8.813976 -21.40422 -5.467573 8.813976 -20.1448 -5.669744 8.813976 -20.00973 -4.440321 7.640294 -21.26914 -4.238151 7.640294 -20.95038 -2.252497 7.640294 -19.69097 -2.454668 7.640294 -19.93347 -3.965347 8.813976 -21.19288 -3.763175 8.813976 -21.02663 -2.727473 8.813976 -19.76722 -2.929644 8.813976 -19.6379 -1.741974 7.640294 -20.89731 -1.539803 7.640294 -20.57855 0.4458585 7.640294 -19.31914 0.2436864 7.640294 -19.56164 -1.266998 8.813976 -20.82105 -1.064826 8.813976 -20.6548 -0.0291199 8.813976 -19.39539 -0.2312898 8.813974 -21.00344 -11.65156 7.618617 -22.26297 -11.45029 7.623126 -21.71063 -7.769564 7.640294 -20.45122 -7.971735 7.640294 -20.99286 -11.65323 8.831144 -22.25239 -11.45197 8.83565 -21.78688 -8.244544 8.813976 -20.52747 -8.446715 8.813976 -18.882 3.743574 7.640294 -20.14141 3.945741 7.640294 -19.82264 5.931402 7.640294 -18.56323 5.72923 7.640295 -18.80574 4.218544 8.813974 -20.06514 4.420717 8.813976 -19.89889 5.456419 8.813976 -18.63948 5.254252 8.813976 -18.50441 6.483667 7.640295 -19.76382 6.685839 7.640294 -19.44506 8.671501 7.640294 -18.18565 8.469326 7.640295 -18.42815 6.958643 8.813976 -19.68756 7.160814 8.813976 -19.52131 8.196522 8.813976 -18.2619 7.99435 8.813976 -18.13258 9.18202 7.640295 -19.39198 9.38419 7.640294 -19.07322 11.36985 7.640294 -17.81382 11.16767 7.640295 -18.05632 9.656995 8.813976 -19.31573 9.859163 8.813974 -19.14946 10.89487 8.813974 -17.89007 10.6927 8.813976 -19.26466 0.9666088 7.640294 -20.52407 1.168775 7.640294 -20.2053 3.154436 7.640294 -18.94589 2.952265 7.640294 -19.1884 1.441579 8.813974 -20.44781 1.64375 8.813976 -20.28156 2.679459 8.813976 -19.02215 2.477287 8.813974 -17.36767 14.73288 7.640295 -18.62708 14.93505 7.640295 -18.30832 16.92071 7.640295 -17.04891 16.71854 7.640295 -17.29141 15.20785 8.813976 -18.55082 15.41002 8.813976 -18.38457 16.44573 8.813976 -17.12516 16.24356 8.813976 -16.85789 17.28101 7.640295 -17.8923 18.02732 7.640295 -16.7156 19.65823 7.640295 -15.68121 18.9119 7.640295 -16.57643 17.67112 8.813976 -17.61083 18.41744 8.813976 -16.99707 19.26811 8.813976 -15.96267 18.52179 8.813976 -15.31366 19.52482 7.640295 -16.34806 20.27115 7.640295 -15.17137 21.90203 7.640295 -14.13696 21.15572 7.640295 -15.03218 19.91494 8.813976 -16.0666 20.66126 8.813976 -15.45284 21.51191 8.813976 -14.41844 20.76561 8.813976 -17.75034 11.95591 7.640295 -19.00975 12.15808 7.640294 -18.69098 14.14374 7.640295 -17.43157 13.94157 7.640295 -17.67408 12.43089 8.813976 -18.93349 12.63306 8.813974 -18.76724 13.66877 8.813976 -17.50783 13.46659 8.813976 -13.86104 21.72077 7.640295 -14.89544 22.46709 7.640295 -13.80662 24.08025 7.671025 -12.69219 23.4757 7.582514 -13.57957 22.11089 8.813976 -14.61396 22.85721 8.813976 -13.70164 23.83508 8.871756 -12.5872 23.23055 8.783246 -24.58456 -13.0618 -16.68419 -14.61614 27.44441 -16.6842 23.48493 18.01676 -16.6842 13.1846 -29.88938 -16.6842 -22.28667 -11.52347 7.632082 -13.76893 23.97118 7.632084 21.95205 15.39133 7.632084 12.71181 -26.52291 7.632082 -9.358793 -18.00136 7.632082 -10.31247 -20.73459 -16.6842 1.016225 -19.43104 7.632082 1.967092 -22.42671 -16.6842 23.5662 -19.00698 7.632082 24.71796 -22.26731 -16.6842 17.9988 -1.284334 -16.6842 17.04323 -1.020177 7.632082 12.30891 22.81157 7.632082 11.00405 26.69378 -16.6842 -18.28661 17.50464 7.632084 -20.17232 18.95747 -16.6842 -20.45678 -10.55835 -16.86853 -12.18005 22.44415 -16.86853 20.43009 14.77339 -16.86853 11.73692 -24.23088 -16.86853 -20.45678 -10.55835 7.651015 -12.18005 22.44415 7.651017 20.43009 14.77339 7.651017 12.74351 -24.87834 7.651015 -8.330938 -16.76365 7.651015 -8.281678 -16.77044 -16.86853 1.085338 -18.06121 7.651015 2.156862 -18.20887 -16.86853 21.85008 -18.40702 7.651017 20.91862 -18.57881 -16.86853 15.10999 -1.444528 -16.86853 15.41802 -0.742661 7.651015 11.59586 21.4974 7.651015 9.686066 21.76057 -16.86853 -16.82636 15.78732 7.651017 -16.95059 14.88583 -16.86853 -19.67241 -9.948058 5.90094 -12.26994 21.00452 5.90094 18.40914 14.53451 5.90094 12.27616 -23.23027 5.900942 -8.390415 -15.72153 5.900942 1.717389 -17.11438 5.90094 19.777 -17.97523 5.90094 13.81928 -1.017998 5.90094 11.24026 19.95908 5.900942 -16.08069 16.11671 5.90094 -22.36619 -11.56329 7.651015 -13.82184 24.03629 7.651017 22.0033 15.43134 7.651017 12.7373 -26.60733 7.651015 -9.398764 -18.06142 7.651015 1.006977 -19.49533 7.651015 23.62223 -19.06883 7.651017 17.07995 -1.028759 7.651015 12.33323 22.87325 7.651015 -18.35429 17.55079 7.651017 -13.76893 23.97118 3.999336 -22.28667 -11.52347 3.999337 21.95205 15.39133 3.999337 12.71181 -26.52291 3.999337 -9.331652 -18.0051 3.999337 1.606537 -19.51238 3.999337 23.5022 -19.47143 3.999337 17.01123 -1.252403 3.999337 11.25679 22.95656 3.999337 -18.35504 17.00801 3.999337 -18.10505 16.97157 5.90094 -13.26998 23.17319 5.90094 11.9942 22.04976 5.900942 20.85981 15.34129 5.90094 22.31252 -18.78995 5.90094 12.38452 -25.74543 5.900942 -9.036705 -17.77463 5.900942 -21.98031 -11.15084 5.900942 1.0146 -19.1597 5.90094 16.04862 -0.961257 5.90094 -22.28667 -11.52347 5.11991 -13.76893 23.97118 5.11991 21.95205 15.39133 5.11991 12.71181 -26.52291 5.11991 -9.358793 -18.00136 5.11991 1.016225 -19.43104 5.11991 23.5662 -19.00698 5.11991 17.04323 -1.020178 5.11991 12.30891 22.81157 5.11991 -18.28661 17.50464 5.11991 -13.76893 23.97118 4.550864 -22.28667 -11.52347 4.550864 21.95205 15.39133 4.550864 12.71181 -26.52291 4.550866 -9.331652 -18.0051 4.550866 1.606537 -19.51238 4.550864 23.5022 -19.47143 4.550864 17.01123 -1.252403 4.550864 11.25679 22.95656 4.550866 -18.35504 17.00801 4.550864 -22.88745 -11.76343 4.835387 -14.16292 24.59293 4.835387 22.42527 15.80478 4.835387 12.96069 -27.12701 4.835387 -9.631814 -18.40051 4.835387 1.2835 -19.90464 4.835387 24.04583 -19.66647 4.835387 17.38089 -1.124077 4.835387 12.00919 23.47942 4.835387 -18.82532 17.71505 4.835387 8.250848 -23.81791 7.632082 8.971729 -22.67279 7.651015 8.73493 -24.03792 5.497668 9.534593 -22.86568 5.49767 8.241189 -23.88138 7.651015 9.0157 -22.6985 7.651015 11.27811 -25.57983 5.49767 11.20479 -25.67817 7.651015 12.2643 -24.46188 5.49767 12.09171 -24.49721 7.651015 8.960964 -24.15508 3.999336 8.250775 -23.81787 7.632082 11.3626 -25.64846 3.999337 11.24815 -25.60984 7.632082 8.250726 -23.81783 7.632082 8.9274 -24.13389 3.999336 8.298104 -23.84656 7.632082 9.075244 -24.22723 3.999336 13.8194 -1.018326 5.90094 -19.67229 -9.948115 5.90094 -12.0427 6.063745 19.64247 -12.03193 9.008696 19.64247 -12.0427 6.063745 17.68107 -12.03193 9.008696 17.68107 -12.0427 6.063745 24.74809 -12.03193 9.008696 24.74809 -12.0427 6.063745 22.78669 -12.03193 9.008696 22.78669 -9.265131 11.89047 19.13114 -6.736463 11.88121 19.13114 -9.265131 11.89047 17.62654 -6.736463 11.88121 17.62654 -9.265131 11.89047 24.23676 -6.736463 11.88121 24.23676 -9.265131 11.89047 22.73216 -6.736463 11.88121 22.73216</float_array>
          <technique_common>
            <accessor source="#Cube_008Mesh-mesh-positions-array" count="2638" stride="3">
              <param name="X" type="float"/>
              <param name="Y" type="float"/>
              <param name="Z" type="float"/>
            </accessor>
          </technique_common>
        </source>
        <source id="Cube_008Mesh-mesh-normals">
          <float_array id="Cube_008Mesh-mesh-normals-array" count="8106">-0.01527637 -0.7349706 0.6779269 -0.01684951 -0.810611 -0.5853427 0.004708588 0.226538 -0.973991 0.006810069 0.327627 0.9447826 0.02073657 0.9976513 -0.06528311 -0.9992571 0.03853964 -4.02578e-5 -0.9992578 0.03852504 2.5788e-5 -0.9992582 0.03851217 -9.34466e-6 0.9992577 -0.03852385 0 0.9992576 -0.03852528 1.24239e-6 0.9992577 -0.0385257 2.17321e-7 -0.01527625 -0.7349669 0.677931 -0.01684916 -0.8106026 -0.5853544 0.004708886 0.2265372 -0.9739912 0.006809711 0.3276188 0.9447855 0.02073663 0.9976512 -0.0652858 -0.9992572 0.03853887 -3.99853e-5 -0.9992576 0.03852933 -1.34312e-6 -0.9992571 0.0385394 6.24779e-6 0.9992577 -0.03852391 -6.51917e-7 0.9992578 -0.03852504 4.70093e-6 0.9992576 -0.03852719 -1.19525e-6 -0.01338076 -0.2166389 0.9761601 -0.01754087 -0.9996843 -0.01799082 0.002527177 -0.36983 -0.9290961 0.008567452 0.8082045 0.5888398 0.01994764 0.7819531 -0.623018 -0.9992799 0.03229624 -0.01991868 -0.99928 0.03230327 -0.01990216 -0.9992808 0.03229606 -0.0198751 0.9992806 -0.03228974 0.01989537 0.9992805 -0.03228741 0.01990181 0.9992806 -0.03228628 0.01989984 -0.01337963 -0.2165855 0.976172 -0.01754128 -0.999684 -0.0180031 0.002527356 -0.3698361 -0.9290936 0.008567571 0.8082018 0.5888434 0.01994735 0.7819479 -0.6230247 -0.9992801 0.0322802 -0.01993268 -0.9992807 0.03228044 -0.01990401 -0.9992805 0.0322861 -0.01990419 0.9992805 -0.03228867 0.01989972 0.9992805 -0.03228741 0.01990222 0.9992805 -0.03228622 0.01989924 0.216628 -0.01070553 0.9761956 0.9997276 -0.01484972 -0.01800751 0.3698556 0.001553595 -0.929088 -0.8082245 0.007617413 0.5888253 -0.7820073 0.01648312 -0.6230512 -0.03992748 -0.9988771 -0.02550143 -0.03995543 -0.9988778 -0.02543395 -0.03996711 -0.9988758 -0.02549189 0.03996193 0.9988767 0.02546411 0.03996372 0.9988767 0.02546471 0.03995919 0.9988772 0.02544903 0.5533339 -0.01205152 0.8328725 0.926301 -0.01455622 -0.3765032 0.01078045 0.002989888 -0.9999375 -0.5422115 0.006553351 0.8402165 -0.9538038 0.01717025 -0.2999392 -0.04665535 -0.9988546 -0.01062589 -0.04665625 -0.9988552 -0.01056116 -0.04668414 -0.9988535 -0.01060467 0.04668378 0.998854 0.01055246 0.04668301 0.9988534 0.0106185 0.04662716 0.9988569 0.0105319 0.7715362 -0.01292407 0.6360543 0.7768571 -0.01395857 -0.6295222 -0.2802988 0.004153013 -0.9599038 -0.2746149 0.005483865 0.9615387 -0.9998021 0.01735442 -0.009729504 -0.0478717 -0.9988506 0.00242263 -0.04786401 -0.9988509 0.002448916 -0.04788208 -0.9988499 0.002511262 0.04785358 0.9988512 -0.002519905 0.04786801 0.9988507 -0.002470493 0.04786616 0.9988508 -0.002464234 -0.3257719 -0.005502521 0.9454324 0.8615511 -0.01266837 0.5075128 0.801046 -0.002091169 -0.5985992 -0.9968169 0.008625864 0.07925707 -0.3407688 0.01170098 -0.9400743 -0.02121531 -0.9989419 -0.04080408 -0.02123695 -0.9989389 -0.04086655 -0.02123337 -0.9989385 -0.04087918 0.02123433 0.9989389 0.04086893 0.02123016 0.9989399 0.04084497 0.02124047 0.9989408 0.04081785 -0.01527702 -0.7349767 0.6779203 -0.01684898 -0.8106132 -0.5853396 0.004708707 0.2265444 -0.9739896 0.006809473 0.3276172 0.944786 0.02073675 0.9976512 -0.06528508 -0.9992575 0.0385304 -6.05327e-5 -0.9992581 0.03851622 -8.84499e-6 -0.9992576 0.03852772 1.61579e-6 0.9992577 -0.03852421 2.30822e-6 0.9992577 -0.0385257 4.63653e-6 0.9992576 -0.0385282 -1.24068e-6 -0.0152772 -0.7349767 0.6779202 -0.01684886 -0.8106071 -0.585348 0.004709005 0.226544 -0.9739896 0.006809592 0.3276168 0.9447862 0.02073693 0.9976522 -0.06527018 -0.9992573 0.03853392 -6.07056e-5 -0.999258 0.03851884 -1.11277e-5 -0.9992576 0.03852713 3.69317e-6 0.9992578 -0.03852224 -2.65445e-6 0.9992577 -0.03852504 4.56515e-6 0.9992577 -0.03852605 3.63545e-6 -0.01338005 -0.2166013 0.9761686 -0.01754111 -0.9996842 -0.01799535 0.002525866 -0.3698691 -0.9290806 0.008568286 0.8082085 0.5888341 0.01994788 0.7819514 -0.6230201 -0.9992806 0.03227704 -0.01991105 -0.9992806 0.03228902 -0.0198915 -0.9992812 0.03228241 -0.019872 0.9992806 -0.032287 0.01990103 0.9992805 -0.03228557 0.01990467 0.9992805 -0.03228652 0.01990491 -0.01338034 -0.2166032 0.976168 -0.01754087 -0.9996841 -0.01800346 0.002526164 -0.3698658 -0.9290819 0.008567631 0.8082076 0.5888354 0.0199477 0.7819587 -0.6230109 -0.9992802 0.03226411 -0.01995837 -0.9992806 0.03228914 -0.0198915 -0.9992812 0.03228378 -0.01987093 0.9992806 -0.03228676 0.01989883 0.9992806 -0.03228473 0.01990365 0.9992806 -0.0322833 0.01990342 0.2166225 -0.01041227 0.9761999 0.9997361 -0.01426798 -0.01800638 0.3698338 0.001611888 -0.9290966 -0.8082154 0.007244944 0.5888425 -0.7820152 0.01591938 -0.6230561 -0.04109662 -0.9988156 -0.02604842 -0.04110354 -0.9988157 -0.02603405 -0.04110628 -0.9988153 -0.02604562 0.0411095 0.9988154 0.02603393 0.0411058 0.9988153 0.02604669 0.04110765 0.9988148 0.02606314 0.5533169 -0.01164352 0.8328896 0.9263053 -0.0139997 -0.3765139 0.01081639 0.002924859 -0.9999373 -0.5422106 0.006271302 0.8402193 -0.9538142 0.01654803 -0.2999412 -0.0479604 -0.9987905 -0.01083934 -0.04796063 -0.9987907 -0.01081681 -0.04796499 -0.9987905 -0.01082026 0.04796665 0.998791 0.01076102 0.04796636 0.9987901 0.01085102 0.04794728 0.9987913 0.01081645 0.7715418 -0.0124424 0.6360571 0.776871 -0.01345235 -0.6295161 -0.2803401 0.003991127 -0.9598925 -0.2746135 0.005292892 0.9615402 -0.999813 0.01671648 -0.009723603 -0.04919779 -0.9987859 0.002515792 -0.04919528 -0.998786 0.002528011 -0.04919874 -0.9987859 0.002536058 0.04918527 0.9987866 -0.002525031 0.04918831 0.9987865 -0.002518892 0.04919314 0.9987862 -0.002539873 -0.3258692 -0.008427381 0.9453774 0.8615564 -0.01376229 0.5074754 0.8011018 3.4179e-5 -0.5985281 -0.9968237 0.007934868 0.07924461 -0.3407275 0.01430499 -0.9400534 -0.02195036 -0.9988864 -0.04176604 -0.02195841 -0.9988852 -0.04178971 -0.02196007 -0.9988856 -0.04177796 0.02195769 0.9988849 0.04179638 0.02194195 0.998887 0.04175329 0.02193611 0.9988862 0.04177534 -0.01527619 -0.7349627 0.6779356 -0.01684921 -0.8106036 -0.5853529 0.004708707 0.2265353 -0.9739916 0.00680983 0.3276237 0.9447839 0.02073669 0.9976521 -0.06527239 -0.9992578 0.038522 -2.30489e-5 -0.9992581 0.03851366 1.3431e-7 -0.9992582 0.03851163 -9.08647e-6 0.9992577 -0.03852391 -1.76561e-6 0.9992577 -0.03852391 1.24238e-6 0.9992578 -0.03852456 6.51957e-7 -0.01527673 -0.7349785 0.6779184 -0.01684916 -0.8106092 -0.5853452 0.004708826 0.2265439 -0.9739896 0.006809592 0.3276169 0.9447862 0.02073669 0.997652 -0.06527358 -0.9992571 0.03854161 -3.35412e-5 -0.9992573 0.03853672 -1.22332e-5 -0.9992571 0.03854203 1.9144e-5 0.9992577 -0.03852367 2.62557e-6 0.9992578 -0.03852421 2.49657e-6 0.9992577 -0.03852391 6.78036e-7 -0.03572368 0.770889 0.6359671 -0.03413558 0.7763127 -0.6294231 0.0140317 -0.2800382 -0.9598864 0.011002 -0.2745257 0.9615169 0.04511225 -0.9989347 -0.009721577 -0.9988375 -0.04818785 -0.001307129 -0.9988384 -0.04817181 -0.001249492 -0.9988387 -0.0481652 -0.001269102 0.1426912 0.9897673 0 0.9931738 -0.1166439 0 -0.06028646 -0.001883029 -0.9981794 0.06076896 0.002177119 0.9981496 0.8655174 -0.1248903 0.4850588 0.5799812 0.4356919 0.6883273 0.6495481 0.3543831 0.6726811 0.1490762 0.7555742 0.6378745 0.1346168 0.9337627 -0.3316106 0.93546 -0.1098672 -0.3359225 0.1314106 0.9115218 -0.3896915 0.9126196 -0.1071842 -0.3945088 0.9904018 -0.1382184 0 0.1460765 0.9892733 0 0.1460638 0.9892752 0 0.13141 0.9115214 0.3896924 0.9126197 -0.1071835 0.3945086 0.1346164 0.9337623 0.3316118 0.9354612 -0.1098663 0.3359196 0.1555238 0.9878322 0 0.9949486 -0.1003863 0 0.9904015 -0.1382207 0 0.9892757 -0.1460605 0 -0.9892747 0.1460667 0 -0.9892746 0.1460678 0 0.9892743 -0.14607 0 -0.9024201 -0.4036022 0.1508092 -0.8940667 -0.4215268 0.1515251 -0.6566688 -0.7387194 0.1519202 -0.8648995 0.4826363 0.1378805 -0.4142093 0.8971332 0.1535665 -0.4311977 0.8890595 0.1537587 0.8093278 0.576895 0.1103671 0.7998198 0.5899509 0.110663 0.177385 0.9797647 0.09271389 -0.41008 -0.8998435 0.1487153 -0.4179058 -0.896176 0.1490746 -0.1341035 -0.9818271 0.1342827 -0.9615834 0.2387101 0.1355542 -0.9617809 0.238032 0.135345 -0.991548 -0.02062922 0.1280903 0.1769971 0.9776741 0.1132494 0.5912742 0.8030971 0.0736891 0.5244704 0.8475893 0.08076715 0.8578616 0.5126191 0.03599137 0.5536189 0.8296585 0.07192391 0.5611408 0.824726 0.07034415 0 0 1 -1.43598e-7 0 1 1.71362e-7 0 1 0 0 1 0 0 1 0 0 1 4.57336e-7 0 1 -3.30535e-7 0 1 0.0719226 -0.02600824 0.9970712 -3.99623e-7 0 1 3.61348e-7 0 1 6.1073e-7 0 1 0.6651952 0.7315168 -0.1496613 0.8664766 -0.4816047 -0.1314361 -0.1782004 -0.9802745 -0.0854789 0.1341608 0.9822173 -0.1313402 0.9920958 0.0207113 -0.1237621 -0.1780381 -0.9782766 -0.106195 -0.8366781 -0.5472325 -0.02250051 -0.9886052 0.1372932 -0.06172966 -0.003658592 -0.9999934 0 -0.9999934 0.003658413 0 0.003658175 0.9999933 3.74518e-7 0.9999934 -0.003658592 0 1.75044e-7 0 -1 -0.003658652 -0.9999934 0 -0.9999933 0.003659367 0 0.003658652 0.9999933 0 0.9999934 -0.003658473 -1.81596e-7 -0.003658652 -0.9999933 0 -0.9999933 0.00365746 0 0.003659129 0.9999933 3.98082e-7 0.9999933 -0.003658652 0 -0.003355026 -0.91702 -0.3988271 -0.9557269 0.003496587 -0.2942343 0.003355324 0.9170199 -0.3988273 0.9557259 -0.003496706 -0.2942379 -0.003355026 -0.9170199 0.3988273 -0.9557282 0.003497064 0.2942302 0.003355443 0.9170199 0.3988277 0.9557266 -0.003496706 0.2942354 0.9999934 -0.003658831 0 0.003660619 0.9999933 0 -0.003657877 -0.9999933 0 0.9999933 -0.003660202 0 0.003663361 0.9999933 0 -0.003655195 -0.9999933 1.26311e-7 0.9999933 -0.003658831 0 0.003656566 0.9999934 0 -0.003657877 -0.9999934 0 0.9999934 -0.003658831 0 0.003658235 0.9999933 0 -0.003657877 -0.9999934 0 0.003657937 0.9999933 0 -0.003657877 -0.9999933 0 0.4328488 -0.7560914 0.4908846 -0.4383727 -0.7528934 0.4908981 -0.4963766 -0.8525305 -0.1637132 0.4383722 0.7528941 0.4908975 0.8712043 -0.003187716 0.4909106 0.9865013 -0.00360918 -0.1637138 -0.9865015 0.003608584 -0.1637128 -0.871203 0.003186941 0.4909126 -0.4328498 0.7560913 0.4908838 0.4963757 0.8525308 -0.1637146 0.4901254 -0.8561398 -0.1637127 -0.5031659 -0.8641899 0 0.9999933 -0.003658115 0 -0.4901255 0.8561397 -0.1637136 -0.4968281 0.867849 0 -0.9999933 0.003658592 0 0.4968283 -0.8678489 0 0.503166 0.8641899 0 0.4328494 -0.756091 0.4908848 -0.4383727 -0.7528936 0.4908977 -0.4963756 -0.8525311 -0.1637134 0.4383731 0.7528933 0.4908978 0.8712035 -0.003188431 0.4909118 0.9865015 -0.003608524 -0.1637128 -0.9865016 0.003608644 -0.1637126 -0.8712038 0.003186404 0.4909112 -0.4328495 0.7560908 0.490885 0.4963747 0.8525316 -0.1637134 0.4901255 -0.8561398 -0.1637125 -0.5031658 -0.8641899 0 0.9999933 -0.003658831 0 -0.4901248 0.8561403 -0.1637118 -0.496828 0.8678491 0 -0.9999933 0.003658473 0 0.4968271 -0.8678495 0 0.5031653 0.8641903 0 0.4328491 -0.7560918 0.4908837 -0.4383725 -0.7528938 0.4908978 -0.4963759 -0.8525307 -0.163714 0.4383726 0.7528927 0.4908995 0.8712025 -0.003186941 0.4909136 0.9865014 -0.003607809 -0.1637133 -0.9865015 0.003609955 -0.1637129 -0.8712033 0.003187656 0.4909124 -0.4328477 0.7560917 0.4908853 0.4963752 0.8525315 -0.1637125 0.4901264 -0.8561388 -0.1637145 -0.5031651 -0.8641903 0 0.9999934 -0.003658771 0 -0.4901248 0.8561401 -0.163713 -0.4968277 0.8678494 0 -0.9999934 0.003659427 0 0.4968285 -0.8678488 0 0.5031656 0.8641901 0 -0.003230512 -0.8829703 -0.4694177 -0.9359148 0.003424048 -0.3522099 0.00323075 0.8829703 -0.4694179 0.935914 -0.003424167 -0.352212 -0.003230571 -0.8829753 0.4694083 -0.9359175 0.003424584 0.3522028 0.003230869 0.8829752 0.4694087 0.9359176 -0.003424227 0.3522024 -0.003657817 -0.9997715 0.02106207 -0.9998823 0.003658175 0.01489961 0.0036574 0.9997715 0.02106004 0.9998823 -0.003658235 0.01490402 -0.003657877 -0.9997716 -0.02106094 -0.9998824 0.003658175 -0.01489925 0.003658115 0.9997715 -0.02106094 0.9998822 -0.003658235 -0.0149036 0.9999933 -0.003659188 0 0.9999933 -0.003659069 0 0.9999933 -0.003658592 0 -0.9999933 0.003653824 0 -0.003657937 -0.9999933 0 0.003658175 0.9999933 0 -0.9999933 0.003654003 0 -0.003657937 -0.9999934 0 0.003655076 0.9999933 0 -0.9999933 0.003654003 0 -0.003657937 -0.9999934 0 0.003655135 0.9999933 0 -0.9999934 0.003653824 0 -0.003660678 -0.9999933 0 0.003660559 0.9999933 0 -0.9999933 0.003666162 0 -0.003657877 -0.9999933 0 0.003657937 0.9999933 0 -0.4328529 0.7560906 0.4908823 0.4383738 0.7528922 0.490899 0.4963748 0.8525316 -0.1637131 -0.4383749 -0.7528937 0.4908957 -0.8712096 0.003185689 0.490901 -0.9865 0.003609061 -0.1637213 0.9865021 -0.003609657 -0.1637091 0.8711999 -0.003185987 0.4909184 0.4328513 -0.7560911 0.4908829 -0.4963818 -0.8525273 -0.1637147 -0.4901306 0.8561365 -0.1637151 0.5031652 0.8641903 0 -0.9999933 0.003658175 0 0.4901218 -0.8561415 -0.1637151 0.4968259 -0.8678504 0 0.9999934 -0.003660857 0 -0.496834 0.8678456 0 -0.5031711 -0.8641868 0 -0.4328545 0.7560895 0.4908828 0.4383724 0.7528928 0.4908992 0.4963752 0.8525316 -0.1637123 -0.4383766 -0.7528914 0.4908976 -0.8712036 0.003186762 0.4909116 -0.9865013 0.003610074 -0.1637139 0.986501 -0.003610253 -0.1637154 0.8712051 -0.003186821 0.4909091 0.43285 -0.7560917 0.4908831 -0.496382 -0.8525274 -0.1637128 -0.4901302 0.8561367 -0.1637148 0.5031644 0.8641908 0 -0.9999933 0.003660261 0 0.4901227 -0.856141 -0.1637147 0.4968267 -0.8678498 0 0.9999933 -0.00366038 0 -0.4968342 0.8678455 0 -0.503172 -0.8641863 0 -0.4328489 0.7560924 0.4908829 0.4383754 0.7528939 0.4908949 0.4963644 0.8525365 -0.163719 -0.4383715 -0.7528938 0.4908987 -0.8712048 0.003186821 0.4909094 -0.986501 0.003610312 -0.1637153 0.9865022 -0.003605782 -0.163709 0.8712003 -0.003192245 0.4909173 0.4328461 -0.7560908 0.490888 -0.4963768 -0.8525306 -0.163712 -0.4901222 0.8561412 -0.1637148 0.5031584 0.8641942 0 -0.9999933 0.00366044 0 0.4901256 -0.8561406 -0.1637075 0.496826 -0.8678503 0 0.9999933 -0.003651618 0 -0.496826 0.8678503 0 -0.503166 -0.8641898 0 -0.9999933 0.003656685 0 -0.002892732 -0.7906543 -0.6122562 -0.8768963 0.00320816 -0.4806692 0.002892673 0.7906487 -0.6122633 0.8768934 -0.003208279 -0.4806743 -0.002892673 -0.7906439 0.6122695 -0.8768909 0.00320816 0.4806789 0.002892553 0.7906394 0.6122754 0.8768817 -0.003208279 0.4806957 -0.9999933 0.003660619 0 -0.003661572 -0.9999933 0 0.9999933 -0.003657996 0 -0.9999933 0.003657996 0 -0.003659009 -0.9999933 0 -0.003662288 -0.9999934 0 0.9999933 -0.003653943 0 -0.9999933 0.003657937 0 -0.003662288 -0.9999933 0 0.9999933 -0.003657996 0 -0.9999933 0.003657996 0 -0.003659188 -0.9999934 0 -0.003660917 -0.9999934 1.2775e-7 0.9999934 -0.00365889 0 -0.9999933 0.003659009 0 0.4901238 -0.8561404 -0.1637137 0.4328529 -0.7560833 0.4908937 -0.4383698 -0.7529018 0.490888 0.438374 0.752893 0.4908975 0.8712037 -0.003187656 0.4909113 0.9865013 -0.003610253 -0.1637133 -0.9865014 0.00360912 -0.1637135 -0.8712035 0.003187716 0.4909118 -0.4328488 0.7560917 0.4908842 0.4963759 0.8525309 -0.1637138 -0.496376 -0.8525308 -0.1637133 -0.5031647 -0.8641906 0 0.9999933 -0.003659367 0 -0.4901267 0.856139 -0.163713 -0.4968287 0.8678487 0 -0.9999933 0.003658413 1.26812e-7 0.4968281 -0.867849 0 0.5031647 0.8641905 0 0.4901232 -0.8561408 -0.1637138 0.4328535 -0.7560831 0.4908933 -0.4383692 -0.7529013 0.4908891 0.438373 0.752893 0.4908985 0.8712037 -0.003187477 0.4909115 0.9865015 -0.003609716 -0.1637132 -0.9865015 0.00360924 -0.1637126 -0.8712037 0.003187 0.4909117 -0.4328495 0.7560909 0.4908849 0.4963756 0.8525311 -0.163713 -0.4963772 -0.8525302 -0.1637129 -0.5031654 -0.8641903 0 0.9999933 -0.003659069 0 -0.4901247 0.8561404 -0.163712 -0.4968279 0.8678492 0 -0.9999933 0.003658413 0 0.4968276 -0.8678493 0 0.5031657 0.8641901 0 0.4901242 -0.8561401 -0.1637142 0.4328536 -0.7560831 0.4908932 -0.4383691 -0.7529023 0.4908878 0.4383728 0.7528938 0.4908975 0.8712036 -0.003186643 0.4909117 0.9865015 -0.003608942 -0.163713 -0.9865015 0.003610074 -0.1637128 -0.8712036 0.003187656 0.4909117 -0.4328499 0.7560905 0.4908851 0.4963739 0.852532 -0.1637138 -0.4963767 -0.8525302 -0.1637147 -0.5031663 -0.8641898 1.56575e-7 0.9999934 -0.003658711 0 -0.490125 0.8561402 -0.1637119 -0.4968283 0.8678489 0 -0.9999933 0.003659904 1.43222e-7 0.4968282 -0.867849 0 0.5031648 0.8641905 0 0.4901264 -0.8561393 -0.1637123 0.4328522 -0.7560834 0.4908941 -0.4383692 -0.7529007 0.4908902 0.4383736 0.7528927 0.4908984 0.8712038 -0.003187954 0.4909112 0.9865015 -0.003607988 -0.163713 -0.9865015 0.003608405 -0.1637129 -0.8712052 0.003187358 0.4909087 -0.4328473 0.7560909 0.4908866 0.4963775 0.8525303 -0.1637116 -0.4963819 -0.852528 -0.1637102 -0.5031683 -0.8641886 0 0.9999933 -0.003659248 0 -0.4901297 0.8561379 -0.1637094 -0.4968297 0.8678481 0 -0.9999933 0.003659367 0 0.4968287 -0.8678487 0 0.503167 0.8641892 0 0.4901251 -0.8561399 -0.1637126 0.4328535 -0.7560827 0.4908939 -0.4383674 -0.7529016 0.4908903 0.4383723 0.7528934 0.4908984 0.8712039 -0.003187417 0.490911 0.9865015 -0.003608226 -0.1637133 -0.9865014 0.003609061 -0.1637136 -0.8712055 0.003187417 0.4909083 -0.4328477 0.7560914 0.4908857 0.4963758 0.852531 -0.1637135 -0.4963804 -0.8525289 -0.1637108 -0.5031683 -0.8641885 0 0.9999933 -0.003658533 0 -0.4901275 0.8561389 -0.1637107 -0.4968281 0.8678489 0 -0.9999933 0.003661096 0 0.4968272 -0.8678495 0 0.503165 0.8641904 0 0.4901245 -0.8561401 -0.1637139 0.4328525 -0.7560836 0.4908936 -0.4383685 -0.7529016 0.4908892 0.4383725 0.7528934 0.4908983 0.8712044 -0.003186464 0.4909101 0.9865014 -0.003608584 -0.1637134 -0.9865014 0.003609418 -0.1637133 -0.8712038 0.003187477 0.4909112 -0.432847 0.7560911 0.4908868 0.496375 0.8525316 -0.1637121 -0.4963811 -0.8525282 -0.1637119 -0.503169 -0.864188 0 0.9999933 -0.003658413 0 -0.4901283 0.8561389 -0.1637091 -0.4968297 0.8678482 0 -0.9999934 0.003661751 0 0.4968287 -0.8678487 0 0.9999933 -0.003658711 0 -0.9999933 0.003658533 0 0.9908 -0.1353341 0 -5.68642e-7 0 1 0.9908002 -0.1353334 0 0 0 1 0.9908001 -0.1353335 0 -7.96097e-7 0 1 0.9908002 -0.135333 0 -4.32166e-7 0 1 0.9908002 -0.1353338 0 6.4825e-7 0 1 0.9908002 -0.1353332 0 2.72946e-7 0 1 0.9908002 -0.1353334 0 -2.27457e-7 0 1 0.9502248 -0.129791 0.2832441 1.76279e-7 0 1 -0.4705309 -0.5050306 -0.7235639 -0.6848573 0.3690871 -0.6282875 0.1600357 0.8229504 -0.5451067 0.8011559 -0.1163647 -0.5870336 -0.09360361 -0.6852893 -0.7222306 -0.8308905 -0.02216023 -0.5559945 0.1419084 0.8056429 -0.5751536 0.6883683 0.4089254 -0.599107 0.8070182 -0.1033028 -0.5814208 -0.4705311 -0.5050307 0.7235637 -0.6811107 0.3729233 0.6300923 0.1600368 0.8229519 0.5451042 0.8011562 -0.1163643 0.5870333 -0.09360325 -0.6852864 0.7222335 -0.7908849 -0.01927441 0.6116613 0.1407399 0.7893874 0.597545 0.8194096 0.5176154 0.2462568 0.8070212 -0.1033028 0.5814167 4.71453e-7 0 1 0.9885485 -0.1350258 0.06737905 -0.1661833 -0.9860949 0 0.1077667 0.9941762 0 -0.1959772 -0.9806084 3.16745e-4 0.1957651 0.9795465 0.04652577 0.9649479 -0.1928433 0.1780086 -3.85542e-7 0 1 0.003662288 0.9999933 0 -0.9999933 0.00365889 0 0.9999933 -0.003658711 0 0.00366199 0.9999934 0 0.003662288 0.9999933 0 -0.9999933 0.003657996 0 0.9999933 -0.003660023 0 0.003662288 0.9999933 0 0.9999933 -0.003657996 0 0.003662288 0.9999934 0 -0.9999933 0.003657996 0 -0.1341077 -0.9818266 0.1342821 -0.6595149 -0.7364414 0.150646 -0.6566984 -0.7388984 0.1509188 -0.9918941 -0.01856547 0.1257038 -0.9918447 -0.02063262 0.1257723 -0.6566086 -0.7388047 0.1517659 -0.8652408 0.4831511 0.1338785 -0.8683089 0.4777173 0.1335141 -0.9915922 -0.01856416 0.1280636 0.1769905 0.9776752 0.11325 0.1769876 0.9776757 0.1132504 -0.864811 0.4829106 0.1374751 0.1769948 0.9776744 0.1132501 0.858561 0.5120425 0.02618074 0.8311465 0.5552389 0.03009217 0.8583413 0.5119169 0.03451919 0.177358 0.9797696 0.09271377 0.1773805 0.9797655 0.09271395 0.1773736 0.9797668 0.09271341 0.9885495 -0.1350186 0.06737965 0.9885483 -0.1350281 0.06737899 0.9931738 -0.1166436 0 -0.0152769 -0.7349786 0.6779182 -0.01684927 -0.8106055 -0.5853503 0.004708826 0.2265346 -0.9739918 0.006809949 0.3276235 0.9447838 0.02073699 0.9976521 -0.0652728 -0.01527667 -0.7349824 0.6779141 -0.01684933 -0.8106066 -0.5853486 0.004708528 0.2265337 -0.9739921 0.006809949 0.327623 0.9447841 0.02073681 0.9976515 -0.06528073 -0.0133804 -0.2166126 0.976166 -0.01754099 -0.9996845 -0.01798063 0.002526402 -0.369853 -0.9290869 0.008568227 0.8082116 0.5888299 0.01994764 0.7819512 -0.6230205 -0.01338058 -0.2166106 0.9761664 -0.01754069 -0.9996845 -0.01798063 0.002526402 -0.3698505 -0.9290879 0.008567869 0.8082145 0.5888259 0.0199474 0.7819552 -0.6230155 0.2166282 -0.01070553 0.9761956 0.999728 -0.0148496 -0.0179907 0.3698763 0.001553714 -0.9290798 -0.8082206 0.007617473 0.5888306 -0.7820191 0.01648408 -0.6230364 0.5533395 -0.01205229 0.8328686 0.9263058 -0.01455599 -0.3764912 0.01078969 0.002989888 -0.9999374 -0.5422484 0.006554305 0.8401927 -0.9538033 0.01717048 -0.2999411 0.7715533 -0.01292431 0.6360334 0.7768689 -0.01395922 -0.6295077 -0.2803502 0.004154384 -0.9598889 -0.2746254 0.005483984 0.9615357 -0.9998022 0.01735419 -0.009716033 -0.3257542 -0.005502343 0.9454385 0.8615295 -0.01266795 0.5075494 0.8010618 -0.00209105 -0.598578 -0.9968178 0.008625686 0.0792455 -0.3407865 0.01170164 -0.9400679 -0.01527649 -0.7349743 0.6779229 -0.01684927 -0.8106153 -0.5853368 0.004708945 0.2265423 -0.97399 0.006810009 0.3276209 0.9447847 0.02073681 0.9976519 -0.06527489 -0.01527649 -0.7349744 0.6779229 -0.01684945 -0.8106165 -0.585335 0.004708588 0.2265392 -0.9739907 0.006809651 0.327619 0.9447854 0.02073663 0.9976522 -0.06527072 -0.01337993 -0.2166069 0.9761673 -0.01754087 -0.9996845 -0.01798444 0.002527415 -0.3698384 -0.9290928 0.008568286 0.8082085 0.5888342 0.019948 0.7819578 -0.6230122 -0.01337957 -0.2166019 0.9761683 -0.01754063 -0.9996845 -0.01798444 0.002527713 -0.3698366 -0.9290933 0.00856781 0.8082096 0.5888325 0.01994752 0.7819523 -0.6230192 0.2166229 -0.01041227 0.9761999 0.9997366 -0.01426774 -0.01798582 0.3698678 0.001612007 -0.9290831 -0.8082211 0.007244825 0.5888347 -0.7820212 0.01591944 -0.6230486 0.5533598 -0.01164484 0.8328611 0.9263148 -0.0139994 -0.3764904 0.0107882 0.002925813 -0.9999375 -0.5422492 0.006271183 0.8401945 -0.9538161 0.01654827 -0.2999351 0.7715464 -0.01244252 0.6360514 0.7768701 -0.01345241 -0.6295173 -0.2803043 0.003990113 -0.959903 -0.2746229 0.005293011 0.9615374 -0.9998131 0.01671659 -0.009720802 -0.3258652 -0.008427441 0.9453787 0.8615432 -0.01376211 0.5074979 0.8011052 3.42053e-5 -0.5985237 -0.9968243 0.007934868 0.07923644 -0.3407276 0.01430511 -0.9400533 -0.01527696 -0.7349811 0.6779156 -0.01684933 -0.8106069 -0.5853483 0.004708468 0.226531 -0.9739926 0.00680989 0.3276202 0.9447851 0.02073663 0.9976519 -0.06527477 -0.01527678 -0.7349732 0.677924 -0.01684945 -0.8106154 -0.5853367 0.004708886 0.2265393 -0.9739907 0.006809592 0.3276171 0.9447861 0.02073663 0.9976519 -0.06527423 -0.03572362 0.7708843 0.6359727 -0.03413659 0.776329 -0.6294028 0.01403307 -0.2800589 -0.9598802 0.01100164 -0.2745274 0.9615164 0.04511243 -0.9989348 -0.009711861 0.1426913 0.9897673 -1.38365e-7 0.9931738 -0.1166439 0 -0.06018912 -0.001807212 -0.9981855 0.06065827 0.002086699 0.9981565 0.8643253 -0.1248934 0.4871791 0.1491976 0.7561438 0.6371709 0.134617 0.9337581 -0.3316234 0.9354507 -0.1098646 -0.3359494 0.1314106 0.9115218 -0.3896912 0.9126161 -0.1071823 -0.3945171 0.9904004 -0.1382285 -6.82116e-7 0.1460769 0.9892733 0 0.1460637 0.9892752 0 0.1314103 0.9115215 0.3896923 0.9126161 -0.107182 0.3945172 0.1346175 0.933758 0.3316234 0.9354512 -0.1098641 0.3359479 0.155524 0.9878321 0 0.9949489 -0.1003836 0 0.9904022 -0.1382156 0 0.989276 -0.1460583 0 -0.9892742 0.1460711 0 -0.9892736 0.1460744 0 0.9892737 -0.1460744 0 -0.6595081 -0.7362119 0.1517935 -0.8680002 0.4772602 0.1371066 0.1773677 0.9797678 0.09271335 -0.1341184 -0.9818251 0.1342827 -0.9915921 -0.01857054 0.1280634 0.1770151 0.9776709 0.1132489 0.8301893 0.5561194 0.03895026 0.07919132 0.05486154 0.9953488 2.19196e-6 0 1 1.44854e-7 0 1 0.668388 0.7288655 -0.1483667 0.8624995 -0.4874861 -0.1358378 -0.1782209 -0.9802718 -0.08546686 0.1660813 0.981207 -0.09823358 0.9918387 0.01856911 -0.1261398 -0.177986 -0.9782887 -0.106171 -0.8640036 -0.5026841 -0.02839952 -0.9885114 0.1378347 -0.06202393 -0.003658592 -0.9999933 0 -0.9999934 0.003658413 0 0.003658175 0.9999933 0 0.9999934 -0.003658652 -1.56634e-7 0 0 -1 -0.003658652 -0.9999933 0 -0.9999934 0.003659129 0 0.003658652 0.9999933 0 0.9999933 -0.003658473 -1.81596e-7 -0.003658652 -0.9999933 0 -0.9999933 0.00365746 0 0.003659129 0.9999934 0 0.9999933 -0.00365889 -1.85677e-7 -0.003355145 -0.9170207 -0.3988256 -0.9557223 0.003497064 -0.2942495 0.003355145 0.9170191 -0.3988293 0.955727 -0.003496646 -0.2942343 -0.003355026 -0.9170207 0.3988256 -0.9557214 0.003496587 0.2942522 0.003355026 0.9170191 0.3988293 0.9557263 -0.003496706 0.2942367 0.9999933 -0.003659188 0 -0.003657937 -0.9999933 0 0.9999933 -0.00365889 0 0.003663361 0.9999934 1.26312e-7 -0.003655195 -0.9999934 0 0.9999934 -0.003658831 0 0.003656506 0.9999934 0 -0.003657937 -0.9999933 0 0.9999933 -0.003659188 0 0.003658235 0.9999933 0 0.9999934 -0.003659188 0 0.003657937 0.9999933 0 -0.003657937 -0.9999933 0 -0.003230512 -0.8829712 -0.469416 -0.935908 0.003424525 -0.3522282 0.003230392 0.8829692 -0.46942 0.9359129 -0.003424227 -0.3522151 -0.003230571 -0.8829764 0.4694064 -0.9359107 0.003424048 0.352221 0.003230512 0.8829742 0.4694104 0.9359166 -0.003424227 0.3522053 -0.003657817 -0.9997715 0.02106136 -0.9998822 0.003658533 0.01490902 0.003658115 0.9997719 0.02104496 0.9998822 -0.003658235 0.01490461 -0.003657817 -0.9997715 -0.02106165 -0.9998822 0.003658533 -0.01490861 0.0036574 0.9997719 -0.02104324 0.9998823 -0.003658235 -0.01490432 0.9999933 -0.00365895 0 0.9999933 -0.003658831 0 0.003658175 0.9999933 0 -0.9999933 0.003654003 0 -0.003657937 -0.9999934 0 -0.9999933 0.003654003 0 -0.003657996 -0.9999934 0 -0.9999933 0.003653824 0 -0.003660678 -0.9999933 0 0.003660559 0.9999933 0 -0.9999933 0.003669261 0 -0.003657817 -0.9999933 0 0.003657937 0.9999933 0 -0.9999933 0.003657341 0 -0.002892613 -0.7906587 -0.6122503 -0.8768944 0.00320816 -0.4806724 0.002892971 0.7906575 -0.612252 0.8768928 -0.003208279 -0.4806754 -0.002892673 -0.7906485 0.6122636 -0.8768898 0.0032081 0.4806809 0.00289303 0.7906472 0.6122652 0.8768906 -0.00320816 0.4806794 -0.003661572 -0.9999934 0 0.9999933 -0.003657996 0 -0.9999934 0.003657996 0 -0.003659009 -0.9999934 0 -0.003662288 -0.9999934 0 0.9999933 -0.003657996 0 -0.9999933 0.003657937 0 -0.003662288 -0.9999933 0 0.9999933 -0.003660023 0 -0.9999934 0.003659963 0 -0.003659188 -0.9999933 0 -0.003660917 -0.9999934 -1.2775e-7 0.9999934 -0.003658592 0 -0.9999934 0.003659009 0 -0.9999933 0.003658711 0 0.9908001 -0.1353338 0 0.9908002 -0.1353332 0 1.45572e-6 0 1 0.9908002 -0.1353336 0 -1.45572e-6 0 1 0.9908002 -0.1353332 0 -7.27856e-7 0 1 0.9908002 -0.1353331 0 0.9502246 -0.1297911 0.2832444 -0.4636767 -0.4995788 -0.7317274 -0.6521924 0.3545102 -0.6700505 0.1603416 0.8240027 -0.5434244 0.8038558 -0.1169259 -0.5832189 -0.09360325 -0.685285 -0.7222346 -0.8082923 -0.02050811 -0.5884243 0.1386394 0.7669986 -0.626492 0.8072852 0.4384557 -0.3950283 0.8044511 -0.1031402 -0.5849964 -0.4793745 -0.5120398 0.7127519 -0.7088177 0.3852912 0.5908708 0.1613078 0.8273135 0.538082 0.8038564 -0.1169265 0.583218 -0.09360301 -0.6852842 0.7222355 -0.8082911 -0.02050828 0.5884258 0.1388179 0.7670173 0.6264297 0.7889765 0.4691881 0.3967097 0.8044542 -0.1031402 0.5849919 1.85342e-6 0 1 0.9885486 -0.1350253 0.06737893 -0.1661834 -0.9860949 0 -0.1959771 -0.9806085 3.16806e-4 0.195765 0.9795466 0.04652583 0.964947 -0.192848 0.1780088 0.003662288 0.9999933 0 -0.9999933 0.003658413 0 0.9999933 -0.003658592 0 0.00366199 0.9999933 0 0.003662288 0.9999934 0 -0.9999933 0.003657996 0 0.9999933 -0.003660023 0 0.003662288 0.9999934 0 0.9999934 -0.003657996 -1.32728e-7 0.003662288 0.9999933 0 -0.9999933 0.003657996 0 0.9999934 -0.003657996 0 -0.1665357 -0.9806155 0.1032428 -0.6596146 -0.7363024 0.150889 -0.9918283 -0.02070575 0.125889 -0.8683875 0.4774682 0.1338932 0.1769946 0.9776745 0.1132503 0.8303808 0.5562565 0.03234952 0.177374 0.9797667 0.09271359 0.1426914 0.9897673 0 0.5031651 0.8641905 0 0.4963746 0.8525317 -0.1637133 0.9999933 -0.003658115 0 0.4901244 -0.8561401 -0.1637139 0.4328484 -0.7560923 0.490884 -0.4963753 -0.8525311 -0.1637142 0.9865013 -0.003608882 -0.1637141 0.4968278 -0.8678492 0 -0.4968287 0.8678486 0 -0.4901263 0.8561396 -0.1637115 -0.4383739 -0.7528937 0.4908967 -0.9865014 0.003608644 -0.1637132 0.9999933 -0.003659188 0 0.9865013 -0.003609657 -0.1637137 0.4968281 -0.8678489 0 0.503165 0.8641905 0 0.4963757 0.8525311 -0.163713 0.9999934 -0.003657221 0 -0.4963762 -0.8525306 -0.1637145 -0.4383727 -0.7528944 0.4908966 -0.9865014 0.003609716 -0.1637136 0.4901251 -0.85614 -0.163713 0.4328499 -0.7560909 0.4908844 0.9865016 -0.003608405 -0.1637126 0.4968283 -0.8678489 0 -0.4901247 0.8561404 -0.1637116 -0.432848 0.7560915 0.4908852 0.4383735 0.7528927 0.4908985 -0.5031663 -0.8641896 0 -0.9999933 0.003658473 0 0.4383737 0.7528929 0.4908979 -0.4328491 0.7560907 0.4908855 -0.8712044 0.003187477 0.4909102 -0.4963771 -0.8525304 -0.1637126 -0.4383726 -0.7528932 0.4908987 -0.9865015 0.003609299 -0.163713 0.8712022 -0.003186821 0.4909143 0.4901258 -0.8561395 -0.163713 -0.5031655 -0.8641901 0 0.4963757 0.8525308 -0.1637145 0.4383715 0.7528946 0.4908974 -0.9999933 0.003659367 0 -0.5031661 -0.8641899 0 -0.4901251 0.8561398 -0.1637136 0.5031665 0.8641896 0 0.8712032 -0.003187835 0.4909124 0.4328492 -0.7560911 0.4908847 -0.4328491 0.756092 0.4908838 -0.8712033 0.003187417 0.4909121 -0.8712033 0.003187298 0.4909124 0.8712034 -0.003187954 0.490912 -0.4968286 0.8678488 0 -0.9999934 0.003657698 0 -0.4968275 0.8678494 0 0.1474452 0.988846 0.02106648 0.9889555 -0.147462 0.01490229 -0.1474452 -0.9888463 0.02104997 -0.9889556 0.1474609 0.01490628 0.1474446 0.988846 -0.02106678 0.9889555 -0.1474618 -0.01490235 -0.1474447 -0.9888464 -0.02105027 -0.9889554 0.1474616 -0.01490658 0.1474442 0.9888462 0.02106302 0.9889559 -0.147461 0.01489341 -0.1474452 -0.9888463 0.02105021 -0.9889559 0.1474591 0.01490712 0.1474447 0.988846 -0.02106285 0.9889559 -0.1474606 -0.01489341 -0.1474457 -0.9888461 -0.02105003 -0.9889554 0.147462 -0.0149073 8.58347e-7 0 -1 0 0 1 -0.9787515 0.1459397 -0.1440387 -0.1473676 -0.9883334 -0.03846919 0.9154192 -0.1364966 0.3786509 0.136414 0.91487 0.3800053 -0.06607824 -0.006402313 -0.997794 0.06720918 0.007395863 0.9977115 0.8655137 -0.1248893 0.4850657 0.5799853 0.4356949 0.6883219 0.6495471 0.354391 0.672678 -0.364806 0.559788 0.7440121 0.134618 0.9337553 -0.3316307 0.9354535 -0.1098656 -0.335941 0.1314111 0.9115162 -0.3897042 0.9126136 -0.1071838 -0.3945227 0.1460639 0.9892752 0 0.1460752 0.9892735 0 0.1314113 0.9115207 0.3896938 0.9126117 -0.1071815 0.3945277 0.1346168 0.9337548 0.3316327 0.9354535 -0.1098654 0.3359411 0.1555237 0.9878322 0 0.9892753 -0.1460632 0 -0.9892747 0.1460675 0 -0.989275 0.1460654 0 0.9892731 -0.1460779 0 0.1426914 0.9897673 0 0.9931738 -0.1166434 0 -0.06018823 -0.00180751 -0.9981855 0.06065827 0.002085506 0.9981564 0.8643214 -0.1248923 0.4871865 -0.466525 0.4896717 0.7365976 0.1346157 0.933761 -0.3316156 0.9354502 -0.1098644 -0.3359505 0.1314115 0.9115349 -0.3896605 0.9126086 -0.1071816 -0.3945348 0.1460641 0.9892752 -1.60498e-7 0.1460748 0.9892736 0 0.1314126 0.911531 0.3896691 0.9126128 -0.107182 0.3945249 0.134617 0.9337607 0.3316163 0.9354497 -0.1098647 0.335952 0.1555238 0.9878322 0 0.9892753 -0.1460632 0 -0.9892746 0.1460675 0 -0.9892743 0.1460697 0 0.9892731 -0.1460779 0 -1 0 0 -0.9358758 0.009855329 -0.3521924 -0.9358719 0.009856343 0.3522027 -0.9358695 0.009857237 -0.3522092 -0.9358667 0.009855985 0.3522166 -0.935872 0.009855329 -0.3522024 -0.9358747 0.009856581 0.3521953 -0.9358667 0.009856998 -0.3522165 -0.9358705 0.009856224 0.3522066 -0.01527673 -0.7349822 0.6779143 -0.01684892 -0.8106022 -0.5853549 0.004708886 0.226538 -0.973991 0.006809473 0.327627 0.9447826 0.02073657 0.9976513 -0.06528311 -0.9992572 0.03853833 -4.02564e-5 -0.9992576 0.03852534 2.57882e-5 -0.9992579 0.03852015 -9.34492e-6 0.9992577 -0.03852409 0 0.9992576 -0.03852599 2.17322e-7 -0.01527661 -0.7349785 0.6779183 -0.01684856 -0.8105937 -0.5853666 0.004708588 0.2265372 -0.9739912 0.006809592 0.3276188 0.9447855 0.02073657 0.9976512 -0.0652858 -0.9992572 0.03853803 -3.99845e-5 -0.9992576 0.03852683 6.24801e-6 0.9992578 -0.03852468 -6.5193e-7 -0.01337939 -0.2166147 0.9761655 -0.01754111 -0.9996843 -0.01799029 0.002527654 -0.36983 -0.9290961 0.008568048 0.808206 0.5888376 0.01994788 0.7819506 -0.6230212 -0.9992799 0.03229796 -0.01991868 -0.99928 0.03230202 -0.01990145 -0.9992808 0.03229588 -0.01987498 0.9992806 -0.03228956 0.01989609 0.9992805 -0.03228849 0.01990181 0.9992805 -0.03228712 0.01990425 -0.01337921 -0.2166097 0.9761667 -0.01754117 -0.999684 -0.01800364 0.002525866 -0.3698608 -0.9290838 0.008567869 0.8082113 0.5888302 0.01994717 0.7819479 -0.6230247 -0.9992802 0.03227841 -0.01993155 -0.9992805 0.03228616 -0.01990491 -0.9992806 0.03228539 -0.01990377 0.9992806 -0.0322895 0.01989483 0.9992805 -0.03228771 0.0199024 0.9992806 -0.0322867 0.01989954 0.2166157 -0.009795784 0.9762078 0.9997456 -0.01358759 -0.01800507 0.3698319 0.00142157 -0.9290977 -0.8082227 0.006970107 0.5888359 -0.7820171 0.01508271 -0.6230746 -0.04362982 -0.9986594 -0.02785551 -0.04365712 -0.9986599 -0.0277962 -0.04366791 -0.9986581 -0.02784234 0.04368066 0.9986591 0.02778685 0.04365813 0.9986584 0.02784848 0.04365366 0.9986596 0.02781325 0.5533527 -0.01102811 0.8328741 0.9263182 -0.01331925 -0.3765068 0.01078265 0.002735853 -0.9999382 -0.5422317 0.005997002 0.8402076 -0.9538266 0.01571148 -0.2999469 -0.05097591 -0.9986326 -0.0115996 -0.05097556 -0.9986333 -0.01153922 -0.05100756 -0.9986312 -0.01157879 0.05099898 0.9986321 0.01154428 0.05099874 0.9986315 0.01158887 0.05097556 0.998633 0.01155799 0.7715424 -0.01182603 0.6360681 0.7768778 -0.01277202 -0.629522 -0.2803065 0.003800392 -0.9599031 -0.274572 0.00501734 0.9615535 -0.9998266 0.0158801 -0.009732842 -0.05230563 -0.9986277 0.002644538 -0.05229598 -0.9986281 0.00267595 -0.05231422 -0.9986269 0.002738356 0.05229842 0.9986278 -0.002738296 0.05230653 0.9986274 -0.00270617 0.05229568 0.9986281 -0.002661824 -0.3257713 -0.005034863 0.9454352 0.8615591 -0.01159197 0.5075252 0.8010441 -0.001913189 -0.5986023 -0.9968232 0.007892668 0.07925426 -0.3407294 0.01070702 -0.9401005 -0.02318215 -0.998737 -0.04457652 -0.02320712 -0.9987331 -0.04464995 -0.02320283 -0.9987327 -0.04466289 0.0232082 0.9987335 0.04464149 0.02320063 0.998735 0.04461228 0.02320551 0.9987345 0.04461973 -0.01527655 -0.7349744 0.6779229 -0.01684844 -0.8105947 -0.5853651 0.004708826 0.2265355 -0.9739915 0.006810247 0.3276237 0.9447839 0.02073669 0.9976521 -0.06527239 -0.9992577 0.03852444 -2.30483e-5 -0.9992582 0.0385127 -9.08672e-6 0.9992577 -0.03852444 -1.76563e-6 0.9992577 -0.03852444 3.96218e-6 0.9992578 -0.03852456 4.42788e-6 -0.003658592 -0.9999934 0 0.003658175 0.9999934 0 0.9999934 -0.003658652 0 1.64692e-7 0 -1 -0.003230452 -0.8829713 -0.4694159 -0.9359176 0.003424048 -0.3522025 0.00323081 0.8829758 -0.4694074 0.9359177 -0.003424167 -0.3522022 -0.003230571 -0.8829749 0.4694092 -0.9359165 0.003424584 0.3522052 0.003230869 0.8829747 0.4694096 0.9359167 -0.003424227 0.3522048 0.9999933 -0.003659248 0 0.003660619 0.9999933 0 -0.003657937 -0.9999933 0 0.9999934 -0.003660202 0 0.003663361 0.9999934 0 -0.003655195 -0.9999934 1.26311e-7 0.9999934 -0.003658831 0 0.003656566 0.9999933 0 -0.003657877 -0.9999933 0 0.9999933 -0.003658831 0 0.003658235 0.9999933 0 -0.003657877 -0.9999933 0 4.76784e-7 0 -1 0.6645144 0.5969383 0.4495391 0.6601305 -0.6017846 0.4495365 0.6103172 -0.6487407 0.4545859 -0.6645211 -0.5969327 0.4495366 -0.6601353 0.601778 0.4495384 -0.6103094 0.6487463 0.4545885 0.6150472 0.6442565 0.4545884 0.9999934 -0.003658831 0 0.003657937 0.9999933 0 -0.003657877 -0.9999933 0 0.9999933 -0.003658831 0 0.9999933 -0.003658711 -6.33911e-7 0.9999933 -0.003658711 0 0.9999933 -0.00365895 -6.32232e-7 -0.9999933 0.003656923 0 0.003658175 0.9999933 0 -0.9999933 0.003654003 0 -0.003657937 -0.9999934 0 0.003655076 0.9999933 0 -0.003657937 -0.9999934 0 0.003655135 0.9999933 0 -0.9999934 0.003656923 0 -0.9999933 0.003669261 0 -0.9999934 0.003660619 0 -0.9999933 0.003656625 0 -0.002892732 -0.7906543 -0.6122562 -0.8769103 0.00320822 -0.4806435 0.002892494 0.7906486 -0.6122636 0.876891 -0.003208279 -0.4806786 -0.002892792 -0.7906419 0.6122722 -0.8769039 0.00320822 0.4806551 0.002892673 0.790637 0.6122784 0.8768817 -0.003208279 0.4806957 -0.003661572 -0.9999934 0 -0.9999934 0.003657996 0 -0.003662288 -0.9999934 0 -0.9999934 0.003657996 0 -0.003662288 -0.9999933 0 -0.9999934 0.003659963 0 -0.003659188 -0.9999934 0 -0.003660917 -0.9999933 1.2775e-7 0.9999934 -0.00365889 0 -0.9999934 0.003659009 0 4.00936e-7 0 1 -0.003659486 -0.9999933 0 -0.003659486 -0.9999934 0 0.003662288 0.9999934 0 -0.9999934 0.003658413 0 0.9999933 -0.003658711 0 0.00366199 0.9999933 0 0.003662288 0.9999933 0 -0.9999934 0.003657996 0 0.9999934 -0.003657996 0 -0.9999934 0.003657996 0 0.9999934 -0.003662049 0 0.003662288 0.9999933 0 -0.9999934 0.003657996 0 0.00365597 0.9999934 0 -0.01684898 -0.8106055 -0.5853503 0.004708528 0.2265346 -0.9739918 0.006809651 0.3276235 0.9447838 0.02073681 0.9976521 -0.0652728 -0.01527702 -0.7349824 0.6779141 0.006809651 0.327623 0.9447841 -0.01337951 -0.2165837 0.9761724 -0.01754075 -0.9996845 -0.01798051 0.002526402 -0.369853 -0.9290869 0.00856775 0.808205 0.588839 0.01994776 0.7819517 -0.6230198 -0.01338052 -0.2166101 0.9761666 -0.01754087 -0.9996845 -0.01798063 0.008568465 0.8082134 0.5888275 0.0199477 0.7819552 -0.6230155 0.2166423 -0.009795725 0.9762019 0.9997459 -0.01358789 -0.01799106 0.3698738 0.001421511 -0.929081 -0.8082256 0.006970107 0.5888317 -0.782042 0.01508325 -0.6230434 0.5533319 -0.01102757 0.832888 0.9263256 -0.01331907 -0.3764885 0.01078999 0.002735733 -0.9999381 -0.5422455 0.005997121 0.8401988 -0.9538279 0.01571136 -0.2999426 0.7715478 -0.01182603 0.6360616 0.7768772 -0.01277285 -0.6295228 -0.280309 0.003800868 -0.9599024 -0.2746268 0.005018532 0.9615378 -0.9998268 0.01587933 -0.009716153 -0.3257391 -0.005034744 0.9454464 0.8615426 -0.01159143 0.5075532 0.8010488 -0.001913189 -0.5985962 -0.9968237 0.007892787 0.07924765 -0.3407776 0.01070749 -0.940083 -0.01527732 -0.7349811 0.6779156 -0.01684963 -0.8106065 -0.5853487 0.004709005 0.2265309 -0.9739926 0.006808996 0.3276202 0.9447851 0.02073681 0.9976519 -0.06527411 -0.003658592 -0.9999934 0 0.003658175 0.9999933 0 0.9999934 -0.003658652 0 2.40921e-7 0 -1 -0.00323069 -0.8829768 -0.4694055 -0.9359098 0.003424465 -0.3522233 0.003230392 0.8829748 -0.4694096 0.9359174 -0.003424227 -0.3522031 -0.003230392 -0.8829759 0.4694073 -0.9359097 0.003424108 0.3522235 0.003230452 0.8829737 0.4694113 0.9359156 -0.003424227 0.3522077 0.9999933 -0.003658831 0 0.003660619 0.9999933 0 0.9999934 -0.003659307 0 0.003663361 0.9999934 1.26312e-7 -0.003655195 -0.9999934 0 0.9999933 -0.003658831 0 0.003656506 0.9999933 0 -0.003657877 -0.9999934 0 0.9999933 -0.003659188 0 0.003658235 0.9999933 0 -0.6150415 -0.6442629 0.4545869 0.9999933 -0.003659188 0 0.9999933 -0.00365895 -6.33913e-7 0.9999933 -0.003658711 -6.33703e-7 0.9999933 -0.003659188 -6.33913e-7 -0.003657937 -0.9999933 0 -0.9999933 0.003650486 0 -0.003657996 -0.9999934 0 0.003655076 0.9999933 0 -0.9999933 0.003654003 0 -0.9999933 0.003653824 0 -0.003660678 -0.9999933 0 -0.9999933 0.003666162 0 -0.9999933 0.003659963 0 -0.002892732 -0.7906587 -0.6122503 -0.8768969 0.003208577 -0.480668 -0.002892494 -0.7906465 0.6122663 -0.8768876 0.003208518 0.4806848 0.002892851 0.7906452 0.6122679 0.8768882 -0.00320816 0.4806837 -0.003661572 -0.9999934 0 0.9999933 -0.003657996 0 -0.003662288 -0.9999933 0 0.9999933 -0.003653943 0 -0.9999933 0.003657937 0 0.9999933 -0.003662049 0 -0.9999934 0.003659963 0 -0.003659188 -0.9999933 0 -0.003660917 -0.9999934 -1.2775e-7 0.9999933 -0.003658652 0 -0.9999934 0.003659009 0 -0.003659486 -0.9999933 0 -0.003659486 -0.9999934 -7.77106e-7 0.003662288 0.9999933 0 -0.9999933 0.00365889 0 0.9999934 -0.003658592 0 0.003662049 0.9999933 0 -0.9999934 0.003657996 0 0.9999934 -0.003657996 0 -0.9999934 0.003657996 0 0.9999934 -0.003653943 0 0.00365597 0.9999934 0 0.7349764 -0.01527637 0.6779207 0.8106142 -0.0168485 -0.5853381 -0.2265403 0.004708826 -0.9739904 -0.3276113 0.006810128 0.9447881 -0.9976514 0.02073681 -0.06528228 -0.03854209 -0.9992571 -4.4318e-5 -0.03853756 -0.9992572 -9.13027e-6 -0.03853261 -0.9992575 -2.95456e-5 0.03852432 0.9992578 -1.84669e-6 0.03852623 0.9992576 6.84782e-6 0.03852862 0.9992575 2.76992e-6 0.7349777 -0.01527678 0.6779193 0.8106082 -0.01684886 -0.5853467 -0.2265418 0.004708945 -0.9739901 -0.3276159 0.006810128 0.9447865 -0.9976519 0.02073663 -0.06527411 -0.03854209 -0.9992571 -1.47727e-5 -0.03853762 -0.9992572 -1.82606e-5 -0.03853291 -0.9992573 -2.58526e-5 0.03852581 0.9992576 -1.84666e-6 0.03852701 0.9992576 6.8477e-6 0.0385282 0.9992575 1.84658e-6 0.2165992 -0.01337999 0.976169 0.9996841 -0.01754087 -0.01800352 0.3698565 0.002526283 -0.9290855 -0.8082073 0.008567452 0.588836 -0.7819501 0.01994711 -0.623022 -0.03226608 -0.9992799 -0.01996576 -0.03228694 -0.9992808 -0.01988518 -0.03228181 -0.999281 -0.01988446 0.03228658 0.9992805 0.01989942 0.03228414 0.9992806 0.01990336 0.03228461 0.9992805 0.01990777 0.2166036 -0.01337999 0.9761679 0.9996841 -0.01754122 -0.01800322 0.3698487 0.002526462 -0.9290886 -0.8082098 0.00856769 0.5888324 -0.7819616 0.01994788 -0.6230074 -0.03226238 -0.9992803 -0.01995092 -0.0322895 -0.9992806 -0.01989704 -0.03228563 -0.9992814 -0.01986223 0.03228574 0.9992804 0.01990753 0.03228652 0.9992804 0.01990783 0.03228473 0.9992806 0.01990032 0.01041221 0.2166246 0.9761995 0.01426827 0.9997363 -0.01799625 -0.001611411 0.3698613 -0.9290856 -0.007244825 -0.8082167 0.5888406 -0.01591962 -0.7820274 -0.6230409 0.9988163 -0.04107475 -0.02605611 0.9988163 -0.0411002 -0.02601772 0.9988148 -0.0411095 -0.02605843 -0.9988158 0.04111319 0.02601367 -0.9988154 0.04109847 0.02605295 -0.9988158 0.04109513 0.02604001 0.01164424 0.5533495 0.8328678 0.01399928 0.9263094 -0.3765036 -0.002925813 0.01078617 -0.9999376 -0.0062716 -0.5422277 0.8402083 -0.01654779 -0.9538063 -0.2999663 0.9987909 -0.04795485 -0.01082766 0.9987909 -0.04795342 -0.01082867 0.9987912 -0.04794824 -0.0108273 -0.9987907 0.04796636 0.01079279 -0.9987902 0.04796576 0.01083791 -0.9987907 0.04795765 0.0108245 0.01244246 0.7715409 0.6360581 0.01345211 0.7768567 -0.6295337 -0.00399065 -0.2803306 -0.9598953 -0.005292117 -0.2745913 0.9615465 -0.01671648 -0.999813 -0.009725868 0.9987858 -0.04920262 0.00246948 0.9987863 -0.04918932 0.002517998 0.998786 -0.04919523 0.00253731 -0.9987863 0.04918903 -0.002555072 -0.9987858 0.0491991 -0.002521753 -0.9987862 0.0491929 -0.002499818 0.008427441 -0.3258721 0.9453763 0.01376223 0.8615571 0.5074741 -3.42205e-5 0.8010993 -0.5985316 -0.007934808 -0.9968234 0.07924818 -0.01430487 -0.3407292 -0.9400528 0.9988856 -0.02196431 -0.04177463 0.9988855 -0.0219717 -0.04177486 0.9988852 -0.02196633 -0.0417841 -0.9988844 0.02196586 0.04180222 -0.9988862 0.02195298 0.04176628 -0.998886 0.02195018 0.04177278 0.7349745 -0.01527673 0.6779228 0.8106134 -0.01684874 -0.5853392 -0.2265408 0.004708886 -0.9739904 -0.3276066 0.006810069 0.9447897 -0.9976505 0.02073669 -0.06529593 -0.03853023 -0.9992575 -6.64761e-5 -0.03851842 -0.9992579 -9.13023e-6 -0.03852504 -0.9992578 -3.69321e-6 0.03852289 0.9992578 -7.38673e-6 0.03852576 0.9992577 7.98902e-6 0.03852641 0.9992577 7.38632e-6 -0.7708923 -0.03572386 0.6359629 -0.7763114 -0.03413593 -0.6294246 0.2800385 0.01403284 -0.9598862 0.2745207 0.01100158 0.9615184 0.9989346 0.04511249 -0.009727895 0.04817479 -0.9988382 -0.001276075 0.04818111 -0.9988378 -0.00127691 0.04817497 -0.9988381 -0.001284778 0.9906591 0.1363617 0 -0.003659248 -0.9999933 0 -0.9999934 0.003658413 0 0.005480885 0.999985 -2.90175e-7 0.9999933 -0.003658533 0 -0.003659248 -0.9999933 -4.6831e-7 -0.9999933 0.003658652 -1.90489e-7 0.003658652 0.9999933 -2.34155e-7 -0.805052 0.05394917 0.5907461 0.7560893 0.4328492 0.4908875 0.7528911 -0.4383724 0.4909018 0.8525318 -0.496376 -0.1637084 -0.7528989 0.4383686 0.4908934 0.003193199 0.871204 0.490911 0.003604829 0.9865012 -0.1637144 -0.003602683 -0.9865017 -0.1637113 -0.003191053 -0.871203 0.4909129 -0.7560884 -0.4328507 0.4908877 -0.8525307 0.4963754 -0.1637162 0.8561406 0.4901261 -0.1637063 0.864188 -0.5031691 2.0929e-7 0.003654122 0.9999933 0 -0.8561406 -0.490126 -0.1637066 -0.8678494 -0.4968274 0 -0.003652751 -0.9999933 2.95572e-7 0.8678498 0.4968268 0 -0.8641877 0.5031696 0 0.7560946 0.432847 0.4908815 0.7528968 -0.4383723 0.4908933 0.8525295 -0.4963765 -0.1637191 -0.7528946 0.4383718 0.4908971 0.003186643 0.8712037 0.4909114 0.003609895 0.9865011 -0.1637147 -0.003608405 -0.9865013 -0.1637143 -0.00318855 -0.8712034 0.490912 -0.756092 -0.4328477 0.4908849 -0.8525305 0.4963762 -0.1637144 0.8561425 0.4901198 -0.163716 0.8641896 -0.5031665 0 0.0036605 0.9999933 -1.20275e-7 -0.8561403 -0.4901245 -0.1637124 -0.8678491 -0.4968279 0 -0.003655076 -0.9999933 1.2476e-7 0.867852 0.496823 0 -0.8641894 0.5031667 0 0.7560921 0.4328493 0.4908831 0.7528939 -0.4383729 0.4908973 0.8525306 -0.496376 -0.1637146 -0.7528927 0.4383735 0.4908986 0.003185749 0.8712037 0.4909115 0.003608822 0.9865013 -0.163714 -0.003609538 -0.9865014 -0.1637135 -0.003187179 -0.8712033 0.4909123 -0.7560915 -0.4328492 0.490884 -0.8525317 0.4963745 -0.1637133 0.8561396 0.4901251 -0.1637144 0.8641901 -0.5031658 0 0.003657817 0.9999934 0 -0.8561398 -0.490125 -0.1637136 -0.8678488 -0.4968284 0 -0.003659188 -0.9999933 0 0.8678494 0.4968273 0 -0.8641912 0.5031636 0 0.882979 -0.003230631 -0.4694013 -0.003424048 -0.9359074 -0.3522296 -0.8829724 0.003230452 -0.469414 0.003424108 0.9359154 -0.3522084 0.8829748 -0.00323069 0.4694095 -0.003424048 -0.9359041 0.3522385 -0.8829694 0.003230452 0.4694194 0.003424108 0.9359143 0.3522112 0.9997716 -0.003657937 0.02106076 -0.003658294 -0.9998824 0.01490354 -0.9997718 0.003657937 0.0210492 0.003658175 0.9998822 0.01490372 0.9997715 -0.003657758 -0.0210604 -0.003658354 -0.9998822 -0.01490443 -0.9997718 0.003657817 -0.0210489 0.003658175 0.9998823 -0.01490443 -0.7560921 -0.4328496 0.4908831 -0.7528939 0.4383729 0.4908971 -0.8525305 0.4963762 -0.1637147 0.7528946 -0.4383728 0.4908962 -0.003187239 -0.871204 0.490911 -0.003608524 -0.9865009 -0.1637164 0.003610432 0.9865008 -0.1637172 0.00318551 0.8712056 0.4909083 0.756093 0.4328498 0.4908816 0.8525316 -0.4963738 -0.1637167 -0.8561396 -0.4901245 -0.1637162 -0.8641897 0.5031664 0 -0.003658056 -0.9999934 0 0.8561403 0.4901233 -0.1637164 0.8678497 0.4968268 0 0.003660857 0.9999933 0 -0.8678492 -0.496828 0 0.8641905 -0.5031649 0 -0.7560913 -0.4328525 0.4908816 -0.7528936 0.4383747 0.4908961 -0.8525308 0.4963752 -0.1637162 0.7528905 -0.4383766 0.4908993 -0.003183603 -0.8712106 0.4908994 -0.003612279 -0.9864999 -0.1637222 0.003611862 0.9865016 -0.1637116 0.00318104 0.8712001 0.490918 0.7560908 0.4328531 0.4908817 0.8525275 -0.4963827 -0.1637105 -0.8561363 -0.4901309 -0.1637149 -0.8641901 0.5031657 0 -0.003662407 -0.9999933 0 0.8561392 0.4901246 -0.1637184 0.8678479 0.4968301 0 0.003661632 0.9999933 0 -0.8678463 -0.4968327 0 0.8641879 -0.5031692 0 -0.7560901 -0.4328549 0.4908813 -0.7528922 0.4383732 0.4908995 -0.8525323 0.4963735 -0.1637134 0.7528948 -0.4383786 0.4908908 -0.003190755 -0.8712019 0.4909144 -0.003603756 -0.9865007 -0.1637176 0.003610312 0.986501 -0.1637161 0.003181874 0.8712053 0.4909088 0.7560941 0.4328485 0.4908808 0.85253 -0.4963736 -0.1637251 -0.8561352 -0.4901314 -0.1637185 -0.8641914 0.5031632 0 -0.003651261 -0.9999933 0 0.8561419 0.4901206 -0.163716 0.8678516 0.4968237 0 0.003661572 0.9999933 0 -0.8678445 -0.496836 0 0.8641896 -0.5031666 0 0.8561409 0.490123 -0.1637136 0.756085 0.4328505 0.4908931 0.7529012 -0.4383662 0.4908919 -0.7528979 0.4383715 0.4908925 0.00318849 0.8712025 0.4909136 0.003616273 0.9865012 -0.1637142 -0.003603518 -0.9865016 -0.1637117 -0.003191828 -0.8712028 0.4909129 -0.7560887 -0.4328516 0.4908866 -0.8525285 0.4963793 -0.1637163 0.8525342 -0.4963718 -0.163709 0.8641932 -0.5031603 0 0.003663659 0.9999934 0 -0.8561413 -0.4901242 -0.1637078 -0.8678494 -0.4968274 0 -0.003653883 -0.9999933 0 0.8678484 0.4968291 0 -0.8641872 0.5031705 0 0.8561414 0.490121 -0.1637172 0.7560842 0.4328532 0.4908919 0.7529038 -0.4383682 0.4908861 -0.7528935 0.438373 0.4908978 0.003184854 0.8712031 0.4909124 0.003608345 0.9865013 -0.163714 -0.003607749 -0.9865013 -0.1637138 -0.003189146 -0.871203 0.4909129 -0.7560911 -0.4328491 0.490885 -0.8525316 0.4963743 -0.1637145 0.8525278 -0.4963794 -0.1637195 0.8641898 -0.503166 0 0.003656864 0.9999933 0 -0.8561393 -0.4901265 -0.1637125 -0.8678482 -0.4968295 -1.25851e-7 -0.003655016 -0.9999933 0 0.8678505 0.4968255 0 -0.8641913 0.5031636 -2.30852e-7 0.8561399 0.4901245 -0.1637146 0.7560839 0.4328532 0.4908927 0.7529031 -0.4383678 0.4908878 -0.752894 0.4383724 0.4908976 0.003186404 0.8712043 0.4909102 0.003609776 0.9865011 -0.1637148 -0.003608882 -0.9865012 -0.163714 -0.00318861 -0.8712043 0.4909103 -0.7560923 -0.432848 0.4908843 -0.852531 0.4963756 -0.1637137 0.852531 -0.4963757 -0.1637143 0.8641905 -0.5031648 0 0.003659129 0.9999934 0 -0.8561394 -0.4901261 -0.1637125 -0.8678486 -0.4968287 0 -0.003657877 -0.9999934 0 0.867849 0.4968281 0 -0.8641901 0.5031656 0 0.8561426 0.490118 -0.1637203 0.7560849 0.4328547 0.4908896 0.7529036 -0.4383666 0.4908881 -0.7528924 0.4383738 0.4908987 0.003181636 0.8712045 0.49091 0.003611266 0.9865007 -0.1637173 -0.003608524 -0.9865015 -0.1637129 -0.003181993 -0.8712053 0.4909086 -0.7560913 -0.4328489 0.4908846 -0.8525326 0.4963726 -0.163715 0.8525229 -0.4963896 -0.1637135 0.8641852 -0.503174 0 0.003661692 0.9999934 0 -0.8561334 -0.4901365 -0.1637128 -0.8678439 -0.4968371 0 -0.0036574 -0.9999933 0 0.8678526 0.4968217 0 -0.8641919 0.5031626 0 0.8561371 0.4901315 -0.1637088 0.7560836 0.4328511 0.4908946 0.7529019 -0.4383667 0.4908905 -0.7528917 0.4383794 0.4908947 0.003190815 0.8712051 0.490909 0.00360924 0.986501 -0.1637155 -0.003611683 -0.9865015 -0.1637127 -0.003189444 -0.8712047 0.4909096 -0.7560934 -0.4328427 0.4908869 -0.8525326 0.4963715 -0.1637184 0.8525326 -0.4963743 -0.1637092 0.8641924 -0.5031615 0 0.00365591 0.9999933 0 -0.8561391 -0.4901272 -0.1637108 -0.8678498 -0.4968268 0 -0.003660142 -0.9999933 0 0.8678453 0.4968346 0 0.8561415 0.4901212 -0.1637163 0.7560841 0.4328539 0.4908915 0.7529035 -0.4383681 0.4908869 -0.7528946 0.4383713 0.4908974 0.003187239 0.8712061 0.4909073 0.003609657 0.9865006 -0.1637178 -0.003605604 -0.9865012 -0.1637149 -0.003186821 -0.8712055 0.4909083 -0.7560913 -0.4328474 0.4908861 -0.8525317 0.4963743 -0.1637139 0.8525304 -0.4963759 -0.1637166 0.864191 -0.5031639 0 0.003659844 0.9999933 0 -0.8561364 -0.4901326 -0.1637088 -0.8678461 -0.4968331 0 -0.003653049 -0.9999933 0 0.8678497 0.4968269 0 -0.8641912 0.5031635 0 0.003658711 0.9999934 0 -0.003658413 -0.9999933 0 0.7349692 -0.01527631 0.6779284 0.8106244 -0.01684939 -0.5853241 -0.2265458 0.004708707 -0.9739891 -0.3276019 0.006809353 0.9447913 -0.9976519 0.02073681 -0.06527394 0.7349639 -0.01527613 0.6779342 0.8106192 -0.01684951 -0.5853313 -0.2265424 0.004708647 -0.97399 -0.327598 0.006809175 0.9447927 -0.9976522 0.02073663 -0.06527131 0.2166042 -0.01337999 0.9761679 0.9996845 -0.01754069 -0.01798111 0.3698595 0.002526402 -0.9290843 -0.8082103 0.008567929 0.5888317 -0.7819678 0.0199477 -0.6229995 0.2166033 -0.01338005 0.976168 0.9996847 -0.01754075 -0.01797205 0.3698585 0.002525806 -0.9290847 -0.8082066 0.008567333 0.5888367 -0.7819499 0.01994746 -0.6230222 0.01041239 0.2166244 0.9761995 0.0142681 0.9997368 -0.01797139 -0.001611411 0.3698534 -0.9290888 -0.007244884 -0.808216 0.5888416 -0.01591962 -0.7820293 -0.6230382 0.01164501 0.5533639 0.8328583 0.01399892 0.9263209 -0.3764752 -0.002925753 0.01078599 -0.9999377 -0.006271481 -0.5422559 0.84019 -0.01654839 -0.9538132 -0.2999442 0.01244294 0.7715548 0.6360412 0.0134527 0.7768738 -0.6295127 -0.00399053 -0.2803262 -0.9598966 -0.005292832 -0.274616 0.9615395 -0.01671642 -0.999813 -0.009721517 0.008427441 -0.3258696 0.9453772 0.01376205 0.8615441 0.5074961 -3.42347e-5 0.8011044 -0.5985247 -0.007934868 -0.9968243 0.07923704 -0.01430505 -0.3407318 -0.9400517 0.7349637 -0.01527601 0.6779344 0.810623 -0.01684963 -0.5853261 -0.2265366 0.004708647 -0.9739913 -0.3276018 0.006809413 0.9447914 -0.9976524 0.02073687 -0.06526583 -0.7708903 -0.03572452 0.6359655 -0.7763322 -0.03413712 -0.629399 0.2800322 0.01403254 -0.9598882 0.2745332 0.01100134 0.9615147 0.9989346 0.0451126 -0.009725034 0.9906591 0.136362 0 -0.003659248 -0.9999933 0 0.005480349 0.999985 0 0.9999934 -0.003658533 0 -0.003657579 -0.9999933 1.87324e-6 -0.9999933 0.003658592 0 0.003658652 0.9999933 0 0.882973 -0.003229975 -0.4694129 -0.003424048 -0.9359105 -0.3522213 -0.8829716 0.003230452 -0.4694155 0.003424108 0.9359166 -0.3522053 0.8829718 -0.003229975 0.469415 -0.003424108 -0.9359107 0.3522208 -0.8829693 0.003230452 0.4694197 0.003424167 0.9359143 0.3522111 0.9997715 -0.003658115 0.02106183 -0.003658413 -0.9998823 0.01490372 -0.9997718 0.003657877 0.02105116 0.003658175 0.9998824 0.01490324 0.9997715 -0.003658175 -0.02106148 -0.003658413 -0.9998823 -0.01490348 -0.9997717 0.003657937 -0.02105081 0.003658115 0.9998823 -0.01490199 0.003658711 0.9999933 -1.99041e-7 -0.003658413 -0.9999933 0 0.7349694 -0.01527661 0.6779283 0.8106124 -0.01684898 -0.5853406 -0.2265343 0.004708647 -0.9739918 -0.3276294 0.00680989 0.9447818 -0.9976514 0.02073687 -0.06528174 -0.03851962 -0.9992579 -3.47701e-5 -0.03851473 -0.9992581 0 -0.03851056 -0.9992582 0 0.0385254 0.9992576 -4.34629e-6 0.0385257 0.9992577 0 0.03852355 0.9992578 6.08481e-6 0.7349706 -0.01527619 0.677927 0.8106065 -0.01684921 -0.585349 -0.2265372 0.004708766 -0.9739912 -0.3276179 0.006809711 0.9447858 -0.9976513 0.02073675 -0.0652827 -0.03853827 -0.9992572 -2.78159e-5 -0.03853034 -0.9992575 0 -0.03853422 -0.9992573 1.04312e-5 0.03852397 0.9992577 -1.73846e-6 0.0385248 0.9992578 1.07449e-6 0.03852504 0.9992577 8.69283e-7 0.2166077 -0.01338005 0.9761671 0.9996842 -0.01754087 -0.01799875 0.3698574 0.002526938 -0.9290852 -0.8082091 0.008568286 0.5888333 -0.7819638 0.01994776 -0.6230047 -0.03227508 -0.9992805 -0.01992326 -0.03228467 -0.9992805 -0.01990753 -0.03228467 -0.9992805 -0.0199024 0.03228777 0.9992805 0.01989918 0.03228569 0.9992805 0.01990163 0.03228724 0.9992805 0.01990622 0.2166164 -0.01338022 0.9761652 0.9996843 -0.01754105 -0.01798737 0.3698544 0.002526819 -0.9290863 -0.8082133 0.00856781 0.5888276 -0.7819628 0.01994729 -0.6230059 -0.03227192 -0.9992805 -0.0199306 -0.03228509 -0.9992805 -0.01990842 -0.03228539 -0.9992806 -0.01990252 0.03228873 0.9992806 0.01989358 0.032287 0.9992805 0.0198993 0.03228795 0.9992805 0.01990187 0.7349585 -0.01527613 0.6779401 0.8106112 -0.01684874 -0.5853423 -0.2265306 0.004708528 -0.9739927 -0.3276263 0.006809949 0.9447829 -0.9976531 0.02073711 -0.06525486 -0.03853005 -0.9992575 -4.86783e-5 -0.03851425 -0.9992581 0 -0.03852748 -0.9992576 2.78159e-5 0.03852099 0.9992579 -1.7385e-6 0.03852254 0.9992578 8.59591e-6 0.03852629 0.9992577 -3.47698e-6 -0.5969396 0.6645146 0.4495371 0.6017859 0.6601296 0.4495362 0.648741 0.6103174 0.4545854 0.5969305 -0.6645198 0.4495414 -0.6017769 -0.6601341 0.4495417 -0.6487458 -0.6103075 0.4545918 -0.6442564 0.6150489 0.4545861 0 0 1 -0.9999933 0.003660917 0 -0.00366199 -0.9999934 0 0.003660619 0.9999934 0 0.7349607 -0.01527649 0.6779378 0.8106133 -0.01684916 -0.5853395 -0.2265383 0.004708647 -0.973991 -0.3276214 0.006809771 0.9447846 -0.9976518 0.02073663 -0.06527602 0.7349777 -0.01527684 0.6779192 0.8106063 -0.01684916 -0.5853491 -0.2265371 0.004708647 -0.9739913 -0.3276215 0.00680983 0.9447846 -0.9976515 0.02073681 -0.06527996 0.2165811 -0.01337897 0.9761731 0.9996846 -0.01754039 -0.01797425 0.369853 0.002527117 -0.9290869 -0.8082031 0.008567392 0.5888417 -0.7819509 0.01994711 -0.623021 0.216606 -0.01337999 0.9761675 0.9996843 -0.01754122 -0.01798784 0.3698769 0.002526044 -0.9290774 -0.8082137 0.008567869 0.588827 -0.7819645 0.01994729 -0.6230039 0.7349666 -0.01527673 0.6779313 0.8106217 -0.01684933 -0.5853278 -0.2265291 0.004708588 -0.9739931 -0.3276236 0.006809592 0.9447838 -0.9976513 0.02073603 -0.06528383 0.6442618 -0.6150389 0.454592 -0.9999933 0.003660917 0 -0.003659248 -0.9999934 0 0.003660619 0.9999933 0 -0.7828787 0.6221745 0 0 0 1 -0.7828794 0.6221736 0 -2.12028e-7 0 1 -0.7828799 0.6221729 0 -0.7828795 0.6221734 0 2.82704e-7 0 1 -0.7828801 0.6221726 0 0 0 1 0 0 1 -0.7828797 0.6221732 0 1.41352e-7 1.36885e-7 1 -0.782881 0.6221717 0 0 0 1 -0.9927096 0.1205303 0 0 0 1 -0.850848 0.525412 0 -2.49676e-7 0 1 0.5968956 0.802319 0 0.5968946 0.8023197 0 0.527803 0.8493669 0 0.5439809 0.8376038 -0.05004775 0.5136921 0.8266705 -0.2296444 0.4771636 0.862967 -0.1661416 -0.5607653 -0.8279749 0 -0.5607652 -0.8279749 0 -0.5278027 -0.849367 0 -0.5391622 -0.8414894 0.03463649 -0.5170614 -0.8320876 0.2006934 -0.4947661 -0.8533568 0.1642831 -0.9006713 0.3609456 0.2418876 1.87137e-7 0 1 0.5349 0.8448821 0.007491767 -0.5019308 -0.864888 -0.005854189 -0.05324614 -0.997563 -0.04509037 -0.194886 -0.05929887 0.9790318 -0.928241 0.3719795 0 -1.96313e-7 0 1 -0.9282363 0.371991 0 -0.8452525 0.5219579 0.1144914 0.8207955 -0.5610956 0.1070823 -0.7868831 0.6047873 -0.1226674 0.7903987 -0.6125928 0 -0.7928709 0.6093897 0 -0.99601 0.08924186 0 0 0 1 -0.996587 0.0825501 0 0 0 1 -0.9965872 0.08254808 0 0 0 1 -0.9965873 0.08254629 0 0 0 1 -0.9965872 0.0825482 0 -1.09548e-6 0 1 -0.996587 0.08254998 0 -1.81107e-7 0 1 -0.9965872 0.08254647 0 0 0 1 -0.8348575 0.5504662 0 0 0 1 -0.8348531 0.550473 0 -3.32537e-7 1.74035e-7 1 -0.8348561 0.5504683 0 5.81939e-7 0 1 -0.8348566 0.5504674 0 2.49399e-7 0 1 -0.834855 0.5504701 0 9.14487e-7 0 1 -0.8348558 0.5504686 0 4.98798e-7 0 1 -0.8348544 0.5504708 0 -6.65073e-7 0 1 -0.2051783 -0.9778543 -0.04126507 -0.490361 0.109031 0.8646723 -0.01813036 0.9949896 0.0983206 -0.3754293 -0.9267702 -0.01225054 0.1779888 0.9811016 0.07589298 -0.2293289 0.06296837 0.9713101 -0.8993683 0.4137548 0.141222 -0.4652959 0.214056 0.8588829 0.3133041 0.9490547 0.03370338 -0.9135963 0.1466569 0.379254 0.1585071 0.9873579 -6.46459e-6 0.9135966 -0.1466575 0.3792529 -0.158499 -0.9873592 -4.64773e-6 -0.9135973 0.146658 0.3792512 0.1585063 0.987358 3.2323e-6 0.9135967 -0.1466581 0.3792525 -0.158508 -0.9873578 0 -0.9135978 0.1466583 0.3792502 0.1585063 0.987358 6.46459e-6 0.9135969 -0.1466577 0.3792524 -0.1585082 -0.9873577 3.09849e-6 -0.9135973 0.1466594 0.3792506 0.1585064 0.987358 3.2323e-6 0.9135965 -0.1466592 0.3792527 -0.1585076 -0.9873578 4.64772e-6 -1.42553e-6 0 1 -0.8208042 0.4271453 0.3792458 0.4616246 0.8870755 -1.61616e-6 0.820807 -0.4271323 0.3792546 -0.4616312 -0.887072 -8.08073e-6 -0.8208052 0.4271398 0.37925 0.4616302 0.8870726 3.23229e-6 0.8208064 -0.4271358 0.3792518 -0.4616244 -0.8870756 1.61614e-6 -0.8208044 0.4271405 0.3792508 0.4616271 0.8870742 1.61615e-6 0.8208035 -0.4271354 0.3792587 -0.4616208 -0.8870774 -9.29552e-6 -0.8208013 0.4271467 0.3792507 0.4616267 0.8870743 4.84844e-6 0.8208057 -0.4271348 0.3792545 -0.4616227 -0.8870764 -6.97153e-6 0.4635756 0.886057 9.06219e-4 0.8208071 -0.4271358 0.3792501 -0.4801744 -0.8767454 0.02739179 0.01021099 0.007381081 0.9999207 -0.7817724 0.4949746 0.3792518 0.5349402 0.84489 0 0.781773 -0.4949762 0.3792486 -0.5349397 -0.8448902 -1.93938e-5 -0.781773 0.4949774 0.3792474 0.5349406 0.8448897 0 0.7817695 -0.4949755 0.3792569 -0.5349377 -0.8448916 -6.19699e-6 -0.7817719 0.4949749 0.3792527 0.5349375 0.8448917 6.19699e-6 0.7817704 -0.4949763 0.3792542 -0.5349308 -0.844896 -6.197e-6 -0.7158188 0.5863175 0.3792562 0.5044836 0.8549378 -0.1207388 -0.6150533 -0.7884254 -0.009745657 -1.54943e-6 0 1 -0.5060523 0.8622643 0.02028006 0.7755352 0.5094581 0.3728239 0.4505931 -0.840061 0.3020986 -0.01186138 -0.007791638 0.9998994 -0.7733582 -0.508023 0.3792489 -0.5490473 0.8357914 -4.64774e-6 0.77335 0.5080313 0.3792546 0.5490562 -0.8357854 -4.64773e-6 7.12771e-7 0 1 -0.7733509 -0.5080295 0.379255 -0.5490403 0.835796 3.23228e-6 0.7733525 0.5080248 0.3792585 0.5490452 -0.8357927 0 -2.85108e-6 2.51464e-7 1 -0.7733457 -0.5080392 0.3792529 -0.5004585 0.8152176 0.2914819 0.8790346 0.4730933 -0.05900114 0.5872162 -0.8092059 -0.01905477 0.04016548 -0.2011933 0.9787278 -0.953884 -0.2999511 0.01160418 -0.3024331 0.8744747 0.379247 0.96375 0.2314722 0.1326901 -0.0443449 -0.01769846 0.9988595 0.3024412 -0.8744652 0.3792623 -0.9450733 -0.3268589 -1.16194e-5 -0.3024435 0.8744703 0.379249 0.945075 0.3268535 -2.71115e-6 1.42554e-6 0 1 0.302438 -0.874471 0.3792517 -0.9450764 -0.3268497 -3.2323e-6 -0.3024418 0.8744708 0.379249 0.9450761 0.3268504 -5.035e-6 1.42552e-6 0 1 0.3024356 -0.8744701 0.3792556 -0.9450765 -0.3268493 5.22873e-6 -0.3024352 0.8744715 0.3792529 0.9450766 0.3268491 6.77798e-6 -7.12774e-7 1.71845e-6 1 0.3024348 -0.8744724 0.3792512 -0.9450773 -0.3268471 6.58429e-6 -0.3024351 0.8744722 0.3792511 0.9450702 0.3268675 -1.58797e-5 -1.06914e-6 -4.88738e-7 1 0.3024339 -0.8744728 0.3792507 -0.9450746 -0.3268548 3.03028e-6 -0.3024343 0.8744716 0.3792532 0.9450739 0.3268567 1.17171e-5 0.3024337 -0.8744724 0.3792519 -0.9450767 -0.3268488 -4.64643e-6 -0.3024349 0.8744738 0.3792475 0.9450755 0.3268522 3.83836e-6 7.12769e-7 0 1 -0.2343311 -0.895129 0.3792533 -0.9673956 0.2532706 1.42821e-5 0.2343277 0.8951286 0.3792562 0.9674002 -0.2532525 5.94282e-6 -1.42553e-6 0 1 -0.275471 -0.8833379 0.3792494 -0.954658 0.297705 2.92928e-6 0.2754679 0.8833396 0.3792475 0.9546559 -0.2977116 3.63634e-6 -7.1277e-7 0 1 -0.2754746 -0.8833361 0.3792505 -0.9546561 0.2977111 -1.81817e-6 0.2754695 0.8833358 0.3792553 0.9546586 -0.297703 1.64607e-6 -1.42555e-6 4.45174e-7 1 -0.2754731 -0.8833391 0.3792451 -0.9546564 0.2977101 -2.42423e-6 0.2754703 0.8833376 0.3792504 0.9546571 -0.2977077 4.06675e-6 -7.1277e-7 4.45182e-7 1 -0.2754682 -0.883337 0.3792533 -0.9546556 0.2977126 1.37496e-5 0.2754727 0.8833366 0.3792513 0.9546579 -0.2977051 -3.29217e-6 -0.2754716 -0.8833377 0.3792493 -0.954657 0.2977082 4.04038e-6 0.2754719 0.8833377 0.3792493 0.9546593 -0.2977008 0 0.7215006 -0.5793135 0.3792529 -0.6260768 -0.7797614 -7.74624e-6 -0.7215069 0.5793087 0.3792483 0.6260865 0.7797537 8.08077e-6 0.7215014 -0.5793198 0.3792417 -0.6260857 -0.7797543 -1.61613e-6 -0.721495 0.5793241 0.3792473 0.6260801 0.7797588 -3.23229e-6 0.7215036 -0.5793131 0.3792477 -0.6260891 -0.7797516 -1.13131e-5 -0.7215042 0.5793055 0.3792585 0.6260894 0.7797514 -8.52079e-6 7.12765e-7 0 1 0.7215035 -0.5793203 0.3792369 -0.6260855 -0.7797544 -9.69688e-6 -0.7214971 0.579322 0.3792467 0.6260828 0.7797566 1.54924e-6 -0.9237591 0.05328088 0.3792499 0.05758601 0.9983406 0 0.9237564 -0.05328315 0.3792561 -0.05758064 -0.998341 -9.29547e-6 5.34579e-7 0 1 -0.9237585 0.05328112 0.3792513 0.05758053 0.998341 4.64773e-6 0.9237568 -0.05327922 0.3792554 -0.0575807 -0.9983409 6.19699e-6 -0.9237587 0.05328112 0.3792506 0.05758619 0.9983406 9.69689e-6 0.9237571 -0.05328273 0.3792542 -0.0575807 -0.9983409 -1.54925e-6 4.45482e-7 0 1 0.1137262 0.9932435 0.02310299 0.923758 -0.05328071 0.3792523 -0.08703458 -0.9920476 -0.09092164 0.01315945 -7.59061e-4 0.9999132 -0.9237585 0.05328059 0.3792511 0.05758136 0.9983409 9.69689e-6 0.9237576 -0.0532822 0.3792535 -0.05758076 -0.9983409 -1.54925e-6 -0.9237592 0.05328178 0.3792495 0.05758619 0.9983406 1.93938e-5 0.9237577 -0.05328065 0.3792534 -0.05758082 -0.9983409 -3.0985e-6 -0.9237596 0.0532816 0.3792486 0.05758041 0.998341 1.61615e-5 0.9237585 -0.05327892 0.3792515 -0.05758035 -0.9983409 -6.19695e-6 4.45484e-7 0 1 -0.9237586 0.0532816 0.379251 0.05758619 0.9983406 1.29292e-5 0.9237568 -0.05328202 0.3792551 -0.0575807 -0.9983409 -1.70417e-5 -0.9237575 0.05328226 0.3792533 0.05759865 0.9983399 1.08447e-5 0.9237579 -0.05328035 0.3792529 -0.05757141 -0.9983414 -3.09849e-6 2.6729e-7 0 1 -0.5756456 -0.7244359 0.3792427 -0.7829246 0.6221167 -6.46457e-6 0.5756348 0.7244392 0.3792525 0.7829224 -0.6221194 3.09842e-6 -0.6072397 -0.7945184 -7.3387e-4 -0.8064354 0.5911073 -0.01594251 0.5756373 0.7244348 0.3792573 0.8499556 -0.4855154 -0.2045732 -0.007609605 -0.009575724 0.9999252 -0.8907992 0.3904076 0.2325055 0.5534303 0.8312987 0.05155187 -0.5222651 -0.8457878 -0.1090056 -0.162487 -0.01186001 0.9866394 -0.7817712 0.4949758 0.3792533 0.5349408 0.8448896 0 0.7817722 -0.4949736 0.3792538 -0.5349358 -0.8448926 0 -0.7817776 0.4949709 0.3792462 0.5349326 0.8448948 0 0.7817727 -0.4949717 0.3792553 -0.5349305 -0.8448962 -6.19702e-6 7.12756e-7 0 1 -0.7817732 0.4949727 0.379253 0.5349412 0.8448894 3.23229e-6 0.7817733 -0.4949766 0.3792475 -0.5349332 -0.8448945 0 -0.1466606 -0.9135982 0.3792479 -0.9873579 0.1585068 -7.27266e-6 0.1466581 0.9135974 0.3792511 0.9873602 -0.1584932 -2.31417e-5 -0.1466569 -0.9135977 0.379251 -0.9873614 0.1584851 -6.75376e-6 0.1466591 0.9135968 0.3792521 0.9873587 -0.1585023 -9.59589e-6 -0.1466579 -0.9135971 0.3792521 -0.9873616 0.1584843 -6.74768e-6 0.1466598 0.9135963 0.3792529 0.9873588 -0.1585016 -9.49484e-6 1.42553e-6 -2.36992e-7 1 -0.9889157 0.1484201 -0.004182338 0.1466582 0.9135961 0.3792539 0.9895854 -0.1436757 -0.008832693 0.001060307 0.006603419 0.9999777 -0.1466557 -0.9135972 0.3792522 -0.9873577 0.158508 1.41412e-6 0.1466585 0.9135969 0.3792519 0.9873586 -0.1585026 -1.07963e-5 -1.42554e-6 0 1 -0.146659 -0.9135975 0.3792505 -0.9873591 0.1585001 -1.21211e-6 0.1466606 0.9135964 0.3792523 0.9873587 -0.1585021 -9.49487e-6 -0.1466603 -0.9135977 0.3792496 -0.9873587 0.1585021 7.07065e-6 0.1466596 0.9136 0.3792442 0.9873589 -0.1585011 -9.09087e-6 -1.78191e-6 2.37019e-7 1 -0.1466555 -0.9135975 0.3792517 -0.9873607 0.1584901 -1.44273e-5 0.1466585 0.9135959 0.3792545 0.987361 -0.1584877 -1.52383e-5 1.42553e-6 -2.36992e-7 1 -0.1466579 -0.9135991 0.3792471 -0.9873584 0.1585036 -1.21211e-6 0.1466569 0.9135954 0.379256 0.9873607 -0.15849 -1.54924e-5 -0.5413852 -0.7503789 0.3792542 -0.8109561 0.585107 7.74615e-7 0.5413969 0.7503769 0.3792415 0.8109588 -0.5851035 1.61616e-6 7.12764e-7 0 1 -0.54139 -0.7503807 0.3792439 -0.8109547 0.5851089 3.23232e-6 0.5413866 0.75038 0.3792501 0.8109555 -0.5851079 -4.84844e-6 -7.12766e-7 0 1 -0.1466584 -0.9135952 0.3792561 -0.987361 0.1584873 -1.58797e-5 0.1466578 0.9135962 0.3792539 0.9873608 -0.1584886 -1.3556e-5 -1.42553e-6 -1.79533e-6 1 -0.5413916 -0.7503724 0.379258 -0.7224735 0.6623212 0.1984003 0.8319653 -0.5546203 -0.0151714 -0.0254566 -0.03528207 0.9990532 -0.8300635 0.5434212 0.1252525 0.5713865 0.8077913 0.1448818 0.5453769 -0.8252388 0.1467829 -0.4702479 -0.8747044 0.1172992 -0.1352427 -0.9814442 0.1359288 -0.5306206 -0.8405478 0.1091842 -0.5306349 -0.8405431 0.1091508 -0.5306633 -0.8405187 0.1092014 -0.5247431 -0.8445324 0.1068173 -0.5402346 -0.8335411 0.1155669 -0.5497617 -0.8263741 0.1219347 0.9522598 0.3049321 0.01475399 0.9576295 -0.2842796 0.04616242 0.03986877 0.9833683 0.1771932 -0.9857317 0.1358335 0.09941005 0.8455479 -0.5336793 0.01533722 -0.5448788 -0.8378475 0.03344726 -0.5237112 0.8507607 0.04396474 0.4544878 0.8907528 6.66369e-4 0.13651 0.9906388 -2.36234e-7 0.5047125 0.8631229 0.01685851 0.5046947 0.8631333 0.01685607 0.4474198 0.8934973 0.03844761 0.5040236 0.8619661 0.05454009 0.6770887 0.735854 -0.008365213 0.5047403 0.86317 0.01322412 0.5321841 0.8466202 -0.003804564 -0.946368 -0.3208248 0.03819882 -0.9501776 0.3116948 0.003014504 -0.03124678 -0.9995118 0 0.9906389 -0.1365092 0 0 -4.87476e-7 1 0 0 1 0 0 1 0.003035426 0 0.9999954 0 5.48437e-7 1 0 -2.09359e-6 1 0 3.39834e-7 1 0 0 1 0 1.52863e-7 1 3.26841e-7 0 1 -2.42898e-7 0 1 -1.4014e-7 -1.45565e-7 1 0 0 1 0 2.0757e-7 1 2.99908e-7 0 1 -0.8197616 0.572705 0 0.6098368 0.7925271 0 0.5470443 -0.8371037 0 -0.4479854 -0.894041 0 -0.1365102 -0.9906387 8.99256e-7 -0.5174001 -0.8532737 -0.0649721 -0.6151477 -0.7446525 0.2590095 -0.4677476 -0.8616405 -0.1969463 -0.5173426 -0.8533006 -0.06507545 -0.5336381 -0.8453261 -0.02557963 -0.04120188 -0.003045678 -0.9991463 0.9403377 0.335018 -0.05939912 0.958606 -0.2845694 0.009747326 0.04440718 0.9986487 0.02699697 -0.9906389 0.1365095 -1.46256e-6 -4.57191e-7 0 1 0 -1.98123e-7 1 3.92554e-7 0 1 0.003424584 8.36093e-7 0.9999942 2.48222e-7 9.63802e-7 1 -1.47318e-7 0 1 1.77168e-7 0 1 0 0 1 -3.80503e-7 0 1 0.02380275 0 0.9997168 -1.2502e-7 0 1 0 0 1 -0.9209503 0.3880987 -0.0350725 -0.4677407 0.8838657 8.12069e-5 -0.1472949 0.3315322 -0.9318748 0.3086925 0.9500784 -0.04538559 0.9179574 0.396676 -0.001608014 0.4891607 0.03663134 -0.8714241 0.09709537 -0.9952747 0.001001596 -0.09256064 -0.4543094 -0.8860223 0.4220445 -0.1287859 -0.897381 -0.3204529 -0.9472613 -0.002457916 -0.8956227 -0.4448146 4.4185e-6 -0.3462212 -0.2156711 -0.9130263 -0.3736135 -0.9211986 -0.1086566 -0.1375449 -0.5076028 -0.8505415 -0.1896275 -0.4693691 -0.8624001 0.998971 0.03042536 -0.03363478 0.9257792 -0.3767263 0.03178513 0.6006796 0.04006463 -0.7984853 0.07449573 0.391563 -0.9171307 -0.3949836 0.1045703 -0.9127175 -0.1474933 0.3340021 0.930961 0.2619691 0.4732956 0.841049 0.4939839 0.03234523 0.8688693 -0.08940243 -0.4538961 0.8865582 -0.3462694 -0.2156989 0.9130013 -0.1506124 -0.5701749 0.8075992 -0.140915 -0.5089364 0.8491919 0.5796023 0.0716418 0.8117442 0.6428709 -0.008211016 0.7659306 -0.4109946 0.1610845 0.8972934 0.815034 -0.5336579 0.2256745 -0.5292673 -0.8484207 -0.007654726 -0.7490087 0.6607316 -0.04919189 -0.7828789 0.6221741 0 -0.7828794 0.6221736 -3.50641e-6 1.13082e-6 -3.92481e-7 1 -0.7828792 0.6221739 0 -0.7828801 0.6221727 0 -0.78288 0.6221728 0 -0.7828795 0.6221734 0 1.41351e-7 1.36884e-7 1 -0.7828809 0.6221717 0 -0.9927097 0.1205303 0 -0.850847 0.5254136 0 -0.9569336 0.2127727 0.1974992 0 0 1 0.5090014 0.8600255 0.03568875 -0.5342314 -0.8448683 0.02818715 -0.08274948 -0.9951347 -0.05347555 -0.1541141 0.06175887 0.9861211 -1.96314e-7 0 1 -0.8452529 0.5219573 0.1144911 0.7835747 -0.6073036 0.1311235 -0.8515079 0.5173013 -0.08563798 4.15413e-7 0 1 0.7903989 -0.6125925 0 -0.7928707 0.60939 0 -0.99601 0.08924192 0 -0.9944554 0.08910441 -0.05584782 -1.23986e-7 0 1 -0.9965871 0.08254802 0 -0.9965873 0.08254641 0 -0.9965871 0.08254832 0 5.65407e-7 0 1 -0.996587 0.0825501 0 -0.9965873 0.08254617 0 -0.8348565 0.5504677 0 2.41093e-7 0 1 -0.8348533 0.5504726 0 0 1.74034e-7 1 -0.8348562 0.5504682 0 -6.65082e-7 0 1 -0.8348572 0.5504665 0 -0.8348555 0.5504692 0 -0.8348546 0.5504705 0 -0.1837092 -0.9824025 -0.03370898 -0.4841877 0.132946 0.864805 -0.07138723 0.9940773 0.08194047 -0.3110583 -0.9498293 0.0326668 0.1914122 0.9781993 0.08054494 -0.2149714 0.09889656 0.9716001 -0.882604 0.4468301 0.1461272 -0.465296 0.2140592 0.8588821 0.348766 0.9353446 0.05910086 -0.9135979 0.1466588 0.3792495 0.1585007 0.9873589 3.09849e-6 0.9135959 -0.1466587 0.3792544 -0.158497 -0.9873595 -4.84845e-6 -0.9135968 0.146658 0.3792525 0.158508 0.9873578 -3.09849e-6 0.9135965 -0.1466591 0.3792527 -0.1584959 -0.9873597 -1.1313e-5 -0.913597 0.1466566 0.3792526 0.158508 0.9873578 0 0.9135965 -0.1466587 0.3792529 -0.1585016 -0.9873588 -8.08074e-6 -0.9135966 0.1466591 0.3792524 0.1585099 0.9873574 0 0.9135968 -0.1466569 0.379253 -0.158497 -0.9873595 -1.29292e-5 -0.820806 0.4271359 0.3792525 0.4616275 0.8870739 -6.19699e-6 0.8208072 -0.4271365 0.3792495 -0.4616262 -0.8870745 0 -0.8208053 0.4271345 0.3792554 0.4616342 0.8870705 0 0.8208039 -0.4271375 0.3792553 -0.4616342 -0.8870705 -1.23939e-5 -0.8208052 0.4271379 0.3792521 0.4616281 0.8870736 0 0.8208035 -0.4271425 0.3792504 -0.4616258 -0.8870749 -3.23229e-6 -7.12773e-7 0 1 -0.8208017 0.4271467 0.3792496 0.46163 0.8870726 0 0.8207998 -0.4271394 0.3792623 -0.461625 -0.8870753 0 0.4763509 0.8788291 -0.02737462 0.8207972 -0.4271444 0.379262 -0.4661841 -0.8846852 -0.002106964 0.01067358 -0.005554258 0.9999277 -0.7817727 0.4949676 0.3792607 0.5349394 0.8448906 3.0985e-6 0.7817748 -0.4949699 0.3792534 -0.5349293 -0.8448969 0 -7.12775e-7 0 1 -0.7817738 0.4949716 0.3792529 0.5349444 0.8448874 -9.29541e-6 0.7817722 -0.4949733 0.3792541 -0.5349401 -0.84489 1.61614e-6 -7.12771e-7 0 1 -0.781771 0.4949755 0.3792537 0.5349359 0.8448927 3.2323e-6 0.7817724 -0.4949746 0.3792524 -0.5349357 -0.8448927 3.2323e-6 -0.7158168 0.5863229 0.3792518 0.6178452 0.786256 0.008307814 -0.5154888 -0.8486129 0.1188591 1.34802e-6 0 1 -0.5618747 0.8100116 -0.1678634 0.7755357 0.5094568 0.3728247 0.5699322 -0.8216293 0.01013922 -0.01235884 3.54757e-4 0.9999236 -0.7733591 -0.508022 0.3792488 -0.5490469 0.8357917 3.23232e-6 0.7733573 0.5080259 0.379247 0.5490481 -0.8357907 6.46459e-6 -0.773356 -0.5080266 0.3792487 -0.5490379 0.8357976 -3.0985e-6 0.7733508 0.5080267 0.3792593 0.5490466 -0.8357918 0 -0.7733501 -0.5080215 0.3792673 -0.6055416 0.7953048 0.02845805 0.8464249 0.5322839 0.01545095 0.6188844 -0.7817246 0.07673996 -0.01065385 -0.006998836 0.9999188 -0.9642258 -0.229286 -0.1330281 -0.3024238 0.8744734 0.3792574 0.9542931 0.2986244 -0.01217472 -0.006355524 0.01837313 0.9998111 0.3024268 -0.874476 0.3792491 -0.945075 -0.3268536 -7.67672e-6 -0.3024396 0.8744731 0.3792455 0.9450746 0.3268551 -4.44441e-6 0.3024356 -0.8744745 0.3792455 -0.9450732 -0.326859 1.70417e-5 -0.3024339 0.8744716 0.3792538 0.945074 0.3268565 -4.04037e-6 0.3024413 -0.8744703 0.3792507 -0.9450743 -0.3268557 -2.42422e-6 -0.3024318 0.8744732 0.3792516 0.9450762 0.3268503 4.0404e-6 -2.13832e-6 -4.88749e-7 1 0.3024336 -0.8744744 0.3792475 -0.9450755 -0.3268522 -3.63634e-6 -0.3024378 0.8744705 0.3792532 0.9450755 0.3268522 -3.2323e-6 -1.42553e-6 -4.8877e-7 1 0.3024381 -0.8744692 0.3792558 -0.9450749 -0.3268539 5.03505e-6 -0.3024318 0.8744728 0.3792524 0.9450807 0.3268374 -1.20067e-5 0.3024349 -0.8744717 0.3792525 -0.9450768 -0.3268485 -6.00334e-6 -0.3024411 0.8744689 0.3792541 0.9450705 0.3268669 1.52019e-5 -0.2343275 -0.8951314 0.3792498 -0.9674004 0.253252 -8.54791e-6 0.2343345 0.8951287 0.3792522 0.9673998 -0.2532539 7.62621e-6 -0.2754707 -0.8833382 0.3792487 -0.9546551 0.2977142 -3.09848e-6 0.2754728 0.8833355 0.3792536 0.9546563 -0.2977105 3.87309e-6 1.42553e-6 0 1 -0.2754725 -0.8833373 0.3792496 -0.9546582 0.2977042 5.42238e-6 0.2754687 0.8833367 0.3792538 0.9546573 -0.2977072 5.05046e-6 -1.42554e-6 -1.73586e-6 1 -0.2754714 -0.8833386 0.3792472 -0.954656 0.2977114 -2.32386e-6 0.2754659 0.883337 0.3792551 0.954656 -0.2977113 3.03028e-6 -1.42553e-6 4.45174e-7 1 -0.2754696 -0.8833353 0.3792566 -0.9546576 0.2977058 3.63635e-6 0.2754678 0.88334 0.3792465 0.9546539 -0.2977179 1.0505e-5 -7.12776e-7 0 1 -0.2754681 -0.8833404 0.3792454 -0.9546583 0.2977038 8.52087e-6 0.2754644 0.883337 0.3792559 0.95466 -0.2976983 1.54924e-6 0.7215024 -0.5793131 0.3792501 -0.6260861 -0.779754 8.0808e-6 -0.7215074 0.5793109 0.379244 0.6260942 0.7797475 -3.09849e-6 0.7215089 -0.5792989 0.3792596 -0.6260789 -0.7797597 1.23939e-5 -0.7214996 0.5793066 0.3792655 0.6260772 0.7797611 6.19699e-6 0.7215036 -0.5793178 0.3792407 -0.6260772 -0.7797611 3.0985e-6 -0.7215052 0.5793077 0.379253 0.6260902 0.7797507 1.61615e-6 0.7215094 -0.5793031 0.3792522 -0.6260779 -0.7797605 6.19691e-6 -0.7215018 0.5793057 0.3792626 0.6260821 0.7797573 0 -0.9237591 0.05328202 0.3792497 0.05758064 0.998341 1.2394e-5 0.9237563 -0.05328184 0.3792563 -0.05758613 -0.9983406 0 -0.9237581 0.05328017 0.3792523 0.05758523 0.9983406 6.4646e-6 0.9237584 -0.05328309 0.3792513 -0.05758613 -0.9983406 1.61615e-5 -0.9237586 0.05328154 0.3792508 0.05758959 0.9983404 6.19697e-6 0.9237582 -0.05328035 0.3792518 -0.0575813 -0.9983409 3.23229e-6 0.08721834 0.9920327 0.09090816 0.9237582 -0.05328387 0.3792518 -0.1135665 -0.9932636 -0.02302312 -0.004565358 -0.03325533 0.9994366 -0.9237582 0.05328106 0.3792518 0.05758064 0.998341 6.19698e-6 0.9237577 -0.05328035 0.3792533 -0.05758041 -0.998341 -3.2323e-6 -0.9237586 0.05328035 0.3792508 0.05760073 0.9983397 0 0.9237573 -0.05328124 0.3792539 -0.0575909 -0.9983403 1.29292e-5 1.42556e-6 0 1 -0.9237589 0.05328094 0.3792501 0.05758947 0.9983404 6.19695e-6 0.9237577 -0.0532822 0.379253 -0.05758512 -0.9983406 6.46459e-6 -0.9237586 0.05328053 0.3792508 0.05759149 0.9983403 6.19698e-6 0.9237582 -0.05328077 0.3792518 -0.0575909 -0.9983403 0 1.42555e-6 0 1 -0.9237581 0.05327993 0.3792524 0.05758601 0.9983406 -3.23229e-6 0.9237585 -0.05328351 0.3792507 -0.0575813 -0.9983409 9.69687e-6 -1.42552e-6 0 1 -0.5756466 -0.7244329 0.3792465 -0.7829236 0.6221179 -9.2954e-6 0.5756351 0.7244409 0.3792487 0.7829226 -0.6221193 1.61613e-6 1.42551e-6 0 1 -0.6071348 -0.7945986 -6.27556e-4 -0.8489032 0.4677332 0.2461481 0.5756424 0.7244335 0.379252 0.8033213 -0.5953866 0.01377773 -0.06000685 0.07777345 0.9951636 -0.902351 0.3210372 0.2875725 0.5274862 0.843824 0.09858727 -0.5781469 -0.8159304 -0.00195533 -0.1615244 0.05733644 0.9852017 -0.7817706 0.4949762 0.3792536 0.5349386 0.8448911 6.197e-6 0.7817696 -0.4949773 0.3792545 -0.5349388 -0.8448908 -6.19698e-6 -0.7817718 0.4949758 0.3792518 0.5349443 0.8448873 -1.23939e-5 0.7817713 -0.4949766 0.3792518 -0.5349363 -0.8448924 3.23229e-6 3.56389e-7 0 1 -0.781772 0.4949775 0.379249 0.5349456 0.8448867 0 0.7817707 -0.4949785 0.3792505 -0.5349443 -0.8448873 -1.85908e-5 -3.56385e-7 0 1 -0.1466599 -0.9135973 0.3792507 -0.987361 0.1584874 1.51051e-5 0.1466574 0.9135972 0.3792517 0.987358 -0.1585066 -5.05045e-7 -0.1466594 -0.9135971 0.3792514 -0.9873582 0.1585053 1.0808e-5 0.1466576 0.9135979 0.3792501 0.987361 -0.1584879 6.29381e-6 -0.146659 -0.9135969 0.3792515 -0.9873586 0.1585031 1.09847e-5 0.1466572 0.9135975 0.3792511 0.987361 -0.1584879 6.41485e-6 2.1383e-6 1.79532e-6 1 -0.9895846 0.143682 0.008834004 0.1466584 0.9135969 0.3792521 0.9889145 -0.1484273 0.004178643 0.004332125 0.004725158 0.9999795 -0.1466598 -0.9135983 0.379248 -0.9873605 0.1584911 2.20768e-5 0.1466556 0.9135955 0.3792566 0.9873576 -0.1585083 -1.21211e-6 1.42554e-6 -2.03233e-6 1 -0.1466584 -0.9135965 0.3792531 -0.9873602 0.1584932 1.45241e-5 0.146659 0.9135972 0.379251 0.9873605 -0.1584904 6.39062e-6 7.12768e-7 0 1 -0.1466552 -0.9135977 0.3792514 -0.9873577 0.1585085 -3.87309e-7 0.1466661 0.9135949 0.379254 0.9873601 -0.1584936 6.58428e-6 0 2.37002e-7 1 -0.1466575 -0.9135987 0.3792479 -0.987358 0.1585062 7.72718e-6 0.1466596 0.9135966 0.3792523 0.987358 -0.1585069 7.1464e-6 2.1383e-6 -2.36992e-7 1 -0.1466583 -0.9135978 0.3792499 -0.9873611 0.1584872 1.51051e-5 0.1466587 0.9135961 0.3792539 0.987359 -0.1585004 8.08074e-7 -0.5413965 -0.7503752 0.3792453 -0.8109582 0.5851042 -3.23228e-6 0.5414022 0.7503663 0.379255 0.8109574 -0.5851054 -3.09847e-6 -1.42553e-6 0 1 -0.5413971 -0.7503687 0.3792574 -0.8109511 0.5851142 -9.29554e-6 0.5413848 0.7503795 0.3792533 0.8109662 -0.5850932 1.54925e-5 -0.1466566 -0.9135966 0.3792532 -0.9873577 0.1585082 8.48476e-6 0.1466645 0.9135981 0.3792467 0.987358 -0.1585066 7.07064e-6 -7.12771e-7 2.36994e-7 1 -0.5413986 -0.7503703 0.3792523 -0.8289086 0.5592351 0.01290965 0.7309624 -0.6532765 -0.1972913 0.06353187 -0.02893161 0.9975604 -0.8286663 0.5457788 0.1242483 0.5652072 0.8129847 0.1399883 0.5413587 -0.8284037 0.1437993 -0.4431663 -0.8857687 0.1379048 -0.1352428 -0.9814441 0.1359292 0.9410712 0.3352793 0.04441535 0.9612548 -0.2732264 0.03655815 0.02888739 0.9859734 0.1643838 -0.9857318 0.1358333 0.09940981 0.8200108 -0.5723481 0 -0.6056538 -0.7957285 0 -0.5791819 0.8150357 0.01629179 0.4555562 0.8902071 0 0.1365097 0.9906387 -1.3094e-7 -0.9394264 -0.34207 0.02159333 -0.951585 0.3073858 0 -0.03978693 -0.9991791 -0.007625102 0.9906387 -0.1365097 -2.64711e-7 0 0 1 0 1.43998e-7 1 0 -2.05472e-7 1 0 -1.65557e-7 1 0 0 1 0 0 1 -0.8336649 0.5490714 -0.05935961 0.5723134 0.8091016 -0.1334616 0.5667232 -0.818453 0.09465575 -0.44744 -0.8943108 -0.002422273 -0.1365097 -0.9906387 -2.28248e-6 0.9396651 0.3407726 -0.03006112 0.9580611 -0.2865642 0 0.04050976 0.9991792 0 -0.9906388 0.1365097 0 0 0 1 0 1.87998e-7 1 -2.73616e-7 0 1 3.52356e-7 0 1 -4.23026e-7 0 1 0 0 1 1.01316e-6 0 1 3.59137e-7 0 1 0.8027672 -0.5476207 0.235959 -0.5438791 -0.8391636 0 -0.7996094 0.6005203 1.97912e-4 -0.9999933 0.003657341 0 -0.9999934 0.003656685 0 0.003662049 0.9999934 0 0.003662049 0.9999934 0 -2.4141e-7 0 -1 2.4141e-7 0 -1 -0.9787517 0.1459394 -0.1440373 -0.1473688 -0.9883333 -0.03846824 0.9154185 -0.1364964 0.3786529 0.1364148 0.9148708 0.3800033 -0.8015858 0.05327206 0.5955017</float_array>
          <technique_common>
            <accessor source="#Cube_008Mesh-mesh-normals-array" count="2702" stride="3">
              <param name="X" type="float"/>
              <param name="Y" type="float"/>
              <param name="Z" type="float"/>
            </accessor>
          </technique_common>
        </source>
        <source id="Cube_008Mesh-mesh-map-0">
          <float_array id="Cube_008Mesh-mesh-map-0-array" count="18924">0.996998 0.862933 0.996998 0.835536 0.651102 0.835536 0.651102 0.862228 0.996998 0.862229 0.996998 0.835578 0.651102 0.835578 0.996998 0.835578 0.996998 0.863079 0.651102 0.862933 0.651102 0.835681 0.996998 0.835681 0.651102 0.863078 0.996998 0.863079 0.996998 0.835681 0.801525 0.633438 0.82892 0.63021 0.81405 0.621872 0.801525 0.633438 0.808654 0.648924 0.82892 0.63021 0.808654 0.648924 0.825585 0.646929 0.82892 0.63021 0.801914 0.637309 0.814436 0.625747 0.829301 0.634082 0.809041 0.65279 0.801914 0.637309 0.829301 0.634082 0.809041 0.65279 0.829301 0.634082 0.825967 0.650796 0.996998 0.862933 0.996998 0.835536 0.651102 0.835536 0.651102 0.862228 0.996998 0.862229 0.996998 0.835578 0.651102 0.835578 0.996998 0.835578 0.996998 0.863079 0.996998 0.835681 0.996998 0.862933 0.651102 0.862933 0.651102 0.863078 0.996998 0.863079 0.996998 0.835681 0.801525 0.633438 0.82892 0.63021 0.81405 0.621872 0.801525 0.633438 0.808654 0.648924 0.82892 0.63021 0.808654 0.648924 0.825585 0.646929 0.82892 0.63021 0.801914 0.637309 0.814436 0.625747 0.829301 0.634082 0.809041 0.65279 0.801914 0.637309 0.829301 0.634082 0.809041 0.65279 0.829301 0.634082 0.825967 0.650796 0.996998 0.862933 0.996998 0.835536 0.651102 0.835536 0.996998 0.862229 0.996998 0.835578 0.651102 0.835578 0.651102 0.835578 0.996998 0.835578 0.996998 0.863079 0.996998 0.835681 0.996998 0.862933 0.651102 0.862933 0.651102 0.863078 0.996998 0.863079 0.996998 0.835681 0.801525 0.633438 0.82892 0.63021 0.81405 0.621872 0.801525 0.633438 0.825585 0.646929 0.82892 0.63021 0.801525 0.633438 0.808654 0.648924 0.825585 0.646929 0.801914 0.637309 0.814436 0.625747 0.829301 0.634082 0.801914 0.637309 0.829301 0.634082 0.825967 0.650796 0.809041 0.65279 0.801914 0.637309 0.825967 0.650796 0.996998 0.862933 0.996998 0.835536 0.651102 0.835536 0.996998 0.862229 0.996998 0.835578 0.651102 0.835578 0.651102 0.835578 0.996998 0.835578 0.996998 0.863079 0.996998 0.835681 0.996998 0.862933 0.651102 0.862933 0.651102 0.863078 0.996998 0.863079 0.996998 0.835681 0.801525 0.633438 0.82892 0.63021 0.81405 0.621872 0.801525 0.633438 0.825585 0.646929 0.82892 0.63021 0.801525 0.633438 0.808654 0.648924 0.825585 0.646929 0.801914 0.637309 0.814436 0.625747 0.829301 0.634082 0.801914 0.637309 0.829301 0.634082 0.825967 0.650796 0.809041 0.65279 0.801914 0.637309 0.825967 0.650796 0.996998 0.862933 0.996998 0.835536 0.651102 0.835536 0.996998 0.862229 0.996998 0.835578 0.651102 0.835578 0.996998 0.835578 0.996998 0.863079 0.651102 0.863078 0.651102 0.835681 0.996998 0.835681 0.996998 0.862933 0.651102 0.863078 0.996998 0.863079 0.996998 0.835681 0.801525 0.633438 0.82892 0.63021 0.81405 0.621872 0.801525 0.633438 0.825585 0.646929 0.82892 0.63021 0.801525 0.633438 0.808654 0.648924 0.825585 0.646929 0.801914 0.637309 0.814436 0.625747 0.829301 0.634082 0.801914 0.637309 0.829301 0.634082 0.825967 0.650796 0.809041 0.65279 0.801914 0.637309 0.825967 0.650796 0.996998 0.862933 0.996998 0.835536 0.651102 0.835536 0.996998 0.862229 0.996998 0.835578 0.651102 0.835578 0.651102 0.835578 0.996998 0.835578 0.996998 0.863079 0.996998 0.835681 0.996998 0.862933 0.651102 0.862933 0.651102 0.863078 0.996998 0.863079 0.996998 0.835681 0.801525 0.633438 0.82892 0.63021 0.81405 0.621872 0.801525 0.633438 0.825585 0.646929 0.82892 0.63021 0.801525 0.633438 0.808654 0.648924 0.825585 0.646929 0.801914 0.637309 0.814436 0.625747 0.829301 0.634082 0.801914 0.637309 0.829301 0.634082 0.825967 0.650796 0.809041 0.65279 0.801914 0.637309 0.825967 0.650796 0.996998 0.862933 0.996998 0.835536 0.651102 0.835536 0.651102 0.862228 0.996998 0.862229 0.996998 0.835578 0.651102 0.835578 0.996998 0.835578 0.996998 0.863079 0.996998 0.835681 0.996998 0.862933 0.651102 0.862933 0.996998 0.863079 0.996998 0.835681 0.651102 0.835681 0.801525 0.633438 0.82892 0.63021 0.81405 0.621872 0.801525 0.633438 0.808654 0.648924 0.82892 0.63021 0.808654 0.648924 0.825585 0.646929 0.82892 0.63021 0.801914 0.637309 0.814436 0.625747 0.829301 0.634082 0.809041 0.65279 0.801914 0.637309 0.829301 0.634082 0.809041 0.65279 0.829301 0.634082 0.825967 0.650796 0.651102 0.862933 0.996998 0.862933 0.996998 0.835536 0.996998 0.862229 0.996998 0.835578 0.651102 0.835578 0.996998 0.835578 0.996998 0.863079 0.651102 0.863078 0.651102 0.835681 0.996998 0.835681 0.996998 0.862933 0.651102 0.863078 0.996998 0.863079 0.996998 0.835681 0.825585 0.646929 0.82892 0.63021 0.81405 0.621872 0.801525 0.633438 0.825585 0.646929 0.81405 0.621872 0.801525 0.633438 0.808654 0.648924 0.825585 0.646929 0.814436 0.625747 0.829301 0.634082 0.825967 0.650796 0.801914 0.637309 0.814436 0.625747 0.825967 0.650796 0.809041 0.65279 0.801914 0.637309 0.825967 0.650796 0.996998 0.862933 0.996998 0.835536 0.651102 0.835536 0.651102 0.862228 0.996998 0.862229 0.996998 0.835578 0.651102 0.835578 0.996998 0.835578 0.996998 0.863079 0.996998 0.835681 0.996998 0.862933 0.651102 0.862933 0.651102 0.863078 0.996998 0.863079 0.996998 0.835681 0.801525 0.633438 0.82892 0.63021 0.81405 0.621872 0.801525 0.633438 0.808654 0.648924 0.82892 0.63021 0.808654 0.648924 0.825585 0.646929 0.82892 0.63021 0.801914 0.637309 0.814436 0.625747 0.829301 0.634082 0.809041 0.65279 0.801914 0.637309 0.829301 0.634082 0.809041 0.65279 0.829301 0.634082 0.825967 0.650796 0.996998 0.862933 0.996998 0.835536 0.651102 0.835536 0.651102 0.862228 0.996998 0.862229 0.996998 0.835578 0.651102 0.835578 0.996998 0.835578 0.996998 0.863079 0.996998 0.835681 0.996998 0.862933 0.651102 0.862933 0.651102 0.863078 0.996998 0.863079 0.996998 0.835681 0.801525 0.633438 0.82892 0.63021 0.81405 0.621872 0.801525 0.633438 0.808654 0.648924 0.82892 0.63021 0.808654 0.648924 0.825585 0.646929 0.82892 0.63021 0.801914 0.637309 0.814436 0.625747 0.829301 0.634082 0.809041 0.65279 0.801914 0.637309 0.829301 0.634082 0.809041 0.65279 0.829301 0.634082 0.825967 0.650796 0.996998 0.862933 0.996998 0.835536 0.651102 0.835536 0.996998 0.862229 0.996998 0.835578 0.651102 0.835578 0.651102 0.835578 0.996998 0.835578 0.996998 0.863079 0.996998 0.835681 0.996998 0.862933 0.651102 0.862933 0.651102 0.863078 0.996998 0.863079 0.996998 0.835681 0.801525 0.633438 0.82892 0.63021 0.81405 0.621872 0.801525 0.633438 0.825585 0.646929 0.82892 0.63021 0.801525 0.633438 0.808654 0.648924 0.825585 0.646929 0.801914 0.637309 0.814436 0.625747 0.829301 0.634082 0.801914 0.637309 0.829301 0.634082 0.825967 0.650796 0.809041 0.65279 0.801914 0.637309 0.825967 0.650796 0.996998 0.862933 0.996998 0.835536 0.651102 0.835536 0.996998 0.862229 0.996998 0.835578 0.651102 0.835578 0.651102 0.835578 0.996998 0.835578 0.996998 0.863079 0.996998 0.835681 0.996998 0.862933 0.651102 0.862933 0.651102 0.863078 0.996998 0.863079 0.996998 0.835681 0.801525 0.633438 0.82892 0.63021 0.81405 0.621872 0.801525 0.633438 0.825585 0.646929 0.82892 0.63021 0.801525 0.633438 0.808654 0.648924 0.825585 0.646929 0.801914 0.637309 0.814436 0.625747 0.829301 0.634082 0.801914 0.637309 0.829301 0.634082 0.825967 0.650796 0.809041 0.65279 0.801914 0.637309 0.825967 0.650796 0.996998 0.862933 0.996998 0.835536 0.651102 0.835536 0.996998 0.862229 0.996998 0.835578 0.651102 0.835578 0.996998 0.835578 0.996998 0.863079 0.651102 0.863078 0.651102 0.835681 0.996998 0.835681 0.996998 0.862933 0.651102 0.863078 0.996998 0.863079 0.996998 0.835681 0.801525 0.633438 0.82892 0.63021 0.81405 0.621872 0.801525 0.633438 0.825585 0.646929 0.82892 0.63021 0.801525 0.633438 0.808654 0.648924 0.825585 0.646929 0.801914 0.637309 0.814436 0.625747 0.829301 0.634082 0.801914 0.637309 0.829301 0.634082 0.825967 0.650796 0.809041 0.65279 0.801914 0.637309 0.825967 0.650796 0.996998 0.862933 0.996998 0.835536 0.651102 0.835536 0.996998 0.862229 0.996998 0.835578 0.651102 0.835578 0.651102 0.835578 0.996998 0.835578 0.996998 0.863079 0.651102 0.835681 0.996998 0.835681 0.996998 0.862933 0.651102 0.863078 0.996998 0.863079 0.996998 0.835681 0.801525 0.633438 0.82892 0.63021 0.81405 0.621872 0.801525 0.633438 0.825585 0.646929 0.82892 0.63021 0.801525 0.633438 0.808654 0.648924 0.825585 0.646929 0.801914 0.637309 0.814436 0.625747 0.829301 0.634082 0.801914 0.637309 0.829301 0.634082 0.825967 0.650796 0.809041 0.65279 0.801914 0.637309 0.825967 0.650796 0.996998 0.862933 0.996998 0.835536 0.651102 0.835536 0.651102 0.862228 0.996998 0.862229 0.996998 0.835578 0.651102 0.835578 0.996998 0.835578 0.996998 0.863079 0.996998 0.835681 0.996998 0.862933 0.651102 0.862933 0.996998 0.863079 0.996998 0.835681 0.651102 0.835681 0.801525 0.633438 0.82892 0.63021 0.81405 0.621872 0.801525 0.633438 0.808654 0.648924 0.82892 0.63021 0.808654 0.648924 0.825585 0.646929 0.82892 0.63021 0.801914 0.637309 0.814436 0.625747 0.829301 0.634082 0.809041 0.65279 0.801914 0.637309 0.829301 0.634082 0.809041 0.65279 0.829301 0.634082 0.825967 0.650796 0.651102 0.862933 0.996998 0.862933 0.996998 0.835536 0.996998 0.862229 0.996998 0.835578 0.651102 0.835578 0.996998 0.835578 0.996998 0.863079 0.651102 0.863078 0.651102 0.835681 0.996998 0.835681 0.996998 0.862933 0.651102 0.863078 0.996998 0.863079 0.996998 0.835681 0.825585 0.646929 0.82892 0.63021 0.81405 0.621872 0.801525 0.633438 0.825585 0.646929 0.81405 0.621872 0.801525 0.633438 0.808654 0.648924 0.825585 0.646929 0.814436 0.625747 0.829301 0.634082 0.825967 0.650796 0.801914 0.637309 0.814436 0.625747 0.825967 0.650796 0.809041 0.65279 0.801914 0.637309 0.825967 0.650796 0.996998 0.862933 0.996998 0.835536 0.651102 0.835536 0.651102 0.862228 0.996998 0.862229 0.996998 0.835578 0.651102 0.835578 0.996998 0.835578 0.996998 0.863079 0.996998 0.835681 0.996998 0.862933 0.651102 0.862933 0.651102 0.863078 0.996998 0.863079 0.996998 0.835681 0.801525 0.633438 0.82892 0.63021 0.81405 0.621872 0.801525 0.633438 0.808654 0.648924 0.82892 0.63021 0.808654 0.648924 0.825585 0.646929 0.82892 0.63021 0.801914 0.637309 0.814436 0.625747 0.829301 0.634082 0.809041 0.65279 0.801914 0.637309 0.829301 0.634082 0.809041 0.65279 0.829301 0.634082 0.825967 0.650796 0.996998 0.862933 0.996998 0.835536 0.651102 0.835536 0.651102 0.862228 0.996998 0.862229 0.996998 0.835578 0.651102 0.835578 0.996998 0.835578 0.996998 0.863079 0.996998 0.835681 0.996998 0.862933 0.651102 0.862933 0.651102 0.863078 0.996998 0.863079 0.996998 0.835681 0.801525 0.633438 0.82892 0.63021 0.81405 0.621872 0.801525 0.633438 0.808654 0.648924 0.82892 0.63021 0.808654 0.648924 0.825585 0.646929 0.82892 0.63021 0.801914 0.637309 0.814436 0.625747 0.829301 0.634082 0.809041 0.65279 0.801914 0.637309 0.829301 0.634082 0.809041 0.65279 0.829301 0.634082 0.825967 0.650796 0.651102 0.862933 0.996998 0.862933 0.996998 0.835536 0.996998 0.862229 0.996998 0.835578 0.651102 0.835578 0.996998 0.835578 0.996998 0.863079 0.651102 0.863078 0.651102 0.835681 0.996998 0.835681 0.996998 0.862933 0.996998 0.863079 0.996998 0.835681 0.651102 0.835681 0.801914 0.637309 0.814436 0.625747 0.829301 0.634082 0.809041 0.65279 0.801914 0.637309 0.829301 0.634082 0.809041 0.65279 0.829301 0.634082 0.825967 0.650796 0.32871 0.859038 0.32871 0.47099 0.531844 0.47099 0.01930087 0.859038 0.01930087 0.47099 0.32871 0.47099 0.751451 0.877048 0.755022 0.980532 0.898208 0.980658 0.48532 0.897314 0.19704 0.897061 0.18985 0.688716 0.18985 0.726515 0.483676 0.726515 0.483676 0.688716 0.483676 0.688716 0.447354 0.688716 0.448998 0.897314 0.860758 0.8481 0.860758 0.834501 0.998108 0.834501 0.860758 0.8481 0.651551 0.8481 0.651551 0.834501 0.860758 0.8481 0.860758 0.834501 0.998108 0.834501 0.860758 0.8481 0.651551 0.8481 0.651551 0.834501 0.968821 0.865871 0.671421 0.865871 0.671421 0.8321 0.968821 0.865871 0.671421 0.865871 0.671421 0.8321 0.968821 0.865871 0.671421 0.865871 0.671421 0.8321 0.998108 0.861698 0.860758 0.861698 0.860758 0.8481 0.651551 0.861698 0.651551 0.8481 0.860758 0.8481 0.998108 0.861698 0.860758 0.861698 0.860758 0.8481 0.651551 0.861698 0.651551 0.8481 0.860758 0.8481 0.884384 0.971464 0.661265 0.971464 0.661265 0.854667 0.639542 0.773542 0.639542 0.721853 0.680756 0.721853 0.968821 0.865871 0.671421 0.865871 0.671421 0.8321 0.968821 0.865871 0.671421 0.865871 0.671421 0.865871 0.671421 0.8321 0.968821 0.8321 0.968821 0.8321 0.671421 0.8321 0.968821 0.8321 0.968821 0.8321 0.968821 0.865871 0.671421 0.865871 0.671421 0.865871 0.389188 0.789951 0.381465 0.173861 0.406981 0.173483 0.26951 0.797461 0.294129 0.797712 0.286707 0.181618 0.03162795 0.772825 0.03162795 0.156736 0.05319386 0.156464 0.521146 0.787799 0.527827 0.171693 0.487755 0.1710709 0.01032799 0.794816 0.005910933 0.178674 0.02372992 0.1784459 0.049151 0.801336 0.02880096 0.801637 0.03635895 0.185321 0.1372449 0.802255 0.159089 0.802379 0.160607 0.186173 0.462088 0.995065 0.54072 0.89334 0.481743 0.701298 0.462088 0.995065 0.481743 0.701298 0.38913 0.669532 0.462088 0.995065 0.38913 0.669532 0.03091686 0.669531 0.273675 0.990921 0.462088 0.995065 0.03091686 0.669531 0.202215 0.976686 0.273675 0.990921 0.03091686 0.669531 0.004164934 0.957843 0.202215 0.976686 0.03091686 0.669531 0.387493 0.967123 0.403551 0.980358 0.294904 0.995223 0.46273 0.822252 0.413504 0.710597 0.427821 0.694462 0.08154499 0.692323 0.05245596 0.668421 0.219707 0.690047 0.07621097 0.94423 0.293611 0.977884 0.294904 0.995223 0.387493 0.967123 0.46273 0.822252 0.484938 0.823431 0.413504 0.710597 0.271293 0.686989 0.270357 0.668421 0.271293 0.686989 0.223256 0.707333 0.219707 0.690047 0.490683 0.207058 0.365154 0.208918 0.371777 0.753589 0.04684299 0.757761 0.04305487 0.213045 0.283883 0.21557 0.370029 0.190388 0.06511098 0.19423 0.06511098 0.7389 0.05913597 0.200352 0.490683 0.207058 0.484953 0.751743 0.371777 0.753589 0.365154 0.208918 0.04305487 0.213045 0.290249 0.760245 0.283883 0.21557 0.06916898 0.218746 0.06268596 0.763611 0.06916898 0.218746 0.175732 0.2194769 0.06511098 0.7389 0.06511098 0.19423 0.353761 0.196455 1.001348 0.666669 1.001348 0.86327 0.726625 0.86327 0.72838 0.666669 0.72838 0.86327 1.001348 0.86327 1.000861 0.666669 1.000861 0.86327 0.726137 0.86327 0.726625 0.666669 0.726625 0.86327 1.000861 0.86327 0.635575 0.831959 0.99987 0.831959 0.99987 0.996704 0.979419 0.681143 0.979419 0.850619 0.748476 0.850619 0.847249 0.681143 0.847249 0.850619 0.979419 0.850619 0.891536 0.443096 0.891536 0.497423 0.7118 0.497423 0.79633 0.681143 0.79633 0.850619 0.931155 0.850619 0.921446 0.446131 0.921446 0.497617 0.749063 0.497617 0.847249 0.681143 0.847249 0.850619 0.979419 0.850619 0.979009 0.681143 0.979009 0.850619 0.748066 0.850619 0.79633 0.681143 0.79633 0.850619 0.931155 0.850619 0.653811 0.851731 0.998269 0.851731 0.998269 0.86327 0.655566 0.85173 0.655566 0.86327 0.998269 0.86327 0.997782 0.851731 0.997782 0.86327 0.653322 0.86327 0.653811 0.851731 0.653811 0.86327 0.997782 0.86327 0.998269 0.840191 0.998269 0.851731 0.653811 0.851731 0.655566 0.840191 0.655566 0.85173 0.998269 0.851731 0.653323 0.840191 0.997782 0.840191 0.997782 0.851731 0.653811 0.840191 0.653811 0.851731 0.997782 0.851731 0.66678 0.860439 0.988897 0.860439 0.988897 0.838085 0.984935 0.84512 0.662818 0.84512 0.662818 0.84512 0.66678 0.855385 0.988897 0.855385 0.988897 0.850433 0.66678 0.838085 0.66678 0.860439 0.988897 0.860439 0.984935 0.84512 0.662818 0.84512 0.662818 0.84512 0.66678 0.855385 0.988897 0.855385 0.988897 0.850433 0.66678 0.838085 0.66678 0.860439 0.988897 0.860439 0.984935 0.84512 0.662818 0.84512 0.662818 0.84512 0.66678 0.855385 0.988897 0.855385 0.988897 0.850433 0.66678 0.860439 0.988897 0.860439 0.988897 0.838085 0.984935 0.84512 0.662818 0.84512 0.662818 0.84512 0.66678 0.855385 0.988897 0.855385 0.988897 0.850433 0.66678 0.860439 0.988897 0.860439 0.988897 0.838085 0.984935 0.84512 0.662818 0.84512 0.662818 0.84512 0.66678 0.855385 0.988897 0.855385 0.988897 0.850433 0.621411 0.838081 0.580668 0.838081 0.580668 0.769172 0.542778 0.838081 0.583791 0.838081 0.583791 0.769172 0.618135 0.769172 0.618135 0.838081 0.580516 0.838081 0.580668 0.838081 0.543049 0.838081 0.543049 0.769172 0.583791 0.769172 0.583791 0.838081 0.621411 0.838081 0.580516 0.838081 0.542778 0.838081 0.542778 0.769172 0.621411 0.769172 0.580668 0.769172 0.580668 0.390284 0.542778 0.769172 0.583791 0.769172 0.583791 0.390284 0.618135 0.769172 0.580516 0.769172 0.580516 0.390284 0.580668 0.769172 0.543049 0.769172 0.543049 0.390284 0.583791 0.769172 0.621411 0.769172 0.621411 0.390284 0.580516 0.769172 0.542778 0.769172 0.542778 0.390284 0.621411 0.838081 0.618135 0.838081 0.580668 0.838081 0.621411 0.838081 0.583791 0.838081 0.618135 0.838081 0.583791 0.838081 0.580516 0.838081 0.618135 0.838081 0.583791 0.838081 0.542778 0.838081 0.580516 0.838081 0.621411 0.838081 0.580668 0.838081 0.580668 0.769172 0.542778 0.838081 0.583791 0.838081 0.583791 0.769172 0.618135 0.769172 0.618135 0.838081 0.580516 0.838081 0.580668 0.838081 0.543049 0.838081 0.543049 0.769172 0.583791 0.769172 0.583791 0.838081 0.621411 0.838081 0.580516 0.838081 0.542778 0.838081 0.542778 0.769172 0.621411 0.769172 0.580668 0.769172 0.580668 0.390284 0.542778 0.769172 0.583791 0.769172 0.583791 0.390284 0.618135 0.769172 0.580516 0.769172 0.580516 0.390284 0.580668 0.769172 0.543049 0.769172 0.543049 0.390284 0.583791 0.769172 0.621411 0.769172 0.621411 0.390284 0.580516 0.769172 0.542778 0.769172 0.542778 0.390284 0.621411 0.838081 0.618135 0.838081 0.580668 0.838081 0.621411 0.838081 0.583791 0.838081 0.618135 0.838081 0.583791 0.838081 0.580516 0.838081 0.618135 0.838081 0.583791 0.838081 0.542778 0.838081 0.580516 0.838081 0.621411 0.838081 0.580668 0.838081 0.580668 0.769172 0.542778 0.838081 0.583791 0.838081 0.583791 0.769172 0.618135 0.769172 0.618135 0.838081 0.580516 0.838081 0.580668 0.838081 0.543049 0.838081 0.543049 0.769172 0.583791 0.769172 0.583791 0.838081 0.621411 0.838081 0.580516 0.838081 0.542778 0.838081 0.542778 0.769172 0.621411 0.769172 0.580668 0.769172 0.580668 0.390284 0.542778 0.769172 0.583791 0.769172 0.583791 0.390284 0.618135 0.769172 0.580516 0.769172 0.580516 0.390284 0.580668 0.769172 0.543049 0.769172 0.543049 0.390284 0.583791 0.769172 0.621411 0.769172 0.621411 0.390284 0.580516 0.769172 0.542778 0.769172 0.542778 0.390284 0.621411 0.838081 0.618135 0.838081 0.580668 0.838081 0.621411 0.838081 0.583791 0.838081 0.618135 0.838081 0.583791 0.838081 0.580516 0.838081 0.618135 0.838081 0.583791 0.838081 0.542778 0.838081 0.580516 0.838081 0.653811 0.851731 0.998269 0.851731 0.998269 0.86327 0.655566 0.85173 0.655566 0.86327 0.998269 0.86327 0.997782 0.851731 0.997782 0.86327 0.653322 0.86327 0.653811 0.851731 0.653811 0.86327 0.997782 0.86327 0.998269 0.840191 0.998269 0.851731 0.653811 0.851731 0.655566 0.840191 0.655566 0.85173 0.998269 0.851731 0.653323 0.840191 0.997782 0.840191 0.997782 0.851731 0.653811 0.840191 0.653811 0.851731 0.997782 0.851731 0.620684 0.458661 0.620684 0.483292 1.000112 0.483292 0.620684 0.458661 0.998357 0.458661 0.998357 0.483291 0.621172 0.458661 0.621172 0.483292 1.000601 0.483291 1.000112 0.458661 1.000112 0.483292 0.621172 0.483292 0.620684 0.484235 0.620684 0.458661 1.000112 0.458661 0.998357 0.484235 0.998357 0.458661 0.620684 0.458661 0.621172 0.484235 0.621172 0.458661 1.0006 0.458661 1.000112 0.484235 1.000112 0.458661 0.621172 0.458661 0.640751 0.816814 0.640751 0.689466 0.711496 0.689466 0.640751 0.816814 0.640751 0.689466 0.711496 0.689466 0.640751 0.816814 0.640751 0.689466 0.711496 0.689466 0.640751 0.816814 0.640751 0.689466 0.711496 0.689466 0.66678 0.860439 0.988897 0.860439 0.988897 0.838085 0.984935 0.84512 0.662818 0.84512 0.662818 0.84512 0.66678 0.855385 0.988897 0.855385 0.988897 0.850433 0.66678 0.838085 0.66678 0.860439 0.988897 0.860439 0.984935 0.84512 0.662818 0.84512 0.662818 0.84512 0.66678 0.855385 0.988897 0.855385 0.988897 0.850433 0.66678 0.838085 0.66678 0.860439 0.988897 0.860439 0.984935 0.84512 0.662818 0.84512 0.662818 0.84512 0.66678 0.855385 0.988897 0.855385 0.988897 0.850433 0.66678 0.860439 0.988897 0.860439 0.988897 0.838085 0.984935 0.84512 0.662818 0.84512 0.662818 0.84512 0.66678 0.855385 0.988897 0.855385 0.988897 0.850433 0.66678 0.860439 0.988897 0.860439 0.988897 0.838085 0.984935 0.84512 0.662818 0.84512 0.662818 0.84512 0.66678 0.855385 0.988897 0.855385 0.988897 0.850433 0.621411 0.838081 0.580668 0.838081 0.580668 0.769172 0.542778 0.838081 0.583791 0.838081 0.583791 0.769172 0.618135 0.769172 0.618135 0.838081 0.580516 0.838081 0.580668 0.838081 0.543049 0.838081 0.543049 0.769172 0.583791 0.769172 0.583791 0.838081 0.621411 0.838081 0.580516 0.838081 0.542778 0.838081 0.542778 0.769172 0.621411 0.769172 0.580668 0.769172 0.580668 0.390284 0.542778 0.769172 0.583791 0.769172 0.583791 0.390284 0.618135 0.769172 0.580516 0.769172 0.580516 0.390284 0.580668 0.769172 0.543049 0.769172 0.543049 0.390284 0.583791 0.769172 0.621411 0.769172 0.621411 0.390284 0.580516 0.769172 0.542778 0.769172 0.542778 0.390284 0.583791 0.838081 0.542778 0.838081 0.580516 0.838081 0.583791 0.838081 0.580516 0.838081 0.618135 0.838081 0.621411 0.838081 0.583791 0.838081 0.618135 0.838081 0.621411 0.838081 0.618135 0.838081 0.580668 0.838081 0.621411 0.838081 0.580668 0.838081 0.580668 0.769172 0.542778 0.838081 0.583791 0.838081 0.583791 0.769172 0.618135 0.769172 0.618135 0.838081 0.580516 0.838081 0.580668 0.838081 0.543049 0.838081 0.543049 0.769172 0.583791 0.769172 0.583791 0.838081 0.621411 0.838081 0.580516 0.838081 0.542778 0.838081 0.542778 0.769172 0.621411 0.769172 0.580668 0.769172 0.580668 0.390284 0.542778 0.769172 0.583791 0.769172 0.583791 0.390284 0.618135 0.769172 0.580516 0.769172 0.580516 0.390284 0.580668 0.769172 0.543049 0.769172 0.543049 0.390284 0.583791 0.769172 0.621411 0.769172 0.621411 0.390284 0.580516 0.769172 0.542778 0.769172 0.542778 0.390284 0.583791 0.838081 0.542778 0.838081 0.580516 0.838081 0.583791 0.838081 0.580516 0.838081 0.618135 0.838081 0.621411 0.838081 0.583791 0.838081 0.618135 0.838081 0.621411 0.838081 0.618135 0.838081 0.580668 0.838081 0.621411 0.838081 0.580668 0.838081 0.580668 0.769172 0.542778 0.838081 0.583791 0.838081 0.583791 0.769172 0.618135 0.769172 0.618135 0.838081 0.580516 0.838081 0.580668 0.838081 0.543049 0.838081 0.543049 0.769172 0.583791 0.769172 0.583791 0.838081 0.621411 0.838081 0.580516 0.838081 0.542778 0.838081 0.542778 0.769172 0.621411 0.769172 0.580668 0.769172 0.580668 0.390284 0.542778 0.769172 0.583791 0.769172 0.583791 0.390284 0.618135 0.769172 0.580516 0.769172 0.580516 0.390284 0.580668 0.769172 0.543049 0.769172 0.543049 0.390284 0.583791 0.769172 0.621411 0.769172 0.621411 0.390284 0.580516 0.769172 0.542778 0.769172 0.542778 0.390284 0.583791 0.838081 0.542778 0.838081 0.580516 0.838081 0.583791 0.838081 0.580516 0.838081 0.618135 0.838081 0.621411 0.838081 0.583791 0.838081 0.618135 0.838081 0.621411 0.838081 0.618135 0.838081 0.580668 0.838081 0.640751 0.816814 0.640751 0.689466 0.711496 0.689466 0.640751 0.816814 0.640751 0.689466 0.711496 0.689466 0.998269 0.851731 0.998269 0.86327 0.653811 0.86327 0.655566 0.85173 0.655566 0.86327 0.998269 0.86327 0.653323 0.85173 0.997782 0.851731 0.997782 0.86327 0.653811 0.851731 0.653811 0.86327 0.997782 0.86327 0.653811 0.840191 0.998269 0.840191 0.998269 0.851731 0.998269 0.840191 0.655566 0.840191 0.655566 0.85173 0.997782 0.840191 0.997782 0.851731 0.653323 0.85173 0.653811 0.840191 0.653811 0.851731 0.997782 0.851731 0.640751 0.816814 0.640751 0.689466 0.711496 0.689466 0.66678 0.860439 0.988897 0.860439 0.988897 0.838085 0.984935 0.84512 0.662818 0.84512 0.662818 0.84512 0.66678 0.855385 0.988897 0.855385 0.988897 0.850433 0.640751 0.816814 0.640751 0.689466 0.711496 0.689466 0.66678 0.860439 0.988897 0.860439 0.988897 0.838085 0.984935 0.84512 0.662818 0.84512 0.662818 0.84512 0.66678 0.855385 0.988897 0.855385 0.988897 0.850433 0.66678 0.860439 0.988897 0.860439 0.988897 0.838085 0.984935 0.84512 0.662818 0.84512 0.662818 0.84512 0.66678 0.855385 0.988897 0.855385 0.988897 0.850433 0.640751 0.816814 0.640751 0.689466 0.711496 0.689466 0.66678 0.860439 0.988897 0.860439 0.988897 0.838085 0.984935 0.84512 0.662818 0.84512 0.662818 0.84512 0.66678 0.855385 0.988897 0.855385 0.988897 0.850433 0.621411 0.769172 0.621411 0.838081 0.580668 0.838081 0.542778 0.838081 0.583791 0.838081 0.583791 0.769172 0.618135 0.769172 0.618135 0.838081 0.580516 0.838081 0.580668 0.838081 0.543049 0.838081 0.543049 0.769172 0.583791 0.769172 0.583791 0.838081 0.621411 0.838081 0.580516 0.838081 0.542778 0.838081 0.542778 0.769172 0.621411 0.769172 0.580668 0.769172 0.580668 0.390284 0.542778 0.769172 0.583791 0.769172 0.583791 0.390284 0.618135 0.769172 0.580516 0.769172 0.580516 0.390284 0.580668 0.769172 0.543049 0.769172 0.543049 0.390284 0.583791 0.769172 0.621411 0.769172 0.621411 0.390284 0.580516 0.769172 0.542778 0.769172 0.542778 0.390284 0.621411 0.838081 0.618135 0.838081 0.580668 0.838081 0.621411 0.838081 0.583791 0.838081 0.618135 0.838081 0.583791 0.838081 0.580516 0.838081 0.618135 0.838081 0.583791 0.838081 0.542778 0.838081 0.580516 0.838081 0.621411 0.769172 0.621411 0.838081 0.580668 0.838081 0.542778 0.838081 0.583791 0.838081 0.583791 0.769172 0.618135 0.769172 0.618135 0.838081 0.580516 0.838081 0.580668 0.838081 0.543049 0.838081 0.543049 0.769172 0.583791 0.769172 0.583791 0.838081 0.621411 0.838081 0.580516 0.838081 0.542778 0.838081 0.542778 0.769172 0.621411 0.769172 0.580668 0.769172 0.580668 0.390284 0.542778 0.769172 0.583791 0.769172 0.583791 0.390284 0.618135 0.769172 0.580516 0.769172 0.580516 0.390284 0.580668 0.769172 0.543049 0.769172 0.543049 0.390284 0.583791 0.769172 0.621411 0.769172 0.621411 0.390284 0.580516 0.769172 0.542778 0.769172 0.542778 0.390284 0.621411 0.838081 0.618135 0.838081 0.580668 0.838081 0.621411 0.838081 0.583791 0.838081 0.618135 0.838081 0.583791 0.838081 0.580516 0.838081 0.618135 0.838081 0.583791 0.838081 0.542778 0.838081 0.580516 0.838081 0.621411 0.769172 0.621411 0.838081 0.580668 0.838081 0.542778 0.838081 0.583791 0.838081 0.583791 0.769172 0.618135 0.769172 0.618135 0.838081 0.580516 0.838081 0.580668 0.838081 0.543049 0.838081 0.543049 0.769172 0.583791 0.769172 0.583791 0.838081 0.621411 0.838081 0.580516 0.838081 0.542778 0.838081 0.542778 0.769172 0.621411 0.769172 0.580668 0.769172 0.580668 0.390284 0.542778 0.769172 0.583791 0.769172 0.583791 0.390284 0.618135 0.769172 0.580516 0.769172 0.580516 0.390284 0.580668 0.769172 0.543049 0.769172 0.543049 0.390284 0.583791 0.769172 0.621411 0.769172 0.621411 0.390284 0.580516 0.769172 0.542778 0.769172 0.542778 0.390284 0.621411 0.838081 0.618135 0.838081 0.580668 0.838081 0.621411 0.838081 0.583791 0.838081 0.618135 0.838081 0.583791 0.838081 0.580516 0.838081 0.618135 0.838081 0.583791 0.838081 0.542778 0.838081 0.580516 0.838081 0.621411 0.769172 0.621411 0.838081 0.580668 0.838081 0.542778 0.838081 0.583791 0.838081 0.583791 0.769172 0.618135 0.769172 0.618135 0.838081 0.580516 0.838081 0.580668 0.838081 0.543049 0.838081 0.543049 0.769172 0.583791 0.769172 0.583791 0.838081 0.621411 0.838081 0.580516 0.838081 0.542778 0.838081 0.542778 0.769172 0.621411 0.769172 0.580668 0.769172 0.580668 0.390284 0.542778 0.769172 0.583791 0.769172 0.583791 0.390284 0.618135 0.769172 0.580516 0.769172 0.580516 0.390284 0.580668 0.769172 0.543049 0.769172 0.543049 0.390284 0.583791 0.769172 0.621411 0.769172 0.621411 0.390284 0.580516 0.769172 0.542778 0.769172 0.542778 0.390284 0.621411 0.838081 0.618135 0.838081 0.580668 0.838081 0.621411 0.838081 0.583791 0.838081 0.618135 0.838081 0.583791 0.838081 0.580516 0.838081 0.618135 0.838081 0.583791 0.838081 0.542778 0.838081 0.580516 0.838081 0.621411 0.769172 0.621411 0.838081 0.580668 0.838081 0.542778 0.838081 0.583791 0.838081 0.583791 0.769172 0.618135 0.769172 0.618135 0.838081 0.580516 0.838081 0.580668 0.838081 0.543049 0.838081 0.543049 0.769172 0.583791 0.769172 0.583791 0.838081 0.621411 0.838081 0.580516 0.838081 0.542778 0.838081 0.542778 0.769172 0.621411 0.769172 0.580668 0.769172 0.580668 0.390284 0.542778 0.769172 0.583791 0.769172 0.583791 0.390284 0.618135 0.769172 0.580516 0.769172 0.580516 0.390284 0.580668 0.769172 0.543049 0.769172 0.543049 0.390284 0.583791 0.769172 0.621411 0.769172 0.621411 0.390284 0.580516 0.769172 0.542778 0.769172 0.542778 0.390284 0.621411 0.838081 0.618135 0.838081 0.580668 0.838081 0.621411 0.838081 0.583791 0.838081 0.618135 0.838081 0.583791 0.838081 0.580516 0.838081 0.618135 0.838081 0.583791 0.838081 0.542778 0.838081 0.580516 0.838081 0.621411 0.769172 0.621411 0.838081 0.580668 0.838081 0.542778 0.838081 0.583791 0.838081 0.583791 0.769172 0.618135 0.769172 0.618135 0.838081 0.580516 0.838081 0.580668 0.838081 0.543049 0.838081 0.543049 0.769172 0.583791 0.769172 0.583791 0.838081 0.621411 0.838081 0.580516 0.838081 0.542778 0.838081 0.542778 0.769172 0.621411 0.769172 0.580668 0.769172 0.580668 0.390284 0.542778 0.769172 0.583791 0.769172 0.583791 0.390284 0.618135 0.769172 0.580516 0.769172 0.580516 0.390284 0.580668 0.769172 0.543049 0.769172 0.543049 0.390284 0.583791 0.769172 0.621411 0.769172 0.621411 0.390284 0.580516 0.769172 0.542778 0.769172 0.542778 0.390284 0.621411 0.838081 0.618135 0.838081 0.580668 0.838081 0.621411 0.838081 0.583791 0.838081 0.618135 0.838081 0.583791 0.838081 0.580516 0.838081 0.618135 0.838081 0.583791 0.838081 0.542778 0.838081 0.580516 0.838081 0.724108 0.672887 0.724108 0.844723 0.622527 0.844723 0.721482 0.838333 0.721482 0.675063 0.620295 0.675063 0.848362 0.741718 0.848373 0.723344 0.935173 0.723358 0.935154 0.751499 0.848355 0.751485 0.848362 0.741718 0.735792 0.741718 0.735805 0.723344 0.835718 0.723358 0.835696 0.751499 0.735784 0.751485 0.735792 0.741718 0.848362 0.741718 0.848373 0.723344 0.935173 0.723358 0.935154 0.751499 0.848355 0.751485 0.848362 0.741718 0.735792 0.741718 0.735805 0.723344 0.835718 0.723358 0.835696 0.751499 0.735784 0.751485 0.735792 0.741718 0.848362 0.741718 0.848373 0.723344 0.935173 0.723358 0.935154 0.751499 0.848355 0.751485 0.848362 0.741718 0.735792 0.741718 0.735805 0.723344 0.835718 0.723358 0.835696 0.751499 0.735784 0.751485 0.735792 0.741718 0.848362 0.741718 0.848373 0.723344 0.935173 0.723358 0.935154 0.751499 0.848355 0.751485 0.848362 0.741718 0.835705 0.795637 0.735792 0.79554 0.735805 0.669439 0.835696 0.751499 0.735784 0.751485 0.735792 0.741718 0.987998 0.848211 0.901662 0.848286 0.899266 0.837305 0.84278 0.848554 0.840477 0.837574 0.666269 0.837472 0.902793 0.847541 0.682224 0.847694 0.682224 0.836713 0.967079 0.847817 0.67928 0.847941 0.681699 0.83696 0.987998 0.848211 0.990071 0.837231 0.677902 0.83696 0.667639 0.848453 0.666269 0.837472 0.899266 0.837305 0.682815 0.848686 0.685159 0.837702 0.840477 0.837574 0.682815 0.848686 0.761773 0.848714 0.762244 0.837731 0.967079 0.847817 0.969498 0.836837 0.682224 0.836713 0.904057 0.859266 0.901662 0.848286 0.987998 0.848211 0.66901 0.859435 0.845082 0.859535 0.84278 0.848554 0.682224 0.858674 0.682224 0.847694 0.902793 0.847541 0.676861 0.858921 0.67928 0.847941 0.967079 0.847817 0.673064 0.858921 0.985926 0.859192 0.987998 0.848211 0.904057 0.859266 0.66901 0.859435 0.667639 0.848453 0.845082 0.859535 0.68047 0.85967 0.682815 0.848686 0.68047 0.85967 0.761302 0.859696 0.761773 0.848714 0.682224 0.858674 0.96466 0.858797 0.967079 0.847817 0.08154499 0.692323 0.07982599 0.773503 0.04701387 0.770284 0.05486887 0.773007 0.345691 0.775287 0.325361 0.159 0.07982599 0.773503 0.07982599 0.773503 0.04701387 0.770284 0.04184287 0.867075 0.04184287 0.867075 0.07791495 0.863771 0.461059 0.760179 0.111528 0.766774 0.133129 0.350848 0.373623 0.764875 0.381318 0.348676 0.03299397 0.350653 0.373623 0.764875 0.461059 0.760179 0.468754 0.343979 0.452649 0.797804 0.454873 0.842481 0.113296 0.842481 0.66678 0.860439 0.988897 0.860439 0.988897 0.838085 0.984935 0.84512 0.662818 0.84512 0.662818 0.84512 0.66678 0.855385 0.988897 0.855385 0.988897 0.850433 0.640751 0.816814 0.640751 0.689466 0.711496 0.689466 0.66678 0.860439 0.988897 0.860439 0.988897 0.838085 0.984935 0.84512 0.662818 0.84512 0.662818 0.84512 0.66678 0.855385 0.988897 0.855385 0.988897 0.850433 0.66678 0.860439 0.988897 0.860439 0.988897 0.838085 0.984935 0.84512 0.662818 0.84512 0.662818 0.84512 0.66678 0.855385 0.988897 0.855385 0.988897 0.850433 0.66678 0.860439 0.988897 0.860439 0.988897 0.838085 0.984935 0.84512 0.662818 0.84512 0.662818 0.84512 0.66678 0.855385 0.988897 0.855385 0.988897 0.850433 0.493151 0.787364 0.487755 0.1710709 0.05297595 0.164314 0.497204 0.78819 0.501228 0.172087 0.527827 0.171693 0.389188 0.789951 0.370533 0.790191 0.363749 0.174088 0.406173 0.789674 0.406981 0.173483 0.501228 0.172087 0.01032799 0.794816 0.03862887 0.795105 0.03911983 0.179022 0.370533 0.790191 0.02921897 0.794573 0.02372992 0.1784459 0.294129 0.797712 0.273613 0.798015 0.25727 0.182054 0.03862887 0.795105 0.26951 0.797461 0.259708 0.181335 0.273613 0.798015 0.049151 0.801336 0.0517739 0.185093 0.02880096 0.801637 0.05553483 0.801789 0.06413698 0.185512 0.05553483 0.801789 0.1372449 0.802255 0.14654 0.186076 0.38715 0.768467 0.365272 0.768736 0.358849 0.1526139 0.05315583 0.772561 0.05319386 0.156464 0.358849 0.1526139 0.03162795 0.772825 0.05486887 0.773007 0.05166482 0.15689 0.01930087 0.859038 0.01930087 0.47099 0.32871 0.47099 0.651102 0.862933 0.996998 0.862933 0.651102 0.835536 0.651102 0.835578 0.651102 0.862228 0.996998 0.835578 0.651102 0.863078 0.651102 0.835578 0.996998 0.863079 0.996998 0.862933 0.651102 0.862933 0.996998 0.835681 0.651102 0.835681 0.651102 0.863078 0.996998 0.835681 0.651102 0.862933 0.996998 0.862933 0.651102 0.835536 0.651102 0.835578 0.651102 0.862228 0.996998 0.835578 0.651102 0.863078 0.651102 0.835578 0.996998 0.863079 0.651102 0.835681 0.996998 0.835681 0.651102 0.862933 0.651102 0.835681 0.651102 0.863078 0.996998 0.835681 0.651102 0.862933 0.996998 0.862933 0.651102 0.835536 0.651102 0.862228 0.996998 0.862229 0.651102 0.835578 0.651102 0.863078 0.651102 0.835578 0.996998 0.863079 0.651102 0.835681 0.996998 0.835681 0.651102 0.862933 0.651102 0.835681 0.651102 0.863078 0.996998 0.835681 0.651102 0.862933 0.996998 0.862933 0.651102 0.835536 0.651102 0.862228 0.996998 0.862229 0.651102 0.835578 0.651102 0.863078 0.651102 0.835578 0.996998 0.863079 0.651102 0.835681 0.996998 0.835681 0.651102 0.862933 0.651102 0.835681 0.651102 0.863078 0.996998 0.835681 0.651102 0.862933 0.996998 0.862933 0.651102 0.835536 0.651102 0.862228 0.996998 0.862229 0.651102 0.835578 0.651102 0.835578 0.996998 0.835578 0.651102 0.863078 0.651102 0.862933 0.651102 0.835681 0.996998 0.862933 0.651102 0.835681 0.651102 0.863078 0.996998 0.835681 0.651102 0.862933 0.996998 0.862933 0.651102 0.835536 0.651102 0.862228 0.996998 0.862229 0.651102 0.835578 0.651102 0.863078 0.651102 0.835578 0.996998 0.863079 0.651102 0.835681 0.996998 0.835681 0.651102 0.862933 0.651102 0.835681 0.651102 0.863078 0.996998 0.835681 0.651102 0.862933 0.996998 0.862933 0.651102 0.835536 0.651102 0.835578 0.651102 0.862228 0.996998 0.835578 0.651102 0.863078 0.651102 0.835578 0.996998 0.863079 0.651102 0.835681 0.996998 0.835681 0.651102 0.862933 0.651102 0.863078 0.996998 0.863079 0.651102 0.835681 0.651102 0.835536 0.651102 0.862933 0.996998 0.835536 0.651102 0.862228 0.996998 0.862229 0.651102 0.835578 0.651102 0.835578 0.996998 0.835578 0.651102 0.863078 0.651102 0.862933 0.651102 0.835681 0.996998 0.862933 0.651102 0.835681 0.651102 0.863078 0.996998 0.835681 0.651102 0.862933 0.996998 0.862933 0.651102 0.835536 0.651102 0.835578 0.651102 0.862228 0.996998 0.835578 0.651102 0.863078 0.651102 0.835578 0.996998 0.863079 0.651102 0.835681 0.996998 0.835681 0.651102 0.862933 0.651102 0.835681 0.651102 0.863078 0.996998 0.835681 0.651102 0.862933 0.996998 0.862933 0.651102 0.835536 0.651102 0.835578 0.651102 0.862228 0.996998 0.835578 0.651102 0.863078 0.651102 0.835578 0.996998 0.863079 0.651102 0.835681 0.996998 0.835681 0.651102 0.862933 0.651102 0.835681 0.651102 0.863078 0.996998 0.835681 0.651102 0.862933 0.996998 0.862933 0.651102 0.835536 0.651102 0.862228 0.996998 0.862229 0.651102 0.835578 0.651102 0.863078 0.651102 0.835578 0.996998 0.863079 0.651102 0.835681 0.996998 0.835681 0.651102 0.862933 0.651102 0.835681 0.651102 0.863078 0.996998 0.835681 0.651102 0.862933 0.996998 0.862933 0.651102 0.835536 0.651102 0.862228 0.996998 0.862229 0.651102 0.835578 0.651102 0.863078 0.651102 0.835578 0.996998 0.863079 0.651102 0.835681 0.996998 0.835681 0.651102 0.862933 0.651102 0.835681 0.651102 0.863078 0.996998 0.835681 0.651102 0.862933 0.996998 0.862933 0.651102 0.835536 0.651102 0.862228 0.996998 0.862229 0.651102 0.835578 0.651102 0.835578 0.996998 0.835578 0.651102 0.863078 0.651102 0.862933 0.651102 0.835681 0.996998 0.862933 0.651102 0.835681 0.651102 0.863078 0.996998 0.835681 0.651102 0.862933 0.996998 0.862933 0.651102 0.835536 0.651102 0.862228 0.996998 0.862229 0.651102 0.835578 0.651102 0.863078 0.651102 0.835578 0.996998 0.863079 0.651102 0.862933 0.651102 0.835681 0.996998 0.862933 0.651102 0.835681 0.651102 0.863078 0.996998 0.835681 0.651102 0.862933 0.996998 0.862933 0.651102 0.835536 0.651102 0.835578 0.651102 0.862228 0.996998 0.835578 0.651102 0.863078 0.651102 0.835578 0.996998 0.863079 0.651102 0.835681 0.996998 0.835681 0.651102 0.862933 0.651102 0.863078 0.996998 0.863079 0.651102 0.835681 0.651102 0.835536 0.651102 0.862933 0.996998 0.835536 0.651102 0.862228 0.996998 0.862229 0.651102 0.835578 0.651102 0.835578 0.996998 0.835578 0.651102 0.863078 0.651102 0.862933 0.651102 0.835681 0.996998 0.862933 0.651102 0.835681 0.651102 0.863078 0.996998 0.835681 0.651102 0.862933 0.996998 0.862933 0.651102 0.835536 0.651102 0.835578 0.651102 0.862228 0.996998 0.835578 0.651102 0.863078 0.651102 0.835578 0.996998 0.863079 0.651102 0.835681 0.996998 0.835681 0.651102 0.862933 0.651102 0.835681 0.651102 0.863078 0.996998 0.835681 0.651102 0.862933 0.996998 0.862933 0.651102 0.835536 0.651102 0.835578 0.651102 0.862228 0.996998 0.835578 0.651102 0.863078 0.651102 0.835578 0.996998 0.863079 0.651102 0.835681 0.996998 0.835681 0.651102 0.862933 0.651102 0.835681 0.651102 0.863078 0.996998 0.835681 0.651102 0.835536 0.651102 0.862933 0.996998 0.835536 0.651102 0.862228 0.996998 0.862229 0.651102 0.835578 0.651102 0.835578 0.996998 0.835578 0.651102 0.863078 0.651102 0.862933 0.651102 0.835681 0.996998 0.862933 0.651102 0.863078 0.996998 0.863079 0.651102 0.835681 0.531844 0.859038 0.32871 0.859038 0.531844 0.47099 0.32871 0.859038 0.01930087 0.859038 0.32871 0.47099 0.897392 0.877048 0.751451 0.877048 0.898208 0.980658 0.483676 0.688716 0.48532 0.897314 0.18985 0.688716 0.18985 0.688716 0.18985 0.726515 0.483676 0.688716 0.48532 0.897314 0.483676 0.688716 0.448998 0.897314 0.998108 0.8481 0.860758 0.8481 0.998108 0.834501 0.860758 0.834501 0.860758 0.8481 0.651551 0.834501 0.998108 0.8481 0.860758 0.8481 0.998108 0.834501 0.860758 0.834501 0.860758 0.8481 0.651551 0.834501 0.968821 0.8321 0.968821 0.865871 0.671421 0.8321 0.968821 0.8321 0.968821 0.865871 0.671421 0.8321 0.968821 0.8321 0.968821 0.865871 0.671421 0.8321 0.998108 0.8481 0.998108 0.861698 0.860758 0.8481 0.860758 0.861698 0.651551 0.861698 0.860758 0.8481 0.998108 0.8481 0.998108 0.861698 0.860758 0.8481 0.860758 0.861698 0.651551 0.861698 0.860758 0.8481 0.884384 0.854667 0.884384 0.971464 0.661265 0.854667 0.680756 0.773542 0.639542 0.773542 0.680756 0.721853 0.968821 0.8321 0.968821 0.865871 0.671421 0.8321 0.968821 0.865871 0.968821 0.865871 0.671421 0.865871 0.671421 0.8321 0.671421 0.8321 0.968821 0.8321 0.671421 0.8321 0.671421 0.8321 0.968821 0.8321 0.968821 0.865871 0.968821 0.865871 0.671421 0.865871 0.406173 0.789674 0.389188 0.789951 0.406981 0.173483 0.259708 0.181335 0.26951 0.797461 0.286707 0.181618 0.05315583 0.772561 0.03162795 0.772825 0.05319386 0.156464 0.493151 0.787364 0.521146 0.787799 0.487755 0.1710709 0.02921897 0.794573 0.01032799 0.794816 0.02372992 0.1784459 0.0517739 0.185093 0.049151 0.801336 0.03635895 0.185321 0.14654 0.186076 0.1372449 0.802255 0.160607 0.186173 0.293611 0.977884 0.387493 0.967123 0.294904 0.995223 0.484938 0.823431 0.46273 0.822252 0.427821 0.694462 0.223256 0.707333 0.08154499 0.692323 0.219707 0.690047 0.03657984 0.965598 0.07621097 0.94423 0.294904 0.995223 0.403551 0.980358 0.387493 0.967123 0.484938 0.823431 0.427821 0.694462 0.413504 0.710597 0.270357 0.668421 0.270357 0.668421 0.271293 0.686989 0.219707 0.690047 0.484953 0.751743 0.490683 0.207058 0.371777 0.753589 0.290249 0.760245 0.04684299 0.757761 0.283883 0.21557 0.370029 0.735163 0.370029 0.190388 0.06511098 0.7389 0.05244797 0.745022 0.05913597 0.200352 0.484953 0.751743 0.04684299 0.757761 0.371777 0.753589 0.04305487 0.213045 0.06268596 0.763611 0.290249 0.760245 0.06916898 0.218746 0.17443 0.764248 0.06268596 0.763611 0.175732 0.2194769 0.325382 0.740941 0.06511098 0.7389 0.353761 0.196455 0.726625 0.666669 1.001348 0.666669 0.726625 0.86327 1.001348 0.666669 0.72838 0.666669 1.001348 0.86327 0.726137 0.666669 1.000861 0.666669 0.726137 0.86327 1.000861 0.666669 0.726625 0.666669 1.000861 0.86327 0.635575 0.996704 0.635575 0.831959 0.99987 0.996704 0.748476 0.681143 0.979419 0.681143 0.748476 0.850619 0.979419 0.681143 0.847249 0.681143 0.979419 0.850619 0.7118 0.443096 0.891536 0.443096 0.7118 0.497423 0.931155 0.681143 0.79633 0.681143 0.931155 0.850619 0.749063 0.446131 0.921446 0.446131 0.749063 0.497617 0.979419 0.681143 0.847249 0.681143 0.979419 0.850619 0.748066 0.681142 0.979009 0.681143 0.748066 0.850619 0.931155 0.681143 0.79633 0.681143 0.931155 0.850619 0.653811 0.86327 0.653811 0.851731 0.998269 0.86327 0.998269 0.851731 0.655566 0.85173 0.998269 0.86327 0.653323 0.85173 0.997782 0.851731 0.653322 0.86327 0.997782 0.851731 0.653811 0.851731 0.997782 0.86327 0.653811 0.840191 0.998269 0.840191 0.653811 0.851731 0.998269 0.840191 0.655566 0.840191 0.998269 0.851731 0.653323 0.85173 0.653323 0.840191 0.997782 0.851731 0.997782 0.840191 0.653811 0.840191 0.997782 0.851731 0.66678 0.838085 0.66678 0.860439 0.988897 0.838085 0.984935 0.84512 0.984935 0.84512 0.662818 0.84512 0.66678 0.850433 0.66678 0.855385 0.988897 0.850433 0.988897 0.838085 0.66678 0.838085 0.988897 0.860439 0.984935 0.84512 0.984935 0.84512 0.662818 0.84512 0.66678 0.850433 0.66678 0.855385 0.988897 0.850433 0.988897 0.838085 0.66678 0.838085 0.988897 0.860439 0.984935 0.84512 0.984935 0.84512 0.662818 0.84512 0.66678 0.850433 0.66678 0.855385 0.988897 0.850433 0.66678 0.838085 0.66678 0.860439 0.988897 0.838085 0.984935 0.84512 0.984935 0.84512 0.662818 0.84512 0.66678 0.850433 0.66678 0.855385 0.988897 0.850433 0.66678 0.838085 0.66678 0.860439 0.988897 0.838085 0.984935 0.84512 0.984935 0.84512 0.662818 0.84512 0.66678 0.850433 0.66678 0.855385 0.988897 0.850433 0.621411 0.769172 0.621411 0.838081 0.580668 0.769172 0.542778 0.769172 0.542778 0.838081 0.583791 0.769172 0.580516 0.769172 0.618135 0.769172 0.580516 0.838081 0.580668 0.769172 0.580668 0.838081 0.543049 0.769172 0.621411 0.769172 0.583791 0.769172 0.621411 0.838081 0.580516 0.769172 0.580516 0.838081 0.542778 0.769172 0.621411 0.390284 0.621411 0.769172 0.580668 0.390284 0.542778 0.390284 0.542778 0.769172 0.583791 0.390284 0.618135 0.390284 0.618135 0.769172 0.580516 0.390284 0.580668 0.390284 0.580668 0.769172 0.543049 0.390284 0.583791 0.390284 0.583791 0.769172 0.621411 0.390284 0.580516 0.390284 0.580516 0.769172 0.542778 0.390284 0.621411 0.769172 0.621411 0.838081 0.580668 0.769172 0.542778 0.769172 0.542778 0.838081 0.583791 0.769172 0.580516 0.769172 0.618135 0.769172 0.580516 0.838081 0.580668 0.769172 0.580668 0.838081 0.543049 0.769172 0.621411 0.769172 0.583791 0.769172 0.621411 0.838081 0.580516 0.769172 0.580516 0.838081 0.542778 0.769172 0.621411 0.390284 0.621411 0.769172 0.580668 0.390284 0.542778 0.390284 0.542778 0.769172 0.583791 0.390284 0.618135 0.390284 0.618135 0.769172 0.580516 0.390284 0.580668 0.390284 0.580668 0.769172 0.543049 0.390284 0.583791 0.390284 0.583791 0.769172 0.621411 0.390284 0.580516 0.390284 0.580516 0.769172 0.542778 0.390284 0.621411 0.769172 0.621411 0.838081 0.580668 0.769172 0.542778 0.769172 0.542778 0.838081 0.583791 0.769172 0.580516 0.769172 0.618135 0.769172 0.580516 0.838081 0.580668 0.769172 0.580668 0.838081 0.543049 0.769172 0.621411 0.769172 0.583791 0.769172 0.621411 0.838081 0.580516 0.769172 0.580516 0.838081 0.542778 0.769172 0.621411 0.390284 0.621411 0.769172 0.580668 0.390284 0.542778 0.390284 0.542778 0.769172 0.583791 0.390284 0.618135 0.390284 0.618135 0.769172 0.580516 0.390284 0.580668 0.390284 0.580668 0.769172 0.543049 0.390284 0.583791 0.390284 0.583791 0.769172 0.621411 0.390284 0.580516 0.390284 0.580516 0.769172 0.542778 0.390284 0.653811 0.86327 0.653811 0.851731 0.998269 0.86327 0.998269 0.851731 0.655566 0.85173 0.998269 0.86327 0.653323 0.85173 0.997782 0.851731 0.653322 0.86327 0.997782 0.851731 0.653811 0.851731 0.997782 0.86327 0.653811 0.840191 0.998269 0.840191 0.653811 0.851731 0.998269 0.840191 0.655566 0.840191 0.998269 0.851731 0.653323 0.85173 0.653323 0.840191 0.997782 0.851731 0.997782 0.840191 0.653811 0.840191 0.997782 0.851731 1.000112 0.458661 0.620684 0.458661 1.000112 0.483292 0.620684 0.483292 0.620684 0.458661 0.998357 0.483291 1.0006 0.458661 0.621172 0.458661 1.000601 0.483291 0.621172 0.458661 1.000112 0.458661 0.621172 0.483292 1.000112 0.484235 0.620684 0.484235 1.000112 0.458661 0.620684 0.484235 0.998357 0.484235 0.620684 0.458661 1.0006 0.484235 0.621172 0.484235 1.0006 0.458661 0.621172 0.484235 1.000112 0.484235 0.621172 0.458661 0.711496 0.816814 0.640751 0.816814 0.711496 0.689466 0.711496 0.816814 0.640751 0.816814 0.711496 0.689466 0.711496 0.816814 0.640751 0.816814 0.711496 0.689466 0.711496 0.816814 0.640751 0.816814 0.711496 0.689466 0.66678 0.838085 0.66678 0.860439 0.988897 0.838085 0.984935 0.84512 0.984935 0.84512 0.662818 0.84512 0.66678 0.850433 0.66678 0.855385 0.988897 0.850433 0.988897 0.838085 0.66678 0.838085 0.988897 0.860439 0.984935 0.84512 0.984935 0.84512 0.662818 0.84512 0.66678 0.850433 0.66678 0.855385 0.988897 0.850433 0.988897 0.838085 0.66678 0.838085 0.988897 0.860439 0.984935 0.84512 0.984935 0.84512 0.662818 0.84512 0.66678 0.850433 0.66678 0.855385 0.988897 0.850433 0.66678 0.838085 0.66678 0.860439 0.988897 0.838085 0.984935 0.84512 0.984935 0.84512 0.662818 0.84512 0.66678 0.850433 0.66678 0.855385 0.988897 0.850433 0.66678 0.838085 0.66678 0.860439 0.988897 0.838085 0.984935 0.84512 0.984935 0.84512 0.662818 0.84512 0.66678 0.850433 0.66678 0.855385 0.988897 0.850433 0.621411 0.769172 0.621411 0.838081 0.580668 0.769172 0.542778 0.769172 0.542778 0.838081 0.583791 0.769172 0.580516 0.769172 0.618135 0.769172 0.580516 0.838081 0.580668 0.769172 0.580668 0.838081 0.543049 0.769172 0.621411 0.769172 0.583791 0.769172 0.621411 0.838081 0.580516 0.769172 0.580516 0.838081 0.542778 0.769172 0.621411 0.390284 0.621411 0.769172 0.580668 0.390284 0.542778 0.390284 0.542778 0.769172 0.583791 0.390284 0.618135 0.390284 0.618135 0.769172 0.580516 0.390284 0.580668 0.390284 0.580668 0.769172 0.543049 0.390284 0.583791 0.390284 0.583791 0.769172 0.621411 0.390284 0.580516 0.390284 0.580516 0.769172 0.542778 0.390284 0.621411 0.769172 0.621411 0.838081 0.580668 0.769172 0.542778 0.769172 0.542778 0.838081 0.583791 0.769172 0.580516 0.769172 0.618135 0.769172 0.580516 0.838081 0.580668 0.769172 0.580668 0.838081 0.543049 0.769172 0.621411 0.769172 0.583791 0.769172 0.621411 0.838081 0.580516 0.769172 0.580516 0.838081 0.542778 0.769172 0.621411 0.390284 0.621411 0.769172 0.580668 0.390284 0.542778 0.390284 0.542778 0.769172 0.583791 0.390284 0.618135 0.390284 0.618135 0.769172 0.580516 0.390284 0.580668 0.390284 0.580668 0.769172 0.543049 0.390284 0.583791 0.390284 0.583791 0.769172 0.621411 0.390284 0.580516 0.390284 0.580516 0.769172 0.542778 0.390284 0.621411 0.769172 0.621411 0.838081 0.580668 0.769172 0.542778 0.769172 0.542778 0.838081 0.583791 0.769172 0.580516 0.769172 0.618135 0.769172 0.580516 0.838081 0.580668 0.769172 0.580668 0.838081 0.543049 0.769172 0.621411 0.769172 0.583791 0.769172 0.621411 0.838081 0.580516 0.769172 0.580516 0.838081 0.542778 0.769172 0.621411 0.390284 0.621411 0.769172 0.580668 0.390284 0.542778 0.390284 0.542778 0.769172 0.583791 0.390284 0.618135 0.390284 0.618135 0.769172 0.580516 0.390284 0.580668 0.390284 0.580668 0.769172 0.543049 0.390284 0.583791 0.390284 0.583791 0.769172 0.621411 0.390284 0.580516 0.390284 0.580516 0.769172 0.542778 0.390284 0.711496 0.816814 0.640751 0.816814 0.711496 0.689466 0.711496 0.816814 0.640751 0.816814 0.711496 0.689466 0.653811 0.851731 0.998269 0.851731 0.653811 0.86327 0.998269 0.851731 0.655566 0.85173 0.998269 0.86327 0.653322 0.86327 0.653323 0.85173 0.997782 0.86327 0.997782 0.851731 0.653811 0.851731 0.997782 0.86327 0.653811 0.851731 0.653811 0.840191 0.998269 0.851731 0.998269 0.851731 0.998269 0.840191 0.655566 0.85173 0.653323 0.840191 0.997782 0.840191 0.653323 0.85173 0.997782 0.840191 0.653811 0.840191 0.997782 0.851731 0.711496 0.816814 0.640751 0.816814 0.711496 0.689466 0.66678 0.838085 0.66678 0.860439 0.988897 0.838085 0.984935 0.84512 0.984935 0.84512 0.662818 0.84512 0.66678 0.850433 0.66678 0.855385 0.988897 0.850433 0.711496 0.816814 0.640751 0.816814 0.711496 0.689466 0.66678 0.838085 0.66678 0.860439 0.988897 0.838085 0.984935 0.84512 0.984935 0.84512 0.662818 0.84512 0.66678 0.850433 0.66678 0.855385 0.988897 0.850433 0.66678 0.838085 0.66678 0.860439 0.988897 0.838085 0.984935 0.84512 0.984935 0.84512 0.662818 0.84512 0.66678 0.850433 0.66678 0.855385 0.988897 0.850433 0.711496 0.816814 0.640751 0.816814 0.711496 0.689466 0.66678 0.838085 0.66678 0.860439 0.988897 0.838085 0.984935 0.84512 0.984935 0.84512 0.662818 0.84512 0.66678 0.850433 0.66678 0.855385 0.988897 0.850433 0.580668 0.769172 0.621411 0.769172 0.580668 0.838081 0.542778 0.769172 0.542778 0.838081 0.583791 0.769172 0.580516 0.769172 0.618135 0.769172 0.580516 0.838081 0.580668 0.769172 0.580668 0.838081 0.543049 0.769172 0.621411 0.769172 0.583791 0.769172 0.621411 0.838081 0.580516 0.769172 0.580516 0.838081 0.542778 0.769172 0.621411 0.390284 0.621411 0.769172 0.580668 0.390284 0.542778 0.390284 0.542778 0.769172 0.583791 0.390284 0.618135 0.390284 0.618135 0.769172 0.580516 0.390284 0.580668 0.390284 0.580668 0.769172 0.543049 0.390284 0.583791 0.390284 0.583791 0.769172 0.621411 0.390284 0.580516 0.390284 0.580516 0.769172 0.542778 0.390284 0.580668 0.769172 0.621411 0.769172 0.580668 0.838081 0.542778 0.769172 0.542778 0.838081 0.583791 0.769172 0.580516 0.769172 0.618135 0.769172 0.580516 0.838081 0.580668 0.769172 0.580668 0.838081 0.543049 0.769172 0.621411 0.769172 0.583791 0.769172 0.621411 0.838081 0.580516 0.769172 0.580516 0.838081 0.542778 0.769172 0.621411 0.390284 0.621411 0.769172 0.580668 0.390284 0.542778 0.390284 0.542778 0.769172 0.583791 0.390284 0.618135 0.390284 0.618135 0.769172 0.580516 0.390284 0.580668 0.390284 0.580668 0.769172 0.543049 0.390284 0.583791 0.390284 0.583791 0.769172 0.621411 0.390284 0.580516 0.390284 0.580516 0.769172 0.542778 0.390284 0.580668 0.769172 0.621411 0.769172 0.580668 0.838081 0.542778 0.769172 0.542778 0.838081 0.583791 0.769172 0.580516 0.769172 0.618135 0.769172 0.580516 0.838081 0.580668 0.769172 0.580668 0.838081 0.543049 0.769172 0.621411 0.769172 0.583791 0.769172 0.621411 0.838081 0.580516 0.769172 0.580516 0.838081 0.542778 0.769172 0.621411 0.390284 0.621411 0.769172 0.580668 0.390284 0.542778 0.390284 0.542778 0.769172 0.583791 0.390284 0.618135 0.390284 0.618135 0.769172 0.580516 0.390284 0.580668 0.390284 0.580668 0.769172 0.543049 0.390284 0.583791 0.390284 0.583791 0.769172 0.621411 0.390284 0.580516 0.390284 0.580516 0.769172 0.542778 0.390284 0.580668 0.769172 0.621411 0.769172 0.580668 0.838081 0.542778 0.769172 0.542778 0.838081 0.583791 0.769172 0.580516 0.769172 0.618135 0.769172 0.580516 0.838081 0.580668 0.769172 0.580668 0.838081 0.543049 0.769172 0.621411 0.769172 0.583791 0.769172 0.621411 0.838081 0.580516 0.769172 0.580516 0.838081 0.542778 0.769172 0.621411 0.390284 0.621411 0.769172 0.580668 0.390284 0.542778 0.390284 0.542778 0.769172 0.583791 0.390284 0.618135 0.390284 0.618135 0.769172 0.580516 0.390284 0.580668 0.390284 0.580668 0.769172 0.543049 0.390284 0.583791 0.390284 0.583791 0.769172 0.621411 0.390284 0.580516 0.390284 0.580516 0.769172 0.542778 0.390284 0.580668 0.769172 0.621411 0.769172 0.580668 0.838081 0.542778 0.769172 0.542778 0.838081 0.583791 0.769172 0.580516 0.769172 0.618135 0.769172 0.580516 0.838081 0.580668 0.769172 0.580668 0.838081 0.543049 0.769172 0.621411 0.769172 0.583791 0.769172 0.621411 0.838081 0.580516 0.769172 0.580516 0.838081 0.542778 0.769172 0.621411 0.390284 0.621411 0.769172 0.580668 0.390284 0.542778 0.390284 0.542778 0.769172 0.583791 0.390284 0.618135 0.390284 0.618135 0.769172 0.580516 0.390284 0.580668 0.390284 0.580668 0.769172 0.543049 0.390284 0.583791 0.390284 0.583791 0.769172 0.621411 0.390284 0.580516 0.390284 0.580516 0.769172 0.542778 0.390284 0.580668 0.769172 0.621411 0.769172 0.580668 0.838081 0.542778 0.769172 0.542778 0.838081 0.583791 0.769172 0.580516 0.769172 0.618135 0.769172 0.580516 0.838081 0.580668 0.769172 0.580668 0.838081 0.543049 0.769172 0.621411 0.769172 0.583791 0.769172 0.621411 0.838081 0.580516 0.769172 0.580516 0.838081 0.542778 0.769172 0.621411 0.390284 0.621411 0.769172 0.580668 0.390284 0.542778 0.390284 0.542778 0.769172 0.583791 0.390284 0.618135 0.390284 0.618135 0.769172 0.580516 0.390284 0.580668 0.390284 0.580668 0.769172 0.543049 0.390284 0.583791 0.390284 0.583791 0.769172 0.621411 0.390284 0.580516 0.390284 0.580516 0.769172 0.542778 0.390284 0.622527 0.672887 0.724108 0.672887 0.622527 0.844723 0.620296 0.838333 0.721482 0.838333 0.620295 0.675063 0.935161 0.741732 0.848362 0.741718 0.935173 0.723358 0.935161 0.741732 0.935154 0.751499 0.848362 0.741718 0.835705 0.741732 0.735792 0.741718 0.835718 0.723358 0.835705 0.741732 0.835696 0.751499 0.735792 0.741718 0.935161 0.741732 0.848362 0.741718 0.935173 0.723358 0.935161 0.741732 0.935154 0.751499 0.848362 0.741718 0.835705 0.741732 0.735792 0.741718 0.835718 0.723358 0.835705 0.741732 0.835696 0.751499 0.735792 0.741718 0.935161 0.741732 0.848362 0.741718 0.935173 0.723358 0.935161 0.741732 0.935154 0.751499 0.848362 0.741718 0.835705 0.741732 0.735792 0.741718 0.835718 0.723358 0.835705 0.741732 0.835696 0.751499 0.735792 0.741718 0.935161 0.741732 0.848362 0.741718 0.935173 0.723358 0.935161 0.741732 0.935154 0.751499 0.848362 0.741718 0.835718 0.669536 0.835705 0.795637 0.735805 0.669439 0.835705 0.741732 0.835696 0.751499 0.735792 0.741718 0.990071 0.837231 0.987998 0.848211 0.899266 0.837305 0.667639 0.848453 0.84278 0.848554 0.666269 0.837472 0.902793 0.836558 0.902793 0.847541 0.682224 0.836713 0.969498 0.836837 0.967079 0.847817 0.681699 0.83696 0.675483 0.847941 0.987998 0.848211 0.677902 0.83696 0.901662 0.848286 0.667639 0.848453 0.899266 0.837305 0.84278 0.848554 0.682815 0.848686 0.840477 0.837574 0.685159 0.837702 0.682815 0.848686 0.762244 0.837731 0.682224 0.847694 0.967079 0.847817 0.682224 0.836713 0.985926 0.859192 0.904057 0.859266 0.987998 0.848211 0.667639 0.848453 0.66901 0.859435 0.84278 0.848554 0.902793 0.858523 0.682224 0.858674 0.902793 0.847541 0.96466 0.858797 0.676861 0.858921 0.967079 0.847817 0.675483 0.847941 0.673064 0.858921 0.987998 0.848211 0.901662 0.848286 0.904057 0.859266 0.667639 0.848453 0.84278 0.848554 0.845082 0.859535 0.682815 0.848686 0.682815 0.848686 0.68047 0.85967 0.761773 0.848714 0.682224 0.847694 0.682224 0.858674 0.967079 0.847817 0.05245596 0.668421 0.08154499 0.692323 0.04701387 0.770284 0.05166482 0.15689 0.05486887 0.773007 0.325361 0.159 0.04701387 0.770284 0.07982599 0.773503 0.04701387 0.770284 0.468754 0.343979 0.461059 0.760179 0.133129 0.350848 0.03921186 0.766774 0.373623 0.764875 0.03299397 0.350653 0.381318 0.348676 0.373623 0.764875 0.468754 0.343979 0.111073 0.797804 0.452649 0.797804 0.113296 0.842481 0.66678 0.838085 0.66678 0.860439 0.988897 0.838085 0.984935 0.84512 0.984935 0.84512 0.662818 0.84512 0.66678 0.850433 0.66678 0.855385 0.988897 0.850433 0.711496 0.816814 0.640751 0.816814 0.711496 0.689466 0.66678 0.838085 0.66678 0.860439 0.988897 0.838085 0.984935 0.84512 0.984935 0.84512 0.662818 0.84512 0.66678 0.850433 0.66678 0.855385 0.988897 0.850433 0.66678 0.838085 0.66678 0.860439 0.988897 0.838085 0.984935 0.84512 0.984935 0.84512 0.662818 0.84512 0.66678 0.850433 0.66678 0.855385 0.988897 0.850433 0.66678 0.838085 0.66678 0.860439 0.988897 0.838085 0.984935 0.84512 0.984935 0.84512 0.662818 0.84512 0.66678 0.850433 0.66678 0.855385 0.988897 0.850433 0.03691995 0.780274 0.493151 0.787364 0.05297595 0.164314 0.521146 0.787799 0.497204 0.78819 0.527827 0.171693 0.381465 0.173861 0.389188 0.789951 0.363749 0.174088 0.497204 0.78819 0.406173 0.789674 0.501228 0.172087 0.005910933 0.178674 0.01032799 0.794816 0.03911983 0.179022 0.363749 0.174088 0.370533 0.790191 0.02372992 0.1784459 0.286707 0.181618 0.294129 0.797712 0.25727 0.182054 0.03911983 0.179022 0.03862887 0.795105 0.259708 0.181335 0.25727 0.182054 0.273613 0.798015 0.0517739 0.185093 0.03635895 0.185321 0.02880096 0.801637 0.06413698 0.185512 0.06413698 0.185512 0.05553483 0.801789 0.14654 0.186076 0.387149 0.152257 0.38715 0.768467 0.358849 0.1526139 0.365272 0.768736 0.05315583 0.772561 0.358849 0.1526139 0.03162795 0.156736 0.03162795 0.772825 0.05166482 0.15689 0.32871 0.859038 0.32871 0.47099 0.531844 0.47099 0.542778 0.390284 0.542778 0.769172 0.583791 0.390284 0.621411 0.769172 0.621411 0.838081 0.580668 0.769172 0.583791 0.390284 0.583791 0.769172 0.621411 0.390284 0.580516 0.390284 0.580516 0.769172 0.542778 0.390284 0.580668 0.769172 0.580668 0.838081 0.543049 0.769172 0.583791 0.390284 0.583791 0.769172 0.621411 0.390284 0.542778 0.390284 0.542778 0.769172 0.583791 0.390284 0.580668 0.769172 0.580668 0.838081 0.543049 0.769172 0.621411 0.769172 0.621411 0.838081 0.580668 0.769172 0.583791 0.390284 0.583791 0.769172 0.621411 0.390284 0.580516 0.769172 0.580516 0.838081 0.542778 0.769172 0.542778 0.769172 0.542778 0.838081 0.583791 0.769172 0.580668 0.390284 0.580668 0.769172 0.543049 0.390284 0.621411 0.390284 0.621411 0.769172 0.580668 0.390284 0.542778 0.769172 0.542778 0.838081 0.583791 0.769172 0.580516 0.769172 0.618135 0.769172 0.580516 0.838081 0.542778 0.769172 0.583791 0.769172 0.583791 0.390284 0.621411 0.838081 0.580668 0.838081 0.580668 0.769172 0.583791 0.769172 0.621411 0.769172 0.621411 0.390284 0.580516 0.769172 0.542778 0.769172 0.542778 0.390284 0.580668 0.838081 0.543049 0.838081 0.543049 0.769172 0.583791 0.838081 0.580516 0.838081 0.618135 0.838081 0.580668 0.769172 0.580668 0.838081 0.543049 0.769172 0.583791 0.838081 0.542778 0.838081 0.580516 0.838081 0.621411 0.838081 0.618135 0.838081 0.580668 0.838081 0.621411 0.390284 0.621411 0.769172 0.580668 0.390284 0.542778 0.769172 0.542778 0.838081 0.583791 0.769172 0.621411 0.838081 0.583791 0.838081 0.618135 0.838081 0.580668 0.769172 0.543049 0.769172 0.543049 0.390284 0.621411 0.769172 0.580668 0.769172 0.580668 0.390284 0.542778 0.838081 0.583791 0.838081 0.583791 0.769172 0.618135 0.769172 0.618135 0.838081 0.580516 0.838081 0.580516 0.769172 0.542778 0.769172 0.542778 0.390284 0.583791 0.769172 0.583791 0.838081 0.621411 0.838081 0.583791 0.838081 0.580516 0.838081 0.618135 0.838081 0.583791 0.838081 0.542778 0.838081 0.580516 0.838081 0.542778 0.769172 0.583791 0.769172 0.583791 0.390284 0.618135 0.769172 0.618135 0.838081 0.580516 0.838081 0.542778 0.769172 0.583791 0.769172 0.583791 0.390284 0.580668 0.838081 0.543049 0.838081 0.543049 0.769172 0.621411 0.838081 0.580668 0.838081 0.580668 0.769172 0.583791 0.769172 0.621411 0.769172 0.621411 0.390284 0.580516 0.838081 0.542778 0.838081 0.542778 0.769172 0.542778 0.838081 0.583791 0.838081 0.583791 0.769172 0.621411 0.838081 0.583791 0.838081 0.618135 0.838081 0.583791 0.769172 0.621411 0.769172 0.621411 0.390284 0.580516 0.838081 0.542778 0.838081 0.542778 0.769172 0.621411 0.769172 0.580668 0.769172 0.580668 0.390284 0.618135 0.390284 0.618135 0.769172 0.580516 0.390284 0.580516 0.390284 0.580516 0.769172 0.542778 0.390284 0.580668 0.390284 0.580668 0.769172 0.543049 0.390284 0.580516 0.769172 0.580516 0.838081 0.542778 0.769172 0.621411 0.769172 0.583791 0.769172 0.621411 0.838081 0.618135 0.390284 0.618135 0.769172 0.580516 0.390284 0.618135 0.390284 0.618135 0.769172 0.580516 0.390284 0.621411 0.769172 0.583791 0.769172 0.621411 0.838081 0.580668 0.390284 0.580668 0.769172 0.543049 0.390284 0.580516 0.390284 0.580516 0.769172 0.542778 0.390284 0.621411 0.390284 0.621411 0.769172 0.580668 0.390284 0.580516 0.769172 0.618135 0.769172 0.580516 0.838081 0.618135 0.769172 0.580516 0.769172 0.580516 0.390284 0.583791 0.838081 0.542778 0.838081 0.580516 0.838081 0.621411 0.838081 0.583791 0.838081 0.618135 0.838081 0.580516 0.838081 0.542778 0.838081 0.542778 0.769172 0.583791 0.769172 0.583791 0.838081 0.621411 0.838081 0.621411 0.838081 0.618135 0.838081 0.580668 0.838081 0.621411 0.769172 0.583791 0.769172 0.621411 0.838081 0.621411 0.769172 0.621411 0.838081 0.580668 0.769172 0.580516 0.769172 0.580516 0.838081 0.542778 0.769172 0.542778 0.390284 0.542778 0.769172 0.583791 0.390284 0.580516 0.769172 0.618135 0.769172 0.580516 0.838081 0.583791 0.838081 0.580516 0.838081 0.618135 0.838081 0.621411 0.838081 0.618135 0.838081 0.580668 0.838081 0.580668 0.838081 0.543049 0.838081 0.543049 0.769172 0.542778 0.838081 0.583791 0.838081 0.583791 0.769172 0.580668 0.769172 0.543049 0.769172 0.543049 0.390284 0.618135 0.769172 0.580516 0.769172 0.580516 0.390284 0.621411 0.838081 0.580668 0.838081 0.580668 0.769172 0.618135 0.769172 0.580516 0.769172 0.580516 0.390284 0.583791 0.769172 0.583791 0.838081 0.621411 0.838081 0.580668 0.769172 0.543049 0.769172 0.543049 0.390284 0.580516 0.769172 0.542778 0.769172 0.542778 0.390284 0.621411 0.769172 0.580668 0.769172 0.580668 0.390284 0.618135 0.769172 0.618135 0.838081 0.580516 0.838081 0.620684 0.458661 0.620684 0.483292 1.000112 0.483292 0.620684 0.458661 0.998357 0.458661 0.998357 0.483291 0.621172 0.458661 0.621172 0.483292 1.000601 0.483291 1.000112 0.458661 1.000112 0.483292 0.621172 0.483292 0.620684 0.484235 0.620684 0.458661 1.000112 0.458661 0.998357 0.484235 0.998357 0.458661 0.620684 0.458661 0.621172 0.484235 0.621172 0.458661 1.0006 0.458661 1.000112 0.484235 1.000112 0.458661 0.621172 0.458661 1.000112 0.458661 0.620684 0.458661 1.000112 0.483292 0.620684 0.483292 0.620684 0.458661 0.998357 0.483291 1.0006 0.458661 0.621172 0.458661 1.000601 0.483291 0.621172 0.458661 1.000112 0.458661 0.621172 0.483292 1.000112 0.484235 0.620684 0.484235 1.000112 0.458661 0.620684 0.484235 0.998357 0.484235 0.620684 0.458661 1.0006 0.484235 0.621172 0.484235 1.0006 0.458661 0.621172 0.484235 1.000112 0.484235 0.621172 0.458661 0.9342271 0.3138418 0.8532235 0.1152566 0.85364 0.3143573 0.2764962 0.9582796 0.177062 0.7145108 0.1775733 0.9589125 0.1818466 0.7228524 0.2781939 0.9590532 0.1823421 0.9596666 0.3480053 0.8225644 0.1119647 0.8547835 0.1036036 0.8225644 0.1823421 0.8547835 0.2764962 0.8225644 0.1775733 0.8225644 0.112578 0.8547835 0.3486382 0.8225644 0.1042365 0.8225645 0.275985 0.8225644 0.1818466 0.8547835 0.177062 0.8225645 0.751451 0.877048 0.755022 0.980532 0.898208 0.980658 0.48532 0.897314 0.19704 0.897061 0.18985 0.688716 0.18985 0.726515 0.483676 0.726515 0.483676 0.688716 0.483676 0.688716 0.447354 0.688716 0.448998 0.897314 0.860758 0.8481 0.860758 0.834501 0.998108 0.834501 0.860758 0.8481 0.651551 0.8481 0.651551 0.834501 0.860758 0.8481 0.860758 0.834501 0.998108 0.834501 0.860758 0.8481 0.651551 0.8481 0.651551 0.834501 0.968821 0.865871 0.671421 0.865871 0.671421 0.8321 0.968821 0.865871 0.671421 0.865871 0.671421 0.8321 0.998108 0.861698 0.860758 0.861698 0.860758 0.8481 0.651551 0.861698 0.651551 0.8481 0.860758 0.8481 0.998108 0.861698 0.860758 0.861698 0.860758 0.8481 0.651551 0.861698 0.651551 0.8481 0.860758 0.8481 0.884384 0.971464 0.661265 0.971464 0.661265 0.854667 0.968821 0.865871 0.671421 0.865871 0.671421 0.865871 0.671421 0.8321 0.968821 0.8321 0.968821 0.8321 0.671421 0.8321 0.968821 0.8321 0.968821 0.8321 0.968821 0.865871 0.671421 0.865871 0.671421 0.865871 0.531844 0.859038 0.32871 0.859038 0.531844 0.47099 0.32871 0.859038 0.01930087 0.859038 0.32871 0.47099 0.897392 0.877048 0.751451 0.877048 0.898208 0.980658 0.483676 0.688716 0.48532 0.897314 0.18985 0.688716 0.18985 0.688716 0.18985 0.726515 0.483676 0.688716 0.48532 0.897314 0.483676 0.688716 0.448998 0.897314 0.998108 0.8481 0.860758 0.8481 0.998108 0.834501 0.860758 0.834501 0.860758 0.8481 0.651551 0.834501 0.998108 0.8481 0.860758 0.8481 0.998108 0.834501 0.860758 0.834501 0.860758 0.8481 0.651551 0.834501 0.968821 0.8321 0.968821 0.865871 0.671421 0.8321 0.968821 0.8321 0.968821 0.865871 0.671421 0.8321 0.998108 0.8481 0.998108 0.861698 0.860758 0.8481 0.860758 0.861698 0.651551 0.861698 0.860758 0.8481 0.998108 0.8481 0.998108 0.861698 0.860758 0.8481 0.860758 0.861698 0.651551 0.861698 0.860758 0.8481 0.884384 0.854667 0.884384 0.971464 0.661265 0.854667 0.968821 0.865871 0.968821 0.865871 0.671421 0.865871 0.671421 0.8321 0.671421 0.8321 0.968821 0.8321 0.671421 0.8321 0.671421 0.8321 0.968821 0.8321 0.968821 0.865871 0.968821 0.865871 0.671421 0.865871 0.3774238 0.6941142 0.2091643 0.9456893 0.3774238 0.9456893 0.655566 0.85173 0.655566 0.86327 0.998269 0.86327 0.655566 0.840191 0.655566 0.85173 0.998269 0.851731 0.998269 0.851731 0.655566 0.85173 0.998269 0.86327 0.998269 0.840191 0.655566 0.840191 0.998269 0.851731 0.655566 0.85173 0.655566 0.86327 0.998269 0.86327 0.655566 0.840191 0.655566 0.85173 0.998269 0.851731 0.998269 0.851731 0.655566 0.85173 0.998269 0.86327 0.998269 0.840191 0.655566 0.840191 0.998269 0.851731 0.996998 0.862933 0.996998 0.835536 0.651102 0.835536 0.651102 0.862228 0.996998 0.862229 0.996998 0.835578 0.651102 0.835578 0.996998 0.835578 0.996998 0.863079 0.651102 0.862933 0.651102 0.835681 0.996998 0.835681 0.651102 0.863078 0.996998 0.863079 0.996998 0.835681 0.801525 0.633438 0.82892 0.63021 0.81405 0.621872 0.801525 0.633438 0.808654 0.648924 0.82892 0.63021 0.808654 0.648924 0.825585 0.646929 0.82892 0.63021 0.801914 0.637309 0.814436 0.625747 0.829301 0.634082 0.809041 0.65279 0.801914 0.637309 0.829301 0.634082 0.809041 0.65279 0.829301 0.634082 0.825967 0.650796 0.996998 0.862933 0.996998 0.835536 0.651102 0.835536 0.651102 0.862228 0.996998 0.862229 0.996998 0.835578 0.651102 0.835578 0.996998 0.835578 0.996998 0.863079 0.996998 0.835681 0.996998 0.862933 0.651102 0.862933 0.651102 0.863078 0.996998 0.863079 0.996998 0.835681 0.801525 0.633438 0.82892 0.63021 0.81405 0.621872 0.801525 0.633438 0.808654 0.648924 0.82892 0.63021 0.808654 0.648924 0.825585 0.646929 0.82892 0.63021 0.801914 0.637309 0.814436 0.625747 0.829301 0.634082 0.809041 0.65279 0.801914 0.637309 0.829301 0.634082 0.809041 0.65279 0.829301 0.634082 0.825967 0.650796 0.996998 0.862933 0.996998 0.835536 0.651102 0.835536 0.996998 0.862229 0.996998 0.835578 0.651102 0.835578 0.651102 0.835578 0.996998 0.835578 0.996998 0.863079 0.996998 0.835681 0.996998 0.862933 0.651102 0.862933 0.651102 0.863078 0.996998 0.863079 0.996998 0.835681 0.801525 0.633438 0.82892 0.63021 0.81405 0.621872 0.801525 0.633438 0.825585 0.646929 0.82892 0.63021 0.801525 0.633438 0.808654 0.648924 0.825585 0.646929 0.801914 0.637309 0.814436 0.625747 0.829301 0.634082 0.801914 0.637309 0.829301 0.634082 0.825967 0.650796 0.809041 0.65279 0.801914 0.637309 0.825967 0.650796 0.996998 0.862933 0.996998 0.835536 0.651102 0.835536 0.996998 0.862229 0.996998 0.835578 0.651102 0.835578 0.651102 0.835578 0.996998 0.835578 0.996998 0.863079 0.996998 0.835681 0.996998 0.862933 0.651102 0.862933 0.651102 0.863078 0.996998 0.863079 0.996998 0.835681 0.801525 0.633438 0.82892 0.63021 0.81405 0.621872 0.801525 0.633438 0.825585 0.646929 0.82892 0.63021 0.801525 0.633438 0.808654 0.648924 0.825585 0.646929 0.801914 0.637309 0.814436 0.625747 0.829301 0.634082 0.801914 0.637309 0.829301 0.634082 0.825967 0.650796 0.809041 0.65279 0.801914 0.637309 0.825967 0.650796 0.996998 0.862933 0.996998 0.835536 0.651102 0.835536 0.996998 0.862229 0.996998 0.835578 0.651102 0.835578 0.996998 0.835578 0.996998 0.863079 0.651102 0.863078 0.651102 0.835681 0.996998 0.835681 0.996998 0.862933 0.651102 0.863078 0.996998 0.863079 0.996998 0.835681 0.801525 0.633438 0.82892 0.63021 0.81405 0.621872 0.801525 0.633438 0.825585 0.646929 0.82892 0.63021 0.801525 0.633438 0.808654 0.648924 0.825585 0.646929 0.801914 0.637309 0.814436 0.625747 0.829301 0.634082 0.801914 0.637309 0.829301 0.634082 0.825967 0.650796 0.809041 0.65279 0.801914 0.637309 0.825967 0.650796 0.996998 0.862933 0.996998 0.835536 0.651102 0.835536 0.996998 0.862229 0.996998 0.835578 0.651102 0.835578 0.651102 0.835578 0.996998 0.835578 0.996998 0.863079 0.996998 0.835681 0.996998 0.862933 0.651102 0.862933 0.651102 0.863078 0.996998 0.863079 0.996998 0.835681 0.801525 0.633438 0.82892 0.63021 0.81405 0.621872 0.801525 0.633438 0.825585 0.646929 0.82892 0.63021 0.801525 0.633438 0.808654 0.648924 0.825585 0.646929 0.801914 0.637309 0.814436 0.625747 0.829301 0.634082 0.801914 0.637309 0.829301 0.634082 0.825967 0.650796 0.809041 0.65279 0.801914 0.637309 0.825967 0.650796 0.996998 0.862933 0.996998 0.835536 0.651102 0.835536 0.651102 0.862228 0.996998 0.862229 0.996998 0.835578 0.651102 0.835578 0.996998 0.835578 0.996998 0.863079 0.996998 0.835681 0.996998 0.862933 0.651102 0.862933 0.996998 0.863079 0.996998 0.835681 0.651102 0.835681 0.801525 0.633438 0.82892 0.63021 0.81405 0.621872 0.801525 0.633438 0.808654 0.648924 0.82892 0.63021 0.808654 0.648924 0.825585 0.646929 0.82892 0.63021 0.801914 0.637309 0.814436 0.625747 0.829301 0.634082 0.809041 0.65279 0.801914 0.637309 0.829301 0.634082 0.809041 0.65279 0.829301 0.634082 0.825967 0.650796 0.651102 0.862933 0.996998 0.862933 0.996998 0.835536 0.996998 0.862229 0.996998 0.835578 0.651102 0.835578 0.996998 0.835578 0.996998 0.863079 0.651102 0.863078 0.651102 0.835681 0.996998 0.835681 0.996998 0.862933 0.651102 0.863078 0.996998 0.863079 0.996998 0.835681 0.825585 0.646929 0.82892 0.63021 0.81405 0.621872 0.801525 0.633438 0.825585 0.646929 0.81405 0.621872 0.801525 0.633438 0.808654 0.648924 0.825585 0.646929 0.814436 0.625747 0.829301 0.634082 0.825967 0.650796 0.801914 0.637309 0.814436 0.625747 0.825967 0.650796 0.809041 0.65279 0.801914 0.637309 0.825967 0.650796 0.996998 0.862933 0.996998 0.835536 0.651102 0.835536 0.651102 0.862228 0.996998 0.862229 0.996998 0.835578 0.651102 0.835578 0.996998 0.835578 0.996998 0.863079 0.996998 0.835681 0.996998 0.862933 0.651102 0.862933 0.651102 0.863078 0.996998 0.863079 0.996998 0.835681 0.801525 0.633438 0.82892 0.63021 0.81405 0.621872 0.801525 0.633438 0.808654 0.648924 0.82892 0.63021 0.808654 0.648924 0.825585 0.646929 0.82892 0.63021 0.801914 0.637309 0.814436 0.625747 0.829301 0.634082 0.809041 0.65279 0.801914 0.637309 0.829301 0.634082 0.809041 0.65279 0.829301 0.634082 0.825967 0.650796 1.001348 0.666669 1.001348 0.86327 0.726625 0.86327 0.72838 0.666669 0.72838 0.86327 1.001348 0.86327 1.000861 0.666669 1.000861 0.86327 0.726137 0.86327 0.726625 0.666669 0.726625 0.86327 1.000861 0.86327 0.635575 0.831959 0.99987 0.831959 0.99987 0.996704 0.653811 0.851731 0.998269 0.851731 0.998269 0.86327 0.655566 0.85173 0.655566 0.86327 0.998269 0.86327 0.997782 0.851731 0.997782 0.86327 0.653322 0.86327 0.653811 0.851731 0.653811 0.86327 0.997782 0.86327 0.998269 0.840191 0.998269 0.851731 0.653811 0.851731 0.655566 0.840191 0.655566 0.85173 0.998269 0.851731 0.653323 0.840191 0.997782 0.840191 0.997782 0.851731 0.653811 0.840191 0.653811 0.851731 0.997782 0.851731 0.66678 0.860439 0.988897 0.860439 0.988897 0.838085 0.984935 0.84512 0.662818 0.84512 0.662818 0.84512 0.66678 0.855385 0.988897 0.855385 0.988897 0.850433 0.66678 0.838085 0.66678 0.860439 0.988897 0.860439 0.984935 0.84512 0.662818 0.84512 0.662818 0.84512 0.66678 0.855385 0.988897 0.855385 0.988897 0.850433 0.66678 0.838085 0.66678 0.860439 0.988897 0.860439 0.984935 0.84512 0.662818 0.84512 0.662818 0.84512 0.66678 0.855385 0.988897 0.855385 0.988897 0.850433 0.66678 0.860439 0.988897 0.860439 0.988897 0.838085 0.984935 0.84512 0.662818 0.84512 0.662818 0.84512 0.66678 0.855385 0.988897 0.855385 0.988897 0.850433 0.690778 0.837546 0.95345 0.837546 0.95345 0.994404 0.133199 0.759843 0.124 0.962348 0.08374696 0.995533 0.08374696 0.995533 0.124 0.962348 0.351352 0.956292 0.351352 0.956292 0.360552 0.753786 0.400804 0.720601 0.360552 0.753786 0.133199 0.759843 0.103233 0.720601 0.66678 0.860439 0.988897 0.860439 0.988897 0.838085 0.984935 0.84512 0.662818 0.84512 0.662818 0.84512 0.66678 0.855385 0.988897 0.855385 0.988897 0.850433 0.640751 0.816814 0.640751 0.689466 0.711496 0.689466 0.640751 0.816814 0.640751 0.689466 0.711496 0.689466 0.640751 0.816814 0.640751 0.689466 0.711496 0.689466 0.640751 0.816814 0.640751 0.689466 0.711496 0.689466 0.66678 0.860439 0.988897 0.860439 0.988897 0.838085 0.984935 0.84512 0.662818 0.84512 0.662818 0.84512 0.66678 0.855385 0.988897 0.855385 0.988897 0.850433 0.66678 0.838085 0.66678 0.860439 0.988897 0.860439 0.984935 0.84512 0.662818 0.84512 0.662818 0.84512 0.66678 0.855385 0.988897 0.855385 0.988897 0.850433 0.66678 0.838085 0.66678 0.860439 0.988897 0.860439 0.984935 0.84512 0.662818 0.84512 0.662818 0.84512 0.66678 0.855385 0.988897 0.855385 0.988897 0.850433 0.66678 0.860439 0.988897 0.860439 0.988897 0.838085 0.984935 0.84512 0.662818 0.84512 0.662818 0.84512 0.66678 0.855385 0.988897 0.855385 0.988897 0.850433 0.66678 0.860439 0.988897 0.860439 0.988897 0.838085 0.984935 0.84512 0.662818 0.84512 0.662818 0.84512 0.66678 0.855385 0.988897 0.855385 0.988897 0.850433 0.640751 0.816814 0.640751 0.689466 0.711496 0.689466 0.640751 0.816814 0.640751 0.689466 0.711496 0.689466 0.998269 0.851731 0.998269 0.86327 0.653811 0.86327 0.655566 0.85173 0.655566 0.86327 0.998269 0.86327 0.653323 0.85173 0.997782 0.851731 0.997782 0.86327 0.653811 0.851731 0.653811 0.86327 0.997782 0.86327 0.653811 0.840191 0.998269 0.840191 0.998269 0.851731 0.998269 0.840191 0.655566 0.840191 0.655566 0.85173 0.997782 0.840191 0.997782 0.851731 0.653323 0.85173 0.653811 0.840191 0.653811 0.851731 0.997782 0.851731 0.640751 0.816814 0.640751 0.689466 0.711496 0.689466 0.66678 0.860439 0.988897 0.860439 0.988897 0.838085 0.984935 0.84512 0.662818 0.84512 0.662818 0.84512 0.66678 0.855385 0.988897 0.855385 0.988897 0.850433 0.640751 0.816814 0.640751 0.689466 0.711496 0.689466 0.66678 0.860439 0.988897 0.860439 0.988897 0.838085 0.984935 0.84512 0.662818 0.84512 0.662818 0.84512 0.66678 0.855385 0.988897 0.855385 0.988897 0.850433 0.66678 0.860439 0.988897 0.860439 0.988897 0.838085 0.984935 0.84512 0.662818 0.84512 0.662818 0.84512 0.66678 0.855385 0.988897 0.855385 0.988897 0.850433 0.640751 0.816814 0.640751 0.689466 0.711496 0.689466 0.66678 0.860439 0.988897 0.860439 0.988897 0.838085 0.984935 0.84512 0.662818 0.84512 0.662818 0.84512 0.66678 0.855385 0.988897 0.855385 0.988897 0.850433 0.124 0.962348 0.133199 0.759843 0.360552 0.753786 0.670432 0.81447 0.670432 0.687122 0.705415 0.687122 0.670432 0.81447 0.670432 0.687122 0.705415 0.687122 0.66678 0.860439 0.988897 0.860439 0.988897 0.838085 0.984935 0.84512 0.662818 0.84512 0.662818 0.84512 0.66678 0.855385 0.988897 0.855385 0.988897 0.850433 0.640751 0.816814 0.640751 0.689466 0.711496 0.689466 0.66678 0.860439 0.988897 0.860439 0.988897 0.838085 0.984935 0.84512 0.662818 0.84512 0.662818 0.84512 0.66678 0.855385 0.988897 0.855385 0.988897 0.850433 0.66678 0.860439 0.988897 0.860439 0.988897 0.838085 0.984935 0.84512 0.662818 0.84512 0.662818 0.84512 0.66678 0.855385 0.988897 0.855385 0.988897 0.850433 0.66678 0.860439 0.988897 0.860439 0.988897 0.838085 0.984935 0.84512 0.662818 0.84512 0.662818 0.84512 0.66678 0.855385 0.988897 0.855385 0.988897 0.850433 0.670432 0.81447 0.670432 0.687122 0.705415 0.687122 0.651102 0.862933 0.996998 0.862933 0.651102 0.835536 0.651102 0.835578 0.651102 0.862228 0.996998 0.835578 0.651102 0.863078 0.651102 0.835578 0.996998 0.863079 0.996998 0.862933 0.651102 0.862933 0.996998 0.835681 0.651102 0.835681 0.651102 0.863078 0.996998 0.835681 0.651102 0.862933 0.996998 0.862933 0.651102 0.835536 0.651102 0.835578 0.651102 0.862228 0.996998 0.835578 0.651102 0.863078 0.651102 0.835578 0.996998 0.863079 0.651102 0.835681 0.996998 0.835681 0.651102 0.862933 0.651102 0.835681 0.651102 0.863078 0.996998 0.835681 0.651102 0.862933 0.996998 0.862933 0.651102 0.835536 0.651102 0.862228 0.996998 0.862229 0.651102 0.835578 0.651102 0.863078 0.651102 0.835578 0.996998 0.863079 0.651102 0.835681 0.996998 0.835681 0.651102 0.862933 0.651102 0.835681 0.651102 0.863078 0.996998 0.835681 0.651102 0.862933 0.996998 0.862933 0.651102 0.835536 0.651102 0.862228 0.996998 0.862229 0.651102 0.835578 0.651102 0.863078 0.651102 0.835578 0.996998 0.863079 0.651102 0.835681 0.996998 0.835681 0.651102 0.862933 0.651102 0.835681 0.651102 0.863078 0.996998 0.835681 0.651102 0.862933 0.996998 0.862933 0.651102 0.835536 0.651102 0.862228 0.996998 0.862229 0.651102 0.835578 0.651102 0.835578 0.996998 0.835578 0.651102 0.863078 0.651102 0.862933 0.651102 0.835681 0.996998 0.862933 0.651102 0.835681 0.651102 0.863078 0.996998 0.835681 0.651102 0.862933 0.996998 0.862933 0.651102 0.835536 0.651102 0.862228 0.996998 0.862229 0.651102 0.835578 0.651102 0.863078 0.651102 0.835578 0.996998 0.863079 0.651102 0.835681 0.996998 0.835681 0.651102 0.862933 0.651102 0.835681 0.651102 0.863078 0.996998 0.835681 0.651102 0.862933 0.996998 0.862933 0.651102 0.835536 0.651102 0.835578 0.651102 0.862228 0.996998 0.835578 0.651102 0.863078 0.651102 0.835578 0.996998 0.863079 0.651102 0.835681 0.996998 0.835681 0.651102 0.862933 0.651102 0.863078 0.996998 0.863079 0.651102 0.835681 0.651102 0.835536 0.651102 0.862933 0.996998 0.835536 0.651102 0.862228 0.996998 0.862229 0.651102 0.835578 0.651102 0.835578 0.996998 0.835578 0.651102 0.863078 0.651102 0.862933 0.651102 0.835681 0.996998 0.862933 0.651102 0.835681 0.651102 0.863078 0.996998 0.835681 0.651102 0.862933 0.996998 0.862933 0.651102 0.835536 0.651102 0.835578 0.651102 0.862228 0.996998 0.835578 0.651102 0.863078 0.651102 0.835578 0.996998 0.863079 0.651102 0.835681 0.996998 0.835681 0.651102 0.862933 0.651102 0.835681 0.651102 0.863078 0.996998 0.835681 0.726625 0.666669 1.001348 0.666669 0.726625 0.86327 1.001348 0.666669 0.72838 0.666669 1.001348 0.86327 0.726137 0.666669 1.000861 0.666669 0.726137 0.86327 1.000861 0.666669 0.726625 0.666669 1.000861 0.86327 0.635575 0.996704 0.635575 0.831959 0.99987 0.996704 0.653811 0.86327 0.653811 0.851731 0.998269 0.86327 0.998269 0.851731 0.655566 0.85173 0.998269 0.86327 0.653323 0.85173 0.997782 0.851731 0.653322 0.86327 0.997782 0.851731 0.653811 0.851731 0.997782 0.86327 0.653811 0.840191 0.998269 0.840191 0.653811 0.851731 0.998269 0.840191 0.655566 0.840191 0.998269 0.851731 0.653323 0.85173 0.653323 0.840191 0.997782 0.851731 0.997782 0.840191 0.653811 0.840191 0.997782 0.851731 0.66678 0.838085 0.66678 0.860439 0.988897 0.838085 0.984935 0.84512 0.984935 0.84512 0.662818 0.84512 0.66678 0.850433 0.66678 0.855385 0.988897 0.850433 0.988897 0.838085 0.66678 0.838085 0.988897 0.860439 0.984935 0.84512 0.984935 0.84512 0.662818 0.84512 0.66678 0.850433 0.66678 0.855385 0.988897 0.850433 0.988897 0.838085 0.66678 0.838085 0.988897 0.860439 0.984935 0.84512 0.984935 0.84512 0.662818 0.84512 0.66678 0.850433 0.66678 0.855385 0.988897 0.850433 0.66678 0.838085 0.66678 0.860439 0.988897 0.838085 0.984935 0.84512 0.984935 0.84512 0.662818 0.84512 0.66678 0.850433 0.66678 0.855385 0.988897 0.850433 0.690778 0.994404 0.690778 0.837546 0.95345 0.994404 0.103233 0.720601 0.133199 0.759843 0.08374696 0.995533 0.381318 0.995533 0.08374696 0.995533 0.351352 0.956292 0.381318 0.995533 0.351352 0.956292 0.400804 0.720601 0.400804 0.720601 0.360552 0.753786 0.103233 0.720601 0.66678 0.838085 0.66678 0.860439 0.988897 0.838085 0.984935 0.84512 0.984935 0.84512 0.662818 0.84512 0.66678 0.850433 0.66678 0.855385 0.988897 0.850433 0.711496 0.816814 0.640751 0.816814 0.711496 0.689466 0.711496 0.816814 0.640751 0.816814 0.711496 0.689466 0.711496 0.816814 0.640751 0.816814 0.711496 0.689466 0.711496 0.816814 0.640751 0.816814 0.711496 0.689466 0.66678 0.838085 0.66678 0.860439 0.988897 0.838085 0.984935 0.84512 0.984935 0.84512 0.662818 0.84512 0.66678 0.850433 0.66678 0.855385 0.988897 0.850433 0.988897 0.838085 0.66678 0.838085 0.988897 0.860439 0.984935 0.84512 0.984935 0.84512 0.662818 0.84512 0.66678 0.850433 0.66678 0.855385 0.988897 0.850433 0.988897 0.838085 0.66678 0.838085 0.988897 0.860439 0.984935 0.84512 0.984935 0.84512 0.662818 0.84512 0.66678 0.850433 0.66678 0.855385 0.988897 0.850433 0.66678 0.838085 0.66678 0.860439 0.988897 0.838085 0.984935 0.84512 0.984935 0.84512 0.662818 0.84512 0.66678 0.850433 0.66678 0.855385 0.988897 0.850433 0.66678 0.838085 0.66678 0.860439 0.988897 0.838085 0.984935 0.84512 0.984935 0.84512 0.662818 0.84512 0.66678 0.850433 0.66678 0.855385 0.988897 0.850433 0.711496 0.816814 0.640751 0.816814 0.711496 0.689466 0.711496 0.816814 0.640751 0.816814 0.711496 0.689466 0.653811 0.851731 0.998269 0.851731 0.653811 0.86327 0.998269 0.851731 0.655566 0.85173 0.998269 0.86327 0.653322 0.86327 0.653323 0.85173 0.997782 0.86327 0.997782 0.851731 0.653811 0.851731 0.997782 0.86327 0.653811 0.851731 0.653811 0.840191 0.998269 0.851731 0.998269 0.851731 0.998269 0.840191 0.655566 0.85173 0.653323 0.840191 0.997782 0.840191 0.653323 0.85173 0.997782 0.840191 0.653811 0.840191 0.997782 0.851731 0.711496 0.816814 0.640751 0.816814 0.711496 0.689466 0.66678 0.838085 0.66678 0.860439 0.988897 0.838085 0.984935 0.84512 0.984935 0.84512 0.662818 0.84512 0.66678 0.850433 0.66678 0.855385 0.988897 0.850433 0.711496 0.816814 0.640751 0.816814 0.711496 0.689466 0.66678 0.838085 0.66678 0.860439 0.988897 0.838085 0.984935 0.84512 0.984935 0.84512 0.662818 0.84512 0.66678 0.850433 0.66678 0.855385 0.988897 0.850433 0.66678 0.838085 0.66678 0.860439 0.988897 0.838085 0.984935 0.84512 0.984935 0.84512 0.662818 0.84512 0.66678 0.850433 0.66678 0.855385 0.988897 0.850433 0.711496 0.816814 0.640751 0.816814 0.711496 0.689466 0.66678 0.838085 0.66678 0.860439 0.988897 0.838085 0.984935 0.84512 0.984935 0.84512 0.662818 0.84512 0.66678 0.850433 0.66678 0.855385 0.988897 0.850433 0.351352 0.956292 0.124 0.962348 0.360552 0.753786 0.705415 0.81447 0.670432 0.81447 0.705415 0.687122 0.705415 0.81447 0.670432 0.81447 0.705415 0.687122 0.66678 0.838085 0.66678 0.860439 0.988897 0.838085 0.984935 0.84512 0.984935 0.84512 0.662818 0.84512 0.66678 0.850433 0.66678 0.855385 0.988897 0.850433 0.711496 0.816814 0.640751 0.816814 0.711496 0.689466 0.66678 0.838085 0.66678 0.860439 0.988897 0.838085 0.984935 0.84512 0.984935 0.84512 0.662818 0.84512 0.66678 0.850433 0.66678 0.855385 0.988897 0.850433 0.66678 0.838085 0.66678 0.860439 0.988897 0.838085 0.984935 0.84512 0.984935 0.84512 0.662818 0.84512 0.66678 0.850433 0.66678 0.855385 0.988897 0.850433 0.66678 0.838085 0.66678 0.860439 0.988897 0.838085 0.984935 0.84512 0.984935 0.84512 0.662818 0.84512 0.66678 0.850433 0.66678 0.855385 0.988897 0.850433 0.705415 0.81447 0.670432 0.81447 0.705415 0.687122 0.996998 0.862933 0.996998 0.835536 0.651102 0.835536 0.651102 0.862228 0.996998 0.862229 0.996998 0.835578 0.651102 0.835578 0.996998 0.835578 0.996998 0.863079 0.996998 0.835681 0.996998 0.862933 0.651102 0.862933 0.651102 0.863078 0.996998 0.863079 0.996998 0.835681 0.801525 0.633438 0.82892 0.63021 0.81405 0.621872 0.801525 0.633438 0.808654 0.648924 0.82892 0.63021 0.808654 0.648924 0.825585 0.646929 0.82892 0.63021 0.801914 0.637309 0.814436 0.625747 0.829301 0.634082 0.809041 0.65279 0.801914 0.637309 0.829301 0.634082 0.809041 0.65279 0.829301 0.634082 0.825967 0.650796 0.996998 0.862933 0.996998 0.835536 0.651102 0.835536 0.651102 0.862228 0.996998 0.862229 0.996998 0.835578 0.651102 0.835578 0.996998 0.835578 0.996998 0.863079 0.996998 0.835681 0.996998 0.862933 0.651102 0.862933 0.651102 0.863078 0.996998 0.863079 0.996998 0.835681 0.801525 0.633438 0.82892 0.63021 0.81405 0.621872 0.801525 0.633438 0.808654 0.648924 0.82892 0.63021 0.808654 0.648924 0.825585 0.646929 0.82892 0.63021 0.801914 0.637309 0.814436 0.625747 0.829301 0.634082 0.809041 0.65279 0.801914 0.637309 0.829301 0.634082 0.809041 0.65279 0.829301 0.634082 0.825967 0.650796 0.996998 0.862933 0.996998 0.835536 0.651102 0.835536 0.996998 0.862229 0.996998 0.835578 0.651102 0.835578 0.651102 0.835578 0.996998 0.835578 0.996998 0.863079 0.996998 0.835681 0.996998 0.862933 0.651102 0.862933 0.651102 0.863078 0.996998 0.863079 0.996998 0.835681 0.801525 0.633438 0.82892 0.63021 0.81405 0.621872 0.801525 0.633438 0.825585 0.646929 0.82892 0.63021 0.801525 0.633438 0.808654 0.648924 0.825585 0.646929 0.801914 0.637309 0.814436 0.625747 0.829301 0.634082 0.801914 0.637309 0.829301 0.634082 0.825967 0.650796 0.809041 0.65279 0.801914 0.637309 0.825967 0.650796 0.996998 0.862933 0.996998 0.835536 0.651102 0.835536 0.996998 0.862229 0.996998 0.835578 0.651102 0.835578 0.651102 0.835578 0.996998 0.835578 0.996998 0.863079 0.996998 0.835681 0.996998 0.862933 0.651102 0.862933 0.651102 0.863078 0.996998 0.863079 0.996998 0.835681 0.801525 0.633438 0.82892 0.63021 0.81405 0.621872 0.801525 0.633438 0.825585 0.646929 0.82892 0.63021 0.801525 0.633438 0.808654 0.648924 0.825585 0.646929 0.801914 0.637309 0.814436 0.625747 0.829301 0.634082 0.801914 0.637309 0.829301 0.634082 0.825967 0.650796 0.809041 0.65279 0.801914 0.637309 0.825967 0.650796 0.996998 0.862933 0.996998 0.835536 0.651102 0.835536 0.996998 0.862229 0.996998 0.835578 0.651102 0.835578 0.996998 0.835578 0.996998 0.863079 0.651102 0.863078 0.651102 0.835681 0.996998 0.835681 0.996998 0.862933 0.651102 0.863078 0.996998 0.863079 0.996998 0.835681 0.801525 0.633438 0.82892 0.63021 0.81405 0.621872 0.801525 0.633438 0.825585 0.646929 0.82892 0.63021 0.801525 0.633438 0.808654 0.648924 0.825585 0.646929 0.801914 0.637309 0.814436 0.625747 0.829301 0.634082 0.801914 0.637309 0.829301 0.634082 0.825967 0.650796 0.809041 0.65279 0.801914 0.637309 0.825967 0.650796 0.996998 0.862933 0.996998 0.835536 0.651102 0.835536 0.996998 0.862229 0.996998 0.835578 0.651102 0.835578 0.651102 0.835578 0.996998 0.835578 0.996998 0.863079 0.651102 0.835681 0.996998 0.835681 0.996998 0.862933 0.651102 0.863078 0.996998 0.863079 0.996998 0.835681 0.801525 0.633438 0.82892 0.63021 0.81405 0.621872 0.801525 0.633438 0.825585 0.646929 0.82892 0.63021 0.801525 0.633438 0.808654 0.648924 0.825585 0.646929 0.801914 0.637309 0.814436 0.625747 0.829301 0.634082 0.801914 0.637309 0.829301 0.634082 0.825967 0.650796 0.809041 0.65279 0.801914 0.637309 0.825967 0.650796 0.996998 0.862933 0.996998 0.835536 0.651102 0.835536 0.651102 0.862228 0.996998 0.862229 0.996998 0.835578 0.651102 0.835578 0.996998 0.835578 0.996998 0.863079 0.996998 0.835681 0.996998 0.862933 0.651102 0.862933 0.996998 0.863079 0.996998 0.835681 0.651102 0.835681 0.801525 0.633438 0.82892 0.63021 0.81405 0.621872 0.801525 0.633438 0.808654 0.648924 0.82892 0.63021 0.808654 0.648924 0.825585 0.646929 0.82892 0.63021 0.801914 0.637309 0.814436 0.625747 0.829301 0.634082 0.809041 0.65279 0.801914 0.637309 0.829301 0.634082 0.809041 0.65279 0.829301 0.634082 0.825967 0.650796 0.651102 0.862933 0.996998 0.862933 0.996998 0.835536 0.996998 0.862229 0.996998 0.835578 0.651102 0.835578 0.996998 0.835578 0.996998 0.863079 0.651102 0.863078 0.651102 0.835681 0.996998 0.835681 0.996998 0.862933 0.651102 0.863078 0.996998 0.863079 0.996998 0.835681 0.825585 0.646929 0.82892 0.63021 0.81405 0.621872 0.801525 0.633438 0.825585 0.646929 0.81405 0.621872 0.801525 0.633438 0.808654 0.648924 0.825585 0.646929 0.814436 0.625747 0.829301 0.634082 0.825967 0.650796 0.801914 0.637309 0.814436 0.625747 0.825967 0.650796 0.809041 0.65279 0.801914 0.637309 0.825967 0.650796 0.996998 0.862933 0.996998 0.835536 0.651102 0.835536 0.651102 0.862228 0.996998 0.862229 0.996998 0.835578 0.651102 0.835578 0.996998 0.835578 0.996998 0.863079 0.996998 0.835681 0.996998 0.862933 0.651102 0.862933 0.651102 0.863078 0.996998 0.863079 0.996998 0.835681 0.801525 0.633438 0.82892 0.63021 0.81405 0.621872 0.801525 0.633438 0.808654 0.648924 0.82892 0.63021 0.808654 0.648924 0.825585 0.646929 0.82892 0.63021 0.801914 0.637309 0.814436 0.625747 0.829301 0.634082 0.809041 0.65279 0.801914 0.637309 0.829301 0.634082 0.809041 0.65279 0.829301 0.634082 0.825967 0.650796 0.651102 0.862933 0.996998 0.862933 0.996998 0.835536 0.996998 0.862229 0.996998 0.835578 0.651102 0.835578 0.996998 0.835578 0.996998 0.863079 0.651102 0.863078 0.651102 0.835681 0.996998 0.835681 0.996998 0.862933 0.996998 0.863079 0.996998 0.835681 0.651102 0.835681 0.801914 0.637309 0.814436 0.625747 0.829301 0.634082 0.809041 0.65279 0.801914 0.637309 0.829301 0.634082 0.809041 0.65279 0.829301 0.634082 0.825967 0.650796 0.979419 0.681143 0.979419 0.850619 0.748476 0.850619 0.847249 0.681143 0.847249 0.850619 0.979419 0.850619 0.891536 0.443096 0.891536 0.497423 0.7118 0.497423 0.79633 0.681143 0.79633 0.850619 0.931155 0.850619 0.921446 0.446131 0.921446 0.497617 0.749063 0.497617 0.847249 0.681143 0.847249 0.850619 0.979419 0.850619 0.979009 0.681143 0.979009 0.850619 0.748066 0.850619 0.79633 0.681143 0.79633 0.850619 0.931155 0.850619 0.755022 0.980532 0.48532 0.897314 0.448998 0.897314 0.621411 0.838081 0.580668 0.838081 0.580668 0.769172 0.542778 0.838081 0.583791 0.838081 0.583791 0.769172 0.618135 0.769172 0.618135 0.838081 0.580516 0.838081 0.580668 0.838081 0.543049 0.838081 0.543049 0.769172 0.583791 0.769172 0.583791 0.838081 0.621411 0.838081 0.580516 0.838081 0.542778 0.838081 0.542778 0.769172 0.621411 0.769172 0.580668 0.769172 0.580668 0.390284 0.542778 0.769172 0.583791 0.769172 0.583791 0.390284 0.618135 0.769172 0.580516 0.769172 0.580516 0.390284 0.580668 0.769172 0.543049 0.769172 0.543049 0.390284 0.583791 0.769172 0.621411 0.769172 0.621411 0.390284 0.580516 0.769172 0.542778 0.769172 0.542778 0.390284 0.621411 0.838081 0.618135 0.838081 0.580668 0.838081 0.621411 0.838081 0.583791 0.838081 0.618135 0.838081 0.583791 0.838081 0.580516 0.838081 0.618135 0.838081 0.583791 0.838081 0.542778 0.838081 0.580516 0.838081 0.621411 0.838081 0.580668 0.838081 0.580668 0.769172 0.542778 0.838081 0.583791 0.838081 0.583791 0.769172 0.618135 0.769172 0.618135 0.838081 0.580516 0.838081 0.580668 0.838081 0.543049 0.838081 0.543049 0.769172 0.583791 0.769172 0.583791 0.838081 0.621411 0.838081 0.580516 0.838081 0.542778 0.838081 0.542778 0.769172 0.621411 0.769172 0.580668 0.769172 0.580668 0.390284 0.542778 0.769172 0.583791 0.769172 0.583791 0.390284 0.618135 0.769172 0.580516 0.769172 0.580516 0.390284 0.580668 0.769172 0.543049 0.769172 0.543049 0.390284 0.583791 0.769172 0.621411 0.769172 0.621411 0.390284 0.580516 0.769172 0.542778 0.769172 0.542778 0.390284 0.621411 0.838081 0.618135 0.838081 0.580668 0.838081 0.621411 0.838081 0.583791 0.838081 0.618135 0.838081 0.583791 0.838081 0.580516 0.838081 0.618135 0.838081 0.583791 0.838081 0.542778 0.838081 0.580516 0.838081 0.621411 0.838081 0.580668 0.838081 0.580668 0.769172 0.542778 0.838081 0.583791 0.838081 0.583791 0.769172 0.618135 0.769172 0.618135 0.838081 0.580516 0.838081 0.580668 0.838081 0.543049 0.838081 0.543049 0.769172 0.583791 0.769172 0.583791 0.838081 0.621411 0.838081 0.580516 0.838081 0.542778 0.838081 0.542778 0.769172 0.621411 0.769172 0.580668 0.769172 0.580668 0.390284 0.542778 0.769172 0.583791 0.769172 0.583791 0.390284 0.618135 0.769172 0.580516 0.769172 0.580516 0.390284 0.580668 0.769172 0.543049 0.769172 0.543049 0.390284 0.583791 0.769172 0.621411 0.769172 0.621411 0.390284 0.580516 0.769172 0.542778 0.769172 0.542778 0.390284 0.621411 0.838081 0.618135 0.838081 0.580668 0.838081 0.621411 0.838081 0.583791 0.838081 0.618135 0.838081 0.583791 0.838081 0.580516 0.838081 0.618135 0.838081 0.583791 0.838081 0.542778 0.838081 0.580516 0.838081 0.653811 0.851731 0.998269 0.851731 0.998269 0.86327 0.655566 0.85173 0.655566 0.86327 0.998269 0.86327 0.997782 0.851731 0.997782 0.86327 0.653322 0.86327 0.653811 0.851731 0.653811 0.86327 0.997782 0.86327 0.998269 0.840191 0.998269 0.851731 0.653811 0.851731 0.655566 0.840191 0.655566 0.85173 0.998269 0.851731 0.653323 0.840191 0.997782 0.840191 0.997782 0.851731 0.653811 0.840191 0.653811 0.851731 0.997782 0.851731 0.620684 0.458661 0.620684 0.483292 1.000112 0.483292 0.620684 0.458661 0.998357 0.458661 0.998357 0.483291 0.621172 0.458661 0.621172 0.483292 1.000601 0.483291 1.000112 0.458661 1.000112 0.483292 0.621172 0.483292 0.620684 0.484235 0.620684 0.458661 1.000112 0.458661 0.998357 0.484235 0.998357 0.458661 0.620684 0.458661 0.621172 0.484235 0.621172 0.458661 1.0006 0.458661 1.000112 0.484235 1.000112 0.458661 0.621172 0.458661 0.621411 0.838081 0.580668 0.838081 0.580668 0.769172 0.542778 0.838081 0.583791 0.838081 0.583791 0.769172 0.618135 0.769172 0.618135 0.838081 0.580516 0.838081 0.580668 0.838081 0.543049 0.838081 0.543049 0.769172 0.583791 0.769172 0.583791 0.838081 0.621411 0.838081 0.580516 0.838081 0.542778 0.838081 0.542778 0.769172 0.621411 0.769172 0.580668 0.769172 0.580668 0.390284 0.542778 0.769172 0.583791 0.769172 0.583791 0.390284 0.618135 0.769172 0.580516 0.769172 0.580516 0.390284 0.580668 0.769172 0.543049 0.769172 0.543049 0.390284 0.583791 0.769172 0.621411 0.769172 0.621411 0.390284 0.580516 0.769172 0.542778 0.769172 0.542778 0.390284 0.583791 0.838081 0.542778 0.838081 0.580516 0.838081 0.583791 0.838081 0.580516 0.838081 0.618135 0.838081 0.621411 0.838081 0.583791 0.838081 0.618135 0.838081 0.621411 0.838081 0.618135 0.838081 0.580668 0.838081 0.621411 0.838081 0.580668 0.838081 0.580668 0.769172 0.542778 0.838081 0.583791 0.838081 0.583791 0.769172 0.618135 0.769172 0.618135 0.838081 0.580516 0.838081 0.580668 0.838081 0.543049 0.838081 0.543049 0.769172 0.583791 0.769172 0.583791 0.838081 0.621411 0.838081 0.580516 0.838081 0.542778 0.838081 0.542778 0.769172 0.621411 0.769172 0.580668 0.769172 0.580668 0.390284 0.542778 0.769172 0.583791 0.769172 0.583791 0.390284 0.618135 0.769172 0.580516 0.769172 0.580516 0.390284 0.580668 0.769172 0.543049 0.769172 0.543049 0.390284 0.583791 0.769172 0.621411 0.769172 0.621411 0.390284 0.580516 0.769172 0.542778 0.769172 0.542778 0.390284 0.583791 0.838081 0.542778 0.838081 0.580516 0.838081 0.583791 0.838081 0.580516 0.838081 0.618135 0.838081 0.621411 0.838081 0.583791 0.838081 0.618135 0.838081 0.621411 0.838081 0.618135 0.838081 0.580668 0.838081 0.621411 0.838081 0.580668 0.838081 0.580668 0.769172 0.542778 0.838081 0.583791 0.838081 0.583791 0.769172 0.618135 0.769172 0.618135 0.838081 0.580516 0.838081 0.580668 0.838081 0.543049 0.838081 0.543049 0.769172 0.583791 0.769172 0.583791 0.838081 0.621411 0.838081 0.580516 0.838081 0.542778 0.838081 0.542778 0.769172 0.621411 0.769172 0.580668 0.769172 0.580668 0.390284 0.542778 0.769172 0.583791 0.769172 0.583791 0.390284 0.618135 0.769172 0.580516 0.769172 0.580516 0.390284 0.580668 0.769172 0.543049 0.769172 0.543049 0.390284 0.583791 0.769172 0.621411 0.769172 0.621411 0.390284 0.580516 0.769172 0.542778 0.769172 0.542778 0.390284 0.583791 0.838081 0.542778 0.838081 0.580516 0.838081 0.583791 0.838081 0.580516 0.838081 0.618135 0.838081 0.621411 0.838081 0.583791 0.838081 0.618135 0.838081 0.621411 0.838081 0.618135 0.838081 0.580668 0.838081 0.621411 0.769172 0.621411 0.838081 0.580668 0.838081 0.542778 0.838081 0.583791 0.838081 0.583791 0.769172 0.618135 0.769172 0.618135 0.838081 0.580516 0.838081 0.580668 0.838081 0.543049 0.838081 0.543049 0.769172 0.583791 0.769172 0.583791 0.838081 0.621411 0.838081 0.580516 0.838081 0.542778 0.838081 0.542778 0.769172 0.621411 0.769172 0.580668 0.769172 0.580668 0.390284 0.542778 0.769172 0.583791 0.769172 0.583791 0.390284 0.618135 0.769172 0.580516 0.769172 0.580516 0.390284 0.580668 0.769172 0.543049 0.769172 0.543049 0.390284 0.583791 0.769172 0.621411 0.769172 0.621411 0.390284 0.580516 0.769172 0.542778 0.769172 0.542778 0.390284 0.621411 0.838081 0.618135 0.838081 0.580668 0.838081 0.621411 0.838081 0.583791 0.838081 0.618135 0.838081 0.583791 0.838081 0.580516 0.838081 0.618135 0.838081 0.583791 0.838081 0.542778 0.838081 0.580516 0.838081 0.621411 0.769172 0.621411 0.838081 0.580668 0.838081 0.542778 0.838081 0.583791 0.838081 0.583791 0.769172 0.618135 0.769172 0.618135 0.838081 0.580516 0.838081 0.580668 0.838081 0.543049 0.838081 0.543049 0.769172 0.583791 0.769172 0.583791 0.838081 0.621411 0.838081 0.580516 0.838081 0.542778 0.838081 0.542778 0.769172 0.621411 0.769172 0.580668 0.769172 0.580668 0.390284 0.542778 0.769172 0.583791 0.769172 0.583791 0.390284 0.618135 0.769172 0.580516 0.769172 0.580516 0.390284 0.580668 0.769172 0.543049 0.769172 0.543049 0.390284 0.583791 0.769172 0.621411 0.769172 0.621411 0.390284 0.580516 0.769172 0.542778 0.769172 0.542778 0.390284 0.621411 0.838081 0.618135 0.838081 0.580668 0.838081 0.621411 0.838081 0.583791 0.838081 0.618135 0.838081 0.583791 0.838081 0.580516 0.838081 0.618135 0.838081 0.583791 0.838081 0.542778 0.838081 0.580516 0.838081 0.621411 0.769172 0.621411 0.838081 0.580668 0.838081 0.542778 0.838081 0.583791 0.838081 0.583791 0.769172 0.618135 0.769172 0.618135 0.838081 0.580516 0.838081 0.580668 0.838081 0.543049 0.838081 0.543049 0.769172 0.583791 0.769172 0.583791 0.838081 0.621411 0.838081 0.580516 0.838081 0.542778 0.838081 0.542778 0.769172 0.621411 0.769172 0.580668 0.769172 0.580668 0.390284 0.542778 0.769172 0.583791 0.769172 0.583791 0.390284 0.618135 0.769172 0.580516 0.769172 0.580516 0.390284 0.580668 0.769172 0.543049 0.769172 0.543049 0.390284 0.583791 0.769172 0.621411 0.769172 0.621411 0.390284 0.580516 0.769172 0.542778 0.769172 0.542778 0.390284 0.621411 0.838081 0.618135 0.838081 0.580668 0.838081 0.621411 0.838081 0.583791 0.838081 0.618135 0.838081 0.583791 0.838081 0.580516 0.838081 0.618135 0.838081 0.583791 0.838081 0.542778 0.838081 0.580516 0.838081 0.621411 0.769172 0.621411 0.838081 0.580668 0.838081 0.542778 0.838081 0.583791 0.838081 0.583791 0.769172 0.618135 0.769172 0.618135 0.838081 0.580516 0.838081 0.580668 0.838081 0.543049 0.838081 0.543049 0.769172 0.583791 0.769172 0.583791 0.838081 0.621411 0.838081 0.580516 0.838081 0.542778 0.838081 0.542778 0.769172 0.621411 0.769172 0.580668 0.769172 0.580668 0.390284 0.542778 0.769172 0.583791 0.769172 0.583791 0.390284 0.618135 0.769172 0.580516 0.769172 0.580516 0.390284 0.580668 0.769172 0.543049 0.769172 0.543049 0.390284 0.583791 0.769172 0.621411 0.769172 0.621411 0.390284 0.580516 0.769172 0.542778 0.769172 0.542778 0.390284 0.621411 0.838081 0.618135 0.838081 0.580668 0.838081 0.621411 0.838081 0.583791 0.838081 0.618135 0.838081 0.583791 0.838081 0.580516 0.838081 0.618135 0.838081 0.583791 0.838081 0.542778 0.838081 0.580516 0.838081 0.621411 0.769172 0.621411 0.838081 0.580668 0.838081 0.542778 0.838081 0.583791 0.838081 0.583791 0.769172 0.618135 0.769172 0.618135 0.838081 0.580516 0.838081 0.580668 0.838081 0.543049 0.838081 0.543049 0.769172 0.583791 0.769172 0.583791 0.838081 0.621411 0.838081 0.580516 0.838081 0.542778 0.838081 0.542778 0.769172 0.621411 0.769172 0.580668 0.769172 0.580668 0.390284 0.542778 0.769172 0.583791 0.769172 0.583791 0.390284 0.618135 0.769172 0.580516 0.769172 0.580516 0.390284 0.580668 0.769172 0.543049 0.769172 0.543049 0.390284 0.583791 0.769172 0.621411 0.769172 0.621411 0.390284 0.580516 0.769172 0.542778 0.769172 0.542778 0.390284 0.621411 0.838081 0.618135 0.838081 0.580668 0.838081 0.621411 0.838081 0.583791 0.838081 0.618135 0.838081 0.583791 0.838081 0.580516 0.838081 0.618135 0.838081 0.583791 0.838081 0.542778 0.838081 0.580516 0.838081 0.621411 0.769172 0.621411 0.838081 0.580668 0.838081 0.542778 0.838081 0.583791 0.838081 0.583791 0.769172 0.618135 0.769172 0.618135 0.838081 0.580516 0.838081 0.580668 0.838081 0.543049 0.838081 0.543049 0.769172 0.583791 0.769172 0.583791 0.838081 0.621411 0.838081 0.580516 0.838081 0.542778 0.838081 0.542778 0.769172 0.621411 0.769172 0.580668 0.769172 0.580668 0.390284 0.542778 0.769172 0.583791 0.769172 0.583791 0.390284 0.618135 0.769172 0.580516 0.769172 0.580516 0.390284 0.580668 0.769172 0.543049 0.769172 0.543049 0.390284 0.583791 0.769172 0.621411 0.769172 0.621411 0.390284 0.580516 0.769172 0.542778 0.769172 0.542778 0.390284 0.621411 0.838081 0.618135 0.838081 0.580668 0.838081 0.621411 0.838081 0.583791 0.838081 0.618135 0.838081 0.583791 0.838081 0.580516 0.838081 0.618135 0.838081 0.583791 0.838081 0.542778 0.838081 0.580516 0.838081 0.724108 0.672887 0.724108 0.844723 0.622527 0.844723 0.721482 0.838333 0.721482 0.675063 0.620295 0.675063 0.651102 0.862933 0.996998 0.862933 0.651102 0.835536 0.651102 0.835578 0.651102 0.862228 0.996998 0.835578 0.651102 0.863078 0.651102 0.835578 0.996998 0.863079 0.651102 0.835681 0.996998 0.835681 0.651102 0.862933 0.651102 0.835681 0.651102 0.863078 0.996998 0.835681 0.651102 0.862933 0.996998 0.862933 0.651102 0.835536 0.651102 0.835578 0.651102 0.862228 0.996998 0.835578 0.651102 0.863078 0.651102 0.835578 0.996998 0.863079 0.651102 0.835681 0.996998 0.835681 0.651102 0.862933 0.651102 0.835681 0.651102 0.863078 0.996998 0.835681 0.651102 0.862933 0.996998 0.862933 0.651102 0.835536 0.651102 0.862228 0.996998 0.862229 0.651102 0.835578 0.651102 0.863078 0.651102 0.835578 0.996998 0.863079 0.651102 0.835681 0.996998 0.835681 0.651102 0.862933 0.651102 0.835681 0.651102 0.863078 0.996998 0.835681 0.651102 0.862933 0.996998 0.862933 0.651102 0.835536 0.651102 0.862228 0.996998 0.862229 0.651102 0.835578 0.651102 0.863078 0.651102 0.835578 0.996998 0.863079 0.651102 0.835681 0.996998 0.835681 0.651102 0.862933 0.651102 0.835681 0.651102 0.863078 0.996998 0.835681 0.651102 0.862933 0.996998 0.862933 0.651102 0.835536 0.651102 0.862228 0.996998 0.862229 0.651102 0.835578 0.651102 0.835578 0.996998 0.835578 0.651102 0.863078 0.651102 0.862933 0.651102 0.835681 0.996998 0.862933 0.651102 0.835681 0.651102 0.863078 0.996998 0.835681 0.651102 0.862933 0.996998 0.862933 0.651102 0.835536 0.651102 0.862228 0.996998 0.862229 0.651102 0.835578 0.651102 0.863078 0.651102 0.835578 0.996998 0.863079 0.651102 0.862933 0.651102 0.835681 0.996998 0.862933 0.651102 0.835681 0.651102 0.863078 0.996998 0.835681 0.651102 0.862933 0.996998 0.862933 0.651102 0.835536 0.651102 0.835578 0.651102 0.862228 0.996998 0.835578 0.651102 0.863078 0.651102 0.835578 0.996998 0.863079 0.651102 0.835681 0.996998 0.835681 0.651102 0.862933 0.651102 0.863078 0.996998 0.863079 0.651102 0.835681 0.651102 0.835536 0.651102 0.862933 0.996998 0.835536 0.651102 0.862228 0.996998 0.862229 0.651102 0.835578 0.651102 0.835578 0.996998 0.835578 0.651102 0.863078 0.651102 0.862933 0.651102 0.835681 0.996998 0.862933 0.651102 0.835681 0.651102 0.863078 0.996998 0.835681 0.651102 0.862933 0.996998 0.862933 0.651102 0.835536 0.651102 0.835578 0.651102 0.862228 0.996998 0.835578 0.651102 0.863078 0.651102 0.835578 0.996998 0.863079 0.651102 0.835681 0.996998 0.835681 0.651102 0.862933 0.651102 0.835681 0.651102 0.863078 0.996998 0.835681 0.651102 0.835536 0.651102 0.862933 0.996998 0.835536 0.651102 0.862228 0.996998 0.862229 0.651102 0.835578 0.651102 0.835578 0.996998 0.835578 0.651102 0.863078 0.651102 0.862933 0.651102 0.835681 0.996998 0.862933 0.651102 0.863078 0.996998 0.863079 0.651102 0.835681 0.748476 0.681143 0.979419 0.681143 0.748476 0.850619 0.979419 0.681143 0.847249 0.681143 0.979419 0.850619 0.7118 0.443096 0.891536 0.443096 0.7118 0.497423 0.931155 0.681143 0.79633 0.681143 0.931155 0.850619 0.749063 0.446131 0.921446 0.446131 0.749063 0.497617 0.979419 0.681143 0.847249 0.681143 0.979419 0.850619 0.748066 0.681142 0.979009 0.681143 0.748066 0.850619 0.931155 0.681143 0.79633 0.681143 0.931155 0.850619 0.621411 0.769172 0.621411 0.838081 0.580668 0.769172 0.542778 0.769172 0.542778 0.838081 0.583791 0.769172 0.580516 0.769172 0.618135 0.769172 0.580516 0.838081 0.580668 0.769172 0.580668 0.838081 0.543049 0.769172 0.621411 0.769172 0.583791 0.769172 0.621411 0.838081 0.580516 0.769172 0.580516 0.838081 0.542778 0.769172 0.621411 0.390284 0.621411 0.769172 0.580668 0.390284 0.542778 0.390284 0.542778 0.769172 0.583791 0.390284 0.618135 0.390284 0.618135 0.769172 0.580516 0.390284 0.580668 0.390284 0.580668 0.769172 0.543049 0.390284 0.583791 0.390284 0.583791 0.769172 0.621411 0.390284 0.580516 0.390284 0.580516 0.769172 0.542778 0.390284 0.621411 0.769172 0.621411 0.838081 0.580668 0.769172 0.542778 0.769172 0.542778 0.838081 0.583791 0.769172 0.580516 0.769172 0.618135 0.769172 0.580516 0.838081 0.580668 0.769172 0.580668 0.838081 0.543049 0.769172 0.621411 0.769172 0.583791 0.769172 0.621411 0.838081 0.580516 0.769172 0.580516 0.838081 0.542778 0.769172 0.621411 0.390284 0.621411 0.769172 0.580668 0.390284 0.542778 0.390284 0.542778 0.769172 0.583791 0.390284 0.618135 0.390284 0.618135 0.769172 0.580516 0.390284 0.580668 0.390284 0.580668 0.769172 0.543049 0.390284 0.583791 0.390284 0.583791 0.769172 0.621411 0.390284 0.580516 0.390284 0.580516 0.769172 0.542778 0.390284 0.621411 0.769172 0.621411 0.838081 0.580668 0.769172 0.542778 0.769172 0.542778 0.838081 0.583791 0.769172 0.580516 0.769172 0.618135 0.769172 0.580516 0.838081 0.580668 0.769172 0.580668 0.838081 0.543049 0.769172 0.621411 0.769172 0.583791 0.769172 0.621411 0.838081 0.580516 0.769172 0.580516 0.838081 0.542778 0.769172 0.621411 0.390284 0.621411 0.769172 0.580668 0.390284 0.542778 0.390284 0.542778 0.769172 0.583791 0.390284 0.618135 0.390284 0.618135 0.769172 0.580516 0.390284 0.580668 0.390284 0.580668 0.769172 0.543049 0.390284 0.583791 0.390284 0.583791 0.769172 0.621411 0.390284 0.580516 0.390284 0.580516 0.769172 0.542778 0.390284 0.653811 0.86327 0.653811 0.851731 0.998269 0.86327 0.998269 0.851731 0.655566 0.85173 0.998269 0.86327 0.653323 0.85173 0.997782 0.851731 0.653322 0.86327 0.997782 0.851731 0.653811 0.851731 0.997782 0.86327 0.653811 0.840191 0.998269 0.840191 0.653811 0.851731 0.998269 0.840191 0.655566 0.840191 0.998269 0.851731 0.653323 0.85173 0.653323 0.840191 0.997782 0.851731 0.997782 0.840191 0.653811 0.840191 0.997782 0.851731 1.000112 0.458661 0.620684 0.458661 1.000112 0.483292 0.620684 0.483292 0.620684 0.458661 0.998357 0.483291 1.0006 0.458661 0.621172 0.458661 1.000601 0.483291 0.621172 0.458661 1.000112 0.458661 0.621172 0.483292 1.000112 0.484235 0.620684 0.484235 1.000112 0.458661 0.620684 0.484235 0.998357 0.484235 0.620684 0.458661 1.0006 0.484235 0.621172 0.484235 1.0006 0.458661 0.621172 0.484235 1.000112 0.484235 0.621172 0.458661 0.621411 0.769172 0.621411 0.838081 0.580668 0.769172 0.542778 0.769172 0.542778 0.838081 0.583791 0.769172 0.580516 0.769172 0.618135 0.769172 0.580516 0.838081 0.580668 0.769172 0.580668 0.838081 0.543049 0.769172 0.621411 0.769172 0.583791 0.769172 0.621411 0.838081 0.580516 0.769172 0.580516 0.838081 0.542778 0.769172 0.621411 0.390284 0.621411 0.769172 0.580668 0.390284 0.542778 0.390284 0.542778 0.769172 0.583791 0.390284 0.618135 0.390284 0.618135 0.769172 0.580516 0.390284 0.580668 0.390284 0.580668 0.769172 0.543049 0.390284 0.583791 0.390284 0.583791 0.769172 0.621411 0.390284 0.580516 0.390284 0.580516 0.769172 0.542778 0.390284 0.621411 0.769172 0.621411 0.838081 0.580668 0.769172 0.542778 0.769172 0.542778 0.838081 0.583791 0.769172 0.580516 0.769172 0.618135 0.769172 0.580516 0.838081 0.580668 0.769172 0.580668 0.838081 0.543049 0.769172 0.621411 0.769172 0.583791 0.769172 0.621411 0.838081 0.580516 0.769172 0.580516 0.838081 0.542778 0.769172 0.621411 0.390284 0.621411 0.769172 0.580668 0.390284 0.542778 0.390284 0.542778 0.769172 0.583791 0.390284 0.618135 0.390284 0.618135 0.769172 0.580516 0.390284 0.580668 0.390284 0.580668 0.769172 0.543049 0.390284 0.583791 0.390284 0.583791 0.769172 0.621411 0.390284 0.580516 0.390284 0.580516 0.769172 0.542778 0.390284 0.621411 0.769172 0.621411 0.838081 0.580668 0.769172 0.542778 0.769172 0.542778 0.838081 0.583791 0.769172 0.580516 0.769172 0.618135 0.769172 0.580516 0.838081 0.580668 0.769172 0.580668 0.838081 0.543049 0.769172 0.621411 0.769172 0.583791 0.769172 0.621411 0.838081 0.580516 0.769172 0.580516 0.838081 0.542778 0.769172 0.621411 0.390284 0.621411 0.769172 0.580668 0.390284 0.542778 0.390284 0.542778 0.769172 0.583791 0.390284 0.618135 0.390284 0.618135 0.769172 0.580516 0.390284 0.580668 0.390284 0.580668 0.769172 0.543049 0.390284 0.583791 0.390284 0.583791 0.769172 0.621411 0.390284 0.580516 0.390284 0.580516 0.769172 0.542778 0.390284 0.580668 0.769172 0.621411 0.769172 0.580668 0.838081 0.542778 0.769172 0.542778 0.838081 0.583791 0.769172 0.580516 0.769172 0.618135 0.769172 0.580516 0.838081 0.580668 0.769172 0.580668 0.838081 0.543049 0.769172 0.621411 0.769172 0.583791 0.769172 0.621411 0.838081 0.580516 0.769172 0.580516 0.838081 0.542778 0.769172 0.621411 0.390284 0.621411 0.769172 0.580668 0.390284 0.542778 0.390284 0.542778 0.769172 0.583791 0.390284 0.618135 0.390284 0.618135 0.769172 0.580516 0.390284 0.580668 0.390284 0.580668 0.769172 0.543049 0.390284 0.583791 0.390284 0.583791 0.769172 0.621411 0.390284 0.580516 0.390284 0.580516 0.769172 0.542778 0.390284 0.580668 0.769172 0.621411 0.769172 0.580668 0.838081 0.542778 0.769172 0.542778 0.838081 0.583791 0.769172 0.580516 0.769172 0.618135 0.769172 0.580516 0.838081 0.580668 0.769172 0.580668 0.838081 0.543049 0.769172 0.621411 0.769172 0.583791 0.769172 0.621411 0.838081 0.580516 0.769172 0.580516 0.838081 0.542778 0.769172 0.621411 0.390284 0.621411 0.769172 0.580668 0.390284 0.542778 0.390284 0.542778 0.769172 0.583791 0.390284 0.618135 0.390284 0.618135 0.769172 0.580516 0.390284 0.580668 0.390284 0.580668 0.769172 0.543049 0.390284 0.583791 0.390284 0.583791 0.769172 0.621411 0.390284 0.580516 0.390284 0.580516 0.769172 0.542778 0.390284 0.580668 0.769172 0.621411 0.769172 0.580668 0.838081 0.542778 0.769172 0.542778 0.838081 0.583791 0.769172 0.580516 0.769172 0.618135 0.769172 0.580516 0.838081 0.580668 0.769172 0.580668 0.838081 0.543049 0.769172 0.621411 0.769172 0.583791 0.769172 0.621411 0.838081 0.580516 0.769172 0.580516 0.838081 0.542778 0.769172 0.621411 0.390284 0.621411 0.769172 0.580668 0.390284 0.542778 0.390284 0.542778 0.769172 0.583791 0.390284 0.618135 0.390284 0.618135 0.769172 0.580516 0.390284 0.580668 0.390284 0.580668 0.769172 0.543049 0.390284 0.583791 0.390284 0.583791 0.769172 0.621411 0.390284 0.580516 0.390284 0.580516 0.769172 0.542778 0.390284 0.580668 0.769172 0.621411 0.769172 0.580668 0.838081 0.542778 0.769172 0.542778 0.838081 0.583791 0.769172 0.580516 0.769172 0.618135 0.769172 0.580516 0.838081 0.580668 0.769172 0.580668 0.838081 0.543049 0.769172 0.621411 0.769172 0.583791 0.769172 0.621411 0.838081 0.580516 0.769172 0.580516 0.838081 0.542778 0.769172 0.621411 0.390284 0.621411 0.769172 0.580668 0.390284 0.542778 0.390284 0.542778 0.769172 0.583791 0.390284 0.618135 0.390284 0.618135 0.769172 0.580516 0.390284 0.580668 0.390284 0.580668 0.769172 0.543049 0.390284 0.583791 0.390284 0.583791 0.769172 0.621411 0.390284 0.580516 0.390284 0.580516 0.769172 0.542778 0.390284 0.580668 0.769172 0.621411 0.769172 0.580668 0.838081 0.542778 0.769172 0.542778 0.838081 0.583791 0.769172 0.580516 0.769172 0.618135 0.769172 0.580516 0.838081 0.580668 0.769172 0.580668 0.838081 0.543049 0.769172 0.621411 0.769172 0.583791 0.769172 0.621411 0.838081 0.580516 0.769172 0.580516 0.838081 0.542778 0.769172 0.621411 0.390284 0.621411 0.769172 0.580668 0.390284 0.542778 0.390284 0.542778 0.769172 0.583791 0.390284 0.618135 0.390284 0.618135 0.769172 0.580516 0.390284 0.580668 0.390284 0.580668 0.769172 0.543049 0.390284 0.583791 0.390284 0.583791 0.769172 0.621411 0.390284 0.580516 0.390284 0.580516 0.769172 0.542778 0.390284 0.580668 0.769172 0.621411 0.769172 0.580668 0.838081 0.542778 0.769172 0.542778 0.838081 0.583791 0.769172 0.580516 0.769172 0.618135 0.769172 0.580516 0.838081 0.580668 0.769172 0.580668 0.838081 0.543049 0.769172 0.621411 0.769172 0.583791 0.769172 0.621411 0.838081 0.580516 0.769172 0.580516 0.838081 0.542778 0.769172 0.621411 0.390284 0.621411 0.769172 0.580668 0.390284 0.542778 0.390284 0.542778 0.769172 0.583791 0.390284 0.618135 0.390284 0.618135 0.769172 0.580516 0.390284 0.580668 0.390284 0.580668 0.769172 0.543049 0.390284 0.583791 0.390284 0.583791 0.769172 0.621411 0.390284 0.580516 0.390284 0.580516 0.769172 0.542778 0.390284 0.622527 0.672887 0.724108 0.672887 0.622527 0.844723 0.620296 0.838333 0.721482 0.838333 0.620295 0.675063 0.996998 0.862933 0.996998 0.835536 0.651102 0.835536 0.651102 0.862228 0.996998 0.862229 0.996998 0.835578 0.651102 0.835578 0.996998 0.835578 0.996998 0.863079 0.651102 0.862933 0.651102 0.835681 0.996998 0.835681 0.651102 0.863078 0.996998 0.863079 0.996998 0.835681 0.801525 0.633438 0.82892 0.63021 0.81405 0.621872 0.801525 0.633438 0.808654 0.648924 0.82892 0.63021 0.808654 0.648924 0.825585 0.646929 0.82892 0.63021 0.801914 0.637309 0.814436 0.625747 0.829301 0.634082 0.809041 0.65279 0.801914 0.637309 0.829301 0.634082 0.809041 0.65279 0.829301 0.634082 0.825967 0.650796 0.996998 0.862933 0.996998 0.835536 0.651102 0.835536 0.651102 0.862228 0.996998 0.862229 0.996998 0.835578 0.651102 0.835578 0.996998 0.835578 0.996998 0.863079 0.996998 0.835681 0.996998 0.862933 0.651102 0.862933 0.651102 0.863078 0.996998 0.863079 0.996998 0.835681 0.801525 0.633438 0.82892 0.63021 0.81405 0.621872 0.801525 0.633438 0.808654 0.648924 0.82892 0.63021 0.808654 0.648924 0.825585 0.646929 0.82892 0.63021 0.801914 0.637309 0.814436 0.625747 0.829301 0.634082 0.809041 0.65279 0.801914 0.637309 0.829301 0.634082 0.809041 0.65279 0.829301 0.634082 0.825967 0.650796 0.996998 0.862933 0.996998 0.835536 0.651102 0.835536 0.996998 0.862229 0.996998 0.835578 0.651102 0.835578 0.651102 0.835578 0.996998 0.835578 0.996998 0.863079 0.996998 0.835681 0.996998 0.862933 0.651102 0.862933 0.651102 0.863078 0.996998 0.863079 0.996998 0.835681 0.801525 0.633438 0.82892 0.63021 0.81405 0.621872 0.801525 0.633438 0.825585 0.646929 0.82892 0.63021 0.801525 0.633438 0.808654 0.648924 0.825585 0.646929 0.801914 0.637309 0.814436 0.625747 0.829301 0.634082 0.801914 0.637309 0.829301 0.634082 0.825967 0.650796 0.809041 0.65279 0.801914 0.637309 0.825967 0.650796 0.996998 0.862933 0.996998 0.835536 0.651102 0.835536 0.996998 0.862229 0.996998 0.835578 0.651102 0.835578 0.651102 0.835578 0.996998 0.835578 0.996998 0.863079 0.996998 0.835681 0.996998 0.862933 0.651102 0.862933 0.651102 0.863078 0.996998 0.863079 0.996998 0.835681 0.801525 0.633438 0.82892 0.63021 0.81405 0.621872 0.801525 0.633438 0.825585 0.646929 0.82892 0.63021 0.801525 0.633438 0.808654 0.648924 0.825585 0.646929 0.801914 0.637309 0.814436 0.625747 0.829301 0.634082 0.801914 0.637309 0.829301 0.634082 0.825967 0.650796 0.809041 0.65279 0.801914 0.637309 0.825967 0.650796 0.996998 0.862933 0.996998 0.835536 0.651102 0.835536 0.651102 0.862228 0.996998 0.862229 0.996998 0.835578 0.651102 0.835578 0.996998 0.835578 0.996998 0.863079 0.996998 0.835681 0.996998 0.862933 0.651102 0.862933 0.651102 0.863078 0.996998 0.863079 0.996998 0.835681 0.801525 0.633438 0.82892 0.63021 0.81405 0.621872 0.801525 0.633438 0.808654 0.648924 0.82892 0.63021 0.808654 0.648924 0.825585 0.646929 0.82892 0.63021 0.801914 0.637309 0.814436 0.625747 0.829301 0.634082 0.809041 0.65279 0.801914 0.637309 0.829301 0.634082 0.809041 0.65279 0.829301 0.634082 0.825967 0.650796 0.690778 0.837546 0.95345 0.837546 0.95345 0.994404 0.133199 0.759843 0.124 0.962348 0.08374696 0.995533 0.08374696 0.995533 0.124 0.962348 0.351352 0.956292 0.351352 0.956292 0.360552 0.753786 0.400804 0.720601 0.360552 0.753786 0.133199 0.759843 0.103233 0.720601 0.124 0.962348 0.133199 0.759843 0.360552 0.753786 0.66678 0.860439 0.988897 0.860439 0.988897 0.838085 0.984935 0.84512 0.662818 0.84512 0.662818 0.84512 0.66678 0.855385 0.988897 0.855385 0.988897 0.850433 0.651102 0.862933 0.996998 0.862933 0.651102 0.835536 0.651102 0.835578 0.651102 0.862228 0.996998 0.835578 0.651102 0.863078 0.651102 0.835578 0.996998 0.863079 0.996998 0.862933 0.651102 0.862933 0.996998 0.835681 0.651102 0.835681 0.651102 0.863078 0.996998 0.835681 0.651102 0.862933 0.996998 0.862933 0.651102 0.835536 0.651102 0.835578 0.651102 0.862228 0.996998 0.835578 0.651102 0.863078 0.651102 0.835578 0.996998 0.863079 0.651102 0.835681 0.996998 0.835681 0.651102 0.862933 0.651102 0.835681 0.651102 0.863078 0.996998 0.835681 0.651102 0.862933 0.996998 0.862933 0.651102 0.835536 0.651102 0.862228 0.996998 0.862229 0.651102 0.835578 0.651102 0.863078 0.651102 0.835578 0.996998 0.863079 0.651102 0.835681 0.996998 0.835681 0.651102 0.862933 0.651102 0.835681 0.651102 0.863078 0.996998 0.835681 0.651102 0.862933 0.996998 0.862933 0.651102 0.835536 0.651102 0.862228 0.996998 0.862229 0.651102 0.835578 0.651102 0.863078 0.651102 0.835578 0.996998 0.863079 0.651102 0.835681 0.996998 0.835681 0.651102 0.862933 0.651102 0.835681 0.651102 0.863078 0.996998 0.835681 0.651102 0.862933 0.996998 0.862933 0.651102 0.835536 0.651102 0.835578 0.651102 0.862228 0.996998 0.835578 0.651102 0.863078 0.651102 0.835578 0.996998 0.863079 0.651102 0.835681 0.996998 0.835681 0.651102 0.862933 0.651102 0.835681 0.651102 0.863078 0.996998 0.835681 0.690778 0.994404 0.690778 0.837546 0.95345 0.994404 0.103233 0.720601 0.133199 0.759843 0.08374696 0.995533 0.381318 0.995533 0.08374696 0.995533 0.351352 0.956292 0.381318 0.995533 0.351352 0.956292 0.400804 0.720601 0.400804 0.720601 0.360552 0.753786 0.103233 0.720601 0.351352 0.956292 0.124 0.962348 0.360552 0.753786 0.66678 0.838085 0.66678 0.860439 0.988897 0.838085 0.984935 0.84512 0.984935 0.84512 0.662818 0.84512 0.66678 0.850433 0.66678 0.855385 0.988897 0.850433 0.06772953 0.02038753 0.3218252 0.02038753 0.3218252 0.05648607 0.3218252 0.1698794 0.06772953 0.1698794 0.06772953 0.05648607 0.3741595 0.05648607 0.1200639 0.05648607 0.1200639 0.02038753 0.3741595 0.09258472 0.1200639 0.0925846 0.1200639 0.05648607 0.3218252 0.05648607 0.06772953 0.05648607 0.06772953 0.02038753 0.3218252 0.09258472 0.06772953 0.0925846 0.06772953 0.05648607 0.3741595 0.05648607 0.1200639 0.05648607 0.1200639 0.02038753 0.3741595 0.09258472 0.1200639 0.0925846 0.1200639 0.05648607 0.3218252 0.05648607 0.06772953 0.05648607 0.06772953 0.02038753 0.3218252 0.09258472 0.06772953 0.0925846 0.06772953 0.05648607 0.3741595 0.05648607 0.1200639 0.05648607 0.1200639 0.02038753 0.3741595 0.09258472 0.1200639 0.0925846 0.1200639 0.05648607 0.3218252 0.05648607 0.06772953 0.05648607 0.06772953 0.02038753 0.3218252 0.09258472 0.06772953 0.0925846 0.06772953 0.05648607 0.3741595 0.05648607 0.1200639 0.05648607 0.1200639 0.02038753 0.3741595 0.09258472 0.1200639 0.0925846 0.1200639 0.05648607 0.3218252 0.05648607 0.06772953 0.05648607 0.06772953 0.02038753 0.3218252 0.212871 0.06772953 0.2128708 0.06772953 0.05648607 0.3741595 0.05648607 0.1200639 0.05648607 0.1200639 0.02038753 0.3741595 0.09258472 0.1200639 0.0925846 0.1200639 0.05648607 0.9546523 0.828342 0.9938139 0.828342 0.9938139 0.6655056 0.9546523 0.8190206 0.9546523 0.828342 0.9938139 0.6655056 0.908492 0.8077873 0.908492 0.8190206 0.9546523 0.8190206 0.908492 0.8077873 0.9546523 0.8190206 0.9938139 0.6655056 0.8595595 0.8077873 0.908492 0.8077873 0.8595594 0.6655055 0.908492 0.8077873 0.9938139 0.6655056 0.8595594 0.6655055 0.9940401 0.8324505 0.9542191 0.8107612 0.9940401 0.6660645 0.9542191 0.8107612 0.9542191 0.7713357 0.9940401 0.6660645 0.9542191 0.7713357 0.9071641 0.7713357 0.9071641 0.7377724 0.9542191 0.7713357 0.9071641 0.7377724 0.9940401 0.6660645 0.9071641 0.7377724 0.8583163 0.7377724 0.8583163 0.6660645 0.9071641 0.7377724 0.8583163 0.6660645 0.9940401 0.6660645 0.8583163 0.807948 0.8369595 0.807389 0.8369594 0.6655055 0.8596465 0.8066858 0.9051201 0.8066858 0.9058173 0.8243837 0.1412073 0.6598784 0.1141568 0.5042514 0.2871578 0.4859504 0.5019797 0.6758679 0.2729082 0.6828601 0.2722095 0.3126176 0.4414057 0.009066164 0.4414063 0.533243 0.3417869 0.4361835 0.957453 0.8066858 0.9941715 0.8066858 0.9942668 0.8243837 0.9519513 0.8066858 0.957453 0.8066858 0.9578908 0.8243837 0.9110055 0.8066858 0.9519513 0.8066858 0.9521616 0.8243837 0.9051201 0.8066858 0.9110055 0.8066858 0.9117287 0.8243837 0.4412748 0.6783811 0.3291858 0.6783811 0.3291858 0.5199494 0.3419453 0.3213344 0.467498 0.3213344 0.4502335 0.6796166 0.1141568 0.5042514 0.1412073 0.6598784 0.1412073 0.6598784 0.9942668 0.8243837 0.9941715 0.8066858 0.9941715 0.8066858 0.9164313 0.8311442 0.9164313 0.6660645 0.9940401 0.6660645 0.9938139 0.6655056 0.9938139 0.828342 0.9938139 0.828342 0.3741595 0.05648607 0.1200639 0.05648607 0.1200639 0.02038753 0.3741595 0.09258472 0.1200639 0.0925846 0.1200639 0.05648607 0.06772953 0.05648607 0.06772953 0.02038753 0.3218252 0.02038753 0.3218252 0.09258472 0.06772953 0.0925846 0.06772953 0.05648607 0.3741595 0.05648607 0.1200639 0.05648607 0.1200639 0.02038753 0.3741595 0.09258472 0.1200639 0.0925846 0.1200639 0.05648607 0.3218252 0.05648607 0.06772953 0.05648607 0.06772953 0.02038753 0.3218252 0.09258472 0.06772953 0.0925846 0.06772953 0.05648607 0.3741595 0.05648607 0.1200639 0.05648607 0.1200639 0.02038753 0.3741595 0.09258472 0.1200639 0.0925846 0.1200639 0.05648607 0.3218252 0.05648607 0.06772953 0.05648607 0.06772953 0.02038753 0.3218252 0.09258472 0.06772953 0.0925846 0.06772953 0.05648607 0.3741595 0.05648607 0.1200639 0.05648607 0.1200639 0.02038753 0.3741595 0.09258472 0.1200639 0.0925846 0.1200639 0.05648607 0.3741595 0.05648607 0.1200639 0.05648607 0.1200639 0.02038753 0.3741595 0.2214093 0.1200639 0.2214092 0.1200639 0.05648607 0.3218252 0.05648607 0.06772953 0.05648607 0.06772953 0.02038753 0.3218252 0.09258472 0.06772953 0.0925846 0.06772953 0.05648607 0.3741595 0.05648607 0.1200639 0.05648607 0.1200639 0.02038753 0.3741595 0.09258472 0.1200639 0.0925846 0.1200639 0.05648607 0.3218252 0.05648607 0.06772953 0.05648607 0.06772953 0.02038753 0.3218252 0.09258472 0.06772953 0.0925846 0.06772953 0.05648607 0.3741595 0.05648607 0.1200639 0.05648607 0.1200639 0.02038753 0.3741595 0.09258472 0.1200639 0.0925846 0.1200639 0.05648607 0.3218252 0.05648607 0.06772953 0.05648607 0.06772953 0.02038753 0.3218252 0.09258472 0.06772953 0.0925846 0.06772953 0.05648607 0.3741595 0.05648607 0.1200639 0.05648607 0.1200639 0.02038753 0.3741595 0.09258472 0.1200639 0.0925846 0.1200639 0.05648607 0.3371076 0.01612657 0.3417869 0.4361835 0.2347366 0.3892939 0.5266353 0.3205406 0.5278069 0.3314043 0.3453476 0.3174196 0.1587864 -0.002721548 0.2578902 0.004716575 0.2542549 0.40434 0.2297952 0.02443403 0.2347366 0.3892939 0.1146665 0.2629781 0.2578902 0.004716575 0.3556066 0.01313227 0.3533651 0.3601394 0.3441765 0.3065555 0.3453476 0.3174196 0.1917893 0.3172146 0.3141139 0.6436266 0.293268 0.6437925 0.2871578 0.4859504 0.1869559 0.3065555 0.1917893 0.3172146 0.00877887 0.3299136 0.3556066 0.01313227 0.4744631 0.01315003 0.4672185 0.2397702 0.05257076 0.8522347 0.05257195 0.7631296 0.08205652 0.7631298 0.1064659 0.9752889 0.08087801 0.85648 0.1878497 0.85648 0.05257076 0.8931432 0.08205604 0.8931431 0.08205652 0.98225 0.2692784 0.9752889 0.2134829 0.9752888 0.1878947 0.85648 0.05257076 0.8931432 0.05257076 0.8522347 0.08205568 0.8522348 0.05257076 0.8522347 0.05257195 0.7631296 0.08205652 0.7631298 0.1064659 0.9752889 0.08087801 0.85648 0.1878497 0.85648 0.05257076 0.8931432 0.08205604 0.8931431 0.08205652 0.98225 0.2692784 0.9752889 0.2134829 0.9752888 0.1878947 0.85648 0.05257076 0.8931432 0.05257076 0.8522347 0.08205568 0.8522348 0.05257076 0.8522347 0.05257195 0.7631296 0.08205652 0.7631298 0.1064659 0.9752889 0.08087801 0.85648 0.1878497 0.85648 0.05257076 0.8931432 0.08205604 0.8931431 0.08205652 0.98225 0.2692784 0.9752889 0.2134829 0.9752888 0.1878947 0.85648 0.05257076 0.8931432 0.05257076 0.8522347 0.08205568 0.8522348 0.05257076 0.8522347 0.05257195 0.7631296 0.08205652 0.7631298 0.1064659 0.9752889 0.08087801 0.85648 0.1878497 0.85648 0.05257076 0.8931432 0.08205604 0.8931431 0.08205652 0.98225 0.2692784 0.9752889 0.2134829 0.9752888 0.1878947 0.85648 0.05257076 0.8931432 0.05257076 0.8522347 0.08205568 0.8522348 0.05257076 0.8522347 0.05257195 0.7631296 0.08205652 0.7631298 0.1064659 0.9752889 0.08087801 0.85648 0.1878497 0.85648 0.08205604 0.8931431 0.08205652 0.98225 0.05257111 0.9822502 0.2134829 0.9752888 0.1878947 0.85648 0.2948665 0.85648 0.05257076 0.8931432 0.05257076 0.8522347 0.08205568 0.8522348 0.05257076 0.8522347 0.05257195 0.7631296 0.08205652 0.7631298 0.1064659 0.9752889 0.08087801 0.85648 0.1878497 0.85648 0.05257076 0.8931432 0.08205604 0.8931431 0.08205652 0.98225 0.2134829 0.9752888 0.1878947 0.85648 0.2948665 0.85648 0.05257076 0.8931432 0.05257076 0.8522347 0.08205568 0.8522348 0.05257076 0.8522347 0.05257195 0.7631296 0.08205652 0.7631298 0.1064659 0.9752889 0.08087801 0.85648 0.1878497 0.85648 0.08205604 0.8931431 0.08205652 0.98225 0.05257111 0.9822502 0.2692784 0.9752889 0.2134829 0.9752888 0.1878947 0.85648 0.05257076 0.8931432 0.05257076 0.8522347 0.08205568 0.8522348 0.08205568 0.8522348 0.05257076 0.8522347 0.05257195 0.7631296 0.1064659 0.9752889 0.08087801 0.85648 0.1878497 0.85648 0.05257076 0.8931432 0.08205604 0.8931431 0.08205652 0.98225 0.2692784 0.9752889 0.2134829 0.9752888 0.1878947 0.85648 0.05257076 0.8931432 0.05257076 0.8522347 0.08205568 0.8522348 0.1064659 0.9752889 0.08087801 0.85648 0.1878497 0.85648 0.05257076 0.8931432 0.08205604 0.8931431 0.08205652 0.98225 0.2692784 0.9752889 0.2134829 0.9752888 0.1878947 0.85648 0.05257076 0.8931432 0.05257076 0.8522347 0.08205568 0.8522348 0.05257076 0.8522347 0.05257195 0.7631296 0.08205652 0.7631298 0.1064659 0.9752889 0.08087801 0.85648 0.1878497 0.85648 0.08205604 0.8931431 0.08205652 0.98225 0.05257111 0.9822502 0.2134829 0.9752888 0.1878947 0.85648 0.2948665 0.85648 0.05257076 0.8931432 0.05257076 0.8522347 0.08205568 0.8522348 0.05257076 0.8522347 0.05257195 0.7631296 0.08205652 0.7631298 0.1064659 0.9752889 0.08087801 0.85648 0.1878497 0.85648 0.05257076 0.8931432 0.08205604 0.8931431 0.08205652 0.98225 0.2692784 0.9752889 0.2134829 0.9752888 0.1878947 0.85648 0.05257076 0.8931432 0.05257076 0.8522347 0.08205568 0.8522348 0.05257076 0.8522347 0.05257195 0.7631296 0.08205652 0.7631298 0.1622614 0.9752891 0.1064659 0.9752889 0.08087801 0.85648 0.05257076 0.8931432 0.08205604 0.8931431 0.08205652 0.98225 0.2692784 0.9752889 0.2134829 0.9752888 0.1878947 0.85648 0.08205604 0.8931431 0.05257076 0.8931432 0.05257076 0.8522347 0.05257076 0.8522347 0.05257195 0.7631296 0.08205652 0.7631298 0.1622614 0.9752891 0.1064659 0.9752889 0.08087801 0.85648 0.2134829 0.9752888 0.1878947 0.85648 0.2948665 0.85648 0.08205604 0.8931431 0.05257076 0.8931432 0.05257076 0.8522347 0.1622614 0.9752891 0.1064659 0.9752889 0.08087801 0.85648 0.08205604 0.8931431 0.08205652 0.98225 0.05257111 0.9822502 0.2692784 0.9752889 0.2134829 0.9752888 0.1878947 0.85648 0.08205604 0.8931431 0.05257076 0.8931432 0.05257076 0.8522347 0.08205568 0.8522348 0.05257076 0.8522347 0.05257195 0.7631296 0.1622614 0.9752891 0.1064659 0.9752889 0.08087801 0.85648 0.08205604 0.8931431 0.08205652 0.98225 0.05257111 0.9822502 0.2692784 0.9752889 0.2134829 0.9752888 0.1878947 0.85648 0.08205604 0.8931431 0.05257076 0.8931432 0.05257076 0.8522347 0.05257076 0.8522347 0.05257195 0.7631296 0.08205652 0.7631298 0.1064659 0.9752889 0.08087801 0.85648 0.1878497 0.85648 0.05257076 0.8931432 0.08205604 0.8931431 0.08205652 0.98225 0.2692784 0.9752889 0.2134829 0.9752888 0.1878947 0.85648 0.05257076 0.8931432 0.05257076 0.8522347 0.08205568 0.8522348 0.08205568 0.8522348 0.05257076 0.8522347 0.05257195 0.7631296 0.1622614 0.9752891 0.1064659 0.9752889 0.08087801 0.85648 0.08205604 0.8931431 0.08205652 0.98225 0.05257111 0.9822502 0.2134829 0.9752888 0.1878947 0.85648 0.2948665 0.85648 0.08205604 0.8931431 0.05257076 0.8931432 0.05257076 0.8522347 0.1064659 0.9752889 0.08087801 0.85648 0.1878497 0.85648 0.05257076 0.8931432 0.08205604 0.8931431 0.08205652 0.98225 0.2692784 0.9752889 0.2134829 0.9752888 0.1878947 0.85648 0.05257076 0.8931432 0.05257076 0.8522347 0.08205568 0.8522348 0.05257076 0.8522347 0.05257195 0.7631296 0.08205652 0.7631298 0.1622614 0.9752891 0.1064659 0.9752889 0.08087801 0.85648 0.08205604 0.8931431 0.08205652 0.98225 0.05257111 0.9822502 0.2692784 0.9752889 0.2134829 0.9752888 0.1878947 0.85648 0.08205604 0.8931431 0.05257076 0.8931432 0.05257076 0.8522347 0.05257076 0.8522347 0.05257195 0.7631296 0.08205652 0.7631298 0.1064659 0.9752889 0.08087801 0.85648 0.1878497 0.85648 0.05257076 0.8931432 0.08205604 0.8931431 0.08205652 0.98225 0.2692784 0.9752889 0.2134829 0.9752888 0.1878947 0.85648 0.08205604 0.8931431 0.05257076 0.8931432 0.05257076 0.8522347 0.08205568 0.8522348 0.05257076 0.8522347 0.05257195 0.7631296 0.1622614 0.9752891 0.1064659 0.9752889 0.08087801 0.85648 0.05257076 0.8931432 0.08205604 0.8931431 0.08205652 0.98225 0.2692784 0.9752889 0.2134829 0.9752888 0.1878947 0.85648 0.05257076 0.8931432 0.05257076 0.8522347 0.08205568 0.8522348 0.05257076 0.8522347 0.05257195 0.7631296 0.08205652 0.7631298 0.1622614 0.9752891 0.1064659 0.9752889 0.08087801 0.85648 0.05257076 0.8931432 0.08205604 0.8931431 0.08205652 0.98225 0.2692784 0.9752889 0.2134829 0.9752888 0.1878947 0.85648 0.05257076 0.8931432 0.05257076 0.8522347 0.08205568 0.8522348 0.05257076 0.8522347 0.05257195 0.7631296 0.08205652 0.7631298 0.1064659 0.9752889 0.08087801 0.85648 0.1878497 0.85648 0.05257076 0.8931432 0.08205604 0.8931431 0.08205652 0.98225 0.2134829 0.9752888 0.1878947 0.85648 0.2948665 0.85648 0.05257076 0.8931432 0.05257076 0.8522347 0.08205568 0.8522348 0.08205568 0.8522348 0.05257076 0.8522347 0.05257195 0.7631296 0.1064659 0.9752889 0.08087801 0.85648 0.1878497 0.85648 0.08205604 0.8931431 0.08205652 0.98225 0.05257111 0.9822502 0.2134829 0.9752888 0.1878947 0.85648 0.2948665 0.85648 0.05257076 0.8931432 0.05257076 0.8522347 0.08205568 0.8522348 0.08205568 0.8522348 0.05257076 0.8522347 0.05257195 0.7631296 0.1622614 0.9752891 0.1064659 0.9752889 0.08087801 0.85648 0.08205604 0.8931431 0.08205652 0.98225 0.05257111 0.9822502 0.2692784 0.9752889 0.2134829 0.9752888 0.1878947 0.85648 0.05257076 0.8931432 0.05257076 0.8522347 0.08205568 0.8522348 0.08205568 0.8522348 0.05257076 0.8522347 0.05257195 0.7631296 0.1064659 0.9752889 0.08087801 0.85648 0.1878497 0.85648 0.05257076 0.8931432 0.08205604 0.8931431 0.08205652 0.98225 0.2134829 0.9752888 0.1878947 0.85648 0.2948665 0.85648 0.05257076 0.8931432 0.05257076 0.8522347 0.08205568 0.8522348 0.08205568 0.8522348 0.05257076 0.8522347 0.05257195 0.7631296 0.1064659 0.9752889 0.08087801 0.85648 0.1878497 0.85648 0.05257076 0.8931432 0.08205604 0.8931431 0.08205652 0.98225 0.2692784 0.9752889 0.2134829 0.9752888 0.1878947 0.85648 0.08205604 0.8931431 0.05257076 0.8931432 0.05257076 0.8522347 0.05257076 0.8522347 0.05257195 0.7631296 0.08205652 0.7631298 0.1064659 0.9752889 0.08087801 0.85648 0.1878497 0.85648 0.08205604 0.8931431 0.08205652 0.98225 0.05257111 0.9822502 0.2692784 0.9752889 0.2134829 0.9752888 0.1878947 0.85648 0.05257076 0.8931432 0.05257076 0.8522347 0.08205568 0.8522348 0.08205568 0.8522348 0.05257076 0.8522347 0.05257195 0.7631296 0.1622614 0.9752891 0.1064659 0.9752889 0.08087801 0.85648 0.05257076 0.8931432 0.08205604 0.8931431 0.08205652 0.98225 0.2692784 0.9752889 0.2134829 0.9752888 0.1878947 0.85648 0.08205604 0.8931431 0.05257076 0.8931432 0.05257076 0.8522347 0.08205568 0.8522348 0.05257076 0.8522347 0.05257195 0.7631296 0.1064659 0.9752889 0.08087801 0.85648 0.1878497 0.85648 0.08205604 0.8931431 0.08205652 0.98225 0.05257111 0.9822502 0.2134829 0.9752888 0.1878947 0.85648 0.2948665 0.85648 0.08205604 0.8931431 0.05257076 0.8931432 0.05257076 0.8522347 0.05257076 0.8522347 0.05257195 0.7631296 0.08205652 0.7631298 0.1622614 0.9752891 0.1064659 0.9752889 0.08087801 0.85648 0.08205604 0.8931431 0.08205652 0.98225 0.05257111 0.9822502 0.2134829 0.9752888 0.1878947 0.85648 0.2948665 0.85648 0.05257076 0.8931432 0.05257076 0.8522347 0.08205568 0.8522348 0.05257076 0.8522347 0.05257195 0.7631296 0.08205652 0.7631298 0.1064659 0.9752889 0.08087801 0.85648 0.1878497 0.85648 0.08205604 0.8931431 0.08205652 0.98225 0.05257111 0.9822502 0.2134829 0.9752888 0.1878947 0.85648 0.2948665 0.85648 0.08205604 0.8931431 0.05257076 0.8931432 0.05257076 0.8522347 0.05257076 0.8522347 0.05257195 0.7631296 0.08205652 0.7631298 0.1064659 0.9752889 0.08087801 0.85648 0.1878497 0.85648 0.08205604 0.8931431 0.08205652 0.98225 0.05257111 0.9822502 0.2692784 0.9752889 0.2134829 0.9752888 0.1878947 0.85648 0.08205604 0.8931431 0.05257076 0.8931432 0.05257076 0.8522347 0.05257076 0.8522347 0.05257195 0.7631296 0.08205652 0.7631298 0.1064659 0.9752889 0.08087801 0.85648 0.1878497 0.85648 0.08205604 0.8931431 0.08205652 0.98225 0.05257111 0.9822502 0.2692784 0.9752889 0.2134829 0.9752888 0.1878947 0.85648 0.08205604 0.8931431 0.05257076 0.8931432 0.05257076 0.8522347 0.05257076 0.8522347 0.05257195 0.7631296 0.08205652 0.7631298 0.1064659 0.9752889 0.08087801 0.85648 0.1878497 0.85648 0.05257076 0.8931432 0.08205604 0.8931431 0.08205652 0.98225 0.2692784 0.9752889 0.2134829 0.9752888 0.1878947 0.85648 0.08205604 0.8931431 0.05257076 0.8931432 0.05257076 0.8522347 0.05257076 0.8522347 0.05257195 0.7631296 0.08205652 0.7631298 0.1622614 0.9752891 0.1064659 0.9752889 0.08087801 0.85648 0.08205604 0.8931431 0.08205652 0.98225 0.05257111 0.9822502 0.2692784 0.9752889 0.2134829 0.9752888 0.1878947 0.85648 0.05257076 0.8931432 0.05257076 0.8522347 0.08205568 0.8522348 0.05257076 0.8522347 0.05257195 0.7631296 0.08205652 0.7631298 0.1064659 0.9752889 0.08087801 0.85648 0.1878497 0.85648 0.05257076 0.8931432 0.08205604 0.8931431 0.08205652 0.98225 0.2692784 0.9752889 0.2134829 0.9752888 0.1878947 0.85648 0.08205604 0.8931431 0.05257076 0.8931432 0.05257076 0.8522347 0.1064659 0.9752889 0.08087801 0.85648 0.1878497 0.85648 0.05257076 0.8931432 0.08205604 0.8931431 0.08205652 0.98225 0.2692784 0.9752889 0.2134829 0.9752888 0.1878947 0.85648 0.08205604 0.8931431 0.05257076 0.8931432 0.05257076 0.8522347 0.08205568 0.8522348 0.05257076 0.8522347 0.05257195 0.7631296 0.1064659 0.9752889 0.08087801 0.85648 0.1878497 0.85648 0.05257076 0.8931432 0.08205604 0.8931431 0.08205652 0.98225 0.2692784 0.9752889 0.2134829 0.9752888 0.1878947 0.85648 0.05257076 0.8931432 0.05257076 0.8522347 0.08205568 0.8522348 0.05257076 0.8522347 0.05257195 0.7631296 0.08205652 0.7631298 0.1064659 0.9752889 0.08087801 0.85648 0.1878497 0.85648 0.05257076 0.8931432 0.08205604 0.8931431 0.08205652 0.98225 0.2692784 0.9752889 0.2134829 0.9752888 0.1878947 0.85648 0.05257076 0.8931432 0.05257076 0.8522347 0.08205568 0.8522348 0.05257076 0.8522347 0.05257195 0.7631296 0.08205652 0.7631298 0.1064659 0.9752889 0.08087801 0.85648 0.1878497 0.85648 0.05257076 0.8931432 0.08205604 0.8931431 0.08205652 0.98225 0.2692784 0.9752889 0.2134829 0.9752888 0.1878947 0.85648 0.08205604 0.8931431 0.05257076 0.8931432 0.05257076 0.8522347 0.05257076 0.8522347 0.05257195 0.7631296 0.08205652 0.7631298 0.1064659 0.9752889 0.08087801 0.85648 0.1878497 0.85648 0.05257076 0.8931432 0.08205604 0.8931431 0.08205652 0.98225 0.2692784 0.9752889 0.2134829 0.9752888 0.1878947 0.85648 0.05257076 0.8931432 0.05257076 0.8522347 0.08205568 0.8522348 0.08205568 0.8522348 0.05257076 0.8522347 0.05257195 0.7631296 0.1622614 0.9752891 0.1064659 0.9752889 0.08087801 0.85648 0.08205604 0.8931431 0.08205652 0.98225 0.05257111 0.9822502 0.2692784 0.9752889 0.2134829 0.9752888 0.1878947 0.85648 0.08205604 0.8931431 0.05257076 0.8931432 0.05257076 0.8522347 0.08205568 0.8522348 0.05257076 0.8522347 0.05257195 0.7631296 0.1064659 0.9752889 0.08087801 0.85648 0.1878497 0.85648 0.08205604 0.8931431 0.08205652 0.98225 0.05257111 0.9822502 0.2692784 0.9752889 0.2134829 0.9752888 0.1878947 0.85648 0.05257076 0.8931432 0.05257076 0.8522347 0.08205568 0.8522348 0.05257076 0.8522347 0.05257195 0.7631296 0.08205652 0.7631298 0.1064659 0.9752889 0.08087801 0.85648 0.1878497 0.85648 0.08205604 0.8931431 0.08205652 0.98225 0.05257111 0.9822502 0.2692784 0.9752889 0.2134829 0.9752888 0.1878947 0.85648 0.08205604 0.8931431 0.05257076 0.8931432 0.05257076 0.8522347 0.05257076 0.8522347 0.05257195 0.7631296 0.08205652 0.7631298 0.1064659 0.9752889 0.08087801 0.85648 0.1878497 0.85648 0.2692784 0.9752889 0.2134829 0.9752888 0.1878947 0.85648 0.05257076 0.8931432 0.05257076 0.8522347 0.08205568 0.8522348 0.05257076 0.8522347 0.05257195 0.7631296 0.08205652 0.7631298 0.1064659 0.9752889 0.08087801 0.85648 0.1878497 0.85648 0.05257076 0.8931432 0.08205604 0.8931431 0.08205652 0.98225 0.2134829 0.9752888 0.1878947 0.85648 0.2948665 0.85648 0.05257076 0.8931432 0.05257076 0.8522347 0.08205568 0.8522348 0.08205568 0.8522348 0.05257076 0.8522347 0.05257195 0.7631296 0.1064659 0.9752889 0.08087801 0.85648 0.1878497 0.85648 0.08205604 0.8931431 0.08205652 0.98225 0.05257111 0.9822502 0.2692784 0.9752889 0.2134829 0.9752888 0.1878947 0.85648 0.05257076 0.8931432 0.05257076 0.8522347 0.08205568 0.8522348 0.05257076 0.8522347 0.05257195 0.7631296 0.08205652 0.7631298 0.1064659 0.9752889 0.08087801 0.85648 0.1878497 0.85648 0.05257076 0.8931432 0.08205604 0.8931431 0.08205652 0.98225 0.2134829 0.9752888 0.1878947 0.85648 0.2948665 0.85648 0.05257076 0.8931432 0.05257076 0.8522347 0.08205568 0.8522348 0.05257076 0.8522347 0.05257195 0.7631296 0.08205652 0.7631298 0.1064659 0.9752889 0.08087801 0.85648 0.1878497 0.85648 0.08205604 0.8931431 0.08205652 0.98225 0.05257111 0.9822502 0.2692784 0.9752889 0.2134829 0.9752888 0.1878947 0.85648 0.08205604 0.8931431 0.05257076 0.8931432 0.05257076 0.8522347 0.05257076 0.8522347 0.05257195 0.7631296 0.08205652 0.7631298 0.1622614 0.9752891 0.1064659 0.9752889 0.08087801 0.85648 0.08205604 0.8931431 0.08205652 0.98225 0.05257111 0.9822502 0.2134829 0.9752888 0.1878947 0.85648 0.2948665 0.85648 0.08205604 0.8931431 0.05257076 0.8931432 0.05257076 0.8522347 0.05257076 0.8522347 0.05257195 0.7631296 0.08205652 0.7631298 0.1622614 0.9752891 0.1064659 0.9752889 0.08087801 0.85648 0.08205604 0.8931431 0.08205652 0.98225 0.05257111 0.9822502 0.2134829 0.9752888 0.1878947 0.85648 0.2948665 0.85648 0.08205604 0.8931431 0.05257076 0.8931432 0.05257076 0.8522347 0.1064659 0.9752889 0.08087801 0.85648 0.1878497 0.85648 0.08205604 0.8931431 0.08205652 0.98225 0.05257111 0.9822502 0.2692784 0.9752889 0.2134829 0.9752888 0.1878947 0.85648 0.08205604 0.8931431 0.05257076 0.8931432 0.05257076 0.8522347 0.05257076 0.8522347 0.05257195 0.7631296 0.08205652 0.7631298 0.1064659 0.9752889 0.08087801 0.85648 0.1878497 0.85648 0.08205604 0.8931431 0.08205652 0.98225 0.05257111 0.9822502 0.2692784 0.9752889 0.2134829 0.9752888 0.1878947 0.85648 0.08205604 0.8931431 0.05257076 0.8931432 0.05257076 0.8522347 0.05257076 0.8522347 0.05257195 0.7631296 0.08205652 0.7631298 0.1064659 0.9752889 0.08087801 0.85648 0.1878497 0.85648 0.08205604 0.8931431 0.08205652 0.98225 0.05257111 0.9822502 0.2134829 0.9752888 0.1878947 0.85648 0.2948665 0.85648 0.08205604 0.8931431 0.05257076 0.8931432 0.05257076 0.8522347 0.05257076 0.8522347 0.05257195 0.7631296 0.08205652 0.7631298 0.1064659 0.9752889 0.08087801 0.85648 0.1878497 0.85648 0.05257076 0.8931432 0.08205604 0.8931431 0.08205652 0.98225 0.2134829 0.9752888 0.1878947 0.85648 0.2948665 0.85648 0.05257076 0.8931432 0.05257076 0.8522347 0.08205568 0.8522348 0.05257076 0.8522347 0.05257195 0.7631296 0.08205652 0.7631298 0.1622614 0.9752891 0.1064659 0.9752889 0.08087801 0.85648 0.08205604 0.8931431 0.08205652 0.98225 0.05257111 0.9822502 0.2692784 0.9752889 0.2134829 0.9752888 0.1878947 0.85648 0.08205604 0.8931431 0.05257076 0.8931432 0.05257076 0.8522347 0.05257076 0.8522347 0.05257195 0.7631296 0.08205652 0.7631298 0.1064659 0.9752889 0.08087801 0.85648 0.1878497 0.85648 0.08205604 0.8931431 0.08205652 0.98225 0.05257111 0.9822502 0.2692784 0.9752889 0.2134829 0.9752888 0.1878947 0.85648 0.08205604 0.8931431 0.05257076 0.8931432 0.05257076 0.8522347 0.05257076 0.8522347 0.05257195 0.7631296 0.08205652 0.7631298 0.1622614 0.9752891 0.1064659 0.9752889 0.08087801 0.85648 0.05257076 0.8931432 0.08205604 0.8931431 0.08205652 0.98225 0.2134829 0.9752888 0.1878947 0.85648 0.2948665 0.85648 0.05257076 0.8931432 0.05257076 0.8522347 0.08205568 0.8522348 0.08205568 0.8522348 0.05257076 0.8522347 0.05257195 0.7631296 0.1064659 0.9752889 0.08087801 0.85648 0.1878497 0.85648 0.08205604 0.8931431 0.08205652 0.98225 0.05257111 0.9822502 0.2134829 0.9752888 0.1878947 0.85648 0.2948665 0.85648 0.05257076 0.8931432 0.05257076 0.8522347 0.08205568 0.8522348 0.05257076 0.8522347 0.05257195 0.7631296 0.08205652 0.7631298 0.1622614 0.9752891 0.1064659 0.9752889 0.08087801 0.85648 0.08205604 0.8931431 0.08205652 0.98225 0.05257111 0.9822502 0.2692784 0.9752889 0.2134829 0.9752888 0.1878947 0.85648 0.08205604 0.8931431 0.05257076 0.8931432 0.05257076 0.8522347 0.05257076 0.8522347 0.05257195 0.7631296 0.08205652 0.7631298 0.1622614 0.9752891 0.1064659 0.9752889 0.08087801 0.85648 0.2134829 0.9752888 0.1878947 0.85648 0.2948665 0.85648 0.05257076 0.8931432 0.05257076 0.8522347 0.08205568 0.8522348 0.5356863 0.6502026 0.5338768 3.4675e-4 0.4058552 0.001280665 0.2313816 0.6488923 0.05466049 0.6476276 0.05804079 -0.00480324 0.5098298 0.6528427 0.5114445 0.005626857 0.3289849 0.006785035 0.01174587 0.6514794 0.01034617 0.002900183 0.2549385 0.003762066 0.4849379 0.6522349 0.2529955 0.6519103 0.2549385 0.003762066 0.4467291 0.6526356 0.324662 0.6522349 0.3340661 0.00441128 0.4472887 0.6526374 0.4467291 0.6526356 0.3340661 0.00441128 0.4491943 0.6526437 0.4472887 0.6526374 0.3340661 0.00441128 0.4892226 0.6527751 0.4491943 0.6526437 0.3340661 0.00441128 0.5098298 0.6528427 0.4892226 0.6527751 0.3340661 0.00441128 0.5098298 0.6528427 0.3340661 0.00441128 0.5114445 0.005626857 0.326099 0.6534218 0.3289849 0.006785035 0.0454005 0.01066905 0.05466049 0.6476276 0.2693435 0.6457882 0.2693436 -0.008482038 0.5356863 0.6502026 0.2313816 0.6488923 0.2482306 -0.002273738 0.004175961 0.6514794 0.4139357 0.6506696 0.4058552 0.001280665 0.4220162 0.7891364 0.4058552 0.001280665 0.5338768 3.4675e-4 0.2145326 0.7891364 0.2482306 -0.002273738 0.05804079 -0.00480324 0.3289849 0.006785035 0.5114445 0.005626857 0.508215 0.7891364 0.1662546 0.7891364 0.1688868 0.003762066 0.003227949 0.002900183 0.3152579 0.7891364 0.3340661 0.00441128 0.1688868 0.003762066 0.3340661 0.00441128 0.3152579 0.7891364 0.4457874 0.7891364 0.3340661 0.00441128 0.4457874 0.7891364 0.4465151 0.7891364 0.3340661 0.00441128 0.4465151 0.7891364 0.4500583 0.7891364 0.508215 0.7891364 0.4952384 0.7891364 0.4974269 0.7891364 0.508215 0.7891364 0.5114445 0.005626857 0.4952384 0.7891364 0.3340661 0.00441128 0.4500583 0.7891364 0.4952384 0.7891364 0.5114445 0.005626857 0.3340661 0.00441128 0.4952384 0.7891364 0.0454005 0.01066905 0.3289849 0.006785035 0.3232132 0.7891364 0.05804079 -0.00480324 0.2693436 -0.008482038 0.2693434 0.7891364 0.5374956 0.7891364 0.5338768 3.4675e-4 0.2482306 -0.002273738 0.005123913 0.7891364 0.003227949 0.002900183 0.4058552 0.001280665 0.05966722 0.6113869 0.1626829 0.6886885 0.4794968 0.6660106 0.05966722 0.6113869 0.4794968 0.6660106 0.5226114 0.5793043 0.1019642 0.3518691 0.05966722 0.6113869 0.5226114 0.5793043 0.08842986 0.4379965 0.5090771 0.6654317 0.5151065 0.2430607 0.1019622 0.351864 0.1019642 0.3518691 0.5286408 0.1569333 -0.00346148 0.3920418 0.09457981 0.6496188 0.5212585 0.454688 0.003920853 0.09428709 0.5286408 0.1569333 0.528639 0.1569324 -0.00346148 0.3920418 0.5212567 0.4546871 0.3660013 0.3826656 -0.00346148 0.3920418 0.3660013 0.3826656 0.2327837 0.3769681 0.08803564 0.2990694 -0.00346148 0.3920418 0.2327837 0.3769681 0.5374956 0.7891364 0.5374956 0.7891364 0.4220162 0.7891364 0.4220162 0.7891364 0.4220162 0.7891364 0.005123913 0.7891364 0.3232132 0.7891364 0.3232132 0.7891364 0.04572463 0.7891364 0.4457874 0.7891364 0.3152579 0.7891364 0.3152579 0.7891364 0.4457874 0.7891364 0.3152579 0.7891364 0.4342564 0.7891364 0.4465151 0.7891364 0.4457874 0.7891364 0.4342564 0.7891364 0.3232132 0.7891364 0.508215 0.7891364 0.508215 0.7891364 0.05128026 0.7891364 0.2693434 0.7891364 0.2693434 0.7891364 0.5374956 0.7891364 0.2145326 0.7891364 0.2145326 0.7891364 0.05128026 0.7891364 0.05128026 0.7891364 0.2145326 0.7891364 0.1662546 0.7891364 0.1662546 0.7891364 0.3152579 0.7891364 0.005123913 0.7891364 0.005123913 0.7891364 0.1662546 0.7891364 0.4220162 0.7891364 0.5374956 0.7891364 0.5356863 0.6502026 0.2145326 0.7891364 0.05128026 0.7891364 0.05466049 0.6476276 0.508215 0.7891364 0.5098298 0.6528427 0.326099 0.6534218 0.1662546 0.7891364 0.005123913 0.7891364 0.004175961 0.6514794 0.3152579 0.7891364 0.1662546 0.7891364 0.1675708 0.6519103 0.4346148 0.7891364 0.3152579 0.7891364 0.324662 0.6522349 0.4346156 0.7891364 0.4346148 0.7891364 0.324662 0.6522349 0.4346168 0.7891364 0.4346156 0.7891364 0.324662 0.6522349 0.4353964 0.7891364 0.4346168 0.7891364 0.324662 0.6522349 0.4353964 0.7891364 0.324662 0.6522349 0.4491943 0.6526437 0.324662 0.6522349 0.4467291 0.6526356 0.4491943 0.6526437 0.4467291 0.6526356 0.4472887 0.6526374 0.4491943 0.6526437 0.3232132 0.7891364 0.326099 0.6534218 0.0455625 0.6553638 0.2693434 0.7891364 0.2693435 0.6457882 0.05466049 0.6476276 0.5374956 0.7891364 0.2145326 0.7891364 0.2313816 0.6488923 0.005123913 0.7891364 0.4220162 0.7891364 0.4139357 0.6506696 0.3884231 0.6482707 0.4000948 0.6749793 0.3106957 0.6749793 0.4206122 0.6482707 0.4343937 0.6749793 0.3308011 0.6749793 0.3081046 0.6482707 0.4282763 0.6482707 0.4449045 0.6749793 0.2654114 0.6749793 0.2654094 0.6749793 0.2431918 0.6482707 0.4552083 0.6749793 0.2654114 0.6749793 0.2431918 0.6482707 0.4552083 0.6749793 0.2431918 0.6482707 0.4609442 0.6482707 0.4523842 0.6749793 0.2697343 0.6749793 0.2770318 0.6482707 0.3015097 0.6749793 0.2963389 0.6482707 0.4420839 0.6482707 0.274282 0.6482707 0.44747 0.6482707 0.4398474 0.6749793 0.2692497 0.6482707 0.5047089 0.6749793 0.277502 0.6749793 0.2692497 0.6482707 0.2692539 0.6482707 0.5047089 0.6749793 0.2692539 0.6482707 0.485351 0.6482707 0.5047089 0.6749793 0.2353817 0.6482707 0.5145007 0.6482707 0.5219671 0.6749793 0.2236731 0.6482707 0.5211781 0.6482707 0.5273328 0.6749793 0.9365378 0.7370808 0.9953261 0.7370428 0.9948778 0.7257316 0.839882 0.7369361 0.7556327 0.7368331 0.7564703 0.7253122 0.9816625 0.7372577 0.9820628 0.7261614 0.8910015 0.7262557 0.812105 0.7371818 0.7316839 0.7371467 0.731449 0.7259395 0.8879588 0.7372083 0.812105 0.7371818 0.8124312 0.7260096 0.8879588 0.7372083 0.8902892 0.7260625 0.9820628 0.7261614 0.7520013 0.7374629 0.8902863 0.7373049 0.8910015 0.7262557 0.8628721 0.7366834 0.8628721 0.7250127 0.7564703 0.7253122 0.9953261 0.7370428 0.839882 0.7369361 0.8440573 0.7255182 0.7316839 0.7371467 0.9365378 0.7370808 0.9345355 0.7258076 0.9957746 0.748354 0.9953261 0.7370428 0.9365378 0.7370808 0.8357067 0.748354 0.7547951 0.748354 0.7556327 0.7368331 0.9812625 0.748354 0.9816625 0.7372577 0.8902863 0.7373049 0.7319188 0.748354 0.7316839 0.7371467 0.812105 0.7371818 0.8856284 0.748354 0.811779 0.748354 0.812105 0.7371818 0.9812625 0.748354 0.8856284 0.748354 0.8879588 0.7372083 0.8895713 0.748354 0.8902863 0.7373049 0.7520013 0.7374629 0.7547951 0.748354 0.8628721 0.748354 0.8628721 0.7366834 0.9957746 0.748354 0.8357067 0.748354 0.839882 0.7369361 0.7319188 0.748354 0.9385402 0.748354 0.9365378 0.7370808 0.508215 0.7891364 0.4974269 0.7891364 0.4830058 0.7891364 0.4465151 0.7891364 0.4342564 0.7891364 0.4373641 0.7891364 0.508215 0.7891364 0.4859367 0.7891364 0.4892226 0.6527751 0.4974269 0.7891364 0.4952384 0.7891364 0.4791979 0.7891364 0.06772953 0.05648607 0.06772953 0.02038753 0.3218252 0.05648607 0.3218252 0.05648607 0.3218252 0.1698794 0.06772953 0.05648607 0.3741595 0.02038753 0.3741595 0.05648607 0.1200639 0.02038753 0.3741595 0.05648607 0.3741595 0.09258472 0.1200639 0.05648607 0.3218252 0.02038753 0.3218252 0.05648607 0.06772953 0.02038753 0.3218252 0.05648607 0.3218252 0.09258472 0.06772953 0.05648607 0.3741595 0.02038753 0.3741595 0.05648607 0.1200639 0.02038753 0.3741595 0.05648607 0.3741595 0.09258472 0.1200639 0.05648607 0.3218252 0.02038753 0.3218252 0.05648607 0.06772953 0.02038753 0.3218252 0.05648607 0.3218252 0.09258472 0.06772953 0.05648607 0.3741595 0.02038753 0.3741595 0.05648607 0.1200639 0.02038753 0.3741595 0.05648607 0.3741595 0.09258472 0.1200639 0.05648607 0.3218252 0.02038753 0.3218252 0.05648607 0.06772953 0.02038753 0.3218252 0.05648607 0.3218252 0.09258472 0.06772953 0.05648607 0.3741595 0.02038753 0.3741595 0.05648607 0.1200639 0.02038753 0.3741595 0.05648607 0.3741595 0.09258472 0.1200639 0.05648607 0.3218252 0.02038753 0.3218252 0.05648607 0.06772953 0.02038753 0.3218252 0.05648607 0.3218252 0.212871 0.06772953 0.05648607 0.3741595 0.02038753 0.3741595 0.05648607 0.1200639 0.02038753 0.3741595 0.05648607 0.3741595 0.09258472 0.1200639 0.05648607 0.8583163 0.6660645 0.8583163 0.807948 0.8369594 0.6655055 0.8597418 0.8243837 0.8596465 0.8066858 0.9058173 0.8243837 0.293268 0.6437925 0.1412073 0.6598784 0.2871578 0.4859504 0.5329272 0.3158816 0.5019797 0.6758679 0.2722095 0.3126176 0.3371076 0.01612657 0.4414057 0.009066164 0.3417869 0.4361835 0.9578908 0.8243837 0.957453 0.8066858 0.9942668 0.8243837 0.9521616 0.8243837 0.9519513 0.8066858 0.9578908 0.8243837 0.9117287 0.8243837 0.9110055 0.8066858 0.9521616 0.8243837 0.9058173 0.8243837 0.9051201 0.8066858 0.9117287 0.8243837 0.4412748 0.5199494 0.4412748 0.6783811 0.3291858 0.5199494 0.3246809 0.6796166 0.3419453 0.3213344 0.4502335 0.6796166 0.1141568 0.5042514 0.1141568 0.5042514 0.1412073 0.6598784 0.9942668 0.8243837 0.9942668 0.8243837 0.9941715 0.8066858 0.9940401 0.8311442 0.9164313 0.8311442 0.9940401 0.6660645 0.9938139 0.6655056 0.9938139 0.6655056 0.9938139 0.828342 0.3741595 0.02038753 0.3741595 0.05648607 0.1200639 0.02038753 0.3741595 0.05648607 0.3741595 0.09258472 0.1200639 0.05648607 0.3218252 0.05648607 0.06772953 0.05648607 0.3218252 0.02038753 0.3218252 0.05648607 0.3218252 0.09258472 0.06772953 0.05648607 0.3741595 0.02038753 0.3741595 0.05648607 0.1200639 0.02038753 0.3741595 0.05648607 0.3741595 0.09258472 0.1200639 0.05648607 0.3218252 0.02038753 0.3218252 0.05648607 0.06772953 0.02038753 0.3218252 0.05648607 0.3218252 0.09258472 0.06772953 0.05648607 0.3741595 0.02038753 0.3741595 0.05648607 0.1200639 0.02038753 0.3741595 0.05648607 0.3741595 0.09258472 0.1200639 0.05648607 0.3218252 0.02038753 0.3218252 0.05648607 0.06772953 0.02038753 0.3218252 0.05648607 0.3218252 0.09258472 0.06772953 0.05648607 0.3741595 0.02038753 0.3741595 0.05648607 0.1200639 0.02038753 0.3741595 0.05648607 0.3741595 0.09258472 0.1200639 0.05648607 0.3741595 0.02038753 0.3741595 0.05648607 0.1200639 0.02038753 0.3741595 0.05648607 0.3741595 0.2214093 0.1200639 0.05648607 0.3218252 0.02038753 0.3218252 0.05648607 0.06772953 0.02038753 0.3218252 0.05648607 0.3218252 0.09258472 0.06772953 0.05648607 0.3741595 0.02038753 0.3741595 0.05648607 0.1200639 0.02038753 0.3741595 0.05648607 0.3741595 0.09258472 0.1200639 0.05648607 0.3218252 0.02038753 0.3218252 0.05648607 0.06772953 0.02038753 0.3218252 0.05648607 0.3218252 0.09258472 0.06772953 0.05648607 0.3741595 0.02038753 0.3741595 0.05648607 0.1200639 0.02038753 0.3741595 0.05648607 0.3741595 0.09258472 0.1200639 0.05648607 0.3218252 0.02038753 0.3218252 0.05648607 0.06772953 0.02038753 0.3218252 0.05648607 0.3218252 0.09258472 0.06772953 0.05648607 0.3741595 0.02038753 0.3741595 0.05648607 0.1200639 0.02038753 0.3741595 0.05648607 0.3741595 0.09258472 0.1200639 0.05648607 0.2297952 0.02443403 0.3371076 0.01612657 0.2347366 0.3892939 0.3441765 0.3065555 0.5266353 0.3205406 0.3453476 0.3174196 0.1587864 0.4958271 0.1587864 -0.002721548 0.2542549 0.40434 0.1047747 0.02448678 0.2297952 0.02443403 0.1146665 0.2629781 0.2542549 0.40434 0.2578902 0.004716575 0.3533651 0.3601394 0.1869559 0.3065555 0.3441765 0.3065555 0.1917893 0.3172146 0.3155858 0.4857242 0.3141139 0.6436266 0.2871578 0.4859504 0.003946304 0.3192543 0.1869559 0.3065555 0.00877887 0.3299136 0.3533651 0.3601394 0.3556066 0.01313227 0.4672185 0.2397702 0.08205568 0.8522348 0.05257076 0.8522347 0.08205652 0.7631298 0.1622614 0.9752891 0.1064659 0.9752889 0.1878497 0.85648 0.05257111 0.9822502 0.05257076 0.8931432 0.08205652 0.98225 0.2948665 0.85648 0.2692784 0.9752889 0.1878947 0.85648 0.08205604 0.8931431 0.05257076 0.8931432 0.08205568 0.8522348 0.08205568 0.8522348 0.05257076 0.8522347 0.08205652 0.7631298 0.1622614 0.9752891 0.1064659 0.9752889 0.1878497 0.85648 0.05257111 0.9822502 0.05257076 0.8931432 0.08205652 0.98225 0.2948665 0.85648 0.2692784 0.9752889 0.1878947 0.85648 0.08205604 0.8931431 0.05257076 0.8931432 0.08205568 0.8522348 0.08205568 0.8522348 0.05257076 0.8522347 0.08205652 0.7631298 0.1622614 0.9752891 0.1064659 0.9752889 0.1878497 0.85648 0.05257111 0.9822502 0.05257076 0.8931432 0.08205652 0.98225 0.2948665 0.85648 0.2692784 0.9752889 0.1878947 0.85648 0.08205604 0.8931431 0.05257076 0.8931432 0.08205568 0.8522348 0.08205568 0.8522348 0.05257076 0.8522347 0.08205652 0.7631298 0.1622614 0.9752891 0.1064659 0.9752889 0.1878497 0.85648 0.05257111 0.9822502 0.05257076 0.8931432 0.08205652 0.98225 0.2948665 0.85648 0.2692784 0.9752889 0.1878947 0.85648 0.08205604 0.8931431 0.05257076 0.8931432 0.08205568 0.8522348 0.08205568 0.8522348 0.05257076 0.8522347 0.08205652 0.7631298 0.1622614 0.9752891 0.1064659 0.9752889 0.1878497 0.85648 0.05257076 0.8931432 0.08205604 0.8931431 0.05257111 0.9822502 0.2692784 0.9752889 0.2134829 0.9752888 0.2948665 0.85648 0.08205604 0.8931431 0.05257076 0.8931432 0.08205568 0.8522348 0.08205568 0.8522348 0.05257076 0.8522347 0.08205652 0.7631298 0.1622614 0.9752891 0.1064659 0.9752889 0.1878497 0.85648 0.05257111 0.9822502 0.05257076 0.8931432 0.08205652 0.98225 0.2692784 0.9752889 0.2134829 0.9752888 0.2948665 0.85648 0.08205604 0.8931431 0.05257076 0.8931432 0.08205568 0.8522348 0.08205568 0.8522348 0.05257076 0.8522347 0.08205652 0.7631298 0.1622614 0.9752891 0.1064659 0.9752889 0.1878497 0.85648 0.05257076 0.8931432 0.08205604 0.8931431 0.05257111 0.9822502 0.2948665 0.85648 0.2692784 0.9752889 0.1878947 0.85648 0.08205604 0.8931431 0.05257076 0.8931432 0.08205568 0.8522348 0.08205652 0.7631298 0.08205568 0.8522348 0.05257195 0.7631296 0.1622614 0.9752891 0.1064659 0.9752889 0.1878497 0.85648 0.05257111 0.9822502 0.05257076 0.8931432 0.08205652 0.98225 0.2948665 0.85648 0.2692784 0.9752889 0.1878947 0.85648 0.08205604 0.8931431 0.05257076 0.8931432 0.08205568 0.8522348 0.1622614 0.9752891 0.1064659 0.9752889 0.1878497 0.85648 0.05257111 0.9822502 0.05257076 0.8931432 0.08205652 0.98225 0.2948665 0.85648 0.2692784 0.9752889 0.1878947 0.85648 0.08205604 0.8931431 0.05257076 0.8931432 0.08205568 0.8522348 0.08205568 0.8522348 0.05257076 0.8522347 0.08205652 0.7631298 0.1622614 0.9752891 0.1064659 0.9752889 0.1878497 0.85648 0.05257076 0.8931432 0.08205604 0.8931431 0.05257111 0.9822502 0.2692784 0.9752889 0.2134829 0.9752888 0.2948665 0.85648 0.08205604 0.8931431 0.05257076 0.8931432 0.08205568 0.8522348 0.08205568 0.8522348 0.05257076 0.8522347 0.08205652 0.7631298 0.1622614 0.9752891 0.1064659 0.9752889 0.1878497 0.85648 0.05257111 0.9822502 0.05257076 0.8931432 0.08205652 0.98225 0.2948665 0.85648 0.2692784 0.9752889 0.1878947 0.85648 0.08205604 0.8931431 0.05257076 0.8931432 0.08205568 0.8522348 0.08205568 0.8522348 0.05257076 0.8522347 0.08205652 0.7631298 0.1878497 0.85648 0.1622614 0.9752891 0.08087801 0.85648 0.05257111 0.9822502 0.05257076 0.8931432 0.08205652 0.98225 0.2948665 0.85648 0.2692784 0.9752889 0.1878947 0.85648 0.08205568 0.8522348 0.08205604 0.8931431 0.05257076 0.8522347 0.08205568 0.8522348 0.05257076 0.8522347 0.08205652 0.7631298 0.1878497 0.85648 0.1622614 0.9752891 0.08087801 0.85648 0.2692784 0.9752889 0.2134829 0.9752888 0.2948665 0.85648 0.08205568 0.8522348 0.08205604 0.8931431 0.05257076 0.8522347 0.1878497 0.85648 0.1622614 0.9752891 0.08087801 0.85648 0.05257076 0.8931432 0.08205604 0.8931431 0.05257111 0.9822502 0.2948665 0.85648 0.2692784 0.9752889 0.1878947 0.85648 0.08205568 0.8522348 0.08205604 0.8931431 0.05257076 0.8522347 0.08205652 0.7631298 0.08205568 0.8522348 0.05257195 0.7631296 0.1878497 0.85648 0.1622614 0.9752891 0.08087801 0.85648 0.05257076 0.8931432 0.08205604 0.8931431 0.05257111 0.9822502 0.2948665 0.85648 0.2692784 0.9752889 0.1878947 0.85648 0.08205568 0.8522348 0.08205604 0.8931431 0.05257076 0.8522347 0.08205568 0.8522348 0.05257076 0.8522347 0.08205652 0.7631298 0.1622614 0.9752891 0.1064659 0.9752889 0.1878497 0.85648 0.05257111 0.9822502 0.05257076 0.8931432 0.08205652 0.98225 0.2948665 0.85648 0.2692784 0.9752889 0.1878947 0.85648 0.08205604 0.8931431 0.05257076 0.8931432 0.08205568 0.8522348 0.08205652 0.7631298 0.08205568 0.8522348 0.05257195 0.7631296 0.1878497 0.85648 0.1622614 0.9752891 0.08087801 0.85648 0.05257076 0.8931432 0.08205604 0.8931431 0.05257111 0.9822502 0.2692784 0.9752889 0.2134829 0.9752888 0.2948665 0.85648 0.08205568 0.8522348 0.08205604 0.8931431 0.05257076 0.8522347 0.1622614 0.9752891 0.1064659 0.9752889 0.1878497 0.85648 0.05257111 0.9822502 0.05257076 0.8931432 0.08205652 0.98225 0.2948665 0.85648 0.2692784 0.9752889 0.1878947 0.85648 0.08205604 0.8931431 0.05257076 0.8931432 0.08205568 0.8522348 0.08205568 0.8522348 0.05257076 0.8522347 0.08205652 0.7631298 0.1878497 0.85648 0.1622614 0.9752891 0.08087801 0.85648 0.05257076 0.8931432 0.08205604 0.8931431 0.05257111 0.9822502 0.2948665 0.85648 0.2692784 0.9752889 0.1878947 0.85648 0.08205568 0.8522348 0.08205604 0.8931431 0.05257076 0.8522347 0.08205568 0.8522348 0.05257076 0.8522347 0.08205652 0.7631298 0.1622614 0.9752891 0.1064659 0.9752889 0.1878497 0.85648 0.05257111 0.9822502 0.05257076 0.8931432 0.08205652 0.98225 0.2948665 0.85648 0.2692784 0.9752889 0.1878947 0.85648 0.08205568 0.8522348 0.08205604 0.8931431 0.05257076 0.8522347 0.08205652 0.7631298 0.08205568 0.8522348 0.05257195 0.7631296 0.1878497 0.85648 0.1622614 0.9752891 0.08087801 0.85648 0.05257111 0.9822502 0.05257076 0.8931432 0.08205652 0.98225 0.2948665 0.85648 0.2692784 0.9752889 0.1878947 0.85648 0.08205604 0.8931431 0.05257076 0.8931432 0.08205568 0.8522348 0.08205568 0.8522348 0.05257076 0.8522347 0.08205652 0.7631298 0.1878497 0.85648 0.1622614 0.9752891 0.08087801 0.85648 0.05257111 0.9822502 0.05257076 0.8931432 0.08205652 0.98225 0.2948665 0.85648 0.2692784 0.9752889 0.1878947 0.85648 0.08205604 0.8931431 0.05257076 0.8931432 0.08205568 0.8522348 0.08205568 0.8522348 0.05257076 0.8522347 0.08205652 0.7631298 0.1622614 0.9752891 0.1064659 0.9752889 0.1878497 0.85648 0.05257111 0.9822502 0.05257076 0.8931432 0.08205652 0.98225 0.2692784 0.9752889 0.2134829 0.9752888 0.2948665 0.85648 0.08205604 0.8931431 0.05257076 0.8931432 0.08205568 0.8522348 0.08205652 0.7631298 0.08205568 0.8522348 0.05257195 0.7631296 0.1622614 0.9752891 0.1064659 0.9752889 0.1878497 0.85648 0.05257076 0.8931432 0.08205604 0.8931431 0.05257111 0.9822502 0.2692784 0.9752889 0.2134829 0.9752888 0.2948665 0.85648 0.08205604 0.8931431 0.05257076 0.8931432 0.08205568 0.8522348 0.08205652 0.7631298 0.08205568 0.8522348 0.05257195 0.7631296 0.1878497 0.85648 0.1622614 0.9752891 0.08087801 0.85648 0.05257076 0.8931432 0.08205604 0.8931431 0.05257111 0.9822502 0.2948665 0.85648 0.2692784 0.9752889 0.1878947 0.85648 0.08205604 0.8931431 0.05257076 0.8931432 0.08205568 0.8522348 0.08205652 0.7631298 0.08205568 0.8522348 0.05257195 0.7631296 0.1622614 0.9752891 0.1064659 0.9752889 0.1878497 0.85648 0.05257111 0.9822502 0.05257076 0.8931432 0.08205652 0.98225 0.2692784 0.9752889 0.2134829 0.9752888 0.2948665 0.85648 0.08205604 0.8931431 0.05257076 0.8931432 0.08205568 0.8522348 0.08205652 0.7631298 0.08205568 0.8522348 0.05257195 0.7631296 0.1622614 0.9752891 0.1064659 0.9752889 0.1878497 0.85648 0.05257111 0.9822502 0.05257076 0.8931432 0.08205652 0.98225 0.2948665 0.85648 0.2692784 0.9752889 0.1878947 0.85648 0.08205568 0.8522348 0.08205604 0.8931431 0.05257076 0.8522347 0.08205568 0.8522348 0.05257076 0.8522347 0.08205652 0.7631298 0.1622614 0.9752891 0.1064659 0.9752889 0.1878497 0.85648 0.05257076 0.8931432 0.08205604 0.8931431 0.05257111 0.9822502 0.2948665 0.85648 0.2692784 0.9752889 0.1878947 0.85648 0.08205604 0.8931431 0.05257076 0.8931432 0.08205568 0.8522348 0.08205652 0.7631298 0.08205568 0.8522348 0.05257195 0.7631296 0.1878497 0.85648 0.1622614 0.9752891 0.08087801 0.85648 0.05257111 0.9822502 0.05257076 0.8931432 0.08205652 0.98225 0.2948665 0.85648 0.2692784 0.9752889 0.1878947 0.85648 0.08205568 0.8522348 0.08205604 0.8931431 0.05257076 0.8522347 0.08205652 0.7631298 0.08205568 0.8522348 0.05257195 0.7631296 0.1622614 0.9752891 0.1064659 0.9752889 0.1878497 0.85648 0.05257076 0.8931432 0.08205604 0.8931431 0.05257111 0.9822502 0.2692784 0.9752889 0.2134829 0.9752888 0.2948665 0.85648 0.08205568 0.8522348 0.08205604 0.8931431 0.05257076 0.8522347 0.08205568 0.8522348 0.05257076 0.8522347 0.08205652 0.7631298 0.1878497 0.85648 0.1622614 0.9752891 0.08087801 0.85648 0.05257076 0.8931432 0.08205604 0.8931431 0.05257111 0.9822502 0.2692784 0.9752889 0.2134829 0.9752888 0.2948665 0.85648 0.08205604 0.8931431 0.05257076 0.8931432 0.08205568 0.8522348 0.08205568 0.8522348 0.05257076 0.8522347 0.08205652 0.7631298 0.1622614 0.9752891 0.1064659 0.9752889 0.1878497 0.85648 0.05257076 0.8931432 0.08205604 0.8931431 0.05257111 0.9822502 0.2692784 0.9752889 0.2134829 0.9752888 0.2948665 0.85648 0.08205568 0.8522348 0.08205604 0.8931431 0.05257076 0.8522347 0.08205568 0.8522348 0.05257076 0.8522347 0.08205652 0.7631298 0.1622614 0.9752891 0.1064659 0.9752889 0.1878497 0.85648 0.05257076 0.8931432 0.08205604 0.8931431 0.05257111 0.9822502 0.2948665 0.85648 0.2692784 0.9752889 0.1878947 0.85648 0.08205568 0.8522348 0.08205604 0.8931431 0.05257076 0.8522347 0.08205568 0.8522348 0.05257076 0.8522347 0.08205652 0.7631298 0.1622614 0.9752891 0.1064659 0.9752889 0.1878497 0.85648 0.05257076 0.8931432 0.08205604 0.8931431 0.05257111 0.9822502 0.2948665 0.85648 0.2692784 0.9752889 0.1878947 0.85648 0.08205568 0.8522348 0.08205604 0.8931431 0.05257076 0.8522347 0.08205568 0.8522348 0.05257076 0.8522347 0.08205652 0.7631298 0.1622614 0.9752891 0.1064659 0.9752889 0.1878497 0.85648 0.05257111 0.9822502 0.05257076 0.8931432 0.08205652 0.98225 0.2948665 0.85648 0.2692784 0.9752889 0.1878947 0.85648 0.08205568 0.8522348 0.08205604 0.8931431 0.05257076 0.8522347 0.08205568 0.8522348 0.05257076 0.8522347 0.08205652 0.7631298 0.1878497 0.85648 0.1622614 0.9752891 0.08087801 0.85648 0.05257076 0.8931432 0.08205604 0.8931431 0.05257111 0.9822502 0.2948665 0.85648 0.2692784 0.9752889 0.1878947 0.85648 0.08205604 0.8931431 0.05257076 0.8931432 0.08205568 0.8522348 0.08205568 0.8522348 0.05257076 0.8522347 0.08205652 0.7631298 0.1622614 0.9752891 0.1064659 0.9752889 0.1878497 0.85648 0.05257111 0.9822502 0.05257076 0.8931432 0.08205652 0.98225 0.2948665 0.85648 0.2692784 0.9752889 0.1878947 0.85648 0.08205568 0.8522348 0.08205604 0.8931431 0.05257076 0.8522347 0.1622614 0.9752891 0.1064659 0.9752889 0.1878497 0.85648 0.05257111 0.9822502 0.05257076 0.8931432 0.08205652 0.98225 0.2948665 0.85648 0.2692784 0.9752889 0.1878947 0.85648 0.08205568 0.8522348 0.08205604 0.8931431 0.05257076 0.8522347 0.08205652 0.7631298 0.08205568 0.8522348 0.05257195 0.7631296 0.1622614 0.9752891 0.1064659 0.9752889 0.1878497 0.85648 0.05257111 0.9822502 0.05257076 0.8931432 0.08205652 0.98225 0.2948665 0.85648 0.2692784 0.9752889 0.1878947 0.85648 0.08205604 0.8931431 0.05257076 0.8931432 0.08205568 0.8522348 0.08205568 0.8522348 0.05257076 0.8522347 0.08205652 0.7631298 0.1622614 0.9752891 0.1064659 0.9752889 0.1878497 0.85648 0.05257111 0.9822502 0.05257076 0.8931432 0.08205652 0.98225 0.2948665 0.85648 0.2692784 0.9752889 0.1878947 0.85648 0.08205604 0.8931431 0.05257076 0.8931432 0.08205568 0.8522348 0.08205568 0.8522348 0.05257076 0.8522347 0.08205652 0.7631298 0.1622614 0.9752891 0.1064659 0.9752889 0.1878497 0.85648 0.05257111 0.9822502 0.05257076 0.8931432 0.08205652 0.98225 0.2948665 0.85648 0.2692784 0.9752889 0.1878947 0.85648 0.08205568 0.8522348 0.08205604 0.8931431 0.05257076 0.8522347 0.08205568 0.8522348 0.05257076 0.8522347 0.08205652 0.7631298 0.1622614 0.9752891 0.1064659 0.9752889 0.1878497 0.85648 0.05257111 0.9822502 0.05257076 0.8931432 0.08205652 0.98225 0.2948665 0.85648 0.2692784 0.9752889 0.1878947 0.85648 0.08205604 0.8931431 0.05257076 0.8931432 0.08205568 0.8522348 0.08205652 0.7631298 0.08205568 0.8522348 0.05257195 0.7631296 0.1878497 0.85648 0.1622614 0.9752891 0.08087801 0.85648 0.05257076 0.8931432 0.08205604 0.8931431 0.05257111 0.9822502 0.2948665 0.85648 0.2692784 0.9752889 0.1878947 0.85648 0.08205568 0.8522348 0.08205604 0.8931431 0.05257076 0.8522347 0.08205652 0.7631298 0.08205568 0.8522348 0.05257195 0.7631296 0.1622614 0.9752891 0.1064659 0.9752889 0.1878497 0.85648 0.05257076 0.8931432 0.08205604 0.8931431 0.05257111 0.9822502 0.2948665 0.85648 0.2692784 0.9752889 0.1878947 0.85648 0.08205604 0.8931431 0.05257076 0.8931432 0.08205568 0.8522348 0.08205568 0.8522348 0.05257076 0.8522347 0.08205652 0.7631298 0.1622614 0.9752891 0.1064659 0.9752889 0.1878497 0.85648 0.05257076 0.8931432 0.08205604 0.8931431 0.05257111 0.9822502 0.2948665 0.85648 0.2692784 0.9752889 0.1878947 0.85648 0.08205568 0.8522348 0.08205604 0.8931431 0.05257076 0.8522347 0.08205568 0.8522348 0.05257076 0.8522347 0.08205652 0.7631298 0.1622614 0.9752891 0.1064659 0.9752889 0.1878497 0.85648 0.2948665 0.85648 0.2692784 0.9752889 0.1878947 0.85648 0.08205604 0.8931431 0.05257076 0.8931432 0.08205568 0.8522348 0.08205568 0.8522348 0.05257076 0.8522347 0.08205652 0.7631298 0.1622614 0.9752891 0.1064659 0.9752889 0.1878497 0.85648 0.05257111 0.9822502 0.05257076 0.8931432 0.08205652 0.98225 0.2692784 0.9752889 0.2134829 0.9752888 0.2948665 0.85648 0.08205604 0.8931431 0.05257076 0.8931432 0.08205568 0.8522348 0.08205652 0.7631298 0.08205568 0.8522348 0.05257195 0.7631296 0.1622614 0.9752891 0.1064659 0.9752889 0.1878497 0.85648 0.05257076 0.8931432 0.08205604 0.8931431 0.05257111 0.9822502 0.2948665 0.85648 0.2692784 0.9752889 0.1878947 0.85648 0.08205604 0.8931431 0.05257076 0.8931432 0.08205568 0.8522348 0.08205568 0.8522348 0.05257076 0.8522347 0.08205652 0.7631298 0.1622614 0.9752891 0.1064659 0.9752889 0.1878497 0.85648 0.05257111 0.9822502 0.05257076 0.8931432 0.08205652 0.98225 0.2692784 0.9752889 0.2134829 0.9752888 0.2948665 0.85648 0.08205604 0.8931431 0.05257076 0.8931432 0.08205568 0.8522348 0.08205568 0.8522348 0.05257076 0.8522347 0.08205652 0.7631298 0.1622614 0.9752891 0.1064659 0.9752889 0.1878497 0.85648 0.05257076 0.8931432 0.08205604 0.8931431 0.05257111 0.9822502 0.2948665 0.85648 0.2692784 0.9752889 0.1878947 0.85648 0.08205568 0.8522348 0.08205604 0.8931431 0.05257076 0.8522347 0.08205568 0.8522348 0.05257076 0.8522347 0.08205652 0.7631298 0.1878497 0.85648 0.1622614 0.9752891 0.08087801 0.85648 0.05257076 0.8931432 0.08205604 0.8931431 0.05257111 0.9822502 0.2692784 0.9752889 0.2134829 0.9752888 0.2948665 0.85648 0.08205568 0.8522348 0.08205604 0.8931431 0.05257076 0.8522347 0.08205568 0.8522348 0.05257076 0.8522347 0.08205652 0.7631298 0.1878497 0.85648 0.1622614 0.9752891 0.08087801 0.85648 0.05257076 0.8931432 0.08205604 0.8931431 0.05257111 0.9822502 0.2692784 0.9752889 0.2134829 0.9752888 0.2948665 0.85648 0.08205568 0.8522348 0.08205604 0.8931431 0.05257076 0.8522347 0.1622614 0.9752891 0.1064659 0.9752889 0.1878497 0.85648 0.05257076 0.8931432 0.08205604 0.8931431 0.05257111 0.9822502 0.2948665 0.85648 0.2692784 0.9752889 0.1878947 0.85648 0.08205568 0.8522348 0.08205604 0.8931431 0.05257076 0.8522347 0.08205568 0.8522348 0.05257076 0.8522347 0.08205652 0.7631298 0.1622614 0.9752891 0.1064659 0.9752889 0.1878497 0.85648 0.05257076 0.8931432 0.08205604 0.8931431 0.05257111 0.9822502 0.2948665 0.85648 0.2692784 0.9752889 0.1878947 0.85648 0.08205568 0.8522348 0.08205604 0.8931431 0.05257076 0.8522347 0.08205568 0.8522348 0.05257076 0.8522347 0.08205652 0.7631298 0.1622614 0.9752891 0.1064659 0.9752889 0.1878497 0.85648 0.05257076 0.8931432 0.08205604 0.8931431 0.05257111 0.9822502 0.2692784 0.9752889 0.2134829 0.9752888 0.2948665 0.85648 0.08205568 0.8522348 0.08205604 0.8931431 0.05257076 0.8522347 0.08205568 0.8522348 0.05257076 0.8522347 0.08205652 0.7631298 0.1622614 0.9752891 0.1064659 0.9752889 0.1878497 0.85648 0.05257111 0.9822502 0.05257076 0.8931432 0.08205652 0.98225 0.2692784 0.9752889 0.2134829 0.9752888 0.2948665 0.85648 0.08205604 0.8931431 0.05257076 0.8931432 0.08205568 0.8522348 0.08205568 0.8522348 0.05257076 0.8522347 0.08205652 0.7631298 0.1878497 0.85648 0.1622614 0.9752891 0.08087801 0.85648 0.05257076 0.8931432 0.08205604 0.8931431 0.05257111 0.9822502 0.2948665 0.85648 0.2692784 0.9752889 0.1878947 0.85648 0.08205568 0.8522348 0.08205604 0.8931431 0.05257076 0.8522347 0.08205568 0.8522348 0.05257076 0.8522347 0.08205652 0.7631298 0.1622614 0.9752891 0.1064659 0.9752889 0.1878497 0.85648 0.05257076 0.8931432 0.08205604 0.8931431 0.05257111 0.9822502 0.2948665 0.85648 0.2692784 0.9752889 0.1878947 0.85648 0.08205568 0.8522348 0.08205604 0.8931431 0.05257076 0.8522347 0.08205568 0.8522348 0.05257076 0.8522347 0.08205652 0.7631298 0.1878497 0.85648 0.1622614 0.9752891 0.08087801 0.85648 0.05257111 0.9822502 0.05257076 0.8931432 0.08205652 0.98225 0.2692784 0.9752889 0.2134829 0.9752888 0.2948665 0.85648 0.08205604 0.8931431 0.05257076 0.8931432 0.08205568 0.8522348 0.08205652 0.7631298 0.08205568 0.8522348 0.05257195 0.7631296 0.1622614 0.9752891 0.1064659 0.9752889 0.1878497 0.85648 0.05257076 0.8931432 0.08205604 0.8931431 0.05257111 0.9822502 0.2692784 0.9752889 0.2134829 0.9752888 0.2948665 0.85648 0.08205604 0.8931431 0.05257076 0.8931432 0.08205568 0.8522348 0.08205568 0.8522348 0.05257076 0.8522347 0.08205652 0.7631298 0.1878497 0.85648 0.1622614 0.9752891 0.08087801 0.85648 0.05257076 0.8931432 0.08205604 0.8931431 0.05257111 0.9822502 0.2948665 0.85648 0.2692784 0.9752889 0.1878947 0.85648 0.08205568 0.8522348 0.08205604 0.8931431 0.05257076 0.8522347 0.08205568 0.8522348 0.05257076 0.8522347 0.08205652 0.7631298 0.1878497 0.85648 0.1622614 0.9752891 0.08087801 0.85648 0.2692784 0.9752889 0.2134829 0.9752888 0.2948665 0.85648 0.08205604 0.8931431 0.05257076 0.8931432 0.08205568 0.8522348 0.4139357 0.6506696 0.5356863 0.6502026 0.4058552 0.001280665 0.2482306 -0.002273738 0.2313816 0.6488923 0.05804079 -0.00480324 0.326099 0.6534218 0.5098298 0.6528427 0.3289849 0.006785035 0.2529955 0.6519103 0.01174587 0.6514794 0.2549385 0.003762066 0.4988229 0.00441128 0.4849379 0.6522349 0.2549385 0.003762066 0.0455625 0.6553638 0.326099 0.6534218 0.0454005 0.01066905 0.05804079 -0.00480324 0.05466049 0.6476276 0.2693436 -0.008482038 0.5338768 3.4675e-4 0.5356863 0.6502026 0.2482306 -0.002273738 0.003227949 0.002900183 0.004175961 0.6514794 0.4058552 0.001280665 0.5374956 0.7891364 0.4220162 0.7891364 0.5338768 3.4675e-4 0.05128026 0.7891364 0.2145326 0.7891364 0.05804079 -0.00480324 0.3232132 0.7891364 0.3289849 0.006785035 0.508215 0.7891364 0.005123913 0.7891364 0.1662546 0.7891364 0.003227949 0.002900183 0.1662546 0.7891364 0.3152579 0.7891364 0.1688868 0.003762066 0.04572463 0.7891364 0.0454005 0.01066905 0.3232132 0.7891364 0.05128026 0.7891364 0.05804079 -0.00480324 0.2693434 0.7891364 0.2145326 0.7891364 0.5374956 0.7891364 0.2482306 -0.002273738 0.4220162 0.7891364 0.005123913 0.7891364 0.4058552 0.001280665 0.4220162 0.7891364 0.5374956 0.7891364 0.4220162 0.7891364 0.005123913 0.7891364 0.4220162 0.7891364 0.005123913 0.7891364 0.04572463 0.7891364 0.3232132 0.7891364 0.04572463 0.7891364 0.3232132 0.7891364 0.3232132 0.7891364 0.508215 0.7891364 0.05128026 0.7891364 0.05128026 0.7891364 0.2693434 0.7891364 0.5374956 0.7891364 0.5374956 0.7891364 0.2145326 0.7891364 0.2145326 0.7891364 0.05128026 0.7891364 0.2145326 0.7891364 0.3152579 0.7891364 0.1662546 0.7891364 0.3152579 0.7891364 0.1662546 0.7891364 0.005123913 0.7891364 0.1662546 0.7891364 0.4139357 0.6506696 0.4220162 0.7891364 0.5356863 0.6502026 0.2313816 0.6488923 0.2145326 0.7891364 0.05466049 0.6476276 0.3232132 0.7891364 0.508215 0.7891364 0.326099 0.6534218 0.1675708 0.6519103 0.1662546 0.7891364 0.004175961 0.6514794 0.324662 0.6522349 0.3152579 0.7891364 0.1675708 0.6519103 0.04572463 0.7891364 0.3232132 0.7891364 0.0455625 0.6553638 0.05128026 0.7891364 0.2693434 0.7891364 0.05466049 0.6476276 0.5356863 0.6502026 0.5374956 0.7891364 0.2313816 0.6488923 0.004175961 0.6514794 0.005123913 0.7891364 0.4139357 0.6506696 0.3179631 0.6482707 0.3884231 0.6482707 0.3106957 0.6749793 0.3368458 0.6482707 0.4206122 0.6482707 0.3308011 0.6749793 0.2858473 0.6749793 0.3081046 0.6482707 0.4449045 0.6749793 0.4737136 0.6482707 0.4523842 0.6749793 0.2770318 0.6482707 0.4480739 0.6749793 0.3015097 0.6749793 0.4420839 0.6482707 0.2583073 0.6749793 0.274282 0.6482707 0.4398474 0.6749793 0.2220242 0.6749793 0.2353817 0.6482707 0.5219671 0.6749793 0.2063418 0.6749793 0.2236731 0.6482707 0.5273328 0.6749793 0.9345355 0.7258076 0.9365378 0.7370808 0.9948778 0.7257316 0.8440573 0.7255182 0.839882 0.7369361 0.7564703 0.7253122 0.8902863 0.7373049 0.9816625 0.7372577 0.8910015 0.7262557 0.8124312 0.7260096 0.812105 0.7371818 0.731449 0.7259395 0.8902892 0.7260625 0.8879588 0.7372083 0.8124312 0.7260096 0.9816625 0.7372577 0.8879588 0.7372083 0.9820628 0.7261614 0.7519612 0.7265719 0.7520013 0.7374629 0.8910015 0.7262557 0.7556327 0.7368331 0.8628721 0.7366834 0.7564703 0.7253122 0.9948778 0.7257316 0.9953261 0.7370428 0.8440573 0.7255182 0.731449 0.7259395 0.7316839 0.7371467 0.9345355 0.7258076 0.9385402 0.748354 0.9957746 0.748354 0.9365378 0.7370808 0.839882 0.7369361 0.8357067 0.748354 0.7556327 0.7368331 0.8895713 0.748354 0.9812625 0.748354 0.8902863 0.7373049 0.811779 0.748354 0.7319188 0.748354 0.812105 0.7371818 0.8879588 0.7372083 0.8856284 0.748354 0.812105 0.7371818 0.9816625 0.7372577 0.9812625 0.748354 0.8879588 0.7372083 0.7520413 0.748354 0.8895713 0.748354 0.7520013 0.7374629 0.7556327 0.7368331 0.7547951 0.748354 0.8628721 0.7366834 0.9953261 0.7370428 0.9957746 0.748354 0.839882 0.7369361 0.7316839 0.7371467 0.7319188 0.748354 0.9365378 0.7370808 0.508215 0.7891364 0.508215 0.7891364 0.4830058 0.7891364 0.4500583 0.7891364 0.4465151 0.7891364 0.4373641 0.7891364 0.5098298 0.6528427 0.508215 0.7891364 0.4892226 0.6527751 0.4830058 0.7891364 0.4974269 0.7891364 0.4791979 0.7891364 0.640751 0.816814 0.640751 0.689466 0.711496 0.689466 0.711496 0.816814 0.640751 0.816814 0.711496 0.689466 0.640751 0.816814 0.640751 0.689466 0.711496 0.689466 0.711496 0.816814 0.640751 0.816814 0.711496 0.689466 0.640751 0.816814 0.640751 0.689466 0.711496 0.689466 0.711496 0.816814 0.640751 0.816814 0.711496 0.689466 0.640751 0.816814 0.640751 0.689466 0.711496 0.689466 0.711496 0.816814 0.640751 0.816814 0.711496 0.689466 0.9342271 0.3138418 0.9338106 0.1147409 0.8532235 0.1152566 0.2764962 0.9582796 0.275985 0.7138778 0.177062 0.7145108 0.1818466 0.7228524 0.2776985 0.722239 0.2781939 0.9590532 0.3480053 0.8225644 0.3487789 0.8547835 0.1119647 0.8547835 0.1823421 0.8547835 0.2781939 0.8547835 0.2764962 0.8225644 0.112578 0.8547835 0.3493923 0.8547835 0.3486382 0.8225644 0.275985 0.8225644 0.2776985 0.8547835 0.1818466 0.8547835 0.3774238 0.6941142 0.2091643 0.6941142 0.2091643 0.9456893 0.755022 0.980532 0.19704 0.897061 0.48532 0.897314</float_array>
          <technique_common>
            <accessor source="#Cube_008Mesh-mesh-map-0-array" count="9462" stride="2">
              <param name="S" type="float"/>
              <param name="T" type="float"/>
            </accessor>
          </technique_common>
        </source>
        <source id="Cube_008Mesh-mesh-map-1">
          <float_array id="Cube_008Mesh-mesh-map-1-array" count="18924">0.5779426 0.9243665 0.5765652 0.9242777 0.5765651 0.8450577 0.5765651 0.8450577 0.5765652 0.9242777 0.5750783 0.9243544 0.9131436 0.9303711 0.9131436 0.8508472 0.9150692 0.8508752 0.6375775 0.8519552 0.6394382 0.8519369 0.6394382 0.9314469 0.9443778 0.7467148 0.9443778 0.8214871 0.9426099 0.821438 0.8843423 0.1612707 0.8825406 0.1639133 0.8825406 0.162051 0.8843423 0.1612707 0.8854557 0.1626507 0.8825406 0.1639133 0.8854557 0.1626507 0.8843423 0.1642839 0.8825406 0.1639133 0.9966658 0.1179739 0.9983928 0.1186087 0.9983928 0.1204172 0.9955986 0.1193899 0.9966658 0.1179739 0.9983928 0.1204172 0.9955986 0.1193899 0.9983928 0.1204172 0.9966658 0.1209 0.890731 0.9197298 0.8893536 0.919641 0.8893536 0.840421 0.8893536 0.840421 0.8893536 0.919641 0.8878668 0.9197177 0.566107 0.9284529 0.566107 0.848929 0.5680328 0.8489571 0.6243953 0.9314469 0.6225345 0.9314653 0.6225345 0.8519552 0.7681919 0.8704046 0.7681919 0.9451769 0.7664239 0.9451279 0.8776904 0.246232 0.8758888 0.2488747 0.8758888 0.2470124 0.8776904 0.246232 0.8788039 0.247612 0.8758888 0.2488747 0.8788039 0.247612 0.8776904 0.2492453 0.8758888 0.2488747 0.9966657 0.1058146 0.9983927 0.1064494 0.9983927 0.108258 0.9955984 0.1072306 0.9966657 0.1058146 0.9983927 0.108258 0.9955984 0.1072306 0.9983927 0.108258 0.9966658 0.1087407 0.2939291 0.9364063 0.2921095 0.9364342 0.2921094 0.8569101 0.2521726 0.9364097 0.2503328 0.9363946 0.2503328 0.8571962 0.9332324 0.9303381 0.9332324 0.8508284 0.935081 0.8508791 0.4808059 0.9214005 0.4791972 0.921814 0.4791972 0.8469553 0.4821749 0.8469244 0.4821749 0.9217832 0.4808059 0.9214005 0.8246204 0.3720879 0.8229126 0.3693814 0.8246204 0.3701224 0.8246204 0.3720879 0.821857 0.370889 0.8229126 0.3693814 0.8246204 0.3720879 0.8229126 0.3725616 0.821857 0.370889 0.9955985 0.04691374 0.9955985 0.04500269 0.9972361 0.04439562 0.9955985 0.04691374 0.9972361 0.04439562 0.9982482 0.04593139 0.9972361 0.04748767 0.9955985 0.04691374 0.9982482 0.04593139 0.2839828 0.9364063 0.2821632 0.9364342 0.2821632 0.8569101 0.2471792 0.9364095 0.2453394 0.9363945 0.2453395 0.857196 0.647606 0.9314467 0.647606 0.851937 0.6494545 0.8519878 0.4869371 0.9214007 0.4853285 0.9218142 0.4853284 0.8469555 0.4883061 0.8469246 0.4883061 0.9217833 0.4869371 0.9214007 0.8652412 0.5797964 0.8622899 0.5785589 0.8641139 0.5781864 0.8652412 0.5797964 0.8622899 0.5803992 0.8622899 0.5785589 0.8652412 0.5797964 0.8641139 0.581164 0.8622899 0.5803992 0.9962306 0.09045082 0.9955985 0.08864736 0.9969431 0.08753275 0.9962306 0.09045082 0.9969431 0.08753275 0.9984062 0.0886473 0.9979659 0.09045082 0.9962306 0.09045082 0.9984062 0.0886473 0.9216695 0.3595961 0.9234807 0.3595628 0.9234807 0.4612988 0.9099899 0.9357706 0.9081496 0.9357358 0.9081496 0.8404209 0.9170605 0.5918304 0.918892 0.5919028 0.918892 0.6936294 0.8928736 0.4750347 0.8928737 0.5766507 0.8912957 0.5767665 0.8942722 0.4750918 0.8942722 0.5767078 0.8928737 0.5766507 0.8305332 0.3720937 0.8288279 0.3693815 0.8305332 0.3701257 0.8305332 0.3720937 0.827774 0.3708897 0.8288279 0.3693815 0.8305332 0.3720937 0.8288279 0.3725658 0.827774 0.3708897 0.9966387 0.01676779 0.9955985 0.01515448 0.9966388 0.01374804 0.9966387 0.01676779 0.9966388 0.01374804 0.998322 0.01449215 0.998322 0.01635849 0.9966387 0.01676779 0.998322 0.01449215 0.8898723 0.3595943 0.8914018 0.3595628 0.8914018 0.4613029 0.9383402 0.6873398 0.9366276 0.6870717 0.9366276 0.5918304 0.9083713 0.3406403 0.9083714 0.2389066 0.9103527 0.2389662 0.8881952 0.3596579 0.8898723 0.3595943 0.8898723 0.4613345 0.9286736 0.5918604 0.9286737 0.6934664 0.9269763 0.6934366 0.8576275 0.06000834 0.8546749 0.0587694 0.8564997 0.05839759 0.8576275 0.06000834 0.8546749 0.06060999 0.8546749 0.0587694 0.8576275 0.06000834 0.8564997 0.06137567 0.8546749 0.06060999 0.9966476 0.0536282 0.9955985 0.0520752 0.9966475 0.05064123 0.9966476 0.0536282 0.9966475 0.05064123 0.9983449 0.05130797 0.9983449 0.05315405 0.9966476 0.0536282 0.9983449 0.05130797 0.9002948 0.5702617 0.898867 0.5707204 0.8988669 0.4754936 0.8988669 0.4754936 0.898867 0.5707204 0.8974259 0.5702866 0.9119105 0.1549738 0.9119105 0.0532357 0.9138202 0.05328994 0.9120033 0.5918886 0.913907 0.5918305 0.913907 0.6935726 0.9232262 0.7466656 0.9249996 0.7466691 0.9249995 0.8482734 0.8527133 0.6604889 0.8509112 0.6631363 0.8509112 0.6612721 0.8527133 0.6604889 0.853827 0.6618689 0.8509112 0.6631363 0.853827 0.6618689 0.8527133 0.6635051 0.8509112 0.6631363 0.9972882 0.05678176 0.9983325 0.05830293 0.9972882 0.05978053 0.9955985 0.05731916 0.9972882 0.05678176 0.9972882 0.05978053 0.9955985 0.05731916 0.9972882 0.05978053 0.9955985 0.05917257 0.9220457 0.6936083 0.9220457 0.5918778 0.9238228 0.5918306 0.8981708 0.842346 0.8965976 0.8426381 0.8965977 0.7471278 0.8965976 0.8426381 0.8949946 0.842176 0.8949946 0.7466657 0.913459 0.3595627 0.913459 0.4612017 0.9114996 0.4612737 0.9284923 0.3406372 0.9284923 0.2389169 0.9301674 0.2389065 0.8888702 0.1596539 0.8888702 0.1578196 0.8906962 0.1574583 0.8918247 0.1590692 0.8888702 0.1596539 0.8906962 0.1574583 0.8918247 0.1590692 0.8906961 0.1604261 0.8888702 0.1596539 0.8949782 0.158899 0.89599 0.1574584 0.8976271 0.1582531 0.89599 0.160584 0.8949782 0.158899 0.8976271 0.1582531 0.8976271 0.1601849 0.89599 0.160584 0.8976271 0.1582531 0.5013666 0.9234942 0.5000301 0.923408 0.5000301 0.8465418 0.5000301 0.8465418 0.5000301 0.923408 0.4985874 0.9234825 0.4591273 0.938561 0.4591273 0.8613998 0.4609958 0.861427 0.1694615 0.9394098 0.167656 0.9394276 0.167656 0.8622799 0.9481237 0.1510867 0.9481237 0.2236374 0.9464083 0.2235898 0.9409027 0.4705532 0.9380388 0.4693576 0.9398088 0.4689935 0.9409027 0.4705532 0.9398088 0.4718812 0.9380388 0.4693576 0.9398088 0.4718812 0.9380388 0.4711423 0.9380388 0.4693576 0.9966341 0.220771 0.9983097 0.221387 0.9983097 0.2231417 0.9955985 0.2221449 0.9966341 0.220771 0.9983097 0.2231417 0.9955985 0.2221449 0.9983097 0.2231417 0.9966341 0.2236101 0.3623132 0.7596338 0.3609766 0.7595477 0.3609766 0.6826815 0.3609766 0.6826815 0.3609766 0.7595477 0.359534 0.7596222 0.4490832 0.938561 0.4490832 0.8613998 0.4509517 0.861427 0.1793796 0.9394098 0.1775741 0.9394276 0.1775741 0.8622799 0.9479444 0.3596104 0.9479444 0.4321611 0.9462289 0.4321135 0.9314819 0.7365182 0.9297338 0.7390824 0.9297338 0.7372754 0.9314819 0.7365182 0.9325623 0.7378572 0.9297338 0.7390824 0.9325623 0.7378572 0.9314819 0.739442 0.9297338 0.7390824 0.9966342 0.2147783 0.9983098 0.2153943 0.9983098 0.217149 0.9955986 0.2161522 0.9966342 0.2147783 0.9983098 0.217149 0.9955986 0.2161522 0.9983098 0.217149 0.9966342 0.2176175 0.4373377 0.9401895 0.4355722 0.9402166 0.4355722 0.8630552 0.01321965 0.9424588 0.01143449 0.9424442 0.01143449 0.8655988 0.4207639 0.9401757 0.4207639 0.8630282 0.4225575 0.8630774 0.3238177 0.9197815 0.3222568 0.9201827 0.3222568 0.8475481 0.325146 0.8475181 0.3251461 0.9201527 0.3238177 0.9197815 0.9034619 0.1600844 0.9018048 0.1574584 0.9034619 0.1581773 0.9034619 0.1600844 0.9007807 0.1589211 0.9018048 0.1574584 0.9034619 0.1600844 0.9018048 0.1605441 0.9007807 0.1589211 0.9955986 0.1982266 0.9966189 0.1966784 0.9982698 0.1970608 0.9955986 0.1982266 0.9982698 0.1970608 0.9982698 0.1988455 0.9966189 0.199566 0.9955986 0.1982266 0.9982698 0.1988455 0.00334227 0.9427602 0.001576721 0.9427871 0.001576721 0.8656259 0.008280992 0.9424588 0.006495833 0.9424442 0.006495833 0.8655987 0.9382345 0.9279758 0.9382345 0.8508284 0.9400281 0.8508777 0.3177749 0.9197815 0.316214 0.9201828 0.3162141 0.8475481 0.3191033 0.8475182 0.3191033 0.9201527 0.3177749 0.9197815 0.3885632 0.9279517 0.3876684 0.9249783 0.389073 0.926114 0.3885632 0.9279517 0.3862904 0.926114 0.3876684 0.9249783 0.3885632 0.9279517 0.3868435 0.9279517 0.3862904 0.926114 0.9955985 0.1921854 0.9966188 0.1906371 0.9982697 0.1910196 0.9955985 0.1921854 0.9982697 0.1910196 0.9982697 0.1928043 0.9966188 0.1935248 0.9955985 0.1921854 0.9982697 0.1928043 0.9268271 0.05327099 0.9285846 0.0532357 0.9285846 0.1542026 0.9383979 0.1478855 0.9366122 0.1478503 0.9366123 0.05323576 0.9235617 0.2389066 0.9253388 0.2389803 0.9253388 0.339938 0.8960864 0.3595628 0.8960864 0.4604133 0.8945554 0.460528 0.8974435 0.3596184 0.8974435 0.460469 0.8960864 0.4604133 0.9277773 0.5792762 0.9260271 0.5818457 0.9260271 0.5800402 0.9277773 0.5792762 0.9277774 0.5821975 0.9260271 0.5818457 0.9277773 0.5792762 0.928859 0.5806095 0.9277774 0.5821975 0.996608 0.1693755 0.9955986 0.1678105 0.996608 0.1664466 0.996608 0.1693755 0.996608 0.1664466 0.9982411 0.1671686 0.9982411 0.1689788 0.996608 0.1693755 0.9982411 0.1671686 0.8904974 0.05326902 0.8919814 0.05323576 0.8919814 0.1542064 0.9397596 0.3337113 0.938098 0.3334498 0.938098 0.2389066 0.9134271 0.5759989 0.9134271 0.4750346 0.9153496 0.4750962 0.8888701 0.1543048 0.8888701 0.05333411 0.8904974 0.05326902 0.933474 0.5918596 0.933474 0.6927003 0.931827 0.6926712 0.3407592 0.9244576 0.337894 0.923255 0.3396648 0.9228945 0.3407592 0.9244576 0.337894 0.925041 0.337894 0.923255 0.3407592 0.9244576 0.3396648 0.9257842 0.337894 0.925041 0.9966165 0.1814344 0.9955986 0.1799283 0.9966164 0.1785374 0.9966165 0.1814344 0.9966164 0.1785374 0.9982634 0.179184 0.9982634 0.1809744 0.9966165 0.1814344 0.9982634 0.179184 0.9041082 0.841195 0.9027227 0.8416417 0.9027227 0.7471125 0.9027227 0.7471125 0.9027227 0.8416417 0.9013245 0.8412195 0.9182196 0.8476342 0.9182196 0.7466657 0.9200726 0.7467219 0.9185611 0.2389665 0.9204082 0.2389066 0.9204082 0.339879 0.9284412 0.4750346 0.9301619 0.4750382 0.9301619 0.5758773 0.9002932 0.5754348 0.8974258 0.5742364 0.899198 0.5738739 0.9002932 0.5754348 0.899198 0.5767619 0.8974258 0.5742364 0.899198 0.5767619 0.8974258 0.5760213 0.8974258 0.5742364 0.9955986 0.1869853 0.9955986 0.1851956 0.9972453 0.1845879 0.9972452 0.1874836 0.9955986 0.1869853 0.9972453 0.1845879 0.9972452 0.1874836 0.9972453 0.1845879 0.998263 0.186002 0.9281532 0.8476749 0.9281532 0.7467141 0.9298774 0.7466657 0.9001606 0.3338738 0.8986351 0.3341612 0.8986352 0.2393522 0.8986351 0.3341612 0.8970783 0.3337156 0.8970783 0.2389066 0.9154075 0.2389066 0.9154075 0.3397827 0.9135062 0.3398488 0.9330309 0.8476232 0.9330309 0.7466744 0.9346563 0.7466657 0.9966774 0.001576781 0.9984233 0.00192213 0.9984233 0.003728389 0.9966775 0.004499316 0.9966774 0.001576781 0.9984233 0.003728389 0.9966775 0.004499316 0.9955985 0.003169536 0.9966774 0.001576781 0.9966404 0.1301331 0.9983261 0.1304057 0.9983261 0.1321716 0.9955986 0.1317304 0.9966404 0.1301331 0.9983261 0.1321716 0.9966403 0.1329903 0.9955986 0.1317304 0.9983261 0.1321716 0.8978589 0.9251002 0.8964815 0.9250114 0.8964815 0.8457915 0.8964815 0.8457915 0.8964815 0.9250114 0.8949947 0.9250882 0.5610278 0.9284528 0.5610278 0.8489289 0.5629535 0.848957 0.6193808 0.9314469 0.61752 0.9314652 0.61752 0.8519552 0.9449498 0.8508775 0.9449498 0.9256498 0.9431818 0.9256007 0.8681986 0.3716911 0.866397 0.3743338 0.866397 0.3724715 0.8681986 0.3716911 0.8693121 0.3730711 0.866397 0.3743338 0.8693121 0.3730711 0.8681986 0.3747044 0.866397 0.3743338 0.9955986 0.09606832 0.9955986 0.09422832 0.997296 0.09360432 0.9972959 0.09658145 0.9955986 0.09606832 0.997296 0.09360432 0.9972959 0.09658145 0.997296 0.09360432 0.9983449 0.09505861 0.5072992 0.9234943 0.5059627 0.9234081 0.5059627 0.8465418 0.5059627 0.8465418 0.5059627 0.9234081 0.5045201 0.9234826 0.4541052 0.9385609 0.4541053 0.8613997 0.4559738 0.8614269 0.1744206 0.9394099 0.1726151 0.9394277 0.1726151 0.86228 0.9481386 0.05328333 0.9481386 0.1258341 0.9464231 0.1257864 0.3880386 0.9311053 0.3862905 0.9336694 0.3862905 0.9318624 0.3880386 0.9311053 0.389119 0.9324442 0.3862905 0.9336694 0.389119 0.9324442 0.3880386 0.934029 0.3862905 0.9336694 0.9966341 0.2087855 0.9983098 0.2094015 0.9983098 0.2111562 0.9955986 0.2101594 0.9966341 0.2087855 0.9983098 0.2111562 0.9955986 0.2101594 0.9983098 0.2111562 0.9966342 0.2116247 0.9464329 0.714715 0.9464329 0.6697232 0.9477349 0.669436 0.9477349 0.669436 0.9490015 0.669726 0.9490015 0.7147177 0.9383347 0.7373287 0.9366277 0.7373266 0.9366276 0.6904933 0.9658303 0.1000694 0.9658303 0.05324107 0.9675211 0.05323576 0.9667641 0.66944 0.9683514 0.6694361 0.9683514 0.715718 0.9955986 0.2402746 0.9966096 0.2388331 0.9982454 0.239166 0.9966095 0.2414984 0.9955986 0.2402746 0.9982454 0.239166 0.9966095 0.2414984 0.9982454 0.239166 0.9982454 0.2408133 0.8050302 0.5918305 0.8050302 0.6637166 0.7714792 0.6639208 0.6239198 0.7768952 0.6239198 0.8487834 0.5906763 0.8486305 0.4790692 0.2489476 0.480245 0.2035579 0.5224764 0.2035272 0.1062911 0.856105 0.0689885 0.8560801 0.06793868 0.8143435 0.4954338 0.9138303 0.4954338 0.9522693 0.4924429 0.9507863 0.8836237 0.9515117 0.8807392 0.9542194 0.8807392 0.9137015 0.3542376 0.9075083 0.3562222 0.9084558 0.3562222 0.9429529 0.9449144 0.3168815 0.9449144 0.3529477 0.9429129 0.3513677 0.8110964 0.9146649 0.812755 0.915617 0.812755 0.9501141 0.8895423 0.9228832 0.8895423 0.9589626 0.8878668 0.95737 0.7142032 0.845886 0.7142032 0.9128066 0.7103413 0.9127879 0.7001723 0.8458673 0.7001723 0.912786 0.6962951 0.9128097 0.686111 0.8458673 0.686111 0.912786 0.6822338 0.9128098 0.8094189 0.9500938 0.8094189 0.9155967 0.8110964 0.9146649 0.891203 0.9573547 0.8895423 0.9589626 0.8895423 0.9228832 0.3522343 0.9429286 0.3522343 0.9084315 0.3542376 0.9075083 0.946901 0.3513494 0.9449144 0.3529477 0.9449144 0.3168815 0.8422991 0.2238272 0.8422991 0.2489742 0.8296267 0.2490538 0.6839286 0.2489104 0.6776477 0.2489382 0.6776477 0.2382608 0.7071877 0.845886 0.7071877 0.9128066 0.7033258 0.9127879 0.8294823 0.8729221 0.8294823 0.9398427 0.8272681 0.9398317 0.02619498 0.9325184 0.02619498 0.8655989 0.02866214 0.8656038 0.3711066 0.9352117 0.3711066 0.8682922 0.3735737 0.8682971 0.12311 0.8743806 0.12311 0.9413012 0.1208958 0.9412903 0.365486 0.6482095 0.4444496 0.6394615 0.4444519 0.6435879 0.4443007 0.6219034 0.444285 0.6255319 0.365486 0.6363078 0.4050344 0.7536695 0.4117285 0.8327253 0.4089234 0.8326994 0.3654985 0.6688356 0.4444631 0.6631309 0.4444429 0.6704744 0.4444656 0.5837029 0.3656915 0.5876272 0.3656817 0.5829859 0.3535104 0.6827135 0.3563805 0.6826815 0.3563805 0.7616997 0.8687305 0.3788914 0.8713278 0.3786336 0.8713278 0.4578883 0.138027 0.8063105 0.1208958 0.7625873 0.1337451 0.6800445 0.138027 0.8063105 0.1337451 0.6800445 0.1539227 0.6663914 0.138027 0.8063105 0.1539227 0.6663914 0.231966 0.6663922 0.1790764 0.8045301 0.138027 0.8063105 0.231966 0.6663922 0.1885827 0.7926145 0.1790764 0.8045301 0.231966 0.6663922 0.231966 0.7907328 0.1885827 0.7926145 0.231966 0.6663922 0.0973525 0.7943994 0.1006557 0.7979008 0.07905513 0.8111898 0.1131464 0.7138418 0.0991528 0.6729982 0.101898 0.6663914 0.007783174 0.6846168 0.003499269 0.6783548 0.04870259 0.6783549 0.01949226 0.8059335 0.07820612 0.8061786 0.07905513 0.8111898 0.0973525 0.7943994 0.1131464 0.7138418 0.1177423 0.7126362 0.0991528 0.6729982 0.05996268 0.6729983 0.05912655 0.6663914 0.05996268 0.6729983 0.04983931 0.6846168 0.04870259 0.6783549 0.1266869 0.6417777 0.1264901 0.6185937 0.2022313 0.6148254 0.2021999 0.536985 0.1264528 0.5309604 0.126685 0.4980565 0.796671 0.822287 0.7476976 0.822287 0.7525818 0.7466657 0.8232106 0.6671215 0.8232106 0.7435122 0.7476977 0.7336974 0.2022313 0.6148254 0.1264901 0.6185937 0.1264528 0.5309604 0.7170717 0.1591426 0.7199142 0.2350795 0.6776477 0.232448 0.8706633 0.2535408 0.8727632 0.3296603 0.8573246 0.3283503 0.455626 0.753305 0.4611719 0.829006 0.414882 0.829006 0.6993235 0.8426982 0.6691853 0.8427138 0.6691853 0.7767533 0.8299614 0.8402991 0.7998245 0.8403117 0.7998246 0.7466782 0.4659383 0.7805255 0.4960744 0.7806494 0.4960744 0.8433883 0.5719248 0.8456743 0.5417878 0.8457754 0.5417878 0.7576293 0.7931829 0.09844577 0.7931829 0.1921439 0.726859 0.1921352 0.2170509 0.8746415 0.1910353 0.874655 0.1910353 0.8094777 0.8556411 0.2206628 0.8296267 0.2206736 0.8296267 0.1928373 0.03877127 0.8143433 0.06478506 0.8144502 0.06478512 0.8764441 0.8258391 0.8696702 0.7998245 0.8697575 0.7998245 0.8435525 0.8550592 0.7322988 0.8263642 0.7323136 0.8263642 0.6671364 0.2333925 0.6246849 0.2333925 0.6533784 0.2055562 0.6533668 0.8296266 0.127561 0.8583196 0.1276789 0.8583196 0.1896729 0.8459661 0.4701221 0.8459661 0.4988161 0.8197613 0.4987283 0.8862105 0.1676905 0.8862105 0.2354886 0.8837866 0.2348575 0.5349547 0.8767675 0.5325176 0.8756842 0.5325176 0.7815534 0.3954101 0.8358787 0.3978257 0.8369389 0.3978257 0.900011 0.8783531 0.3430006 0.8759167 0.3417612 0.8759167 0.2531471 0.8886447 0.234855 0.8862105 0.2354886 0.8862105 0.1676905 0.5373755 0.8756821 0.5349547 0.8767675 0.5349547 0.7805255 0.3929679 0.899991 0.3929679 0.836919 0.3954101 0.8358787 0.8807746 0.341745 0.8783531 0.3430006 0.8783531 0.2523989 0.293929 0.9396004 0.293929 0.9700125 0.2901802 0.9699999 0.97618 0.3298457 0.97618 0.2994345 0.9778168 0.2994278 0.9247947 0.9341334 0.9247947 0.9645465 0.923074 0.9645456 0.7476976 0.8703556 0.7514464 0.8703681 0.7514464 0.9238882 0.9481033 0.961027 0.9481033 0.9075086 0.9497399 0.9075018 0.956658 0.2994287 0.956658 0.3529504 0.9549373 0.3529495 0.3767272 0.8682922 0.3804761 0.8683047 0.3804761 0.9218248 0.9575916 0.2924319 0.9575916 0.2389133 0.9592283 0.2389066 0.954438 0.2389075 0.954438 0.2924292 0.9527172 0.2924283 0.3008314 0.9396004 0.3008314 0.9700125 0.2970826 0.9699999 0.7831211 0.976215 0.7831211 0.9458038 0.7847578 0.9457971 0.5525796 0.9316404 0.5525796 0.9620534 0.5508588 0.9620526 0.275942 0.9396132 0.275942 0.9700253 0.2721931 0.9700127 0.9765911 0.1422241 0.9765911 0.1118129 0.9782279 0.1118062 0.1481403 0.9310476 0.1481403 0.9614606 0.1464196 0.9614597 0.873575 0.9469429 0.8772757 0.9469429 0.8769777 0.9492222 0.0453276 0.9363015 0.04899048 0.9362831 0.04874813 0.9385727 0.7992656 0.2271687 0.799293 0.2248784 0.802442 0.2248986 0.7960011 0.2248986 0.799293 0.2248784 0.7992656 0.2271687 0.04874813 0.9385727 0.04899048 0.9362831 0.051391 0.9363015 0.4730659 0.9520424 0.4765858 0.9520424 0.4760208 0.9543166 0.8740099 0.9492222 0.8769777 0.9492222 0.8769888 0.9708557 0.04581058 0.9385875 0.04874813 0.9385727 0.04882073 0.9602053 0.7992656 0.2271687 0.8017911 0.2271849 0.8018001 0.2488173 0.7966257 0.2271849 0.7992656 0.2271687 0.7992747 0.2488011 0.04874813 0.9385727 0.0506733 0.9385875 0.05074584 0.9602201 0.4731979 0.9543166 0.4760208 0.9543166 0.4759319 0.9759485 0.9729512 0.2299581 0.9761735 0.2355405 0.9729512 0.2336791 0.9729512 0.2299581 0.9761734 0.2280985 0.9761735 0.2355405 0.9761734 0.2280985 0.9793957 0.2336808 0.9761735 0.2355405 0.9761734 0.2280985 0.9793957 0.2299599 0.9793957 0.2336808 0.9671632 0.2716736 0.9708638 0.2716736 0.9705658 0.2739529 0.9081496 0.9389426 0.9118124 0.9389242 0.9115701 0.9412138 0.6880619 0.9182536 0.6880893 0.9159633 0.6912383 0.9159836 0.6847974 0.9159836 0.6880893 0.9159633 0.6880619 0.9182536 0.9115701 0.9412138 0.9118124 0.9389242 0.914213 0.9389426 0.3767273 0.9520531 0.3802472 0.9520531 0.3796821 0.9543273 0.967598 0.2739529 0.9705658 0.2739529 0.970577 0.2955863 0.9086326 0.9412285 0.9115701 0.9412138 0.9116427 0.9628464 0.6880619 0.9182536 0.6905874 0.9182698 0.6905964 0.9399023 0.685422 0.9182699 0.6880619 0.9182536 0.688071 0.939886 0.9115701 0.9412138 0.9134953 0.9412285 0.9135679 0.9628612 0.3768593 0.9543273 0.3796821 0.9543273 0.3795931 0.9759592 0.9316632 0.4718811 0.9348853 0.4662986 0.9348853 0.4700199 0.9316632 0.4718811 0.9284412 0.4700211 0.9348853 0.4662986 0.9284412 0.4700211 0.9316632 0.4644386 0.9348853 0.4662986 0.9284412 0.4700211 0.9284412 0.4662998 0.9316632 0.4644386 0.8630207 0.9469428 0.8667214 0.9469428 0.8664234 0.9492221 0.3917623 0.9372253 0.3954252 0.9372069 0.3951829 0.9394965 0.6784676 0.9182536 0.6784949 0.9159633 0.6816439 0.9159835 0.6752031 0.9159835 0.6784949 0.9159633 0.6784676 0.9182536 0.3951829 0.9394965 0.3954252 0.9372069 0.3978257 0.9372253 0.3834006 0.9520531 0.3869205 0.9520531 0.3863555 0.9543272 0.8634556 0.9492221 0.8664234 0.9492221 0.8664346 0.9708555 0.3922453 0.9395112 0.3951829 0.9394965 0.3952554 0.9611291 0.6784676 0.9182536 0.680993 0.9182698 0.681002 0.9399023 0.6758276 0.9182698 0.6784676 0.9182536 0.6784766 0.939886 0.3951829 0.9394965 0.397108 0.9395112 0.3971806 0.9611439 0.3835327 0.9543272 0.3863555 0.9543272 0.3862666 0.9759592 0.9772232 0.4073811 0.9804455 0.4129634 0.9772232 0.4111021 0.9772232 0.4073811 0.9804455 0.4055215 0.9804455 0.4129634 0.9804455 0.4055215 0.9836677 0.4111037 0.9804455 0.4129634 0.9804455 0.4055215 0.9836677 0.4073828 0.9836677 0.4111037 0.9090417 0.1674682 0.9090417 0.2352663 0.9070597 0.2346349 0.8827344 0.8429077 0.8807392 0.8418241 0.8807392 0.7476934 0.4679388 0.8465418 0.4699124 0.8476001 0.4699124 0.9106722 0.8898614 0.8372675 0.8878669 0.8360266 0.8878669 0.7474125 0.9110341 0.2346329 0.9090417 0.2352663 0.9090417 0.1674682 0.8847134 0.8418225 0.8827344 0.8429077 0.8827344 0.7466656 0.4659383 0.9106559 0.4659383 0.8475838 0.4679388 0.8465418 0.8918411 0.8360133 0.8898614 0.8372675 0.8898614 0.7466657 0.2229511 0.8755543 0.2202045 0.8755903 0.2202045 0.809467 0.8635362 0.475092 0.8635362 0.5688411 0.8607905 0.5689016 0.1123634 0.8144122 0.1151103 0.8143659 0.1151103 0.8772597 0.874839 0.8349704 0.8720931 0.8350479 0.8720931 0.7466842 0.2256972 0.8755875 0.2229511 0.8755543 0.2229511 0.8095124 0.866283 0.5688993 0.8635362 0.5688411 0.8635362 0.475092 0.1096179 0.8143433 0.1123634 0.8144122 0.1123634 0.8772285 0.8775857 0.8350295 0.874839 0.8349704 0.874839 0.7467156 0.5060395 0.9674445 0.4985874 0.9674695 0.4985874 0.9537478 0.8844922 0.588152 0.8770401 0.588177 0.8770401 0.5744552 0.7551498 0.9678384 0.7476977 0.9678634 0.7476977 0.9541416 0.9344366 0.04898977 0.9269845 0.0490148 0.9269845 0.03529304 0.9698908 0.6253989 0.9698908 0.6558105 0.9659086 0.6558088 0.9736095 0.8390003 0.9736095 0.8085873 0.9753302 0.8085882 0.003213465 0.9459407 0.003213465 0.9763519 0.001576721 0.9763586 0.07778728 0.8592585 0.08176946 0.8592602 0.08176946 0.9127794 0.9559805 0.4697606 0.9559805 0.4162389 0.9577012 0.4162398 0.9198594 0.8508473 0.9198594 0.9043657 0.9182227 0.9043725 0.09205877 0.8592585 0.09604102 0.8592602 0.09604102 0.9127793 0.9561748 0.1067575 0.9561748 0.05323576 0.9578955 0.05323666 0.9590561 0.4750347 0.9590561 0.5285532 0.9574194 0.5285599 0.9698288 0.00157839 0.9698288 0.03198993 0.9658466 0.03198832 0.9736182 0.7427874 0.9736182 0.7123745 0.9753389 0.7123754 0.9759225 0.9162091 0.9759225 0.9466202 0.9742858 0.946627 0.2861454 0.9395894 0.2861454 0.9700009 0.2821632 0.9699993 0.9426602 0.5830532 0.9426602 0.5526403 0.9443809 0.5526412 0.979815 0.6694361 0.979815 0.6998473 0.9781783 0.699854 0.9706746 0.08029538 0.9741945 0.08029538 0.9736295 0.08256959 0.8055955 0.2248986 0.8088874 0.2248784 0.80886 0.2271687 0.02961552 0.9379664 0.02985787 0.9356768 0.03225839 0.9356951 0.02619498 0.9356951 0.02985787 0.9356768 0.02961552 0.9379664 0.80886 0.2271687 0.8088874 0.2248784 0.8120363 0.2248986 0.006495833 0.9456124 0.0101965 0.9456124 0.009898483 0.9478917 0.9708066 0.08256959 0.9736295 0.08256959 0.9735406 0.1042015 0.8062201 0.2271849 0.80886 0.2271687 0.808869 0.2488011 0.02961552 0.9379664 0.03154069 0.9379811 0.03161323 0.9596138 0.02667802 0.9379811 0.02961552 0.9379664 0.02968811 0.959599 0.80886 0.2271687 0.8113855 0.2271849 0.8113945 0.2488173 0.006930649 0.9478917 0.009898483 0.9478917 0.009909689 0.9695251 0.3347452 0.9826274 0.3315224 0.9844879 0.3282997 0.9826279 0.3347452 0.9826274 0.3282997 0.9826279 0.3282997 0.9789075 0.3347452 0.978907 0.3347452 0.9826274 0.3282997 0.9789075 0.3347452 0.978907 0.3282997 0.9789075 0.3315224 0.9770471 0.9715048 0.669436 0.9750247 0.669436 0.9744597 0.6717102 0.3282996 0.9229148 0.3315914 0.9228945 0.3315641 0.9251849 0.5359382 0.938896 0.5361805 0.9366064 0.538581 0.9366247 0.5325177 0.9366248 0.5361805 0.9366064 0.5359382 0.938896 0.3315641 0.9251849 0.3315914 0.9228945 0.3347405 0.9229148 0.3040416 0.9455885 0.3077423 0.9455885 0.3074443 0.9478678 0.9716368 0.6717102 0.9744597 0.6717102 0.9743708 0.6933422 0.3289241 0.9252011 0.3315641 0.9251849 0.3315731 0.9468172 0.5359382 0.938896 0.5378634 0.9389107 0.5379359 0.9605433 0.5330007 0.9389107 0.5359382 0.938896 0.5360108 0.9605286 0.3315641 0.9251849 0.3340895 0.9252011 0.3340986 0.9468334 0.3044765 0.9478678 0.3074443 0.9478678 0.3074555 0.9695012 0.6540516 0.9827182 0.6508288 0.9845786 0.647606 0.9827187 0.6540516 0.9827182 0.647606 0.9827187 0.647606 0.9789983 0.6540516 0.9789978 0.6540516 0.9827182 0.647606 0.9789983 0.6540516 0.9789978 0.647606 0.9789983 0.6508288 0.9771378 0.9706746 0.05323576 0.9741945 0.05323576 0.9736295 0.05550992 0.7033258 0.9159803 0.7066176 0.9159601 0.7065903 0.9182505 0.2529835 0.9418527 0.2532258 0.9395631 0.2556263 0.9395815 0.2495629 0.9395815 0.2532258 0.9395631 0.2529835 0.9418527 0.7065903 0.9182505 0.7066176 0.9159601 0.7097666 0.9159803 0.9674317 0.9162091 0.9711324 0.9162091 0.9708344 0.9184884 0.9708066 0.05550992 0.9736295 0.05550992 0.9735405 0.07714188 0.7039503 0.9182667 0.7065903 0.9182505 0.7065993 0.9398828 0.2529835 0.9418527 0.2549087 0.9418674 0.2549812 0.9635 0.250046 0.9418674 0.2529835 0.9418527 0.2530561 0.9634853 0.7065903 0.9182505 0.7091158 0.9182667 0.7091248 0.939899 0.9678665 0.9184884 0.9708344 0.9184884 0.9708456 0.9401218 0.8727353 0.2436629 0.8727353 0.2473841 0.8695133 0.2492454 0.8727353 0.2436629 0.8695133 0.2492454 0.8662913 0.2473853 0.8695133 0.2418029 0.8727353 0.2436629 0.8662913 0.2473853 0.8695133 0.2418029 0.8662913 0.2473853 0.8662913 0.2436641 0.2005072 0.6595072 0.1907927 0.6595113 0.1907927 0.6449353 0.776307 0.2491816 0.7665926 0.2491857 0.7665926 0.2346097 0.5920354 0.9197351 0.5906763 0.9191035 0.5906763 0.8527928 0.9025501 0.1494778 0.9011778 0.148394 0.9011778 0.05426329 0.1839107 0.9267488 0.1839107 0.8622621 0.1852614 0.8633179 0.2302224 0.9000658 0.2288508 0.8988229 0.2288508 0.8102088 0.5934048 0.8527914 0.5934048 0.9191021 0.5920354 0.9197351 0.9039061 0.05426216 0.9039061 0.1483929 0.9025501 0.1494778 0.1825332 0.8633067 0.1839107 0.8622621 0.1839107 0.9267488 0.2315792 0.8988138 0.2302224 0.9000658 0.2302224 0.8094641 0.1361672 0.6595072 0.1264528 0.6595112 0.1264528 0.6449353 0.1411783 0.8743714 0.1411783 0.9278931 0.1377755 0.9278913 0.9611274 0.6453505 0.9611274 0.5918305 0.9627551 0.5918359 0.9493831 0.5317088 0.9493831 0.5852281 0.9476541 0.5852273 0.9158238 0.3563085 0.9083715 0.3563123 0.9083715 0.3438572 0.194438 0.8778101 0.194438 0.9313318 0.1910353 0.9313301 0.9608547 0.4130828 0.9608547 0.3595628 0.9624824 0.3595682 0.9492604 0.7466664 0.9492604 0.8001856 0.9475312 0.8001849 0.2075507 0.8778101 0.2075507 0.9313318 0.2041479 0.9313301 0.9608547 0.4697618 0.9608547 0.4162418 0.9624825 0.4162472 0.9498323 0.8508291 0.9498323 0.9043483 0.9481033 0.9043475 0.9265803 0.7429305 0.919128 0.7429344 0.919128 0.7304793 0.2236073 0.8787456 0.2236073 0.9322674 0.2202044 0.9322656 0.9620869 0.8001858 0.9620869 0.7466657 0.9637147 0.7466712 0.9495638 0.2389073 0.9495638 0.2924265 0.9478346 0.2924258 0.01680803 0.9482093 0.01637321 0.94593 0.02007383 0.94593 0.8515487 0.9362446 0.8552116 0.9362261 0.8549693 0.9385157 0.803089 0.9169551 0.8031163 0.9146648 0.8062654 0.9146851 0.7998245 0.9146851 0.8031163 0.9146648 0.803089 0.9169551 0.8549693 0.9385157 0.8552116 0.9362261 0.8576121 0.9362446 0.5104527 0.9515871 0.5139726 0.9515871 0.5134076 0.9538612 0.01680803 0.9482093 0.01977586 0.9482093 0.01978701 0.9698427 0.8520318 0.9385305 0.8549693 0.9385157 0.8550419 0.9601483 0.803089 0.9169551 0.8056145 0.9169713 0.8056235 0.9386038 0.8004491 0.9169713 0.803089 0.9169551 0.803098 0.9385876 0.8549693 0.9385157 0.8568944 0.9385305 0.856967 0.9601631 0.5105847 0.9538612 0.5134076 0.9538612 0.5133186 0.9754932 0.9362777 0.9778615 0.9395 0.9834439 0.9362777 0.9815825 0.9362777 0.9778615 0.9395 0.9760019 0.9395 0.9834439 0.9395 0.9760019 0.9427223 0.9815842 0.9395 0.9834439 0.9395 0.9760019 0.9427223 0.9778632 0.9427223 0.9815842 0.401414 0.94792 0.4009792 0.9456406 0.4046798 0.9456406 0.2288508 0.9369256 0.2325136 0.9369072 0.2322713 0.9391968 0.1128824 0.9206385 0.1129097 0.9183481 0.1160587 0.9183683 0.1096179 0.9183683 0.1129097 0.9183481 0.1128824 0.9206385 0.2322713 0.9391968 0.2325136 0.9369072 0.2349141 0.9369256 0.9716092 0.7737252 0.9751291 0.7737252 0.9745641 0.7759994 0.401414 0.94792 0.4043819 0.94792 0.4043931 0.9695534 0.2293338 0.9392116 0.2322713 0.9391968 0.2323439 0.9608294 0.1128824 0.9206385 0.1154078 0.9206547 0.1154168 0.942287 0.1102424 0.9206547 0.1128824 0.9206385 0.1128914 0.9422708 0.2322713 0.9391968 0.2341965 0.9392116 0.234269 0.9608442 0.9717413 0.7759994 0.9745641 0.7759994 0.9744752 0.7976313 0.06793868 0.9834514 0.07438421 0.9834509 0.07116144 0.9853113 0.06793868 0.9834514 0.06793868 0.979731 0.07438421 0.9834509 0.06793868 0.979731 0.07438421 0.9797305 0.07438421 0.9834509 0.06793868 0.979731 0.07116144 0.9778706 0.07438421 0.9797305 0.6948267 0.9481065 0.6943919 0.9458272 0.6980925 0.9458272 0.8331149 0.9362446 0.8367778 0.9362261 0.8365355 0.9385158 0.1002405 0.9182232 0.1002679 0.9159328 0.1034169 0.915953 0.09697604 0.915953 0.1002679 0.9159328 0.1002405 0.9182232 0.8365355 0.9385158 0.8367778 0.9362261 0.8391783 0.9362446 0.9716092 0.7466655 0.9751291 0.7466655 0.9745641 0.7489398 0.6948267 0.9481065 0.6977946 0.9481065 0.6978057 0.9697399 0.833598 0.9385305 0.8365355 0.9385158 0.8366081 0.9601484 0.1002405 0.9182232 0.102766 0.9182394 0.102775 0.9398718 0.09760057 0.9182394 0.1002405 0.9182232 0.1002495 0.9398556 0.8365355 0.9385158 0.8384606 0.9385305 0.8385332 0.9601632 0.9717413 0.7489398 0.9745641 0.7489398 0.9744752 0.7705717 0.6581954 0.983304 0.664641 0.9833034 0.6614183 0.9851639 0.6581954 0.983304 0.6581954 0.9795836 0.664641 0.9833034 0.6581954 0.9795836 0.664641 0.979583 0.664641 0.9833034 0.6581954 0.9795836 0.6614183 0.9777231 0.664641 0.979583 0.7687914 0.9506097 0.7683565 0.9483304 0.7720571 0.9483304 0.03611063 0.9362931 0.03977352 0.9362747 0.03953123 0.9385643 0.8184544 0.2271687 0.8184817 0.2248784 0.8216307 0.2248986 0.8151898 0.2248986 0.8184817 0.2248784 0.8184544 0.2271687 0.03953123 0.9385643 0.03977352 0.9362747 0.04217404 0.9362931 0.8179692 0.9527244 0.8214891 0.9527244 0.8209241 0.9549986 0.7687914 0.9506097 0.7717592 0.9506097 0.7717704 0.9722431 0.03659367 0.938579 0.03953123 0.9385643 0.03960376 0.9601969 0.8184544 0.2271687 0.8209798 0.2271849 0.8209888 0.2488173 0.8158144 0.2271849 0.8184544 0.2271687 0.8184634 0.2488011 0.03953123 0.9385643 0.0414564 0.938579 0.04152894 0.9602116 0.8181012 0.9549986 0.8209241 0.9549986 0.8208351 0.9766305 0.1942573 0.9840483 0.1974794 0.9784659 0.1974794 0.9821871 0.1942573 0.9840483 0.1910353 0.9821882 0.1974794 0.9784659 0.1910353 0.9821882 0.1942574 0.9766058 0.1974794 0.9784659 0.1910353 0.9821882 0.1910353 0.978467 0.1942574 0.9766058 0.7619372 0.9506098 0.7615024 0.9483305 0.765203 0.9483305 0.2196338 0.9369255 0.2232967 0.9369072 0.2230544 0.9391968 0.4042437 0.9208384 0.404271 0.9185481 0.40742 0.9185683 0.4009792 0.9185683 0.404271 0.9185481 0.4042437 0.9208384 0.2230544 0.9391968 0.2232967 0.9369072 0.2256972 0.9369255 0.9730443 0.5918304 0.9765642 0.5918304 0.9759992 0.5941046 0.7619372 0.9506098 0.764905 0.9506098 0.7649162 0.9722432 0.2201169 0.9392115 0.2230544 0.9391968 0.223127 0.9608294 0.4042437 0.9208384 0.4067692 0.9208546 0.4067782 0.9424871 0.4016037 0.9208546 0.4042437 0.9208384 0.4042527 0.9424709 0.2230544 0.9391968 0.2249796 0.9392115 0.2250521 0.9608442 0.9731764 0.5941046 0.9759992 0.5941046 0.9759103 0.6157366 0.5652758 0.9786788 0.5684981 0.9842611 0.5652758 0.9823998 0.5652758 0.9786788 0.568498 0.9768192 0.5684981 0.9842611 0.568498 0.9768192 0.5717204 0.9824015 0.5684981 0.9842611 0.568498 0.9768192 0.5717203 0.9786805 0.5717204 0.9824015 0.9678666 0.9455546 0.9674318 0.9432753 0.9711324 0.9432753 0.8423318 0.9362445 0.8459947 0.9362261 0.8457524 0.9385157 0.3073062 0.9207863 0.3073335 0.918496 0.3104825 0.9185162 0.3040416 0.9185162 0.3073335 0.918496 0.3073062 0.9207863 0.8457524 0.9385157 0.8459947 0.9362261 0.8483952 0.9362445 0.9730443 0.6188902 0.9765641 0.6188902 0.9759991 0.6211643 0.9678666 0.9455546 0.9708344 0.9455546 0.9708456 0.967188 0.8428149 0.9385305 0.8457524 0.9385157 0.845825 0.9601483 0.3073062 0.9207863 0.3098316 0.9208025 0.3098406 0.9424349 0.3046662 0.9208025 0.3073062 0.9207863 0.3073152 0.9424187 0.8457524 0.9385157 0.8476775 0.9385305 0.8477501 0.9601631 0.9731763 0.6211643 0.9759991 0.6211643 0.9759102 0.6427963 0.02619498 0.9788053 0.02941727 0.9843876 0.02619498 0.9825263 0.02619498 0.9788053 0.02941721 0.9769456 0.02941727 0.9843876 0.02941721 0.9769456 0.0326395 0.982528 0.02941727 0.9843876 0.02941721 0.9769456 0.0326395 0.978807 0.0326395 0.982528 0.8618087 0.8083214 0.8331148 0.8084176 0.8331148 0.7467618 0.8515213 0.06707084 0.8228278 0.06708282 0.8228278 0.001588702 0.8148157 0.9114827 0.8088969 0.9115113 0.8088969 0.8729397 0.8482534 0.3708938 0.8482534 0.3274489 0.854171 0.327449 0.8632435 0.3713855 0.8573246 0.371414 0.8573246 0.3328424 0.8740562 0.7391276 0.8740562 0.6956828 0.8799737 0.6956828 0.8689396 0.910073 0.8630207 0.9101015 0.8630207 0.8715299 0.8728172 0.04502159 0.8728172 0.001576721 0.8787347 0.001576781 0.9059506 0.04014837 0.9000318 0.04017686 0.9000318 0.001605272 0.863746 0.04502159 0.8637459 0.001576721 0.8696635 0.001576781 0.8968783 0.04014837 0.8909594 0.04017686 0.8909595 0.001605272 0.8587946 0.2362713 0.8587946 0.1928265 0.8647122 0.1928265 0.7821857 0.9089272 0.7762668 0.9089557 0.7762668 0.8703841 0.8546748 0.04502159 0.8546748 0.001576721 0.8605923 0.00157684 0.8057434 0.9114827 0.7998246 0.9115113 0.7998246 0.8729397 0.8818882 0.04502159 0.8818882 0.001576721 0.8878058 0.001576781 0.763439 0.1952974 0.763439 0.233869 0.726859 0.2433798 0.5417877 0.8923738 0.5417877 0.8489289 0.5477052 0.848929 0.4476192 0.5132589 0.4596703 0.4898064 0.4615549 0.4907631 0.960767 0.001576721 0.962693 0.003456354 0.960767 0.04777497 0.9140067 0.7392563 0.9140068 0.6967841 0.9159744 0.6986118 0.8669688 0.8059633 0.8669628 0.8683478 0.8649623 0.865862 0.4476192 0.5132589 0.4498034 0.5137402 0.4615549 0.5973773 0.8634733 0.1448004 0.8614733 0.1435066 0.8614733 0.05472052 0.8552899 0.4628656 0.8574576 0.4636145 0.8570227 0.5026701 0.959059 0.6485332 0.959283 0.66418 0.9572929 0.6648799 0.8669688 0.8059633 0.8649682 0.8049735 0.8649623 0.7470977 0.4615356 0.71045 0.4596712 0.7114318 0.4476192 0.6879851 0.8654422 0.1445363 0.8651667 0.1878658 0.86319 0.1896729 0.9120034 0.6985846 0.9140068 0.6967841 0.9140067 0.7392563 0.8689334 0.8658428 0.8669628 0.8683478 0.8669688 0.8059633 0.4615356 0.6038584 0.4497564 0.6876695 0.4476192 0.6879851 0.8654445 0.05472022 0.8654422 0.1445363 0.8634733 0.1448004 0.8530519 0.5026214 0.8530519 0.4634919 0.8552899 0.4628656 0.9612827 0.650018 0.9612827 0.6655022 0.959283 0.66418 0.8689334 0.7470785 0.8689395 0.8049544 0.8669688 0.8059633 0.007783174 0.6846168 0.00612986 0.7227349 0.001576721 0.7226797 0.5465461 0.6754192 0.5832439 0.6746441 0.5832439 0.753499 0.5270295 0.8465417 0.5270295 0.9033471 0.5224825 0.9033483 0.3522343 0.8473798 0.356352 0.9040323 0.3522343 0.9043546 0.7805823 0.5096842 0.8257905 0.5067896 0.8257905 0.5851994 0.8179188 0.2552123 0.8258265 0.3342728 0.7786477 0.3308929 0.3553668 0.7653011 0.3599236 0.7657522 0.3599236 0.8442263 0.8932046 0.7435122 0.8878669 0.743512 0.8878669 0.6980475 0.8427415 0.8795408 0.8427415 0.9330593 0.839505 0.9330726 0.7911185 0.2488166 0.7911185 0.1952974 0.7928476 0.1952981 0.9198505 0.9075315 0.9198505 0.9610515 0.9182227 0.9610461 0.1358142 0.9609103 0.143266 0.9609409 0.143266 0.9727877 0.05495423 0.8795979 0.05495423 0.9331164 0.05171769 0.9331297 0.952414 0.8001849 0.952414 0.7466657 0.9541431 0.7466664 0.9638373 0.5317192 0.9638373 0.5852392 0.9622095 0.5852337 0.8491316 0.8795409 0.8491316 0.9330593 0.8458951 0.9330727 0.951292 0.106755 0.951292 0.05323576 0.9530212 0.05323648 0.9640095 0.2389121 0.9640095 0.2924321 0.9623818 0.2924267 0.04856413 0.8795979 0.04856413 0.9331164 0.0453276 0.9331297 0.9512772 0.2045583 0.9512772 0.1510391 0.9530063 0.1510398 0.9642781 0.8508338 0.9642781 0.9043539 0.9626504 0.9043484 0.365486 0.6733452 0.4444429 0.6704744 0.4442235 0.7501513 0.3654962 0.6650933 0.4444607 0.6588294 0.4444631 0.6631309 0.444285 0.4967537 0.4442939 0.5010349 0.3654957 0.4944208 0.3654876 0.6508644 0.4444519 0.6435879 0.4444607 0.6588294 0.4444656 0.5837029 0.4444476 0.5878742 0.3656672 0.5933846 0.4442939 0.5010349 0.4444566 0.5793675 0.3656817 0.5829859 0.3189606 0.6830989 0.3218538 0.6830666 0.320937 0.762095 0.4444476 0.5878742 0.4443007 0.6219034 0.3655058 0.6316273 0.3218538 0.6830666 0.3535104 0.6827135 0.3539074 0.7617273 0.8558362 0.3801715 0.8590149 0.3798559 0.8571378 0.4593044 0.8590149 0.3798559 0.8687305 0.3788914 0.8692587 0.4580948 0.365486 0.7533048 0.3679197 0.7533273 0.3691671 0.8323329 0.4026396 0.7536475 0.4089234 0.8326994 0.3691671 0.8323329 0.5436133 0.6754812 0.5465461 0.6754192 0.5446156 0.754315 0.6603168 0.7768952 0.6603168 0.8487834 0.6270734 0.8486304 0.5779426 0.8451465 0.5779426 0.9243665 0.5765651 0.8450577 0.5750783 0.8451345 0.5765651 0.8450577 0.5750783 0.9243544 0.9150693 0.9303991 0.9131436 0.9303711 0.9150692 0.8508752 0.6375774 0.9314652 0.6375775 0.8519552 0.6394382 0.9314469 0.9426099 0.7466658 0.9443778 0.7467148 0.9426099 0.821438 0.890731 0.8405098 0.890731 0.9197298 0.8893536 0.840421 0.8878668 0.8404978 0.8893536 0.840421 0.8878668 0.9197177 0.5680328 0.928481 0.566107 0.9284529 0.5680328 0.8489571 0.6243953 0.8519369 0.6243953 0.9314469 0.6225345 0.8519552 0.7664239 0.8703556 0.7681919 0.8704046 0.7664239 0.9451279 0.2939291 0.8568823 0.2939291 0.9364063 0.2921094 0.8569101 0.2521726 0.8572112 0.2521726 0.9364097 0.2503328 0.8571962 0.935081 0.9303888 0.9332324 0.9303381 0.935081 0.8508791 0.4808059 0.8465418 0.4808059 0.9214005 0.4791972 0.8469553 0.4808059 0.8465418 0.4821749 0.8469244 0.4808059 0.9214005 0.2839828 0.8568823 0.2839828 0.9364063 0.2821632 0.8569101 0.2471792 0.8572111 0.2471792 0.9364095 0.2453395 0.857196 0.6494546 0.9314975 0.647606 0.9314467 0.6494545 0.8519878 0.4869371 0.846542 0.4869371 0.9214007 0.4853284 0.8469555 0.4869371 0.846542 0.4883061 0.8469246 0.4869371 0.9214007 0.9216695 0.4613322 0.9216695 0.3595961 0.9234807 0.4612988 0.9099899 0.8404558 0.9099899 0.9357706 0.9081496 0.8404209 0.9170605 0.693557 0.9170605 0.5918304 0.918892 0.6936294 0.8912957 0.4751504 0.8928736 0.4750347 0.8912957 0.5767665 0.8928736 0.4750347 0.8942722 0.4750918 0.8928737 0.5766507 0.8898723 0.4613345 0.8898723 0.3595943 0.8914018 0.4613029 0.9383402 0.5920986 0.9383402 0.6873398 0.9366276 0.5918304 0.9103527 0.3406998 0.9083713 0.3406403 0.9103527 0.2389662 0.8881952 0.4613981 0.8881952 0.3596579 0.8898723 0.4613345 0.9269763 0.5918305 0.9286736 0.5918604 0.9269763 0.6934366 0.9002948 0.4750347 0.9002948 0.5702617 0.8988669 0.4754936 0.8974258 0.4750598 0.8988669 0.4754936 0.8974259 0.5702866 0.9138202 0.155028 0.9119105 0.1549738 0.9138202 0.05328994 0.9120033 0.6936306 0.9120033 0.5918886 0.913907 0.6935726 0.9232262 0.8482699 0.9232262 0.7466656 0.9249995 0.8482734 0.9238228 0.6935609 0.9220457 0.6936083 0.9238228 0.5918306 0.8981708 0.7468358 0.8981708 0.842346 0.8965977 0.7471278 0.8965977 0.7471278 0.8965976 0.8426381 0.8949946 0.7466657 0.9114996 0.3596347 0.913459 0.3595627 0.9114996 0.4612737 0.9301674 0.3406268 0.9284923 0.3406372 0.9301674 0.2389065 0.5013666 0.8466279 0.5013666 0.9234942 0.5000301 0.8465418 0.4985874 0.8466163 0.5000301 0.8465418 0.4985874 0.9234825 0.4609958 0.9385882 0.4591273 0.938561 0.4609958 0.861427 0.1694615 0.8622621 0.1694615 0.9394098 0.167656 0.8622799 0.9464083 0.1510391 0.9481237 0.1510867 0.9464083 0.2235898 0.3623132 0.6827676 0.3623132 0.7596338 0.3609766 0.6826815 0.359534 0.6827559 0.3609766 0.6826815 0.359534 0.7596222 0.4509518 0.9385882 0.4490832 0.938561 0.4509517 0.861427 0.1793796 0.8622621 0.1793796 0.9394098 0.1775741 0.8622799 0.9462289 0.3595628 0.9479444 0.3596104 0.9462289 0.4321135 0.4373377 0.8630282 0.4373377 0.9401895 0.4355722 0.8630552 0.01321965 0.8656135 0.01321965 0.9424588 0.01143449 0.8655988 0.4225575 0.9402249 0.4207639 0.9401757 0.4225575 0.8630774 0.3238177 0.8471469 0.3238177 0.9197815 0.3222568 0.8475481 0.3238177 0.8471469 0.325146 0.8475181 0.3238177 0.9197815 0.00334227 0.8655988 0.00334227 0.9427602 0.001576721 0.8656259 0.008280992 0.8656134 0.008280992 0.9424588 0.006495833 0.8655987 0.9400281 0.9280251 0.9382345 0.9279758 0.9400281 0.8508777 0.317775 0.8471469 0.3177749 0.9197815 0.3162141 0.8475481 0.317775 0.8471469 0.3191033 0.8475182 0.3177749 0.9197815 0.9268271 0.1542379 0.9268271 0.05327099 0.9285846 0.1542026 0.9383979 0.05327093 0.9383979 0.1478855 0.9366123 0.05323576 0.9235617 0.3398643 0.9235617 0.2389066 0.9253388 0.339938 0.8945554 0.3596775 0.8960864 0.3595628 0.8945554 0.460528 0.8960864 0.3595628 0.8974435 0.3596184 0.8960864 0.4604133 0.8904973 0.1542398 0.8904974 0.05326902 0.8919814 0.1542064 0.9397596 0.2391681 0.9397596 0.3337113 0.938098 0.2389066 0.9153496 0.5760604 0.9134271 0.5759989 0.9153496 0.4750962 0.8904973 0.1542398 0.8888701 0.1543048 0.8904974 0.05326902 0.931827 0.5918304 0.933474 0.5918596 0.931827 0.6926712 0.9041081 0.7466657 0.9041082 0.841195 0.9027227 0.7471125 0.9013245 0.7466902 0.9027227 0.7471125 0.9013245 0.8412195 0.9200726 0.8476905 0.9182196 0.8476342 0.9200726 0.7467219 0.9185611 0.339939 0.9185611 0.2389665 0.9204082 0.339879 0.9284412 0.5758738 0.9284412 0.4750346 0.9301619 0.5758773 0.9298774 0.8476265 0.9281532 0.8476749 0.9298774 0.7466657 0.9001606 0.2390649 0.9001606 0.3338738 0.8986352 0.2393522 0.8986352 0.2393522 0.8986351 0.3341612 0.8970783 0.2389066 0.9135062 0.2389727 0.9154075 0.2389066 0.9135062 0.3398488 0.9346563 0.8476145 0.9330309 0.8476232 0.9346563 0.7466657 0.8978589 0.8458802 0.8978589 0.9251002 0.8964815 0.8457915 0.8949946 0.8458682 0.8964815 0.8457915 0.8949947 0.9250882 0.5629535 0.9284809 0.5610278 0.9284528 0.5629535 0.848957 0.6193808 0.8519369 0.6193808 0.9314469 0.61752 0.8519552 0.9431818 0.8508284 0.9449498 0.8508775 0.9431818 0.9256007 0.5072992 0.846628 0.5072992 0.9234943 0.5059627 0.8465418 0.5045201 0.8466163 0.5059627 0.8465418 0.5045201 0.9234826 0.4559738 0.938588 0.4541052 0.9385609 0.4559738 0.8614269 0.1744206 0.8622622 0.1744206 0.9394099 0.1726151 0.86228 0.9464231 0.05323576 0.9481386 0.05328333 0.9464231 0.1257864 0.9477349 0.7144277 0.9464329 0.714715 0.9477349 0.669436 0.9477349 0.7144277 0.9477349 0.669436 0.9490015 0.7147177 0.9383347 0.6904954 0.9383347 0.7373287 0.9366276 0.6904933 0.9675211 0.100064 0.9658303 0.1000694 0.9675211 0.05323576 0.9667642 0.715722 0.9667641 0.66944 0.9683514 0.715718 0.7714792 0.5920347 0.8050302 0.5918305 0.7714792 0.6639208 0.5906763 0.7767423 0.6239198 0.7768952 0.5906763 0.8486305 0.5226187 0.2489476 0.4790692 0.2489476 0.5224764 0.2035272 0.1064643 0.8143435 0.1062911 0.856105 0.06793868 0.8143435 0.4924234 0.9168325 0.4954338 0.9138303 0.4924429 0.9507863 0.8836417 0.9141899 0.8836237 0.9515117 0.8807392 0.9137015 0.3542376 0.9439083 0.3542376 0.9075083 0.3562222 0.9429529 0.9429129 0.3171871 0.9449144 0.3168815 0.9429129 0.3513677 0.8110964 0.9510783 0.8110964 0.9146649 0.812755 0.9501141 0.8878668 0.9231894 0.8895423 0.9228832 0.8878668 0.95737 0.7103413 0.8458672 0.7142032 0.845886 0.7103413 0.9127879 0.6962951 0.8458911 0.7001723 0.8458673 0.6962951 0.9128097 0.6822338 0.8458911 0.686111 0.8458673 0.6822338 0.9128098 0.8110964 0.9510783 0.8094189 0.9500938 0.8110964 0.9146649 0.891203 0.923174 0.891203 0.9573547 0.8895423 0.9228832 0.3542376 0.9439083 0.3522343 0.9429286 0.3542376 0.9075083 0.946901 0.3171687 0.946901 0.3513494 0.9449144 0.3168815 0.8296267 0.2239068 0.8422991 0.2238272 0.8296267 0.2490538 0.6839286 0.238233 0.6839286 0.2489104 0.6776477 0.2382608 0.7033258 0.8458673 0.7071877 0.845886 0.7033258 0.9127879 0.8272681 0.8729111 0.8294823 0.8729221 0.8272681 0.9398317 0.02866214 0.9325233 0.02619498 0.9325184 0.02866214 0.8656038 0.3735737 0.9352167 0.3711066 0.9352117 0.3735737 0.8682971 0.1208958 0.8743696 0.12311 0.8743806 0.1208958 0.9412903 0.3654876 0.6508644 0.365486 0.6482095 0.4444519 0.6435879 0.3655058 0.6316273 0.4443007 0.6219034 0.365486 0.6363078 0.4026396 0.7536475 0.4050344 0.7536695 0.4089234 0.8326994 0.365486 0.6733452 0.3654985 0.6688356 0.4444429 0.6704744 0.4444566 0.5793675 0.4444656 0.5837029 0.3656817 0.5829859 0.3539074 0.7617273 0.3535104 0.6827135 0.3563805 0.7616997 0.8692587 0.4580948 0.8687305 0.3788914 0.8713278 0.4578883 0.07820612 0.8061786 0.0973525 0.7943994 0.07905513 0.8111898 0.1177423 0.7126362 0.1131464 0.7138418 0.101898 0.6663914 0.04983931 0.6846168 0.007783174 0.6846168 0.04870259 0.6783549 0.01472991 0.8107013 0.01949226 0.8059335 0.07905513 0.8111898 0.1006557 0.7979008 0.0973525 0.7943994 0.1177423 0.7126362 0.101898 0.6663914 0.0991528 0.6729982 0.05912655 0.6663914 0.05912655 0.6663914 0.05996268 0.6729983 0.04870259 0.6783549 0.2024027 0.6351265 0.1266869 0.6417777 0.2022313 0.6148254 0.2024027 0.5088705 0.2021999 0.536985 0.126685 0.4980565 0.7944463 0.7466657 0.796671 0.822287 0.7525818 0.7466657 0.7521126 0.6825348 0.8232106 0.6671215 0.7476977 0.7336974 0.2021999 0.536985 0.2022313 0.6148254 0.1264528 0.5309604 0.6776477 0.156688 0.7170717 0.1591426 0.6776477 0.232448 0.8573246 0.2523989 0.8706633 0.2535408 0.8573246 0.3283503 0.4184588 0.7533048 0.455626 0.753305 0.414882 0.829006 0.6993235 0.7767378 0.6993235 0.8426982 0.6691853 0.7767533 0.8299614 0.7466656 0.8299614 0.8402991 0.7998246 0.7466782 0.4659383 0.8432644 0.4659383 0.7805255 0.4960744 0.8433883 0.5719248 0.7575282 0.5719248 0.8456743 0.5417878 0.7576293 0.726859 0.09843707 0.7931829 0.09844577 0.726859 0.1921352 0.2170509 0.8094643 0.2170509 0.8746415 0.1910353 0.8094777 0.8556411 0.1928265 0.8556411 0.2206628 0.8296267 0.1928373 0.03877127 0.8763372 0.03877127 0.8143433 0.06478512 0.8764441 0.8258391 0.8434653 0.8258391 0.8696702 0.7998245 0.8435525 0.8550592 0.6671215 0.8550592 0.7322988 0.8263642 0.6671364 0.2055562 0.6246733 0.2333925 0.6246849 0.2055562 0.6533668 0.8296266 0.1895549 0.8296266 0.127561 0.8583196 0.1896729 0.8197613 0.4700343 0.8459661 0.4701221 0.8197613 0.4987283 0.8837866 0.1685467 0.8862105 0.1676905 0.8837866 0.2348575 0.5349547 0.7805255 0.5349547 0.8767675 0.5325176 0.7815534 0.3954101 0.9003655 0.3954101 0.8358787 0.3978257 0.900011 0.8783531 0.2523989 0.8783531 0.3430006 0.8759167 0.2531471 0.8886447 0.1685442 0.8886447 0.234855 0.8862105 0.1676905 0.5373755 0.7815514 0.5373755 0.8756821 0.5349547 0.7805255 0.3954101 0.9003655 0.3929679 0.899991 0.3954101 0.8358787 0.8807746 0.2531309 0.8807746 0.341745 0.8783531 0.2523989 0.2901802 0.9395878 0.293929 0.9396004 0.2901802 0.9699999 0.9778168 0.3298389 0.97618 0.3298457 0.9778168 0.2994278 0.923074 0.9341325 0.9247947 0.9341334 0.923074 0.9645456 0.7476976 0.9238756 0.7476976 0.8703556 0.7514464 0.9238882 0.9497399 0.9610204 0.9481033 0.961027 0.9497399 0.9075018 0.9549373 0.2994278 0.956658 0.2994287 0.9549373 0.3529495 0.3767272 0.9218122 0.3767272 0.8682922 0.3804761 0.9218248 0.9592283 0.2924252 0.9575916 0.2924319 0.9592283 0.2389066 0.9527173 0.2389066 0.954438 0.2389075 0.9527172 0.2924283 0.2970826 0.9395878 0.3008314 0.9396004 0.2970826 0.9699999 0.7847578 0.9762083 0.7831211 0.976215 0.7847578 0.9457971 0.5508588 0.9316396 0.5525796 0.9316404 0.5508588 0.9620526 0.2721931 0.9396006 0.275942 0.9396132 0.2721931 0.9700127 0.9782279 0.1422173 0.9765911 0.1422241 0.9782279 0.1118062 0.1464196 0.9310467 0.1481403 0.9310476 0.1464196 0.9614597 0.8740099 0.9492222 0.873575 0.9469429 0.8769777 0.9492222 0.04581058 0.9385875 0.0453276 0.9363015 0.04874813 0.9385727 0.8017911 0.2271849 0.7992656 0.2271687 0.802442 0.2248986 0.7966257 0.2271849 0.7960011 0.2248986 0.7992656 0.2271687 0.0506733 0.9385875 0.04874813 0.9385727 0.051391 0.9363015 0.4731979 0.9543166 0.4730659 0.9520424 0.4760208 0.9543166 0.874021 0.9708557 0.8740099 0.9492222 0.8769888 0.9708557 0.04588317 0.9602201 0.04581058 0.9385875 0.04882073 0.9602053 0.7992747 0.2488011 0.7992656 0.2271687 0.8018001 0.2488173 0.7966347 0.2488173 0.7966257 0.2271849 0.7992747 0.2488011 0.04882073 0.9602053 0.04874813 0.9385727 0.05074584 0.9602201 0.473109 0.9759485 0.4731979 0.9543166 0.4759319 0.9759485 0.967598 0.2739529 0.9671632 0.2716736 0.9705658 0.2739529 0.9086326 0.9412285 0.9081496 0.9389426 0.9115701 0.9412138 0.6905874 0.9182698 0.6880619 0.9182536 0.6912383 0.9159836 0.685422 0.9182699 0.6847974 0.9159836 0.6880619 0.9182536 0.9134953 0.9412285 0.9115701 0.9412138 0.914213 0.9389426 0.3768593 0.9543273 0.3767273 0.9520531 0.3796821 0.9543273 0.9676092 0.2955863 0.967598 0.2739529 0.970577 0.2955863 0.9087052 0.9628612 0.9086326 0.9412285 0.9116427 0.9628464 0.688071 0.939886 0.6880619 0.9182536 0.6905964 0.9399023 0.685431 0.9399023 0.685422 0.9182699 0.688071 0.939886 0.9116427 0.9628464 0.9115701 0.9412138 0.9135679 0.9628612 0.3767703 0.9759592 0.3768593 0.9543273 0.3795931 0.9759592 0.8634556 0.9492221 0.8630207 0.9469428 0.8664234 0.9492221 0.3922453 0.9395112 0.3917623 0.9372253 0.3951829 0.9394965 0.680993 0.9182698 0.6784676 0.9182536 0.6816439 0.9159835 0.6758276 0.9182698 0.6752031 0.9159835 0.6784676 0.9182536 0.397108 0.9395112 0.3951829 0.9394965 0.3978257 0.9372253 0.3835327 0.9543272 0.3834006 0.9520531 0.3863555 0.9543272 0.8634667 0.9708555 0.8634556 0.9492221 0.8664346 0.9708555 0.3923178 0.9611439 0.3922453 0.9395112 0.3952554 0.9611291 0.6784766 0.939886 0.6784676 0.9182536 0.681002 0.9399023 0.6758366 0.9399023 0.6758276 0.9182698 0.6784766 0.939886 0.3952554 0.9611291 0.3951829 0.9394965 0.3971806 0.9611439 0.3834437 0.9759592 0.3835327 0.9543272 0.3862666 0.9759592 0.9070597 0.1683242 0.9090417 0.1674682 0.9070597 0.2346349 0.8827344 0.7466656 0.8827344 0.8429077 0.8807392 0.7476934 0.4679388 0.9110285 0.4679388 0.8465418 0.4699124 0.9106722 0.8898614 0.7466657 0.8898614 0.8372675 0.8878669 0.7474125 0.9110341 0.1683222 0.9110341 0.2346329 0.9090417 0.1674682 0.8847134 0.7476918 0.8847134 0.8418225 0.8827344 0.7466656 0.4679388 0.9110285 0.4659383 0.9106559 0.4679388 0.8465418 0.8918411 0.7473992 0.8918411 0.8360133 0.8898614 0.7466657 0.2229511 0.8095124 0.2229511 0.8755543 0.2202045 0.809467 0.8607905 0.4750369 0.8635362 0.475092 0.8607905 0.5689016 0.1123634 0.8772285 0.1123634 0.8144122 0.1151103 0.8772597 0.874839 0.7467156 0.874839 0.8349704 0.8720931 0.7466842 0.2256972 0.8094642 0.2256972 0.8755875 0.2229511 0.8095124 0.866283 0.4750347 0.866283 0.5688993 0.8635362 0.475092 0.1096179 0.8772372 0.1096179 0.8143433 0.1123634 0.8772285 0.8775857 0.7466658 0.8775857 0.8350295 0.874839 0.7467156 0.5060395 0.9537227 0.5060395 0.9674445 0.4985874 0.9537478 0.8844922 0.5744302 0.8844922 0.588152 0.8770401 0.5744552 0.7551498 0.9541166 0.7551498 0.9678384 0.7476977 0.9541416 0.9344366 0.035268 0.9344366 0.04898977 0.9269845 0.03529304 0.9659086 0.6253973 0.9698908 0.6253989 0.9659086 0.6558088 0.9753302 0.8390012 0.9736095 0.8390003 0.9753302 0.8085882 0.001576721 0.9459474 0.003213465 0.9459407 0.001576721 0.9763586 0.07778728 0.9127777 0.07778728 0.8592585 0.08176946 0.9127794 0.9577012 0.4697615 0.9559805 0.4697606 0.9577012 0.4162398 0.9182227 0.850854 0.9198594 0.8508473 0.9182227 0.9043725 0.09205877 0.9127777 0.09205877 0.8592585 0.09604102 0.9127793 0.9578955 0.1067584 0.9561748 0.1067575 0.9578955 0.05323666 0.9574194 0.4750414 0.9590561 0.4750347 0.9574194 0.5285599 0.9658466 0.001576721 0.9698288 0.00157839 0.9658466 0.03198832 0.9753389 0.7427883 0.9736182 0.7427874 0.9753389 0.7123754 0.9742858 0.9162158 0.9759225 0.9162091 0.9742858 0.946627 0.2821632 0.9395877 0.2861454 0.9395894 0.2821632 0.9699993 0.9443809 0.5830541 0.9426602 0.5830532 0.9443809 0.5526412 0.9781783 0.6694428 0.979815 0.6694361 0.9781783 0.699854 0.9708066 0.08256959 0.9706746 0.08029538 0.9736295 0.08256959 0.8062201 0.2271849 0.8055955 0.2248986 0.80886 0.2271687 0.03154069 0.9379811 0.02961552 0.9379664 0.03225839 0.9356951 0.02667802 0.9379811 0.02619498 0.9356951 0.02961552 0.9379664 0.8113855 0.2271849 0.80886 0.2271687 0.8120363 0.2248986 0.006930649 0.9478917 0.006495833 0.9456124 0.009898483 0.9478917 0.9707177 0.1042015 0.9708066 0.08256959 0.9735406 0.1042015 0.8062291 0.2488173 0.8062201 0.2271849 0.808869 0.2488011 0.02968811 0.959599 0.02961552 0.9379664 0.03161323 0.9596138 0.02675056 0.9596138 0.02667802 0.9379811 0.02968811 0.959599 0.808869 0.2488011 0.80886 0.2271687 0.8113945 0.2488173 0.006941795 0.9695251 0.006930649 0.9478917 0.009909689 0.9695251 0.9716368 0.6717102 0.9715048 0.669436 0.9744597 0.6717102 0.3289241 0.9252011 0.3282996 0.9229148 0.3315641 0.9251849 0.5378634 0.9389107 0.5359382 0.938896 0.538581 0.9366247 0.5330007 0.9389107 0.5325177 0.9366248 0.5359382 0.938896 0.3340895 0.9252011 0.3315641 0.9251849 0.3347405 0.9229148 0.3044765 0.9478678 0.3040416 0.9455885 0.3074443 0.9478678 0.9715479 0.6933422 0.9716368 0.6717102 0.9743708 0.6933422 0.3289331 0.9468334 0.3289241 0.9252011 0.3315731 0.9468172 0.5360108 0.9605286 0.5359382 0.938896 0.5379359 0.9605433 0.5330733 0.9605433 0.5330007 0.9389107 0.5360108 0.9605286 0.3315731 0.9468172 0.3315641 0.9251849 0.3340986 0.9468334 0.3044877 0.9695012 0.3044765 0.9478678 0.3074555 0.9695012 0.9708066 0.05550992 0.9706746 0.05323576 0.9736295 0.05550992 0.7039503 0.9182667 0.7033258 0.9159803 0.7065903 0.9182505 0.2549087 0.9418674 0.2529835 0.9418527 0.2556263 0.9395815 0.250046 0.9418674 0.2495629 0.9395815 0.2529835 0.9418527 0.7091158 0.9182667 0.7065903 0.9182505 0.7097666 0.9159803 0.9678665 0.9184884 0.9674317 0.9162091 0.9708344 0.9184884 0.9707177 0.07714188 0.9708066 0.05550992 0.9735405 0.07714188 0.7039594 0.939899 0.7039503 0.9182667 0.7065993 0.9398828 0.2530561 0.9634853 0.2529835 0.9418527 0.2549812 0.9635 0.2501185 0.9635 0.250046 0.9418674 0.2530561 0.9634853 0.7065993 0.9398828 0.7065903 0.9182505 0.7091248 0.939899 0.9678778 0.9401218 0.9678665 0.9184884 0.9708456 0.9401218 0.2005072 0.6449313 0.2005072 0.6595072 0.1907927 0.6449353 0.776307 0.2346056 0.776307 0.2491816 0.7665926 0.2346097 0.5920354 0.8519371 0.5920354 0.9197351 0.5906763 0.8527928 0.9025501 0.05323576 0.9025501 0.1494778 0.9011778 0.05426329 0.1852614 0.9263899 0.1839107 0.9267488 0.1852614 0.8633179 0.2302224 0.8094641 0.2302224 0.9000658 0.2288508 0.8102088 0.5920354 0.8519371 0.5934048 0.8527914 0.5920354 0.9197351 0.9025501 0.05323576 0.9039061 0.05426216 0.9025501 0.1494778 0.1825332 0.9263787 0.1825332 0.8633067 0.1839107 0.9267488 0.2315792 0.8101997 0.2315792 0.8988138 0.2302224 0.8094641 0.1361673 0.6449312 0.1361672 0.6595072 0.1264528 0.6449353 0.1377755 0.8743696 0.1411783 0.8743714 0.1377755 0.9278913 0.9627551 0.645356 0.9611274 0.6453505 0.9627551 0.5918359 0.9476541 0.5317081 0.9493831 0.5317088 0.9476541 0.5852273 0.9158238 0.3438534 0.9158238 0.3563085 0.9083715 0.3438572 0.1910353 0.8778084 0.194438 0.8778101 0.1910353 0.9313301 0.9624824 0.4130882 0.9608547 0.4130828 0.9624824 0.3595682 0.9475312 0.7466657 0.9492604 0.7466664 0.9475312 0.8001849 0.2041479 0.8778083 0.2075507 0.8778101 0.2041479 0.9313301 0.9624825 0.4697673 0.9608547 0.4697618 0.9624825 0.4162472 0.9481033 0.8508284 0.9498323 0.8508291 0.9481033 0.9043475 0.9265803 0.7304754 0.9265803 0.7429305 0.919128 0.7304793 0.2202044 0.8787439 0.2236073 0.8787456 0.2202044 0.9322656 0.9637147 0.8001912 0.9620869 0.8001858 0.9637147 0.7466712 0.9478346 0.2389066 0.9495638 0.2389073 0.9478346 0.2924258 0.01977586 0.9482093 0.01680803 0.9482093 0.02007383 0.94593 0.8520318 0.9385305 0.8515487 0.9362446 0.8549693 0.9385157 0.8056145 0.9169713 0.803089 0.9169551 0.8062654 0.9146851 0.8004491 0.9169713 0.7998245 0.9146851 0.803089 0.9169551 0.8568944 0.9385305 0.8549693 0.9385157 0.8576121 0.9362446 0.5105847 0.9538612 0.5104527 0.9515871 0.5134076 0.9538612 0.01681917 0.9698427 0.01680803 0.9482093 0.01978701 0.9698427 0.8521043 0.9601631 0.8520318 0.9385305 0.8550419 0.9601483 0.803098 0.9385876 0.803089 0.9169551 0.8056235 0.9386038 0.8004581 0.9386038 0.8004491 0.9169713 0.803098 0.9385876 0.8550419 0.9601483 0.8549693 0.9385157 0.856967 0.9601631 0.5104957 0.9754932 0.5105847 0.9538612 0.5133186 0.9754932 0.4043819 0.94792 0.401414 0.94792 0.4046798 0.9456406 0.2293338 0.9392116 0.2288508 0.9369256 0.2322713 0.9391968 0.1154078 0.9206547 0.1128824 0.9206385 0.1160587 0.9183683 0.1102424 0.9206547 0.1096179 0.9183683 0.1128824 0.9206385 0.2341965 0.9392116 0.2322713 0.9391968 0.2349141 0.9369256 0.9717413 0.7759994 0.9716092 0.7737252 0.9745641 0.7759994 0.4014253 0.9695534 0.401414 0.94792 0.4043931 0.9695534 0.2294064 0.9608442 0.2293338 0.9392116 0.2323439 0.9608294 0.1128914 0.9422708 0.1128824 0.9206385 0.1154168 0.942287 0.1102514 0.942287 0.1102424 0.9206547 0.1128914 0.9422708 0.2323439 0.9608294 0.2322713 0.9391968 0.234269 0.9608442 0.9716523 0.7976313 0.9717413 0.7759994 0.9744752 0.7976313 0.6977946 0.9481065 0.6948267 0.9481065 0.6980925 0.9458272 0.833598 0.9385305 0.8331149 0.9362446 0.8365355 0.9385158 0.102766 0.9182394 0.1002405 0.9182232 0.1034169 0.915953 0.09760057 0.9182394 0.09697604 0.915953 0.1002405 0.9182232 0.8384606 0.9385305 0.8365355 0.9385158 0.8391783 0.9362446 0.9717413 0.7489398 0.9716092 0.7466655 0.9745641 0.7489398 0.6948379 0.9697399 0.6948267 0.9481065 0.6978057 0.9697399 0.8336705 0.9601632 0.833598 0.9385305 0.8366081 0.9601484 0.1002495 0.9398556 0.1002405 0.9182232 0.102775 0.9398718 0.09760957 0.9398718 0.09760057 0.9182394 0.1002495 0.9398556 0.8366081 0.9601484 0.8365355 0.9385158 0.8385332 0.9601632 0.9716523 0.7705717 0.9717413 0.7489398 0.9744752 0.7705717 0.7717592 0.9506097 0.7687914 0.9506097 0.7720571 0.9483304 0.03659367 0.938579 0.03611063 0.9362931 0.03953123 0.9385643 0.8209798 0.2271849 0.8184544 0.2271687 0.8216307 0.2248986 0.8158144 0.2271849 0.8151898 0.2248986 0.8184544 0.2271687 0.0414564 0.938579 0.03953123 0.9385643 0.04217404 0.9362931 0.8181012 0.9549986 0.8179692 0.9527244 0.8209241 0.9549986 0.7688025 0.9722431 0.7687914 0.9506097 0.7717704 0.9722431 0.03666621 0.9602116 0.03659367 0.938579 0.03960376 0.9601969 0.8184634 0.2488011 0.8184544 0.2271687 0.8209888 0.2488173 0.8158234 0.2488173 0.8158144 0.2271849 0.8184634 0.2488011 0.03960376 0.9601969 0.03953123 0.9385643 0.04152894 0.9602116 0.8180122 0.9766305 0.8181012 0.9549986 0.8208351 0.9766305 0.764905 0.9506098 0.7619372 0.9506098 0.765203 0.9483305 0.2201169 0.9392115 0.2196338 0.9369255 0.2230544 0.9391968 0.4067692 0.9208546 0.4042437 0.9208384 0.40742 0.9185683 0.4016037 0.9208546 0.4009792 0.9185683 0.4042437 0.9208384 0.2249796 0.9392115 0.2230544 0.9391968 0.2256972 0.9369255 0.9731764 0.5941046 0.9730443 0.5918304 0.9759992 0.5941046 0.7619484 0.9722432 0.7619372 0.9506098 0.7649162 0.9722432 0.2201895 0.9608442 0.2201169 0.9392115 0.223127 0.9608294 0.4042527 0.9424709 0.4042437 0.9208384 0.4067782 0.9424871 0.4016128 0.9424871 0.4016037 0.9208546 0.4042527 0.9424709 0.223127 0.9608294 0.2230544 0.9391968 0.2250521 0.9608442 0.9730874 0.6157366 0.9731764 0.5941046 0.9759103 0.6157366 0.9708344 0.9455546 0.9678666 0.9455546 0.9711324 0.9432753 0.8428149 0.9385305 0.8423318 0.9362445 0.8457524 0.9385157 0.3098316 0.9208025 0.3073062 0.9207863 0.3104825 0.9185162 0.3046662 0.9208025 0.3040416 0.9185162 0.3073062 0.9207863 0.8476775 0.9385305 0.8457524 0.9385157 0.8483952 0.9362445 0.9731763 0.6211643 0.9730443 0.6188902 0.9759991 0.6211643 0.9678778 0.967188 0.9678666 0.9455546 0.9708456 0.967188 0.8428874 0.9601631 0.8428149 0.9385305 0.845825 0.9601483 0.3073152 0.9424187 0.3073062 0.9207863 0.3098406 0.9424349 0.3046752 0.9424349 0.3046662 0.9208025 0.3073152 0.9424187 0.845825 0.9601483 0.8457524 0.9385157 0.8477501 0.9601631 0.9730873 0.6427963 0.9731763 0.6211643 0.9759102 0.6427963 0.8618087 0.7466656 0.8618087 0.8083214 0.8331148 0.7467618 0.8515213 0.001576721 0.8515213 0.06707084 0.8228278 0.001588702 0.8148157 0.8729111 0.8148157 0.9114827 0.8088969 0.8729397 0.854171 0.3708938 0.8482534 0.3708938 0.854171 0.327449 0.8632435 0.3328139 0.8632435 0.3713855 0.8573246 0.3328424 0.8799737 0.7391277 0.8740562 0.7391276 0.8799737 0.6956828 0.8689396 0.8715014 0.8689396 0.910073 0.8630207 0.8715299 0.8787347 0.04502165 0.8728172 0.04502159 0.8787347 0.001576781 0.9059506 0.001576721 0.9059506 0.04014837 0.9000318 0.001605272 0.8696635 0.04502165 0.863746 0.04502159 0.8696635 0.001576781 0.8968783 0.001576721 0.8968783 0.04014837 0.8909595 0.001605272 0.8647122 0.2362714 0.8587946 0.2362713 0.8647122 0.1928265 0.7821857 0.8703556 0.7821857 0.9089272 0.7762668 0.8703841 0.8605923 0.04502165 0.8546748 0.04502159 0.8605923 0.00157684 0.8057434 0.8729111 0.8057434 0.9114827 0.7998246 0.8729397 0.8878058 0.04502165 0.8818882 0.04502159 0.8878058 0.001576781 0.726859 0.1994997 0.763439 0.1952974 0.726859 0.2433798 0.5477052 0.8923739 0.5417877 0.8923738 0.5477052 0.848929 0.4498034 0.5137402 0.4476192 0.5132589 0.4615549 0.4907631 0.9588292 0.669914 0.9570379 0.7219652 0.9570379 0.6694361 0.9159744 0.7406408 0.9140067 0.7392563 0.9159744 0.6986118 0.8649682 0.8049735 0.8669688 0.8059633 0.8649623 0.865862 0.4596738 0.5990539 0.4476192 0.5132589 0.4615549 0.5973773 0.8634746 0.05323576 0.8634733 0.1448004 0.8614733 0.05472052 0.8550578 0.5028927 0.8552899 0.4628656 0.8570227 0.5026701 0.9568755 0.6499109 0.959059 0.6485332 0.9572929 0.6648799 0.8669627 0.7466657 0.8669688 0.8059633 0.8649623 0.7470977 0.4497564 0.6876695 0.4615356 0.71045 0.4476192 0.6879851 0.8634733 0.1448004 0.8654422 0.1445363 0.86319 0.1896729 0.9120036 0.7394363 0.9120034 0.6985846 0.9140067 0.7392563 0.8689395 0.8049544 0.8689334 0.8658428 0.8669688 0.8059633 0.4596748 0.6022074 0.4615356 0.6038584 0.4476192 0.6879851 0.8634746 0.05323576 0.8654445 0.05472022 0.8634733 0.1448004 0.8550578 0.5028927 0.8530519 0.5026214 0.8552899 0.4628656 0.959059 0.6485332 0.9612827 0.650018 0.959283 0.66418 0.8669627 0.7466657 0.8689334 0.7470785 0.8669688 0.8059633 0.003499269 0.6783548 0.007783174 0.6846168 0.001576721 0.7226797 0.5446156 0.754315 0.5465461 0.6754192 0.5832439 0.753499 0.5224825 0.846543 0.5270295 0.8465417 0.5224825 0.9033483 0.7714792 0.5886769 0.7805823 0.5096842 0.8257905 0.5851994 0.7786477 0.2523989 0.8179188 0.2552123 0.7786477 0.3308929 0.3522343 0.8434651 0.3553668 0.7653011 0.3599236 0.8442263 0.8932046 0.6980476 0.8932046 0.7435122 0.8878669 0.6980475 0.839505 0.8795542 0.8427415 0.8795408 0.839505 0.9330726 0.7928476 0.2488173 0.7911185 0.2488166 0.7928476 0.1952981 0.9182227 0.907526 0.9198505 0.9075315 0.9182227 0.9610461 0.1358142 0.9727571 0.1358142 0.9609103 0.143266 0.9727877 0.05171769 0.8796111 0.05495423 0.8795979 0.05171769 0.9331297 0.9541431 0.8001856 0.952414 0.8001849 0.9541431 0.7466664 0.9622095 0.5317137 0.9638373 0.5317192 0.9622095 0.5852337 0.8458951 0.8795542 0.8491316 0.8795409 0.8458951 0.9330727 0.9530212 0.1067557 0.951292 0.106755 0.9530212 0.05323648 0.9623818 0.2389066 0.9640095 0.2389121 0.9623818 0.2924267 0.0453276 0.8796111 0.04856413 0.8795979 0.0453276 0.9331297 0.9530063 0.204559 0.9512772 0.2045583 0.9530063 0.1510398 0.9626504 0.8508284 0.9642781 0.8508338 0.9626504 0.9043484 0.3697875 0.7299399 0.365486 0.6733452 0.4442235 0.7501513 0.3654985 0.6688356 0.3654962 0.6650933 0.4444631 0.6631309 0.365486 0.4898064 0.444285 0.4967537 0.3654957 0.4944208 0.3654962 0.6650933 0.3654876 0.6508644 0.4444607 0.6588294 0.3656915 0.5876272 0.4444656 0.5837029 0.3656672 0.5933846 0.3654957 0.4944208 0.4442939 0.5010349 0.3656817 0.5829859 0.3162141 0.7621477 0.3189606 0.6830989 0.320937 0.762095 0.3656672 0.5933846 0.4444476 0.5878742 0.3655058 0.6316273 0.320937 0.762095 0.3218538 0.6830666 0.3539074 0.7617273 0.853052 0.4597122 0.8558362 0.3801715 0.8571378 0.4593044 0.8571378 0.4593044 0.8590149 0.3798559 0.8692587 0.4580948 0.365486 0.8322989 0.365486 0.7533048 0.3691671 0.8323329 0.3679197 0.7533273 0.4026396 0.7536475 0.3691671 0.8323329 0.5417877 0.7543747 0.5436133 0.6754812 0.5446156 0.754315 0.8417347 0.5918305 0.8417347 0.6637166 0.8081837 0.6639208 0.3660416 0.962307 0.3659691 0.9406744 0.3689792 0.9622923 0.9671989 0.7211549 0.966764 0.7188757 0.9701667 0.7211549 0.3689792 0.9622923 0.3689066 0.9406597 0.3709043 0.962307 0.4797824 0.9759485 0.4798713 0.9543166 0.4826053 0.9759485 0.08800619 0.9182394 0.08738166 0.915953 0.09064614 0.9182232 0.05803763 0.9602054 0.05796509 0.9385727 0.0599628 0.9602201 0.2409016 0.9635001 0.2408291 0.9418674 0.2438392 0.9634853 0.07841181 0.9182394 0.07778722 0.9159531 0.08105176 0.9182232 0.7767018 0.9480764 0.7762669 0.9457972 0.7796696 0.9480764 0.2438392 0.9634853 0.2437666 0.9418527 0.2457643 0.9635001 0.9730831 0.2033131 0.9729511 0.2010389 0.975906 0.2033131 0.2408291 0.9418674 0.240346 0.9395815 0.2437666 0.9418527 0.08801519 0.9398717 0.08800619 0.9182394 0.09065514 0.9398555 0.9672101 0.7427884 0.9671989 0.7211549 0.9701778 0.7427884 0.3659691 0.9406744 0.365486 0.9383885 0.3689066 0.9406597 0.09317159 0.9182394 0.09064614 0.9182232 0.09382247 0.915953 0.2408291 0.9418674 0.2437666 0.9418527 0.2438392 0.9634853 0.7762669 0.9457972 0.7799676 0.9457972 0.7796696 0.9480764 0.2437666 0.9418527 0.2456917 0.9418674 0.2457643 0.9635001 0.9730831 0.2033131 0.975906 0.2033131 0.9758171 0.224945 0.07778722 0.9159531 0.08107906 0.9159329 0.08105176 0.9182232 0.9114996 0.4700098 0.9147216 0.4644273 0.9179437 0.4662873 0.8460772 0.2261337 0.8454526 0.2238474 0.8487171 0.2261174 0.2038552 0.9766059 0.2070775 0.9784672 0.2070775 0.9821882 0.2006329 0.9784655 0.2038552 0.9840478 0.2006329 0.9821865 0.3526804 0.9709746 0.3526692 0.9493412 0.3556482 0.9709746 0.05502754 0.9385875 0.0545445 0.9363015 0.05796509 0.9385727 0.2006329 0.9784655 0.2038552 0.9766059 0.2038552 0.9840478 0.07841181 0.9182394 0.08105176 0.9182232 0.08106082 0.9398556 0.7767018 0.9480764 0.7796696 0.9480764 0.7796807 0.9697098 0.240346 0.9395815 0.2440089 0.9395631 0.2437666 0.9418527 0.08105176 0.9182232 0.08107906 0.9159329 0.08422809 0.9159531 0.9731143 0.003850877 0.9759371 0.003850877 0.9758482 0.02548283 0.05796509 0.9385727 0.05820739 0.9362831 0.06060791 0.9363015 0.8945553 0.469264 0.8977774 0.4636816 0.9009994 0.4655416 0.8945553 0.469264 0.8945553 0.4655428 0.8977774 0.4636816 0.05502754 0.9385875 0.05796509 0.9385727 0.05803763 0.9602054 0.8487171 0.2261174 0.8487445 0.2238271 0.8518935 0.2238474 0.3659691 0.9406744 0.3689066 0.9406597 0.3689792 0.9622923 0.08738166 0.915953 0.09067344 0.9159328 0.09064614 0.9182232 0.966764 0.7188757 0.9704647 0.7188757 0.9701667 0.7211549 0.3689066 0.9406597 0.3708317 0.9406744 0.3709043 0.962307 0.4797393 0.9520424 0.4832592 0.9520424 0.4826942 0.9543166 0.365486 0.9383885 0.3691489 0.9383701 0.3689066 0.9406597 0.8977774 0.4711241 0.8945553 0.469264 0.9009994 0.4655416 0.05796509 0.9385727 0.05989021 0.9385875 0.0599628 0.9602201 0.9729822 0.001576721 0.9765021 0.001576721 0.9759371 0.003850877 0.3526692 0.9493412 0.355637 0.9493412 0.3556482 0.9709746 0.09065514 0.9398555 0.09064614 0.9182232 0.09318059 0.9398717 0.9730253 0.02548283 0.9731143 0.003850877 0.9758482 0.02548283 0.8460862 0.2477661 0.8460772 0.2261337 0.8487261 0.2477499 0.4798713 0.9543166 0.4797393 0.9520424 0.4826942 0.9543166 0.3708317 0.9406744 0.3689066 0.9406597 0.3715494 0.9383885 0.8487261 0.2477499 0.8487171 0.2261174 0.8512516 0.2477661 0.08106082 0.9398556 0.08105176 0.9182232 0.08358627 0.9398718 0.2456917 0.9418674 0.2437666 0.9418527 0.2464094 0.9395815 0.07842081 0.9398718 0.07841181 0.9182394 0.08106082 0.9398556 0.9729942 0.224945 0.9730831 0.2033131 0.9758171 0.224945 0.776713 0.9697098 0.7767018 0.9480764 0.7796807 0.9697098 0.08357721 0.9182394 0.08105176 0.9182232 0.08422809 0.9159531 0.08105176 0.9182232 0.08357721 0.9182394 0.08358627 0.9398718 0.9114996 0.4700098 0.9114996 0.4662885 0.9147216 0.4644273 0.9147216 0.4718698 0.9114996 0.4700098 0.9179437 0.4662873 0.9729511 0.2010389 0.976471 0.2010389 0.975906 0.2033131 0.2437666 0.9418527 0.2440089 0.9395631 0.2464094 0.9395815 0.9147216 0.4718698 0.9179437 0.4662873 0.9179437 0.4700086 0.05989021 0.9385875 0.05796509 0.9385727 0.06060791 0.9363015 0.3526692 0.9493412 0.3522344 0.947062 0.355637 0.9493412 0.9731143 0.003850877 0.9729822 0.001576721 0.9759371 0.003850877 0.05510008 0.9602201 0.05502754 0.9385875 0.05803763 0.9602054 0.8512426 0.2261337 0.8487171 0.2261174 0.8518935 0.2238474 0.2038552 0.9766059 0.2070775 0.9821882 0.2038552 0.9840478 0.8977774 0.4711241 0.9009994 0.4655416 0.9009994 0.4692628 0.8454526 0.2238474 0.8487445 0.2238271 0.8487171 0.2261174 0.0545445 0.9363015 0.05820739 0.9362831 0.05796509 0.9385727 0.8460772 0.2261337 0.8487171 0.2261174 0.8487261 0.2477499 0.8487171 0.2261174 0.8512426 0.2261337 0.8512516 0.2477661 0.3522344 0.947062 0.355935 0.947062 0.355637 0.9493412 0.09064614 0.9182232 0.09317159 0.9182394 0.09318059 0.9398717 0.3689066 0.9406597 0.3691489 0.9383701 0.3715494 0.9383885 0.08800619 0.9182394 0.09064614 0.9182232 0.09065514 0.9398555 0.4798713 0.9543166 0.4826942 0.9543166 0.4826053 0.9759485 0.9671989 0.7211549 0.9701667 0.7211549 0.9701778 0.7427884 0.09064614 0.9182232 0.09067344 0.9159328 0.09382247 0.915953 0.1277144 0.9310859 0.1291661 0.9310616 0.1291661 0.9623139 0.943942 0.001600742 0.943942 0.04533767 0.9424908 0.04538202 0.6705981 0.9283527 0.6720497 0.9283302 0.6720497 0.9634448 0.7908281 0.9399484 0.7893769 0.9399853 0.7893769 0.891169 0.1262635 0.9310438 0.1277144 0.9310859 0.1277144 0.9622997 0.9453936 0.04536765 0.943942 0.04533767 0.943942 0.001600742 0.6691468 0.9283297 0.6705981 0.9283527 0.6705981 0.9634242 0.7922797 0.9399795 0.7908281 0.9399484 0.7908281 0.8911922 0.1277144 0.9622997 0.1277144 0.9310859 0.1291661 0.9623139 0.9424908 0.001591145 0.943942 0.001600742 0.9424908 0.04538202 0.6705981 0.9634242 0.6705981 0.9283527 0.6720497 0.9634448 0.7908281 0.8911922 0.7908281 0.9399484 0.7893769 0.891169 0.1262635 0.962296 0.1262635 0.9310438 0.1277144 0.9622997 0.9453936 0.001576721 0.9453936 0.04536765 0.943942 0.001600742 0.6691468 0.9634443 0.6691468 0.9283297 0.6705981 0.9634242 0.7922797 0.8911632 0.7922797 0.9399795 0.7908281 0.8911922 0.1878818 0.809469 0.1527432 0.8591037 0.1527432 0.8094641 0.8579663 0.07024121 0.8228278 0.119876 0.8228278 0.07023638 0.0356177 0.8624454 0.001576721 0.8143434 0.0356177 0.8143436 0.8963581 0.6946958 0.9005038 0.7419411 0.8963581 0.7435121 0.8663971 0.3668383 0.8705356 0.3334228 0.8705356 0.3685375 0.9132252 0.002258598 0.9091041 0.04536765 0.9091041 0.001576721 0.4699124 0.9454343 0.4657506 0.9164401 0.4699124 0.9141821 0.5257722 0.2488114 0.5275765 0.2067883 0.5693213 0.2035272 0.7860501 0.8672021 0.7492535 0.863818 0.7476976 0.8254407 0.9576135 0.001576721 0.9576135 0.04001581 0.9546227 0.03853285 0.9514317 0.03938692 0.9485472 0.04209458 0.9485472 0.001576721 0.9056608 0.707112 0.9076453 0.7080595 0.9076453 0.7425566 0.8199707 0.9135046 0.8199707 0.9495708 0.8179693 0.9479908 0.9551608 0.8085873 0.9568193 0.8095394 0.9568193 0.8440365 0.9578353 0.1118062 0.9578353 0.1478855 0.9561598 0.146293 0.6790804 0.8458672 0.6790804 0.912786 0.6752032 0.9128097 0.6931415 0.8458673 0.6931415 0.9127861 0.6892644 0.9128099 0.9534832 0.8440163 0.9534832 0.8095191 0.9551608 0.8085873 0.959496 0.1462776 0.9578353 0.1478855 0.9578353 0.1118062 0.9036574 0.7425323 0.9036574 0.7080352 0.9056608 0.707112 0.8219573 0.9479725 0.8199707 0.9495708 0.8199707 0.9135046 0.4602916 0.7145853 0.4602916 0.7397323 0.4476192 0.7398119 0.7433507 0.8733159 0.7433507 0.9402365 0.7411365 0.9402255 0.365486 0.9352117 0.365486 0.8682922 0.3679531 0.8682971 0.03181564 0.9325184 0.03181564 0.8655989 0.03428274 0.8656038 0.7379831 0.8733159 0.7379831 0.9402365 0.7357688 0.9402255 0.8081837 0.5920347 0.8417347 0.5918305 0.8081837 0.6639208 0.6270734 0.7767423 0.6603168 0.7768952 0.6270734 0.8486304 0.5693213 0.2489477 0.5257722 0.2488114 0.5693213 0.2035272 0.7862234 0.8254407 0.7860501 0.8672021 0.7476976 0.8254407 0.9546032 0.004578948 0.9576135 0.001576721 0.9546227 0.03853285 0.9514498 0.002065122 0.9514317 0.03938692 0.9485472 0.001576721 0.9056608 0.7435121 0.9056608 0.707112 0.9076453 0.7425566 0.8179693 0.9138102 0.8199707 0.9135046 0.8179693 0.9479908 0.9551607 0.8450008 0.9551608 0.8085873 0.9568193 0.8440365 0.9561598 0.1121124 0.9578353 0.1118062 0.9561598 0.146293 0.6752032 0.8458911 0.6790804 0.8458672 0.6752032 0.9128097 0.6892644 0.8458911 0.6931415 0.8458673 0.6892644 0.9128099 0.9551607 0.8450008 0.9534832 0.8440163 0.9551608 0.8085873 0.959496 0.112097 0.959496 0.1462776 0.9578353 0.1118062 0.9056608 0.7435121 0.9036574 0.7425323 0.9056608 0.707112 0.8219573 0.9137918 0.8219573 0.9479725 0.8199707 0.9135046 0.4476192 0.7146649 0.4602916 0.7145853 0.4476192 0.7398119 0.7411365 0.8733049 0.7433507 0.8733159 0.7411365 0.9402255 0.3679531 0.9352167 0.365486 0.9352117 0.3679531 0.8682971 0.03428274 0.9325234 0.03181564 0.9325184 0.03428274 0.8656038 0.7357688 0.8733049 0.7379831 0.8733159 0.7357688 0.9402255 0.8541711 0.3242954 0.82898 0.2523989 0.8541711 0.2524084 0.4507631 0.9698845 0.4490832 0.9695539 0.4490832 0.9420287 0.4524291 0.9695522 0.4507631 0.9698845 0.4507631 0.9417418 0.4507631 0.9417418 0.4507631 0.9698845 0.4490832 0.9420287 0.4524291 0.942027 0.4524291 0.9695522 0.4507631 0.9417418 0.4572625 0.9698844 0.4555827 0.9695538 0.4555827 0.9420286 0.4589287 0.9695522 0.4572625 0.9698844 0.4572625 0.9417418 0.4572625 0.9417418 0.4572625 0.9698844 0.4555827 0.9420286 0.4589287 0.942027 0.4589287 0.9695522 0.4572625 0.9417418 0.5839604 0.9243665 0.582583 0.9242777 0.5825829 0.8450577 0.5825829 0.8450577 0.582583 0.9242777 0.5810961 0.9243544 0.923074 0.9309509 0.923074 0.8514271 0.9249997 0.8514551 0.6425917 0.8519552 0.6444525 0.8519369 0.6444525 0.9314469 0.9446811 0.2389556 0.9446811 0.313728 0.9429131 0.3136789 0.842348 0.372085 0.8406391 0.3693815 0.842348 0.3701217 0.842348 0.372085 0.8406391 0.3725583 0.8406391 0.3693815 0.8406391 0.3725583 0.839583 0.3708874 0.8406391 0.3693815 0.9966657 0.1240534 0.9983927 0.1246883 0.9983927 0.1264967 0.9955984 0.1254695 0.9966657 0.1240534 0.9983927 0.1264967 0.9955984 0.1254695 0.9983927 0.1264967 0.9966658 0.1269795 0.9041885 0.924104 0.9028111 0.9240152 0.9028111 0.8447953 0.9028111 0.8447953 0.9028111 0.9240152 0.9013243 0.924092 0.9281532 0.9303524 0.9281533 0.8508285 0.9300789 0.8508566 0.6294096 0.9314469 0.6275488 0.9314653 0.6275488 0.8519552 0.7731133 0.8704047 0.7731133 0.945177 0.7713453 0.9451279 0.8837592 0.246232 0.8819575 0.2488747 0.8819575 0.2470124 0.8837592 0.246232 0.8848726 0.247612 0.8819575 0.2488747 0.8848726 0.247612 0.8837591 0.2492453 0.8819575 0.2488747 0.9966657 0.1118943 0.9983927 0.1125291 0.9983927 0.1143376 0.9955985 0.1133103 0.9966657 0.1118943 0.9983927 0.1143376 0.9955985 0.1133103 0.9983927 0.1143376 0.9966658 0.1148204 0.2989021 0.9364064 0.2970826 0.9364343 0.2970826 0.8569102 0.2421858 0.9364097 0.240346 0.9363946 0.2403461 0.8571962 0.6576104 0.9314467 0.6576104 0.851937 0.659459 0.8519877 0.7310488 0.9207259 0.7294402 0.9211395 0.7294402 0.8462808 0.7324178 0.8462499 0.7324178 0.9211086 0.7310488 0.9207259 0.8652412 0.5736652 0.8622899 0.5724276 0.8641139 0.5720551 0.8652412 0.5736652 0.8622899 0.574268 0.8622899 0.5724276 0.8652412 0.5736652 0.8641139 0.5750328 0.8622899 0.574268 0.9966403 0.07209521 0.9955984 0.07049316 0.9966403 0.06909143 0.9966403 0.07209521 0.9966403 0.06909143 0.998326 0.06982713 0.998326 0.07168358 0.9966403 0.07209521 0.998326 0.06982713 0.2889559 0.9364065 0.2871363 0.9364343 0.2871363 0.8569103 0.2571659 0.9364096 0.2553261 0.9363945 0.2553261 0.8571961 0.6526082 0.9314467 0.6526082 0.8519369 0.6544567 0.8519877 0.4746747 0.9214007 0.473066 0.9218142 0.473066 0.8469555 0.4760437 0.8469246 0.4760437 0.9217833 0.4746747 0.9214007 0.8187035 0.3720879 0.8169956 0.3693814 0.8187035 0.3701224 0.8187035 0.3720879 0.8159402 0.370889 0.8169956 0.3693814 0.8187035 0.3720879 0.8169956 0.3725616 0.8159402 0.370889 0.9966405 0.06593793 0.9955986 0.06433588 0.9966404 0.0629341 0.9966405 0.06593793 0.9966404 0.0629341 0.9983262 0.0636698 0.9983262 0.0655263 0.9966405 0.06593793 0.9983262 0.0636698 0.9065347 0.3596042 0.9083461 0.3595628 0.908346 0.4707463 0.9102737 0.5792896 0.9084334 0.5792492 0.9084334 0.4750347 0.9034482 0.4750347 0.9052797 0.4751179 0.9052798 0.5862917 0.883643 0.3595628 0.883643 0.4706215 0.8820651 0.4707463 0.8850417 0.3596199 0.8850417 0.4706786 0.883643 0.4706215 0.8587844 0.6604889 0.8569805 0.6631382 0.8569805 0.6612769 0.8587844 0.6604889 0.8587844 0.6635004 0.8569805 0.6631382 0.8587844 0.6604889 0.8598992 0.661863 0.8587844 0.6635004 0.9966388 0.04124212 0.9955986 0.03963047 0.996639 0.03822636 0.9966388 0.04124212 0.996639 0.03822636 0.9983223 0.03897023 0.9983223 0.04083412 0.9966388 0.04124212 0.9983223 0.03897023 0.8778575 0.05327522 0.879387 0.05323576 0.879387 0.1644231 0.9186863 0.1576499 0.9169738 0.1573769 0.9169738 0.05323576 0.2351196 0.7775719 0.2351196 0.6663914 0.237101 0.6664625 0.8761804 0.05334955 0.8778575 0.05327522 0.8778575 0.1644627 0.908757 0.05326581 0.908757 0.1643146 0.9070596 0.1642846 0.2341893 0.6597356 0.2341894 0.6565321 0.2352383 0.6580715 0.2341893 0.6597356 0.2324921 0.6572448 0.2341894 0.6565321 0.2341893 0.6597356 0.2324921 0.6592246 0.2324921 0.6572448 0.9966475 0.07823121 0.9955984 0.07668077 0.9966474 0.07524871 0.9966475 0.07823121 0.9966474 0.07524871 0.9983449 0.07591408 0.9983449 0.07775741 0.9966475 0.07823121 0.9983449 0.07591408 0.8939247 0.3430335 0.8924969 0.3434976 0.8924969 0.2393708 0.8924969 0.2393708 0.8924969 0.3434976 0.8910558 0.3430594 0.2351195 0.8919815 0.2351195 0.7807966 0.2370292 0.7808622 0.9033142 0.2389758 0.9052179 0.2389066 0.9052178 0.3500959 0.2353963 0.3667753 0.2371698 0.3667794 0.2371698 0.4778267 0.8472357 0.6635553 0.846307 0.6604889 0.8477578 0.6616601 0.8472357 0.6635553 0.8454623 0.6635553 0.846307 0.6604889 0.8454623 0.6635553 0.8448883 0.6616602 0.846307 0.6604889 0.9972879 0.08138477 0.9983322 0.08290296 0.997288 0.08437919 0.9955984 0.08192265 0.9972879 0.08138477 0.997288 0.08437919 0.9955984 0.08192265 0.997288 0.08437919 0.9955984 0.08377337 0.2353963 0.3636218 0.2353963 0.252443 0.2371733 0.2523885 0.8857167 0.1578302 0.8841433 0.1581171 0.8841434 0.053707 0.8841433 0.1581171 0.8825407 0.1576458 0.8825407 0.05323576 0.6654296 0.7767423 0.6654296 0.8878241 0.6634702 0.8879053 0.9071747 0.7030068 0.9071747 0.5918385 0.9088498 0.5918304 0.889307 0.4645517 0.8911061 0.4649075 0.8911061 0.4667695 0.889307 0.4675644 0.889307 0.4645517 0.8911061 0.4667695 0.889307 0.4675644 0.8881952 0.4661937 0.889307 0.4645517 0.8970782 0.3387532 0.8980901 0.3373147 0.8997275 0.3381106 0.8980902 0.3404381 0.8970782 0.3387532 0.8997275 0.3381106 0.8997275 0.3400409 0.8980902 0.3404381 0.8997275 0.3381106 0.6720495 0.925176 0.6706721 0.9250872 0.6706721 0.8458672 0.6706721 0.8458672 0.6706721 0.9250872 0.6691853 0.9251639 0.5559484 0.9284529 0.5559484 0.848929 0.5578742 0.848957 0.6344239 0.931447 0.6325631 0.9314653 0.6325631 0.8519554 0.7632703 0.8704047 0.7632704 0.945177 0.7615024 0.9451279 0.8701599 0.5843176 0.8683583 0.5869603 0.8683583 0.5850979 0.8701599 0.5843176 0.8712734 0.5856975 0.8683583 0.5869603 0.8712734 0.5856975 0.8701599 0.5873308 0.8683583 0.5869603 0.9966658 0.09973502 0.9983928 0.1003699 0.9983928 0.1021783 0.9955986 0.101151 0.9966658 0.09973502 0.9983928 0.1021783 0.9955986 0.101151 0.9983928 0.1021783 0.9966659 0.1026611 0.7326152 0.8426983 0.702477 0.8427138 0.7024771 0.7767534 0.8264731 0.2211945 0.7963364 0.221207 0.7963364 0.1275736 0.499228 0.7805255 0.5293641 0.7806494 0.5293641 0.8433883 0.8498985 0.4667796 0.8197613 0.4668807 0.8197613 0.3787346 0.7931828 0.001585364 0.7931828 0.09528344 0.7268589 0.09527486 0.8740751 0.8382015 0.8740751 0.9059996 0.8720931 0.9053682 0.8790353 0.5712767 0.8770401 0.5701932 0.8770402 0.4760625 0.8827396 0.8460612 0.8847133 0.8471196 0.8847133 0.9101917 0.8861625 0.5656364 0.8841679 0.5643956 0.8841679 0.4757815 0.8760675 0.9053662 0.8740751 0.9059996 0.8740751 0.8382015 0.8810143 0.5701916 0.8790353 0.5712767 0.8790353 0.4750347 0.8807391 0.9101753 0.8807391 0.8471032 0.8827396 0.8460612 0.8881422 0.5643823 0.8861625 0.5656364 0.8861625 0.4750347 0.5262313 0.9402022 0.5262313 0.9706143 0.5224825 0.9706017 0.9773482 0.08365362 0.9773482 0.0532425 0.9789849 0.05323576 0.6906683 0.9430567 0.6906683 0.9734697 0.6889475 0.9734688 0.7545999 0.8703556 0.7583487 0.8703682 0.7583487 0.9238882 0.952986 0.9610298 0.952986 0.9075112 0.9546226 0.9075046 0.9577012 0.3595637 0.9577012 0.4130854 0.9559805 0.4130845 0.3836296 0.8682922 0.3873785 0.8683047 0.3873785 0.9218248 0.9578602 0.9043536 0.9578602 0.8508352 0.9594969 0.8508284 0.9547066 0.8508293 0.9547066 0.904351 0.9529858 0.9043501 0.2640683 0.939903 0.2640683 0.970315 0.2603195 0.9703025 0.9772232 0.3899807 0.9772232 0.3595695 0.9788599 0.3595628 0.613659 0.9346569 0.613659 0.9650699 0.6119382 0.965069 0.6660318 0.6671314 0.6660318 0.7735888 0.5906763 0.7735791 0.8789116 0.3608579 0.8789116 0.4574891 0.8744814 0.4597121 0.8761804 0.1676905 0.880633 0.1692016 0.880633 0.2415116 0.8730268 0.05505168 0.8730268 0.1576985 0.8685979 0.1596198 0.8917982 0.2348251 0.8917982 0.1660469 0.8962651 0.1642062 0.970456 0.8085999 0.970456 0.8390119 0.9667071 0.8389993 0.9772909 0.4466597 0.9772909 0.4162486 0.9789276 0.4162418 0.2689426 0.9398913 0.2689426 0.9703043 0.2672218 0.9703034 0.5825304 0.9683167 0.5750783 0.9683417 0.5750783 0.9546199 0.9238309 0.04898977 0.9163788 0.0490148 0.9163788 0.03529304 0.9024467 0.9690505 0.8949946 0.9690755 0.8949946 0.9553537 0.4954339 0.9691447 0.4879818 0.9691696 0.4879818 0.9554479 0.9697976 0.2010406 0.9697976 0.2314521 0.9658154 0.2314504 0.4207638 0.9737914 0.4207638 0.9433784 0.4224845 0.9433793 0.9758027 0.8508284 0.9758027 0.8812396 0.9741659 0.8812463 0.08492302 0.8592585 0.08890527 0.8592602 0.08890527 0.9127793 0.9561599 0.2045608 0.9561599 0.1510391 0.9578806 0.15104 0.9589334 0.7466657 0.9589334 0.8001842 0.9572966 0.8001909 0.09919458 0.8592585 0.1031768 0.8592602 0.1031768 0.9127793 0.9562531 0.6453522 0.9562531 0.5918304 0.9579738 0.5918313 0.9590561 0.5317134 0.9590561 0.585232 0.9574194 0.5852387 0.9666318 0.1118078 0.9666318 0.1422194 0.9626495 0.1422177 0.7426409 0.9738029 0.7426409 0.9433899 0.7443616 0.9433908 0.3125326 0.9455885 0.3125326 0.9759997 0.3108958 0.9760064 0.9698909 0.5918322 0.9698909 0.6222437 0.9659087 0.622242 0.3595056 0.9605035 0.3595056 0.9300904 0.3612264 0.9300913 0.979093 0.1510391 0.979093 0.1814503 0.9774563 0.1814569 0.1619032 0.6595073 0.1521888 0.6595113 0.1521888 0.6449353 0.1747712 0.6595072 0.1650568 0.6595112 0.1650568 0.6449352 0.5979174 0.9197351 0.5965583 0.9191035 0.5965583 0.8527927 0.902665 0.6880725 0.9012927 0.6869887 0.9012927 0.592858 0.4162595 0.9275149 0.4162595 0.8630282 0.4176102 0.864084 0.9086332 0.8372675 0.9072616 0.8360246 0.9072616 0.7474105 0.5992868 0.8527913 0.5992868 0.919102 0.5979174 0.9197351 0.904021 0.5928569 0.904021 0.6869876 0.902665 0.6880725 0.414882 0.8640727 0.4162595 0.8630282 0.4162595 0.9275149 0.90999 0.8360155 0.9086332 0.8372675 0.9086332 0.7466658 0.1490352 0.6595072 0.1393208 0.6595112 0.1393208 0.6449353 0.1477347 0.8743714 0.1477347 0.9278931 0.1443319 0.9278913 0.9619827 0.7229561 0.9619827 0.6694362 0.9636105 0.6694416 0.9517838 0.2994285 0.9517838 0.3529477 0.9500547 0.3529469 0.9264297 0.3563085 0.9189773 0.3563123 0.9189773 0.3438572 0.2009944 0.8778101 0.2009944 0.9313318 0.1975916 0.93133 0.961049 0.1067558 0.961049 0.05323576 0.9626767 0.05324119 0.9493831 0.4750354 0.9493831 0.5285546 0.947654 0.5285539 0.214107 0.8778101 0.214107 0.9313318 0.2107043 0.93133 0.9610341 0.2045591 0.9610341 0.1510391 0.9626619 0.1510446 0.9528269 0.4162369 0.9528269 0.4697561 0.9510977 0.4697554 0.9370356 0.3563084 0.9295833 0.3563122 0.9295833 0.3438572 0.04217404 0.8795995 0.04217404 0.9331212 0.03877127 0.9331195 0.9622095 0.5285547 0.9622095 0.4750347 0.9638373 0.4750401 0.9528269 0.3595634 0.9528269 0.4130827 0.9510978 0.4130819 0.4659383 0.6746442 0.5386342 0.6746501 0.5386342 0.777372 0.9642782 0.9641892 0.9642782 0.9753842 0.9589294 0.9753814 0.9759994 0.1866904 0.9759994 0.1978854 0.9706506 0.1978827 0.5357542 0.879921 0.5357542 0.9334395 0.5325176 0.9334529 0.9464877 0.6453496 0.9464877 0.5918304 0.9482169 0.5918312 0.9614394 0.2994332 0.9614394 0.3529533 0.9598116 0.3529478 0.9362776 0.9609709 0.9437295 0.9610016 0.9437295 0.9728484 0.8363515 0.8795408 0.8363515 0.9330593 0.8331149 0.9330726 0.9525367 0.5285539 0.9525367 0.4750347 0.9542658 0.4750354 0.9642781 0.9075129 0.9642781 0.9610329 0.9626503 0.9610275 0.8555217 0.8795408 0.8555217 0.9330593 0.8522852 0.9330726 0.9513704 0.6453496 0.9513704 0.5918304 0.9530994 0.5918312 0.9662206 0.2994332 0.9662206 0.3529533 0.9645929 0.3529478 0.06134432 0.8795978 0.06134432 0.9331163 0.05810779 0.9331296 0.9521552 0.7229553 0.9521552 0.6694361 0.9538843 0.6694369 0.9672638 0.3595682 0.9672638 0.4130882 0.965636 0.4130828 0.9331242 0.960971 0.9331242 0.9721653 0.9280367 0.9721862 0.5839604 0.8451465 0.5839604 0.9243665 0.5825829 0.8450577 0.5810961 0.8451345 0.5825829 0.8450577 0.5810961 0.9243544 0.9249997 0.930979 0.923074 0.9309509 0.9249997 0.8514551 0.6425917 0.9314653 0.6425917 0.8519552 0.6444525 0.9314469 0.9429131 0.2389066 0.9446811 0.2389556 0.9429131 0.3136789 0.9041885 0.844884 0.9041885 0.924104 0.9028111 0.8447953 0.9013243 0.8448721 0.9028111 0.8447953 0.9013243 0.924092 0.9300789 0.9303804 0.9281532 0.9303524 0.9300789 0.8508566 0.6294096 0.8519369 0.6294096 0.9314469 0.6275488 0.8519552 0.7713453 0.8703557 0.7731133 0.8704047 0.7713453 0.9451279 0.2989021 0.8568823 0.2989021 0.9364064 0.2970826 0.8569102 0.2421858 0.8572112 0.2421858 0.9364097 0.2403461 0.8571962 0.659459 0.9314975 0.6576104 0.9314467 0.659459 0.8519877 0.7310488 0.8458673 0.7310488 0.9207259 0.7294402 0.8462808 0.7310488 0.8458673 0.7324178 0.8462499 0.7310488 0.9207259 0.2889559 0.8568824 0.2889559 0.9364065 0.2871363 0.8569103 0.2571659 0.8572111 0.2571659 0.9364096 0.2553261 0.8571961 0.6544567 0.9314975 0.6526082 0.9314467 0.6544567 0.8519877 0.4746747 0.846542 0.4746747 0.9214007 0.473066 0.8469555 0.4746747 0.846542 0.4760437 0.8469246 0.4746747 0.9214007 0.9065347 0.470788 0.9065347 0.3596042 0.908346 0.4707463 0.9102737 0.4750751 0.9102737 0.5792896 0.9084334 0.4750347 0.9034482 0.5862085 0.9034482 0.4750347 0.9052798 0.5862917 0.8820651 0.3596876 0.883643 0.3595628 0.8820651 0.4707463 0.883643 0.3595628 0.8850417 0.3596199 0.883643 0.4706215 0.8778575 0.1644627 0.8778575 0.05327522 0.879387 0.1644231 0.9186863 0.05350881 0.9186863 0.1576499 0.9169738 0.05323576 0.237101 0.777643 0.2351196 0.7775719 0.237101 0.6664625 0.8761804 0.164537 0.8761804 0.05334955 0.8778575 0.1644627 0.9070597 0.0532357 0.908757 0.05326581 0.9070596 0.1642846 0.8939247 0.2389066 0.8939247 0.3430335 0.8924969 0.2393708 0.8910558 0.2389325 0.8924969 0.2393708 0.8910558 0.3430594 0.2370292 0.8920471 0.2351195 0.8919815 0.2370292 0.7808622 0.9033142 0.350165 0.9033142 0.2389758 0.9052178 0.3500959 0.2353964 0.4778226 0.2353963 0.3667753 0.2371698 0.4778267 0.2371733 0.3635672 0.2353963 0.3636218 0.2371733 0.2523885 0.8857167 0.05342024 0.8857167 0.1578302 0.8841434 0.053707 0.8841434 0.053707 0.8841433 0.1581171 0.8825407 0.05323576 0.6634703 0.7768235 0.6654296 0.7767423 0.6634702 0.8879053 0.9088498 0.7029987 0.9071747 0.7030068 0.9088498 0.5918304 0.6720495 0.845956 0.6720495 0.925176 0.6706721 0.8458672 0.6691853 0.845944 0.6706721 0.8458672 0.6691853 0.9251639 0.5578742 0.9284809 0.5559484 0.9284529 0.5578742 0.848957 0.6344239 0.851937 0.6344239 0.931447 0.6325631 0.8519554 0.7615024 0.8703556 0.7632703 0.8704047 0.7615024 0.9451279 0.7326152 0.7767378 0.7326152 0.8426983 0.7024771 0.7767534 0.8264731 0.127561 0.8264731 0.2211945 0.7963364 0.1275736 0.499228 0.8432644 0.499228 0.7805255 0.5293641 0.8433883 0.8498985 0.3786336 0.8498985 0.4667796 0.8197613 0.3787346 0.7268589 0.001576662 0.7931828 0.001585364 0.7268589 0.09527486 0.8720931 0.8390575 0.8740751 0.8382015 0.8720931 0.9053682 0.8790353 0.4750347 0.8790353 0.5712767 0.8770402 0.4760625 0.8827396 0.910548 0.8827396 0.8460612 0.8847133 0.9101917 0.8861625 0.4750347 0.8861625 0.5656364 0.8841679 0.4757815 0.8760675 0.8390554 0.8760675 0.9053662 0.8740751 0.8382015 0.8810143 0.4760608 0.8810143 0.5701916 0.8790353 0.4750347 0.8827396 0.910548 0.8807391 0.9101753 0.8827396 0.8460612 0.8881422 0.4757682 0.8881422 0.5643823 0.8861625 0.4750347 0.5224825 0.9401897 0.5262313 0.9402022 0.5224825 0.9706017 0.9789849 0.08364695 0.9773482 0.08365362 0.9789849 0.05323576 0.6889475 0.9430558 0.6906683 0.9430567 0.6889475 0.9734688 0.7545999 0.9238756 0.7545999 0.8703556 0.7583487 0.9238882 0.9546226 0.961023 0.952986 0.9610298 0.9546226 0.9075046 0.9559805 0.3595628 0.9577012 0.3595637 0.9559805 0.4130845 0.3836296 0.9218122 0.3836296 0.8682922 0.3873785 0.9218248 0.9594969 0.9043469 0.9578602 0.9043536 0.9594969 0.8508284 0.9529858 0.8508284 0.9547066 0.8508293 0.9529858 0.9043501 0.2603195 0.9398905 0.2640683 0.939903 0.2603195 0.9703025 0.9788599 0.3899739 0.9772232 0.3899807 0.9788599 0.3595628 0.6119382 0.934656 0.613659 0.9346569 0.6119382 0.965069 0.5906763 0.6671215 0.6660318 0.6671314 0.5906763 0.7735791 0.8744814 0.3595628 0.8789116 0.3608579 0.8744814 0.4597121 0.8761804 0.2426332 0.8761804 0.1676905 0.880633 0.2415116 0.8685979 0.05323576 0.8730268 0.05505168 0.8685979 0.1596198 0.8962651 0.2354886 0.8917982 0.2348251 0.8962651 0.1642062 0.9667071 0.8085873 0.970456 0.8085999 0.9667071 0.8389993 0.9789276 0.446653 0.9772909 0.4466597 0.9789276 0.4162418 0.2672218 0.9398904 0.2689426 0.9398913 0.2672218 0.9703034 0.5825304 0.9545949 0.5825304 0.9683167 0.5750783 0.9546199 0.9238309 0.035268 0.9238309 0.04898977 0.9163788 0.03529304 0.9024467 0.9553287 0.9024467 0.9690505 0.8949946 0.9553537 0.4954339 0.9554229 0.4954339 0.9691447 0.4879818 0.9554479 0.9658154 0.2010389 0.9697976 0.2010406 0.9658154 0.2314504 0.4224845 0.9737923 0.4207638 0.9737914 0.4224845 0.9433793 0.9741659 0.8508352 0.9758027 0.8508284 0.9741659 0.8812463 0.08492302 0.9127777 0.08492302 0.8592585 0.08890527 0.9127793 0.9578806 0.2045617 0.9561599 0.2045608 0.9578806 0.15104 0.9572966 0.7466725 0.9589334 0.7466657 0.9572966 0.8001909 0.09919458 0.9127777 0.09919458 0.8592585 0.1031768 0.9127793 0.9579738 0.645353 0.9562531 0.6453522 0.9579738 0.5918313 0.9574194 0.5317202 0.9590561 0.5317134 0.9574194 0.5852387 0.9626495 0.1118062 0.9666318 0.1118078 0.9626495 0.1422177 0.7443616 0.9738038 0.7426409 0.9738029 0.7443616 0.9433908 0.3108958 0.9455952 0.3125326 0.9455885 0.3108958 0.9760064 0.9659087 0.5918305 0.9698909 0.5918322 0.9659087 0.622242 0.3612264 0.9605044 0.3595056 0.9605035 0.3612264 0.9300913 0.9774563 0.1510458 0.979093 0.1510391 0.9774563 0.1814569 0.1619032 0.6449313 0.1619032 0.6595073 0.1521888 0.6449353 0.1747712 0.6449311 0.1747712 0.6595072 0.1650568 0.6449352 0.5979174 0.851937 0.5979174 0.9197351 0.5965583 0.8527927 0.902665 0.5918304 0.902665 0.6880725 0.9012927 0.592858 0.4176102 0.927156 0.4162595 0.9275149 0.4176102 0.864084 0.9086332 0.7466658 0.9086332 0.8372675 0.9072616 0.7474105 0.5979174 0.851937 0.5992868 0.8527913 0.5979174 0.9197351 0.902665 0.5918304 0.904021 0.5928569 0.902665 0.6880725 0.414882 0.9271448 0.414882 0.8640727 0.4162595 0.9275149 0.9099899 0.7474014 0.90999 0.8360155 0.9086332 0.7466658 0.1490352 0.6449312 0.1490352 0.6595072 0.1393208 0.6449353 0.1443319 0.8743696 0.1477347 0.8743714 0.1443319 0.9278913 0.9636105 0.7229616 0.9619827 0.7229561 0.9636105 0.6694416 0.9500547 0.2994278 0.9517838 0.2994285 0.9500547 0.3529469 0.9264297 0.3438534 0.9264297 0.3563085 0.9189773 0.3438572 0.1975916 0.8778083 0.2009944 0.8778101 0.1975916 0.93133 0.9626767 0.1067612 0.961049 0.1067558 0.9626767 0.05324119 0.947654 0.4750347 0.9493831 0.4750354 0.947654 0.5285539 0.2107043 0.8778083 0.214107 0.8778101 0.2107043 0.93133 0.9626619 0.2045646 0.9610341 0.2045591 0.9626619 0.1510446 0.9510977 0.4162362 0.9528269 0.4162369 0.9510977 0.4697554 0.9370356 0.3438533 0.9370356 0.3563084 0.9295833 0.3438572 0.03877127 0.8795978 0.04217404 0.8795995 0.03877127 0.9331195 0.9638373 0.5285602 0.9622095 0.5285547 0.9638373 0.4750401 0.9510978 0.3595627 0.9528269 0.3595634 0.9510978 0.4130819 0.4659383 0.7773661 0.4659383 0.6746442 0.5386342 0.777372 0.9589294 0.9641864 0.9642782 0.9641892 0.9589294 0.9753814 0.9706506 0.1866877 0.9759994 0.1866904 0.9706506 0.1978827 0.5325176 0.8799343 0.5357542 0.879921 0.5325176 0.9334529 0.9482169 0.6453503 0.9464877 0.6453496 0.9482169 0.5918312 0.9598116 0.2994278 0.9614394 0.2994332 0.9598116 0.3529478 0.9362776 0.9728177 0.9362776 0.9609709 0.9437295 0.9728484 0.8331149 0.8795541 0.8363515 0.8795408 0.8331149 0.9330726 0.9542658 0.5285546 0.9525367 0.5285539 0.9542658 0.4750354 0.9626503 0.9075074 0.9642781 0.9075129 0.9626503 0.9610275 0.8522852 0.8795542 0.8555217 0.8795408 0.8522852 0.9330726 0.9530994 0.6453503 0.9513704 0.6453496 0.9530994 0.5918312 0.9645929 0.2994278 0.9662206 0.2994332 0.9645929 0.3529478 0.05810779 0.8796111 0.06134432 0.8795978 0.05810779 0.9331296 0.9538843 0.7229561 0.9521552 0.7229553 0.9538843 0.6694369 0.965636 0.3595628 0.9672638 0.3595682 0.965636 0.4130828 0.9280367 0.9609919 0.9331242 0.960971 0.9280367 0.9721862 0.3429357 0.9192802 0.3416175 0.9197411 0.3416175 0.8476079 0.3416175 0.8476079 0.3416175 0.9197411 0.3401594 0.9193575 0.444051 0.938564 0.444051 0.8613998 0.4459296 0.8614289 0.1626851 0.862296 0.1645025 0.862262 0.1645025 0.9394297 0.9415515 0.1302849 0.9415515 0.05323576 0.9432696 0.05324292 0.5875064 0.9290797 0.5846415 0.9278842 0.5864121 0.9275202 0.5875064 0.9290797 0.5864121 0.9304075 0.5846415 0.9278842 0.5864121 0.9304075 0.5846415 0.9296687 0.5846415 0.9278842 0.9972409 0.1603789 0.998256 0.1618651 0.997241 0.163293 0.9955985 0.1608884 0.9972409 0.1603789 0.997241 0.163293 0.9955985 0.1608884 0.997241 0.163293 0.9955985 0.1626895 0.3370059 0.9192801 0.3356876 0.919741 0.3356876 0.8476079 0.3356876 0.8476079 0.3356876 0.919741 0.3342295 0.9193574 0.9280207 0.2355912 0.9280207 0.158427 0.9298993 0.1584562 0.1577141 0.862296 0.1595315 0.862262 0.1595315 0.9394297 0.9415366 0.2280882 0.9415366 0.1510391 0.9432547 0.1510462 0.927775 0.585351 0.9260271 0.5879163 0.9260271 0.5861087 0.927775 0.585351 0.9288552 0.5866903 0.9260271 0.5879163 0.9288552 0.5866903 0.927775 0.5882757 0.9260271 0.5879163 0.9972409 0.1482436 0.998256 0.1497298 0.997241 0.1511577 0.9955985 0.1487531 0.9972409 0.1482436 0.997241 0.1511577 0.9955985 0.1487531 0.997241 0.1511577 0.9955985 0.1505542 0.01637321 0.8656149 0.01813054 0.8655988 0.01813054 0.9427603 0.134622 0.9466096 0.1328364 0.9465895 0.1328364 0.8743696 0.4257109 0.9401812 0.4257109 0.8630281 0.427488 0.8630758 0.7249296 0.9229286 0.7233985 0.9230206 0.7233985 0.845959 0.7262865 0.8459247 0.7262865 0.9229862 0.7249296 0.9229286 0.5869086 0.9365364 0.5860183 0.933561 0.5874195 0.9346975 0.5869086 0.9365364 0.5846415 0.9346975 0.5860183 0.933561 0.5869086 0.9365364 0.5851918 0.9365364 0.5846415 0.9346975 0.9966075 0.1390823 0.9955984 0.1375132 0.9966075 0.1361438 0.9966075 0.1390823 0.9966075 0.1361438 0.9982403 0.1368666 0.9982403 0.1386827 0.9966075 0.1390823 0.9982403 0.1368666 0.0212841 0.865615 0.02304142 0.865599 0.02304142 0.9427604 0.9432795 0.741676 0.9414938 0.741656 0.9414938 0.669436 0.4306415 0.9401812 0.4306415 0.8630282 0.4324186 0.8630758 0.7188879 0.9229287 0.7173568 0.9230206 0.7173568 0.8459591 0.7202448 0.8459248 0.7202448 0.9229863 0.7188879 0.9229287 0.9443979 0.2328135 0.9415365 0.2316059 0.943305 0.2312489 0.9443979 0.2328135 0.9415365 0.2333912 0.9415365 0.2316059 0.9443979 0.2328135 0.943305 0.2341375 0.9415365 0.2333912 0.9962056 0.1450901 0.9955985 0.1433261 0.9969043 0.1422358 0.9962056 0.1450901 0.9969043 0.1422358 0.9983184 0.1433261 0.9978866 0.1450901 0.9962056 0.1450901 0.9983184 0.1433261 0.9266342 0.3595908 0.9284024 0.3595627 0.9284024 0.4604888 0.9382035 0.4547573 0.9364185 0.4547085 0.9364185 0.3595628 0.9252876 0.5760624 0.923508 0.5760056 0.9235079 0.4750347 0.8966827 0.05333423 0.8966827 0.1538529 0.8951351 0.1538055 0.8980241 0.05323576 0.8980241 0.1537544 0.8966827 0.1538529 0.997231 0.2056319 0.997231 0.2027195 0.9982398 0.2040722 0.997231 0.2056319 0.9955986 0.2034432 0.997231 0.2027195 0.997231 0.2056319 0.9955986 0.2052432 0.9955986 0.2034432 0.9094511 0.5855452 0.9084333 0.5839354 0.9094511 0.5824431 0.9094511 0.5855452 0.9094511 0.5824431 0.9110981 0.5831305 0.9110981 0.5850479 0.9094511 0.5855452 0.9110981 0.5831305 0.8903982 0.5918445 0.8919088 0.5918306 0.8919088 0.6927691 0.93781 0.7466657 0.9394564 0.7469305 0.9394564 0.8420112 0.915066 0.7467263 0.915066 0.8476938 0.9131434 0.8476332 0.8887976 0.6928688 0.8887975 0.5919303 0.8903982 0.5918445 0.9349544 0.4750347 0.9349544 0.5755721 0.9333153 0.5756171 0.998219 0.2291438 0.9965994 0.2267637 0.998219 0.2273344 0.998219 0.2291438 0.9955984 0.2282202 0.9965994 0.2267637 0.998219 0.2291438 0.9965994 0.2296912 0.9955984 0.2282202 0.922115 0.4718698 0.9210973 0.4702611 0.922115 0.4687674 0.922115 0.4718698 0.922115 0.4687674 0.9237616 0.4694529 0.9237616 0.4713703 0.922115 0.4718698 0.9237616 0.4694529 0.900597 0.359982 0.9020085 0.3595628 0.9020085 0.454633 0.9020085 0.454633 0.9020085 0.3595628 0.9033812 0.3599795 0.9203544 0.475103 0.9203543 0.5760658 0.9185032 0.5759975 0.9218397 0.05330628 0.9236736 0.0532357 0.9236736 0.1541836 0.9317382 0.05323576 0.9334587 0.05323702 0.9334587 0.153778 0.9972701 0.2328448 0.9955985 0.2352055 0.9955985 0.2334535 0.9972701 0.2328448 0.9983032 0.2342206 0.9955985 0.2352055 0.9983032 0.2342206 0.9972701 0.2356795 0.9955985 0.2352055 0.5857207 0.9396899 0.5874668 0.9404473 0.5874668 0.9422557 0.5846416 0.9410302 0.5857207 0.9396899 0.5874668 0.9422557 0.5846416 0.9410302 0.5874668 0.9422557 0.5857207 0.9426159 0.9315559 0.4605348 0.9315559 0.3596234 0.933265 0.3595627 0.8981392 0.6873381 0.8965929 0.6876004 0.896593 0.5922718 0.8965929 0.6876004 0.8950623 0.6871591 0.8950623 0.5918305 0.918516 0.3595627 0.918516 0.4600272 0.9166125 0.4600712 0.9349443 0.238911 0.9349443 0.3398838 0.9333209 0.3398793 0.9955985 0.1745589 0.9955985 0.1727945 0.9972758 0.1725291 0.9983123 0.1741294 0.9955985 0.1745589 0.9972758 0.1725291 0.9983123 0.1741294 0.9972757 0.1753839 0.9955985 0.1745589 0.9308273 0.7304754 0.9325965 0.7308371 0.9325965 0.7326229 0.9297338 0.7320375 0.9308273 0.7304754 0.9325965 0.7326229 0.9308272 0.7333647 0.9297338 0.7320375 0.9325965 0.7326229 0.331076 0.9192802 0.3297578 0.919741 0.3297578 0.8476079 0.3297578 0.8476079 0.3297578 0.919741 0.3282996 0.9193575 0.9229887 0.2355913 0.9229887 0.1584271 0.9248672 0.1584563 0.1527432 0.862296 0.1545606 0.8622621 0.1545606 0.9394298 0.9413571 0.4366119 0.9413571 0.3595628 0.9430752 0.3595699 0.9040644 0.3559505 0.902406 0.3533264 0.9040644 0.3540454 0.9040644 0.3559505 0.902406 0.356409 0.902406 0.3533264 0.902406 0.356409 0.901381 0.3547872 0.902406 0.3533264 0.9972409 0.1543113 0.998256 0.1557974 0.9972409 0.1572254 0.9955984 0.1548207 0.9972409 0.1543113 0.9972409 0.1572254 0.9955984 0.1548207 0.9972409 0.1572254 0.9955984 0.1566218 0.6628616 0.9378952 0.6628616 0.8910589 0.6641384 0.8910735 0.6641384 0.8910735 0.6654297 0.89106 0.6654297 0.9378963 0.9673315 0.4630783 0.9656361 0.4630782 0.9656361 0.4162418 0.9674971 0.1510474 0.9674971 0.1978853 0.9658154 0.1978771 0.9668682 0.7466663 0.9684557 0.7466657 0.9684557 0.7914496 0.9955985 0.2470427 0.9955985 0.2453024 0.997128 0.244652 0.997128 0.2474678 0.9955985 0.2470427 0.997128 0.244652 0.997128 0.2474678 0.997128 0.244652 0.9980733 0.2459903 0.8591296 0.8763368 0.8331148 0.8763872 0.8331148 0.8116217 0.4408976 0.8598613 0.414882 0.8598747 0.414882 0.832173 0.8709027 0.6573244 0.8448883 0.6573353 0.8448883 0.5918413 0.4616287 0.8321595 0.4616287 0.8581735 0.4440511 0.8582462 0.1495897 0.8711198 0.1208958 0.8712161 0.1208958 0.8095604 0.7448297 0.6313933 0.7448297 0.6600883 0.717128 0.6600739 0.2690396 0.8540305 0.240346 0.8540425 0.240346 0.7885485 0.8422887 0.3374264 0.8422886 0.3661196 0.8159402 0.3662279 0.9475314 0.8033391 0.9503127 0.8422083 0.9475314 0.8450008 0.6298617 0.9346188 0.6333624 0.9346364 0.6327954 0.9369223 0.9693742 0.2994278 0.9730265 0.2994278 0.9727926 0.3017023 0.8980823 0.9305418 0.8980035 0.928263 0.9014044 0.9282538 0.8949947 0.9282538 0.8980035 0.928263 0.8980823 0.9305418 0.6277074 0.9369223 0.627018 0.9346364 0.6298617 0.9346188 0.6820753 0.9430559 0.6857939 0.9430559 0.6854022 0.9453451 0.629988 0.9369081 0.6327954 0.9369223 0.6327593 0.958555 0.9698636 0.3017023 0.9727926 0.3017023 0.9728432 0.3233343 0.8980823 0.9305418 0.9008098 0.9305344 0.900821 0.9521679 0.8956694 0.9305345 0.8980823 0.9305418 0.8980935 0.9521752 0.6277074 0.9369223 0.629988 0.9369081 0.6299519 0.9585409 0.6824199 0.9453451 0.6854022 0.9453451 0.6854112 0.9669775 0.8848864 0.9786545 0.8881088 0.9842348 0.8848863 0.9823752 0.8848864 0.9786545 0.8881089 0.9767932 0.8881088 0.9842348 0.8881089 0.9767932 0.8913313 0.9823736 0.8881088 0.9842348 0.8881089 0.9767932 0.8913313 0.9786528 0.8913313 0.9823736 0.9315804 0.9335424 0.935081 0.93356 0.9345141 0.9358458 0.9697853 0.1118062 0.9734376 0.1118062 0.9732037 0.1140806 0.3193017 0.9256243 0.3192228 0.9233455 0.3226238 0.9233364 0.3162141 0.9233364 0.3192228 0.9233455 0.3193017 0.9256243 0.929426 0.9358458 0.9287366 0.93356 0.9315804 0.9335424 0.425711 0.9433825 0.4294296 0.9433825 0.4290379 0.9456717 0.9317066 0.9358317 0.9345141 0.9358458 0.9344779 0.9574785 0.9702746 0.1140806 0.9732037 0.1140806 0.9732543 0.1357127 0.3193017 0.9256243 0.3220292 0.925617 0.3220403 0.9472504 0.3168888 0.925617 0.3193017 0.9256243 0.3193129 0.9472577 0.929426 0.9358458 0.9317066 0.9358317 0.9316706 0.9574645 0.4260556 0.9456717 0.4290379 0.9456717 0.4290469 0.9673041 0.6394472 0.9775853 0.6362245 0.9831655 0.6362245 0.979445 0.6394472 0.9775853 0.6426699 0.9794461 0.6362245 0.9831655 0.6426699 0.9794461 0.6394472 0.9850263 0.6362245 0.9831655 0.6426699 0.9794461 0.6426699 0.9831666 0.6394472 0.9850263 0.2033769 0.9344854 0.2068775 0.934503 0.2063106 0.9367888 0.9704851 0.4162418 0.9741374 0.4162418 0.9739035 0.4185162 0.4857168 0.9272555 0.485638 0.9249767 0.4890389 0.9249677 0.4826292 0.9249677 0.485638 0.9249767 0.4857168 0.9272555 0.2012226 0.9367888 0.2005332 0.934503 0.2033769 0.9344854 0.7033258 0.9430526 0.7070444 0.9430526 0.7066527 0.9453418 0.2035032 0.9367747 0.2063106 0.9367888 0.2062745 0.9584215 0.9709745 0.4185162 0.9739035 0.4185162 0.9739542 0.4401483 0.4857168 0.9272555 0.4884443 0.9272482 0.4884554 0.9488816 0.4833039 0.9272482 0.4857168 0.9272555 0.485728 0.948889 0.2012226 0.9367888 0.2035032 0.9367747 0.2034671 0.9584074 0.7036705 0.9453418 0.7066527 0.9453418 0.7066617 0.9669743 0.3457576 0.9776493 0.3425349 0.9832295 0.3425349 0.9795089 0.3457576 0.9776493 0.3489803 0.9795101 0.3425349 0.9832295 0.3489803 0.9795101 0.3457576 0.9850903 0.3425349 0.9832295 0.3489803 0.9795101 0.3489803 0.9832306 0.3457576 0.9850903 0.4934572 0.8465419 0.4934572 0.9106768 0.4914596 0.9096216 0.8836534 0.6876071 0.8816698 0.6866364 0.8816698 0.5929609 0.8688573 0.7352491 0.8668587 0.7344621 0.8668587 0.6678291 0.8859247 0.2523989 0.8879023 0.2536489 0.8879023 0.3427492 0.4954338 0.9096083 0.4934572 0.9106768 0.4934572 0.8465419 0.8856441 0.6866344 0.8836534 0.6876071 0.8836533 0.5918305 0.8708329 0.6678274 0.8708329 0.7344604 0.8688573 0.7352491 0.8839282 0.2536326 0.8859247 0.2523989 0.8859247 0.3434976 0.7921227 0.8879423 0.789377 0.8880096 0.789377 0.825459 0.7385154 0.776801 0.7385154 0.8700967 0.7357689 0.8701514 0.8609582 0.7335241 0.8582125 0.7335684 0.8582126 0.6671237 0.3067873 0.7886159 0.309534 0.7885591 0.309534 0.8774076 0.7948696 0.8879912 0.7921227 0.8879423 0.7921227 0.8254687 0.7412616 0.8701485 0.7385154 0.8700967 0.7385154 0.776801 0.8637051 0.7335661 0.8609582 0.7335241 0.8609582 0.6671613 0.3040416 0.7885366 0.3067873 0.7886159 0.3067873 0.8773549 0.4325831 0.9433825 0.4363017 0.9433825 0.43591 0.9456717 0.3767273 0.9249783 0.3797361 0.9249874 0.3798149 0.9272662 0.9534067 0.2141203 0.9527173 0.2118345 0.9555611 0.2118169 0.3282996 0.9499871 0.3319519 0.9499871 0.331718 0.9522615 0.3798149 0.9272662 0.3797361 0.9249874 0.383137 0.9249783 0.9555611 0.2118169 0.9590616 0.2118345 0.9584947 0.2141203 0.4329277 0.9456717 0.43591 0.9456717 0.435919 0.9673041 0.377402 0.9272589 0.3798149 0.9272662 0.3798261 0.9488996 0.9534067 0.2141203 0.9556873 0.2141062 0.9556512 0.2357389 0.328789 0.9522615 0.331718 0.9522615 0.3317687 0.9738936 0.3798149 0.9272662 0.3825424 0.9272589 0.3825536 0.9488923 0.9556873 0.2141062 0.9584947 0.2141203 0.9584586 0.2357531 0.4661803 0.9843773 0.4629579 0.9825177 0.4629579 0.978797 0.4661803 0.9843773 0.4629579 0.978797 0.4661803 0.9769358 0.4694027 0.9825161 0.4661803 0.9843773 0.4661803 0.9769358 0.4694027 0.9825161 0.4661803 0.9769358 0.4694027 0.9787953 0.1003379 0.9430254 0.1040565 0.9430254 0.1036648 0.9453145 0.7476977 0.9270417 0.7507064 0.9270508 0.7507853 0.9293296 0.6182095 0.9369223 0.6175201 0.9346365 0.6203638 0.934619 0.9706506 0.1510391 0.9743028 0.1510391 0.974069 0.1533135 0.7507853 0.9293296 0.7507064 0.9270508 0.7541074 0.9270417 0.6203638 0.934619 0.6238644 0.9346365 0.6232975 0.9369223 0.1006826 0.9453145 0.1036648 0.9453145 0.1036739 0.966947 0.7483723 0.9293223 0.7507853 0.9293296 0.7507964 0.950963 0.6182095 0.9369223 0.6204901 0.9369082 0.620454 0.9585409 0.97114 0.1533135 0.974069 0.1533135 0.9741197 0.1749456 0.7507853 0.9293296 0.7535127 0.9293223 0.7535239 0.9509558 0.6204901 0.9369082 0.6232975 0.9369223 0.6232615 0.9585551 0.8454002 0.7373275 0.8486222 0.7354671 0.8518441 0.737328 0.8454002 0.7373275 0.8518441 0.737328 0.8518441 0.7410494 0.8454002 0.7410488 0.8454002 0.7373275 0.8518441 0.7410494 0.8454002 0.7410488 0.8518441 0.7410494 0.8486221 0.7429097 0.8257638 0.9429963 0.8294824 0.9429963 0.8290907 0.9452854 0.9413571 0.4397727 0.9443659 0.4397818 0.9444447 0.4420605 0.5566378 0.9339379 0.5559484 0.9316521 0.5587921 0.9316345 0.9704173 0.3595628 0.9740696 0.3595628 0.9738357 0.3618372 0.9444447 0.4420605 0.9443659 0.4397818 0.9477668 0.4397727 0.5587921 0.9316345 0.5622928 0.9316521 0.5617258 0.9339379 0.8261084 0.9452854 0.8290907 0.9452854 0.8290997 0.9669179 0.9420318 0.4420533 0.9444447 0.4420605 0.9444559 0.463694 0.5566378 0.9339379 0.5589184 0.9339238 0.5588823 0.9555565 0.9709067 0.3618372 0.9738357 0.3618372 0.9738864 0.3834693 0.9444447 0.4420605 0.9471721 0.4420533 0.9471833 0.4636867 0.5589184 0.9339238 0.5617258 0.9339379 0.5616897 0.9555706 0.8358029 0.7373275 0.8390248 0.7354671 0.8422468 0.737328 0.8358029 0.7373275 0.8422468 0.737328 0.8422468 0.7410494 0.8358029 0.7410488 0.8358029 0.7373275 0.8422468 0.7410494 0.8358029 0.7410488 0.8422468 0.7410494 0.8390248 0.7429098 0.6505761 0.9369403 0.6504498 0.934651 0.6539504 0.9346686 0.9693742 0.3264878 0.9730265 0.3264878 0.9727926 0.3287623 0.5781659 0.929808 0.5780871 0.9275292 0.581488 0.9275201 0.5750784 0.9275201 0.5780871 0.9275292 0.5781659 0.929808 0.6482955 0.9369544 0.6476061 0.9346686 0.6504498 0.934651 0.6752031 0.9430559 0.6789217 0.9430559 0.67853 0.9453452 0.6505761 0.9369403 0.6533835 0.9369544 0.6533474 0.9585872 0.9698636 0.3287623 0.9727926 0.3287623 0.9728433 0.3503944 0.5781659 0.929808 0.5808935 0.9298007 0.5809046 0.9514341 0.575753 0.9298007 0.5781659 0.929808 0.5781771 0.9514414 0.6482955 0.9369544 0.6505761 0.9369403 0.6505399 0.9585731 0.6755477 0.9453452 0.67853 0.9453452 0.678539 0.9669775 0.6024404 0.9788028 0.6056628 0.9843831 0.6024404 0.9825236 0.6024404 0.9788028 0.6056628 0.9769416 0.6056628 0.9843831 0.6056628 0.9769416 0.6088853 0.982522 0.6056628 0.9843831 0.6056628 0.9769416 0.6088853 0.9788011 0.6088853 0.982522 0.5684164 0.9339238 0.5682901 0.9316345 0.5717907 0.9316521 0.3351055 0.949987 0.3387577 0.949987 0.3385239 0.9522615 0.501675 0.9289357 0.5015962 0.9266569 0.5049971 0.9266478 0.4985874 0.9266478 0.5015962 0.9266569 0.501675 0.9289357 0.5661358 0.9339379 0.5654464 0.9316521 0.5682901 0.9316345 0.7893769 0.9431388 0.7930955 0.9431388 0.7927038 0.945428 0.5684164 0.9339238 0.5712238 0.9339379 0.5711877 0.9555706 0.3355948 0.9522615 0.3385239 0.9522615 0.3385745 0.9738935 0.501675 0.9289357 0.5044025 0.9289284 0.5044136 0.9505618 0.499262 0.9289284 0.501675 0.9289357 0.5016862 0.9505691 0.5661358 0.9339379 0.5684164 0.9339238 0.5683803 0.9555565 0.7897215 0.945428 0.7927038 0.945428 0.7927128 0.9670605 0.6889474 0.9784845 0.6921699 0.9840648 0.6889474 0.9822053 0.6889474 0.9784845 0.6921699 0.9766232 0.6921699 0.9840648 0.6921699 0.9766232 0.6953924 0.9822036 0.6921699 0.9840648 0.6921699 0.9766232 0.6953924 0.9784829 0.6953924 0.9822036 0.1940053 0.9367746 0.193879 0.9344853 0.1973797 0.9345029 0.5906763 0.9499635 0.5943285 0.9499635 0.5940946 0.952238 0.5135404 0.9268003 0.5134615 0.9245215 0.5168625 0.9245124 0.5104528 0.9245124 0.5134615 0.9245215 0.5135404 0.9268003 0.1917247 0.9367887 0.1910353 0.9345029 0.193879 0.9344853 0.7101981 0.9430526 0.7139167 0.9430526 0.7135249 0.9453418 0.1940053 0.9367746 0.1968128 0.9367887 0.1967766 0.9584214 0.5911656 0.952238 0.5940946 0.952238 0.5941453 0.97387 0.5135404 0.9268003 0.5162678 0.926793 0.5162791 0.9484264 0.5111274 0.926793 0.5135404 0.9268003 0.5135515 0.9484338 0.1917247 0.9367887 0.1940053 0.9367746 0.1939692 0.9584074 0.7105427 0.9453418 0.7135249 0.9453418 0.7135339 0.9669743 0.6298477 0.9772452 0.626625 0.9828253 0.626625 0.9791049 0.6298477 0.9772452 0.6330704 0.979106 0.626625 0.9828253 0.6330704 0.979106 0.6298477 0.9846862 0.626625 0.9828253 0.6330704 0.979106 0.6330704 0.9828265 0.6298477 0.9846862 0.2130011 0.9367746 0.2128748 0.9344853 0.2163754 0.9345029 0.9704173 0.3866228 0.9740695 0.3866228 0.9738357 0.3888972 0.5937638 0.9251766 0.593685 0.9228978 0.597086 0.9228886 0.5906763 0.9228886 0.593685 0.9228978 0.5937638 0.9251766 0.2107205 0.9367887 0.2100311 0.9345029 0.2128748 0.9344853 0.7357687 0.94339 0.7394874 0.94339 0.7390956 0.9456792 0.2130011 0.9367746 0.2158085 0.9367887 0.2157725 0.9584214 0.9709066 0.3888972 0.9738357 0.3888972 0.9738864 0.4105293 0.5937638 0.9251766 0.5964913 0.9251692 0.5965025 0.9468027 0.5913509 0.9251692 0.5937638 0.9251766 0.593775 0.94681 0.2107205 0.9367887 0.2130011 0.9367746 0.212965 0.9584074 0.7361134 0.9456792 0.7390956 0.9456792 0.7391046 0.9673116 0.9821789 0.8508284 0.9789562 0.8564087 0.9789562 0.8526881 0.9821789 0.8508284 0.9854016 0.8526892 0.9789562 0.8564087 0.9854016 0.8526892 0.9821789 0.8582695 0.9789562 0.8564087 0.9854016 0.8526892 0.9854016 0.8564098 0.9821789 0.8582695 0.6054103 0.9369453 0.605284 0.934656 0.6087846 0.9346736 0.9704851 0.4433019 0.9741374 0.4433019 0.9739035 0.4455764 0.7204445 0.9284621 0.7203656 0.9261834 0.7237666 0.9261742 0.7173569 0.9261742 0.7203656 0.9261834 0.7204445 0.9284621 0.6031298 0.9369594 0.6024403 0.9346736 0.605284 0.934656 0.1193914 0.9444547 0.12311 0.9444547 0.1227182 0.9467439 0.6054103 0.9369453 0.6082177 0.9369594 0.6081817 0.9585921 0.9709745 0.4455763 0.9739035 0.4455764 0.9739542 0.4672085 0.7204445 0.9284621 0.7231719 0.9284548 0.7231831 0.9500883 0.7180315 0.9284548 0.7204445 0.9284621 0.7204556 0.9500955 0.6031298 0.9369594 0.6054103 0.9369453 0.6053742 0.958578 0.119736 0.9467439 0.1227182 0.9467439 0.1227272 0.9683763 0.982179 0.861423 0.9789564 0.8670032 0.9789564 0.8632826 0.982179 0.861423 0.9854017 0.8632838 0.9789564 0.8670032 0.9854017 0.8632838 0.982179 0.868864 0.9789564 0.8670032 0.9854017 0.8632838 0.9854017 0.8670043 0.982179 0.868864 0.639486 0.9369081 0.6393597 0.9346188 0.6428602 0.9346364 0.4657506 0.9498758 0.4694029 0.9498758 0.469169 0.9521502 0.4761536 0.9272555 0.4760747 0.9249767 0.4794757 0.9249677 0.473066 0.9249677 0.4760747 0.9249767 0.4761536 0.9272555 0.6372053 0.9369223 0.6365159 0.9346364 0.6393597 0.9346188 0.1096179 0.9454407 0.1133365 0.9454407 0.1129447 0.9477299 0.639486 0.9369081 0.6422933 0.9369223 0.6422572 0.9585549 0.4662399 0.9521502 0.469169 0.9521502 0.4692196 0.9737823 0.4761536 0.9272555 0.478881 0.9272482 0.4788922 0.9488816 0.4737406 0.9272482 0.4761536 0.9272555 0.4761648 0.948889 0.6372053 0.9369223 0.639486 0.9369081 0.6394498 0.9585409 0.1099625 0.9477299 0.1129447 0.9477299 0.1129538 0.9693623 0.5906763 0.9788847 0.5938988 0.984465 0.5906763 0.9826055 0.5906763 0.9788847 0.5938987 0.9770235 0.5938988 0.984465 0.5938987 0.9770235 0.5971212 0.9826037 0.5938988 0.984465 0.5938987 0.9770235 0.5971212 0.978883 0.5971212 0.9826037 0.8289439 0.5067896 0.8576369 0.5069077 0.8576369 0.5689016 0.3008881 0.853714 0.2721931 0.8537288 0.2721931 0.7885515 0.3429357 0.8471469 0.3429357 0.9192802 0.3416175 0.8476079 0.3401594 0.8472244 0.3416175 0.8476079 0.3401594 0.9193575 0.4459296 0.9385931 0.444051 0.938564 0.4459296 0.8614289 0.1626851 0.9394636 0.1626851 0.862296 0.1645025 0.9394297 0.9432696 0.1302921 0.9415515 0.1302849 0.9432696 0.05324292 0.3370059 0.8471469 0.3370059 0.9192801 0.3356876 0.8476079 0.3342295 0.8472243 0.3356876 0.8476079 0.3342295 0.9193574 0.9298993 0.2356203 0.9280207 0.2355912 0.9298993 0.1584562 0.1577141 0.9394636 0.1577141 0.862296 0.1595315 0.9394297 0.9432547 0.2280954 0.9415366 0.2280882 0.9432547 0.1510462 0.01637315 0.9427765 0.01637321 0.8656149 0.01813054 0.9427603 0.134622 0.8743897 0.134622 0.9466096 0.1328364 0.8743696 0.427488 0.9402289 0.4257109 0.9401812 0.427488 0.8630758 0.7249295 0.8458672 0.7249296 0.9229286 0.7233985 0.845959 0.7249295 0.8458672 0.7262865 0.8459247 0.7249296 0.9229286 0.0212841 0.9427766 0.0212841 0.865615 0.02304142 0.9427604 0.9432795 0.6694561 0.9432795 0.741676 0.9414938 0.669436 0.4324186 0.9402289 0.4306415 0.9401812 0.4324186 0.8630758 0.7188878 0.8458672 0.7188879 0.9229287 0.7173568 0.8459591 0.7188878 0.8458672 0.7202448 0.8459248 0.7188879 0.9229287 0.9266342 0.460517 0.9266342 0.3595908 0.9284024 0.4604888 0.9382035 0.3596116 0.9382035 0.4547573 0.9364185 0.3595628 0.9252876 0.4750913 0.9252876 0.5760624 0.9235079 0.4750347 0.8951351 0.05328679 0.8966827 0.05333423 0.8951351 0.1538055 0.8966827 0.05333423 0.8980241 0.05323576 0.8966827 0.1538529 0.8903982 0.6927831 0.8903982 0.5918445 0.8919088 0.6927691 0.93781 0.8417463 0.93781 0.7466657 0.9394564 0.8420112 0.9131434 0.7466657 0.915066 0.7467263 0.9131434 0.8476332 0.8903982 0.6927831 0.8887976 0.6928688 0.8903982 0.5918445 0.9333154 0.4750796 0.9349544 0.4750347 0.9333153 0.5756171 0.900597 0.4550523 0.900597 0.359982 0.9020085 0.454633 0.9033812 0.4550498 0.9020085 0.454633 0.9033812 0.3599795 0.9185032 0.4750348 0.9203544 0.475103 0.9185032 0.5759975 0.9218398 0.1542541 0.9218397 0.05330628 0.9236736 0.1541836 0.9317382 0.1537767 0.9317382 0.05323576 0.9334587 0.153778 0.933265 0.460474 0.9315559 0.4605348 0.933265 0.3595627 0.8981392 0.5920096 0.8981392 0.6873381 0.896593 0.5922718 0.896593 0.5922718 0.8965929 0.6876004 0.8950623 0.5918305 0.9166125 0.3596067 0.918516 0.3595627 0.9166125 0.4600712 0.9333209 0.2389066 0.9349443 0.238911 0.9333209 0.3398793 0.331076 0.8471469 0.331076 0.9192802 0.3297578 0.8476079 0.3282997 0.8472244 0.3297578 0.8476079 0.3282996 0.9193575 0.9248673 0.2356204 0.9229887 0.2355913 0.9248672 0.1584563 0.1527432 0.9394636 0.1527432 0.862296 0.1545606 0.9394298 0.9430752 0.4366191 0.9413571 0.4366119 0.9430752 0.3595699 0.6641384 0.9379099 0.6628616 0.9378952 0.6641384 0.8910735 0.6641384 0.9379099 0.6641384 0.8910735 0.6654297 0.9378963 0.9673316 0.416242 0.9673315 0.4630783 0.9656361 0.4162418 0.9658154 0.1510391 0.9674971 0.1510474 0.9658154 0.1978771 0.9668682 0.79145 0.9668682 0.7466663 0.9684557 0.7914496 0.8591296 0.8115713 0.8591296 0.8763368 0.8331148 0.8116217 0.4408976 0.8321596 0.4408976 0.8598613 0.414882 0.832173 0.8709027 0.5918305 0.8709027 0.6573244 0.8448883 0.5918413 0.4440511 0.8322322 0.4616287 0.8321595 0.4440511 0.8582462 0.1495897 0.8094642 0.1495897 0.8711198 0.1208958 0.8095604 0.717128 0.631379 0.7448297 0.6313933 0.717128 0.6600739 0.2690396 0.7885365 0.2690396 0.8540305 0.240346 0.7885485 0.8159402 0.3375347 0.8422887 0.3374264 0.8159402 0.3662279 0.629988 0.9369081 0.6298617 0.9346188 0.6327954 0.9369223 0.9698636 0.3017023 0.9693742 0.2994278 0.9727926 0.3017023 0.9008098 0.9305344 0.8980823 0.9305418 0.9014044 0.9282538 0.8956694 0.9305345 0.8949947 0.9282538 0.8980823 0.9305418 0.629988 0.9369081 0.6277074 0.9369223 0.6298617 0.9346188 0.6824199 0.9453451 0.6820753 0.9430559 0.6854022 0.9453451 0.6299519 0.9585409 0.629988 0.9369081 0.6327593 0.958555 0.9699143 0.3233343 0.9698636 0.3017023 0.9728432 0.3233343 0.8980935 0.9521752 0.8980823 0.9305418 0.900821 0.9521679 0.8956806 0.9521679 0.8956694 0.9305345 0.8980935 0.9521752 0.6276713 0.958555 0.6277074 0.9369223 0.6299519 0.9585409 0.6824289 0.9669775 0.6824199 0.9453451 0.6854112 0.9669775 0.9317066 0.9358317 0.9315804 0.9335424 0.9345141 0.9358458 0.9702746 0.1140806 0.9697853 0.1118062 0.9732037 0.1140806 0.3220292 0.925617 0.3193017 0.9256243 0.3226238 0.9233364 0.3168888 0.925617 0.3162141 0.9233364 0.3193017 0.9256243 0.9317066 0.9358317 0.929426 0.9358458 0.9315804 0.9335424 0.4260556 0.9456717 0.425711 0.9433825 0.4290379 0.9456717 0.9316706 0.9574645 0.9317066 0.9358317 0.9344779 0.9574785 0.9703253 0.1357127 0.9702746 0.1140806 0.9732543 0.1357127 0.3193129 0.9472577 0.3193017 0.9256243 0.3220403 0.9472504 0.3168999 0.9472504 0.3168888 0.925617 0.3193129 0.9472577 0.92939 0.9574785 0.929426 0.9358458 0.9316706 0.9574645 0.4260646 0.9673041 0.4260556 0.9456717 0.4290469 0.9673041 0.2035032 0.9367747 0.2033769 0.9344854 0.2063106 0.9367888 0.9709745 0.4185162 0.9704851 0.4162418 0.9739035 0.4185162 0.4884443 0.9272482 0.4857168 0.9272555 0.4890389 0.9249677 0.4833039 0.9272482 0.4826292 0.9249677 0.4857168 0.9272555 0.2035032 0.9367747 0.2012226 0.9367888 0.2033769 0.9344854 0.7036705 0.9453418 0.7033258 0.9430526 0.7066527 0.9453418 0.2034671 0.9584074 0.2035032 0.9367747 0.2062745 0.9584215 0.9710251 0.4401483 0.9709745 0.4185162 0.9739542 0.4401483 0.485728 0.948889 0.4857168 0.9272555 0.4884554 0.9488816 0.483315 0.9488816 0.4833039 0.9272482 0.485728 0.948889 0.2011865 0.9584215 0.2012226 0.9367888 0.2034671 0.9584074 0.7036795 0.9669743 0.7036705 0.9453418 0.7066617 0.9669743 0.4914596 0.8468937 0.4934572 0.8465419 0.4914596 0.9096216 0.8836533 0.5918305 0.8836534 0.6876071 0.8816698 0.5929609 0.8688573 0.6671215 0.8688573 0.7352491 0.8668587 0.6678291 0.8859247 0.3434976 0.8859247 0.2523989 0.8879023 0.3427492 0.4954338 0.8468803 0.4954338 0.9096083 0.4934572 0.8465419 0.8856441 0.5929589 0.8856441 0.6866344 0.8836533 0.5918305 0.8688573 0.6671215 0.8708329 0.6678274 0.8688573 0.7352491 0.8839282 0.3427329 0.8839282 0.2536326 0.8859247 0.3434976 0.7921227 0.8254687 0.7921227 0.8879423 0.789377 0.825459 0.7357689 0.7767406 0.7385154 0.776801 0.7357689 0.8701514 0.8609582 0.6671613 0.8609582 0.7335241 0.8582126 0.6671237 0.3067873 0.8773549 0.3067873 0.7886159 0.309534 0.8774076 0.7948696 0.8254406 0.7948696 0.8879912 0.7921227 0.8254687 0.7412616 0.7767378 0.7412616 0.8701485 0.7385154 0.776801 0.8637051 0.6671215 0.8637051 0.7335661 0.8609582 0.6671613 0.3040416 0.877385 0.3040416 0.7885366 0.3067873 0.8773549 0.4329277 0.9456717 0.4325831 0.9433825 0.43591 0.9456717 0.377402 0.9272589 0.3767273 0.9249783 0.3798149 0.9272662 0.9556873 0.2141062 0.9534067 0.2141203 0.9555611 0.2118169 0.328789 0.9522615 0.3282996 0.9499871 0.331718 0.9522615 0.3825424 0.9272589 0.3798149 0.9272662 0.383137 0.9249783 0.9556873 0.2141062 0.9555611 0.2118169 0.9584947 0.2141203 0.4329367 0.9673041 0.4329277 0.9456717 0.435919 0.9673041 0.3774132 0.9488923 0.377402 0.9272589 0.3798261 0.9488996 0.9533706 0.2357531 0.9534067 0.2141203 0.9556512 0.2357389 0.3288397 0.9738936 0.328789 0.9522615 0.3317687 0.9738936 0.3798261 0.9488996 0.3798149 0.9272662 0.3825536 0.9488923 0.9556512 0.2357389 0.9556873 0.2141062 0.9584586 0.2357531 0.1006826 0.9453145 0.1003379 0.9430254 0.1036648 0.9453145 0.7483723 0.9293223 0.7476977 0.9270417 0.7507853 0.9293296 0.6204901 0.9369082 0.6182095 0.9369223 0.6203638 0.934619 0.97114 0.1533135 0.9706506 0.1510391 0.974069 0.1533135 0.7535127 0.9293223 0.7507853 0.9293296 0.7541074 0.9270417 0.6204901 0.9369082 0.6203638 0.934619 0.6232975 0.9369223 0.1006916 0.966947 0.1006826 0.9453145 0.1036739 0.966947 0.7483835 0.9509558 0.7483723 0.9293223 0.7507964 0.950963 0.6181734 0.9585551 0.6182095 0.9369223 0.620454 0.9585409 0.9711906 0.1749456 0.97114 0.1533135 0.9741197 0.1749456 0.7507964 0.950963 0.7507853 0.9293296 0.7535239 0.9509558 0.620454 0.9585409 0.6204901 0.9369082 0.6232615 0.9585551 0.8261084 0.9452854 0.8257638 0.9429963 0.8290907 0.9452854 0.9420318 0.4420533 0.9413571 0.4397727 0.9444447 0.4420605 0.5589184 0.9339238 0.5566378 0.9339379 0.5587921 0.9316345 0.9709067 0.3618372 0.9704173 0.3595628 0.9738357 0.3618372 0.9471721 0.4420533 0.9444447 0.4420605 0.9477668 0.4397727 0.5589184 0.9339238 0.5587921 0.9316345 0.5617258 0.9339379 0.8261174 0.9669179 0.8261084 0.9452854 0.8290997 0.9669179 0.9420429 0.4636867 0.9420318 0.4420533 0.9444559 0.463694 0.5566017 0.9555706 0.5566378 0.9339379 0.5588823 0.9555565 0.9709573 0.3834693 0.9709067 0.3618372 0.9738864 0.3834693 0.9444559 0.463694 0.9444447 0.4420605 0.9471833 0.4636867 0.5588823 0.9555565 0.5589184 0.9339238 0.5616897 0.9555706 0.6533835 0.9369544 0.6505761 0.9369403 0.6539504 0.9346686 0.9698636 0.3287623 0.9693742 0.3264878 0.9727926 0.3287623 0.5808935 0.9298007 0.5781659 0.929808 0.581488 0.9275201 0.575753 0.9298007 0.5750784 0.9275201 0.5781659 0.929808 0.6505761 0.9369403 0.6482955 0.9369544 0.6504498 0.934651 0.6755477 0.9453452 0.6752031 0.9430559 0.67853 0.9453452 0.6505399 0.9585731 0.6505761 0.9369403 0.6533474 0.9585872 0.9699143 0.3503944 0.9698636 0.3287623 0.9728433 0.3503944 0.5781771 0.9514414 0.5781659 0.929808 0.5809046 0.9514341 0.5757641 0.9514341 0.575753 0.9298007 0.5781771 0.9514414 0.6482594 0.9585872 0.6482955 0.9369544 0.6505399 0.9585731 0.6755567 0.9669775 0.6755477 0.9453452 0.678539 0.9669775 0.5712238 0.9339379 0.5684164 0.9339238 0.5717907 0.9316521 0.3355948 0.9522615 0.3351055 0.949987 0.3385239 0.9522615 0.5044025 0.9289284 0.501675 0.9289357 0.5049971 0.9266478 0.499262 0.9289284 0.4985874 0.9266478 0.501675 0.9289357 0.5684164 0.9339238 0.5661358 0.9339379 0.5682901 0.9316345 0.7897215 0.945428 0.7893769 0.9431388 0.7927038 0.945428 0.5683803 0.9555565 0.5684164 0.9339238 0.5711877 0.9555706 0.3356454 0.9738935 0.3355948 0.9522615 0.3385745 0.9738935 0.5016862 0.9505691 0.501675 0.9289357 0.5044136 0.9505618 0.4992733 0.9505618 0.499262 0.9289284 0.5016862 0.9505691 0.5660997 0.9555706 0.5661358 0.9339379 0.5683803 0.9555565 0.7897306 0.9670605 0.7897215 0.945428 0.7927128 0.9670605 0.1968128 0.9367887 0.1940053 0.9367746 0.1973797 0.9345029 0.5911656 0.952238 0.5906763 0.9499635 0.5940946 0.952238 0.5162678 0.926793 0.5135404 0.9268003 0.5168625 0.9245124 0.5111274 0.926793 0.5104528 0.9245124 0.5135404 0.9268003 0.1940053 0.9367746 0.1917247 0.9367887 0.193879 0.9344853 0.7105427 0.9453418 0.7101981 0.9430526 0.7135249 0.9453418 0.1939692 0.9584074 0.1940053 0.9367746 0.1967766 0.9584214 0.5912163 0.97387 0.5911656 0.952238 0.5941453 0.97387 0.5135515 0.9484338 0.5135404 0.9268003 0.5162791 0.9484264 0.5111386 0.9484264 0.5111274 0.926793 0.5135515 0.9484338 0.1916886 0.9584214 0.1917247 0.9367887 0.1939692 0.9584074 0.7105517 0.9669743 0.7105427 0.9453418 0.7135339 0.9669743 0.2158085 0.9367887 0.2130011 0.9367746 0.2163754 0.9345029 0.9709066 0.3888972 0.9704173 0.3866228 0.9738357 0.3888972 0.5964913 0.9251692 0.5937638 0.9251766 0.597086 0.9228886 0.5913509 0.9251692 0.5906763 0.9228886 0.5937638 0.9251766 0.2130011 0.9367746 0.2107205 0.9367887 0.2128748 0.9344853 0.7361134 0.9456792 0.7357687 0.94339 0.7390956 0.9456792 0.212965 0.9584074 0.2130011 0.9367746 0.2157725 0.9584214 0.9709573 0.4105293 0.9709066 0.3888972 0.9738864 0.4105293 0.593775 0.94681 0.5937638 0.9251766 0.5965025 0.9468027 0.5913621 0.9468027 0.5913509 0.9251692 0.593775 0.94681 0.2106844 0.9584215 0.2107205 0.9367887 0.212965 0.9584074 0.7361224 0.9673116 0.7361134 0.9456792 0.7391046 0.9673116 0.6082177 0.9369594 0.6054103 0.9369453 0.6087846 0.9346736 0.9709745 0.4455763 0.9704851 0.4433019 0.9739035 0.4455764 0.7231719 0.9284548 0.7204445 0.9284621 0.7237666 0.9261742 0.7180315 0.9284548 0.7173569 0.9261742 0.7204445 0.9284621 0.6054103 0.9369453 0.6031298 0.9369594 0.605284 0.934656 0.119736 0.9467439 0.1193914 0.9444547 0.1227182 0.9467439 0.6053742 0.958578 0.6054103 0.9369453 0.6081817 0.9585921 0.9710251 0.4672085 0.9709745 0.4455763 0.9739542 0.4672085 0.7204556 0.9500955 0.7204445 0.9284621 0.7231831 0.9500883 0.7180427 0.9500882 0.7180315 0.9284548 0.7204556 0.9500955 0.6030936 0.9585921 0.6031298 0.9369594 0.6053742 0.958578 0.119745 0.9683763 0.119736 0.9467439 0.1227272 0.9683763 0.6422933 0.9369223 0.639486 0.9369081 0.6428602 0.9346364 0.4662399 0.9521502 0.4657506 0.9498758 0.469169 0.9521502 0.478881 0.9272482 0.4761536 0.9272555 0.4794757 0.9249677 0.4737406 0.9272482 0.473066 0.9249677 0.4761536 0.9272555 0.639486 0.9369081 0.6372053 0.9369223 0.6393597 0.9346188 0.1099625 0.9477299 0.1096179 0.9454407 0.1129447 0.9477299 0.6394498 0.9585409 0.639486 0.9369081 0.6422572 0.9585549 0.4662906 0.9737823 0.4662399 0.9521502 0.4692196 0.9737823 0.4761648 0.948889 0.4761536 0.9272555 0.4788922 0.9488816 0.4737518 0.9488816 0.4737406 0.9272482 0.4761648 0.948889 0.6371693 0.958555 0.6372053 0.9369223 0.6394498 0.9585409 0.1099715 0.9693623 0.1099625 0.9477299 0.1129538 0.9693623 0.8289439 0.5687837 0.8289439 0.5067896 0.8576369 0.5689016 0.3008881 0.7885367 0.3008881 0.853714 0.2721931 0.7885515 0.519329 0.9208838 0.5179704 0.9213588 0.5179704 0.8470169 0.5179704 0.8470169 0.5179704 0.9213588 0.5164676 0.9209635 0.5508588 0.9284559 0.5508588 0.8489289 0.5527949 0.8489589 0.6143666 0.9314676 0.6124936 0.9315025 0.6124935 0.8519719 0.07286298 0.9386669 0.07286298 0.8592585 0.07463371 0.8592659 0.8648544 0.6604889 0.863053 0.6631327 0.863053 0.6612698 0.8648544 0.6604889 0.8659678 0.6618691 0.863053 0.6631327 0.8659678 0.6618691 0.8648544 0.6635031 0.863053 0.6631327 0.996674 0.03215128 0.9984141 0.03279352 0.9984141 0.03459912 0.9955986 0.03355997 0.996674 0.03215128 0.9984141 0.03459912 0.9955986 0.03355997 0.9984141 0.03459912 0.996674 0.03507286 0.9198351 0.2351454 0.9184765 0.2356204 0.9184765 0.1612786 0.9184765 0.1612786 0.9184765 0.2356204 0.9169738 0.2352251 0.3595056 0.9269068 0.3595056 0.8473798 0.3614417 0.8474099 0.6024404 0.851972 0.6043134 0.851937 0.6043134 0.9314676 0.06793868 0.9386669 0.06793868 0.8592585 0.06970942 0.8592659 0.8640914 0.5843176 0.8622899 0.5869615 0.8622899 0.5850985 0.8640914 0.5843176 0.8652048 0.5856978 0.8622899 0.5869615 0.8652048 0.5856978 0.8640914 0.5873318 0.8622899 0.5869615 0.996674 0.02607613 0.998414 0.02671831 0.998414 0.02852398 0.9955986 0.02748483 0.996674 0.02607613 0.998414 0.02852398 0.9955986 0.02748483 0.998414 0.02852398 0.996674 0.02899771 0.2652841 0.8572126 0.2670953 0.857196 0.2670953 0.9367202 0.9433341 0.6662826 0.9414938 0.6662619 0.9414938 0.5918306 0.2771782 0.9363978 0.2771782 0.8568823 0.2790096 0.8569315 0.4086872 0.9153 0.4071093 0.9153947 0.4071093 0.8359735 0.4100857 0.8359382 0.4100858 0.9153593 0.4086872 0.9153 0.8855901 0.2386421 0.8837866 0.2412865 0.8837866 0.2394272 0.8855901 0.2386421 0.8855901 0.2416507 0.8837866 0.2412865 0.8855901 0.2386421 0.8867048 0.2400163 0.8855901 0.2416507 0.9450961 0.4718811 0.9440562 0.4702639 0.9450961 0.4688526 0.9450961 0.4718811 0.9450961 0.4688526 0.9467788 0.4695975 0.9467788 0.4714692 0.9450961 0.4718811 0.9467788 0.4695975 0.2603195 0.8572127 0.2621306 0.8571961 0.2621306 0.9367203 0.9445006 0.5494867 0.9426602 0.549466 0.9426602 0.4750347 0.2721931 0.9363979 0.2721932 0.8568823 0.2740246 0.8569315 0.4025572 0.9152999 0.4009792 0.9153946 0.4009792 0.8359735 0.4039558 0.8359381 0.4039558 0.9153592 0.4025572 0.9152999 0.8353818 0.3725824 0.8353818 0.3693816 0.8364294 0.3709176 0.8353818 0.3725824 0.8336866 0.3700969 0.8353818 0.3693816 0.8353818 0.3725824 0.8336866 0.3720752 0.8336866 0.3700969 0.9962244 0.01059448 0.9955986 0.008776485 0.9969443 0.007652819 0.9962244 0.01059448 0.9969443 0.007652819 0.9984018 0.008776426 0.9979568 0.01059448 0.9962244 0.01059448 0.9984018 0.008776426 0.5133141 0.9208839 0.5119555 0.921359 0.5119555 0.8470171 0.5119555 0.8470171 0.5119555 0.921359 0.5104528 0.9209637 0.3460893 0.9266739 0.3460893 0.8471469 0.3480254 0.8471769 0.6074669 0.8519718 0.6093399 0.8519369 0.6093399 0.9314674 0.9366121 0.2304475 0.9366121 0.1510391 0.9383829 0.1510465 0.8679149 0.7421436 0.8649623 0.7409115 0.8667871 0.7405363 0.8679149 0.7421436 0.8667871 0.7435122 0.8649623 0.7409115 0.8667871 0.7435122 0.8649623 0.7427507 0.8649623 0.7409115 0.9955984 0.02240139 0.9955984 0.02054655 0.9972924 0.01992136 0.9972923 0.02292257 0.9955984 0.02240139 0.9972924 0.01992136 0.9972923 0.02292257 0.9972924 0.01992136 0.9983394 0.02138978 0.6691853 0.7735842 0.6691853 0.6671314 0.7445441 0.6671215 0.8740561 0.6911719 0.8740561 0.5940105 0.8785161 0.5918305 0.8994187 0.1642062 0.9038435 0.1648022 0.9038435 0.2332051 0.8738866 0.4770315 0.8738866 0.579182 0.8694366 0.5809043 0.8730208 0.1640225 0.8730208 0.2366838 0.8685979 0.2380802 0.240346 0.6826874 0.3130605 0.6826814 0.3130605 0.785377 0.1296828 0.874371 0.1296828 0.9278902 0.1262635 0.9278888 0.9525367 0.5852298 0.9525367 0.5317081 0.9542574 0.531709 0.9594968 0.9075072 0.9594968 0.9610257 0.9578601 0.9610324 0.519329 0.8465418 0.519329 0.9208838 0.5179704 0.8470169 0.5164676 0.8466216 0.5179704 0.8470169 0.5164676 0.9209635 0.5527949 0.9284859 0.5508588 0.9284559 0.5527949 0.8489589 0.6143666 0.851937 0.6143666 0.9314676 0.6124935 0.8519719 0.07463371 0.9386743 0.07286298 0.9386669 0.07463371 0.8592659 0.9198351 0.1608034 0.9198351 0.2351454 0.9184765 0.1612786 0.9169738 0.1608832 0.9184765 0.1612786 0.9169738 0.2352251 0.3614417 0.9269369 0.3595056 0.9269068 0.3614417 0.8474099 0.6024404 0.9315025 0.6024404 0.851972 0.6043134 0.9314676 0.06970942 0.9386743 0.06793868 0.9386669 0.06970942 0.8592659 0.2652841 0.9367368 0.2652841 0.8572126 0.2670953 0.9367202 0.9433341 0.5918512 0.9433341 0.6662826 0.9414938 0.5918306 0.2790096 0.936447 0.2771782 0.9363978 0.2790096 0.8569315 0.4086872 0.8358789 0.4086872 0.9153 0.4071093 0.8359735 0.4086872 0.8358789 0.4100857 0.8359382 0.4086872 0.9153 0.2603194 0.936737 0.2603195 0.8572127 0.2621306 0.9367203 0.9445005 0.4750554 0.9445006 0.5494867 0.9426602 0.4750347 0.2740246 0.936447 0.2721931 0.9363979 0.2740246 0.8569315 0.4025572 0.8358787 0.4025572 0.9152999 0.4009792 0.8359735 0.4025572 0.8358787 0.4039558 0.8359381 0.4025572 0.9152999 0.5133141 0.846542 0.5133141 0.9208839 0.5119555 0.8470171 0.5104528 0.8466218 0.5119555 0.8470171 0.5104528 0.9209637 0.3480254 0.9267039 0.3460893 0.9266739 0.3480254 0.8471769 0.6074669 0.9315024 0.6074669 0.8519718 0.6093399 0.9314674 0.9383829 0.2304549 0.9366121 0.2304475 0.9383829 0.1510465 0.7445441 0.7735744 0.6691853 0.7735842 0.7445441 0.6671215 0.8785161 0.6925293 0.8740561 0.6911719 0.8785161 0.5918305 0.8994187 0.2350996 0.8994187 0.1642062 0.9038435 0.2332051 0.8694366 0.4750347 0.8738866 0.4770315 0.8694366 0.5809043 0.8685979 0.1627733 0.8730208 0.1640225 0.8685979 0.2380802 0.240346 0.785383 0.240346 0.6826874 0.3130605 0.785377 0.1262635 0.8743696 0.1296828 0.874371 0.1262635 0.9278888 0.9542574 0.5852307 0.9525367 0.5852298 0.9542574 0.531709 0.9578601 0.9075139 0.9594968 0.9075072 0.9578601 0.9610324 0.442349 0.9668375 0.442349 0.9417743 0.4459296 0.9417467 0.7479833 0.6611909 0.7479833 0.631379 0.7643648 0.6327635 0.1563237 0.9426171 0.1563237 0.9676802 0.1527432 0.9677079 0.7762669 0.9419214 0.7762669 0.9121094 0.7818175 0.9128317 0.08810186 0.9430254 0.08810186 0.9680885 0.08452135 0.9681161 0.8717249 0.943067 0.8717249 0.9132549 0.8772755 0.9139772 0.8034052 0.9417573 0.8034052 0.9668204 0.7998246 0.9668481 0.2288509 0.9330316 0.2288509 0.9032195 0.2344015 0.9039418 0.1712366 0.9425811 0.1712366 0.9676443 0.167656 0.9676719 0.392275 0.9333311 0.392275 0.903519 0.3978257 0.9042413 0.1630578 0.9426172 0.1630578 0.9676804 0.1594773 0.9677081 0.8630207 0.943067 0.8630207 0.913255 0.8685714 0.9139772 0.1779707 0.9425812 0.1779707 0.9676443 0.1743901 0.967672 0.5224825 0.9363139 0.5224825 0.9065018 0.5280331 0.9072241 0.08136779 0.9430254 0.08136779 0.9680885 0.07778722 0.9681161 0.9337866 0.0313887 0.9337866 0.001576721 0.9393374 0.002298951 0.9710124 0.8835954 0.9710124 0.9130494 0.9674317 0.9130555 0.3759173 0.8638063 0.365486 0.8358789 0.3898143 0.8358789 0.7666985 0.1952974 0.7879648 0.196082 0.7878587 0.1996611 0.9382345 0.9567521 0.9382346 0.9311787 0.9437295 0.9322441 0.7549892 0.2552755 0.7754942 0.2523989 0.7728431 0.2966331 0.7544285 0.26463 0.7549892 0.2552755 0.7728431 0.2966331 0.7411642 0.2705088 0.7415571 0.2639541 0.7544285 0.26463 0.7411642 0.2705088 0.7544285 0.26463 0.7728431 0.2966331 0.7276617 0.2697998 0.7411642 0.2705088 0.7264382 0.2853932 0.7411642 0.2705088 0.7728431 0.2966331 0.7264382 0.2853932 0.7139745 0.5067897 0.7120684 0.5338465 0.678409 0.509429 0.7120684 0.5338465 0.7027226 0.5345401 0.678409 0.509429 0.7027226 0.5345401 0.7038567 0.5493538 0.6973081 0.5498398 0.7027226 0.5345401 0.6973081 0.5498398 0.678409 0.509429 0.6973081 0.5498398 0.6984978 0.5653799 0.6831874 0.5698978 0.6973081 0.5498398 0.6831874 0.5698978 0.678409 0.509429 0.842014 0.5725485 0.8487161 0.5720551 0.8487161 0.5876435 0.6581956 0.9583411 0.6581955 0.9410633 0.6654297 0.9423424 0.7728431 0.2966331 0.7754942 0.37548 0.7137855 0.3670417 0.678409 0.509429 0.6831874 0.5698978 0.6016657 0.5823671 0.6016657 0.5823671 0.6831874 0.5698978 0.6705746 0.5963789 0.7786476 0.370086 0.7786476 0.3396517 0.7847545 0.347182 0.572475 0.2485659 0.572475 0.2391949 0.5791953 0.2392271 0.9464878 0.6650034 0.9464878 0.6485332 0.953722 0.6498124 0.6100726 0.2424482 0.6166388 0.2424167 0.6166388 0.2491371 0.7665924 0.1988765 0.7878587 0.1996611 0.7879648 0.2314521 0.2334514 0.6215198 0.2055562 0.6208451 0.2055562 0.5337163 0.8029592 0.1244075 0.7963364 0.04588907 0.8196742 0.0460757 0.7847545 0.347182 0.7786476 0.3396517 0.8127865 0.3374264 0.2243918 0.4985345 0.2239857 0.5341944 0.2055562 0.5337163 0.7963364 0.04588907 0.7963364 0.001576721 0.8196742 0.001763403 0.9635536 0.8085874 0.9635536 0.8423461 0.9599729 0.842351 0.1151633 0.8811744 0.1151633 0.9151945 0.1096179 0.9144335 0.186116 0.9636612 0.1825354 0.963666 0.1825332 0.9340571 0.309587 0.8813222 0.309587 0.9153425 0.3040416 0.9145814 0.9707437 0.2389066 0.9707437 0.2685154 0.967163 0.26852 0.547338 0.8962512 0.547338 0.9260651 0.5417877 0.9253413 0.9705716 0.4750347 0.9705716 0.5046436 0.9669909 0.5046482 0.9333822 0.6975079 0.9333822 0.7273218 0.9278318 0.726598 0.9705716 0.5078016 0.9705716 0.5374105 0.9669909 0.5374151 0.9306332 0.00230062 0.9306332 0.03211444 0.9250829 0.03139066 0.9705716 0.5405687 0.9705716 0.5701776 0.9669909 0.5701822 0.9219292 0.0023005 0.9219292 0.03211444 0.9163789 0.0313906 0.9710123 0.8508283 0.9710123 0.8804371 0.9674316 0.8804417 0.924678 0.6975078 0.9246782 0.7273217 0.9191278 0.7265979 0.9773058 0.5231764 0.9773058 0.5440661 0.9737253 0.5440937 0.572475 0.2035272 0.5973944 0.2076408 0.596346 0.226732 0.9775979 0.2716736 0.9775979 0.2925632 0.9740173 0.2925908 0.3425349 0.9554797 0.3425349 0.9298575 0.3480254 0.9309458 0.9773058 0.5472473 0.9773058 0.568137 0.9737252 0.5681647 0.5417877 0.9548408 0.5417877 0.9292187 0.5472782 0.9303069 0.9773058 0.4750347 0.9773058 0.4959244 0.9737253 0.495952 0.7269201 0.9517963 0.72692 0.9261741 0.7324106 0.9272623 0.7305007 0.9560381 0.7305007 0.9769279 0.7269201 0.9769555 0.1377755 0.9566686 0.1377755 0.9310466 0.143266 0.9321346 0.9773059 0.4991055 0.9773059 0.5199953 0.9737253 0.5200229 0.6943919 0.9415855 0.6943919 0.9159634 0.6998825 0.9170515 0.977478 0.2389066 0.977478 0.2597963 0.9738974 0.2598239 0.4121198 0.9562906 0.4121197 0.9306684 0.4176102 0.9317565 0.6053959 0.6076354 0.6705746 0.5963789 0.6661428 0.62378 0.5783395 0.7576143 0.5854915 0.7575283 0.5795457 0.7829493 0.6744942 0.2390584 0.6498302 0.2381176 0.650376 0.1721251 0.6095446 0.6338221 0.6661428 0.62378 0.6497059 0.6553302 0.6498302 0.2381176 0.6275053 0.2368162 0.6279376 0.1795006 0.5750784 0.783223 0.5795457 0.7829493 0.579704 0.8095227 0.8179694 0.8729112 0.8219665 0.8730229 0.8241146 0.9103512 0.5753405 0.8105185 0.579704 0.8095227 0.5854915 0.8409085 0.6275053 0.2368162 0.6027226 0.2367575 0.6048841 0.1992965 0.3712727 0.9847743 0.3654861 0.9852458 0.3654861 0.9790463 0.9782827 0.7487356 0.9840955 0.7466656 0.9840955 0.755473 0.9804593 0.4851964 0.9858881 0.4862987 0.9858881 0.4922047 0.9730444 0.6535174 0.9730444 0.6483283 0.9788577 0.6459499 0.5417878 0.9861361 0.546982 0.9861361 0.546982 0.9924539 0.1320501 0.9847812 0.1262635 0.9852526 0.1262635 0.9790532 0.9772909 0.4518833 0.9831037 0.4498133 0.9831037 0.4586207 0.9804593 0.50552 0.9858881 0.5066223 0.9858881 0.5125282 0.9189813 0.9752675 0.9189813 0.9700784 0.9247946 0.9677001 0.2672218 0.9858453 0.2724161 0.9858453 0.2724161 0.9921631 0.5383043 0.9847883 0.5325177 0.9852598 0.5325177 0.9790603 0.9772908 0.4638441 0.9831036 0.4617742 0.9831036 0.4705815 0.9804593 0.4750347 0.985888 0.476137 0.985888 0.4820429 0.2495629 0.9742212 0.2495629 0.9690321 0.2553762 0.9666538 0.3068757 0.9855534 0.31207 0.9855533 0.31207 0.9918712 0.8569107 0.984408 0.851124 0.9848795 0.851124 0.97868 0.9773482 0.1012644 0.983161 0.09919446 0.983161 0.1080018 0.9804594 0.4953582 0.9858882 0.4964606 0.9858882 0.5023664 0.240346 0.9742212 0.240346 0.9690321 0.2461593 0.9666537 0.806771 0.9854943 0.8119652 0.9854943 0.8119652 0.9918121 0.985843 0.5269927 0.985843 0.5329007 0.9804593 0.531776 0.2288508 0.9700331 0.2346518 0.9682973 0.2347022 0.9755958 0.2289012 0.9657336 0.2347022 0.9639977 0.2346518 0.9682973 0.4490832 0.9752479 0.4548965 0.9730379 0.4548965 0.9823228 0.9854263 0.5733366 0.9906207 0.5733357 0.9906207 0.5796534 0.9858429 0.5371789 0.9858429 0.543087 0.9804593 0.5419622 0.2196338 0.9700331 0.2254348 0.9682972 0.2254853 0.9755959 0.2196338 0.9700331 0.2196843 0.9657335 0.2254853 0.9639977 0.01637321 0.9752063 0.02218645 0.9729962 0.02218645 0.9822812 0.1172969 0.9842057 0.1224914 0.9842048 0.1224914 0.9905224 0.985843 0.5168064 0.985843 0.5227144 0.9804594 0.5215897 0.3917622 0.9703329 0.3975632 0.968597 0.3976137 0.9758957 0.3918127 0.9660334 0.3976137 0.9642975 0.3975632 0.968597 0.9764595 0.5803886 0.9764595 0.5755457 0.9822728 0.5733357 0.4879818 0.984999 0.4931762 0.9849981 0.4931762 0.9913159 0.9804593 0.5462405 0.985843 0.5473652 0.985843 0.5532732 0.948771 0.9702186 0.954572 0.9684827 0.9546225 0.9757814 0.948771 0.9702186 0.9488214 0.9659191 0.9546225 0.9641833 0.7173568 0.9797064 0.7173568 0.9748634 0.7231701 0.9726534 0.8949947 0.9849047 0.9001891 0.9849039 0.9001891 0.9912216 0.411697 0.9665071 0.4175156 0.9648309 0.4176103 0.9749935 0.411697 0.9665071 0.4117917 0.9622083 0.4176103 0.9605322 0.6534306 0.9639432 0.6536113 0.9738697 0.6476061 0.9739844 0.8912031 0.9622251 0.8912031 0.9736399 0.8849356 0.9728532 0.9873203 0.1712263 0.9873203 0.1771718 0.9822467 0.1759549 0.8331149 0.9690811 0.8389161 0.9672097 0.838966 0.9750551 0.8331648 0.965188 0.838966 0.9633168 0.8389161 0.9672097 0.8630207 0.9761353 0.868834 0.974009 0.868834 0.9829559 0.1760041 0.9837545 0.1811985 0.9837535 0.1811985 0.9900711 0.9876229 0.2293154 0.9876229 0.2352609 0.9825493 0.2340441 0.0545445 0.9691379 0.0603457 0.9672666 0.06039559 0.9751119 0.0545445 0.9691379 0.05459439 0.9652449 0.06039559 0.9633736 0.8606112 0.4696585 0.8606112 0.4649919 0.8664245 0.4628657 0.7476977 0.983693 0.7528921 0.9836919 0.7528921 0.9900096 0.9880421 0.6912846 0.9880421 0.6972301 0.9829685 0.6960132 0.5325437 0.9735532 0.5325176 0.9694611 0.5383188 0.9675898 0.5325176 0.9694611 0.5325675 0.9655682 0.5383687 0.9636969 0.8735749 0.9808019 0.8735749 0.9761354 0.8793882 0.9740091 0.5750784 0.9904887 0.5750784 0.9841712 0.5802728 0.9841701 0.9872618 0.3595627 0.9872618 0.3655345 0.9820134 0.3666272 0.6197993 0.2470933 0.6197924 0.2434206 0.6256118 0.242334 0.9796282 0.2030184 0.9854412 0.2010389 0.9854412 0.2085662 0.9832523 0.9767096 0.9832523 0.9703919 0.9880314 0.9705409 0.09700113 0.9464781 0.09718436 0.9583458 0.09125542 0.9606723 0.6287653 0.242334 0.6346724 0.2429109 0.6346724 0.2490496 0.5717204 0.9604638 0.5717204 0.9736657 0.5659366 0.9725776 0.316214 0.9504113 0.3225081 0.9509501 0.3220881 0.9630622 0.8246905 0.9793722 0.8299614 0.9782086 0.8299614 0.9841304 0.8982273 0.3490564 0.8982273 0.3540849 0.8924145 0.3564091 0.8560185 0.7367969 0.8618088 0.7373734 0.8618088 0.7435121 0.9854689 0.02533847 0.9854689 0.02934402 0.9796558 0.0312044 0.9884471 0.9799664 0.9884471 0.9862834 0.9832524 0.986282 0.9860222 0.2819125 0.9860222 0.2878344 0.9807513 0.2889979 0.8892609 0.3540849 0.883448 0.3564091 0.883448 0.3467683 0.8909594 0.04946899 0.8909594 0.04333043 0.8967497 0.0439071 0.9854689 0.01450538 0.9854689 0.01851099 0.9796557 0.02037137 0.9887854 0.04146182 0.9835906 0.04146051 0.9835906 0.03514343 0.9807515 0.2728372 0.9860223 0.2716736 0.9860223 0.2775955 0.948232 0.741095 0.9475314 0.7265418 0.9539924 0.7270252 0.6066074 0.2477539 0.6002821 0.2491555 0.6002821 0.2424167 0.6271953 0.9633612 0.633071 0.9617084 0.633071 0.9740915 0.9671696 0.03522896 0.9713875 0.03514355 0.9721636 0.04998022 0.6176245 0.9638777 0.6234713 0.9617085 0.6234713 0.9759271 0.9879799 0.07296627 0.9879799 0.07928407 0.9821385 0.07927006 0.3426881 0.9720842 0.3425349 0.9606949 0.3484891 0.9597215 0.6024403 0.9731641 0.6024403 0.9617456 0.608718 0.9623298 0.9841195 0.7361495 0.9841194 0.7420619 0.9784926 0.7430337 0.5750784 0.9787197 0.5750784 0.9737534 0.5808914 0.9714953 0.9880881 0.1573708 0.9822466 0.1573567 0.9822466 0.1510391 0.5881618 0.241577 0.5881618 0.2467724 0.5823488 0.2491555 0.7388698 0.9833932 0.7388697 0.9897097 0.7336744 0.9897108 0.8387417 0.9782087 0.8387417 0.984121 0.8331149 0.9850928 0.7476977 0.9732751 0.7535106 0.971017 0.7535106 0.9805384 0.9879226 0.4352263 0.9879226 0.4415441 0.9820811 0.44153 0.5971285 0.241577 0.5971285 0.2467724 0.5913155 0.2491555 0.9896352 0.6593983 0.9896352 0.6657149 0.9844399 0.6657159 0.0453276 0.9792946 0.0509544 0.9783228 0.05095434 0.9842351 0.08228892 0.9784941 0.08228892 0.9735279 0.08810192 0.9712697 0.9879226 0.4257411 0.9879226 0.4320588 0.9820811 0.4320448 0.9139627 0.9683969 0.9139627 0.9735923 0.9081496 0.9759754 0.1139132 0.9900798 0.1087179 0.9900809 0.1087179 0.9837644 0.06017142 0.9782657 0.0601713 0.984178 0.0545445 0.9851498 0.8949946 0.9794535 0.8949946 0.9744871 0.9008076 0.972229 0.9879226 0.4162558 0.9879226 0.4225736 0.9820811 0.4225595 0.8802945 0.3488307 0.8802945 0.3540261 0.8744813 0.3564093 0.4309064 0.9897022 0.425711 0.9897033 0.425711 0.9833867 0.04173749 0.9783146 0.04173749 0.984227 0.03611063 0.9851987 0.4879818 0.9745814 0.4937947 0.9723232 0.4937947 0.9818446 0.9879798 0.06348097 0.9879798 0.06979876 0.9821383 0.06978476 0.1320766 0.973045 0.1262635 0.9754282 0.1262635 0.9654676 0.1579385 0.9898747 0.1527432 0.9898758 0.1527433 0.9835593 0.9756596 0.6603701 0.9812864 0.6593982 0.9812864 0.6653106 0.117297 0.9737881 0.1231099 0.9715299 0.1231099 0.9810513 0.9880881 0.1668559 0.9822466 0.166842 0.9822466 0.1605243 0.3712992 0.9730382 0.365486 0.9754213 0.365486 0.9654607 0.2637697 0.9898936 0.2585744 0.9898948 0.2585744 0.9835782 0.9589295 0.9851318 0.9589295 0.9788819 0.9647545 0.9785376 0.1585562 0.9731253 0.1585562 0.9781029 0.1527432 0.9804045 0.933124 0.9764555 0.9331241 0.9824379 0.927969 0.9813221 0.5617614 0.9779188 0.5617614 0.9822114 0.5559484 0.9842169 0.9920169 0.4118378 0.9868212 0.4118376 0.9868212 0.4055215 0.8418952 0.9848605 0.8418952 0.9786601 0.8477203 0.9782085 0.9228736 0.5864061 0.9170606 0.588677 0.9170606 0.5792762 0.9831329 0.8947055 0.9881098 0.8958556 0.9881099 0.9018577 0.984889 0.9444558 0.979076 0.9464008 0.979076 0.9384393 0.9914529 0.4561298 0.9862573 0.4561294 0.9862573 0.4498133 0.2145348 0.6631841 0.2145348 0.6569836 0.2203599 0.656532 0.981993 0.3526836 0.9761801 0.3549544 0.9761801 0.3455536 0.9831328 0.9050111 0.9881097 0.9061611 0.9881097 0.9121633 0.9849659 0.1885514 0.9849659 0.1927042 0.9791529 0.1946492 0.9913852 0.3931346 0.9913852 0.3994508 0.9861896 0.3994503 0.8999031 0.04384517 0.9057282 0.04339361 0.9057282 0.0495941 0.01230877 0.9798085 0.006495833 0.9820793 0.006495833 0.9726786 0.9882293 0.9509306 0.9882293 0.9569327 0.9832524 0.9557827 0.984889 0.9291881 0.984889 0.9333408 0.979076 0.9352859 0.4061748 0.9915778 0.4009792 0.9915774 0.4009792 0.9852612 0.2235134 0.6631841 0.2235134 0.6569836 0.2293385 0.6565321 0.4067922 0.9749335 0.4067922 0.9798369 0.4009792 0.9821077 0.9831328 0.8843998 0.9881097 0.8855497 0.9881099 0.8915519 0.9854687 0.003440499 0.9854687 0.007593154 0.9796558 0.009538233 0.2855281 0.9855422 0.2855281 0.9918584 0.2803325 0.991858 0.2055562 0.6631842 0.2055562 0.6569837 0.2113813 0.6565321 0.981993 0.3401292 0.97618 0.3424 0.97618 0.3329992 0.9882293 0.9612362 0.9882293 0.9672384 0.9832524 0.9660884 0.984889 0.9222255 0.979076 0.9241706 0.979076 0.9162091 0.9915102 0.0868076 0.9915102 0.09312373 0.9863145 0.09312337 0.04193335 0.9687605 0.03611063 0.9667602 0.0361312 0.9633654 0.04193335 0.9687605 0.04195392 0.9731423 0.03615003 0.975161 0.9872242 0.6459499 0.9872242 0.6519256 0.9820112 0.6530275 0.9784837 0.8105832 0.9842967 0.8085874 0.9842967 0.8170701 0.8027864 0.9894204 0.7975919 0.9894216 0.7975919 0.9831042 0.6640182 0.968169 0.6581955 0.9661688 0.6582161 0.9627739 0.6640388 0.9725508 0.6582349 0.9745696 0.6581955 0.9661688 0.9872264 0.380012 0.9872264 0.3859878 0.9820134 0.3870897 0.1358142 0.9779372 0.1416272 0.9759414 0.1416272 0.9844241 0.1055325 0.9832019 0.1055325 0.9895193 0.1003379 0.9895204 0.05115032 0.9687688 0.0453276 0.9667686 0.04534816 0.9633738 0.05117082 0.9731506 0.045367 0.9751694 0.0453276 0.9667686 0.9873514 0.05323576 0.9873513 0.05921155 0.9821384 0.0603134 0.9742859 0.9820569 0.9742859 0.9776323 0.9800989 0.9756365 0.6803978 0.9832324 0.6803977 0.9895499 0.6752032 0.989551 0.0737614 0.9683164 0.06793868 0.9663162 0.06795924 0.9629213 0.07378196 0.9726982 0.06797808 0.974717 0.06793868 0.9663162 0.9872264 0.3697808 0.9872264 0.3757566 0.9820134 0.3768585 0.9784838 0.826644 0.9784838 0.8222194 0.9842968 0.8202236 0.445311 0.9830925 0.445311 0.9894099 0.4401164 0.9894111 0.9139368 0.9854199 0.9081497 0.9856455 0.9081497 0.9793546 0.806771 0.9752875 0.8125839 0.9731069 0.8125839 0.9823407 0.8378757 0.3274489 0.8436177 0.328392 0.8436177 0.3342586 0.3220273 0.9719917 0.3220273 0.9771804 0.316214 0.9795614 0.02156746 0.985435 0.02156746 0.9917528 0.01637315 0.9917525 0.6233072 0.9853718 0.6175202 0.9855973 0.6175202 0.9793063 0.5224825 0.9807647 0.5224825 0.9759485 0.5282954 0.9737679 0.6435679 0.2432771 0.643568 0.2491437 0.6378259 0.2482005 0.1061512 0.9724787 0.1061512 0.9776674 0.1003379 0.9800484 0.9914514 0.4656013 0.9862571 0.465601 0.9862571 0.4592832 0.3825144 0.9854038 0.3767274 0.9856294 0.3767274 0.9793384 0.9772232 0.3953148 0.9830361 0.3931342 0.9830361 0.402368 0.6556172 0.242334 0.6613593 0.2432771 0.6613593 0.2491436 0.4459297 0.9723691 0.4459297 0.9775578 0.4401164 0.9799388 0.01169002 0.9852331 0.01169008 0.9915509 0.006495773 0.9915506 0.8069437 0.9564165 0.812755 0.9542317 0.812755 0.9699533 0.966764 0.659473 0.9725061 0.660416 0.9725061 0.6662825 0.07377588 0.9441466 0.07390451 0.9589382 0.06793868 0.9597677 0.9669909 0.5733357 0.9733059 0.5735252 0.9732889 0.5877577 0.2461331 0.979756 0.2461331 0.9860469 0.2403461 0.9862725 0.2901802 0.9753466 0.295993 0.973166 0.295993 0.9823998 0.4565148 0.7429654 0.4622568 0.7439085 0.4622569 0.7497751 0.7091391 0.9725059 0.7091391 0.9776946 0.7033258 0.9800756 0.7225511 0.9914099 0.7173568 0.9914096 0.7173568 0.9850918 0.3975493 0.9853402 0.3917623 0.9855657 0.3917623 0.9792748 0.9773482 0.08898782 0.9831611 0.08680719 0.9831611 0.0960409 0.6467216 0.242334 0.6524635 0.243277 0.6524637 0.2491436 0.6810163 0.9725091 0.6810163 0.9776978 0.675203 0.9800788 0.3037222 0.9918712 0.298528 0.991871 0.298528 0.9855532 0.7889082 0.9856594 0.7831212 0.985885 0.7831212 0.979594 0.2991466 0.9753466 0.3049595 0.973166 0.3049595 0.9823998 0.6645129 0.242334 0.670255 0.243277 0.6702551 0.2491436 0.8034051 0.9723798 0.8034051 0.9775685 0.7975918 0.9799495 0.2953745 0.9855536 0.2953745 0.9918713 0.2901802 0.9918711 0.9545581 0.9852261 0.9487711 0.9854517 0.9487711 0.9791608 0.2672218 0.9756386 0.2730347 0.973458 0.2730347 0.9826918 0.4476193 0.7429655 0.4533613 0.7439086 0.4533613 0.7497751 0.9799792 0.8998793 0.9799792 0.905068 0.9741659 0.907449 0.4542774 0.9917943 0.4490832 0.9917941 0.4490832 0.9854762 0.478853 0.9791021 0.478853 0.9853931 0.473066 0.9856187 0.2803326 0.9801513 0.2803326 0.9753351 0.2861455 0.9731545 0.8347219 0.328392 0.8347221 0.3342585 0.82898 0.3333155 0.9799792 0.8867779 0.9799792 0.8919666 0.9741659 0.8943476 0.9915089 0.09627765 0.9915089 0.1025954 0.9863146 0.1025952 0.7202363 0.2422692 0.720256 0.2476146 0.7144336 0.2488882 0.9842965 0.8381854 0.9784837 0.8402333 0.9784837 0.8318599 0.8214892 0.979784 0.8214892 0.9857136 0.816255 0.986883 0.720256 0.2394996 0.7202363 0.2422692 0.714414 0.2435429 0.7085211 0.9895468 0.7033258 0.9895457 0.7033258 0.9832292 0.2334424 0.98027 0.2336528 0.9858315 0.2282811 0.9854772 0.6870821 0.238233 0.6932451 0.238233 0.6891834 0.2490436 0.5619896 0.9651505 0.5561568 0.9640833 0.5559484 0.958724 0.5619896 0.9651505 0.5626149 0.9728335 0.5559484 0.971879 0.6362246 0.9627248 0.6424589 0.9617086 0.6424217 0.9735485 0.9860938 0.2600718 0.9860938 0.2661077 0.9808955 0.2649056 0.7794606 0.2389239 0.7867451 0.2346056 0.7867451 0.2488713 0.8518698 0.5828476 0.8536576 0.5734189 0.8591365 0.5720552 0.5476369 0.960314 0.5476406 0.9708822 0.5417878 0.9696591 0.9880421 0.7016006 0.9880421 0.707546 0.9829686 0.7063292 0.8511239 0.9690809 0.8569251 0.9672096 0.856975 0.975055 0.8511239 0.9690809 0.8511738 0.965188 0.856975 0.9633167 0.8695781 0.4649919 0.8753914 0.4628657 0.8753914 0.4718126 0.9851466 0.3330003 0.990341 0.3329993 0.990341 0.3393169 0.9829685 0.6694361 0.9880421 0.6706529 0.9880421 0.6765984 0.09125542 0.9695899 0.09705662 0.9677187 0.09710645 0.975564 0.09130531 0.965697 0.09710645 0.9638257 0.09705662 0.9677187 0.5417878 0.9808286 0.5417878 0.976162 0.5476011 0.9740357 0.08228892 0.9839456 0.0874834 0.9839446 0.08748334 0.9902622 0.9880421 0.6809688 0.9880422 0.6869142 0.9829686 0.6856974 0.8421194 0.9690808 0.8479206 0.9672096 0.8479704 0.975055 0.8421194 0.9690808 0.8421693 0.9651879 0.8479704 0.9633167 0.3522344 0.9762544 0.3580476 0.9741282 0.3580476 0.983075 0.1676561 0.9837545 0.1728506 0.9837535 0.1728506 0.990071 0.2493129 0.9798735 0.2551378 0.979756 0.2551378 0.986066 0.1824356 0.9782494 0.1766226 0.9805999 0.1766226 0.9708255 0.2640683 0.9744802 0.2640683 0.9804235 0.2585745 0.979412 0.9840958 0.7963486 0.9840958 0.8009043 0.9782827 0.803023 0.527678 0.9861552 0.527678 0.9924714 0.5224824 0.9924713 0.9809702 0.2995454 0.9867951 0.2994278 0.9867951 0.3057377 0.173469 0.9731512 0.173469 0.9782494 0.167656 0.9805999 0.9852116 0.6130588 0.9852116 0.6190022 0.9797179 0.6179907 0.776282 0.9820119 0.770469 0.9841307 0.770469 0.9753968 0.9924449 0.7775662 0.9924449 0.7838824 0.9872493 0.7838823 0.9813814 0.1310858 0.9872063 0.1309683 0.9872063 0.1372783 0.8631377 0.2417965 0.8631377 0.2468948 0.8573247 0.2492453 0.9852115 0.6231672 0.9852115 0.6291105 0.9797177 0.628099 0.9840958 0.7652419 0.9782828 0.7673608 0.9782828 0.7586268 0.8787705 0.9861096 0.8787705 0.9924257 0.8735749 0.9924257 0.9465882 0.1313158 0.9524101 0.1289876 0.952428 0.1471127 0.09674918 0.979729 0.09674918 0.9856724 0.09125542 0.9846609 0.723183 0.9552709 0.7233626 0.9694556 0.7173568 0.9694998 0.9634613 0.7425904 0.9571459 0.7426861 0.9571465 0.7266329 0.9813813 0.1406669 0.9872062 0.1405493 0.9872062 0.1468593 0.9800989 0.9701325 0.9742859 0.972483 0.9742859 0.9627085 0.9852116 0.6029504 0.9852116 0.6088938 0.9797177 0.6078823 0.7673155 0.9774563 0.7673155 0.9820119 0.7615025 0.9841307 0.992445 0.7967069 0.9924449 0.803023 0.9872493 0.803023 0.9813814 0.1119237 0.9872063 0.1118062 0.9872063 0.1181161 0.9800989 0.9572045 0.9742859 0.959555 0.9742859 0.9497806 0.5159465 0.9796583 0.5159465 0.9856017 0.5104527 0.9845902 0.9840958 0.7771294 0.9782828 0.7792482 0.9782828 0.7705143 0.8682163 0.9861095 0.8682163 0.9924256 0.8630207 0.9924256 0.9189813 0.9809198 0.9248062 0.9808023 0.9248062 0.9871123 0.5044004 0.978047 0.4985873 0.9803974 0.4985873 0.970623 0.2196338 0.9787494 0.2251275 0.9797608 0.2251275 0.9857042 0.9843056 0.7189896 0.9784926 0.7211084 0.9784926 0.7123745 0.9924449 0.7935534 0.9872493 0.7935534 0.9872493 0.7872373 0.9809703 0.3187075 0.9867953 0.3185899 0.9867953 0.3248999 0.9391285 0.5810964 0.9391285 0.5861946 0.9333155 0.5885452 0.9851185 0.2127313 0.9851185 0.2186747 0.9796247 0.2176631 0.9843056 0.7263215 0.9843056 0.7308772 0.9784926 0.7329959 0.9924449 0.7680964 0.9924449 0.7744126 0.9872493 0.7744125 0.9813814 0.1215048 0.9872063 0.1213873 0.9872063 0.1276972 0.431524 0.9778817 0.425711 0.9802321 0.425711 0.9704577 0.9852117 0.6332757 0.9852117 0.6392191 0.9797179 0.6382076 0.8946106 0.5820026 0.8946106 0.5865582 0.8887976 0.588677 0.9924447 0.7466657 0.9924447 0.7529818 0.9872491 0.7529818 0.9860219 0.2399789 0.9860219 0.2459197 0.9806315 0.2448474 0.2160437 0.9784972 0.2160437 0.9827294 0.210231 0.9847199 0.7021989 0.239562 0.7022528 0.2447643 0.6964526 0.2434353 0.7022247 0.2477124 0.6963987 0.2490873 0.6964526 0.2434353 0.5037827 0.9898685 0.4985873 0.9898674 0.4985873 0.9835509 0.9804593 0.5564269 0.9858497 0.5574992 0.9858497 0.5634399 0.984769 0.8781408 0.9789563 0.8801313 0.9789563 0.8720174 0.7112604 0.2447642 0.7054603 0.2434353 0.7054063 0.2382331 0.7112323 0.2477123 0.7054063 0.2490873 0.7054603 0.2434353 0.9903419 0.3487889 0.9851466 0.3487879 0.9851465 0.3424714 0.9809703 0.3091264 0.9867952 0.3090088 0.9867952 0.3153188 0.7394874 0.9727909 0.7394874 0.9778892 0.7336744 0.9802397 0.9852116 0.5928419 0.9852116 0.5987853 0.9797178 0.5977738 0.9840958 0.7844613 0.9840958 0.7890169 0.9782828 0.7911357 0.9924448 0.7586266 0.9924448 0.7649428 0.9872491 0.7649428 0.9860218 0.2501455 0.9860219 0.2560863 0.9806315 0.255014 0.1096178 0.9725158 0.1139132 0.9764727 0.1096178 0.9806097 0.316214 0.9838716 0.3220872 0.9827149 0.3220872 0.9889618 0.832472 0.736878 0.8326494 0.743503 0.8263642 0.7428752 0.581418 0.1827201 0.4790692 0.2003737 0.4792575 0.1593171 0.568351 0.2701621 0.5687463 0.3232465 0.4664014 0.3136403 0.6081069 0.4432736 0.7106319 0.4474456 0.7104052 0.5001148 0.6078855 0.2628557 0.7103776 0.2523988 0.710505 0.3268121 0.607983 0.3848099 0.6079896 0.330141 0.710505 0.3268121 0.6080647 0.4233505 0.607983 0.3848099 0.7104976 0.3881853 0.6080651 0.4235273 0.6080647 0.4233505 0.7104976 0.3881853 0.6080664 0.4241289 0.6080651 0.4235273 0.7104976 0.3881853 0.6080914 0.4361584 0.6080664 0.4241289 0.7104976 0.3881853 0.6081069 0.4432736 0.6080914 0.4361584 0.7104976 0.3881853 0.6081069 0.4432736 0.7104976 0.3881853 0.7106319 0.4474456 0.5684246 0.4884767 0.4660045 0.5036361 0.4659383 0.3945646 0.5687463 0.3232465 0.5683376 0.3926798 0.4659383 0.3945646 0.6210509 0.1220918 0.620734 0.006315112 0.7233979 0.001748681 0.5814062 0.008481621 0.581574 0.1490398 0.4792575 0.1593171 0.3620821 0.5131363 0.2406297 0.5174175 0.2408902 0.4900884 0.5875227 0.5539168 0.4660776 0.563462 0.4659383 0.5067896 0.765825 0.5001658 0.7137854 0.5016044 0.7137854 0.3800536 0.3623325 0.6791324 0.2408925 0.6795279 0.240346 0.6302959 0.8125442 0.3786336 0.8166078 0.5000705 0.7699303 0.5000705 0.7186498 0.6282036 0.7171281 0.5067896 0.7517617 0.5067896 0.7186498 0.6282036 0.7517617 0.5067896 0.7519549 0.5067896 0.7186498 0.6282036 0.7519549 0.5067896 0.7535146 0.5174475 0.7683258 0.5067896 0.7655023 0.5174475 0.7654634 0.5067896 0.7683258 0.5067896 0.762681 0.6282255 0.7655023 0.5174475 0.7186498 0.6282036 0.7535146 0.5174475 0.7655023 0.5174475 0.762681 0.6282255 0.7186498 0.6282036 0.7655023 0.5174475 0.001875698 0.5838723 0.001576781 0.4980566 0.1229673 0.4987203 0.001576781 0.6632379 0.001875698 0.5838723 0.1232993 0.5872672 0.5874829 0.6714906 0.4660365 0.6714906 0.4660776 0.563462 0.3617883 0.630014 0.240346 0.6302959 0.2406297 0.5174175 0.4211109 0.4541154 0.3822777 0.4758847 0.2662436 0.4651167 0.4211109 0.4541154 0.2662436 0.4651167 0.2508543 0.4385567 0.4091086 0.3746998 0.4211109 0.4541154 0.2508543 0.4385567 0.4091086 0.3746998 0.2508543 0.4385567 0.2508543 0.3082352 0.4091094 0.3746983 0.4091086 0.3746998 0.2508543 0.3082352 0.4497963 0.2955239 0.4091094 0.3746983 0.2508543 0.3082352 0.4497963 0.2955239 0.2508543 0.3082352 0.2508549 0.308235 0.4497963 0.2955239 0.2508549 0.308235 0.3100998 0.2875353 0.4497963 0.2955239 0.3100998 0.2875353 0.3606244 0.2875359 0.4165537 0.2646667 0.4497963 0.2955239 0.3606244 0.2875359 0.02855628 0.4762217 0.0194264 0.4829237 0.001576781 0.4480363 0.01026397 0.4404166 0.001576781 0.4480363 0.001576781 0.3024685 0.2231023 0.2987874 0.2322428 0.2967383 0.1879557 0.3808321 0.1628121 0.269148 0.1210087 0.286443 0.1215937 0.2793532 0.1628121 0.269148 0.1215937 0.2793532 0.1600454 0.2627238 0.1630451 0.2690516 0.1628121 0.269148 0.1600454 0.2627238 0.2231023 0.2987874 0.1828051 0.2608764 0.1839433 0.2523885 0.1937079 0.4606344 0.1796098 0.3811122 0.1879557 0.3808321 0.02855628 0.4762217 0.1458271 0.4876536 0.1485142 0.4949031 0.1937079 0.4606344 0.2009804 0.4649266 0.1485142 0.4949031 0.07394081 0.2864425 0.06957995 0.2793526 0.1215937 0.2793532 0.01026391 0.3086907 0.001576781 0.3024685 0.06957995 0.2793526 0.6027225 0.1535345 0.6030589 0.122058 0.6210509 0.1220918 0.5863892 0.2725721 0.5867389 0.3232301 0.5687463 0.3232465 0.5901138 0.4432689 0.6081069 0.4432736 0.6078969 0.4925928 0.5899965 0.3300007 0.5898924 0.2628511 0.6078855 0.2628557 0.5899902 0.381855 0.5899965 0.3300007 0.6079896 0.330141 0.5900667 0.4198436 0.5899902 0.381855 0.607983 0.3848099 0.5900667 0.4198439 0.5900667 0.4198436 0.607983 0.3848099 0.5900667 0.4198442 0.5900667 0.4198439 0.607983 0.3848099 0.5900672 0.4200924 0.5900667 0.4198442 0.607983 0.3848099 0.5900672 0.4200924 0.607983 0.3848099 0.6080664 0.4241289 0.2371697 0.4809802 0.2371697 0.5238612 0.2371697 0.5247272 0.2371697 0.5238612 0.2371697 0.5240578 0.2371697 0.5247272 0.5864253 0.4863998 0.5684246 0.4884767 0.5683376 0.3926798 0.5863342 0.3916333 0.5683376 0.3926798 0.5687463 0.3232465 0.6030589 0.122058 0.6027225 0.001576721 0.620734 0.006315112 0.5993984 0.008426308 0.5995692 0.151431 0.581574 0.1490398 0.2662436 0.4651167 0.259872 0.4750815 0.240346 0.4413824 0.4211109 0.4541154 0.4325871 0.4597312 0.3845629 0.4866529 0.4497963 0.2955239 0.4165537 0.2646667 0.4187854 0.2523989 0.2508549 0.308235 0.2508543 0.3082352 0.240346 0.3007729 0.3100998 0.2875353 0.2508549 0.308235 0.240346 0.3007729 0.3100998 0.2875353 0.240346 0.3007729 0.3083173 0.2770243 0.4165537 0.2646667 0.3606244 0.2875359 0.3585594 0.2770248 0.3100998 0.2875353 0.3083173 0.2770243 0.3585594 0.2770248 0.4211109 0.4541154 0.4091086 0.3746998 0.4200061 0.3764857 0.4091086 0.3746998 0.4627848 0.2932409 0.4200061 0.3764857 0.4091086 0.3746998 0.4091094 0.3746983 0.4627848 0.2932409 0.4091094 0.3746983 0.4497963 0.2955239 0.4627848 0.2932409 0.2662436 0.4651167 0.3822777 0.4758847 0.3845629 0.4866529 0.2508543 0.3082352 0.2508543 0.4385567 0.240346 0.4413824 0.2371925 0.2001255 0.2189671 0.237021 0.2165967 0.2342526 0.08980393 0.249235 0.03350991 0.2186146 0.03553515 0.2162825 0.0509206 0.001576721 0.05253314 0.004388749 0.004358887 0.04627501 0.167668 0.02913379 0.2371925 0.05274546 0.2343901 0.05434471 0.1130964 0.02912622 0.167668 0.02913379 0.1664456 0.03129267 0.1130964 0.02912622 0.1117596 0.03128516 0.05253314 0.004388749 0.04681396 0.1321459 0.001576721 0.04566913 0.004358887 0.04627501 0.04681396 0.1321459 0.0485239 0.1312827 0.03553515 0.2162825 0.2189671 0.237021 0.08980393 0.249235 0.09312504 0.2461774 0.2371925 0.05274546 0.2371925 0.2001255 0.2343901 0.1969902 0.2609535 0.2342262 0.2585679 0.2370113 0.240346 0.2001107 0.3896601 0.2461703 0.4419796 0.216282 0.4439888 0.2186313 0.4249849 0.004371881 0.4265815 0.001576721 0.4759157 0.04567939 0.2431635 0.05430394 0.240346 0.05272096 0.309857 0.02911818 0.3628193 0.03126114 0.3109591 0.0312606 0.309857 0.02911818 0.4249849 0.004371881 0.3628193 0.03126114 0.3644179 0.02911877 0.9381079 0.4789093 0.9395066 0.4750347 0.9395066 0.5726296 0.4419796 0.216282 0.4289934 0.1324358 0.4306873 0.132155 0.2609535 0.2342262 0.3896601 0.2461703 0.3877058 0.2492453 0.2431635 0.05430394 0.2431635 0.1994418 0.240346 0.2001107 0.1828051 0.2608764 0.1793501 0.2623058 0.1757977 0.2559114 0.7519549 0.5067896 0.7561848 0.5068746 0.7576531 0.5175327 0.5901138 0.4432689 0.5900977 0.4355694 0.6080914 0.4361584 0.03222477 0.9630998 0.03259009 0.9737923 0.02619498 0.9734483 0.4459296 0.9668098 0.442349 0.9668375 0.4459296 0.9417467 0.7643648 0.6625756 0.7479833 0.6611909 0.7643648 0.6327635 0.1527432 0.9426447 0.1563237 0.9426171 0.1527432 0.9677079 0.7818175 0.9426437 0.7762669 0.9419214 0.7818175 0.9128317 0.08452135 0.943053 0.08810186 0.9430254 0.08452135 0.9681161 0.8772755 0.9437892 0.8717249 0.943067 0.8772755 0.9139772 0.7998246 0.9417849 0.8034052 0.9417573 0.7998246 0.9668481 0.2344015 0.9337538 0.2288509 0.9330316 0.2344015 0.9039418 0.167656 0.9426088 0.1712366 0.9425811 0.167656 0.9676719 0.3978257 0.9340533 0.392275 0.9333311 0.3978257 0.9042413 0.1594773 0.9426449 0.1630578 0.9426172 0.1594773 0.9677081 0.8685714 0.9437893 0.8630207 0.943067 0.8685714 0.9139772 0.1743901 0.9426088 0.1779707 0.9425812 0.1743901 0.967672 0.5280332 0.9370361 0.5224825 0.9363139 0.5280331 0.9072241 0.07778722 0.943053 0.08136779 0.9430254 0.07778722 0.9681161 0.9393373 0.03211098 0.9337866 0.0313887 0.9393374 0.002298951 0.9674317 0.8836015 0.9710124 0.8835954 0.9674317 0.9130555 0.3840929 0.8651387 0.3759173 0.8638063 0.3898143 0.8358789 0.7665924 0.1988765 0.7666985 0.1952974 0.7878587 0.1996611 0.9437295 0.9578175 0.9382345 0.9567521 0.9437295 0.9322441 0.8418119 0.5881655 0.842014 0.5725485 0.8487161 0.5876435 0.6654297 0.9596202 0.6581956 0.9583411 0.6654297 0.9423424 0.7264382 0.2853932 0.7728431 0.2966331 0.7137855 0.3670417 0.5906763 0.5067897 0.678409 0.509429 0.6016657 0.5823671 0.6053959 0.6076354 0.6016657 0.5823671 0.6705746 0.5963789 0.7858279 0.3716394 0.7786476 0.370086 0.7847545 0.347182 0.5791953 0.2485982 0.572475 0.2485659 0.5791953 0.2392271 0.953722 0.6662826 0.9464878 0.6650034 0.953722 0.6498124 0.6100726 0.2491686 0.6100726 0.2424482 0.6166388 0.2491371 0.7666984 0.2306675 0.7665924 0.1988765 0.7879648 0.2314521 0.2239857 0.5341944 0.2334514 0.6215198 0.2055562 0.5337163 0.3490807 0.8439934 0.316214 0.8439934 0.3423403 0.7653013 0.8127599 0.3454703 0.7847545 0.347182 0.8127865 0.3374264 0.2059623 0.4980565 0.2243918 0.4985345 0.2055562 0.5337163 0.8196742 0.0460757 0.7963364 0.04588907 0.8196742 0.001763403 0.9599729 0.8085923 0.9635536 0.8085874 0.9599729 0.842351 0.1096179 0.8804133 0.1151633 0.8811744 0.1096179 0.9144335 0.186116 0.9299024 0.186116 0.9636612 0.1825332 0.9340571 0.3040416 0.8805612 0.309587 0.8813222 0.3040416 0.9145814 0.967163 0.2389112 0.9707437 0.2389066 0.967163 0.26852 0.5417877 0.8955274 0.547338 0.8962512 0.5417877 0.9253413 0.9669909 0.4750393 0.9705716 0.4750347 0.9669909 0.5046482 0.9278318 0.696784 0.9333822 0.6975079 0.9278318 0.726598 0.9669909 0.5078062 0.9705716 0.5078016 0.9669909 0.5374151 0.9250829 0.001576721 0.9306332 0.00230062 0.9250829 0.03139066 0.9669909 0.5405733 0.9705716 0.5405687 0.9669909 0.5701822 0.9163788 0.001576721 0.9219292 0.0023005 0.9163789 0.0313906 0.9674316 0.8508329 0.9710123 0.8508283 0.9674316 0.8804417 0.9191278 0.6967841 0.924678 0.6975078 0.9191278 0.7265979 0.9737253 0.523204 0.9773058 0.5231764 0.9737253 0.5440937 0.572475 0.2360413 0.572475 0.2035272 0.596346 0.226732 0.9740173 0.2717012 0.9775979 0.2716736 0.9740173 0.2925908 0.3480254 0.9565678 0.3425349 0.9554797 0.3480254 0.9309458 0.9737252 0.547275 0.9773058 0.5472473 0.9737252 0.5681647 0.5472782 0.955929 0.5417877 0.9548408 0.5472782 0.9303069 0.9737253 0.4750623 0.9773058 0.4750347 0.9737253 0.495952 0.7324106 0.9528844 0.7269201 0.9517963 0.7324106 0.9272623 0.7269201 0.9560657 0.7305007 0.9560381 0.7269201 0.9769555 0.143266 0.9577568 0.1377755 0.9566686 0.143266 0.9321346 0.9737253 0.4991332 0.9773059 0.4991055 0.9737253 0.5200229 0.6998825 0.9426736 0.6943919 0.9415855 0.6998825 0.9170515 0.9738974 0.2389342 0.977478 0.2389066 0.9738974 0.2598239 0.4176102 0.9573787 0.4121198 0.9562906 0.4176102 0.9317565 0.6095446 0.6338221 0.6053959 0.6076354 0.6661428 0.62378 0.5750784 0.783223 0.5783395 0.7576143 0.5795457 0.7829493 0.6744942 0.156688 0.6744942 0.2390584 0.650376 0.1721251 0.6129235 0.663968 0.6095446 0.6338221 0.6497059 0.6553302 0.650376 0.1721251 0.6498302 0.2381176 0.6279376 0.1795006 0.5753405 0.8105185 0.5750784 0.783223 0.579704 0.8095227 0.8179694 0.9101762 0.8179694 0.8729112 0.8241146 0.9103512 0.581128 0.8419042 0.5753405 0.8105185 0.5854915 0.8409085 0.6279376 0.1795006 0.6275053 0.2368162 0.6048841 0.1992965 0.3712727 0.9785748 0.3712727 0.9847743 0.3654861 0.9790463 0.9782827 0.7533295 0.9782827 0.7487356 0.9840955 0.755473 0.9804595 0.4911023 0.9804593 0.4851964 0.9858881 0.4922047 0.9788577 0.6558986 0.9730444 0.6535174 0.9788577 0.6459499 0.5417878 0.9924539 0.5417878 0.9861361 0.546982 0.9924539 0.1320501 0.9785817 0.1320501 0.9847812 0.1262635 0.9790532 0.9772909 0.4564771 0.9772909 0.4518833 0.9831037 0.4586207 0.9804594 0.5114259 0.9804593 0.50552 0.9858881 0.5125282 0.9247946 0.9776487 0.9189813 0.9752675 0.9247946 0.9677001 0.2672218 0.9921632 0.2672218 0.9858453 0.2724161 0.9921631 0.5383043 0.9785888 0.5383043 0.9847883 0.5325177 0.9790603 0.9772908 0.468438 0.9772908 0.4638441 0.9831036 0.4705815 0.9804593 0.4809405 0.9804593 0.4750347 0.985888 0.4820429 0.2553762 0.9766024 0.2495629 0.9742212 0.2553762 0.9666538 0.3068757 0.9918712 0.3068757 0.9855534 0.31207 0.9918712 0.8569107 0.9782086 0.8569107 0.984408 0.851124 0.97868 0.9773482 0.1058583 0.9773482 0.1012644 0.983161 0.1080018 0.9804595 0.5012641 0.9804594 0.4953582 0.9858882 0.5023664 0.2461593 0.9766024 0.240346 0.9742212 0.2461593 0.9666537 0.806771 0.9918122 0.806771 0.9854943 0.8119652 0.9918121 0.9804593 0.5258679 0.985843 0.5269927 0.9804593 0.531776 0.2288771 0.97384 0.2288508 0.9700331 0.2347022 0.9755958 0.2288508 0.9700331 0.2289012 0.9657336 0.2346518 0.9682973 0.4490832 0.9800908 0.4490832 0.9752479 0.4548965 0.9823228 0.9854263 0.5796543 0.9854263 0.5733366 0.9906207 0.5796534 0.9804593 0.5360542 0.9858429 0.5371789 0.9804593 0.5419622 0.2196602 0.9738401 0.2196338 0.9700331 0.2254853 0.9755959 0.2254348 0.9682972 0.2196338 0.9700331 0.2254853 0.9639977 0.01637321 0.9800493 0.01637321 0.9752063 0.02218645 0.9822812 0.1172969 0.9905233 0.1172969 0.9842057 0.1224914 0.9905224 0.9804593 0.5156816 0.985843 0.5168064 0.9804594 0.5215897 0.3917886 0.9741398 0.3917622 0.9703329 0.3976137 0.9758957 0.3917622 0.9703329 0.3918127 0.9660334 0.3975632 0.968597 0.9822728 0.5826206 0.9764595 0.5803886 0.9822728 0.5733357 0.4879818 0.9913166 0.4879818 0.984999 0.4931762 0.9913159 0.9804593 0.5521485 0.9804593 0.5462405 0.985843 0.5532732 0.9487973 0.9740256 0.948771 0.9702186 0.9546225 0.9757814 0.954572 0.9684827 0.948771 0.9702186 0.9546225 0.9641833 0.7231701 0.9819384 0.7173568 0.9797064 0.7231701 0.9726534 0.8949946 0.9912223 0.8949947 0.9849047 0.9001891 0.9912216 0.4116037 0.9750043 0.411697 0.9665071 0.4176103 0.9749935 0.4175156 0.9648309 0.411697 0.9665071 0.4176103 0.9605322 0.6476061 0.9617407 0.6534306 0.9639432 0.6476061 0.9739844 0.8848863 0.9621162 0.8912031 0.9622251 0.8849356 0.9728532 0.9822466 0.1700094 0.9873203 0.1712263 0.9822467 0.1759549 0.8331409 0.9731731 0.8331149 0.9690811 0.838966 0.9750551 0.8331149 0.9690811 0.8331648 0.965188 0.8389161 0.9672097 0.8630207 0.9808019 0.8630207 0.9761353 0.868834 0.9829559 0.1760041 0.9900721 0.1760041 0.9837545 0.1811985 0.9900711 0.9825493 0.2280986 0.9876229 0.2293154 0.9825493 0.2340441 0.05457055 0.97323 0.0545445 0.9691379 0.06039559 0.9751119 0.0603457 0.9672666 0.0545445 0.9691379 0.06039559 0.9633736 0.8664245 0.4718126 0.8606112 0.4696585 0.8664245 0.4628657 0.7476977 0.9900105 0.7476977 0.983693 0.7528921 0.9900096 0.9829686 0.6900677 0.9880421 0.6912846 0.9829685 0.6960132 0.5383687 0.9754352 0.5325437 0.9735532 0.5383188 0.9675898 0.5383188 0.9675898 0.5325176 0.9694611 0.5383687 0.9636969 0.8793882 0.9829559 0.8735749 0.9808019 0.8793882 0.9740091 0.5802728 0.9904877 0.5750784 0.9904887 0.5802728 0.9841701 0.9820134 0.3606554 0.9872618 0.3595627 0.9820134 0.3666272 0.6256118 0.2491686 0.6197993 0.2470933 0.6256118 0.242334 0.9796245 0.2080468 0.9796282 0.2030184 0.9854412 0.2085662 0.9887991 0.9768114 0.9832523 0.9767096 0.9880314 0.9705409 0.09125542 0.9430255 0.09700113 0.9464781 0.09125542 0.9606723 0.6287653 0.2484726 0.6287653 0.242334 0.6346724 0.2490496 0.5657684 0.9587241 0.5717204 0.9604638 0.5659366 0.9725776 0.316214 0.9664601 0.316214 0.9504113 0.3220881 0.9630622 0.8246905 0.9852939 0.8246905 0.9793722 0.8299614 0.9841304 0.8924145 0.3467684 0.8982273 0.3490564 0.8924145 0.3564091 0.8560185 0.7429355 0.8560185 0.7367969 0.8618088 0.7435121 0.9796558 0.02352488 0.9854689 0.02533847 0.9796558 0.0312044 0.9832523 0.9799649 0.9884471 0.9799664 0.9832524 0.986282 0.9807513 0.2830761 0.9860222 0.2819125 0.9807513 0.2889979 0.8892608 0.3490564 0.8892609 0.3540849 0.883448 0.3467683 0.8967497 0.05004566 0.8909594 0.04946899 0.8967497 0.0439071 0.9796557 0.01269179 0.9854689 0.01450538 0.9796557 0.02037137 0.9887854 0.0351448 0.9887854 0.04146182 0.9835906 0.03514343 0.9807514 0.2787591 0.9807515 0.2728372 0.9860223 0.2775955 0.9539924 0.7435122 0.948232 0.741095 0.9539924 0.7270252 0.606919 0.2435568 0.6066074 0.2477539 0.6002821 0.2424167 0.6266249 0.9738779 0.6271953 0.9633612 0.633071 0.9740915 0.9658465 0.04998022 0.9671696 0.03522896 0.9721636 0.04998022 0.61752 0.9750705 0.6176245 0.9638777 0.6234713 0.9759271 0.9821384 0.07295227 0.9879799 0.07296627 0.9821385 0.07927006 0.3484891 0.9744957 0.3426881 0.9720842 0.3484891 0.9597215 0.608726 0.973788 0.6024403 0.9731641 0.608718 0.9623298 0.9784926 0.7371213 0.9841195 0.7361495 0.9784926 0.7430337 0.5808914 0.9810167 0.5750784 0.9787197 0.5808914 0.9714953 0.9880881 0.151053 0.9880881 0.1573708 0.9822466 0.1510391 0.5823488 0.2391949 0.5881618 0.241577 0.5823488 0.2491555 0.7336744 0.9833943 0.7388698 0.9833932 0.7336744 0.9897108 0.8331149 0.9791804 0.8387417 0.9782087 0.8331149 0.9850928 0.7476977 0.9782415 0.7476977 0.9732751 0.7535106 0.9805384 0.9820811 0.4352123 0.9879226 0.4352263 0.9820811 0.44153 0.5913155 0.2391949 0.5971285 0.241577 0.5913155 0.2491555 0.9844399 0.6593995 0.9896352 0.6593983 0.9844399 0.6657159 0.0453276 0.985207 0.0453276 0.9792946 0.05095434 0.9842351 0.08810192 0.9807911 0.08228892 0.9784941 0.08810192 0.9712697 0.9820811 0.4257271 0.9879226 0.4257411 0.9820811 0.4320448 0.9081496 0.9660148 0.9139627 0.9683969 0.9081496 0.9759754 0.1139132 0.9837632 0.1139132 0.9900798 0.1087179 0.9837644 0.0545445 0.9792374 0.06017142 0.9782657 0.0545445 0.9851498 0.9008076 0.9817504 0.8949946 0.9794535 0.9008076 0.972229 0.9820811 0.4162418 0.9879226 0.4162558 0.9820811 0.4225595 0.8744813 0.3464486 0.8802945 0.3488307 0.8744813 0.3564093 0.4309064 0.9833856 0.4309064 0.9897022 0.425711 0.9833867 0.03611075 0.9792864 0.04173749 0.9783146 0.03611063 0.9851987 0.4879818 0.9795477 0.4879818 0.9745814 0.4937947 0.9818446 0.9821383 0.06346696 0.9879798 0.06348097 0.9821383 0.06978476 0.1320766 0.9678497 0.1320766 0.973045 0.1262635 0.9654676 0.1579385 0.9835581 0.1579385 0.9898747 0.1527433 0.9835593 0.9756596 0.6662824 0.9756596 0.6603701 0.9812864 0.6653106 0.117297 0.9787544 0.117297 0.9737881 0.1231099 0.9810513 0.9880881 0.1605383 0.9880881 0.1668559 0.9822466 0.1605243 0.3712992 0.9678428 0.3712992 0.9730382 0.365486 0.9654607 0.2637698 0.9835771 0.2637697 0.9898936 0.2585744 0.9835782 0.9647545 0.9847875 0.9589295 0.9851318 0.9647545 0.9785376 0.1527432 0.9708615 0.1585562 0.9731253 0.1527432 0.9804045 0.927969 0.9753397 0.933124 0.9764555 0.927969 0.9813221 0.5559484 0.9759871 0.5617614 0.9779188 0.5559484 0.9842169 0.9920169 0.4055218 0.9920169 0.4118378 0.9868212 0.4055215 0.8477203 0.984409 0.8418952 0.9848605 0.8477203 0.9782085 0.9228736 0.5815027 0.9228736 0.5864061 0.9170606 0.5792762 0.9831329 0.9007076 0.9831329 0.8947055 0.9881099 0.9018577 0.984889 0.940303 0.984889 0.9444558 0.979076 0.9384393 0.9914529 0.4498136 0.9914529 0.4561298 0.9862573 0.4498133 0.2203599 0.6627326 0.2145348 0.6631841 0.2203599 0.656532 0.981993 0.3477802 0.981993 0.3526836 0.9761801 0.3455536 0.9831328 0.9110132 0.9831328 0.9050111 0.9881097 0.9121633 0.9791529 0.1866877 0.9849659 0.1885514 0.9791529 0.1946492 0.9861896 0.3931342 0.9913852 0.3931346 0.9861896 0.3994503 0.8999031 0.05004566 0.8999031 0.04384517 0.9057282 0.0495941 0.01230877 0.9749051 0.01230877 0.9798085 0.006495833 0.9726786 0.9832524 0.9497805 0.9882293 0.9509306 0.9832524 0.9557827 0.979076 0.9273244 0.984889 0.9291881 0.979076 0.9352859 0.4061748 0.9852616 0.4061748 0.9915778 0.4009792 0.9852612 0.2293385 0.6627325 0.2235134 0.6631841 0.2293385 0.6565321 0.4009792 0.9727069 0.4067922 0.9749335 0.4009792 0.9821077 0.9831328 0.8904018 0.9831328 0.8843998 0.9881099 0.8915519 0.9796558 0.001576721 0.9854687 0.003440499 0.9796558 0.009538233 0.2803325 0.9855418 0.2855281 0.9855422 0.2803325 0.991858 0.2113813 0.6627326 0.2055562 0.6631842 0.2113813 0.6565321 0.981993 0.3352258 0.981993 0.3401292 0.97618 0.3329992 0.9832524 0.9600862 0.9882293 0.9612362 0.9832524 0.9660884 0.984889 0.9180728 0.984889 0.9222255 0.979076 0.9162091 0.9863145 0.08680719 0.9915102 0.0868076 0.9863145 0.09312337 0.04195392 0.9653657 0.04193335 0.9687605 0.0361312 0.9633654 0.03611063 0.9667602 0.04193335 0.9687605 0.03615003 0.975161 0.9820112 0.6470518 0.9872242 0.6459499 0.9820112 0.6530275 0.9784837 0.8150078 0.9784837 0.8105832 0.9842967 0.8170701 0.8027865 0.983103 0.8027864 0.9894204 0.7975919 0.9831042 0.6640388 0.9647742 0.6640182 0.968169 0.6582161 0.9627739 0.6640182 0.968169 0.6640388 0.9725508 0.6581955 0.9661688 0.9820135 0.3811139 0.9872264 0.380012 0.9820134 0.3870897 0.1358142 0.9823617 0.1358142 0.9779372 0.1416272 0.9844241 0.100338 0.9832031 0.1055325 0.9832019 0.1003379 0.9895204 0.05117082 0.9653739 0.05115032 0.9687688 0.04534816 0.9633738 0.05115032 0.9687688 0.05117082 0.9731506 0.0453276 0.9667686 0.9821384 0.05433762 0.9873514 0.05323576 0.9821384 0.0603134 0.9800989 0.9841193 0.9742859 0.9820569 0.9800989 0.9756365 0.6752032 0.9832336 0.6803978 0.9832324 0.6752032 0.989551 0.0737819 0.9649216 0.0737614 0.9683164 0.06795924 0.9629213 0.0737614 0.9683164 0.07378196 0.9726982 0.06793868 0.9663162 0.9820134 0.3708827 0.9872264 0.3697808 0.9820134 0.3768585 0.9842968 0.8287064 0.9784838 0.826644 0.9842968 0.8202236 0.4401164 0.9830937 0.445311 0.9830925 0.4401164 0.9894111 0.9139368 0.979129 0.9139368 0.9854199 0.9081497 0.9793546 0.806771 0.9801038 0.806771 0.9752875 0.8125839 0.9823407 0.8378757 0.3333155 0.8378757 0.3274489 0.8436177 0.3342586 0.316214 0.9696136 0.3220273 0.9719917 0.316214 0.9795614 0.01637321 0.9854347 0.02156746 0.985435 0.01637315 0.9917525 0.6233072 0.9790809 0.6233072 0.9853718 0.6175202 0.9793063 0.5282954 0.9830017 0.5224825 0.9807647 0.5282954 0.9737679 0.6378259 0.242334 0.6435679 0.2432771 0.6378259 0.2482005 0.1003379 0.9701006 0.1061512 0.9724787 0.1003379 0.9800484 0.9914514 0.4592835 0.9914514 0.4656013 0.9862571 0.4592832 0.3825144 0.9791129 0.3825144 0.9854038 0.3767274 0.9793384 0.9772232 0.400131 0.9772232 0.3953148 0.9830361 0.402368 0.6556172 0.2482005 0.6556172 0.242334 0.6613593 0.2491436 0.4401164 0.969991 0.4459297 0.9723691 0.4401164 0.9799388 0.006495773 0.9852328 0.01169002 0.9852331 0.006495773 0.9915506 0.806771 0.9694569 0.8069437 0.9564165 0.812755 0.9699533 0.966764 0.6653395 0.966764 0.659473 0.9725061 0.6662825 0.06793868 0.9418278 0.07377588 0.9441466 0.06793868 0.9597677 0.9669909 0.5881279 0.9669909 0.5733357 0.9732889 0.5877577 0.2403461 0.9799816 0.2461331 0.979756 0.2403461 0.9862725 0.2901802 0.9801629 0.2901802 0.9753466 0.295993 0.9823998 0.4565148 0.7488319 0.4565148 0.7429654 0.4622569 0.7497751 0.7033258 0.9701278 0.7091391 0.9725059 0.7033258 0.9800756 0.7225511 0.9850921 0.7225511 0.9914099 0.7173568 0.9850918 0.3975493 0.9790492 0.3975493 0.9853402 0.3917623 0.9792748 0.9773482 0.093804 0.9773482 0.08898782 0.9831611 0.0960409 0.6467216 0.2482005 0.6467216 0.242334 0.6524637 0.2491436 0.6752031 0.970131 0.6810163 0.9725091 0.675203 0.9800788 0.3037222 0.9855535 0.3037222 0.9918712 0.298528 0.9855532 0.7889082 0.9793685 0.7889082 0.9856594 0.7831212 0.979594 0.2991466 0.9801629 0.2991466 0.9753466 0.3049595 0.9823998 0.6645129 0.2482005 0.6645129 0.242334 0.6702551 0.2491436 0.7975918 0.9700016 0.8034051 0.9723798 0.7975918 0.9799495 0.2901802 0.9855533 0.2953745 0.9855536 0.2901802 0.9918711 0.9545581 0.9789352 0.9545581 0.9852261 0.9487711 0.9791608 0.2672218 0.9804548 0.2672218 0.9756386 0.2730347 0.9826918 0.4476193 0.7488321 0.4476193 0.7429655 0.4533613 0.7497751 0.9741659 0.8975012 0.9799792 0.8998793 0.9741659 0.907449 0.4542774 0.9854765 0.4542774 0.9917943 0.4490832 0.9854762 0.473066 0.9793277 0.478853 0.9791021 0.473066 0.9856187 0.2861455 0.9823883 0.2803326 0.9801513 0.2861455 0.9731545 0.82898 0.3274489 0.8347219 0.328392 0.82898 0.3333155 0.9741659 0.8843998 0.9799792 0.8867779 0.9741659 0.8943476 0.9863146 0.09627729 0.9915089 0.09627765 0.9863146 0.1025952 0.714414 0.2435429 0.7202363 0.2422692 0.7144336 0.2488882 0.9842965 0.8338178 0.9842965 0.8381854 0.9784837 0.8318599 0.816255 0.9809534 0.8214892 0.979784 0.816255 0.986883 0.7144517 0.238233 0.720256 0.2394996 0.714414 0.2435429 0.7085211 0.9832303 0.7085211 0.9895468 0.7033258 0.9832292 0.2282811 0.9787495 0.2334424 0.98027 0.2282811 0.9854772 0.9753171 0.04390347 0.9804369 0.03514349 0.9804369 0.04591262 0.5617812 0.9597912 0.5619896 0.9651505 0.5559484 0.958724 0.5561568 0.9640833 0.5619896 0.9651505 0.5559484 0.971879 0.6362246 0.9744319 0.6362246 0.9627248 0.6424217 0.9735485 0.9806314 0.2592398 0.9860938 0.2600718 0.9808955 0.2649056 0.7808537 0.2472832 0.7794606 0.2389239 0.7867451 0.2488713 0.8591365 0.5867357 0.8518698 0.5828476 0.8591365 0.5720552 0.5417878 0.9590826 0.5476369 0.960314 0.5417878 0.9696591 0.9829686 0.7003837 0.9880421 0.7016006 0.9829686 0.7063292 0.8511499 0.973173 0.8511239 0.9690809 0.856975 0.975055 0.8569251 0.9672096 0.8511239 0.9690809 0.856975 0.9633167 0.8695781 0.4696586 0.8695781 0.4649919 0.8753914 0.4718126 0.9851465 0.3393178 0.9851466 0.3330003 0.990341 0.3393169 0.9829686 0.6753816 0.9829685 0.6694361 0.9880421 0.6765984 0.09128141 0.9736821 0.09125542 0.9695899 0.09710645 0.975564 0.09125542 0.9695899 0.09130531 0.965697 0.09705662 0.9677187 0.5476011 0.9829826 0.5417878 0.9808286 0.5476011 0.9740357 0.08228892 0.9902632 0.08228892 0.9839456 0.08748334 0.9902622 0.9829686 0.6797519 0.9880421 0.6809688 0.9829686 0.6856974 0.8421455 0.973173 0.8421194 0.9690808 0.8479704 0.975055 0.8479206 0.9672096 0.8421194 0.9690808 0.8479704 0.9633167 0.3522344 0.980921 0.3522344 0.9762544 0.3580476 0.983075 0.1676561 0.990072 0.1676561 0.9837545 0.1728506 0.990071 0.2493129 0.9861836 0.2493129 0.9798735 0.2551378 0.986066 0.1824356 0.9731512 0.1824356 0.9782494 0.1766226 0.9708255 0.2585744 0.9734687 0.2640683 0.9744802 0.2585745 0.979412 0.9782827 0.7942891 0.9840958 0.7963486 0.9782827 0.803023 0.5224824 0.9861552 0.527678 0.9861552 0.5224824 0.9924713 0.9809702 0.3058553 0.9809702 0.2995454 0.9867951 0.3057377 0.167656 0.9708255 0.173469 0.9731512 0.167656 0.9805999 0.9797179 0.6120473 0.9852116 0.6130588 0.9797179 0.6179907 0.776282 0.9774563 0.776282 0.9820119 0.770469 0.9753968 0.9872493 0.7775661 0.9924449 0.7775662 0.9872493 0.7838823 0.9813814 0.1373958 0.9813814 0.1310858 0.9872063 0.1372783 0.8573247 0.2394708 0.8631377 0.2417965 0.8573247 0.2492453 0.9797177 0.6221557 0.9852115 0.6231672 0.9797177 0.628099 0.9840958 0.7606863 0.9840958 0.7652419 0.9782828 0.7586268 0.8735749 0.9861095 0.8787705 0.9861096 0.8735749 0.9924257 0.9464231 0.1471127 0.9465882 0.1313158 0.952428 0.1471127 0.09125542 0.9787175 0.09674918 0.979729 0.09125542 0.9846609 0.7173568 0.953249 0.723183 0.9552709 0.7173568 0.9694998 0.9634613 0.7265417 0.9634613 0.7425904 0.9571465 0.7266329 0.9813813 0.1469768 0.9813813 0.1406669 0.9872062 0.1468593 0.9800989 0.9650342 0.9800989 0.9701325 0.9742859 0.9627085 0.9797177 0.6019389 0.9852116 0.6029504 0.9797177 0.6078823 0.7615024 0.9753968 0.7673155 0.9774563 0.7615025 0.9841307 0.9872493 0.7967069 0.992445 0.7967069 0.9872493 0.803023 0.9813814 0.1182337 0.9813814 0.1119237 0.9872063 0.1181161 0.9800989 0.9521062 0.9800989 0.9572045 0.9742859 0.9497806 0.5104527 0.9786468 0.5159465 0.9796583 0.5104527 0.9845902 0.9840958 0.7725738 0.9840958 0.7771294 0.9782828 0.7705143 0.8630207 0.9861094 0.8682163 0.9861095 0.8630207 0.9924256 0.9189813 0.9872298 0.9189813 0.9809198 0.9248062 0.9871123 0.5044004 0.9729486 0.5044004 0.978047 0.4985873 0.970623 0.2196338 0.9846928 0.2196338 0.9787494 0.2251275 0.9857042 0.9843056 0.714434 0.9843056 0.7189896 0.9784926 0.7123745 0.9924449 0.7872374 0.9924449 0.7935534 0.9872493 0.7872373 0.9809703 0.3250175 0.9809703 0.3187075 0.9867953 0.3248999 0.9333155 0.5787707 0.9391285 0.5810964 0.9333155 0.5885452 0.9796247 0.2117198 0.9851185 0.2127313 0.9796247 0.2176631 0.9784926 0.724262 0.9843056 0.7263215 0.9784926 0.7329959 0.9872493 0.7680964 0.9924449 0.7680964 0.9872493 0.7744125 0.9813814 0.1278148 0.9813814 0.1215048 0.9872063 0.1276972 0.431524 0.9727833 0.431524 0.9778817 0.425711 0.9704577 0.9797179 0.6322642 0.9852117 0.6332757 0.9797179 0.6382076 0.8887976 0.579943 0.8946106 0.5820026 0.8887976 0.588677 0.9872491 0.7466656 0.9924447 0.7466657 0.9872491 0.7529818 0.9806315 0.2389066 0.9860219 0.2399789 0.9806315 0.2448474 0.210231 0.9766059 0.2160437 0.9784972 0.210231 0.9847199 0.6963987 0.238233 0.7021989 0.239562 0.6964526 0.2434353 0.7022528 0.2447643 0.7022247 0.2477124 0.6964526 0.2434353 0.5037827 0.983552 0.5037827 0.9898685 0.4985873 0.9835509 0.9804594 0.5623677 0.9804593 0.5564269 0.9858497 0.5634399 0.984769 0.8739086 0.984769 0.8781408 0.9789563 0.8720174 0.7112065 0.239562 0.7112604 0.2447642 0.7054063 0.2382331 0.7112604 0.2447642 0.7112323 0.2477123 0.7054603 0.2434353 0.9903419 0.3424725 0.9903419 0.3487889 0.9851465 0.3424714 0.9809703 0.3154364 0.9809703 0.3091264 0.9867952 0.3153188 0.7336744 0.9704653 0.7394874 0.9727909 0.7336744 0.9802397 0.9797178 0.5918304 0.9852116 0.5928419 0.9797178 0.5977738 0.9782828 0.7824018 0.9840958 0.7844613 0.9782828 0.7911357 0.9872491 0.7586266 0.9924448 0.7586266 0.9872491 0.7649428 0.9806315 0.2490732 0.9860218 0.2501455 0.9806315 0.255014 0.4116036 0.9781578 0.4176989 0.9781578 0.4140986 0.9855465 0.8546749 0.0504803 0.8582848 0.04817515 0.8582848 0.05524408 0.8263642 0.7354671 0.832472 0.736878 0.8263642 0.7428752 0.581574 0.1490398 0.581418 0.1827201 0.4792575 0.1593171 0.4659383 0.2523989 0.568351 0.2701621 0.4664014 0.3136403 0.6078969 0.4925928 0.6081069 0.4432736 0.7104052 0.5001148 0.6079896 0.330141 0.6078855 0.2628557 0.710505 0.3268121 0.7104976 0.3881853 0.607983 0.3848099 0.710505 0.3268121 0.5683376 0.3926798 0.5684246 0.4884767 0.4659383 0.3945646 0.4664014 0.3136403 0.5687463 0.3232465 0.4659383 0.3945646 0.7237054 0.1207337 0.6210509 0.1220918 0.7233979 0.001748681 0.4790692 0.001576721 0.5814062 0.008481621 0.4792575 0.1593171 0.3623325 0.4898065 0.3620821 0.5131363 0.2408902 0.4900884 0.5873847 0.5067896 0.5875227 0.5539168 0.4659383 0.5067896 0.7667768 0.3786336 0.765825 0.5001658 0.7137854 0.3800536 0.3617883 0.630014 0.3623325 0.6791324 0.240346 0.6302959 0.7704378 0.3786336 0.8125442 0.3786336 0.7699303 0.5000705 0.1232993 0.5872672 0.001875698 0.5838723 0.1229673 0.4987203 0.1230174 0.6632114 0.001576781 0.6632379 0.1232993 0.5872672 0.5875227 0.5539168 0.5874829 0.6714906 0.4660776 0.563462 0.3620821 0.5131363 0.3617883 0.630014 0.2406297 0.5174175 0.01026397 0.4404166 0.02855628 0.4762217 0.001576781 0.4480363 0.01026391 0.3086907 0.01026397 0.4404166 0.001576781 0.3024685 0.1796098 0.3811122 0.2231023 0.2987874 0.1879557 0.3808321 0.2322428 0.2967383 0.2231023 0.2987874 0.1839433 0.2523885 0.2009804 0.4649266 0.1937079 0.4606344 0.1879557 0.3808321 0.0194264 0.4829237 0.02855628 0.4762217 0.1485142 0.4949031 0.1458271 0.4876536 0.1937079 0.4606344 0.1485142 0.4949031 0.1210087 0.286443 0.07394081 0.2864425 0.1215937 0.2793532 0.07394081 0.2864425 0.01026391 0.3086907 0.06957995 0.2793526 0.581574 0.1490398 0.5995692 0.151431 0.581418 0.1827201 0.568351 0.2701621 0.5863892 0.2725721 0.5687463 0.3232465 0.5898924 0.4926525 0.5901138 0.4432689 0.6078969 0.4925928 0.6079896 0.330141 0.5899965 0.3300007 0.6078855 0.2628557 0.607983 0.3848099 0.5899902 0.381855 0.6079896 0.330141 0.5863342 0.3916333 0.5864253 0.4863998 0.5683376 0.3926798 0.5867389 0.3232301 0.5863342 0.3916333 0.5687463 0.3232465 0.6210509 0.1220918 0.6030589 0.122058 0.620734 0.006315112 0.5814062 0.008481621 0.5993984 0.008426308 0.581574 0.1490398 0.2508543 0.4385567 0.2662436 0.4651167 0.240346 0.4413824 0.3822777 0.4758847 0.4211109 0.4541154 0.3845629 0.4866529 0.4627848 0.2932409 0.4497963 0.2955239 0.4187854 0.2523989 0.4187854 0.2523989 0.4165537 0.2646667 0.3585594 0.2770248 0.3606244 0.2875359 0.3100998 0.2875353 0.3585594 0.2770248 0.4325871 0.4597312 0.4211109 0.4541154 0.4200061 0.3764857 0.259872 0.4750815 0.2662436 0.4651167 0.3845629 0.4866529 0.240346 0.3007729 0.2508543 0.3082352 0.240346 0.4413824 0.2343901 0.1969902 0.2371925 0.2001255 0.2165967 0.2342526 0.09312504 0.2461774 0.08980393 0.249235 0.03553515 0.2162825 0.001576721 0.04566913 0.0509206 0.001576721 0.004358887 0.04627501 0.1664456 0.03129267 0.167668 0.02913379 0.2343901 0.05434471 0.1117596 0.03128516 0.1130964 0.02912622 0.1664456 0.03129267 0.0509206 0.001576721 0.1130964 0.02912622 0.05253314 0.004388749 0.0485239 0.1312827 0.04681396 0.1321459 0.004358887 0.04627501 0.03350991 0.2186146 0.04681396 0.1321459 0.03553515 0.2162825 0.2165967 0.2342526 0.2189671 0.237021 0.09312504 0.2461774 0.2343901 0.05434471 0.2371925 0.05274546 0.2343901 0.1969902 0.2431635 0.1994418 0.2609535 0.2342262 0.240346 0.2001107 0.3877058 0.2492453 0.3896601 0.2461703 0.4439888 0.2186313 0.4731498 0.0485903 0.4249849 0.004371881 0.4759157 0.04567939 0.3109591 0.0312606 0.2431635 0.05430394 0.309857 0.02911818 0.3644179 0.02911877 0.3628193 0.03126114 0.309857 0.02911818 0.4265815 0.001576721 0.4249849 0.004371881 0.3644179 0.02911877 0.9381104 0.5736759 0.9381079 0.4789093 0.9395066 0.5726296 0.4439888 0.2186313 0.4419796 0.216282 0.4306873 0.132155 0.2585679 0.2370113 0.2609535 0.2342262 0.3877058 0.2492453 0.240346 0.05272096 0.2431635 0.05430394 0.240346 0.2001107 0.1839433 0.2523885 0.1828051 0.2608764 0.1757977 0.2559114 0.7535146 0.5174475 0.7519549 0.5067896 0.7576531 0.5175327 0.6081069 0.4432736 0.5901138 0.4432689 0.6080914 0.4361584 0.02619498 0.9627675 0.03222477 0.9630998 0.02619498 0.9734483 0.1876392 0.6595072 0.1779248 0.6595113 0.1779248 0.6449353 0.1876392 0.6449313 0.1876392 0.6595072 0.1779248 0.6449353 0.8386583 0.5866311 0.8289439 0.5866352 0.8289439 0.5720592 0.8386583 0.5720551 0.8386583 0.5866311 0.8289439 0.5720592 0.1910353 0.961575 0.1984872 0.9616056 0.1984872 0.9734524 0.1910353 0.9734218 0.1910353 0.961575 0.1984872 0.9734524 0.2016407 0.9615749 0.2090925 0.9616056 0.2090925 0.9734523 0.2016407 0.9734216 0.2016407 0.9615749 0.2090925 0.9734523 0.1878818 0.809469 0.1878818 0.8591086 0.1527432 0.8591037 0.8579663 0.07024121 0.8579663 0.1198808 0.8228278 0.119876 0.0356177 0.8624454 0.001576721 0.8624451 0.001576721 0.8143434 0.8963581 0.6946958 0.9005038 0.6946402 0.9005038 0.7419411 0.8663971 0.3668383 0.8663971 0.3328138 0.8705356 0.3334228 0.9132252 0.002258598 0.9132252 0.04469001 0.9091041 0.04536765 0.4699124 0.9454343 0.4657506 0.9467222 0.4657506 0.9164401 0.8541711 0.3242954 0.82898 0.3242859 0.82898 0.2523989 0.9475314 0.8033391 0.9503298 0.8054131 0.9503127 0.8422083</float_array>
          <technique_common>
            <accessor source="#Cube_008Mesh-mesh-map-1-array" count="9462" stride="2">
              <param name="S" type="float"/>
              <param name="T" type="float"/>
            </accessor>
          </technique_common>
        </source>
        <vertices id="Cube_008Mesh-mesh-vertices">
          <input semantic="POSITION" source="#Cube_008Mesh-mesh-positions"/>
        </vertices>
        <triangles material="Material_003-material" count="3154">
          <input semantic="VERTEX" source="#Cube_008Mesh-mesh-vertices" offset="0"/>
          <input semantic="NORMAL" source="#Cube_008Mesh-mesh-normals" offset="1"/>
          <input semantic="TEXCOORD" source="#Cube_008Mesh-mesh-map-0" offset="2" set="0"/>
          <input semantic="TEXCOORD" source="#Cube_008Mesh-mesh-map-1" offset="2" set="1"/>
          <p>5 0 0 9 0 1 4 0 2 4 1 3 9 1 4 8 1 5 3 2 6 8 2 7 7 2 8 0 3 9 1 3 10 6 3 11 2 4 12 7 4 13 6 4 14 6 5 15 9 5 16 5 5 17 6 6 18 7 6 19 9 6 20 7 7 21 8 7 22 9 7 23 1 8 24 0 8 25 4 8 26 2 9 27 1 9 28 4 9 29 2 10 30 4 10 31 3 10 32 15 11 33 19 11 34 14 11 35 14 12 36 19 12 37 18 12 38 13 13 39 18 13 40 17 13 41 16 14 42 15 14 43 10 14 44 12 15 45 17 15 46 16 15 47 16 16 48 19 16 49 15 16 50 16 17 51 17 17 52 19 17 53 17 18 54 18 18 55 19 18 56 11 19 57 10 19 58 14 19 59 12 20 60 11 20 61 14 20 62 12 21 63 14 21 64 13 21 65 25 22 66 29 22 67 24 22 68 29 23 69 28 23 70 23 23 71 23 24 72 28 24 73 27 24 74 26 25 75 25 25 76 20 25 77 22 26 78 27 26 79 26 26 80 26 27 81 29 27 82 25 27 83 26 28 84 28 28 85 29 28 86 26 29 87 27 29 88 28 29 89 21 30 90 20 30 91 24 30 92 21 31 93 24 31 94 23 31 95 22 32 96 21 32 97 23 32 98 35 33 99 39 33 100 34 33 101 39 34 102 38 34 103 33 34 104 33 35 105 38 35 106 37 35 107 36 36 108 35 36 109 30 36 110 32 37 111 37 37 112 36 37 113 36 38 114 39 38 115 35 38 116 36 39 117 38 39 118 39 39 119 36 40 120 37 40 121 38 40 122 31 41 123 30 41 124 34 41 125 31 42 126 34 42 127 33 42 128 32 43 129 31 43 130 33 43 131 45 44 132 49 44 133 44 44 134 49 45 135 48 45 136 43 45 137 48 46 138 47 46 139 42 46 140 41 47 141 46 47 142 45 47 143 42 48 144 47 48 145 46 48 146 46 49 147 49 49 148 45 49 149 46 50 150 48 50 151 49 50 152 46 51 153 47 51 154 48 51 155 41 52 156 40 52 157 44 52 158 41 53 159 44 53 160 43 53 161 42 54 162 41 54 163 43 54 164 55 55 165 59 55 166 54 55 167 59 56 168 58 56 169 53 56 170 53 57 171 58 57 172 57 57 173 56 58 174 55 58 175 50 58 176 52 59 177 57 59 178 56 59 179 56 60 180 59 60 181 55 60 182 56 61 183 58 61 184 59 61 185 56 62 186 57 62 187 58 62 188 51 63 189 50 63 190 54 63 191 51 64 192 54 64 193 53 64 194 52 65 195 51 65 196 53 65 197 65 66 198 69 66 199 64 66 200 64 67 201 69 67 202 68 67 203 63 68 204 68 68 205 67 68 206 66 69 207 65 69 208 60 69 209 67 70 210 66 70 211 61 70 212 66 71 213 69 71 214 65 71 215 66 72 216 67 72 217 69 72 218 67 73 219 68 73 220 69 73 221 61 74 222 60 74 223 64 74 224 62 75 225 61 75 226 64 75 227 62 76 228 64 76 229 63 76 230 70 77 231 75 77 232 79 77 233 79 78 234 78 78 235 73 78 236 78 79 237 77 79 238 72 79 239 71 80 240 76 80 241 75 80 242 72 81 243 77 81 244 76 81 245 78 82 246 79 82 247 75 82 248 76 83 249 78 83 250 75 83 251 76 84 252 77 84 253 78 84 254 70 85 255 74 85 256 73 85 257 71 86 258 70 86 259 73 86 260 72 87 261 71 87 262 73 87 263 85 88 264 89 88 265 84 88 266 84 89 267 89 89 268 88 89 269 83 90 270 88 90 271 87 90 272 86 91 273 85 91 274 80 91 275 82 92 276 87 92 277 86 92 278 86 93 279 89 93 280 85 93 281 86 94 282 87 94 283 89 94 284 87 95 285 88 95 286 89 95 287 81 96 288 80 96 289 84 96 290 82 97 291 81 97 292 84 97 293 82 98 294 84 98 295 83 98 296 95 99 297 99 99 298 94 99 299 94 100 300 99 100 301 98 100 302 93 101 303 98 101 304 97 101 305 96 102 306 95 102 307 90 102 308 92 103 309 97 103 310 96 103 311 96 104 312 99 104 313 95 104 314 96 105 315 97 105 316 99 105 317 97 106 318 98 106 319 99 106 320 91 107 321 90 107 322 94 107 323 92 108 324 91 108 325 94 108 326 92 109 327 94 109 328 93 109 329 105 110 330 109 110 331 104 110 332 109 111 333 108 111 334 103 111 335 103 112 336 108 112 337 107 112 338 106 113 339 105 113 340 100 113 341 102 114 342 107 114 343 106 114 344 106 115 345 109 115 346 105 115 347 106 116 348 108 116 349 109 116 350 106 117 351 107 117 352 108 117 353 101 118 354 100 118 355 104 118 356 101 119 357 104 119 358 103 119 359 102 120 360 101 120 361 103 120 362 115 121 363 119 121 364 114 121 365 119 122 366 118 122 367 113 122 368 113 123 369 118 123 370 117 123 371 116 124 372 115 124 373 110 124 374 112 125 375 117 125 376 116 125 377 116 126 378 119 126 379 115 126 380 116 127 381 118 127 382 119 127 383 116 128 384 117 128 385 118 128 386 111 129 387 110 129 388 114 129 389 111 130 390 114 130 391 113 130 392 112 131 393 111 131 394 113 131 395 125 132 396 129 132 397 124 132 398 129 133 399 128 133 400 123 133 401 128 134 402 127 134 403 122 134 404 121 135 405 126 135 406 125 135 407 122 136 408 127 136 409 126 136 410 126 137 411 129 137 412 125 137 413 126 138 414 128 138 415 129 138 416 126 139 417 127 139 418 128 139 419 121 140 420 120 140 421 124 140 422 121 141 423 124 141 424 123 141 425 122 142 426 121 142 427 123 142 428 135 143 429 139 143 430 134 143 431 139 144 432 138 144 433 133 144 434 133 145 435 138 145 436 137 145 437 131 146 438 136 146 439 135 146 440 132 147 441 137 147 442 136 147 443 136 148 444 139 148 445 135 148 446 136 149 447 138 149 448 139 149 449 136 150 450 137 150 451 138 150 452 131 151 453 130 151 454 134 151 455 131 152 456 134 152 457 133 152 458 132 153 459 131 153 460 133 153 461 145 154 462 149 154 463 144 154 464 144 155 465 149 155 466 148 155 467 143 156 468 148 156 469 147 156 470 146 157 471 145 157 472 140 157 473 147 158 474 146 158 475 141 158 476 146 159 477 149 159 478 145 159 479 146 160 480 147 160 481 149 160 482 147 161 483 148 161 484 149 161 485 141 162 486 140 162 487 144 162 488 142 163 489 141 163 490 144 163 491 142 164 492 144 164 493 143 164 494 150 165 495 155 165 496 159 165 497 159 166 498 158 166 499 153 166 500 158 167 501 157 167 502 152 167 503 151 168 504 156 168 505 155 168 506 152 169 507 157 169 508 156 169 509 158 170 510 159 170 511 155 170 512 156 171 513 158 171 514 155 171 515 156 172 516 157 172 517 158 172 518 150 173 519 154 173 520 153 173 521 151 174 522 150 174 523 153 174 524 152 175 525 151 175 526 153 175 527 165 176 528 169 176 529 164 176 530 164 177 531 169 177 532 168 177 533 163 178 534 168 178 535 167 178 536 166 179 537 165 179 538 160 179 539 162 180 540 167 180 541 166 180 542 166 181 543 169 181 544 165 181 545 166 182 546 167 182 547 169 182 548 167 183 549 168 183 550 169 183 551 161 184 552 160 184 553 164 184 554 162 185 555 161 185 556 164 185 557 162 186 558 164 186 559 163 186 560 175 187 561 179 187 562 174 187 563 174 188 564 179 188 565 178 188 566 173 189 567 178 189 568 177 189 569 176 190 570 175 190 571 170 190 572 172 191 573 177 191 574 176 191 575 176 192 576 179 192 577 175 192 578 176 193 579 177 193 580 179 193 581 177 194 582 178 194 583 179 194 584 171 195 585 170 195 586 174 195 587 172 196 588 171 196 589 174 196 590 172 197 591 174 197 592 173 197 593 180 198 594 185 198 595 189 198 596 189 199 597 188 199 598 183 199 599 188 200 600 187 200 601 182 200 602 181 201 603 186 201 604 185 201 605 187 202 606 186 202 607 181 202 608 181 203 609 180 203 610 184 203 611 182 204 612 181 204 613 184 204 614 182 205 615 184 205 616 183 205 617 197 206 618 193 206 619 192 206 620 194 207 621 190 207 622 193 207 623 200 208 624 199 208 625 198 208 626 202 209 627 201 209 628 195 209 629 200 210 630 191 211 631 203 212 632 203 212 633 191 211 634 198 213 635 231 214 636 206 214 637 205 214 638 231 215 639 233 215 640 204 215 641 230 216 642 212 216 643 211 216 644 230 217 645 228 217 646 210 217 647 218 218 648 216 218 649 217 218 650 222 219 651 220 219 652 221 219 653 226 220 654 224 220 655 225 220 656 214 221 657 215 221 658 230 221 659 213 222 660 228 222 661 230 222 662 208 223 663 209 223 664 231 223 665 207 224 666 233 224 667 231 224 668 237 225 669 235 225 670 234 225 671 240 226 672 238 226 673 239 226 674 244 227 675 242 227 676 243 227 677 252 228 678 250 228 679 224 228 680 247 229 681 249 229 682 223 229 683 251 230 684 253 230 685 227 230 686 248 231 687 246 231 688 220 231 689 257 232 690 254 233 691 890 234 692 899 235 693 258 236 694 255 237 695 259 238 696 256 239 697 911 240 698 260 241 699 261 242 700 885 243 701 263 244 702 262 245 703 895 246 704 900 247 705 264 248 706 265 249 707 906 250 708 266 251 709 267 252 710 278 253 711 281 253 712 277 253 713 278 254 714 277 254 715 280 254 716 278 255 717 280 255 718 276 255 719 282 256 720 278 256 721 276 256 722 283 257 723 282 257 724 276 257 725 279 258 726 283 258 727 276 258 728 269 253 729 285 253 730 284 253 731 273 259 732 270 259 733 287 259 734 271 260 735 289 260 736 288 260 737 268 261 738 272 261 739 284 261 740 269 262 741 273 262 742 286 262 743 270 263 744 274 263 745 291 263 746 274 264 747 275 264 748 288 264 749 301 265 750 293 265 751 297 265 752 303 266 753 302 266 754 294 266 755 307 267 756 295 267 757 299 267 758 292 268 759 301 268 760 300 268 761 297 269 762 293 269 763 302 269 764 298 270 765 294 270 766 305 270 767 304 271 768 305 271 769 307 271 770 299 272 771 295 272 772 832 272 773 313 273 774 309 273 775 308 273 776 314 274 777 310 274 778 309 274 779 315 275 780 311 275 781 310 275 782 312 276 783 308 276 784 311 276 785 309 277 786 310 277 787 311 277 788 321 278 789 317 278 790 316 278 791 322 279 792 318 279 793 317 279 794 323 280 795 319 280 796 318 280 797 320 281 798 316 281 799 319 281 800 329 282 801 325 282 802 324 282 803 330 283 804 326 283 805 325 283 806 331 284 807 327 284 808 326 284 809 328 285 810 324 285 811 327 285 812 341 286 813 340 286 814 333 286 815 342 287 816 334 287 817 333 287 818 343 288 819 335 288 820 334 288 821 341 289 822 332 289 823 335 289 824 337 290 825 340 290 826 341 290 827 338 291 828 342 291 829 340 291 830 338 292 831 339 292 832 343 292 833 336 293 834 341 293 835 343 293 836 345 294 837 347 294 838 346 294 839 349 295 840 351 295 841 344 295 842 350 296 843 348 296 844 347 296 845 352 297 846 353 297 847 355 297 848 357 298 849 359 298 850 352 298 851 358 299 852 356 299 853 355 299 854 360 300 855 361 300 856 363 300 857 365 301 858 367 301 859 360 301 860 366 302 861 364 302 862 363 302 863 369 303 864 371 303 865 370 303 866 373 304 867 375 304 868 368 304 869 374 305 870 372 305 871 371 305 872 377 294 873 379 294 874 378 294 875 381 306 876 383 306 877 376 306 878 382 307 879 380 307 880 379 307 881 392 308 882 391 309 883 396 310 884 394 311 885 393 312 886 398 313 887 401 314 888 390 315 889 395 316 890 391 309 891 390 315 892 401 314 893 398 313 894 393 312 895 392 308 896 395 316 897 394 311 898 399 317 899 397 318 900 396 310 901 385 319 902 399 317 903 398 313 904 387 320 905 401 314 906 400 321 907 389 322 908 396 310 909 401 314 910 384 323 911 398 313 912 397 318 913 386 324 914 400 321 915 399 317 916 388 325 917 391 309 918 395 316 919 390 315 920 391 309 921 392 308 922 395 316 923 392 308 924 394 311 925 395 316 926 392 308 927 393 312 928 394 311 929 410 326 930 409 327 931 414 328 932 412 329 933 411 330 934 416 331 935 419 332 936 408 333 937 413 334 938 409 327 939 408 333 940 419 332 941 416 331 942 411 330 943 410 326 944 413 334 945 412 329 946 417 335 947 415 336 948 414 328 949 403 337 950 417 335 951 416 331 952 405 338 953 419 332 954 418 339 955 407 340 956 414 328 957 419 332 958 402 341 959 416 331 960 415 336 961 404 342 962 418 339 963 417 335 964 406 343 965 409 327 966 413 334 967 408 333 968 409 327 969 410 326 970 413 334 971 410 326 972 412 329 973 413 334 974 410 326 975 411 330 976 412 329 977 428 344 978 427 345 979 432 346 980 430 347 981 429 348 982 434 349 983 437 350 984 426 351 985 431 352 986 427 345 987 426 351 988 437 350 989 434 349 990 429 348 991 428 344 992 431 352 993 430 347 994 435 353 995 433 354 996 432 346 997 421 355 998 435 353 999 434 349 1000 423 356 1001 437 350 1002 436 357 1003 425 358 1004 432 346 1005 437 350 1006 420 359 1007 434 349 1008 433 354 1009 422 360 1010 436 357 1011 435 353 1012 424 361 1013 427 345 1014 431 352 1015 426 351 1016 427 345 1017 428 344 1018 431 352 1019 428 344 1020 430 347 1021 431 352 1022 428 344 1023 429 348 1024 430 347 1025 447 362 1026 446 362 1027 439 362 1028 448 363 1029 440 363 1030 439 363 1031 449 364 1032 441 364 1033 440 364 1034 447 365 1035 438 365 1036 441 365 1037 443 366 1038 446 366 1039 447 366 1040 444 367 1041 448 367 1042 446 367 1043 444 368 1044 445 368 1045 449 368 1046 442 369 1047 447 369 1048 449 369 1049 458 370 1050 451 370 1051 450 370 1052 458 371 1053 460 371 1054 452 371 1055 461 372 1056 453 372 1057 452 372 1058 459 373 1059 450 373 1060 453 373 1061 455 374 1062 458 374 1063 459 374 1064 456 375 1065 460 375 1066 458 375 1067 457 376 1068 461 376 1069 460 376 1070 454 377 1071 459 377 1072 461 377 1073 463 378 1074 465 378 1075 464 378 1076 467 379 1077 469 379 1078 468 379 1079 471 379 1080 473 379 1081 472 379 1082 475 380 1083 477 380 1084 476 380 1085 479 381 1086 481 381 1087 480 381 1088 483 382 1089 485 382 1090 478 382 1091 484 383 1092 482 383 1093 481 383 1094 486 384 1095 487 384 1096 489 384 1097 491 385 1098 493 385 1099 486 385 1100 492 386 1101 490 386 1102 489 386 1103 494 387 1104 495 387 1105 497 387 1106 499 388 1107 501 388 1108 494 388 1109 500 389 1110 498 389 1111 497 389 1112 503 390 1113 505 390 1114 504 390 1115 507 391 1116 509 391 1117 502 391 1118 508 392 1119 506 392 1120 505 392 1121 511 393 1122 513 393 1123 512 393 1124 515 394 1125 517 394 1126 510 394 1127 516 395 1128 514 395 1129 513 395 1130 526 396 1131 525 397 1132 530 398 1133 528 399 1134 527 400 1135 532 401 1136 535 402 1137 524 403 1138 529 404 1139 525 397 1140 524 403 1141 535 402 1142 532 401 1143 527 400 1144 526 396 1145 529 404 1146 528 399 1147 533 405 1148 531 406 1149 530 398 1150 519 407 1151 533 405 1152 532 401 1153 521 408 1154 535 402 1155 534 409 1156 523 410 1157 530 398 1158 535 402 1159 518 411 1160 532 401 1161 531 406 1162 520 412 1163 534 409 1164 533 405 1165 522 413 1166 526 396 1167 527 400 1168 528 399 1169 526 396 1170 528 399 1171 529 404 1172 525 397 1173 526 396 1174 529 404 1175 525 397 1176 529 404 1177 524 403 1178 544 414 1179 543 415 1180 548 416 1181 546 417 1182 545 418 1183 550 419 1184 553 420 1185 542 421 1186 547 422 1187 543 415 1188 542 421 1189 553 420 1190 550 419 1191 545 418 1192 544 414 1193 547 422 1194 546 417 1195 551 423 1196 549 424 1197 548 416 1198 537 425 1199 551 423 1200 550 419 1201 539 426 1202 553 420 1203 552 427 1204 541 428 1205 548 416 1206 553 420 1207 536 429 1208 550 419 1209 549 424 1210 538 430 1211 552 427 1212 551 423 1213 540 431 1214 544 414 1215 545 418 1216 546 417 1217 544 414 1218 546 417 1219 547 422 1220 543 415 1221 544 414 1222 547 422 1223 543 415 1224 547 422 1225 542 421 1226 562 432 1227 561 433 1228 566 434 1229 564 435 1230 563 436 1231 568 437 1232 571 438 1233 560 439 1234 565 440 1235 561 433 1236 560 439 1237 571 438 1238 568 437 1239 563 436 1240 562 432 1241 565 440 1242 564 435 1243 569 441 1244 567 442 1245 566 434 1246 555 443 1247 569 441 1248 568 437 1249 557 444 1250 571 438 1251 570 445 1252 559 446 1253 566 434 1254 571 438 1255 554 447 1256 568 437 1257 567 442 1258 556 448 1259 570 445 1260 569 441 1261 558 449 1262 562 432 1263 563 436 1264 564 435 1265 562 432 1266 564 435 1267 565 440 1268 561 433 1269 562 432 1270 565 440 1271 561 433 1272 565 440 1273 560 439 1274 573 450 1275 575 450 1276 574 450 1277 577 450 1278 579 450 1279 578 450 1280 588 451 1281 581 451 1282 580 451 1283 590 452 1284 582 452 1285 581 452 1286 590 453 1287 591 453 1288 583 453 1289 589 454 1290 580 454 1291 583 454 1292 584 455 1293 585 455 1294 588 455 1295 585 456 1296 586 456 1297 590 456 1298 587 457 1299 591 457 1300 590 457 1301 584 458 1302 589 458 1303 591 458 1304 593 459 1305 595 459 1306 594 459 1307 597 460 1308 599 460 1309 598 460 1310 601 461 1311 603 461 1312 596 461 1313 602 462 1314 600 462 1315 599 462 1316 605 463 1317 607 463 1318 606 463 1319 609 464 1320 611 464 1321 610 464 1322 613 465 1323 615 465 1324 608 465 1325 614 466 1326 612 466 1327 611 466 1328 617 467 1329 619 467 1330 618 467 1331 621 468 1332 623 468 1333 616 468 1334 622 469 1335 620 469 1336 619 469 1337 625 470 1338 627 470 1339 626 470 1340 629 471 1341 631 471 1342 630 471 1343 633 472 1344 635 472 1345 628 472 1346 634 473 1347 632 473 1348 631 473 1349 649 474 1350 644 475 1351 643 476 1352 646 477 1353 645 478 1354 650 479 1355 653 480 1356 642 481 1357 647 482 1358 643 476 1359 642 481 1360 653 480 1361 650 479 1362 645 478 1363 644 475 1364 647 482 1365 646 477 1366 651 483 1367 649 474 1368 648 484 1369 637 485 1370 651 483 1371 650 479 1372 639 486 1373 653 480 1374 652 487 1375 641 488 1376 648 484 1377 653 480 1378 636 489 1379 650 479 1380 649 474 1381 638 490 1382 652 487 1383 651 483 1384 640 491 1385 643 476 1386 647 482 1387 642 481 1388 643 476 1389 644 475 1390 647 482 1391 644 475 1392 646 477 1393 647 482 1394 644 475 1395 645 478 1396 646 477 1397 667 492 1398 662 493 1399 661 494 1400 664 495 1401 663 496 1402 668 497 1403 671 498 1404 660 499 1405 665 500 1406 661 494 1407 660 499 1408 671 498 1409 668 497 1410 663 496 1411 662 493 1412 665 500 1413 664 495 1414 669 501 1415 667 492 1416 666 502 1417 655 503 1418 669 501 1419 668 497 1420 657 504 1421 671 498 1422 670 505 1423 659 506 1424 666 502 1425 671 498 1426 654 507 1427 668 497 1428 667 492 1429 656 508 1430 670 505 1431 669 501 1432 658 509 1433 661 494 1434 665 500 1435 660 499 1436 661 494 1437 662 493 1438 665 500 1439 662 493 1440 664 495 1441 665 500 1442 662 493 1443 663 496 1444 664 495 1445 685 510 1446 680 511 1447 679 512 1448 682 513 1449 681 514 1450 686 515 1451 689 516 1452 678 517 1453 683 518 1454 679 512 1455 678 517 1456 689 516 1457 686 515 1458 681 514 1459 680 511 1460 683 518 1461 682 513 1462 687 519 1463 685 510 1464 684 520 1465 673 521 1466 687 519 1467 686 515 1468 675 522 1469 689 516 1470 688 523 1471 677 524 1472 684 520 1473 689 516 1474 672 525 1475 686 515 1476 685 510 1477 674 526 1478 688 523 1479 687 519 1480 676 527 1481 679 512 1482 683 518 1483 678 517 1484 679 512 1485 680 511 1486 683 518 1487 680 511 1488 682 513 1489 683 518 1490 680 511 1491 681 514 1492 682 513 1493 703 528 1494 698 529 1495 697 530 1496 700 531 1497 699 532 1498 704 533 1499 707 534 1500 696 535 1501 701 536 1502 697 530 1503 696 535 1504 707 534 1505 704 533 1506 699 532 1507 698 529 1508 701 536 1509 700 531 1510 705 537 1511 703 528 1512 702 538 1513 691 539 1514 705 537 1515 704 533 1516 693 540 1517 707 534 1518 706 541 1519 695 542 1520 702 538 1521 707 534 1522 690 543 1523 704 533 1524 703 528 1525 692 544 1526 706 541 1527 705 537 1528 694 545 1529 697 530 1530 701 536 1531 696 535 1532 697 530 1533 698 529 1534 701 536 1535 698 529 1536 700 531 1537 701 536 1538 698 529 1539 699 532 1540 700 531 1541 721 546 1542 716 547 1543 715 548 1544 718 549 1545 717 550 1546 722 551 1547 725 552 1548 714 553 1549 719 554 1550 715 548 1551 714 553 1552 725 552 1553 722 551 1554 717 550 1555 716 547 1556 719 554 1557 718 549 1558 723 555 1559 721 546 1560 720 556 1561 709 557 1562 723 555 1563 722 551 1564 711 558 1565 725 552 1566 724 559 1567 713 560 1568 720 556 1569 725 552 1570 708 561 1571 722 551 1572 721 546 1573 710 562 1574 724 559 1575 723 555 1576 712 563 1577 715 548 1578 719 554 1579 714 553 1580 715 548 1581 716 547 1582 719 554 1583 716 547 1584 718 549 1585 719 554 1586 716 547 1587 717 550 1588 718 549 1589 739 564 1590 734 565 1591 733 566 1592 736 567 1593 735 568 1594 740 569 1595 743 570 1596 732 571 1597 737 572 1598 733 566 1599 732 571 1600 743 570 1601 740 569 1602 735 568 1603 734 565 1604 737 572 1605 736 567 1606 741 573 1607 739 564 1608 738 574 1609 727 575 1610 741 573 1611 740 569 1612 729 576 1613 743 570 1614 742 577 1615 731 578 1616 738 574 1617 743 570 1618 726 579 1619 740 569 1620 739 564 1621 728 580 1622 742 577 1623 741 573 1624 730 343 1625 733 566 1626 737 572 1627 732 571 1628 733 566 1629 734 565 1630 737 572 1631 734 565 1632 736 567 1633 737 572 1634 734 565 1635 735 568 1636 736 567 1637 749 581 1638 745 581 1639 744 581 1640 751 582 1641 747 582 1642 746 582 1643 754 583 1644 752 583 1645 753 583 1646 756 584 1647 755 584 1648 754 584 1649 760 585 1650 758 585 1651 759 585 1652 762 586 1653 761 586 1654 760 586 1655 766 587 1656 764 587 1657 765 587 1658 768 588 1659 767 588 1660 766 588 1661 772 589 1662 770 589 1663 771 589 1664 774 590 1665 773 590 1666 772 590 1667 778 591 1668 776 591 1669 777 591 1670 780 592 1671 779 592 1672 778 592 1673 784 593 1674 782 593 1675 783 593 1676 786 594 1677 785 594 1678 784 594 1679 790 595 1680 788 595 1681 789 595 1682 792 596 1683 791 596 1684 790 596 1685 799 597 1686 796 597 1687 794 597 1688 798 598 1689 797 598 1690 796 598 1691 822 599 1692 818 599 1693 801 599 1694 820 600 1695 802 600 1696 810 600 1697 825 601 1698 821 601 1699 803 601 1700 826 602 1701 819 602 1702 800 602 1703 822 603 1704 809 603 1705 800 603 1706 823 604 1707 810 604 1708 801 604 1709 824 605 1710 813 605 1711 802 605 1712 824 606 1713 825 606 1714 815 606 1715 826 607 1716 816 607 1717 803 607 1718 805 608 1719 818 608 1720 822 608 1721 811 609 1722 806 609 1723 820 609 1724 807 610 1725 821 610 1726 825 610 1727 804 611 1728 819 611 1729 826 611 1730 804 612 1731 808 612 1732 822 612 1733 805 613 1734 811 613 1735 823 613 1736 806 614 1737 812 614 1738 824 614 1739 812 615 1740 814 615 1741 825 615 1742 807 616 1743 817 616 1744 826 616 1745 271 617 1746 829 617 1747 828 617 1748 909 618 1749 831 618 1750 830 618 1751 829 619 1752 835 619 1753 834 619 1754 827 620 1755 837 620 1756 836 620 1757 842 621 1758 843 621 1759 839 621 1760 845 622 1761 841 622 1762 840 622 1763 845 623 1764 842 623 1765 838 623 1766 844 624 1767 843 624 1768 842 624 1769 847 625 1770 849 625 1771 848 625 1772 851 626 1773 853 626 1774 846 626 1775 852 627 1776 850 627 1777 849 627 1778 855 628 1779 857 628 1780 856 628 1781 859 629 1782 861 629 1783 860 629 1784 863 630 1785 865 630 1786 858 630 1787 864 631 1788 862 631 1789 861 631 1790 867 632 1791 869 632 1792 868 632 1793 871 630 1794 873 630 1795 866 630 1796 872 633 1797 870 633 1798 869 633 1799 875 634 1800 877 634 1801 876 634 1802 879 635 1803 881 635 1804 874 635 1805 880 633 1806 878 633 1807 877 633 1808 884 636 1809 885 636 1810 883 636 1811 887 637 1812 886 638 1813 261 242 1814 257 232 1815 888 639 1816 889 640 1817 891 641 1818 890 641 1819 886 641 1820 263 244 1821 892 642 1822 894 643 1823 888 644 1824 893 644 1825 895 644 1826 258 236 1827 896 645 1828 898 646 1829 892 647 1830 899 647 1831 897 647 1832 896 648 1833 900 648 1834 903 648 1835 264 248 1836 907 649 1837 902 650 1838 907 651 1839 906 651 1840 901 651 1841 266 251 1842 904 652 1843 905 653 1844 910 654 1845 911 654 1846 905 654 1847 259 238 1848 909 655 1849 908 656 1850 994 657 1851 915 657 1852 912 657 1853 0 658 1854 5 658 1855 4 658 1856 3 659 1857 4 659 1858 8 659 1859 2 660 1860 3 660 1861 7 660 1862 5 661 1863 0 661 1864 6 661 1865 1 662 1866 2 662 1867 6 662 1868 10 663 1869 15 663 1870 14 663 1871 13 664 1872 14 664 1873 18 664 1874 12 665 1875 13 665 1876 17 665 1877 11 666 1878 16 666 1879 10 666 1880 11 667 1881 12 667 1882 16 667 1883 20 668 1884 25 668 1885 24 668 1886 24 669 1887 29 669 1888 23 669 1889 22 670 1890 23 670 1891 27 670 1892 21 671 1893 26 671 1894 20 671 1895 21 672 1896 22 672 1897 26 672 1898 30 673 1899 35 673 1900 34 673 1901 34 674 1902 39 674 1903 33 674 1904 32 675 1905 33 675 1906 37 675 1907 31 676 1908 36 676 1909 30 676 1910 31 677 1911 32 677 1912 36 677 1913 40 678 1914 45 678 1915 44 678 1916 44 679 1917 49 679 1918 43 679 1919 43 680 1920 48 680 1921 42 680 1922 40 681 1923 41 681 1924 45 681 1925 41 682 1926 42 682 1927 46 682 1928 50 683 1929 55 683 1930 54 683 1931 54 684 1932 59 684 1933 53 684 1934 52 685 1935 53 685 1936 57 685 1937 51 686 1938 56 686 1939 50 686 1940 51 687 1941 52 687 1942 56 687 1943 60 688 1944 65 688 1945 64 688 1946 63 689 1947 64 689 1948 68 689 1949 62 690 1950 63 690 1951 67 690 1952 61 691 1953 66 691 1954 60 691 1955 62 692 1956 67 692 1957 61 692 1958 74 693 1959 70 693 1960 79 693 1961 74 694 1962 79 694 1963 73 694 1964 73 695 1965 78 695 1966 72 695 1967 70 696 1968 71 696 1969 75 696 1970 71 697 1971 72 697 1972 76 697 1973 80 698 1974 85 698 1975 84 698 1976 83 699 1977 84 699 1978 88 699 1979 82 700 1980 83 700 1981 87 700 1982 81 701 1983 86 701 1984 80 701 1985 81 702 1986 82 702 1987 86 702 1988 90 703 1989 95 703 1990 94 703 1991 93 704 1992 94 704 1993 98 704 1994 92 705 1995 93 705 1996 97 705 1997 91 706 1998 96 706 1999 90 706 2000 91 707 2001 92 707 2002 96 707 2003 100 708 2004 105 708 2005 104 708 2006 104 709 2007 109 709 2008 103 709 2009 102 710 2010 103 710 2011 107 710 2012 101 711 2013 106 711 2014 100 711 2015 101 712 2016 102 712 2017 106 712 2018 110 713 2019 115 713 2020 114 713 2021 114 714 2022 119 714 2023 113 714 2024 112 715 2025 113 715 2026 117 715 2027 111 716 2028 116 716 2029 110 716 2030 111 717 2031 112 717 2032 116 717 2033 120 718 2034 125 718 2035 124 718 2036 124 719 2037 129 719 2038 123 719 2039 123 720 2040 128 720 2041 122 720 2042 120 721 2043 121 721 2044 125 721 2045 121 722 2046 122 722 2047 126 722 2048 130 723 2049 135 723 2050 134 723 2051 134 724 2052 139 724 2053 133 724 2054 132 725 2055 133 725 2056 137 725 2057 130 726 2058 131 726 2059 135 726 2060 131 727 2061 132 727 2062 136 727 2063 140 728 2064 145 728 2065 144 728 2066 143 729 2067 144 729 2068 148 729 2069 142 730 2070 143 730 2071 147 730 2072 141 731 2073 146 731 2074 140 731 2075 142 732 2076 147 732 2077 141 732 2078 154 733 2079 150 733 2080 159 733 2081 154 734 2082 159 734 2083 153 734 2084 153 735 2085 158 735 2086 152 735 2087 150 736 2088 151 736 2089 155 736 2090 151 737 2091 152 737 2092 156 737 2093 160 738 2094 165 738 2095 164 738 2096 163 739 2097 164 739 2098 168 739 2099 162 740 2100 163 740 2101 167 740 2102 161 741 2103 166 741 2104 160 741 2105 161 742 2106 162 742 2107 166 742 2108 170 743 2109 175 743 2110 174 743 2111 173 744 2112 174 744 2113 178 744 2114 172 745 2115 173 745 2116 177 745 2117 171 746 2118 176 746 2119 170 746 2120 171 747 2121 172 747 2122 176 747 2123 184 748 2124 180 748 2125 189 748 2126 184 749 2127 189 749 2128 183 749 2129 183 750 2130 188 750 2131 182 750 2132 180 751 2133 181 751 2134 185 751 2135 182 752 2136 187 752 2137 181 752 2138 196 753 2139 197 753 2140 192 753 2141 197 754 2142 194 754 2143 193 754 2144 191 755 2145 200 755 2146 198 755 2147 203 756 2148 202 756 2149 195 756 2150 195 757 2151 200 210 2152 203 212 2153 202 758 2154 203 212 2155 198 213 2156 232 759 2157 231 759 2158 205 759 2159 206 760 2160 231 760 2161 204 760 2162 229 761 2163 230 761 2164 211 761 2165 212 762 2166 230 762 2167 210 762 2168 219 763 2169 218 763 2170 217 763 2171 223 764 2172 222 764 2173 221 764 2174 227 765 2175 226 765 2176 225 765 2177 229 766 2178 214 766 2179 230 766 2180 215 767 2181 213 767 2182 230 767 2183 232 768 2184 208 768 2185 231 768 2186 209 769 2187 207 769 2188 231 769 2189 236 770 2190 237 770 2191 234 770 2192 241 771 2193 240 771 2194 239 771 2195 245 772 2196 244 772 2197 243 772 2198 226 773 2199 252 773 2200 224 773 2201 221 774 2202 247 774 2203 223 774 2204 225 775 2205 251 775 2206 227 775 2207 222 776 2208 248 776 2209 220 776 2210 891 777 2211 257 232 2212 890 234 2213 897 778 2214 899 235 2215 255 237 2216 910 779 2217 259 238 2218 911 240 2219 884 780 2220 260 241 2221 885 243 2222 893 781 2223 263 244 2224 895 246 2225 903 782 2226 900 247 2227 265 249 2228 901 783 2229 906 250 2230 267 252 2231 272 253 2232 269 253 2233 284 253 2234 286 253 2235 273 253 2236 287 253 2237 275 253 2238 271 253 2239 288 253 2240 290 784 2241 268 784 2242 284 784 2243 285 785 2244 269 785 2245 286 785 2246 287 786 2247 270 786 2248 291 786 2249 291 253 2250 274 253 2251 288 253 2252 300 787 2253 301 787 2254 297 787 2255 298 788 2256 303 788 2257 294 788 2258 306 789 2259 307 789 2260 299 789 2261 296 790 2262 292 790 2263 300 790 2264 303 791 2265 297 791 2266 302 791 2267 304 792 2268 298 792 2269 305 792 2270 306 793 2271 304 793 2272 307 793 2273 833 794 2274 299 794 2275 832 794 2276 312 795 2277 313 795 2278 308 795 2279 313 796 2280 314 796 2281 309 796 2282 314 797 2283 315 797 2284 310 797 2285 315 798 2286 312 798 2287 311 798 2288 308 799 2289 309 799 2290 311 799 2291 320 800 2292 321 800 2293 316 800 2294 321 801 2295 322 801 2296 317 801 2297 322 802 2298 323 802 2299 318 802 2300 323 803 2301 320 803 2302 319 803 2303 328 804 2304 329 804 2305 324 804 2306 329 805 2307 330 805 2308 325 805 2309 330 806 2310 331 806 2311 326 806 2312 331 807 2313 328 807 2314 327 807 2315 332 808 2316 341 808 2317 333 808 2318 340 809 2319 342 809 2320 333 809 2321 342 810 2322 343 810 2323 334 810 2324 343 811 2325 341 811 2326 335 811 2327 336 812 2328 337 812 2329 341 812 2330 337 813 2331 338 813 2332 340 813 2333 342 814 2334 338 814 2335 343 814 2336 339 815 2337 336 815 2338 343 815 2339 344 816 2340 345 816 2341 346 816 2342 346 295 2343 349 295 2344 344 295 2345 345 817 2346 350 817 2347 347 817 2348 354 818 2349 352 818 2350 355 818 2351 354 819 2352 357 819 2353 352 819 2354 353 820 2355 358 820 2356 355 820 2357 362 821 2358 360 821 2359 363 821 2360 362 822 2361 365 822 2362 360 822 2363 361 823 2364 366 823 2365 363 823 2366 368 824 2367 369 824 2368 370 824 2369 370 825 2370 373 825 2371 368 825 2372 369 817 2373 374 817 2374 371 817 2375 376 826 2376 377 826 2377 378 826 2378 378 827 2379 381 827 2380 376 827 2381 377 828 2382 382 828 2383 379 828 2384 397 318 2385 392 308 2386 396 310 2387 399 317 2388 394 311 2389 398 313 2390 400 321 2391 401 314 2392 395 316 2393 396 310 2394 391 309 2395 401 314 2396 397 318 2397 398 313 2398 392 308 2399 400 321 2400 395 316 2401 399 317 2402 386 324 2403 397 318 2404 385 319 2405 388 325 2406 399 317 2407 387 320 2408 384 323 2409 401 314 2410 389 322 2411 385 319 2412 396 310 2413 384 323 2414 387 320 2415 398 313 2416 386 324 2417 389 322 2418 400 321 2419 388 325 2420 415 336 2421 410 326 2422 414 328 2423 417 335 2424 412 329 2425 416 331 2426 418 339 2427 419 332 2428 413 334 2429 414 328 2430 409 327 2431 419 332 2432 415 336 2433 416 331 2434 410 326 2435 418 339 2436 413 334 2437 417 335 2438 404 342 2439 415 336 2440 403 337 2441 406 343 2442 417 335 2443 405 338 2444 402 341 2445 419 332 2446 407 340 2447 403 337 2448 414 328 2449 402 341 2450 405 338 2451 416 331 2452 404 342 2453 407 340 2454 418 339 2455 406 343 2456 433 354 2457 428 344 2458 432 346 2459 435 353 2460 430 347 2461 434 349 2462 436 357 2463 437 350 2464 431 352 2465 432 346 2466 427 345 2467 437 350 2468 433 354 2469 434 349 2470 428 344 2471 436 357 2472 431 352 2473 435 353 2474 422 360 2475 433 354 2476 421 355 2477 424 361 2478 435 353 2479 423 356 2480 420 359 2481 437 350 2482 425 358 2483 421 355 2484 432 346 2485 420 359 2486 423 356 2487 434 349 2488 422 360 2489 425 358 2490 436 357 2491 424 361 2492 438 829 2493 447 829 2494 439 829 2495 446 830 2496 448 830 2497 439 830 2498 448 831 2499 449 831 2500 440 831 2501 449 832 2502 447 832 2503 441 832 2504 442 833 2505 443 833 2506 447 833 2507 443 834 2508 444 834 2509 446 834 2510 448 835 2511 444 835 2512 449 835 2513 445 836 2514 442 836 2515 449 836 2516 459 837 2517 458 837 2518 450 837 2519 451 838 2520 458 838 2521 452 838 2522 460 839 2523 461 839 2524 452 839 2525 461 840 2526 459 840 2527 453 840 2528 454 841 2529 455 841 2530 459 841 2531 455 842 2532 456 842 2533 458 842 2534 456 843 2535 457 843 2536 460 843 2537 457 844 2538 454 844 2539 461 844 2540 462 845 2541 463 845 2542 464 845 2543 466 379 2544 467 379 2545 468 379 2546 470 378 2547 471 378 2548 472 378 2549 474 846 2550 475 846 2551 476 846 2552 478 381 2553 479 381 2554 480 381 2555 480 382 2556 483 382 2557 478 382 2558 479 847 2559 484 847 2560 481 847 2561 488 848 2562 486 848 2563 489 848 2564 488 849 2565 491 849 2566 486 849 2567 487 389 2568 492 389 2569 489 389 2570 496 850 2571 494 850 2572 497 850 2573 496 851 2574 499 851 2575 494 851 2576 495 389 2577 500 389 2578 497 389 2579 502 852 2580 503 852 2581 504 852 2582 504 853 2583 507 853 2584 502 853 2585 503 854 2586 508 854 2587 505 854 2588 510 855 2589 511 855 2590 512 855 2591 512 856 2592 515 856 2593 510 856 2594 511 857 2595 516 857 2596 513 857 2597 531 406 2598 526 396 2599 530 398 2600 533 405 2601 528 399 2602 532 401 2603 534 409 2604 535 402 2605 529 404 2606 530 398 2607 525 397 2608 535 402 2609 531 406 2610 532 401 2611 526 396 2612 534 409 2613 529 404 2614 533 405 2615 520 412 2616 531 406 2617 519 407 2618 522 413 2619 533 405 2620 521 408 2621 518 411 2622 535 402 2623 523 410 2624 519 407 2625 530 398 2626 518 411 2627 521 408 2628 532 401 2629 520 412 2630 523 410 2631 534 409 2632 522 413 2633 549 424 2634 544 414 2635 548 416 2636 551 423 2637 546 417 2638 550 419 2639 552 427 2640 553 420 2641 547 422 2642 548 416 2643 543 415 2644 553 420 2645 549 424 2646 550 419 2647 544 414 2648 552 427 2649 547 422 2650 551 423 2651 538 430 2652 549 424 2653 537 425 2654 540 431 2655 551 423 2656 539 426 2657 536 429 2658 553 420 2659 541 428 2660 537 425 2661 548 416 2662 536 429 2663 539 426 2664 550 419 2665 538 430 2666 541 428 2667 552 427 2668 540 431 2669 567 442 2670 562 432 2671 566 434 2672 569 441 2673 564 435 2674 568 437 2675 570 445 2676 571 438 2677 565 440 2678 566 434 2679 561 433 2680 571 438 2681 567 442 2682 568 437 2683 562 432 2684 570 445 2685 565 440 2686 569 441 2687 556 448 2688 567 442 2689 555 443 2690 558 449 2691 569 441 2692 557 444 2693 554 447 2694 571 438 2695 559 446 2696 555 443 2697 566 434 2698 554 447 2699 557 444 2700 568 437 2701 556 448 2702 559 446 2703 570 445 2704 558 449 2705 572 858 2706 573 858 2707 574 858 2708 576 858 2709 577 858 2710 578 858 2711 589 859 2712 588 859 2713 580 859 2714 588 860 2715 590 860 2716 581 860 2717 582 861 2718 590 861 2719 583 861 2720 591 862 2721 589 862 2722 583 862 2723 589 863 2724 584 863 2725 588 863 2726 588 864 2727 585 864 2728 590 864 2729 586 865 2730 587 865 2731 590 865 2732 587 866 2733 584 866 2734 591 866 2735 592 459 2736 593 459 2737 594 459 2738 596 867 2739 597 867 2740 598 867 2741 598 868 2742 601 868 2743 596 868 2744 597 869 2745 602 869 2746 599 869 2747 604 870 2748 605 870 2749 606 870 2750 608 871 2751 609 871 2752 610 871 2753 610 872 2754 613 872 2755 608 872 2756 609 873 2757 614 873 2758 611 873 2759 616 874 2760 617 874 2761 618 874 2762 618 875 2763 621 875 2764 616 875 2765 617 876 2766 622 876 2767 619 876 2768 624 877 2769 625 877 2770 626 877 2771 628 878 2772 629 878 2773 630 878 2774 630 879 2775 633 879 2776 628 879 2777 629 880 2778 634 880 2779 631 880 2780 648 484 2781 649 474 2782 643 476 2783 651 483 2784 646 477 2785 650 479 2786 652 487 2787 653 480 2788 647 482 2789 648 484 2790 643 476 2791 653 480 2792 649 474 2793 650 479 2794 644 475 2795 652 487 2796 647 482 2797 651 483 2798 638 490 2799 649 474 2800 637 485 2801 640 491 2802 651 483 2803 639 486 2804 636 489 2805 653 480 2806 641 488 2807 637 485 2808 648 484 2809 636 489 2810 639 486 2811 650 479 2812 638 490 2813 641 488 2814 652 487 2815 640 491 2816 666 502 2817 667 492 2818 661 494 2819 669 501 2820 664 495 2821 668 497 2822 670 505 2823 671 498 2824 665 500 2825 666 502 2826 661 494 2827 671 498 2828 667 492 2829 668 497 2830 662 493 2831 670 505 2832 665 500 2833 669 501 2834 656 508 2835 667 492 2836 655 503 2837 658 509 2838 669 501 2839 657 504 2840 654 507 2841 671 498 2842 659 506 2843 655 503 2844 666 502 2845 654 507 2846 657 504 2847 668 497 2848 656 508 2849 659 506 2850 670 505 2851 658 509 2852 684 520 2853 685 510 2854 679 512 2855 687 519 2856 682 513 2857 686 515 2858 688 523 2859 689 516 2860 683 518 2861 684 520 2862 679 512 2863 689 516 2864 685 510 2865 686 515 2866 680 511 2867 688 523 2868 683 518 2869 687 519 2870 674 526 2871 685 510 2872 673 521 2873 676 527 2874 687 519 2875 675 522 2876 672 525 2877 689 516 2878 677 524 2879 673 521 2880 684 520 2881 672 525 2882 675 522 2883 686 515 2884 674 526 2885 677 524 2886 688 523 2887 676 527 2888 702 538 2889 703 528 2890 697 530 2891 705 537 2892 700 531 2893 704 533 2894 706 541 2895 707 534 2896 701 536 2897 702 538 2898 697 530 2899 707 534 2900 703 528 2901 704 533 2902 698 529 2903 706 541 2904 701 536 2905 705 537 2906 692 544 2907 703 528 2908 691 539 2909 694 545 2910 705 537 2911 693 540 2912 690 543 2913 707 534 2914 695 542 2915 691 539 2916 702 538 2917 690 543 2918 693 540 2919 704 533 2920 692 544 2921 695 542 2922 706 541 2923 694 545 2924 720 556 2925 721 546 2926 715 548 2927 723 555 2928 718 549 2929 722 551 2930 724 559 2931 725 552 2932 719 554 2933 720 556 2934 715 548 2935 725 552 2936 721 546 2937 722 551 2938 716 547 2939 724 559 2940 719 554 2941 723 555 2942 710 562 2943 721 546 2944 709 557 2945 712 563 2946 723 555 2947 711 558 2948 708 561 2949 725 552 2950 713 560 2951 709 557 2952 720 556 2953 708 561 2954 711 558 2955 722 551 2956 710 562 2957 713 560 2958 724 559 2959 712 563 2960 738 574 2961 739 564 2962 733 566 2963 741 573 2964 736 567 2965 740 569 2966 742 577 2967 743 570 2968 737 572 2969 738 574 2970 733 566 2971 743 570 2972 739 564 2973 740 569 2974 734 565 2975 742 577 2976 737 572 2977 741 573 2978 728 580 2979 739 564 2980 727 575 2981 730 343 2982 741 573 2983 729 576 2984 726 579 2985 743 570 2986 731 578 2987 727 575 2988 738 574 2989 726 579 2990 729 576 2991 740 569 2992 728 580 2993 731 578 2994 742 577 2995 730 343 2996 748 581 2997 749 581 2998 744 581 2999 750 881 3000 751 881 3001 746 881 3002 757 882 3003 754 882 3004 753 882 3005 757 253 3006 756 253 3007 754 253 3008 763 883 3009 760 883 3010 759 883 3011 763 253 3012 762 253 3013 760 253 3014 769 882 3015 766 882 3016 765 882 3017 769 884 3018 768 884 3019 766 884 3020 775 589 3021 772 589 3022 771 589 3023 775 253 3024 774 253 3025 772 253 3026 781 885 3027 778 885 3028 777 885 3029 781 886 3030 780 886 3031 778 886 3032 787 887 3033 784 887 3034 783 887 3035 787 888 3036 786 888 3037 784 888 3038 793 889 3039 790 889 3040 789 889 3041 793 253 3042 792 253 3043 790 253 3044 795 890 3045 799 890 3046 794 890 3047 799 253 3048 798 253 3049 796 253 3050 809 891 3051 822 891 3052 801 891 3053 823 892 3054 820 892 3055 810 892 3056 815 893 3057 825 893 3058 803 893 3059 816 894 3060 826 894 3061 800 894 3062 819 895 3063 822 895 3064 800 895 3065 818 896 3066 823 896 3067 801 896 3068 820 897 3069 824 897 3070 802 897 3071 813 898 3072 824 898 3073 815 898 3074 821 899 3075 826 899 3076 803 899 3077 808 900 3078 805 900 3079 822 900 3080 823 901 3081 811 901 3082 820 901 3083 814 902 3084 807 902 3085 825 902 3086 817 903 3087 804 903 3088 826 903 3089 819 904 3090 804 904 3091 822 904 3092 818 905 3093 805 905 3094 823 905 3095 820 906 3096 806 906 3097 824 906 3098 824 907 3099 812 907 3100 825 907 3101 821 908 3102 807 908 3103 826 908 3104 289 909 3105 271 909 3106 828 909 3107 908 910 3108 909 910 3109 830 910 3110 828 911 3111 829 911 3112 834 911 3113 838 912 3114 842 912 3115 839 912 3116 844 913 3117 845 913 3118 840 913 3119 841 914 3120 845 914 3121 838 914 3122 845 253 3123 844 253 3124 842 253 3125 846 915 3126 847 915 3127 848 915 3128 848 916 3129 851 916 3130 846 916 3131 847 917 3132 852 917 3133 849 917 3134 854 918 3135 855 918 3136 856 918 3137 858 919 3138 859 919 3139 860 919 3140 860 920 3141 863 920 3142 858 920 3143 859 921 3144 864 921 3145 861 921 3146 866 922 3147 867 922 3148 868 922 3149 868 920 3150 871 920 3151 866 920 3152 867 923 3153 872 923 3154 869 923 3155 874 924 3156 875 924 3157 876 924 3158 876 925 3159 879 925 3160 874 925 3161 875 926 3162 880 926 3163 877 926 3164 882 927 3165 884 927 3166 883 927 3167 260 241 3168 887 637 3169 261 242 3170 254 233 3171 257 232 3172 889 640 3173 887 928 3174 891 928 3175 886 928 3176 262 245 3177 263 244 3178 894 643 3179 889 929 3180 888 929 3181 895 929 3182 255 237 3183 258 236 3184 898 646 3185 894 930 3186 892 930 3187 897 930 3188 898 931 3189 896 931 3190 903 931 3191 265 249 3192 264 248 3193 902 650 3194 902 932 3195 907 932 3196 901 932 3197 267 252 3198 266 251 3199 905 653 3200 904 933 3201 910 933 3202 905 933 3203 256 239 3204 259 238 3205 908 656 3206 997 934 3207 912 934 3208 913 934 3209 947 935 3210 936 936 3211 948 937 3212 938 938 3213 943 939 3214 939 940 3215 948 937 3216 937 941 3217 949 942 3218 946 943 3219 935 944 3220 947 935 3221 939 940 3222 944 945 3223 934 946 3224 966 947 3225 955 948 3226 967 949 3227 929 950 3228 918 951 3229 930 952 3230 921 953 3231 926 954 3232 916 955 3233 920 956 3234 925 957 3235 921 953 3236 930 952 3237 919 958 3238 931 959 3239 917 960 3240 922 961 3241 918 951 3242 918 951 3243 923 962 3244 919 958 3245 950 963 3246 939 940 3247 951 964 3248 949 942 3249 938 938 3250 950 963 3251 936 936 3252 941 965 3253 937 941 3254 935 944 3255 934 946 3256 940 966 3257 918 951 3258 919 958 3259 930 952 3260 925 957 3261 926 954 3262 921 953 3263 919 958 3264 920 956 3265 931 959 3266 917 960 3267 918 951 3268 929 950 3269 926 954 3270 927 967 3271 916 955 3272 943 939 3273 941 965 3274 940 966 3275 957 968 3276 962 969 3277 952 970 3278 925 957 3279 924 971 3280 923 962 3281 926 954 3282 922 961 3283 927 967 3284 967 949 3285 956 972 3286 968 973 3287 954 974 3288 959 975 3289 955 948 3290 926 954 3291 925 957 3292 922 961 3293 921 953 3294 916 955 3295 933 976 3296 920 956 3297 921 953 3298 932 977 3299 923 962 3300 924 971 3301 919 958 3302 916 955 3303 927 967 3304 922 961 3305 953 978 3306 954 974 3307 965 979 3308 955 948 3309 960 980 3310 961 981 3311 961 981 3312 959 975 3313 958 982 3314 961 981 3315 960 980 3316 959 975 3317 954 974 3318 955 948 3319 966 947 3320 952 970 3321 963 983 3322 958 982 3323 936 936 3324 937 941 3325 948 937 3326 944 945 3327 945 984 3328 934 946 3329 943 939 3330 944 945 3331 939 940 3332 937 941 3333 938 938 3334 949 942 3335 940 966 3336 941 965 3337 936 936 3338 941 965 3339 942 985 3340 937 941 3341 962 969 3342 961 981 3343 958 982 3344 955 948 3345 956 972 3346 967 949 3347 958 982 3348 959 975 3349 954 974 3350 956 972 3351 957 968 3352 968 973 3353 951 964 3354 934 946 3355 946 943 3356 964 986 3357 953 978 3358 965 979 3359 968 973 3360 957 968 3361 969 987 3362 935 944 3363 940 966 3364 936 936 3365 938 938 3366 937 941 3367 943 939 3368 969 987 3369 952 970 3370 964 986 3371 933 976 3372 916 955 3373 928 988 3374 920 956 3375 919 958 3376 925 957 3377 932 977 3378 921 953 3379 933 976 3380 928 988 3381 917 960 3382 929 950 3383 931 959 3384 920 956 3385 932 977 3386 917 960 3387 916 955 3388 922 961 3389 916 955 3390 917 960 3391 928 988 3392 943 939 3393 942 985 3394 941 965 3395 944 945 3396 943 939 3397 940 966 3398 922 961 3399 923 962 3400 918 951 3401 919 958 3402 924 971 3403 925 957 3404 944 945 3405 940 966 3406 945 984 3407 956 972 3408 955 948 3409 961 981 3410 956 972 3411 961 981 3412 957 968 3413 953 978 3414 958 982 3415 954 974 3416 965 979 3417 954 974 3418 966 947 3419 953 978 3420 952 970 3421 958 982 3422 925 957 3423 923 962 3424 922 961 3425 962 969 3426 958 982 3427 963 983 3428 962 969 3429 963 983 3430 952 970 3431 959 975 3432 960 980 3433 955 948 3434 957 968 3435 952 970 3436 969 987 3437 952 970 3438 953 978 3439 964 986 3440 961 981 3441 962 969 3442 957 968 3443 934 946 3444 935 944 3445 946 943 3446 937 941 3447 942 985 3448 943 939 3449 939 940 3450 934 946 3451 951 964 3452 935 944 3453 936 936 3454 947 935 3455 938 938 3456 939 940 3457 950 963 3458 934 946 3459 945 984 3460 940 966 3461 978 989 3462 971 989 3463 970 989 3464 978 990 3465 980 990 3466 972 990 3467 981 991 3468 973 991 3469 972 991 3470 979 992 3471 970 992 3472 973 992 3473 975 993 3474 978 993 3475 979 993 3476 976 994 3477 980 994 3478 978 994 3479 977 995 3480 981 995 3481 980 995 3482 974 996 3483 979 996 3484 981 996 3485 979 997 3486 978 997 3487 970 997 3488 971 998 3489 978 998 3490 972 998 3491 980 999 3492 981 999 3493 972 999 3494 981 1000 3495 979 1000 3496 973 1000 3497 974 1001 3498 975 1001 3499 979 1001 3500 975 1002 3501 976 1002 3502 978 1002 3503 976 1003 3504 977 1003 3505 980 1003 3506 977 1004 3507 974 1004 3508 981 1004 3509 985 1005 3510 983 1005 3511 984 1005 3512 989 799 3513 987 799 3514 988 799 3515 992 1006 3516 990 1006 3517 991 1006 3518 989 1007 3519 993 1007 3520 986 1007 3521 991 1008 3522 989 1008 3523 988 1008 3524 992 1009 3525 988 1009 3526 987 1009 3527 986 1010 3528 992 1010 3529 987 1010 3530 1000 1011 3531 999 1011 3532 998 1011 3533 1002 1012 3534 1001 1012 3535 995 1012 3536 1000 1013 3537 914 1014 3538 1003 1015 3539 1003 1015 3540 914 1014 3541 998 1016 3542 1027 1017 3543 1006 1017 3544 1005 1017 3545 1027 1018 3546 1029 1018 3547 1004 1018 3548 1026 1019 3549 1012 1019 3550 1011 1019 3551 1026 1020 3552 1024 1020 3553 1010 1020 3554 1018 1021 3555 1016 1021 3556 1017 1021 3557 1022 1022 3558 1020 1022 3559 1021 1022 3560 1014 1023 3561 1015 1023 3562 1026 1023 3563 1013 1024 3564 1024 1024 3565 1026 1024 3566 1008 1025 3567 1009 1025 3568 1027 1025 3569 1007 1026 3570 1029 1026 3571 1027 1026 3572 1033 1027 3573 1031 1027 3574 1030 1027 3575 1040 1028 3576 1038 1028 3577 1020 1028 3578 1035 1029 3579 1037 1029 3580 1019 1029 3581 1039 1030 3582 1041 1030 3583 1023 1030 3584 1036 1031 3585 1034 1031 3586 1016 1031 3587 996 1032 3588 997 1032 3589 913 1032 3590 997 1033 3591 994 1033 3592 912 1033 3593 914 1034 3594 1000 1034 3595 998 1034 3596 1003 1035 3597 1002 1035 3598 995 1035 3599 995 1036 3600 1000 1013 3601 1003 1015 3602 1002 1037 3603 1003 1015 3604 998 1016 3605 1028 1038 3606 1027 1038 3607 1005 1038 3608 1006 1039 3609 1027 1039 3610 1004 1039 3611 1025 1040 3612 1026 1040 3613 1011 1040 3614 1012 1041 3615 1026 1041 3616 1010 1041 3617 1019 1042 3618 1018 1042 3619 1017 1042 3620 1023 1043 3621 1022 1043 3622 1021 1043 3623 1025 1044 3624 1014 1044 3625 1026 1044 3626 1015 1045 3627 1013 1045 3628 1026 1045 3629 1028 1046 3630 1008 1046 3631 1027 1046 3632 1009 1047 3633 1007 1047 3634 1027 1047 3635 1032 1048 3636 1033 1048 3637 1030 1048 3638 1022 1049 3639 1040 1049 3640 1020 1049 3641 1017 1050 3642 1035 1050 3643 1019 1050 3644 1021 1051 3645 1039 1051 3646 1023 1051 3647 1018 1052 3648 1036 1052 3649 1016 1052 3650 913 1053 3651 1043 1053 3652 996 1053 3653 1049 1054 3654 1045 1054 3655 1044 1054 3656 1047 1055 3657 1049 1055 3658 1048 1055 3659 1048 1056 3660 1049 1056 3661 1044 1056 3662 1046 1057 3663 1047 1057 3664 1048 1057 3665 1055 1058 3666 1051 1058 3667 1050 1058 3668 1053 1059 3669 1055 1059 3670 1054 1059 3671 1054 1060 3672 1055 1060 3673 1050 1060 3674 1052 1061 3675 1053 1061 3676 1054 1061 3677 1061 1062 3678 1065 1062 3679 1060 1062 3680 1060 1063 3681 1065 1063 3682 1064 1063 3683 1059 1064 3684 1064 1064 3685 1063 1064 3686 1056 1065 3687 1057 1065 3688 1062 1065 3689 1058 1066 3690 1063 1066 3691 1062 1066 3692 1062 1067 3693 1065 1067 3694 1061 1067 3695 1062 1068 3696 1063 1068 3697 1065 1068 3698 1063 1069 3699 1064 1069 3700 1065 1069 3701 1057 1070 3702 1056 1070 3703 1060 1070 3704 1058 9 3705 1057 9 3706 1060 9 3707 1058 1071 3708 1060 1071 3709 1059 1071 3710 1071 1072 3711 1075 1072 3712 1070 1072 3713 1070 1073 3714 1075 1073 3715 1074 1073 3716 1069 1074 3717 1074 1074 3718 1073 1074 3719 1072 1075 3720 1071 1075 3721 1066 1075 3722 1068 1076 3723 1073 1076 3724 1072 1076 3725 1072 1077 3726 1075 1077 3727 1071 1077 3728 1072 17 3729 1073 17 3730 1075 17 3731 1073 1078 3732 1074 1078 3733 1075 1078 3734 1067 1079 3735 1066 1079 3736 1070 1079 3737 1068 20 3738 1067 20 3739 1070 20 3740 1068 21 3741 1070 21 3742 1069 21 3743 1081 1080 3744 1085 1080 3745 1080 1080 3746 1085 1081 3747 1084 1081 3748 1079 1081 3749 1079 1082 3750 1084 1082 3751 1083 1082 3752 1082 1083 3753 1081 1083 3754 1076 1083 3755 1078 1084 3756 1083 1084 3757 1082 1084 3758 1082 1085 3759 1085 1085 3760 1081 1085 3761 1082 1086 3762 1084 1086 3763 1085 1086 3764 1082 1087 3765 1083 1087 3766 1084 1087 3767 1077 1088 3768 1076 1088 3769 1080 1088 3770 1077 1089 3771 1080 1089 3772 1079 1089 3773 1078 1090 3774 1077 1090 3775 1079 1090 3776 1091 1091 3777 1095 1091 3778 1090 1091 3779 1095 1092 3780 1094 1092 3781 1089 1092 3782 1089 1093 3783 1094 1093 3784 1093 1093 3785 1092 1094 3786 1091 1094 3787 1086 1094 3788 1088 1095 3789 1093 1095 3790 1092 1095 3791 1092 1096 3792 1095 1096 3793 1091 1096 3794 1092 1097 3795 1094 1097 3796 1095 1097 3797 1092 1098 3798 1093 1098 3799 1094 1098 3800 1087 1099 3801 1086 1099 3802 1090 1099 3803 1087 1100 3804 1090 1100 3805 1089 1100 3806 1088 1101 3807 1087 1101 3808 1089 1101 3809 1101 1102 3810 1105 1102 3811 1100 1102 3812 1105 1103 3813 1104 1103 3814 1099 1103 3815 1104 1104 3816 1103 1104 3817 1098 1104 3818 1097 1105 3819 1102 1105 3820 1101 1105 3821 1098 1106 3822 1103 1106 3823 1102 1106 3824 1102 1107 3825 1105 1107 3826 1101 1107 3827 1102 1108 3828 1104 1108 3829 1105 1108 3830 1102 1109 3831 1103 1109 3832 1104 1109 3833 1097 1110 3834 1096 1110 3835 1100 1110 3836 1097 1111 3837 1100 1111 3838 1099 1111 3839 1098 1112 3840 1097 1112 3841 1099 1112 3842 1111 1113 3843 1115 1113 3844 1110 1113 3845 1115 1114 3846 1114 1114 3847 1109 1114 3848 1109 1115 3849 1114 1115 3850 1113 1115 3851 1112 1116 3852 1111 1116 3853 1106 1116 3854 1108 1117 3855 1113 1117 3856 1112 1117 3857 1112 1118 3858 1115 1118 3859 1111 1118 3860 1112 1119 3861 1114 1119 3862 1115 1119 3863 1112 1120 3864 1113 1120 3865 1114 1120 3866 1107 1121 3867 1106 1121 3868 1110 1121 3869 1107 1122 3870 1110 1122 3871 1109 1122 3872 1108 1123 3873 1107 1123 3874 1109 1123 3875 1121 1124 3876 1125 1124 3877 1120 1124 3878 1120 1125 3879 1125 1125 3880 1124 1125 3881 1119 1126 3882 1124 1126 3883 1123 1126 3884 1122 1127 3885 1121 1127 3886 1116 1127 3887 1123 1128 3888 1122 1128 3889 1117 1128 3890 1122 1129 3891 1125 1129 3892 1121 1129 3893 1122 1130 3894 1123 1130 3895 1125 1130 3896 1123 1131 3897 1124 1131 3898 1125 1131 3899 1117 1132 3900 1116 1132 3901 1120 1132 3902 1118 1133 3903 1117 1133 3904 1120 1133 3905 1118 1134 3906 1120 1134 3907 1119 1134 3908 1126 1135 3909 1131 1135 3910 1135 1135 3911 1135 1136 3912 1134 1136 3913 1129 1136 3914 1134 1137 3915 1133 1137 3916 1128 1137 3917 1127 1138 3918 1132 1138 3919 1131 1138 3920 1128 1139 3921 1133 1139 3922 1132 1139 3923 1134 1140 3924 1135 1140 3925 1131 1140 3926 1132 1141 3927 1134 1141 3928 1131 1141 3929 1132 1142 3930 1133 1142 3931 1134 1142 3932 1126 1143 3933 1130 1143 3934 1129 1143 3935 1127 1144 3936 1126 1144 3937 1129 1144 3938 1128 1145 3939 1127 1145 3940 1129 1145 3941 1141 1146 3942 1145 1146 3943 1140 1146 3944 1140 1147 3945 1145 1147 3946 1144 1147 3947 1139 1148 3948 1144 1148 3949 1143 1148 3950 1142 1149 3951 1141 1149 3952 1136 1149 3953 1138 1150 3954 1143 1150 3955 1142 1150 3956 1142 1151 3957 1145 1151 3958 1141 1151 3959 1142 182 3960 1143 182 3961 1145 182 3962 1143 1152 3963 1144 1152 3964 1145 1152 3965 1137 1153 3966 1136 1153 3967 1140 1153 3968 1138 1154 3969 1137 1154 3970 1140 1154 3971 1138 1155 3972 1140 1155 3973 1139 1155 3974 1151 1156 3975 1147 1156 3976 1146 1156 3977 1152 274 3978 1148 274 3979 1147 274 3980 1153 1157 3981 1149 1157 3982 1148 1157 3983 1150 1158 3984 1146 1158 3985 1149 1158 3986 1147 1159 3987 1148 1159 3988 1149 1159 3989 1163 1160 3990 1162 1160 3991 1155 1160 3992 1164 1161 3993 1156 1161 3994 1155 1161 3995 1165 1162 3996 1157 1162 3997 1156 1162 3998 1163 1163 3999 1154 1163 4000 1157 1163 4001 1159 1164 4002 1162 1164 4003 1163 1164 4004 1160 1165 4005 1164 1165 4006 1162 1165 4007 1160 1166 4008 1161 1166 4009 1165 1166 4010 1158 1167 4011 1163 1167 4012 1165 1167 4013 1167 1168 4014 1169 1168 4015 1168 1168 4016 1171 1169 4017 1173 1169 4018 1166 1169 4019 1172 1170 4020 1170 1170 4021 1169 1170 4022 1174 1171 4023 1175 1171 4024 1177 1171 4025 1179 1172 4026 1181 1172 4027 1174 1172 4028 1180 1173 4029 1178 1173 4030 1177 1173 4031 1182 1174 4032 1183 1174 4033 1185 1174 4034 1187 1175 4035 1189 1175 4036 1182 1175 4037 1188 1176 4038 1186 1176 4039 1185 1176 4040 1191 1177 4041 1193 1177 4042 1192 1177 4043 1195 1178 4044 1197 1178 4045 1190 1178 4046 1196 1179 4047 1194 1179 4048 1193 1179 4049 1199 1180 4050 1200 1180 4051 1201 1180 4052 1205 1181 4053 1202 1182 4054 1198 1183 4055 1198 1183 4056 1202 1182 4057 1203 1184 4058 1203 1184 4059 1204 1185 4060 1200 1186 4061 1204 1185 4062 1205 1181 4063 1201 1187 4064 1207 1188 4065 1209 1188 4066 1208 1188 4067 1211 1189 4068 1213 1189 4069 1206 1189 4070 1212 1190 4071 1210 1190 4072 1209 1190 4073 1215 1191 4074 1217 1191 4075 1216 1191 4076 1219 1192 4077 1221 1192 4078 1220 1192 4079 1223 1193 4080 1225 1193 4081 1224 1193 4082 1227 1194 4083 1229 1194 4084 1228 1194 4085 1231 1195 4086 1233 1195 4087 1232 1195 4088 1235 382 4089 1237 382 4090 1230 382 4091 1236 1196 4092 1234 1196 4093 1233 1196 4094 1238 1197 4095 1239 1197 4096 1241 1197 4097 1243 1198 4098 1245 1198 4099 1238 1198 4100 1244 1199 4101 1242 1199 4102 1241 1199 4103 1246 387 4104 1247 387 4105 1249 387 4106 1251 1200 4107 1253 1200 4108 1246 1200 4109 1252 1201 4110 1250 1201 4111 1249 1201 4112 1255 1202 4113 1257 1202 4114 1256 1202 4115 1259 853 4116 1261 853 4117 1254 853 4118 1260 854 4119 1258 854 4120 1257 854 4121 1263 1203 4122 1265 1203 4123 1264 1203 4124 1267 394 4125 1269 394 4126 1262 394 4127 1268 857 4128 1266 857 4129 1265 857 4130 1271 1204 4131 1273 1204 4132 1272 1204 4133 1275 1205 4134 1277 1205 4135 1276 1205 4136 1286 1206 4137 1279 1206 4138 1278 1206 4139 1288 1207 4140 1280 1207 4141 1279 1207 4142 1288 1208 4143 1289 1208 4144 1281 1208 4145 1287 1209 4146 1278 1209 4147 1281 1209 4148 1282 1210 4149 1283 1210 4150 1286 1210 4151 1283 1211 4152 1284 1211 4153 1288 1211 4154 1285 1212 4155 1289 1212 4156 1288 1212 4157 1282 1213 4158 1287 1213 4159 1289 1213 4160 1291 459 4161 1293 459 4162 1292 459 4163 1295 1214 4164 1297 1214 4165 1296 1214 4166 1299 461 4167 1301 461 4168 1294 461 4169 1300 1215 4170 1298 1215 4171 1297 1215 4172 1303 463 4173 1305 463 4174 1304 463 4175 1307 1216 4176 1309 1216 4177 1308 1216 4178 1311 465 4179 1313 465 4180 1306 465 4181 1312 1217 4182 1310 1217 4183 1309 1217 4184 1315 1218 4185 1317 1218 4186 1316 1218 4187 1319 468 4188 1321 468 4189 1314 468 4190 1320 1219 4191 1318 1219 4192 1317 1219 4193 1323 1220 4194 1325 1220 4195 1324 1220 4196 1327 1221 4197 1329 1221 4198 1328 1221 4199 1331 1222 4200 1333 1222 4201 1326 1222 4202 1332 1223 4203 1330 1223 4204 1329 1223 4205 1203 1224 4206 1202 1224 4207 1205 1224 4208 1335 1225 4209 1337 1225 4210 1336 1225 4211 1339 1226 4212 1341 1226 4213 1340 1226 4214 1343 1227 4215 1345 1227 4216 1344 1227 4217 1347 1228 4218 1349 1228 4219 1342 1228 4220 1348 1229 4221 1346 1229 4222 1345 1229 4223 1351 1230 4224 1353 1230 4225 1352 1230 4226 1355 1231 4227 1357 1231 4228 1356 1231 4229 1359 1232 4230 1361 1232 4231 1354 1232 4232 1360 1233 4233 1358 1233 4234 1357 1233 4235 1363 1227 4236 1365 1227 4237 1364 1227 4238 1367 1234 4239 1369 1234 4240 1362 1234 4241 1368 1235 4242 1366 1235 4243 1365 1235 4244 1371 1236 4245 1373 1236 4246 1372 1236 4247 1375 1237 4248 1377 1237 4249 1370 1237 4250 1376 926 4251 1374 926 4252 1373 926 4253 1379 1238 4254 1381 1238 4255 1380 1238 4256 1056 658 4257 1061 658 4258 1060 658 4259 1059 1239 4260 1060 1239 4261 1064 1239 4262 1058 1240 4263 1059 1240 4264 1063 1240 4265 1061 1241 4266 1056 1241 4267 1062 1241 4268 1057 1242 4269 1058 1242 4270 1062 1242 4271 1066 1243 4272 1071 1243 4273 1070 1243 4274 1069 664 4275 1070 664 4276 1074 664 4277 1068 665 4278 1069 665 4279 1073 665 4280 1067 1244 4281 1072 1244 4282 1066 1244 4283 1067 667 4284 1068 667 4285 1072 667 4286 1076 1245 4287 1081 1245 4288 1080 1245 4289 1080 1246 4290 1085 1246 4291 1079 1246 4292 1078 1247 4293 1079 1247 4294 1083 1247 4295 1077 1248 4296 1082 1248 4297 1076 1248 4298 1077 1249 4299 1078 1249 4300 1082 1249 4301 1086 1250 4302 1091 1250 4303 1090 1250 4304 1090 1251 4305 1095 1251 4306 1089 1251 4307 1088 675 4308 1089 675 4309 1093 675 4310 1087 1252 4311 1092 1252 4312 1086 1252 4313 1087 1253 4314 1088 1253 4315 1092 1253 4316 1096 1254 4317 1101 1254 4318 1100 1254 4319 1100 1255 4320 1105 1255 4321 1099 1255 4322 1099 1256 4323 1104 1256 4324 1098 1256 4325 1096 1257 4326 1097 1257 4327 1101 1257 4328 1097 1258 4329 1098 1258 4330 1102 1258 4331 1106 1259 4332 1111 1259 4333 1110 1259 4334 1110 1260 4335 1115 1260 4336 1109 1260 4337 1108 1261 4338 1109 1261 4339 1113 1261 4340 1107 1262 4341 1112 1262 4342 1106 1262 4343 1107 1263 4344 1108 1263 4345 1112 1263 4346 1116 1264 4347 1121 1264 4348 1120 1264 4349 1119 1265 4350 1120 1265 4351 1124 1265 4352 1118 1266 4353 1119 1266 4354 1123 1266 4355 1117 1267 4356 1122 1267 4357 1116 1267 4358 1118 1268 4359 1123 1268 4360 1117 1268 4361 1130 1269 4362 1126 1269 4363 1135 1269 4364 1130 1270 4365 1135 1270 4366 1129 1270 4367 1129 1271 4368 1134 1271 4369 1128 1271 4370 1126 1272 4371 1127 1272 4372 1131 1272 4373 1127 1273 4374 1128 1273 4375 1132 1273 4376 1136 1274 4377 1141 1274 4378 1140 1274 4379 1139 1275 4380 1140 1275 4381 1144 1275 4382 1138 1276 4383 1139 1276 4384 1143 1276 4385 1137 1277 4386 1142 1277 4387 1136 1277 4388 1137 1278 4389 1138 1278 4390 1142 1278 4391 1150 1279 4392 1151 1279 4393 1146 1279 4394 1151 796 4395 1152 796 4396 1147 796 4397 1152 1280 4398 1153 1280 4399 1148 1280 4400 1153 1281 4401 1150 1281 4402 1149 1281 4403 1146 1282 4404 1147 1282 4405 1149 1282 4406 1154 1283 4407 1163 1283 4408 1155 1283 4409 1162 1284 4410 1164 1284 4411 1155 1284 4412 1164 1285 4413 1165 1285 4414 1156 1285 4415 1165 1286 4416 1163 1286 4417 1157 1286 4418 1158 1287 4419 1159 1287 4420 1163 1287 4421 1159 1288 4422 1160 1288 4423 1162 1288 4424 1164 1289 4425 1160 1289 4426 1165 1289 4427 1161 1290 4428 1158 1290 4429 1165 1290 4430 1166 1291 4431 1167 1291 4432 1168 1291 4433 1168 1292 4434 1171 1292 4435 1166 1292 4436 1167 1170 4437 1172 1170 4438 1169 1170 4439 1176 1293 4440 1174 1293 4441 1177 1293 4442 1176 1294 4443 1179 1294 4444 1174 1294 4445 1175 1295 4446 1180 1295 4447 1177 1295 4448 1184 1296 4449 1182 1296 4450 1185 1296 4451 1184 1297 4452 1187 1297 4453 1182 1297 4454 1183 1298 4455 1188 1298 4456 1185 1298 4457 1190 1299 4458 1191 1299 4459 1192 1299 4460 1192 1300 4461 1195 1300 4462 1190 1300 4463 1191 1170 4464 1196 1170 4465 1193 1170 4466 1198 799 4467 1199 799 4468 1201 799 4469 1201 1187 4470 1205 1181 4471 1198 1183 4472 1199 1301 4473 1198 1183 4474 1203 1184 4475 1199 1301 4476 1203 1184 4477 1200 1186 4478 1200 1186 4479 1204 1185 4480 1201 1187 4481 1206 1302 4482 1207 1302 4483 1208 1302 4484 1208 1189 4485 1211 1189 4486 1206 1189 4487 1207 1170 4488 1212 1170 4489 1209 1170 4490 1214 1303 4491 1215 1303 4492 1216 1303 4493 1218 1304 4494 1219 1304 4495 1220 1304 4496 1222 1305 4497 1223 1305 4498 1224 1305 4499 1226 1191 4500 1227 1191 4501 1228 1191 4502 1230 852 4503 1231 852 4504 1232 852 4505 1232 1306 4506 1235 1306 4507 1230 1306 4508 1231 1196 4509 1236 1196 4510 1233 1196 4511 1240 1307 4512 1238 1307 4513 1241 1307 4514 1240 1308 4515 1243 1308 4516 1238 1308 4517 1239 1309 4518 1244 1309 4519 1241 1309 4520 1248 1310 4521 1246 1310 4522 1249 1310 4523 1248 1198 4524 1251 1198 4525 1246 1198 4526 1247 1201 4527 1252 1201 4528 1249 1201 4529 1254 1311 4530 1255 1311 4531 1256 1311 4532 1256 1312 4533 1259 1312 4534 1254 1312 4535 1255 392 4536 1260 392 4537 1257 392 4538 1262 1313 4539 1263 1313 4540 1264 1313 4541 1264 856 4542 1267 856 4543 1262 856 4544 1263 857 4545 1268 857 4546 1265 857 4547 1270 1314 4548 1271 1314 4549 1272 1314 4550 1274 858 4551 1275 858 4552 1276 858 4553 1287 1315 4554 1286 1315 4555 1278 1315 4556 1286 1316 4557 1288 1316 4558 1279 1316 4559 1280 861 4560 1288 861 4561 1281 861 4562 1289 862 4563 1287 862 4564 1281 862 4565 1287 1317 4566 1282 1317 4567 1286 1317 4568 1286 1318 4569 1283 1318 4570 1288 1318 4571 1284 1319 4572 1285 1319 4573 1288 1319 4574 1285 1320 4575 1282 1320 4576 1289 1320 4577 1290 459 4578 1291 459 4579 1292 459 4580 1294 1321 4581 1295 1321 4582 1296 1321 4583 1296 1322 4584 1299 1322 4585 1294 1322 4586 1295 1215 4587 1300 1215 4588 1297 1215 4589 1302 463 4590 1303 463 4591 1304 463 4592 1306 1323 4593 1307 1323 4594 1308 1323 4595 1308 1324 4596 1311 1324 4597 1306 1324 4598 1307 1325 4599 1312 1325 4600 1309 1325 4601 1314 1218 4602 1315 1218 4603 1316 1218 4604 1316 1326 4605 1319 1326 4606 1314 1326 4607 1315 1327 4608 1320 1327 4609 1317 1327 4610 1322 1328 4611 1323 1328 4612 1324 1328 4613 1326 1329 4614 1327 1329 4615 1328 1329 4616 1328 1330 4617 1331 1330 4618 1326 1330 4619 1327 1331 4620 1332 1331 4621 1329 1331 4622 1204 253 4623 1203 253 4624 1205 253 4625 1334 1332 4626 1335 1332 4627 1336 1332 4628 1338 1333 4629 1339 1333 4630 1340 1333 4631 1342 1334 4632 1343 1334 4633 1344 1334 4634 1344 1335 4635 1347 1335 4636 1342 1335 4637 1343 1336 4638 1348 1336 4639 1345 1336 4640 1350 1337 4641 1351 1337 4642 1352 1337 4643 1354 1231 4644 1355 1231 4645 1356 1231 4646 1356 1338 4647 1359 1338 4648 1354 1338 4649 1355 1339 4650 1360 1339 4651 1357 1339 4652 1362 1227 4653 1363 1227 4654 1364 1227 4655 1364 1340 4656 1367 1340 4657 1362 1340 4658 1363 1341 4659 1368 1341 4660 1365 1341 4661 1370 1236 4662 1371 1236 4663 1372 1236 4664 1372 1338 4665 1375 1338 4666 1370 1338 4667 1371 1339 4668 1376 1339 4669 1373 1339 4670 1378 1342 4671 1379 1342 4672 1380 1342 4673 1387 1343 4674 1391 1343 4675 1386 1343 4676 1386 1344 4677 1391 1344 4678 1390 1344 4679 1385 1345 4680 1390 1345 4681 1389 1345 4682 1388 1346 4683 1387 1346 4684 1382 1346 4685 1384 1347 4686 1389 1347 4687 1388 1347 4688 1388 1348 4689 1391 1348 4690 1387 1348 4691 1388 1349 4692 1389 1349 4693 1391 1349 4694 1389 1350 4695 1390 1350 4696 1391 1350 4697 1383 1351 4698 1382 1351 4699 1386 1351 4700 1384 1352 4701 1383 1352 4702 1386 1352 4703 1384 1353 4704 1386 1353 4705 1385 1353 4706 1397 1354 4707 1401 1354 4708 1396 1354 4709 1396 1355 4710 1401 1355 4711 1400 1355 4712 1395 1356 4713 1400 1356 4714 1399 1356 4715 1398 1357 4716 1397 1357 4717 1392 1357 4718 1394 1358 4719 1399 1358 4720 1398 1358 4721 1398 1359 4722 1401 1359 4723 1397 1359 4724 1398 1360 4725 1399 1360 4726 1401 1360 4727 1399 1361 4728 1400 1361 4729 1401 1361 4730 1393 1362 4731 1392 1362 4732 1396 1362 4733 1394 1363 4734 1393 1363 4735 1396 1363 4736 1394 1364 4737 1396 1364 4738 1395 1364 4739 1407 1365 4740 1411 1365 4741 1406 1365 4742 1411 1366 4743 1410 1366 4744 1405 1366 4745 1405 1367 4746 1410 1367 4747 1409 1367 4748 1408 1368 4749 1407 1368 4750 1402 1368 4751 1404 1369 4752 1409 1369 4753 1408 1369 4754 1408 1370 4755 1411 1370 4756 1407 1370 4757 1408 1371 4758 1410 1371 4759 1411 1371 4760 1408 1372 4761 1409 1372 4762 1410 1372 4763 1403 1373 4764 1402 1373 4765 1406 1373 4766 1403 1374 4767 1406 1374 4768 1405 1374 4769 1404 1375 4770 1403 1375 4771 1405 1375 4772 1417 1376 4773 1421 1376 4774 1416 1376 4775 1421 1377 4776 1420 1377 4777 1415 1377 4778 1415 1378 4779 1420 1378 4780 1419 1378 4781 1418 1379 4782 1417 1379 4783 1412 1379 4784 1414 1380 4785 1419 1380 4786 1418 1380 4787 1418 1381 4788 1421 1381 4789 1417 1381 4790 1418 1382 4791 1420 1382 4792 1421 1382 4793 1418 1383 4794 1419 1383 4795 1420 1383 4796 1413 1384 4797 1412 1384 4798 1416 1384 4799 1413 1385 4800 1416 1385 4801 1415 1385 4802 1414 1386 4803 1413 1386 4804 1415 1386 4805 1427 1387 4806 1431 1387 4807 1426 1387 4808 1431 1388 4809 1430 1388 4810 1425 1388 4811 1430 1389 4812 1429 1389 4813 1424 1389 4814 1423 1390 4815 1428 1390 4816 1427 1390 4817 1424 1391 4818 1429 1391 4819 1428 1391 4820 1428 1392 4821 1431 1392 4822 1427 1392 4823 1428 1393 4824 1430 1393 4825 1431 1393 4826 1428 1394 4827 1429 1394 4828 1430 1394 4829 1423 1395 4830 1422 1395 4831 1426 1395 4832 1423 1396 4833 1426 1396 4834 1425 1396 4835 1424 1397 4836 1423 1397 4837 1425 1397 4838 1437 1398 4839 1441 1398 4840 1436 1398 4841 1441 1399 4842 1440 1399 4843 1435 1399 4844 1435 1400 4845 1440 1400 4846 1439 1400 4847 1433 1401 4848 1438 1401 4849 1437 1401 4850 1434 1402 4851 1439 1402 4852 1438 1402 4853 1438 1403 4854 1441 1403 4855 1437 1403 4856 1438 1404 4857 1440 1404 4858 1441 1404 4859 1438 1405 4860 1439 1405 4861 1440 1405 4862 1433 1406 4863 1432 1406 4864 1436 1406 4865 1433 1407 4866 1436 1407 4867 1435 1407 4868 1434 1408 4869 1433 1408 4870 1435 1408 4871 1447 1409 4872 1451 1409 4873 1446 1409 4874 1446 1410 4875 1451 1410 4876 1450 1410 4877 1445 1411 4878 1450 1411 4879 1449 1411 4880 1448 1412 4881 1447 1412 4882 1442 1412 4883 1449 1413 4884 1448 1413 4885 1443 1413 4886 1448 1414 4887 1451 1414 4888 1447 1414 4889 1448 1415 4890 1449 1415 4891 1451 1415 4892 1449 1416 4893 1450 1416 4894 1451 1416 4895 1443 1417 4896 1442 1417 4897 1446 1417 4898 1444 1418 4899 1443 1418 4900 1446 1418 4901 1444 1419 4902 1446 1419 4903 1445 1419 4904 1452 1420 4905 1457 1420 4906 1461 1420 4907 1461 1421 4908 1460 1421 4909 1455 1421 4910 1460 1422 4911 1459 1422 4912 1454 1422 4913 1453 1423 4914 1458 1423 4915 1457 1423 4916 1454 1424 4917 1459 1424 4918 1458 1424 4919 1460 1425 4920 1461 1425 4921 1457 1425 4922 1458 1426 4923 1460 1426 4924 1457 1426 4925 1458 1427 4926 1459 1427 4927 1460 1427 4928 1452 1428 4929 1456 1428 4930 1455 1428 4931 1453 1429 4932 1452 1429 4933 1455 1429 4934 1454 1430 4935 1453 1430 4936 1455 1430 4937 1467 1431 4938 1471 1431 4939 1466 1431 4940 1466 1432 4941 1471 1432 4942 1470 1432 4943 1465 1433 4944 1470 1433 4945 1469 1433 4946 1468 1434 4947 1467 1434 4948 1462 1434 4949 1464 1435 4950 1469 1435 4951 1468 1435 4952 1468 1436 4953 1471 1436 4954 1467 1436 4955 1468 1437 4956 1469 1437 4957 1471 1437 4958 1469 1438 4959 1470 1438 4960 1471 1438 4961 1463 1439 4962 1462 1439 4963 1466 1439 4964 1464 1440 4965 1463 1440 4966 1466 1440 4967 1464 1441 4968 1466 1441 4969 1465 1441 4970 1472 1442 4971 1477 1442 4972 1481 1442 4973 1481 1443 4974 1480 1443 4975 1475 1443 4976 1480 1444 4977 1479 1444 4978 1474 1444 4979 1473 1445 4980 1478 1445 4981 1477 1445 4982 1479 1446 4983 1478 1446 4984 1473 1446 4985 1473 1447 4986 1472 1447 4987 1476 1447 4988 1474 1448 4989 1473 1448 4990 1476 1448 4991 1474 1449 4992 1476 1449 4993 1475 1449 4994 1487 1450 4995 1483 1450 4996 1482 1450 4997 1488 1451 4998 1484 1451 4999 1483 1451 5000 1489 1452 5001 1485 1452 5002 1484 1452 5003 1486 1453 5004 1482 1453 5005 1485 1453 5006 1495 1454 5007 1491 1454 5008 1490 1454 5009 1496 1455 5010 1492 1455 5011 1491 1455 5012 1497 1456 5013 1493 1456 5014 1492 1456 5015 1494 1457 5016 1490 1457 5017 1493 1457 5018 999 1458 5019 1002 1037 5020 998 1016 5021 1506 1459 5022 1505 1460 5023 1510 1461 5024 1508 1462 5025 1507 1463 5026 1512 1464 5027 1515 1465 5028 1504 1466 5029 1509 1467 5030 1505 1460 5031 1504 1466 5032 1515 1465 5033 1512 1464 5034 1507 1463 5035 1506 1459 5036 1509 1467 5037 1508 1462 5038 1513 1468 5039 1511 1469 5040 1510 1461 5041 1499 1470 5042 1513 1468 5043 1512 1464 5044 1501 1471 5045 1515 1465 5046 1514 1472 5047 1503 1473 5048 1510 1461 5049 1515 1465 5050 1498 1474 5051 1512 1464 5052 1511 1469 5053 1500 1475 5054 1514 1472 5055 1513 1468 5056 1502 1476 5057 1505 1460 5058 1509 1467 5059 1504 1466 5060 1505 1460 5061 1506 1459 5062 1509 1467 5063 1506 1459 5064 1508 1462 5065 1509 1467 5066 1506 1459 5067 1507 1463 5068 1508 1462 5069 1524 1477 5070 1523 1478 5071 1528 1479 5072 1526 1480 5073 1525 1481 5074 1530 1482 5075 1533 1483 5076 1522 1484 5077 1527 1485 5078 1523 1478 5079 1522 1484 5080 1533 1483 5081 1530 1482 5082 1525 1481 5083 1524 1477 5084 1527 1485 5085 1526 1480 5086 1531 1486 5087 1529 1487 5088 1528 1479 5089 1517 1488 5090 1531 1486 5091 1530 1482 5092 1519 1489 5093 1533 1483 5094 1532 1490 5095 1521 1491 5096 1528 1479 5097 1533 1483 5098 1516 1492 5099 1530 1482 5100 1529 1487 5101 1518 1493 5102 1532 1490 5103 1531 1486 5104 1520 1494 5105 1523 1478 5106 1527 1485 5107 1522 1484 5108 1523 1478 5109 1524 1477 5110 1527 1485 5111 1524 1477 5112 1526 1480 5113 1527 1485 5114 1524 1477 5115 1525 1481 5116 1526 1480 5117 1542 1495 5118 1541 1496 5119 1546 1497 5120 1544 1498 5121 1543 1499 5122 1548 1500 5123 1551 1501 5124 1540 1502 5125 1545 1503 5126 1541 1496 5127 1540 1502 5128 1551 1501 5129 1548 1500 5130 1543 1499 5131 1542 1495 5132 1545 1503 5133 1544 1498 5134 1549 1504 5135 1547 1505 5136 1546 1497 5137 1535 1506 5138 1549 1504 5139 1548 1500 5140 1537 1507 5141 1551 1501 5142 1550 1508 5143 1539 1509 5144 1546 1497 5145 1551 1501 5146 1534 1510 5147 1548 1500 5148 1547 1505 5149 1536 1511 5150 1550 1508 5151 1549 1504 5152 1538 1512 5153 1541 1496 5154 1545 1503 5155 1540 1502 5156 1541 1496 5157 1542 1495 5158 1545 1503 5159 1542 1495 5160 1544 1498 5161 1545 1503 5162 1542 1495 5163 1543 1499 5164 1544 1498 5165 1561 1513 5166 1560 1513 5167 1553 1513 5168 1562 1514 5169 1554 1514 5170 1553 1514 5171 1563 1515 5172 1555 1515 5173 1554 1515 5174 1561 1516 5175 1552 1516 5176 1555 1516 5177 1557 1517 5178 1560 1517 5179 1561 1517 5180 1558 1518 5181 1562 1518 5182 1560 1518 5183 1558 1519 5184 1559 1519 5185 1563 1519 5186 1556 1520 5187 1561 1520 5188 1563 1520 5189 1572 1521 5190 1565 1521 5191 1564 1521 5192 1572 1522 5193 1574 1522 5194 1566 1522 5195 1575 1523 5196 1567 1523 5197 1566 1523 5198 1573 1524 5199 1564 1524 5200 1567 1524 5201 1569 1525 5202 1572 1525 5203 1573 1525 5204 1570 1526 5205 1574 1526 5206 1572 1526 5207 1571 1527 5208 1575 1527 5209 1574 1527 5210 1568 1528 5211 1573 1528 5212 1575 1528 5213 1584 1529 5214 1583 1530 5215 1588 1531 5216 1586 1532 5217 1585 1533 5218 1590 1534 5219 1593 1535 5220 1582 1536 5221 1587 1537 5222 1583 1530 5223 1582 1536 5224 1593 1535 5225 1590 1534 5226 1585 1533 5227 1584 1529 5228 1587 1537 5229 1586 1532 5230 1591 1538 5231 1589 1539 5232 1588 1531 5233 1577 1540 5234 1591 1538 5235 1590 1534 5236 1579 1541 5237 1593 1535 5238 1592 1542 5239 1581 1543 5240 1588 1531 5241 1593 1535 5242 1576 1544 5243 1590 1534 5244 1589 1539 5245 1578 1545 5246 1592 1542 5247 1591 1538 5248 1580 1546 5249 1584 1529 5250 1585 1533 5251 1586 1532 5252 1584 1529 5253 1586 1532 5254 1587 1537 5255 1583 1530 5256 1584 1529 5257 1587 1537 5258 1583 1530 5259 1587 1537 5260 1582 1536 5261 1602 1547 5262 1601 1548 5263 1606 1549 5264 1604 1550 5265 1603 1551 5266 1608 1552 5267 1611 1553 5268 1600 1554 5269 1605 1555 5270 1601 1548 5271 1600 1554 5272 1611 1553 5273 1608 1552 5274 1603 1551 5275 1602 1547 5276 1605 1555 5277 1604 1550 5278 1609 1556 5279 1607 1557 5280 1606 1549 5281 1595 1558 5282 1609 1556 5283 1608 1552 5284 1597 1559 5285 1611 1553 5286 1610 1560 5287 1599 1561 5288 1606 1549 5289 1611 1553 5290 1594 1562 5291 1608 1552 5292 1607 1557 5293 1596 1563 5294 1610 1560 5295 1609 1556 5296 1598 1564 5297 1602 1547 5298 1603 1551 5299 1604 1550 5300 1602 1547 5301 1604 1550 5302 1605 1555 5303 1601 1548 5304 1602 1547 5305 1605 1555 5306 1601 1548 5307 1605 1555 5308 1600 1554 5309 1620 1565 5310 1619 1566 5311 1624 1567 5312 1622 1568 5313 1621 1569 5314 1626 1570 5315 1629 1571 5316 1618 1572 5317 1623 1573 5318 1619 1566 5319 1618 1572 5320 1629 1571 5321 1626 1570 5322 1621 1569 5323 1620 1565 5324 1623 1573 5325 1622 1568 5326 1627 1574 5327 1625 1575 5328 1624 1567 5329 1613 1576 5330 1627 1574 5331 1626 1570 5332 1615 1577 5333 1629 1571 5334 1628 1578 5335 1617 1579 5336 1624 1567 5337 1629 1571 5338 1612 1580 5339 1626 1570 5340 1625 1575 5341 1614 1581 5342 1628 1578 5343 1627 1574 5344 1616 1582 5345 1620 1565 5346 1621 1569 5347 1622 1568 5348 1620 1565 5349 1622 1568 5350 1623 1573 5351 1619 1566 5352 1620 1565 5353 1623 1573 5354 1619 1566 5355 1623 1573 5356 1618 1572 5357 1643 1583 5358 1638 1584 5359 1637 1585 5360 1640 1586 5361 1639 1587 5362 1644 1588 5363 1647 1589 5364 1636 1590 5365 1641 1591 5366 1637 1585 5367 1636 1590 5368 1647 1589 5369 1644 1588 5370 1639 1587 5371 1638 1584 5372 1641 1591 5373 1640 1586 5374 1645 1592 5375 1643 1583 5376 1642 1593 5377 1631 1594 5378 1645 1592 5379 1644 1588 5380 1633 1595 5381 1647 1589 5382 1646 1596 5383 1635 1597 5384 1642 1593 5385 1647 1589 5386 1630 1598 5387 1644 1588 5388 1643 1583 5389 1632 1599 5390 1646 1596 5391 1645 1592 5392 1634 1600 5393 1637 1585 5394 1641 1591 5395 1636 1590 5396 1637 1585 5397 1638 1584 5398 1641 1591 5399 1638 1584 5400 1640 1586 5401 1641 1591 5402 1638 1584 5403 1639 1587 5404 1640 1586 5405 1661 1601 5406 1656 1602 5407 1655 1603 5408 1658 1604 5409 1657 1605 5410 1662 1606 5411 1665 1607 5412 1654 1608 5413 1659 1609 5414 1655 1603 5415 1654 1608 5416 1665 1607 5417 1662 1606 5418 1657 1605 5419 1656 1602 5420 1659 1609 5421 1658 1604 5422 1663 1610 5423 1661 1601 5424 1660 1611 5425 1649 1612 5426 1663 1610 5427 1662 1606 5428 1651 1613 5429 1665 1607 5430 1664 1614 5431 1653 1615 5432 1660 1611 5433 1665 1607 5434 1648 1616 5435 1662 1606 5436 1661 1601 5437 1650 1617 5438 1664 1614 5439 1663 1610 5440 1652 1618 5441 1655 1603 5442 1659 1609 5443 1654 1608 5444 1655 1603 5445 1656 1602 5446 1659 1609 5447 1656 1602 5448 1658 1604 5449 1659 1609 5450 1656 1602 5451 1657 1605 5452 1658 1604 5453 1679 1619 5454 1674 1620 5455 1673 1621 5456 1676 1622 5457 1675 1623 5458 1680 1624 5459 1683 1625 5460 1672 1626 5461 1677 1627 5462 1673 1621 5463 1672 1626 5464 1683 1625 5465 1680 1624 5466 1675 1623 5467 1674 1620 5468 1677 1627 5469 1676 1622 5470 1681 1628 5471 1679 1619 5472 1678 1629 5473 1667 1630 5474 1681 1628 5475 1680 1624 5476 1669 1631 5477 1683 1625 5478 1682 1632 5479 1671 1633 5480 1678 1629 5481 1683 1625 5482 1666 1634 5483 1680 1624 5484 1679 1619 5485 1668 1635 5486 1682 1632 5487 1681 1628 5488 1670 1636 5489 1673 1621 5490 1677 1627 5491 1672 1626 5492 1673 1621 5493 1674 1620 5494 1677 1627 5495 1674 1620 5496 1676 1622 5497 1677 1627 5498 1674 1620 5499 1675 1623 5500 1676 1622 5501 1697 1637 5502 1692 1638 5503 1691 1639 5504 1694 1640 5505 1693 1641 5506 1698 1642 5507 1701 1643 5508 1690 1644 5509 1695 1645 5510 1691 1639 5511 1690 1644 5512 1701 1643 5513 1698 1642 5514 1693 1641 5515 1692 1638 5516 1695 1645 5517 1694 1640 5518 1699 1646 5519 1697 1637 5520 1696 1647 5521 1685 1648 5522 1699 1646 5523 1698 1642 5524 1687 1649 5525 1701 1643 5526 1700 1650 5527 1689 1651 5528 1696 1647 5529 1701 1643 5530 1684 1652 5531 1698 1642 5532 1697 1637 5533 1686 1653 5534 1700 1650 5535 1699 1646 5536 1688 1654 5537 1691 1639 5538 1695 1645 5539 1690 1644 5540 1691 1639 5541 1692 1638 5542 1695 1645 5543 1692 1638 5544 1694 1640 5545 1695 1645 5546 1692 1638 5547 1693 1641 5548 1694 1640 5549 1715 1655 5550 1710 1656 5551 1709 1657 5552 1712 1658 5553 1711 1659 5554 1716 1660 5555 1719 1661 5556 1708 1662 5557 1713 1663 5558 1709 1657 5559 1708 1662 5560 1719 1661 5561 1716 1660 5562 1711 1659 5563 1710 1656 5564 1713 1663 5565 1712 1658 5566 1717 1664 5567 1715 1655 5568 1714 1665 5569 1703 1666 5570 1717 1664 5571 1716 1660 5572 1705 1667 5573 1719 1661 5574 1718 1668 5575 1707 1669 5576 1714 1665 5577 1719 1661 5578 1702 1670 5579 1716 1660 5580 1715 1655 5581 1704 1671 5582 1718 1668 5583 1717 1664 5584 1706 1558 5585 1709 1657 5586 1713 1663 5587 1708 1662 5588 1709 1657 5589 1710 1656 5590 1713 1663 5591 1710 1656 5592 1712 1658 5593 1713 1663 5594 1710 1656 5595 1711 1659 5596 1712 1658 5597 1733 1672 5598 1728 1673 5599 1727 1674 5600 1730 1675 5601 1729 1676 5602 1734 1677 5603 1737 1678 5604 1726 1679 5605 1731 1680 5606 1727 1674 5607 1726 1679 5608 1737 1678 5609 1734 1677 5610 1729 1676 5611 1728 1673 5612 1731 1680 5613 1730 1675 5614 1735 1681 5615 1733 1672 5616 1732 1682 5617 1721 1683 5618 1735 1681 5619 1734 1677 5620 1723 1684 5621 1737 1678 5622 1736 1685 5623 1725 1686 5624 1732 1682 5625 1737 1678 5626 1720 1687 5627 1734 1677 5628 1733 1672 5629 1722 1688 5630 1736 1685 5631 1735 1681 5632 1724 1689 5633 1727 1674 5634 1731 1680 5635 1726 1679 5636 1727 1674 5637 1728 1673 5638 1731 1680 5639 1728 1673 5640 1730 1675 5641 1731 1680 5642 1728 1673 5643 1729 1676 5644 1730 1675 5645 1743 1690 5646 1739 1690 5647 1738 1690 5648 1745 1691 5649 1741 1691 5650 1740 1691 5651 1382 1692 5652 1387 1692 5653 1386 1692 5654 1385 1693 5655 1386 1693 5656 1390 1693 5657 1384 1694 5658 1385 1694 5659 1389 1694 5660 1383 1695 5661 1388 1695 5662 1382 1695 5663 1383 1696 5664 1384 1696 5665 1388 1696 5666 1392 1697 5667 1397 1697 5668 1396 1697 5669 1395 1698 5670 1396 1698 5671 1400 1698 5672 1394 1699 5673 1395 1699 5674 1399 1699 5675 1393 1700 5676 1398 1700 5677 1392 1700 5678 1393 1701 5679 1394 1701 5680 1398 1701 5681 1402 1702 5682 1407 1702 5683 1406 1702 5684 1406 1703 5685 1411 1703 5686 1405 1703 5687 1404 1704 5688 1405 1704 5689 1409 1704 5690 1403 1705 5691 1408 1705 5692 1402 1705 5693 1403 1706 5694 1404 1706 5695 1408 1706 5696 1412 1707 5697 1417 1707 5698 1416 1707 5699 1416 1708 5700 1421 1708 5701 1415 1708 5702 1414 1709 5703 1415 1709 5704 1419 1709 5705 1413 1710 5706 1418 1710 5707 1412 1710 5708 1413 1711 5709 1414 1711 5710 1418 1711 5711 1422 1712 5712 1427 1712 5713 1426 1712 5714 1426 1713 5715 1431 1713 5716 1425 1713 5717 1425 1714 5718 1430 1714 5719 1424 1714 5720 1422 1715 5721 1423 1715 5722 1427 1715 5723 1423 1716 5724 1424 1716 5725 1428 1716 5726 1432 1717 5727 1437 1717 5728 1436 1717 5729 1436 1718 5730 1441 1718 5731 1435 1718 5732 1434 1719 5733 1435 1719 5734 1439 1719 5735 1432 1720 5736 1433 1720 5737 1437 1720 5738 1433 1721 5739 1434 1721 5740 1438 1721 5741 1442 1722 5742 1447 1722 5743 1446 1722 5744 1445 1723 5745 1446 1723 5746 1450 1723 5747 1444 1724 5748 1445 1724 5749 1449 1724 5750 1443 1725 5751 1448 1725 5752 1442 1725 5753 1444 1726 5754 1449 1726 5755 1443 1726 5756 1456 1727 5757 1452 1727 5758 1461 1727 5759 1456 1728 5760 1461 1728 5761 1455 1728 5762 1455 1729 5763 1460 1729 5764 1454 1729 5765 1452 1730 5766 1453 1730 5767 1457 1730 5768 1453 1731 5769 1454 1731 5770 1458 1731 5771 1462 1732 5772 1467 1732 5773 1466 1732 5774 1465 1733 5775 1466 1733 5776 1470 1733 5777 1464 1734 5778 1465 1734 5779 1469 1734 5780 1463 1735 5781 1468 1735 5782 1462 1735 5783 1463 1736 5784 1464 1736 5785 1468 1736 5786 1476 1737 5787 1472 1737 5788 1481 1737 5789 1476 1738 5790 1481 1738 5791 1475 1738 5792 1475 1739 5793 1480 1739 5794 1474 1739 5795 1472 1740 5796 1473 1740 5797 1477 1740 5798 1474 1741 5799 1479 1741 5800 1473 1741 5801 1486 1742 5802 1487 1742 5803 1482 1742 5804 1487 1743 5805 1488 1743 5806 1483 1743 5807 1488 1452 5808 1489 1452 5809 1484 1452 5810 1489 1744 5811 1486 1744 5812 1485 1744 5813 1494 1745 5814 1495 1745 5815 1490 1745 5816 1495 1746 5817 1496 1746 5818 1491 1746 5819 1496 1747 5820 1497 1747 5821 1492 1747 5822 1497 1748 5823 1494 1748 5824 1493 1748 5825 1511 1469 5826 1506 1459 5827 1510 1461 5828 1513 1468 5829 1508 1462 5830 1512 1464 5831 1514 1472 5832 1515 1465 5833 1509 1467 5834 1510 1461 5835 1505 1460 5836 1515 1465 5837 1511 1469 5838 1512 1464 5839 1506 1459 5840 1514 1472 5841 1509 1467 5842 1513 1468 5843 1500 1475 5844 1511 1469 5845 1499 1470 5846 1502 1476 5847 1513 1468 5848 1501 1471 5849 1498 1474 5850 1515 1465 5851 1503 1473 5852 1499 1470 5853 1510 1461 5854 1498 1474 5855 1501 1471 5856 1512 1464 5857 1500 1475 5858 1503 1473 5859 1514 1472 5860 1502 1476 5861 1529 1487 5862 1524 1477 5863 1528 1479 5864 1531 1486 5865 1526 1480 5866 1530 1482 5867 1532 1490 5868 1533 1483 5869 1527 1485 5870 1528 1479 5871 1523 1478 5872 1533 1483 5873 1529 1487 5874 1530 1482 5875 1524 1477 5876 1532 1490 5877 1527 1485 5878 1531 1486 5879 1518 1493 5880 1529 1487 5881 1517 1488 5882 1520 1494 5883 1531 1486 5884 1519 1489 5885 1516 1492 5886 1533 1483 5887 1521 1491 5888 1517 1488 5889 1528 1479 5890 1516 1492 5891 1519 1489 5892 1530 1482 5893 1518 1493 5894 1521 1491 5895 1532 1490 5896 1520 1494 5897 1547 1505 5898 1542 1495 5899 1546 1497 5900 1549 1504 5901 1544 1498 5902 1548 1500 5903 1550 1508 5904 1551 1501 5905 1545 1503 5906 1546 1497 5907 1541 1496 5908 1551 1501 5909 1547 1505 5910 1548 1500 5911 1542 1495 5912 1550 1508 5913 1545 1503 5914 1549 1504 5915 1536 1511 5916 1547 1505 5917 1535 1506 5918 1538 1512 5919 1549 1504 5920 1537 1507 5921 1534 1510 5922 1551 1501 5923 1539 1509 5924 1535 1506 5925 1546 1497 5926 1534 1510 5927 1537 1507 5928 1548 1500 5929 1536 1511 5930 1539 1509 5931 1550 1508 5932 1538 1512 5933 1552 1749 5934 1561 1749 5935 1553 1749 5936 1560 1750 5937 1562 1750 5938 1553 1750 5939 1562 1751 5940 1563 1751 5941 1554 1751 5942 1563 1752 5943 1561 1752 5944 1555 1752 5945 1556 1753 5946 1557 1753 5947 1561 1753 5948 1557 1754 5949 1558 1754 5950 1560 1754 5951 1562 1755 5952 1558 1755 5953 1563 1755 5954 1559 1756 5955 1556 1756 5956 1563 1756 5957 1573 1757 5958 1572 1757 5959 1564 1757 5960 1565 1758 5961 1572 1758 5962 1566 1758 5963 1574 1759 5964 1575 1759 5965 1566 1759 5966 1575 1760 5967 1573 1760 5968 1567 1760 5969 1568 1761 5970 1569 1761 5971 1573 1761 5972 1569 1762 5973 1570 1762 5974 1572 1762 5975 1570 1763 5976 1571 1763 5977 1574 1763 5978 1571 1764 5979 1568 1764 5980 1575 1764 5981 1589 1539 5982 1584 1529 5983 1588 1531 5984 1591 1538 5985 1586 1532 5986 1590 1534 5987 1592 1542 5988 1593 1535 5989 1587 1537 5990 1588 1531 5991 1583 1530 5992 1593 1535 5993 1589 1539 5994 1590 1534 5995 1584 1529 5996 1592 1542 5997 1587 1537 5998 1591 1538 5999 1578 1545 6000 1589 1539 6001 1577 1540 6002 1580 1546 6003 1591 1538 6004 1579 1541 6005 1576 1544 6006 1593 1535 6007 1581 1543 6008 1577 1540 6009 1588 1531 6010 1576 1544 6011 1579 1541 6012 1590 1534 6013 1578 1545 6014 1581 1543 6015 1592 1542 6016 1580 1546 6017 1607 1557 6018 1602 1547 6019 1606 1549 6020 1609 1556 6021 1604 1550 6022 1608 1552 6023 1610 1560 6024 1611 1553 6025 1605 1555 6026 1606 1549 6027 1601 1548 6028 1611 1553 6029 1607 1557 6030 1608 1552 6031 1602 1547 6032 1610 1560 6033 1605 1555 6034 1609 1556 6035 1596 1563 6036 1607 1557 6037 1595 1558 6038 1598 1564 6039 1609 1556 6040 1597 1559 6041 1594 1562 6042 1611 1553 6043 1599 1561 6044 1595 1558 6045 1606 1549 6046 1594 1562 6047 1597 1559 6048 1608 1552 6049 1596 1563 6050 1599 1561 6051 1610 1560 6052 1598 1564 6053 1625 1575 6054 1620 1565 6055 1624 1567 6056 1627 1574 6057 1622 1568 6058 1626 1570 6059 1628 1578 6060 1629 1571 6061 1623 1573 6062 1624 1567 6063 1619 1566 6064 1629 1571 6065 1625 1575 6066 1626 1570 6067 1620 1565 6068 1628 1578 6069 1623 1573 6070 1627 1574 6071 1614 1581 6072 1625 1575 6073 1613 1576 6074 1616 1582 6075 1627 1574 6076 1615 1577 6077 1612 1580 6078 1629 1571 6079 1617 1579 6080 1613 1576 6081 1624 1567 6082 1612 1580 6083 1615 1577 6084 1626 1570 6085 1614 1581 6086 1617 1579 6087 1628 1578 6088 1616 1582 6089 1642 1593 6090 1643 1583 6091 1637 1585 6092 1645 1592 6093 1640 1586 6094 1644 1588 6095 1646 1596 6096 1647 1589 6097 1641 1591 6098 1642 1593 6099 1637 1585 6100 1647 1589 6101 1643 1583 6102 1644 1588 6103 1638 1584 6104 1646 1596 6105 1641 1591 6106 1645 1592 6107 1632 1599 6108 1643 1583 6109 1631 1594 6110 1634 1600 6111 1645 1592 6112 1633 1595 6113 1630 1598 6114 1647 1589 6115 1635 1597 6116 1631 1594 6117 1642 1593 6118 1630 1598 6119 1633 1595 6120 1644 1588 6121 1632 1599 6122 1635 1597 6123 1646 1596 6124 1634 1600 6125 1660 1611 6126 1661 1601 6127 1655 1603 6128 1663 1610 6129 1658 1604 6130 1662 1606 6131 1664 1614 6132 1665 1607 6133 1659 1609 6134 1660 1611 6135 1655 1603 6136 1665 1607 6137 1661 1601 6138 1662 1606 6139 1656 1602 6140 1664 1614 6141 1659 1609 6142 1663 1610 6143 1650 1617 6144 1661 1601 6145 1649 1612 6146 1652 1618 6147 1663 1610 6148 1651 1613 6149 1648 1616 6150 1665 1607 6151 1653 1615 6152 1649 1612 6153 1660 1611 6154 1648 1616 6155 1651 1613 6156 1662 1606 6157 1650 1617 6158 1653 1615 6159 1664 1614 6160 1652 1618 6161 1678 1629 6162 1679 1619 6163 1673 1621 6164 1681 1628 6165 1676 1622 6166 1680 1624 6167 1682 1632 6168 1683 1625 6169 1677 1627 6170 1678 1629 6171 1673 1621 6172 1683 1625 6173 1679 1619 6174 1680 1624 6175 1674 1620 6176 1682 1632 6177 1677 1627 6178 1681 1628 6179 1668 1635 6180 1679 1619 6181 1667 1630 6182 1670 1636 6183 1681 1628 6184 1669 1631 6185 1666 1634 6186 1683 1625 6187 1671 1633 6188 1667 1630 6189 1678 1629 6190 1666 1634 6191 1669 1631 6192 1680 1624 6193 1668 1635 6194 1671 1633 6195 1682 1632 6196 1670 1636 6197 1696 1647 6198 1697 1637 6199 1691 1639 6200 1699 1646 6201 1694 1640 6202 1698 1642 6203 1700 1650 6204 1701 1643 6205 1695 1645 6206 1696 1647 6207 1691 1639 6208 1701 1643 6209 1697 1637 6210 1698 1642 6211 1692 1638 6212 1700 1650 6213 1695 1645 6214 1699 1646 6215 1686 1653 6216 1697 1637 6217 1685 1648 6218 1688 1654 6219 1699 1646 6220 1687 1649 6221 1684 1652 6222 1701 1643 6223 1689 1651 6224 1685 1648 6225 1696 1647 6226 1684 1652 6227 1687 1649 6228 1698 1642 6229 1686 1653 6230 1689 1651 6231 1700 1650 6232 1688 1654 6233 1714 1665 6234 1715 1655 6235 1709 1657 6236 1717 1664 6237 1712 1658 6238 1716 1660 6239 1718 1668 6240 1719 1661 6241 1713 1663 6242 1714 1665 6243 1709 1657 6244 1719 1661 6245 1715 1655 6246 1716 1660 6247 1710 1656 6248 1718 1668 6249 1713 1663 6250 1717 1664 6251 1704 1671 6252 1715 1655 6253 1703 1666 6254 1706 1558 6255 1717 1664 6256 1705 1667 6257 1702 1670 6258 1719 1661 6259 1707 1669 6260 1703 1666 6261 1714 1665 6262 1702 1670 6263 1705 1667 6264 1716 1660 6265 1704 1671 6266 1707 1669 6267 1718 1668 6268 1706 1558 6269 1732 1682 6270 1733 1672 6271 1727 1674 6272 1735 1681 6273 1730 1675 6274 1734 1677 6275 1736 1685 6276 1737 1678 6277 1731 1680 6278 1732 1682 6279 1727 1674 6280 1737 1678 6281 1733 1672 6282 1734 1677 6283 1728 1673 6284 1736 1685 6285 1731 1680 6286 1735 1681 6287 1722 1688 6288 1733 1672 6289 1721 1683 6290 1724 1689 6291 1735 1681 6292 1723 1684 6293 1720 1687 6294 1737 1678 6295 1725 1686 6296 1721 1683 6297 1732 1682 6298 1720 1687 6299 1723 1684 6300 1734 1677 6301 1722 1688 6302 1725 1686 6303 1736 1685 6304 1724 1689 6305 1742 1765 6306 1743 1765 6307 1738 1765 6308 1744 1766 6309 1745 1766 6310 1740 1766 6311 1751 1767 6312 1755 1767 6313 1750 1767 6314 1750 1768 6315 1755 1768 6316 1754 1768 6317 1749 1769 6318 1754 1769 6319 1753 1769 6320 1746 1770 6321 1747 1770 6322 1752 1770 6323 1748 1771 6324 1753 1771 6325 1752 1771 6326 1752 1772 6327 1755 1772 6328 1751 1772 6329 1752 1773 6330 1753 1773 6331 1755 1773 6332 1753 1774 6333 1754 1774 6334 1755 1774 6335 1747 1775 6336 1746 1775 6337 1750 1775 6338 1748 1776 6339 1747 1776 6340 1750 1776 6341 1748 1777 6342 1750 1777 6343 1749 1777 6344 1761 1778 6345 1765 1778 6346 1760 1778 6347 1760 1779 6348 1765 1779 6349 1764 1779 6350 1759 1780 6351 1764 1780 6352 1763 1780 6353 1762 1781 6354 1761 1781 6355 1756 1781 6356 1758 1782 6357 1763 1782 6358 1762 1782 6359 1762 1783 6360 1765 1783 6361 1761 1783 6362 1762 1784 6363 1763 1784 6364 1765 1784 6365 1763 1785 6366 1764 1785 6367 1765 1785 6368 1757 1786 6369 1756 1786 6370 1760 1786 6371 1758 1787 6372 1757 1787 6373 1760 1787 6374 1758 1788 6375 1760 1788 6376 1759 1788 6377 1771 1789 6378 1775 1789 6379 1770 1789 6380 1775 1790 6381 1774 1790 6382 1769 1790 6383 1769 1791 6384 1774 1791 6385 1773 1791 6386 1772 1792 6387 1771 1792 6388 1766 1792 6389 1768 1793 6390 1773 1793 6391 1772 1793 6392 1772 1794 6393 1775 1794 6394 1771 1794 6395 1772 1795 6396 1774 1795 6397 1775 1795 6398 1772 1796 6399 1773 1796 6400 1774 1796 6401 1767 1797 6402 1766 1797 6403 1770 1797 6404 1767 1798 6405 1770 1798 6406 1769 1798 6407 1768 1799 6408 1767 1799 6409 1769 1799 6410 1781 1800 6411 1785 1800 6412 1780 1800 6413 1785 1801 6414 1784 1801 6415 1779 1801 6416 1779 1802 6417 1784 1802 6418 1783 1802 6419 1782 1803 6420 1781 1803 6421 1776 1803 6422 1778 1804 6423 1783 1804 6424 1782 1804 6425 1782 1805 6426 1785 1805 6427 1781 1805 6428 1782 1806 6429 1784 1806 6430 1785 1806 6431 1782 1807 6432 1783 1807 6433 1784 1807 6434 1777 1808 6435 1776 1808 6436 1780 1808 6437 1777 1809 6438 1780 1809 6439 1779 1809 6440 1778 1810 6441 1777 1810 6442 1779 1810 6443 1791 1811 6444 1795 1811 6445 1790 1811 6446 1790 1812 6447 1795 1812 6448 1794 1812 6449 1789 1813 6450 1794 1813 6451 1793 1813 6452 1792 1814 6453 1791 1814 6454 1786 1814 6455 1788 1815 6456 1793 1815 6457 1792 1815 6458 1792 1816 6459 1795 1816 6460 1791 1816 6461 1792 1817 6462 1793 1817 6463 1795 1817 6464 1793 1818 6465 1794 1818 6466 1795 1818 6467 1787 1819 6468 1786 1819 6469 1790 1819 6470 1788 1820 6471 1787 1820 6472 1790 1820 6473 1788 1821 6474 1790 1821 6475 1789 1821 6476 1797 799 6477 1798 799 6478 1799 799 6479 1803 1822 6480 1800 1823 6481 1796 1824 6482 1796 1824 6483 1800 1823 6484 1801 1825 6485 1801 1825 6486 1802 1826 6487 1798 1827 6488 1802 1826 6489 1803 1822 6490 1799 1828 6491 1801 1829 6492 1800 1829 6493 1803 1829 6494 1805 1830 6495 1807 1830 6496 1806 1830 6497 1809 1831 6498 1811 1831 6499 1804 1831 6500 1810 1832 6501 1808 1832 6502 1807 1832 6503 1746 1833 6504 1751 1833 6505 1750 1833 6506 1749 1834 6507 1750 1834 6508 1754 1834 6509 1748 1835 6510 1749 1835 6511 1753 1835 6512 1751 1836 6513 1746 1836 6514 1752 1836 6515 1747 1837 6516 1748 1837 6517 1752 1837 6518 1756 1838 6519 1761 1838 6520 1760 1838 6521 1759 1839 6522 1760 1839 6523 1764 1839 6524 1758 1840 6525 1759 1840 6526 1763 1840 6527 1757 1841 6528 1762 1841 6529 1756 1841 6530 1757 1842 6531 1758 1842 6532 1762 1842 6533 1766 1843 6534 1771 1843 6535 1770 1843 6536 1770 1844 6537 1775 1844 6538 1769 1844 6539 1768 1845 6540 1769 1845 6541 1773 1845 6542 1767 1846 6543 1772 1846 6544 1766 1846 6545 1767 1847 6546 1768 1847 6547 1772 1847 6548 1776 1848 6549 1781 1848 6550 1780 1848 6551 1780 1849 6552 1785 1849 6553 1779 1849 6554 1778 1850 6555 1779 1850 6556 1783 1850 6557 1777 1851 6558 1782 1851 6559 1776 1851 6560 1777 1852 6561 1778 1852 6562 1782 1852 6563 1786 1853 6564 1791 1853 6565 1790 1853 6566 1789 1854 6567 1790 1854 6568 1794 1854 6569 1788 1855 6570 1789 1855 6571 1793 1855 6572 1787 1856 6573 1792 1856 6574 1786 1856 6575 1787 1857 6576 1788 1857 6577 1792 1857 6578 1796 799 6579 1797 799 6580 1799 799 6581 1799 1828 6582 1803 1822 6583 1796 1824 6584 1797 1858 6585 1796 1824 6586 1801 1825 6587 1797 1858 6588 1801 1825 6589 1798 1827 6590 1798 1827 6591 1802 1826 6592 1799 1828 6593 1802 253 6594 1801 253 6595 1803 253 6596 1804 1859 6597 1805 1859 6598 1806 1859 6599 1806 1860 6600 1809 1860 6601 1804 1860 6602 1805 1861 6603 1810 1861 6604 1807 1861 6605 1812 1862 6606 1813 1862 6607 1817 1862 6608 1816 1863 6609 1815 1863 6610 1814 1863 6611 1823 1864 6612 1820 1864 6613 1818 1864 6614 1822 1865 6615 1821 1865 6616 1820 1865 6617 1829 1866 6618 1826 1866 6619 1824 1866 6620 1828 253 6621 1827 253 6622 1826 253 6623 1835 1867 6624 1832 1867 6625 1830 1867 6626 1834 1868 6627 1833 1868 6628 1832 1868 6629 1841 1869 6630 1838 1869 6631 1836 1869 6632 1840 1870 6633 1839 1870 6634 1838 1870 6635 1847 1866 6636 1844 1866 6637 1842 1866 6638 1846 1871 6639 1845 1871 6640 1844 1871 6641 1853 1872 6642 1850 1872 6643 1848 1872 6644 1852 1873 6645 1851 1873 6646 1850 1873 6647 1859 1874 6648 1856 1874 6649 1854 1874 6650 1858 1875 6651 1857 1875 6652 1856 1875 6653 1865 1876 6654 1862 1876 6655 1860 1876 6656 1864 1877 6657 1863 1877 6658 1862 1877 6659 1871 1878 6660 1868 1878 6661 1866 1878 6662 1870 1879 6663 1869 1879 6664 1868 1879 6665 1884 1880 6666 1877 1880 6667 1873 1880 6668 1887 1881 6669 1884 1881 6670 1873 1881 6671 1891 1882 6672 1889 1882 6673 1887 1882 6674 1891 1883 6675 1887 1883 6676 1873 1883 6677 1876 1884 6678 1891 1884 6679 1872 1884 6680 1891 1885 6681 1873 1885 6682 1872 1885 6683 1878 1886 6684 1885 1886 6685 1874 1886 6686 1885 1887 6687 1886 1887 6688 1874 1887 6689 1886 1888 6690 1888 1888 6691 1890 1888 6692 1886 1889 6693 1890 1889 6694 1874 1889 6695 1890 1890 6696 1879 1890 6697 1875 1890 6698 1890 1891 6699 1875 1891 6700 1874 1891 6701 1879 1892 6702 1876 1892 6703 1872 1892 6704 1879 1893 6705 1890 1893 6706 1891 1893 6707 1873 1894 6708 1881 1894 6709 1880 1894 6710 1874 1895 6711 1875 1895 6712 1883 1895 6713 1883 1896 6714 1875 1896 6715 1985 1896 6716 1885 1897 6717 1878 1897 6718 1877 1897 6719 1886 1898 6720 1885 1898 6721 1884 1898 6722 1888 1899 6723 1886 1899 6724 1887 1899 6725 1890 1900 6726 1888 1900 6727 1889 1900 6728 1867 1901 6729 1866 1901 6730 1892 1901 6731 1882 1902 6732 1899 1902 6733 1895 1902 6734 1881 1903 6735 1873 1903 6736 1894 1903 6737 1877 253 6738 1878 253 6739 1897 253 6740 1878 1904 6741 1874 1904 6742 1895 1904 6743 1873 1905 6744 1877 1905 6745 1896 1905 6746 1905 1906 6747 1902 1906 6748 1900 1906 6749 1904 1907 6750 1903 1907 6751 1902 1907 6752 1908 1908 6753 1906 1908 6754 1907 1908 6755 1910 1909 6756 1909 1909 6757 1908 1909 6758 1917 1910 6759 1914 1910 6760 1912 1910 6761 1916 1911 6762 1915 1911 6763 1914 1911 6764 1923 1912 6765 1920 1912 6766 1918 1912 6767 1922 1913 6768 1921 1913 6769 1920 1913 6770 1929 1914 6771 1926 1914 6772 1924 1914 6773 1928 1915 6774 1927 1915 6775 1926 1915 6776 1935 1916 6777 1932 1916 6778 1930 1916 6779 1934 1917 6780 1933 1917 6781 1932 1917 6782 1941 1918 6783 1938 1918 6784 1936 1918 6785 1940 1919 6786 1939 1919 6787 1938 1919 6788 1947 1920 6789 1944 1920 6790 1942 1920 6791 1946 1921 6792 1945 1921 6793 1944 1921 6794 1953 1922 6795 1950 1922 6796 1948 1922 6797 1952 1923 6798 1951 1923 6799 1950 1923 6800 1959 1924 6801 1956 1924 6802 1954 1924 6803 1958 1925 6804 1957 1925 6805 1956 1925 6806 1965 1926 6807 1962 1926 6808 1960 1926 6809 1964 1927 6810 1963 1927 6811 1962 1927 6812 1971 1928 6813 1968 1928 6814 1966 1928 6815 1970 1929 6816 1969 1929 6817 1968 1929 6818 1977 1930 6819 1974 1930 6820 1972 1930 6821 1976 1931 6822 1975 1931 6823 1974 1931 6824 1983 1932 6825 1980 1932 6826 1978 1932 6827 1982 1933 6828 1981 1933 6829 1980 1933 6830 1987 1934 6831 1985 1934 6832 1989 1934 6833 1875 1935 6834 1872 1935 6835 1984 1935 6836 1880 1936 6837 1986 1936 6838 1984 1936 6839 1991 1937 6840 1989 1937 6841 1993 1937 6842 1986 1938 6843 1990 1938 6844 1988 1938 6845 1985 1939 6846 1984 1939 6847 1988 1939 6848 1993 1940 6849 1992 1940 6850 1994 1940 6851 1989 1941 6852 1988 1941 6853 1992 1941 6854 1990 1942 6855 1994 1942 6856 1992 1942 6857 2001 1943 6858 1997 1943 6859 1996 1943 6860 2002 1944 6861 1998 1944 6862 1997 1944 6863 2002 1945 6864 2003 1945 6865 1999 1945 6866 2003 1946 6867 2000 1946 6868 1996 1946 6869 2002 253 6870 2001 253 6871 2000 253 6872 2009 1947 6873 2005 1947 6874 2004 1947 6875 2010 1948 6876 2006 1948 6877 2005 1948 6878 2010 1949 6879 2011 1949 6880 2007 1949 6881 2011 1950 6882 2008 1950 6883 2004 1950 6884 2010 253 6885 2009 253 6886 2008 253 6887 2017 1951 6888 2013 1951 6889 2012 1951 6890 2018 1952 6891 2014 1952 6892 2013 1952 6893 2018 1953 6894 2019 1953 6895 2015 1953 6896 2019 1954 6897 2016 1954 6898 2012 1954 6899 2018 253 6900 2017 253 6901 2016 253 6902 2025 1955 6903 2021 1955 6904 2020 1955 6905 2026 1956 6906 2022 1956 6907 2021 1956 6908 2026 1957 6909 2027 1957 6910 2023 1957 6911 2027 1958 6912 2024 1958 6913 2020 1958 6914 2026 1959 6915 2025 1959 6916 2024 1959 6917 2033 1960 6918 2029 1960 6919 2028 1960 6920 2034 1961 6921 2030 1961 6922 2029 1961 6923 2035 1962 6924 2031 1962 6925 2030 1962 6926 2032 1963 6927 2028 1963 6928 2031 1963 6929 2034 253 6930 2033 253 6931 2032 253 6932 2041 1964 6933 2037 1964 6934 2036 1964 6935 2042 1965 6936 2038 1965 6937 2037 1965 6938 2042 1966 6939 2043 1966 6940 2039 1966 6941 2040 1967 6942 2036 1967 6943 2039 1967 6944 2042 253 6945 2041 253 6946 2040 253 6947 2049 1968 6948 2045 1968 6949 2044 1968 6950 2050 1969 6951 2046 1969 6952 2045 1969 6953 2051 1970 6954 2047 1970 6955 2046 1970 6956 2051 1971 6957 2048 1971 6958 2044 1971 6959 2050 253 6960 2049 253 6961 2048 253 6962 2056 1972 6963 2057 1972 6964 2053 1972 6965 2058 1973 6966 2054 1973 6967 2053 1973 6968 2058 1974 6969 2059 1974 6970 2055 1974 6971 2059 1975 6972 2056 1975 6973 2052 1975 6974 2058 253 6975 2057 253 6976 2056 253 6977 2066 1976 6978 2062 1976 6979 2061 1976 6980 2066 1977 6981 2067 1977 6982 2063 1977 6983 2067 1978 6984 2064 1978 6985 2060 1978 6986 2066 1979 6987 2065 1979 6988 2064 1979 6989 2073 1980 6990 2069 1980 6991 2068 1980 6992 2074 1981 6993 2070 1981 6994 2069 1981 6995 2075 1982 6996 2071 1982 6997 2070 1982 6998 2072 1983 6999 2068 1983 7000 2071 1983 7001 2074 253 7002 2073 253 7003 2072 253 7004 2081 1984 7005 2077 1984 7006 2076 1984 7007 2082 1985 7008 2078 1985 7009 2077 1985 7010 2082 1986 7011 2083 1986 7012 2079 1986 7013 2083 1987 7014 2080 1987 7015 2076 1987 7016 2082 253 7017 2081 253 7018 2080 253 7019 2089 1988 7020 2085 1988 7021 2084 1988 7022 2089 1989 7023 2090 1989 7024 2086 1989 7025 2090 1990 7026 2091 1990 7027 2087 1990 7028 2091 1991 7029 2088 1991 7030 2084 1991 7031 2091 253 7032 2090 253 7033 2089 253 7034 2097 1992 7035 2093 1992 7036 2092 1992 7037 2097 1993 7038 2098 1993 7039 2094 1993 7040 2096 1994 7041 2092 1994 7042 2095 1994 7043 2099 1995 7044 2098 1995 7045 2097 1995 7046 2105 1996 7047 2106 1996 7048 2102 1996 7049 2107 1997 7050 2103 1997 7051 2102 1997 7052 2107 1998 7053 2104 1998 7054 2100 1998 7055 2107 1999 7056 2106 1999 7057 2105 1999 7058 2112 2000 7059 2113 2000 7060 2109 2000 7061 2113 2001 7062 2114 2001 7063 2110 2001 7064 2115 2002 7065 2111 2002 7066 2110 2002 7067 2115 2003 7068 2112 2003 7069 2108 2003 7070 2115 2004 7071 2114 2004 7072 2113 2004 7073 2121 2005 7074 2117 2005 7075 2116 2005 7076 2122 2006 7077 2118 2006 7078 2117 2006 7079 2122 2007 7080 2123 2007 7081 2119 2007 7082 2123 2008 7083 2120 2008 7084 2116 2008 7085 2122 2009 7086 2121 2009 7087 2120 2009 7088 2128 2010 7089 2129 2010 7090 2125 2010 7091 2129 2011 7092 2130 2011 7093 2126 2011 7094 2131 2012 7095 2127 2012 7096 2126 2012 7097 2128 2013 7098 2124 2013 7099 2127 2013 7100 2131 2014 7101 2130 2014 7102 2129 2014 7103 2138 2015 7104 2134 2015 7105 2133 2015 7106 2138 2016 7107 2139 2016 7108 2135 2016 7109 2139 2017 7110 2136 2017 7111 2132 2017 7112 2138 2018 7113 2137 2018 7114 2136 2018 7115 2145 2019 7116 2141 2019 7117 2140 2019 7118 2145 2020 7119 2146 2020 7120 2142 2020 7121 2147 2021 7122 2143 2021 7123 2142 2021 7124 2147 2022 7125 2144 2022 7126 2140 2022 7127 2147 2023 7128 2146 2023 7129 2145 2023 7130 2153 2024 7131 2149 2024 7132 2148 2024 7133 2154 2025 7134 2150 2025 7135 2149 2025 7136 2154 2026 7137 2155 2026 7138 2151 2026 7139 2155 2027 7140 2152 2027 7141 2148 2027 7142 2155 2028 7143 2154 2028 7144 2153 2028 7145 2160 2029 7146 2161 2029 7147 2157 2029 7148 2161 2030 7149 2162 2030 7150 2158 2030 7151 2162 2031 7152 2163 2031 7153 2159 2031 7154 2163 2032 7155 2160 2032 7156 2156 2032 7157 2162 2033 7158 2161 2033 7159 2160 2033 7160 2169 2034 7161 2165 2034 7162 2164 2034 7163 2169 2035 7164 2170 2035 7165 2166 2035 7166 2170 2036 7167 2171 2036 7168 2167 2036 7169 2171 2037 7170 2168 2037 7171 2164 2037 7172 2170 2038 7173 2169 2038 7174 2168 2038 7175 2177 2039 7176 2173 2039 7177 2172 2039 7178 2178 2040 7179 2174 2040 7180 2173 2040 7181 2178 2041 7182 2179 2041 7183 2175 2041 7184 2176 2042 7185 2172 2042 7186 2175 2042 7187 2178 253 7188 2177 253 7189 2176 253 7190 2184 2043 7191 2185 2043 7192 2181 2043 7193 2186 2044 7194 2182 2044 7195 2181 2044 7196 2187 2045 7197 2183 2045 7198 2182 2045 7199 2184 2046 7200 2180 2046 7201 2183 2046 7202 2186 2047 7203 2185 2047 7204 2184 2047 7205 2192 2048 7206 2193 2048 7207 2189 2048 7208 2193 2049 7209 2194 2049 7210 2190 2049 7211 2195 2050 7212 2191 2050 7213 2190 2050 7214 2195 2051 7215 2192 2051 7216 2188 2051 7217 2194 2052 7218 2193 2052 7219 2192 2052 7220 2200 2053 7221 2201 2053 7222 2197 2053 7223 2202 2054 7224 2198 2054 7225 2197 2054 7226 2202 2055 7227 2203 2055 7228 2199 2055 7229 2200 2056 7230 2196 2056 7231 2199 2056 7232 2202 2057 7233 2201 2057 7234 2200 2057 7235 2208 2058 7236 2209 2058 7237 2205 2058 7238 2210 2059 7239 2206 2059 7240 2205 2059 7241 2210 2060 7242 2211 2060 7243 2207 2060 7244 2211 2061 7245 2208 2061 7246 2204 2061 7247 2211 2062 7248 2210 2062 7249 2209 2062 7250 2217 2063 7251 2213 2063 7252 2212 2063 7253 2218 2064 7254 2214 2064 7255 2213 2064 7256 2219 2065 7257 2215 2065 7258 2214 2065 7259 2219 2066 7260 2216 2066 7261 2212 2066 7262 2218 2067 7263 2217 2067 7264 2216 2067 7265 2224 2068 7266 2225 2068 7267 2221 2068 7268 2225 2069 7269 2226 2069 7270 2222 2069 7271 2226 2070 7272 2227 2070 7273 2223 2070 7274 2227 2071 7275 2224 2071 7276 2220 2071 7277 2227 253 7278 2226 253 7279 2225 253 7280 2232 2072 7281 2233 2072 7282 2229 2072 7283 2234 2073 7284 2230 2073 7285 2229 2073 7286 2235 2074 7287 2231 2074 7288 2230 2074 7289 2232 2075 7290 2228 2075 7291 2231 2075 7292 2235 253 7293 2234 253 7294 2233 253 7295 2241 2076 7296 2237 2076 7297 2236 2076 7298 2241 2077 7299 2242 2077 7300 2238 2077 7301 2243 2078 7302 2239 2078 7303 2238 2078 7304 2240 2079 7305 2236 2079 7306 2239 2079 7307 2242 253 7308 2241 253 7309 2240 253 7310 2249 2080 7311 2245 2080 7312 2244 2080 7313 2250 2081 7314 2246 2081 7315 2245 2081 7316 2251 2082 7317 2247 2082 7318 2246 2082 7319 2248 2083 7320 2244 2083 7321 2247 2083 7322 2251 253 7323 2250 253 7324 2249 253 7325 2257 2084 7326 2253 2084 7327 2252 2084 7328 2258 2085 7329 2254 2085 7330 2253 2085 7331 2259 2086 7332 2255 2086 7333 2254 2086 7334 2259 2087 7335 2256 2087 7336 2252 2087 7337 2259 2088 7338 2258 2088 7339 2257 2088 7340 2265 2089 7341 2261 2089 7342 2260 2089 7343 2266 2090 7344 2262 2090 7345 2261 2090 7346 2267 2091 7347 2263 2091 7348 2262 2091 7349 2267 2092 7350 2264 2092 7351 2260 2092 7352 2267 253 7353 2266 253 7354 2265 253 7355 2273 2093 7356 2269 2093 7357 2268 2093 7358 2274 2094 7359 2270 2094 7360 2269 2094 7361 2274 2095 7362 2275 2095 7363 2271 2095 7364 2275 2096 7365 2272 2096 7366 2268 2096 7367 2275 2097 7368 2274 2097 7369 2273 2097 7370 2281 2098 7371 2277 2098 7372 2276 2098 7373 2281 2099 7374 2282 2099 7375 2278 2099 7376 2283 2100 7377 2279 2100 7378 2278 2100 7379 2283 2101 7380 2280 2101 7381 2276 2101 7382 2282 253 7383 2281 253 7384 2280 253 7385 2289 2102 7386 2285 2102 7387 2284 2102 7388 2290 2103 7389 2286 2103 7390 2285 2103 7391 2290 2104 7392 2291 2104 7393 2287 2104 7394 2291 2105 7395 2288 2105 7396 2284 2105 7397 2291 2106 7398 2290 2106 7399 2289 2106 7400 2298 2107 7401 2294 2107 7402 2293 2107 7403 2298 2108 7404 2299 2108 7405 2295 2108 7406 2299 2109 7407 2296 2109 7408 2292 2109 7409 2299 2110 7410 2298 2110 7411 2297 2110 7412 2304 2111 7413 2305 2111 7414 2301 2111 7415 2306 2112 7416 2302 2112 7417 2301 2112 7418 2306 2113 7419 2307 2113 7420 2303 2113 7421 2307 2114 7422 2304 2114 7423 2300 2114 7424 2306 253 7425 2305 253 7426 2304 253 7427 2313 2115 7428 2309 2115 7429 2308 2115 7430 2314 2116 7431 2310 2116 7432 2309 2116 7433 2314 2117 7434 2315 2117 7435 2311 2117 7436 2315 2118 7437 2312 2118 7438 2308 2118 7439 2314 253 7440 2313 253 7441 2312 253 7442 2321 2119 7443 2317 2119 7444 2316 2119 7445 2322 2120 7446 2318 2120 7447 2317 2120 7448 2322 2121 7449 2323 2121 7450 2319 2121 7451 2323 2122 7452 2320 2122 7453 2316 2122 7454 2323 2123 7455 2322 2123 7456 2321 2123 7457 2329 2124 7458 2325 2124 7459 2324 2124 7460 2330 2125 7461 2326 2125 7462 2325 2125 7463 2330 2126 7464 2331 2126 7465 2327 2126 7466 2331 2127 7467 2328 2127 7468 2324 2127 7469 2330 253 7470 2329 253 7471 2328 253 7472 2336 2128 7473 2337 2128 7474 2333 2128 7475 2337 2129 7476 2338 2129 7477 2334 2129 7478 2339 2130 7479 2335 2130 7480 2334 2130 7481 2339 2131 7482 2336 2131 7483 2332 2131 7484 2339 2132 7485 2338 2132 7486 2337 2132 7487 2344 2133 7488 2345 2133 7489 2341 2133 7490 2346 2134 7491 2342 2134 7492 2341 2134 7493 2347 2135 7494 2343 2135 7495 2342 2135 7496 2347 2136 7497 2344 2136 7498 2340 2136 7499 2346 253 7500 2345 253 7501 2344 253 7502 2353 2137 7503 2349 2137 7504 2348 2137 7505 2354 2138 7506 2350 2138 7507 2349 2138 7508 2355 2139 7509 2351 2139 7510 2350 2139 7511 2355 2140 7512 2352 2140 7513 2348 2140 7514 2355 2141 7515 2354 2141 7516 2353 2141 7517 2361 2142 7518 2357 2142 7519 2356 2142 7520 2362 2143 7521 2358 2143 7522 2357 2143 7523 2363 2144 7524 2360 2144 7525 2356 2144 7526 2362 2145 7527 2361 2145 7528 2360 2145 7529 2369 2146 7530 2365 2146 7531 2364 2146 7532 2370 2147 7533 2366 2147 7534 2365 2147 7535 2370 2148 7536 2371 2148 7537 2367 2148 7538 2368 2149 7539 2364 2149 7540 2367 2149 7541 2370 253 7542 2369 253 7543 2368 253 7544 2376 2150 7545 2377 2150 7546 2373 2150 7547 2378 2151 7548 2374 2151 7549 2373 2151 7550 2379 2152 7551 2375 2152 7552 2374 2152 7553 2379 2153 7554 2376 2153 7555 2372 2153 7556 2378 2154 7557 2377 2154 7558 2376 2154 7559 2385 2155 7560 2381 2155 7561 2380 2155 7562 2386 2156 7563 2382 2156 7564 2381 2156 7565 2386 2157 7566 2387 2157 7567 2383 2157 7568 2384 2158 7569 2380 2158 7570 2383 2158 7571 2386 2047 7572 2385 2047 7573 2384 2047 7574 2393 2159 7575 2389 2159 7576 2388 2159 7577 2394 2160 7578 2390 2160 7579 2389 2160 7580 2395 2161 7581 2391 2161 7582 2390 2161 7583 2395 2162 7584 2392 2162 7585 2388 2162 7586 2395 253 7587 2394 253 7588 2393 253 7589 2401 2163 7590 2397 2163 7591 2396 2163 7592 2401 2164 7593 2402 2164 7594 2398 2164 7595 2403 2165 7596 2399 2165 7597 2398 2165 7598 2400 2166 7599 2396 2166 7600 2399 2166 7601 2403 253 7602 2402 253 7603 2401 253 7604 2409 2167 7605 2405 2167 7606 2404 2167 7607 2409 2168 7608 2410 2168 7609 2406 2168 7610 2411 2169 7611 2407 2169 7612 2406 2169 7613 2408 2170 7614 2404 2170 7615 2407 2170 7616 2411 2171 7617 2410 2171 7618 2409 2171 7619 2418 2172 7620 2414 2172 7621 2413 2172 7622 2419 2173 7623 2415 2173 7624 2414 2173 7625 2419 2174 7626 2416 2174 7627 2412 2174 7628 2419 2175 7629 2418 2175 7630 2417 2175 7631 2425 2176 7632 2421 2176 7633 2420 2176 7634 2426 2177 7635 2422 2177 7636 2421 2177 7637 2427 2178 7638 2423 2178 7639 2422 2178 7640 2427 2179 7641 2424 2179 7642 2420 2179 7643 2427 2180 7644 2426 2180 7645 2425 2180 7646 2433 2181 7647 2429 2181 7648 2428 2181 7649 2434 2182 7650 2430 2182 7651 2429 2182 7652 2435 2183 7653 2431 2183 7654 2430 2183 7655 2432 2184 7656 2428 2184 7657 2431 2184 7658 2435 253 7659 2434 253 7660 2433 253 7661 2441 2185 7662 2437 2185 7663 2436 2185 7664 2442 2186 7665 2438 2186 7666 2437 2186 7667 2442 2187 7668 2443 2187 7669 2439 2187 7670 2440 2188 7671 2436 2188 7672 2439 2188 7673 2442 2189 7674 2441 2189 7675 2440 2189 7676 2449 2190 7677 2445 2190 7678 2444 2190 7679 2449 2191 7680 2450 2191 7681 2446 2191 7682 2451 2192 7683 2447 2192 7684 2446 2192 7685 2451 2193 7686 2448 2193 7687 2444 2193 7688 2451 2194 7689 2450 2194 7690 2449 2194 7691 2457 2195 7692 2453 2195 7693 2452 2195 7694 2458 2196 7695 2454 2196 7696 2453 2196 7697 2459 2197 7698 2455 2197 7699 2454 2197 7700 2459 2198 7701 2456 2198 7702 2452 2198 7703 2459 253 7704 2458 253 7705 2457 253 7706 2465 2199 7707 2461 2199 7708 2460 2199 7709 2465 2200 7710 2466 2200 7711 2462 2200 7712 2466 2201 7713 2467 2201 7714 2463 2201 7715 2464 2202 7716 2460 2202 7717 2463 2202 7718 2466 2203 7719 2465 2203 7720 2464 2203 7721 2472 2204 7722 2473 2204 7723 2469 2204 7724 2474 2205 7725 2470 2205 7726 2469 2205 7727 2475 2206 7728 2471 2206 7729 2470 2206 7730 2472 2207 7731 2468 2207 7732 2471 2207 7733 2474 2208 7734 2473 2208 7735 2472 2208 7736 2481 2209 7737 2477 2209 7738 2476 2209 7739 2481 2210 7740 2482 2210 7741 2478 2210 7742 2483 2211 7743 2479 2211 7744 2478 2211 7745 2483 2212 7746 2480 2212 7747 2476 2212 7748 2483 2213 7749 2482 2213 7750 2481 2213 7751 2489 2214 7752 2485 2214 7753 2484 2214 7754 2489 2215 7755 2490 2215 7756 2486 2215 7757 2488 2216 7758 2484 2216 7759 2487 2216 7760 2490 2217 7761 2489 2217 7762 2488 2217 7763 2552 2218 7764 2493 2218 7765 2511 2218 7766 2560 2219 7767 2554 2219 7768 2494 2219 7769 2555 2220 7770 2495 2220 7771 2505 2220 7772 2553 2221 7773 2492 2221 7774 2501 2221 7775 2557 2222 7776 2556 2222 7777 2501 2222 7778 2617 2223 7779 2557 2223 7780 2503 2223 7781 2612 2224 7782 2617 2224 7783 2503 2224 7784 2619 2225 7785 2612 2225 7786 2503 2225 7787 2614 2226 7788 2619 2226 7789 2503 2226 7790 2555 2227 7791 2614 2227 7792 2503 2227 7793 2555 2228 7794 2503 2228 7795 2495 2228 7796 2558 2229 7797 2505 2229 7798 2506 2229 7799 2554 2230 7800 2559 2230 7801 2506 2230 7802 2552 2231 7803 2560 2231 7804 2509 2231 7805 2553 2232 7806 2561 2232 7807 2511 2232 7808 2530 2233 7809 2531 2233 7810 2513 2233 7811 2528 2234 7812 2529 2234 7813 2514 2234 7814 2525 2235 7815 2515 2235 7816 2519 2235 7817 2520 2236 7818 2521 2236 7819 2512 2236 7820 2522 2237 7821 2523 2237 7822 2521 2237 7823 2523 2238 7824 2522 2238 7825 2603 2238 7826 2523 2239 7827 2603 2239 7828 2607 2239 7829 2523 2240 7830 2607 2240 7831 2605 2240 7832 2519 2241 7833 2610 2241 7834 2611 2241 7835 2519 2242 7836 2515 2242 7837 2610 2242 7838 2523 2243 7839 2605 2243 7840 2610 2243 7841 2515 2244 7842 2523 2244 7843 2610 2244 7844 2526 2245 7845 2525 2245 7846 2524 2245 7847 2514 2246 7848 2526 2246 7849 2527 2246 7850 2517 2247 7851 2513 2247 7852 2529 2247 7853 2516 2248 7854 2512 2248 7855 2531 2248 7856 2534 2249 7857 2540 2249 7858 2533 2249 7859 2534 253 7860 2533 253 7861 2541 253 7862 2539 2250 7863 2534 2250 7864 2541 2250 7865 2539 2251 7866 2541 2251 7867 2532 2251 7868 2620 253 7869 2539 253 7870 2532 253 7871 2538 253 7872 2620 253 7873 2532 253 7874 2538 2252 7875 2532 2252 7876 2621 2252 7877 2538 2253 7878 2621 2253 7879 2536 2253 7880 2538 2254 7881 2536 2254 7882 2537 2254 7883 2535 2255 7884 2538 2255 7885 2537 2255 7886 2517 253 7887 2543 253 7888 2551 253 7889 2530 2256 7890 2551 2256 7891 2542 2256 7892 2524 2257 7893 2548 2257 7894 2549 2257 7895 2603 2258 7896 2522 2258 7897 2547 2258 7898 2603 253 7899 2547 253 7900 2606 253 7901 2607 253 7902 2603 253 7903 2606 253 7904 2524 2259 7905 2519 2259 7906 2545 2259 7907 2518 2260 7908 2527 2260 7909 2549 2260 7910 2517 2261 7911 2528 2261 7912 2550 2261 7913 2518 2262 7914 2544 2262 7915 2550 2262 7916 2520 253 7917 2546 253 7918 2547 253 7919 2516 2263 7920 2542 2263 7921 2546 2263 7922 2510 2264 7923 2497 2264 7924 2552 2264 7925 2508 2265 7926 2498 2265 7927 2554 2265 7928 2499 2266 7929 2555 2266 7930 2558 2266 7931 2500 2267 7932 2496 2267 7933 2553 2267 7934 2502 2268 7935 2500 2268 7936 2556 2268 7937 2616 2269 7938 2502 2269 7939 2557 2269 7940 2613 2270 7941 2616 2270 7942 2557 2270 7943 2602 2271 7944 2613 2271 7945 2557 2271 7946 2618 2272 7947 2602 2272 7948 2557 2272 7949 2618 2273 7950 2557 2273 7951 2619 2273 7952 2557 2274 7953 2617 2274 7954 2619 2274 7955 2617 799 7956 2612 799 7957 2619 799 7958 2504 2275 7959 2558 2275 7960 2559 2275 7961 2507 2276 7962 2559 2276 7963 2554 2276 7964 2497 2277 7965 2508 2277 7966 2560 2277 7967 2496 2278 7968 2510 2278 7969 2561 2278 7970 2533 2279 7971 2563 2279 7972 2562 2279 7973 2534 2280 7974 2565 2280 7975 2564 2280 7976 2538 2281 7977 2535 2281 7978 2567 2281 7979 2621 2282 7980 2532 2282 7981 2569 2282 7982 2536 2283 7983 2621 2283 7984 2569 2283 7985 2536 253 7986 2569 253 7987 2568 253 7988 2535 2284 7989 2537 2284 7990 2570 2284 7991 2536 2285 7992 2568 2285 7993 2570 2285 7994 2534 2286 7995 2539 2286 7996 2571 2286 7997 2539 2287 7998 2566 2287 7999 2571 2287 8000 2539 2288 8001 2620 2288 8002 2566 2288 8003 2620 2289 8004 2538 2289 8005 2566 2289 8006 2533 2290 8007 2540 2290 8008 2564 2290 8009 2532 253 8010 2541 253 8011 2562 253 8012 2601 2291 8013 2593 2292 8014 2582 2293 8015 2600 2294 8016 2594 2295 8017 2584 2296 8018 2595 2297 8019 2585 2298 8020 2588 2299 8021 2596 2300 8022 2592 2301 8023 2583 2302 8024 2597 2303 8025 2596 2300 8026 2586 2304 8027 2597 2303 8028 2587 2305 8029 2585 2298 8030 2599 2306 8031 2598 2307 8032 2588 2299 8033 2599 2306 8034 2589 2308 8035 2584 2296 8036 2593 2292 8037 2600 2294 8038 2590 2309 8039 2592 2301 8040 2601 2291 8041 2591 2310 8042 2573 2311 8043 2593 2292 8044 2601 2291 8045 2580 2312 8046 2574 2313 8047 2594 2295 8048 2575 2314 8049 2595 2297 8050 2598 2307 8051 2572 2315 8052 2592 2301 8053 2596 2300 8054 2577 2316 8055 2576 2317 8056 2596 2300 8057 2575 2314 8058 2577 2316 8059 2597 2303 8060 2578 2318 8061 2598 2307 8062 2599 2306 8063 2574 2313 8064 2579 2319 8065 2599 2306 8066 2573 2311 8067 2580 2312 8068 2600 2294 8069 2572 2315 8070 2581 2320 8071 2601 2291 8072 2519 253 8073 2611 253 8074 2609 253 8075 2607 2321 8076 2606 2321 8077 2604 2321 8078 2499 2322 8079 2615 2322 8080 2614 2322 8081 2611 2323 8082 2610 2323 8083 2608 2323 8084 1814 2324 8085 1812 2324 8086 1817 2324 8087 1817 253 8088 1816 253 8089 1814 253 8090 1819 1864 8091 1823 1864 8092 1818 1864 8093 1823 253 8094 1822 253 8095 1820 253 8096 1825 2325 8097 1829 2325 8098 1824 2325 8099 1829 2326 8100 1828 2326 8101 1826 2326 8102 1831 2327 8103 1835 2327 8104 1830 2327 8105 1835 253 8106 1834 253 8107 1832 253 8108 1837 2328 8109 1841 2328 8110 1836 2328 8111 1841 253 8112 1840 253 8113 1838 253 8114 1843 2329 8115 1847 2329 8116 1842 2329 8117 1847 253 8118 1846 253 8119 1844 253 8120 1849 2330 8121 1853 2330 8122 1848 2330 8123 1853 2331 8124 1852 2331 8125 1850 2331 8126 1855 2332 8127 1859 2332 8128 1854 2332 8129 1859 253 8130 1858 253 8131 1856 253 8132 1861 2333 8133 1865 2333 8134 1860 2333 8135 1865 253 8136 1864 253 8137 1862 253 8138 1867 2334 8139 1871 2334 8140 1866 2334 8141 1871 253 8142 1870 253 8143 1868 253 8144 1875 2335 8145 1879 2335 8146 1872 2335 8147 1876 2336 8148 1879 2336 8149 1891 2336 8150 1872 2337 8151 1873 2337 8152 1880 2337 8153 1882 2338 8154 1874 2338 8155 1883 2338 8156 1987 2339 8157 1883 2339 8158 1985 2339 8159 1884 2340 8160 1885 2340 8161 1877 2340 8162 1887 1898 8163 1886 1898 8164 1884 1898 8165 1889 2341 8166 1888 2341 8167 1887 2341 8168 1891 1900 8169 1890 1900 8170 1889 1900 8171 1893 2342 8172 1867 2342 8173 1892 2342 8174 1874 2343 8175 1882 2343 8176 1895 2343 8177 1898 2344 8178 1881 2344 8179 1894 2344 8180 1896 2345 8181 1877 2345 8182 1897 2345 8183 1897 2346 8184 1878 2346 8185 1895 2346 8186 1894 2347 8187 1873 2347 8188 1896 2347 8189 1901 2348 8190 1905 2348 8191 1900 2348 8192 1905 253 8193 1904 253 8194 1902 253 8195 1911 2349 8196 1908 2349 8197 1907 2349 8198 1911 2350 8199 1910 2350 8200 1908 2350 8201 1913 2351 8202 1917 2351 8203 1912 2351 8204 1917 253 8205 1916 253 8206 1914 253 8207 1919 2352 8208 1923 2352 8209 1918 2352 8210 1923 253 8211 1922 253 8212 1920 253 8213 1925 2353 8214 1929 2353 8215 1924 2353 8216 1929 2354 8217 1928 2354 8218 1926 2354 8219 1931 2355 8220 1935 2355 8221 1930 2355 8222 1935 253 8223 1934 253 8224 1932 253 8225 1937 2356 8226 1941 2356 8227 1936 2356 8228 1941 253 8229 1940 253 8230 1938 253 8231 1943 2357 8232 1947 2357 8233 1942 2357 8234 1947 2358 8235 1946 2358 8236 1944 2358 8237 1949 2359 8238 1953 2359 8239 1948 2359 8240 1953 2360 8241 1952 2360 8242 1950 2360 8243 1955 2361 8244 1959 2361 8245 1954 2361 8246 1959 2362 8247 1958 2362 8248 1956 2362 8249 1961 2363 8250 1965 2363 8251 1960 2363 8252 1965 253 8253 1964 253 8254 1962 253 8255 1967 2364 8256 1971 2364 8257 1966 2364 8258 1971 253 8259 1970 253 8260 1968 253 8261 1973 2357 8262 1977 2357 8263 1972 2357 8264 1977 253 8265 1976 253 8266 1974 253 8267 1979 2365 8268 1983 2365 8269 1978 2365 8270 1983 253 8271 1982 253 8272 1980 253 8273 1991 2366 8274 1987 2366 8275 1989 2366 8276 1985 2367 8277 1875 2367 8278 1984 2367 8279 1872 2368 8280 1880 2368 8281 1984 2368 8282 1995 2369 8283 1991 2369 8284 1993 2369 8285 1984 2370 8286 1986 2370 8287 1988 2370 8288 1989 2371 8289 1985 2371 8290 1988 2371 8291 1995 2372 8292 1993 2372 8293 1994 2372 8294 1993 2373 8295 1989 2373 8296 1992 2373 8297 1988 2374 8298 1990 2374 8299 1992 2374 8300 2000 2375 8301 2001 2375 8302 1996 2375 8303 2001 2376 8304 2002 2376 8305 1997 2376 8306 1998 2377 8307 2002 2377 8308 1999 2377 8309 1999 2378 8310 2003 2378 8311 1996 2378 8312 2003 253 8313 2002 253 8314 2000 253 8315 2008 2379 8316 2009 2379 8317 2004 2379 8318 2009 2380 8319 2010 2380 8320 2005 2380 8321 2006 2381 8322 2010 2381 8323 2007 2381 8324 2007 2382 8325 2011 2382 8326 2004 2382 8327 2011 253 8328 2010 253 8329 2008 253 8330 2016 2383 8331 2017 2383 8332 2012 2383 8333 2017 2384 8334 2018 2384 8335 2013 2384 8336 2014 2385 8337 2018 2385 8338 2015 2385 8339 2015 2386 8340 2019 2386 8341 2012 2386 8342 2019 253 8343 2018 253 8344 2016 253 8345 2024 2387 8346 2025 2387 8347 2020 2387 8348 2025 2388 8349 2026 2388 8350 2021 2388 8351 2022 2389 8352 2026 2389 8353 2023 2389 8354 2023 2390 8355 2027 2390 8356 2020 2390 8357 2027 253 8358 2026 253 8359 2024 253 8360 2032 2391 8361 2033 2391 8362 2028 2391 8363 2033 2392 8364 2034 2392 8365 2029 2392 8366 2034 2393 8367 2035 2393 8368 2030 2393 8369 2035 2394 8370 2032 2394 8371 2031 2394 8372 2035 253 8373 2034 253 8374 2032 253 8375 2040 2395 8376 2041 2395 8377 2036 2395 8378 2041 2396 8379 2042 2396 8380 2037 2396 8381 2038 2397 8382 2042 2397 8383 2039 2397 8384 2043 2398 8385 2040 2398 8386 2039 2398 8387 2043 2047 8388 2042 2047 8389 2040 2047 8390 2048 2399 8391 2049 2399 8392 2044 2399 8393 2049 2400 8394 2050 2400 8395 2045 2400 8396 2050 2401 8397 2051 2401 8398 2046 2401 8399 2047 2402 8400 2051 2402 8401 2044 2402 8402 2051 2403 8403 2050 2403 8404 2048 2403 8405 2052 2404 8406 2056 2404 8407 2053 2404 8408 2057 2405 8409 2058 2405 8410 2053 2405 8411 2054 2406 8412 2058 2406 8413 2055 2406 8414 2055 2407 8415 2059 2407 8416 2052 2407 8417 2059 253 8418 2058 253 8419 2056 253 8420 2065 2408 8421 2066 2408 8422 2061 2408 8423 2062 2409 8424 2066 2409 8425 2063 2409 8426 2063 2410 8427 2067 2410 8428 2060 2410 8429 2067 2411 8430 2066 2411 8431 2064 2411 8432 2072 2412 8433 2073 2412 8434 2068 2412 8435 2073 2413 8436 2074 2413 8437 2069 2413 8438 2074 2414 8439 2075 2414 8440 2070 2414 8441 2075 2415 8442 2072 2415 8443 2071 2415 8444 2075 2416 8445 2074 2416 8446 2072 2416 8447 2080 2417 8448 2081 2417 8449 2076 2417 8450 2081 2418 8451 2082 2418 8452 2077 2418 8453 2078 2419 8454 2082 2419 8455 2079 2419 8456 2079 2420 8457 2083 2420 8458 2076 2420 8459 2083 2421 8460 2082 2421 8461 2080 2421 8462 2088 2422 8463 2089 2422 8464 2084 2422 8465 2085 2423 8466 2089 2423 8467 2086 2423 8468 2086 2424 8469 2090 2424 8470 2087 2424 8471 2087 2425 8472 2091 2425 8473 2084 2425 8474 2088 253 8475 2091 253 8476 2089 253 8477 2096 2426 8478 2097 2426 8479 2092 2426 8480 2093 2427 8481 2097 2427 8482 2094 2427 8483 2099 2428 8484 2096 2428 8485 2095 2428 8486 2096 2429 8487 2099 2429 8488 2097 2429 8489 2101 2430 8490 2105 2430 8491 2102 2430 8492 2106 2431 8493 2107 2431 8494 2102 2431 8495 2103 2432 8496 2107 2432 8497 2100 2432 8498 2104 2433 8499 2107 2433 8500 2105 2433 8501 2108 2434 8502 2112 2434 8503 2109 2434 8504 2109 2435 8505 2113 2435 8506 2110 2435 8507 2114 2436 8508 2115 2436 8509 2110 2436 8510 2111 2437 8511 2115 2437 8512 2108 2437 8513 2112 253 8514 2115 253 8515 2113 253 8516 2120 2438 8517 2121 2438 8518 2116 2438 8519 2121 2439 8520 2122 2439 8521 2117 2439 8522 2118 2440 8523 2122 2440 8524 2119 2440 8525 2119 2441 8526 2123 2441 8527 2116 2441 8528 2123 253 8529 2122 253 8530 2120 253 8531 2124 2442 8532 2128 2442 8533 2125 2442 8534 2125 2443 8535 2129 2443 8536 2126 2443 8537 2130 2444 8538 2131 2444 8539 2126 2444 8540 2131 2445 8541 2128 2445 8542 2127 2445 8543 2128 2446 8544 2131 2446 8545 2129 2446 8546 2137 2447 8547 2138 2447 8548 2133 2447 8549 2134 2448 8550 2138 2448 8551 2135 2448 8552 2135 2449 8553 2139 2449 8554 2132 2449 8555 2139 2450 8556 2138 2450 8557 2136 2450 8558 2144 2451 8559 2145 2451 8560 2140 2451 8561 2141 2452 8562 2145 2452 8563 2142 2452 8564 2146 2453 8565 2147 2453 8566 2142 2453 8567 2143 2454 8568 2147 2454 8569 2140 2454 8570 2144 253 8571 2147 253 8572 2145 253 8573 2152 2455 8574 2153 2455 8575 2148 2455 8576 2153 2456 8577 2154 2456 8578 2149 2456 8579 2150 2457 8580 2154 2457 8581 2151 2457 8582 2151 2458 8583 2155 2458 8584 2148 2458 8585 2152 253 8586 2155 253 8587 2153 253 8588 2156 2459 8589 2160 2459 8590 2157 2459 8591 2157 2460 8592 2161 2460 8593 2158 2460 8594 2158 2461 8595 2162 2461 8596 2159 2461 8597 2159 2462 8598 2163 2462 8599 2156 2462 8600 2163 2463 8601 2162 2463 8602 2160 2463 8603 2168 2464 8604 2169 2464 8605 2164 2464 8606 2165 2465 8607 2169 2465 8608 2166 2465 8609 2166 2466 8610 2170 2466 8611 2167 2466 8612 2167 2467 8613 2171 2467 8614 2164 2467 8615 2171 2468 8616 2170 2468 8617 2168 2468 8618 2176 2469 8619 2177 2469 8620 2172 2469 8621 2177 2470 8622 2178 2470 8623 2173 2470 8624 2174 2471 8625 2178 2471 8626 2175 2471 8627 2179 2472 8628 2176 2472 8629 2175 2472 8630 2179 253 8631 2178 253 8632 2176 253 8633 2180 2473 8634 2184 2473 8635 2181 2473 8636 2185 2474 8637 2186 2474 8638 2181 2474 8639 2186 2475 8640 2187 2475 8641 2182 2475 8642 2187 2476 8643 2184 2476 8644 2183 2476 8645 2187 253 8646 2186 253 8647 2184 253 8648 2188 2477 8649 2192 2477 8650 2189 2477 8651 2189 2478 8652 2193 2478 8653 2190 2478 8654 2194 2479 8655 2195 2479 8656 2190 2479 8657 2191 2480 8658 2195 2480 8659 2188 2480 8660 2195 253 8661 2194 253 8662 2192 253 8663 2196 2481 8664 2200 2481 8665 2197 2481 8666 2201 2482 8667 2202 2482 8668 2197 2482 8669 2198 2483 8670 2202 2483 8671 2199 2483 8672 2203 2484 8673 2200 2484 8674 2199 2484 8675 2203 2485 8676 2202 2485 8677 2200 2485 8678 2204 2486 8679 2208 2486 8680 2205 2486 8681 2209 2487 8682 2210 2487 8683 2205 2487 8684 2206 2488 8685 2210 2488 8686 2207 2488 8687 2207 2489 8688 2211 2489 8689 2204 2489 8690 2208 2490 8691 2211 2490 8692 2209 2490 8693 2216 2491 8694 2217 2491 8695 2212 2491 8696 2217 2492 8697 2218 2492 8698 2213 2492 8699 2218 2493 8700 2219 2493 8701 2214 2493 8702 2215 2494 8703 2219 2494 8704 2212 2494 8705 2219 2495 8706 2218 2495 8707 2216 2495 8708 2220 2496 8709 2224 2496 8710 2221 2496 8711 2221 2497 8712 2225 2497 8713 2222 2497 8714 2222 2498 8715 2226 2498 8716 2223 2498 8717 2223 2499 8718 2227 2499 8719 2220 2499 8720 2224 2500 8721 2227 2500 8722 2225 2500 8723 2228 2501 8724 2232 2501 8725 2229 2501 8726 2233 2502 8727 2234 2502 8728 2229 2502 8729 2234 2503 8730 2235 2503 8731 2230 2503 8732 2235 2504 8733 2232 2504 8734 2231 2504 8735 2232 253 8736 2235 253 8737 2233 253 8738 2240 2505 8739 2241 2505 8740 2236 2505 8741 2237 2506 8742 2241 2506 8743 2238 2506 8744 2242 2507 8745 2243 2507 8746 2238 2507 8747 2243 2508 8748 2240 2508 8749 2239 2508 8750 2243 2203 8751 2242 2203 8752 2240 2203 8753 2248 2509 8754 2249 2509 8755 2244 2509 8756 2249 2510 8757 2250 2510 8758 2245 2510 8759 2250 2511 8760 2251 2511 8761 2246 2511 8762 2251 2512 8763 2248 2512 8764 2247 2512 8765 2248 253 8766 2251 253 8767 2249 253 8768 2256 2513 8769 2257 2513 8770 2252 2513 8771 2257 2514 8772 2258 2514 8773 2253 2514 8774 2258 2515 8775 2259 2515 8776 2254 2515 8777 2255 2516 8778 2259 2516 8779 2252 2516 8780 2256 253 8781 2259 253 8782 2257 253 8783 2264 2517 8784 2265 2517 8785 2260 2517 8786 2265 2518 8787 2266 2518 8788 2261 2518 8789 2266 2519 8790 2267 2519 8791 2262 2519 8792 2263 2520 8793 2267 2520 8794 2260 2520 8795 2264 253 8796 2267 253 8797 2265 253 8798 2272 2521 8799 2273 2521 8800 2268 2521 8801 2273 2522 8802 2274 2522 8803 2269 2522 8804 2270 2523 8805 2274 2523 8806 2271 2523 8807 2271 2524 8808 2275 2524 8809 2268 2524 8810 2272 253 8811 2275 253 8812 2273 253 8813 2280 2525 8814 2281 2525 8815 2276 2525 8816 2277 2526 8817 2281 2526 8818 2278 2526 8819 2282 2527 8820 2283 2527 8821 2278 2527 8822 2279 2528 8823 2283 2528 8824 2276 2528 8825 2283 253 8826 2282 253 8827 2280 253 8828 2288 2529 8829 2289 2529 8830 2284 2529 8831 2289 2530 8832 2290 2530 8833 2285 2530 8834 2286 2531 8835 2290 2531 8836 2287 2531 8837 2287 2532 8838 2291 2532 8839 2284 2532 8840 2288 253 8841 2291 253 8842 2289 253 8843 2297 2533 8844 2298 2533 8845 2293 2533 8846 2294 2534 8847 2298 2534 8848 2295 2534 8849 2295 2535 8850 2299 2535 8851 2292 2535 8852 2296 2536 8853 2299 2536 8854 2297 2536 8855 2300 2537 8856 2304 2537 8857 2301 2537 8858 2305 2538 8859 2306 2538 8860 2301 2538 8861 2302 2539 8862 2306 2539 8863 2303 2539 8864 2303 2540 8865 2307 2540 8866 2300 2540 8867 2307 253 8868 2306 253 8869 2304 253 8870 2312 2541 8871 2313 2541 8872 2308 2541 8873 2313 2542 8874 2314 2542 8875 2309 2542 8876 2310 2543 8877 2314 2543 8878 2311 2543 8879 2311 2544 8880 2315 2544 8881 2308 2544 8882 2315 2545 8883 2314 2545 8884 2312 2545 8885 2320 2546 8886 2321 2546 8887 2316 2546 8888 2321 2547 8889 2322 2547 8890 2317 2547 8891 2318 2548 8892 2322 2548 8893 2319 2548 8894 2319 2549 8895 2323 2549 8896 2316 2549 8897 2320 253 8898 2323 253 8899 2321 253 8900 2328 2550 8901 2329 2550 8902 2324 2550 8903 2329 2551 8904 2330 2551 8905 2325 2551 8906 2326 2552 8907 2330 2552 8908 2327 2552 8909 2327 2553 8910 2331 2553 8911 2324 2553 8912 2331 2554 8913 2330 2554 8914 2328 2554 8915 2332 2555 8916 2336 2555 8917 2333 2555 8918 2333 2556 8919 2337 2556 8920 2334 2556 8921 2338 2557 8922 2339 2557 8923 2334 2557 8924 2335 2558 8925 2339 2558 8926 2332 2558 8927 2336 2559 8928 2339 2559 8929 2337 2559 8930 2340 2560 8931 2344 2560 8932 2341 2560 8933 2345 2561 8934 2346 2561 8935 2341 2561 8936 2346 2562 8937 2347 2562 8938 2342 2562 8939 2343 2563 8940 2347 2563 8941 2340 2563 8942 2347 2564 8943 2346 2564 8944 2344 2564 8945 2352 2565 8946 2353 2565 8947 2348 2565 8948 2353 2566 8949 2354 2566 8950 2349 2566 8951 2354 2567 8952 2355 2567 8953 2350 2567 8954 2351 2568 8955 2355 2568 8956 2348 2568 8957 2352 2569 8958 2355 2569 8959 2353 2569 8960 2360 2570 8961 2361 2570 8962 2356 2570 8963 2361 2571 8964 2362 2571 8965 2357 2571 8966 2359 2572 8967 2363 2572 8968 2356 2572 8969 2363 2573 8970 2362 2573 8971 2360 2573 8972 2368 2574 8973 2369 2574 8974 2364 2574 8975 2369 2575 8976 2370 2575 8977 2365 2575 8978 2366 2576 8979 2370 2576 8980 2367 2576 8981 2371 2577 8982 2368 2577 8983 2367 2577 8984 2371 253 8985 2370 253 8986 2368 253 8987 2372 2578 8988 2376 2578 8989 2373 2578 8990 2377 2579 8991 2378 2579 8992 2373 2579 8993 2378 2580 8994 2379 2580 8995 2374 2580 8996 2375 2581 8997 2379 2581 8998 2372 2581 8999 2379 2582 9000 2378 2582 9001 2376 2582 9002 2384 2583 9003 2385 2583 9004 2380 2583 9005 2385 2584 9006 2386 2584 9007 2381 2584 9008 2382 2585 9009 2386 2585 9010 2383 2585 9011 2387 2586 9012 2384 2586 9013 2383 2586 9014 2387 2587 9015 2386 2587 9016 2384 2587 9017 2392 2588 9018 2393 2588 9019 2388 2588 9020 2393 2589 9021 2394 2589 9022 2389 2589 9023 2394 2590 9024 2395 2590 9025 2390 2590 9026 2391 2591 9027 2395 2591 9028 2388 2591 9029 2392 253 9030 2395 253 9031 2393 253 9032 2400 2592 9033 2401 2592 9034 2396 2592 9035 2397 2593 9036 2401 2593 9037 2398 2593 9038 2402 2594 9039 2403 2594 9040 2398 2594 9041 2403 2595 9042 2400 2595 9043 2399 2595 9044 2400 253 9045 2403 253 9046 2401 253 9047 2408 2596 9048 2409 2596 9049 2404 2596 9050 2405 2597 9051 2409 2597 9052 2406 2597 9053 2410 2598 9054 2411 2598 9055 2406 2598 9056 2411 2599 9057 2408 2599 9058 2407 2599 9059 2408 2600 9060 2411 2600 9061 2409 2600 9062 2417 2601 9063 2418 2601 9064 2413 2601 9065 2418 2602 9066 2419 2602 9067 2414 2602 9068 2415 2603 9069 2419 2603 9070 2412 2603 9071 2416 2604 9072 2419 2604 9073 2417 2604 9074 2424 2605 9075 2425 2605 9076 2420 2605 9077 2425 2606 9078 2426 2606 9079 2421 2606 9080 2426 2607 9081 2427 2607 9082 2422 2607 9083 2423 2608 9084 2427 2608 9085 2420 2608 9086 2424 2609 9087 2427 2609 9088 2425 2609 9089 2432 2610 9090 2433 2610 9091 2428 2610 9092 2433 2611 9093 2434 2611 9094 2429 2611 9095 2434 2612 9096 2435 2612 9097 2430 2612 9098 2435 2613 9099 2432 2613 9100 2431 2613 9101 2432 2614 9102 2435 2614 9103 2433 2614 9104 2440 2615 9105 2441 2615 9106 2436 2615 9107 2441 2616 9108 2442 2616 9109 2437 2616 9110 2438 2617 9111 2442 2617 9112 2439 2617 9113 2443 2618 9114 2440 2618 9115 2439 2618 9116 2443 2619 9117 2442 2619 9118 2440 2619 9119 2448 2620 9120 2449 2620 9121 2444 2620 9122 2445 2621 9123 2449 2621 9124 2446 2621 9125 2450 2622 9126 2451 2622 9127 2446 2622 9128 2447 2623 9129 2451 2623 9130 2444 2623 9131 2448 2624 9132 2451 2624 9133 2449 2624 9134 2456 2625 9135 2457 2625 9136 2452 2625 9137 2457 2626 9138 2458 2626 9139 2453 2626 9140 2458 2627 9141 2459 2627 9142 2454 2627 9143 2455 2628 9144 2459 2628 9145 2452 2628 9146 2456 2203 9147 2459 2203 9148 2457 2203 9149 2464 2629 9150 2465 2629 9151 2460 2629 9152 2461 2630 9153 2465 2630 9154 2462 2630 9155 2462 2631 9156 2466 2631 9157 2463 2631 9158 2467 2632 9159 2464 2632 9160 2463 2632 9161 2467 2633 9162 2466 2633 9163 2464 2633 9164 2468 2634 9165 2472 2634 9166 2469 2634 9167 2473 2635 9168 2474 2635 9169 2469 2635 9170 2474 2636 9171 2475 2636 9172 2470 2636 9173 2475 2637 9174 2472 2637 9175 2471 2637 9176 2475 253 9177 2474 253 9178 2472 253 9179 2480 2638 9180 2481 2638 9181 2476 2638 9182 2477 2639 9183 2481 2639 9184 2478 2639 9185 2482 2640 9186 2483 2640 9187 2478 2640 9188 2479 2641 9189 2483 2641 9190 2476 2641 9191 2480 2642 9192 2483 2642 9193 2481 2642 9194 2488 2643 9195 2489 2643 9196 2484 2643 9197 2485 2644 9198 2489 2644 9199 2486 2644 9200 2491 2645 9201 2488 2645 9202 2487 2645 9203 2491 2646 9204 2490 2646 9205 2488 2646 9206 2561 2647 9207 2552 2647 9208 2511 2647 9209 2509 2648 9210 2560 2648 9211 2494 2648 9212 2558 2649 9213 2555 2649 9214 2505 2649 9215 2556 2650 9216 2553 2650 9217 2501 2650 9218 2503 2651 9219 2557 2651 9220 2501 2651 9221 2559 2652 9222 2558 2652 9223 2506 2652 9224 2494 2653 9225 2554 2653 9226 2506 2653 9227 2493 2654 9228 2552 2654 9229 2509 2654 9230 2492 2655 9231 2553 2655 9232 2511 2655 9233 2517 2656 9234 2530 2656 9235 2513 2656 9236 2518 2657 9237 2528 2657 9238 2514 2657 9239 2524 2658 9240 2525 2658 9241 2519 2658 9242 2516 2659 9243 2520 2659 9244 2512 2659 9245 2520 2660 9246 2522 2660 9247 2521 2660 9248 2527 2661 9249 2526 2661 9250 2524 2661 9251 2518 2662 9252 2514 2662 9253 2527 2662 9254 2528 2663 9255 2517 2663 9256 2529 2663 9257 2530 2664 9258 2516 2664 9259 2531 2664 9260 2530 253 9261 2517 253 9262 2551 253 9263 2516 2665 9264 2530 2665 9265 2542 2665 9266 2527 2666 9267 2524 2666 9268 2549 2666 9269 2548 2667 9270 2524 2667 9271 2545 2667 9272 2544 2668 9273 2518 2668 9274 2549 2668 9275 2543 2669 9276 2517 2669 9277 2550 2669 9278 2528 2670 9279 2518 2670 9280 2550 2670 9281 2522 253 9282 2520 253 9283 2547 253 9284 2520 253 9285 2516 253 9286 2546 253 9287 2561 2671 9288 2510 2671 9289 2552 2671 9290 2560 2672 9291 2508 2672 9292 2554 2672 9293 2504 2673 9294 2499 2673 9295 2558 2673 9296 2556 2674 9297 2500 2674 9298 2553 2674 9299 2557 2675 9300 2502 2675 9301 2556 2675 9302 2507 2676 9303 2504 2676 9304 2559 2676 9305 2498 2677 9306 2507 2677 9307 2554 2677 9308 2552 2678 9309 2497 2678 9310 2560 2678 9311 2553 2679 9312 2496 2679 9313 2561 2679 9314 2541 253 9315 2533 253 9316 2562 253 9317 2540 2680 9318 2534 2680 9319 2564 2680 9320 2566 2681 9321 2538 2681 9322 2567 2681 9323 2567 2682 9324 2535 2682 9325 2570 2682 9326 2537 2683 9327 2536 2683 9328 2570 2683 9329 2565 2684 9330 2534 2684 9331 2571 2684 9332 2563 2685 9333 2533 2685 9334 2564 2685 9335 2569 2686 9336 2532 2686 9337 2562 2686 9338 2591 2310 9339 2601 2291 9340 2582 2293 9341 2590 2309 9342 2600 2294 9343 2584 2296 9344 2598 2307 9345 2595 2297 9346 2588 2299 9347 2586 2304 9348 2596 2300 9349 2583 2302 9350 2587 2305 9351 2597 2303 9352 2586 2304 9353 2595 2297 9354 2597 2303 9355 2585 2298 9356 2589 2308 9357 2599 2306 9358 2588 2299 9359 2594 2295 9360 2599 2306 9361 2584 2296 9362 2582 2293 9363 2593 2292 9364 2590 2309 9365 2583 2302 9366 2592 2301 9367 2591 2310 9368 2581 2320 9369 2573 2311 9370 2601 2291 9371 2600 2294 9372 2580 2312 9373 2594 2295 9374 2578 2318 9375 2575 2314 9376 2598 2307 9377 2576 2317 9378 2572 2315 9379 2596 2300 9380 2597 2303 9381 2577 2316 9382 2596 2300 9383 2595 2297 9384 2575 2314 9385 2597 2303 9386 2579 2319 9387 2578 2318 9388 2599 2306 9389 2594 2295 9390 2574 2313 9391 2599 2306 9392 2593 2292 9393 2573 2311 9394 2600 2294 9395 2592 2301 9396 2572 2315 9397 2601 2291 9398 2545 2687 9399 2519 2687 9400 2609 2687 9401 2605 2688 9402 2607 2688 9403 2604 2688 9404 2555 2689 9405 2499 2689 9406 2614 2689 9407 2609 2690 9408 2611 2690 9409 2608 2690 9410 2623 2691 9411 2625 2691 9412 2624 2691 9413 2622 450 9414 2623 450 9415 2624 450 9416 2627 858 9417 2629 858 9418 2628 858 9419 2626 2692 9420 2627 2692 9421 2628 2692 9422 2631 1230 9423 2633 1230 9424 2632 1230 9425 2630 2693 9426 2631 2693 9427 2632 2693 9428 2635 1230 9429 2637 1230 9430 2636 1230 9431 2634 2694 9432 2635 2694 9433 2636 2694 9434 985 2695 9435 982 2695 9436 983 2695 9437 989 2696 9438 986 2696 9439 987 2696 9440 992 253 9441 993 253 9442 990 253 9443 989 2697 9444 990 2697 9445 993 2697 9446 991 2698 9447 990 2698 9448 989 2698 9449 992 2699 9450 991 2699 9451 988 2699 9452 986 2700 9453 993 2700 9454 992 2700 9455 913 1053 9456 1042 1053 9457 1043 1053 9458 999 1458 9459 1001 2701 9460 1002 1037 9461</p>
        </triangles>
      </mesh>
    </geometry>
  </library_geometries>
  <library_visual_scenes>
    <visual_scene id="Scene" name="Scene">
      <node id="wonder" name="wonder" type="NODE">
        <matrix sid="transform">0.9 0 0 0 0 0.9 0 0 0 0 0.9 0 0 0 0 1</matrix>
        <instance_geometry url="#Cube_008Mesh-mesh" name="wonder">
          <bind_material>
            <technique_common>
              <instance_material symbol="Material_003-material" target="#Material_003-material">
                <bind_vertex_input semantic="Cube_008Mesh-mesh-map-0" input_semantic="TEXCOORD" input_set="0"/>
                <bind_vertex_input semantic="Cube_008Mesh-mesh-map-1" input_semantic="TEXCOORD" input_set="1"/>
              </instance_material>
            </technique_common>
          </bind_material>
        </instance_geometry>
        <node id="prop_garrisoned" name="prop_garrisoned" type="NODE">
          <matrix sid="transform">-1.1134e-6 -0.9971403 4.1999e-8 -3.585113 0.9971418 -1.1134e-6 6.80195e-10 -4.943711 -6.80149e-10 4.1999e-8 0.9971398 26.43263 0 0 0 0.9999999</matrix>
        </node>
        <node id="prop_projectile" name="prop_projectile" type="NODE">
          <matrix sid="transform">-1.1134e-6 -0.9971403 4.1999e-8 0.548968 0.9971418 -1.1134e-6 6.80195e-10 2.597938 -6.80149e-10 4.1999e-8 0.9971398 25.15279 0 0 0 0.9999999</matrix>
        </node>
        <node id="prop_tree_1" name="prop_tree.1" type="NODE">
          <matrix sid="transform">-2.533197 2.154719 1.15205e-7 -20.45486 -1.64368 -3.320798 -6.08069e-8 17.87971 7.21136e-8 -1.69174e-7 2.660944 0 0 0 0 0.9999999</matrix>
        </node>
        <node id="prop_tree_9" name="prop_tree_9" type="NODE">
          <matrix sid="transform">5.87964e-7 -3.019727 1.12077e-7 -22.84084 3.019732 5.87963e-7 1.81498e-9 3.76897 -2.05973e-9 1.27189e-7 2.660944 0 0 0 0 0.9999999</matrix>
        </node>
        <node id="prop_tree_2" name="prop_tree_2" type="NODE">
          <matrix sid="transform">-3.019727 1.17593e-6 1.12077e-7 -7.193422 -1.17593e-6 -3.019732 -1.20997e-7 28.80561 1.27189e-7 -1.37312e-7 2.660944 0 0 0 0 0.9999999</matrix>
        </node>
        <node id="prop_tree_3" name="prop_tree_3" type="NODE">
          <matrix sid="transform">2.02788e-6 3.019727 1.12077e-7 -16.44913 -3.019732 2.02788e-6 1.81533e-9 25.46637 2.06002e-9 -1.27189e-7 2.660944 0 0 0 0 0.9999999</matrix>
        </node>
        <node id="prop_tree_4" name="prop_tree_4" type="NODE">
          <matrix sid="transform">3.017342 0.1203831 1.13511e-7 -25.36351 -0.1199887 3.02726 1.15824e-7 -9.011471 -1.23492e-7 -1.36904e-7 2.660944 0 0 0 0 0.9999999</matrix>
        </node>
        <node id="prop_tree_5" name="prop_tree_5" type="NODE">
          <matrix sid="transform">2.02788e-6 3.019727 1.12077e-7 -9.570396 -3.019732 2.02788e-6 1.81533e-9 -25.35063 2.06002e-9 -1.27189e-7 2.660944 0 0 0 0 0.9999999</matrix>
        </node>
        <node id="prop_tree_6" name="prop_tree_6" type="NODE">
          <matrix sid="transform">3.019727 2.11649e-8 1.12077e-7 0.0592798 -2.11649e-8 3.019732 1.20997e-7 -29.43812 -1.27189e-7 -1.37312e-7 2.660944 0 0 0 0 0.9999999</matrix>
        </node>
        <node id="prop_tree_7" name="prop_tree_7" type="NODE">
          <matrix sid="transform">3.019727 2.11649e-8 1.12077e-7 1.867292 -2.11649e-8 3.019732 1.20997e-7 26.22038 -1.27189e-7 -1.37312e-7 2.660944 0 0 0 0 0.9999999</matrix>
        </node>
        <node id="prop_tree_8" name="prop_tree_8" type="NODE">
          <matrix sid="transform">5.87964e-7 -3.019727 1.12077e-7 23.20934 3.019732 5.87963e-7 1.81498e-9 10.35956 -2.05973e-9 1.27189e-7 2.660944 0 0 0 0 0.9999999</matrix>
        </node>
      </node>
    </visual_scene>
  </library_visual_scenes>
  <scene>
    <instance_visual_scene url="#Scene"/>
  </scene>
</COLLADA>