<?xml version="1.0" encoding="utf-8"?>
<COLLADA xmlns="http://www.collada.org/2005/11/COLLADASchema" version="1.4.1" xmlns:xsi="http://www.w3.org/2001/XMLSchema-instance">
  <asset>
    <contributor>
      <author>Blender User</author>
      <authoring_tool>Blender 4.3.1 commit date:2024-12-10, commit time:07:46, hash:33d812126174</authoring_tool>
    </contributor>
    <created>2026-04-09T15:12:26</created>
    <modified>2026-04-09T15:12:26</modified>
    <unit name="centimeter" meter="0.01"/>
    <up_axis>Z_UP</up_axis>
  </asset>
  <library_effects>
    <effect id="Material_007-effect">
      <profile_COMMON>
        <newparam sid="Untitled_006-surface">
          <surface type="2D">
            <init_from>Untitled_006</init_from>
          </surface>
        </newparam>
        <newparam sid="Untitled_006-sampler">
          <sampler2D>
            <source>Untitled_006-surface</source>
          </sampler2D>
        </newparam>
        <technique sid="common">
          <lambert>
            <emission>
              <color sid="emission">0 0 0 1</color>
            </emission>
            <diffuse>
              <texture texture="Untitled_006-sampler" texcoord="Cube_006-mesh-map-1"/>
            </diffuse>
            <index_of_refraction>
              <float sid="ior">1.5</float>
            </index_of_refraction>
          </lambert>
        </technique>
      </profile_COMMON>
    </effect>
  </library_effects>
  <library_images>
    <image id="Untitled_006" name="Untitled_006">
      <init_from>/home/welton/snap/0ad/717/.local/share/0ad/mods/aristeia/art/textures/skins/structural/ao/mino/storehouse.png</init_from>
    </image>
  </library_images>
  <library_materials>
    <material id="Material_007-material" name="Material.007">
      <instance_effect url="#Material_007-effect"/>
    </material>
  </library_materials>
  <library_geometries>
    <geometry id="Cube_006-mesh" name="Cube.006">
      <mesh>
        <source id="Cube_006-mesh-positions">
          <float_array id="Cube_006-mesh-positions-array" count="2481">-8.299745 -4.27408 0.4285692 -8.299745 3.19999 0.4285692 0.680848 3.19999 0.4285692 0.680848 -4.27408 0.4285692 -8.299745 -4.27408 5.765227 -8.299745 3.19999 5.765227 0.680848 3.19999 5.765227 0.680848 -4.27408 5.765227 -8.64634 -4.562531 -5.130033 -8.64634 3.488443 -5.130033 1.027442 3.488443 -5.130033 1.027442 -4.562531 -5.130033 -8.64634 -4.562531 0.6185435 -8.64634 3.488443 0.6185435 1.027442 3.488443 0.6185435 1.027442 -4.562531 0.6185435 -8.766514 2.816523 -5.36214 -8.766514 3.622992 -5.36214 -7.797488 3.622992 -5.36214 -7.797488 2.816523 -5.36214 -8.766514 2.816523 0.8506558 -8.766514 3.622992 0.8506558 -7.797488 3.622992 0.8506558 -7.797488 2.816523 0.8506558 0.143808 2.816523 -5.36214 0.143808 3.622992 -5.36214 1.112833 3.622992 -5.36214 1.112833 2.816523 -5.36214 0.143808 2.816523 0.8506558 0.143808 3.622992 0.8506558 1.112833 3.622992 0.8506558 1.112833 2.816523 0.8506558 -8.766514 -4.724091 -5.36214 -8.766514 -3.917624 -5.36214 -7.797488 -3.917624 -5.36214 -7.797488 -4.724091 -5.36214 -8.766514 -4.724091 0.8506558 -8.766514 -3.917624 0.8506558 -7.797488 -3.917624 0.8506558 -7.797488 -4.724091 0.8506558 0.143808 -4.724091 -5.36214 0.143808 -3.917624 -5.36214 1.112833 -3.917624 -5.36214 1.112833 -4.724091 -5.36214 0.143808 -4.724091 0.8506558 0.143808 -3.917624 0.8506558 1.112833 -3.917624 0.8506558 1.112833 -4.724091 0.8506558 -4.292729 2.816523 -5.36214 -4.292729 3.622992 -5.36214 -3.323705 3.622992 -5.36214 -3.323705 2.816523 -5.36214 -4.292729 2.816523 0.8506558 -4.292729 3.622992 0.8506558 -3.323705 3.622992 0.8506558 -3.323705 2.816523 0.8506558 -4.292729 -4.724091 -5.36214 -4.292729 -3.917624 -5.36214 -3.323705 -3.917624 -5.36214 -3.323705 -4.724091 -5.36214 -4.292729 -4.724091 0.8506558 -4.292729 -3.917624 0.8506558 -3.323705 -3.917624 0.8506558 -3.323705 -4.724091 0.8506558 -8.351187 -4.31689 0.537764 -8.351187 3.242802 0.537764 0.7322877 3.242802 0.537764 0.7322877 -4.31689 0.537764 -8.351187 -4.31689 1.113694 -8.351187 3.242802 1.113694 0.7322877 3.242802 1.113694 0.7322877 -4.31689 1.113694 0.8413085 -4.407622 6.154981 0.8413085 3.333535 6.154981 -8.460208 3.333535 6.154981 -8.460208 -4.407622 6.154981 0.8413085 -4.407622 5.606896 0.8413085 3.333535 5.606896 -8.460208 3.333535 5.606896 -8.460208 -4.407622 5.606896 0.7121263 -4.300113 6.808304 0.7121263 3.226024 6.808304 -8.331025 3.226024 6.808304 -8.331025 -4.300113 6.808304 0.7121263 -4.300113 6.134689 0.7121263 3.226024 6.134689 -8.331025 3.226024 6.134689 -8.331025 -4.300113 6.134689 1.119845 -4.639434 7.412691 1.119845 3.565348 7.412691 -8.738745 3.565348 7.412691 -8.738745 -4.639434 7.412691 1.119845 -4.639434 6.831777 1.119845 3.565348 6.831777 -8.738745 3.565348 6.831777 -8.738745 -4.639434 6.831777 -7.021189 -4.348009 0.4285692 -4.711023 -4.348009 0.4285692 -7.021189 -4.348009 5.765227 -4.711023 -4.348009 5.765227 -0.1138774 -4.614111 5.746532 -0.3550301 -4.614111 5.607304 -0.3550301 -4.614111 5.328845 -0.1138774 -4.614111 5.189612 0.1272763 -4.614111 5.328845 0.1272763 -4.614111 5.607304 -0.1138774 3.585733 5.771951 -0.4063181 3.585733 5.603108 -0.4063181 3.585733 5.265431 -0.1138774 3.585733 5.096588 0.1785629 3.585733 5.265431 0.1785629 3.585733 5.603108 -3.510912 -4.614111 5.746114 -3.845749 -4.614111 5.702378 -3.975292 -4.614111 5.390534 -3.769996 -4.614111 5.122426 -3.43516 -4.614111 5.166162 -3.305617 -4.614111 5.478005 -3.322643 3.585733 5.746114 -3.65748 3.585733 5.702378 -3.787022 3.585733 5.390534 -3.581727 3.585733 5.122426 -3.24689 3.585733 5.166162 -3.117348 3.585733 5.478005 -4.663643 -4.766594 5.190117 -4.387701 -4.766594 5.200479 -4.258701 -4.766594 5.444627 -4.405642 -4.766594 5.678422 -4.681586 -4.766594 5.668065 -4.810586 -4.766594 5.423912 -4.903349 3.738216 5.190117 -4.627407 3.738216 5.200479 -4.498407 3.738216 5.444627 -4.645348 3.738216 5.678422 -4.921291 3.738216 5.668065 -5.050291 3.738216 5.423912 -7.434891 -5.135597 5.168931 -7.135002 -5.135597 5.18019 -6.994807 -5.135597 5.445529 -7.154501 -5.135597 5.699609 -7.454388 -5.135597 5.688353 -7.594582 -5.135597 5.423014 -6.908801 3.556827 5.168931 -6.608914 3.556827 5.18019 -6.468719 3.556827 5.445529 -6.628412 3.556827 5.699609 -6.928299 3.556827 5.688353 -7.068494 3.556827 5.423014 1.129159 2.070455 4.79969 1.129159 2.370344 4.810949 1.129159 2.510539 5.076289 1.129159 2.350845 5.330368 1.129159 2.050958 5.319112 1.129159 1.910767 5.053773 -8.778094 2.07046 4.79969 -8.778094 2.370344 4.810949 -8.778094 2.510539 5.076289 -8.778094 2.350845 5.330368 -8.778094 2.05096 5.319112 -8.778094 1.910767 5.053773 1.129159 -3.614055 4.79969 1.129159 -3.314167 4.810949 1.129159 -3.173973 5.076289 1.129159 -3.333666 5.330368 1.129159 -3.633553 5.319112 1.129159 -3.773747 5.053773 -8.778094 -3.614054 4.79969 -8.778094 -3.314166 4.810949 -8.778094 -3.173972 5.076289 -8.778094 -3.333665 5.330368 -8.778094 -3.633553 5.319112 -8.778094 -3.773747 5.053773 0.6115964 -4.124607 7.412691 -8.230494 -4.124607 7.412691 0.6115964 3.05052 7.412691 -8.230494 3.05052 7.412691 0.6115964 -4.124607 7.140755 -8.230494 -4.124607 7.140755 0.6115964 3.05052 7.140755 -8.230494 3.05052 7.140755 -3.809449 -4.639434 6.590805 -3.809449 -4.639434 7.171719 -3.809449 3.565348 6.590805 -3.809449 3.565348 7.171719 -3.809449 -4.124607 7.171719 -3.809449 3.05052 7.171719 -3.809449 -4.124607 6.899783 -3.809449 3.05052 6.899783 -8.230494 -0.5370443 6.882241 0.6115964 -0.5370443 6.882241 -8.230494 -0.5370443 7.154177 0.6115964 -0.5370443 7.154177 -3.809449 -0.5370443 6.641269 -8.738745 -0.5370443 7.154177 -8.738745 -0.5370443 6.573264 1.119845 -0.5370443 7.154177 1.119845 -0.5370443 6.573264 -4.972217 3.300658 4.061288 -6.52055 3.300658 4.061288 -4.972217 3.300658 5.54255 -6.52055 3.300658 5.54255 -6.620632 3.321461 4.173019 -4.818235 3.321461 4.173019 -6.620632 3.321461 3.624932 -4.818235 3.321461 3.624932 -1.409291 3.300658 4.061288 -2.957623 3.300658 4.061288 -1.409291 3.300658 5.54255 -2.957623 3.300658 5.54255 -3.057705 3.321461 4.173019 -1.255309 3.321461 4.173019 -3.057705 3.321461 3.624932 -1.255309 3.321461 3.624932 0.3271357 -7.931118 4.324501 0.268328 -4.223239 5.329309 -2.815389 -4.282479 5.329309 -2.756583 -7.990356 4.324501 0.3254446 -7.824329 4.149607 0.2666368 -4.116452 5.154416 -2.817083 -4.175691 5.154416 -2.758276 -7.883566 4.149607 -3.074889 -8.011938 4.324501 -2.878764 -4.309782 5.329309 -3.380794 -4.277568 5.329309 -3.576918 -7.979722 4.324501 -3.069241 -7.905314 4.149607 -2.873116 -4.20316 5.154416 -3.375145 -4.170946 5.154416 -3.57127 -7.8731 4.149607 -3.21562 -5.577607 -4.155006 -2.97115 -5.696224 -4.158149 -2.938087 -5.975669 -4.232306 -3.149494 -6.136499 -4.303317 -3.393963 -6.017884 -4.300169 -3.427027 -5.73844 -4.226012 -3.788097 -7.612143 4.884287 -3.651235 -7.678548 4.882524 -3.632726 -7.83499 4.841008 -3.751078 -7.92503 4.801258 -3.887939 -7.858623 4.803017 -3.906448 -7.70218 4.844533 0.7974122 -5.500515 -4.155006 1.041879 -5.619132 -4.158149 1.074942 -5.898578 -4.232306 0.8635353 -6.059407 -4.303317 0.6190651 -5.940791 -4.300169 0.5860055 -5.661347 -4.226012 0.224933 -7.53505 4.884287 0.3617932 -7.601458 4.882524 0.3803045 -7.757897 4.841008 0.2619516 -7.847937 4.801258 0.1250911 -7.781531 4.803017 0.10658 -7.625088 4.844533 -4.297169 -7.239053 4.11855 -4.297169 -7.373219 4.122995 -4.297169 -7.435937 4.227768 -4.297169 -7.364494 4.328096 -4.297169 -7.230329 4.323651 -4.297169 -7.167609 4.218877 0.9388228 -7.239057 4.11855 0.9388228 -7.373219 4.122995 0.9388228 -7.43594 4.227768 0.9388228 -7.364496 4.328096 0.9388228 -7.230331 4.323651 0.9388228 -7.16761 4.218877 0.9905585 -4.392405 4.11855 0.9884334 -4.258259 4.122995 0.9874377 -4.19555 4.227768 0.9885714 -4.266982 4.328096 0.9906968 -4.401127 4.323651 0.9916921 -4.463837 4.218877 -3.989863 -4.495063 4.11855 -3.991989 -4.36092 4.122995 -3.992984 -4.298208 4.227768 -3.991851 -4.369642 4.328096 -3.989724 -4.503786 4.323651 -3.988729 -4.566497 4.218877 -3.028175 -2.376466 4.266651 -3.148378 -2.354128 4.271096 -3.204571 -2.343685 4.375869 -3.140562 -2.355581 4.476198 -3.020358 -2.377919 4.471752 -2.964166 -2.388361 4.366979 -3.918072 -8.176664 4.266651 -4.038274 -8.154325 4.271096 -4.094467 -8.143885 4.375869 -4.030459 -8.155776 4.476198 -3.910255 -8.178114 4.471752 -3.854061 -8.188559 4.366979 0.3031353 -2.252276 4.266651 0.1815826 -2.262474 4.271096 0.1247618 -2.267241 4.375869 0.1894896 -2.261811 4.476198 0.3110383 -2.251613 4.471752 0.3678627 -2.246847 4.366979 0.7093611 -8.117568 4.266651 0.5878089 -8.127763 4.271096 0.5309842 -8.132532 4.375869 0.595712 -8.127101 4.476198 0.717264 -8.116906 4.471752 0.7740888 -8.112133 4.366979 -1.692717 -2.684328 7.061717 -5.401823 -1.548893 7.017896 -5.563645 -2.07801 7.005129 -1.854541 -3.213444 7.048951 -1.730863 -2.667324 6.840522 -5.439968 -1.53189 6.796701 -5.60179 -2.061007 6.783933 -1.892687 -3.19644 6.827754 -0.5513211 0.6448207 7.084802 -3.964014 -1.199144 7.033699 -3.700859 -1.685869 7.018809 -0.2881691 0.1580958 7.069912 -0.5902121 0.6295948 6.826842 -4.002903 -1.214369 6.775738 -3.73975 -1.701093 6.760849 -0.3270591 0.1428728 6.811953 -8.444056 0.1610367 4.061288 -8.444056 -1.387296 4.061288 -8.444056 0.1610367 5.54255 -8.444056 -1.387296 5.54255 -8.464859 -1.487378 4.173019 -8.464859 0.3150199 4.173019 -8.464859 -1.487378 3.624932 -8.464859 0.3150199 3.624932 -7.565328 -5.022085 -5.439837 -7.565328 -4.090013 -5.439837 -4.270082 -4.090013 -5.439837 -4.270082 -5.022085 -5.439837 -7.565328 -5.022085 0.7729579 -7.565328 -4.090013 0.7729579 -4.270082 -4.090013 0.7729579 -4.270082 -5.022085 0.7729579 -7.64116 -5.602121 -6.374597 -7.64116 -4.308264 -6.374597 -4.225034 -4.308264 -6.374597 -4.225034 -5.602121 -6.374597 -7.64116 -5.602121 0.4814092 -7.64116 -4.308264 0.4814092 -4.225034 -4.308264 0.4814092 -4.225034 -5.602121 0.4814092 -7.663609 -6.28208 -6.484448 -7.600941 -5.034166 -6.484448 -4.306116 -5.199627 -6.484448 -4.368784 -6.447542 -6.484448 -7.663609 -6.28208 0.05027216 -7.600941 -5.034166 0.05027216 -4.306116 -5.199627 0.05027216 -4.368784 -6.447542 0.05027216 6.628789 6.710102 -6.340284 7.07921 6.502061 -6.344789 7.13237 6.029547 -6.451007 6.735108 5.765069 -6.552712 6.284687 5.973106 -6.548207 6.231527 6.445615 -6.441992 5.505939 3.296255 6.606772 5.758098 3.179789 6.60425 5.787857 2.915264 6.544791 5.565458 2.767197 6.487851 5.3133 2.883664 6.490373 5.283539 3.148195 6.549835 2.181592 6.970718 -6.340284 2.676842 6.940961 -6.344789 2.898399 6.520239 -6.451007 2.624707 6.129269 -6.552712 2.129455 6.159023 -6.548207 1.907897 6.57974 -6.441992 2.378834 3.382372 6.606772 2.656091 3.365716 6.60425 2.780123 3.130181 6.544791 2.626905 2.911302 6.487851 2.349648 2.92796 6.490373 2.225611 3.163496 6.549835 0.3333586 -4.189623 0.734885 -3.477373 -4.262829 0.7929723 -3.421391 -7.792656 0.7929723 0.3893416 -7.719449 0.7348849 0.2865061 -4.190523 0.5407129 -3.524226 -4.263729 0.5988003 -3.468243 -7.793556 0.5988003 0.3424888 -7.720349 0.5407129 1.035937 -7.253489 0.4333913 1.033807 -7.119344 0.4378364 1.032816 -7.056633 0.5426105 1.033946 -7.128067 0.6429392 1.036075 -7.262212 0.6384943 1.03707 -7.324923 0.5337203 -4.308026 -7.356148 0.4333913 -4.310154 -7.222004 0.4378364 -4.311149 -7.159293 0.5426105 -4.310016 -7.230726 0.6429392 -4.307889 -7.36487 0.6384943 -4.306894 -7.427582 0.5337203 -1.344853 -3.8049 1.957931 -2.956467 -3.835859 2.225202 -2.917864 -6.269884 1.617301 -1.309283 -6.04763 1.37495 -1.09614 -3.800121 0.324788 -3.258346 -3.841659 0.6409351 -3.2138 -6.650424 0.7556414 -1.051594 -6.608887 0.2693638 -0.7722481 -4.535225 1.63125 -0.4996281 -4.541248 1.63125 -0.368056 -4.804099 1.63125 -0.509105 -5.060929 1.63125 -0.7817261 -5.054908 1.63125 -0.9132971 -4.792055 1.63125 -0.827194 -4.425457 1.467156 -0.440725 -4.433995 1.467156 -0.2542091 -4.806614 1.467156 -0.4541591 -5.170696 1.467156 -0.840627 -5.162161 1.467156 -1.027144 -4.789541 1.467156 -0.827194 -4.425457 1.105841 -0.440725 -4.433995 1.105841 -0.2542091 -4.806614 1.105841 -0.4541591 -5.170696 1.105841 -0.840627 -5.162161 1.105841 -1.027144 -4.789541 1.105841 -0.7801721 -4.519396 0.7391796 -0.491133 -4.525782 0.7391796 -0.3516391 -4.804462 0.7391796 -0.5011811 -5.076757 0.7391796 -0.7902191 -5.070374 0.7391796 -0.929714 -4.791693 0.7391796 -0.6406761 -4.798077 1.524922 -0.6736601 -5.805394 1.511735 -0.77262 -5.683423 1.511735 -0.7261251 -5.528114 1.511735 -0.580666 -5.494776 1.511735 -0.4817041 -5.616747 1.511735 -0.5282011 -5.772056 1.511735 -0.6930751 -5.870252 1.367291 -0.833365 -5.697344 1.367291 -0.767453 -5.47718 1.367291 -0.56125 -5.429919 1.367291 -0.4209591 -5.602826 1.367291 -0.4868741 -5.822991 1.367291 -0.6930751 -5.870252 1.049243 -0.833365 -5.697344 1.049243 -0.767453 -5.47718 1.049243 -0.56125 -5.429919 1.049243 -0.4209591 -5.602826 1.049243 -0.4868741 -5.822991 1.049243 -0.6764591 -5.814747 0.726489 -0.7813791 -5.685431 0.726489 -0.7320841 -5.520769 0.726489 -0.577866 -5.485424 0.726489 -0.472945 -5.614739 0.726489 -0.5222411 -5.779401 0.726489 -0.6271631 -5.650085 1.41814 -2.402215 0.3535237 7.756531 -2.390957 0.6534128 7.756531 -2.125619 0.7936068 7.756531 -1.871537 0.6339138 7.756531 -1.882794 0.3340287 7.756531 -2.148134 0.1938338 7.756531 -2.513022 0.2949779 7.570615 -2.497062 0.7201009 7.570615 -2.120917 0.9188418 7.570615 -1.760731 0.6924586 7.570615 -1.776688 0.2673409 7.570615 -2.152834 0.0685997 7.570615 -2.513022 0.2949779 7.161246 -2.497062 0.7201009 7.161246 -2.120917 0.9188418 7.161246 -1.760731 0.6924586 7.161246 -1.776688 0.2673409 7.161246 -2.152834 0.0685997 7.161246 -2.418194 0.3450818 6.745821 -2.406257 0.6630287 6.745821 -2.124941 0.8116648 6.745821 -1.855559 0.6423588 6.745821 -1.867493 0.3244119 6.745821 -2.148812 0.1757757 6.745821 -2.136875 0.4937227 7.636061 -3.528786 1.476985 7.515833 -3.168671 1.607933 7.515833 -2.875213 1.36154 7.515833 -2.941866 0.9841979 7.515833 -3.301979 0.8532529 7.515833 -3.595438 1.099647 7.515833 -3.651336 1.579884 7.378643 -3.140837 1.765509 7.378643 -2.724828 1.416224 7.378643 -2.819317 0.8813019 7.378643 -3.329814 0.6956737 7.378643 -3.745822 1.044963 7.378643 -3.651336 1.579884 7.076566 -3.140837 1.765509 7.076566 -2.724828 1.416224 7.076566 -2.819317 0.8813019 7.076566 -3.329814 0.6956737 7.076566 -3.745822 1.044963 7.076566 -3.546458 1.491826 6.770017 -3.164657 1.630654 6.770017 -2.853527 1.369424 6.770017 -2.924195 0.9693608 6.770017 -3.305993 0.8305278 6.770017 -3.617123 1.091762 6.770017 -3.235325 1.230592 7.42694 -6.560584 -3.244829 7.813977 -6.355147 -3.455406 7.813977 -6.434792 -3.738609 7.813977 -6.719876 -3.811234 7.813977 -6.925315 -3.600658 7.813977 -6.845668 -3.317456 7.813977 -6.527324 -3.126562 7.649898 -6.236095 -3.425078 7.649898 -6.349001 -3.826546 7.649898 -6.753136 -3.929501 7.649898 -7.044367 -3.630988 7.649898 -6.931458 -3.229518 7.649898 -6.527324 -3.126562 7.288605 -6.236095 -3.425078 7.288605 -6.349001 -3.826546 7.288605 -6.753136 -3.929501 7.288605 -7.044367 -3.630988 7.288605 -6.931458 -3.229518 7.288605 -6.555788 -3.227774 6.921969 -6.33798 -3.451034 6.921969 -6.422422 -3.751289 6.921969 -6.724672 -3.828289 6.921969 -6.942482 -3.605032 6.921969 -6.858039 -3.304775 6.921969 -6.64023 -3.528032 7.707658 0.9302949 3.552156 -5.130033 0.9302949 2.85167 -5.130033 0.9302949 3.552156 0.6185435 0.9302949 2.85167 0.6185435 2.722238 3.552156 0.6185435 2.722238 3.552156 -5.130033 2.722238 2.85167 0.6185435 2.722238 2.85167 -5.130033 3.25964 2.750428 0.8506558 2.453853 2.717269 0.8506558 2.414013 3.685474 0.8506558 3.219796 3.718635 0.8506558 3.25964 2.750428 -5.36214 2.453853 2.717269 -5.36214 2.414013 3.685474 -5.36214 3.219796 3.718635 -5.36214 -2.723608 1.444262 2.005631 1.946273 1.444262 2.005631 1.946273 -2.583329 2.005631 -2.723608 -2.583329 2.005631 -2.723608 1.444262 2.727251 1.946273 1.444262 2.727251 1.946273 -2.583329 2.727251 -2.723608 -2.583329 2.727251 1.68155 -4.04518 -5.315308 1.68155 -3.113107 -5.315308 4.976796 -3.113107 -5.315308 4.976796 -4.04518 -5.315308 1.68155 -4.04518 0.8974874 1.68155 -3.113107 0.8974874 4.976796 -3.113107 0.8974874 4.976796 -4.04518 0.8974874 1.605721 -4.625215 -6.250068 1.605721 -3.331358 -6.250068 5.021845 -3.331358 -6.250068 5.021845 -4.625215 -6.250068 1.605721 -4.625215 0.6059387 1.605721 -3.331358 0.6059387 5.021845 -3.331358 0.6059387 5.021845 -4.625215 0.6059387 1.583269 -5.305175 -6.359919 1.645939 -4.057261 -6.359919 4.940763 -4.222722 -6.359919 4.878095 -5.470636 -6.359919 1.583269 -5.305175 0.1748019 1.645939 -4.057261 0.1748019 4.940763 -4.222722 0.1748019 4.878095 -5.470636 0.1748019 11.54451 -2.576511 -6.514711 11.33647 -3.026933 -6.519216 10.86396 -3.080093 -6.625434 10.59948 -2.682832 -6.727139 10.80752 -2.23241 -6.722634 11.28002 -2.17925 -6.61642 8.130667 -1.453662 6.432343 8.014202 -1.705821 6.429821 7.749676 -1.73558 6.370362 7.601608 -1.513182 6.313422 7.718076 -1.261023 6.315944 7.982607 -1.231262 6.375406 11.80513 1.870686 -6.514711 11.77537 1.375436 -6.519216 11.35465 1.153879 -6.625434 10.96368 1.42757 -6.727139 10.99343 1.922823 -6.722634 11.41415 2.144381 -6.61642 8.216784 1.673443 6.432343 8.200129 1.396187 6.429821 7.964594 1.272155 6.370362 7.745714 1.425373 6.313422 7.762373 1.702629 6.315944 7.997907 1.826666 6.375406 0.6503015 3.125232 0.5994058 7.852811 3.125233 0.5994058 7.852811 -3.086621 0.5994058 0.6503015 -3.086621 0.5994058 0.6502824 3.115412 11.44542 7.701463 3.115378 11.44542 7.701463 -3.07687 11.44542 0.6502824 -3.076835 11.44542 0.3723116 3.36494 -7.602097 8.130763 3.36494 -7.602097 8.130763 -3.326428 -7.602097 0.3723109 -3.326426 -7.602097 0.3723116 3.36494 1.041222 8.130763 3.36494 1.041222 8.130763 -3.326428 1.041222 0.3723109 -3.326426 1.041222 6.465554 3.448064 -7.951084 8.260421 3.448064 -7.951084 8.260421 1.727652 -7.951084 6.465554 1.727652 -7.951084 6.465554 3.448064 1.390216 8.260421 3.448064 1.390217 8.260421 1.727652 1.390216 6.465554 1.727652 1.390216 6.465554 -1.66508 -7.951084 8.260421 -1.66508 -7.951084 8.260416 -3.385492 -7.951084 6.465554 -3.385492 -7.951084 6.465554 -1.66508 1.390216 8.260421 -1.66508 1.390216 8.260416 -3.385492 1.390217 6.465554 -3.385492 1.390216 0.2166207 3.448064 -7.951084 2.011486 3.448064 -7.951084 2.011486 1.727652 -7.951084 0.2166207 1.727652 -7.951084 0.2166207 3.448064 1.390217 2.011486 3.448064 1.390216 2.011486 1.727652 1.390216 0.2166207 1.727652 1.390216 0.2166207 -1.66508 -7.951084 2.011486 -1.66508 -7.951084 2.011485 -3.385492 -7.951084 0.2166203 -3.385492 -7.951084 0.2166207 -1.66508 1.390216 2.011486 -1.66508 1.390216 2.011485 -3.385492 1.390216 0.2166203 -3.385492 1.390217 0.521591 -3.197678 11.85583 7.981482 -3.197679 11.85583 7.981482 3.236191 11.85583 0.5215919 3.236191 11.85583 0.521591 -3.197678 11.27869 7.981482 -3.197679 11.27869 7.981482 3.236191 11.27869 0.5215919 3.236191 11.27869 0.6251952 -3.108324 12.54378 7.877875 -3.108324 12.54378 7.877875 3.146837 12.54378 0.6251952 3.146837 12.54378 0.6251952 -3.108324 11.83446 7.877875 -3.108324 11.83446 7.877875 3.146837 11.83446 0.6251952 3.146837 11.83446 0.298201 -3.390341 13.1802 8.204869 -3.390343 13.1802 8.204869 3.428854 13.1802 0.2982021 3.428854 13.1802 0.298201 -3.390341 12.5685 8.204869 -3.390343 12.5685 8.204869 3.428854 12.5685 0.2982021 3.428854 12.5685 3.089185 -3.099542 9.674783 5.378105 -3.099542 9.674783 3.089185 -3.099542 11.11355 5.378105 -3.099542 11.11355 5.526053 -3.113929 9.78331 2.861551 -3.113929 9.78331 5.526053 -3.113929 9.250946 2.861551 -3.113929 9.250946 0.6503015 -3.076801 9.187156 7.701482 -3.076801 9.187156 0.6503015 3.115412 9.187156 7.701482 3.115413 9.187156 0.794323 -3.038785 13.1802 0.794323 3.077297 13.1802 7.708748 -3.038786 13.1802 7.708748 3.077297 13.1802 1.210955 -2.743467 12.89386 1.210955 2.781978 12.89386 7.292116 -2.743468 12.89386 7.292116 2.781978 12.89386 0.2982015 0.01925581 12.31476 0.2982015 0.01925581 12.92646 8.204869 0.01925581 12.31476 8.204869 0.01925581 12.92646 0.794323 0.01925581 12.92646 7.708748 0.01925581 12.92646 1.210955 0.01925581 12.64011 7.292116 0.01925581 12.64011 4.251536 2.781978 12.62164 4.251536 -2.743467 12.62164 4.251536 3.077297 12.90799 4.251536 -3.038786 12.90799 4.251536 0.01925581 12.36789 4.251536 3.428854 12.90799 4.251536 3.428854 12.29629 4.251536 -3.390342 12.90799 4.251536 -3.390342 12.29629 5.345095 3.225017 9.674783 3.042267 3.225017 9.674783 5.345095 3.225017 11.11355 3.042267 3.225017 11.11355 2.893416 3.239407 9.78331 5.574119 3.239407 9.78331 2.893416 3.239407 9.250946 5.574119 3.239407 9.250946 7.929022 -1.084302 9.674783 7.929022 1.161981 9.674783 7.929022 -1.084302 11.11355 7.929022 1.161981 11.11355 7.943411 1.307174 9.78331 7.943411 -1.307697 9.78331 7.943411 1.307174 9.250946 7.943411 -1.307697 9.250946 8.037801 -3.335048 6.928457 8.037801 3.136815 6.928457 0.2614277 3.136815 6.928457 0.2614277 -3.335048 6.928457 8.037801 -3.335048 6.380372 8.037801 3.136815 6.380372 0.2614277 3.136815 6.380372 0.2614277 -3.335048 6.380372 2.087453 -3.140166 0.4285692 4.397619 -3.140166 0.4285692 2.087453 -3.140166 5.765227 4.397619 -3.140166 5.765227 7.239233 -3.507679 6.520009 7.037622 -3.507679 6.380779 7.037622 -3.507679 6.102321 7.239233 -3.507679 5.963088 7.440846 -3.507679 6.102321 7.440846 -3.507679 6.380779 7.239233 3.347661 6.545427 6.994744 3.347661 6.376584 6.994744 3.347661 6.038906 7.239233 3.347661 5.870064 7.483725 3.347661 6.038906 7.483725 3.347661 6.376584 4.399201 -3.507679 6.519589 4.119266 -3.507679 6.475854 4.010965 -3.507679 6.16401 4.182598 -3.507679 5.895902 4.462533 -3.507679 5.939637 4.570834 -3.507679 6.251481 4.556601 3.347661 6.519589 4.276665 3.347661 6.475854 4.168364 3.347661 6.16401 4.339997 3.347661 5.895902 4.619932 3.347661 5.939637 4.728234 3.347661 6.251481 3.43548 -3.63516 5.963593 3.666177 -3.63516 5.973954 3.774025 -3.63516 6.218103 3.651178 -3.63516 6.451898 3.420479 -3.63516 6.441541 3.312631 -3.63516 6.197388 3.235078 3.475141 5.963593 3.465775 3.475141 5.973954 3.573623 3.475141 6.218103 3.450775 3.475141 6.451898 3.220078 3.475141 6.441541 3.112229 3.475141 6.197388 1.118626 -3.943659 5.942406 1.369342 -3.943659 5.953666 1.48655 -3.943659 6.219005 1.353041 -3.943659 6.473084 1.102326 -3.943659 6.461829 0.9851183 -3.943659 6.19649 1.558454 3.323494 5.942406 1.80917 3.323494 5.953666 1.926377 3.323494 6.219005 1.792869 3.323494 6.473084 1.542153 3.323494 6.461829 1.424945 3.323494 6.19649 7.999975 2.080838 5.573165 7.999975 2.331555 5.584424 7.999975 2.448763 5.849764 7.999975 2.315253 6.103844 7.999975 2.064537 6.092588 7.999975 1.947333 5.827249 -0.2828141 2.080843 5.573165 -0.2828141 2.331555 5.584424 -0.2828141 2.448763 5.849764 -0.2828141 2.315253 6.103844 -0.2828141 2.064541 6.092588 -0.2828141 1.947333 5.827249 7.999975 -2.6716 5.573165 7.999975 -2.420883 5.584424 7.999975 -2.303677 5.849764 7.999975 -2.437185 6.103844 7.999975 -2.687901 6.092588 7.999975 -2.805107 5.827249 -0.2828141 -2.671598 5.573165 -0.2828141 -2.420882 5.584424 -0.2828141 -2.303676 5.849764 -0.2828141 -2.437184 6.103844 -0.2828141 -2.6879 6.092588 -0.2828141 -2.805107 5.827249 0.6029072 1.608618 6.882301 0.6029068 -0.8766272 6.882301 0.6029072 1.608618 11.7357 0.6029068 -0.8766272 11.7357 6.918581 -3.266435 -7.112178 8.713449 -3.266435 -7.112178 8.713442 -4.986848 -7.112178 6.918581 -4.986847 -7.112178 6.918581 -3.266435 2.229123 8.713449 -3.266435 2.229123 8.713442 -4.986848 2.229123 6.918581 -4.986847 2.229123 6.465554 -4.988054 -7.763064 8.260421 -4.988054 -7.763064 8.260416 -6.708467 -7.763064 6.465554 -6.708467 -7.763064 6.465554 -4.988054 1.578235 8.260421 -4.988054 1.578235 8.260416 -6.708467 1.578236 6.465554 -6.708467 1.578235</float_array>
          <technique_common>
            <accessor source="#Cube_006-mesh-positions-array" count="827" stride="3">
              <param name="X" type="float"/>
              <param name="Y" type="float"/>
              <param name="Z" type="float"/>
            </accessor>
          </technique_common>
        </source>
        <source id="Cube_006-mesh-normals">
          <float_array id="Cube_006-mesh-normals-array" count="2100">-1 0 0 0 1 0 1 0 0 0 -1 0 0 0 1 -1 -2.00088e-7 0 0 -1 3.55051e-6 0 -1 -3.55038e-6 -0.9999805 -0.006254613 0 0.4999849 -0.009824275 -0.8659784 0.4999923 -0.002684593 0.8660258 -0.4999939 -0.002684593 0.8660249 -0.4999865 -0.009824335 -0.8659775 0.9999805 -0.006254434 0 0 -1 -2.41433e-6 0 -1 6.03585e-7 -0.9232811 0.02119863 0.3835396 0.1295153 -0.002973735 -0.991573 0.793838 -0.01822662 0.6078561 -0.1295203 0.002973735 0.9915723 -0.7938362 0.01822668 -0.6078584 0.9232806 -0.02119874 -0.3835409 0 -1 3.61043e-6 0 -1 -3.6104e-6 0 1 -3.61044e-6 0 1 1.8052e-6 0.8838952 0.02491235 -0.4670212 -0.03750854 -0.001057088 0.9992958 -0.846418 -0.02385604 -0.5319847 0.03752499 0.001057624 -0.9992952 0.846421 0.02385622 0.5319797 -0.8838987 -0.02491217 0.4670144 0 -1 3.05693e-6 0 1 -1.52845e-6 0 1 1.52845e-6 0 1 -1.52844e-6 0.8829074 -0.05343586 -0.4664967 -0.0375095 0.002269983 0.9992938 -0.845554 0.05117517 -0.5314317 0.03751808 -0.002270638 -0.9992935 0.8455473 -0.05117464 0.5314425 -0.8829101 0.05343592 0.4664918 1 -1.43294e-7 0 1 3.82114e-7 0 1 -1.67172e-7 0 -1 -4.01225e-6 0 0 0.884172 -0.4671614 0 -0.03750848 0.9992964 0 -0.8466681 -0.5321214 0 0.03751772 -0.999296 0 0.846656 0.5321407 -1.60382e-7 -0.8841769 0.4671524 1 -1.43294e-7 0 1 3.82113e-7 0 1 -1.67173e-7 0 -1 -4.01222e-6 0 0 0.8841737 -0.4671584 0 -0.03750842 0.9992963 0 -0.8466629 -0.5321297 0 0.0375179 -0.9992961 0 0.8466577 0.5321379 0 -0.8841736 0.4671584 0.05442488 0 0.9985179 0 0.07187199 0.9974139 -0.0544247 0 0.9985179 0 -0.07187199 0.9974139 0.05428475 -0.07176601 0.9959432 -0.04877066 -0.04814755 0.9976488 0.04877078 0.04814767 0.9976488 -0.05428475 -0.07176601 0.9959433 -0.05428451 0.07176613 0.9959432 -0.06357598 0.06276351 0.9960015 0.05428451 0.07176613 0.9959432 0.06357628 -0.06276339 0.9960014 0.01639145 -0.8532966 -0.5211682 0.9998743 0.01585507 1.1986e-5 -0.01639229 0.8532925 0.5211749 -0.9998743 -0.01585626 -3.24288e-6 0.005023121 -0.2614812 0.9651955 -0.05465877 -0.8517804 -0.52104 0.9985998 -0.05290091 -2.52405e-6 0.05465596 0.851777 0.5210458 -0.9985998 0.05290085 2.36627e-6 -0.01675212 -0.2610721 0.965174 -0.1175711 -0.2676854 0.9563062 -0.117568 -0.2676954 0.9563038 -0.1175663 -0.2676916 0.9563052 -0.1175726 -0.2676432 0.9563179 -0.1175665 -0.2676978 0.9563034 -0.1175665 -0.267687 0.9563063 -0.1175666 -0.2676903 0.9563055 -0.1175726 -0.2676448 0.9563174 0.9912275 0.09212869 0.09476625 -0.4296873 -0.8802515 -0.2013113 -0.6279787 0.7668127 0.13282 0.4277511 0.8756554 0.2241801 0.6250038 -0.7727605 -0.1105062 -0.9924687 -0.09788787 -0.07364851 0.9912273 0.09213 0.09476613 -0.4296859 -0.8802523 -0.2013108 -0.6279789 0.7668125 0.1328201 0.4277554 0.8756533 0.22418 0.6250016 -0.7727622 -0.110507 -0.9924706 -0.09787029 -0.07364565 -1 2.70375e-6 0 -1 -2.16303e-6 0 -1 1.62228e-6 0 1 8.7872e-7 0 1 5.40753e-7 0 0 -0.8580186 -0.5136187 0 0.033113 0.9994516 1.84852e-7 0.8145729 -0.5800613 0 -0.033113 -0.9994516 -4.62129e-7 -0.814581 0.5800498 0 0.8580155 0.513624 0.9998746 0.01584285 -1.86563e-5 0.9998744 0.01585549 8.65239e-6 0.9998744 0.01585489 1.26405e-5 0.9998745 0.01584124 -1.97384e-5 -0.9998743 -0.01585555 2.02788e-6 -0.9998743 -0.01585745 -3.3122e-6 -0.9998743 -0.01585757 -5.20493e-6 -0.9998745 -0.01584732 1.73729e-5 -0.01768195 0.8578405 -0.5136117 6.82434e-4 -0.03310728 0.9994516 0.01678687 -0.8144156 -0.5800392 -6.82521e-4 0.03310722 -0.9994516 -0.01678699 0.8144153 0.5800397 0.01768225 -0.85784 0.5136126 0.08358693 -0.9965006 -1.90326e-5 0.08361184 -0.9964984 -3.80657e-5 0.08361244 -0.9964984 -9.51642e-6 0.08358746 -0.9965005 7.61319e-5 -0.1827054 -0.9831678 5.6966e-5 -0.1826992 -0.9831689 1.8989e-5 -0.1826993 -0.9831689 -9.49451e-6 -0.1827158 -0.9831658 0 -0.8678169 0.1331458 -0.4787129 0.03593772 -0.005513787 0.9993389 0.8292781 -0.1272317 -0.54416 -0.03593254 0.005512058 -0.9993391 -0.8292789 0.1272325 0.5441585 0.8678207 -0.1331468 0.4787058 -0.876271 -0.06068974 -0.477981 0.03633737 0.002517044 0.9993364 0.8374481 0.05800169 -0.5434303 -0.03632873 -0.00251615 -0.9993368 -0.8374532 -0.05800074 0.5434228 0.8762609 0.06068843 0.4779997 0.9411651 -0.2834039 -0.1840941 0.2923855 0.9560224 0.02306604 -0.9411678 0.2833991 0.1840876 -0.2923856 -0.9560222 -0.0230692 -0.01755082 -0.0187512 0.9996702 0.8664963 0.4733272 -0.158573 -0.4755057 0.8794904 0.01977729 -0.8664936 -0.4733332 0.1585704 0.4755067 -0.8794896 -0.01978605 0.001203596 -0.02992826 0.9995514 0.9987415 -0.05015462 0 -0.9987415 0.05015563 0 -0.05015569 -0.9987415 0 -0.09587049 -0.2285475 0.9688007 -0.09586971 -0.2285479 0.9688007 -0.09587407 -0.2285559 0.9687985 -0.0958749 -0.2285534 0.9687989 0.988943 0.08375018 0.1223833 -0.4091122 -0.8805925 -0.2391318 -0.5752314 0.8018796 0.1615492 0.406426 0.8741825 0.2657495 0.5727684 -0.8086051 -0.1345152 -0.9913681 -0.09013086 -0.09521442 -0.006074249 -0.2477658 0.9688009 -0.006074249 -0.2477635 0.9688016 -0.006070554 -0.2477756 0.9687985 -0.006075739 -0.2477757 0.9687985 0.8905644 0.4380843 0.1223825 -0.06039714 -0.9691069 -0.2391321 -0.8277122 0.5373954 0.1615514 0.06022858 0.9621589 0.2657497 0.8278737 -0.5445467 -0.1345151 -0.8904966 -0.4449157 -0.09521484 0.9719695 0.01541537 -0.2346014 -0.9719702 -0.01541543 0.2345987 0.01920711 -0.9998155 -3.20974e-6 0.01523661 2.41636e-4 0.9998839 0.9998742 0.01586794 3.5961e-5 0.9998744 0.01585298 6.016e-6 0.9998744 0.01585459 -3.24458e-5 0.9998741 0.0158745 1.2032e-5 -0.9998743 -0.01585966 2.16308e-6 -0.9998742 -0.0158596 -4.66412e-6 -0.9998743 -0.01585954 -5.00208e-6 -0.9998741 -0.01586824 -1.21673e-5 -0.01647979 0.857856 -0.5136259 6.35984e-4 -0.0331068 0.9994516 0.01564532 -0.8144297 -0.5800514 -6.36022e-4 0.03310817 -0.9994516 -0.01564556 0.8144282 0.5800533 0.01647955 -0.8578622 0.5136156 0.9883404 -0.02343237 0.1504468 -0.9455415 -0.001703143 0.325497 0.1228929 -0.873066 0.4718612 0.1631807 -0.2457847 0.9554904 0.475507 -0.8312631 0.2879144 0.9919918 -0.01901882 -0.1248622 0.9609364 -0.01847797 0.276152 0.2357066 -0.3843784 0.8925782 -0.5092182 -0.8112316 0.2874029 -0.235706 0.3843779 0.8925784 -0.9609366 0.01847708 0.2761514 -0.4439867 0.00793612 0.8959982 0.5092217 0.8112279 0.2874069 -0.4755046 0.8312643 0.2879149 0.4439879 -0.007933855 0.8959977 -0.2516288 -0.3738653 0.892697 0.2516258 0.3738579 0.8927009 0.4856061 -0.8298358 -0.2748804 0.9662755 -0.01817578 -0.2568683 -0.5282368 -0.8386828 -0.1325784 0.5282405 0.8386806 -0.1325784 0.4933389 -0.8596169 -0.1329492 -0.9919919 0.01901715 -0.1248616 -0.4933369 0.8596181 -0.1329495 -0.5196862 -0.8092213 -0.2740205 0.5196919 0.8092179 -0.27402 -0.4856035 0.8298374 -0.2748807 -0.9662759 0.01817256 -0.2568669 -1.15862e-6 -6.79097e-7 1 0.3170751 0.9263797 0.203185 -0.6798928 0.7285371 -0.08354312 -0.6674348 0.7177545 0.198392 0.1692036 0.4655207 0.8687121 0.9626178 0.191857 0.1912015 -0.1692073 -0.4655202 0.8687117 0.6674308 -0.7177582 0.1983923 0.3436925 -0.3471853 0.8725468 -0.9626174 -0.1918591 0.1912014 -0.3170757 -0.9263798 0.2031834 -0.3436957 0.3471869 0.872545 0.4694669 0.08750945 0.8786028 -0.46946 -0.08750885 0.8786066 0.3232445 0.9297053 -0.1765248 -0.6765357 0.7163097 -0.1708796 0.9777182 0.1941459 -0.07984095 -0.9777178 -0.1941478 -0.07984131 0.3236405 0.9422541 -0.0861054 0.6798892 -0.7285407 -0.08354163 -0.3236424 -0.9422534 -0.08610498 0.6765365 -0.7163094 -0.1708781 0.9681614 0.1900255 -0.1629542 -0.9681615 -0.1900243 -0.1629549 -0.3232459 -0.9297047 -0.1765257 2.23963e-6 5.22353e-7 1 0.8515556 0.4499379 0.2690896 0.03724622 0.9919229 -0.1212513 0.03612077 0.9624397 0.2690822 0.3877806 -0.2437236 0.8889461 0.4049683 0.2139716 0.8889414 -0.4049629 -0.2139674 0.888945 -0.03611505 -0.9624379 0.2690896 -0.01718014 -0.4576981 0.8889418 -0.815435 0.5125002 0.2690899 -0.8515567 -0.4499409 0.269081 0.01718086 0.4576879 0.888947 0.8154388 -0.5124984 0.2690816 -0.3877857 0.2437301 0.888942 0.8560901 0.4523518 -0.2499753 0.0362969 0.9675709 -0.2499784 0.8404098 -0.5282137 -0.12125 -0.8404077 0.5282169 -0.1212517 0.8776545 0.4637038 -0.1212491 -0.0372377 -0.9919232 -0.1212512 -0.8776506 -0.4637109 -0.121251 0.8197802 -0.51524 -0.2499761 -0.8197781 0.5152435 -0.2499761 -0.0363394 -0.96757 -0.249976 -0.8561092 -0.4523156 -0.2499756 -1.69909e-6 -3.68182e-6 1 0.7101804 -0.5962876 0.3742791 0.9215399 0.3351078 -0.1961302 0.8714883 0.3168905 0.3742842 0.2815657 -0.2364075 0.9299636 -0.1613053 -0.913177 0.3742839 -0.2815651 0.2364041 0.9299646 -0.8714855 -0.3168928 0.3742888 -0.345524 -0.1256415 0.929961 0.1613076 0.9131751 0.3742876 -0.7101799 0.5962875 0.3742805 0.3455219 0.1256378 0.9299623 -0.06395006 -0.3620494 0.9299627 0.06395477 0.3620593 0.9299585 0.7509788 -0.6305265 -0.1961308 0.8580673 0.3120175 -0.4078793 -0.1705623 -0.9656305 -0.1961287 0.1705623 0.9656303 -0.1961291 -0.9215421 -0.3351006 -0.1961321 -0.7509748 0.6305321 -0.1961277 -0.1588177 -0.8991191 -0.4078747 0.1588223 0.8991175 -0.4078767 0.6992502 -0.5870989 -0.4078777 -0.6992464 0.5871025 -0.4078789 -0.8580688 -0.3120149 -0.4078783 2.7039e-7 5.18036e-7 1 -0.2591567 -0.921517 0.2892132 0.6920713 -0.7093879 -0.1334398 0.6684782 -0.6851958 0.2892122 -0.4309386 -0.1097809 0.8956786 -0.1203951 -0.4280931 0.8956792 0.1203953 0.428093 0.8956793 -0.6684802 0.6851919 0.2892166 -0.3105469 0.3183132 0.895677 0.927634 0.2363244 0.2892164 0.2591531 0.9215199 0.2892076 0.3105431 -0.3183148 0.8956778 -0.9276362 -0.2363262 0.2892079 0.4309408 0.1097832 0.8956772 -0.2683143 -0.9540446 -0.1334404 0.6712509 -0.6880667 -0.2756566 -0.960385 -0.2446528 -0.1334386 0.9603842 0.2446555 -0.1334391 -0.6920682 0.709391 -0.1334396 0.2683161 0.9540445 -0.1334378 -0.9315049 -0.2373031 -0.2756554 0.9315096 0.2372835 -0.2756565 -0.2602379 -0.9253597 -0.2756553 0.2602409 0.9253585 -0.2756559 -0.6712661 0.6880527 -0.2756544 -5.00226e-7 2.21254e-7 1 -0.9991545 -0.04111301 0 -0.04111915 0.9991543 0 0.9991543 0.04111766 0 0.04111629 -0.9991544 0 0.9987415 -0.05015468 0 -0.9987415 0.05015653 0 -0.05015522 -0.9987415 0 -0.2285456 0.09587079 0.9688013 -0.2285523 0.09587144 0.9687996 -0.2285532 0.09587329 0.9687992 -0.2285512 0.09587383 0.9687996 0.08375024 -0.988943 0.1223835 -0.8805891 0.4091198 -0.2391319 0.8018755 0.5752375 0.1615476 0.8741832 -0.4064243 0.2657499 -0.8086051 -0.5727684 -0.1345149 -0.0901333 0.9913679 -0.09521472 -0.2477651 0.006071567 0.9688012 -0.2477663 0.006072402 0.9688008 -0.2477738 0.006073296 0.9687989 -0.2477735 0.006074309 0.968799 0.4380855 -0.8905636 0.1223828 -0.9691072 0.0603916 -0.2391321 0.5373899 0.8277159 0.1615501 0.9621586 -0.06023293 0.2657498 -0.5445445 -0.8278751 -0.1345145 -0.4449147 0.8904972 -0.09521454 -1.35345e-7 0.9999994 0.001143515 0.9998449 0 0.01761871 0 -0.9999994 0.001143455 0 0 1 -2.45841e-7 -1 0 -1 0 0 1 -3.79787e-6 0 -6.17684e-7 0 1 -1 0 0 0 -5.54329e-7 1 1 -4.74734e-7 0 -1 2.37367e-7 0 6.17683e-7 5.54329e-7 1 -1 1.28415e-7 0 -1.2784e-7 -1 0 -3.17918e-7 0 1 -1 1.64326e-7 0 -2.41234e-7 -1 0 0.06414312 -0.6946876 0.7164461 -1 0 -8.47248e-6 -4.97045e-6 -1 -3.03693e-5 1 0 8.44609e-6 4.8352e-6 1 0 0 -0.08269059 0.9965754 0.07849425 0 0.9969146 0 0.08269041 0.9965754 -0.07849401 0 0.9969146 -0.08880138 -0.0911014 0.9918745 0.5648003 0.07547754 0.8217687 -0.0641424 0.6946874 0.7164462 -0.5648007 -0.0754776 0.8217684 -1 1.57182e-7 0 -0.05251556 0.07411181 0.9958663 0.05251574 -0.07411187 0.9958662 -0.08880138 0.0911014 0.9918744 0.5307936 -0.07008039 0.8445987 -0.5307906 0.07008045 0.8446006 0.08880138 0.0911014 0.9918744 -0.05963444 -0.6502314 0.7573923 0.05963414 0.6502323 0.7573915 0.06837278 0.09648835 0.992983 0.08880138 -0.09110146 0.9918745 -2.41232e-7 -1 0 -0.06837272 -0.09648835 0.992983 -0.9999805 -0.006254553 0 0.5682253 -0.01116544 -0.8227972 0.5682458 -0.003050863 0.8228533 -0.5682495 -0.003050863 0.8228508 -0.568229 -0.01116532 -0.8227948 0.9999805 -0.006254553 0 0 -1 -1.44392e-6 0 -1 1.44393e-6 0 -1 -1.08294e-6 0 -1 1.44393e-6 0 1 -1.44393e-6 -0.9444309 0.02168416 0.3279943 0.1543563 -0.003544092 -0.988009 0.8420505 -0.01933372 0.5390522 -0.1543601 0.003544092 0.9880083 -0.8420515 0.01933348 -0.5390506 0.9444309 -0.02168416 -0.3279943 0 -1 2.15925e-6 0 -1 -1.61945e-6 0 -1 2.15925e-6 0 1 2.15928e-6 0 1 -2.1593e-6 0 1 2.15925e-6 0.9144273 0.02577275 -0.4039289 -0.04485195 -0.001264035 0.9989929 -0.8849565 -0.02494221 -0.4650055 0.04486614 0.001264572 -0.9989923 0.8849595 0.02494233 0.4649999 -0.9144289 -0.02577275 0.4039252 0 -1 1.82819e-6 0 1 -4.57053e-7 0 1 -9.14094e-7 0.9133325 -0.05527728 -0.4034454 -0.04484784 0.002714157 0.9989902 -0.8839671 0.05349987 -0.4644781 0.04486858 -0.002715408 -0.9989892 0.8839614 -0.05349975 0.4644891 -0.9133335 0.05527704 0.4034432 1 -4.79913e-6 0 1 4.79903e-6 0 -1 0 0 -1 0 0 -1 0 0 -1 -2.28529e-7 0 0 0.9147313 -0.4040626 0 -0.04485112 0.9989937 0 -0.8852391 -0.4651364 0 0.04486232 -0.9989932 0 0.8852297 0.4651544 0 -0.9147362 0.404052 1 -4.79911e-6 0 1 4.79899e-6 0 -1 0 0 -1 0 0 -1 -2.28524e-7 0 1.48849e-7 0.9147343 -0.404056 0 -0.8852351 -0.4651439 0 0.04486227 -0.9989933 1.50432e-7 0.8852322 0.4651494 -1.4885e-7 -0.9147337 0.4040572 -1 1.5813e-7 0 1 -2.8484e-6 0 -5.31336e-7 -1 0 1 -3.79787e-6 0 -4.63263e-7 0 1 -0.9999805 -0.006254553 0 0.4999806 -0.009824156 -0.8659809 0.500003 -0.002684116 0.8660196 -0.5000025 -0.002684175 0.8660198 -0.4999802 -0.009824156 -0.8659812 0.9999805 -0.006254434 0 -0.923282 0.02119863 0.3835375 0.1295202 -0.002973735 -0.9915724 0.7938397 -0.01822656 0.6078539 -0.1295149 0.002973735 0.991573 -0.793838 0.01822656 -0.6078561 0.923282 -0.02119857 -0.3835375 0.8838938 0.02491235 -0.4670239 -0.03750544 -0.001057088 0.999296 -0.8464204 -0.02385598 -0.5319808 0.03752499 0.001057624 -0.9992952 0.8464219 0.02385604 0.5319783 -0.883898 -0.02491253 0.4670158 0.8829088 -0.05343574 -0.4664943 -0.03750365 0.002269983 0.999294 -0.8455527 0.05117511 -0.5314338 0.03751826 -0.002270638 -0.9992934 0.8455486 -0.05117487 0.5314404 -0.8829081 0.05343604 0.4664954 0 0.8841726 -0.4671605 0 -0.03750866 0.9992963 -4.01945e-7 -0.8466618 -0.5321314 0 0.03751832 -0.999296 0 0.8466555 0.5321416 0 -0.8841736 0.4671584 0 0.8841737 -0.4671585 0 -0.03750824 0.9992964 0 -0.8466607 -0.5321333 0 0.0375179 -0.9992961 0 0.8466566 0.5321397 0 -0.8841726 0.4671604 0.04877066 -0.04814773 0.9976488 0.06357628 0.06276345 0.9960014 -0.04877078 0.04814749 0.9976488 -0.06357598 -0.06276345 0.9960015 0.05428451 -0.07176613 0.9959433 -0.05442476 0 0.9985179 0.0544247 0 0.9985179 -0.05428451 -0.07176613 0.9959433 -1 2.00088e-7 0 -0.05428475 0.07176601 0.9959432 0 0.07187205 0.9974139 0.05428475 0.07176601 0.9959433 0 -0.07187199 0.9974139 0.01639157 -0.8532882 -0.5211818 0.9998744 0.01585465 1.273e-5 -0.01639205 0.853298 0.521166 -0.9998744 -0.01585865 1.5771e-6 0.005023062 -0.2614813 0.9651955 -0.05465656 -0.8517758 -0.5210477 0.9985998 -0.05290138 -2.90854e-6 0.0546571 0.8517782 0.5210437 -0.9985997 0.05290281 -3.78607e-6 -0.0167517 -0.2610721 0.965174 0.991228 0.09212243 0.09476554 -0.4296936 -0.8802486 -0.2013106 -0.6279795 0.7668118 0.1328215 0.4277504 0.875656 0.2241793 0.6250135 -0.7727529 -0.1105049 -0.9924701 -0.09787434 -0.07364642 0.991226 0.09214204 0.09476828 -0.429694 -0.8802484 -0.2013103 -0.627976 0.7668146 0.1328215 0.4277734 0.8756445 0.2241802 0.625009 -0.7727565 -0.1105048 -0.9924684 -0.09788894 -0.07364964 -4.536e-7 -0.8580133 -0.5136274 0 0.03311336 0.9994517 6.4039e-7 0.8145562 -0.5800849 0 -0.03311371 -0.9994516 -2.77102e-7 -0.8145699 0.5800655 3.72889e-7 0.8580102 0.5136328 -0.01768261 0.8578352 -0.5136206 6.82351e-4 -0.03310757 0.9994516 0.01678681 -0.8144023 -0.5800579 -6.82438e-4 0.03310745 -0.9994516 -0.01678705 0.8144066 0.5800519 0.01768237 -0.8578371 0.5136175 -0.8678205 0.133145 -0.4787067 0.03594291 -0.005513846 0.9993387 0.829267 -0.1272312 -0.5441769 -0.03592246 0.005512118 -0.9993395 -0.8292867 0.1272331 0.5441464 0.8678143 -0.1331443 0.478718 -0.8762552 -0.06068861 -0.4780102 0.03634375 0.002516984 0.9993363 0.8374512 0.05800062 -0.5434257 -0.03633636 -0.00251615 -0.9993365 -0.8374512 -0.05800098 0.5434256 0.8762534 0.06068903 0.4780137 0.9411659 -0.2834023 -0.1840922 0.2923854 0.9560223 0.02306962 -0.9411677 0.2833988 0.1840889 -0.2923871 -0.956022 -0.02306371 -0.01755124 -0.01875358 0.9996701 0.8664945 0.4733331 -0.1585661 -0.4755095 0.8794883 0.01977795 -0.8664951 -0.4733324 0.1585645 0.4755077 -0.8794891 -0.01978433 0.001203596 -0.02992826 0.9995514 0.9987415 -0.0501551 0 -0.9987415 0.05015468 0 -0.05015569 -0.9987415 0 0 0 1 0.9889435 0.08374565 0.1223827 -0.4091184 -0.8805896 -0.2391321 -0.5752115 0.8018925 0.1615563 0.4064213 0.8741847 0.2657498 0.5727802 -0.8085972 -0.1345124 -0.9913682 -0.09012949 -0.09521394 0.8905687 0.4380758 0.1223809 -0.06039988 -0.9691066 -0.2391322 -0.827705 0.5374055 0.1615545 0.06021803 0.9621595 0.26575 0.8278808 -0.5445365 -0.1345116 -0.8904982 -0.4449125 -0.09521436 0.9719691 0.01541531 -0.234603 -0.9719687 -0.01541507 0.2346042 0.01920729 -0.9998156 0 0.01523667 2.4165e-4 0.9998839 -0.01648002 0.8578668 -0.5136077 6.36015e-4 -0.03310734 0.9994517 0.01564544 -0.8144323 -0.5800477 -6.36022e-4 0.03310871 -0.9994516 -0.01564544 0.8144342 0.580045 0.01647967 -0.8578609 0.5136179 0.9750662 0.01109075 0.2216373 -0.9803779 -0.06226098 0.1870372 0.1793007 -0.9212195 0.3452624 0.1765627 -0.2358649 0.9556115 -0.9991545 -0.04111391 0 0 0 1 -0.04111915 0.9991543 0 0.9991543 0.04111766 0 0.04111623 -0.9991544 0 0.9987415 -0.05015516 0 -0.05015522 -0.9987415 0 0 0 1 0.08374696 -0.9889434 0.1223827 -0.8805917 0.4091134 -0.2391331 0.8018956 0.5752071 0.1615556 0.8741851 -0.4064207 0.2657493 -0.8085916 -0.5727886 -0.1345104 -0.0901317 0.991368 -0.09521466 0.4380769 -0.8905681 0.1223811 -0.9691064 0.06040304 -0.2391324 0.5374079 0.8277034 0.1615553 0.9621599 -0.06021171 0.2657498 -0.544532 -0.8278839 -0.1345109 -0.4449158 0.8904966 -0.09521466 -1.32327e-7 0.9999994 0.001143455 0.9998448 0 0.01761871 0 -0.9999994 0.001143455 3.4947e-7 0 1 -1 0 0 -6.17682e-7 -5.54329e-7 1 1 -1.89894e-6 0 0 5.54329e-7 1 6.17683e-7 0 1 -1 2.37367e-7 0 -1 1.44467e-7 0 -1.2784e-7 -1 0 -1 1.71471e-7 0 -2.41232e-7 -1 0 0.05963432 -0.6502305 0.757393 -1 0 -8.47247e-6 0 -1 -1.4853e-5 1 0 8.44609e-6 -1.35254e-7 1 1.53322e-5 -0.05251568 -0.07411175 0.9958663 0.06837284 -0.09648853 0.992983 0.05251121 0.07411187 0.9958665 -0.06837266 0.09648823 0.9929831 -0.08880138 -0.09110146 0.9918745 0.5307941 0.07008033 0.8445983 -0.05963426 0.6502335 0.7573904 -0.5307939 -0.07008033 0.8445986 -1 1.42892e-7 0 0 0.08269059 0.9965754 0 -0.08269041 0.9965753 -0.08880221 0.0911014 0.9918743 0.5648005 -0.07547754 0.8217685 -0.5648005 0.07547754 0.8217685 0.08880138 0.0911014 0.9918744 -0.06414312 -0.6946874 0.7164462 0.06414276 0.6946876 0.7164461 0.07849389 0 0.9969146 0.08880138 -0.0911014 0.9918745 -2.41234e-7 -1 0 -0.07849413 0 0.9969146 -0.9999805 -0.006254494 0 0.5682152 -0.01116496 -0.8228043 0.5682505 -0.003050863 0.82285 -0.568255 -0.003050804 0.822847 -0.5682197 -0.01116514 -0.8228012 0.9999805 -0.006254673 0 0.1543598 -0.003544032 -0.9880083 0.8420521 -0.01933348 0.5390495 -0.1543596 0.003544092 0.9880084 -0.8420512 0.01933354 -0.5390512 0.9444307 -0.02168411 -0.3279945 0.9144267 0.02577286 -0.4039304 -0.04484766 -0.001264035 0.998993 -0.8849564 -0.02494227 -0.4650054 0.0448662 0.001264512 -0.9989923 0.884958 0.02494245 0.4650027 -0.9144279 -0.02577298 0.4039275 0.913334 -0.05527722 -0.4034423 -0.04484349 0.002714157 0.9989904 -0.8839652 0.05349993 -0.4644819 0.04486435 -0.002715408 -0.9989894 0.8839628 -0.05349975 0.4644865 -0.9133319 0.05527746 0.4034467 0 0.9147313 -0.4040626 0 -0.04485177 0.9989937 -4.9412e-7 -0.8852312 -0.4651515 0 0.04486322 -0.9989932 0 0.8852283 0.4651569 -3.96932e-7 -0.9147308 0.4040639 0 0.9147343 -0.404056 0 -0.04485106 0.9989938 -2.33604e-7 -0.8852338 -0.4651464 0 0.0448625 -0.9989932 0 0.8852316 0.4651506 0 -0.914732 0.4040612 -1 0 0 1 -4.74734e-6 0 -5.31336e-7 -1 0 1 -1.89893e-6 0 0 5.54328e-7 1</float_array>
          <technique_common>
            <accessor source="#Cube_006-mesh-normals-array" count="700" stride="3">
              <param name="X" type="float"/>
              <param name="Y" type="float"/>
              <param name="Z" type="float"/>
            </accessor>
          </technique_common>
        </source>
        <source id="Cube_006-mesh-map-0">
          <float_array id="Cube_006-mesh-map-0-array" count="6804">0.4047567 0.6175607 0.001024961 0.9108067 0.001024961 0.6175605 0.403245 0.9108056 0.001024961 0.6175605 0.001024961 0.9108067 -4.83394e-4 0.9108052 0.403245 0.6175605 0.403245 0.9108056 -4.84586e-4 0.6175619 0.4047648 0.9108072 0.4047637 0.6175653 0.7197124 0.7993189 0.4479254 0.573125 0.7197124 0.573125 0.001024961 0.9108067 0.4047567 0.6175607 0.4047563 0.9108072 0.403245 0.9108056 0.001024961 0.6175605 0.001024961 0.9108067 -4.83394e-4 0.9108052 0.403245 0.6175605 0.403245 0.9108056 0.4047648 0.9108072 -4.84586e-4 0.6175619 -4.83394e-4 0.9108052 0.7197124 0.7993189 0.4479254 0.573125 0.7197124 0.573125 -8.35359e-5 0.5390101 0.06485933 0.01012539 0.06485921 0.5390112 0.06461614 0.5390083 -8.35359e-5 0.0101251 -8.35359e-5 0.5390101 -3.2616e-4 0.5390077 0.06461614 0.0101251 0.06461614 0.5390083 0.06486058 0.5390112 -3.26354e-4 0.01012796 -3.2616e-4 0.5390077 0.7197124 0.7993189 0.4479254 0.573125 0.7197124 0.573125 -8.35359e-5 0.5390101 0.06485933 0.01012539 0.06485921 0.5390112 0.06461614 0.5390083 -8.35359e-5 0.0101251 -8.35359e-5 0.5390101 -3.2616e-4 0.5390077 0.06461614 0.0101251 0.06461614 0.5390083 0.06486058 0.5390112 -3.26354e-4 0.01012796 -3.2616e-4 0.5390077 0.7197124 0.7993189 0.4479254 0.573125 0.7197124 0.573125 -8.35359e-5 0.5390101 0.06485933 0.01012539 0.06485921 0.5390112 0.06461614 0.5390083 -8.35359e-5 0.0101251 -8.35359e-5 0.5390101 -3.2616e-4 0.5390077 0.06461614 0.0101251 0.06461614 0.5390083 0.06486058 0.5390112 -3.26354e-4 0.01012796 -3.2616e-4 0.5390077 0.7197124 0.7993189 0.4479254 0.573125 0.7197124 0.573125 -8.35359e-5 0.5390101 0.06485933 0.01012539 0.06485921 0.5390112 0.06461614 0.5390083 -8.35359e-5 0.0101251 -8.35359e-5 0.5390101 -3.2616e-4 0.5390077 0.06461614 0.0101251 0.06461614 0.5390083 0.06486058 0.5390112 -3.26354e-4 0.01012796 -3.2616e-4 0.5390077 0.7197124 0.7993189 0.4479254 0.573125 0.7197124 0.573125 -8.35359e-5 0.5390101 0.06485933 0.01012539 0.06485921 0.5390112 0.06461614 0.5390083 -8.35359e-5 0.0101251 -8.35359e-5 0.5390101 -3.2616e-4 0.5390077 0.06461614 0.0101251 0.06461614 0.5390083 0.06486058 0.5390112 -3.26354e-4 0.01012796 -3.2616e-4 0.5390077 0.7197124 0.7993189 0.4479254 0.573125 0.7197124 0.573125 -8.35359e-5 0.5390101 0.06485933 0.01012539 0.06485921 0.5390112 0.06461614 0.5390083 -8.35359e-5 0.0101251 -8.35359e-5 0.5390101 -3.2616e-4 0.5390077 0.06461614 0.0101251 0.06461614 0.5390083 0.06486058 0.5390112 -3.26354e-4 0.01012796 -3.2616e-4 0.5390077 0.7197124 0.7993189 0.4479254 0.573125 0.7197124 0.573125 0.953969 0.9439805 0.8313674 0.5931406 0.9539692 0.5931411 0.9539686 0.5944543 0.8313673 0.9439805 0.953969 0.9439805 0.9539684 0.9452913 0.8313673 0.5944543 0.9539686 0.5944543 0.9539692 0.5931336 0.8313679 0.9452923 0.9539684 0.9452913 0.9011265 0.596623 0.8526014 0.9937334 0.9011262 0.9937323 0.9011262 0.9937323 0.8526012 0.5981122 0.9011262 0.5981122 0.9011262 0.5981122 0.8526012 0.9922541 0.9011264 0.9922541 0.9011264 0.9922541 0.8526012 0.5966309 0.9011265 0.5966314 0.7197124 0.7993189 0.4479254 0.573125 0.7197124 0.573125 0.1134575 0.02680325 0.06493234 0.5189761 0.1134571 0.5189748 0.1134571 0.5189748 0.0649321 0.02864897 0.1134572 0.02864897 0.1134572 0.02864897 0.0649321 0.5171427 0.1134573 0.5171427 0.1134573 0.5171427 0.06493216 0.02681303 0.1134575 0.02681374 0.7192744 0.7989544 0.4483634 0.5734896 0.7192744 0.5734896 0.3275439 0.3209113 0.3139557 0.3782264 0.3128477 0.3219702 0.3295044 0.1807218 0.3122329 0.2472195 0.3123047 0.1815013 0.341113 0.3483027 0.3565313 0.2857851 0.3571879 0.3472902 0.3398792 0.1741902 0.3577373 0.1054337 0.3576631 0.1733843 0.32401 0.17487 0.3102319 0.2284016 0.310234 0.1756777 0.651612 0.5401344 0.552365 0.3042376 0.5523653 0.5401329 0.8269878 0.3583484 0.8384565 0.3649699 0.8499253 0.3583484 0.8499252 0.3451055 0.8269878 0.3583484 0.8499253 0.3583484 0.8499252 0.3451055 0.8269878 0.3451055 0.8269878 0.3583484 0.8499252 0.3451055 0.8384565 0.3384841 0.8269878 0.3451055 0.8499253 0.3583484 0.8384565 0.3649699 0.8269878 0.3583484 0.8499252 0.3451055 0.8499253 0.3583484 0.8269878 0.3583484 0.8499252 0.3451055 0.8269878 0.3583484 0.8269878 0.3451055 0.8499252 0.3451055 0.8269878 0.3451055 0.8384565 0.3384841 0.5511735 0.3141851 0.3631795 0.3213006 0.3631795 0.3141852 0.3631795 0.328416 0.5511735 0.3355313 0.3631795 0.3355314 0.3631795 0.3426468 0.5511735 0.3497622 0.3631795 0.3497623 0.5511735 0.3497622 0.3631795 0.3568777 0.3631795 0.3497623 0.5511735 0.3213005 0.3631795 0.328416 0.3631795 0.3213006 0.3631795 0.3355314 0.5511735 0.3426467 0.3631795 0.3426468 0.8269878 0.3583484 0.8384565 0.3649699 0.8499253 0.3583484 0.8499252 0.3451055 0.8269878 0.3583484 0.8499253 0.3583484 0.8499252 0.3451055 0.8269878 0.3451055 0.8269878 0.3583484 0.8499252 0.3451055 0.8384565 0.3384841 0.8269878 0.3451055 0.8499253 0.3583484 0.8384565 0.3649699 0.8269878 0.3583484 0.8499252 0.3451055 0.8499253 0.3583484 0.8269878 0.3583484 0.8499252 0.3451055 0.8269878 0.3583484 0.8269878 0.3451055 0.8499252 0.3451055 0.8269878 0.3451055 0.8384565 0.3384841 0.3631795 0.3141852 0.5511735 0.3213005 0.3631795 0.3213006 0.5511735 0.3284159 0.3631795 0.3355314 0.3631795 0.328416 0.3631795 0.3426468 0.5511735 0.3497622 0.3631795 0.3497623 0.3631795 0.3497623 0.5511735 0.3568776 0.3631795 0.3568777 0.5511735 0.3213005 0.3631795 0.328416 0.3631795 0.3213006 0.5511735 0.3355313 0.3631795 0.3426468 0.3631795 0.3355314 0.8499252 0.3451055 0.8384565 0.3384841 0.8269878 0.3451055 0.8499252 0.3451055 0.8269878 0.3451055 0.8269878 0.3583484 0.8499252 0.3451055 0.8269878 0.3583484 0.8499253 0.3583484 0.8269878 0.3583484 0.8384565 0.3649699 0.8499253 0.3583484 0.8499252 0.3451055 0.8269878 0.3451055 0.8384565 0.3384841 0.8499252 0.3451055 0.8269878 0.3583484 0.8269878 0.3451055 0.8499252 0.3451055 0.8499253 0.3583484 0.8269878 0.3583484 0.8499253 0.3583484 0.8384565 0.3649699 0.8269878 0.3583484 0.3631795 0.3141852 0.5511735 0.3213005 0.3631795 0.3213006 0.5511735 0.3284159 0.3631795 0.3355314 0.3631795 0.328416 0.3631795 0.3426468 0.5511735 0.3497622 0.3631795 0.3497623 0.3631795 0.3497623 0.5511735 0.3568776 0.3631795 0.3568777 0.5511735 0.3213005 0.3631795 0.328416 0.3631795 0.3213006 0.5511735 0.3355313 0.3631795 0.3426468 0.3631795 0.3355314 0.8499252 0.3451055 0.8384565 0.3384841 0.8269878 0.3451055 0.8499252 0.3451055 0.8269878 0.3451055 0.8269878 0.3583484 0.8499252 0.3451055 0.8269878 0.3583484 0.8499253 0.3583484 0.8269878 0.3583484 0.8384565 0.3649699 0.8499253 0.3583484 0.8499252 0.3451055 0.8269878 0.3451055 0.8384565 0.3384841 0.8499252 0.3451055 0.8269878 0.3583484 0.8269878 0.3451055 0.8499252 0.3451055 0.8499253 0.3583484 0.8269878 0.3583484 0.8499253 0.3583484 0.8384565 0.3649699 0.8269878 0.3583484 0.5511735 0.3141851 0.3631795 0.3213006 0.3631795 0.3141852 0.3631795 0.328416 0.5511735 0.3355313 0.3631795 0.3355314 0.5511735 0.3426467 0.3631795 0.3497623 0.3631795 0.3426468 0.5511735 0.3497622 0.3631795 0.3568777 0.3631795 0.3497623 0.3631795 0.3213006 0.5511735 0.3284159 0.3631795 0.328416 0.3631795 0.3355314 0.5511735 0.3426467 0.3631795 0.3426468 0.8499252 0.3451055 0.8384565 0.3384841 0.8269878 0.3451055 0.8499252 0.3451055 0.8269878 0.3451055 0.8269878 0.3583484 0.8499252 0.3451055 0.8269878 0.3583484 0.8499253 0.3583484 0.8269878 0.3583484 0.8384565 0.3649699 0.8499253 0.3583484 0.8499252 0.3451055 0.8269878 0.3451055 0.8384565 0.3384841 0.8499252 0.3451055 0.8269878 0.3583484 0.8269878 0.3451055 0.8499252 0.3451055 0.8499253 0.3583484 0.8269878 0.3583484 0.8499253 0.3583484 0.8384565 0.3649699 0.8269878 0.3583484 0.5511735 0.3141851 0.3631795 0.3213006 0.3631795 0.3141852 0.3631795 0.328416 0.5511735 0.3355313 0.3631795 0.3355314 0.5511735 0.3426467 0.3631795 0.3497623 0.3631795 0.3426468 0.5511735 0.3497622 0.3631795 0.3568777 0.3631795 0.3497623 0.5511735 0.3213005 0.3631795 0.328416 0.3631795 0.3213006 0.5511735 0.3355313 0.3631795 0.3426468 0.3631795 0.3355314 0.8499252 0.3451055 0.8384565 0.3384841 0.8269878 0.3451055 0.8499252 0.3451055 0.8269878 0.3451055 0.8269878 0.3583484 0.8499252 0.3451055 0.8269878 0.3583484 0.8499253 0.3583484 0.8269878 0.3583484 0.8384565 0.3649699 0.8499253 0.3583484 0.8499252 0.3451055 0.8269878 0.3451055 0.8384565 0.3384841 0.8499252 0.3451055 0.8269878 0.3583484 0.8269878 0.3451055 0.8499252 0.3451055 0.8499253 0.3583484 0.8269878 0.3583484 0.8499253 0.3583484 0.8384565 0.3649699 0.8269878 0.3583484 0.5511735 0.3141851 0.3631795 0.3213006 0.3631795 0.3141852 0.5511735 0.3284159 0.3631795 0.3355314 0.3631795 0.328416 0.5511735 0.3426467 0.3631795 0.3497623 0.3631795 0.3426468 0.5511735 0.3497622 0.3631795 0.3568777 0.3631795 0.3497623 0.5511735 0.3213005 0.3631795 0.328416 0.3631795 0.3213006 0.5511735 0.3355313 0.3631795 0.3426468 0.3631795 0.3355314 0.3418081 0.3634826 0.3275439 0.3209113 0.3407594 0.318695 0.3448503 0.231056 0.3295044 0.1807218 0.3448523 0.1800643 0.3259403 0.301627 0.341113 0.3483027 0.3266451 0.3505951 0.3240121 0.1221461 0.3398792 0.1741902 0.32401 0.17487 0.5838189 0.7993189 0.4479254 0.686222 0.5838189 0.686222 0.3407594 0.318695 0.3513925 0.2729175 0.3524412 0.3177052 0.3448523 0.1800643 0.3581777 0.1282914 0.3581757 0.1792831 0.3266451 0.3505951 0.3145707 0.40053 0.3138659 0.3515619 0.3275439 0.3209113 0.3117396 0.2657139 0.3264358 0.2646551 0.341113 0.3483027 0.3578445 0.4087953 0.3417696 0.4098079 0.3397107 0.2739074 0.3275439 0.3209113 0.3264358 0.2646551 0.3273499 0.3995632 0.341113 0.3483027 0.3417696 0.4098079 0.7197124 0.686222 0.5838189 0.7993189 0.5838189 0.686222 0.3407594 0.318695 0.3534899 0.3624928 0.3418081 0.3634826 0.3266451 0.3505951 0.3131611 0.3025938 0.3259403 0.301627 0.3398792 0.1741902 0.3575889 0.2413349 0.339805 0.2421408 0.7197124 0.686222 0.5838189 0.573125 0.7197124 0.573125 0.32401 0.17487 0.310236 0.1229538 0.3240121 0.1221461 0.3448523 0.1800643 0.3581737 0.2302747 0.3448503 0.231056 0.324008 0.2275938 0.3398792 0.1741902 0.339805 0.2421408 0.5838189 0.573125 0.4479254 0.686222 0.4479254 0.573125 0.3295044 0.1807218 0.3123764 0.115783 0.3295762 0.1150036 0.3448542 0.1290726 0.3295044 0.1807218 0.3295762 0.1150036 0.5397767 0.5401344 0.458207 0.3945695 0.4582073 0.5401329 0.3661392 0.3229275 0.5408259 0.3442734 0.5408253 0.3229277 0.5397767 0.5401344 0.458207 0.3945695 0.4582073 0.5401329 0.3661392 0.3229275 0.5408259 0.3442734 0.5408253 0.3229277 0.6485204 0.5107851 0.6352375 0.402082 0.6352373 0.5107854 0.6485204 0.4024893 0.6352373 0.5107854 0.6352373 0.4024893 0.9011262 0.5981122 0.8526012 0.9922541 0.9011264 0.9922541 0.6485204 0.5103805 0.6352373 0.4020839 0.6485204 0.402084 0.648038 0.3204497 0.557649 0.3956756 0.557649 0.3204497 0.6485204 0.4020817 0.6352373 0.5107854 0.6485204 0.5107851 0.6485204 0.4024893 0.6352373 0.5107854 0.6352373 0.4024893 0.9011264 0.9922541 0.8526012 0.5981122 0.8526012 0.9922541 0.6485204 0.5103805 0.6352373 0.4020839 0.6485204 0.402084 0.648038 0.3956756 0.6232739 0.3204497 0.648038 0.3204497 0.8499253 0.3583484 0.8384565 0.3649699 0.8269878 0.3583484 0.8499252 0.3451055 0.8499253 0.3583484 0.8269878 0.3583484 0.8499252 0.3451055 0.8269878 0.3583484 0.8269878 0.3451055 0.8499252 0.3451055 0.8269878 0.3451055 0.8384565 0.3384841 0.8499253 0.3583484 0.8384565 0.3649699 0.8269878 0.3583484 0.8499252 0.3451055 0.8499253 0.3583484 0.8269878 0.3583484 0.8499252 0.3451055 0.8269878 0.3583484 0.8269878 0.3451055 0.8499252 0.3451055 0.8269878 0.3451055 0.8384565 0.3384841 0.3631795 0.3141852 0.5511735 0.3213005 0.3631795 0.3213006 0.3631795 0.328416 0.5511735 0.3355313 0.3631795 0.3355314 0.5511735 0.3426467 0.3631795 0.3497623 0.3631795 0.3426468 0.5511735 0.3497622 0.3631795 0.3568777 0.3631795 0.3497623 0.3631795 0.3213006 0.5511735 0.3284159 0.3631795 0.328416 0.5511735 0.3355313 0.3631795 0.3426468 0.3631795 0.3355314 0.3631795 0.3141852 0.5511735 0.3213005 0.3631795 0.3213006 0.3631795 0.328416 0.5511735 0.3355313 0.3631795 0.3355314 0.5511735 0.3426467 0.3631795 0.3497623 0.3631795 0.3426468 0.5511735 0.3497622 0.3631795 0.3568777 0.3631795 0.3497623 0.3631795 0.3213006 0.5511735 0.3284159 0.3631795 0.328416 0.5511735 0.3355313 0.3631795 0.3426468 0.3631795 0.3355314 0.8499252 0.3451055 0.8384565 0.3384841 0.8269878 0.3451055 0.8499252 0.3451055 0.8269878 0.3451055 0.8269878 0.3583484 0.8499252 0.3451055 0.8269878 0.3583484 0.8499253 0.3583484 0.8269878 0.3583484 0.8384565 0.3649699 0.8499253 0.3583484 0.8499252 0.3451055 0.8269878 0.3451055 0.8384565 0.3384841 0.8499252 0.3451055 0.8269878 0.3583484 0.8269878 0.3451055 0.8499252 0.3451055 0.8499253 0.3583484 0.8269878 0.3583484 0.8499253 0.3583484 0.8384565 0.3649699 0.8269878 0.3583484 0.5511735 0.3141851 0.3631795 0.3213006 0.3631795 0.3141852 0.3631795 0.328416 0.5511735 0.3355313 0.3631795 0.3355314 0.5511735 0.3426467 0.3631795 0.3497623 0.3631795 0.3426468 0.5511735 0.3497622 0.3631795 0.3568777 0.3631795 0.3497623 0.5511735 0.3213005 0.3631795 0.328416 0.3631795 0.3213006 0.3631795 0.3355314 0.5511735 0.3426467 0.3631795 0.3426468 0.8499252 0.3451055 0.8384565 0.3384841 0.8269878 0.3451055 0.8499252 0.3451055 0.8269878 0.3451055 0.8269878 0.3583484 0.8499252 0.3451055 0.8269878 0.3583484 0.8499253 0.3583484 0.8269878 0.3583484 0.8384565 0.3649699 0.8499253 0.3583484 0.8499252 0.3451055 0.8269878 0.3451055 0.8384565 0.3384841 0.8499252 0.3451055 0.8269878 0.3583484 0.8269878 0.3451055 0.8499252 0.3451055 0.8499253 0.3583484 0.8269878 0.3583484 0.8499253 0.3583484 0.8384565 0.3649699 0.8269878 0.3583484 0.3631795 0.3141852 0.5511735 0.3213005 0.3631795 0.3213006 0.5511735 0.3284159 0.3631795 0.3355314 0.3631795 0.328416 0.3631795 0.3426468 0.5511735 0.3497622 0.3631795 0.3497623 0.3631795 0.3497623 0.5511735 0.3568776 0.3631795 0.3568777 0.5511735 0.3213005 0.3631795 0.328416 0.3631795 0.3213006 0.5511735 0.3355313 0.3631795 0.3426468 0.3631795 0.3355314 0.8499252 0.3451055 0.8269878 0.3451055 0.8384565 0.3384841 0.8499252 0.3451055 0.8269878 0.3583484 0.8269878 0.3451055 0.8499252 0.3451055 0.8499253 0.3583484 0.8269878 0.3583484 0.8499253 0.3583484 0.8384565 0.3649699 0.8269878 0.3583484 0.8499252 0.3451055 0.8269878 0.3451055 0.8384565 0.3384841 0.8499252 0.3451055 0.8269878 0.3583484 0.8269878 0.3451055 0.8499252 0.3451055 0.8499253 0.3583484 0.8269878 0.3583484 0.8499253 0.3583484 0.8384565 0.3649699 0.8269878 0.3583484 0.3631795 0.3141852 0.5511735 0.3213005 0.3631795 0.3213006 0.5511735 0.3284159 0.3631795 0.3355314 0.3631795 0.328416 0.3631795 0.3426468 0.5511735 0.3497622 0.3631795 0.3497623 0.3631795 0.3497623 0.5511735 0.3568776 0.3631795 0.3568777 0.5511735 0.3213005 0.3631795 0.328416 0.3631795 0.3213006 0.5511735 0.3355313 0.3631795 0.3426468 0.3631795 0.3355314 0.5511735 0.3141851 0.3631795 0.3213006 0.3631795 0.3141852 0.3631795 0.328416 0.5511735 0.3355313 0.3631795 0.3355314 0.5511735 0.3426467 0.3631795 0.3497623 0.3631795 0.3426468 0.5511735 0.3497622 0.3631795 0.3568777 0.3631795 0.3497623 0.3631795 0.3213006 0.5511735 0.3284159 0.3631795 0.328416 0.3631795 0.3355314 0.5511735 0.3426467 0.3631795 0.3426468 0.6485204 0.4020817 0.6352373 0.5107854 0.6485204 0.5107851 0.6485204 0.4024893 0.6352373 0.5107854 0.6352373 0.4024893 0.9011264 0.9922541 0.8526012 0.5981122 0.8526012 0.9922541 0.6485204 0.5103805 0.6352373 0.4020839 0.6485204 0.402084 0.648038 0.3956756 0.6232739 0.3204497 0.648038 0.3204497 0.6485204 0.4020817 0.6352373 0.5107854 0.6485204 0.5107851 0.6485204 0.4024893 0.6352373 0.5107854 0.6352373 0.4024893 0.9011264 0.9922541 0.8526012 0.5981122 0.8526012 0.9922541 0.6485204 0.5103805 0.6352373 0.4020839 0.6485204 0.402084 0.6080381 0.3956756 0.583274 0.3204497 0.6080381 0.3204497 0.5397767 0.5401344 0.458207 0.3945695 0.4582073 0.5401329 0.3661392 0.3229275 0.5408259 0.3442734 0.5408253 0.3229277 0.4501971 0.3005167 0.6462252 -5.34311e-4 0.646225 0.3005173 0.4494647 0.3005155 0.6454913 -5.34579e-4 0.6454913 0.3005158 0.4494647 0.3005155 0.6454913 -5.34579e-4 0.6454913 0.3005158 0.6462291 0.3005173 0.449464 -5.33089e-4 0.4494647 0.3005155 0.6634258 0.2024043 0.4552121 0.150754 0.6634258 0.150754 0.4501971 0.3005167 0.6462252 -5.34311e-4 0.646225 0.3005173 0.4501971 0.3005167 0.6462252 -5.34311e-4 0.646225 0.3005173 0.4494647 0.3005155 0.6454913 -5.34579e-4 0.6454913 0.3005158 0.6462291 0.3005173 0.449464 -5.33089e-4 0.4494647 0.3005155 0.6634258 0.2024043 0.4552121 0.150754 0.6634258 0.150754 0.6462291 0.3005173 0.449464 -5.33089e-4 0.4494647 0.3005155 0.6634258 0.150754 0.4552121 0.2024043 0.4552121 0.150754 0.8499253 0.3583484 0.8384565 0.3649699 0.8269878 0.3583484 0.8499252 0.3451055 0.8499253 0.3583484 0.8269878 0.3583484 0.8499252 0.3451055 0.8269878 0.3583484 0.8269878 0.3451055 0.8499252 0.3451055 0.8269878 0.3451055 0.8384565 0.3384841 0.5511735 0.3141851 0.3631795 0.3213006 0.3631795 0.3141852 0.3631795 0.328416 0.5511735 0.3355313 0.3631795 0.3355314 0.5511735 0.3426467 0.3631795 0.3497623 0.3631795 0.3426468 0.5511735 0.3497622 0.3631795 0.3568777 0.3631795 0.3497623 0.3631795 0.3213006 0.5511735 0.3284159 0.3631795 0.328416 0.3631795 0.3355314 0.5511735 0.3426467 0.3631795 0.3426468 0.8499253 0.3583484 0.8384565 0.3649699 0.8269878 0.3583484 0.8499252 0.3451055 0.8499253 0.3583484 0.8269878 0.3583484 0.8499252 0.3451055 0.8269878 0.3583484 0.8269878 0.3451055 0.8499252 0.3451055 0.8269878 0.3451055 0.8384565 0.3384841 0.5511735 0.3141851 0.3631795 0.3213006 0.3631795 0.3141852 0.3631795 0.328416 0.5511735 0.3355313 0.3631795 0.3355314 0.5511735 0.3426467 0.3631795 0.3497623 0.3631795 0.3426468 0.5511735 0.3497622 0.3631795 0.3568777 0.3631795 0.3497623 0.3631795 0.3213006 0.5511735 0.3284159 0.3631795 0.328416 0.3631795 0.3355314 0.5511735 0.3426467 0.3631795 0.3426468 0.6485204 0.4020817 0.6352373 0.5107854 0.6485204 0.5107851 0.9011264 0.9922541 0.8526012 0.5981122 0.8526012 0.9922541 0.6485204 0.5103805 0.6352373 0.4020839 0.6485204 0.402084 0.648038 0.3956756 0.557649 0.3204497 0.648038 0.3204497 0.8499252 0.3451055 0.8384565 0.3384841 0.8269878 0.3451055 0.8499252 0.3451055 0.8269878 0.3451055 0.8269878 0.3583484 0.8499252 0.3451055 0.8269878 0.3583484 0.8499253 0.3583484 0.8269878 0.3583484 0.8384565 0.3649699 0.8499253 0.3583484 0.8499252 0.3451055 0.8269878 0.3451055 0.8384565 0.3384841 0.8499252 0.3451055 0.8269878 0.3583484 0.8269878 0.3451055 0.8499252 0.3451055 0.8499253 0.3583484 0.8269878 0.3583484 0.8499253 0.3583484 0.8384565 0.3649699 0.8269878 0.3583484 0.3631795 0.3141852 0.5511735 0.3213005 0.3631795 0.3213006 0.5511735 0.3284159 0.3631795 0.3355314 0.3631795 0.328416 0.3631795 0.3426468 0.5511735 0.3497622 0.3631795 0.3497623 0.3631795 0.3497623 0.5511735 0.3568776 0.3631795 0.3568777 0.5511735 0.3213005 0.3631795 0.328416 0.3631795 0.3213006 0.5511735 0.3355313 0.3631795 0.3426468 0.3631795 0.3355314 0.9881616 0.3857482 0.9517757 0.3648789 0.9501406 0.3945644 0.992491 0.3828011 0.9501406 0.3648789 0.9987349 0.3648789 0.977491 0.4264069 0.9997206 0.3985751 0.9999988 0.4343193 0.9367136 0.3985751 0.977491 0.4264069 0.9368291 0.4249067 0.9199395 0.4065923 0.9368599 0.3947795 0.9388206 0.4153947 0.9178481 0.417801 0.8907738 0.4054214 0.9199395 0.4065923 0.9021293 0.4291605 0.8788652 0.4130275 0.8891422 0.4225779 0.9021293 0.4291605 0.9281753 0.4234138 0.897317 0.4222151 0.9178481 0.417801 0.9388206 0.4153947 0.9310441 0.4241816 0.897298 0.4170042 0.8788652 0.4130275 0.8907738 0.4054214 0.9235042 0.4299682 0.9388206 0.4153947 0.9281753 0.4234138 0.9368599 0.3947795 0.9126361 0.3669218 0.9271326 0.3728305 0.8788652 0.4130275 0.8879377 0.3851413 0.8907738 0.4054214 0.9388206 0.4153947 0.9258672 0.4022005 0.9281753 0.4234138 0.8907738 0.4054214 0.9177068 0.3864179 0.9199395 0.4065923 0.897317 0.4222151 0.8756235 0.3921859 0.8788652 0.4130275 0.9281753 0.4234138 0.8943272 0.4008796 0.897317 0.4222151 0.8756235 0.3921859 0.8897339 0.3658739 0.8879377 0.3851413 0.9368599 0.3947795 0.9184959 0.3778434 0.9258672 0.4022005 0.8879377 0.3851413 0.9126361 0.3669218 0.9177068 0.3864179 0.8756235 0.3921859 0.8945562 0.3767603 0.8803239 0.3707016 0.9258672 0.4022005 0.8945562 0.3767603 0.8943272 0.4008796 0.8868044 0.4279808 0.9008539 0.4360924 0.8868044 0.4442039 0.8727548 0.4523153 0.8727548 0.4360924 0.8868044 0.4442039 0.8868044 0.4604268 0.8727548 0.4523153 0.8868044 0.4442039 0.9008539 0.4360924 0.9008538 0.4523153 0.8868044 0.4442039 0.8727548 0.4360924 0.8868044 0.4279808 0.8868044 0.4442039 0.9008538 0.4523153 0.8868044 0.4604268 0.8868044 0.4442039 0.9199395 0.4065923 0.9368599 0.3947795 0.9388206 0.4153947 0.9178481 0.417801 0.8907738 0.4054214 0.9199395 0.4065923 0.9021293 0.4291605 0.8788652 0.4130275 0.8891422 0.4225779 0.9021293 0.4291605 0.9281753 0.4234138 0.897317 0.4222151 0.9178481 0.417801 0.9388206 0.4153947 0.9310441 0.4241816 0.8891422 0.4225779 0.8907738 0.4054214 0.897298 0.4170042 0.9310441 0.4241816 0.9281753 0.4234138 0.9235042 0.4299682 0.9368599 0.3947795 0.9126361 0.3669218 0.9271326 0.3728305 0.8788652 0.4130275 0.8879377 0.3851413 0.8907738 0.4054214 0.9388206 0.4153947 0.9258672 0.4022005 0.9281753 0.4234138 0.8907738 0.4054214 0.9177068 0.3864179 0.9199395 0.4065923 0.897317 0.4222151 0.8756235 0.3921859 0.8788652 0.4130275 0.9281753 0.4234138 0.8943272 0.4008796 0.897317 0.4222151 0.8879377 0.3851413 0.8803239 0.3707016 0.8897339 0.3658739 0.9258672 0.4022005 0.9271326 0.3728305 0.9184959 0.3778434 0.8879377 0.3851413 0.9126361 0.3669218 0.9177068 0.3864179 0.8756235 0.3921859 0.8945562 0.3767603 0.8803239 0.3707016 0.9258672 0.4022005 0.8945562 0.3767603 0.8943272 0.4008796 0.8868044 0.4279808 0.9008539 0.4360924 0.8868044 0.4442039 0.8727548 0.4523153 0.8727548 0.4360924 0.8868044 0.4442039 0.8868044 0.4604268 0.8727548 0.4523153 0.8868044 0.4442039 0.9008539 0.4360924 0.9008538 0.4523153 0.8868044 0.4442039 0.8727548 0.4360924 0.8868044 0.4279808 0.8868044 0.4442039 0.9008538 0.4523153 0.8868044 0.4604268 0.8868044 0.4442039 0.9199395 0.4065923 0.9368599 0.3947795 0.9388206 0.4153947 0.897298 0.4170042 0.9199395 0.4065923 0.9178481 0.417801 0.9021293 0.4291605 0.8788652 0.4130275 0.8891422 0.4225779 0.9021293 0.4291605 0.9281753 0.4234138 0.897317 0.4222151 0.9310441 0.4241816 0.9199395 0.4065923 0.9388206 0.4153947 0.897298 0.4170042 0.8788652 0.4130275 0.8907738 0.4054214 0.9310441 0.4241816 0.9281753 0.4234138 0.9235042 0.4299682 0.9368599 0.3947795 0.9126361 0.3669218 0.9271326 0.3728305 0.8788652 0.4130275 0.8879377 0.3851413 0.8907738 0.4054214 0.9388206 0.4153947 0.9258672 0.4022005 0.9281753 0.4234138 0.8907738 0.4054214 0.9177068 0.3864179 0.9199395 0.4065923 0.897317 0.4222151 0.8756235 0.3921859 0.8788652 0.4130275 0.9281753 0.4234138 0.8943272 0.4008796 0.897317 0.4222151 0.8756235 0.3921859 0.8897339 0.3658739 0.8879377 0.3851413 0.9258672 0.4022005 0.9271326 0.3728305 0.9184959 0.3778434 0.9177068 0.3864179 0.8897339 0.3658739 0.9126361 0.3669218 0.8943272 0.4008796 0.8803239 0.3707016 0.8756235 0.3921859 0.9258672 0.4022005 0.8945562 0.3767603 0.8943272 0.4008796 0.8868044 0.4279808 0.9008539 0.4360924 0.8868044 0.4442039 0.8727548 0.4523153 0.8727548 0.4360924 0.8868044 0.4442039 0.8868044 0.4604268 0.8727548 0.4523153 0.8868044 0.4442039 0.9008539 0.4360924 0.9008538 0.4523153 0.8868044 0.4442039 0.8727548 0.4360924 0.8868044 0.4279808 0.8868044 0.4442039 0.9008538 0.4523153 0.8868044 0.4604268 0.8868044 0.4442039 0.9199395 0.4065923 0.9368599 0.3947795 0.9388206 0.4153947 0.9178481 0.417801 0.8907738 0.4054214 0.9199395 0.4065923 0.9021293 0.4291605 0.8788652 0.4130275 0.8891422 0.4225779 0.9021293 0.4291605 0.9281753 0.4234138 0.897317 0.4222151 0.9178481 0.417801 0.9388206 0.4153947 0.9310441 0.4241816 0.897298 0.4170042 0.8788652 0.4130275 0.8907738 0.4054214 0.9310441 0.4241816 0.9281753 0.4234138 0.9235042 0.4299682 0.9177068 0.3864179 0.9271326 0.3728305 0.9368599 0.3947795 0.8788652 0.4130275 0.8879377 0.3851413 0.8907738 0.4054214 0.9388206 0.4153947 0.9258672 0.4022005 0.9281753 0.4234138 0.8907738 0.4054214 0.9177068 0.3864179 0.9199395 0.4065923 0.897317 0.4222151 0.8756235 0.3921859 0.8788652 0.4130275 0.9281753 0.4234138 0.8943272 0.4008796 0.897317 0.4222151 0.8756235 0.3921859 0.8897339 0.3658739 0.8879377 0.3851413 0.9368599 0.3947795 0.9184959 0.3778434 0.9258672 0.4022005 0.8879377 0.3851413 0.9126361 0.3669218 0.9177068 0.3864179 0.8756235 0.3921859 0.8945562 0.3767603 0.8803239 0.3707016 0.9258672 0.4022005 0.8945562 0.3767603 0.8943272 0.4008796 0.8868044 0.4279808 0.9008539 0.4360924 0.8868044 0.4442039 0.8727548 0.4523153 0.8727548 0.4360924 0.8868044 0.4442039 0.8868044 0.4604268 0.8727548 0.4523153 0.8868044 0.4442039 0.9008539 0.4360924 0.9008538 0.4523153 0.8868044 0.4442039 0.8727548 0.4360924 0.8868044 0.4279808 0.8868044 0.4442039 0.9008538 0.4523153 0.8868044 0.4604268 0.8868044 0.4442039 0.9199395 0.4065923 0.9368599 0.3947795 0.9388206 0.4153947 0.897298 0.4170042 0.9199395 0.4065923 0.9178481 0.417801 0.9021293 0.4291605 0.8788652 0.4130275 0.8891422 0.4225779 0.9021293 0.4291605 0.9281753 0.4234138 0.897317 0.4222151 0.9178481 0.417801 0.9388206 0.4153947 0.9310441 0.4241816 0.897298 0.4170042 0.8788652 0.4130275 0.8907738 0.4054214 0.9310441 0.4241816 0.9281753 0.4234138 0.9235042 0.4299682 0.9177068 0.3864179 0.9271326 0.3728305 0.9368599 0.3947795 0.8788652 0.4130275 0.8879377 0.3851413 0.8907738 0.4054214 0.9388206 0.4153947 0.9258672 0.4022005 0.9281753 0.4234138 0.8907738 0.4054214 0.9177068 0.3864179 0.9199395 0.4065923 0.897317 0.4222151 0.8756235 0.3921859 0.8788652 0.4130275 0.9281753 0.4234138 0.8943272 0.4008796 0.897317 0.4222151 0.8756235 0.3921859 0.8897339 0.3658739 0.8879377 0.3851413 0.9368599 0.3947795 0.9184959 0.3778434 0.9258672 0.4022005 0.9177068 0.3864179 0.8897339 0.3658739 0.9126361 0.3669218 0.8756235 0.3921859 0.8945562 0.3767603 0.8803239 0.3707016 0.9258672 0.4022005 0.8945562 0.3767603 0.8943272 0.4008796 0.8868044 0.4279808 0.9008539 0.4360924 0.8868044 0.4442039 0.8727548 0.4523153 0.8727548 0.4360924 0.8868044 0.4442039 0.8868044 0.4604268 0.8727548 0.4523153 0.8868044 0.4442039 0.9008539 0.4360924 0.9008538 0.4523153 0.8868044 0.4442039 0.8727548 0.4360924 0.8868044 0.4279808 0.8868044 0.4442039 0.9008538 0.4523153 0.8868044 0.4604268 0.8868044 0.4442039 0.1075236 0.6175606 0.001024961 0.9108067 0.1075233 0.9108069 0.4479254 0.686222 0.7197124 0.7993189 0.7197124 0.686222 0.2125105 0.6175605 0.1060135 0.9108054 0.2125105 0.9108056 -8.35359e-5 0.0101251 0.06461614 0.5390083 -8.35359e-5 0.5390101 0.7197124 0.573125 0.4479254 0.7993189 0.7197124 0.7993189 0.06485933 0.01012539 -8.35359e-5 0.5390101 0.06485921 0.5390112 -3.26354e-4 0.01012796 0.06486058 0.5390112 -3.2616e-4 0.5390077 0.06461614 0.0101251 -3.2616e-4 0.5390077 0.06461614 0.5390083 0.953969 0.9439805 0.8313674 0.5931406 0.9539692 0.5931411 0.9539686 0.5944543 0.8313673 0.9439805 0.953969 0.9439805 0.9539684 0.9452913 0.8313673 0.5944543 0.9539686 0.5944543 0.9539692 0.5931336 0.8313679 0.9452923 0.9539684 0.9452913 0.4501971 0.3005167 0.6462252 -5.34311e-4 0.646225 0.3005173 0.4494647 0.3005155 0.6454913 -5.34579e-4 0.6454913 0.3005158 0.4494647 0.3005155 0.6454913 -5.34579e-4 0.6454913 0.3005158 0.6462291 0.3005173 0.449464 -5.33089e-4 0.4494647 0.3005155 0.6634258 0.2024043 0.4552121 0.150754 0.6634258 0.150754 0.4501971 0.3005167 0.6462252 -5.34311e-4 0.646225 0.3005173 0.4501971 0.3005167 0.6462252 -5.34311e-4 0.646225 0.3005173 0.4494647 0.3005155 0.6454913 -5.34579e-4 0.6454913 0.3005158 0.6462291 0.3005173 0.449464 -5.33089e-4 0.4494647 0.3005155 0.6634258 0.2024043 0.4552121 0.150754 0.6634258 0.150754 0.6462291 0.3005173 0.449464 -5.33089e-4 0.4494647 0.3005155 0.6634258 0.150754 0.4552121 0.2024043 0.4552121 0.150754 0.8499253 0.3583484 0.8384565 0.3649699 0.8269878 0.3583484 0.8499252 0.3451055 0.8499253 0.3583484 0.8269878 0.3583484 0.8499252 0.3451055 0.8269878 0.3583484 0.8269878 0.3451055 0.8499252 0.3451055 0.8269878 0.3451055 0.8384565 0.3384841 0.5511735 0.3141851 0.3631795 0.3213006 0.3631795 0.3141852 0.3631795 0.328416 0.5511735 0.3355313 0.3631795 0.3355314 0.5511735 0.3426467 0.3631795 0.3497623 0.3631795 0.3426468 0.5511735 0.3497622 0.3631795 0.3568777 0.3631795 0.3497623 0.3631795 0.3213006 0.5511735 0.3284159 0.3631795 0.328416 0.3631795 0.3355314 0.5511735 0.3426467 0.3631795 0.3426468 0.8499253 0.3583484 0.8384565 0.3649699 0.8269878 0.3583484 0.8499252 0.3451055 0.8499253 0.3583484 0.8269878 0.3583484 0.8499252 0.3451055 0.8269878 0.3583484 0.8269878 0.3451055 0.8499252 0.3451055 0.8269878 0.3451055 0.8384565 0.3384841 0.5511735 0.3141851 0.3631795 0.3213006 0.3631795 0.3141852 0.3631795 0.328416 0.5511735 0.3355313 0.3631795 0.3355314 0.5511735 0.3426467 0.3631795 0.3497623 0.3631795 0.3426468 0.5511735 0.3497622 0.3631795 0.3568777 0.3631795 0.3497623 0.3631795 0.3213006 0.5511735 0.3284159 0.3631795 0.328416 0.3631795 0.3355314 0.5511735 0.3426467 0.3631795 0.3426468 0.001024961 0.8452455 0.4047567 0.5506435 0.4047565 0.8452462 0.001024961 0.8452455 0.403245 0.5506431 0.001024961 0.5506431 0.403245 0.8452448 -4.84586e-4 0.5506454 0.403245 0.5506431 0.4047643 0.8452497 -4.84586e-4 0.5506454 -4.8399e-4 0.8452455 0.7197124 0.573125 0.4479254 0.7993189 0.4479254 0.573125 0.001024961 0.9108067 0.4047567 0.6175607 0.4047563 0.9108072 0.403245 0.9108056 0.001024961 0.6175605 0.001024961 0.9108067 -4.83394e-4 0.9108052 0.403245 0.6175605 0.403245 0.9108056 0.4047648 0.9108072 -4.84586e-4 0.6175619 -4.83394e-4 0.9108052 0.7197124 0.573125 0.4479254 0.7993189 0.4479254 0.573125 -8.35359e-5 0.5390101 0.06485933 0.01012539 0.06485921 0.5390112 0.06461614 0.5390083 -8.35359e-5 0.0101251 -8.35359e-5 0.5390101 -3.2616e-4 0.5390077 0.06461614 0.0101251 0.06461614 0.5390083 0.06486058 0.5390112 -3.26354e-4 0.01012796 -3.2616e-4 0.5390077 0.7197124 0.7993189 0.4479254 0.573125 0.7197124 0.573125 -8.35359e-5 0.5390101 0.06485933 0.01012539 0.06485921 0.5390112 0.06461614 0.5390083 -8.35359e-5 0.0101251 -8.35359e-5 0.5390101 -3.2616e-4 0.5390077 0.06461614 0.0101251 0.06461614 0.5390083 0.06486058 0.5390112 -3.26354e-4 0.01012796 -3.2616e-4 0.5390077 0.7197124 0.7993189 0.4479254 0.573125 0.7197124 0.573125 -8.35359e-5 0.5390101 0.06485933 0.01012539 0.06485921 0.5390112 0.06461614 0.5390083 -8.35359e-5 0.0101251 -8.35359e-5 0.5390101 -3.2616e-4 0.5390077 0.06461614 0.0101251 0.06461614 0.5390083 0.06486058 0.5390112 -3.26354e-4 0.01012796 -3.2616e-4 0.5390077 0.7197124 0.7993189 0.4479254 0.573125 0.7197124 0.573125 -8.35359e-5 0.5390101 0.06485933 0.01012539 0.06485921 0.5390112 0.06461614 0.5390083 -8.35359e-5 0.0101251 -8.35359e-5 0.5390101 -3.2616e-4 0.5390077 0.06461614 0.0101251 0.06461614 0.5390083 0.06486058 0.5390112 -3.26354e-4 0.01012796 -3.2616e-4 0.5390077 0.7197124 0.7993189 0.4479254 0.573125 0.7197124 0.573125 0.9011265 0.596623 0.8526014 0.9937334 0.9011262 0.9937323 0.9011262 0.9937323 0.8526012 0.5981122 0.9011262 0.5981122 0.9011262 0.5981122 0.8526012 0.9922541 0.9011264 0.9922541 0.9011264 0.9922541 0.8526012 0.5966309 0.9011265 0.5966314 0.7197124 0.7993189 0.4479254 0.573125 0.7197124 0.573125 0.1134575 0.09431582 0.06493234 0.4514635 0.1134571 0.4514626 0.1134571 0.4514626 0.0649321 0.09565514 0.1134572 0.09565514 0.1134572 0.09565514 0.0649321 0.4501331 0.1134573 0.4501331 0.1134573 0.4501331 0.06493216 0.09432297 0.1134575 0.09432339 0.7192744 0.5734896 0.4483634 0.7989544 0.4483634 0.5734896 0.3275439 0.3209113 0.3139557 0.3782264 0.3128477 0.3219702 0.3295044 0.1807218 0.3122329 0.2472195 0.3123047 0.1815013 0.341113 0.3483027 0.3565313 0.2857851 0.3571879 0.3472902 0.3398792 0.1741902 0.3577373 0.1054337 0.3576631 0.1733843 0.32401 0.17487 0.3102319 0.2284016 0.310234 0.1756777 0.5397767 0.5401344 0.458207 0.3945695 0.4582073 0.5401329 0.3661392 0.3229275 0.5408259 0.3442734 0.5408253 0.3229277 0.4047648 0.996798 -4.8399e-4 0.8452455 -4.83394e-4 0.9967949 -4.83394e-4 0.9967949 0.403245 0.8452448 0.403245 0.9967955 0.403245 0.9967955 0.001024961 0.8452455 0.001024961 0.9967972 0.001024961 0.9967972 0.4047565 0.8452462 0.4047563 0.996798 0.3418081 0.3634826 0.3275439 0.3209113 0.3407594 0.318695 0.3448503 0.231056 0.3295044 0.1807218 0.3448523 0.1800643 0.3259403 0.301627 0.341113 0.3483027 0.3266451 0.3505951 0.3240121 0.1221461 0.3398792 0.1741902 0.32401 0.17487 0.5838189 0.7993189 0.4479254 0.686222 0.5838189 0.686222 0.3407594 0.318695 0.3513925 0.2729175 0.3524412 0.3177052 0.3448523 0.1800643 0.3581777 0.1282914 0.3581757 0.1792831 0.3266451 0.3505951 0.3145707 0.40053 0.3138659 0.3515619 0.3275439 0.3209113 0.3117396 0.2657139 0.3264358 0.2646551 0.341113 0.3483027 0.3578445 0.4087953 0.3417696 0.4098079 0.3397107 0.2739074 0.3275439 0.3209113 0.3264358 0.2646551 0.3273499 0.3995632 0.341113 0.3483027 0.3417696 0.4098079 0.7197124 0.686222 0.5838189 0.7993189 0.5838189 0.686222 0.3407594 0.318695 0.3534899 0.3624928 0.3418081 0.3634826 0.3266451 0.3505951 0.3131611 0.3025938 0.3259403 0.301627 0.3398792 0.1741902 0.3575889 0.2413349 0.339805 0.2421408 0.7197124 0.686222 0.5838189 0.573125 0.7197124 0.573125 0.32401 0.17487 0.310236 0.1229538 0.3240121 0.1221461 0.3448523 0.1800643 0.3581737 0.2302747 0.3448503 0.231056 0.324008 0.2275938 0.3398792 0.1741902 0.339805 0.2421408 0.5838189 0.573125 0.4479254 0.686222 0.4479254 0.573125 0.3295044 0.1807218 0.3123764 0.115783 0.3295762 0.1150036 0.3448542 0.1290726 0.3295044 0.1807218 0.3295762 0.1150036 0.5397767 0.5401344 0.458207 0.3945695 0.4582073 0.5401329 0.3661392 0.3229275 0.5408259 0.3442734 0.5408253 0.3229277 0.5397767 0.5401344 0.458207 0.3945695 0.4582073 0.5401329 0.3661392 0.3229275 0.5408259 0.3442734 0.5408253 0.3229277 0.9011265 0.596623 0.8526014 0.9937334 0.9011262 0.9937323 0.9011262 0.9937323 0.8526012 0.5981122 0.9011262 0.5981122 0.9011262 0.5981122 0.8526012 0.9922541 0.9011264 0.9922541 0.9011264 0.9922541 0.8526012 0.5966309 0.9011265 0.5966314 0.7197124 0.7993189 0.4479254 0.573125 0.7197124 0.573125 0.651612 0.5401344 0.552365 0.3042376 0.5523653 0.5401329 0.8269878 0.3583484 0.8384565 0.3649699 0.8499253 0.3583484 0.8499252 0.3451055 0.8269878 0.3583484 0.8499253 0.3583484 0.8499252 0.3451055 0.8269878 0.3451055 0.8269878 0.3583484 0.8499252 0.3451055 0.8384565 0.3384841 0.8269878 0.3451055 0.8499253 0.3583484 0.8384565 0.3649699 0.8269878 0.3583484 0.8499252 0.3451055 0.8499253 0.3583484 0.8269878 0.3583484 0.8499252 0.3451055 0.8269878 0.3583484 0.8269878 0.3451055 0.8499252 0.3451055 0.8269878 0.3451055 0.8384565 0.3384841 0.5511735 0.3141851 0.3631795 0.3213006 0.3631795 0.3141852 0.3631795 0.328416 0.5511735 0.3355313 0.3631795 0.3355314 0.3631795 0.3426468 0.5511735 0.3497622 0.3631795 0.3497623 0.5511735 0.3497622 0.3631795 0.3568777 0.3631795 0.3497623 0.5511735 0.3213005 0.3631795 0.328416 0.3631795 0.3213006 0.3631795 0.3355314 0.5511735 0.3426467 0.3631795 0.3426468 0.8269878 0.3583484 0.8384565 0.3649699 0.8499253 0.3583484 0.8499252 0.3451055 0.8269878 0.3583484 0.8499253 0.3583484 0.8499252 0.3451055 0.8269878 0.3451055 0.8269878 0.3583484 0.8499252 0.3451055 0.8384565 0.3384841 0.8269878 0.3451055 0.8499253 0.3583484 0.8384565 0.3649699 0.8269878 0.3583484 0.8499252 0.3451055 0.8499253 0.3583484 0.8269878 0.3583484 0.8499252 0.3451055 0.8269878 0.3583484 0.8269878 0.3451055 0.8499252 0.3451055 0.8269878 0.3451055 0.8384565 0.3384841 0.3631795 0.3141852 0.5511735 0.3213005 0.3631795 0.3213006 0.5511735 0.3284159 0.3631795 0.3355314 0.3631795 0.328416 0.3631795 0.3426468 0.5511735 0.3497622 0.3631795 0.3497623 0.3631795 0.3497623 0.5511735 0.3568776 0.3631795 0.3568777 0.5511735 0.3213005 0.3631795 0.328416 0.3631795 0.3213006 0.5511735 0.3355313 0.3631795 0.3426468 0.3631795 0.3355314 0.8499252 0.3451055 0.8384565 0.3384841 0.8269878 0.3451055 0.8499252 0.3451055 0.8269878 0.3451055 0.8269878 0.3583484 0.8499252 0.3451055 0.8269878 0.3583484 0.8499253 0.3583484 0.8269878 0.3583484 0.8384565 0.3649699 0.8499253 0.3583484 0.8499252 0.3451055 0.8269878 0.3451055 0.8384565 0.3384841 0.8499252 0.3451055 0.8269878 0.3583484 0.8269878 0.3451055 0.8499252 0.3451055 0.8499253 0.3583484 0.8269878 0.3583484 0.8499253 0.3583484 0.8384565 0.3649699 0.8269878 0.3583484 0.3631795 0.3141852 0.5511735 0.3213005 0.3631795 0.3213006 0.5511735 0.3284159 0.3631795 0.3355314 0.3631795 0.328416 0.3631795 0.3426468 0.5511735 0.3497622 0.3631795 0.3497623 0.3631795 0.3497623 0.5511735 0.3568776 0.3631795 0.3568777 0.5511735 0.3213005 0.3631795 0.328416 0.3631795 0.3213006 0.5511735 0.3355313 0.3631795 0.3426468 0.3631795 0.3355314 0.8499252 0.3451055 0.8384565 0.3384841 0.8269878 0.3451055 0.8499252 0.3451055 0.8269878 0.3451055 0.8269878 0.3583484 0.8499252 0.3451055 0.8269878 0.3583484 0.8499253 0.3583484 0.8269878 0.3583484 0.8384565 0.3649699 0.8499253 0.3583484 0.8499252 0.3451055 0.8269878 0.3451055 0.8384565 0.3384841 0.8499252 0.3451055 0.8269878 0.3583484 0.8269878 0.3451055 0.8499252 0.3451055 0.8499253 0.3583484 0.8269878 0.3583484 0.8499253 0.3583484 0.8384565 0.3649699 0.8269878 0.3583484 0.5511735 0.3141851 0.3631795 0.3213006 0.3631795 0.3141852 0.3631795 0.328416 0.5511735 0.3355313 0.3631795 0.3355314 0.5511735 0.3426467 0.3631795 0.3497623 0.3631795 0.3426468 0.5511735 0.3497622 0.3631795 0.3568777 0.3631795 0.3497623 0.3631795 0.3213006 0.5511735 0.3284159 0.3631795 0.328416 0.3631795 0.3355314 0.5511735 0.3426467 0.3631795 0.3426468 0.8499252 0.3451055 0.8384565 0.3384841 0.8269878 0.3451055 0.8499252 0.3451055 0.8269878 0.3451055 0.8269878 0.3583484 0.8499252 0.3451055 0.8269878 0.3583484 0.8499253 0.3583484 0.8269878 0.3583484 0.8384565 0.3649699 0.8499253 0.3583484 0.8499252 0.3451055 0.8269878 0.3451055 0.8384565 0.3384841 0.8499252 0.3451055 0.8269878 0.3583484 0.8269878 0.3451055 0.8499252 0.3451055 0.8499253 0.3583484 0.8269878 0.3583484 0.8499253 0.3583484 0.8384565 0.3649699 0.8269878 0.3583484 0.5511735 0.3141851 0.3631795 0.3213006 0.3631795 0.3141852 0.5511735 0.3284159 0.3631795 0.3355314 0.3631795 0.328416 0.5511735 0.3426467 0.3631795 0.3497623 0.3631795 0.3426468 0.5511735 0.3497622 0.3631795 0.3568777 0.3631795 0.3497623 0.5511735 0.3213005 0.3631795 0.328416 0.3631795 0.3213006 0.3631795 0.3355314 0.5511735 0.3426467 0.3631795 0.3426468 0.8499252 0.3451055 0.8384565 0.3384841 0.8269878 0.3451055 0.8499252 0.3451055 0.8269878 0.3451055 0.8269878 0.3583484 0.8499252 0.3451055 0.8269878 0.3583484 0.8499253 0.3583484 0.8269878 0.3583484 0.8384565 0.3649699 0.8499253 0.3583484 0.8499252 0.3451055 0.8269878 0.3451055 0.8384565 0.3384841 0.8499252 0.3451055 0.8269878 0.3583484 0.8269878 0.3451055 0.8499252 0.3451055 0.8499253 0.3583484 0.8269878 0.3583484 0.8499253 0.3583484 0.8384565 0.3649699 0.8269878 0.3583484 0.5511735 0.3141851 0.3631795 0.3213006 0.3631795 0.3141852 0.5511735 0.3284159 0.3631795 0.3355314 0.3631795 0.328416 0.5511735 0.3426467 0.3631795 0.3497623 0.3631795 0.3426468 0.5511735 0.3497622 0.3631795 0.3568777 0.3631795 0.3497623 0.5511735 0.3213005 0.3631795 0.328416 0.3631795 0.3213006 0.5511735 0.3355313 0.3631795 0.3426468 0.3631795 0.3355314 0.651612 0.5401344 0.552365 0.3042376 0.5523653 0.5401329 -8.35359e-5 0.5390101 0.06485933 0.01012539 0.06485921 0.5390112 0.06461614 0.5390083 -8.35359e-5 0.0101251 -8.35359e-5 0.5390101 -3.2616e-4 0.5390077 0.06461614 0.0101251 0.06461614 0.5390083 0.06486058 0.5390112 -3.26354e-4 0.01012796 -3.2616e-4 0.5390077 0.7197124 0.7993189 0.4479254 0.573125 0.7197124 0.573125 -8.35359e-5 0.5390101 0.06485933 0.01012539 0.06485921 0.5390112 0.06461614 0.5390083 -8.35359e-5 0.0101251 -8.35359e-5 0.5390101 -3.2616e-4 0.5390077 0.06461614 0.0101251 0.06461614 0.5390083 0.06486058 0.5390112 -3.26354e-4 0.01012796 -3.2616e-4 0.5390077 0.7197124 0.7993189 0.4479254 0.573125 0.7197124 0.573125 0.4047567 0.6175607 0.4047563 0.9108072 0.001024961 0.9108067 0.403245 0.9108056 0.403245 0.6175605 0.001024961 0.6175605 -4.83394e-4 0.9108052 -4.84586e-4 0.6175619 0.403245 0.6175605 -4.84586e-4 0.6175619 -4.83394e-4 0.9108052 0.4047648 0.9108072 0.7197124 0.7993189 0.4479254 0.7993189 0.4479254 0.573125 0.001024961 0.9108067 0.001024961 0.6175605 0.4047567 0.6175607 0.403245 0.9108056 0.403245 0.6175605 0.001024961 0.6175605 -4.83394e-4 0.9108052 -4.84586e-4 0.6175619 0.403245 0.6175605 0.4047648 0.9108072 0.4047637 0.6175653 -4.84586e-4 0.6175619 0.7197124 0.7993189 0.4479254 0.7993189 0.4479254 0.573125 -8.35359e-5 0.5390101 -8.35359e-5 0.0101251 0.06485933 0.01012539 0.06461614 0.5390083 0.06461614 0.0101251 -8.35359e-5 0.0101251 -3.2616e-4 0.5390077 -3.26354e-4 0.01012796 0.06461614 0.0101251 0.06486058 0.5390112 0.0648604 0.01013374 -3.26354e-4 0.01012796 0.7197124 0.7993189 0.4479254 0.7993189 0.4479254 0.573125 -8.35359e-5 0.5390101 -8.35359e-5 0.0101251 0.06485933 0.01012539 0.06461614 0.5390083 0.06461614 0.0101251 -8.35359e-5 0.0101251 -3.2616e-4 0.5390077 -3.26354e-4 0.01012796 0.06461614 0.0101251 0.06486058 0.5390112 0.0648604 0.01013374 -3.26354e-4 0.01012796 0.7197124 0.7993189 0.4479254 0.7993189 0.4479254 0.573125 -8.35359e-5 0.5390101 -8.35359e-5 0.0101251 0.06485933 0.01012539 0.06461614 0.5390083 0.06461614 0.0101251 -8.35359e-5 0.0101251 -3.2616e-4 0.5390077 -3.26354e-4 0.01012796 0.06461614 0.0101251 0.06486058 0.5390112 0.0648604 0.01013374 -3.26354e-4 0.01012796 0.7197124 0.7993189 0.4479254 0.7993189 0.4479254 0.573125 -8.35359e-5 0.5390101 -8.35359e-5 0.0101251 0.06485933 0.01012539 0.06461614 0.5390083 0.06461614 0.0101251 -8.35359e-5 0.0101251 -3.2616e-4 0.5390077 -3.26354e-4 0.01012796 0.06461614 0.0101251 0.06486058 0.5390112 0.0648604 0.01013374 -3.26354e-4 0.01012796 0.7197124 0.7993189 0.4479254 0.7993189 0.4479254 0.573125 -8.35359e-5 0.5390101 -8.35359e-5 0.0101251 0.06485933 0.01012539 0.06461614 0.5390083 0.06461614 0.0101251 -8.35359e-5 0.0101251 -3.2616e-4 0.5390077 -3.26354e-4 0.01012796 0.06461614 0.0101251 0.06486058 0.5390112 0.0648604 0.01013374 -3.26354e-4 0.01012796 0.7197124 0.7993189 0.4479254 0.7993189 0.4479254 0.573125 -8.35359e-5 0.5390101 -8.35359e-5 0.0101251 0.06485933 0.01012539 0.06461614 0.5390083 0.06461614 0.0101251 -8.35359e-5 0.0101251 -3.2616e-4 0.5390077 -3.26354e-4 0.01012796 0.06461614 0.0101251 0.06486058 0.5390112 0.0648604 0.01013374 -3.26354e-4 0.01012796 0.7197124 0.7993189 0.4479254 0.7993189 0.4479254 0.573125 0.953969 0.9439805 0.8313673 0.9439805 0.8313674 0.5931406 0.9539686 0.5944543 0.8313673 0.5944543 0.8313673 0.9439805 0.9539684 0.9452913 0.8313679 0.9452923 0.8313673 0.5944543 0.9539692 0.5931336 0.8313693 0.5931346 0.8313679 0.9452923 0.9011265 0.596623 0.852602 0.596624 0.8526014 0.9937334 0.9011262 0.9937323 0.8526014 0.9937334 0.8526012 0.5981122 0.9011262 0.5981122 0.8526012 0.5981122 0.8526012 0.9922541 0.9011264 0.9922541 0.8526012 0.9922541 0.8526012 0.5966309 0.7197124 0.7993189 0.4479254 0.7993189 0.4479254 0.573125 0.1134575 0.02680325 0.06493294 0.02680462 0.06493234 0.5189761 0.1134571 0.5189748 0.06493234 0.5189761 0.0649321 0.02864897 0.1134572 0.02864897 0.0649321 0.02864897 0.0649321 0.5171427 0.1134573 0.5171427 0.0649321 0.5171427 0.06493216 0.02681303 0.7192744 0.7989544 0.4483634 0.7989544 0.4483634 0.5734896 0.3275439 0.3209113 0.3286519 0.3771675 0.3139557 0.3782264 0.3295044 0.1807218 0.3294326 0.2464399 0.3122329 0.2472195 0.341113 0.3483027 0.3404564 0.2867977 0.3565313 0.2857851 0.3398792 0.1741902 0.3399534 0.1062396 0.3577373 0.1054337 0.32401 0.17487 0.324008 0.2275938 0.3102319 0.2284016 0.651612 0.5401344 0.6516117 0.3042401 0.552365 0.3042376 0.5511735 0.3141851 0.5511735 0.3213005 0.3631795 0.3213006 0.3631795 0.328416 0.5511735 0.3284159 0.5511735 0.3355313 0.3631795 0.3426468 0.5511735 0.3426467 0.5511735 0.3497622 0.5511735 0.3497622 0.5511735 0.3568776 0.3631795 0.3568777 0.5511735 0.3213005 0.5511735 0.3284159 0.3631795 0.328416 0.3631795 0.3355314 0.5511735 0.3355313 0.5511735 0.3426467 0.3631795 0.3141852 0.5511735 0.3141851 0.5511735 0.3213005 0.5511735 0.3284159 0.5511735 0.3355313 0.3631795 0.3355314 0.3631795 0.3426468 0.5511735 0.3426467 0.5511735 0.3497622 0.3631795 0.3497623 0.5511735 0.3497622 0.5511735 0.3568776 0.5511735 0.3213005 0.5511735 0.3284159 0.3631795 0.328416 0.5511735 0.3355313 0.5511735 0.3426467 0.3631795 0.3426468 0.3631795 0.3141852 0.5511735 0.3141851 0.5511735 0.3213005 0.5511735 0.3284159 0.5511735 0.3355313 0.3631795 0.3355314 0.3631795 0.3426468 0.5511735 0.3426467 0.5511735 0.3497622 0.3631795 0.3497623 0.5511735 0.3497622 0.5511735 0.3568776 0.5511735 0.3213005 0.5511735 0.3284159 0.3631795 0.328416 0.5511735 0.3355313 0.5511735 0.3426467 0.3631795 0.3426468 0.5511735 0.3141851 0.5511735 0.3213005 0.3631795 0.3213006 0.3631795 0.328416 0.5511735 0.3284159 0.5511735 0.3355313 0.5511735 0.3426467 0.5511735 0.3497622 0.3631795 0.3497623 0.5511735 0.3497622 0.5511735 0.3568776 0.3631795 0.3568777 0.3631795 0.3213006 0.5511735 0.3213005 0.5511735 0.3284159 0.3631795 0.3355314 0.5511735 0.3355313 0.5511735 0.3426467 0.5511735 0.3141851 0.5511735 0.3213005 0.3631795 0.3213006 0.3631795 0.328416 0.5511735 0.3284159 0.5511735 0.3355313 0.5511735 0.3426467 0.5511735 0.3497622 0.3631795 0.3497623 0.5511735 0.3497622 0.5511735 0.3568776 0.3631795 0.3568777 0.5511735 0.3213005 0.5511735 0.3284159 0.3631795 0.328416 0.5511735 0.3355313 0.5511735 0.3426467 0.3631795 0.3426468 0.5511735 0.3141851 0.5511735 0.3213005 0.3631795 0.3213006 0.5511735 0.3284159 0.5511735 0.3355313 0.3631795 0.3355314 0.5511735 0.3426467 0.5511735 0.3497622 0.3631795 0.3497623 0.5511735 0.3497622 0.5511735 0.3568776 0.3631795 0.3568777 0.5511735 0.3213005 0.5511735 0.3284159 0.3631795 0.328416 0.5511735 0.3355313 0.5511735 0.3426467 0.3631795 0.3426468 0.3418081 0.3634826 0.3286519 0.3771675 0.3275439 0.3209113 0.3448503 0.231056 0.3294326 0.2464399 0.3295044 0.1807218 0.3259403 0.301627 0.3404564 0.2867977 0.341113 0.3483027 0.3240121 0.1221461 0.3399534 0.1062396 0.3398792 0.1741902 0.5838189 0.7993189 0.4479254 0.7993189 0.4479254 0.686222 0.3407594 0.318695 0.3397107 0.2739074 0.3513925 0.2729175 0.3448523 0.1800643 0.3448542 0.1290726 0.3581777 0.1282914 0.3266451 0.3505951 0.3273499 0.3995632 0.3145707 0.40053 0.3275439 0.3209113 0.3128477 0.3219702 0.3117396 0.2657139 0.341113 0.3483027 0.3571879 0.3472902 0.3578445 0.4087953 0.3397107 0.2739074 0.3407594 0.318695 0.3275439 0.3209113 0.3273499 0.3995632 0.3266451 0.3505951 0.341113 0.3483027 0.7197124 0.686222 0.7197124 0.7993189 0.5838189 0.7993189 0.3407594 0.318695 0.3524412 0.3177052 0.3534899 0.3624928 0.3266451 0.3505951 0.3138659 0.3515619 0.3131611 0.3025938 0.3398792 0.1741902 0.3576631 0.1733843 0.3575889 0.2413349 0.7197124 0.686222 0.5838189 0.686222 0.5838189 0.573125 0.32401 0.17487 0.310234 0.1756777 0.310236 0.1229538 0.3448523 0.1800643 0.3581757 0.1792831 0.3581737 0.2302747 0.324008 0.2275938 0.32401 0.17487 0.3398792 0.1741902 0.5838189 0.573125 0.5838189 0.686222 0.4479254 0.686222 0.3295044 0.1807218 0.3123047 0.1815013 0.3123764 0.115783 0.3448542 0.1290726 0.3448523 0.1800643 0.3295044 0.1807218 0.5397767 0.5401344 0.5397764 0.394572 0.458207 0.3945695 0.3661392 0.3229275 0.3661398 0.3442732 0.5408259 0.3442734 0.5397767 0.5401344 0.5397764 0.394572 0.458207 0.3945695 0.3661392 0.3229275 0.3661398 0.3442732 0.5408259 0.3442734 0.6485204 0.5107851 0.6485204 0.4020817 0.6352375 0.402082 0.6485204 0.4024893 0.6485204 0.5107851 0.6352373 0.5107854 0.9011262 0.5981122 0.8526012 0.5981122 0.8526012 0.9922541 0.6485204 0.5103805 0.6352373 0.5103805 0.6352373 0.4020839 0.648038 0.3204497 0.648038 0.3956756 0.557649 0.3956756 0.6485204 0.4020817 0.6352375 0.402082 0.6352373 0.5107854 0.6485204 0.4024893 0.6485204 0.5107851 0.6352373 0.5107854 0.9011264 0.9922541 0.9011262 0.5981122 0.8526012 0.5981122 0.6485204 0.5103805 0.6352373 0.5103805 0.6352373 0.4020839 0.648038 0.3956756 0.6232739 0.3956756 0.6232739 0.3204497 0.3631795 0.3141852 0.5511735 0.3141851 0.5511735 0.3213005 0.3631795 0.328416 0.5511735 0.3284159 0.5511735 0.3355313 0.5511735 0.3426467 0.5511735 0.3497622 0.3631795 0.3497623 0.5511735 0.3497622 0.5511735 0.3568776 0.3631795 0.3568777 0.3631795 0.3213006 0.5511735 0.3213005 0.5511735 0.3284159 0.5511735 0.3355313 0.5511735 0.3426467 0.3631795 0.3426468 0.3631795 0.3141852 0.5511735 0.3141851 0.5511735 0.3213005 0.3631795 0.328416 0.5511735 0.3284159 0.5511735 0.3355313 0.5511735 0.3426467 0.5511735 0.3497622 0.3631795 0.3497623 0.5511735 0.3497622 0.5511735 0.3568776 0.3631795 0.3568777 0.3631795 0.3213006 0.5511735 0.3213005 0.5511735 0.3284159 0.5511735 0.3355313 0.5511735 0.3426467 0.3631795 0.3426468 0.5511735 0.3141851 0.5511735 0.3213005 0.3631795 0.3213006 0.3631795 0.328416 0.5511735 0.3284159 0.5511735 0.3355313 0.5511735 0.3426467 0.5511735 0.3497622 0.3631795 0.3497623 0.5511735 0.3497622 0.5511735 0.3568776 0.3631795 0.3568777 0.5511735 0.3213005 0.5511735 0.3284159 0.3631795 0.328416 0.3631795 0.3355314 0.5511735 0.3355313 0.5511735 0.3426467 0.3631795 0.3141852 0.5511735 0.3141851 0.5511735 0.3213005 0.5511735 0.3284159 0.5511735 0.3355313 0.3631795 0.3355314 0.3631795 0.3426468 0.5511735 0.3426467 0.5511735 0.3497622 0.3631795 0.3497623 0.5511735 0.3497622 0.5511735 0.3568776 0.5511735 0.3213005 0.5511735 0.3284159 0.3631795 0.328416 0.5511735 0.3355313 0.5511735 0.3426467 0.3631795 0.3426468 0.3631795 0.3141852 0.5511735 0.3141851 0.5511735 0.3213005 0.5511735 0.3284159 0.5511735 0.3355313 0.3631795 0.3355314 0.3631795 0.3426468 0.5511735 0.3426467 0.5511735 0.3497622 0.3631795 0.3497623 0.5511735 0.3497622 0.5511735 0.3568776 0.5511735 0.3213005 0.5511735 0.3284159 0.3631795 0.328416 0.5511735 0.3355313 0.5511735 0.3426467 0.3631795 0.3426468 0.5511735 0.3141851 0.5511735 0.3213005 0.3631795 0.3213006 0.3631795 0.328416 0.5511735 0.3284159 0.5511735 0.3355313 0.5511735 0.3426467 0.5511735 0.3497622 0.3631795 0.3497623 0.5511735 0.3497622 0.5511735 0.3568776 0.3631795 0.3568777 0.3631795 0.3213006 0.5511735 0.3213005 0.5511735 0.3284159 0.3631795 0.3355314 0.5511735 0.3355313 0.5511735 0.3426467 0.6485204 0.4020817 0.6352375 0.402082 0.6352373 0.5107854 0.6485204 0.4024893 0.6485204 0.5107851 0.6352373 0.5107854 0.9011264 0.9922541 0.9011262 0.5981122 0.8526012 0.5981122 0.6485204 0.5103805 0.6352373 0.5103805 0.6352373 0.4020839 0.648038 0.3956756 0.6232739 0.3956756 0.6232739 0.3204497 0.6485204 0.4020817 0.6352375 0.402082 0.6352373 0.5107854 0.6485204 0.4024893 0.6485204 0.5107851 0.6352373 0.5107854 0.9011264 0.9922541 0.9011262 0.5981122 0.8526012 0.5981122 0.6485204 0.5103805 0.6352373 0.5103805 0.6352373 0.4020839 0.6080381 0.3956756 0.583274 0.3956756 0.583274 0.3204497 0.5397767 0.5401344 0.5397764 0.394572 0.458207 0.3945695 0.3661392 0.3229275 0.3661398 0.3442732 0.5408259 0.3442734 0.4501971 0.3005167 0.4501971 -5.34579e-4 0.6462252 -5.34311e-4 0.4494647 0.3005155 0.449464 -5.33089e-4 0.6454913 -5.34579e-4 0.4494647 0.3005155 0.449464 -5.33089e-4 0.6454913 -5.34579e-4 0.6462291 0.3005173 0.6462286 -5.30049e-4 0.449464 -5.33089e-4 0.6634258 0.2024043 0.4552121 0.2024043 0.4552121 0.150754 0.4501971 0.3005167 0.4501971 -5.34579e-4 0.6462252 -5.34311e-4 0.4501971 0.3005167 0.4501971 -5.34579e-4 0.6462252 -5.34311e-4 0.4494647 0.3005155 0.449464 -5.33089e-4 0.6454913 -5.34579e-4 0.6462291 0.3005173 0.6462286 -5.30049e-4 0.449464 -5.33089e-4 0.6634258 0.2024043 0.4552121 0.2024043 0.4552121 0.150754 0.6462291 0.3005173 0.6462286 -5.30049e-4 0.449464 -5.33089e-4 0.6634258 0.150754 0.6634258 0.2024043 0.4552121 0.2024043 0.5511735 0.3141851 0.5511735 0.3213005 0.3631795 0.3213006 0.3631795 0.328416 0.5511735 0.3284159 0.5511735 0.3355313 0.5511735 0.3426467 0.5511735 0.3497622 0.3631795 0.3497623 0.5511735 0.3497622 0.5511735 0.3568776 0.3631795 0.3568777 0.3631795 0.3213006 0.5511735 0.3213005 0.5511735 0.3284159 0.3631795 0.3355314 0.5511735 0.3355313 0.5511735 0.3426467 0.5511735 0.3141851 0.5511735 0.3213005 0.3631795 0.3213006 0.3631795 0.328416 0.5511735 0.3284159 0.5511735 0.3355313 0.5511735 0.3426467 0.5511735 0.3497622 0.3631795 0.3497623 0.5511735 0.3497622 0.5511735 0.3568776 0.3631795 0.3568777 0.3631795 0.3213006 0.5511735 0.3213005 0.5511735 0.3284159 0.3631795 0.3355314 0.5511735 0.3355313 0.5511735 0.3426467 0.6485204 0.4020817 0.6352375 0.402082 0.6352373 0.5107854 0.9011264 0.9922541 0.9011262 0.5981122 0.8526012 0.5981122 0.6485204 0.5103805 0.6352373 0.5103805 0.6352373 0.4020839 0.648038 0.3956756 0.557649 0.3956756 0.557649 0.3204497 0.3631795 0.3141852 0.5511735 0.3141851 0.5511735 0.3213005 0.5511735 0.3284159 0.5511735 0.3355313 0.3631795 0.3355314 0.3631795 0.3426468 0.5511735 0.3426467 0.5511735 0.3497622 0.3631795 0.3497623 0.5511735 0.3497622 0.5511735 0.3568776 0.5511735 0.3213005 0.5511735 0.3284159 0.3631795 0.328416 0.5511735 0.3355313 0.5511735 0.3426467 0.3631795 0.3426468 0.9881616 0.3857482 0.9987349 0.3648789 0.9517757 0.3648789 0.992491 0.3828011 0.9504421 0.3949167 0.9501406 0.3648789 0.977491 0.4264069 0.9807116 0.4001319 0.9997206 0.3985751 0.9367136 0.3985751 0.9807116 0.4001319 0.977491 0.4264069 0.9199395 0.4065923 0.9177068 0.3864179 0.9368599 0.3947795 0.9178481 0.417801 0.897298 0.4170042 0.8907738 0.4054214 0.9021293 0.4291605 0.897317 0.4222151 0.8788652 0.4130275 0.9021293 0.4291605 0.9235042 0.4299682 0.9281753 0.4234138 0.9178481 0.417801 0.9199395 0.4065923 0.9388206 0.4153947 0.897298 0.4170042 0.8891422 0.4225779 0.8788652 0.4130275 0.9235042 0.4299682 0.9310441 0.4241816 0.9388206 0.4153947 0.9368599 0.3947795 0.9177068 0.3864179 0.9126361 0.3669218 0.8788652 0.4130275 0.8756235 0.3921859 0.8879377 0.3851413 0.9388206 0.4153947 0.9368599 0.3947795 0.9258672 0.4022005 0.8907738 0.4054214 0.8879377 0.3851413 0.9177068 0.3864179 0.897317 0.4222151 0.8943272 0.4008796 0.8756235 0.3921859 0.9281753 0.4234138 0.9258672 0.4022005 0.8943272 0.4008796 0.8756235 0.3921859 0.8803239 0.3707016 0.8897339 0.3658739 0.9368599 0.3947795 0.9271326 0.3728305 0.9184959 0.3778434 0.8879377 0.3851413 0.8897339 0.3658739 0.9126361 0.3669218 0.8756235 0.3921859 0.8943272 0.4008796 0.8945562 0.3767603 0.9258672 0.4022005 0.9184959 0.3778434 0.8945562 0.3767603 0.9199395 0.4065923 0.9177068 0.3864179 0.9368599 0.3947795 0.9178481 0.417801 0.897298 0.4170042 0.8907738 0.4054214 0.9021293 0.4291605 0.897317 0.4222151 0.8788652 0.4130275 0.9021293 0.4291605 0.9235042 0.4299682 0.9281753 0.4234138 0.9178481 0.417801 0.9199395 0.4065923 0.9388206 0.4153947 0.8891422 0.4225779 0.8788652 0.4130275 0.8907738 0.4054214 0.9310441 0.4241816 0.9388206 0.4153947 0.9281753 0.4234138 0.9368599 0.3947795 0.9177068 0.3864179 0.9126361 0.3669218 0.8788652 0.4130275 0.8756235 0.3921859 0.8879377 0.3851413 0.9388206 0.4153947 0.9368599 0.3947795 0.9258672 0.4022005 0.8907738 0.4054214 0.8879377 0.3851413 0.9177068 0.3864179 0.897317 0.4222151 0.8943272 0.4008796 0.8756235 0.3921859 0.9281753 0.4234138 0.9258672 0.4022005 0.8943272 0.4008796 0.8879377 0.3851413 0.8756235 0.3921859 0.8803239 0.3707016 0.9258672 0.4022005 0.9368599 0.3947795 0.9271326 0.3728305 0.8879377 0.3851413 0.8897339 0.3658739 0.9126361 0.3669218 0.8756235 0.3921859 0.8943272 0.4008796 0.8945562 0.3767603 0.9258672 0.4022005 0.9184959 0.3778434 0.8945562 0.3767603 0.9199395 0.4065923 0.9177068 0.3864179 0.9368599 0.3947795 0.897298 0.4170042 0.8907738 0.4054214 0.9199395 0.4065923 0.9021293 0.4291605 0.897317 0.4222151 0.8788652 0.4130275 0.9021293 0.4291605 0.9235042 0.4299682 0.9281753 0.4234138 0.9310441 0.4241816 0.9178481 0.417801 0.9199395 0.4065923 0.897298 0.4170042 0.8891422 0.4225779 0.8788652 0.4130275 0.9310441 0.4241816 0.9388206 0.4153947 0.9281753 0.4234138 0.9368599 0.3947795 0.9177068 0.3864179 0.9126361 0.3669218 0.8788652 0.4130275 0.8756235 0.3921859 0.8879377 0.3851413 0.9388206 0.4153947 0.9368599 0.3947795 0.9258672 0.4022005 0.8907738 0.4054214 0.8879377 0.3851413 0.9177068 0.3864179 0.897317 0.4222151 0.8943272 0.4008796 0.8756235 0.3921859 0.9281753 0.4234138 0.9258672 0.4022005 0.8943272 0.4008796 0.8756235 0.3921859 0.8803239 0.3707016 0.8897339 0.3658739 0.9258672 0.4022005 0.9368599 0.3947795 0.9271326 0.3728305 0.9177068 0.3864179 0.8879377 0.3851413 0.8897339 0.3658739 0.8943272 0.4008796 0.8945562 0.3767603 0.8803239 0.3707016 0.9258672 0.4022005 0.9184959 0.3778434 0.8945562 0.3767603 0.9199395 0.4065923 0.9177068 0.3864179 0.9368599 0.3947795 0.9178481 0.417801 0.897298 0.4170042 0.8907738 0.4054214 0.9021293 0.4291605 0.897317 0.4222151 0.8788652 0.4130275 0.9021293 0.4291605 0.9235042 0.4299682 0.9281753 0.4234138 0.9178481 0.417801 0.9199395 0.4065923 0.9388206 0.4153947 0.897298 0.4170042 0.8891422 0.4225779 0.8788652 0.4130275 0.9310441 0.4241816 0.9388206 0.4153947 0.9281753 0.4234138 0.9177068 0.3864179 0.9126361 0.3669218 0.9271326 0.3728305 0.8788652 0.4130275 0.8756235 0.3921859 0.8879377 0.3851413 0.9388206 0.4153947 0.9368599 0.3947795 0.9258672 0.4022005 0.8907738 0.4054214 0.8879377 0.3851413 0.9177068 0.3864179 0.897317 0.4222151 0.8943272 0.4008796 0.8756235 0.3921859 0.9281753 0.4234138 0.9258672 0.4022005 0.8943272 0.4008796 0.8756235 0.3921859 0.8803239 0.3707016 0.8897339 0.3658739 0.9368599 0.3947795 0.9271326 0.3728305 0.9184959 0.3778434 0.8879377 0.3851413 0.8897339 0.3658739 0.9126361 0.3669218 0.8756235 0.3921859 0.8943272 0.4008796 0.8945562 0.3767603 0.9258672 0.4022005 0.9184959 0.3778434 0.8945562 0.3767603 0.9199395 0.4065923 0.9177068 0.3864179 0.9368599 0.3947795 0.897298 0.4170042 0.8907738 0.4054214 0.9199395 0.4065923 0.9021293 0.4291605 0.897317 0.4222151 0.8788652 0.4130275 0.9021293 0.4291605 0.9235042 0.4299682 0.9281753 0.4234138 0.9178481 0.417801 0.9199395 0.4065923 0.9388206 0.4153947 0.897298 0.4170042 0.8891422 0.4225779 0.8788652 0.4130275 0.9310441 0.4241816 0.9388206 0.4153947 0.9281753 0.4234138 0.9177068 0.3864179 0.9126361 0.3669218 0.9271326 0.3728305 0.8788652 0.4130275 0.8756235 0.3921859 0.8879377 0.3851413 0.9388206 0.4153947 0.9368599 0.3947795 0.9258672 0.4022005 0.8907738 0.4054214 0.8879377 0.3851413 0.9177068 0.3864179 0.897317 0.4222151 0.8943272 0.4008796 0.8756235 0.3921859 0.9281753 0.4234138 0.9258672 0.4022005 0.8943272 0.4008796 0.8756235 0.3921859 0.8803239 0.3707016 0.8897339 0.3658739 0.9368599 0.3947795 0.9271326 0.3728305 0.9184959 0.3778434 0.9177068 0.3864179 0.8879377 0.3851413 0.8897339 0.3658739 0.8756235 0.3921859 0.8943272 0.4008796 0.8945562 0.3767603 0.9258672 0.4022005 0.9184959 0.3778434 0.8945562 0.3767603 0.1075236 0.6175606 0.001024961 0.6175605 0.001024961 0.9108067 0.4479254 0.686222 0.4479254 0.7993189 0.7197124 0.7993189 0.2125105 0.6175605 0.106013 0.6175612 0.1060135 0.9108054 -8.35359e-5 0.0101251 0.06461614 0.0101251 0.06461614 0.5390083 0.7197124 0.573125 0.4479254 0.573125 0.4479254 0.7993189 0.06485933 0.01012539 -8.35359e-5 0.0101251 -8.35359e-5 0.5390101 -3.26354e-4 0.01012796 0.0648604 0.01013374 0.06486058 0.5390112 0.06461614 0.0101251 -3.26354e-4 0.01012796 -3.2616e-4 0.5390077 0.953969 0.9439805 0.8313673 0.9439805 0.8313674 0.5931406 0.9539686 0.5944543 0.8313673 0.5944543 0.8313673 0.9439805 0.9539684 0.9452913 0.8313679 0.9452923 0.8313673 0.5944543 0.9539692 0.5931336 0.8313693 0.5931346 0.8313679 0.9452923 0.4501971 0.3005167 0.4501971 -5.34579e-4 0.6462252 -5.34311e-4 0.4494647 0.3005155 0.449464 -5.33089e-4 0.6454913 -5.34579e-4 0.4494647 0.3005155 0.449464 -5.33089e-4 0.6454913 -5.34579e-4 0.6462291 0.3005173 0.6462286 -5.30049e-4 0.449464 -5.33089e-4 0.6634258 0.2024043 0.4552121 0.2024043 0.4552121 0.150754 0.4501971 0.3005167 0.4501971 -5.34579e-4 0.6462252 -5.34311e-4 0.4501971 0.3005167 0.4501971 -5.34579e-4 0.6462252 -5.34311e-4 0.4494647 0.3005155 0.449464 -5.33089e-4 0.6454913 -5.34579e-4 0.6462291 0.3005173 0.6462286 -5.30049e-4 0.449464 -5.33089e-4 0.6634258 0.2024043 0.4552121 0.2024043 0.4552121 0.150754 0.6462291 0.3005173 0.6462286 -5.30049e-4 0.449464 -5.33089e-4 0.6634258 0.150754 0.6634258 0.2024043 0.4552121 0.2024043 0.5511735 0.3141851 0.5511735 0.3213005 0.3631795 0.3213006 0.3631795 0.328416 0.5511735 0.3284159 0.5511735 0.3355313 0.5511735 0.3426467 0.5511735 0.3497622 0.3631795 0.3497623 0.5511735 0.3497622 0.5511735 0.3568776 0.3631795 0.3568777 0.3631795 0.3213006 0.5511735 0.3213005 0.5511735 0.3284159 0.3631795 0.3355314 0.5511735 0.3355313 0.5511735 0.3426467 0.5511735 0.3141851 0.5511735 0.3213005 0.3631795 0.3213006 0.3631795 0.328416 0.5511735 0.3284159 0.5511735 0.3355313 0.5511735 0.3426467 0.5511735 0.3497622 0.3631795 0.3497623 0.5511735 0.3497622 0.5511735 0.3568776 0.3631795 0.3568777 0.3631795 0.3213006 0.5511735 0.3213005 0.5511735 0.3284159 0.3631795 0.3355314 0.5511735 0.3355313 0.5511735 0.3426467 0.001024961 0.8452455 0.001024961 0.5506431 0.4047567 0.5506435 0.001024961 0.8452455 0.403245 0.8452448 0.403245 0.5506431 0.403245 0.8452448 -4.8399e-4 0.8452455 -4.84586e-4 0.5506454 0.4047643 0.8452497 0.4047637 0.5506505 -4.84586e-4 0.5506454 0.7197124 0.573125 0.7197124 0.7993189 0.4479254 0.7993189 0.001024961 0.9108067 0.001024961 0.6175605 0.4047567 0.6175607 0.403245 0.9108056 0.403245 0.6175605 0.001024961 0.6175605 -4.83394e-4 0.9108052 -4.84586e-4 0.6175619 0.403245 0.6175605 0.4047648 0.9108072 0.4047637 0.6175653 -4.84586e-4 0.6175619 0.7197124 0.573125 0.7197124 0.7993189 0.4479254 0.7993189 -8.35359e-5 0.5390101 -8.35359e-5 0.0101251 0.06485933 0.01012539 0.06461614 0.5390083 0.06461614 0.0101251 -8.35359e-5 0.0101251 -3.2616e-4 0.5390077 -3.26354e-4 0.01012796 0.06461614 0.0101251 0.06486058 0.5390112 0.0648604 0.01013374 -3.26354e-4 0.01012796 0.7197124 0.7993189 0.4479254 0.7993189 0.4479254 0.573125 -8.35359e-5 0.5390101 -8.35359e-5 0.0101251 0.06485933 0.01012539 0.06461614 0.5390083 0.06461614 0.0101251 -8.35359e-5 0.0101251 -3.2616e-4 0.5390077 -3.26354e-4 0.01012796 0.06461614 0.0101251 0.06486058 0.5390112 0.0648604 0.01013374 -3.26354e-4 0.01012796 0.7197124 0.7993189 0.4479254 0.7993189 0.4479254 0.573125 -8.35359e-5 0.5390101 -8.35359e-5 0.0101251 0.06485933 0.01012539 0.06461614 0.5390083 0.06461614 0.0101251 -8.35359e-5 0.0101251 -3.2616e-4 0.5390077 -3.26354e-4 0.01012796 0.06461614 0.0101251 0.06486058 0.5390112 0.0648604 0.01013374 -3.26354e-4 0.01012796 0.7197124 0.7993189 0.4479254 0.7993189 0.4479254 0.573125 -8.35359e-5 0.5390101 -8.35359e-5 0.0101251 0.06485933 0.01012539 0.06461614 0.5390083 0.06461614 0.0101251 -8.35359e-5 0.0101251 -3.2616e-4 0.5390077 -3.26354e-4 0.01012796 0.06461614 0.0101251 0.06486058 0.5390112 0.0648604 0.01013374 -3.26354e-4 0.01012796 0.7197124 0.7993189 0.4479254 0.7993189 0.4479254 0.573125 0.9011265 0.596623 0.852602 0.596624 0.8526014 0.9937334 0.9011262 0.9937323 0.8526014 0.9937334 0.8526012 0.5981122 0.9011262 0.5981122 0.8526012 0.5981122 0.8526012 0.9922541 0.9011264 0.9922541 0.8526012 0.9922541 0.8526012 0.5966309 0.7197124 0.7993189 0.4479254 0.7993189 0.4479254 0.573125 0.1134575 0.09431582 0.06493294 0.09431678 0.06493234 0.4514635 0.1134571 0.4514626 0.06493234 0.4514635 0.0649321 0.09565514 0.1134572 0.09565514 0.0649321 0.09565514 0.0649321 0.4501331 0.1134573 0.4501331 0.0649321 0.4501331 0.06493216 0.09432297 0.7192744 0.5734896 0.7192744 0.7989544 0.4483634 0.7989544 0.3275439 0.3209113 0.3286519 0.3771675 0.3139557 0.3782264 0.3295044 0.1807218 0.3294326 0.2464399 0.3122329 0.2472195 0.341113 0.3483027 0.3404564 0.2867977 0.3565313 0.2857851 0.3398792 0.1741902 0.3399534 0.1062396 0.3577373 0.1054337 0.32401 0.17487 0.324008 0.2275938 0.3102319 0.2284016 0.5397767 0.5401344 0.5397764 0.394572 0.458207 0.3945695 0.3661392 0.3229275 0.3661398 0.3442732 0.5408259 0.3442734 0.4047648 0.996798 0.4047643 0.8452497 -4.8399e-4 0.8452455 -4.83394e-4 0.9967949 -4.8399e-4 0.8452455 0.403245 0.8452448 0.403245 0.9967955 0.403245 0.8452448 0.001024961 0.8452455 0.001024961 0.9967972 0.001024961 0.8452455 0.4047565 0.8452462 0.3418081 0.3634826 0.3286519 0.3771675 0.3275439 0.3209113 0.3448503 0.231056 0.3294326 0.2464399 0.3295044 0.1807218 0.3259403 0.301627 0.3404564 0.2867977 0.341113 0.3483027 0.3240121 0.1221461 0.3399534 0.1062396 0.3398792 0.1741902 0.5838189 0.7993189 0.4479254 0.7993189 0.4479254 0.686222 0.3407594 0.318695 0.3397107 0.2739074 0.3513925 0.2729175 0.3448523 0.1800643 0.3448542 0.1290726 0.3581777 0.1282914 0.3266451 0.3505951 0.3273499 0.3995632 0.3145707 0.40053 0.3275439 0.3209113 0.3128477 0.3219702 0.3117396 0.2657139 0.341113 0.3483027 0.3571879 0.3472902 0.3578445 0.4087953 0.3397107 0.2739074 0.3407594 0.318695 0.3275439 0.3209113 0.3273499 0.3995632 0.3266451 0.3505951 0.341113 0.3483027 0.7197124 0.686222 0.7197124 0.7993189 0.5838189 0.7993189 0.3407594 0.318695 0.3524412 0.3177052 0.3534899 0.3624928 0.3266451 0.3505951 0.3138659 0.3515619 0.3131611 0.3025938 0.3398792 0.1741902 0.3576631 0.1733843 0.3575889 0.2413349 0.7197124 0.686222 0.5838189 0.686222 0.5838189 0.573125 0.32401 0.17487 0.310234 0.1756777 0.310236 0.1229538 0.3448523 0.1800643 0.3581757 0.1792831 0.3581737 0.2302747 0.324008 0.2275938 0.32401 0.17487 0.3398792 0.1741902 0.5838189 0.573125 0.5838189 0.686222 0.4479254 0.686222 0.3295044 0.1807218 0.3123047 0.1815013 0.3123764 0.115783 0.3448542 0.1290726 0.3448523 0.1800643 0.3295044 0.1807218 0.5397767 0.5401344 0.5397764 0.394572 0.458207 0.3945695 0.3661392 0.3229275 0.3661398 0.3442732 0.5408259 0.3442734 0.5397767 0.5401344 0.5397764 0.394572 0.458207 0.3945695 0.3661392 0.3229275 0.3661398 0.3442732 0.5408259 0.3442734 0.9011265 0.596623 0.852602 0.596624 0.8526014 0.9937334 0.9011262 0.9937323 0.8526014 0.9937334 0.8526012 0.5981122 0.9011262 0.5981122 0.8526012 0.5981122 0.8526012 0.9922541 0.9011264 0.9922541 0.8526012 0.9922541 0.8526012 0.5966309 0.7197124 0.7993189 0.4479254 0.7993189 0.4479254 0.573125 0.651612 0.5401344 0.6516117 0.3042401 0.552365 0.3042376 0.5511735 0.3141851 0.5511735 0.3213005 0.3631795 0.3213006 0.3631795 0.328416 0.5511735 0.3284159 0.5511735 0.3355313 0.3631795 0.3426468 0.5511735 0.3426467 0.5511735 0.3497622 0.5511735 0.3497622 0.5511735 0.3568776 0.3631795 0.3568777 0.5511735 0.3213005 0.5511735 0.3284159 0.3631795 0.328416 0.3631795 0.3355314 0.5511735 0.3355313 0.5511735 0.3426467 0.3631795 0.3141852 0.5511735 0.3141851 0.5511735 0.3213005 0.5511735 0.3284159 0.5511735 0.3355313 0.3631795 0.3355314 0.3631795 0.3426468 0.5511735 0.3426467 0.5511735 0.3497622 0.3631795 0.3497623 0.5511735 0.3497622 0.5511735 0.3568776 0.5511735 0.3213005 0.5511735 0.3284159 0.3631795 0.328416 0.5511735 0.3355313 0.5511735 0.3426467 0.3631795 0.3426468 0.3631795 0.3141852 0.5511735 0.3141851 0.5511735 0.3213005 0.5511735 0.3284159 0.5511735 0.3355313 0.3631795 0.3355314 0.3631795 0.3426468 0.5511735 0.3426467 0.5511735 0.3497622 0.3631795 0.3497623 0.5511735 0.3497622 0.5511735 0.3568776 0.5511735 0.3213005 0.5511735 0.3284159 0.3631795 0.328416 0.5511735 0.3355313 0.5511735 0.3426467 0.3631795 0.3426468 0.5511735 0.3141851 0.5511735 0.3213005 0.3631795 0.3213006 0.3631795 0.328416 0.5511735 0.3284159 0.5511735 0.3355313 0.5511735 0.3426467 0.5511735 0.3497622 0.3631795 0.3497623 0.5511735 0.3497622 0.5511735 0.3568776 0.3631795 0.3568777 0.3631795 0.3213006 0.5511735 0.3213005 0.5511735 0.3284159 0.3631795 0.3355314 0.5511735 0.3355313 0.5511735 0.3426467 0.5511735 0.3141851 0.5511735 0.3213005 0.3631795 0.3213006 0.5511735 0.3284159 0.5511735 0.3355313 0.3631795 0.3355314 0.5511735 0.3426467 0.5511735 0.3497622 0.3631795 0.3497623 0.5511735 0.3497622 0.5511735 0.3568776 0.3631795 0.3568777 0.5511735 0.3213005 0.5511735 0.3284159 0.3631795 0.328416 0.3631795 0.3355314 0.5511735 0.3355313 0.5511735 0.3426467 0.5511735 0.3141851 0.5511735 0.3213005 0.3631795 0.3213006 0.5511735 0.3284159 0.5511735 0.3355313 0.3631795 0.3355314 0.5511735 0.3426467 0.5511735 0.3497622 0.3631795 0.3497623 0.5511735 0.3497622 0.5511735 0.3568776 0.3631795 0.3568777 0.5511735 0.3213005 0.5511735 0.3284159 0.3631795 0.328416 0.5511735 0.3355313 0.5511735 0.3426467 0.3631795 0.3426468 0.651612 0.5401344 0.6516117 0.3042401 0.552365 0.3042376 -8.35359e-5 0.5390101 -8.35359e-5 0.0101251 0.06485933 0.01012539 0.06461614 0.5390083 0.06461614 0.0101251 -8.35359e-5 0.0101251 -3.2616e-4 0.5390077 -3.26354e-4 0.01012796 0.06461614 0.0101251 0.06486058 0.5390112 0.0648604 0.01013374 -3.26354e-4 0.01012796 0.7197124 0.7993189 0.4479254 0.7993189 0.4479254 0.573125 -8.35359e-5 0.5390101 -8.35359e-5 0.0101251 0.06485933 0.01012539 0.06461614 0.5390083 0.06461614 0.0101251 -8.35359e-5 0.0101251 -3.2616e-4 0.5390077 -3.26354e-4 0.01012796 0.06461614 0.0101251 0.06486058 0.5390112 0.0648604 0.01013374 -3.26354e-4 0.01012796 0.7197124 0.7993189 0.4479254 0.7993189 0.4479254 0.573125</float_array>
          <technique_common>
            <accessor source="#Cube_006-mesh-map-0-array" count="3402" stride="2">
              <param name="S" type="float"/>
              <param name="T" type="float"/>
            </accessor>
          </technique_common>
        </source>
        <source id="Cube_006-mesh-map-1">
          <float_array id="Cube_006-mesh-map-1-array" count="6804">0.4712358 0.7386614 0.3865442 0.620038 0.4712358 0.6200687 0.68119 0.3183543 0.5964959 0.1762964 0.68119 0.1762125 0.3492286 0.7419726 0.2645314 0.6234048 0.3492286 0.6233835 0.6709037 0.1437225 0.5862494 0.001304149 0.6709037 0.001488268 0.3831097 0.3224505 0.2645315 0.464901 0.2645314 0.3223885 0.5968933 0.3509448 0.6881219 0.4787244 0.5968933 0.4786913 0.3557628 0.6206848 0.2645315 0.4676618 0.3557628 0.4675714 0.6990146 0.634707 0.6077799 0.5069873 0.6990146 0.5069643 0.5030964 0.3509448 0.594285 0.504356 0.5030964 0.5041577 0.261923 0.1762793 0.1341921 0.3297252 0.134192 0.1762125 0.742393 0.8188534 0.7295966 0.9174537 0.7295966 0.818858 0.08245962 0.7787743 0.06712222 0.8773577 0.06712222 0.7787591 0.9007869 0.001307427 0.887991 0.09990638 0.887991 0.001304149 0.3423827 0.7446023 0.3270353 0.8431882 0.3270353 0.7446357 0.3120173 0.1515886 0.2992224 0.1669594 0.2992224 0.151582 0.675539 0.8324718 0.6627426 0.9310721 0.6627426 0.8324764 0.8853825 0.001319348 0.8700451 0.09990274 0.8700451 0.001304149 0.1741521 0.8056632 0.161356 0.9042622 0.161356 0.80566 0.8674367 0.001304209 0.8520894 0.09989011 0.8520894 0.001337528 0.2966139 0.1515886 0.2838191 0.1669594 0.2838191 0.151582 0.7065281 0.8324807 0.6937317 0.9310811 0.6937317 0.8324854 0.5751464 0.7789071 0.559809 0.8774905 0.559809 0.7788919 0.9161913 0.001307427 0.9033953 0.09990638 0.9033953 0.001304209 0.1175017 0.7518461 0.1021544 0.8504321 0.1021544 0.7518795 0.358227 0.1515886 0.3454322 0.1669594 0.3454322 0.151582 0.9315961 0.001304209 0.9187997 0.09990447 0.9187997 0.001308798 0.2279227 0.7979778 0.2125853 0.8965612 0.2125853 0.7979626 0.8950988 0.811339 0.8823028 0.909938 0.8823028 0.8113358 0.3671844 0.7742332 0.351837 0.8728192 0.351837 0.7742666 0.3428238 0.1515886 0.330029 0.1669594 0.330029 0.151582 0.6909438 0.8324718 0.6781474 0.9310721 0.6781474 0.8324764 0.8516942 0.8035576 0.8363569 0.902141 0.8363569 0.8035424 0.1895565 0.8056632 0.1767605 0.9042622 0.1767605 0.80566 0.0645138 0.7787591 0.0491665 0.877345 0.0491665 0.7787925 0.3274205 0.1515887 0.3146256 0.1669594 0.3146256 0.151582 0.7219329 0.8324807 0.7091365 0.931081 0.7091365 0.8324853 0.2458685 0.7979778 0.2305311 0.8965611 0.2305311 0.7979626 0.204961 0.8056632 0.192165 0.9042623 0.192165 0.80566 0.04655808 0.7787591 0.03121072 0.877345 0.03121072 0.7787925 0.3736303 0.1515887 0.3608354 0.1669594 0.3608354 0.151582 0.9467447 0.5008693 0.9558846 0.6208239 0.9467447 0.6208207 0.586895 0.9226621 0.5777549 0.7789011 0.586895 0.778892 0.954842 0.4708727 0.9457015 0.3509273 0.954842 0.350925 0.8540986 0.5017945 0.8632345 0.6456781 0.8540986 0.6456582 0.9138332 0.350925 0.9225274 0.498261 0.9138333 0.498242 0.9661491 0.4737519 0.9574505 0.3509272 0.9661491 0.350925 0.9225314 0.6480907 0.9138332 0.500878 0.9225314 0.5008695 0.9580792 0.1144563 0.9667773 0.23729 0.9580792 0.2372869 0.3736889 0.001368343 0.2508732 0.1489094 0.2508732 0.001304149 0.2645315 0.7446023 0.2752169 0.8878506 0.2645315 0.8878273 0.7736171 0.9229803 0.7629262 0.8035678 0.7736171 0.8035651 0.2885157 0.8877342 0.2778252 0.7446129 0.2885157 0.7446023 0.1480575 0.80566 0.1587476 0.9250828 0.1480575 0.9250789 0.3839358 0.1762749 0.2645314 0.3197177 0.2645314 0.1762125 0.1217339 0.238546 0.1271263 0.1604877 0.1309489 0.238566 0.6394323 0.8087248 0.6343156 0.8738177 0.6302127 0.8087272 0.8915221 0.7307028 0.8861271 0.8087273 0.8823028 0.7307119 0.650246 0.8087273 0.6553624 0.7436355 0.659465 0.8087306 0.435727 0.9045149 0.435514 0.9614378 0.4314112 0.904516 0.1707803 0.7183175 0.1341921 0.8030515 0.1341921 0.718397 0.7123643 0.3415527 0.7161837 0.3393358 0.7200031 0.3415361 0.7200031 0.3459532 0.7123643 0.3415527 0.7200031 0.3415361 0.7200031 0.3459532 0.7123643 0.3459698 0.7123643 0.3415527 0.7200031 0.3459532 0.7161837 0.3481702 0.7123643 0.3459698 0.6630351 0.3290571 0.6630351 0.323711 0.6676751 0.3210466 0.667675 0.3317386 0.6630351 0.3290571 0.6676751 0.3210466 0.667675 0.3317386 0.6676751 0.3210466 0.672315 0.3237281 0.667675 0.3317386 0.672315 0.3237281 0.672315 0.3290742 0.9842458 0.7758303 0.9798267 0.6457411 0.9842458 0.6457408 0.9236623 0.7828303 0.9282996 0.6526798 0.9275384 0.7828075 0.7184513 0.7332358 0.722298 0.603069 0.7222374 0.7331733 0.722298 0.603069 0.726105 0.7332358 0.7222374 0.7331733 0.9190189 0.6526798 0.9236623 0.7828303 0.9198853 0.7828075 0.9811748 0.1144577 0.9767554 0.2445813 0.9767554 0.1144563 0.110073 0.5946724 0.110073 0.5893133 0.1147025 0.5866382 0.119332 0.589322 0.110073 0.5946724 0.1147025 0.5866382 0.119332 0.589322 0.1147025 0.5973563 0.110073 0.5946724 0.119332 0.589322 0.119332 0.5946812 0.1147025 0.5973563 0.1265714 0.5866383 0.1312025 0.5893056 0.1312025 0.594662 0.1219404 0.5893272 0.1265714 0.5866383 0.1312025 0.594662 0.1219404 0.5893272 0.1312025 0.594662 0.1265715 0.5973509 0.1219404 0.5893272 0.1265715 0.5973509 0.1219404 0.5946835 0.9190188 0.9156463 0.9239362 0.7855156 0.9239362 0.9156948 0.9801947 0.785567 0.9855218 0.9156104 0.9801947 0.9157387 0.929025 0.2456261 0.9333131 0.1155281 0.9333131 0.2457071 0.9832393 0.6160396 0.9885638 0.4860531 0.9885638 0.6161788 0.9239362 0.7855156 0.928241 0.915618 0.9239362 0.9156948 0.9240966 0.1154983 0.929025 0.2456261 0.9240966 0.2456774 0.7226116 0.3459081 0.7226116 0.3415254 0.726397 0.3393358 0.7226116 0.3459081 0.726397 0.3393358 0.7301825 0.341529 0.7226116 0.3459081 0.7301825 0.341529 0.726397 0.3481011 0.7301825 0.341529 0.7301825 0.3459116 0.726397 0.3481011 0.7403633 0.3458998 0.7365771 0.3393359 0.7403633 0.3415188 0.7403633 0.3458998 0.7327908 0.3415339 0.7365771 0.3393359 0.7403633 0.3458998 0.7365771 0.3480978 0.7327908 0.3415339 0.7365771 0.3480978 0.7327908 0.345915 0.7327908 0.3415339 0.9628202 0.9203407 0.9666743 0.7854387 0.9666743 0.9202877 0.9868541 0.6458619 0.9912344 0.7807276 0.9868541 0.7808488 0.9623363 0.6208239 0.9660823 0.4859139 0.9660823 0.6207718 0.1123514 0.9880732 0.116732 0.8531634 0.116732 0.988196 0.9666743 0.7854387 0.9704085 0.9203437 0.9666743 0.9202877 0.9584931 0.4859147 0.9623363 0.6208239 0.958493 0.6207726 0.2443264 0.7027094 0.2484476 0.7003217 0.2525689 0.7026886 0.2443264 0.7027094 0.2525689 0.7026886 0.2525689 0.7074431 0.2443264 0.7027094 0.2525689 0.7074431 0.2443264 0.7074639 0.2525689 0.7074431 0.2484477 0.7098308 0.2443264 0.7074639 0.7098582 0.6276046 0.701623 0.6275817 0.7057406 0.6252142 0.7098582 0.6276046 0.701623 0.6323396 0.701623 0.6275817 0.7098582 0.6276046 0.7098582 0.6323625 0.701623 0.6323396 0.7098582 0.6323625 0.7057406 0.6347301 0.701623 0.6323396 0.9391546 0.7827764 0.9349659 0.6447021 0.9391546 0.6446483 0.984723 0.2526122 0.9894763 0.1147466 0.9894763 0.2529026 0.9349204 0.9235604 0.9308494 0.7855008 0.9349204 0.7854387 0.9833045 0.3168349 0.9880583 0.4547526 0.9833045 0.4550411 0.9349659 0.6447021 0.9309078 0.7827657 0.9309078 0.6446377 0.9390972 0.7854889 0.9349204 0.9235604 0.9349204 0.7854387 0.6790481 0.3378188 0.6831727 0.3401985 0.6831727 0.3449602 0.6790481 0.3378188 0.6831727 0.3449602 0.679048 0.347342 0.6790481 0.3378188 0.679048 0.347342 0.6749234 0.3402007 0.679048 0.347342 0.6749233 0.3449624 0.6749234 0.3402007 0.252573 0.6905685 0.2443264 0.6905691 0.2484496 0.6881873 0.252573 0.6905685 0.2443264 0.6953321 0.2443264 0.6905691 0.252573 0.6905685 0.252573 0.6953316 0.2443264 0.6953321 0.252573 0.6953316 0.2484496 0.6977134 0.2443264 0.6953321 0.908163 0.6528495 0.9123444 0.8094884 0.908163 0.8096581 0.9734536 0.485914 0.9686908 0.6431324 0.9686908 0.4859148 0.7077698 0.4523755 0.7118848 0.6091299 0.7077698 0.6092861 0.9735187 0.4737542 0.9687574 0.3165465 0.9735187 0.3165494 0.9123444 0.6526798 0.9164105 0.809673 0.9123444 0.8094884 0.703635 0.4522215 0.7077698 0.6092861 0.703635 0.6091321 0.6445655 0.3411635 0.648689 0.3387817 0.6528124 0.3411629 0.6445655 0.3411635 0.6528124 0.3411629 0.6528125 0.3459259 0.6445655 0.3411635 0.6528125 0.3459259 0.6445655 0.3459266 0.6528125 0.3459259 0.648689 0.3483078 0.6445655 0.3459266 0.6940278 0.3402 0.6857812 0.3402006 0.6899045 0.3378188 0.6940278 0.3402 0.6857812 0.3449636 0.6857812 0.3402006 0.6940278 0.3402 0.6940278 0.344963 0.6857812 0.3449636 0.6940278 0.344963 0.6899045 0.3473448 0.6857812 0.3449636 0.9132407 0.1156168 0.9174221 0.2722557 0.9132407 0.2724254 0.8335009 0.960767 0.828738 0.8035503 0.8335009 0.8035494 0.1242449 0.7520022 0.12836 0.9087567 0.1242449 0.9089129 0.974147 0.2716639 0.9693856 0.1144562 0.974147 0.1144592 0.9174221 0.1154471 0.9214882 0.2724403 0.9174221 0.2722557 0.1201102 0.7518483 0.1242449 0.9089129 0.1201102 0.9087589 0.009580314 0.1496884 0.001304149 0.07959741 0.009472012 0.0796017 0.009580314 0.009373784 0.06638187 0.001413881 0.06638187 0.009479224 0.1234157 0.009433269 0.1314754 0.07966542 0.1233075 0.07966113 0.1234157 0.1497479 0.06638187 0.1578592 0.06638187 0.1497938 0.5003797 0.4212321 0.443454 0.4913648 0.4433458 0.4212781 0.9294555 0.570848 0.9289641 0.6408233 0.9251399 0.5708523 0.4465407 0.904517 0.4467537 0.8475924 0.4508563 0.9045186 0.9289582 0.4209536 0.9294494 0.3509344 0.9332719 0.4209631 0.1217339 0.238546 0.1271263 0.3166276 0.1179114 0.3166076 0.8915221 0.7307028 0.8861271 0.652689 0.8953464 0.6526798 0.009580314 0.009373784 0.001304149 0.07959741 0.001412391 0.001304149 0.1234157 0.1497479 0.1314754 0.07966542 0.1315836 0.1578176 0.443454 0.3510502 0.5003797 0.4212321 0.4433458 0.4212781 0.9294555 0.570848 0.9289641 0.5008737 0.9332798 0.5008694 0.9289582 0.4209536 0.9294494 0.490975 0.9251357 0.4909657 0.650246 0.8087273 0.6553624 0.8738226 0.6461434 0.8738193 0.443454 0.3510502 0.3865442 0.4211726 0.3866525 0.3509448 0.435727 0.9045149 0.435514 0.847592 0.4398298 0.8475909 0.4465407 0.904517 0.4467537 0.9614417 0.4424381 0.9614402 0.009580314 0.1496884 0.06638187 0.1578592 0.001412391 0.1577495 0.3865442 0.4211726 0.443454 0.4913648 0.3866525 0.4912593 0.6394323 0.8087248 0.6343156 0.7436346 0.6435351 0.7436323 0.1234157 0.009433269 0.06638187 0.001413881 0.1315836 0.001372218 0.6358731 0.1708374 0.6123651 0.1463541 0.6358731 0.1463308 0.7981705 0.9332914 0.7894722 0.9047723 0.7981705 0.9047637 0.6200041 0.3455531 0.5964961 0.3210699 0.6200041 0.3210466 0.8450551 0.9332924 0.8363569 0.9047733 0.8450551 0.9047647 0.4086549 0.9436978 0.4114858 0.8947899 0.4114858 0.9435685 0.814462 0.905666 0.8113402 0.9656977 0.8113402 0.9047588 0.8504617 0.9536521 0.8476635 0.9047646 0.8504617 0.904914 0.2424731 0.9000917 0.2455946 0.9601292 0.2424731 0.9610362 0.6735121 0.1720677 0.7224544 0.1131729 0.7224544 0.1724546 0.7416284 0.1525064 0.7444592 0.1604701 0.7416284 0.1604908 0.2341337 0.9000941 0.2310112 0.9601224 0.2310112 0.8991848 0.7498657 0.1525218 0.7470676 0.1604697 0.7470676 0.1524857 0.2367422 0.9000946 0.2398646 0.9601176 0.2367422 0.9610273 0.08982825 0.715608 0.0978114 0.7748347 0.08982831 0.7748913 0.6419478 0.498802 0.6441053 0.4998854 0.6441053 0.5022646 0.6397904 0.5000976 0.6419478 0.498802 0.6441053 0.5022646 0.6397904 0.5000976 0.6441053 0.5022646 0.6419479 0.5035603 0.6397904 0.5000976 0.6419479 0.5035603 0.6397904 0.5024768 0.6368227 0.4994704 0.6368227 0.5018846 0.6346966 0.5029524 0.6346966 0.4981239 0.6368227 0.4994704 0.6346966 0.5029524 0.6346966 0.4981239 0.6346966 0.5029524 0.6325705 0.5016059 0.6346966 0.4981239 0.6325705 0.5016059 0.6325705 0.4991916 0.9761272 0.4635794 0.980696 0.3166945 0.980696 0.4638437 0.9391018 0.4970116 0.9430931 0.3513425 0.9430931 0.4968532 0.9417057 0.7859839 0.9448994 0.9294781 0.9417057 0.930452 0.9434936 0.7854386 0.9489052 0.9296531 0.9448994 0.9294781 0.9358804 0.4961075 0.9408586 0.3514311 0.9391018 0.4970116 0.973017 0.7855964 0.9775863 0.9328472 0.9730169 0.933129 0.9760621 0.6329468 0.9806309 0.4860619 0.9806309 0.6332111 0.5525943 0.8855749 0.5565857 0.7399059 0.5565857 0.8854166 0.941763 0.6383621 0.9449568 0.7818562 0.941763 0.7828302 0.943551 0.6378169 0.9489625 0.7820312 0.9449568 0.7818562 0.5493729 0.8846709 0.5543512 0.7399945 0.5525943 0.8855749 0.1270142 0.3222424 0.1315836 0.4694933 0.1270142 0.4697751 0.5985221 0.5000525 0.600151 0.5011333 0.600151 0.5032633 0.5985221 0.5000525 0.600151 0.5032633 0.5985221 0.5043124 0.5985221 0.5000525 0.5985221 0.5043124 0.5968933 0.5011016 0.5985221 0.5043124 0.5968933 0.5032316 0.5968933 0.5011016 0.2719944 0.1703557 0.2684131 0.1707248 0.2702037 0.1695714 0.2719944 0.1703557 0.2684132 0.1726625 0.2684131 0.1707248 0.2719944 0.1703557 0.2719944 0.1722934 0.2684132 0.1726625 0.2719944 0.1722934 0.2702038 0.1734467 0.2684132 0.1726625 0.2885158 0.9732967 0.2868205 0.8904305 0.2885158 0.8903693 0.9633343 0.7209065 0.9654609 0.6378193 0.9654609 0.7209089 0.5509501 0.9710569 0.5493729 0.8882694 0.5509501 0.8881834 0.8766308 0.8649364 0.8787593 0.9480171 0.8766307 0.9480192 0.2868205 0.9733579 0.2852669 0.8903532 0.2868205 0.8904305 0.5526261 0.8882558 0.5509501 0.9710569 0.5509501 0.8881834 0.6102547 0.5000525 0.6118836 0.5011314 0.6118836 0.5032602 0.6102547 0.5000525 0.6118836 0.5032602 0.6102547 0.50431 0.6102547 0.5000525 0.6102547 0.50431 0.6086257 0.5011023 0.6102547 0.50431 0.6086257 0.5032311 0.6086257 0.5011023 0.2873976 0.1703588 0.2838191 0.1707282 0.2856083 0.1695744 0.2873976 0.1703588 0.2838191 0.1726662 0.2838191 0.1707282 0.2873976 0.1703588 0.2873976 0.1722969 0.2838191 0.1726662 0.2873976 0.1722969 0.2856084 0.1734505 0.2838191 0.1726662 0.2184518 0.977984 0.2201013 0.8991848 0.2201013 0.9778921 0.3833156 0.9640924 0.3811851 0.8850528 0.3833156 0.8850424 0.214214 0.9780456 0.2158434 0.8991848 0.2158434 0.9779585 0.9660783 0.2402567 0.9639484 0.3192895 0.9639484 0.2402454 0.2201013 0.8991848 0.2217087 0.9779923 0.2201013 0.9778921 0.2125853 0.8991866 0.214214 0.9780456 0.2125853 0.9779603 0.2992487 0.172428 0.2975947 0.1695744 0.2992487 0.1705422 0.2992487 0.172428 0.2959408 0.1704925 0.2975947 0.1695744 0.2992487 0.172428 0.2975948 0.173346 0.2959408 0.1704925 0.2975948 0.173346 0.2959408 0.1723782 0.2959408 0.1704925 0.2933325 0.1704868 0.2900061 0.1705494 0.2916693 0.1695744 0.2933325 0.1704868 0.290006 0.1724367 0.2900061 0.1705494 0.2933325 0.1704868 0.2933325 0.1723741 0.290006 0.1724367 0.2933325 0.1723741 0.2916693 0.173349 0.290006 0.1724367 0.9394196 0.3407086 0.9410963 0.2484833 0.9410963 0.3408499 0.2095077 0.8987517 0.2075694 0.8057241 0.2095077 0.80566 0.3225753 0.9382048 0.3241571 0.8459888 0.3241571 0.9383704 0.7269882 0.7359067 0.7250506 0.8289713 0.7250505 0.7358441 0.9410963 0.2484833 0.9426725 0.340682 0.9410963 0.3408499 0.3209033 0.8459647 0.3225753 0.9382048 0.3209033 0.9383462 0.3482441 0.8375341 0.3465674 0.7447149 0.3482441 0.7446203 0.3834428 0.4675966 0.3815089 0.5608524 0.3815089 0.4675714 0.2567632 0.7810899 0.2551814 0.6883004 0.2567632 0.6881873 0.2616118 0.4257116 0.2596782 0.3324275 0.2616118 0.3324003 0.3465674 0.7447149 0.344991 0.837516 0.344991 0.7446022 0.2584352 0.6882837 0.2567632 0.7810899 0.2567632 0.6881873 0.7687112 0.3362608 0.7652022 0.3276191 0.7687112 0.3277997 0.8520894 0.1625522 0.8555933 0.1031736 0.8555933 0.1632272 0.7713196 0.3362637 0.7748249 0.3276191 0.7748249 0.336077 0.9167444 0.3349786 0.9132407 0.2757387 0.9167444 0.2750486 0.3785766 0.9466125 0.3697928 0.8850427 0.3785766 0.8850425 0.73902 0.1601097 0.7349444 0.1528928 0.7390201 0.1524857 0.8170705 0.9565975 0.8211562 0.9053855 0.8211562 0.9572241 0.6554208 0.3464121 0.6594918 0.3391999 0.6594918 0.3468303 0.224317 0.8997631 0.2284028 0.9513286 0.224317 0.951907 0.09385257 0.9511359 0.08506804 0.8895752 0.09385257 0.8895727 0.5862492 0.1463309 0.6097565 0.1709071 0.5862492 0.1708986 0.5774271 0.3160243 0.5861251 0.3446265 0.5774271 0.3446233 0.7603179 0.8035652 0.7455285 0.9021661 0.7455285 0.8035705 0.4063693 0.7412698 0.3865442 0.8449864 0.3865442 0.7412749 0.8087317 0.8035531 0.7939428 0.9021515 0.7939428 0.8035494 0.7429201 0.3509448 0.6907303 0.4496108 0.6907303 0.3510583 0.3666247 0.8754354 0.351837 0.9277197 0.351837 0.8754276 0.5236262 0.7394884 0.5030964 0.8482992 0.5030964 0.7394958 0.6276043 0.7436403 0.6077799 0.8473368 0.6077799 0.7436323 0.1306024 0.4752193 0.110073 0.5840246 0.110073 0.4752141 0.7276164 0.001304149 0.6735121 0.1101775 0.6735121 0.001421809 0.7328917 0.2825171 0.7123643 0.3367166 0.7123643 0.2825064 0.6601342 0.6373384 0.6077799 0.7410238 0.6077799 0.6373646 0.6077799 0.8499534 0.6276029 0.9023158 0.6077799 0.902306 0.7526041 0.3416135 0.7526041 0.3460217 0.7489617 0.3482436 0.7489618 0.3394272 0.7526041 0.3416135 0.7489617 0.3482436 0.7489618 0.3394272 0.7489617 0.3482436 0.7453193 0.3460572 0.7489618 0.3394272 0.7453193 0.3460572 0.7453193 0.341649 0.8961311 0.1155083 0.9004224 0.3278598 0.8927569 0.3279691 0.8723567 0.8623259 0.8796944 0.6530718 0.8796944 0.8619197 0.8767362 0.1161354 0.8827862 0.3220952 0.8767362 0.3233248 0.8801232 0.1154471 0.8901485 0.3225255 0.8827862 0.3220952 0.8662634 0.8612195 0.8755865 0.6532993 0.8723567 0.8623259 0.4918306 0.7069168 0.4961236 0.4940176 0.4994987 0.7069961 0.7620767 0.1653011 0.7620767 0.1697083 0.7584376 0.1719396 0.7584376 0.1631252 0.7620767 0.1653011 0.7584376 0.1719396 0.7584376 0.1631252 0.7584376 0.1719396 0.7547985 0.1697636 0.7584376 0.1631252 0.7547985 0.1697636 0.7547984 0.1653564 0.4779605 0.620038 0.4806537 0.8332265 0.4738442 0.8331874 0.8823898 0.5595097 0.8867983 0.3509553 0.8902645 0.5595638 0.5961936 0.6280066 0.6041381 0.8411194 0.5976445 0.8410617 0.9068167 0.3509674 0.9112247 0.5572178 0.903351 0.5572934 0.4806537 0.8332265 0.4854139 0.620038 0.4871578 0.8331875 0.5908259 0.8411195 0.5961936 0.6280066 0.5976445 0.8410617 0.09953516 0.9455574 0.09646105 0.8896067 0.09953516 0.8895727 0.8007789 0.9607512 0.803849 0.9047974 0.803849 0.9607849 0.783773 0.9054489 0.7868639 0.9650518 0.783773 0.9657371 0.08721983 0.7760167 0.03121072 0.7156854 0.08721983 0.7155514 0.6043884 0.5000525 0.6060174 0.5011314 0.6060174 0.5032602 0.6043884 0.5000525 0.6060174 0.5032602 0.6043884 0.5043101 0.6043884 0.5000525 0.6043884 0.5043101 0.6027595 0.5011023 0.6043884 0.5043101 0.6027595 0.5032311 0.6027595 0.5011023 0.2781812 0.1703559 0.2746027 0.1707251 0.2763919 0.1695714 0.2781812 0.1703559 0.2746027 0.1726632 0.2746027 0.1707251 0.2781812 0.1703559 0.2781812 0.1722939 0.2746027 0.1726632 0.2781812 0.1722939 0.2763919 0.1734476 0.2746027 0.1726632 0.958083 0.3247985 0.9597326 0.2402454 0.9597326 0.3247067 0.7269882 0.9164604 0.7248577 0.8316499 0.7269881 0.8316426 0.9049797 0.6445205 0.906609 0.5599018 0.906609 0.6444333 0.6047236 0.8437361 0.6025937 0.9285392 0.6025937 0.8437279 0.9597326 0.2402454 0.96134 0.3248069 0.9597326 0.3247067 0.9033509 0.5599038 0.9049797 0.6445205 0.9033509 0.6444353 0.7012076 0.3182566 0.6837984 0.2828556 0.7097558 0.2825064 0.400385 0.8531916 0.3865442 0.8921814 0.3865442 0.8475947 0.2645314 0.9171562 0.2803114 0.890459 0.2803114 0.9255412 0.3838699 0.5790685 0.358378 0.6148413 0.3583712 0.5789955 0.637182 0.4839469 0.6313263 0.4897119 0.6313263 0.4839776 0.6827318 0.481339 0.6878778 0.4838771 0.6817481 0.483886 0.6325858 0.3210794 0.6284551 0.323623 0.6284578 0.3210466 0.6759226 0.3210467 0.6810504 0.3236773 0.6749234 0.3236731 0.6354621 0.4813334 0.6313263 0.4839776 0.6313313 0.481355 0.6243364 0.3210802 0.6284551 0.323623 0.6226125 0.3236706 0.6272127 0.4813328 0.6313263 0.4839776 0.6254877 0.4839462 0.6313263 0.4897119 0.6357101 0.4954926 0.6313306 0.4955155 0.6284551 0.323623 0.6226125 0.3294045 0.6226125 0.3236706 0.6313263 0.4839776 0.6254877 0.4896805 0.6254877 0.4839462 0.6878778 0.4838771 0.6817481 0.4896174 0.6817481 0.483886 0.6343069 0.3236696 0.6284551 0.329357 0.6284551 0.323623 0.6810504 0.3236773 0.6749234 0.3294072 0.6749234 0.3236731 0.6284551 0.329357 0.6240878 0.3352351 0.6226125 0.3294045 0.6313263 0.4897119 0.6269639 0.495492 0.6254877 0.4896805 0.6878778 0.4896087 0.68259 0.4954817 0.6817481 0.4896174 0.6284551 0.329357 0.632834 0.3352344 0.6284574 0.3351996 0.6810504 0.3294115 0.6757786 0.3352072 0.6749234 0.3294072 0.7327125 0.1704308 0.7288876 0.1724546 0.7289369 0.1678187 0.7288876 0.1631253 0.7327125 0.1657661 0.7289369 0.1678187 0.7250628 0.1651492 0.7288876 0.1631253 0.7289369 0.1678187 0.7288876 0.1724546 0.7250628 0.1698138 0.7289369 0.1678187 0.7327125 0.1657661 0.7327125 0.1704308 0.7289369 0.1678187 0.7250628 0.1698138 0.7250628 0.1651492 0.7289369 0.1678187 0.5919416 0.3334235 0.5887337 0.3384579 0.5887337 0.3334104 0.6640717 0.334347 0.6657231 0.3366656 0.663035 0.3366423 0.5917102 0.3160244 0.5887337 0.3183128 0.5894409 0.316047 0.1189478 0.3192608 0.1206024 0.3215137 0.1179114 0.3215488 0.5917109 0.3311172 0.5887337 0.3334104 0.5894479 0.3311079 0.6684505 0.3343566 0.6657231 0.3366656 0.665968 0.3343634 0.1233278 0.3192465 0.1206024 0.3215137 0.1208461 0.319236 0.5887337 0.3384579 0.5917441 0.3435813 0.589345 0.3435714 0.6692424 0.3366559 0.6657231 0.3417133 0.6657231 0.3366656 0.1241205 0.3215284 0.1206024 0.326561 0.1206024 0.3215137 0.6657231 0.3366656 0.663035 0.34169 0.663035 0.3366423 0.5919506 0.3182808 0.5887337 0.3233579 0.5887337 0.3183128 0.1206024 0.3215137 0.1179114 0.3265961 0.1179114 0.3215488 0.6657231 0.3417133 0.6685647 0.3468201 0.6659326 0.3468273 0.1206024 0.326561 0.1234421 0.3317067 0.1208109 0.3316956 0.6657231 0.3417133 0.6639223 0.3468099 0.663035 0.34169 0.5887337 0.3233579 0.5917448 0.3284756 0.5893388 0.3284996 0.1206024 0.326561 0.1187984 0.3317219 0.1179114 0.3265961 0.6277249 0.498124 0.6299621 0.4992234 0.62769 0.5005279 0.6254876 0.5017601 0.6254876 0.4993923 0.62769 0.5005279 0.6277249 0.5028596 0.6254876 0.5017601 0.62769 0.5005279 0.6299621 0.4992234 0.6299622 0.5015913 0.62769 0.5005279 0.6254876 0.4993923 0.6277249 0.498124 0.62769 0.5005279 0.6299622 0.5015913 0.6277249 0.5028596 0.62769 0.5005279 0.6228792 0.4843014 0.6169109 0.4908401 0.6169109 0.4843434 0.6579695 0.4813328 0.6522342 0.4843016 0.6532068 0.4813334 0.6068894 0.4814082 0.6026451 0.4842157 0.6027002 0.4813328 0.6532971 0.1463308 0.6590782 0.1492561 0.6523267 0.1492547 0.6169844 0.4813664 0.6228792 0.4843014 0.6169109 0.4843434 0.5986427 0.4814159 0.6026451 0.4842157 0.5968933 0.4843335 0.6169844 0.4813664 0.6111922 0.4842957 0.6129503 0.4813328 0.6169109 0.4908401 0.6214374 0.4973791 0.6169738 0.4974104 0.6026451 0.4842157 0.5968933 0.4908273 0.5968933 0.4843335 0.6169109 0.4843434 0.6111922 0.4907925 0.6111922 0.4842957 0.6589857 0.4843007 0.6522342 0.4907987 0.6522342 0.4843016 0.6085839 0.4843227 0.6026451 0.4907095 0.6026451 0.4842157 0.6590782 0.1492561 0.6523267 0.1557513 0.6523267 0.1492547 0.6026451 0.4907095 0.5983905 0.497444 0.5968933 0.4908273 0.6111922 0.4907925 0.6169738 0.4974104 0.6126968 0.4973748 0.6522342 0.4907987 0.658116 0.4973761 0.6530665 0.4973767 0.6085839 0.4908165 0.6026923 0.4973559 0.6026451 0.4907095 0.6590782 0.1557527 0.6531572 0.1623668 0.6523267 0.1557513 0.6966362 0.3449624 0.6966362 0.3402014 0.7007938 0.3426352 0.7048848 0.3449583 0.7007606 0.3473409 0.7007938 0.3426352 0.7048848 0.3401972 0.7048848 0.3449583 0.7007938 0.3426352 0.6966362 0.3402014 0.7007606 0.3378188 0.7007938 0.3426352 0.7007606 0.3473409 0.6966362 0.3449624 0.7007938 0.3426352 0.7007606 0.3378188 0.7048848 0.3401972 0.7007938 0.3426352 0.6701189 0.4835302 0.6615941 0.4883375 0.6615941 0.4835432 0.2530437 0.1631732 0.2583391 0.1688166 0.2508733 0.164511 0.2635766 0.15709 0.2658048 0.1645048 0.2635766 0.1631687 0.2635766 0.15709 0.2583389 0.151582 0.2658048 0.1558874 0.6685346 0.4813328 0.6615941 0.4835432 0.6625211 0.481342 0.2583101 0.1662104 0.2658048 0.1645048 0.2583391 0.1688166 0.2530437 0.1570944 0.2583389 0.151582 0.2583101 0.1540528 0.6701189 0.4883244 0.6623874 0.4931821 0.6615941 0.4883375 0.6494812 0.4961761 0.6448339 0.4892432 0.6496257 0.4892256 0.650739 0.3210466 0.6555906 0.32805 0.6507965 0.3280436 0.6496257 0.4892256 0.6446895 0.4813504 0.6494812 0.4813328 0.6470046 0.1631404 0.6384927 0.1679342 0.6384814 0.1631404 0.6507965 0.3280436 0.6555331 0.3359107 0.650739 0.3359043 0.6446895 0.4961937 0.6398984 0.4890235 0.6448339 0.4892432 0.6555331 0.321053 0.6604266 0.3282743 0.6555906 0.32805 0.6448339 0.4892432 0.6397904 0.4831205 0.6446895 0.4813504 0.6384927 0.1679342 0.6456693 0.1728283 0.6392949 0.1728283 0.6555906 0.32805 0.6603836 0.3341532 0.6555331 0.3359107 0.2583101 0.1662104 0.2530437 0.1631732 0.2583288 0.1601755 0.2635766 0.15709 0.2635766 0.1631687 0.2583288 0.1601755 0.2583101 0.1540528 0.2635766 0.15709 0.2583288 0.1601755 0.2530437 0.1631732 0.2530437 0.1570944 0.2583288 0.1601755 0.2635766 0.1631687 0.2583101 0.1662104 0.2583288 0.1601755 0.2530437 0.1570944 0.2583101 0.1540528 0.2583288 0.1601755 0.6432095 0.3235859 0.6369153 0.3293852 0.6369153 0.3236541 0.6462765 0.3211506 0.6432095 0.3235859 0.642805 0.3210466 0.6443696 0.1463719 0.6384814 0.1489733 0.6399431 0.1463522 0.6443696 0.1463719 0.6497183 0.1489431 0.6447563 0.1490013 0.642805 0.3210466 0.6369153 0.3236541 0.638365 0.3210948 0.6732531 0.4813328 0.6791397 0.483933 0.6727272 0.4839079 0.6667398 0.1463309 0.6616866 0.1489656 0.6622148 0.1463425 0.6432095 0.329317 0.6381559 0.3352383 0.6369153 0.3293852 0.6791397 0.483933 0.6727272 0.4896416 0.6727272 0.4839079 0.6681011 0.1489491 0.6616866 0.1546996 0.6616866 0.1489656 0.6481307 0.3237333 0.6432095 0.329317 0.6432095 0.3235859 0.6447563 0.1490013 0.6384814 0.1547071 0.6384814 0.1489733 0.6497183 0.1489431 0.6447563 0.1547351 0.6447563 0.1490013 0.6791397 0.4896667 0.6731773 0.4954846 0.6727272 0.4896416 0.6681011 0.1546831 0.6621387 0.1605022 0.6616866 0.1546996 0.6432095 0.329317 0.6465439 0.3352975 0.6428633 0.3351872 0.6384814 0.1547071 0.6444253 0.1605319 0.6397323 0.160511 0.6497183 0.1546769 0.6444253 0.1605319 0.6447563 0.1547351 0.70971 0.6202711 0.7056664 0.6226058 0.7056835 0.6179934 0.7056664 0.6132721 0.70971 0.6156043 0.7056835 0.6179934 0.701623 0.6156069 0.7056664 0.6132721 0.7056835 0.6179934 0.7056664 0.6226058 0.7016229 0.6202737 0.7056835 0.6179934 0.70971 0.6156043 0.70971 0.6202711 0.7056835 0.6179934 0.7016229 0.6202737 0.701623 0.6156069 0.7056835 0.6179934 0.7220939 0.8298723 0.6937316 0.7386129 0.7220939 0.738641 0.5782907 0.1411244 0.5671773 0.1695548 0.5671773 0.1411185 0.6911232 0.8298017 0.6627426 0.7386747 0.6911232 0.738613 0.306472 0.843198 0.2911242 0.7446176 0.306472 0.7446023 0.2684131 0.1669631 0.2812107 0.151582 0.2812107 0.1669561 0.9368111 0.3469337 0.9240966 0.2483155 0.9368111 0.2483351 0.3244269 0.8432148 0.3090803 0.7446023 0.3244269 0.7446126 0.4865719 0.9343875 0.4738442 0.8358801 0.4865719 0.8358349 0.01275646 0.9403274 0.001304209 0.8664254 0.01275646 0.8664141 0.02681761 0.9303187 0.01536488 0.8664169 0.02681761 0.866414 0.8889787 0.5716918 0.9004256 0.6456781 0.8889787 0.6456532 0.559809 0.8801141 0.5712609 0.9440249 0.559809 0.9440208 0.8261295 0.8035492 0.8113401 0.9021503 0.8113401 0.8035546 0.4288027 0.7412698 0.4089777 0.8449863 0.4089777 0.7412749 0.7913343 0.8035531 0.7765454 0.9021516 0.7765454 0.8035494 0.7149325 0.6373385 0.6627426 0.7360045 0.6627426 0.6374519 0.4686315 0.8690395 0.4538439 0.9213238 0.4538439 0.8690318 0.5467645 0.7394884 0.5262346 0.8482992 0.5262346 0.7394958 0.4512355 0.7412779 0.4314111 0.8449744 0.4314111 0.7412698 0.3789004 0.4675766 0.3583711 0.5763819 0.3583711 0.4675714 0.5572006 0.6280067 0.5030964 0.7368801 0.5030964 0.6281244 0.8863704 0.5914679 0.865843 0.6456674 0.865843 0.5914571 0.7361527 0.1762125 0.6837984 0.2798979 0.6837984 0.1762387 0.5030963 0.8509076 0.5229192 0.9032701 0.5030963 0.9032602 0.7552125 0.3460227 0.7552125 0.3416154 0.7588304 0.3394272 0.7588304 0.3482418 0.7552125 0.3460227 0.7588304 0.3394272 0.7588304 0.3482418 0.7588304 0.3394272 0.7624485 0.3416464 0.7588304 0.3482418 0.7624485 0.3416464 0.7624485 0.3460537 0.9030308 0.1156189 0.9106323 0.3271328 0.9030308 0.3274396 0.8669214 0.3244668 0.8741278 0.1157834 0.8741278 0.3239486 0.8662818 0.3515719 0.8725711 0.557597 0.8662818 0.5587525 0.8698027 0.350925 0.8797814 0.5581162 0.8725711 0.557597 0.8606257 0.3233479 0.8700934 0.1160735 0.8669214 0.3244668 0.8979547 0.8654198 0.9022095 0.6527494 0.9055545 0.865544 0.7588215 0.3360984 0.7550492 0.3338186 0.7550492 0.3295789 0.7625938 0.3341386 0.7588215 0.3360984 0.7550492 0.3295789 0.7625938 0.3341386 0.7550492 0.3295789 0.7588216 0.3276191 0.7625938 0.3341386 0.7588216 0.3276191 0.7625939 0.329899 0.2491264 0.4724324 0.2517298 0.6854916 0.2451112 0.6855788 0.8928729 0.5586616 0.8978095 0.350925 0.9007426 0.5586616 0.7352403 0.6030701 0.7429201 0.8162432 0.736199 0.8162451 0.4945783 0.7096045 0.4997007 0.9156925 0.4918306 0.9156924 0.2517298 0.6854916 0.2565857 0.4724324 0.2584352 0.6855788 0.7295966 0.8162432 0.7352403 0.6030701 0.736199 0.8162451 0.1129105 0.1964101 0.001304209 0.3325986 0.001306831 0.1963068 0.3764785 0.03714466 0.4748591 0.1734637 0.3762973 0.1734637 0.1365888 0.03737783 0.2482648 0.1733476 0.1341921 0.1736041 0.4850025 0.2120507 0.3865442 0.3483363 0.3867493 0.2120506 0.001304149 0.7128912 0.09954595 0.6010482 0.09954595 0.712943 0.1241022 0.3354341 0.001304149 0.4724841 0.001304149 0.3353125 0.5938876 0.1762393 0.4877175 0.3133892 0.4877175 0.1762126 0.2570698 0.3324003 0.1341921 0.4697751 0.1341921 0.3326675 0.5836409 0.001304149 0.4774675 0.1385102 0.4774675 0.001342594 0.001304209 0.5983325 0.1074647 0.4752696 0.1074647 0.598388 0.798205 0.1762406 0.7697965 0.3244613 0.7697965 0.1762126 0.8195744 0.001311063 0.792277 0.1495584 0.792277 0.001304149 0.1305813 0.6009964 0.1021544 0.7492378 0.1021544 0.6010583 0.8636733 0.350925 0.8363752 0.4991793 0.8363752 0.3509349 0.4774675 0.1411186 0.5047624 0.1696155 0.4774675 0.1696013 0.5882175 0.6280348 0.559809 0.7762554 0.559809 0.6280066 0.8281107 0.1762194 0.8008134 0.3244667 0.8008134 0.1762126 0.7739553 0.3509448 0.7455285 0.4991861 0.7455285 0.3510066 0.8580173 0.1762125 0.8307191 0.3244668 0.8307191 0.1762224 0.5475239 0.3160243 0.5748187 0.3445211 0.5475239 0.3445069 0.7739369 0.6527079 0.7455285 0.8009285 0.7455285 0.6526798 0.8337668 0.350932 0.8064695 0.4991793 0.8064695 0.3509251 0.7586517 0.001304149 0.7302248 0.1495455 0.7302248 0.001365959 0.8494809 0.001304149 0.8221828 0.1495584 0.8221828 0.001314103 0.4877174 0.3160243 0.5150123 0.3445212 0.4877174 0.3445069 0.8049538 0.5018226 0.7765454 0.6500432 0.7765454 0.5017945 0.8337484 0.6526867 0.8064511 0.800934 0.8064511 0.6526798 0.7671881 0.1762125 0.7387612 0.3244539 0.7387612 0.1762744 0.863655 0.6526799 0.8363569 0.8009341 0.8363569 0.6526897 0.5073708 0.1411185 0.5346657 0.1696154 0.5073708 0.1696012 0.5372958 0.8509075 0.5464549 0.9529985 0.5372958 0.9529951 0.9515709 0.6378169 0.960726 0.7559862 0.9515709 0.7559663 0.5346874 0.952992 0.5255277 0.8509098 0.5346874 0.8509075 0.5999853 0.9618005 0.5908259 0.843737 0.5999853 0.8437279 0.5030963 0.5069644 0.6051715 0.6253983 0.5030963 0.6253449 0.2911241 0.8458216 0.3023809 0.9450777 0.2911241 0.9450736 0.2484769 0.7979626 0.2597287 0.9128547 0.2484769 0.9128302 0.3382928 0.9450456 0.3270353 0.8457995 0.3382928 0.8457966 0.1454491 0.920453 0.1341921 0.8056712 0.1454491 0.80566 0.1341921 0.7156572 0.233432 0.6006167 0.233432 0.715709 0.08909481 0.8328613 0.09477555 0.7787625 0.09880238 0.8328648 0.8417869 0.5644167 0.8471722 0.5018156 0.8514901 0.5644378 0.379501 0.8283334 0.3738199 0.8824341 0.3697928 0.8283359 0.4635518 0.8038461 0.458164 0.8664234 0.4538439 0.8038557 0.236803 0.535252 0.2321113 0.5835044 0.231989 0.5353334 0.03121078 0.8799535 0.05403363 0.9162549 0.03121072 0.9162053 0.3865442 0.8947899 0.394989 0.9370085 0.3865442 0.9369902 0.4850155 0.1762126 0.3867493 0.2120506 0.3867618 0.1762125 0.2482624 0.001304149 0.1365888 0.03737783 0.1365863 0.001555323 0.4747208 0.001304149 0.3764785 0.03714466 0.37647 0.001304149 0.1129078 0.1605709 0.001306831 0.1963068 0.001304209 0.1604676 0.2369253 0.5900346 0.1882946 0.5979564 0.1882946 0.5900835 0.1398919 0.5899839 0.1341921 0.5351984 0.1397696 0.5352013 0.1398919 0.4802592 0.1882946 0.472486 0.1882946 0.4803589 0.2369253 0.48031 0.2423805 0.5352549 0.236803 0.535252 0.188166 0.4870543 0.231989 0.5353334 0.1880437 0.5353848 0.1882946 0.5900835 0.1444485 0.5834587 0.188166 0.5835559 0.1397696 0.5352013 0.1444485 0.4869571 0.1443263 0.5352876 0.1882946 0.4803589 0.2321113 0.4870029 0.188166 0.4870543 0.08909481 0.8328613 0.09477555 0.8869642 0.08506804 0.8869607 0.379501 0.8283334 0.3738198 0.7742357 0.3835281 0.7742332 0.1398919 0.5899839 0.1882946 0.5979564 0.1343144 0.5978539 0.2369253 0.48031 0.1882946 0.472486 0.2425028 0.47244 0.1443263 0.5352876 0.188166 0.4870543 0.1880437 0.5353848 0.1882946 0.5900835 0.2321113 0.5835044 0.2369253 0.5900346 0.1882946 0.4803589 0.1444485 0.4869571 0.1398919 0.4802592 0.4635518 0.8038461 0.458164 0.7412794 0.4678718 0.7412698 0.1443263 0.5352876 0.188166 0.5835559 0.1444485 0.5834587 0.236803 0.535252 0.2321113 0.4870029 0.2369253 0.48031 0.1397696 0.5352013 0.1444485 0.5834587 0.1398919 0.5899839 0.2369253 0.5900346 0.2423805 0.5352549 0.2425028 0.5979104 0.188166 0.5835559 0.231989 0.5353334 0.2321113 0.5835044 0.8417869 0.5644167 0.8471722 0.6270411 0.8374689 0.62702 0.1398919 0.4802592 0.1341921 0.5351984 0.1343143 0.4723834 0.659465 0.9128795 0.6366314 0.8764537 0.659465 0.8764311 0.6991791 0.4946485 0.6907303 0.4522277 0.6991791 0.4522193 0.08245962 0.9156225 0.0596252 0.8799871 0.08245962 0.8799813 0.4060465 0.9362794 0.3975974 0.894792 0.4060465 0.8947899 0.9467766 0.1144563 0.9554708 0.2376371 0.9467766 0.2376182 0.9547306 0.1039915 0.946032 0.001306354 0.9547306 0.001304149 0.9602118 0.9085205 0.9515136 0.7854474 0.9602118 0.7854388 0.9467767 0.2402454 0.9554747 0.342939 0.9467767 0.3429359 0.4892221 0.4940268 0.3865442 0.6173759 0.3865442 0.4939731 0.2099769 0.7183175 0.1733887 0.8030516 0.1733887 0.7183971 0.7286993 0.1527597 0.7323359 0.1541309 0.7323359 0.1580094 0.7286994 0.1605168 0.7286993 0.1527597 0.7323359 0.1580094 0.7286994 0.1605168 0.7250629 0.1552671 0.7286993 0.1527597 0.7286994 0.1605168 0.7250629 0.1591457 0.7250629 0.1552671 0.6375533 0.3388897 0.6419572 0.3405449 0.6419572 0.3452541 0.6331495 0.3419435 0.6375533 0.3388897 0.6419572 0.3452541 0.6331495 0.3419435 0.6419572 0.3452541 0.6375534 0.3483078 0.6331495 0.3419435 0.6375534 0.3483078 0.6331495 0.3466526 0.973066 0.1100633 0.9686469 0.001304864 0.973066 0.001304149 0.870141 0.9737465 0.8740223 0.8649345 0.8733898 0.9737238 0.9579613 0.1101402 0.9611694 0.001304209 0.96112 0.1100776 0.9611694 0.001304209 0.9643601 0.1101402 0.96112 0.1100776 0.8662634 0.8649345 0.870141 0.9737465 0.8669915 0.9737238 0.2404597 0.6005668 0.2360404 0.7093536 0.2360404 0.6005648 0.6226124 0.3409759 0.6265767 0.3378435 0.630541 0.3399433 0.630541 0.3451755 0.6226124 0.3409759 0.630541 0.3399433 0.630541 0.3451755 0.6226124 0.346208 0.6226124 0.3409759 0.630541 0.3451755 0.6265767 0.3483078 0.6226124 0.346208 0.6616867 0.1652129 0.6656474 0.1631106 0.6696081 0.1662442 0.6616867 0.1704487 0.6616867 0.1652129 0.6696081 0.1662442 0.6616867 0.1704487 0.6696081 0.1662442 0.6696081 0.1714801 0.6616867 0.1704487 0.6696081 0.1714801 0.6656474 0.1735824 0.9342046 0.110162 0.9391271 0.001368463 0.9391271 0.1102026 0.8979548 0.8682609 0.9024109 0.9769803 0.8979548 0.9770888 0.3140122 0.9546572 0.3182948 0.8458908 0.3182948 0.9547249 0.9756744 0.1100935 0.9801279 0.001423776 0.9801279 0.1102131 0.9391271 0.001368463 0.9434237 0.1101384 0.9391271 0.1102026 0.3090803 0.845866 0.3140122 0.9546572 0.3090803 0.9547 0.7646851 0.1688745 0.7646851 0.1646827 0.767994 0.1631252 0.7646851 0.1688745 0.767994 0.1631252 0.7713029 0.1657596 0.7646851 0.1688745 0.7713029 0.1657596 0.7679939 0.1715088 0.7713029 0.1657596 0.7713029 0.1699514 0.7679939 0.1715088 0.7716752 0.3451697 0.7683661 0.3394272 0.7716752 0.3409789 0.7716752 0.3451697 0.7650569 0.3420661 0.7683661 0.3394272 0.7716752 0.3451697 0.7683662 0.3478085 0.7650569 0.3420661 0.7683662 0.3478085 0.765057 0.3462568 0.7650569 0.3420661 0.9686908 0.7585237 0.9725483 0.6457409 0.9725483 0.7584791 0.6302128 0.8765265 0.6338753 0.9892795 0.6302127 0.98938 0.1060028 0.9658296 0.1097429 0.8530409 0.1097429 0.9657866 0.4250637 0.9604865 0.4287266 0.8476971 0.4287266 0.9605888 0.9725483 0.6457409 0.9762786 0.7585256 0.9725483 0.7584791 0.1021544 0.8530405 0.1060028 0.9658296 0.1021544 0.9657862 0.7450621 0.1659626 0.7486261 0.1631252 0.7521901 0.1648843 0.7450621 0.1659626 0.7521901 0.1648843 0.7521901 0.1694808 0.7450621 0.1659626 0.7521901 0.1694808 0.7450621 0.1705591 0.7521901 0.1694808 0.7486261 0.1723182 0.7450621 0.1705591 0.7524408 0.3304587 0.7453193 0.3293793 0.74888 0.3276191 0.7524408 0.3304587 0.7453193 0.3339792 0.7453193 0.3293793 0.7524408 0.3304587 0.7524408 0.3350585 0.7453193 0.3339792 0.7524408 0.3350585 0.74888 0.3368188 0.7453193 0.3339792 0.4224553 0.9630838 0.418263 0.8476489 0.4224553 0.8476042 0.9947214 0.9009416 0.9986959 0.7856823 0.9986958 0.9011852 0.3449659 0.961271 0.3409013 0.845849 0.3449659 0.8457967 0.993843 0.6459823 0.9978179 0.7612858 0.993843 0.7615272 0.418263 0.8476489 0.4142091 0.9630743 0.4142091 0.8475947 0.3491483 0.8458383 0.3449659 0.961271 0.3449659 0.8457967 0.6511141 0.1690996 0.6530485 0.1649762 0.6570305 0.1649762 0.6511141 0.1690996 0.6570305 0.1649762 0.6590783 0.1690997 0.6511141 0.1690996 0.6590783 0.1690997 0.653162 0.1732231 0.6590783 0.1690997 0.6571441 0.1732231 0.653162 0.1732231 0.7424537 0.1659573 0.735321 0.1648969 0.7388873 0.1631252 0.7424537 0.1659573 0.7353209 0.1695008 0.735321 0.1648969 0.7424537 0.1659573 0.7424537 0.1705613 0.7353209 0.1695008 0.7424537 0.1705613 0.7388874 0.172333 0.7353209 0.1695008 0.9359215 0.1145988 0.9401078 0.2455534 0.9359215 0.245696 0.9946492 0.4479857 0.9906666 0.3165478 0.9946494 0.3165466 0.9400352 0.5009996 0.9441365 0.632053 0.9400352 0.6321821 0.9951532 0.6173454 0.9911723 0.4859139 0.9951532 0.485917 0.9401078 0.1144562 0.9441683 0.245707 0.9401078 0.2455534 0.9358883 0.6320518 0.9400352 0.5009996 0.9400352 0.6321821 0.661594 0.4999139 0.6635283 0.4957906 0.6675104 0.4957906 0.661594 0.4999139 0.6675104 0.4957906 0.6695582 0.499914 0.661594 0.4999139 0.6695582 0.499914 0.6636418 0.5040374 0.6695582 0.499914 0.6676239 0.5040374 0.6636418 0.5040374 0.7427108 0.3338642 0.7391055 0.3276191 0.7427108 0.3293101 0.7427108 0.3338642 0.7355001 0.3304821 0.7391055 0.3276191 0.7427108 0.3338642 0.7391055 0.3367274 0.7355001 0.3304821 0.7391055 0.3367274 0.7355001 0.3350363 0.7355001 0.3304821 0.908163 0.812424 0.9123493 0.9433786 0.908163 0.9435212 0.9921131 0.9168779 0.9881303 0.78544 0.9921131 0.7854388 0.8584495 0.8036727 0.8625507 0.9347259 0.8584495 0.9348551 0.9960657 0.2458877 0.9920849 0.1144562 0.9960657 0.1144593 0.9123493 0.8122814 0.9164098 0.9435322 0.9123493 0.9433786 0.8543025 0.8035424 0.8584495 0.9348551 0.8543025 0.9347249 0.2520192 0.7183175 0.2125853 0.7953541 0.2125853 0.7183318 0.773937 0.5018227 0.7455285 0.6500433 0.7455285 0.5017946 0.8038427 0.6526867 0.7765454 0.800934 0.7765454 0.6526798 0.7429201 0.4522193 0.7144932 0.6004606 0.7144932 0.4522811 0.0286023 0.7155514 0.001304149 0.8638056 0.001304149 0.7155612 0.5372741 0.1411185 0.5645689 0.1696153 0.5372741 0.1696011 0.7896687 0.001332342 0.7612602 0.1495529 0.7612602 0.001304149 0.8038611 0.350932 0.7765637 0.4991793 0.7765637 0.3509251 0.3802639 0.6233835 0.351837 0.7716248 0.351837 0.6234452 0.8348605 0.5017945 0.8075623 0.6500487 0.8075623 0.5018044 0.5176207 0.3160244 0.5449156 0.3445212 0.5176207 0.3445069 0.4712358 0.7386614 0.3865442 0.7386307 0.3865442 0.620038 0.68119 0.3183543 0.5964959 0.3184382 0.5964959 0.1762964 0.3492286 0.7419726 0.2645314 0.7419939 0.2645314 0.6234048 0.6709037 0.1437225 0.5862494 0.1435384 0.5862494 0.001304149 0.3831097 0.3224505 0.3831097 0.464963 0.2645315 0.464901 0.5968933 0.3509448 0.6881219 0.3509778 0.6881219 0.4787244 0.3557628 0.6206848 0.2645315 0.6207751 0.2645315 0.4676618 0.6990146 0.634707 0.6077799 0.6347299 0.6077799 0.5069873 0.5030964 0.3509448 0.594285 0.351143 0.594285 0.504356 0.261923 0.1762793 0.261923 0.3297919 0.1341921 0.3297252 0.742393 0.8188534 0.742393 0.9174491 0.7295966 0.9174537 0.08245962 0.7787743 0.08245962 0.8773729 0.06712222 0.8773577 0.9007869 0.001307427 0.9007869 0.0999096 0.887991 0.09990638 0.3423827 0.7446023 0.3423827 0.8431549 0.3270353 0.8431882 0.3120173 0.1515886 0.3120173 0.166966 0.2992224 0.1669594 0.675539 0.8324718 0.675539 0.9310674 0.6627426 0.9310721 0.8853825 0.001319348 0.8853825 0.09991794 0.8700451 0.09990274 0.1741521 0.8056632 0.1741521 0.9042654 0.161356 0.9042622 0.8674367 0.001304209 0.8674367 0.09985673 0.8520894 0.09989011 0.2966139 0.1515886 0.2966139 0.166966 0.2838191 0.1669594 0.7065281 0.8324807 0.7065281 0.9310764 0.6937317 0.9310811 0.5751464 0.7789071 0.5751464 0.8775057 0.559809 0.8774905 0.9161913 0.001307427 0.9161913 0.0999096 0.9033953 0.09990638 0.1175017 0.7518461 0.1175017 0.8503987 0.1021544 0.8504321 0.358227 0.1515886 0.3582271 0.166966 0.3454322 0.1669594 0.9315961 0.001304209 0.9315961 0.09989988 0.9187997 0.09990447 0.2279227 0.7979778 0.2279227 0.8965764 0.2125853 0.8965612 0.8950988 0.811339 0.8950988 0.9099412 0.8823028 0.909938 0.3671844 0.7742332 0.3671844 0.8727858 0.351837 0.8728192 0.3428238 0.1515886 0.3428238 0.166966 0.330029 0.1669594 0.6909438 0.8324718 0.6909438 0.9310675 0.6781474 0.9310721 0.8516942 0.8035576 0.8516942 0.9021562 0.8363569 0.902141 0.1895565 0.8056632 0.1895565 0.9042654 0.1767605 0.9042622 0.0645138 0.7787591 0.0645138 0.8773117 0.0491665 0.877345 0.3274205 0.1515887 0.3274205 0.166966 0.3146256 0.1669594 0.7219329 0.8324807 0.7219329 0.9310764 0.7091365 0.931081 0.2458685 0.7979778 0.2458685 0.8965763 0.2305311 0.8965611 0.204961 0.8056632 0.204961 0.9042655 0.192165 0.9042623 0.04655808 0.7787591 0.04655808 0.8773117 0.03121072 0.877345 0.3736303 0.1515887 0.3736303 0.166966 0.3608354 0.1669594 0.9467447 0.5008693 0.9558846 0.5008727 0.9558846 0.6208239 0.586895 0.9226621 0.5777549 0.9226711 0.5777549 0.7789011 0.954842 0.4708727 0.9457015 0.4708749 0.9457015 0.3509273 0.8540986 0.5017945 0.8632345 0.5018144 0.8632345 0.6456781 0.9138332 0.350925 0.9225274 0.3509439 0.9225274 0.498261 0.9661491 0.4737519 0.9574505 0.4737541 0.9574505 0.3509272 0.9225314 0.6480907 0.9138332 0.6480993 0.9138332 0.500878 0.9580792 0.1144563 0.9667772 0.1144594 0.9667773 0.23729 0.3736889 0.001368343 0.3736889 0.1489735 0.2508732 0.1489094 0.2645315 0.7446023 0.2752169 0.7446255 0.2752169 0.8878506 0.7736171 0.9229803 0.7629263 0.9229831 0.7629262 0.8035678 0.2885157 0.8877342 0.2778252 0.8877448 0.2778252 0.7446129 0.1480575 0.80566 0.1587477 0.8056639 0.1587476 0.9250828 0.3839358 0.1762749 0.3839358 0.3197801 0.2645314 0.3197177 0.1217339 0.238546 0.1179114 0.1604676 0.1271263 0.1604877 0.6394323 0.8087248 0.6435351 0.8738154 0.6343156 0.8738177 0.8915221 0.7307028 0.8953464 0.8087182 0.8861271 0.8087273 0.650246 0.8087273 0.6461434 0.7436322 0.6553624 0.7436355 0.435727 0.9045149 0.4398298 0.9614368 0.435514 0.9614378 0.1707803 0.7183175 0.1707803 0.802972 0.1341921 0.8030515 0.9842458 0.7758303 0.9788869 0.7758306 0.9798267 0.6457411 0.9236623 0.7828303 0.9235991 0.6527075 0.9282996 0.6526798 0.7184513 0.7332358 0.7177067 0.6031448 0.722298 0.603069 0.722298 0.603069 0.7269881 0.6031448 0.726105 0.7332358 0.9190189 0.6526798 0.9235991 0.6527075 0.9236623 0.7828303 0.9811748 0.1144577 0.9821147 0.244583 0.9767554 0.2445813 0.9190188 0.9156463 0.9190188 0.785467 0.9239362 0.7855156 0.9801947 0.785567 0.9855219 0.7854388 0.9855218 0.9156104 0.929025 0.2456261 0.929025 0.1154471 0.9333131 0.1155281 0.9832393 0.6160396 0.9832393 0.4859139 0.9885638 0.4860531 0.9239362 0.7855156 0.928241 0.7854387 0.928241 0.915618 0.9240966 0.1154983 0.929025 0.1154471 0.929025 0.2456261 0.9628202 0.9203407 0.9628202 0.7854917 0.9666743 0.7854387 0.9868541 0.6458619 0.9912344 0.6457408 0.9912344 0.7807276 0.9623363 0.6208239 0.9623363 0.485966 0.9660823 0.4859139 0.1123514 0.9880732 0.1123514 0.8530406 0.116732 0.8531634 0.9666743 0.7854387 0.9704085 0.7854947 0.9704085 0.9203437 0.9584931 0.4859147 0.9623363 0.485966 0.9623363 0.6208239 0.9391546 0.7827764 0.9349659 0.7828302 0.9349659 0.6447021 0.984723 0.2526122 0.984723 0.1144563 0.9894763 0.1147466 0.9349204 0.9235604 0.9308494 0.9236226 0.9308494 0.7855008 0.9833045 0.3168349 0.9880583 0.3165465 0.9880583 0.4547526 0.9349659 0.6447021 0.9349659 0.7828302 0.9309078 0.7827657 0.9390972 0.7854889 0.9390972 0.9236106 0.9349204 0.9235604 0.908163 0.6528495 0.9123444 0.6526798 0.9123444 0.8094884 0.9734536 0.485914 0.9734536 0.6431316 0.9686908 0.6431324 0.7077698 0.4523755 0.7118848 0.4522193 0.7118848 0.6091299 0.9735187 0.4737542 0.9687575 0.4737513 0.9687574 0.3165465 0.9123444 0.6526798 0.9164105 0.6528644 0.9164105 0.809673 0.703635 0.4522215 0.7077698 0.4523755 0.7077698 0.6092861 0.9132407 0.1156168 0.9174221 0.1154471 0.9174221 0.2722557 0.8335009 0.960767 0.828738 0.9607678 0.828738 0.8035503 0.1242449 0.7520022 0.12836 0.7518461 0.12836 0.9087567 0.974147 0.2716639 0.9693857 0.271661 0.9693856 0.1144562 0.9174221 0.1154471 0.9214882 0.1156316 0.9214882 0.2724403 0.1201102 0.7518483 0.1242449 0.7520022 0.1242449 0.9089129 0.009580314 0.1496884 0.001412391 0.1577495 0.001304149 0.07959741 0.009580314 0.009373784 0.001412391 0.001304149 0.06638187 0.001413881 0.1234157 0.009433269 0.1315836 0.001372218 0.1314754 0.07966542 0.1234157 0.1497479 0.1315836 0.1578176 0.06638187 0.1578592 0.5003797 0.4212321 0.5004879 0.4913188 0.443454 0.4913648 0.9294555 0.570848 0.9332798 0.640819 0.9289641 0.6408233 0.4465407 0.904517 0.4424381 0.8475908 0.4467537 0.8475924 0.9289582 0.4209536 0.9251357 0.350925 0.9294494 0.3509344 0.1217339 0.238546 0.1309489 0.238566 0.1271263 0.3166276 0.8915221 0.7307028 0.8823028 0.7307119 0.8861271 0.652689 0.009580314 0.009373784 0.009472012 0.0796017 0.001304149 0.07959741 0.1234157 0.1497479 0.1233075 0.07966113 0.1314754 0.07966542 0.443454 0.3510502 0.5004879 0.3510043 0.5003797 0.4212321 0.9294555 0.570848 0.9251399 0.5708523 0.9289641 0.5008737 0.9289582 0.4209536 0.9332719 0.4209631 0.9294494 0.490975 0.650246 0.8087273 0.659465 0.8087306 0.6553624 0.8738226 0.443454 0.3510502 0.4433458 0.4212781 0.3865442 0.4211726 0.435727 0.9045149 0.4314112 0.904516 0.435514 0.847592 0.4465407 0.904517 0.4508563 0.9045186 0.4467537 0.9614417 0.009580314 0.1496884 0.06638187 0.1497938 0.06638187 0.1578592 0.3865442 0.4211726 0.4433458 0.4212781 0.443454 0.4913648 0.6394323 0.8087248 0.6302127 0.8087272 0.6343156 0.7436346 0.1234157 0.009433269 0.06638187 0.009479224 0.06638187 0.001413881 0.6358731 0.1708374 0.6123651 0.1708607 0.6123651 0.1463541 0.7981705 0.9332914 0.7894722 0.9333 0.7894722 0.9047723 0.6200041 0.3455531 0.5964961 0.3455764 0.5964961 0.3210699 0.8450551 0.9332924 0.8363569 0.933301 0.8363569 0.9047733 0.4086549 0.9436978 0.4086549 0.8949192 0.4114858 0.8947899 0.814462 0.905666 0.8144621 0.966605 0.8113402 0.9656977 0.8504617 0.9536521 0.8476635 0.9535027 0.8476635 0.9047646 0.2424731 0.9000917 0.2455946 0.8991848 0.2455946 0.9601292 0.6735121 0.1720677 0.6735121 0.1127859 0.7224544 0.1131729 0.7416284 0.1525064 0.7444592 0.1524857 0.7444592 0.1604701 0.2341337 0.9000941 0.2341337 0.9610317 0.2310112 0.9601224 0.7498657 0.1525218 0.7498657 0.1605058 0.7470676 0.1604697 0.2367422 0.9000946 0.2398646 0.8991848 0.2398646 0.9601176 0.08982825 0.715608 0.0978114 0.7155514 0.0978114 0.7748347 0.9761272 0.4635794 0.9781383 0.3165465 0.980696 0.3166945 0.9391018 0.4970116 0.9408586 0.3514311 0.9430931 0.3513425 0.9417057 0.7859839 0.9434936 0.7854386 0.9448994 0.9294781 0.9434936 0.7854386 0.9457362 0.7855367 0.9489052 0.9296531 0.9358804 0.4961075 0.9390552 0.350925 0.9408586 0.3514311 0.973017 0.7855964 0.975575 0.7854386 0.9775863 0.9328472 0.9760621 0.6329468 0.9780732 0.4859139 0.9806309 0.4860619 0.5525943 0.8855749 0.5543512 0.7399945 0.5565857 0.7399059 0.941763 0.6383621 0.943551 0.6378169 0.9449568 0.7818562 0.943551 0.6378169 0.9457935 0.6379148 0.9489625 0.7820312 0.5493729 0.8846709 0.5525478 0.7394884 0.5543512 0.7399945 0.1270142 0.3222424 0.1295723 0.3220847 0.1315836 0.4694933 0.2885158 0.9732967 0.2868205 0.9733579 0.2868205 0.8904305 0.9633343 0.7209065 0.9633343 0.6378169 0.9654609 0.6378193 0.5509501 0.9710569 0.5493729 0.9711428 0.5493729 0.8882694 0.8766308 0.8649364 0.8787593 0.8649343 0.8787593 0.9480171 0.2868205 0.9733579 0.2852669 0.9732806 0.2852669 0.8903532 0.5526261 0.8882558 0.5526261 0.9711293 0.5509501 0.9710569 0.2184518 0.977984 0.2184518 0.8992767 0.2201013 0.8991848 0.3833156 0.9640924 0.3811851 0.9641027 0.3811851 0.8850528 0.214214 0.9780456 0.214214 0.8992719 0.2158434 0.8991848 0.9660783 0.2402567 0.9660783 0.3193007 0.9639484 0.3192895 0.2201013 0.8991848 0.2217087 0.8992851 0.2217087 0.9779923 0.2125853 0.8991866 0.214214 0.8992719 0.214214 0.9780456 0.9394196 0.3407086 0.9394196 0.248342 0.9410963 0.2484833 0.2095077 0.8987517 0.2075694 0.8988158 0.2075694 0.8057241 0.3225753 0.9382048 0.3225753 0.8458233 0.3241571 0.8459888 0.7269882 0.7359067 0.7269882 0.829034 0.7250506 0.8289713 0.9410963 0.2484833 0.9426726 0.2483155 0.9426725 0.340682 0.3209033 0.8459647 0.3225753 0.8458233 0.3225753 0.9382048 0.3482441 0.8375341 0.3465674 0.8376286 0.3465674 0.7447149 0.3834428 0.4675966 0.3834429 0.5608775 0.3815089 0.5608524 0.2567632 0.7810899 0.2551814 0.7812032 0.2551814 0.6883004 0.2616118 0.4257116 0.2596782 0.4257387 0.2596782 0.3324275 0.3465674 0.7447149 0.3465674 0.8376286 0.344991 0.837516 0.2584352 0.6882837 0.2584352 0.7811864 0.2567632 0.7810899 0.7687112 0.3362608 0.7652022 0.3360802 0.7652022 0.3276191 0.8520894 0.1625522 0.8520894 0.1024985 0.8555933 0.1031736 0.7713196 0.3362637 0.7713196 0.3278058 0.7748249 0.3276191 0.9167444 0.3349786 0.9132407 0.3356687 0.9132407 0.2757387 0.3785766 0.9466125 0.3697928 0.9466126 0.3697928 0.8850427 0.73902 0.1601097 0.7349444 0.1605169 0.7349444 0.1528928 0.8170705 0.9565975 0.8170705 0.9047588 0.8211562 0.9053855 0.6554208 0.3464121 0.6554208 0.3387817 0.6594918 0.3391999 0.224317 0.8997631 0.2284028 0.8991848 0.2284028 0.9513286 0.09385257 0.9511359 0.08506798 0.9511383 0.08506804 0.8895752 0.5862492 0.1463309 0.6097565 0.1463394 0.6097565 0.1709071 0.5774271 0.3160243 0.5861251 0.3160275 0.5861251 0.3446265 0.7603179 0.8035652 0.7603179 0.9021608 0.7455285 0.9021661 0.4063693 0.7412698 0.4063693 0.8449813 0.3865442 0.8449864 0.8087317 0.8035531 0.8087317 0.9021553 0.7939428 0.9021515 0.7429201 0.3509448 0.7429201 0.4494974 0.6907303 0.4496108 0.3666247 0.8754354 0.3666247 0.9277274 0.351837 0.9277197 0.5236262 0.7394884 0.5236262 0.8482917 0.5030964 0.8482992 0.6276043 0.7436403 0.6276043 0.8473449 0.6077799 0.8473368 0.1306024 0.4752193 0.1306024 0.5840298 0.110073 0.5840246 0.7276164 0.001304149 0.7276164 0.1100599 0.6735121 0.1101775 0.7328917 0.2825171 0.7328917 0.3367273 0.7123643 0.3367166 0.6601342 0.6373384 0.6601342 0.7409976 0.6077799 0.7410238 0.6077799 0.8499534 0.6276029 0.8499633 0.6276029 0.9023158 0.8961311 0.1155083 0.9004224 0.1154471 0.9004224 0.3278598 0.8723567 0.8623259 0.8755865 0.6532993 0.8796944 0.6530718 0.8767362 0.1161354 0.8801232 0.1154471 0.8827862 0.3220952 0.8801232 0.1154471 0.8842449 0.1156879 0.8901485 0.3225255 0.8662634 0.8612195 0.8721753 0.6526798 0.8755865 0.6532993 0.4918306 0.7069168 0.4918306 0.4939732 0.4961236 0.4940176 0.4779605 0.620038 0.4817726 0.6200598 0.4806537 0.8332265 0.8823898 0.5595097 0.8823898 0.350925 0.8867983 0.3509553 0.5961936 0.6280066 0.5998288 0.628039 0.6041381 0.8411194 0.9068167 0.3509674 0.9112247 0.350925 0.9112247 0.5572178 0.4806537 0.8332265 0.4817726 0.6200598 0.4854139 0.620038 0.5908259 0.8411195 0.5923762 0.6280389 0.5961936 0.6280066 0.09953516 0.9455574 0.09646105 0.9455915 0.09646105 0.8896067 0.8007789 0.9607512 0.8007789 0.9047636 0.803849 0.9047974 0.783773 0.9054489 0.7868639 0.9047636 0.7868639 0.9650518 0.08721983 0.7760167 0.03121072 0.7761508 0.03121072 0.7156854 0.958083 0.3247985 0.958083 0.2403373 0.9597326 0.2402454 0.7269882 0.9164604 0.7248577 0.9164677 0.7248577 0.8316499 0.9049797 0.6445205 0.9049797 0.559989 0.906609 0.5599018 0.6047236 0.8437361 0.6047236 0.9285475 0.6025937 0.9285392 0.9597326 0.2402454 0.96134 0.2403457 0.96134 0.3248069 0.9033509 0.5599038 0.9049797 0.559989 0.9049797 0.6445205 0.7012076 0.3182566 0.6837984 0.327413 0.6837984 0.2828556 0.400385 0.8531916 0.4116007 0.8913781 0.3865442 0.8921814 0.2645314 0.9171562 0.2662358 0.8916487 0.2803114 0.890459 0.3838699 0.5790685 0.3838699 0.6179607 0.358378 0.6148413 0.637182 0.4839469 0.637182 0.4896813 0.6313263 0.4897119 0.6827318 0.481339 0.6870558 0.4813328 0.6878778 0.4838771 0.6325858 0.3210794 0.6343069 0.3236696 0.6284551 0.323623 0.6759226 0.3210467 0.6802447 0.3210496 0.6810504 0.3236773 0.6354621 0.4813334 0.637182 0.4839469 0.6313263 0.4839776 0.6243364 0.3210802 0.6284578 0.3210466 0.6284551 0.323623 0.6272127 0.4813328 0.6313313 0.481355 0.6313263 0.4839776 0.6313263 0.4897119 0.637182 0.4896813 0.6357101 0.4954926 0.6284551 0.323623 0.6284551 0.329357 0.6226125 0.3294045 0.6313263 0.4839776 0.6313263 0.4897119 0.6254877 0.4896805 0.6878778 0.4838771 0.6878778 0.4896087 0.6817481 0.4896174 0.6343069 0.3236696 0.6343069 0.3294036 0.6284551 0.329357 0.6810504 0.3236773 0.6810504 0.3294115 0.6749234 0.3294072 0.6284551 0.329357 0.6284574 0.3351996 0.6240878 0.3352351 0.6313263 0.4897119 0.6313306 0.4955155 0.6269639 0.495492 0.6878778 0.4896087 0.6871743 0.4954751 0.68259 0.4954817 0.6284551 0.329357 0.6343069 0.3294036 0.632834 0.3352344 0.6810504 0.3294115 0.6803609 0.3352104 0.6757786 0.3352072 0.5919416 0.3334235 0.5919416 0.338471 0.5887337 0.3384579 0.6640717 0.334347 0.665968 0.3343634 0.6657231 0.3366656 0.5917102 0.3160244 0.5919506 0.3182808 0.5887337 0.3183128 0.1189478 0.3192608 0.1208461 0.319236 0.1206024 0.3215137 0.5917109 0.3311172 0.5919416 0.3334235 0.5887337 0.3334104 0.6684505 0.3343566 0.6692424 0.3366559 0.6657231 0.3366656 0.1233278 0.3192465 0.1241205 0.3215284 0.1206024 0.3215137 0.5887337 0.3384579 0.5919416 0.338471 0.5917441 0.3435813 0.6692424 0.3366559 0.6692424 0.3417035 0.6657231 0.3417133 0.1241205 0.3215284 0.1241205 0.3265758 0.1206024 0.326561 0.6657231 0.3366656 0.6657231 0.3417133 0.663035 0.34169 0.5919506 0.3182808 0.5919506 0.3233259 0.5887337 0.3233579 0.1206024 0.3215137 0.1206024 0.326561 0.1179114 0.3265961 0.6657231 0.3417133 0.6692424 0.3417035 0.6685647 0.3468201 0.1206024 0.326561 0.1241205 0.3265758 0.1234421 0.3317067 0.6657231 0.3417133 0.6659326 0.3468273 0.6639223 0.3468099 0.5887337 0.3233579 0.5919506 0.3233259 0.5917448 0.3284756 0.1206024 0.326561 0.1208109 0.3316956 0.1187984 0.3317219 0.6228792 0.4843014 0.6228792 0.4907982 0.6169109 0.4908401 0.6579695 0.4813328 0.6589857 0.4843007 0.6522342 0.4843016 0.6068894 0.4814082 0.6085839 0.4843227 0.6026451 0.4842157 0.6532971 0.1463308 0.6580598 0.1463319 0.6590782 0.1492561 0.6169844 0.4813664 0.6211946 0.4813368 0.6228792 0.4843014 0.5986427 0.4814159 0.6027002 0.4813328 0.6026451 0.4842157 0.6169844 0.4813664 0.6169109 0.4843434 0.6111922 0.4842957 0.6169109 0.4908401 0.6228792 0.4907982 0.6214374 0.4973791 0.6026451 0.4842157 0.6026451 0.4907095 0.5968933 0.4908273 0.6169109 0.4843434 0.6169109 0.4908401 0.6111922 0.4907925 0.6589857 0.4843007 0.6589857 0.4907978 0.6522342 0.4907987 0.6085839 0.4843227 0.6085839 0.4908165 0.6026451 0.4907095 0.6590782 0.1492561 0.6590782 0.1557527 0.6523267 0.1557513 0.6026451 0.4907095 0.6026923 0.4973559 0.5983905 0.497444 0.6111922 0.4907925 0.6169109 0.4908401 0.6169738 0.4974104 0.6522342 0.4907987 0.6589857 0.4907978 0.658116 0.4973761 0.6085839 0.4908165 0.6071338 0.497436 0.6026923 0.4973559 0.6590782 0.1557527 0.6582067 0.1623678 0.6531572 0.1623668 0.6701189 0.4835302 0.6701189 0.4883244 0.6615941 0.4883375 0.2530437 0.1631732 0.2583101 0.1662104 0.2583391 0.1688166 0.2635766 0.15709 0.2658048 0.1558874 0.2658048 0.1645048 0.2635766 0.15709 0.2583101 0.1540528 0.2583389 0.151582 0.6685346 0.4813328 0.6701189 0.4835302 0.6615941 0.4835432 0.2583101 0.1662104 0.2635766 0.1631687 0.2658048 0.1645048 0.2530437 0.1570944 0.2508732 0.1558937 0.2583389 0.151582 0.6701189 0.4883244 0.6687631 0.4931724 0.6623874 0.4931821 0.6494812 0.4961761 0.6446895 0.4961937 0.6448339 0.4892432 0.650739 0.3210466 0.6555331 0.321053 0.6555906 0.32805 0.6496257 0.4892256 0.6448339 0.4892432 0.6446895 0.4813504 0.6470046 0.1631404 0.6470158 0.1679342 0.6384927 0.1679342 0.6507965 0.3280436 0.6555906 0.32805 0.6555331 0.3359107 0.6446895 0.4961937 0.6397904 0.4942217 0.6398984 0.4890235 0.6555331 0.321053 0.6603836 0.3230412 0.6604266 0.3282743 0.6448339 0.4892432 0.6398984 0.4890235 0.6397904 0.4831205 0.6384927 0.1679342 0.6470158 0.1679342 0.6456693 0.1728283 0.6555906 0.32805 0.6604266 0.3282743 0.6603836 0.3341532 0.6432095 0.3235859 0.6432095 0.329317 0.6369153 0.3293852 0.6462765 0.3211506 0.6481307 0.3237333 0.6432095 0.3235859 0.6443696 0.1463719 0.6447563 0.1490013 0.6384814 0.1489733 0.6443696 0.1463719 0.6478698 0.1463309 0.6497183 0.1489431 0.642805 0.3210466 0.6432095 0.3235859 0.6369153 0.3236541 0.6732531 0.4813328 0.6777765 0.4813506 0.6791397 0.483933 0.6667398 0.1463309 0.6681011 0.1489491 0.6616866 0.1489656 0.6432095 0.329317 0.6428633 0.3351872 0.6381559 0.3352383 0.6791397 0.483933 0.6791397 0.4896667 0.6727272 0.4896416 0.6681011 0.1489491 0.6681011 0.1546831 0.6616866 0.1546996 0.6481307 0.3237333 0.6481307 0.3294644 0.6432095 0.329317 0.6447563 0.1490013 0.6447563 0.1547351 0.6384814 0.1547071 0.6497183 0.1489431 0.6497183 0.1546769 0.6447563 0.1547351 0.6791397 0.4896667 0.6779731 0.4955034 0.6731773 0.4954846 0.6681011 0.1546831 0.666936 0.1604898 0.6621387 0.1605022 0.6432095 0.329317 0.6481307 0.3294644 0.6465439 0.3352975 0.6384814 0.1547071 0.6447563 0.1547351 0.6444253 0.1605319 0.6497183 0.1546769 0.6481363 0.1604884 0.6444253 0.1605319 0.7220939 0.8298723 0.6937316 0.8298442 0.6937316 0.7386129 0.5782907 0.1411244 0.5782907 0.1695606 0.5671773 0.1695548 0.6911232 0.8298017 0.6627426 0.8298634 0.6627426 0.7386747 0.306472 0.843198 0.2911242 0.8432133 0.2911242 0.7446176 0.2684131 0.1669631 0.2684133 0.1515888 0.2812107 0.151582 0.9368111 0.3469337 0.9240966 0.3469141 0.9240966 0.2483155 0.3244269 0.8432148 0.3090803 0.8432046 0.3090803 0.7446023 0.4865719 0.9343875 0.4738442 0.9344327 0.4738442 0.8358801 0.01275646 0.9403274 0.001304149 0.9403387 0.001304209 0.8664254 0.02681761 0.9303187 0.01536488 0.9303216 0.01536488 0.8664169 0.8889787 0.5716918 0.9004256 0.5717167 0.9004256 0.6456781 0.559809 0.8801141 0.5712609 0.8801182 0.5712609 0.9440249 0.8261295 0.8035492 0.8261295 0.9021449 0.8113401 0.9021503 0.4288027 0.7412698 0.4288027 0.8449813 0.4089777 0.8449863 0.7913343 0.8035531 0.7913343 0.9021553 0.7765454 0.9021516 0.7149325 0.6373385 0.7149325 0.735891 0.6627426 0.7360045 0.4686315 0.8690395 0.4686315 0.9213316 0.4538439 0.9213238 0.5467645 0.7394884 0.5467645 0.8482917 0.5262346 0.8482992 0.4512355 0.7412779 0.4512355 0.8449825 0.4314111 0.8449744 0.3789004 0.4675766 0.3789004 0.5763871 0.3583711 0.5763819 0.5572006 0.6280067 0.5572006 0.7367624 0.5030964 0.7368801 0.8863704 0.5914679 0.8863704 0.6456782 0.865843 0.6456674 0.7361527 0.1762125 0.7361527 0.2798718 0.6837984 0.2798979 0.5030963 0.8509076 0.5229192 0.8509175 0.5229192 0.9032701 0.9030308 0.1156189 0.9072863 0.1154471 0.9106323 0.3271328 0.8669214 0.3244668 0.8700934 0.1160735 0.8741278 0.1157834 0.8662818 0.3515719 0.8698027 0.350925 0.8725711 0.557597 0.8698027 0.350925 0.8738392 0.3512157 0.8797814 0.5581162 0.8606257 0.3233479 0.8665689 0.1154471 0.8700934 0.1160735 0.8979547 0.8654198 0.8979547 0.6526798 0.9022095 0.6527494 0.2491264 0.4724324 0.2528318 0.4723835 0.2517298 0.6854916 0.8928729 0.5586616 0.8934037 0.350925 0.8978095 0.350925 0.7352403 0.6030701 0.739003 0.603069 0.7429201 0.8162432 0.4945783 0.7096045 0.4989842 0.7096045 0.4997007 0.9156925 0.2517298 0.6854916 0.2528318 0.4723835 0.2565857 0.4724324 0.7295966 0.8162432 0.7315441 0.603069 0.7352403 0.6030701 0.1129105 0.1964101 0.115303 0.3327041 0.001304209 0.3325986 0.3764785 0.03714466 0.4747287 0.03714466 0.4748591 0.1734637 0.1365888 0.03737783 0.2482648 0.03712666 0.2482648 0.1733476 0.4850025 0.2120507 0.485109 0.3483363 0.3865442 0.3483363 0.001304149 0.7128912 0.001304149 0.6009964 0.09954595 0.6010482 0.1241022 0.3354341 0.1241022 0.4726057 0.001304149 0.4724841 0.5938876 0.1762393 0.5938876 0.313416 0.4877175 0.3133892 0.2570698 0.3324003 0.2570698 0.4695079 0.1341921 0.4697751 0.5836409 0.001304149 0.5836409 0.1384717 0.4774675 0.1385102 0.001304209 0.5983325 0.001304209 0.4752141 0.1074647 0.4752696 0.798205 0.1762406 0.798205 0.3244894 0.7697965 0.3244613 0.8195744 0.001311063 0.8195744 0.1495652 0.792277 0.1495584 0.1305813 0.6009964 0.1305813 0.749176 0.1021544 0.7492378 0.8636733 0.350925 0.8636733 0.4991694 0.8363752 0.4991793 0.4774675 0.1411186 0.5047624 0.1411329 0.5047624 0.1696155 0.5882175 0.6280348 0.5882175 0.7762835 0.559809 0.7762554 0.8281107 0.1762194 0.8281107 0.3244736 0.8008134 0.3244667 0.7739553 0.3509448 0.7739553 0.4991243 0.7455285 0.4991861 0.8580173 0.1762125 0.8580173 0.3244569 0.8307191 0.3244668 0.5475239 0.3160243 0.5748187 0.3160385 0.5748187 0.3445211 0.7739369 0.6527079 0.7739369 0.8009567 0.7455285 0.8009285 0.8337668 0.350932 0.8337668 0.4991862 0.8064695 0.4991793 0.7586517 0.001304149 0.7586517 0.1494837 0.7302248 0.1495455 0.8494809 0.001304149 0.8494809 0.1495485 0.8221828 0.1495584 0.4877174 0.3160243 0.5150123 0.3160386 0.5150123 0.3445212 0.8049538 0.5018226 0.8049538 0.6500713 0.7765454 0.6500432 0.8337484 0.6526867 0.8337484 0.8009409 0.8064511 0.800934 0.7671881 0.1762125 0.7671881 0.3243921 0.7387612 0.3244539 0.863655 0.6526799 0.863655 0.8009242 0.8363569 0.8009341 0.5073708 0.1411185 0.5346657 0.1411328 0.5346657 0.1696154 0.5372958 0.8509075 0.5464549 0.8509109 0.5464549 0.9529985 0.9515709 0.6378169 0.960726 0.6378368 0.960726 0.7559862 0.5346874 0.952992 0.5255277 0.9529944 0.5255277 0.8509098 0.5999853 0.9618005 0.5908259 0.9618096 0.5908259 0.843737 0.5030963 0.5069644 0.6051715 0.5070177 0.6051715 0.6253983 0.2911241 0.8458216 0.3023809 0.8458257 0.3023809 0.9450777 0.2484769 0.7979626 0.2597287 0.7979871 0.2597287 0.9128547 0.3382928 0.9450456 0.3270353 0.9450485 0.3270353 0.8457995 0.1454491 0.920453 0.1341921 0.9204641 0.1341921 0.8056712 0.1341921 0.7156572 0.1341921 0.6005648 0.233432 0.6006167 0.08909481 0.8328613 0.08506804 0.778759 0.09477555 0.7787625 0.8417869 0.5644167 0.8374689 0.5017945 0.8471722 0.5018156 0.379501 0.8283334 0.3835281 0.8824316 0.3738199 0.8824341 0.4635518 0.8038461 0.4678718 0.8664138 0.458164 0.8664234 0.236803 0.535252 0.2369253 0.5900346 0.2321113 0.5835044 0.03121078 0.8799535 0.05403363 0.8800031 0.05403363 0.9162549 0.3865442 0.8947899 0.394989 0.8948082 0.394989 0.9370085 0.4850155 0.1762126 0.4850025 0.2120507 0.3867493 0.2120506 0.2482624 0.001304149 0.2482648 0.03712666 0.1365888 0.03737783 0.4747208 0.001304149 0.4747287 0.03714466 0.3764785 0.03714466 0.1129078 0.1605709 0.1129105 0.1964101 0.001306831 0.1963068 0.2369253 0.5900346 0.2425028 0.5979104 0.1882946 0.5979564 0.1398919 0.5899839 0.1343144 0.5978539 0.1341921 0.5351984 0.1398919 0.4802592 0.1343143 0.4723834 0.1882946 0.472486 0.2369253 0.48031 0.2425028 0.47244 0.2423805 0.5352549 0.188166 0.4870543 0.2321113 0.4870029 0.231989 0.5353334 0.1882946 0.5900835 0.1398919 0.5899839 0.1444485 0.5834587 0.1397696 0.5352013 0.1398919 0.4802592 0.1444485 0.4869571 0.1882946 0.4803589 0.2369253 0.48031 0.2321113 0.4870029 0.08909481 0.8328613 0.09880238 0.8328648 0.09477555 0.8869642 0.379501 0.8283334 0.3697928 0.8283359 0.3738198 0.7742357 0.1398919 0.5899839 0.1882946 0.5900835 0.1882946 0.5979564 0.2369253 0.48031 0.1882946 0.4803589 0.1882946 0.472486 0.1443263 0.5352876 0.1444485 0.4869571 0.188166 0.4870543 0.1882946 0.5900835 0.188166 0.5835559 0.2321113 0.5835044 0.1882946 0.4803589 0.188166 0.4870543 0.1444485 0.4869571 0.4635518 0.8038461 0.4538439 0.8038557 0.458164 0.7412794 0.1443263 0.5352876 0.1880437 0.5353848 0.188166 0.5835559 0.236803 0.535252 0.231989 0.5353334 0.2321113 0.4870029 0.7811645 0.9530177 0.7765454 0.9530867 0.7765454 0.9047636 0.2369253 0.5900346 0.236803 0.535252 0.2423805 0.5352549 0.188166 0.5835559 0.1880437 0.5353848 0.231989 0.5353334 0.8417869 0.5644167 0.8514901 0.5644378 0.8471722 0.6270411 0.1398919 0.4802592 0.1397696 0.5352013 0.1341921 0.5351984 0.659465 0.9128795 0.6366314 0.9129021 0.6366314 0.8764537 0.6991791 0.4946485 0.6907303 0.4946569 0.6907303 0.4522277 0.08245962 0.9156225 0.0596252 0.9156283 0.0596252 0.8799871 0.4060465 0.9362794 0.3975974 0.9362815 0.3975974 0.894792 0.9467766 0.1144563 0.9554708 0.1144752 0.9554708 0.2376371 0.9547306 0.1039915 0.946032 0.1039937 0.946032 0.001306354 0.9602118 0.9085205 0.9515136 0.9085292 0.9515136 0.7854474 0.9467767 0.2402454 0.9554747 0.2402485 0.9554747 0.342939 0.4892221 0.4940268 0.4892221 0.6174296 0.3865442 0.6173759 0.2099769 0.7183175 0.2099769 0.802972 0.1733887 0.8030516 0.973066 0.1100633 0.9677071 0.1100642 0.9686469 0.001304864 0.870141 0.9737465 0.8700827 0.8649621 0.8740223 0.8649345 0.9579613 0.1101402 0.957339 0.001380085 0.9611694 0.001304209 0.9611694 0.001304209 0.9650986 0.001380085 0.9643601 0.1101402 0.8662634 0.8649345 0.8700827 0.8649621 0.870141 0.9737465 0.2404597 0.6005668 0.2413996 0.709356 0.2360404 0.7093536 0.9342046 0.110162 0.9342046 0.001327812 0.9391271 0.001368463 0.8979548 0.8682609 0.9024109 0.8681525 0.9024109 0.9769803 0.3140122 0.9546572 0.3140122 0.8458232 0.3182948 0.8458908 0.9756744 0.1100935 0.9756744 0.001304149 0.9801279 0.001423776 0.9391271 0.001368463 0.9434237 0.001304209 0.9434237 0.1101384 0.3090803 0.845866 0.3140122 0.8458232 0.3140122 0.9546572 0.9686908 0.7585237 0.9686908 0.6457855 0.9725483 0.6457409 0.6302128 0.8765265 0.6338753 0.876426 0.6338753 0.9892795 0.1060028 0.9658296 0.1060028 0.853084 0.1097429 0.8530409 0.4250637 0.9604865 0.4250637 0.8475947 0.4287266 0.8476971 0.9725483 0.6457409 0.9762786 0.6457874 0.9762786 0.7585256 0.1021544 0.8530405 0.1060028 0.853084 0.1060028 0.9658296 0.4224553 0.9630838 0.418263 0.9631285 0.418263 0.8476489 0.9947214 0.9009416 0.9947214 0.7854387 0.9986959 0.7856823 0.3449659 0.961271 0.3409013 0.9613233 0.3409013 0.845849 0.993843 0.6459823 0.9978179 0.6457409 0.9978179 0.7612858 0.418263 0.8476489 0.418263 0.9631285 0.4142091 0.9630743 0.3491483 0.8458383 0.3491483 0.9613125 0.3449659 0.961271 0.9359215 0.1145988 0.9401078 0.1144562 0.9401078 0.2455534 0.9946492 0.4479857 0.9906666 0.4479869 0.9906666 0.3165478 0.9400352 0.5009996 0.9441364 0.5008705 0.9441365 0.632053 0.9951532 0.6173454 0.9911723 0.6173423 0.9911723 0.4859139 0.9401078 0.1144562 0.9441683 0.1146099 0.9441683 0.245707 0.9358883 0.6320518 0.9358883 0.5008694 0.9400352 0.5009996 0.908163 0.812424 0.9123493 0.8122814 0.9123493 0.9433786 0.9921131 0.9168779 0.9881303 0.9168791 0.9881303 0.78544 0.8584495 0.8036727 0.8625507 0.8035435 0.8625507 0.9347259 0.9960657 0.2458877 0.9920849 0.2458846 0.9920849 0.1144562 0.9123493 0.8122814 0.9164098 0.8124351 0.9164098 0.9435322 0.8543025 0.8035424 0.8584495 0.8036727 0.8584495 0.9348551 0.2520192 0.7183175 0.2520192 0.7953399 0.2125853 0.7953541 0.773937 0.5018227 0.773937 0.6500715 0.7455285 0.6500433 0.8038427 0.6526867 0.8038427 0.8009409 0.7765454 0.800934 0.7429201 0.4522193 0.7429201 0.6003988 0.7144932 0.6004606 0.0286023 0.7155514 0.0286023 0.8637957 0.001304149 0.8638056 0.5372741 0.1411185 0.5645689 0.1411327 0.5645689 0.1696153 0.7896687 0.001332342 0.7896687 0.149581 0.7612602 0.1495529 0.8038611 0.350932 0.8038611 0.4991861 0.7765637 0.4991793 0.3802639 0.6233835 0.3802639 0.7715629 0.351837 0.7716248 0.8348605 0.5017945 0.8348605 0.6500388 0.8075623 0.6500487 0.5176207 0.3160244 0.5449156 0.3160386 0.5449156 0.3445212</float_array>
          <technique_common>
            <accessor source="#Cube_006-mesh-map-1-array" count="3402" stride="2">
              <param name="S" type="float"/>
              <param name="T" type="float"/>
            </accessor>
          </technique_common>
        </source>
        <vertices id="Cube_006-mesh-vertices">
          <input semantic="POSITION" source="#Cube_006-mesh-positions"/>
        </vertices>
        <triangles material="Material_007-material" count="1134">
          <input semantic="VERTEX" source="#Cube_006-mesh-vertices" offset="0"/>
          <input semantic="NORMAL" source="#Cube_006-mesh-normals" offset="1"/>
          <input semantic="TEXCOORD" source="#Cube_006-mesh-map-0" offset="2" set="0"/>
          <input semantic="TEXCOORD" source="#Cube_006-mesh-map-1" offset="2" set="1"/>
          <p>0 0 0 5 0 1 1 0 2 6 1 3 1 1 4 5 1 5 7 2 6 2 2 7 6 2 8 3 3 9 4 3 10 0 3 11 6 4 12 4 4 13 7 4 14 13 0 15 8 0 16 12 0 17 14 1 18 9 1 19 13 1 20 15 2 21 10 2 22 14 2 23 12 3 24 11 3 25 15 3 26 14 4 27 12 4 28 15 4 29 21 0 30 16 0 31 20 0 32 22 1 33 17 1 34 21 1 35 23 2 36 18 2 37 22 2 38 20 3 39 19 3 40 23 3 41 22 4 42 20 4 43 23 4 44 29 0 45 24 0 46 28 0 47 30 1 48 25 1 49 29 1 50 31 2 51 26 2 52 30 2 53 28 3 54 27 3 55 31 3 56 30 4 57 28 4 58 31 4 59 37 0 60 32 0 61 36 0 62 38 1 63 33 1 64 37 1 65 39 2 66 34 2 67 38 2 68 36 3 69 35 3 70 39 3 71 38 4 72 36 4 73 39 4 74 45 0 75 40 0 76 44 0 77 46 1 78 41 1 79 45 1 80 47 2 81 42 2 82 46 2 83 44 3 84 43 3 85 47 3 86 46 4 87 44 4 88 47 4 89 53 0 90 48 0 91 52 0 92 54 1 93 49 1 94 53 1 95 55 2 96 50 2 97 54 2 98 52 3 99 51 3 100 55 3 101 54 4 102 52 4 103 55 4 104 61 0 105 56 0 106 60 0 107 62 1 108 57 1 109 61 1 110 63 2 111 58 2 112 62 2 113 60 3 114 59 3 115 63 3 116 62 4 117 60 4 118 63 4 119 69 0 120 64 0 121 68 0 122 70 1 123 65 1 124 69 1 125 71 2 126 66 2 127 70 2 128 68 3 129 67 3 130 71 3 131 75 3 132 76 3 133 72 3 134 72 2 135 77 2 136 73 2 137 73 1 138 78 1 139 74 1 140 74 0 141 79 0 142 75 0 143 73 4 144 75 4 145 72 4 146 83 3 147 84 3 148 80 3 149 80 2 150 85 2 151 81 2 152 81 1 153 86 1 154 82 1 155 82 0 156 87 0 157 83 0 158 81 4 159 83 4 160 80 4 161 181 3 162 95 3 163 180 3 164 195 2 165 92 2 166 196 2 167 183 1 168 93 1 169 182 1 170 193 5 171 94 5 172 194 5 173 190 2 174 177 2 175 188 2 176 98 3 177 97 3 178 99 3 179 105 6 180 100 6 181 101 6 182 102 3 183 105 3 184 101 3 185 102 3 186 104 3 187 105 3 188 102 7 189 103 7 190 104 7 191 107 1 192 106 1 193 111 1 194 108 1 195 107 1 196 111 1 197 108 1 198 111 1 199 110 1 200 108 1 201 110 1 202 109 1 203 107 8 204 102 8 205 101 8 206 103 9 207 110 9 208 104 9 209 105 10 210 106 10 211 100 10 212 106 11 213 101 11 214 100 11 215 108 12 216 103 12 217 102 12 218 104 13 219 111 13 220 105 13 221 117 14 222 112 14 223 113 14 224 114 3 225 117 3 226 113 3 227 114 15 228 116 15 229 117 15 230 114 3 231 115 3 232 116 3 233 119 1 234 118 1 235 123 1 236 120 1 237 119 1 238 123 1 239 120 1 240 123 1 241 122 1 242 120 1 243 122 1 244 121 1 245 113 16 246 120 16 247 114 16 248 121 17 249 116 17 250 115 17 251 117 18 252 118 18 253 112 18 254 112 19 255 119 19 256 113 19 257 120 20 258 115 20 259 114 20 260 122 21 261 117 21 262 116 21 263 126 22 264 127 22 265 128 22 266 126 3 267 128 3 268 129 3 269 126 3 270 129 3 271 125 3 272 129 23 273 124 23 274 125 23 275 132 24 276 134 24 277 133 24 278 132 1 279 135 1 280 134 1 281 132 1 282 131 1 283 135 1 284 131 25 285 130 25 286 135 25 287 125 26 288 132 26 289 126 26 290 133 27 291 128 27 292 127 27 293 129 28 294 130 28 295 124 28 296 124 29 297 131 29 298 125 29 299 132 30 300 127 30 301 126 30 302 134 31 303 129 31 304 128 31 305 138 32 306 139 32 307 140 32 308 138 3 309 140 3 310 141 3 311 138 3 312 141 3 313 137 3 314 141 3 315 136 3 316 137 3 317 144 1 318 146 1 319 145 1 320 144 33 321 147 33 322 146 33 323 144 34 324 143 34 325 147 34 326 143 35 327 142 35 328 147 35 329 143 36 330 138 36 331 137 36 332 139 37 333 146 37 334 140 37 335 147 38 336 136 38 337 141 38 338 142 39 339 137 39 340 136 39 341 138 40 342 145 40 343 139 40 344 140 41 345 147 41 346 141 41 347 150 42 348 151 42 349 152 42 350 150 43 351 152 43 352 153 43 353 150 2 354 153 2 355 149 2 356 153 44 357 148 44 358 149 44 359 156 45 360 158 45 361 157 45 362 156 0 363 159 0 364 158 0 365 156 0 366 155 0 367 159 0 368 155 0 369 154 0 370 159 0 371 155 46 372 150 46 373 149 46 374 151 47 375 158 47 376 152 47 377 159 48 378 148 48 379 153 48 380 154 49 381 149 49 382 148 49 383 156 50 384 151 50 385 150 50 386 158 51 387 153 51 388 152 51 389 162 52 390 163 52 391 164 52 392 162 53 393 164 53 394 165 53 395 162 2 396 165 2 397 161 2 398 165 54 399 160 54 400 161 54 401 168 55 402 170 55 403 169 55 404 168 0 405 171 0 406 170 0 407 168 0 408 167 0 409 171 0 410 167 0 411 166 0 412 171 0 413 167 56 414 162 56 415 161 56 416 169 57 417 164 57 418 163 57 419 171 58 420 160 58 421 165 58 422 166 59 423 161 59 424 160 59 425 168 60 426 163 60 427 162 60 428 170 61 429 165 61 430 164 61 431 173 62 432 181 62 433 184 62 434 172 63 435 195 63 436 191 63 437 174 64 438 183 64 439 185 64 440 175 65 441 193 65 442 190 65 443 187 66 444 188 66 445 192 66 446 184 1 447 176 1 448 186 1 449 191 0 450 178 0 451 189 0 452 185 3 453 179 3 454 187 3 455 181 3 456 92 3 457 88 3 458 183 1 459 94 1 460 90 1 461 172 67 462 181 67 463 88 67 464 175 68 465 183 68 466 90 68 467 189 69 468 187 69 469 192 69 470 184 1 471 177 1 472 173 1 473 185 3 474 178 3 475 174 3 476 193 0 477 95 0 478 91 0 479 189 70 480 186 70 481 176 70 482 190 2 483 179 2 484 175 2 485 191 0 486 176 0 487 172 0 488 173 71 489 193 71 490 91 71 491 186 72 492 188 72 493 177 72 494 195 2 495 93 2 496 89 2 497 174 73 498 195 73 499 89 73 500 199 1 501 198 1 502 200 1 503 202 1 504 203 1 505 201 1 506 207 1 507 206 1 508 208 1 509 210 1 510 211 1 511 209 1 512 213 74 513 220 74 514 217 74 515 214 75 516 217 75 517 218 75 518 214 76 519 219 76 520 215 76 521 215 77 522 220 77 523 216 77 524 213 78 525 215 78 526 216 78 527 224 79 528 225 79 529 221 79 530 222 80 531 225 80 532 226 80 533 223 81 534 226 81 535 227 81 536 223 82 537 228 82 538 224 82 539 222 83 540 224 83 541 221 83 542 248 84 543 247 84 544 252 84 545 249 85 546 248 85 547 252 85 548 249 86 549 252 86 550 251 86 551 249 87 552 251 87 553 250 87 554 236 88 555 235 88 556 240 88 557 237 89 558 236 89 559 240 89 560 237 90 561 240 90 562 239 90 563 237 91 564 239 91 565 238 91 566 230 92 567 237 92 568 231 92 569 232 93 570 239 93 571 233 93 572 240 94 573 229 94 574 234 94 575 235 95 576 230 95 577 229 95 578 231 96 579 238 96 580 232 96 581 239 97 582 234 97 583 233 97 584 242 98 585 249 98 586 243 98 587 244 99 588 251 99 589 245 99 590 252 100 591 241 100 592 246 100 593 247 101 594 242 101 595 241 101 596 243 102 597 250 102 598 244 102 599 251 103 600 246 103 601 245 103 602 255 104 603 256 104 604 257 104 605 255 105 606 257 105 607 258 105 608 255 0 609 258 0 610 254 0 611 258 106 612 253 106 613 254 106 614 261 107 615 263 107 616 262 107 617 261 2 618 264 2 619 263 2 620 261 108 621 260 108 622 264 108 623 260 2 624 259 2 625 264 2 626 260 109 627 255 109 628 254 109 629 256 110 630 263 110 631 257 110 632 264 111 633 253 111 634 258 111 635 259 112 636 254 112 637 253 112 638 261 113 639 256 113 640 255 113 641 257 114 642 264 114 643 258 114 644 267 115 645 268 115 646 269 115 647 267 116 648 269 116 649 270 116 650 267 117 651 270 117 652 266 117 653 270 118 654 265 118 655 266 118 656 273 119 657 275 119 658 274 119 659 273 120 660 276 120 661 275 120 662 273 121 663 272 121 664 276 121 665 272 122 666 271 122 667 276 122 668 266 123 669 273 123 670 267 123 671 274 124 672 269 124 673 268 124 674 270 125 675 271 125 676 265 125 677 265 126 678 272 126 679 266 126 680 273 127 681 268 127 682 267 127 683 275 128 684 270 128 685 269 128 686 297 129 687 299 129 688 298 129 689 297 130 690 300 130 691 299 130 692 297 131 693 296 131 694 300 131 695 296 132 696 295 132 697 300 132 698 285 133 699 287 133 700 286 133 701 285 134 702 288 134 703 287 134 704 285 135 705 284 135 706 288 135 707 284 136 708 283 136 709 288 136 710 278 137 711 285 137 712 279 137 713 286 138 714 281 138 715 280 138 716 282 139 717 283 139 718 277 139 719 277 140 720 284 140 721 278 140 722 285 141 723 280 141 724 279 141 725 287 142 726 282 142 727 281 142 728 296 143 729 291 143 730 290 143 731 292 144 732 299 144 733 293 144 734 300 145 735 289 145 736 294 145 737 295 146 738 290 146 739 289 146 740 291 147 741 298 147 742 292 147 743 293 148 744 300 148 745 294 148 746 304 149 747 305 149 748 301 149 749 302 150 750 305 150 751 306 150 752 303 151 753 306 151 754 307 151 755 303 152 756 308 152 757 304 152 758 302 153 759 304 153 760 301 153 761 312 154 762 313 154 763 309 154 764 310 155 765 313 155 766 314 155 767 311 156 768 314 156 769 315 156 770 311 157 771 316 157 772 312 157 773 310 158 774 312 158 775 309 158 776 319 0 777 318 0 778 320 0 779 322 0 780 323 0 781 321 0 782 330 0 783 325 0 784 329 0 785 348 159 786 343 159 787 347 159 788 332 2 789 327 2 790 331 2 791 329 3 792 328 3 793 332 3 794 331 4 795 329 4 796 332 4 797 338 0 798 333 0 799 337 0 800 346 160 801 341 160 802 345 160 803 340 2 804 335 2 805 339 2 806 337 3 807 336 3 808 340 3 809 339 4 810 337 4 811 340 4 812 345 161 813 344 161 814 348 161 815 348 4 816 346 4 817 345 4 818 356 162 819 355 162 820 360 162 821 357 163 822 356 163 823 360 163 824 357 164 825 360 164 826 359 164 827 357 165 828 359 165 829 358 165 830 356 166 831 351 166 832 350 166 833 352 167 834 359 167 835 353 167 836 360 168 837 349 168 838 354 168 839 355 169 840 350 169 841 349 169 842 351 170 843 358 170 844 352 170 845 353 171 846 360 171 847 354 171 848 368 172 849 367 172 850 372 172 851 369 173 852 368 173 853 372 173 854 369 174 855 372 174 856 371 174 857 369 175 858 371 175 859 370 175 860 368 176 861 363 176 862 362 176 863 364 177 864 371 177 865 365 177 866 372 178 867 361 178 868 366 178 869 367 179 870 362 179 871 361 179 872 363 180 873 370 180 874 364 180 875 365 181 876 372 181 877 366 181 878 376 182 879 377 182 880 373 182 881 375 183 882 378 183 883 379 183 884 375 184 885 380 184 886 376 184 887 374 185 888 376 185 889 373 185 890 383 186 891 384 186 892 385 186 893 383 187 894 385 187 895 386 187 896 383 188 897 386 188 898 382 188 899 386 189 900 381 189 901 382 189 902 389 190 903 391 190 904 390 190 905 389 191 906 392 191 907 391 191 908 389 192 909 388 192 910 392 192 911 388 193 912 387 193 913 392 193 914 382 194 915 389 194 916 383 194 917 390 195 918 385 195 919 384 195 920 386 196 921 387 196 922 381 196 923 381 197 924 388 197 925 382 197 926 389 198 927 384 198 928 383 198 929 391 199 930 386 199 931 385 199 932 396 200 933 397 200 934 393 200 935 395 201 936 398 201 937 399 201 938 396 202 939 399 202 940 400 202 941 394 203 942 396 203 943 393 203 944 410 204 945 415 205 946 409 206 947 404 207 948 411 208 949 410 204 950 401 209 951 412 210 952 406 211 953 401 209 954 408 212 955 407 213 956 404 207 957 409 206 958 403 214 959 405 215 960 412 210 961 411 208 962 402 216 963 409 206 964 408 212 965 415 205 966 422 217 967 421 218 968 412 210 969 417 219 970 411 208 971 409 206 972 414 220 973 408 212 974 411 208 975 416 221 976 410 204 977 407 213 978 418 222 979 412 210 980 408 212 981 413 223 982 407 213 983 418 222 984 423 224 985 417 219 986 415 205 987 420 225 988 414 220 989 417 219 990 422 217 991 416 221 992 418 222 993 419 226 994 424 227 995 414 220 996 419 226 997 413 223 998 405 215 999 404 207 1000 425 228 1001 401 209 1002 406 211 1003 425 228 1004 402 216 1005 401 209 1006 425 228 1007 404 207 1008 403 214 1009 425 228 1010 406 211 1011 405 215 1012 425 228 1013 403 214 1014 402 216 1015 425 228 1016 435 229 1017 440 230 1018 434 231 1019 429 232 1020 436 233 1021 435 229 1022 426 234 1023 437 235 1024 431 236 1025 426 234 1026 433 237 1027 432 238 1028 429 232 1029 434 231 1030 428 239 1031 431 236 1032 436 233 1033 430 240 1034 428 239 1035 433 237 1036 427 241 1037 440 230 1038 447 242 1039 446 243 1040 437 235 1041 442 244 1042 436 233 1043 434 231 1044 439 245 1045 433 237 1046 436 233 1047 441 246 1048 435 229 1049 432 238 1050 443 247 1051 437 235 1052 433 237 1053 438 248 1054 432 238 1055 442 244 1056 449 249 1057 448 250 1058 439 245 1059 446 243 1060 445 251 1061 442 244 1062 447 242 1063 441 246 1064 443 247 1065 444 252 1066 449 249 1067 439 245 1068 444 252 1069 438 248 1070 430 240 1071 429 232 1072 450 253 1073 426 234 1074 431 236 1075 450 253 1076 427 241 1077 426 234 1078 450 253 1079 429 232 1080 428 239 1081 450 253 1082 431 236 1083 430 240 1084 450 253 1085 428 239 1086 427 241 1087 450 253 1088 460 254 1089 465 255 1090 459 256 1091 455 257 1092 460 254 1093 454 258 1094 451 259 1095 462 260 1096 456 261 1097 451 259 1098 458 262 1099 457 263 1100 453 264 1101 460 254 1102 459 256 1103 455 257 1104 462 260 1105 461 265 1106 453 264 1107 458 262 1108 452 266 1109 465 255 1110 472 267 1111 471 268 1112 462 260 1113 467 269 1114 461 265 1115 459 256 1116 464 270 1117 458 262 1118 461 265 1119 466 271 1120 460 254 1121 457 263 1122 468 272 1123 462 260 1124 458 262 1125 463 273 1126 457 263 1127 468 272 1128 473 274 1129 467 269 1130 464 270 1131 471 268 1132 470 275 1133 466 271 1134 473 274 1135 472 267 1136 463 273 1137 474 276 1138 468 272 1139 464 270 1140 469 277 1141 463 273 1142 455 257 1143 454 258 1144 475 278 1145 451 259 1146 456 261 1147 475 278 1148 452 266 1149 451 259 1150 475 278 1151 454 258 1152 453 264 1153 475 278 1154 456 261 1155 455 257 1156 475 278 1157 453 264 1158 452 266 1159 475 278 1160 485 279 1161 490 280 1162 484 281 1163 479 282 1164 486 283 1165 485 279 1166 476 284 1167 487 285 1168 481 286 1169 476 284 1170 483 287 1171 482 288 1172 479 282 1173 484 281 1174 478 289 1175 480 290 1176 487 285 1177 486 283 1178 478 289 1179 483 287 1180 477 291 1181 491 292 1182 496 293 1183 490 280 1184 487 285 1185 492 294 1186 486 283 1187 484 281 1188 489 295 1189 483 287 1190 486 283 1191 491 292 1192 485 279 1193 482 288 1194 493 296 1195 487 285 1196 483 287 1197 488 297 1198 482 288 1199 493 296 1200 498 298 1201 492 294 1202 490 280 1203 495 299 1204 489 295 1205 492 294 1206 497 300 1207 491 292 1208 493 296 1209 494 301 1210 499 302 1211 489 295 1212 494 301 1213 488 297 1214 480 290 1215 479 282 1216 500 303 1217 476 284 1218 481 286 1219 500 303 1220 477 291 1221 476 284 1222 500 303 1223 479 282 1224 478 289 1225 500 303 1226 481 286 1227 480 290 1228 500 303 1229 478 289 1230 477 291 1231 500 303 1232 510 304 1233 515 305 1234 509 306 1235 505 307 1236 510 304 1237 504 308 1238 501 309 1239 512 310 1240 506 311 1241 501 309 1242 508 312 1243 507 313 1244 504 308 1245 509 306 1246 503 314 1247 505 307 1248 512 310 1249 511 315 1250 503 314 1251 508 312 1252 502 316 1253 516 317 1254 521 318 1255 515 305 1256 512 310 1257 517 319 1258 511 315 1259 509 306 1260 514 320 1261 508 312 1262 511 315 1263 516 317 1264 510 304 1265 507 313 1266 518 321 1267 512 310 1268 508 312 1269 513 322 1270 507 313 1271 518 321 1272 523 323 1273 517 319 1274 515 305 1275 520 324 1276 514 320 1277 516 317 1278 523 323 1279 522 325 1280 518 321 1281 519 326 1282 524 327 1283 514 320 1284 519 326 1285 513 322 1286 505 307 1287 504 308 1288 525 328 1289 501 309 1290 506 311 1291 525 328 1292 502 316 1293 501 309 1294 525 328 1295 504 308 1296 503 314 1297 525 328 1298 506 311 1299 505 307 1300 525 328 1301 503 314 1302 502 316 1303 525 328 1304 531 1 1305 528 1 1306 530 1 1307 530 4 1308 529 4 1309 532 4 1310 527 3 1311 532 3 1312 529 3 1313 540 329 1314 535 329 1315 536 329 1316 534 4 1317 536 4 1318 535 4 1319 541 330 1320 536 330 1321 537 330 1322 538 331 1323 537 331 1324 534 331 1325 539 332 1326 534 332 1327 535 332 1328 547 1 1329 542 1 1330 546 1 1331 548 2 1332 543 2 1333 547 2 1334 549 3 1335 544 3 1336 548 3 1337 546 0 1338 545 0 1339 549 0 1340 555 0 1341 550 0 1342 554 0 1343 573 333 1344 568 333 1345 572 333 1346 557 2 1347 552 2 1348 556 2 1349 554 3 1350 553 3 1351 557 3 1352 556 4 1353 554 4 1354 557 4 1355 563 0 1356 558 0 1357 562 0 1358 571 334 1359 566 334 1360 570 334 1361 565 2 1362 560 2 1363 564 2 1364 562 3 1365 561 3 1366 565 3 1367 564 4 1368 562 4 1369 565 4 1370 570 335 1371 569 335 1372 573 335 1373 573 4 1374 571 4 1375 570 4 1376 581 336 1377 580 336 1378 585 336 1379 582 337 1380 581 337 1381 585 337 1382 582 338 1383 585 338 1384 584 338 1385 582 339 1386 584 339 1387 583 339 1388 581 340 1389 576 340 1390 575 340 1391 577 341 1392 584 341 1393 578 341 1394 585 342 1395 574 342 1396 579 342 1397 580 343 1398 575 343 1399 574 343 1400 576 344 1401 583 344 1402 577 344 1403 578 345 1404 585 345 1405 579 345 1406 593 346 1407 592 346 1408 597 346 1409 594 347 1410 593 347 1411 597 347 1412 594 348 1413 597 348 1414 596 348 1415 594 349 1416 596 349 1417 595 349 1418 593 350 1419 588 350 1420 587 350 1421 589 351 1422 596 351 1423 590 351 1424 597 352 1425 586 352 1426 591 352 1427 592 353 1428 587 353 1429 586 353 1430 588 354 1431 595 354 1432 589 354 1433 590 355 1434 597 355 1435 591 355 1436 681 356 1437 598 356 1438 680 356 1439 681 357 1440 600 357 1441 599 357 1442 679 358 1443 601 358 1444 600 358 1445 680 0 1446 601 0 1447 678 0 1448 605 359 1449 603 359 1450 602 359 1451 611 1 1452 606 1 1453 610 1 1454 612 2 1455 607 2 1456 611 2 1457 613 360 1458 608 360 1459 612 360 1460 610 361 1461 609 361 1462 613 361 1463 613 4 1464 611 4 1465 610 4 1466 619 1 1467 614 1 1468 618 1 1469 620 2 1470 615 2 1471 619 2 1472 621 3 1473 616 3 1474 620 3 1475 618 0 1476 617 0 1477 621 0 1478 620 4 1479 618 4 1480 621 4 1481 627 1 1482 622 1 1483 626 1 1484 628 362 1485 623 362 1486 627 362 1487 629 3 1488 624 3 1489 628 3 1490 626 0 1491 625 0 1492 629 0 1493 628 363 1494 626 363 1495 629 363 1496 635 1 1497 630 1 1498 634 1 1499 636 2 1500 631 2 1501 635 2 1502 637 3 1503 632 3 1504 636 3 1505 634 364 1506 633 364 1507 637 364 1508 636 365 1509 634 365 1510 637 365 1511 643 1 1512 638 1 1513 642 1 1514 644 366 1515 639 366 1516 643 366 1517 645 3 1518 640 3 1519 644 3 1520 642 367 1521 641 367 1522 645 367 1523 644 368 1524 642 368 1525 645 368 1526 649 369 1527 650 369 1528 646 369 1529 646 370 1530 651 370 1531 647 370 1532 647 2 1533 652 2 1534 648 2 1535 648 1 1536 653 1 1537 649 1 1538 647 371 1539 649 371 1540 646 371 1541 657 0 1542 658 0 1543 654 0 1544 654 3 1545 659 3 1546 655 3 1547 655 2 1548 660 2 1549 656 2 1550 656 1 1551 661 1 1552 657 1 1553 654 4 1554 656 4 1555 657 4 1556 691 372 1557 669 372 1558 690 372 1559 705 373 1560 666 373 1561 706 373 1562 693 2 1563 667 2 1564 692 2 1565 703 1 1566 668 1 1567 704 1 1568 700 374 1569 687 374 1570 698 374 1571 672 3 1572 671 3 1573 673 3 1574 675 3 1575 676 3 1576 674 3 1577 602 375 1578 678 375 1579 605 375 1580 605 376 1581 679 376 1582 604 376 1583 604 377 1584 681 377 1585 603 377 1586 603 378 1587 680 378 1588 602 378 1589 683 379 1590 691 379 1591 694 379 1592 682 380 1593 705 380 1594 701 380 1595 684 381 1596 693 381 1597 695 381 1598 685 382 1599 703 382 1600 700 382 1601 697 383 1602 698 383 1603 702 383 1604 694 384 1605 686 384 1606 696 384 1607 701 385 1608 688 385 1609 699 385 1610 695 386 1611 689 386 1612 697 386 1613 691 387 1614 666 387 1615 662 387 1616 693 2 1617 668 2 1618 664 2 1619 682 388 1620 691 388 1621 662 388 1622 685 389 1623 693 389 1624 664 389 1625 699 390 1626 697 390 1627 702 390 1628 694 391 1629 687 391 1630 683 391 1631 695 392 1632 688 392 1633 684 392 1634 703 1 1635 669 1 1636 665 1 1637 699 393 1638 696 393 1639 686 393 1640 700 394 1641 689 394 1642 685 394 1643 701 395 1644 686 395 1645 682 395 1646 683 396 1647 703 396 1648 665 396 1649 696 397 1650 698 397 1651 687 397 1652 705 398 1653 667 398 1654 663 398 1655 684 399 1656 705 399 1657 663 399 1658 709 1 1659 708 1 1660 710 1 1661 712 1 1662 713 1 1663 711 1 1664 717 2 1665 716 2 1666 718 2 1667 720 2 1668 721 2 1669 719 2 1670 726 3 1671 727 3 1672 723 3 1673 723 2 1674 728 2 1675 724 2 1676 724 1 1677 729 1 1678 725 1 1679 725 0 1680 730 0 1681 726 0 1682 724 4 1683 726 4 1684 723 4 1685 733 3 1686 732 3 1687 734 3 1688 740 3 1689 735 3 1690 736 3 1691 737 3 1692 740 3 1693 736 3 1694 737 3 1695 739 3 1696 740 3 1697 737 3 1698 738 3 1699 739 3 1700 742 1 1701 741 1 1702 746 1 1703 743 1 1704 742 1 1705 746 1 1706 743 1 1707 746 1 1708 745 1 1709 743 1 1710 745 1 1711 744 1 1712 742 400 1713 737 400 1714 736 400 1715 738 401 1716 745 401 1717 739 401 1718 740 402 1719 741 402 1720 735 402 1721 741 403 1722 736 403 1723 735 403 1724 743 404 1725 738 404 1726 737 404 1727 739 405 1728 746 405 1729 740 405 1730 752 406 1731 747 406 1732 748 406 1733 749 407 1734 752 407 1735 748 407 1736 749 408 1737 751 408 1738 752 408 1739 749 409 1740 750 409 1741 751 409 1742 754 1 1743 753 1 1744 758 1 1745 755 1 1746 754 1 1747 758 1 1748 755 1 1749 758 1 1750 757 1 1751 755 410 1752 757 410 1753 756 410 1754 748 411 1755 755 411 1756 749 411 1757 756 412 1758 751 412 1759 750 412 1760 752 413 1761 753 413 1762 747 413 1763 747 414 1764 754 414 1765 748 414 1766 755 415 1767 750 415 1768 749 415 1769 757 416 1770 752 416 1771 751 416 1772 761 417 1773 762 417 1774 763 417 1775 761 418 1776 763 418 1777 764 418 1778 761 3 1779 764 3 1780 760 3 1781 764 419 1782 759 419 1783 760 419 1784 767 420 1785 769 420 1786 768 420 1787 767 1 1788 770 1 1789 769 1 1790 767 421 1791 766 421 1792 770 421 1793 766 422 1794 765 422 1795 770 422 1796 760 423 1797 767 423 1798 761 423 1799 768 424 1800 763 424 1801 762 424 1802 764 425 1803 765 425 1804 759 425 1805 759 426 1806 766 426 1807 760 426 1808 767 427 1809 762 427 1810 761 427 1811 769 428 1812 764 428 1813 763 428 1814 773 3 1815 774 3 1816 775 3 1817 773 3 1818 775 3 1819 776 3 1820 773 3 1821 776 3 1822 772 3 1823 776 429 1824 771 429 1825 772 429 1826 779 1 1827 781 1 1828 780 1 1829 779 430 1830 782 430 1831 781 430 1832 779 1 1833 778 1 1834 782 1 1835 778 431 1836 777 431 1837 782 431 1838 778 432 1839 773 432 1840 772 432 1841 774 433 1842 781 433 1843 775 433 1844 782 434 1845 771 434 1846 776 434 1847 777 435 1848 772 435 1849 771 435 1850 773 436 1851 780 436 1852 774 436 1853 775 437 1854 782 437 1855 776 437 1856 785 438 1857 786 438 1858 787 438 1859 785 2 1860 787 2 1861 788 2 1862 785 2 1863 788 2 1864 784 2 1865 788 439 1866 783 439 1867 784 439 1868 791 440 1869 793 440 1870 792 440 1871 791 441 1872 794 441 1873 793 441 1874 791 442 1875 790 442 1876 794 442 1877 790 443 1878 789 443 1879 794 443 1880 790 444 1881 785 444 1882 784 444 1883 792 445 1884 787 445 1885 786 445 1886 794 446 1887 783 446 1888 788 446 1889 789 447 1890 784 447 1891 783 447 1892 791 448 1893 786 448 1894 785 448 1895 787 449 1896 794 449 1897 788 449 1898 797 450 1899 798 450 1900 799 450 1901 797 2 1902 799 2 1903 800 2 1904 797 2 1905 800 2 1906 796 2 1907 800 451 1908 795 451 1909 796 451 1910 803 452 1911 805 452 1912 804 452 1913 803 441 1914 806 441 1915 805 441 1916 803 453 1917 802 453 1918 806 453 1919 802 454 1920 801 454 1921 806 454 1922 802 455 1923 797 455 1924 796 455 1925 804 445 1926 799 445 1927 798 445 1928 806 456 1929 795 456 1930 800 456 1931 801 457 1932 796 457 1933 795 457 1934 803 458 1935 798 458 1936 797 458 1937 805 459 1938 800 459 1939 799 459 1940 809 460 1941 808 460 1942 810 460 1943 816 1 1944 811 1 1945 815 1 1946 817 461 1947 812 461 1948 816 461 1949 818 462 1950 813 462 1951 817 462 1952 815 0 1953 814 0 1954 818 0 1955 817 4 1956 815 4 1957 818 4 1958 824 1 1959 819 1 1960 823 1 1961 825 463 1962 820 463 1963 824 463 1964 826 3 1965 821 3 1966 825 3 1967 823 0 1968 822 0 1969 826 0 1970 825 464 1971 823 464 1972 826 464 1973 0 0 1974 4 0 1975 5 0 1976 6 1 1977 2 1 1978 1 1 1979 7 2 1980 3 2 1981 2 2 1982 3 3 1983 7 3 1984 4 3 1985 6 4 1986 5 4 1987 4 4 1988 13 0 1989 9 0 1990 8 0 1991 14 1 1992 10 1 1993 9 1 1994 15 2 1995 11 2 1996 10 2 1997 12 3 1998 8 3 1999 11 3 2000 14 4 2001 13 4 2002 12 4 2003 21 0 2004 17 0 2005 16 0 2006 22 1 2007 18 1 2008 17 1 2009 23 2 2010 19 2 2011 18 2 2012 20 3 2013 16 3 2014 19 3 2015 22 4 2016 21 4 2017 20 4 2018 29 0 2019 25 0 2020 24 0 2021 30 1 2022 26 1 2023 25 1 2024 31 2 2025 27 2 2026 26 2 2027 28 3 2028 24 3 2029 27 3 2030 30 4 2031 29 4 2032 28 4 2033 37 0 2034 33 0 2035 32 0 2036 38 1 2037 34 1 2038 33 1 2039 39 2 2040 35 2 2041 34 2 2042 36 3 2043 32 3 2044 35 3 2045 38 4 2046 37 4 2047 36 4 2048 45 0 2049 41 0 2050 40 0 2051 46 1 2052 42 1 2053 41 1 2054 47 2 2055 43 2 2056 42 2 2057 44 3 2058 40 3 2059 43 3 2060 46 4 2061 45 4 2062 44 4 2063 53 0 2064 49 0 2065 48 0 2066 54 1 2067 50 1 2068 49 1 2069 55 2 2070 51 2 2071 50 2 2072 52 3 2073 48 3 2074 51 3 2075 54 4 2076 53 4 2077 52 4 2078 61 0 2079 57 0 2080 56 0 2081 62 1 2082 58 1 2083 57 1 2084 63 2 2085 59 2 2086 58 2 2087 60 3 2088 56 3 2089 59 3 2090 62 4 2091 61 4 2092 60 4 2093 69 0 2094 65 0 2095 64 0 2096 70 1 2097 66 1 2098 65 1 2099 71 2 2100 67 2 2101 66 2 2102 68 3 2103 64 3 2104 67 3 2105 75 3 2106 79 3 2107 76 3 2108 72 2 2109 76 2 2110 77 2 2111 73 1 2112 77 1 2113 78 1 2114 74 0 2115 78 0 2116 79 0 2117 73 4 2118 74 4 2119 75 4 2120 83 3 2121 87 3 2122 84 3 2123 80 2 2124 84 2 2125 85 2 2126 81 1 2127 85 1 2128 86 1 2129 82 0 2130 86 0 2131 87 0 2132 81 4 2133 82 4 2134 83 4 2135 181 3 2136 91 3 2137 95 3 2138 195 2 2139 88 2 2140 92 2 2141 183 1 2142 89 1 2143 93 1 2144 193 0 2145 90 0 2146 94 0 2147 190 2 2148 173 2 2149 177 2 2150 98 3 2151 96 3 2152 97 3 2153 107 465 2154 108 465 2155 102 465 2156 103 466 2157 109 466 2158 110 466 2159 105 467 2160 111 467 2161 106 467 2162 106 468 2163 107 468 2164 101 468 2165 108 469 2166 109 469 2167 103 469 2168 104 470 2169 110 470 2170 111 470 2171 113 471 2172 119 471 2173 120 471 2174 121 472 2175 122 472 2176 116 472 2177 117 473 2178 123 473 2179 118 473 2180 112 474 2181 118 474 2182 119 474 2183 120 475 2184 121 475 2185 115 475 2186 122 476 2187 123 476 2188 117 476 2189 125 477 2190 131 477 2191 132 477 2192 133 478 2193 134 478 2194 128 478 2195 129 479 2196 135 479 2197 130 479 2198 124 480 2199 130 480 2200 131 480 2201 132 481 2202 133 481 2203 127 481 2204 134 482 2205 135 482 2206 129 482 2207 143 483 2208 144 483 2209 138 483 2210 139 484 2211 145 484 2212 146 484 2213 147 485 2214 142 485 2215 136 485 2216 142 486 2217 143 486 2218 137 486 2219 138 487 2220 144 487 2221 145 487 2222 140 488 2223 146 488 2224 147 488 2225 155 489 2226 156 489 2227 150 489 2228 151 490 2229 157 490 2230 158 490 2231 159 491 2232 154 491 2233 148 491 2234 154 492 2235 155 492 2236 149 492 2237 156 493 2238 157 493 2239 151 493 2240 158 494 2241 159 494 2242 153 494 2243 167 495 2244 168 495 2245 162 495 2246 169 496 2247 170 496 2248 164 496 2249 171 497 2250 166 497 2251 160 497 2252 166 498 2253 167 498 2254 161 498 2255 168 499 2256 169 499 2257 163 499 2258 170 500 2259 171 500 2260 165 500 2261 173 501 2262 91 501 2263 181 501 2264 172 502 2265 88 502 2266 195 502 2267 174 503 2268 89 503 2269 183 503 2270 175 504 2271 90 504 2272 193 504 2273 187 505 2274 179 505 2275 188 505 2276 184 1 2277 172 1 2278 176 1 2279 191 0 2280 174 0 2281 178 0 2282 185 3 2283 175 3 2284 179 3 2285 181 3 2286 180 3 2287 92 3 2288 183 1 2289 182 1 2290 94 1 2291 172 506 2292 184 506 2293 181 506 2294 175 507 2295 185 507 2296 183 507 2297 189 508 2298 178 508 2299 187 508 2300 184 1 2301 186 1 2302 177 1 2303 185 3 2304 187 3 2305 178 3 2306 193 509 2307 194 509 2308 95 509 2309 189 510 2310 192 510 2311 186 510 2312 190 2 2313 188 2 2314 179 2 2315 191 0 2316 189 0 2317 176 0 2318 173 511 2319 190 511 2320 193 511 2321 186 512 2322 192 512 2323 188 512 2324 195 2 2325 196 2 2326 93 2 2327 174 513 2328 191 513 2329 195 513 2330 199 1 2331 197 1 2332 198 1 2333 202 1 2334 204 1 2335 203 1 2336 207 1 2337 205 1 2338 206 1 2339 210 1 2340 212 1 2341 211 1 2342 213 514 2343 216 514 2344 220 514 2345 214 515 2346 213 515 2347 217 515 2348 214 516 2349 218 516 2350 219 516 2351 215 517 2352 219 517 2353 220 517 2354 213 518 2355 214 518 2356 215 518 2357 224 519 2358 228 519 2359 225 519 2360 222 520 2361 221 520 2362 225 520 2363 223 521 2364 222 521 2365 226 521 2366 223 522 2367 227 522 2368 228 522 2369 222 523 2370 223 523 2371 224 523 2372 230 524 2373 236 524 2374 237 524 2375 232 525 2376 238 525 2377 239 525 2378 240 526 2379 235 526 2380 229 526 2381 235 527 2382 236 527 2383 230 527 2384 231 528 2385 237 528 2386 238 528 2387 239 529 2388 240 529 2389 234 529 2390 242 530 2391 248 530 2392 249 530 2393 244 531 2394 250 531 2395 251 531 2396 252 532 2397 247 532 2398 241 532 2399 247 533 2400 248 533 2401 242 533 2402 243 534 2403 249 534 2404 250 534 2405 251 535 2406 252 535 2407 246 535 2408 260 536 2409 261 536 2410 255 536 2411 256 537 2412 262 537 2413 263 537 2414 264 538 2415 259 538 2416 253 538 2417 259 539 2418 260 539 2419 254 539 2420 261 540 2421 262 540 2422 256 540 2423 257 541 2424 263 541 2425 264 541 2426 266 542 2427 272 542 2428 273 542 2429 274 543 2430 275 543 2431 269 543 2432 270 544 2433 276 544 2434 271 544 2435 265 545 2436 271 545 2437 272 545 2438 273 546 2439 274 546 2440 268 546 2441 275 547 2442 276 547 2443 270 547 2444 278 548 2445 284 548 2446 285 548 2447 286 549 2448 287 549 2449 281 549 2450 282 550 2451 288 550 2452 283 550 2453 277 551 2454 283 551 2455 284 551 2456 285 552 2457 286 552 2458 280 552 2459 287 553 2460 288 553 2461 282 553 2462 296 554 2463 297 554 2464 291 554 2465 292 555 2466 298 555 2467 299 555 2468 300 556 2469 295 556 2470 289 556 2471 295 557 2472 296 557 2473 290 557 2474 291 558 2475 297 558 2476 298 558 2477 293 559 2478 299 559 2479 300 559 2480 304 560 2481 308 560 2482 305 560 2483 302 561 2484 301 561 2485 305 561 2486 303 562 2487 302 562 2488 306 562 2489 303 563 2490 307 563 2491 308 563 2492 302 564 2493 303 564 2494 304 564 2495 312 565 2496 316 565 2497 313 565 2498 310 566 2499 309 566 2500 313 566 2501 311 567 2502 310 567 2503 314 567 2504 311 568 2505 315 568 2506 316 568 2507 310 569 2508 311 569 2509 312 569 2510 319 0 2511 317 0 2512 318 0 2513 322 0 2514 324 0 2515 323 0 2516 330 0 2517 326 0 2518 325 0 2519 348 570 2520 344 570 2521 343 570 2522 332 2 2523 328 2 2524 327 2 2525 329 3 2526 325 3 2527 328 3 2528 331 4 2529 330 4 2530 329 4 2531 338 0 2532 334 0 2533 333 0 2534 346 571 2535 342 571 2536 341 571 2537 340 2 2538 336 2 2539 335 2 2540 337 3 2541 333 3 2542 336 3 2543 339 4 2544 338 4 2545 337 4 2546 345 572 2547 341 572 2548 344 572 2549 348 573 2550 347 573 2551 346 573 2552 356 574 2553 357 574 2554 351 574 2555 352 575 2556 358 575 2557 359 575 2558 360 576 2559 355 576 2560 349 576 2561 355 577 2562 356 577 2563 350 577 2564 351 578 2565 357 578 2566 358 578 2567 353 579 2568 359 579 2569 360 579 2570 368 580 2571 369 580 2572 363 580 2573 364 581 2574 370 581 2575 371 581 2576 372 582 2577 367 582 2578 361 582 2579 367 583 2580 368 583 2581 362 583 2582 363 584 2583 369 584 2584 370 584 2585 365 585 2586 371 585 2587 372 585 2588 376 586 2589 380 586 2590 377 586 2591 375 587 2592 374 587 2593 378 587 2594 375 588 2595 379 588 2596 380 588 2597 374 589 2598 375 589 2599 376 589 2600 382 590 2601 388 590 2602 389 590 2603 390 591 2604 391 591 2605 385 591 2606 386 592 2607 392 592 2608 387 592 2609 381 593 2610 387 593 2611 388 593 2612 389 594 2613 390 594 2614 384 594 2615 391 595 2616 392 595 2617 386 595 2618 396 596 2619 400 596 2620 397 596 2621 395 597 2622 394 597 2623 398 597 2624 396 598 2625 395 598 2626 399 598 2627 394 599 2628 395 599 2629 396 599 2630 410 204 2631 416 221 2632 415 205 2633 404 207 2634 405 215 2635 411 208 2636 401 209 2637 407 213 2638 412 210 2639 401 209 2640 402 216 2641 408 212 2642 404 207 2643 410 204 2644 409 206 2645 405 215 2646 406 211 2647 412 210 2648 402 216 2649 403 214 2650 409 206 2651 415 205 2652 416 221 2653 422 217 2654 412 210 2655 418 222 2656 417 219 2657 409 206 2658 415 205 2659 414 220 2660 411 208 2661 417 219 2662 416 221 2663 407 213 2664 413 223 2665 418 222 2666 408 212 2667 414 220 2668 413 223 2669 418 222 2670 424 227 2671 423 224 2672 415 205 2673 421 218 2674 420 225 2675 417 219 2676 423 224 2677 422 217 2678 418 222 2679 413 223 2680 419 226 2681 414 220 2682 420 225 2683 419 226 2684 435 229 2685 441 246 2686 440 230 2687 429 232 2688 430 240 2689 436 233 2690 426 234 2691 432 238 2692 437 235 2693 426 234 2694 427 241 2695 433 237 2696 429 232 2697 435 229 2698 434 231 2699 431 236 2700 437 235 2701 436 233 2702 428 239 2703 434 231 2704 433 237 2705 440 230 2706 441 246 2707 447 242 2708 437 235 2709 443 247 2710 442 244 2711 434 231 2712 440 230 2713 439 245 2714 436 233 2715 442 244 2716 441 246 2717 432 238 2718 438 248 2719 443 247 2720 433 237 2721 439 245 2722 438 248 2723 442 244 2724 443 247 2725 449 249 2726 439 245 2727 440 230 2728 446 243 2729 442 244 2730 448 250 2731 447 242 2732 443 247 2733 438 248 2734 444 252 2735 439 245 2736 445 251 2737 444 252 2738 460 254 2739 466 271 2740 465 255 2741 455 257 2742 461 265 2743 460 254 2744 451 259 2745 457 263 2746 462 260 2747 451 259 2748 452 266 2749 458 262 2750 453 264 2751 454 258 2752 460 254 2753 455 257 2754 456 261 2755 462 260 2756 453 264 2757 459 256 2758 458 262 2759 465 255 2760 466 271 2761 472 267 2762 462 260 2763 468 272 2764 467 269 2765 459 256 2766 465 255 2767 464 270 2768 461 265 2769 467 269 2770 466 271 2771 457 263 2772 463 273 2773 468 272 2774 458 262 2775 464 270 2776 463 273 2777 468 272 2778 474 276 2779 473 274 2780 464 270 2781 465 255 2782 471 268 2783 466 271 2784 467 269 2785 473 274 2786 463 273 2787 469 277 2788 474 276 2789 464 270 2790 470 275 2791 469 277 2792 485 279 2793 491 292 2794 490 280 2795 479 282 2796 480 290 2797 486 283 2798 476 284 2799 482 288 2800 487 285 2801 476 284 2802 477 291 2803 483 287 2804 479 282 2805 485 279 2806 484 281 2807 480 290 2808 481 286 2809 487 285 2810 478 289 2811 484 281 2812 483 287 2813 491 292 2814 497 300 2815 496 293 2816 487 285 2817 493 296 2818 492 294 2819 484 281 2820 490 280 2821 489 295 2822 486 283 2823 492 294 2824 491 292 2825 482 288 2826 488 297 2827 493 296 2828 483 287 2829 489 295 2830 488 297 2831 493 296 2832 499 302 2833 498 298 2834 490 280 2835 496 293 2836 495 299 2837 492 294 2838 498 298 2839 497 300 2840 493 296 2841 488 297 2842 494 301 2843 489 295 2844 495 299 2845 494 301 2846 510 304 2847 516 317 2848 515 305 2849 505 307 2850 511 315 2851 510 304 2852 501 309 2853 507 313 2854 512 310 2855 501 309 2856 502 316 2857 508 312 2858 504 308 2859 510 304 2860 509 306 2861 505 307 2862 506 311 2863 512 310 2864 503 314 2865 509 306 2866 508 312 2867 516 317 2868 522 325 2869 521 318 2870 512 310 2871 518 321 2872 517 319 2873 509 306 2874 515 305 2875 514 320 2876 511 315 2877 517 319 2878 516 317 2879 507 313 2880 513 322 2881 518 321 2882 508 312 2883 514 320 2884 513 322 2885 518 321 2886 524 327 2887 523 323 2888 515 305 2889 521 318 2890 520 324 2891 516 317 2892 517 319 2893 523 323 2894 518 321 2895 513 322 2896 519 326 2897 514 320 2898 520 324 2899 519 326 2900 531 1 2901 526 1 2902 528 1 2903 530 4 2904 528 4 2905 529 4 2906 527 3 2907 533 3 2908 532 3 2909 540 600 2910 539 600 2911 535 600 2912 534 601 2913 537 601 2914 536 601 2915 541 602 2916 540 602 2917 536 602 2918 538 603 2919 541 603 2920 537 603 2921 539 604 2922 538 604 2923 534 604 2924 547 1 2925 543 1 2926 542 1 2927 548 2 2928 544 2 2929 543 2 2930 549 3 2931 545 3 2932 544 3 2933 546 0 2934 542 0 2935 545 0 2936 555 0 2937 551 0 2938 550 0 2939 573 605 2940 569 605 2941 568 605 2942 557 2 2943 553 2 2944 552 2 2945 554 3 2946 550 3 2947 553 3 2948 556 4 2949 555 4 2950 554 4 2951 563 0 2952 559 0 2953 558 0 2954 571 334 2955 567 334 2956 566 334 2957 565 2 2958 561 2 2959 560 2 2960 562 3 2961 558 3 2962 561 3 2963 564 4 2964 563 4 2965 562 4 2966 570 606 2967 566 606 2968 569 606 2969 573 607 2970 572 607 2971 571 607 2972 581 608 2973 582 608 2974 576 608 2975 577 609 2976 583 609 2977 584 609 2978 585 610 2979 580 610 2980 574 610 2981 580 611 2982 581 611 2983 575 611 2984 576 612 2985 582 612 2986 583 612 2987 578 613 2988 584 613 2989 585 613 2990 593 614 2991 594 614 2992 588 614 2993 589 615 2994 595 615 2995 596 615 2996 597 616 2997 592 616 2998 586 616 2999 592 617 3000 593 617 3001 587 617 3002 588 618 3003 594 618 3004 595 618 3005 590 619 3006 596 619 3007 597 619 3008 681 620 3009 599 620 3010 598 620 3011 681 621 3012 679 621 3013 600 621 3014 679 622 3015 678 622 3016 601 622 3017 680 0 3018 598 0 3019 601 0 3020 605 623 3021 604 623 3022 603 623 3023 611 1 3024 607 1 3025 606 1 3026 612 2 3027 608 2 3028 607 2 3029 613 360 3030 609 360 3031 608 360 3032 610 624 3033 606 624 3034 609 624 3035 613 4 3036 612 4 3037 611 4 3038 619 1 3039 615 1 3040 614 1 3041 620 2 3042 616 2 3043 615 2 3044 621 3 3045 617 3 3046 616 3 3047 618 0 3048 614 0 3049 617 0 3050 620 625 3051 619 625 3052 618 625 3053 627 1 3054 623 1 3055 622 1 3056 628 626 3057 624 626 3058 623 626 3059 629 3 3060 625 3 3061 624 3 3062 626 0 3063 622 0 3064 625 0 3065 628 627 3066 627 627 3067 626 627 3068 635 1 3069 631 1 3070 630 1 3071 636 2 3072 632 2 3073 631 2 3074 637 3 3075 633 3 3076 632 3 3077 634 0 3078 630 0 3079 633 0 3080 636 628 3081 635 628 3082 634 628 3083 643 1 3084 639 1 3085 638 1 3086 644 366 3087 640 366 3088 639 366 3089 645 3 3090 641 3 3091 640 3 3092 642 629 3093 638 629 3094 641 629 3095 644 4 3096 643 4 3097 642 4 3098 649 630 3099 653 630 3100 650 630 3101 646 631 3102 650 631 3103 651 631 3104 647 2 3105 651 2 3106 652 2 3107 648 1 3108 652 1 3109 653 1 3110 647 4 3111 648 4 3112 649 4 3113 657 0 3114 661 0 3115 658 0 3116 654 3 3117 658 3 3118 659 3 3119 655 2 3120 659 2 3121 660 2 3122 656 1 3123 660 1 3124 661 1 3125 654 4 3126 655 4 3127 656 4 3128 691 632 3129 665 632 3130 669 632 3131 705 633 3132 662 633 3133 666 633 3134 693 2 3135 663 2 3136 667 2 3137 703 1 3138 664 1 3139 668 1 3140 700 634 3141 683 634 3142 687 634 3143 672 3 3144 670 3 3145 671 3 3146 675 3 3147 677 3 3148 676 3 3149 602 635 3150 680 635 3151 678 635 3152 605 636 3153 678 636 3154 679 636 3155 604 637 3156 679 637 3157 681 637 3158 603 638 3159 681 638 3160 680 638 3161 683 639 3162 665 639 3163 691 639 3164 682 640 3165 662 640 3166 705 640 3167 684 641 3168 663 641 3169 693 641 3170 685 642 3171 664 642 3172 703 642 3173 697 643 3174 689 643 3175 698 643 3176 694 644 3177 682 644 3178 686 644 3179 701 645 3180 684 645 3181 688 645 3182 695 646 3183 685 646 3184 689 646 3185 691 647 3186 690 647 3187 666 647 3188 693 2 3189 692 2 3190 668 2 3191 682 648 3192 694 648 3193 691 648 3194 685 649 3195 695 649 3196 693 649 3197 699 650 3198 688 650 3199 697 650 3200 694 651 3201 696 651 3202 687 651 3203 695 652 3204 697 652 3205 688 652 3206 703 1 3207 704 1 3208 669 1 3209 699 653 3210 702 653 3211 696 653 3212 700 654 3213 698 654 3214 689 654 3215 701 655 3216 699 655 3217 686 655 3218 683 656 3219 700 656 3220 703 656 3221 696 657 3222 702 657 3223 698 657 3224 705 658 3225 706 658 3226 667 658 3227 684 659 3228 701 659 3229 705 659 3230 709 1 3231 707 1 3232 708 1 3233 712 1 3234 714 1 3235 713 1 3236 717 2 3237 715 2 3238 716 2 3239 720 2 3240 722 2 3241 721 2 3242 726 3 3243 730 3 3244 727 3 3245 723 2 3246 727 2 3247 728 2 3248 724 1 3249 728 1 3250 729 1 3251 725 0 3252 729 0 3253 730 0 3254 724 4 3255 725 4 3256 726 4 3257 733 3 3258 731 3 3259 732 3 3260 742 660 3261 743 660 3262 737 660 3263 738 661 3264 744 661 3265 745 661 3266 740 662 3267 746 662 3268 741 662 3269 741 663 3270 742 663 3271 736 663 3272 743 664 3273 744 664 3274 738 664 3275 739 665 3276 745 665 3277 746 665 3278 748 411 3279 754 411 3280 755 411 3281 756 666 3282 757 666 3283 751 666 3284 752 667 3285 758 667 3286 753 667 3287 747 668 3288 753 668 3289 754 668 3290 755 669 3291 756 669 3292 750 669 3293 757 670 3294 758 670 3295 752 670 3296 760 671 3297 766 671 3298 767 671 3299 768 672 3300 769 672 3301 763 672 3302 764 673 3303 770 673 3304 765 673 3305 759 674 3306 765 674 3307 766 674 3308 767 675 3309 768 675 3310 762 675 3311 769 676 3312 770 676 3313 764 676 3314 778 677 3315 779 677 3316 773 677 3317 774 678 3318 780 678 3319 781 678 3320 782 679 3321 777 679 3322 771 679 3323 777 680 3324 778 680 3325 772 680 3326 773 681 3327 779 681 3328 780 681 3329 775 682 3330 781 682 3331 782 682 3332 790 683 3333 791 683 3334 785 683 3335 792 684 3336 793 684 3337 787 684 3338 794 685 3339 789 685 3340 783 685 3341 789 686 3342 790 686 3343 784 686 3344 791 687 3345 792 687 3346 786 687 3347 787 688 3348 793 688 3349 794 688 3350 802 689 3351 803 689 3352 797 689 3353 804 690 3354 805 690 3355 799 690 3356 806 691 3357 801 691 3358 795 691 3359 801 692 3360 802 692 3361 796 692 3362 803 693 3363 804 693 3364 798 693 3365 805 694 3366 806 694 3367 800 694 3368 809 695 3369 807 695 3370 808 695 3371 816 1 3372 812 1 3373 811 1 3374 817 696 3375 813 696 3376 812 696 3377 818 697 3378 814 697 3379 813 697 3380 815 0 3381 811 0 3382 814 0 3383 817 4 3384 816 4 3385 815 4 3386 824 1 3387 820 1 3388 819 1 3389 825 698 3390 821 698 3391 820 698 3392 826 3 3393 822 3 3394 821 3 3395 823 0 3396 819 0 3397 822 0 3398 825 699 3399 824 699 3400 823 699 3401</p>
        </triangles>
      </mesh>
    </geometry>
  </library_geometries>
  <library_visual_scenes>
    <visual_scene id="Scene" name="Scene">
      <node id="Cube_003" name="Cube_003" type="NODE">
        <matrix sid="transform">1 0 0 0 0 1 0 0 0 0 1 0 0 0 0 1</matrix>
        <instance_geometry url="#Cube_006-mesh" name="Cube_003">
          <bind_material>
            <technique_common>
              <instance_material symbol="Material_007-material" target="#Material_007-material">
                <bind_vertex_input semantic="Cube_006-mesh-map-0" input_semantic="TEXCOORD" input_set="0"/>
                <bind_vertex_input semantic="Cube_006-mesh-map-1" input_semantic="TEXCOORD" input_set="1"/>
              </instance_material>
            </technique_common>
          </bind_material>
        </instance_geometry>
        <node id="prop_garrisoned" name="prop_garrisoned" type="NODE">
          <matrix sid="transform">1 0 0 1.348699 0 1 1.11518e-8 -2.984911 0 -1.11518e-8 1 -2.08616e-7 0 0 0 1</matrix>
        </node>
        <node id="prop_woodpile" name="prop_woodpile" type="NODE">
          <matrix sid="transform">1 0 0 -9.502245 0 1 1.11518e-8 -1.799318 0 -1.11518e-8 1 -2.08616e-7 0 0 0 1</matrix>
        </node>
        <node id="prop_bush_2" name="prop_bush_2" type="NODE">
          <matrix sid="transform">1 0 0 7.914079 0 1 7.94665e-9 4.112823 0 -7.94665e-9 1 -1.35521 0 0 0 1</matrix>
        </node>
        <node id="prop_bush_3" name="prop_bush_3" type="NODE">
          <matrix sid="transform">1 0 0 -7.448989 0 1 7.94665e-9 4.321579 0 -7.94665e-9 1 -1.46355 0 0 0 1</matrix>
        </node>
        <node id="prop_bush_4" name="prop_bush_4" type="NODE">
          <matrix sid="transform">1 0 0 0.3311582 0 1 7.94665e-9 4.774987 0 -7.94665e-9 1 -1.355211 0 0 0 1</matrix>
        </node>
        <node id="prop_bush_1" name="prop_bush_1" type="NODE">
          <matrix sid="transform">1 0 0 -8.476092 0 1 7.94665e-9 -4.931836 0 -7.94665e-9 1 -1.35521 0 0 0 1</matrix>
        </node>
      </node>
    </visual_scene>
  </library_visual_scenes>
  <scene>
    <instance_visual_scene url="#Scene"/>
  </scene>
</COLLADA>