<?xml version="1.0" encoding="utf-8"?>
<COLLADA xmlns="http://www.collada.org/2005/11/COLLADASchema" version="1.4.1" xmlns:xsi="http://www.w3.org/2001/XMLSchema-instance">
  <asset>
    <contributor>
      <author>Blender User</author>
      <authoring_tool>Blender 4.3.1 commit date:2024-12-10, commit time:07:46, hash:33d812126174</authoring_tool>
    </contributor>
    <created>2026-04-28T21:21:10</created>
    <modified>2026-04-28T21:21:10</modified>
    <unit name="meter" meter="1"/>
    <up_axis>Z_UP</up_axis>
  </asset>
  <library_effects>
    <effect id="Kush_Bireme-effect">
      <profile_COMMON>
        <technique sid="common">
          <lambert>
            <emission>
              <color sid="emission">0 0 0 1</color>
            </emission>
            <diffuse>
              <color sid="diffuse">0.8 0.8 0.8 1</color>
            </diffuse>
            <index_of_refraction>
              <float sid="ior">1</float>
            </index_of_refraction>
          </lambert>
        </technique>
      </profile_COMMON>
    </effect>
  </library_effects>
  <library_images/>
  <library_materials>
    <material id="Kush_Bireme-material" name="Kush_Bireme">
      <instance_effect url="#Kush_Bireme-effect"/>
    </material>
  </library_materials>
  <library_geometries>
    <geometry id="Cubo_003-mesh" name="Cubo.003">
      <mesh>
        <source id="Cubo_003-mesh-positions">
          <float_array id="Cubo_003-mesh-positions-array" count="2031">2.32675 4.453308 3.963819 2.32675 4.246397 3.963819 2.32675 4.453308 4.062926 2.32675 4.246397 4.062926 2.32675 4.453308 1.633412 2.32675 4.246397 1.633412 2.301353 4.246397 3.96382 2.301353 4.453308 3.96382 2.301353 4.246397 4.073001 2.301353 4.453308 1.633412 2.301353 4.246397 1.633412 2.210756 4.246397 4.310043 2.210756 4.453308 4.310043 2.118767 4.246397 4.310043 2.118767 4.453308 4.310043 2.210756 4.246397 4.165754 2.210756 4.453308 4.165754 2.118767 4.246397 4.165754 2.118767 4.453308 4.165754 2.301353 4.453308 4.073001 2.25056 4.453308 3.963819 2.25056 4.246397 3.963819 2.25056 4.453308 1.633412 2.25056 4.246397 1.633412 2.352146 4.246397 3.96382 2.352146 4.453308 3.96382 2.352146 4.246397 4.073001 2.352146 4.453308 1.633412 2.352146 4.246397 1.633412 2.442744 4.246397 4.310043 2.442744 4.453308 4.310043 2.534732 4.246397 4.310043 2.534732 4.453308 4.310043 2.442744 4.246397 4.165754 2.442744 4.453308 4.165754 2.534732 4.246397 4.165754 2.534732 4.453308 4.165754 2.352146 4.453308 4.073001 2.402939 4.453308 3.963819 2.402939 4.246397 3.963819 2.402939 4.453308 1.633412 2.402939 4.246397 1.633412 -2.32675 4.453308 3.963819 -2.32675 4.246397 3.963819 -2.32675 4.453308 4.062926 -2.32675 4.246397 4.062926 -2.32675 4.453308 1.633412 -2.32675 4.246397 1.633412 -2.352146 4.246397 3.96382 -2.352146 4.453308 3.96382 -2.352146 4.246397 4.073001 -2.352146 4.453308 1.633412 -2.352146 4.246397 1.633412 -2.442744 4.246397 4.310043 -2.442744 4.453308 4.310043 -2.534732 4.246397 4.310043 -2.534732 4.453308 4.310043 -2.442744 4.246397 4.165754 -2.442744 4.453308 4.165754 -2.534732 4.246397 4.165754 -2.534732 4.453308 4.165754 -2.352146 4.453308 4.073001 -2.402939 4.453308 3.963819 -2.402939 4.246397 3.963819 -2.402939 4.453308 1.633412 -2.402939 4.246397 1.633412 -2.301353 4.246397 3.96382 -2.301353 4.453308 3.96382 -2.301353 4.246397 4.073001 -2.301353 4.453308 1.633412 -2.301353 4.246397 1.633412 -2.210756 4.246397 4.310043 -2.210756 4.453308 4.310043 -2.118767 4.246397 4.310043 -2.118767 4.453308 4.310043 -2.210756 4.246397 4.165754 -2.210756 4.453308 4.165754 -2.118767 4.246397 4.165754 -2.118767 4.453308 4.165754 -2.301353 4.453308 4.073001 -2.25056 4.453308 3.963819 -2.25056 4.246397 3.963819 -2.25056 4.453308 1.633412 -2.25056 4.246397 1.633412 2.32675 1.349641 3.963819 2.32675 1.14273 3.963819 2.32675 1.349641 4.062926 2.32675 1.14273 4.062926 2.32675 1.349641 1.633412 2.32675 1.14273 1.633412 2.301353 1.14273 3.96382 2.301353 1.349641 3.96382 2.301353 1.14273 4.073001 2.301353 1.349641 1.633412 2.301353 1.14273 1.633412 2.210756 1.14273 4.310043 2.210756 1.349641 4.310043 2.118767 1.14273 4.310043 2.118767 1.349641 4.310043 2.210756 1.14273 4.165754 2.210756 1.349641 4.165754 2.118767 1.14273 4.165754 2.118767 1.349641 4.165754 2.301353 1.349641 4.073001 2.25056 1.349641 3.963819 2.25056 1.14273 3.963819 2.25056 1.349641 1.633412 2.25056 1.14273 1.633412 2.352146 1.14273 3.96382 2.352146 1.349641 3.96382 2.352146 1.14273 4.073001 2.352146 1.349641 1.633412 2.352146 1.14273 1.633412 2.442744 1.14273 4.310043 2.442744 1.349641 4.310043 2.534732 1.14273 4.310043 2.534732 1.349641 4.310043 2.442744 1.14273 4.165754 2.442744 1.349641 4.165754 2.534732 1.14273 4.165754 2.534732 1.349641 4.165754 2.352146 1.349641 4.073001 2.402939 1.349641 3.963819 2.402939 1.14273 3.963819 2.402939 1.349641 1.633412 2.402939 1.14273 1.633412 -2.32675 1.349641 3.963819 -2.32675 1.14273 3.963819 -2.32675 1.349641 4.062926 -2.32675 1.14273 4.062926 -2.32675 1.349641 1.633412 -2.32675 1.14273 1.633412 -2.352146 1.14273 3.96382 -2.352146 1.349641 3.96382 -2.352146 1.14273 4.073001 -2.352146 1.349641 1.633412 -2.352146 1.14273 1.633412 -2.442744 1.14273 4.310043 -2.442744 1.349641 4.310043 -2.534732 1.14273 4.310043 -2.534732 1.349641 4.310043 -2.442744 1.14273 4.165754 -2.442744 1.349641 4.165754 -2.534732 1.14273 4.165754 -2.534732 1.349641 4.165754 -2.352146 1.349641 4.073001 -2.402939 1.349641 3.963819 -2.402939 1.14273 3.963819 -2.402939 1.349641 1.633412 -2.402939 1.14273 1.633412 -2.301353 1.14273 3.96382 -2.301353 1.349641 3.96382 -2.301353 1.14273 4.073001 -2.301353 1.349641 1.633412 -2.301353 1.14273 1.633412 -2.210756 1.14273 4.310043 -2.210756 1.349641 4.310043 -2.118767 1.14273 4.310043 -2.118767 1.349641 4.310043 -2.210756 1.14273 4.165754 -2.210756 1.349641 4.165754 -2.118767 1.14273 4.165754 -2.118767 1.349641 4.165754 -2.301353 1.349641 4.073001 -2.25056 1.349641 3.963819 -2.25056 1.14273 3.963819 -2.25056 1.349641 1.633412 -2.25056 1.14273 1.633412 2.32675 -1.754025 3.963819 2.32675 -1.960936 3.963819 2.32675 -1.754025 4.062926 2.32675 -1.960936 4.062926 2.32675 -1.754025 1.633412 2.32675 -1.960936 1.633412 2.301353 -1.960936 3.96382 2.301353 -1.754025 3.96382 2.301353 -1.960936 4.073001 2.301353 -1.754025 1.633412 2.301353 -1.960936 1.633412 2.210756 -1.960936 4.310043 2.210756 -1.754025 4.310043 2.118767 -1.960936 4.310043 2.118767 -1.754025 4.310043 2.210756 -1.960936 4.165754 2.210756 -1.754025 4.165754 2.118767 -1.960936 4.165754 2.118767 -1.754025 4.165754 2.301353 -1.754025 4.073001 2.25056 -1.754025 3.963819 2.25056 -1.960936 3.963819 2.25056 -1.754025 1.633412 2.25056 -1.960936 1.633412 2.352146 -1.960936 3.96382 2.352146 -1.754025 3.96382 2.352146 -1.960936 4.073001 2.352146 -1.754025 1.633412 2.352146 -1.960936 1.633412 2.442744 -1.960936 4.310043 2.442744 -1.754025 4.310043 2.534732 -1.960936 4.310043 2.534732 -1.754025 4.310043 2.442744 -1.960936 4.165754 2.442744 -1.754025 4.165754 2.534732 -1.960936 4.165754 2.534732 -1.754025 4.165754 2.352146 -1.754025 4.073001 2.402939 -1.754025 3.963819 2.402939 -1.960936 3.963819 2.402939 -1.754025 1.633412 2.402939 -1.960936 1.633412 -2.32675 -1.754025 3.963819 -2.32675 -1.960936 3.963819 -2.32675 -1.754025 4.062926 -2.32675 -1.960936 4.062926 -2.32675 -1.754025 1.633412 -2.32675 -1.960936 1.633412 -2.352146 -1.960936 3.96382 -2.352146 -1.754025 3.96382 -2.352146 -1.960936 4.073001 -2.352146 -1.754025 1.633412 -2.352146 -1.960936 1.633412 -2.442744 -1.960936 4.310043 -2.442744 -1.754025 4.310043 -2.534732 -1.960936 4.310043 -2.534732 -1.754025 4.310043 -2.442744 -1.960936 4.165754 -2.442744 -1.754025 4.165754 -2.534732 -1.960936 4.165754 -2.534732 -1.754025 4.165754 -2.352146 -1.754025 4.073001 -2.402939 -1.754025 3.963819 -2.402939 -1.960936 3.963819 -2.402939 -1.754025 1.633412 -2.402939 -1.960936 1.633412 -2.301353 -1.960936 3.96382 -2.301353 -1.754025 3.96382 -2.301353 -1.960936 4.073001 -2.301353 -1.754025 1.633412 -2.301353 -1.960936 1.633412 -2.210756 -1.960936 4.310043 -2.210756 -1.754025 4.310043 -2.118767 -1.960936 4.310043 -2.118767 -1.754025 4.310043 -2.210756 -1.960936 4.165754 -2.210756 -1.754025 4.165754 -2.118767 -1.960936 4.165754 -2.118767 -1.754025 4.165754 -2.301353 -1.754025 4.073001 -2.25056 -1.754025 3.963819 -2.25056 -1.960936 3.963819 -2.25056 -1.754025 1.633412 -2.25056 -1.960936 1.633412 2.32675 -4.857691 3.963819 2.32675 -5.064602 3.963819 2.32675 -4.857691 4.062926 2.32675 -5.064602 4.062926 2.32675 -4.857691 1.633412 2.32675 -5.064602 1.633412 2.301353 -5.064602 3.96382 2.301353 -4.857691 3.96382 2.301353 -5.064602 4.073001 2.301353 -4.857691 1.633412 2.301353 -5.064602 1.633412 2.210756 -5.064602 4.310043 2.210756 -4.857691 4.310043 2.118767 -5.064602 4.310043 2.118767 -4.857691 4.310043 2.210756 -5.064602 4.165754 2.210756 -4.857691 4.165754 2.118767 -5.064602 4.165754 2.118767 -4.857691 4.165754 2.301353 -4.857691 4.073001 2.25056 -4.857691 3.963819 2.25056 -5.064602 3.963819 2.25056 -4.857691 1.633412 2.25056 -5.064602 1.633412 2.352146 -5.064602 3.96382 2.352146 -4.857691 3.96382 2.352146 -5.064602 4.073001 2.352146 -4.857691 1.633412 2.352146 -5.064602 1.633412 2.442744 -5.064602 4.310043 2.442744 -4.857691 4.310043 2.534732 -5.064602 4.310043 2.534732 -4.857691 4.310043 2.442744 -5.064602 4.165754 2.442744 -4.857691 4.165754 2.534732 -5.064602 4.165754 2.534732 -4.857691 4.165754 2.352146 -4.857691 4.073001 2.402939 -4.857691 3.963819 2.402939 -5.064602 3.963819 2.402939 -4.857691 1.633412 2.402939 -5.064602 1.633412 -2.32675 -4.857691 3.963819 -2.32675 -5.064602 3.963819 -2.32675 -4.857691 4.062926 -2.32675 -5.064602 4.062926 -2.32675 -4.857691 1.633412 -2.32675 -5.064602 1.633412 -2.352146 -5.064602 3.96382 -2.352146 -4.857691 3.96382 -2.352146 -5.064602 4.073001 -2.352146 -4.857691 1.633412 -2.352146 -5.064602 1.633412 -2.442744 -5.064602 4.310043 -2.442744 -4.857691 4.310043 -2.534732 -5.064602 4.310043 -2.534732 -4.857691 4.310043 -2.442744 -5.064602 4.165754 -2.442744 -4.857691 4.165754 -2.534732 -5.064602 4.165754 -2.534732 -4.857691 4.165754 -2.352146 -4.857691 4.073001 -2.402939 -4.857691 3.963819 -2.402939 -5.064602 3.963819 -2.402939 -4.857691 1.633412 -2.402939 -5.064602 1.633412 -2.301353 -5.064602 3.96382 -2.301353 -4.857691 3.96382 -2.301353 -5.064602 4.073001 -2.301353 -4.857691 1.633412 -2.301353 -5.064602 1.633412 -2.210756 -5.064602 4.310043 -2.210756 -4.857691 4.310043 -2.118767 -5.064602 4.310043 -2.118767 -4.857691 4.310043 -2.210756 -5.064602 4.165754 -2.210756 -4.857691 4.165754 -2.118767 -5.064602 4.165754 -2.118767 -4.857691 4.165754 -2.301353 -4.857691 4.073001 -2.25056 -4.857691 3.963819 -2.25056 -5.064602 3.963819 -2.25056 -4.857691 1.633412 -2.25056 -5.064602 1.633412 -2.862435 -0.2928627 4.34131 -2.90939 -5.863389 4.337214 -2.832314 5.276533 4.426718 0 -5.863389 4.772559 0 5.276533 4.865001 2.862435 -0.2928627 4.34131 2.90939 -5.863389 4.337214 2.832314 5.276533 4.426718 2.32675 0.1034557 3.963819 2.32675 -0.1034553 3.963819 2.32675 0.1034557 4.062926 2.32675 -0.1034553 4.062926 2.32675 0.1034557 1.633412 2.32675 -0.1034553 1.633412 2.301353 -0.1034553 3.96382 2.301353 0.1034557 3.96382 2.301353 -0.1034553 4.073001 2.301353 0.1034557 1.633412 2.301353 -0.1034553 1.633412 2.210756 -0.1034553 4.310043 2.210756 0.1034557 4.310043 2.118767 -0.1034553 4.310043 2.118767 0.1034557 4.310043 2.210756 -0.1034553 4.165754 2.210756 0.1034557 4.165754 2.118767 -0.1034553 4.165754 2.118767 0.1034557 4.165754 2.301353 0.1034557 4.073001 2.25056 0.1034557 3.963819 2.25056 -0.1034553 3.963819 2.25056 0.1034557 1.633412 2.25056 -0.1034553 1.633412 2.352146 -0.1034553 3.96382 2.352146 0.1034557 3.96382 2.352146 -0.1034553 4.073001 2.352146 0.1034557 1.633412 2.352146 -0.1034553 1.633412 2.442744 -0.1034553 4.310043 2.442744 0.1034557 4.310043 2.534732 -0.1034553 4.310043 2.534732 0.1034557 4.310043 2.442744 -0.1034553 4.165754 2.442744 0.1034557 4.165754 2.534732 -0.1034553 4.165754 2.534732 0.1034557 4.165754 2.352146 0.1034557 4.073001 2.402939 0.1034557 3.963819 2.402939 -0.1034553 3.963819 2.402939 0.1034557 1.633412 2.402939 -0.1034553 1.633412 -2.32675 0.1034557 3.963819 -2.32675 -0.1034553 3.963819 -2.32675 0.1034557 4.062926 -2.32675 -0.1034553 4.062926 -2.32675 0.1034557 1.633412 -2.32675 -0.1034553 1.633412 -2.352146 -0.1034553 3.96382 -2.352146 0.1034557 3.96382 -2.352146 -0.1034553 4.073001 -2.352146 0.1034557 1.633412 -2.352146 -0.1034553 1.633412 -2.442744 -0.1034553 4.310043 -2.442744 0.1034557 4.310043 -2.534732 -0.1034553 4.310043 -2.534732 0.1034557 4.310043 -2.442744 -0.1034553 4.165754 -2.442744 0.1034557 4.165754 -2.534732 -0.1034553 4.165754 -2.534732 0.1034557 4.165754 -2.352146 0.1034557 4.073001 -2.402939 0.1034557 3.963819 -2.402939 -0.1034553 3.963819 -2.402939 0.1034557 1.633412 -2.402939 -0.1034553 1.633412 -2.301353 -0.1034553 3.96382 -2.301353 0.1034557 3.96382 -2.301353 -0.1034553 4.073001 -2.301353 0.1034557 1.633412 -2.301353 -0.1034553 1.633412 -2.210756 -0.1034553 4.310043 -2.210756 0.1034557 4.310043 -2.118767 -0.1034553 4.310043 -2.118767 0.1034557 4.310043 -2.210756 -0.1034553 4.165754 -2.210756 0.1034557 4.165754 -2.118767 -0.1034553 4.165754 -2.118767 0.1034557 4.165754 -2.301353 0.1034557 4.073001 -2.25056 0.1034557 3.963819 -2.25056 -0.1034553 3.963819 -2.25056 0.1034557 1.633412 -2.25056 -0.1034553 1.633412 -2.862435 -0.2944847 4.599769 -2.90939 -5.865012 4.595673 -2.832314 5.27491 4.685177 0 -0.2944853 4.527317 0 -5.865012 4.923478 0 5.27491 5.012982 2.862435 -0.2944847 4.599769 2.90939 -5.865012 4.595673 2.832314 5.27491 4.685177 1.456222 12.95741 2.372472 1.456222 12.95741 3.735194 1.456222 10.45495 3.735194 1.456222 10.45495 2.372472 -1.456145 12.95741 3.735194 -1.456145 12.95741 2.372472 -1.456145 10.45495 3.735194 -1.456145 10.45495 2.372472 1.456222 12.95741 3.735194 1.456222 10.45495 3.735194 -1.456145 12.95741 3.735194 -1.456145 10.45495 3.735194 1.456222 12.95741 4.172721 1.456222 10.45495 4.172721 -1.456145 12.95741 4.172721 -1.456145 10.45495 4.172721 1.456222 11.70618 3.735194 1.456222 11.70618 3.969905 -1.456145 11.708 3.735194 -1.456145 11.708 3.969905 1.456222 10.45495 2.372472 1.456222 12.95741 2.372472 -1.456145 10.45495 2.372472 -1.456145 12.95741 2.372472 1.454656 10.54801 2.542655 1.454656 13.05047 2.542655 -1.45771 13.05047 2.542655 -1.45771 10.54801 2.542655 1.467298 12.96576 2.367981 1.47119 13.06816 2.553164 1.466599 10.54096 2.554605 1.466934 10.44687 2.376961 1.435047 12.84913 2.372472 1.43287 10.45495 2.372472 1.43287 10.45495 3.735194 1.43287 12.84725 3.735194 -1.434969 12.84913 2.372472 -1.432793 12.84725 3.735194 -1.432793 10.45495 2.372472 -1.432793 10.45495 3.735194 -1.469242 12.96867 3.735194 -1.469242 12.96867 4.172721 1.469319 12.96867 4.172721 1.469319 12.96867 3.735194 -1.466921 10.44683 2.376842 -1.469242 11.708 3.735194 -1.469242 11.708 3.969905 1.469319 11.70618 3.735194 1.469319 11.70618 3.969905 1.469319 10.45495 4.172721 1.469319 10.45495 3.735194 -1.469242 10.45495 3.735194 -1.469242 10.45495 4.172721 -1.467159 12.96572 2.367856 -1.474393 13.06819 2.553142 -1.469852 10.54089 2.554594 1.614782 13.19136 5.370672 1.609744 10.41776 5.372251 -1.617983 13.19139 5.370646 -1.612999 10.41769 5.37224 1.522305 10.49302 5.63887 1.52707 13.11611 5.637376 -1.530272 13.11613 5.637352 -1.525558 10.49295 5.638859 1.278288 10.58384 4.93498 1.278288 10.48616 4.93498 1.278288 10.58384 5.118791 1.278288 10.48616 5.118791 1.278288 10.58384 0.6128996 1.278288 10.48616 0.6128996 1.264336 10.48616 4.934982 1.264336 10.58384 4.934982 1.264336 10.48616 5.137475 1.264336 10.58384 0.6128996 1.264336 10.48616 0.6128996 1.214565 10.48616 5.577103 1.214565 10.58384 5.577103 1.164029 10.48616 5.577103 1.164029 10.58384 5.577103 1.214565 10.48616 5.309498 1.214565 10.58384 5.309498 1.164029 10.48616 5.309498 1.164029 10.58384 5.309498 1.264336 10.58384 5.137475 1.236432 10.58384 4.93498 1.236432 10.48616 4.93498 1.236432 10.58384 0.6128996 1.236432 10.48616 0.6128996 1.29224 10.48616 4.934982 1.29224 10.58384 4.934982 1.29224 10.48616 5.137475 1.29224 10.58384 0.6128996 1.29224 10.48616 0.6128996 1.342012 10.48616 5.577103 1.342012 10.58384 5.577103 1.392548 10.48616 5.577103 1.392548 10.58384 5.577103 1.342012 10.48616 5.309498 1.342012 10.58384 5.309498 1.392548 10.48616 5.309498 1.392548 10.58384 5.309498 1.29224 10.58384 5.137475 1.320144 10.58384 4.93498 1.320144 10.48616 4.93498 1.320144 10.58384 0.6128996 1.320144 10.48616 0.6128996 -1.278211 10.58384 4.93498 -1.278211 10.48616 4.93498 -1.278211 10.58384 5.118791 -1.278211 10.48616 5.118791 -1.278211 10.58384 0.6128996 -1.278211 10.48616 0.6128996 -1.292163 10.48616 4.934982 -1.292163 10.58384 4.934982 -1.292163 10.48616 5.137475 -1.292163 10.58384 0.6128996 -1.292163 10.48616 0.6128996 -1.341935 10.48616 5.577103 -1.341935 10.58384 5.577103 -1.392471 10.48616 5.577103 -1.392471 10.58384 5.577103 -1.341935 10.48616 5.309498 -1.341935 10.58384 5.309498 -1.392471 10.48616 5.309498 -1.392471 10.58384 5.309498 -1.292163 10.58384 5.137475 -1.320067 10.58384 4.93498 -1.320067 10.48616 4.93498 -1.320067 10.58384 0.6128996 -1.320067 10.48616 0.6128996 -1.264259 10.48616 4.934982 -1.264259 10.58384 4.934982 -1.264259 10.48616 5.137475 -1.264259 10.58384 0.6128996 -1.264259 10.48616 0.6128996 -1.214487 10.48616 5.577103 -1.214487 10.58384 5.577103 -1.163951 10.48616 5.577103 -1.163951 10.58384 5.577103 -1.214487 10.48616 5.309498 -1.214487 10.58384 5.309498 -1.163951 10.48616 5.309498 -1.163951 10.58384 5.309498 -1.264259 10.58384 5.137475 -1.236355 10.58384 4.93498 -1.236355 10.48616 4.93498 -1.236355 10.58384 0.6128996 -1.236355 10.48616 0.6128996 1.278288 12.88772 4.93498 1.278288 12.79005 4.93498 1.278288 12.88772 5.118791 1.278288 12.79005 5.118791 1.278288 12.88772 0.6128996 1.278288 12.79005 0.6128996 1.264336 12.79005 4.934982 1.264336 12.88772 4.934982 1.264336 12.79005 5.137475 1.264336 12.88772 0.6128996 1.264336 12.79005 0.6128996 1.214565 12.79005 5.577103 1.214565 12.88772 5.577103 1.164029 12.79005 5.577103 1.164029 12.88772 5.577103 1.214565 12.79005 5.309498 1.214565 12.88772 5.309498 1.164029 12.79005 5.309498 1.164029 12.88772 5.309498 1.264336 12.88772 5.137475 1.236432 12.88772 4.93498 1.236432 12.79005 4.93498 1.236432 12.88772 0.6128996 1.236432 12.79005 0.6128996 1.29224 12.79005 4.934982 1.29224 12.88772 4.934982 1.29224 12.79005 5.137475 1.29224 12.88772 0.6128996 1.29224 12.79005 0.6128996 1.342012 12.79005 5.577103 1.342012 12.88772 5.577103 1.392548 12.79005 5.577103 1.392548 12.88772 5.577103 1.342012 12.79005 5.309498 1.342012 12.88772 5.309498 1.392548 12.79005 5.309498 1.392548 12.88772 5.309498 1.29224 12.88772 5.137475 1.320144 12.88772 4.93498 1.320144 12.79005 4.93498 1.320144 12.88772 0.6128996 1.320144 12.79005 0.6128996 -1.278211 12.88772 4.93498 -1.278211 12.79005 4.93498 -1.278211 12.88772 5.118791 -1.278211 12.79005 5.118791 -1.278211 12.88772 0.6128996 -1.278211 12.79005 0.6128996 -1.292163 12.79005 4.934982 -1.292163 12.88772 4.934982 -1.292163 12.79005 5.137475 -1.292163 12.88772 0.6128996 -1.292163 12.79005 0.6128996 -1.341935 12.79005 5.577103 -1.341935 12.88772 5.577103 -1.392471 12.79005 5.577103 -1.392471 12.88772 5.577103 -1.341935 12.79005 5.309498 -1.341935 12.88772 5.309498 -1.392471 12.79005 5.309498 -1.392471 12.88772 5.309498 -1.292163 12.88772 5.137475 -1.320067 12.88772 4.93498 -1.320067 12.79005 4.93498 -1.320067 12.88772 0.6128996 -1.320067 12.79005 0.6128996 -1.264259 12.79005 4.934982 -1.264259 12.88772 4.934982 -1.264259 12.79005 5.137475 -1.264259 12.88772 0.6128996 -1.264259 12.79005 0.6128996 -1.214487 12.79005 5.577103 -1.214487 12.88772 5.577103 -1.163951 12.79005 5.577103 -1.163951 12.88772 5.577103 -1.214487 12.79005 5.309498 -1.214487 12.88772 5.309498 -1.163951 12.79005 5.309498 -1.163951 12.88772 5.309498 -1.264259 12.88772 5.137475 -1.236355 12.88772 4.93498 -1.236355 12.79005 4.93498 -1.236355 12.88772 0.6128996 -1.236355 12.79005 0.6128996 1.15165 12.79401 3.081592 1.148055 10.81511 3.08272 -1.154858 12.79403 3.081575 -1.151303 10.81506 3.082712 1.148055 10.81511 2.456124 1.15165 12.79401 2.454997 -1.154858 12.79403 2.454978 -1.151303 10.81506 2.456116</float_array>
          <technique_common>
            <accessor source="#Cubo_003-mesh-positions-array" count="677" stride="3">
              <param name="X" type="float"/>
              <param name="Y" type="float"/>
              <param name="Z" type="float"/>
            </accessor>
          </technique_common>
        </source>
        <source id="Cubo_003-mesh-normals">
          <float_array id="Cubo_003-mesh-normals-array" count="1260">0 1 0 0 1 3.30884e-7 0 -1 -3.60506e-7 0 -1 0 0 -1 -2.21514e-6 -1 0 0 0.3687431 0 0.9295313 0.5542116 0 0.8323758 0.5542019 0 0.8323823 0 -1 8.43171e-7 0 -1 1.24245e-6 0 0 1 -0.8374273 0 -0.5465489 -0.8374273 0 -0.5465489 -0.837427 0 -0.5465494 0 1 1.44684e-6 0 1 1.24245e-6 1 0 0 0.7153716 0 0.6987443 0 1 1.10756e-6 0 1 1.00746e-6 0 -1 3.30882e-7 -0.5542158 0 0.8323732 -0.3687584 0 0.9295254 -0.5542061 0 0.8323795 0 -1 1.44685e-6 0.8374273 0 -0.5465489 0.8374273 0 -0.5465489 0.837427 0 -0.5465494 0 1 3.19553e-6 0 1 2.48492e-6 -0.7153671 0 0.6987488 0 -1 1.24247e-6 0.3687598 0 0.9295248 -0.8374276 0 -0.5465483 0.7153751 0 0.6987407 -0.3687751 0 0.9295187 0.8374276 0 -0.5465483 -0.7153707 0 0.6987453 0 1 3.30882e-7 0.3687584 0 0.9295254 0.5542158 0 0.832373 0.5542061 0 0.8323795 0 1 1.44685e-6 0 1 1.24246e-6 0.7153671 0 0.6987488 -0.5542116 0 0.8323758 -0.3687431 0 0.9295313 -0.5542019 0 0.8323823 -0.7153716 0 0.6987443 0.3687751 0 0.9295187 0.7153707 0 0.6987453 -0.3687598 0 0.9295248 -0.7153751 0 0.6987407 0 1 2.55568e-7 0 1 5.53784e-7 0 -1 -1.65442e-7 0.3687435 0 0.9295312 0.5542113 0 0.832376 0.5542026 0 0.8323819 0 -1 -7.23416e-7 0 -1 -6.21227e-7 -0.8374276 0 -0.5465486 -0.8374275 0 -0.5465486 0 1 5.12625e-7 0 1 3.10612e-7 0.7153714 0 0.6987445 0 1 5.5378e-7 0 1 3.38289e-7 0 -1 0 0 -1 5.5378e-7 -0.5542151 0 0.8323735 -0.5542065 0 0.8323792 0 -1 -2.10797e-7 0.8374276 0 -0.5465486 0.8374275 0 -0.5465486 0 1 8.74341e-7 0 1 6.21231e-7 -0.7153667 0 0.6987493 0 -1 -3.10617e-7 0.3687607 0 0.9295245 0.7153729 0 0.6987429 -0.7153685 0 0.6987475 0 -1 0 0.5542151 0 0.8323735 0.5542065 0 0.8323792 0 1 8.7434e-7 0.7153667 0 0.6987493 0 1 3.38289e-7 -0.5542113 0 0.832376 -0.3687435 0 0.9295312 -0.5542026 0 0.8323819 0 -1 -7.23416e-7 0 1 8.74334e-7 0 1 6.21225e-7 -0.7153714 0 0.6987445 0.7153685 0 0.6987475 -0.3687607 0 0.9295245 -0.7153729 0 0.6987429 0 1 -5.11136e-7 0 1 -1.10757e-6 0.3687435 0 0.9295312 0.554211 0 0.8323763 0.5542027 0 0.8323817 -0.8374276 0 -0.5465484 0 1 -1.02525e-6 0 1 -6.21225e-7 0.7153714 0 0.6987445 0 -1 -1.65441e-7 -0.554215 0 0.8323736 -0.3687588 0 0.9295251 -0.554207 0 0.8323789 0 -1 -7.23424e-7 0.8374276 0 -0.5465484 -0.7153669 0 0.6987491 0 -1 -6.21233e-7 0.3687602 0 0.9295246 -0.8374277 0 -0.5465481 0.7153724 0 0.6987435 0.8374277 0 -0.5465481 -0.7153679 0 0.698748 0.3687588 0 0.9295251 0.554215 0 0.8323736 0.554207 0 0.8323789 0.7153669 0 0.6987491 0 1 -5.53784e-7 0 1 -3.38289e-7 -0.554211 0 0.8323763 -0.3687435 0 0.9295312 -0.5542027 0 0.8323817 0 1 -8.74334e-7 -0.7153714 0 0.6987445 0.7153679 0 0.698748 -0.3687602 0 0.9295246 -0.7153724 0 0.6987435 0 -1 1.02227e-6 0 -1 2.21514e-6 0.368744 0 0.929531 0.5542118 0 0.8323757 0.554203 0 0.8323816 0 -1 2.05049e-6 0.7153719 0 0.6987439 0.715374 0 0.6987418 0 1 3.16072e-7 -0.5542118 0 0.8323757 -0.368744 0 0.929531 -0.554203 0 0.8323816 0 -1 2.05049e-6 0 1 2.59184e-6 0 1 2.4849e-6 -0.7153719 0 0.6987439 -0.715374 0 0.6987418 0.554211 0 0.8323762 0.5542026 0 0.8323819 -0.8374274 0 -0.5465486 -0.8374275 0 -0.5465486 0.7153713 0 0.6987447 0 -1 0 0 -1 0 -0.554215 0 0.8323737 -0.3687584 0 0.9295253 -0.5542066 0 0.8323792 0 -1 0 0.8374274 0 -0.5465486 0.8374275 0 -0.5465486 -0.7153667 0 0.6987493 0.3687602 0 0.9295246 0.7153726 0 0.6987432 -0.3687752 0 0.9295187 -0.715368 0 0.6987479 0 -1 0 0.3687584 0 0.9295253 0.5542066 0 0.8323792 0.7153667 0 0.6987493 0 1 0 0 1 0 -0.554211 0 0.8323762 -0.5542026 0 0.8323819 0 1 0 -0.7153713 0 0.6987447 0.3687752 0 0.9295187 0.715368 0 0.6987479 -0.3687602 0 0.9295246 -0.7153726 0 0.6987432 0 0.0217058 0.9997645 0.00412172 0.01710897 0.9998452 -0.1119626 2.13073e-4 0.9937124 0 0.01703661 0.9998549 -0.07269072 -0.06517571 0.9952228 -0.00412178 0.01710897 0.9998452 0.1119626 2.13072e-4 0.9937124 0.07269072 -0.06517565 0.9952228 0 -0.08687275 0.9962194 0 -0.9999446 -0.01052647 9.48024e-4 -0.999979 -0.006417095 9.39705e-4 -0.9999799 -0.006280243 0.9999855 0.005407631 3.396e-5 0.9999762 0.006916582 4.33981e-5 0.9999762 0.00691998 4.34183e-5 -0.9999855 0.005407631 3.396e-5 -0.9999762 0.006916582 4.33981e-5 -0.9999854 0.005407631 3.39609e-5 -0.9999645 0.008428812 5.29255e-5 -0.9999762 0.00691998 4.34183e-5 -9.48024e-4 -0.999979 -0.006417095 0 -0.9999423 -0.01075494 0.9999645 0.008428812 5.29255e-5 0.9999645 0.008428812 5.29267e-5 0 0.9999426 0.01072168 -9.80939e-4 0.9999789 0.006423234 0 0.9999399 0.01096665 9.80939e-4 0.9999789 0.006423234 9.71793e-4 0.9999799 0.00627917 -0.9999577 0 -0.009201049 -0.9999577 0 -0.009201049 -0.9999577 0 -0.009201049 1 0 0 1 0 0 1 0 0 1 0 0 0 0.8773915 -0.4797751 0 0.8773871 -0.4797831 0 0.8773869 -0.4797835 0 -0.8773837 0.4797895 0 -0.8773935 0.4797714 0 -0.8773832 0.4797903 0.9999577 0 0.009194731 0.9999577 0 0.009194731 0.9999578 0 0.009194791 0.9998136 -0.001767992 -0.01922595 0.9999994 -2.00239e-4 0.001144707 0.9999981 -1.37607e-4 0.001958489 -0.07580327 -0.01721519 -0.9969742 0.1089527 -0.08178687 -0.9906767 0.05195736 -0.3085672 -0.9497825 -0.9999998 2.99784e-4 -5.26224e-4 -0.9999994 6.09912e-4 -0.001070559 -0.9999984 9.09432e-4 -0.001596331 0 -0.9999991 -0.001377999 0 -0.9999991 -0.001379072 0 -0.9999991 -0.001379728 0.9999998 2.99615e-4 -5.25936e-4 0.9999994 6.09569e-4 -0.001069962 -0.05040091 -0.3008186 -0.9523487 1 0 0 1 1.92055e-7 0 1 0 0 -0.1058005 -0.07959026 -0.9911971 0.07827401 -0.01762843 -0.9967761 0.02236139 -0.03335916 -0.9991933 -5.40041e-6 5.72563e-4 0.9999998 -5.75688e-6 5.7215e-4 1 -7.43049e-6 5.70211e-4 1 -5.79249e-6 -0.8837119 0.4680314 1.8051e-5 -0.8838726 0.467728 -6.92853e-6 -0.8837043 0.4680458 1.22297e-5 0.8750975 -0.4839468 8.81309e-6 0.8751172 -0.483911 8.63895e-6 0.8751182 -0.4839093 -0.999852 -2.14816e-4 -0.01720768 -0.9993047 -0.001758515 -0.03724515 -0.9998654 -1.53062e-4 -0.01640599 0.06530529 -0.07630163 0.9949439 4.54241e-4 4.82323e-6 1 0.07486498 -0.08706575 0.9933856 0 0.1600044 0.9871163 -0.07497119 -0.08718919 0.9933668 -0.06539613 -0.07640832 0.9949298 0 -2.27205e-4 1 0 0.1597759 0.9871533 0 0.1597759 0.9871534 0 0 -1 -4.55869e-4 -2.24493e-4 1 0 1 -2.50642e-7 -5.46187e-6 5.7221e-4 1 -5.79743e-6 5.71742e-4 1 -7.37283e-6 5.69545e-4 0.9999999 2.12267e-5 -0.9623936 0.271659 2.02153e-5 -0.9623943 0.2716565 2.01616e-5 -0.9623944 0.2716563 0.9500748 -0.001548111 0.3120185 0.9500748 -0.001548051 0.3120185 0.9500748 -0.001548111 0.3120185 4.48504e-6 0.9624251 0.2715476 6.67061e-6 0.9624161 0.2715793 4.31314e-6 0.9624258 0.271545 -0.9500745 -0.001528024 0.3120198 -0.950075 -0.001527845 0.3120179 -0.9500751 -0.001527845 0.3120177 -0.9954446 0 -0.09534269 -0.9954451 0 -0.09533774 0.8012578 0 0.5983194 0.8953728 0 0.4453177 0.8953772 0 0.4453086 -0.9954452 0 -0.0953356 -0.9954452 0 -0.09533661 0 1 -2.99747e-6 0 1 -2.94548e-6 0.9901015 0 0.1403535 0.990102 0 0.1403502 0 -1 4.69348e-7 0 -1 6.23099e-6 0.9954444 0 -0.09534424 0.9954448 0 -0.09533929 -0.8953717 0 0.4453195 -0.8012578 0 0.5983194 -0.8953772 0 0.4453086 0 -1 5.22592e-7 0.9954451 0 -0.09533721 0.995445 0 -0.09533816 -0.9901006 0 0.1403599 -0.9901014 0 0.1403546 0.8012419 0 0.5983407 -0.8012419 0 0.5983407 0 1 2.50643e-7 0 -1 4.6935e-7 0 -1 6.23101e-6 -0.9954444 0 -0.09534424 -0.9954448 0 -0.09533929 0.8953717 0 0.4453195 0 -1 5.22593e-7 -0.9954451 0 -0.09533721 -0.995445 0 -0.09533816 0 1 2.99747e-6 0 1 2.94547e-6 0.9901006 0 0.1403599 0.9901014 0 0.1403546 0 1 -3.1155e-6 0 1 0 0 -1 4.6935e-7 0 -1 6.23101e-6 0 -1 5.22593e-7 0 1 2.73616e-6 0 1 2.94546e-6 0 -1 2.50642e-7 -0.9954447 0 -0.09534078 -0.9954451 0 -0.09533637 0.8012535 0 0.598325 0.895375 0 0.4453131 0.8953763 0 0.4453105 0 -1 2.99749e-6 0 -1 2.94545e-6 -0.9954451 0 -0.09533625 -0.995445 0 -0.09533762 0.9901011 0 0.140356 0.9901018 0 0.1403509 0.9954446 0 -0.09534239 0.995445 0 -0.09533792 -0.8953736 0 0.445316 -0.8012535 0 0.598325 -0.8953748 0 0.4453133 0.9954451 0 -0.0953378 0.9954449 0 -0.09533917 -0.9901007 0 0.1403592 -0.9901015 0 0.1403541 0.8012482 0 0.5983322 -0.8012482 0 0.5983322 0 -1 -2.50643e-7 -0.9954451 0 -0.09533685 0.8953736 0 0.445316 0.8953748 0 0.4453133 0 -1 -2.99749e-6 0 -1 -2.94544e-6 -0.9954449 0 -0.09533888 -0.9954447 0 -0.09534078 0.9901007 0 0.1403592 0.9901015 0 0.1403541 0 1 3.1155e-6 0 1 2.34675e-7 0 -1 -2.50642e-7 0.9954447 0 -0.09534078 0.9954451 0 -0.09533685 0 -1 -2.99748e-6 0.995445 0 -0.09533888 0.9954447 0 -0.09534072 0 1 2.61294e-7 0 -1 -2.94543e-6 -5.42321e-6 5.7249e-4 1 -5.79172e-6 5.72054e-4 1 -7.52182e-6 5.70005e-4 1 8.6829e-6 1 0 8.68289e-6 1 0 -0.9999984 -0.001796364 0 -0.9999984 -0.001796305 0 -0.9999984 -0.001796245 0 2.15674e-5 -1 0 2.15674e-5 -1 0 2.15674e-5 -1 0 0.9999984 -0.001816689 0 0.9999985 -0.00181663 0 0.9999984 -0.001816689 0 0.9999854 0.005407631 3.39609e-5 -0.9999645 0.008428812 5.29267e-5 -9.39705e-4 -0.9999799 -0.006280243 -9.71793e-4 0.9999799 0.00627917 -0.9999577 0 -0.009201049 1 0 0 0 0.8773918 -0.4797748 0 -0.877394 0.4797706 0.9999578 0 0.009194731 0.9997982 -0.001827657 -0.02000182 -0.02165323 -0.03249102 -0.9992375 0 -0.9999991 -0.001377344 0.9999984 9.0892e-4 -0.001595437 1 2.17755e-7 0 1 0 0 -3.72299e-6 5.74507e-4 0.9999999 1.91774e-5 -0.8838801 0.4677136 1.23981e-5 0.8750965 -0.4839485 -0.9992758 -0.001817345 -0.0380088 0 0.1600044 0.9871163 -3.88287e-6 5.74412e-4 0.9999999 2.13064e-5 -0.9623935 0.2716593 0.9500748 -0.001548051 0.3120185 6.78636e-6 0.9624157 0.271581 -0.9500744 -0.001528024 0.3120199 -3.68916e-6 5.74544e-4 0.9999998 -0.9999984 -0.001796364 0 2.15674e-5 -1 0 0.9999984 -0.00181663 0</float_array>
          <technique_common>
            <accessor source="#Cubo_003-mesh-normals-array" count="420" stride="3">
              <param name="X" type="float"/>
              <param name="Y" type="float"/>
              <param name="Z" type="float"/>
            </accessor>
          </technique_common>
        </source>
        <source id="Cubo_003-mesh-map-0">
          <float_array id="Cubo_003-mesh-map-0-array" count="6924">0.2508601 0.3807397 0.25086 0.388531 0.2608059 0.3807397 0.25086 0.388531 0.2508601 0.3807397 0.2608059 0.3807397 0.3158842 0.375633 0.3222692 0.3910509 0.3158842 0.3910509 0.1976478 0.3747835 0.3706501 0.3778597 0.1976478 0.3780024 0.2508601 0.3807397 0.2598882 0.376844 0.25086 0.376844 0.3399145 0.375633 0.3386734 0.3910509 0.3386733 0.375633 0.25086 0.388531 0.2692552 0.3946367 0.2692552 0.4087472 0.3222692 0.375633 0.3264644 0.3910509 0.3222692 0.3910509 0.3051148 0.375633 0.3158842 0.3910509 0.3051148 0.3910509 0.25086 0.388531 0.2692552 0.3946367 0.2608059 0.3807397 0.2692552 0.4087472 0.282399 0.3946367 0.2692552 0.3946367 0.3328493 0.3910509 0.3264644 0.375633 0.3328493 0.375633 0.2508601 0.3807397 0.2598882 0.376844 0.2608059 0.3807397 0.1979011 0.3778598 0.3706501 0.3917988 0.1979011 0.3917988 0.3386734 0.3910509 0.3328493 0.375633 0.3386733 0.375633 0.2692552 0.3946367 0.282399 0.4087472 0.2692552 0.4087472 0.1979011 0.3950114 0.3709034 0.3917931 0.3709034 0.3950133 0.1979011 0.3950114 0.3709034 0.3989896 0.1979011 0.3989874 0.1976478 0.3747835 0.3706501 0.3706665 0.3706501 0.3746408 0.2508601 0.3807397 0.2608059 0.3807397 0.25086 0.388531 0.25086 0.388531 0.2608059 0.3807397 0.2508601 0.3807397 0.3222692 0.3910509 0.3158842 0.375633 0.3158842 0.3910509 0.3706501 0.3778597 0.1976478 0.3747835 0.1976478 0.3780024 0.2598882 0.376844 0.2508601 0.3807397 0.25086 0.376844 0.3386734 0.3910509 0.3399145 0.375633 0.3386733 0.375633 0.25086 0.388531 0.2692552 0.3946367 0.2608059 0.3807397 0.3222692 0.375633 0.3264644 0.3910509 0.3264644 0.375633 0.3158842 0.3910509 0.3051148 0.375633 0.3051148 0.3910509 0.2692552 0.3946367 0.25086 0.388531 0.2608059 0.3807397 0.282399 0.3946367 0.2692552 0.4087472 0.2692552 0.3946367 0.3264644 0.375633 0.3328493 0.3910509 0.3328493 0.375633 0.2508601 0.3807397 0.2598882 0.376844 0.25086 0.376844 0.3706501 0.3917988 0.1979011 0.3778598 0.1979011 0.3917988 0.3328493 0.375633 0.3386734 0.3910509 0.3386733 0.375633 0.282399 0.4087472 0.2692552 0.3946367 0.2692552 0.4087472 0.1979011 0.3950114 0.3709034 0.3917931 0.1979011 0.3917988 0.3709034 0.3989896 0.1979011 0.3950114 0.1979011 0.3989874 0.1976478 0.3747835 0.3706501 0.3706665 0.1976478 0.3708095 0.3158842 0.375633 0.3222692 0.375633 0.3222692 0.3910509 0.1976478 0.3747835 0.3706501 0.3746408 0.3706501 0.3778597 0.2508601 0.3807397 0.2608059 0.3807397 0.2598882 0.376844 0.3399145 0.375633 0.3399145 0.3910509 0.3386734 0.3910509 0.25086 0.388531 0.2608059 0.3807397 0.2692552 0.3946367 0.3222692 0.375633 0.3264644 0.375633 0.3264644 0.3910509 0.3051148 0.375633 0.3158842 0.375633 0.3158842 0.3910509 0.25086 0.388531 0.2692552 0.4087472 0.2692552 0.3946367 0.2692552 0.4087472 0.282399 0.4087472 0.282399 0.3946367 0.3328493 0.3910509 0.3264644 0.3910509 0.3264644 0.375633 0.2508601 0.3807397 0.25086 0.376844 0.2598882 0.376844 0.1979011 0.3778598 0.3706501 0.3778597 0.3706501 0.3917988 0.3386734 0.3910509 0.3328493 0.3910509 0.3328493 0.375633 0.2692552 0.3946367 0.282399 0.3946367 0.282399 0.4087472 0.1979011 0.3950114 0.1979011 0.3917988 0.3709034 0.3917931 0.1979011 0.3950114 0.3709034 0.3950133 0.3709034 0.3989896 0.1976478 0.3747835 0.1976478 0.3708095 0.3706501 0.3706665 0.3222692 0.3910509 0.3222692 0.375633 0.3158842 0.375633 0.3706501 0.3778597 0.3706501 0.3746408 0.1976478 0.3747835 0.2598882 0.376844 0.2608059 0.3807397 0.2508601 0.3807397 0.3386734 0.3910509 0.3399145 0.3910509 0.3399145 0.375633 0.25086 0.388531 0.2692552 0.4087472 0.2692552 0.3946367 0.3222692 0.375633 0.3222692 0.3910509 0.3264644 0.3910509 0.3158842 0.3910509 0.3158842 0.375633 0.3051148 0.375633 0.2692552 0.3946367 0.2692552 0.4087472 0.25086 0.388531 0.282399 0.3946367 0.282399 0.4087472 0.2692552 0.4087472 0.3264644 0.375633 0.3264644 0.3910509 0.3328493 0.3910509 0.2508601 0.3807397 0.2608059 0.3807397 0.2598882 0.376844 0.3706501 0.3917988 0.3706501 0.3778597 0.1979011 0.3778598 0.3328493 0.375633 0.3328493 0.3910509 0.3386734 0.3910509 0.282399 0.4087472 0.282399 0.3946367 0.2692552 0.3946367 0.1979011 0.3950114 0.3709034 0.3950133 0.3709034 0.3917931 0.3709034 0.3989896 0.3709034 0.3950133 0.1979011 0.3950114 0.1976478 0.3747835 0.3706501 0.3746408 0.3706501 0.3706665 0.2508601 0.3807397 0.25086 0.388531 0.2608059 0.3807397 0.25086 0.388531 0.2508601 0.3807397 0.2608059 0.3807397 0.3158842 0.375633 0.3222692 0.3910509 0.3158842 0.3910509 0.1976478 0.3747835 0.3706501 0.3778597 0.1976478 0.3780024 0.2508601 0.3807397 0.2598882 0.376844 0.25086 0.376844 0.3399145 0.375633 0.3386734 0.3910509 0.3386733 0.375633 0.25086 0.388531 0.2692552 0.3946367 0.2692552 0.4087472 0.3222692 0.375633 0.3264644 0.3910509 0.3222692 0.3910509 0.3051148 0.375633 0.3158842 0.3910509 0.3051148 0.3910509 0.25086 0.388531 0.2692552 0.3946367 0.2608059 0.3807397 0.2692552 0.4087472 0.282399 0.3946367 0.2692552 0.3946367 0.3328493 0.3910509 0.3264644 0.375633 0.3328493 0.375633 0.2508601 0.3807397 0.2598882 0.376844 0.2608059 0.3807397 0.1979011 0.3778598 0.3706501 0.3917988 0.1979011 0.3917988 0.3386734 0.3910509 0.3328493 0.375633 0.3386733 0.375633 0.2692552 0.3946367 0.282399 0.4087472 0.2692552 0.4087472 0.1979011 0.3950114 0.3709034 0.3917931 0.3709034 0.3950133 0.1979011 0.3950114 0.3709034 0.3989896 0.1979011 0.3989874 0.1976478 0.3747835 0.3706501 0.3706665 0.3706501 0.3746408 0.2508601 0.3807397 0.2608059 0.3807397 0.25086 0.388531 0.25086 0.388531 0.2608059 0.3807397 0.2508601 0.3807397 0.3222692 0.3910509 0.3158842 0.375633 0.3158842 0.3910509 0.3706501 0.3778597 0.1976478 0.3747835 0.1976478 0.3780024 0.2598882 0.376844 0.2508601 0.3807397 0.25086 0.376844 0.3386734 0.3910509 0.3399145 0.375633 0.3386733 0.375633 0.25086 0.388531 0.2692552 0.3946367 0.2608059 0.3807397 0.3222692 0.375633 0.3264644 0.3910509 0.3264644 0.375633 0.3158842 0.3910509 0.3051148 0.375633 0.3051148 0.3910509 0.2692552 0.3946367 0.25086 0.388531 0.2608059 0.3807397 0.282399 0.3946367 0.2692552 0.4087472 0.2692552 0.3946367 0.3264644 0.375633 0.3328493 0.3910509 0.3328493 0.375633 0.2508601 0.3807397 0.2598882 0.376844 0.25086 0.376844 0.3706501 0.3917988 0.1979011 0.3778598 0.1979011 0.3917988 0.3328493 0.375633 0.3386734 0.3910509 0.3386733 0.375633 0.282399 0.4087472 0.2692552 0.3946367 0.2692552 0.4087472 0.1979011 0.3950114 0.3709034 0.3917931 0.1979011 0.3917988 0.3709034 0.3989896 0.1979011 0.3950114 0.1979011 0.3989874 0.1976478 0.3747835 0.3706501 0.3706665 0.1976478 0.3708095 0.3158842 0.375633 0.3222692 0.375633 0.3222692 0.3910509 0.1976478 0.3747835 0.3706501 0.3746408 0.3706501 0.3778597 0.2508601 0.3807397 0.2608059 0.3807397 0.2598882 0.376844 0.3399145 0.375633 0.3399145 0.3910509 0.3386734 0.3910509 0.25086 0.388531 0.2608059 0.3807397 0.2692552 0.3946367 0.3222692 0.375633 0.3264644 0.375633 0.3264644 0.3910509 0.3051148 0.375633 0.3158842 0.375633 0.3158842 0.3910509 0.25086 0.388531 0.2692552 0.4087472 0.2692552 0.3946367 0.2692552 0.4087472 0.282399 0.4087472 0.282399 0.3946367 0.3328493 0.3910509 0.3264644 0.3910509 0.3264644 0.375633 0.2508601 0.3807397 0.25086 0.376844 0.2598882 0.376844 0.1979011 0.3778598 0.3706501 0.3778597 0.3706501 0.3917988 0.3386734 0.3910509 0.3328493 0.3910509 0.3328493 0.375633 0.2692552 0.3946367 0.282399 0.3946367 0.282399 0.4087472 0.1979011 0.3950114 0.1979011 0.3917988 0.3709034 0.3917931 0.1979011 0.3950114 0.3709034 0.3950133 0.3709034 0.3989896 0.1976478 0.3747835 0.1976478 0.3708095 0.3706501 0.3706665 0.3222692 0.3910509 0.3222692 0.375633 0.3158842 0.375633 0.3706501 0.3778597 0.3706501 0.3746408 0.1976478 0.3747835 0.2598882 0.376844 0.2608059 0.3807397 0.2508601 0.3807397 0.3386734 0.3910509 0.3399145 0.3910509 0.3399145 0.375633 0.25086 0.388531 0.2692552 0.4087472 0.2692552 0.3946367 0.3222692 0.375633 0.3222692 0.3910509 0.3264644 0.3910509 0.3158842 0.3910509 0.3158842 0.375633 0.3051148 0.375633 0.2692552 0.3946367 0.2692552 0.4087472 0.25086 0.388531 0.282399 0.3946367 0.282399 0.4087472 0.2692552 0.4087472 0.3264644 0.375633 0.3264644 0.3910509 0.3328493 0.3910509 0.2508601 0.3807397 0.2608059 0.3807397 0.2598882 0.376844 0.3706501 0.3917988 0.3706501 0.3778597 0.1979011 0.3778598 0.3328493 0.375633 0.3328493 0.3910509 0.3386734 0.3910509 0.282399 0.4087472 0.282399 0.3946367 0.2692552 0.3946367 0.1979011 0.3950114 0.3709034 0.3950133 0.3709034 0.3917931 0.3709034 0.3989896 0.3709034 0.3950133 0.1979011 0.3950114 0.1976478 0.3747835 0.3706501 0.3746408 0.3706501 0.3706665 0.2508601 0.3807397 0.25086 0.388531 0.2608059 0.3807397 0.25086 0.388531 0.2508601 0.3807397 0.2608059 0.3807397 0.3158842 0.375633 0.3222692 0.3910509 0.3158842 0.3910509 0.1976478 0.3747835 0.3706501 0.3778597 0.1976478 0.3780024 0.2508601 0.3807397 0.2598882 0.376844 0.25086 0.376844 0.3399145 0.375633 0.3386734 0.3910509 0.3386733 0.375633 0.25086 0.388531 0.2692552 0.3946367 0.2692552 0.4087472 0.3222692 0.375633 0.3264644 0.3910509 0.3222692 0.3910509 0.3051148 0.375633 0.3158842 0.3910509 0.3051148 0.3910509 0.25086 0.388531 0.2692552 0.3946367 0.2608059 0.3807397 0.2692552 0.4087472 0.282399 0.3946367 0.2692552 0.3946367 0.3328493 0.3910509 0.3264644 0.375633 0.3328493 0.375633 0.2508601 0.3807397 0.2598882 0.376844 0.2608059 0.3807397 0.1979011 0.3778598 0.3706501 0.3917988 0.1979011 0.3917988 0.3386734 0.3910509 0.3328493 0.375633 0.3386733 0.375633 0.2692552 0.3946367 0.282399 0.4087472 0.2692552 0.4087472 0.1979011 0.3950114 0.3709034 0.3917931 0.3709034 0.3950133 0.1979011 0.3950114 0.3709034 0.3989896 0.1979011 0.3989874 0.1976478 0.3747835 0.3706501 0.3706665 0.3706501 0.3746408 0.2508601 0.3807397 0.2608059 0.3807397 0.25086 0.388531 0.25086 0.388531 0.2608059 0.3807397 0.2508601 0.3807397 0.3222692 0.3910509 0.3158842 0.375633 0.3158842 0.3910509 0.3706501 0.3778597 0.1976478 0.3747835 0.1976478 0.3780024 0.2598882 0.376844 0.2508601 0.3807397 0.25086 0.376844 0.3386734 0.3910509 0.3399145 0.375633 0.3386733 0.375633 0.25086 0.388531 0.2692552 0.3946367 0.2608059 0.3807397 0.3222692 0.375633 0.3264644 0.3910509 0.3264644 0.375633 0.3158842 0.3910509 0.3051148 0.375633 0.3051148 0.3910509 0.2692552 0.3946367 0.25086 0.388531 0.2608059 0.3807397 0.282399 0.3946367 0.2692552 0.4087472 0.2692552 0.3946367 0.3264644 0.375633 0.3328493 0.3910509 0.3328493 0.375633 0.2508601 0.3807397 0.2598882 0.376844 0.25086 0.376844 0.3706501 0.3917988 0.1979011 0.3778598 0.1979011 0.3917988 0.3328493 0.375633 0.3386734 0.3910509 0.3386733 0.375633 0.282399 0.4087472 0.2692552 0.3946367 0.2692552 0.4087472 0.1979011 0.3950114 0.3709034 0.3917931 0.1979011 0.3917988 0.3709034 0.3989896 0.1979011 0.3950114 0.1979011 0.3989874 0.1976478 0.3747835 0.3706501 0.3706665 0.1976478 0.3708095 0.3158842 0.375633 0.3222692 0.375633 0.3222692 0.3910509 0.1976478 0.3747835 0.3706501 0.3746408 0.3706501 0.3778597 0.2508601 0.3807397 0.2608059 0.3807397 0.2598882 0.376844 0.3399145 0.375633 0.3399145 0.3910509 0.3386734 0.3910509 0.25086 0.388531 0.2608059 0.3807397 0.2692552 0.3946367 0.3222692 0.375633 0.3264644 0.375633 0.3264644 0.3910509 0.3051148 0.375633 0.3158842 0.375633 0.3158842 0.3910509 0.25086 0.388531 0.2692552 0.4087472 0.2692552 0.3946367 0.2692552 0.4087472 0.282399 0.4087472 0.282399 0.3946367 0.3328493 0.3910509 0.3264644 0.3910509 0.3264644 0.375633 0.2508601 0.3807397 0.25086 0.376844 0.2598882 0.376844 0.1979011 0.3778598 0.3706501 0.3778597 0.3706501 0.3917988 0.3386734 0.3910509 0.3328493 0.3910509 0.3328493 0.375633 0.2692552 0.3946367 0.282399 0.3946367 0.282399 0.4087472 0.1979011 0.3950114 0.1979011 0.3917988 0.3709034 0.3917931 0.1979011 0.3950114 0.3709034 0.3950133 0.3709034 0.3989896 0.1976478 0.3747835 0.1976478 0.3708095 0.3706501 0.3706665 0.3222692 0.3910509 0.3222692 0.375633 0.3158842 0.375633 0.3706501 0.3778597 0.3706501 0.3746408 0.1976478 0.3747835 0.2598882 0.376844 0.2608059 0.3807397 0.2508601 0.3807397 0.3386734 0.3910509 0.3399145 0.3910509 0.3399145 0.375633 0.25086 0.388531 0.2692552 0.4087472 0.2692552 0.3946367 0.3222692 0.375633 0.3222692 0.3910509 0.3264644 0.3910509 0.3158842 0.3910509 0.3158842 0.375633 0.3051148 0.375633 0.2692552 0.3946367 0.2692552 0.4087472 0.25086 0.388531 0.282399 0.3946367 0.282399 0.4087472 0.2692552 0.4087472 0.3264644 0.375633 0.3264644 0.3910509 0.3328493 0.3910509 0.2508601 0.3807397 0.2608059 0.3807397 0.2598882 0.376844 0.3706501 0.3917988 0.3706501 0.3778597 0.1979011 0.3778598 0.3328493 0.375633 0.3328493 0.3910509 0.3386734 0.3910509 0.282399 0.4087472 0.282399 0.3946367 0.2692552 0.3946367 0.1979011 0.3950114 0.3709034 0.3950133 0.3709034 0.3917931 0.3709034 0.3989896 0.3709034 0.3950133 0.1979011 0.3950114 0.1976478 0.3747835 0.3706501 0.3746408 0.3706501 0.3706665 0.2508601 0.3807397 0.25086 0.388531 0.2608059 0.3807397 0.25086 0.388531 0.2508601 0.3807397 0.2608059 0.3807397 0.3158842 0.375633 0.3222692 0.3910509 0.3158842 0.3910509 0.1976478 0.3747835 0.3706501 0.3778597 0.1976478 0.3780024 0.2508601 0.3807397 0.2598882 0.376844 0.25086 0.376844 0.3399145 0.375633 0.3386734 0.3910509 0.3386733 0.375633 0.25086 0.388531 0.2692552 0.3946367 0.2692552 0.4087472 0.3222692 0.375633 0.3264644 0.3910509 0.3222692 0.3910509 0.3051148 0.375633 0.3158842 0.3910509 0.3051148 0.3910509 0.25086 0.388531 0.2692552 0.3946367 0.2608059 0.3807397 0.2692552 0.4087472 0.282399 0.3946367 0.2692552 0.3946367 0.3328493 0.3910509 0.3264644 0.375633 0.3328493 0.375633 0.2508601 0.3807397 0.2598882 0.376844 0.2608059 0.3807397 0.1979011 0.3778598 0.3706501 0.3917988 0.1979011 0.3917988 0.3386734 0.3910509 0.3328493 0.375633 0.3386733 0.375633 0.2692552 0.3946367 0.282399 0.4087472 0.2692552 0.4087472 0.1979011 0.3950114 0.3709034 0.3917931 0.3709034 0.3950133 0.1979011 0.3950114 0.3709034 0.3989896 0.1979011 0.3989874 0.1976478 0.3747835 0.3706501 0.3706665 0.3706501 0.3746408 0.2508601 0.3807397 0.2608059 0.3807397 0.25086 0.388531 0.25086 0.388531 0.2608059 0.3807397 0.2508601 0.3807397 0.3222692 0.3910509 0.3158842 0.375633 0.3158842 0.3910509 0.3706501 0.3778597 0.1976478 0.3747835 0.1976478 0.3780024 0.2598882 0.376844 0.2508601 0.3807397 0.25086 0.376844 0.3386734 0.3910509 0.3399145 0.375633 0.3386733 0.375633 0.25086 0.388531 0.2692552 0.3946367 0.2608059 0.3807397 0.3222692 0.375633 0.3264644 0.3910509 0.3264644 0.375633 0.3158842 0.3910509 0.3051148 0.375633 0.3051148 0.3910509 0.2692552 0.3946367 0.25086 0.388531 0.2608059 0.3807397 0.282399 0.3946367 0.2692552 0.4087472 0.2692552 0.3946367 0.3264644 0.375633 0.3328493 0.3910509 0.3328493 0.375633 0.2508601 0.3807397 0.2598882 0.376844 0.25086 0.376844 0.3706501 0.3917988 0.1979011 0.3778598 0.1979011 0.3917988 0.3328493 0.375633 0.3386734 0.3910509 0.3386733 0.375633 0.282399 0.4087472 0.2692552 0.3946367 0.2692552 0.4087472 0.1979011 0.3950114 0.3709034 0.3917931 0.1979011 0.3917988 0.3709034 0.3989896 0.1979011 0.3950114 0.1979011 0.3989874 0.1976478 0.3747835 0.3706501 0.3706665 0.1976478 0.3708095 0.3158842 0.375633 0.3222692 0.375633 0.3222692 0.3910509 0.1976478 0.3747835 0.3706501 0.3746408 0.3706501 0.3778597 0.2508601 0.3807397 0.2608059 0.3807397 0.2598882 0.376844 0.3399145 0.375633 0.3399145 0.3910509 0.3386734 0.3910509 0.25086 0.388531 0.2608059 0.3807397 0.2692552 0.3946367 0.3222692 0.375633 0.3264644 0.375633 0.3264644 0.3910509 0.3051148 0.375633 0.3158842 0.375633 0.3158842 0.3910509 0.25086 0.388531 0.2692552 0.4087472 0.2692552 0.3946367 0.2692552 0.4087472 0.282399 0.4087472 0.282399 0.3946367 0.3328493 0.3910509 0.3264644 0.3910509 0.3264644 0.375633 0.2508601 0.3807397 0.25086 0.376844 0.2598882 0.376844 0.1979011 0.3778598 0.3706501 0.3778597 0.3706501 0.3917988 0.3386734 0.3910509 0.3328493 0.3910509 0.3328493 0.375633 0.2692552 0.3946367 0.282399 0.3946367 0.282399 0.4087472 0.1979011 0.3950114 0.1979011 0.3917988 0.3709034 0.3917931 0.1979011 0.3950114 0.3709034 0.3950133 0.3709034 0.3989896 0.1976478 0.3747835 0.1976478 0.3708095 0.3706501 0.3706665 0.3222692 0.3910509 0.3222692 0.375633 0.3158842 0.375633 0.3706501 0.3778597 0.3706501 0.3746408 0.1976478 0.3747835 0.2598882 0.376844 0.2608059 0.3807397 0.2508601 0.3807397 0.3386734 0.3910509 0.3399145 0.3910509 0.3399145 0.375633 0.25086 0.388531 0.2692552 0.4087472 0.2692552 0.3946367 0.3222692 0.375633 0.3222692 0.3910509 0.3264644 0.3910509 0.3158842 0.3910509 0.3158842 0.375633 0.3051148 0.375633 0.2692552 0.3946367 0.2692552 0.4087472 0.25086 0.388531 0.282399 0.3946367 0.282399 0.4087472 0.2692552 0.4087472 0.3264644 0.375633 0.3264644 0.3910509 0.3328493 0.3910509 0.2508601 0.3807397 0.2608059 0.3807397 0.2598882 0.376844 0.3706501 0.3917988 0.3706501 0.3778597 0.1979011 0.3778598 0.3328493 0.375633 0.3328493 0.3910509 0.3386734 0.3910509 0.282399 0.4087472 0.282399 0.3946367 0.2692552 0.3946367 0.1979011 0.3950114 0.3709034 0.3950133 0.3709034 0.3917931 0.3709034 0.3989896 0.3709034 0.3950133 0.1979011 0.3950114 0.1976478 0.3747835 0.3706501 0.3746408 0.3706501 0.3706665 0.2508601 0.3807397 0.25086 0.388531 0.2608059 0.3807397 0.25086 0.388531 0.2508601 0.3807397 0.2608059 0.3807397 0.3158842 0.375633 0.3222692 0.3910509 0.3158842 0.3910509 0.1976478 0.3747835 0.3706501 0.3778597 0.1976478 0.3780024 0.2508601 0.3807397 0.2598882 0.376844 0.25086 0.376844 0.3399145 0.375633 0.3386734 0.3910509 0.3386733 0.375633 0.25086 0.388531 0.2692552 0.3946367 0.2692552 0.4087472 0.3222692 0.375633 0.3264644 0.3910509 0.3222692 0.3910509 0.3051148 0.375633 0.3158842 0.3910509 0.3051148 0.3910509 0.25086 0.388531 0.2692552 0.3946367 0.2608059 0.3807397 0.2692552 0.4087472 0.282399 0.3946367 0.2692552 0.3946367 0.3328493 0.3910509 0.3264644 0.375633 0.3328493 0.375633 0.2508601 0.3807397 0.2598882 0.376844 0.2608059 0.3807397 0.1979011 0.3778598 0.3706501 0.3917988 0.1979011 0.3917988 0.3386734 0.3910509 0.3328493 0.375633 0.3386733 0.375633 0.2692552 0.3946367 0.282399 0.4087472 0.2692552 0.4087472 0.1979011 0.3950114 0.3709034 0.3917931 0.3709034 0.3950133 0.1979011 0.3950114 0.3709034 0.3989896 0.1979011 0.3989874 0.1976478 0.3747835 0.3706501 0.3706665 0.3706501 0.3746408 0.2508601 0.3807397 0.2608059 0.3807397 0.25086 0.388531 0.25086 0.388531 0.2608059 0.3807397 0.2508601 0.3807397 0.3222692 0.3910509 0.3158842 0.375633 0.3158842 0.3910509 0.3706501 0.3778597 0.1976478 0.3747835 0.1976478 0.3780024 0.2598882 0.376844 0.2508601 0.3807397 0.25086 0.376844 0.3386734 0.3910509 0.3399145 0.375633 0.3386733 0.375633 0.25086 0.388531 0.2692552 0.3946367 0.2608059 0.3807397 0.3222692 0.375633 0.3264644 0.3910509 0.3264644 0.375633 0.3158842 0.3910509 0.3051148 0.375633 0.3051148 0.3910509 0.2692552 0.3946367 0.25086 0.388531 0.2608059 0.3807397 0.282399 0.3946367 0.2692552 0.4087472 0.2692552 0.3946367 0.3264644 0.375633 0.3328493 0.3910509 0.3328493 0.375633 0.2508601 0.3807397 0.2598882 0.376844 0.25086 0.376844 0.3706501 0.3917988 0.1979011 0.3778598 0.1979011 0.3917988 0.3328493 0.375633 0.3386734 0.3910509 0.3386733 0.375633 0.282399 0.4087472 0.2692552 0.3946367 0.2692552 0.4087472 0.1979011 0.3950114 0.3709034 0.3917931 0.1979011 0.3917988 0.3709034 0.3989896 0.1979011 0.3950114 0.1979011 0.3989874 0.1976478 0.3747835 0.3706501 0.3706665 0.1976478 0.3708095 0.3158842 0.375633 0.3222692 0.375633 0.3222692 0.3910509 0.1976478 0.3747835 0.3706501 0.3746408 0.3706501 0.3778597 0.2508601 0.3807397 0.2608059 0.3807397 0.2598882 0.376844 0.3399145 0.375633 0.3399145 0.3910509 0.3386734 0.3910509 0.25086 0.388531 0.2608059 0.3807397 0.2692552 0.3946367 0.3222692 0.375633 0.3264644 0.375633 0.3264644 0.3910509 0.3051148 0.375633 0.3158842 0.375633 0.3158842 0.3910509 0.25086 0.388531 0.2692552 0.4087472 0.2692552 0.3946367 0.2692552 0.4087472 0.282399 0.4087472 0.282399 0.3946367 0.3328493 0.3910509 0.3264644 0.3910509 0.3264644 0.375633 0.2508601 0.3807397 0.25086 0.376844 0.2598882 0.376844 0.1979011 0.3778598 0.3706501 0.3778597 0.3706501 0.3917988 0.3386734 0.3910509 0.3328493 0.3910509 0.3328493 0.375633 0.2692552 0.3946367 0.282399 0.3946367 0.282399 0.4087472 0.1979011 0.3950114 0.1979011 0.3917988 0.3709034 0.3917931 0.1979011 0.3950114 0.3709034 0.3950133 0.3709034 0.3989896 0.1976478 0.3747835 0.1976478 0.3708095 0.3706501 0.3706665 0.3222692 0.3910509 0.3222692 0.375633 0.3158842 0.375633 0.3706501 0.3778597 0.3706501 0.3746408 0.1976478 0.3747835 0.2598882 0.376844 0.2608059 0.3807397 0.2508601 0.3807397 0.3386734 0.3910509 0.3399145 0.3910509 0.3399145 0.375633 0.25086 0.388531 0.2692552 0.4087472 0.2692552 0.3946367 0.3222692 0.375633 0.3222692 0.3910509 0.3264644 0.3910509 0.3158842 0.3910509 0.3158842 0.375633 0.3051148 0.375633 0.2692552 0.3946367 0.2692552 0.4087472 0.25086 0.388531 0.282399 0.3946367 0.282399 0.4087472 0.2692552 0.4087472 0.3264644 0.375633 0.3264644 0.3910509 0.3328493 0.3910509 0.2508601 0.3807397 0.2608059 0.3807397 0.2598882 0.376844 0.3706501 0.3917988 0.3706501 0.3778597 0.1979011 0.3778598 0.3328493 0.375633 0.3328493 0.3910509 0.3386734 0.3910509 0.282399 0.4087472 0.282399 0.3946367 0.2692552 0.3946367 0.1979011 0.3950114 0.3709034 0.3950133 0.3709034 0.3917931 0.3709034 0.3989896 0.3709034 0.3950133 0.1979011 0.3950114 0.1976478 0.3747835 0.3706501 0.3746408 0.3706501 0.3706665 0.2508601 0.3807397 0.25086 0.388531 0.2608059 0.3807397 0.25086 0.388531 0.2508601 0.3807397 0.2608059 0.3807397 0.3158842 0.375633 0.3222692 0.3910509 0.3158842 0.3910509 0.1976478 0.3747835 0.3706501 0.3778597 0.1976478 0.3780024 0.2508601 0.3807397 0.2598882 0.376844 0.25086 0.376844 0.3399145 0.375633 0.3386734 0.3910509 0.3386733 0.375633 0.25086 0.388531 0.2692552 0.3946367 0.2692552 0.4087472 0.3222692 0.375633 0.3264644 0.3910509 0.3222692 0.3910509 0.3051148 0.375633 0.3158842 0.3910509 0.3051148 0.3910509 0.25086 0.388531 0.2692552 0.3946367 0.2608059 0.3807397 0.2692552 0.4087472 0.282399 0.3946367 0.2692552 0.3946367 0.3328493 0.3910509 0.3264644 0.375633 0.3328493 0.375633 0.2508601 0.3807397 0.2598882 0.376844 0.2608059 0.3807397 0.1979011 0.3778598 0.3706501 0.3917988 0.1979011 0.3917988 0.3386734 0.3910509 0.3328493 0.375633 0.3386733 0.375633 0.2692552 0.3946367 0.282399 0.4087472 0.2692552 0.4087472 0.1979011 0.3950114 0.3709034 0.3917931 0.3709034 0.3950133 0.1979011 0.3950114 0.3709034 0.3989896 0.1979011 0.3989874 0.1976478 0.3747835 0.3706501 0.3706665 0.3706501 0.3746408 0.2508601 0.3807397 0.2608059 0.3807397 0.25086 0.388531 0.25086 0.388531 0.2608059 0.3807397 0.2508601 0.3807397 0.3222692 0.3910509 0.3158842 0.375633 0.3158842 0.3910509 0.3706501 0.3778597 0.1976478 0.3747835 0.1976478 0.3780024 0.2598882 0.376844 0.2508601 0.3807397 0.25086 0.376844 0.3386734 0.3910509 0.3399145 0.375633 0.3386733 0.375633 0.25086 0.388531 0.2692552 0.3946367 0.2608059 0.3807397 0.3222692 0.375633 0.3264644 0.3910509 0.3264644 0.375633 0.3158842 0.3910509 0.3051148 0.375633 0.3051148 0.3910509 0.2692552 0.3946367 0.25086 0.388531 0.2608059 0.3807397 0.282399 0.3946367 0.2692552 0.4087472 0.2692552 0.3946367 0.3264644 0.375633 0.3328493 0.3910509 0.3328493 0.375633 0.2508601 0.3807397 0.2598882 0.376844 0.25086 0.376844 0.3706501 0.3917988 0.1979011 0.3778598 0.1979011 0.3917988 0.3328493 0.375633 0.3386734 0.3910509 0.3386733 0.375633 0.282399 0.4087472 0.2692552 0.3946367 0.2692552 0.4087472 0.1979011 0.3950114 0.3709034 0.3917931 0.1979011 0.3917988 0.3709034 0.3989896 0.1979011 0.3950114 0.1979011 0.3989874 0.1976478 0.3747835 0.3706501 0.3706665 0.1976478 0.3708095 0.3158842 0.375633 0.3222692 0.375633 0.3222692 0.3910509 0.1976478 0.3747835 0.3706501 0.3746408 0.3706501 0.3778597 0.2508601 0.3807397 0.2608059 0.3807397 0.2598882 0.376844 0.3399145 0.375633 0.3399145 0.3910509 0.3386734 0.3910509 0.25086 0.388531 0.2608059 0.3807397 0.2692552 0.3946367 0.3222692 0.375633 0.3264644 0.375633 0.3264644 0.3910509 0.3051148 0.375633 0.3158842 0.375633 0.3158842 0.3910509 0.25086 0.388531 0.2692552 0.4087472 0.2692552 0.3946367 0.2692552 0.4087472 0.282399 0.4087472 0.282399 0.3946367 0.3328493 0.3910509 0.3264644 0.3910509 0.3264644 0.375633 0.2508601 0.3807397 0.25086 0.376844 0.2598882 0.376844 0.1979011 0.3778598 0.3706501 0.3778597 0.3706501 0.3917988 0.3386734 0.3910509 0.3328493 0.3910509 0.3328493 0.375633 0.2692552 0.3946367 0.282399 0.3946367 0.282399 0.4087472 0.1979011 0.3950114 0.1979011 0.3917988 0.3709034 0.3917931 0.1979011 0.3950114 0.3709034 0.3950133 0.3709034 0.3989896 0.1976478 0.3747835 0.1976478 0.3708095 0.3706501 0.3706665 0.3222692 0.3910509 0.3222692 0.375633 0.3158842 0.375633 0.3706501 0.3778597 0.3706501 0.3746408 0.1976478 0.3747835 0.2598882 0.376844 0.2608059 0.3807397 0.2508601 0.3807397 0.3386734 0.3910509 0.3399145 0.3910509 0.3399145 0.375633 0.25086 0.388531 0.2692552 0.4087472 0.2692552 0.3946367 0.3222692 0.375633 0.3222692 0.3910509 0.3264644 0.3910509 0.3158842 0.3910509 0.3158842 0.375633 0.3051148 0.375633 0.2692552 0.3946367 0.2692552 0.4087472 0.25086 0.388531 0.282399 0.3946367 0.282399 0.4087472 0.2692552 0.4087472 0.3264644 0.375633 0.3264644 0.3910509 0.3328493 0.3910509 0.2508601 0.3807397 0.2608059 0.3807397 0.2598882 0.376844 0.3706501 0.3917988 0.3706501 0.3778597 0.1979011 0.3778598 0.3328493 0.375633 0.3328493 0.3910509 0.3386734 0.3910509 0.282399 0.4087472 0.282399 0.3946367 0.2692552 0.3946367 0.1979011 0.3950114 0.3709034 0.3950133 0.3709034 0.3917931 0.3709034 0.3989896 0.3709034 0.3950133 0.1979011 0.3950114 0.1976478 0.3747835 0.3706501 0.3746408 0.3706501 0.3706665 0.2508601 0.3807397 0.25086 0.388531 0.2608059 0.3807397 0.25086 0.388531 0.2508601 0.3807397 0.2608059 0.3807397 0.3158842 0.375633 0.3222692 0.3910509 0.3158842 0.3910509 0.1976478 0.3747835 0.3706501 0.3778597 0.1976478 0.3780024 0.2508601 0.3807397 0.2598882 0.376844 0.25086 0.376844 0.3399145 0.375633 0.3386734 0.3910509 0.3386733 0.375633 0.25086 0.388531 0.2692552 0.3946367 0.2692552 0.4087472 0.3222692 0.375633 0.3264644 0.3910509 0.3222692 0.3910509 0.3051148 0.375633 0.3158842 0.3910509 0.3051148 0.3910509 0.25086 0.388531 0.2692552 0.3946367 0.2608059 0.3807397 0.2692552 0.4087472 0.282399 0.3946367 0.2692552 0.3946367 0.3328493 0.3910509 0.3264644 0.375633 0.3328493 0.375633 0.2508601 0.3807397 0.2598882 0.376844 0.2608059 0.3807397 0.1979011 0.3778598 0.3706501 0.3917988 0.1979011 0.3917988 0.3386734 0.3910509 0.3328493 0.375633 0.3386733 0.375633 0.2692552 0.3946367 0.282399 0.4087472 0.2692552 0.4087472 0.1979011 0.3950114 0.3709034 0.3917931 0.3709034 0.3950133 0.1979011 0.3950114 0.3709034 0.3989896 0.1979011 0.3989874 0.1976478 0.3747835 0.3706501 0.3706665 0.3706501 0.3746408 0.2508601 0.3807397 0.2608059 0.3807397 0.25086 0.388531 0.25086 0.388531 0.2608059 0.3807397 0.2508601 0.3807397 0.3222692 0.3910509 0.3158842 0.375633 0.3158842 0.3910509 0.3706501 0.3778597 0.1976478 0.3747835 0.1976478 0.3780024 0.2598882 0.376844 0.2508601 0.3807397 0.25086 0.376844 0.3386734 0.3910509 0.3399145 0.375633 0.3386733 0.375633 0.25086 0.388531 0.2692552 0.3946367 0.2608059 0.3807397 0.3222692 0.375633 0.3264644 0.3910509 0.3264644 0.375633 0.3158842 0.3910509 0.3051148 0.375633 0.3051148 0.3910509 0.2692552 0.3946367 0.25086 0.388531 0.2608059 0.3807397 0.282399 0.3946367 0.2692552 0.4087472 0.2692552 0.3946367 0.3264644 0.375633 0.3328493 0.3910509 0.3328493 0.375633 0.2508601 0.3807397 0.2598882 0.376844 0.25086 0.376844 0.3706501 0.3917988 0.1979011 0.3778598 0.1979011 0.3917988 0.3328493 0.375633 0.3386734 0.3910509 0.3386733 0.375633 0.282399 0.4087472 0.2692552 0.3946367 0.2692552 0.4087472 0.1979011 0.3950114 0.3709034 0.3917931 0.1979011 0.3917988 0.3709034 0.3989896 0.1979011 0.3950114 0.1979011 0.3989874 0.1976478 0.3747835 0.3706501 0.3706665 0.1976478 0.3708095 0.3158842 0.375633 0.3222692 0.375633 0.3222692 0.3910509 0.1976478 0.3747835 0.3706501 0.3746408 0.3706501 0.3778597 0.2508601 0.3807397 0.2608059 0.3807397 0.2598882 0.376844 0.3399145 0.375633 0.3399145 0.3910509 0.3386734 0.3910509 0.25086 0.388531 0.2608059 0.3807397 0.2692552 0.3946367 0.3222692 0.375633 0.3264644 0.375633 0.3264644 0.3910509 0.3051148 0.375633 0.3158842 0.375633 0.3158842 0.3910509 0.25086 0.388531 0.2692552 0.4087472 0.2692552 0.3946367 0.2692552 0.4087472 0.282399 0.4087472 0.282399 0.3946367 0.3328493 0.3910509 0.3264644 0.3910509 0.3264644 0.375633 0.2508601 0.3807397 0.25086 0.376844 0.2598882 0.376844 0.1979011 0.3778598 0.3706501 0.3778597 0.3706501 0.3917988 0.3386734 0.3910509 0.3328493 0.3910509 0.3328493 0.375633 0.2692552 0.3946367 0.282399 0.3946367 0.282399 0.4087472 0.1979011 0.3950114 0.1979011 0.3917988 0.3709034 0.3917931 0.1979011 0.3950114 0.3709034 0.3950133 0.3709034 0.3989896 0.1976478 0.3747835 0.1976478 0.3708095 0.3706501 0.3706665 0.3222692 0.3910509 0.3222692 0.375633 0.3158842 0.375633 0.3706501 0.3778597 0.3706501 0.3746408 0.1976478 0.3747835 0.2598882 0.376844 0.2608059 0.3807397 0.2508601 0.3807397 0.3386734 0.3910509 0.3399145 0.3910509 0.3399145 0.375633 0.25086 0.388531 0.2692552 0.4087472 0.2692552 0.3946367 0.3222692 0.375633 0.3222692 0.3910509 0.3264644 0.3910509 0.3158842 0.3910509 0.3158842 0.375633 0.3051148 0.375633 0.2692552 0.3946367 0.2692552 0.4087472 0.25086 0.388531 0.282399 0.3946367 0.282399 0.4087472 0.2692552 0.4087472 0.3264644 0.375633 0.3264644 0.3910509 0.3328493 0.3910509 0.2508601 0.3807397 0.2608059 0.3807397 0.2598882 0.376844 0.3706501 0.3917988 0.3706501 0.3778597 0.1979011 0.3778598 0.3328493 0.375633 0.3328493 0.3910509 0.3386734 0.3910509 0.282399 0.4087472 0.282399 0.3946367 0.2692552 0.3946367 0.1979011 0.3950114 0.3709034 0.3950133 0.3709034 0.3917931 0.3709034 0.3989896 0.3709034 0.3950133 0.1979011 0.3950114 0.1976478 0.3747835 0.3706501 0.3746408 0.3706501 0.3706665 0.2508601 0.3807397 0.25086 0.388531 0.2608059 0.3807397 0.25086 0.388531 0.2508601 0.3807397 0.2608059 0.3807397 0.3158842 0.375633 0.3222692 0.3910509 0.3158842 0.3910509 0.1976478 0.3747835 0.3706501 0.3778597 0.1976478 0.3780024 0.2508601 0.3807397 0.2598882 0.376844 0.25086 0.376844 0.3399145 0.375633 0.3386734 0.3910509 0.3386733 0.375633 0.25086 0.388531 0.2692552 0.3946367 0.2692552 0.4087472 0.3222692 0.375633 0.3264644 0.3910509 0.3222692 0.3910509 0.3051148 0.375633 0.3158842 0.3910509 0.3051148 0.3910509 0.25086 0.388531 0.2692552 0.3946367 0.2608059 0.3807397 0.2692552 0.4087472 0.282399 0.3946367 0.2692552 0.3946367 0.3328493 0.3910509 0.3264644 0.375633 0.3328493 0.375633 0.2508601 0.3807397 0.2598882 0.376844 0.2608059 0.3807397 0.1979011 0.3778598 0.3706501 0.3917988 0.1979011 0.3917988 0.3386734 0.3910509 0.3328493 0.375633 0.3386733 0.375633 0.2692552 0.3946367 0.282399 0.4087472 0.2692552 0.4087472 0.1979011 0.3950114 0.3709034 0.3917931 0.3709034 0.3950133 0.1979011 0.3950114 0.3709034 0.3989896 0.1979011 0.3989874 0.1976478 0.3747835 0.3706501 0.3706665 0.3706501 0.3746408 0.2508601 0.3807397 0.2608059 0.3807397 0.25086 0.388531 0.25086 0.388531 0.2608059 0.3807397 0.2508601 0.3807397 0.3222692 0.3910509 0.3158842 0.375633 0.3158842 0.3910509 0.3706501 0.3778597 0.1976478 0.3747835 0.1976478 0.3780024 0.2598882 0.376844 0.2508601 0.3807397 0.25086 0.376844 0.3386734 0.3910509 0.3399145 0.375633 0.3386733 0.375633 0.25086 0.388531 0.2692552 0.3946367 0.2608059 0.3807397 0.3222692 0.375633 0.3264644 0.3910509 0.3264644 0.375633 0.3158842 0.3910509 0.3051148 0.375633 0.3051148 0.3910509 0.2692552 0.3946367 0.25086 0.388531 0.2608059 0.3807397 0.282399 0.3946367 0.2692552 0.4087472 0.2692552 0.3946367 0.3264644 0.375633 0.3328493 0.3910509 0.3328493 0.375633 0.2508601 0.3807397 0.2598882 0.376844 0.25086 0.376844 0.3706501 0.3917988 0.1979011 0.3778598 0.1979011 0.3917988 0.3328493 0.375633 0.3386734 0.3910509 0.3386733 0.375633 0.282399 0.4087472 0.2692552 0.3946367 0.2692552 0.4087472 0.1979011 0.3950114 0.3709034 0.3917931 0.1979011 0.3917988 0.3709034 0.3989896 0.1979011 0.3950114 0.1979011 0.3989874 0.1976478 0.3747835 0.3706501 0.3706665 0.1976478 0.3708095 0.3158842 0.375633 0.3222692 0.375633 0.3222692 0.3910509 0.1976478 0.3747835 0.3706501 0.3746408 0.3706501 0.3778597 0.2508601 0.3807397 0.2608059 0.3807397 0.2598882 0.376844 0.3399145 0.375633 0.3399145 0.3910509 0.3386734 0.3910509 0.25086 0.388531 0.2608059 0.3807397 0.2692552 0.3946367 0.3222692 0.375633 0.3264644 0.375633 0.3264644 0.3910509 0.3051148 0.375633 0.3158842 0.375633 0.3158842 0.3910509 0.25086 0.388531 0.2692552 0.4087472 0.2692552 0.3946367 0.2692552 0.4087472 0.282399 0.4087472 0.282399 0.3946367 0.3328493 0.3910509 0.3264644 0.3910509 0.3264644 0.375633 0.2508601 0.3807397 0.25086 0.376844 0.2598882 0.376844 0.1979011 0.3778598 0.3706501 0.3778597 0.3706501 0.3917988 0.3386734 0.3910509 0.3328493 0.3910509 0.3328493 0.375633 0.2692552 0.3946367 0.282399 0.3946367 0.282399 0.4087472 0.1979011 0.3950114 0.1979011 0.3917988 0.3709034 0.3917931 0.1979011 0.3950114 0.3709034 0.3950133 0.3709034 0.3989896 0.1976478 0.3747835 0.1976478 0.3708095 0.3706501 0.3706665 0.3222692 0.3910509 0.3222692 0.375633 0.3158842 0.375633 0.3706501 0.3778597 0.3706501 0.3746408 0.1976478 0.3747835 0.2598882 0.376844 0.2608059 0.3807397 0.2508601 0.3807397 0.3386734 0.3910509 0.3399145 0.3910509 0.3399145 0.375633 0.25086 0.388531 0.2692552 0.4087472 0.2692552 0.3946367 0.3222692 0.375633 0.3222692 0.3910509 0.3264644 0.3910509 0.3158842 0.3910509 0.3158842 0.375633 0.3051148 0.375633 0.2692552 0.3946367 0.2692552 0.4087472 0.25086 0.388531 0.282399 0.3946367 0.282399 0.4087472 0.2692552 0.4087472 0.3264644 0.375633 0.3264644 0.3910509 0.3328493 0.3910509 0.2508601 0.3807397 0.2608059 0.3807397 0.2598882 0.376844 0.3706501 0.3917988 0.3706501 0.3778597 0.1979011 0.3778598 0.3328493 0.375633 0.3328493 0.3910509 0.3386734 0.3910509 0.282399 0.4087472 0.282399 0.3946367 0.2692552 0.3946367 0.1979011 0.3950114 0.3709034 0.3950133 0.3709034 0.3917931 0.3709034 0.3989896 0.3709034 0.3950133 0.1979011 0.3950114 0.1976478 0.3747835 0.3706501 0.3746408 0.3706501 0.3706665 0.2508601 0.3807397 0.25086 0.388531 0.2608059 0.3807397 0.25086 0.388531 0.2508601 0.3807397 0.2608059 0.3807397 0.3158842 0.375633 0.3222692 0.3910509 0.3158842 0.3910509 0.1976478 0.3747835 0.3706501 0.3778597 0.1976478 0.3780024 0.2508601 0.3807397 0.2598882 0.376844 0.25086 0.376844 0.3399145 0.375633 0.3386734 0.3910509 0.3386733 0.375633 0.25086 0.388531 0.2692552 0.3946367 0.2692552 0.4087472 0.3222692 0.375633 0.3264644 0.3910509 0.3222692 0.3910509 0.3051148 0.375633 0.3158842 0.3910509 0.3051148 0.3910509 0.25086 0.388531 0.2692552 0.3946367 0.2608059 0.3807397 0.2692552 0.4087472 0.282399 0.3946367 0.2692552 0.3946367 0.3328493 0.3910509 0.3264644 0.375633 0.3328493 0.375633 0.2508601 0.3807397 0.2598882 0.376844 0.2608059 0.3807397 0.1979011 0.3778598 0.3706501 0.3917988 0.1979011 0.3917988 0.3386734 0.3910509 0.3328493 0.375633 0.3386733 0.375633 0.2692552 0.3946367 0.282399 0.4087472 0.2692552 0.4087472 0.1979011 0.3950114 0.3709034 0.3917931 0.3709034 0.3950133 0.1979011 0.3950114 0.3709034 0.3989896 0.1979011 0.3989874 0.1976478 0.3747835 0.3706501 0.3706665 0.3706501 0.3746408 0.2508601 0.3807397 0.2608059 0.3807397 0.25086 0.388531 0.25086 0.388531 0.2608059 0.3807397 0.2508601 0.3807397 0.3222692 0.3910509 0.3158842 0.375633 0.3158842 0.3910509 0.3706501 0.3778597 0.1976478 0.3747835 0.1976478 0.3780024 0.2598882 0.376844 0.2508601 0.3807397 0.25086 0.376844 0.3386734 0.3910509 0.3399145 0.375633 0.3386733 0.375633 0.25086 0.388531 0.2692552 0.3946367 0.2608059 0.3807397 0.3222692 0.375633 0.3264644 0.3910509 0.3264644 0.375633 0.3158842 0.3910509 0.3051148 0.375633 0.3051148 0.3910509 0.2692552 0.3946367 0.25086 0.388531 0.2608059 0.3807397 0.282399 0.3946367 0.2692552 0.4087472 0.2692552 0.3946367 0.3264644 0.375633 0.3328493 0.3910509 0.3328493 0.375633 0.2508601 0.3807397 0.2598882 0.376844 0.25086 0.376844 0.3706501 0.3917988 0.1979011 0.3778598 0.1979011 0.3917988 0.3328493 0.375633 0.3386734 0.3910509 0.3386733 0.375633 0.282399 0.4087472 0.2692552 0.3946367 0.2692552 0.4087472 0.1979011 0.3950114 0.3709034 0.3917931 0.1979011 0.3917988 0.3709034 0.3989896 0.1979011 0.3950114 0.1979011 0.3989874 0.1976478 0.3747835 0.3706501 0.3706665 0.1976478 0.3708095 0.3158842 0.375633 0.3222692 0.375633 0.3222692 0.3910509 0.1976478 0.3747835 0.3706501 0.3746408 0.3706501 0.3778597 0.2508601 0.3807397 0.2608059 0.3807397 0.2598882 0.376844 0.3399145 0.375633 0.3399145 0.3910509 0.3386734 0.3910509 0.25086 0.388531 0.2608059 0.3807397 0.2692552 0.3946367 0.3222692 0.375633 0.3264644 0.375633 0.3264644 0.3910509 0.3051148 0.375633 0.3158842 0.375633 0.3158842 0.3910509 0.25086 0.388531 0.2692552 0.4087472 0.2692552 0.3946367 0.2692552 0.4087472 0.282399 0.4087472 0.282399 0.3946367 0.3328493 0.3910509 0.3264644 0.3910509 0.3264644 0.375633 0.2508601 0.3807397 0.25086 0.376844 0.2598882 0.376844 0.1979011 0.3778598 0.3706501 0.3778597 0.3706501 0.3917988 0.3386734 0.3910509 0.3328493 0.3910509 0.3328493 0.375633 0.2692552 0.3946367 0.282399 0.3946367 0.282399 0.4087472 0.1979011 0.3950114 0.1979011 0.3917988 0.3709034 0.3917931 0.1979011 0.3950114 0.3709034 0.3950133 0.3709034 0.3989896 0.1976478 0.3747835 0.1976478 0.3708095 0.3706501 0.3706665 0.3222692 0.3910509 0.3222692 0.375633 0.3158842 0.375633 0.3706501 0.3778597 0.3706501 0.3746408 0.1976478 0.3747835 0.2598882 0.376844 0.2608059 0.3807397 0.2508601 0.3807397 0.3386734 0.3910509 0.3399145 0.3910509 0.3399145 0.375633 0.25086 0.388531 0.2692552 0.4087472 0.2692552 0.3946367 0.3222692 0.375633 0.3222692 0.3910509 0.3264644 0.3910509 0.3158842 0.3910509 0.3158842 0.375633 0.3051148 0.375633 0.2692552 0.3946367 0.2692552 0.4087472 0.25086 0.388531 0.282399 0.3946367 0.282399 0.4087472 0.2692552 0.4087472 0.3264644 0.375633 0.3264644 0.3910509 0.3328493 0.3910509 0.2508601 0.3807397 0.2608059 0.3807397 0.2598882 0.376844 0.3706501 0.3917988 0.3706501 0.3778597 0.1979011 0.3778598 0.3328493 0.375633 0.3328493 0.3910509 0.3386734 0.3910509 0.282399 0.4087472 0.282399 0.3946367 0.2692552 0.3946367 0.1979011 0.3950114 0.3709034 0.3950133 0.3709034 0.3917931 0.3709034 0.3989896 0.3709034 0.3950133 0.1979011 0.3950114 0.1976478 0.3747835 0.3706501 0.3746408 0.3706501 0.3706665 0.2508601 0.3807397 0.25086 0.388531 0.2608059 0.3807397 0.25086 0.388531 0.2508601 0.3807397 0.2608059 0.3807397 0.3158842 0.375633 0.3222692 0.3910509 0.3158842 0.3910509 0.1976478 0.3747835 0.3706501 0.3778597 0.1976478 0.3780024 0.2508601 0.3807397 0.2598882 0.376844 0.25086 0.376844 0.3399145 0.375633 0.3386734 0.3910509 0.3386733 0.375633 0.25086 0.388531 0.2692552 0.3946367 0.2692552 0.4087472 0.3222692 0.375633 0.3264644 0.3910509 0.3222692 0.3910509 0.3051148 0.375633 0.3158842 0.3910509 0.3051148 0.3910509 0.25086 0.388531 0.2692552 0.3946367 0.2608059 0.3807397 0.2692552 0.4087472 0.282399 0.3946367 0.2692552 0.3946367 0.3328493 0.3910509 0.3264644 0.375633 0.3328493 0.375633 0.2508601 0.3807397 0.2598882 0.376844 0.2608059 0.3807397 0.1979011 0.3778598 0.3706501 0.3917988 0.1979011 0.3917988 0.3386734 0.3910509 0.3328493 0.375633 0.3386733 0.375633 0.2692552 0.3946367 0.282399 0.4087472 0.2692552 0.4087472 0.1979011 0.3950114 0.3709034 0.3917931 0.3709034 0.3950133 0.1979011 0.3950114 0.3709034 0.3989896 0.1979011 0.3989874 0.1976478 0.3747835 0.3706501 0.3706665 0.3706501 0.3746408 0.2508601 0.3807397 0.2608059 0.3807397 0.25086 0.388531 0.25086 0.388531 0.2608059 0.3807397 0.2508601 0.3807397 0.3222692 0.3910509 0.3158842 0.375633 0.3158842 0.3910509 0.3706501 0.3778597 0.1976478 0.3747835 0.1976478 0.3780024 0.2598882 0.376844 0.2508601 0.3807397 0.25086 0.376844 0.3386734 0.3910509 0.3399145 0.375633 0.3386733 0.375633 0.25086 0.388531 0.2692552 0.3946367 0.2608059 0.3807397 0.3222692 0.375633 0.3264644 0.3910509 0.3264644 0.375633 0.3158842 0.3910509 0.3051148 0.375633 0.3051148 0.3910509 0.2692552 0.3946367 0.25086 0.388531 0.2608059 0.3807397 0.282399 0.3946367 0.2692552 0.4087472 0.2692552 0.3946367 0.3264644 0.375633 0.3328493 0.3910509 0.3328493 0.375633 0.2508601 0.3807397 0.2598882 0.376844 0.25086 0.376844 0.3706501 0.3917988 0.1979011 0.3778598 0.1979011 0.3917988 0.3328493 0.375633 0.3386734 0.3910509 0.3386733 0.375633 0.282399 0.4087472 0.2692552 0.3946367 0.2692552 0.4087472 0.1979011 0.3950114 0.3709034 0.3917931 0.1979011 0.3917988 0.3709034 0.3989896 0.1979011 0.3950114 0.1979011 0.3989874 0.1976478 0.3747835 0.3706501 0.3706665 0.1976478 0.3708095 0.3158842 0.375633 0.3222692 0.375633 0.3222692 0.3910509 0.1976478 0.3747835 0.3706501 0.3746408 0.3706501 0.3778597 0.2508601 0.3807397 0.2608059 0.3807397 0.2598882 0.376844 0.3399145 0.375633 0.3399145 0.3910509 0.3386734 0.3910509 0.25086 0.388531 0.2608059 0.3807397 0.2692552 0.3946367 0.3222692 0.375633 0.3264644 0.375633 0.3264644 0.3910509 0.3051148 0.375633 0.3158842 0.375633 0.3158842 0.3910509 0.25086 0.388531 0.2692552 0.4087472 0.2692552 0.3946367 0.2692552 0.4087472 0.282399 0.4087472 0.282399 0.3946367 0.3328493 0.3910509 0.3264644 0.3910509 0.3264644 0.375633 0.2508601 0.3807397 0.25086 0.376844 0.2598882 0.376844 0.1979011 0.3778598 0.3706501 0.3778597 0.3706501 0.3917988 0.3386734 0.3910509 0.3328493 0.3910509 0.3328493 0.375633 0.2692552 0.3946367 0.282399 0.3946367 0.282399 0.4087472 0.1979011 0.3950114 0.1979011 0.3917988 0.3709034 0.3917931 0.1979011 0.3950114 0.3709034 0.3950133 0.3709034 0.3989896 0.1976478 0.3747835 0.1976478 0.3708095 0.3706501 0.3706665 0.3222692 0.3910509 0.3222692 0.375633 0.3158842 0.375633 0.3706501 0.3778597 0.3706501 0.3746408 0.1976478 0.3747835 0.2598882 0.376844 0.2608059 0.3807397 0.2508601 0.3807397 0.3386734 0.3910509 0.3399145 0.3910509 0.3399145 0.375633 0.25086 0.388531 0.2692552 0.4087472 0.2692552 0.3946367 0.3222692 0.375633 0.3222692 0.3910509 0.3264644 0.3910509 0.3158842 0.3910509 0.3158842 0.375633 0.3051148 0.375633 0.2692552 0.3946367 0.2692552 0.4087472 0.25086 0.388531 0.282399 0.3946367 0.282399 0.4087472 0.2692552 0.4087472 0.3264644 0.375633 0.3264644 0.3910509 0.3328493 0.3910509 0.2508601 0.3807397 0.2608059 0.3807397 0.2598882 0.376844 0.3706501 0.3917988 0.3706501 0.3778597 0.1979011 0.3778598 0.3328493 0.375633 0.3328493 0.3910509 0.3386734 0.3910509 0.282399 0.4087472 0.282399 0.3946367 0.2692552 0.3946367 0.1979011 0.3950114 0.3709034 0.3950133 0.3709034 0.3917931 0.3709034 0.3989896 0.3709034 0.3950133 0.1979011 0.3950114 0.1976478 0.3747835 0.3706501 0.3746408 0.3706501 0.3706665 0.5319744 0.5024812 0.4121443 0.3602533 0.5319752 0.3579218 0.5317375 0.5024802 0.4119077 0.3617483 0.5317377 0.3602533 0.4121443 0.3602533 0.5319744 0.5024812 0.5319752 0.3579218 0.4119077 0.3617483 0.5317375 0.5024802 0.5317377 0.3602533 0.5319744 0.5024812 0.412144 0.5024802 0.4121443 0.3602533 0.5317375 0.5024802 0.4119072 0.5024788 0.4119077 0.3617483 0.4121443 0.3602533 0.412144 0.5024802 0.5319744 0.5024812 0.4119077 0.3617483 0.4119072 0.5024788 0.5317375 0.5024802 0.4751922 0.4690636 0.4405046 0.4648457 0.4405046 0.4586827 0.5416089 0.460817 0.4751876 0.4649434 0.475207 0.4587804 0.5416089 0.460817 0.4751876 0.4649434 0.5415895 0.46698 0.4087915 0.4586827 0.4751876 0.4649434 0.475207 0.4587804 0.4751922 0.4690636 0.5098798 0.4648457 0.4751922 0.4726623 0.4087915 0.4586827 0.4751876 0.4649434 0.4087722 0.4648457 0.4751922 0.4712679 0.4414235 0.46698 0.4751922 0.4747966 0.4751922 0.4712679 0.5089609 0.46698 0.5089609 0.460817 0.5109384 0.3623285 0.4185279 0.3623285 0.5109384 0.3623285 0.4185279 0.3623285 0.5109384 0.3623285 0.5109384 0.3623285 0.5109384 0.5028045 0.4185279 0.3623285 0.5109384 0.3623285 0.4185279 0.5028045 0.5109384 0.3623285 0.4185279 0.3623285 0.4185279 0.5028045 0.5109384 0.3623285 0.4185279 0.3623285 0.2376667 0.4956766 0.2330987 0.443422 0.2376667 0.443422 0 0 0 0 0 0 0.2544801 0.4611989 0.2306345 0.4701581 0.2306345 0.4611989 0.2397109 0.4479078 0.2336595 0.4899424 0.2379763 0.4906432 0.2426701 0.4941184 0.2295117 0.4446465 0.2181416 0.4941184 0.2067192 0.4611989 0.2306345 0.4701581 0.2067192 0.4778997 0.5109384 0.3623285 0.4185279 0.3623285 0.4185279 0.3623285 0.5109384 0.3623285 0.4185279 0.3623285 0.4185279 0.3623285 0 0 0 0 0 0 0.4185279 0.3623285 0.5109384 0.3623285 0.4185279 0.3623285 0.5109384 0.3623285 0.4185279 0.3623285 0.4185279 0.3623285 0.5109384 0.3623285 0.4185279 0.3623285 0.4185279 0.3623285 0.5109384 0.3623285 0.4185279 0.3623285 0.4185279 0.3623285 0.4185279 0.3623285 0.5109384 0.5028045 0.5109384 0.3623285 0.5109384 0.3623285 0.4185279 0.5028045 0.4185279 0.3623285 0.4185279 0.3623285 0.5109384 0.5028045 0.4185279 0.5028045 0.2328152 0.4427944 0.2379502 0.4963042 0.2375066 0.4426392 0 0 0 0 0 0 0.2295117 0.4447187 0.2426701 0.4941184 0.2426701 0.4447187 0.2305997 0.4701581 0.2067192 0.4611989 0.2305997 0.4611989 0.2544801 0.4611989 0.2305997 0.4701581 0.2305997 0.4611989 0.2397063 0.4477685 0.2341598 0.4884577 0.2380294 0.4890859 0.4185279 0.3623285 0.5109384 0.3623285 0.4185279 0.3623285 0.4185279 0.3623285 0.5109384 0.3623285 0.4185279 0.3623285 0.375 0.25 0.625 0.5 0.625 0.25 0 0 0 0 0 0 0.4185279 0.3623285 0.5109384 0.3623285 0.5109384 0.3623285 0.4185279 0.3623285 0.5109384 0.3623285 0.4185279 0.3623285 0.2544801 0.4778997 0.2305997 0.4701581 0.2544801 0.4778997 0.4185279 0.3623285 0.4185279 0.5028045 0.4185279 0.5028045 0.2067192 0.4778997 0.2305997 0.4701581 0.2305997 0.4701581 0.4185279 0.5028045 0.4185279 0.3623285 0.4185279 0.3623285 0.2592632 0.4778997 0.2115023 0.4778997 0.2115023 0.4778997 0 0 0 0 0 0 0.2306345 0.4701581 0.2067192 0.4778997 0.2067192 0.4778997 0.2544801 0.4611989 0.2306345 0.4611989 0.2544801 0.4611989 0.2544801 0.4611989 0.2305997 0.4611989 0.2305997 0.4611989 0.2544801 0.4778997 0.2306345 0.4701581 0.2306345 0.4701581 0.4185279 0.5028045 0.5109384 0.5028045 0.5109384 0.5028045 0.2115023 0.4611989 0.2592632 0.4611989 0.2592632 0.4611989 0.2067192 0.4611989 0.2067192 0.4778997 0.2067192 0.4778997 0.2067192 0.4611989 0.2306345 0.4611989 0.2306345 0.4611989 0.2067192 0.4778997 0.2067192 0.4611989 0.2067192 0.4611989 0.4185279 0.5028045 0.5109384 0.5028045 0.5109384 0.5028045 0.2305997 0.4611989 0.2067192 0.4611989 0.2067192 0.4611989 0.4185279 0.5028045 0.5109384 0.5028045 0.4185279 0.5028045 0.2508601 0.3807397 0.25086 0.388531 0.2608059 0.3807397 0.4170585 0.3633476 0.5341134 0.4804024 0.5341134 0.3633476 0.5310186 0.4781717 0.4184132 0.5004591 0.4152727 0.4781707 0.4151808 0.4781717 0.5279669 0.5003352 0.4183263 0.5004601 0.5311995 0.4780396 0.4182439 0.5003333 0.5280492 0.5003352 0.415178 0.4781707 0.5279679 0.5003333 0.5311135 0.4780375 0.25086 0.388531 0.2508601 0.3807397 0.2608059 0.3807397 0.3158842 0.375633 0.3222692 0.3910509 0.3158842 0.3910509 0.1976478 0.3747835 0.3706501 0.3778597 0.1976478 0.3780024 0.2508601 0.3807397 0.2598882 0.376844 0.25086 0.376844 0.3399145 0.375633 0.3386734 0.3910509 0.3386733 0.375633 0.25086 0.388531 0.2692552 0.3946367 0.2692552 0.4087472 0.3222692 0.375633 0.3264644 0.3910509 0.3222692 0.3910509 0.3051148 0.375633 0.3158842 0.3910509 0.3051148 0.3910509 0.25086 0.388531 0.2692552 0.3946367 0.2608059 0.3807397 0.2692552 0.4087472 0.282399 0.3946367 0.2692552 0.3946367 0.3328493 0.3910509 0.3264644 0.375633 0.3328493 0.375633 0.2508601 0.3807397 0.2598882 0.376844 0.2608059 0.3807397 0.1979011 0.3778598 0.3706501 0.3917988 0.1979011 0.3917988 0.3386734 0.3910509 0.3328493 0.375633 0.3386733 0.375633 0.2692552 0.3946367 0.282399 0.4087472 0.2692552 0.4087472 0.1979011 0.3950114 0.3709034 0.3917931 0.3709034 0.3950133 0.1979011 0.3950114 0.3709034 0.3989896 0.1979011 0.3989874 0.1976478 0.3747835 0.3706501 0.3706665 0.3706501 0.3746408 0.2508601 0.3807397 0.2608059 0.3807397 0.25086 0.388531 0.25086 0.388531 0.2608059 0.3807397 0.2508601 0.3807397 0.3222692 0.3910509 0.3158842 0.375633 0.3158842 0.3910509 0.3706501 0.3778597 0.1976478 0.3747835 0.1976478 0.3780024 0.2598882 0.376844 0.2508601 0.3807397 0.25086 0.376844 0.3386734 0.3910509 0.3399145 0.375633 0.3386733 0.375633 0.25086 0.388531 0.2692552 0.3946367 0.2608059 0.3807397 0.3222692 0.375633 0.3264644 0.3910509 0.3264644 0.375633 0.3158842 0.3910509 0.3051148 0.375633 0.3051148 0.3910509 0.2692552 0.3946367 0.25086 0.388531 0.2608059 0.3807397 0.282399 0.3946367 0.2692552 0.4087472 0.2692552 0.3946367 0.3264644 0.375633 0.3328493 0.3910509 0.3328493 0.375633 0.2508601 0.3807397 0.2598882 0.376844 0.25086 0.376844 0.3706501 0.3917988 0.1979011 0.3778598 0.1979011 0.3917988 0.3328493 0.375633 0.3386734 0.3910509 0.3386733 0.375633 0.282399 0.4087472 0.2692552 0.3946367 0.2692552 0.4087472 0.1979011 0.3950114 0.3709034 0.3917931 0.1979011 0.3917988 0.3709034 0.3989896 0.1979011 0.3950114 0.1979011 0.3989874 0.1976478 0.3747835 0.3706501 0.3706665 0.1976478 0.3708095 0.3158842 0.375633 0.3222692 0.375633 0.3222692 0.3910509 0.1976478 0.3747835 0.3706501 0.3746408 0.3706501 0.3778597 0.2508601 0.3807397 0.2608059 0.3807397 0.2598882 0.376844 0.3399145 0.375633 0.3399145 0.3910509 0.3386734 0.3910509 0.25086 0.388531 0.2608059 0.3807397 0.2692552 0.3946367 0.3222692 0.375633 0.3264644 0.375633 0.3264644 0.3910509 0.3051148 0.375633 0.3158842 0.375633 0.3158842 0.3910509 0.25086 0.388531 0.2692552 0.4087472 0.2692552 0.3946367 0.2692552 0.4087472 0.282399 0.4087472 0.282399 0.3946367 0.3328493 0.3910509 0.3264644 0.3910509 0.3264644 0.375633 0.2508601 0.3807397 0.25086 0.376844 0.2598882 0.376844 0.1979011 0.3778598 0.3706501 0.3778597 0.3706501 0.3917988 0.3386734 0.3910509 0.3328493 0.3910509 0.3328493 0.375633 0.2692552 0.3946367 0.282399 0.3946367 0.282399 0.4087472 0.1979011 0.3950114 0.1979011 0.3917988 0.3709034 0.3917931 0.1979011 0.3950114 0.3709034 0.3950133 0.3709034 0.3989896 0.1976478 0.3747835 0.1976478 0.3708095 0.3706501 0.3706665 0.3222692 0.3910509 0.3222692 0.375633 0.3158842 0.375633 0.3706501 0.3778597 0.3706501 0.3746408 0.1976478 0.3747835 0.2598882 0.376844 0.2608059 0.3807397 0.2508601 0.3807397 0.3386734 0.3910509 0.3399145 0.3910509 0.3399145 0.375633 0.25086 0.388531 0.2692552 0.4087472 0.2692552 0.3946367 0.3222692 0.375633 0.3222692 0.3910509 0.3264644 0.3910509 0.3158842 0.3910509 0.3158842 0.375633 0.3051148 0.375633 0.2692552 0.3946367 0.2692552 0.4087472 0.25086 0.388531 0.282399 0.3946367 0.282399 0.4087472 0.2692552 0.4087472 0.3264644 0.375633 0.3264644 0.3910509 0.3328493 0.3910509 0.2508601 0.3807397 0.2608059 0.3807397 0.2598882 0.376844 0.3706501 0.3917988 0.3706501 0.3778597 0.1979011 0.3778598 0.3328493 0.375633 0.3328493 0.3910509 0.3386734 0.3910509 0.282399 0.4087472 0.282399 0.3946367 0.2692552 0.3946367 0.1979011 0.3950114 0.3709034 0.3950133 0.3709034 0.3917931 0.3709034 0.3989896 0.3709034 0.3950133 0.1979011 0.3950114 0.1976478 0.3747835 0.3706501 0.3746408 0.3706501 0.3706665 0.2508601 0.3807397 0.25086 0.388531 0.2608059 0.3807397 0.25086 0.388531 0.2508601 0.3807397 0.2608059 0.3807397 0.3158842 0.375633 0.3222692 0.3910509 0.3158842 0.3910509 0.1976478 0.3747835 0.3706501 0.3778597 0.1976478 0.3780024 0.2508601 0.3807397 0.2598882 0.376844 0.25086 0.376844 0.3399145 0.375633 0.3386734 0.3910509 0.3386733 0.375633 0.25086 0.388531 0.2692552 0.3946367 0.2692552 0.4087472 0.3222692 0.375633 0.3264644 0.3910509 0.3222692 0.3910509 0.3051148 0.375633 0.3158842 0.3910509 0.3051148 0.3910509 0.25086 0.388531 0.2692552 0.3946367 0.2608059 0.3807397 0.2692552 0.4087472 0.282399 0.3946367 0.2692552 0.3946367 0.3328493 0.3910509 0.3264644 0.375633 0.3328493 0.375633 0.2508601 0.3807397 0.2598882 0.376844 0.2608059 0.3807397 0.1979011 0.3778598 0.3706501 0.3917988 0.1979011 0.3917988 0.3386734 0.3910509 0.3328493 0.375633 0.3386733 0.375633 0.2692552 0.3946367 0.282399 0.4087472 0.2692552 0.4087472 0.1979011 0.3950114 0.3709034 0.3917931 0.3709034 0.3950133 0.1979011 0.3950114 0.3709034 0.3989896 0.1979011 0.3989874 0.1976478 0.3747835 0.3706501 0.3706665 0.3706501 0.3746408 0.2508601 0.3807397 0.2608059 0.3807397 0.25086 0.388531 0.25086 0.388531 0.2608059 0.3807397 0.2508601 0.3807397 0.3222692 0.3910509 0.3158842 0.375633 0.3158842 0.3910509 0.3706501 0.3778597 0.1976478 0.3747835 0.1976478 0.3780024 0.2598882 0.376844 0.2508601 0.3807397 0.25086 0.376844 0.3386734 0.3910509 0.3399145 0.375633 0.3386733 0.375633 0.25086 0.388531 0.2692552 0.3946367 0.2608059 0.3807397 0.3222692 0.375633 0.3264644 0.3910509 0.3264644 0.375633 0.3158842 0.3910509 0.3051148 0.375633 0.3051148 0.3910509 0.2692552 0.3946367 0.25086 0.388531 0.2608059 0.3807397 0.282399 0.3946367 0.2692552 0.4087472 0.2692552 0.3946367 0.3264644 0.375633 0.3328493 0.3910509 0.3328493 0.375633 0.2508601 0.3807397 0.2598882 0.376844 0.25086 0.376844 0.3706501 0.3917988 0.1979011 0.3778598 0.1979011 0.3917988 0.3328493 0.375633 0.3386734 0.3910509 0.3386733 0.375633 0.282399 0.4087472 0.2692552 0.3946367 0.2692552 0.4087472 0.1979011 0.3950114 0.3709034 0.3917931 0.1979011 0.3917988 0.3709034 0.3989896 0.1979011 0.3950114 0.1979011 0.3989874 0.1976478 0.3747835 0.3706501 0.3706665 0.1976478 0.3708095 0.3158842 0.375633 0.3222692 0.375633 0.3222692 0.3910509 0.1976478 0.3747835 0.3706501 0.3746408 0.3706501 0.3778597 0.2508601 0.3807397 0.2608059 0.3807397 0.2598882 0.376844 0.3399145 0.375633 0.3399145 0.3910509 0.3386734 0.3910509 0.25086 0.388531 0.2608059 0.3807397 0.2692552 0.3946367 0.3222692 0.375633 0.3264644 0.375633 0.3264644 0.3910509 0.3051148 0.375633 0.3158842 0.375633 0.3158842 0.3910509 0.25086 0.388531 0.2692552 0.4087472 0.2692552 0.3946367 0.2692552 0.4087472 0.282399 0.4087472 0.282399 0.3946367 0.3328493 0.3910509 0.3264644 0.3910509 0.3264644 0.375633 0.2508601 0.3807397 0.25086 0.376844 0.2598882 0.376844 0.1979011 0.3778598 0.3706501 0.3778597 0.3706501 0.3917988 0.3386734 0.3910509 0.3328493 0.3910509 0.3328493 0.375633 0.2692552 0.3946367 0.282399 0.3946367 0.282399 0.4087472 0.1979011 0.3950114 0.1979011 0.3917988 0.3709034 0.3917931 0.1979011 0.3950114 0.3709034 0.3950133 0.3709034 0.3989896 0.1976478 0.3747835 0.1976478 0.3708095 0.3706501 0.3706665 0.3222692 0.3910509 0.3222692 0.375633 0.3158842 0.375633 0.3706501 0.3778597 0.3706501 0.3746408 0.1976478 0.3747835 0.2598882 0.376844 0.2608059 0.3807397 0.2508601 0.3807397 0.3386734 0.3910509 0.3399145 0.3910509 0.3399145 0.375633 0.25086 0.388531 0.2692552 0.4087472 0.2692552 0.3946367 0.3222692 0.375633 0.3222692 0.3910509 0.3264644 0.3910509 0.3158842 0.3910509 0.3158842 0.375633 0.3051148 0.375633 0.2692552 0.3946367 0.2692552 0.4087472 0.25086 0.388531 0.282399 0.3946367 0.282399 0.4087472 0.2692552 0.4087472 0.3264644 0.375633 0.3264644 0.3910509 0.3328493 0.3910509 0.2508601 0.3807397 0.2608059 0.3807397 0.2598882 0.376844 0.3706501 0.3917988 0.3706501 0.3778597 0.1979011 0.3778598 0.3328493 0.375633 0.3328493 0.3910509 0.3386734 0.3910509 0.282399 0.4087472 0.282399 0.3946367 0.2692552 0.3946367 0.1979011 0.3950114 0.3709034 0.3950133 0.3709034 0.3917931 0.3709034 0.3989896 0.3709034 0.3950133 0.1979011 0.3950114 0.1976478 0.3747835 0.3706501 0.3746408 0.3706501 0.3706665 0.2508601 0.3807397 0.25086 0.388531 0.2608059 0.3807397 0.25086 0.388531 0.2508601 0.3807397 0.2608059 0.3807397 0.3158842 0.375633 0.3222692 0.3910509 0.3158842 0.3910509 0.1976478 0.3747835 0.3706501 0.3778597 0.1976478 0.3780024 0.2508601 0.3807397 0.2598882 0.376844 0.25086 0.376844 0.3399145 0.375633 0.3386734 0.3910509 0.3386733 0.375633 0.25086 0.388531 0.2692552 0.3946367 0.2692552 0.4087472 0.3222692 0.375633 0.3264644 0.3910509 0.3222692 0.3910509 0.3051148 0.375633 0.3158842 0.3910509 0.3051148 0.3910509 0.25086 0.388531 0.2692552 0.3946367 0.2608059 0.3807397 0.2692552 0.4087472 0.282399 0.3946367 0.2692552 0.3946367 0.3328493 0.3910509 0.3264644 0.375633 0.3328493 0.375633 0.2508601 0.3807397 0.2598882 0.376844 0.2608059 0.3807397 0.1979011 0.3778598 0.3706501 0.3917988 0.1979011 0.3917988 0.3386734 0.3910509 0.3328493 0.375633 0.3386733 0.375633 0.2692552 0.3946367 0.282399 0.4087472 0.2692552 0.4087472 0.1979011 0.3950114 0.3709034 0.3917931 0.3709034 0.3950133 0.1979011 0.3950114 0.3709034 0.3989896 0.1979011 0.3989874 0.1976478 0.3747835 0.3706501 0.3706665 0.3706501 0.3746408 0.2508601 0.3807397 0.2608059 0.3807397 0.25086 0.388531 0.25086 0.388531 0.2608059 0.3807397 0.2508601 0.3807397 0.3222692 0.3910509 0.3158842 0.375633 0.3158842 0.3910509 0.3706501 0.3778597 0.1976478 0.3747835 0.1976478 0.3780024 0.2598882 0.376844 0.2508601 0.3807397 0.25086 0.376844 0.3386734 0.3910509 0.3399145 0.375633 0.3386733 0.375633 0.25086 0.388531 0.2692552 0.3946367 0.2608059 0.3807397 0.3222692 0.375633 0.3264644 0.3910509 0.3264644 0.375633 0.3158842 0.3910509 0.3051148 0.375633 0.3051148 0.3910509 0.2692552 0.3946367 0.25086 0.388531 0.2608059 0.3807397 0.282399 0.3946367 0.2692552 0.4087472 0.2692552 0.3946367 0.3264644 0.375633 0.3328493 0.3910509 0.3328493 0.375633 0.2508601 0.3807397 0.2598882 0.376844 0.25086 0.376844 0.3706501 0.3917988 0.1979011 0.3778598 0.1979011 0.3917988 0.3328493 0.375633 0.3386734 0.3910509 0.3386733 0.375633 0.282399 0.4087472 0.2692552 0.3946367 0.2692552 0.4087472 0.1979011 0.3950114 0.3709034 0.3917931 0.1979011 0.3917988 0.3709034 0.3989896 0.1979011 0.3950114 0.1979011 0.3989874 0.1976478 0.3747835 0.3706501 0.3706665 0.1976478 0.3708095 0.3158842 0.375633 0.3222692 0.375633 0.3222692 0.3910509 0.1976478 0.3747835 0.3706501 0.3746408 0.3706501 0.3778597 0.2508601 0.3807397 0.2608059 0.3807397 0.2598882 0.376844 0.3399145 0.375633 0.3399145 0.3910509 0.3386734 0.3910509 0.25086 0.388531 0.2608059 0.3807397 0.2692552 0.3946367 0.3222692 0.375633 0.3264644 0.375633 0.3264644 0.3910509 0.3051148 0.375633 0.3158842 0.375633 0.3158842 0.3910509 0.25086 0.388531 0.2692552 0.4087472 0.2692552 0.3946367 0.2692552 0.4087472 0.282399 0.4087472 0.282399 0.3946367 0.3328493 0.3910509 0.3264644 0.3910509 0.3264644 0.375633 0.2508601 0.3807397 0.25086 0.376844 0.2598882 0.376844 0.1979011 0.3778598 0.3706501 0.3778597 0.3706501 0.3917988 0.3386734 0.3910509 0.3328493 0.3910509 0.3328493 0.375633 0.2692552 0.3946367 0.282399 0.3946367 0.282399 0.4087472 0.1979011 0.3950114 0.1979011 0.3917988 0.3709034 0.3917931 0.1979011 0.3950114 0.3709034 0.3950133 0.3709034 0.3989896 0.1976478 0.3747835 0.1976478 0.3708095 0.3706501 0.3706665 0.3222692 0.3910509 0.3222692 0.375633 0.3158842 0.375633 0.3706501 0.3778597 0.3706501 0.3746408 0.1976478 0.3747835 0.2598882 0.376844 0.2608059 0.3807397 0.2508601 0.3807397 0.3386734 0.3910509 0.3399145 0.3910509 0.3399145 0.375633 0.25086 0.388531 0.2692552 0.4087472 0.2692552 0.3946367 0.3222692 0.375633 0.3222692 0.3910509 0.3264644 0.3910509 0.3158842 0.3910509 0.3158842 0.375633 0.3051148 0.375633 0.2692552 0.3946367 0.2692552 0.4087472 0.25086 0.388531 0.282399 0.3946367 0.282399 0.4087472 0.2692552 0.4087472 0.3264644 0.375633 0.3264644 0.3910509 0.3328493 0.3910509 0.2508601 0.3807397 0.2608059 0.3807397 0.2598882 0.376844 0.3706501 0.3917988 0.3706501 0.3778597 0.1979011 0.3778598 0.3328493 0.375633 0.3328493 0.3910509 0.3386734 0.3910509 0.282399 0.4087472 0.282399 0.3946367 0.2692552 0.3946367 0.1979011 0.3950114 0.3709034 0.3950133 0.3709034 0.3917931 0.3709034 0.3989896 0.3709034 0.3950133 0.1979011 0.3950114 0.1976478 0.3747835 0.3706501 0.3746408 0.3706501 0.3706665 0.2508601 0.3807397 0.25086 0.388531 0.2608059 0.3807397 0.25086 0.388531 0.2508601 0.3807397 0.2608059 0.3807397 0.3158842 0.375633 0.3222692 0.3910509 0.3158842 0.3910509 0.1976478 0.3747835 0.3706501 0.3778597 0.1976478 0.3780024 0.2508601 0.3807397 0.2598882 0.376844 0.25086 0.376844 0.3399145 0.375633 0.3386734 0.3910509 0.3386733 0.375633 0.25086 0.388531 0.2692552 0.3946367 0.2692552 0.4087472 0.3222692 0.375633 0.3264644 0.3910509 0.3222692 0.3910509 0.3051148 0.375633 0.3158842 0.3910509 0.3051148 0.3910509 0.25086 0.388531 0.2692552 0.3946367 0.2608059 0.3807397 0.2692552 0.4087472 0.282399 0.3946367 0.2692552 0.3946367 0.3328493 0.3910509 0.3264644 0.375633 0.3328493 0.375633 0.2508601 0.3807397 0.2598882 0.376844 0.2608059 0.3807397 0.1979011 0.3778598 0.3706501 0.3917988 0.1979011 0.3917988 0.3386734 0.3910509 0.3328493 0.375633 0.3386733 0.375633 0.2692552 0.3946367 0.282399 0.4087472 0.2692552 0.4087472 0.1979011 0.3950114 0.3709034 0.3917931 0.3709034 0.3950133 0.1979011 0.3950114 0.3709034 0.3989896 0.1979011 0.3989874 0.1976478 0.3747835 0.3706501 0.3706665 0.3706501 0.3746408 0.2508601 0.3807397 0.2608059 0.3807397 0.25086 0.388531 0.25086 0.388531 0.2608059 0.3807397 0.2508601 0.3807397 0.3222692 0.3910509 0.3158842 0.375633 0.3158842 0.3910509 0.3706501 0.3778597 0.1976478 0.3747835 0.1976478 0.3780024 0.2598882 0.376844 0.2508601 0.3807397 0.25086 0.376844 0.3386734 0.3910509 0.3399145 0.375633 0.3386733 0.375633 0.25086 0.388531 0.2692552 0.3946367 0.2608059 0.3807397 0.3222692 0.375633 0.3264644 0.3910509 0.3264644 0.375633 0.3158842 0.3910509 0.3051148 0.375633 0.3051148 0.3910509 0.2692552 0.3946367 0.25086 0.388531 0.2608059 0.3807397 0.282399 0.3946367 0.2692552 0.4087472 0.2692552 0.3946367 0.3264644 0.375633 0.3328493 0.3910509 0.3328493 0.375633 0.2508601 0.3807397 0.2598882 0.376844 0.25086 0.376844 0.3706501 0.3917988 0.1979011 0.3778598 0.1979011 0.3917988 0.3328493 0.375633 0.3386734 0.3910509 0.3386733 0.375633 0.282399 0.4087472 0.2692552 0.3946367 0.2692552 0.4087472 0.1979011 0.3950114 0.3709034 0.3917931 0.1979011 0.3917988 0.3709034 0.3989896 0.1979011 0.3950114 0.1979011 0.3989874 0.1976478 0.3747835 0.3706501 0.3706665 0.1976478 0.3708095 0.3158842 0.375633 0.3222692 0.375633 0.3222692 0.3910509 0.1976478 0.3747835 0.3706501 0.3746408 0.3706501 0.3778597 0.2508601 0.3807397 0.2608059 0.3807397 0.2598882 0.376844 0.3399145 0.375633 0.3399145 0.3910509 0.3386734 0.3910509 0.25086 0.388531 0.2608059 0.3807397 0.2692552 0.3946367 0.3222692 0.375633 0.3264644 0.375633 0.3264644 0.3910509 0.3051148 0.375633 0.3158842 0.375633 0.3158842 0.3910509 0.25086 0.388531 0.2692552 0.4087472 0.2692552 0.3946367 0.2692552 0.4087472 0.282399 0.4087472 0.282399 0.3946367 0.3328493 0.3910509 0.3264644 0.3910509 0.3264644 0.375633 0.2508601 0.3807397 0.25086 0.376844 0.2598882 0.376844 0.1979011 0.3778598 0.3706501 0.3778597 0.3706501 0.3917988 0.3386734 0.3910509 0.3328493 0.3910509 0.3328493 0.375633 0.2692552 0.3946367 0.282399 0.3946367 0.282399 0.4087472 0.1979011 0.3950114 0.1979011 0.3917988 0.3709034 0.3917931 0.1979011 0.3950114 0.3709034 0.3950133 0.3709034 0.3989896 0.1976478 0.3747835 0.1976478 0.3708095 0.3706501 0.3706665 0.3222692 0.3910509 0.3222692 0.375633 0.3158842 0.375633 0.3706501 0.3778597 0.3706501 0.3746408 0.1976478 0.3747835 0.2598882 0.376844 0.2608059 0.3807397 0.2508601 0.3807397 0.3386734 0.3910509 0.3399145 0.3910509 0.3399145 0.375633 0.25086 0.388531 0.2692552 0.4087472 0.2692552 0.3946367 0.3222692 0.375633 0.3222692 0.3910509 0.3264644 0.3910509 0.3158842 0.3910509 0.3158842 0.375633 0.3051148 0.375633 0.2692552 0.3946367 0.2692552 0.4087472 0.25086 0.388531 0.282399 0.3946367 0.282399 0.4087472 0.2692552 0.4087472 0.3264644 0.375633 0.3264644 0.3910509 0.3328493 0.3910509 0.2508601 0.3807397 0.2608059 0.3807397 0.2598882 0.376844 0.3706501 0.3917988 0.3706501 0.3778597 0.1979011 0.3778598 0.3328493 0.375633 0.3328493 0.3910509 0.3386734 0.3910509 0.282399 0.4087472 0.282399 0.3946367 0.2692552 0.3946367 0.1979011 0.3950114 0.3709034 0.3950133 0.3709034 0.3917931 0.3709034 0.3989896 0.3709034 0.3950133 0.1979011 0.3950114 0.1976478 0.3747835 0.3706501 0.3746408 0.3706501 0.3706665 0.4399261 0.501948 0.4960102 0.3897722 0.4960978 0.5019471 0.4960978 0.4245163 0.4399261 0.4600341 0.4960978 0.4600351 0.4960561 0.4600341 0.4399668 0.4245797 0.4399668 0.4600986 0.4400127 0.4600986 0.4960102 0.4245802 0.4960102 0.4600991 0.4399682 0.4245802 0.4960556 0.4600351 0.4399682 0.4600991 0.4751922 0.4690636 0.4751922 0.4726623 0.4405046 0.4648457 0.5416089 0.460817 0.5415895 0.46698 0.4751876 0.4649434 0.5416089 0.460817 0.475207 0.4587804 0.4751876 0.4649434 0.4087915 0.4586827 0.4087722 0.4648457 0.4751876 0.4649434 0.4751922 0.4690636 0.5098798 0.4586827 0.5098798 0.4648457 0.4087915 0.4586827 0.475207 0.4587804 0.4751876 0.4649434 0.4751922 0.4712679 0.4414235 0.460817 0.4414235 0.46698 0.4751922 0.4712679 0.4751922 0.4747966 0.5089609 0.46698 0.5109384 0.3623285 0.4185279 0.3623285 0.4185279 0.3623285 0.4185279 0.3623285 0.4185279 0.3623285 0.5109384 0.3623285 0.5109384 0.5028045 0.4185279 0.5028045 0.4185279 0.3623285 0.4185279 0.5028045 0.5109384 0.5028045 0.5109384 0.3623285 0.4185279 0.5028045 0.5109384 0.5028045 0.5109384 0.3623285 0.2376667 0.4956766 0.2330987 0.4956766 0.2330987 0.443422 0 0 0 0 0 0 0.2544801 0.4611989 0.2544801 0.4778997 0.2306345 0.4701581 0.2397109 0.4479078 0.2316638 0.4466014 0.2336595 0.4899424 0.2426701 0.4941184 0.2426701 0.4446465 0.2295117 0.4446465 0.2067192 0.4611989 0.2306345 0.4611989 0.2306345 0.4701581 0.5109384 0.3623285 0.5109384 0.3623285 0.4185279 0.3623285 0.5109384 0.3623285 0.5109384 0.3623285 0.4185279 0.3623285 0 0 0 0 0 0 0.4185279 0.3623285 0.5109384 0.3623285 0.5109384 0.3623285 0.5109384 0.3623285 0.5109384 0.3623285 0.4185279 0.3623285 0.5109384 0.3623285 0.5109384 0.3623285 0.4185279 0.3623285 0.5109384 0.3623285 0.5109384 0.3623285 0.4185279 0.3623285 0.4185279 0.3623285 0.4185279 0.5028045 0.5109384 0.5028045 0.5109384 0.3623285 0.5109384 0.5028045 0.4185279 0.5028045 0.4185279 0.3623285 0.5109384 0.3623285 0.5109384 0.5028045 0.2328152 0.4427944 0.2332589 0.4964593 0.2379502 0.4963042 0 0 0 0 0 0 0.2295117 0.4447187 0.2181416 0.4941184 0.2426701 0.4941184 0.2305997 0.4701581 0.2067192 0.4778997 0.2067192 0.4611989 0.2544801 0.4611989 0.2544801 0.4778997 0.2305997 0.4701581 0.2397063 0.4477685 0.232493 0.4465973 0.2341598 0.4884577 0.4185279 0.3623285 0.5109384 0.3623285 0.5109384 0.3623285 0.4185279 0.3623285 0.5109384 0.3623285 0.5109384 0.3623285 0.375 0.25 0.375 0.5 0.625 0.5 0 0 0 0 0 0 0.4185279 0.3623285 0.4185279 0.3623285 0.5109384 0.3623285 0.4185279 0.3623285 0.5109384 0.3623285 0.5109384 0.3623285 0.2544801 0.4778997 0.2305997 0.4701581 0.2305997 0.4701581 0.4185279 0.3623285 0.4185279 0.3623285 0.4185279 0.5028045 0.2067192 0.4778997 0.2067192 0.4778997 0.2305997 0.4701581 0.4185279 0.5028045 0.4185279 0.5028045 0.4185279 0.3623285 0.2592632 0.4778997 0.2592632 0.4778997 0.2115023 0.4778997 0 0 0 0 0 0 0.2306345 0.4701581 0.2306345 0.4701581 0.2067192 0.4778997 0.2544801 0.4611989 0.2306345 0.4611989 0.2306345 0.4611989 0.2544801 0.4611989 0.2544801 0.4611989 0.2305997 0.4611989 0.2544801 0.4778997 0.2544801 0.4778997 0.2306345 0.4701581 0.4185279 0.5028045 0.4185279 0.5028045 0.5109384 0.5028045 0.2115023 0.4611989 0.2115023 0.4611989 0.2592632 0.4611989 0.2067192 0.4611989 0.2067192 0.4611989 0.2067192 0.4778997 0.2067192 0.4611989 0.2067192 0.4611989 0.2306345 0.4611989 0.2067192 0.4778997 0.2067192 0.4778997 0.2067192 0.4611989 0.4185279 0.5028045 0.4185279 0.5028045 0.5109384 0.5028045 0.2305997 0.4611989 0.2305997 0.4611989 0.2067192 0.4611989 0.4185279 0.5028045 0.5109384 0.5028045 0.5109384 0.5028045 0.4170585 0.3633476 0.4170585 0.4804024 0.5341134 0.4804024 0.5310186 0.4781717 0.5278782 0.5004601 0.4184132 0.5004591 0.4151808 0.4781717 0.5311124 0.4780396 0.5279669 0.5003352 0.5311995 0.4780396 0.4150938 0.4780375 0.4182439 0.5003333 0.415178 0.4781707 0.4183235 0.5004591 0.5279679 0.5003333 0.4399261 0.501948 0.4400127 0.3897694 0.4960102 0.3897722 0.4960978 0.4245163 0.4399261 0.4245153 0.4399261 0.4600341 0.4960561 0.4600341 0.4960561 0.4245153 0.4399668 0.4245797 0.4400127 0.4600986 0.4400127 0.4245797 0.4960102 0.4245802 0.4399682 0.4245802 0.4960556 0.4245163 0.4960556 0.4600351</float_array>
          <technique_common>
            <accessor source="#Cubo_003-mesh-map-0-array" count="3462" stride="2">
              <param name="S" type="float"/>
              <param name="T" type="float"/>
            </accessor>
          </technique_common>
        </source>
        <source id="Cubo_003-mesh-map-1">
          <float_array id="Cubo_003-mesh-map-1-array" count="6924">0 0 0 0 0 0 0 0 0 0 0 0 0 0 0 0 0 0 0 0 0 0 0 0 0 0 0 0 0 0 0 0 0 0 0 0 0 0 0 0 0 0 0 0 0 0 0 0 0 0 0 0 0 0 0 0 0 0 0 0 0 0 0 0 0 0 0 0 0 0 0 0 0 0 0 0 0 0 0 0 0 0 0 0 0 0 0 0 0 0 0 0 0 0 0 0 0 0 0 0 0 0 0 0 0 0 0 0 0 0 0 0 0 0 0 0 0 0 0 0 0 0 0 0 0 0 0 0 0 0 0 0 0 0 0 0 0 0 0 0 0 0 0 0 0 0 0 0 0 0 0 0 0 0 0 0 0 0 0 0 0 0 0 0 0 0 0 0 0 0 0 0 0 0 0 0 0 0 0 0 0 0 0 0 0 0 0 0 0 0 0 0 0 0 0 0 0 0 0 0 0 0 0 0 0 0 0 0 0 0 0 0 0 0 0 0 0 0 0 0 0 0 0 0 0 0 0 0 0 0 0 0 0 0 0 0 0 0 0 0 0 0 0 0 0 0 0 0 0 0 0 0 0 0 0 0 0 0 0 0 0 0 0 0 0 0 0 0 0 0 0 0 0 0 0 0 0 0 0 0 0 0 0 0 0 0 0 0 0 0 0 0 0 0 0 0 0 0 0 0 0 0 0 0 0 0 0 0 0 0 0 0 0 0 0 0 0 0 0 0 0 0 0 0 0 0 0 0 0 0 0 0 0 0 0 0 0 0 0 0 0 0 0 0 0 0 0 0 0 0 0 0 0 0 0 0 0 0 0 0 0 0 0 0 0 0 0 0 0 0 0 0 0 0 0 0 0 0 0 0 0 0 0 0 0 0 0 0 0 0 0 0 0 0 0 0 0 0 0 0 0 0 0 0 0 0 0 0 0 0 0 0 0 0 0 0 0 0 0 0 0 0 0 0 0 0 0 0 0 0 0 0 0 0 0 0 0 0 0 0 0 0 0 0 0 0 0 0 0 0 0 0 0 0 0 0 0 0 0 0 0 0 0 0 0 0 0 0 0 0 0 0 0 0 0 0 0 0 0 0 0 0 0 0 0 0 0 0 0 0 0 0 0 0 0 0 0 0 0 0 0 0 0 0 0 0 0 0 0 0 0 0 0 0 0 0 0 0 0 0 0 0 0 0 0 0 0 0 0 0 0 0 0 0 0 0 0 0 0 0 0 0 0 0 0 0 0 0 0 0 0 0 0 0 0 0 0 0 0 0 0 0 0 0 0 0 0 0 0 0 0 0 0 0 0 0 0 0 0 0 0 0 0 0 0 0 0 0 0 0 0 0 0 0 0 0 0 0 0 0 0 0 0 0 0 0 0 0 0 0 0 0 0 0 0 0 0 0 0 0 0 0 0 0 0 0 0 0 0 0 0 0 0 0 0 0 0 0 0 0 0 0 0 0 0 0 0 0 0 0 0 0 0 0 0 0 0 0 0 0 0 0 0 0 0 0 0 0 0 0 0 0 0 0 0 0 0 0 0 0 0 0 0 0 0 0 0 0 0 0 0 0 0 0 0 0 0 0 0 0 0 0 0 0 0 0 0 0 0 0 0 0 0 0 0 0 0 0 0 0 0 0 0 0 0 0 0 0 0 0 0 0 0 0 0 0 0 0 0 0 0 0 0 0 0 0 0 0 0 0 0 0 0 0 0 0 0 0 0 0 0 0 0 0 0 0 0 0 0 0 0 0 0 0 0 0 0 0 0 0 0 0 0 0 0 0 0 0 0 0 0 0 0 0 0 0 0 0 0 0 0 0 0 0 0 0 0 0 0 0 0 0 0 0 0 0 0 0 0 0 0 0 0 0 0 0 0 0 0 0 0 0 0 0 0 0 0 0 0 0 0 0 0 0 0 0 0 0 0 0 0 0 0 0 0 0 0 0 0 0 0 0 0 0 0 0 0 0 0 0 0 0 0 0 0 0 0 0 0 0 0 0 0 0 0 0 0 0 0 0 0 0 0 0 0 0 0 0 0 0 0 0 0 0 0 0 0 0 0 0 0 0 0 0 0 0 0 0 0 0 0 0 0 0 0 0 0 0 0 0 0 0 0 0 0 0 0 0 0 0 0 0 0 0 0 0 0 0 0 0 0 0 0 0 0 0 0 0 0 0 0 0 0 0 0 0 0 0 0 0 0 0 0 0 0 0 0 0 0 0 0 0 0 0 0 0 0 0 0 0 0 0 0 0 0 0 0 0 0 0 0 0 0 0 0 0 0 0 0 0 0 0 0 0 0 0 0 0 0 0 0 0 0 0 0 0 0 0 0 0 0 0 0 0 0 0 0 0 0 0 0 0 0 0 0 0 0 0 0 0 0 0 0 0 0 0 0 0 0 0 0 0 0 0 0 0 0 0 0 0 0 0 0 0 0 0 0 0 0 0 0 0 0 0 0 0 0 0 0 0 0 0 0 0 0 0 0 0 0 0 0 0 0 0 0 0 0 0 0 0 0 0 0 0 0 0 0 0 0 0 0 0 0 0 0 0 0 0 0 0 0 0 0 0 0 0 0 0 0 0 0 0 0 0 0 0 0 0 0 0 0 0 0 0 0 0 0 0 0 0 0 0 0 0 0 0 0 0 0 0 0 0 0 0 0 0 0 0 0 0 0 0 0 0 0 0 0 0 0 0 0 0 0 0 0 0 0 0 0 0 0 0 0 0 0 0 0 0 0 0 0 0 0 0 0 0 0 0 0 0 0 0 0 0 0 0 0 0 0 0 0 0 0 0 0 0 0 0 0 0 0 0 0 0 0 0 0 0 0 0 0 0 0 0 0 0 0 0 0 0 0 0 0 0 0 0 0 0 0 0 0 0 0 0 0 0 0 0 0 0 0 0 0 0 0 0 0 0 0 0 0 0 0 0 0 0 0 0 0 0 0 0 0 0 0 0 0 0 0 0 0 0 0 0 0 0 0 0 0 0 0 0 0 0 0 0 0 0 0 0 0 0 0 0 0 0 0 0 0 0 0 0 0 0 0 0 0 0 0 0 0 0 0 0 0 0 0 0 0 0 0 0 0 0 0 0 0 0 0 0 0 0 0 0 0 0 0 0 0 0 0 0 0 0 0 0 0 0 0 0 0 0 0 0 0 0 0 0 0 0 0 0 0 0 0 0 0 0 0 0 0 0 0 0 0 0 0 0 0 0 0 0 0 0 0 0 0 0 0 0 0 0 0 0 0 0 0 0 0 0 0 0 0 0 0 0 0 0 0 0 0 0 0 0 0 0 0 0 0 0 0 0 0 0 0 0 0 0 0 0 0 0 0 0 0 0 0 0 0 0 0 0 0 0 0 0 0 0 0 0 0 0 0 0 0 0 0 0 0 0 0 0 0 0 0 0 0 0 0 0 0 0 0 0 0 0 0 0 0 0 0 0 0 0 0 0 0 0 0 0 0 0 0 0 0 0 0 0 0 0 0 0 0 0 0 0 0 0 0 0 0 0 0 0 0 0 0 0 0 0 0 0 0 0 0 0 0 0 0 0 0 0 0 0 0 0 0 0 0 0 0 0 0 0 0 0 0 0 0 0 0 0 0 0 0 0 0 0 0 0 0 0 0 0 0 0 0 0 0 0 0 0 0 0 0 0 0 0 0 0 0 0 0 0 0 0 0 0 0 0 0 0 0 0 0 0 0 0 0 0 0 0 0 0 0 0 0 0 0 0 0 0 0 0 0 0 0 0 0 0 0 0 0 0 0 0 0 0 0 0 0 0 0 0 0 0 0 0 0 0 0 0 0 0 0 0 0 0 0 0 0 0 0 0 0 0 0 0 0 0 0 0 0 0 0 0 0 0 0 0 0 0 0 0 0 0 0 0 0 0 0 0 0 0 0 0 0 0 0 0 0 0 0 0 0 0 0 0 0 0 0 0 0 0 0 0 0 0 0 0 0 0 0 0 0 0 0 0 0 0 0 0 0 0 0 0 0 0 0 0 0 0 0 0 0 0 0 0 0 0 0 0 0 0 0 0 0 0 0 0 0 0 0 0 0 0 0 0 0 0 0 0 0 0 0 0 0 0 0 0 0 0 0 0 0 0 0 0 0 0 0 0 0 0 0 0 0 0 0 0 0 0 0 0 0 0 0 0 0 0 0 0 0 0 0 0 0 0 0 0 0 0 0 0 0 0 0 0 0 0 0 0 0 0 0 0 0 0 0 0 0 0 0 0 0 0 0 0 0 0 0 0 0 0 0 0 0 0 0 0 0 0 0 0 0 0 0 0 0 0 0 0 0 0 0 0 0 0 0 0 0 0 0 0 0 0 0 0 0 0 0 0 0 0 0 0 0 0 0 0 0 0 0 0 0 0 0 0 0 0 0 0 0 0 0 0 0 0 0 0 0 0 0 0 0 0 0 0 0 0 0 0 0 0 0 0 0 0 0 0 0 0 0 0 0 0 0 0 0 0 0 0 0 0 0 0 0 0 0 0 0 0 0 0 0 0 0 0 0 0 0 0 0 0 0 0 0 0 0 0 0 0 0 0 0 0 0 0 0 0 0 0 0 0 0 0 0 0 0 0 0 0 0 0 0 0 0 0 0 0 0 0 0 0 0 0 0 0 0 0 0 0 0 0 0 0 0 0 0 0 0 0 0 0 0 0 0 0 0 0 0 0 0 0 0 0 0 0 0 0 0 0 0 0 0 0 0 0 0 0 0 0 0 0 0 0 0 0 0 0 0 0 0 0 0 0 0 0 0 0 0 0 0 0 0 0 0 0 0 0 0 0 0 0 0 0 0 0 0 0 0 0 0 0 0 0 0 0 0 0 0 0 0 0 0 0 0 0 0 0 0 0 0 0 0 0 0 0 0 0 0 0 0 0 0 0 0 0 0 0 0 0 0 0 0 0 0 0 0 0 0 0 0 0 0 0 0 0 0 0 0 0 0 0 0 0 0 0 0 0 0 0 0 0 0 0 0 0 0 0 0 0 0 0 0 0 0 0 0 0 0 0 0 0 0 0 0 0 0 0 0 0 0 0 0 0 0 0 0 0 0 0 0 0 0 0 0 0 0 0 0 0 0 0 0 0 0 0 0 0 0 0 0 0 0 0 0 0 0 0 0 0 0 0 0 0 0 0 0 0 0 0 0 0 0 0 0 0 0 0 0 0 0 0 0 0 0 0 0 0 0 0 0 0 0 0 0 0 0 0 0 0 0 0 0 0 0 0 0 0 0 0 0 0 0 0 0 0 0 0 0 0 0 0 0 0 0 0 0 0 0 0 0 0 0 0 0 0 0 0 0 0 0 0 0 0 0 0 0 0 0 0 0 0 0 0 0 0 0 0 0 0 0 0 0 0 0 0 0 0 0 0 0 0 0 0 0 0 0 0 0 0 0 0 0 0 0 0 0 0 0 0 0 0 0 0 0 0 0 0 0 0 0 0 0 0 0 0 0 0 0 0 0 0 0 0 0 0 0 0 0 0 0 0 0 0 0 0 0 0 0 0 0 0 0 0 0 0 0 0 0 0 0 0 0 0 0 0 0 0 0 0 0 0 0 0 0 0 0 0 0 0 0 0 0 0 0 0 0 0 0 0 0 0 0 0 0 0 0 0 0 0 0 0 0 0 0 0 0 0 0 0 0 0 0 0 0 0 0 0 0 0 0 0 0 0 0 0 0 0 0 0 0 0 0 0 0 0 0 0 0 0 0 0 0 0 0 0 0 0 0 0 0 0 0 0 0 0 0 0 0 0 0 0 0 0 0 0 0 0 0 0 0 0 0 0 0 0 0 0 0 0 0 0 0 0 0 0 0 0 0 0 0 0 0 0 0 0 0 0 0 0 0 0 0 0 0 0 0 0 0 0 0 0 0 0 0 0 0 0 0 0 0 0 0 0 0 0 0 0 0 0 0 0 0 0 0 0 0 0 0 0 0 0 0 0 0 0 0 0 0 0 0 0 0 0 0 0 0 0 0 0 0 0 0 0 0 0 0 0 0 0 0 0 0 0 0 0 0 0 0 0 0 0 0 0 0 0 0 0 0 0 0 0 0 0 0 0 0 0 0 0 0 0 0 0 0 0 0 0 0 0 0 0 0 0 0 0 0 0 0 0 0 0 0 0 0 0 0 0 0 0 0 0 0 0 0 0 0 0 0 0 0 0 0 0 0 0 0 0 0 0 0 0 0 0 0 0 0 0 0 0 0 0 0 0 0 0 0 0 0 0 0 0 0 0 0 0 0 0 0 0 0 0 0 0 0 0 0 0 0 0 0 0 0 0 0 0 0 0 0 0 0 0 0 0 0 0 0 0 0 0 0 0 0 0 0 0 0 0 0 0 0 0 0 0 0 0 0 0 0 0 0 0 0 0 0 0 0 0 0 0 0 0 0 0 0 0 0 0 0 0 0 0 0 0 0 0 0 0 0 0 0 0 0 0 0 0 0 0 0 0 0 0 0 0 0 0 0 0 0 0 0 0 0 0 0 0 0 0 0 0 0 0 0 0 0 0 0 0 0 0 0 0 0 0 0 0 0 0 0 0 0 0 0 0 0 0 0 0 0 0 0 0 0 0 0 0 0 0 0 0 0 0 0 0 0 0 0 0 0 0 0 0 0 0 0 0 0 0 0 0 0 0 0 0 0 0 0 0 0 0 0 0 0 0 0 0 0 0 0 0 0 0 0 0 0 0 0 0 0 0 0 0 0 0 0 0 0 0 0 0 0 0 0 0 0 0 0 0 0 0 0 0 0 0 0 0 0 0 0 0 0 0 0 0 0 0 0 0 0 0 0 0 0 0 0 0 0 0 0 0 0 0 0 0 0 0 0 0 0 0 0 0 0 0 0 0 0 0 0 0 0 0 0 0 0 0 0 0 0 0 0 0 0 0 0 0 0 0 0 0 0 0 0 0 0 0 0 0 0 0 0 0 0 0 0 0 0 0 0 0 0 0 0 0 0 0 0 0 0 0 0 0 0 0 0 0 0 0 0 0 0 0 0 0 0 0 0 0 0 0 0 0 0 0 0 0 0 0 0 0 0 0 0 0 0 0 0 0 0 0 0 0 0 0 0 0 0 0 0 0 0 0 0 0 0 0 0 0 0 0 0 0 0 0 0 0 0 0 0 0 0 0 0 0 0 0 0 0 0 0 0 0 0 0 0 0 0 0 0 0 0 0 0 0 0 0 0 0 0 0 0 0 0 0 0 0 0 0 0 0 0 0 0 0 0 0 0 0 0 0 0 0 0 0 0 0 0 0 0 0 0 0 0 0 0 0 0 0 0 0 0 0 0 0 0 0 0 0 0 0 0 0 0 0 0 0 0 0 0 0 0 0 0 0 0 0 0 0 0 0 0 0 0 0 0 0 0 0 0 0 0 0 0 0 0 0 0 0 0 0 0 0 0 0 0 0 0 0 0 0 0 0 0 0 0 0 0 0 0 0 0 0 0 0 0 0 0 0 0 0 0 0 0 0 0 0 0 0 0 0 0 0 0 0 0 0 0 0 0 0 0 0 0 0 0 0 0 0 0 0 0 0 0 0 0 0 0 0 0 0 0 0 0 0 0 0 0 0 0 0 0 0 0 0 0 0 0 0 0 0 0 0 0 0 0 0 0 0 0 0 0 0 0 0 0 0 0 0 0 0 0 0 0 0 0 0 0 0 0 0 0 0 0 0 0 0 0 0 0 0 0 0 0 0 0 0 0 0 0 0 0 0 0 0 0 0 0 0 0 0 0 0 0 0 0 0 0 0 0 0 0 0 0 0 0 0 0 0 0 0 0 0 0 0 0 0 0 0 0 0 0 0 0 0 0 0 0 0 0 0 0 0 0 0 0 0 0 0 0 0 0 0 0 0 0 0 0 0 0 0 0 0 0 0 0 0 0 0 0 0 0 0 0 0 0 0 0 0 0 0 0 0 0 0 0 0 0 0 0 0 0 0 0 0 0 0 0 0 0 0 0 0 0 0 0 0 0 0 0 0 0 0 0 0 0 0 0 0 0 0 0 0 0 0 0 0 0 0 0 0 0 0 0 0 0 0 0 0 0 0 0 0 0 0 0 0 0 0 0 0 0 0 0 0 0 0 0 0 0 0 0 0 0 0 0 0 0 0 0 0 0 0 0 0 0 0 0 0 0 0 0 0 0 0 0 0 0 0 0 0 0 0 0 0 0 0 0 0 0 0 0 0 0 0 0 0 0 0 0 0 0 0 0 0 0 0 0 0 0 0 0 0 0 0 0 0 0 0 0 0 0 0 0 0 0 0 0 0 0 0 0 0 0 0 0 0 0 0 0 0 0 0 0 0 0 0 0 0 0 0 0 0 0 0 0 0 0 0 0 0 0 0 0 0 0 0 0 0 0 0 0 0 0 0 0 0 0 0 0 0 0 0 0 0 0 0 0 0 0 0 0 0 0 0 0 0 0 0 0 0 0 0 0 0 0 0 0 0 0 0 0 0 0 0 0 0 0 0 0 0 0 0 0 0 0 0 0 0 0 0 0 0 0 0 0 0 0 0 0 0 0 0 0 0 0 0 0 0 0 0 0 0 0 0 0 0 0 0 0 0 0 0 0 0 0 0 0 0 0 0 0 0 0 0 0 0 0 0 0 0 0 0 0 0 0 0 0 0 0 0 0 0 0 0 0 0 0 0 0 0 0 0 0 0 0 0 0 0 0 0 0 0 0 0 0 0 0 0 0 0 0 0 0 0 0 0 0 0 0 0 0 0 0 0 0 0 0 0 0 0 0 0 0 0 0 0 0 0 0 0 0 0 0 0 0 0 0 0 0 0 0 0 0 0 0 0 0 0 0 0 0 0 0 0 0 0 0 0 0 0 0 0 0 0 0 0 0 0 0 0 0 0 0 0 0 0 0 0 0 0 0 0 0 0 0 0 0 0 0 0 0 0 0 0 0 0 0 0 0 0 0 0 0 0 0 0 0 0 0 0 0 0 0 0 0 0 0 0 0 0 0 0 0 0 0 0 0 0 0 0 0 0 0 0 0 0 0 0 0 0 0 0 0 0 0 0 0 0 0 0 0 0 0 0 0 0 0 0 0 0 0 0 0 0 0 0 0 0 0 0 0 0 0 0 0 0 0 0 0 0 0 0 0 0 0 0 0 0 0 0 0 0 0 0 0 0 0 0 0 0 0 0 0 0 0 0 0 0 0 0 0 0 0 0 0 0 0 0 0 0 0 0 0 0 0 0 0 0 0 0 0 0 0 0 0 0 0 0 0 0 0 0 0 0 0 0 0 0 0 0 0 0 0 0 0 0 0 0 0 0 0 0 0 0 0 0 0 0 0 0 0 0 0 0 0 0 0 0 0 0 0 0 0 0 0 0 0 0 0 0 0 0 0 0 0 0 0 0 0 0 0 0 0 0 0 0 0 0 0 0 0 0 0 0 0 0 0 0 0 0 0 0 0 0 0 0 0 0 0 0 0 0 0 0 0 0 0 0 0 0 0 0 0 0 0 0 0 0 0 0 0 0 0 0 0 0 0 0 0 0 0 0 0 0 0 0 0 0 0 0 0 0 0 0 0 0 0 0 0 0 0 0 0 0 0 0 0 0 0 0 0 0 0 0 0 0 0 0 0 0 0 0 0 0 0 0 0 0 0 0 0 0 0 0 0 0 0 0 0 0 0 0 0 0 0 0 0 0 0 0 0 0 0 0 0 0 0 0 0 0 0 0 0 0 0 0 0 0 0 0 0 0 0 0 0 0 0 0 0 0 0 0 0 0 0 0 0 0 0 0 0 0 0 0 0 0 0 0 0 0 0 0 0 0 0 0 0 0 0 0 0 0 0 0 0 0 0 0 0 0 0 0 0 0 0 0 0 0 0 0 0 0 0 0 0 0 0 0 0 0 0 0 0 0 0 0 0 0 0 0 0 0 0 0 0 0 0 0 0 0 0 0 0 0 0 0 0 0 0 0 0 0 0 0 0 0 0 0 0 0 0 0 0 0 0 0 0 0 0 0 0 0 0 0 0 0 0 0 0 0 0 0 0 0 0 0 0 0 0 0 0 0 0 0 0 0 0 0 0 0 0 0 0 0 0 0 0 0 0 0 0 0 0 0 0 0 0 0 0 0 0 0 0 0 0 0 0 0 0 0 0 0 0 0 0 0 0 0 0 0 0 0 0 0 0 0 0 0 0 0 0 0 0 0 0 0 0 0 0 0 0 0 0 0 0 0 0 0 0 0 0 0 0 0 0 0 0 0 0 0 0 0 0 0 0 0 0 0 0 0 0 0 0 0 0 0 0 0 0 0 0 0 0 0 0 0 0 0 0 0 0 0 0 0 0 0 0 0 0 0 0 0 0 0 0 0 0 0 0 0 0 0 0 0 0 0 0 0 0 0 0 0 0 0 0 0 0 0 0 0 0 0 0 0 0 0 0 0 0 0 0 0 0 0 0 0 0 0 0 0 0 0 0 0 0 0 0 0 0 0 0 0 0 0 0 0 0 0 0 0 0 0 0 0 0 0 0 0 0 0 0 0 0 0 0 0 0 0 0 0 0 0 0 0 0 0 0 0 0 0 0 0 0 0 0 0 0 0 0 0 0 0 0 0 0 0 0 0 0 0 0 0 0 0 0 0 0 0 0 0 0 0 0 0 0 0 0 0 0 0 0 0 0 0 0 0 0 0 0 0 0 0 0 0 0 0 0 0 0 0 0 0 0 0 0 0 0 0 0 0 0 0 0 0 0 0 0 0 0 0 0 0 0 0 0 0 0 0 0 0 0 0 0 0 0 0 0 0 0 0 0 0 0 0 0 0 0 0 0 0 0 0 0 0 0 0 0 0 0 0 0 0 0 0 0 0 0 0 0 0 0 0 0 0 0 0 0 0 0 0 0 0 0 0 0 0 0 0 0 0 0 0 0 0 0 0 0 0 0 0 0 0 0 0 0 0 0 0 0 0 0 0 0 0 0 0 0 0 0 0 0 0 0 0 0 0 0 0 0 0 0 0 0 0 0 0 0 0 0 0 0 0 0 0 0 0 0 0 0 0 0 0 0 0 0 0 0 0 0 0 0 0 0 0 0 0 0 0 0 0 0 0 0 0 0 0 0 0 0 0 0 0 0 0 0 0 0 0 0 0 0 0 0 0 0 0 0 0 0 0 0 0 0 0 0 0 0 0 0 0 0 0 0 0 0 0 0 0 0 0 0 0 0 0 0 0 0 0 0 0 0 0 0 0 0 0 0 0 0 0 0 0 0 0 0 0 0 0 0 0 0 0 0 0 0 0 0 0 0 0 0 0 0 0 0 0 0 0 0 0 0 0 0 0 0 0 0 0 0 0 0 0 0 0 0 0 0 0 0 0 0 0 0 0 0 0 0 0 0 0 0 0 0 0 0 0 0 0 0 0 0 0 0 0 0 0 0 0 0 0 0 0 0 0 0 0 0 0 0 0 0 0 0 0 0 0 0 0 0 0 0 0 0 0 0 0 0 0 0 0 0 0 0 0 0 0 0 0 0 0 0 0 0 0 0 0 0 0 0 0 0 0 0 0 0 0 0 0 0 0 0 0 0 0 0 0 0 0 0 0 0 0 0 0 0 0 0 0 0 0 0 0 0 0 0 0 0 0 0 0 0 0 0 0 0 0 0 0 0 0 0 0 0 0 0 0 0 0 0 0 0 0 0 0 0 0 0 0 0 0 0 0 0 0 0 0 0 0 0 0 0 0 0 0 0 0 0 0 0 0 0 0 0 0 0 0 0 0 0 0 0 0 0 0 0 0 0 0 0 0 0 0 0 0 0 0 0 0 0 0 0 0 0 0 0 0 0 0 0 0 0 0 0 0 0 0 0 0 0 0 0 0 0 0 0 0 0 0 0 0 0 0 0 0 0 0 0 0 0 0 0 0 0 0 0 0 0 0 0 0 0 0 0 0 0 0 0 0 0 0 0 0 0 0 0 0 0 0 0 0 0 0 0 0 0 0 0 0 0 0 0 0 0 0 0 0 0 0 0 0 0 0 0 0 0 0 0 0 0 0 0 0 0 0 0 0 0 0 0 0 0 0 0 0 0 0 0 0 0 0 0 0 0 0 0 0 0 0 0 0 0 0 0 0 0 0 0 0 0 0 0 0 0 0 0 0 0 0 0 0 0 0 0 0 0 0 0 0 0 0 0 0 0 0 0 0 0 0 0 0 0 0 0 0 0 0 0 0 0 0 0 0 0 0 0 0 0 0 0 0 0 0 0 0 0 0 0 0 0 0 0 0 0 0 0 0 0 0 0 0 0 0 0 0 0 0 0 0 0 0 0 0 0 0 0 0 0 0 0 0 0 0 0 0 0 0 0 0 0 0 0 0 0 0 0 0 0 0 0 0 0 0 0 0 0 0 0 0 0 0 0 0 0 0 0 0 0 0 0 0 0 0 0 0 0 0 0 0 0 0 0 0 0 0 0 0 0 0 0 0 0 0 0 0 0 0 0 0 0 0 0 0 0 0 0 0 0 0 0 0 0 0 0 0 0 0 0 0 0 0 0 0 0 0 0 0 0 0 0 0 0 0 0 0 0 0 0 0 0 0 0 0 0 0 0 0 0 0 0 0 0 0 0 0 0 0 0 0 0 0 0 0 0 0 0 0 0 0 0 0 0 0 0 0 0 0 0 0 0 0 0 0 0 0 0 0 0 0 0 0 0 0 0 0 0 0 0 0 0 0 0 0 0 0 0 0 0 0 0 0 0 0 0 0 0 0 0 0 0 0 0 0 0 0 0 0 0 0 0 0 0 0 0 0 0 0 0 0 0 0 0 0 0 0 0 0 0 0 0 0 0 0 0 0 0 0 0 0 0 0 0 0 0 0 0 0 0 0 0 0 0 0 0 0 0 0 0 0 0 0 0 0 0 0 0 0 0 0 0 0 0 0 0 0 0 0 0 0 0 0 0 0 0 0 0 0 0 0 0 0 0 0 0 0 0 0 0 0 0 0 0 0 0 0 0 0 0 0 0 0 0 0 0 0 0 0 0 0 0 0 0 0 0 0 0 0 0 0 0 0 0 0 0 0 0 0 0 0 0 0 0 0 0 0 0 0 0 0 0 0 0 0 0 0 0 0 0 0 0 0 0 0 0 0 0 0 0 0 0 0 0 0 0 0 0 0 0 0 0 0 0 0 0 0 0 0 0 0 0 0 0 0 0 0 0 0 0 0 0 0 0 0 0 0 0 0 0 0 0 0 0 0 0 0 0 0 0 0 0 0 0 0 0 0 0 0 0 0 0 0 0 0 0 0 0 0 0 0 0 0 0 0 0 0 0 0 0 0 0 0 0 0 0 0 0 0 0 0 0 0 0 0 0 0 0 0 0 0 0 0 0 0 0 0 0 0 0 0 0 0 0 0 0 0 0 0 0 0 0 0 0 0 0 0 0 0 0 0 0 0 0 0 0 0 0 0 0 0 0 0 0 0 0 0 0 0 0 0 0 0 0 0 0 0 0 0 0 0 0 0 0 0 0 0 0 0 0 0 0 0 0 0 0 0 0 0 0 0 0 0 0 0 0 0 0 0 0 0 0 0 0 0 0 0 0 0 0 0 0 0 0 0 0 0 0 0 0 0 0 0 0 0 0 0 0 0 0 0 0 0 0 0 0 0 0 0 0 0 0 0 0 0 0 0 0 0 0 0 0 0 0 0 0 0 0 0 0 0 0 0 0 0 0 0 0 0 0 0 0 0 0 0 0 0 0 0 0 0 0 0 0 0 0 0 0 0 0 0 0 0 0 0 0 0 0 0 0 0 0 0 0 0 0 0 0 0 0 0 0 0 0 0 0 0 0 0 0 0 0 0 0 0 0 0 0 0 0 0 0 0 0 0 0 0 0 0 0 0 0 0 0 0 0 0 0 0 0 0 0 0 0 0 0 0 0 0 0 0 0 0 0 0 0 0 0 0 0 0 0 0 0 0 0 0 0 0 0 0 0 0 0 0 0 0 0 0 0 0 0 0 0 0 0 0 0 0 0 0 0 0 0 0 0 0 0 0 0 0 0 0 0 0 0 0 0 0 0 0 0 0 0 0 0 0 0 0 0 0 0 0 0 0 0 0 0 0 0 0 0 0 0 0 0 0 0 0 0 0 0 0 0 0 0 0 0 0 0 0 0 0 0 0 0 0 0 0 0 0 0 0 0 0 0 0 0 0 0 0 0 0 0 0 0 0 0 0 0 0 0 0 0 0 0 0 0 0 0 0 0 0 0 0 0 0 0 0 0 0 0 0 0 0 0 0 0 0 0 0 0 0 0 0 0 0 0 0 0 0 0 0 0 0 0 0 0 0 0 0 0 0 0 0 0 0 0 0 0 0 0 0 0 0 0 0 0 0 0 0 0 0 0 0 0 0 0 0 0 0 0 0 0 0 0 0 0 0 0 0 0 0 0 0 0 0 0 0 0 0 0 0 0 0 0 0 0 0 0 0 0 0 0 0 0 0 0 0 0 0 0 0 0 0 0 0 0 0 0 0 0 0 0 0 0 0 0 0 0 0 0 0 0 0 0 0 0 0 0 0 0 0 0 0 0 0 0 0 0 0 0 0 0 0 0 0 0 0 0 0 0 0 0 0 0 0 0 0 0 0 0 0 0 0 0 0 0 0 0 0 0 0 0 0 0 0 0 0 0 0 0 0 0 0 0 0 0 0 0 0 0 0 0 0 0 0 0 0 0 0 0 0 0 0 0 0 0 0 0 0 0 0 0 0 0 0 0 0 0 0 0 0 0 0 0 0 0 0 0 0 0 0 0 0 0 0 0 0 0 0 0 0 0 0 0 0 0 0 0 0 0 0 0 0 0 0 0 0 0 0 0 0 0 0 0 0 0 0 0 0 0 0 0 0 0 0 0 0 0 0 0 0 0 0 0 0 0 0 0 0 0 0 0 0 0 0 0 0 0 0 0 0 0 0 0 0 0 0 0 0 0 0 0 0 0 0 0 0 0 0 0 0 0 0 0 0 0 0 0 0 0 0 0 0 0 0 0 0 0 0 0 0 0 0 0 0 0 0 0 0 0 0 0 0 0 0 0 0 0 0 0 0 0 0 0 0 0 0 0 0 0 0 0 0 0 0 0 0 0 0 0 0 0 0 0 0 0 0 0 0 0 0 0 0 0 0 0 0 0 0 0 0 0 0 0 0 0 0 0 0 0 0 0 0 0 0 0 0 0 0 0 0 0 0 0 0 0 0 0 0 0 0 0 0 0 0 0 0 0 0 0 0 0 0 0 0 0 0 0 0 0 0 0 0 0 0 0 0 0 0 0 0 0 0 0 0 0 0 0 0 0 0 0 0 0 0 0 0 0 0 0 0 0 0 0 0 0 0 0 0 0 0 0 0 0 0 0 0 0 0 0 0 0 0 0 0 0 0 0 0 0 0 0 0 0 0 0 0 0 0 0 0 0 0 0 0 0 0 0 0 0 0 0 0 0 0 0 0 0 0 0 0 0 0 0 0 0 0 0 0 0 0 0 0 0 0 0 0 0 0 0 0 0 0 0 0 0 0 0 0 0 0 0 0 0 0 0 0 0 0 0 0 0 0 0 0 0 0 0 0 0 0 0 0 0 0 0 0 0 0 0 0 0 0</float_array>
          <technique_common>
            <accessor source="#Cubo_003-mesh-map-1-array" count="3462" stride="2">
              <param name="S" type="float"/>
              <param name="T" type="float"/>
            </accessor>
          </technique_common>
        </source>
        <vertices id="Cubo_003-mesh-vertices">
          <input semantic="POSITION" source="#Cubo_003-mesh-positions"/>
        </vertices>
        <triangles material="Kush_Bireme-material" count="1154">
          <input semantic="VERTEX" source="#Cubo_003-mesh-vertices" offset="0"/>
          <input semantic="NORMAL" source="#Cubo_003-mesh-normals" offset="1"/>
          <input semantic="TEXCOORD" source="#Cubo_003-mesh-map-0" offset="2" set="0"/>
          <input semantic="TEXCOORD" source="#Cubo_003-mesh-map-1" offset="2" set="1"/>
          <p>7 0 0 20 1 1 19 0 2 21 2 3 6 3 4 8 4 5 17 5 6 14 5 7 18 5 8 9 0 9 0 0 10 4 0 11 7 0 12 2 0 13 0 0 14 3 6 15 19 7 16 8 8 17 21 2 18 15 9 19 17 10 20 13 11 21 12 11 22 14 11 23 21 12 24 18 13 25 20 14 26 20 1 27 16 15 28 19 0 29 18 16 30 12 0 31 16 15 32 16 17 33 11 17 34 15 17 35 6 3 36 3 3 37 8 4 38 23 5 39 20 5 40 22 5 41 19 7 42 15 18 43 8 8 44 15 9 45 13 3 46 17 10 47 10 3 48 1 3 49 6 3 50 10 3 51 21 2 52 23 3 53 9 0 54 20 1 55 7 0 56 25 0 57 37 19 58 38 20 59 39 21 60 26 3 61 24 3 62 32 17 63 35 17 64 36 17 65 0 0 66 27 0 67 4 0 68 2 0 69 25 0 70 0 0 71 37 22 72 3 23 73 26 24 74 39 21 75 33 25 76 26 3 77 31 11 78 30 11 79 29 11 80 36 26 81 39 27 82 38 28 83 34 29 84 38 20 85 37 19 86 30 0 87 36 30 88 34 29 89 29 5 90 34 5 91 33 5 92 24 3 93 3 3 94 1 3 95 38 17 96 41 17 97 40 17 98 33 31 99 37 22 100 26 24 101 31 3 102 33 25 103 35 32 104 28 3 105 1 3 106 5 3 107 39 21 108 28 3 109 41 3 110 27 0 111 38 20 112 40 0 113 17 5 114 13 5 115 14 5 116 9 0 117 7 0 118 0 0 119 7 0 120 19 0 121 2 0 122 3 6 123 2 33 124 19 7 125 21 2 126 8 4 127 15 9 128 13 11 129 11 11 130 12 11 131 21 12 132 17 34 133 18 13 134 20 1 135 18 16 136 16 15 137 18 16 138 14 0 139 12 0 140 16 17 141 12 17 142 11 17 143 6 3 144 1 3 145 3 3 146 23 5 147 21 5 148 20 5 149 19 7 150 16 35 151 15 18 152 15 9 153 11 3 154 13 3 155 10 3 156 5 3 157 1 3 158 10 3 159 6 3 160 21 2 161 9 0 162 22 0 163 20 1 164 32 17 165 31 17 166 35 17 167 0 0 168 25 0 169 27 0 170 2 0 171 37 19 172 25 0 173 37 22 174 2 36 175 3 23 176 39 21 177 35 32 178 33 25 179 31 11 180 32 11 181 30 11 182 36 26 183 35 37 184 39 27 185 34 29 186 36 30 187 38 20 188 30 0 189 32 0 190 36 30 191 29 5 192 30 5 193 34 5 194 24 3 195 26 3 196 3 3 197 38 17 198 39 17 199 41 17 200 33 31 201 34 38 202 37 22 203 31 3 204 29 3 205 33 25 206 28 3 207 24 3 208 1 3 209 39 21 210 24 3 211 28 3 212 27 0 213 25 0 214 38 20 215 49 0 216 62 39 217 61 0 218 63 21 219 48 3 220 50 3 221 59 5 222 56 5 223 60 5 224 51 0 225 42 0 226 46 0 227 49 0 228 44 0 229 42 0 230 45 40 231 61 41 232 50 42 233 63 21 234 57 25 235 59 32 236 55 11 237 54 11 238 56 11 239 63 12 240 60 13 241 62 14 242 62 39 243 58 43 244 61 0 245 60 44 246 54 0 247 58 43 248 58 17 249 53 17 250 57 17 251 48 3 252 45 3 253 50 3 254 65 5 255 62 5 256 64 5 257 61 41 258 57 45 259 50 42 260 57 25 261 55 3 262 59 32 263 52 3 264 43 3 265 48 3 266 52 3 267 63 21 268 65 3 269 51 0 270 62 39 271 49 0 272 67 0 273 79 0 274 80 0 275 81 2 276 68 4 277 66 3 278 74 17 279 77 17 280 78 17 281 42 0 282 69 0 283 46 0 284 44 0 285 67 0 286 42 0 287 79 46 288 45 47 289 68 48 290 81 2 291 75 9 292 68 4 293 73 11 294 72 11 295 71 11 296 78 26 297 81 27 298 80 28 299 76 0 300 80 0 301 79 0 302 72 0 303 78 0 304 76 0 305 71 5 306 76 5 307 75 5 308 66 3 309 45 3 310 43 3 311 80 17 312 83 17 313 82 17 314 75 49 315 79 46 316 68 48 317 73 3 318 75 9 319 77 10 320 70 3 321 43 3 322 47 3 323 81 2 324 70 3 325 83 3 326 69 0 327 80 0 328 82 0 329 59 5 330 55 5 331 56 5 332 51 0 333 49 0 334 42 0 335 49 0 336 61 0 337 44 0 338 45 40 339 44 50 340 61 41 341 63 21 342 50 3 343 57 25 344 55 11 345 53 11 346 54 11 347 63 12 348 59 34 349 60 13 350 62 39 351 60 44 352 58 43 353 60 44 354 56 0 355 54 0 356 58 17 357 54 17 358 53 17 359 48 3 360 43 3 361 45 3 362 65 5 363 63 5 364 62 5 365 61 41 366 58 51 367 57 45 368 57 25 369 53 3 370 55 3 371 52 3 372 47 3 373 43 3 374 52 3 375 48 3 376 63 21 377 51 0 378 64 0 379 62 39 380 74 17 381 73 17 382 77 17 383 42 0 384 67 0 385 69 0 386 44 0 387 79 0 388 67 0 389 79 46 390 44 52 391 45 47 392 81 2 393 77 10 394 75 9 395 73 11 396 74 11 397 72 11 398 78 26 399 77 37 400 81 27 401 76 0 402 78 0 403 80 0 404 72 0 405 74 0 406 78 0 407 71 5 408 72 5 409 76 5 410 66 3 411 68 4 412 45 3 413 80 17 414 81 17 415 83 17 416 75 49 417 76 53 418 79 46 419 73 3 420 71 3 421 75 9 422 70 3 423 66 3 424 43 3 425 81 2 426 66 3 427 70 3 428 69 0 429 67 0 430 80 0 431 91 0 432 104 54 433 103 55 434 105 56 435 90 3 436 92 3 437 101 5 438 98 5 439 102 5 440 93 0 441 84 0 442 88 0 443 91 0 444 86 0 445 84 0 446 87 57 447 103 58 448 92 59 449 105 56 450 99 60 451 101 61 452 97 11 453 96 11 454 98 11 455 105 62 456 102 62 457 104 63 458 104 54 459 100 64 460 103 55 461 102 65 462 96 0 463 100 64 464 100 17 465 95 17 466 99 17 467 90 3 468 87 3 469 92 3 470 107 5 471 104 5 472 106 5 473 103 58 474 99 66 475 92 59 476 99 60 477 97 3 478 101 61 479 94 3 480 85 3 481 90 3 482 94 3 483 105 56 484 107 3 485 93 0 486 104 54 487 91 0 488 109 0 489 121 67 490 122 68 491 123 69 492 110 70 493 108 3 494 116 17 495 119 17 496 120 17 497 84 0 498 111 0 499 88 0 500 86 0 501 109 0 502 84 0 503 121 71 504 87 23 505 110 72 506 123 69 507 117 73 508 110 70 509 115 11 510 114 11 511 113 11 512 120 74 513 123 74 514 122 75 515 118 76 516 122 68 517 121 67 518 114 0 519 120 77 520 118 76 521 113 5 522 118 5 523 117 5 524 108 3 525 87 3 526 85 3 527 122 17 528 125 17 529 124 17 530 117 78 531 121 71 532 110 72 533 115 3 534 117 73 535 119 79 536 112 3 537 85 3 538 89 3 539 123 69 540 112 3 541 125 3 542 111 0 543 122 68 544 124 0 545 101 5 546 97 5 547 98 5 548 93 0 549 91 0 550 84 0 551 91 0 552 103 55 553 86 0 554 87 57 555 86 80 556 103 58 557 105 56 558 92 3 559 99 60 560 97 11 561 95 11 562 96 11 563 105 62 564 101 63 565 102 62 566 104 54 567 102 65 568 100 64 569 102 65 570 98 0 571 96 0 572 100 17 573 96 17 574 95 17 575 90 3 576 85 3 577 87 3 578 107 5 579 105 5 580 104 5 581 103 58 582 100 81 583 99 66 584 99 60 585 95 3 586 97 3 587 94 3 588 89 3 589 85 3 590 94 3 591 90 3 592 105 56 593 93 0 594 106 0 595 104 54 596 116 17 597 115 17 598 119 17 599 84 0 600 109 0 601 111 0 602 86 0 603 121 67 604 109 0 605 121 71 606 86 36 607 87 23 608 123 69 609 119 79 610 117 73 611 115 11 612 116 11 613 114 11 614 120 74 615 119 75 616 123 74 617 118 76 618 120 77 619 122 68 620 114 0 621 116 0 622 120 77 623 113 5 624 114 5 625 118 5 626 108 3 627 110 70 628 87 3 629 122 17 630 123 17 631 125 17 632 117 78 633 118 82 634 121 71 635 115 3 636 113 3 637 117 73 638 112 3 639 108 3 640 85 3 641 123 69 642 108 3 643 112 3 644 111 0 645 109 0 646 122 68 647 133 0 648 146 68 649 145 67 650 147 83 651 132 3 652 134 70 653 143 5 654 140 5 655 144 5 656 135 0 657 126 0 658 130 0 659 133 0 660 128 0 661 126 0 662 129 40 663 145 84 664 134 85 665 147 83 666 141 73 667 143 79 668 139 11 669 138 11 670 140 11 671 147 62 672 144 62 673 146 63 674 146 68 675 142 86 676 145 67 677 144 77 678 138 0 679 142 86 680 142 17 681 137 17 682 141 17 683 132 3 684 129 3 685 134 70 686 149 5 687 146 5 688 148 5 689 145 84 690 141 87 691 134 85 692 141 73 693 139 3 694 143 79 695 136 3 696 127 3 697 132 3 698 136 3 699 147 83 700 149 3 701 135 0 702 146 68 703 133 0 704 151 0 705 163 55 706 164 88 707 165 56 708 152 3 709 150 3 710 158 17 711 161 17 712 162 17 713 126 0 714 153 0 715 130 0 716 128 0 717 151 0 718 126 0 719 163 89 720 129 90 721 152 91 722 165 56 723 159 92 724 152 3 725 157 11 726 156 11 727 155 11 728 162 74 729 165 74 730 164 75 731 160 93 732 164 88 733 163 55 734 156 0 735 162 94 736 160 93 737 155 5 738 160 5 739 159 5 740 150 3 741 129 3 742 127 3 743 164 17 744 167 17 745 166 17 746 159 95 747 163 89 748 152 91 749 157 3 750 159 92 751 161 61 752 154 3 753 127 3 754 131 3 755 165 56 756 154 3 757 167 3 758 153 0 759 164 88 760 166 0 761 143 5 762 139 5 763 140 5 764 135 0 765 133 0 766 126 0 767 133 0 768 145 67 769 128 0 770 129 40 771 128 50 772 145 84 773 147 83 774 134 70 775 141 73 776 139 11 777 137 11 778 138 11 779 147 62 780 143 63 781 144 62 782 146 68 783 144 77 784 142 86 785 144 77 786 140 0 787 138 0 788 142 17 789 138 17 790 137 17 791 132 3 792 127 3 793 129 3 794 149 5 795 147 5 796 146 5 797 145 84 798 142 96 799 141 87 800 141 73 801 137 3 802 139 3 803 136 3 804 131 3 805 127 3 806 136 3 807 132 3 808 147 83 809 135 0 810 148 0 811 146 68 812 158 17 813 157 17 814 161 17 815 126 0 816 151 0 817 153 0 818 128 0 819 163 55 820 151 0 821 163 89 822 128 97 823 129 90 824 165 56 825 161 61 826 159 92 827 157 11 828 158 11 829 156 11 830 162 74 831 161 75 832 165 74 833 160 93 834 162 94 835 164 88 836 156 0 837 158 0 838 162 94 839 155 5 840 156 5 841 160 5 842 150 3 843 152 3 844 129 3 845 164 17 846 165 17 847 167 17 848 159 95 849 160 98 850 163 89 851 157 3 852 155 3 853 159 92 854 154 3 855 150 3 856 127 3 857 165 56 858 150 3 859 154 3 860 153 0 861 151 0 862 164 88 863 175 0 864 188 99 865 187 100 866 189 56 867 174 3 868 176 3 869 185 5 870 182 5 871 186 5 872 177 0 873 168 0 874 172 0 875 175 0 876 170 0 877 168 0 878 171 101 879 187 102 880 176 103 881 189 56 882 183 60 883 185 61 884 181 11 885 180 11 886 182 11 887 189 104 888 186 34 889 188 63 890 188 99 891 184 105 892 187 100 893 186 106 894 180 0 895 184 105 896 184 17 897 179 17 898 183 17 899 174 3 900 171 3 901 176 3 902 191 5 903 188 5 904 190 5 905 187 102 906 183 107 907 176 103 908 183 60 909 181 3 910 185 61 911 178 3 912 169 3 913 174 3 914 178 3 915 189 56 916 191 3 917 177 0 918 188 99 919 175 0 920 193 0 921 205 0 922 206 0 923 207 108 924 194 3 925 192 3 926 200 17 927 203 17 928 204 17 929 168 0 930 195 0 931 172 0 932 170 0 933 193 0 934 168 0 935 205 109 936 171 110 937 194 111 938 207 108 939 201 112 940 194 3 941 199 11 942 198 11 943 197 11 944 204 37 945 207 113 946 206 75 947 202 0 948 206 0 949 205 0 950 198 0 951 204 0 952 202 0 953 197 5 954 202 5 955 201 5 956 192 3 957 171 3 958 169 3 959 206 17 960 209 17 961 208 17 962 201 114 963 205 109 964 194 111 965 199 3 966 201 112 967 203 115 968 196 3 969 169 3 970 173 3 971 207 108 972 196 3 973 209 3 974 195 0 975 206 0 976 208 0 977 185 5 978 181 5 979 182 5 980 177 0 981 175 0 982 168 0 983 175 0 984 187 100 985 170 0 986 171 101 987 170 116 988 187 102 989 189 56 990 176 3 991 183 60 992 181 11 993 179 11 994 180 11 995 189 104 996 185 117 997 186 34 998 188 99 999 186 106 1000 184 105 1001 186 106 1002 182 0 1003 180 0 1004 184 17 1005 180 17 1006 179 17 1007 174 3 1008 169 3 1009 171 3 1010 191 5 1011 189 5 1012 188 5 1013 187 102 1014 184 118 1015 183 107 1016 183 60 1017 179 3 1018 181 3 1019 178 3 1020 173 3 1021 169 3 1022 178 3 1023 174 3 1024 189 56 1025 177 0 1026 190 0 1027 188 99 1028 200 17 1029 199 17 1030 203 17 1031 168 0 1032 193 0 1033 195 0 1034 170 0 1035 205 0 1036 193 0 1037 205 109 1038 170 36 1039 171 110 1040 207 108 1041 203 115 1042 201 112 1043 199 11 1044 200 11 1045 198 11 1046 204 37 1047 203 119 1048 207 113 1049 202 0 1050 204 0 1051 206 0 1052 198 0 1053 200 0 1054 204 0 1055 197 5 1056 198 5 1057 202 5 1058 192 3 1059 194 3 1060 171 3 1061 206 17 1062 207 17 1063 209 17 1064 201 114 1065 202 120 1066 205 109 1067 199 3 1068 197 3 1069 201 112 1070 196 3 1071 192 3 1072 169 3 1073 207 108 1074 192 3 1075 196 3 1076 195 0 1077 193 0 1078 206 0 1079 217 0 1080 230 0 1081 229 0 1082 231 108 1083 216 3 1084 218 3 1085 227 5 1086 224 5 1087 228 5 1088 219 0 1089 210 0 1090 214 0 1091 217 0 1092 212 0 1093 210 0 1094 213 121 1095 229 122 1096 218 123 1097 231 108 1098 225 112 1099 227 115 1100 223 11 1101 222 11 1102 224 11 1103 231 104 1104 228 34 1105 230 63 1106 230 0 1107 226 0 1108 229 0 1109 228 0 1110 222 0 1111 226 0 1112 226 17 1113 221 17 1114 225 17 1115 216 3 1116 213 3 1117 218 3 1118 233 5 1119 230 5 1120 232 5 1121 229 122 1122 225 124 1123 218 123 1124 225 112 1125 223 3 1126 227 115 1127 220 3 1128 211 3 1129 216 3 1130 220 3 1131 231 108 1132 233 3 1133 219 0 1134 230 0 1135 217 0 1136 235 0 1137 247 125 1138 248 126 1139 249 56 1140 236 3 1141 234 3 1142 242 17 1143 245 17 1144 246 17 1145 210 0 1146 237 0 1147 214 0 1148 212 0 1149 235 0 1150 210 0 1151 247 127 1152 213 128 1153 236 129 1154 249 56 1155 243 92 1156 236 3 1157 241 11 1158 240 11 1159 239 11 1160 246 37 1161 249 113 1162 248 75 1163 244 130 1164 248 126 1165 247 125 1166 240 0 1167 246 106 1168 244 130 1169 239 5 1170 244 5 1171 243 5 1172 234 3 1173 213 3 1174 211 3 1175 248 17 1176 251 17 1177 250 17 1178 243 131 1179 247 127 1180 236 129 1181 241 3 1182 243 92 1183 245 61 1184 238 3 1185 211 3 1186 215 3 1187 249 56 1188 238 3 1189 251 3 1190 237 0 1191 248 126 1192 250 0 1193 227 5 1194 223 5 1195 224 5 1196 219 0 1197 217 0 1198 210 0 1199 217 0 1200 229 0 1201 212 0 1202 213 121 1203 212 50 1204 229 122 1205 231 108 1206 218 3 1207 225 112 1208 223 11 1209 221 11 1210 222 11 1211 231 104 1212 227 117 1213 228 34 1214 230 0 1215 228 0 1216 226 0 1217 228 0 1218 224 0 1219 222 0 1220 226 17 1221 222 17 1222 221 17 1223 216 3 1224 211 3 1225 213 3 1226 233 5 1227 231 5 1228 230 5 1229 229 122 1230 226 132 1231 225 124 1232 225 112 1233 221 3 1234 223 3 1235 220 3 1236 215 3 1237 211 3 1238 220 3 1239 216 3 1240 231 108 1241 219 0 1242 232 0 1243 230 0 1244 242 17 1245 241 17 1246 245 17 1247 210 0 1248 235 0 1249 237 0 1250 212 0 1251 247 125 1252 235 0 1253 247 127 1254 212 133 1255 213 128 1256 249 56 1257 245 61 1258 243 92 1259 241 11 1260 242 11 1261 240 11 1262 246 37 1263 245 119 1264 249 113 1265 244 130 1266 246 106 1267 248 126 1268 240 0 1269 242 0 1270 246 106 1271 239 5 1272 240 5 1273 244 5 1274 234 3 1275 236 3 1276 213 3 1277 248 17 1278 249 17 1279 251 17 1280 243 131 1281 244 134 1282 247 127 1283 241 3 1284 239 3 1285 243 92 1286 238 3 1287 234 3 1288 211 3 1289 249 56 1290 234 3 1291 238 3 1292 237 0 1293 235 0 1294 248 126 1295 259 0 1296 272 1 1297 271 0 1298 273 135 1299 258 3 1300 260 136 1301 269 5 1302 266 5 1303 270 5 1304 261 0 1305 252 0 1306 256 0 1307 259 0 1308 254 0 1309 252 0 1310 255 137 1311 271 138 1312 260 139 1313 273 135 1314 267 140 1315 269 10 1316 265 11 1317 264 11 1318 266 11 1319 273 12 1320 270 13 1321 272 14 1322 272 1 1323 268 15 1324 271 0 1325 270 16 1326 264 0 1327 268 15 1328 268 17 1329 263 17 1330 267 17 1331 258 3 1332 255 3 1333 260 136 1334 275 5 1335 272 5 1336 274 5 1337 271 138 1338 267 141 1339 260 139 1340 267 140 1341 265 3 1342 269 10 1343 262 3 1344 253 3 1345 258 3 1346 262 3 1347 273 135 1348 275 3 1349 261 0 1350 272 1 1351 259 0 1352 277 0 1353 289 0 1354 290 0 1355 291 21 1356 278 3 1357 276 3 1358 284 17 1359 287 17 1360 288 17 1361 252 0 1362 279 0 1363 256 0 1364 254 0 1365 277 0 1366 252 0 1367 289 22 1368 255 23 1369 278 24 1370 291 21 1371 285 25 1372 278 3 1373 283 11 1374 282 11 1375 281 11 1376 288 26 1377 291 27 1378 290 28 1379 286 0 1380 290 0 1381 289 0 1382 282 0 1383 288 0 1384 286 0 1385 281 5 1386 286 5 1387 285 5 1388 276 3 1389 255 3 1390 253 3 1391 290 17 1392 293 17 1393 292 17 1394 285 31 1395 289 22 1396 278 24 1397 283 3 1398 285 25 1399 287 32 1400 280 3 1401 253 3 1402 257 3 1403 291 21 1404 280 3 1405 293 3 1406 279 0 1407 290 0 1408 292 0 1409 269 5 1410 265 5 1411 266 5 1412 261 0 1413 259 0 1414 252 0 1415 259 0 1416 271 0 1417 254 0 1418 255 137 1419 254 80 1420 271 138 1421 273 135 1422 260 136 1423 267 140 1424 265 11 1425 263 11 1426 264 11 1427 273 12 1428 269 34 1429 270 13 1430 272 1 1431 270 16 1432 268 15 1433 270 16 1434 266 0 1435 264 0 1436 268 17 1437 264 17 1438 263 17 1439 258 3 1440 253 3 1441 255 3 1442 275 5 1443 273 5 1444 272 5 1445 271 138 1446 268 142 1447 267 141 1448 267 140 1449 263 3 1450 265 3 1451 262 3 1452 257 3 1453 253 3 1454 262 3 1455 258 3 1456 273 135 1457 261 0 1458 274 0 1459 272 1 1460 284 17 1461 283 17 1462 287 17 1463 252 0 1464 277 0 1465 279 0 1466 254 0 1467 289 0 1468 277 0 1469 289 22 1470 254 36 1471 255 23 1472 291 21 1473 287 32 1474 285 25 1475 283 11 1476 284 11 1477 282 11 1478 288 26 1479 287 37 1480 291 27 1481 286 0 1482 288 0 1483 290 0 1484 282 0 1485 284 0 1486 288 0 1487 281 5 1488 282 5 1489 286 5 1490 276 3 1491 278 3 1492 255 3 1493 290 17 1494 291 17 1495 293 17 1496 285 31 1497 286 38 1498 289 22 1499 283 3 1500 281 3 1501 285 25 1502 280 3 1503 276 3 1504 253 3 1505 291 21 1506 276 3 1507 280 3 1508 279 0 1509 277 0 1510 290 0 1511 301 0 1512 314 39 1513 313 0 1514 315 21 1515 300 3 1516 302 3 1517 311 5 1518 308 5 1519 312 5 1520 303 0 1521 294 0 1522 298 0 1523 301 0 1524 296 0 1525 294 0 1526 297 40 1527 313 41 1528 302 42 1529 315 21 1530 309 25 1531 311 32 1532 307 11 1533 306 11 1534 308 11 1535 315 12 1536 312 13 1537 314 14 1538 314 39 1539 310 43 1540 313 0 1541 312 44 1542 306 0 1543 310 43 1544 310 17 1545 305 17 1546 309 17 1547 300 3 1548 297 3 1549 302 3 1550 317 5 1551 314 5 1552 316 5 1553 313 41 1554 309 45 1555 302 42 1556 309 25 1557 307 3 1558 311 32 1559 304 3 1560 295 3 1561 300 3 1562 304 3 1563 315 21 1564 317 3 1565 303 0 1566 314 39 1567 301 0 1568 319 0 1569 331 100 1570 332 143 1571 333 135 1572 320 136 1573 318 3 1574 326 17 1575 329 17 1576 330 17 1577 294 0 1578 321 0 1579 298 0 1580 296 0 1581 319 0 1582 294 0 1583 331 144 1584 297 145 1585 320 146 1586 333 135 1587 327 147 1588 320 136 1589 325 11 1590 324 11 1591 323 11 1592 330 26 1593 333 27 1594 332 28 1595 328 148 1596 332 143 1597 331 100 1598 324 0 1599 330 149 1600 328 148 1601 323 5 1602 328 5 1603 327 5 1604 318 3 1605 297 3 1606 295 3 1607 332 17 1608 335 17 1609 334 17 1610 327 150 1611 331 144 1612 320 146 1613 325 3 1614 327 147 1615 329 10 1616 322 3 1617 295 3 1618 299 3 1619 333 135 1620 322 3 1621 335 3 1622 321 0 1623 332 143 1624 334 0 1625 311 5 1626 307 5 1627 308 5 1628 303 0 1629 301 0 1630 294 0 1631 301 0 1632 313 0 1633 296 0 1634 297 40 1635 296 50 1636 313 41 1637 315 21 1638 302 3 1639 309 25 1640 307 11 1641 305 11 1642 306 11 1643 315 12 1644 311 34 1645 312 13 1646 314 39 1647 312 44 1648 310 43 1649 312 44 1650 308 0 1651 306 0 1652 310 17 1653 306 17 1654 305 17 1655 300 3 1656 295 3 1657 297 3 1658 317 5 1659 315 5 1660 314 5 1661 313 41 1662 310 51 1663 309 45 1664 309 25 1665 305 3 1666 307 3 1667 304 3 1668 299 3 1669 295 3 1670 304 3 1671 300 3 1672 315 21 1673 303 0 1674 316 0 1675 314 39 1676 326 17 1677 325 17 1678 329 17 1679 294 0 1680 319 0 1681 321 0 1682 296 0 1683 331 100 1684 319 0 1685 331 144 1686 296 97 1687 297 145 1688 333 135 1689 329 10 1690 327 147 1691 325 11 1692 326 11 1693 324 11 1694 330 26 1695 329 37 1696 333 27 1697 328 148 1698 330 149 1699 332 143 1700 324 0 1701 326 0 1702 330 149 1703 323 5 1704 324 5 1705 328 5 1706 318 3 1707 320 136 1708 297 3 1709 332 17 1710 333 17 1711 335 17 1712 327 150 1713 328 151 1714 331 144 1715 325 3 1716 323 3 1717 327 147 1718 322 3 1719 318 3 1720 295 3 1721 333 135 1722 318 3 1723 322 3 1724 321 0 1725 319 0 1726 332 143 1727 351 0 1728 364 0 1729 363 0 1730 365 3 1731 350 3 1732 352 3 1733 361 5 1734 358 5 1735 362 5 1736 353 0 1737 344 0 1738 348 0 1739 351 0 1740 346 0 1741 344 0 1742 347 101 1743 363 152 1744 352 153 1745 365 3 1746 359 3 1747 361 3 1748 357 11 1749 356 11 1750 358 11 1751 365 154 1752 362 154 1753 364 155 1754 364 0 1755 360 0 1756 363 0 1757 362 0 1758 356 0 1759 360 0 1760 360 17 1761 355 17 1762 359 17 1763 350 3 1764 347 3 1765 352 3 1766 367 5 1767 364 5 1768 366 5 1769 363 152 1770 359 156 1771 352 153 1772 359 3 1773 357 3 1774 361 3 1775 354 3 1776 345 3 1777 350 3 1778 354 3 1779 365 3 1780 367 3 1781 353 0 1782 364 0 1783 351 0 1784 369 0 1785 381 0 1786 382 0 1787 383 157 1788 370 158 1789 368 3 1790 376 17 1791 379 17 1792 380 17 1793 344 0 1794 371 0 1795 348 0 1796 346 0 1797 369 0 1798 344 0 1799 381 159 1800 347 160 1801 370 161 1802 383 157 1803 377 162 1804 370 158 1805 375 11 1806 374 11 1807 373 11 1808 380 163 1809 383 163 1810 382 164 1811 378 0 1812 382 0 1813 381 0 1814 374 0 1815 380 0 1816 378 0 1817 373 5 1818 378 5 1819 377 5 1820 368 3 1821 347 3 1822 345 3 1823 382 17 1824 385 17 1825 384 17 1826 377 165 1827 381 159 1828 370 161 1829 375 3 1830 377 162 1831 379 3 1832 372 3 1833 345 3 1834 349 3 1835 383 157 1836 372 3 1837 385 3 1838 371 0 1839 382 0 1840 384 0 1841 361 5 1842 357 5 1843 358 5 1844 353 0 1845 351 0 1846 344 0 1847 351 0 1848 363 0 1849 346 0 1850 347 101 1851 346 166 1852 363 152 1853 365 3 1854 352 3 1855 359 3 1856 357 11 1857 355 11 1858 356 11 1859 365 154 1860 361 155 1861 362 154 1862 364 0 1863 362 0 1864 360 0 1865 362 0 1866 358 0 1867 356 0 1868 360 17 1869 356 17 1870 355 17 1871 350 3 1872 345 3 1873 347 3 1874 367 5 1875 365 5 1876 364 5 1877 363 152 1878 360 167 1879 359 156 1880 359 3 1881 355 3 1882 357 3 1883 354 3 1884 349 3 1885 345 3 1886 354 3 1887 350 3 1888 365 3 1889 353 0 1890 366 0 1891 364 0 1892 376 17 1893 375 17 1894 379 17 1895 344 0 1896 369 0 1897 371 0 1898 346 0 1899 381 0 1900 369 0 1901 381 159 1902 346 168 1903 347 160 1904 383 157 1905 379 3 1906 377 162 1907 375 11 1908 376 11 1909 374 11 1910 380 163 1911 379 164 1912 383 163 1913 378 0 1914 380 0 1915 382 0 1916 374 0 1917 376 0 1918 380 0 1919 373 5 1920 374 5 1921 378 5 1922 368 3 1923 370 158 1924 347 3 1925 382 17 1926 383 17 1927 385 17 1928 377 165 1929 378 169 1930 381 159 1931 375 3 1932 373 3 1933 377 162 1934 372 3 1935 368 3 1936 345 3 1937 383 157 1938 368 3 1939 372 3 1940 371 0 1941 369 0 1942 382 0 1943 393 0 1944 406 0 1945 405 0 1946 407 170 1947 392 3 1948 394 158 1949 403 5 1950 400 5 1951 404 5 1952 395 0 1953 386 0 1954 390 0 1955 393 0 1956 388 0 1957 386 0 1958 389 171 1959 405 122 1960 394 172 1961 407 170 1962 401 162 1963 403 3 1964 399 11 1965 398 11 1966 400 11 1967 407 154 1968 404 154 1969 406 155 1970 406 0 1971 402 0 1972 405 0 1973 404 0 1974 398 0 1975 402 0 1976 402 17 1977 397 17 1978 401 17 1979 392 3 1980 389 3 1981 394 158 1982 409 5 1983 406 5 1984 408 5 1985 405 122 1986 401 173 1987 394 172 1988 401 162 1989 399 3 1990 403 3 1991 396 3 1992 387 3 1993 392 3 1994 396 3 1995 407 170 1996 409 3 1997 395 0 1998 406 0 1999 393 0 2000 411 0 2001 423 174 2002 424 175 2003 425 3 2004 412 3 2005 410 3 2006 418 17 2007 421 17 2008 422 17 2009 386 0 2010 413 0 2011 390 0 2012 388 0 2013 411 0 2014 386 0 2015 423 176 2016 389 128 2017 412 177 2018 425 3 2019 419 3 2020 412 3 2021 417 11 2022 416 11 2023 415 11 2024 422 163 2025 425 163 2026 424 164 2027 420 178 2028 424 175 2029 423 174 2030 416 0 2031 422 0 2032 420 178 2033 415 5 2034 420 5 2035 419 5 2036 410 3 2037 389 3 2038 387 3 2039 424 17 2040 427 17 2041 426 17 2042 419 179 2043 423 176 2044 412 177 2045 417 3 2046 419 3 2047 421 3 2048 414 3 2049 387 3 2050 391 3 2051 425 3 2052 414 3 2053 427 3 2054 413 0 2055 424 175 2056 426 0 2057 403 5 2058 399 5 2059 400 5 2060 395 0 2061 393 0 2062 386 0 2063 393 0 2064 405 0 2065 388 0 2066 389 171 2067 388 180 2068 405 122 2069 407 170 2070 394 158 2071 401 162 2072 399 11 2073 397 11 2074 398 11 2075 407 154 2076 403 155 2077 404 154 2078 406 0 2079 404 0 2080 402 0 2081 404 0 2082 400 0 2083 398 0 2084 402 17 2085 398 17 2086 397 17 2087 392 3 2088 387 3 2089 389 3 2090 409 5 2091 407 5 2092 406 5 2093 405 122 2094 402 181 2095 401 173 2096 401 162 2097 397 3 2098 399 3 2099 396 3 2100 391 3 2101 387 3 2102 396 3 2103 392 3 2104 407 170 2105 395 0 2106 408 0 2107 406 0 2108 418 17 2109 417 17 2110 421 17 2111 386 0 2112 411 0 2113 413 0 2114 388 0 2115 423 174 2116 411 0 2117 423 176 2118 388 182 2119 389 128 2120 425 3 2121 421 3 2122 419 3 2123 417 11 2124 418 11 2125 416 11 2126 422 163 2127 421 164 2128 425 163 2129 420 178 2130 422 0 2131 424 175 2132 416 0 2133 418 0 2134 422 0 2135 415 5 2136 416 5 2137 420 5 2138 410 3 2139 412 3 2140 389 3 2141 424 17 2142 425 17 2143 427 17 2144 419 179 2145 420 183 2146 423 176 2147 417 3 2148 415 3 2149 419 3 2150 414 3 2151 410 3 2152 387 3 2153 425 3 2154 410 3 2155 414 3 2156 413 0 2157 411 0 2158 424 175 2159 432 184 2160 428 185 2161 429 186 2162 431 187 2163 430 188 2164 428 185 2165 434 189 2166 432 184 2167 435 190 2168 436 191 2169 431 187 2170 434 189 2171 432 184 2172 431 187 2173 428 185 2174 431 187 2175 433 192 2176 430 188 2177 434 189 2178 431 187 2179 432 184 2180 436 191 2181 433 192 2182 431 187 2183 339 193 2184 429 194 2185 337 195 2186 343 196 2187 434 197 2188 341 198 2189 338 199 2190 428 200 2191 430 201 2192 337 202 2193 428 200 2194 336 203 2195 339 193 2196 435 204 2197 432 205 2198 342 206 2199 434 197 2200 435 207 2201 340 208 2202 430 209 2203 433 210 2204 340 208 2205 436 211 2206 343 212 2207 458 213 2208 461 214 2209 462 215 2210 440 11 2211 458 11 2212 437 11 2213 438 17 2214 440 17 2215 437 17 2216 441 0 2217 437 0 2218 442 0 2219 443 5 2220 442 5 2221 444 5 2222 445 3 2223 451 3 2224 447 3 2225 444 11 2226 457 11 2227 440 11 2228 447 216 2229 456 217 2230 455 17 2231 446 5 2232 454 5 2233 453 5 2234 445 5 2235 454 5 2236 449 5 2237 448 218 2238 456 217 2239 452 219 2240 442 11 2241 459 11 2242 444 11 2243 437 11 2244 460 11 2245 442 11 2246 459 220 2247 461 221 2248 457 222 2249 460 223 2250 462 224 2251 463 225 2252 460 226 2253 464 227 2254 459 228 2255 465 229 2256 467 230 2257 468 231 2258 469 232 2259 468 233 2260 470 234 2261 470 235 2262 472 236 2263 469 237 2264 469 238 2265 474 239 2266 473 240 2267 475 241 2268 474 242 2269 476 17 2270 478 0 2271 480 0 2272 477 0 2273 468 233 2274 475 243 2275 470 234 2276 483 5 2277 477 5 2278 482 5 2279 485 244 2280 487 245 2281 484 17 2282 480 246 2283 485 244 2284 484 17 2285 488 5 2286 483 5 2287 482 5 2288 481 247 2289 473 248 2290 475 243 2291 490 249 2292 469 232 2293 473 248 2294 491 250 2295 467 251 2296 466 252 2297 467 253 2298 481 254 2299 468 255 2300 490 256 2301 466 257 2302 465 258 2303 492 259 2304 490 260 2305 481 261 2306 449 262 2307 485 263 2308 479 264 2309 444 3 2310 476 3 2311 443 3 2312 450 265 2313 485 263 2314 454 11 2315 439 3 2316 470 3 2317 440 3 2318 449 262 2319 478 266 2320 451 267 2321 440 11 2322 475 11 2323 444 11 2324 456 268 2325 489 269 2326 452 270 2327 447 271 2328 482 271 2329 477 271 2330 445 271 2331 484 271 2332 453 271 2333 451 267 2334 483 272 2335 456 268 2336 441 11 2337 472 11 2338 438 11 2339 447 271 2340 480 271 2341 445 271 2342 446 3 2343 486 3 2344 450 3 2345 448 271 2346 482 271 2347 455 271 2348 452 3 2349 488 3 2350 448 3 2351 443 11 2352 474 11 2353 441 11 2354 453 271 2355 487 271 2356 446 271 2357 439 11 2358 472 11 2359 471 11 2360 508 0 2361 521 273 2362 520 0 2363 499 274 2364 497 275 2365 498 276 2366 494 277 2367 500 278 2368 496 279 2369 494 280 2370 498 281 2371 497 282 2372 493 283 2373 499 284 2374 498 285 2375 496 286 2376 499 287 2377 495 288 2378 522 3 2379 507 3 2380 509 3 2381 518 289 2382 515 5 2383 519 290 2384 510 0 2385 501 0 2386 505 0 2387 508 0 2388 503 0 2389 501 0 2390 504 291 2391 520 292 2392 509 293 2393 522 3 2394 516 3 2395 518 3 2396 514 11 2397 513 11 2398 515 11 2399 522 294 2400 519 290 2401 521 295 2402 521 273 2403 517 296 2404 520 0 2405 519 297 2406 513 0 2407 517 296 2408 517 298 2409 512 17 2410 516 299 2411 507 3 2412 504 3 2413 509 3 2414 524 5 2415 521 295 2416 523 5 2417 520 292 2418 516 299 2419 509 293 2420 516 3 2421 514 3 2422 518 3 2423 511 3 2424 502 3 2425 507 3 2426 511 3 2427 522 3 2428 524 3 2429 510 0 2430 521 273 2431 508 0 2432 526 0 2433 538 0 2434 539 0 2435 540 300 2436 527 301 2437 525 3 2438 533 17 2439 536 302 2440 537 303 2441 501 0 2442 528 0 2443 505 0 2444 503 0 2445 526 0 2446 501 0 2447 538 304 2448 504 305 2449 527 306 2450 540 300 2451 534 307 2452 527 301 2453 532 11 2454 531 11 2455 530 11 2456 537 303 2457 540 308 2458 539 309 2459 535 0 2460 539 0 2461 538 0 2462 531 0 2463 537 0 2464 535 0 2465 530 5 2466 535 310 2467 534 311 2468 525 3 2469 504 3 2470 502 3 2471 539 309 2472 542 17 2473 541 17 2474 534 311 2475 538 304 2476 527 306 2477 532 3 2478 534 307 2479 536 3 2480 529 3 2481 502 3 2482 506 3 2483 540 300 2484 529 3 2485 542 3 2486 528 0 2487 539 0 2488 541 0 2489 518 289 2490 514 5 2491 515 5 2492 510 0 2493 508 0 2494 501 0 2495 508 0 2496 520 0 2497 503 0 2498 504 291 2499 503 312 2500 520 292 2501 522 3 2502 509 3 2503 516 3 2504 514 11 2505 512 11 2506 513 11 2507 522 294 2508 518 289 2509 519 290 2510 521 273 2511 519 297 2512 517 296 2513 519 297 2514 515 0 2515 513 0 2516 517 298 2517 513 17 2518 512 17 2519 507 3 2520 502 3 2521 504 3 2522 524 5 2523 522 294 2524 521 295 2525 520 292 2526 517 298 2527 516 299 2528 516 3 2529 512 3 2530 514 3 2531 511 3 2532 506 3 2533 502 3 2534 511 3 2535 507 3 2536 522 3 2537 510 0 2538 523 0 2539 521 273 2540 533 17 2541 532 17 2542 536 302 2543 501 0 2544 526 0 2545 528 0 2546 503 0 2547 538 0 2548 526 0 2549 538 304 2550 503 313 2551 504 305 2552 540 300 2553 536 3 2554 534 307 2555 532 11 2556 533 11 2557 531 11 2558 537 303 2559 536 302 2560 540 308 2561 535 0 2562 537 0 2563 539 0 2564 531 0 2565 533 0 2566 537 0 2567 530 5 2568 531 5 2569 535 310 2570 525 3 2571 527 301 2572 504 3 2573 539 309 2574 540 308 2575 542 17 2576 534 311 2577 535 310 2578 538 304 2579 532 3 2580 530 3 2581 534 307 2582 529 3 2583 525 3 2584 502 3 2585 540 300 2586 525 3 2587 529 3 2588 528 0 2589 526 0 2590 539 0 2591 550 0 2592 563 314 2593 562 0 2594 564 315 2595 549 3 2596 551 316 2597 560 317 2598 557 5 2599 561 318 2600 552 0 2601 543 0 2602 547 0 2603 550 0 2604 545 0 2605 543 0 2606 546 291 2607 562 319 2608 551 293 2609 564 315 2610 558 320 2611 560 3 2612 556 11 2613 555 11 2614 557 11 2615 564 321 2616 561 318 2617 563 322 2618 563 314 2619 559 323 2620 562 0 2621 561 324 2622 555 0 2623 559 323 2624 559 325 2625 554 17 2626 558 326 2627 549 3 2628 546 3 2629 551 316 2630 566 5 2631 563 322 2632 565 5 2633 562 319 2634 558 326 2635 551 293 2636 558 320 2637 556 3 2638 560 3 2639 553 3 2640 544 3 2641 549 3 2642 553 3 2643 564 315 2644 566 3 2645 552 0 2646 563 314 2647 550 0 2648 568 0 2649 580 327 2650 581 328 2651 582 329 2652 569 330 2653 567 3 2654 575 17 2655 578 302 2656 579 303 2657 543 0 2658 570 0 2659 547 0 2660 545 0 2661 568 0 2662 543 0 2663 580 304 2664 546 305 2665 569 306 2666 582 329 2667 576 331 2668 569 330 2669 574 11 2670 573 11 2671 572 11 2672 579 303 2673 582 308 2674 581 309 2675 577 332 2676 581 328 2677 580 327 2678 573 0 2679 579 333 2680 577 332 2681 572 5 2682 577 310 2683 576 311 2684 567 3 2685 546 3 2686 544 3 2687 581 309 2688 584 17 2689 583 17 2690 576 311 2691 580 304 2692 569 306 2693 574 3 2694 576 331 2695 578 3 2696 571 3 2697 544 3 2698 548 3 2699 582 329 2700 571 3 2701 584 3 2702 570 0 2703 581 328 2704 583 0 2705 560 317 2706 556 5 2707 557 5 2708 552 0 2709 550 0 2710 543 0 2711 550 0 2712 562 0 2713 545 0 2714 546 291 2715 545 312 2716 562 319 2717 564 315 2718 551 316 2719 558 320 2720 556 11 2721 554 11 2722 555 11 2723 564 321 2724 560 317 2725 561 318 2726 563 314 2727 561 324 2728 559 323 2729 561 324 2730 557 0 2731 555 0 2732 559 325 2733 555 17 2734 554 17 2735 549 3 2736 544 3 2737 546 3 2738 566 5 2739 564 321 2740 563 322 2741 562 319 2742 559 325 2743 558 326 2744 558 320 2745 554 3 2746 556 3 2747 553 3 2748 548 3 2749 544 3 2750 553 3 2751 549 3 2752 564 315 2753 552 0 2754 565 0 2755 563 314 2756 575 17 2757 574 17 2758 578 302 2759 543 0 2760 568 0 2761 570 0 2762 545 0 2763 580 327 2764 568 0 2765 580 304 2766 545 313 2767 546 305 2768 582 329 2769 578 3 2770 576 331 2771 574 11 2772 575 11 2773 573 11 2774 579 303 2775 578 302 2776 582 308 2777 577 332 2778 579 333 2779 581 328 2780 573 0 2781 575 0 2782 579 333 2783 572 5 2784 573 5 2785 577 310 2786 567 3 2787 569 330 2788 546 3 2789 581 309 2790 582 308 2791 584 17 2792 576 311 2793 577 310 2794 580 304 2795 574 3 2796 572 3 2797 576 331 2798 571 3 2799 567 3 2800 544 3 2801 582 329 2802 567 3 2803 571 3 2804 570 0 2805 568 0 2806 581 328 2807 592 0 2808 605 273 2809 604 0 2810 606 334 2811 591 3 2812 593 3 2813 602 335 2814 599 5 2815 603 336 2816 594 0 2817 585 0 2818 589 0 2819 592 0 2820 587 0 2821 585 0 2822 588 337 2823 604 338 2824 593 339 2825 606 334 2826 600 340 2827 602 341 2828 598 11 2829 597 11 2830 599 11 2831 606 342 2832 603 336 2833 605 343 2834 605 273 2835 601 296 2836 604 0 2837 603 297 2838 597 0 2839 601 296 2840 601 344 2841 596 17 2842 600 345 2843 591 3 2844 588 3 2845 593 3 2846 608 5 2847 605 343 2848 607 5 2849 604 338 2850 600 345 2851 593 339 2852 600 340 2853 598 3 2854 602 341 2855 595 3 2856 586 3 2857 591 3 2858 595 3 2859 606 334 2860 608 3 2861 594 0 2862 605 273 2863 592 0 2864 610 0 2865 622 0 2866 623 0 2867 624 3 2868 611 3 2869 609 3 2870 617 17 2871 620 346 2872 621 347 2873 585 0 2874 612 0 2875 589 0 2876 587 0 2877 610 0 2878 585 0 2879 622 348 2880 588 349 2881 611 350 2882 624 3 2883 618 3 2884 611 3 2885 616 11 2886 615 11 2887 614 11 2888 621 347 2889 624 351 2890 623 352 2891 619 0 2892 623 0 2893 622 0 2894 615 0 2895 621 0 2896 619 0 2897 614 5 2898 619 353 2899 618 354 2900 609 3 2901 588 3 2902 586 3 2903 623 352 2904 626 17 2905 625 17 2906 618 354 2907 622 348 2908 611 350 2909 616 3 2910 618 3 2911 620 3 2912 613 3 2913 586 3 2914 590 3 2915 624 3 2916 613 3 2917 626 3 2918 612 0 2919 623 0 2920 625 0 2921 602 335 2922 598 5 2923 599 5 2924 594 0 2925 592 0 2926 585 0 2927 592 0 2928 604 0 2929 587 0 2930 588 337 2931 587 355 2932 604 338 2933 606 334 2934 593 3 2935 600 340 2936 598 11 2937 596 11 2938 597 11 2939 606 342 2940 602 335 2941 603 336 2942 605 273 2943 603 297 2944 601 296 2945 603 297 2946 599 0 2947 597 0 2948 601 344 2949 597 17 2950 596 17 2951 591 3 2952 586 3 2953 588 3 2954 608 5 2955 606 342 2956 605 343 2957 604 338 2958 601 344 2959 600 345 2960 600 340 2961 596 3 2962 598 3 2963 595 3 2964 590 3 2965 586 3 2966 595 3 2967 591 3 2968 606 334 2969 594 0 2970 607 0 2971 605 273 2972 617 17 2973 616 17 2974 620 346 2975 585 0 2976 610 0 2977 612 0 2978 587 0 2979 622 0 2980 610 0 2981 622 348 2982 587 356 2983 588 349 2984 624 3 2985 620 3 2986 618 3 2987 616 11 2988 617 11 2989 615 11 2990 621 347 2991 620 346 2992 624 351 2993 619 0 2994 621 0 2995 623 0 2996 615 0 2997 617 0 2998 621 0 2999 614 5 3000 615 5 3001 619 353 3002 609 3 3003 611 3 3004 588 3 3005 623 352 3006 624 351 3007 626 17 3008 618 354 3009 619 353 3010 622 348 3011 616 3 3012 614 3 3013 618 3 3014 613 3 3015 609 3 3016 586 3 3017 624 3 3018 609 3 3019 613 3 3020 612 0 3021 610 0 3022 623 0 3023 634 0 3024 647 314 3025 646 0 3026 648 357 3027 633 3 3028 635 3 3029 644 335 3030 641 5 3031 645 358 3032 636 0 3033 627 0 3034 631 0 3035 634 0 3036 629 0 3037 627 0 3038 630 337 3039 646 359 3040 635 360 3041 648 357 3042 642 361 3043 644 362 3044 640 11 3045 639 11 3046 641 11 3047 648 363 3048 645 358 3049 647 364 3050 647 314 3051 643 323 3052 646 0 3053 645 324 3054 639 0 3055 643 323 3056 643 365 3057 638 17 3058 642 366 3059 633 3 3060 630 3 3061 635 3 3062 650 5 3063 647 364 3064 649 5 3065 646 359 3066 642 366 3067 635 360 3068 642 361 3069 640 3 3070 644 362 3071 637 3 3072 628 3 3073 633 3 3074 637 3 3075 648 357 3076 650 3 3077 636 0 3078 647 314 3079 634 0 3080 652 0 3081 664 367 3082 665 368 3083 666 369 3084 653 3 3085 651 3 3086 659 17 3087 662 370 3088 663 371 3089 627 0 3090 654 0 3091 631 0 3092 629 0 3093 652 0 3094 627 0 3095 664 348 3096 630 349 3097 653 350 3098 666 369 3099 660 372 3100 653 3 3101 658 11 3102 657 11 3103 656 11 3104 663 371 3105 666 373 3106 665 374 3107 661 375 3108 665 368 3109 664 367 3110 657 0 3111 663 0 3112 661 375 3113 656 5 3114 661 353 3115 660 354 3116 651 3 3117 630 3 3118 628 3 3119 665 374 3120 668 17 3121 667 17 3122 660 354 3123 664 348 3124 653 350 3125 658 3 3126 660 372 3127 662 376 3128 655 3 3129 628 3 3130 632 3 3131 666 369 3132 655 3 3133 668 3 3134 654 0 3135 665 368 3136 667 0 3137 644 335 3138 640 5 3139 641 5 3140 636 0 3141 634 0 3142 627 0 3143 634 0 3144 646 0 3145 629 0 3146 630 337 3147 629 355 3148 646 359 3149 648 357 3150 635 3 3151 642 361 3152 640 11 3153 638 11 3154 639 11 3155 648 363 3156 644 335 3157 645 358 3158 647 314 3159 645 324 3160 643 323 3161 645 324 3162 641 0 3163 639 0 3164 643 365 3165 639 17 3166 638 17 3167 633 3 3168 628 3 3169 630 3 3170 650 5 3171 648 363 3172 647 364 3173 646 359 3174 643 365 3175 642 366 3176 642 361 3177 638 3 3178 640 3 3179 637 3 3180 632 3 3181 628 3 3182 637 3 3183 633 3 3184 648 357 3185 636 0 3186 649 0 3187 647 314 3188 659 17 3189 658 17 3190 662 370 3191 627 0 3192 652 0 3193 654 0 3194 629 0 3195 664 367 3196 652 0 3197 664 348 3198 629 356 3199 630 349 3200 666 369 3201 662 376 3202 660 372 3203 658 11 3204 659 11 3205 657 11 3206 663 371 3207 662 370 3208 666 373 3209 661 375 3210 663 0 3211 665 368 3212 657 0 3213 659 0 3214 663 0 3215 656 5 3216 657 5 3217 661 353 3218 651 3 3219 653 3 3220 630 3 3221 665 374 3222 666 373 3223 668 17 3224 660 354 3225 661 353 3226 664 348 3227 658 3 3228 656 3 3229 660 372 3230 655 3 3231 651 3 3232 628 3 3233 666 369 3234 651 3 3235 655 3 3236 654 0 3237 652 0 3238 665 368 3239 671 377 3240 670 378 3241 669 379 3242 674 380 3243 671 381 3244 669 380 3245 671 382 3246 676 383 3247 672 384 3248 672 385 3249 673 386 3250 670 387 3251 673 388 3252 669 389 3253 670 390 3254 339 193 3255 432 205 3256 429 194 3257 343 196 3258 436 391 3259 434 197 3260 338 199 3261 336 203 3262 428 200 3263 337 202 3264 429 392 3265 428 200 3266 339 193 3267 342 393 3268 435 204 3269 342 206 3270 341 198 3271 434 197 3272 340 208 3273 338 394 3274 430 209 3275 340 208 3276 433 210 3277 436 211 3278 458 213 3279 457 395 3280 461 214 3281 440 11 3282 457 11 3283 458 11 3284 438 17 3285 439 17 3286 440 17 3287 441 0 3288 438 0 3289 437 0 3290 443 5 3291 441 5 3292 442 5 3293 445 3 3294 449 3 3295 451 3 3296 444 11 3297 459 11 3298 457 11 3299 447 216 3300 451 396 3301 456 217 3302 446 5 3303 450 5 3304 454 5 3305 445 5 3306 453 5 3307 454 5 3308 448 218 3309 455 17 3310 456 217 3311 442 11 3312 460 11 3313 459 11 3314 437 11 3315 458 11 3316 460 11 3317 459 220 3318 464 397 3319 461 221 3320 460 223 3321 458 398 3322 462 224 3323 460 226 3324 463 399 3325 464 227 3326 465 229 3327 466 400 3328 467 230 3329 469 232 3330 465 401 3331 468 233 3332 470 235 3333 471 5 3334 472 236 3335 469 238 3336 472 402 3337 474 239 3338 475 241 3339 473 403 3340 474 242 3341 478 0 3342 479 0 3343 480 0 3344 468 233 3345 481 247 3346 475 243 3347 483 5 3348 478 5 3349 477 5 3350 485 244 3351 486 404 3352 487 245 3353 480 246 3354 479 405 3355 485 244 3356 488 5 3357 489 5 3358 483 5 3359 481 247 3360 490 249 3361 473 248 3362 490 249 3363 465 401 3364 469 232 3365 491 250 3366 492 406 3367 467 251 3368 467 253 3369 492 407 3370 481 254 3371 490 256 3372 491 408 3373 466 257 3374 492 259 3375 491 409 3376 490 260 3377 449 262 3378 454 11 3379 485 263 3380 444 3 3381 475 3 3382 476 3 3383 450 265 3384 486 410 3385 485 263 3386 439 3 3387 471 3 3388 470 3 3389 449 262 3390 479 264 3391 478 266 3392 440 11 3393 470 11 3394 475 11 3395 456 268 3396 483 272 3397 489 269 3398 447 271 3399 455 271 3400 482 271 3401 445 271 3402 480 271 3403 484 271 3404 451 267 3405 478 266 3406 483 272 3407 441 11 3408 474 11 3409 472 11 3410 447 271 3411 477 271 3412 480 271 3413 446 3 3414 487 3 3415 486 3 3416 448 271 3417 488 271 3418 482 271 3419 452 3 3420 489 3 3421 488 3 3422 443 11 3423 476 11 3424 474 11 3425 453 271 3426 484 271 3427 487 271 3428 439 11 3429 438 11 3430 472 11 3431 499 274 3432 500 411 3433 497 275 3434 494 277 3435 497 412 3436 500 278 3437 494 280 3438 493 413 3439 498 281 3440 493 283 3441 495 414 3442 499 284 3443 496 286 3444 500 415 3445 499 287 3446 671 377 3447 672 416 3448 670 378 3449 674 380 3450 675 381 3451 671 381 3452 671 382 3453 675 417 3454 676 383 3455 672 385 3456 676 418 3457 673 386 3458 673 388 3459 674 419 3460 669 389 3461</p>
        </triangles>
      </mesh>
    </geometry>
  </library_geometries>
  <library_visual_scenes>
    <visual_scene id="Scene" name="Scene">
      <node id="minoan_ship_l_001" name="minoan_ship_l.001" type="NODE">
        <matrix sid="transform">1 0 0 0 0 1 0 0 0 0 1 0 0 0 0 1</matrix>
        <instance_geometry url="#Cubo_003-mesh" name="minoan_ship_l.001">
          <bind_material>
            <technique_common>
              <instance_material symbol="Kush_Bireme-material" target="#Kush_Bireme-material">
                <bind_vertex_input semantic="Cubo_003-mesh-map-0" input_semantic="TEXCOORD" input_set="0"/>
                <bind_vertex_input semantic="Cubo_003-mesh-map-1" input_semantic="TEXCOORD" input_set="1"/>
              </instance_material>
            </technique_common>
          </bind_material>
        </instance_geometry>
      </node>
    </visual_scene>
  </library_visual_scenes>
  <scene>
    <instance_visual_scene url="#Scene"/>
  </scene>
</COLLADA>