<?xml version="1.0" encoding="utf-8"?>
<COLLADA xmlns="http://www.collada.org/2005/11/COLLADASchema" version="1.4.1" xmlns:xsi="http://www.w3.org/2001/XMLSchema-instance">
  <asset>
    <contributor>
      <author>Blender User</author>
      <authoring_tool>Blender 4.3.1 commit date:2024-12-10, commit time:07:46, hash:33d812126174</authoring_tool>
    </contributor>
    <created>2026-04-28T18:09:56</created>
    <modified>2026-04-28T18:09:56</modified>
    <unit name="meter" meter="1"/>
    <up_axis>Z_UP</up_axis>
  </asset>
  <library_effects>
    <effect id="Material_008-effect">
      <profile_COMMON>
        <technique sid="common">
          <lambert>
            <emission>
              <color sid="emission">0 0 0 1</color>
            </emission>
            <diffuse>
              <color sid="diffuse">0.8 0.8 0.8 1</color>
            </diffuse>
            <index_of_refraction>
              <float sid="ior">1</float>
            </index_of_refraction>
          </lambert>
        </technique>
      </profile_COMMON>
    </effect>
  </library_effects>
  <library_images/>
  <library_materials>
    <material id="Material_008-material" name="Material.008">
      <instance_effect url="#Material_008-effect"/>
    </material>
  </library_materials>
  <library_geometries>
    <geometry id="Cylinder_005-mesh" name="Cylinder.005">
      <mesh>
        <source id="Cylinder_005-mesh-positions">
          <float_array id="Cylinder_005-mesh-positions-array" count="7119">1.591013 0.9187344 11.15873 2.284986 1.68374 11.15873 4.08748 0.918724 11.15873 4.08748 1.68374 11.15873 4.003075 0.918724 11.66604 4.003075 1.68374 11.66604 3.76271 0.918724 12.09613 3.76271 1.68374 12.09613 3.402977 0.918724 12.3835 3.402977 1.68374 12.3835 2.978643 0.9187235 12.48441 2.978643 1.68374 12.48441 1.591013 0.918724 12.3835 2.284986 1.683733 12.3835 1.591013 0.918724 12.09613 2.284986 1.68374 12.09613 1.591013 0.9187344 11.66604 2.284986 1.68374 11.66604 1.591013 0.9187352 11.15873 2.284994 1.683733 11.15873 1.591005 3.670706 11.15873 2.284993 3.670706 11.15873 1.591005 3.577663 11.66604 2.284993 3.577663 11.66604 1.591005 3.312696 12.09613 2.284993 3.312696 12.09613 1.591005 2.916147 12.3835 2.284993 2.916147 12.3835 1.591005 2.448384 12.48441 2.284994 2.448384 12.48441 1.591005 0.9187352 12.3835 2.284986 1.683733 12.3835 1.591005 0.9187352 12.09613 2.284994 1.683733 12.09613 1.591005 0.9187352 11.66604 2.284986 1.683733 11.66604 8.801619 0.9187344 11.15873 8.107645 1.68374 11.15873 6.305152 0.918724 11.15873 6.305152 1.68374 11.15873 6.389557 0.918724 11.66604 6.389557 1.68374 11.66604 6.629922 0.918724 12.09613 6.629922 1.68374 12.09613 6.989655 0.918724 12.3835 6.989655 1.68374 12.3835 7.413989 0.9187235 12.48441 7.413989 1.68374 12.48441 8.801619 0.918724 12.3835 8.107645 1.683733 12.3835 8.801619 0.918724 12.09613 8.107645 1.68374 12.09613 8.801619 0.9187344 11.66604 8.107645 1.68374 11.66604 8.801623 0.9187352 11.15873 8.107641 1.683733 11.15873 8.80163 3.670706 11.15873 8.107641 3.670706 11.15873 8.80163 3.577663 11.66604 8.107641 3.577663 11.66604 8.80163 3.312696 12.09613 8.107641 3.312696 12.09613 8.80163 2.916147 12.3835 8.107641 2.916147 12.3835 8.80163 2.448384 12.48441 8.107641 2.448384 12.48441 8.80163 0.9187352 12.3835 8.107645 1.683733 12.3835 8.80163 0.9187352 12.09613 8.107641 1.683733 12.09613 8.80163 0.9187352 11.66604 8.107645 1.683733 11.66604 1.591013 8.867322 11.15873 2.284986 8.102316 11.15873 4.08748 8.867336 11.15873 4.08748 8.102316 11.15873 4.003075 8.867336 11.66604 4.003075 8.102316 11.66604 3.76271 8.867336 12.09613 3.76271 8.102316 12.09613 3.402977 8.867336 12.3835 3.402977 8.102316 12.3835 2.978643 8.867336 12.48441 2.978643 8.102316 12.48441 1.591013 8.867336 12.3835 2.284986 8.102324 12.3835 1.591013 8.867336 12.09613 2.284986 8.102316 12.09613 1.591013 8.867322 11.66604 2.284986 8.102317 11.66604 1.591013 8.867322 11.15873 2.284994 8.102324 11.15873 1.591005 6.115351 11.15873 2.284993 6.115351 11.15873 1.591005 6.208395 11.66604 2.284993 6.208395 11.66604 1.591005 6.473361 12.09613 2.284993 6.473361 12.09613 1.591005 6.869911 12.3835 2.284993 6.86991 12.3835 1.591005 7.337673 12.48441 2.284994 7.337673 12.48441 1.591005 8.867322 12.3835 2.284986 8.102324 12.3835 1.591005 8.867322 12.09613 2.284994 8.102324 12.09613 1.591005 8.867322 11.66604 2.284986 8.102324 11.66604 8.801619 8.867322 11.15873 8.107645 8.102316 11.15873 6.305152 8.867336 11.15873 6.305152 8.102316 11.15873 6.389557 8.867336 11.66604 6.389557 8.102316 11.66604 6.629922 8.867336 12.09613 6.629922 8.102316 12.09613 6.989655 8.867336 12.3835 6.989655 8.102316 12.3835 7.413989 8.867336 12.48441 7.413989 8.102316 12.48441 8.801619 8.867336 12.3835 8.107645 8.102324 12.3835 8.801619 8.867336 12.09613 8.107645 8.102316 12.09613 8.801619 8.867322 11.66604 8.107645 8.102317 11.66604 8.801623 8.867322 11.15873 8.107641 8.102324 11.15873 8.80163 6.115351 11.15873 8.107641 6.115351 11.15873 8.80163 6.208395 11.66604 8.107641 6.208395 11.66604 8.80163 6.473361 12.09613 8.107641 6.473361 12.09613 8.80163 6.869911 12.3835 8.107641 6.86991 12.3835 8.80163 7.337673 12.48441 8.107641 7.337673 12.48441 8.80163 8.867322 12.3835 8.107645 8.102324 12.3835 8.80163 8.867322 12.09613 8.107641 8.102324 12.09613 8.80163 8.867322 11.66604 8.107645 8.102324 11.66604 -8.201575 5.703593 3.978442 -4.267397 5.703593 3.978442 -8.201575 5.191451 3.744552 -4.267397 5.191451 3.744552 -8.201575 4.765947 3.375854 -4.267397 4.765947 3.375854 -8.201575 4.461555 2.902211 -4.267397 4.461555 2.902211 -8.201575 4.293721 1.064006 -8.201575 8.227625 1.064006 -8.201575 8.227625 2.361999 -4.267397 8.227625 2.361999 -8.201575 8.060212 2.902211 -4.267397 8.060212 2.902211 -8.201575 7.755814 3.375857 -4.267397 7.755814 3.375857 -8.201575 7.330309 3.744555 -4.267397 7.330309 3.744555 -8.201575 6.818165 3.978442 -4.267397 6.818165 3.978442 -8.201575 6.687561 3.521323 -4.267397 6.687561 3.521323 -8.201575 7.079679 3.342252 -4.267397 7.079679 3.342252 -8.201575 7.405463 3.059962 -4.267397 7.405463 3.059962 -8.201575 7.63852 2.697318 -4.267397 7.63852 2.697318 -8.201575 7.759968 2.283708 -4.267397 7.759968 2.283708 -8.201575 7.759969 1.064006 -4.267397 7.759969 1.064006 -8.201575 4.761795 1.064006 -4.267397 4.761795 1.064006 -8.201575 4.761795 2.283708 -4.267397 4.761795 2.283708 -8.201575 4.883243 2.697318 -4.267397 4.883243 2.697318 -8.201575 5.116299 3.059958 -4.267397 5.116299 3.059958 -8.201575 5.442082 3.342248 -4.267397 5.442082 3.342248 -8.201575 5.834199 3.521323 -4.267397 5.834199 3.521323 -8.201575 6.260884 3.582671 -4.267397 6.260884 3.582671 -8.201575 6.260883 3.394641 -4.267397 6.260883 3.394641 -8.201575 5.887684 3.340983 -4.267397 5.887684 3.340983 -8.201575 5.544719 3.184356 -4.267397 5.544719 3.184356 -8.201575 5.259773 2.937449 -4.267397 5.259773 2.937449 -8.201575 5.055931 2.620267 -4.267397 5.055931 2.620267 -8.201575 4.949707 2.258504 -4.267397 4.949707 2.258504 -8.201575 4.949706 1.064006 -4.267397 4.949706 1.064006 -8.201575 7.572058 1.064006 -4.267397 7.572058 1.064006 -8.201575 7.572057 2.258504 -4.267397 7.572057 2.258504 -8.201575 7.465832 2.620267 -4.267397 7.465832 2.620267 -8.201575 7.261989 2.937453 -4.267397 7.261989 2.937453 -8.201575 6.977043 3.184358 -4.267397 6.977043 3.184358 -8.201575 6.634077 3.340983 -4.267397 6.634077 3.340983 -7.54542 8.227625 1.064006 -4.923068 8.227625 1.064006 -7.54542 8.227625 2.258504 -7.439195 8.227625 2.620267 -7.235352 8.227625 2.937449 -5.233134 8.227625 2.937449 -6.950407 8.227625 3.184356 -6.607441 8.227625 3.340983 -6.234243 8.227625 3.394641 -6.234243 8.227625 3.582671 -6.660925 8.227625 3.521323 -5.80756 8.227625 3.521323 -7.053043 8.227625 3.342248 -5.415443 8.227625 3.342248 -7.378827 8.227625 3.059958 -5.08966 8.227625 3.059958 -7.611882 8.227625 2.697318 -4.856605 8.227625 2.697318 -7.73333 8.227625 2.283708 -4.735157 8.227625 2.283708 -7.733332 8.227625 1.064006 -4.735156 8.227625 1.064006 -4.267397 8.227625 1.064006 -8.033574 8.227625 2.902211 -4.434916 8.227625 2.902211 -7.729177 8.227625 3.375854 -4.739309 8.227625 3.375854 -7.303675 8.227625 3.744552 -5.164812 8.227625 3.744552 -6.791532 8.227625 3.978442 -5.676955 8.227625 3.978442 -6.607438 4.293721 3.340983 -5.861049 4.293721 3.340983 -6.950406 4.293721 3.184358 -5.518083 4.293721 3.184358 -7.235352 4.293721 2.937453 -5.233136 4.293721 2.937453 -7.439194 4.293721 2.620267 -5.029293 4.293721 2.620267 -7.545419 4.293721 2.258504 -4.923069 4.293721 2.258504 -7.54542 4.293721 1.064006 -4.923068 4.293721 1.064006 -6.234243 4.293721 3.394641 -6.234243 4.293721 3.582671 -7.733332 4.293721 1.064006 -4.735156 4.293721 1.064006 -7.73333 4.293721 2.283708 -4.735157 4.293721 2.283708 -7.611882 4.293721 2.697318 -4.856605 4.293721 2.697318 -7.378825 4.293721 3.059962 -5.089662 4.293721 3.059962 -7.053041 4.293721 3.342252 -5.415446 4.293721 3.342252 -6.660923 4.293721 3.521323 -5.807564 4.293721 3.521323 -6.791527 4.293721 3.978442 -5.67696 4.293721 3.978442 -7.303671 4.293721 3.744555 -5.164816 4.293721 3.744555 -7.729176 4.293721 3.375857 -4.739311 4.293721 3.375857 -8.033574 4.293721 2.902211 -4.434916 4.293721 2.902211 -8.201575 4.293721 2.361999 -4.267397 4.293721 2.361999 -4.267397 4.293721 1.064006 -2.61217 0.1977512 10.7003 -2.568021 0.202722 10.50732 -2.371224 0.2161532 10.48989 -2.293743 0.2194787 10.6721 -2.442658 0.2081074 10.80213 2.05443 1.101304 10.70966 2.098579 1.106275 10.51669 2.295376 1.119706 10.49926 2.372858 1.123031 10.68147 2.223941 1.11166 10.8115 3.346616 0.8744616 10.79264 3.536334 0.8638768 10.73689 3.541922 0.861679 10.53896 3.355655 0.8709055 10.47238 3.234947 0.8788056 10.62916 3.298714 -0.02987223 10.80133 3.488433 -0.04045701 10.74558 3.494021 -0.04265785 10.54765 3.307754 -0.03343129 10.48107 3.187046 -0.02553111 10.63785 4.947977 0.2025418 10.78583 4.858077 0.2025418 10.60939 4.998101 0.2025448 10.46936 5.17454 0.2025418 10.55926 5.143564 0.2025418 10.75485 4.94798 1.108188 10.78583 4.858077 1.108188 10.60939 4.998104 1.108188 10.46936 5.174542 1.108188 10.55926 5.143564 1.108188 10.75485 6.681929 1.337304 10.59854 6.53938 1.33304 10.46115 6.364776 1.326325 10.55433 6.39941 1.326439 10.7493 6.595424 1.333224 10.77662 6.713978 0.4322425 10.59337 6.571429 0.4279759 10.45599 6.396825 0.4212611 10.54916 6.431459 0.4213775 10.74413 6.627472 0.4281597 10.77146 8.15802 0.2025449 10.78583 8.068119 0.202542 10.60939 8.208146 0.202542 10.46936 8.38458 0.2025449 10.55926 8.353606 0.2025449 10.75485 8.15802 1.108188 10.78583 8.068119 1.108188 10.60939 8.208146 1.108188 10.46936 8.38458 1.108188 10.55926 8.353606 1.108188 10.75485 8.025732 0.4432091 5.492181 5.390536 0.7236543 5.492181 7.867846 -1.040365 5.492181 5.232649 -0.7599158 5.492181 -5.062031 -0.9450576 -0.04642117 -5.052576 0.05955058 -0.04642117 -2.602883 0.03648179 -0.04642117 -2.612344 -0.9681279 -0.04642117 -5.204876 -1.002071 0.9582319 -5.194317 0.1192435 0.9582319 -2.460035 0.0934959 0.9582319 -2.470594 -1.027822 0.9582319 -2.549959 -0.9525904 0.9582319 -5.124114 -0.9283482 0.9582319 -2.540799 0.0197708 0.9582319 -5.114962 0.04401147 0.9582319 -5.067969 -0.9077414 0.543936 -5.059211 0.02235066 0.543936 -2.596943 -8.37445e-4 0.543936 -2.605702 -0.9309281 0.543936 4.631136 0.9321997 7.263828 4.631136 0.9321997 9.495742 3.729672 0.9321997 7.263828 3.729672 0.9321997 9.495742 8.569859 1.335774 10.8212 1.79061 1.335766 11.00123 1.79061 1.335766 11.20657 8.569859 1.335774 11.20657 1.233876 0.7776179 11.20657 9.094491 0.7776203 11.20657 1.233876 0.7776179 10.19851 9.094491 0.7776206 10.19851 8.569865 8.492901 10.90717 1.790608 8.492901 10.8212 8.569865 8.492901 11.20657 1.790608 8.492901 11.20657 9.094487 9.067406 11.20657 1.233874 9.067404 11.20657 9.094487 9.067406 10.19851 1.233874 9.067404 10.19851 1.360673 8.932996 9.84677 8.969035 8.932996 9.84677 1.360673 8.932996 10.25683 1.360673 0.9442153 9.84677 1.360673 0.9442153 10.25683 1.360673 0.9442153 6.453305 1.360673 8.932996 6.453305 4.765759 6.538518 1.178132 3.503513 6.492001 1.178132 4.812273 5.27628 1.178132 3.550022 5.22977 1.178132 4.765759 6.538518 -0.08496582 3.503513 6.492001 -0.08496582 4.812273 5.27628 -0.08496582 3.550022 5.22977 -0.08496582 5.368747 6.48908 1.528711 6.627774 6.59043 1.528711 5.267401 7.748097 1.528711 6.526428 7.849447 1.528711 5.368747 6.48908 2.791809 6.627774 6.59043 2.791809 5.267401 7.748097 2.791809 6.526428 7.849447 2.791809 6.499166 8.085947 1.537701 4.903625 7.825514 1.537701 6.759603 6.490406 1.537701 5.164053 6.229965 1.537701 6.499166 8.085947 -0.07895833 4.903625 7.825514 -0.07895833 6.759603 6.490406 -0.07895833 5.164053 6.229965 -0.07895833 3.092566 7.321861 0.5722625 2.573604 7.347651 0.9868377 2.653726 7.043644 0.9868377 2.625653 6.873673 0.7238465 2.517456 7.007719 0.4608535 2.4654 7.481692 0.7238465 2.43732 7.311732 0.4608535 3.04493 7.637873 1.132731 3.206874 7.023434 1.132731 3.150115 6.67991 0.6011896 2.931429 6.950828 0.06964558 2.826233 7.908807 0.6011896 2.769488 7.565279 0.06964558 3.396641 7.725744 1.02724 4.497242 7.838608 0.4270915 3.556204 7.120313 1.02724 4.569467 7.564576 0.4270915 3.500287 6.78184 0.5034986 4.544149 7.411378 0.1900405 3.284804 7.048788 -0.02024656 4.446624 7.532199 -0.0470122 3.181154 7.992697 0.5034986 3.125236 7.65421 -0.02024656 4.374402 7.806229 -0.0470122 4.399713 7.959436 0.1900405 7.66412 -2.283144 6.323286 7.53133 -2.053144 6.816394 7.796909 -2.053144 6.816394 7.929691 -2.283144 6.816394 7.796902 -2.513132 6.816394 7.53133 -2.513132 6.816394 7.39854 -2.283144 6.816394 7.401134 -1.827639 6.415797 7.927105 -1.827642 6.415797 8.190093 -2.283148 6.415797 7.927097 -2.738641 6.415797 7.401134 -2.738645 6.415797 7.138149 -2.283144 6.415797 7.399677 -1.825117 5.805873 7.928555 -1.825125 5.805873 8.192997 -2.28314 5.805873 7.928555 -2.741162 5.805873 7.399677 -2.741166 5.805873 7.135235 -2.283148 5.805873 7.544422 -2.075834 5.372944 7.78381 -2.07583 5.372944 7.9035 -2.283148 5.372944 7.783802 -2.490446 5.372944 7.54443 -2.490453 5.372944 7.424732 -2.283144 5.372944 -3.855066 1.676747 -0.07109701 -3.825518 1.067254 -0.07109701 -3.282906 0.788096 -0.07109701 -2.76984 1.118423 -0.07109701 -2.799385 1.727924 -0.07109701 -3.342 2.007086 -0.07109701 -4.054369 1.779278 0.8228319 -4.01397 0.9459128 0.8228319 -3.272048 0.564221 0.8228319 -2.570533 1.015891 0.8228319 -2.610936 1.849269 0.8228319 -3.352858 2.230961 0.8228319 -3.855066 1.676747 1.716758 -3.825518 1.067254 1.716758 -3.282906 0.788096 1.716758 -2.76984 1.118423 1.716758 -2.799385 1.727924 1.716758 -3.342 2.007086 1.716758 -4.477895 0.7438035 1.559513 -5.03451 0.7502589 1.559513 -5.307229 1.235529 1.559513 -5.023326 1.714351 1.559513 -4.466721 1.707895 1.559513 -4.194002 1.222626 1.559513 -4.377715 0.5655646 0.7440479 -5.138778 0.5743795 0.7440479 -5.511672 1.2379 0.7440479 -5.123507 1.892592 0.7440479 -4.362443 1.883768 0.7440479 -3.989549 1.220256 0.7440479 -4.477895 0.7438035 -0.0714184 -5.03451 0.7502589 -0.0714184 -5.307229 1.235529 -0.0714184 -5.023326 1.714351 -0.0714184 -4.466721 1.707895 -0.0714184 -4.194002 1.222626 -0.0714184 -5.293133 -1.445061 -0.3281961 -5.20268 -3.059193 -0.3281961 -3.679003 -1.354619 -0.3281961 -3.588556 -2.968744 -0.3281961 -5.293133 -1.445061 1.288463 -5.20268 -3.059193 1.288463 -3.679003 -1.354619 1.288463 -3.588556 -2.968744 1.288463 -3.826614 -2.970873 2.542572 -3.79441 -1.708184 2.542572 -5.089291 -2.938668 2.542572 -5.057089 -1.675977 2.542572 -3.826614 -2.970873 1.279473 -3.79441 -1.708184 1.279473 -5.089291 -2.938668 1.279473 -5.057089 -1.675977 1.279473 0.9833386 9.028532 7.070308 1.214984 9.02772 7.021641 1.057022 9.028559 6.845364 0.9700444 7.468676 7.065267 1.201695 7.467871 7.016602 1.043728 7.468707 6.840322 0.9303372 7.468703 3.677092 0.8466866 7.467867 3.898518 0.6967461 7.468676 3.71536 0.9319861 9.028559 3.691212 0.8483355 9.02772 3.912636 0.698395 9.028532 3.72948 1.035451 9.028532 5.153222 0.9896577 9.02772 4.920991 0.8114359 9.028559 5.076758 1.030246 7.468676 5.16645 0.9844544 7.467867 4.934218 0.8062327 7.468707 5.089986 0.891475 7.468707 6.040469 1.121955 7.467867 5.986564 1.053399 7.468676 6.213123 0.9022811 9.028555 6.031232 1.132758 9.02772 5.977326 1.064208 9.028532 6.203886 0.665086 9.028532 2.855114 0.8667996 9.027727 2.731263 0.6586917 9.028559 2.618494 0.6508725 7.468676 2.854844 0.8525908 7.467867 2.730995 0.6444771 7.468707 2.618224 0.6086943 7.468707 1.635897 0.7396662 7.467867 1.83306 0.5034297 7.46868 1.847907 0.6211236 9.028559 1.642797 0.7520907 9.027727 1.839958 0.5158541 9.028528 1.854807 0.4059002 9.02853 0.4070909 0.5558446 9.027725 0.5902462 0.6394932 9.028553 0.3688219 0.4042523 7.468672 0.392971 0.5541909 7.467867 0.5761273 0.6378396 7.468703 0.3547011 0.5698969 7.583753 -1.028452 0.3359444 7.61487 -1.01024 0.4797556 7.802526 -1.021838 0.8175395 7.58616 1.923498 0.5835898 7.617277 1.94171 0.7273982 7.804933 1.930111 1.045767 7.588376 4.644014 0.8118193 7.619493 4.662228 0.9556258 7.807146 4.650628 1.04692 7.62177 7.464686 1.280868 7.590654 7.446476 1.190726 7.809427 7.453086 1.262967 8.66222 7.464087 1.027829 8.679857 7.484796 1.1607 8.875456 7.47409 1.016712 8.667891 4.66256 0.9144509 8.881136 4.672567 0.7815812 8.685526 4.68327 0.7776673 8.673399 1.942954 0.6754038 8.886648 1.952959 0.5425294 8.691038 1.963662 0.5182793 8.679379 -1.00801 0.4160159 8.89262 -0.9980081 0.2831404 8.69701 -0.9873021 1.414546 5.274733 10.61623 1.414546 4.787817 10.61623 -1.320737 4.787817 10.61623 -1.320737 5.274733 10.61623 1.414546 5.274733 11.10314 1.414546 4.787817 11.10314 -1.320737 4.787817 11.10314 -1.320737 5.274733 11.10314 0.1172106 5.174093 10.94603 0.1172106 4.902289 10.94603 1.924139 4.902289 9.392275 1.92414 5.174093 9.392274 -0.06000363 5.174092 10.73994 -0.06000363 4.902287 10.73994 1.746926 4.902289 9.186184 1.746926 5.174093 9.186184 -0.6377659 5.103656 5.532357 -0.5629649 4.9741 5.532357 -0.7125628 4.9741 5.532357 -0.6377659 5.103656 10.71227 -0.5629649 4.9741 10.71227 -0.7125628 4.9741 10.71227 -0.6589954 4.9741 10.6635 -0.5145183 4.9741 10.70231 -0.5867567 5.103656 10.68291 1.185825 1.354541 2.4778 1.330302 1.354541 2.516605 1.258063 1.484097 2.497203 0.7678245 1.622097 2.577751 0.7678204 1.25529 2.577751 1.484 1.25529 2.577751 1.484002 1.622097 2.577751 0.7678245 1.622097 2.210947 0.7678245 1.25529 2.210947 1.484 1.25529 2.210947 1.484 1.622097 2.210947 1.52354 4.124042 10.66748 1.410539 3.849707 10.66748 -0.9942646 4.840284 10.71978 -0.8812633 5.11462 10.71978 1.529057 4.12177 10.96412 1.416054 3.847435 10.96412 -0.98875 4.838012 11.01642 -0.8757444 5.112347 11.01642 -0.9415679 5.166293 11.01642 -0.817081 4.896973 11.01642 1.543752 5.988205 10.96412 1.419267 6.257525 10.96412 -0.9469822 5.163791 10.71978 -0.822495 4.894469 10.71978 1.538338 5.985702 10.66748 1.413851 6.255022 10.66748 -0.8514729 6.742731 2.821321 -0.3318851 6.937254 3.02112 -0.811122 6.972579 3.36282 -1.270743 7.1073 3.018821 -0.2347745 7.470022 2.787721 -0.4300721 7.42218 3.342021 -1.010308 7.527282 3.340622 -1.173722 7.640106 2.78532 -0.6541362 7.834629 2.98512 -0.8769877 7.709368 1.12342 -0.4419475 7.616521 1.123319 -0.3045557 7.192753 1.29632 -0.6022956 6.862413 1.123719 -1.038275 6.955315 1.12382 -1.175428 7.378336 1.296521 -0.9848273 7.795285 2.230821 -0.3085036 7.651201 2.230821 -0.6943934 7.604747 2.443621 -0.06346511 7.141808 2.23082 -0.4948585 6.776546 2.23082 -0.4952598 7.050172 2.465822 -1.41622 7.430023 2.230821 -1.075532 7.155183 2.464421 -1.171277 6.920674 2.230819 -0.6675129 7.228065 0.1418215 -0.4222949 6.839633 -0.007479429 -0.8636456 7.269878 0.1418197 -1.245928 7.015058 -0.007479131 -0.6246903 7.429076 0.1418198 -0.8208296 7.470896 0.1418216 -1.066036 7.859318 -0.007479906 -0.2424106 7.683901 -0.007479131 -0.6587877 7.226693 1.672721 -0.6587911 7.226696 -0.00748074 -0.8716202 7.272027 1.67272 -0.8716202 7.272027 -0.007479727 -0.6144924 7.43455 1.67272 -0.8273296 7.479892 1.672719 -0.8273282 7.479888 -0.007478356 -0.6144953 7.434554 -0.007479548 -6.115456 -5.747613 -0.007479548 -6.059813 -5.537241 -0.007478356 -6.059809 -5.537238 1.672719 -6.115462 -5.747614 1.67272 -6.265271 -5.482876 -0.007479727 -6.265271 -5.482876 1.67272 -6.320916 -5.693244 -0.00748074 -6.320916 -5.693248 1.672721 -5.884531 -6.131402 -0.007479131 -5.669206 -5.317296 -0.007479906 -6.06911 -5.543293 0.1418216 -6.120433 -5.737163 0.1418198 -6.503701 -5.096498 -0.007479131 -6.267802 -5.490738 0.1418197 -6.719035 -5.91061 -0.007479429 -6.319121 -5.684601 0.1418215 -6.601611 -5.166463 2.230819 -6.372044 -5.273517 2.464421 -6.080937 -4.946618 2.230821 -6.505192 -5.847985 2.465822 -6.778512 -5.835059 2.23082 -6.434695 -6.28373 2.23082 -5.941576 -5.676098 2.443621 -5.913971 -6.063794 2.230821 -5.737117 -5.39529 2.230821 -6.14429 -5.184608 1.296521 -6.573491 -5.300993 1.12382 -6.687518 -5.731931 1.123719 -6.372067 -6.045406 1.29632 -5.942112 -5.928817 1.123319 -5.828188 -5.498816 1.12342 -5.713929 -5.727504 2.98512 -5.882914 -5.19906 2.78532 -6.003564 -5.356785 3.340622 -6.1368 -5.931214 3.342021 -6.098528 -6.12861 2.787721 -6.410363 -5.076205 3.018821 -6.567309 -5.528719 3.36282 -6.625933 -6.005666 3.02112 -6.794919 -5.477222 2.821321 -5.266873 -5.773887 -0.9631159 -5.196464 -6.060624 -0.9747298 -5.478385 -5.976838 -1.000139 -5.581804 -5.878041 2.132668 -5.511399 -6.164775 2.121051 -5.793316 -6.080984 2.095641 -5.835808 -6.272058 5.310085 -5.906224 -5.985325 5.321697 -6.117734 -6.188272 5.28467 -6.0285 -1.845588 5.353557 -6.139634 -1.572258 5.344284 -5.848128 -1.612344 5.368115 -5.748761 -1.846747 2.156623 -5.568398 -1.613502 2.171183 -5.859906 -1.573423 2.14735 -5.477213 -1.847868 -0.9468265 -5.296849 -1.614627 -0.9322734 -5.588359 -1.57454 -0.9561036 -5.918509 -1.664118 5.124485 -2.518442 -1.664118 4.296921 -2.518443 -6.084149 4.296921 -5.918509 -6.084147 5.124485 -2.748558 -3.874134 3.938571 -4.313693 -1.839495 4.319519 -5.878823 -3.874138 4.700469 -4.313688 -5.908779 4.319519 -4.35445 -3.874134 4.15204 -2.695424 -2.843693 4.068999 -2.695425 -4.904581 4.068999 -5.073401 -1.813242 4.647792 -3.488081 -1.813242 4.26193 -5.866067 -2.843693 4.840723 -5.866067 -4.90458 4.840723 -3.488086 -5.935023 4.26193 -5.073401 -5.935023 4.647792 -4.332638 -2.769129 4.241659 -3.482625 -3.874134 4.034767 -4.332643 -4.979145 4.24166 -5.18266 -3.874134 4.448551 -3.482622 -2.769129 4.034767 -3.482622 -4.979145 4.034767 -5.18266 -2.769129 4.448551 -5.182655 -4.979145 4.448551 -2.640952 -1.575079 -1.152163 -2.348491 -1.615166 -1.155379 -2.529421 -1.848403 -1.153222 -2.621518 -1.573959 1.607254 -2.329049 -1.614037 1.604039 -2.509987 -1.847287 1.60619 -2.309038 -1.612886 4.44657 -2.601497 -1.572799 4.449789 -2.489985 -1.846128 4.448727 -2.653668 -5.966879 4.446082 -2.359097 -5.986216 4.444889 -2.523134 -6.231649 4.444139 -2.660318 -5.95691 1.603475 -2.529791 -6.221678 1.601533 -2.365756 -5.97625 1.602284 -2.666785 -5.947233 -1.156011 -2.536245 -6.212001 -1.157954 -2.37221 -5.966569 -1.157205 -0.2292976 3.176707 2.761515 -0.2728748 2.67861 2.62754 -0.3047752 2.313979 2.261515 -0.316453 2.180513 1.761515 -0.3047752 2.313979 1.261515 -0.2728739 2.67861 0.8954893 -0.2292957 3.176707 0.7615148 -0.1857185 3.674804 0.8954892 -0.1538181 4.039439 1.261514 -0.1421413 4.172902 1.761514 -0.1538181 4.039439 2.261514 -0.1857185 3.674808 2.62754 -0.7599793 3.22314 2.761514 -0.8035565 2.725042 2.627539 -0.8354578 2.360412 2.261514 -0.8471356 2.226945 1.761515 -0.8354578 2.360408 1.261514 -0.8035565 2.725039 0.8954887 -0.7599793 3.223136 0.7615137 -0.7164011 3.721233 0.8954877 -0.6844998 4.085868 1.261513 -0.672823 4.219334 1.761512 -0.6844998 4.085868 2.261512 -0.7164011 3.721237 2.627538 -0.2292957 3.176707 1.761515 -0.7599793 3.22314 1.761514 -0.8815088 3.229104 2.127977 -0.8584595 3.492552 2.018437 -0.8489142 3.601674 1.753982 -0.8584595 3.492552 1.489527 -0.8815088 3.229104 1.379987 -0.9045582 2.965653 1.489527 -0.9141045 2.856532 1.753982 -0.9045582 2.965653 2.018437 -0.1082162 3.16145 2.127977 -0.08516693 3.424897 2.018437 -0.07561969 3.53402 1.753982 -0.08516693 3.424897 1.489527 -0.1082162 3.16145 1.379987 -0.1312637 2.897999 1.489527 -0.1408109 2.788876 1.753982 -0.1312637 2.898002 2.018437 -0.8815088 3.229104 1.753982 -0.1082162 3.16145 1.753982 0.2107768 3.292552 -0.3927817 0.1842279 2.989096 -0.3927817 -0.1192283 3.015645 -0.3927817 -0.09267807 3.319101 -0.3927817 0.2107768 3.292552 1.964849 0.1842279 2.989096 1.964849 -0.1192283 3.015645 1.964849 -0.09267902 3.319101 1.964849 -0.1289091 3.294237 1.749912 -0.1506576 3.045663 1.575192 0.1527991 3.019114 1.575192 0.1745471 3.267688 1.749912 -0.01104927 4.641374 -0.1813464 -0.0327968 4.392797 -0.3560665 0.270658 4.366248 -0.3560665 0.2924061 4.614826 -0.1813464 0.05610644 1.913915 -0.3560665 0.03435885 1.665338 -0.1813464 -0.2690964 1.691886 -0.1813464 -0.2473478 1.940463 -0.3560665 0.1739659 3.261053 1.575192 0.1522178 3.012475 1.749912 -0.1512374 3.039024 1.749912 -0.1294889 3.287602 1.575192 -1.152037 3.377063 1.575192 -1.173784 3.128485 1.749912 -0.8703289 3.101937 1.749912 -0.8485813 3.350514 1.575192 -1.269896 2.029925 -0.3560665 -1.291644 1.781348 -0.1813464 -0.9881878 1.754798 -0.1813464 -0.9664402 2.003375 -0.3560665 -0.7301426 4.704287 -0.1813464 -0.7518902 4.455709 -0.3560665 -1.055346 4.482258 -0.3560665 -1.033596 4.730836 -0.1813464 -0.8479996 3.357149 1.749912 -0.8697491 3.108576 1.575192 -1.173204 3.135124 1.575192 -1.151456 3.383698 1.749912 -1.175685 3.413852 1.964849 -1.202234 3.110396 1.964849 -0.898778 3.083847 1.964849 -0.8722286 3.387303 1.964849 -1.175684 3.413852 -0.3927817 -1.202234 3.110396 -0.3927817 -0.898778 3.083847 -0.3927817 -0.8722286 3.387303 -0.3927817 -1.362474 3.354803 1.91485 -1.183627 3.339156 1.91485 -1.17951 3.386214 1.741645 -1.358358 3.401861 1.741645 -1.428198 2.603591 1.709194 -1.24935 2.587944 1.709194 -1.245234 2.635001 1.535989 -1.424081 2.650649 1.535989 0.2607622 3.842768 1.870136 0.43961 3.827121 1.870136 0.4358959 3.784665 2.044536 0.2570481 3.800313 2.044536 0.1945858 3.086373 1.684595 0.3734341 3.070725 1.684595 0.36972 3.028273 1.858994 0.1908721 3.043921 1.858994 -0.6456108 4.889706 -0.1527392 -0.6456108 4.889706 -1.072776 -1.082832 4.927958 -1.072777 -1.08283 4.927958 -0.1527394 -0.9416714 1.505747 -0.1527392 -0.9416714 1.505747 -1.072776 -1.378892 1.544 -1.072776 -1.378894 1.544 -0.1527392 -0.33605 1.452764 -0.1527384 -0.33605 1.452764 -1.072775 0.1011695 1.414512 -1.072775 0.1011714 1.414512 -0.1527383 -0.03998947 4.836721 -0.1527388 -0.03998947 4.836721 -1.072776 0.3972302 4.79847 -1.072775 0.3972302 4.79847 -0.1527384 3.706364 5.092382 10.8212 5.840059 5.092383 10.8212 5.840059 7.295149 10.8212 3.706364 7.295147 10.8212 3.706364 5.092382 7.458554 3.706364 7.295147 7.458554 5.840059 7.295149 7.458554 5.840059 5.092383 7.458554 5.256617 5.891454 8.32257 5.463569 5.754047 8.290808 5.237959 5.648568 8.264513 5.45756 5.062827 11.1848 5.250615 5.200233 11.21656 5.231957 4.957342 11.15851 4.329718 5.034651 11.15817 4.098259 4.941331 11.13731 4.131181 5.183365 11.19256 4.327304 5.714349 8.261475 4.128771 5.863062 8.295867 4.09585 5.621029 8.240608 5.619509 5.360362 9.870326 5.618653 5.323673 9.622601 5.619536 5.556551 9.714681 3.969208 5.370244 9.881669 3.968352 5.333549 9.633939 3.969241 5.566432 9.726022 3.969241 5.80272 8.744428 3.968352 5.640294 8.553822 3.969208 5.556434 8.789793 5.61954 5.799321 8.729781 5.618653 5.636896 8.539175 5.619509 5.553034 8.775142 3.969241 5.283317 10.53959 3.968357 5.090711 10.69964 3.969208 5.325628 10.78642 5.61954 5.268622 10.54281 5.618653 5.076023 10.70286 5.619509 5.310934 10.78964 8.983455 -8.819798 5.442613 -2.163856 1.360612 -0.2575255 8.983455 1.360612 6.331125 8.983452 -8.8198 6.331125 -2.163856 -8.819796 6.331125 -2.163856 1.360612 6.331125 -8.106947 -8.580767 -1.239432 -8.106947 -6.719549 -1.232879 -8.106947 -6.719549 -0.5716461 -8.106947 -8.580767 -0.5716468 -7.439167 -6.719552 -0.5716461 -7.439167 -8.580763 -0.5716468 -7.439167 -6.719548 0.09613215 -7.439167 -8.580763 0.09613227 -6.771384 -6.719552 0.09613215 -6.771384 -8.580765 0.09613227 -6.771384 -8.580765 0.7639179 -6.771384 -6.719552 0.7639177 -6.103602 -8.580761 0.7639179 -6.103602 -6.719548 0.7639178 -6.103602 -6.719548 1.431696 -6.103602 -8.580761 1.431695 -5.435824 -8.580761 1.431695 -5.435824 -6.719548 1.431696 -5.435824 -8.580761 2.099482 -5.435824 -6.719548 2.099482 -4.768043 -8.580765 2.099482 -4.768043 -6.719552 2.099482 -4.768043 -8.580765 2.767259 -4.768043 -6.719552 2.767259 -4.100262 -6.719548 2.767259 -4.100261 -8.580761 2.767259 -4.100261 -8.580761 3.435046 -4.100262 -6.719548 3.435045 -3.432478 -6.719552 3.435045 -3.432478 -8.580765 3.435046 -3.432478 -8.580761 4.102823 -3.432478 -6.719548 4.102823 -2.7647 -6.719552 4.102823 -2.7647 -8.580765 4.102823 -2.7647 -8.58076 4.770601 -2.7647 -6.719544 4.770601 -2.09692 -6.719548 4.770601 -2.09692 -8.580761 4.770601 7.828511 0.9296082 9.360146 7.828511 0.9296082 5.36177 5.808557 0.9296085 5.36177 5.808557 0.9296085 9.36015 7.108578 -1.619922 9.496279 4.898562 -1.619925 9.496278 7.108578 0.1007378 9.813552 4.898562 0.1007381 9.813552 6.003567 -1.619925 9.496278 7.108578 -0.7595965 9.654915 6.003567 0.1007335 9.81355 4.898562 -0.7595916 9.654916 8.064456 -1.601655 9.722773 8.064456 0.002894282 10.01864 7.034013 -2.403937 9.574839 4.973126 -2.403937 9.57484 3.942676 0.00289911 10.01864 3.942676 -1.601654 9.722773 7.034014 0.8051743 10.16657 4.973126 0.8051743 10.16657 6.003567 -0.7428655 9.564209 8.038212 -0.7741243 9.733721 6.003571 -2.358247 9.441623 3.968928 -0.7741274 9.733719 6.003567 0.809995 10.02582 8.213582 -2.567789 9.812376 8.213582 0.8735283 10.44692 3.793551 0.8735287 10.44692 3.793551 -2.567789 9.812376 3.703972 0.8355957 4.597451 3.744059 1.075146 4.765264 3.977301 0.9268334 4.661599 3.702856 -0.9663826 7.138717 3.742933 -0.7268361 7.306534 3.976179 -0.8751422 7.202862 3.741777 -2.583093 9.924345 3.70169 -2.82264 9.75653 3.975021 -2.73141 9.820672 8.317707 -2.773629 9.716142 8.114758 -2.609787 9.854936 8.401494 -2.54315 9.880484 8.210417 -0.8827936 7.127727 8.294207 -0.6523199 7.292059 8.007473 -0.7189509 7.266521 8.10627 0.9527508 4.614995 8.190056 1.183228 4.779329 7.903319 1.116596 4.753788 2.434081 1.997135 -0.900889 2.434081 0.8199254 -0.900889 1.256871 0.8199254 -0.900889 1.256871 1.997136 -0.900889 2.434082 1.997135 10.20704 2.434081 0.819925 10.20704 1.256871 0.8199256 10.20704 1.256871 1.997135 10.20704 1.256871 9.049588 10.20704 1.256871 7.872375 10.20704 2.434081 7.872374 10.20704 2.434082 9.049588 10.20704 1.256871 9.049589 -0.900889 1.256871 7.872375 -0.900889 2.434081 7.872375 -0.900889 2.434081 9.049588 -0.900889 9.055146 7.872375 -0.9008889 7.877933 7.872375 -0.9008889 7.877933 9.049588 -0.9008889 9.055147 9.049588 -0.9008889 9.055146 7.872375 10.20704 7.877932 7.872375 10.20704 7.877933 9.049588 10.20704 9.055146 9.049588 10.20704 7.877933 1.964478 10.20704 7.877932 0.7872686 10.20704 9.055146 0.7872682 10.20704 9.055146 1.964478 10.20704 7.877933 1.964479 -0.900889 7.877933 0.7872686 -0.900889 9.055146 0.7872686 -0.900889 9.055146 1.964478 -0.900889 1.360673 0.9442153 -1.118083 1.360673 8.932996 -1.118083 1.360673 2.29056 -1.118083 1.360673 2.290561 3.765533 2.238927 2.290561 3.765533 0.28123 -3.364223 5.379687 -0.0871911 -2.946936 5.379687 -0.6327744 -3.05735 5.379687 -0.8099513 -3.585061 5.379687 -0.4415302 -4.002348 5.379687 0.104062 -3.891931 5.379687 0.4816332 -3.323665 6.195154 -0.0221138 -2.753106 6.195154 -0.7681074 -2.90408 6.195154 -1.010345 -3.625617 6.195154 -0.5065961 -4.196181 6.195154 0.2393932 -4.045198 6.195154 0.28123 -3.364223 7.010619 -0.0871911 -2.946936 7.010619 -0.6327744 -3.05735 7.010619 -0.8099513 -3.585061 7.010619 -0.4415302 -4.002348 7.010619 0.104062 -3.891931 7.010619 -0.688827 -4.476028 7.167863 -0.0997343 -4.635191 7.167863 0.05697149 -5.224942 7.167863 -0.3754134 -5.655519 7.167863 -0.9645015 -5.49636 7.167863 -1.121209 -4.906616 7.167863 -0.7463923 -4.259408 6.273938 0.05907809 -4.477025 6.273938 0.2733488 -5.283398 6.273938 -0.3178492 -5.87214 6.273938 -1.123318 -5.654522 6.273938 -1.337581 -4.848161 6.273938 -0.688827 -4.476028 5.380009 -0.0997343 -4.635191 5.380009 0.05697149 -5.224942 5.380009 -0.3754134 -5.655519 5.380009 -0.9645015 -5.49636 5.380009 -1.121209 -4.906616 5.380009 -2.163856 -8.819797 5.442613 -2.163856 1.360612 5.442613 -1.744057 1.360612 6.331125 -1.744057 -6.743347 6.331125 8.599996 -8.41041 6.331125 8.599998 1.360612 6.331125 -2.163856 -8.4088 6.331125 -2.163856 -8.408801 5.442613 8.599996 -8.41041 5.442613 8.599998 1.360612 5.442613 -1.744057 1.360612 5.442613 -1.744057 -6.743347 5.442613 -2.163856 -6.384296 5.442613 -2.163856 -6.743347 5.442613 -2.163856 -6.743347 6.331125 -2.163856 -6.384296 6.331125 -2.163856 -6.743347 -0.2575255 -2.163856 -6.384296 -0.2575255 -2.163856 -8.819798 -0.2575255 -2.163856 -8.408801 -0.2575255 8.983455 -8.819798 -0.2575255 -2.580069 -8.819798 -0.2575255 -2.580069 -8.819797 5.442613 -2.580069 -8.408801 -0.2575255 -2.580069 -8.408801 5.442613 -2.580069 -6.743347 5.442613 -2.580069 -6.743347 -0.2575255 -2.580069 -6.384296 -0.2575255 -2.580069 -6.384296 5.442613 -2.580069 -6.384296 6.331125 -2.580069 -6.743347 6.331125 -2.580069 -8.4088 6.331125 -2.580069 -8.819796 6.331125 -7.256333 -8.819796 1.618156 -7.256333 -8.819797 0.7296443 -7.256333 -8.4088 1.618156 -7.256333 -8.408801 0.7296443 -7.256333 -6.743347 0.7296443 -7.256333 -6.743347 1.618156 -7.256333 -6.384296 1.618156 -7.256333 -6.384296 0.7296443 -7.256333 -6.384296 -0.2575255 -7.256333 -6.743347 -0.2575255 -7.256333 -8.408801 -0.2575255 -7.256333 -8.819798 -0.2575255 8.983455 1.360612 5.442613 8.983455 1.360612 -0.2575255 8.983455 -0.513028 0.6661877 8.983455 -0.513028 4.756896 8.983455 -7.823658 0.6661877 8.983455 -7.823658 4.756896 8.983455 -3.449613 0.6661878 8.983455 -4.476781 0.6661878 8.983455 -3.449613 4.756896 8.983455 -4.476781 4.756896 8.76708 -4.476781 4.756896 8.76708 -4.476781 0.6661878 8.76708 -3.449613 4.756896 8.76708 -3.449613 0.6661878 8.76708 -7.823658 4.756896 8.76708 -0.513028 4.756896 8.76708 -7.823658 0.6661877 8.76708 -0.513028 0.6661877 -1.851894 -8.819798 0.707786 8.04251 -8.819798 0.707786 8.04251 -8.819798 4.737017 -1.851894 -8.819797 4.737017 5.917459 -8.819798 0.7077861 5.000584 -8.819798 0.7077861 5.917459 -8.819797 4.737017 5.000584 -8.819797 4.737017 5.000584 -8.632029 0.7077861 5.000584 -8.632028 4.737017 5.917459 -8.632028 4.737017 5.917459 -8.632029 0.7077861 -1.851894 -8.632028 4.737017 8.04251 -8.632029 4.737017 -1.851894 -8.632029 0.707786 8.04251 -8.632029 0.707786 -6.090342 -8.819797 1.397516 -6.090342 -8.819798 0.6992806 -2.78277 -8.819798 0.6992806 -2.78277 -8.819797 4.731049 -2.78277 -8.651494 4.731049 -2.78277 -8.651495 0.6992806 -6.090342 -8.651494 1.397516 -6.090342 -8.651495 0.6992806 -2.163857 -0.2167885 0.6596975 -2.163857 -5.820329 0.6596975 -2.163857 -5.820329 4.780369 -2.163857 -0.216789 4.780369 -2.163857 -3.529859 0.6596975 -2.163857 -2.507258 0.6596975 -2.163857 -2.507258 4.780369 -2.163857 -3.52986 4.780369 -1.98698 -3.529859 0.6596975 -1.98698 -3.52986 4.780369 -1.98698 -2.507258 4.780369 -1.98698 -2.507258 0.6596975 -1.98698 -5.820329 4.780369 -1.98698 -0.216789 4.780369 -1.98698 -0.2167885 0.6596975 -1.98698 -5.820329 0.6596975 -4.436555 -8.651494 3.064282 -4.436555 -8.651495 0.6992806 5.218731 -8.409605 5.442613 5.218731 1.360612 5.442613 8.599996 -5.141059 5.442613 8.599997 -1.906437 5.442613 -1.744057 -1.906437 5.442613 -1.744057 -5.141059 5.442613 5.218731 -5.141059 5.442613 5.218731 -1.906437 5.442613 -4.043123 -4.134297 1.288464 -4.207429 -5.742582 1.288464 -2.43484 -4.298599 1.288464 -2.599139 -5.906893 1.288464 -4.043123 -4.134297 -0.3281948 -4.207429 -5.742582 -0.3281948 -2.43484 -4.298599 -0.3281948 -2.599139 -5.906893 -0.3281948 -4.12689 -4.490193 0.9288946 -4.488963 -3.2801 0.9288946 -5.336977 -4.852263 0.9288946 -5.699046 -3.642161 0.9288946 -4.12689 -4.490193 -0.3342034 -4.488963 -3.2801 -0.3342034 -5.336977 -4.852263 -0.3342034 -5.699046 -3.642161 -0.3342034 4.368027 -8.644965 1.967545 4.368027 -8.644965 4.084256 3.513088 -8.644965 1.967545 3.513088 -8.644965 4.084256 6.585125 -8.644965 4.084256 6.585125 -8.644965 1.967545 7.44006 -8.644965 4.084256 7.44006 -8.644965 1.967545 1.242985 6.444512 9.495741 1.242985 6.444512 7.263828 1.242985 3.55254 9.495741 1.242985 3.55254 7.263828 1.363895 3.55254 9.495741 1.363895 6.444512 9.495741 1.363895 3.55254 7.263828 1.363895 6.444512 7.263828 1.242985 3.680687 9.396842 1.242985 6.316365 9.396842 1.242985 3.680687 7.362727 1.242985 6.316365 7.362727 1.350805 6.316365 9.396842 1.350805 6.316365 7.362727 1.350805 3.680687 9.396842 1.350805 3.680687 7.362727 1.343739 3.686221 7.362727 1.343739 3.686221 9.396842 1.086064 4.942425 7.362727 1.086064 4.942425 9.396842 1.165528 4.942425 7.362727 1.165528 4.942425 9.396842 1.423203 3.686221 7.362727 1.423203 3.686221 9.396842 1.429968 6.29343 9.396842 1.429968 6.29343 7.362727 0.8668299 5.141335 9.396842 0.8668299 5.141335 7.362727 0.7898822 5.161174 9.396842 0.7898822 5.161174 7.362727 1.35302 6.313269 9.396842 1.35302 6.313269 7.362727 1.911781 8.723443 10.75485 1.880804 8.723443 10.55926 2.057241 8.723443 10.46936 2.197268 8.723443 10.60939 2.107366 8.723443 10.78583 1.911781 9.629086 10.75485 1.880804 9.629086 10.55926 2.057241 9.62909 10.46936 2.197268 9.62909 10.60939 2.107366 9.629086 10.78583 5.464587 9.657176 10.77146 5.6606 9.663959 10.74413 5.695234 9.664075 10.54916 5.520629 9.657361 10.45599 5.378081 9.653096 10.59337 5.496635 8.752114 10.77662 5.692649 8.758897 10.7493 5.727283 8.759014 10.55433 5.55268 8.752299 10.46115 5.41013 8.748031 10.59854 6.18738 8.808012 10.75485 6.156402 8.808012 10.55926 6.33284 8.808012 10.46936 6.472867 8.808012 10.60939 6.382964 8.808012 10.78583 6.18738 9.71366 10.75485 6.156404 9.71366 10.55926 6.332843 9.713654 10.46936 6.472867 9.71366 10.60939 6.382967 9.71366 10.78583 3.729432 9.738767 10.63785 3.608724 9.746667 10.48107 3.422457 9.755893 10.54765 3.428045 9.753692 10.74558 3.617763 9.743108 10.80133 3.681531 8.83443 10.62916 3.560823 8.84233 10.47238 3.374555 8.851556 10.53896 3.380144 8.849359 10.73689 3.569862 8.838774 10.79264 8.041443 8.719971 10.8115 7.892525 8.7086 10.68147 7.970007 8.711926 10.49926 8.166809 8.725358 10.51669 8.210954 8.730328 10.70966 7.980614 9.623524 10.80213 7.831697 9.612154 10.6721 7.909179 9.615479 10.48989 8.105978 9.628911 10.50732 8.150126 9.63388 10.7003 8.780826 0.1662223 5.523464 8.780864 0.1972001 5.327877 8.78065 0.02076232 5.237977 8.780474 -0.1192647 5.378001 8.780588 -0.02936267 5.554442 9.68647 0.1651057 5.523464 9.68651 0.1960834 5.327877 9.686292 0.01964592 5.237977 9.68612 -0.1203808 5.378001 9.686227 -0.03047907 5.554442 9.694126 -1.161699 5.54007 9.700663 -1.35772 5.512743 9.700736 -1.392355 5.317772 9.694237 -1.217742 5.2246 9.690149 -1.075188 5.361987 8.789019 -1.192632 5.545236 8.795563 -1.388654 5.517909 8.795637 -1.423288 5.322938 8.789134 -1.248676 5.229766 8.785046 -1.106122 5.367153 8.858005 -3.084506 5.523464 8.858043 -3.053527 5.327877 8.857829 -3.229966 5.237977 8.857653 -3.369993 5.378001 8.857767 -3.28009 5.554442 9.76365 -3.085622 5.523464 9.763689 -3.054646 5.327877 9.763468 -3.231085 5.237977 9.763298 -3.371109 5.378001 9.763409 -3.281209 5.554442 9.90818 -5.001727 5.406462 9.91623 -4.88103 5.249679 9.925683 -4.694774 5.31626 9.923479 -4.700359 5.514193 9.912656 -4.890065 5.569941 9.003901 -4.952712 5.397772 9.01195 -4.832014 5.240989 9.021409 -4.645758 5.307571 9.019204 -4.651344 5.505504 9.008382 -4.841049 5.561252 8.734622 -7.062736 5.580111 8.723432 -6.913805 5.450079 8.726662 -6.991291 5.267872 8.739851 -7.188105 5.285297 8.744771 -7.232259 5.478273 9.638247 -7.003021 5.570746 9.627058 -6.854091 5.440713 9.63029 -6.931577 5.258507 9.64348 -7.12839 5.275931 9.648393 -7.172544 5.468908 7.346164 -9.482457 5.468908 7.390555 -9.484266 5.275931 7.587102 -9.500951 5.258507 7.664188 -9.509459 5.440713 7.515275 -9.498025 5.570746 7.42361 -8.580177 5.478273 7.468 -8.581982 5.285297 7.664548 -8.59867 5.267872 7.741633 -8.60718 5.450079 7.592721 -8.595746 5.580111 -2.048635 -0.5096512 5.561252 -2.062472 -0.6991596 5.505504 -2.064766 -0.70471 5.307571 -2.052347 -0.5186286 5.240989 -2.042377 -0.3980732 5.397772 -2.952015 -0.4462495 5.569941 -2.965852 -0.6357584 5.514193 -2.968149 -0.6413083 5.31626 -2.955729 -0.4552264 5.249679 -2.94576 -0.3346726 5.406462 -2.828392 -2.057277 5.554442 -2.826851 -1.96739 5.378001 -2.829249 -2.107393 5.237977 -2.832277 -2.283807 5.327877 -2.831747 -2.252835 5.523464 -1.92288 -2.072809 5.554442 -1.921339 -1.982919 5.378001 -1.923739 -2.122926 5.237977 -1.926764 -2.299338 5.327877 -1.926234 -2.268365 5.523464 -1.88477 -4.24766 5.367153 -1.88659 -4.105058 5.229766 -1.890309 -3.930365 5.322938 -1.89079 -3.964995 5.517909 -1.887365 -4.161097 5.545236 -2.790248 -4.264184 5.361987 -2.792069 -4.121583 5.2246 -2.795789 -3.946889 5.317772 -2.796267 -3.98152 5.512743 -2.792847 -4.177621 5.54007 -2.802958 -5.308823 5.554442 -2.801419 -5.218934 5.378001 -2.803819 -5.358941 5.237977 -2.806842 -5.535353 5.327877 -2.80631 -5.504379 5.523464 -1.897446 -5.324353 5.554442 -1.895905 -5.234464 5.378001 -1.898306 -5.374471 5.237977 -1.901331 -5.550882 5.327877 -1.9008 -5.519909 5.523464 3.756587 -8.597754 5.580111 3.905713 -8.589579 5.450079 3.828178 -8.591243 5.267872 3.631138 -8.600456 5.285297 3.586894 -8.604475 5.478273 3.798032 -9.502407 5.570746 3.947159 -9.49423 5.440713 3.869623 -9.495893 5.258507 3.672584 -9.505104 5.275931 3.628339 -9.509124 5.468908 5.673191 -9.489867 5.554442 5.583311 -9.487915 5.378001 5.723303 -9.490947 5.237977 5.8997 -9.494775 5.327877 5.868732 -9.494107 5.523464 5.692828 -8.58443 5.554442 5.602946 -8.582484 5.378001 5.742941 -8.585516 5.237977 5.919337 -8.589344 5.327877 5.888367 -8.58867 5.523464 1.000363 7.622428 6.054007 0.9903946 7.501874 5.897223 0.9779749 7.315793 5.963805 0.9802716 7.321342 6.161737 0.9941082 7.510851 6.217486 1.903746 7.559028 6.045317 1.893777 7.438472 5.888534 1.881358 7.252391 5.955116 1.883651 7.257941 6.153048 1.897488 7.44745 6.208796 1.6718 6.925304 6.154379 1.687666 6.774693 6.127849 1.694987 6.753759 5.975704 1.683645 6.891436 5.908201 1.669314 6.997459 6.018629 0.9724758 6.855879 6.130282 0.9883417 6.705266 6.103752 0.9956598 6.684333 5.951606 0.9843181 6.82201 5.884105 0.9699879 6.928032 5.994532 1.79023 2.49835 6.125294 1.810501 2.304373 6.091018 1.819865 2.27751 5.895049 1.805381 2.454887 5.808207 1.787065 2.591376 5.950507 0.8894675 2.409673 6.094408 0.9097389 2.215696 6.060131 0.9191001 2.188832 5.864161 0.9046159 2.36621 5.777321 0.8862997 2.502698 5.919621 7.659925 2.587977 10.8212 6.749993 3.84018 10.75838 8.569863 3.721483 10.98832 8.569863 6.107192 10.8212 8.114893 3.15473 10.8212 7.659927 4.973686 11.03364 6.310109 1.335771 10.95349 4.05036 1.335768 10.8212 2.429195 2.587971 10.8212 3.06778 3.840177 10.8212 5.703487 2.170573 10.80031 3.747049 1.753169 10.8212 3.088122 2.17057 10.8212 4.385633 3.005375 10.96741 1.79061 3.721477 10.95291 1.790609 6.107189 10.8212 3.280641 4.991834 10.8212 3.493503 6.143491 10.8212 2.216333 4.556281 10.8212 2.00347 6.524591 10.6401 6.31011 8.492901 10.8212 4.050359 8.492901 10.95016 2.238927 2.29056 -1.118083 2.238927 1.483986 -1.118083 2.238927 1.483986 6.453305 5.16484 1.483986 6.453305 5.16484 1.483986 -1.118083 8.090753 1.483986 6.453305 8.090753 1.483986 -1.118083 8.969035 0.9442153 -4.282072 8.969035 8.932996 -4.282072 1.360673 8.932996 5.683167 1.360673 0.9442153 5.683167 8.969035 8.932996 -1.118083 8.969035 0.9442153 -1.118083 8.969035 8.932996 6.453305 8.969035 0.9442153 6.453305 8.969035 0.9442153 10.25683 8.969035 0.9442153 9.84677 8.969035 8.932996 10.25683 3.522392 8.932996 2.010296 6.807312 8.932996 2.010296 3.522392 8.932996 6.453305 6.807312 8.932996 6.453305 3.522392 8.847204 2.010296 3.522392 8.847204 6.453305 6.807312 8.847204 2.010296 6.807312 8.847204 6.453305 5.57026 8.935913 9.495742 5.57026 8.935913 7.263828 4.668796 8.935913 9.495742 4.668796 8.935913 7.263828 8.783125 -1.592543 2.168046 8.783125 -1.592543 4.127299 8.783125 -2.391337 2.168046 8.783125 -2.391337 4.127299 8.783125 -6.511007 4.127299 8.783125 -6.511007 2.168046 8.783125 -5.712213 4.127299 8.783125 -5.712213 2.168046 8.739697 2.618474 -0.15274 8.739697 2.618474 -1.072777 8.652457 3.048605 -1.072777 8.652457 3.048605 -0.1527402 5.4106 1.943237 -0.1527398 5.4106 1.943238 -1.072777 5.323357 2.373369 -1.072777 5.323357 2.373369 -0.15274 5.115266 3.399306 -0.1527407 5.115266 3.399304 -1.072777 5.202509 2.969172 -1.072777 5.20251 2.969172 -0.1527407 8.444364 4.074539 -0.1527408 8.444364 4.074541 -1.072778 8.531607 3.644407 -1.072777 8.531607 3.644407 -0.1527407 7.026585 3.435888 -0.3927832 6.728048 3.375336 -0.3927832 6.667497 3.673873 -0.3927832 6.966032 3.734423 -0.3927832 7.026585 3.435888 1.964848 6.728048 3.375336 1.964848 6.667497 3.673873 1.964848 6.966033 3.734424 1.964848 6.943983 3.702642 1.74991 6.69944 3.653042 1.575191 6.759991 3.354507 1.57519 7.004535 3.404107 1.74991 8.269284 3.971451 -0.181348 8.024733 3.921851 -0.3560679 8.085288 3.623316 -0.3560679 8.329833 3.672916 -0.181348 5.672709 3.133973 -0.3560679 5.428163 3.084372 -0.181348 5.367611 3.382908 -0.181348 5.612158 3.432509 -0.3560679 6.998007 3.402783 1.575191 6.75346 3.353182 1.74991 6.692908 3.651717 1.74991 6.937456 3.701318 1.57519 7.141495 2.69535 1.57519 6.896948 2.645748 1.74991 6.9575 2.347213 1.74991 7.202047 2.396813 1.575191 5.816198 2.426539 -0.3560679 5.571651 2.376939 -0.181348 5.632203 2.078403 -0.181348 5.876749 2.128005 -0.3560679 8.533873 2.666947 -0.181348 8.289325 2.617345 -0.3560679 8.228775 2.915881 -0.3560679 8.47332 2.965482 -0.181348 7.208575 2.398137 1.74991 6.964031 2.348538 1.57519 6.903479 2.647073 1.575191 7.148023 2.696674 1.74991 7.182137 2.668977 1.964848 6.883601 2.608425 1.964848 6.944153 2.309889 1.964848 7.242689 2.37044 1.964848 7.182137 2.668976 -0.3927832 6.883601 2.608425 -0.3927832 6.944153 2.309889 -0.3927832 7.242689 2.37044 -0.3927832 7.026547 2.639191 1.753981 6.872243 3.399948 1.753981 6.767371 2.586622 2.018436 6.660014 2.564847 1.753981 6.767367 2.586621 1.489526 7.026547 2.639191 1.379985 7.285724 2.69176 1.489526 7.393076 2.713535 1.753981 7.285724 2.69176 2.018436 7.026547 2.639191 2.127976 6.613063 3.347378 2.018435 6.50571 3.325604 1.753981 6.613063 3.347378 1.489526 6.872243 3.399948 1.379985 7.13142 3.452517 1.489526 7.238773 3.474291 1.753981 7.13142 3.452517 2.018436 6.872243 3.399948 2.127976 6.90097 3.281711 1.761512 7.006859 2.75963 1.761513 7.390992 3.381102 2.627537 7.749711 3.45386 2.261511 7.881014 3.480492 1.761511 7.749711 3.45386 1.261511 7.390988 3.381101 0.8954864 6.900966 3.28171 0.7615123 6.410945 3.182319 0.8954873 6.052225 3.10956 1.261513 5.920927 3.082929 1.761513 6.052229 3.109561 2.261513 6.410948 3.18232 2.627538 6.90097 3.281711 2.761512 7.496885 2.859023 2.627538 7.855604 2.931782 2.261513 7.986903 2.958414 1.761513 7.855604 2.931782 1.261513 7.496881 2.859022 0.8954879 7.006859 2.75963 0.7615134 6.516838 2.66024 0.895488 6.158118 2.587482 1.261513 6.026815 2.56085 1.761513 6.158118 2.587482 2.261513 6.516838 2.660241 2.627539 7.006859 2.759632 2.761513 -6.234023 8.227625 4.056428 -5.626458 8.12891 4.056428 -5.078367 7.84964 4.056428 -4.6434 7.414673 4.056428 -4.364134 6.866582 4.056428 -4.267397 6.259019 4.056428 -4.364134 5.651456 4.056428 -4.6434 5.103365 4.056428 -5.078367 4.668398 4.056428 -5.62646 4.389132 4.056428 -6.234023 4.293721 4.056428 -6.841586 4.389132 4.056428 -7.389676 4.668399 4.056428 -7.824643 5.103366 4.056428 -8.103909 5.651457 4.056428 -8.201575 6.259021 4.056428 -8.103907 6.866584 4.056428 -7.824641 7.414675 4.056428 -7.389673 7.849642 4.056428 -6.841582 8.128911 4.056428 -6.234019 7.393779 11.03311 -5.883358 7.33824 11.03311 -5.567025 7.177058 11.03311 -5.315979 6.926012 11.03311 -5.1548 6.609677 11.03311 -5.099261 6.259017 11.03311 -5.154801 5.908357 11.03311 -5.315983 5.592022 11.03311 -5.567028 5.340977 11.03311 -5.883364 5.179798 11.03311 -6.234025 5.124259 11.03311 -6.584685 5.1798 11.03311 -6.901019 5.340981 11.03311 -7.152063 5.592027 11.03311 -7.313242 5.908363 11.03311 -7.368781 6.259023 11.03311 -7.313241 6.609683 11.03311 -7.152059 6.926018 11.03311 -6.901013 7.177062 11.03311 -6.584677 7.338242 11.03311 -5.803442 7.584202 5.154419 -5.891255 7.313944 6.536851 -5.929888 7.195043 7.777064 -5.923539 7.214583 9.017277 -5.908729 7.260163 10.06786 -6.234021 7.652399 5.154419 -6.234021 7.368232 6.536851 -6.234021 7.243213 7.777064 -6.23402 7.263759 9.017277 -6.23402 7.311685 10.06786 -5.415012 7.386287 5.154419 -5.582042 7.156391 6.536851 -5.655526 7.055249 7.777064 -5.643448 7.07187 9.017277 -5.615279 7.110642 10.06786 -5.106753 7.078027 5.154419 -5.336649 6.910998 6.536851 -5.43779 6.837513 7.777064 -5.421169 6.84959 9.017277 -5.382397 6.877759 10.06786 -4.908838 6.689597 5.154419 -5.179097 6.601784 6.536851 -5.297997 6.563151 7.777064 -5.278457 6.5695 9.017277 -5.232877 6.584309 10.06786 -4.840641 6.259019 5.154419 -5.124808 6.259019 6.536851 -5.249827 6.259018 7.777064 -5.229281 6.259018 9.017277 -5.181356 6.259017 10.06786 -4.908838 5.828441 5.154419 -5.179097 5.916253 6.536851 -5.297997 5.954886 7.777064 -5.278458 5.948536 9.017277 -5.232878 5.933726 10.06786 -5.106753 5.440011 5.154419 -5.336649 5.60704 6.536851 -5.437792 5.680524 7.777064 -5.421172 5.668447 9.017277 -5.382399 5.640277 10.06786 -5.415013 5.131751 5.154419 -5.582043 5.361647 6.536851 -5.655528 5.462789 7.777064 -5.643451 5.446167 9.017277 -5.615283 5.407394 10.06786 -5.803444 4.933835 5.154419 -5.891256 5.204095 6.536851 -5.92989 5.322995 7.777064 -5.923541 5.303454 9.017277 -5.908732 5.257874 10.06786 -6.234023 4.865639 5.154419 -6.234023 5.149806 6.536851 -6.234023 5.274826 7.777064 -6.234023 5.25428 9.017277 -6.234025 5.206354 10.06786 -6.6646 4.933836 5.154419 -6.576788 5.204095 6.536851 -6.538156 5.322996 7.777064 -6.544505 5.303456 9.017277 -6.559315 5.257876 10.06786 -7.05303 5.131752 5.154419 -6.886002 5.361648 6.536851 -6.812518 5.46279 7.777064 -6.824594 5.446169 9.017277 -6.852765 5.407397 10.06786 -7.36129 5.440012 5.154419 -7.131394 5.607041 6.536851 -7.030251 5.680526 7.777064 -7.046874 5.66845 9.017277 -7.085647 5.640281 10.06786 -7.559206 5.828443 5.154419 -7.288947 5.916255 6.536851 -7.170046 5.954888 7.777064 -7.189586 5.94854 9.017277 -7.235166 5.933731 10.06786 -7.627401 6.259021 5.154419 -7.343235 6.259021 6.536851 -7.218214 6.259021 7.777064 -7.23876 6.259022 9.017277 -7.286686 6.259022 10.06786 -7.559203 6.689599 5.154419 -7.288945 6.601787 6.536851 -7.170044 6.563154 7.777064 -7.189585 6.569503 9.017277 -7.235164 6.584314 10.06786 -7.361289 7.078029 5.154419 -7.131392 6.911 6.536851 -7.030249 6.837516 7.777064 -7.046872 6.849593 9.017277 -7.085642 6.877763 10.06786 -7.053029 7.386289 5.154419 -6.885999 7.156393 6.536851 -6.812514 7.05525 7.777064 -6.824589 7.071873 9.017277 -6.852759 7.110645 10.06786 -6.664597 7.584203 5.154419 -6.576785 7.313944 6.536851 -6.538152 7.195044 7.777064 -6.5445 7.214585 9.017277 -6.559309 7.260164 10.06786 -6.23402 6.992699 11.03311 -6.460738 6.956791 11.03311 -6.665265 6.852581 11.03311 -6.827579 6.690268 11.03311 -6.931791 6.485742 11.03311 -6.967701 6.259022 11.03311 -6.931794 6.032302 11.03311 -6.827582 5.827775 11.03311 -6.665268 5.665462 11.03311 -6.460743 5.561249 11.03311 -6.234025 5.52534 11.03311 -6.007304 5.561248 11.03311 -5.802777 5.665459 11.03311 -5.640463 5.827772 11.03311 -5.536252 6.032299 11.03311 -5.500341 6.259018 11.03311 -5.53625 6.485738 11.03311 -5.640461 6.690264 11.03311 -5.802774 6.852578 11.03311 -6.007301 6.95679 11.03311 -6.234021 6.25902 5.422995 -4.923069 4.716966 2.258504 -4.923068 4.716966 1.064006 -7.545419 4.716966 2.258504 -7.54542 4.716966 1.064006 -5.029293 4.716966 2.620267 -7.439194 4.716966 2.620267 -5.233136 4.716966 2.937453 -7.235352 4.716966 2.937453 -5.518083 4.716966 3.184358 -6.950406 4.716966 3.184358 -5.861049 4.716966 3.340983 -6.607438 4.716966 3.340983 -6.234243 4.716966 3.394641 -4.536974 4.716966 1.055279 -4.536975 4.716966 2.148754 -7.931513 4.716966 1.055279 -7.931511 4.716966 2.148754 -4.674479 4.716966 2.617043 -7.794008 4.716966 2.617043 -4.938346 4.716966 3.02763 -7.53014 4.716966 3.02763 -5.307199 4.716966 3.347238 -7.161288 4.716966 3.347238 -5.751156 4.716966 3.549985 -6.717329 4.716966 3.549985 -6.234243 4.716966 3.619442 -7.931513 7.803402 1.059251 -4.536973 7.803402 1.059251 -7.931511 7.803402 2.148754 -4.536975 7.803402 2.148754 -7.794008 7.803402 2.617043 -4.674479 7.803402 2.617043 -7.53014 7.803402 3.02763 -4.938345 7.803402 3.02763 -7.161288 7.803402 3.347238 -5.307199 7.803402 3.347238 -6.717329 7.803402 3.549985 -6.234244 7.803402 3.619442 -5.751156 7.803402 3.549985 -6.234243 7.803402 3.394641 -5.861049 7.803402 3.340983 -6.607438 7.803402 3.340983 -5.518083 7.803402 3.184358 -6.950406 7.803402 3.184358 -5.233135 7.803402 2.937453 -7.235352 7.803402 2.937453 -5.029293 7.803402 2.620267 -7.439194 7.803402 2.620267 -4.923067 7.803402 1.064006 -4.923068 7.803402 2.258504 -7.545419 7.803402 1.064006 -7.545418 7.803402 2.258504 -4.923069 8.227625 2.258504 -5.029294 8.227625 2.620267 -5.518083 8.227625 3.184358 -5.861049 8.227625 3.340983 -2.991806 8.521334 0.8020926 -2.991806 3.091954 0.8020926 -8.421185 3.091956 0.8020926 -8.421183 8.521336 0.8020926 -2.991805 8.521332 1.090921 -2.991809 3.091953 1.090921 -8.421185 3.091956 1.090921 -8.421185 8.521334 1.090921 8.279303 -8.395462 6.781477 7.803929 -8.395462 6.694555 8.279303 -8.826826 6.781477 7.803929 -8.826826 6.694555 8.279303 -8.395462 7.144908 8.279303 -8.826826 7.144908 7.803929 -8.826826 6.331125 7.803929 -8.395462 6.331125 9.013566 -7.613712 6.331125 8.580127 -7.613712 6.331125 8.580127 -8.395462 6.331125 9.013566 -8.826826 6.331125 8.580127 -8.089086 7.144908 8.580127 -8.395462 7.144908 9.013566 -8.826826 7.144908 9.013566 -8.089086 7.144908 8.580127 -7.613712 6.694555 8.580127 -8.089086 6.781477 9.013566 -7.613712 6.694555 9.013566 -8.089086 6.781477 8.574302 0.2347003 6.781477 8.574302 -0.2406731 6.694555 9.006783 0.2347003 6.781477 9.006783 -0.2406731 6.694555 8.574302 0.2347003 7.144907 8.574302 0.9704121 7.144907 9.006783 0.9704121 7.144907 9.006783 0.2347003 7.144907 8.574302 0.9704121 6.331125 9.006783 0.9704121 6.331125 9.006783 -0.2406731 6.331125 8.574302 -0.2406731 6.331125 9.055146 1.964478 -4.389785 9.055146 0.7872686 -4.389785 7.877933 0.7872686 -4.389785 7.877933 1.964479 -4.389785 9.055147 9.049588 -4.389785 7.877933 9.049588 -4.389785 7.877933 7.872375 -4.389785 9.055146 7.872375 -4.389785 2.434081 9.049588 -4.389785 2.434081 7.872375 -4.389785 1.256871 7.872375 -4.389785 1.256871 9.049589 -4.389785 1.256871 1.997136 -4.389785 1.256871 0.8199254 -4.389785 2.434081 0.8199254 -4.389785 2.434081 1.997135 -4.389785 7.111019 8.406723 -0.0647996 7.111019 8.103469 -0.0647996 6.807767 8.103469 -0.0647996 6.807767 8.406723 -0.0647996 7.111019 8.406723 3.263823 7.111019 8.103469 3.263823 6.807767 8.103469 3.263823 6.807767 8.406723 3.263823 3.98586 -6.467485 8.549265 3.98586 -6.164234 8.549265 3.711018 -6.164234 8.421108 3.711018 -6.467485 8.421108 5.392596 -6.467485 5.532508 5.392596 -6.164234 5.532508 5.117756 -6.164234 5.404348 5.117756 -6.467485 5.404348 3.224763 -6.28769 5.47722 3.224763 -5.984438 5.47722 3.498631 -5.984438 5.347 3.498631 -6.287689 5.347 4.65412 -6.287689 8.483325 4.65412 -5.984438 8.483325 4.92799 -5.984438 8.353103 4.92799 -6.287689 8.353103 4.421173 -3.001022 8.134631 4.421173 -3.001022 7.958238 4.244783 -3.001022 7.958238 4.244783 -3.001022 8.134631 4.421174 -6.602511 8.134631 4.421174 -6.602511 7.958238 4.244784 -6.602511 7.958238 4.244784 -6.602511 8.134631 4.92799 -3.341277 8.353103 4.92799 -3.644528 8.353103 4.65412 -3.644528 8.483325 4.65412 -3.341277 8.483325 3.498631 -3.341277 5.347 3.498631 -3.644528 5.347 3.224762 -3.644529 5.47722 3.224762 -3.341277 5.47722 5.117756 -3.161481 5.404348 5.117756 -3.464732 5.404348 5.392596 -3.464732 5.532508 5.392596 -3.161481 5.532508 3.711018 -3.161481 8.421108 3.711018 -3.464732 8.421108 3.985859 -3.464732 8.549265 3.985859 -3.161481 8.549265 9.14637 1.463691 -0.01671952 9.14637 1.390395 -0.01671952 9.073071 1.390395 -0.01671952 9.073071 1.463691 -0.01671952 9.14637 1.463691 3.135901 9.14637 1.390395 3.135901 9.073071 1.463691 3.135901 9.14637 1.588747 3.431179 9.109724 1.427043 3.978733 9.14637 1.265339 3.431179 9.073071 1.265339 3.431179 9.073071 1.588747 3.431179 9.073071 1.390395 3.135901 4.400548 -5.745603 8.533986 4.335608 -5.936396 8.827095 4.344628 -5.613178 8.820629 4.272855 -5.611472 8.805836 4.194068 -5.760133 9.352644 4.263837 -5.934689 8.812302 4.398503 -5.818856 8.535449 4.328776 -5.743896 8.519192 4.326734 -5.817149 8.520658 5.032792 -5.898316 5.448317 5.034834 -5.825063 5.446851 4.963065 -5.823357 5.432061 4.96102 -5.89661 5.433526 4.958924 -5.340147 5.431283 4.956866 -5.266894 5.432761 5.028662 -5.265174 5.447422 5.03072 -5.338427 5.445944 4.33021 -5.420101 8.519542 4.328154 -5.346848 8.521019 4.402007 -5.418381 8.534203 4.274832 -5.552571 8.80627 4.196997 -5.403991 9.35324 4.265757 -5.229357 8.81279 4.337555 -5.227636 8.827452 4.346631 -5.550851 8.820935 4.39995 -5.345128 8.535681 4.96102 -4.718219 5.433526 4.963065 -4.644965 5.432061 5.034834 -4.646671 5.446851 5.032792 -4.719925 5.448317 4.326733 -4.638758 8.520658 4.328776 -4.565504 8.519192 4.398503 -4.640465 8.535449 4.263836 -4.756298 8.812302 4.194067 -4.581741 9.352644 4.272854 -4.433081 8.805836 4.344628 -4.434787 8.820629 4.335608 -4.758004 8.827095 4.400547 -4.567211 8.533986 4.402388 -4.244787 8.536056 4.350073 -4.450403 8.82157 4.340802 -4.127192 8.82796 4.268959 -4.128967 8.813515 4.20196 -4.303377 9.354254 4.278233 -4.45218 8.807127 4.40449 -4.31804 8.534608 4.330548 -4.246563 8.521615 4.33265 -4.319815 8.52017 5.023762 -4.239204 5.444414 5.021658 -4.165952 5.445862 4.94982 -4.167728 5.431419 4.951922 -4.240981 5.429972 4.94372 -3.826292 5.432979 4.947295 -3.753137 5.430164 5.019108 -3.756092 5.444535 5.015536 -3.829248 5.44735 4.331696 -3.677493 8.522044 4.33527 -3.604339 8.519227 4.403511 -3.680451 8.536415 4.26827 -3.788373 8.816169 4.20577 -3.602614 9.353659 4.284048 -3.465588 8.80375 4.355865 -3.468545 8.81812 4.340086 -3.791328 8.83054 4.407085 -3.607296 8.533596 3.737307 -5.175804 5.429972 3.745908 -5.24858 5.431419 3.674512 -5.256731 5.445862 3.665909 -5.183956 5.444414 4.347128 -5.042269 8.52017 4.355729 -5.115045 8.521615 4.275729 -5.050419 8.534608 4.389571 -4.905593 8.807127 4.478762 -5.047032 9.354254 4.427521 -5.226704 8.813515 4.35612 -5.234855 8.82796 4.318172 -4.913744 8.82157 4.28433 -5.123195 8.536056 4.294654 -4.009718 8.533986 4.342387 -3.813911 8.827095 4.362116 -4.136651 8.820629 4.433758 -4.131975 8.805836 4.499026 -3.976903 9.352644 4.414027 -3.809235 8.812302 4.290183 -3.936573 8.535449 4.366293 -4.005043 8.519192 4.36182 -3.931898 8.520658 3.651343 -3.913774 5.448317 3.655816 -3.986919 5.446851 3.727453 -3.982243 5.432061 3.722983 -3.909097 5.433526 -4.583471 -9.587663 -0.1853244 -4.51139 -9.574448 -0.1867902 -4.498152 -9.645009 -0.1719996 -4.570233 -9.658226 -0.1705343 -4.63748 -8.950704 2.901807 -4.565399 -8.937488 2.900341 -4.624243 -9.021265 2.916597 -4.76552 -8.913594 3.193451 -4.609261 -8.809089 3.733793 -4.447477 -8.855281 3.186985 -4.43424 -8.925848 3.201774 -4.752283 -8.984152 3.208241 -4.552163 -9.008049 2.915131 -4.087319 -9.018997 3.014701 -4.264799 -8.991877 3.321781 -3.94621 -8.944396 3.29282 -3.958005 -8.873245 3.279721 -4.078179 -8.828269 3.837254 -4.276595 -8.920729 3.308681 -4.159523 -9.029755 3.021265 -4.099113 -8.947849 3.001601 -4.171319 -8.958609 3.008164 -4.350817 -9.630228 -0.06772482 -4.278612 -9.619464 -0.07428801 -4.290408 -9.548317 -0.08738839 -4.362613 -9.559082 -0.08082473 -6.600372 3.529134 1.154063 -6.638934 3.346361 1.154063 -7.773924 3.585817 1.086529 -7.735363 3.76859 1.086529 -6.610995 3.531376 1.340545 -6.649556 3.348602 1.340545 -7.784546 3.588058 1.27301 -7.745985 3.770831 1.27301 -6.96763 3.732401 1.362336 -7.057003 3.30878 1.362336 -6.779398 3.250211 1.378854 -6.690026 3.673833 1.378854 -6.951952 3.729094 1.087108 -7.041326 3.305472 1.087108 -6.763721 3.246904 1.103626 -6.674347 3.670526 1.103626 6.532266 4.293629 10.76155 6.937926 4.142365 10.76279 6.838716 3.87622 10.7532 6.433055 4.027484 10.75196 6.528274 4.285188 11.03709 6.933934 4.133924 11.03833 6.834723 3.86778 11.02874 6.429062 4.019044 11.0275 6.27503 3.253117 10.95733 6.450055 3.187853 10.95786 6.85568 4.275988 10.99707 6.680656 4.341251 10.99654 6.277735 3.258836 10.77064 6.452759 3.193572 10.77117 6.858385 4.281706 10.81038 6.683361 4.346969 10.80985 -4.098588 8.293211 0.930254 -4.098588 8.293211 -4.165009 -7.316917 8.414985 -4.165009 -7.316917 8.293211 -4.165009 -8.313649 7.408947 -4.165009 -8.313649 8.414985 -4.165009 -7.316917 8.414985 0.930254 -7.316917 8.293211 0.930254 -8.313649 7.408947 0.930254 -8.313649 8.414985 0.930254 -3.091299 8.414985 0.930254 -4.098588 8.414985 0.930254 -3.091299 7.427564 0.930254 -3.091299 8.414985 -4.165009 -4.098588 8.414985 -4.165009 -3.091299 7.427564 -4.165009 -4.098588 3.191447 -4.165009 -3.091299 4.19063 -4.165009 -3.091299 3.191447 -4.165009 -4.098588 3.191447 0.930254 -3.091299 4.19063 0.930254 -3.091299 3.191447 0.930254 -3.213183 4.19063 -4.165009 -3.213183 4.190631 0.930254 -3.213183 7.403989 -4.165009 -3.213183 7.40399 0.930254 -4.098588 3.313331 0.930254 -4.098588 3.313331 -4.165009 -7.316917 3.313331 0.930254 -7.316917 3.313331 -4.165009 -8.313649 3.191447 0.930254 -7.316917 3.191447 0.930254 -8.199919 4.185722 0.930254 -8.313649 4.185722 0.930254 -8.313649 3.191447 -4.165009 -7.316917 3.191447 -4.165009 -8.199919 4.185722 -4.165009 -8.313649 4.185722 -4.165009 -8.199919 7.403991 -4.165009 -8.199919 7.403992 0.930254 -4.295695 3.778488 1.066471 -4.295695 3.482623 1.066471 -4.59156 3.482623 1.066471 -4.59156 3.778488 1.066471 -4.353663 3.72052 1.603299 -4.353664 3.540591 1.603299 -4.533592 3.540591 1.603299 -4.533592 3.72052 1.603299 -3.651941 3.761811 1.603299 -3.705479 3.590032 1.603299 -3.533701 3.536494 1.603299 -3.480163 3.708273 1.603299 -3.690036 3.834402 1.066471 -3.778071 3.551938 1.066471 -3.495606 3.463903 1.066471 -3.407571 3.746367 1.066471 4.850227 -6.797062 5.42191 4.924524 -7.083446 5.42191 4.63814 -7.157744 5.42191 4.563842 -6.87136 5.42191 4.808673 -6.86773 5.958738 4.853856 -7.041893 5.958738 4.679693 -7.087076 5.958738 4.63451 -6.912914 5.958738 7.984543 -3.229937 5.958738 7.878826 -3.375533 5.958738 8.024422 -3.481249 5.958738 8.13014 -3.335653 5.958738 7.971694 -3.14897 5.42191 7.79786 -3.388381 5.42191 8.037271 -3.562216 5.42191 8.211109 -3.322805 5.42191 1.360673 8.932996 -4.376451 8.969035 8.932996 -4.376451 8.983455 -8.819798 -4.359373 8.983455 1.360612 -4.359373 -7.256333 -8.408801 -4.359373 -7.256333 -8.819798 -4.359373 -2.580069 -8.819798 -4.359373 -7.256333 -6.384296 -4.359373 -7.256333 -6.743347 -4.359373 -2.580069 -6.384296 -4.359373 -2.163856 -8.819798 -4.359373 -2.163856 1.360612 -4.359373 -2.163856 -6.384296 -4.359373 -6.771384 -8.580765 -1.236782 -6.771384 -6.719552 -1.236782 -2.492283 0.2793646 -4.236993 -6.302989 -6.521035 -4.236993 -6.302988 0.2793663 -4.236993 -2.492282 0.2793634 -0.1292407 -2.492285 -6.521036 -0.1292407 -6.302989 -6.521033 -0.1292407 -6.302989 0.2793646 -0.1292407 -2.163856 1.845146 -0.2575255 -2.163856 1.845146 6.33112 -2.163856 1.845146 5.442613 -2.163856 1.845146 -4.359373 1.537204 1.845146 -0.2575255 1.537204 1.845146 6.33112 1.537204 1.845146 5.442613 1.537204 1.845146 -4.359373 -1.744057 1.360612 6.33112 5.218731 1.360612 6.33112 8.9857 4.538246 9.495742 8.9857 4.538246 7.263828 8.9857 5.43971 9.495742 8.9857 5.43971 7.263828 2.455283 -1.277913 8.549265 2.152032 -1.277913 8.549265 2.152032 -1.552754 8.421108 2.455283 -1.552754 8.421108 2.455283 0.1288232 5.532508 2.152032 0.1288232 5.532508 2.152032 -0.1460165 5.404348 2.455283 -0.1460165 5.404348 2.275488 -2.03901 5.477221 1.972236 -2.03901 5.477221 1.972236 -1.765142 5.347 2.275487 -1.765142 5.347 2.275487 -0.6096525 8.483325 1.972236 -0.6096525 8.483325 1.972236 -0.3357825 8.353103 2.275487 -0.3357825 8.353103 -1.01118 -0.8425999 8.134631 -1.01118 -0.8425999 7.958238 -1.01118 -1.01899 7.958238 -1.01118 -1.01899 8.134631 2.590309 -0.8425984 8.134631 2.590309 -0.8425984 7.958238 2.590309 -1.018989 7.958238 2.590309 -1.018989 8.134631 -0.6709251 -0.3357825 8.353103 -0.3676741 -0.3357825 8.353103 -0.3676741 -0.609653 8.483325 -0.6709251 -0.609653 8.483325 -0.6709251 -1.765142 5.347 -0.3676741 -1.765142 5.347 -0.3676729 -2.039011 5.477221 -0.6709251 -2.039011 5.477221 -0.8507211 -0.1460168 5.404348 -0.5474701 -0.1460168 5.404348 -0.5474701 0.128823 5.532508 -0.8507211 0.1288228 5.532508 -0.8507211 -1.552755 8.421108 -0.5474701 -1.552755 8.421108 -0.5474701 -1.277914 8.549265 -0.8507211 -1.277914 8.549265 1.733401 -0.8632245 8.533986 1.924194 -0.9281645 8.827095 1.600976 -0.9191446 8.820629 1.59927 -0.9909177 8.805836 1.747931 -1.069705 9.352644 1.922487 -0.9999356 8.812302 1.806654 -0.8652697 8.535449 1.731694 -0.9349966 8.519192 1.804947 -0.9370384 8.520658 1.886114 -0.2309803 5.448318 1.812861 -0.2289385 5.446851 1.811155 -0.3007073 5.432061 1.884408 -0.3027525 5.433526 1.327945 -0.3048487 5.431283 1.254692 -0.3069067 5.432761 1.252972 -0.2351102 5.447422 1.326225 -0.2330527 5.445944 1.407899 -0.9335628 8.519542 1.334646 -0.9356184 8.521019 1.406179 -0.8617654 8.534203 1.540369 -0.9889407 8.80627 1.391789 -1.066775 9.35324 1.217155 -0.9980154 8.81279 1.215434 -0.9262176 8.827452 1.538649 -0.9171414 8.820935 1.332926 -0.8638225 8.535681 0.7060168 -0.3027525 5.433526 0.6327632 -0.3007073 5.432061 0.6344686 -0.2289385 5.446851 0.7077229 -0.2309803 5.448318 0.6265562 -0.9370394 8.520658 0.5533021 -0.9349966 8.519192 0.6282628 -0.8652697 8.535449 0.7440961 -0.9999366 8.812302 0.5695388 -1.069705 9.352644 0.4208791 -0.9909186 8.805836 0.4225848 -0.9191446 8.820629 0.7458022 -0.9281645 8.827095 0.5550091 -0.8632255 8.533986 0.2325851 -0.8613844 8.536056 0.4382012 -0.9136996 8.82157 0.1149899 -0.9229703 8.82796 0.1167647 -0.9948135 8.813515 0.2911751 -1.061812 9.354254 0.4399779 -0.9855394 8.807127 0.3058379 -0.8592825 8.534608 0.2343609 -0.9332247 8.521615 0.3076131 -0.9311228 8.52017 0.2270016 -0.2400107 5.444414 0.1537501 -0.2421145 5.445862 0.1555259 -0.3139525 5.431419 0.2287788 -0.3118506 5.429973 -0.1859099 -0.3200526 5.43298 -0.2590652 -0.3164773 5.430164 -0.25611 -0.2446646 5.444535 -0.182954 -0.2482371 5.44735 -0.3347089 -0.9320765 8.522044 -0.4078631 -0.9285026 8.519227 -0.3317511 -0.8602614 8.536415 -0.223829 -0.9955025 8.816169 -0.4095881 -1.058002 9.353659 -0.5466139 -0.9797244 8.80375 -0.5436571 -0.9079075 8.81812 -0.220874 -0.9236865 8.83054 -0.404906 -0.8566876 8.533596 1.163602 -1.526466 5.429973 1.236378 -1.517865 5.431419 1.244529 -1.589261 5.445862 1.171754 -1.597864 5.444414 1.030067 -0.9166446 8.52017 1.102843 -0.9080434 8.521615 1.038217 -0.9880433 8.534608 0.8933909 -0.8742013 8.807127 1.03483 -0.7850103 9.354254 1.214502 -0.8362517 8.813515 1.222653 -0.9076524 8.82796 0.901542 -0.9456005 8.82157 1.110993 -0.9794426 8.536056 -0.002484083 -0.9691186 8.533986 -0.198291 -0.9213853 8.827095 0.124449 -0.9016566 8.820629 0.1197731 -0.8300147 8.805836 -0.03529906 -0.7647467 9.352644 -0.2029669 -0.8497453 8.812302 -0.07562899 -0.9735894 8.535449 -0.007158935 -0.8974795 8.519192 -0.08030414 -0.9019528 8.520658 -0.09842801 -1.61243 5.448318 -0.02528297 -1.607957 5.446851 -0.02995896 -1.53632 5.432061 -0.103105 -1.54079 5.433526 7.654448 0.9442153 -4.282072 7.654448 8.932996 -4.282072 7.654448 8.932996 6.453305 7.654448 0.9442153 6.453305 1.360673 8.789567 -1.118083 8.969035 8.789567 -1.118083 3.522392 8.789567 2.010296 6.807312 8.789567 2.010296 3.522392 8.703773 2.010296 3.522392 8.703773 6.453305 6.807312 8.703773 2.010296 6.807312 8.703773 6.453305 1.360673 8.789567 -4.376451 8.969035 8.789567 -4.376451 2.434081 0.9717206 -0.900889 2.434081 0.9717202 10.20704 7.877932 0.9390639 10.20704 7.877933 0.9390639 -0.900889 0.3680272 -8.644965 1.967545 0.3680272 -8.644965 4.084256 -0.486912 -8.644965 1.967545 -0.486912 -8.644965 4.084256</float_array>
          <technique_common>
            <accessor source="#Cylinder_005-mesh-positions-array" count="2373" stride="3">
              <param name="X" type="float"/>
              <param name="Y" type="float"/>
              <param name="Z" type="float"/>
            </accessor>
          </technique_common>
        </source>
        <source id="Cylinder_005-mesh-normals">
          <float_array id="Cylinder_005-mesh-normals-array" count="8298">0 1 0 6.44257e-6 -1 -2.39695e-5 0.9864401 0 0.1641216 0.8729253 0 0.4878541 0.6241441 0 0.7813094 0.2313566 0 0.972869 -0.07237219 0.06565231 0.9952146 1 9.4245e-6 -1.82933e-5 -1 9.59914e-7 0 0 0.9835943 0.1803949 0 0.8513963 0.5245232 0 0.5867971 0.8097342 0 0.2108763 0.9775128 0 -0.1308333 0.9914044 -1.60004e-6 -1 2.08796e-6 -0.9864401 0 0.1641216 -0.8729255 0 0.4878538 -0.6241438 0 0.7813095 -0.2313513 0 0.9728703 0.1439601 0 0.9895835 -1 -9.22269e-6 1.65933e-5 1 0 0 0 0.9835941 0.1803962 0 0.8513959 0.5245237 0 0.5867968 0.8097344 0 0.2108759 0.9775129 -0.07236838 -0.0656532 0.9952148 1.2412e-6 -1 0 0.9864402 0 0.1641218 0.8729254 0 0.4878537 0.6241448 0 0.7813087 0.2313556 0 0.9728693 -0.1439618 0 0.9895833 1 -2.51236e-7 2.66276e-7 -1 0 0 0 -0.9835938 0.1803975 0 -0.8513969 0.5245222 -4.22313e-7 -0.5867977 0.8097337 0 -0.2108768 0.9775127 0.07237052 0.06565308 0.9952147 2.30633e-7 -1 -4.57115e-6 -8.68638e-6 1 -2.87633e-5 -0.9864402 0 0.1641218 -0.8729254 0 0.4878537 -0.6241448 0 0.7813087 -0.2313556 0 0.9728693 0.07237195 -0.06565195 0.9952147 -1 -5.79969e-6 -1.10869e-5 0 -0.851397 0.5245217 0 -0.5867974 0.8097338 2.87173e-6 -0.2108762 0.9775128 0 0.1308332 0.9914044 -1 -9.09631e-7 0 -1 1.96386e-7 0 1 5.86925e-7 0 1 -1.18138e-6 0 -1 -1.17661e-6 0 1 -1.17878e-6 0 1 2.1235e-6 0 -1 2.9694e-6 0 1 -1.69748e-6 0 1 -3.3828e-6 0 -1 -4.427e-6 0 -1 -5.72132e-6 0 1 1.68716e-6 0 1 1.69138e-6 0 1 1.69494e-6 0 1 -1.69883e-6 0 0 1 1.06218e-6 0 1 3.38279e-6 0 1 1.4847e-6 0 1 -6.78982e-6 0 1 3.71466e-6 0 1 -2.34829e-6 0 1 -2.35322e-6 0 1 -1.17344e-6 0 1 2.30642e-7 0 -1 0 0 -1 8.48732e-7 0 -1 8.47466e-7 0 -1 1.59572e-7 0 -1 -1.46166e-7 0 -1 -9.09215e-7 0 -1 -1.7619e-6 0 -1 -1.18809e-6 0 -1 -9.04512e-7 0 -1 3.41174e-7 -0.6894506 0.6918706 0.2144134 0.690491 0.6909233 0.2141198 -0.6424313 0.644687 0.4143196 0.6436958 0.6438366 0.413679 -0.5473632 0.548046 0.6324866 0.5478234 0.5478858 0.6322268 -0.6902769 -0.6909666 0.2146696 0.6913162 -0.6900182 0.2143756 -0.6436569 -0.6438894 0.4136571 0.644256 -0.6430445 0.4140388 -0.5478103 -0.5479145 0.6322134 0.5479516 -0.5475862 0.6323753 0.06715083 -0.9976892 -0.01034581 0.06717568 -0.9976877 -0.01033025 -0.1861677 0.9593022 0.2123228 -0.1900225 0.9816113 -0.01818889 -0.1110582 0.5819791 -0.8055845 0.1898349 -0.9798026 -0.06284517 0.1882182 -0.9734283 0.1304271 0.2816386 -0.005697846 0.9595037 0.9982016 -0.05259609 0.02876561 0.3352914 -0.02680891 -0.9417331 -0.7909682 0.03602701 -0.6107957 -0.824144 0.04907613 0.5642503 -0.05289179 -0.9985542 0.009594738 -0.05288606 -0.9985544 0.009609997 -1.57861e-5 -1 -2.39733e-6 1.42404e-5 -1 -7.19199e-6 0.156458 0 0.9876846 -0.8910039 2.65882e-6 0.4539957 -0.7071156 1.99408e-6 -0.707098 0.4539911 -1.32945e-6 -0.8910062 0.9876891 -1.32938e-6 0.1564293 0.6932267 0.02866077 -0.7201496 -0.4704306 -0.01162707 -0.8823605 -0.9839506 -0.03584092 0.1748047 -0.1376739 -0.01053261 0.9904217 0.8988385 0.02933061 0.4372975 0.03537154 -0.9993581 -0.005686044 0.0353958 -0.9993572 -0.005690336 1.52395e-5 -1 2.59717e-6 1.09099e-5 -1 1.07878e-5 0.1564371 0 0.987688 -0.8910043 0 0.4539949 -0.7071145 0 -0.7070991 0.4540064 0 -0.8909984 0.9876914 0 0.1564157 -6.63314e-7 0 1 0 0 1 -0.9900733 0.009318709 -0.1402434 0.009400725 0.9982731 -0.05798757 0.9900729 -0.009324312 -0.1402457 -0.009401321 -0.998273 -0.05798774 0 0 1 -3.06212e-6 0 1 0 0 1 -1.32785e-6 0 1 0.9909592 -0.009326279 0.1338399 -0.009404718 -0.998657 0.05095046 -0.9909616 0.0093351 0.1338207 0.009404838 0.9986572 0.05094689 -2.42646e-7 1 0 3.41221e-7 -1 -2.40706e-7 -2.27301e-6 0 1 1 4.56489e-7 0 -1 -2.28245e-7 0 -0.9993219 -0.0368216 0 -0.9993219 -0.036821 0 -0.03682744 0.9993217 0 -0.03682744 0.9993216 0 0.9993217 0.03682619 0 0.9993218 0.036825 0 0.03682202 -0.9993219 0 0.03682202 -0.9993219 0 0.08023899 -0.9967757 0 0.08023893 -0.9967758 0 0.9967759 0.08023649 0 -0.08023899 0.9967757 0 -0.08023899 0.9967758 0 -0.9967759 -0.08023589 0 -0.9967759 -0.08023649 0 -0.9869397 -0.1610898 0 -0.9869399 -0.1610895 0 -0.1610937 0.9869392 0 -0.1610938 0.9869391 0 0.9869388 0.1610959 0 0.9869388 0.161096 0 0.1610974 -0.9869386 0 0.1610975 -0.9869385 0 -0.9340308 -0.2461723 0.2588159 -0.986967 -0.14598 0.06771939 -0.9306999 -0.3594587 0.06772887 -0.8912582 -0.1207326 0.4371297 -0.9672462 -0.02661037 0.2524417 -0.8547064 -0.4536061 0.2524254 -0.8349945 -0.3342345 0.4371173 -0.1549511 0.4586929 0.8749806 -0.4874436 0.8705924 0.06684213 0.09125542 -0.475468 0.8749873 0.004970312 -0.9977502 0.06685805 -0.3275198 -0.5858592 -0.7412826 -0.5737265 0.3483132 -0.7412934 0.2229672 0.5704462 0.7904915 -0.1176072 0.9923593 -0.03730714 0.4751558 -0.3864444 0.7904984 0.3867741 -0.9214208 -0.03727871 0.04620003 -0.4995124 -0.8650739 -0.2059953 0.4573675 -0.8650902 0.3402655 0.5872104 0.7344409 0.009100973 0.9974722 -0.07047283 0.5854916 -0.3432345 0.7344316 0.4995477 -0.8634151 -0.07047367 0.1683866 -0.4531584 -0.875382 -0.0768401 0.4772791 -0.8753858 -5.1792e-6 1.06407e-5 1 -0.1155174 -0.200076 0.9729467 0.1155153 -0.2000753 0.9729471 -0.1155205 0.2000923 0.9729431 -0.2310464 -5.38961e-6 0.9729427 0.2310284 -1.18649e-5 0.9729471 0.1155232 0.2000967 0.9729418 -0.4821863 0.8351885 0.2644935 -0.9643864 2.73333e-6 0.2644976 0.4821997 0.8351821 0.2644888 0.9643868 -1.82491e-5 0.2644964 0.4821802 -0.8351905 0.2644981 -0.4821918 -0.8351835 0.264499 -0.4820861 0.8349952 -0.265285 -0.9641701 -1.32521e-5 -0.2652848 0.4820806 0.8349975 -0.2652876 0.9641672 1.03779e-5 -0.2652955 0.6152311 -0.7703327 -0.1675657 -0.6152141 -0.7703467 -0.1675639 -0.4156474 0.7198932 -0.5558696 -0.8312686 -8.35134e-6 -0.555871 0.4156438 0.7199004 -0.555863 0.8312748 -3.12999e-5 -0.555862 0.7494187 -0.4327055 -0.5011361 6.30764e-6 -0.8653665 -0.5011396 2.38906e-5 -0.865359 -0.5011526 -0.7494098 -0.4327026 -0.501152 -0.8625312 0.4437285 -0.2431977 -0.8155438 -0.5251099 -0.2432036 -0.8407966 -0.5413512 0 -0.8892237 0.4574729 -7.67087e-7 0.0469805 -0.9688373 -0.2432016 0.04842454 -0.9988269 -1.76507e-6 0.8625264 -0.4437367 -0.2431995 0.8892209 -0.4574783 -1.80457e-6 0.8155471 0.5251053 -0.2432026 0.8407954 0.5413531 -1.24254e-6 -0.04698753 0.9688369 -0.243202 -0.04843169 0.9988265 -2.06888e-6 -0.8155642 -0.5250775 0.2432053 -0.8625159 0.4437561 0.2432013 0.04694253 -0.9688377 0.2432076 0.8625094 -0.4437664 0.2432056 0.8155659 0.5250737 0.2432075 -0.04695069 0.9688371 0.2432088 -1.84834e-7 0 1 7.39349e-7 0 1 -8.88467e-7 0 1 1.48077e-7 0 1 2.22117e-7 0 1 0.969909 -0.01125705 0.2432077 0.4752042 -0.8455951 0.2432074 0.4899369 -0.8717579 -1.16355e-6 0.999933 -0.01158654 -1.27596e-7 -0.4947147 -0.8343317 0.243204 -0.5100002 -0.8601744 -1.23951e-6 -0.9699106 0.01126086 0.243201 -0.999933 0.0115894 -1.40962e-6 -0.4751936 0.8456012 0.2432075 -0.4899324 0.8717605 -2.05673e-6 0.4947095 0.8343346 0.2432048 0.5100054 0.8601713 -7.71649e-7 0.4752321 -0.8455806 -0.2432034 0.9699097 -0.01121973 -0.2432067 -0.4946815 -0.8343523 -0.2432006 -0.969912 0.01122981 -0.2431967 -0.4752287 0.8455831 -0.2432015 0.4946786 0.8343535 -0.2432022 0 0 1 0 0 1 -0.9984336 -0.0559507 0 -0.9984335 -0.0559507 0 0.05594807 -0.9984337 0 0.05594813 -0.9984337 0 0.9984338 0.05594694 0 0.9984338 0.05594658 0 -0.0559436 0.998434 0 -0.05594366 0.998434 0 0.02549856 0.9996749 0 0.999675 -0.02549612 0 -0.0254969 -0.9996749 0 -0.0254969 -0.9996749 0 -0.999675 0.02549427 0 -0.999675 0.02549487 0 0 0 1 0.2055939 -0.004912674 0.9786251 0.744718 -0.004188835 -0.6673663 -0.9502767 0.009104728 -0.3112738 -0.1616625 0.009103417 -0.9868041 0.9354673 -0.004187285 0.3533889 -0.7737822 -0.004915058 0.6334328 0.981099 -0.004913032 -0.1934444 -0.6580851 -0.004189312 -0.7529319 -0.3230194 0.009103119 0.9463486 -0.7293751 0.009104788 0.6840534 -0.2277513 -0.004189431 -0.9737103 0.9571307 -0.004913628 0.2896147 0.5232187 -0.004912376 0.8521844 0.4764083 -0.004188537 -0.8792142 -0.9995936 0.009103596 0.02701342 -0.8956299 0.009100914 -0.4447071 0.8329572 -0.004187643 -0.5533215 0.06271618 -0.004912972 0.9980193 -0.7737719 -0.00491321 0.6334453 0.9354698 -0.004190325 0.3533819 -0.1616666 0.009103357 -0.9868034 -0.1309312 -0.9913213 0.01179254 -0.7900402 0.6095157 0.06578087 0.9209771 0.3818164 -0.07757306 -0.1309368 -0.9913207 0.01179236 -0.7900438 0.609511 0.06578183 0.9209754 0.3818207 -0.07757276 -0.1309359 -0.9913208 0.01178967 -0.7900509 0.6095017 0.06578212 0.9209769 0.3818171 -0.07757169 0.07786273 0.0019598 0.9969622 0.08736586 -0.004825353 0.9961647 -0.0743972 -0.9972184 0.00452125 0.8975021 0.4340555 -0.07801198 -0.8230842 0.5631445 0.07348901 -0.07439571 -0.9972186 0.004517376 0.8975014 0.4340578 -0.07800847 -0.8231012 0.5631195 0.07349014 -0.07437717 -0.99722 0.004517376 0.8974958 0.4340693 -0.07800948 -0.8230882 0.5631387 0.07348942 0 0 -1 -2.59105e-6 1 -5.88926e-6 -0.7582283 0 0.6519892 6.06856e-7 -1 0 0.6519896 1.44698e-7 0.7582279 -0.651991 0 -0.7582267 0.8660209 0.5000081 0 -0.8660323 0.4999882 0 -0.7769823 0.4920386 -0.3926786 -0.1028143 -0.9180955 0.3827925 0.8743746 0.4849407 -0.01737225 -1 0 -1.12123e-5 -0.01858997 0.007657289 -0.9997979 0.01858931 -0.007657229 0.9997979 -0.3808677 -0.9246296 0 -0.9244446 0.3807862 0.02010154 0.3808687 0.9246291 -2.47123e-6 -0.4195687 0.9077237 2.47123e-6 -0.9075394 -0.4194858 0.02010536 0.4195697 -0.9077232 0 0.0182507 0.008435249 0.9997979 -0.0182501 -0.008435547 -0.9997979 0.9340342 0.2461548 -0.2588199 0.9340358 0.2461687 -0.2588015 0.9340329 0.2461451 -0.2588347 0.9340291 0.2461769 -0.2588181 -0.1759567 -0.9734964 -0.1460964 -0.9235373 -0.3234202 0.2061026 -0.8590753 -0.4305271 0.2768324 0.6488183 -0.6955319 0.308659 0.7504675 -0.6265966 0.2101792 -0.1040236 -0.5635725 0.8194909 -0.7504945 0.6265508 -0.2102193 0.1764173 0.9598441 0.2181199 0.9235926 0.3233608 -0.2059477 0.5754259 0.2380522 0.7824424 -0.4591298 0.4253968 0.7798958 0.175951 0.9735058 0.14604 -0.6726021 0.7170726 -0.1827933 -0.7682999 0.6280544 -0.1235438 -0.7340272 0.6631928 -0.146217 -0.6325502 0.7470744 -0.2043532 -0.9128264 -0.3803744 -0.1485378 -0.05084741 0.7348458 -0.6763256 0.2659774 -0.475486 -0.8385518 -0.8945933 -0.4302038 -0.1209446 -0.2080811 -0.9765328 -0.05555087 -0.2080998 -0.9765283 -0.05556106 0.2303339 -0.9682195 -0.0974546 0.2840389 -0.9489128 -0.1374285 0.9437313 -0.2533448 -0.2125741 0.9499238 -0.2249977 -0.2168434 0.9349951 0.2984496 -0.1916038 0.8945078 0.4302945 -0.121254 -0.2081271 -0.9765202 0.05560141 0.5747214 -0.2491737 -0.7794921 -0.2080412 -0.976536 0.05564618 -0.5922126 0.1625472 -0.7892166 0.2081277 0.976523 -0.05555003 0.2080428 0.9765436 -0.05550557 0.8822737 0.4242796 0.2039119 0.9065625 0.3806167 0.1824159 -5.26163e-7 -1.87303e-6 1 4.75725e-7 -9.87454e-7 1 0 -1.88706e-6 1 -2.31301e-6 -4.92758e-6 1 1.15643e-6 -1.33034e-6 1 -0.4939017 0.1511791 0.8562746 -0.2212641 0.5568619 0.8005917 0.4082892 0.3897473 0.8254678 0.49277 -0.05966979 0.8681114 0.1352424 -0.6454342 0.7517475 -0.3932964 -0.5575213 0.7310869 0.4127222 -0.08791702 0.9066042 0.4126922 -0.08793073 0.9066165 -0.08618354 -0.4042239 0.9105907 -0.08612209 -0.4043511 0.9105401 -0.412756 0.08790636 0.9065898 -0.4126911 0.08793568 0.9066165 0.08619129 0.4042098 0.9105963 0.08611994 0.4043583 0.9105371 0.9780384 -0.2084249 -2.16997e-6 0.9780381 -0.2084262 -2.28965e-6 -0.208329 -0.9780589 0 -0.2083196 -0.9780609 -1.27864e-6 -0.9780447 0.2083953 -1.33533e-6 -0.9780424 0.2084062 0 0.2083602 0.9780521 1.95621e-6 0.2083286 0.978059 -2.11362e-6 0.9667553 -0.2557033 -1.83129e-6 0.9667451 -0.2557421 3.26036e-6 0.2558021 0.9667292 0 0.2557841 0.966734 -2.00298e-6 -0.9667518 0.2557168 4.89074e-7 -0.9667516 0.2557173 0 -0.2558149 -0.9667259 -1.25883e-6 -0.2558106 -0.966727 -2.00304e-6 0.3996849 -0.1057127 0.9105366 0.3995316 -0.1057766 0.9105965 0.1079311 0.4079177 0.9066168 0.1079054 0.4079845 0.9065899 -0.3996781 0.1057152 0.9105393 -0.399538 0.1057728 0.9105942 -0.1079268 -0.4079174 0.9066176 -0.1079145 -0.407953 0.9066029 -0.5377042 0.4199841 0.7310867 -0.3881777 0.8790234 0.2768319 0.1750534 0.4859527 0.8562747 -0.726307 -0.614173 0.3086581 -0.651256 -0.1036471 0.7517467 -0.08359992 -0.489278 0.8681118 0.9501115 -0.2229565 0.2181249 0.3693962 -0.4267842 0.8254708 0.5669762 0.1938779 0.8005931 -7.64427e-7 -4.02756e-7 1 -1.71455e-6 0 1 -7.70953e-7 -1.06027e-6 1 -1.9003e-6 6.70588e-7 1 -5.2043e-6 2.69691e-6 1 0.736451 0.01499259 -0.6763248 0.3360103 -0.9240246 0.1824163 -0.4878805 -0.2425046 -0.8385488 0.3808061 -0.9018905 0.2039129 -0.9782884 -0.1829066 -0.0974524 -0.9616203 -0.2374871 -0.1374275 -0.9652398 0.2553954 -0.05554783 -0.965234 0.2554149 -0.0555588 -0.2990052 -0.9302732 -0.2125742 -0.2709974 -0.9378371 -0.216846 0.2525553 -0.9484214 -0.1916056 0.3862141 -0.9144045 -0.1212572 0.9652269 -0.2554427 -0.05555272 -0.2760431 -0.5630062 -0.7789893 0.1912219 0.5827076 -0.7898646 0.9652516 -0.2553592 -0.05550843 0.6981554 0.7008559 -0.1462193 0.7769935 0.5954166 -0.2043538 0.7489785 0.636881 -0.1827946 0.6647286 0.7367986 -0.1235467 -0.9652242 0.2554421 0.0556038 -0.9652439 0.2553576 0.0556482 -0.3354633 0.9302694 -0.1485372 -0.3861235 0.9144843 -0.120943 0.9637809 -0.2231562 0.1460404 0.6623591 0.7190886 -0.2102192 0.4472534 0.4378675 0.7798952 0.2097455 -0.5863372 0.782442 0.2779928 -0.9382461 -0.2059475 -0.2780577 0.9381929 0.206102 -0.5578372 0.1313481 0.8194909 -0.6624042 -0.7190587 0.2101796 -0.9637715 0.2231602 -0.1460966 0.9666478 0.2330625 0.1061786 -0.2793481 -0.9582722 -0.06065535 -0.6874593 0.7247931 -0.04555004 0.9666508 0.2330521 0.1061737 -0.2793238 -0.9582793 -0.0606544 -0.6874679 0.7247847 -0.0455532 -0.1093185 -0.06700986 0.9917455 -0.08137893 7.25188e-4 0.996683 -0.9223881 -0.3777681 -0.08057016 0.7870754 -0.6129752 0.06909304 0.135277 0.9907414 0.01147776 -0.9223717 -0.3778082 -0.0805701 0.787092 -0.6129542 0.06909108 0.1353028 0.9907378 0.01147967 0.340272 1.74861e-6 0.9403271 0.5039926 0.1226084 0.8549612 0.3927617 0.08470284 0.9157313 0.2304984 0.2237361 0.947002 0.3359096 0.08272445 0.9382545 0.2364932 9.86531e-7 0.9716331 0.4977202 0 0.8673377 0.3373385 -0.1310604 0.9322156 0.4467124 -0.2312084 0.8642862 0.5042848 -0.1807149 0.8444163 0.2356722 -0.08318084 0.9682664 0.3370629 0 0.9414821 0.3927643 -0.08469885 0.9157305 0.2304965 -0.2237352 0.9470027 0.2304968 0.223736 0.9470023 0.07201474 0.08470141 0.9938006 0.1333138 4.29228e-7 0.9910739 0.2356722 0.08318048 0.9682664 -0.05980783 0.1807183 0.9817148 4.50577e-4 0.2312064 0.9729047 0.1288123 0.1310604 0.9829703 -0.04344356 0 0.999056 0.2364934 -6.16583e-7 0.9716331 0.1328576 -0.082726 0.9876767 0.07499676 -0.2301505 0.9702609 0.2356194 -0.08587837 0.9680436 -0.05470663 -0.122608 0.9909462 0.1299349 -2.91436e-7 0.9915226 4.49075e-4 -0.2312047 0.972905 -0.05980741 -0.1807171 0.9817151 0.5042816 0.1807174 0.8444178 0.446713 0.2312073 0.8642863 0.1357831 0.9907377 -0.001362025 0.7901029 -0.6129513 -0.005316674 -0.9258551 -0.3778201 0.006673991 0.1357499 0.9907422 -0.001356899 0.7900782 -0.6129831 -0.005309522 -0.9258782 -0.3777633 0.006675362 0.01109451 6.41346e-4 0.9999383 0.00368303 -0.005520641 0.999978 0.06552898 0.9978451 0.003345072 -0.8969194 -0.4421939 5.47351e-4 0.8313981 -0.5556636 -0.003896355 0.06551152 0.9978462 0.003347456 -0.8969284 -0.4421756 5.51555e-4 0.8314012 -0.555659 -0.003893017 0.9961948 -0.08715492 1.96695e-6 -0.9961948 0.0871542 0 0.9961947 -0.08715546 1.57953e-6 -0.9961947 0.08715569 8.64271e-7 0.9961946 -0.08715736 -1.57207e-6 -0.9961947 0.08715629 1.72854e-6 0.9961946 -0.0871573 1.57207e-6 -0.9961947 0.08715623 -2.41398e-6 0.9961947 -0.08715635 0 -0.9961947 0.0871551 -9.23872e-7 0.9961947 -0.08715641 0 -0.9961948 0.0871545 -3.57628e-7 0.9961948 -0.08715444 0 -0.9961946 0.08715665 -3.57628e-7 0.996195 -0.08715355 6.25847e-7 -0.9961947 0.08715605 -6.5565e-7 0.9961949 -0.08715432 -1.02818e-6 -0.9961947 0.08715629 -1.93715e-7 0.9961948 -0.08715432 1.02818e-6 -0.9961947 0.08715635 1.93715e-7 0.996195 -0.08715379 0 -0.9961947 0.08715623 0 0.9961946 -0.08715701 1.84773e-6 -0.9961946 0.08715671 0 -2.67676e-6 -9.64887e-6 1 -0.04358226 -0.4980905 0.8660292 -0.04358392 -0.4981055 0.8660205 -0.075486 -0.8627287 0.5000011 -0.07548695 -0.8627295 0.4999996 -0.087161 -0.9961943 2.08685e-6 -0.07548052 -0.8627306 -0.4999989 -0.07547879 -0.8627303 -0.4999995 -0.04357779 -0.4981049 -0.8660211 -0.04357647 -0.4980919 -0.8660286 1.06923e-6 -7.9057e-6 -1 2.87871e-6 6.78614e-6 -1 0.04357939 0.4980885 -0.8660305 0.04358053 0.4981012 -0.8660231 0.07548183 0.8627287 -0.5000019 0.08716022 0.9961944 -6.31475e-6 0.08716034 0.9961944 1.01448e-5 0.07547926 0.8627345 0.4999921 0.07547712 0.8627277 0.5000044 0.043576 0.4981065 0.8660203 0.04357546 0.4980919 0.8660287 -1.71188e-6 9.50157e-6 1 -0.9961945 0.08715826 0 0.9961945 -0.0871582 0 -0.996195 0.08715271 4.97186e-6 0.9961946 -0.08715796 -3.01325e-7 -0.996195 0.08715265 -4.97185e-6 0.9961946 -0.08715796 3.01325e-7 -0.9961946 0.08715832 0 -0.9961946 0.08715724 0 0.9961953 -0.08715021 0 -0.9961948 0.08715498 1.65728e-6 0.996195 -0.08715224 1.88326e-6 -0.9961948 0.08715498 -1.65728e-6 0.996195 -0.08715224 -1.01696e-6 -0.9961946 0.08715718 0 0.9961951 -0.08715116 0 0.03335297 0.3812251 0.9238805 0.08052128 0.9203668 0.3826767 0.08052128 0.9203666 -0.3826771 0.03335267 0.3812247 -0.9238806 -0.03335243 -0.3812216 -0.923882 -0.0805211 -0.9203676 -0.3826746 -0.08051759 -0.9203686 0.3826732 -0.03335052 -0.3812224 0.9238817 0.9961947 -0.08715558 0 -0.08715611 -0.9961947 0 -0.9961944 0.08715987 0 0.08715653 0.9961947 0 0.07139122 0.8160348 0.5735771 -0.9961948 0.08715575 -9.33695e-7 -0.0713939 -0.8160355 -0.5735757 0.9961946 -0.08715671 -8.29948e-7 -0.04999047 -0.5713972 0.8191497 0.04999077 0.5713907 0.8191543 0.9961947 -0.0871554 0 -0.07139086 -0.8160349 0.5735768 -0.9961945 0.08715814 -1.85701e-6 0.07139146 0.8160347 -0.5735771 0.0713967 0.8160341 -0.5735772 -0.9961947 0.08715653 -2.28236e-7 -0.07139623 -0.8160343 0.5735772 0.9961948 -0.08715569 0 0.04999077 0.5713929 0.8191527 -0.04999136 -0.5714003 0.8191476 0.9961948 -0.08715522 2.48985e-7 -0.0713936 -0.8160355 -0.5735758 -0.9961943 0.08716124 4.46097e-6 0.07139408 0.8160344 0.5735774 0.08715635 0.9961947 0 -0.9961944 0.08715879 0 -0.0871554 -0.9961948 0 0.9961946 -0.08715754 0 -0.08408391 -0.961094 -0.263113 -0.02293205 -0.262113 0.9647647 0.9961946 -0.08715772 -8.4952e-7 0.0229302 0.2621133 -0.9647647 -0.9961949 0.08715415 6.07939e-6 0.08408486 0.9610921 0.2631192 -0.08466851 -0.9677232 -0.237367 -0.9961947 0.08715569 2.1238e-6 0.02068901 0.2364748 -0.9714174 0.9961947 -0.08715546 -2.2167e-6 -0.02068918 -0.2364773 0.9714167 0.08466321 0.9677198 0.237383 -0.0871585 -0.9961946 0 0.9961947 -0.08715647 0 2.87856e-6 -5.27698e-7 -1 -0.9961947 0.08715635 2.1952e-6 -4.81636e-7 0 1 -7.99602e-7 0 1 -0.9961947 0.08715653 0 2.29886e-6 -1.89385e-7 -1 0.9961947 -0.08715599 0 -0.08715587 -0.9961947 2.69369e-7 0.08715611 0.9961947 0 0.08715385 0.9961949 0 8.93918e-7 -1 0 -4.46959e-7 1 0 -8.11632e-7 0 1 0.00379014 0.999992 0.001361072 5.35671e-4 0.999992 0.003989815 0.001411259 0.999992 -0.003773629 0.002999067 0.9999919 -0.002680361 0.003995716 0.999992 1.47409e-5 0.003509879 0.9999921 0.001896619 5.44821e-4 0.9999921 0.00395292 -0.003762423 -0.999992 -0.001370847 -5.37384e-4 -0.999992 -0.00397998 -0.001423478 -0.9999919 0.003768682 -0.003023982 -0.999992 0.0026533 -0.004025042 -0.9999919 -2.45675e-5 -0.003560602 -0.9999918 -0.001901566 -5.17846e-4 -0.9999921 -0.003967761 -0.999992 0.002603054 0.00306946 -0.999992 8.55996e-4 0.003932058 -0.999992 0.003919959 -8.05185e-4 0.999992 -0.002576768 -0.00307548 0.999992 -8.42838e-4 -0.003930568 0.9999919 -0.003944218 7.99187e-4 0.5631294 0.8034955 0.1930814 0.434052 -0.8764436 -0.208436 -0.9972186 0.07293564 0.01535195 -0.004828691 -0.2320964 0.9726809 0.001966536 -0.2228006 0.974862 0.3818096 -0.8997313 -0.2114356 0.6095011 0.7719354 0.1806226 -0.9913206 0.1278048 0.03081303 -0.00491327 -0.9891955 0.1465203 -0.004189312 0.367711 -0.9299308 0.009104967 0.6214847 0.7833734 0.009104669 0.1811268 0.9834177 -0.004189252 0.7611322 -0.6485833 -0.004912376 -0.9422554 -0.3348591 0.009105026 0.9855824 -0.1689513 -0.004187047 -0.6391105 -0.7691036 -0.0049147 -0.3465057 0.938035 -1 2.15804e-7 0 -1.91827e-7 -3.84294e-7 1 -1 -1.21811e-7 0 0 0 1 0 1.28098e-7 1 -1 -3.63783e-7 0 0 -5.12394e-7 1 -1 0 0 0 0 1 -1 -3.83651e-7 0 0 5.12394e-7 1 -1 2.80036e-7 0 0 0 1 -1.26457e-7 0 1 -1.4754e-7 -1 0 -0.231207 0.05440241 0.9713824 -0.180718 0.1150633 0.9767813 0.1807138 -0.4558714 0.8715066 0.2312058 -0.3972712 0.8880989 -1.62182e-6 -0.2867175 0.9580152 0.122606 -0.4549874 0.8820171 0.08588153 -0.180663 0.9797884 0.2301498 -0.3281611 0.9161559 0.08272838 -0.2824747 0.9557008 0 -0.181333 0.9834218 5.74716e-7 -0.4480252 0.894021 -0.1310566 -0.2842441 0.9497523 -0.2312095 -0.3972682 0.8880991 -0.1807157 -0.4558717 0.871506 -0.08318263 -0.1807047 0.9800136 -1.96219e-6 -0.2834464 0.9589881 -0.08470451 -0.3405071 0.9364188 -0.2237364 -0.1767362 0.9584917 0.2237349 -0.1767376 0.9584918 0.08470034 -0.01586544 0.9962802 0 -0.07722204 0.997014 0.08318263 -0.1807059 0.9800133 0.1807159 0.115065 0.9767814 0.2312057 0.05440294 0.9713827 0.1310606 -0.07318639 0.9886693 0 0.09970551 0.995017 -1.33353e-6 -0.181334 0.9834216 -0.08272677 -0.07695722 0.9935965 -0.2237353 -0.1767369 0.9584918 -0.08470237 -0.01586717 0.99628 -0.1226093 0.1104886 0.9862856 0 -0.0738241 0.9972713 -0.9907379 0.110974 0.0782516 0.6129505 0.644402 0.4572066 0.377811 -0.7553531 -0.5354443 -0.9907423 0.1109475 0.07823371 0.6129739 0.6443852 0.4571988 0.3777729 -0.7553672 -0.5354512 -7.32882e-4 -0.5736823 0.8190777 0.06699854 -0.5952975 0.8007073 -0.7247847 -0.5703084 -0.3865688 0.9582765 -0.2104427 -0.1934431 -0.2330518 0.780637 0.5799077 -0.7247924 -0.5703037 -0.3865613 0.9582732 -0.2104494 -0.1934514 -0.2330589 0.7806314 0.5799124 1 0 0 0 -1 0 8.10114e-7 1 0 8.10114e-7 1 0 1 0 0 -1 0 0 1 0 0 8.10112e-7 1 0 0 -1 0 -1 1.8711e-7 0 0 1 -2.22351e-7 0.9506959 0.1924269 -0.2432062 0.3087064 0.9195394 -0.2432028 0.3182793 0.9479971 -3.61521e-7 0.9801281 0.1983655 -1.42786e-7 -0.6419885 0.7271201 -0.2432022 -0.6618546 0.7496323 -1.87749e-6 -0.9507 -0.19242 -0.2431956 -0.9801282 -0.1983653 -1.74076e-6 -0.3087077 -0.9195401 -0.2431991 -0.3182717 -0.9479996 -9.50894e-7 0.6419907 -0.7271177 -0.2432035 0.6618579 -0.7496294 -1.20608e-6 0.3087404 0.9195276 0.2432045 0.9507026 0.1923913 0.2432081 -0.641957 0.7271457 0.2432086 -0.9507048 -0.1923896 0.2432014 -0.3087446 -0.9195266 0.2432032 0.6419653 -0.7271387 0.2432076 -1.77694e-6 0 1 3.55386e-6 0 1 -2.9574e-6 0 1 9.85793e-7 0 1 7.39339e-7 0 1 1.47872e-6 0 1 -0.9363967 0.2530111 0.243201 -0.2490803 0.9374478 0.2432094 -0.2568184 0.9664597 -1.99293e-6 -0.9653869 0.2608219 -4.42024e-7 0.6873177 0.6844298 0.2432084 0.7085729 0.7056376 -1.10583e-6 0.9363921 -0.2530224 0.2432065 0.9653852 -0.2608284 -1.51292e-6 0.2490732 -0.9374498 0.2432088 0.25681 -0.966462 -1.38532e-6 -0.6873149 -0.6844332 0.2432064 -0.7085754 -0.7056351 9.87352e-7 -0.2491173 0.9374399 -0.2432019 -0.9364057 0.252981 -0.2431977 0.6872928 0.6844567 -0.2432031 0.9364025 -0.2529898 -0.2432006 0.2491112 -0.937441 -0.2432038 -0.6872883 -0.6844604 -0.2432052 0 0 1 0 -1 -1.54059e-6 0 1 -1.28941e-6 0 -1 2.57882e-6 -1.08176e-6 -1 1.83623e-6 -0.7098669 0 0.7043359 1.08176e-6 1 -1.83623e-6 -0.7098661 0 0.7043367 1 3.57181e-7 0 1 1.87228e-6 0 0 0 1 0 0 1 1 -1.52671e-7 0 5.35343e-7 -1 3.79355e-7 0 -1 0 0 -1 0 -4.48777e-7 -1 -1.27205e-6 0 -1 5.16295e-7 0 0 1 0 -1 5.5265e-7 -4.48777e-7 -1 0 -7.82341e-7 -1 2.34279e-6 0 -1 -4.26292e-7 7.89739e-7 -1 0 -1 -1.63164e-6 0 -1 5.86881e-7 0 -1 0 -1.03974e-6 -1 0 -1.03974e-6 -1 0 1.44006e-6 -1 0 1.44006e-6 -1 0 1.44006e-6 0 -1 -3.27116e-7 0 -1 -1.22668e-7 0.7098641 -4.82658e-6 -0.7043386 0.7098664 0 -0.7043364 0.7098643 0 -0.7043385 -2.38397e-7 -1 5.72118e-7 -4.06409e-7 -1 4.87662e-7 1.49645e-4 1 3.36645e-4 2.38048e-4 1 0 1.09027e-4 1 0 -1 0 0 -1 6.5707e-7 0 2.70099e-7 0 1 0 0 1 -0.1016359 -0.9948217 0 -0.1016359 -0.9948217 0 -0.994822 0.1016329 0 -0.9948219 0.1016336 0 0.1016309 0.9948222 0 0.1016308 0.9948222 0 0.9948225 -0.1016284 0 0.9948225 -0.1016282 0 0 0 1 0 0 1 -0.2866478 0.9580361 0 -0.2866477 0.9580362 0 0.9580342 0.2866542 0 0.9580339 0.2866553 0 0.2866534 -0.9580344 0 0.2866532 -0.9580345 0 -0.9580355 -0.2866495 0 -0.9580356 -0.2866494 0 0 0 1 0 0 1 -1 -6.77294e-7 0 -0.979604 -0.2009384 0 1.67189e-5 0 -1 0.2496622 0.9683331 0 -0.2496577 -0.9683343 0 -0.8984179 0.4391416 0 -0.9876893 0 0.1564282 -0.4539937 0 -0.891005 0.7071148 0 -0.7070989 0.8910048 0 0.4539941 -0.1564375 0 0.987688 -1.43227e-5 1 9.58907e-6 -2.00064e-5 1 6.39293e-6 -0.03539061 0.9993575 -0.005689978 -0.03537338 0.999358 -0.00568968 -0.8988399 -0.02933084 0.4372948 0.1376753 0.01053279 0.9904215 0.9839498 0.03584206 0.1748092 0.4704262 0.0116285 -0.8823628 -0.6932243 -0.02866125 -0.7201519 -0.9876891 1.32938e-6 0.1564294 -0.4539832 1.32946e-6 -0.8910102 0.7071115 -1.9941e-6 -0.7071022 0.8910039 -2.65882e-6 0.4539959 -0.1564578 0 0.9876847 -2.70709e-5 1 -9.58926e-6 3.00094e-5 1 0 0.05288147 0.9985546 0.009611129 0.05288887 0.9985543 0.009602248 0.82414 -0.04907584 0.5642561 0.7909655 -0.03602749 -0.6107993 -0.3352885 0.02680903 -0.941734 -0.9982014 0.05259609 0.02877032 -0.2816396 0.005697965 0.9595034 -0.6557033 -0.03632283 0.7541445 -0.9178204 -0.06584882 -0.3914967 0.08850431 -0.00437051 -0.9960662 0.972516 0.06314915 -0.224109 0.5125499 0.04339873 0.8575601 -0.0671842 0.9976872 -0.01032114 -0.06713896 0.99769 -0.01034343 0.001217782 0.9876878 0.1564337 5.59696e-4 0.453993 -0.8910051 -8.70591e-4 -0.707099 -0.7071141 -0.001098394 -0.8910038 0.4539945 1.94098e-4 0.156435 0.9876883 0.9999994 -0.001208186 1.2768e-5 0.9999992 -0.001230597 4.37332e-6 0.9994001 0.03416061 -0.005700886 0.9994019 0.03411108 -0.005685269 -0.02822494 0.8988783 0.4372885 0.01035881 -0.1377263 0.9904162 0.03462803 -0.9839938 0.1748056 0.01104164 -0.4704189 -0.8823742 -0.02780425 0.6932566 -0.7201544 0.001217067 0.9876867 0.1564401 5.60854e-4 0.4539893 -0.891007 -8.74093e-4 -0.7070996 -0.7071135 -0.001098096 -0.8909996 0.4540028 1.93204e-4 0.1564353 0.9876882 0.9999992 -0.001221001 -6.151e-6 0.9999993 -0.001253008 1.21741e-6 0.9984872 -0.05414158 0.009595155 0.9984889 -0.05410969 0.009607732 -0.05009061 -0.8240827 0.5642507 -0.03700113 -0.7909277 -0.61079 0.02722185 0.3352646 -0.9417307 0.05382639 0.9981359 0.02876931 0.006046235 0.2816198 0.9595071 -0.03552073 0.6557638 0.7541301 -0.06471419 0.9179013 -0.3914963 -0.00447613 -0.08848702 -0.9960674 0.06194984 -0.9725921 -0.2241134 0.04276263 -0.5126051 0.8575591 0.9977698 0.06594902 -0.01031351 0.9977708 0.06592905 -0.01033943 -0.0855233 -0.9962825 -0.01034033 -0.08549356 -0.9962853 -0.01031333 -0.5131836 0.03514724 0.857559 -0.9707911 0.08565205 -0.2241172 -0.08680176 0.01778858 -0.9960668 0.917145 -0.07465857 -0.3914986 0.65361 -0.0639289 0.7541267 -0.01052778 -0.2814909 0.9595062 -0.06970566 -0.9971528 0.02876961 -0.03255456 -0.3347876 -0.9417311 0.04958426 0.7902366 -0.6107925 0.06319946 0.8231796 0.564253 -0.9975002 0.07001042 0.009593367 -0.9975004 0.07000452 0.009613871 -0.9998528 0.01715689 -7.7414e-6 -0.9998534 0.01712983 -5.71867e-6 -0.002682447 -0.1564121 0.9876883 0.01528078 0.8908711 0.4539992 0.01212751 0.7069944 -0.7071153 -0.007787287 -0.4539247 -0.891006 -0.01693809 -0.9875431 0.1564351 0.01676595 -0.6936081 -0.7201575 -0.003552317 0.4705366 -0.8823733 -0.01896321 0.9844215 0.1747996 -0.00816518 0.1378727 0.9904164 0.01391446 -0.8992129 0.4372903 -0.9998177 -0.0182296 -0.005689382 -0.9998172 -0.01825499 -0.00569415 -0.9998531 0.01713782 6.29303e-6 -0.9998533 0.01713252 6.89218e-6 -0.002683043 -0.1564115 0.9876883 0.01527899 0.8908722 0.4539972 0.01212549 0.7069952 -0.7071145 -0.007784605 -0.4539279 -0.8910045 -0.01693683 -0.987544 0.1564287 0.656349 0.02226245 0.754129 0.9190213 0.04615658 -0.3914966 -0.08837842 0.006262481 -0.9960673 -0.973645 -0.04228687 -0.2241144 -0.5133638 -0.03239619 0.8575595 0.04578161 -0.9988983 -0.01031017 0.04574704 -0.9988995 -0.01035302 -0.02168107 -0.999765 -4.79464e-6 -0.02166932 -0.9997652 -1.27858e-5 0.1563938 -0.003391683 0.987689 -0.8907907 0.01932042 0.454003 -0.7069325 0.01533269 -0.7071149 0.4538851 -0.009844541 -0.8910058 0.987457 -0.02141696 0.1564293 -0.9975004 0.07000344 0.009611964 -0.9975004 0.07000839 0.009591281 0.06319975 0.8231764 0.5642575 0.04958713 0.7902358 -0.6107935 -0.03255403 -0.3347895 -0.9417304 -0.06970596 -0.9971526 0.02877277 -0.0105251 -0.28149 0.9595065 -0.01653385 -0.1751415 0.9844045 0.09303545 -0.9857541 0.1401188 0.07403033 -0.4341003 -0.8978177 -0.04728132 0.717466 -0.6949872 -0.1032522 0.8775122 0.468307 -0.9945243 -0.09872841 -0.03426879 -0.9945245 -0.09873151 -0.03425121 -0.01645845 -0.17565 0.9843152 0.09227412 -0.9859055 0.1395556 0.07348883 -0.4336827 -0.898064 -0.04685717 0.7178761 -0.6945922 -0.1024459 0.8773427 0.4688013 -0.9946103 -0.09791392 -0.03410565 -0.9946107 -0.09791666 -0.03408825 -0.03982251 -0.04969739 0.9979701 -0.0636422 -0.04968881 0.9967351 -0.003490269 0.019243 0.9998088 -1 0 3.45229e-6 -1 1.33516e-6 0 -1 1.55595e-6 0 -1.17816e-6 1 -1.11171e-6 -1.31884e-6 1 0 -8.96805e-7 1 0 0.02788144 -0.007192134 0.9995854 0.1213061 0.07443147 0.9898207 0.02022838 0.04197883 0.9989138 1 2.95483e-7 2.50644e-6 1 3.88986e-7 0 0.2825655 0.006835639 0.9592237 0.002481043 -0.08892661 0.9960351 0.4910317 0.1016373 0.8651924 -0.05204635 -0.07043725 0.9961575 -0.0577265 0.0106697 0.9982755 -0.02340441 0.02067017 0.9995124 -0.03976708 0.01106709 0.9991477 0 -1 -4.38908e-6 -0.02155828 -0.02260726 0.999512 -0.001819729 7.14003e-4 0.9999981 -0.002780318 -0.009138643 0.9999544 -0.0126236 -0.08454877 0.9963394 1 1.56164e-7 0 0 1 1.60269e-7 0.9800451 0.1987748 0 0.9800443 0.1987792 0 -0.9800444 -0.1987788 -2.21416e-7 0.198781 -0.980044 0 -0.1987808 0.9800441 0 0 4.43904e-7 1 0 2.32921e-7 1 -0.1987811 0.980044 1.8309e-6 0 -2.18535e-6 -1 0.1987806 -0.980044 0 -0.9800439 -0.1987813 1.03328e-6 0.1987813 -0.980044 0 -0.9800449 -0.1987764 0 -0.1987766 0.9800449 0 0.980042 0.1987905 0 0.8028056 0.1628253 0.5735775 -0.1987769 0.9800449 4.4817e-6 -0.8028033 -0.1628409 -0.5735763 0.1987781 -0.9800445 -2.65585e-6 -0.5621339 -0.1140198 0.819149 0.5621268 0.1140192 0.8191539 0.1987814 -0.9800439 1.32793e-6 -0.8028039 -0.1628351 0.5735772 -0.19878 0.9800443 -9.95939e-7 0.8028047 0.1628298 -0.5735775 0.8028043 0.162831 -0.5735778 -0.1987773 0.9800447 -2.98781e-6 -0.8028045 -0.1628325 0.573577 0.1987834 -0.9800435 -6.63959e-7 0.5621272 0.1140184 0.8191537 -0.5621351 -0.1140142 0.8191488 0.1987826 -0.9800437 0 -0.8028067 -0.1628278 -0.5735751 -0.198782 0.9800437 -1.16194e-6 0.8028042 0.162833 0.5735772 0.9800433 0.1987846 0 -0.1987793 0.9800444 0 -0.9800443 -0.1987797 0 0.1987785 -0.9800444 0 -0.3750433 -0.07607078 0.9238808 -0.9054438 -0.1836516 0.3826795 -0.9054442 -0.1836522 -0.3826783 -0.3750443 -0.07607024 -0.9238806 0.375047 0.07607108 -0.9238793 0.9054446 0.1836503 -0.3826783 0.9054448 0.1836502 0.382678 0.3750447 0.07607066 0.9238802 0.1987841 -0.9800434 0 -0.1987833 0.9800435 0 0.1987819 -0.9800438 -6.02642e-7 -0.1987821 0.9800437 0 0.198783 -0.9800435 1.20529e-6 -0.198782 0.9800438 0 0.1987832 -0.9800435 0 -0.1987839 0.9800434 0 0.1987819 -0.9800437 0 -0.1987832 0.9800435 0 0.1987851 -0.9800432 2.4106e-6 -0.1987822 0.9800438 6.02648e-7 0.1987849 -0.9800432 -2.4106e-6 -0.1987819 0.9800438 -6.02648e-7 0.1987817 -0.9800438 0 -0.1987842 0.9800434 0 0.4900158 0.09939074 0.8660289 8.92705e-6 4.21678e-6 1 -9.32969e-6 -1.90277e-7 1 0.8487401 0.1721513 0.5000044 0.4900296 0.09939444 0.8660206 0.9800447 0.1987771 9.83054e-6 0.8487475 0.1721512 0.4999919 0.8487466 0.1721479 -0.4999945 0.9800449 0.1987767 -6.37367e-6 0.4900204 0.0993883 -0.8660265 0.8487373 0.1721473 -0.5000103 7.16914e-6 -8.5686e-7 -1 -8.00391e-6 -3.66314e-6 -1 -0.4900225 -0.09939157 -0.8660249 -0.4900218 -0.09939146 -0.8660255 -0.8487437 -0.1721474 -0.4999992 -0.9800451 -0.1987752 1.9199e-6 -0.9800456 -0.1987733 0 -0.848748 -0.1721433 0.4999936 -0.4900305 -0.09938812 0.8660208 -0.8487403 -0.1721423 0.500007 -0.4900168 -0.09938573 0.866029 -0.1987822 0.9800438 0 0.1987805 -0.9800441 1.90733e-6 -0.1987799 0.9800442 -1.43052e-6 0.1987832 -0.9800435 1.43051e-6 -0.1987806 0.980044 9.53674e-7 0.1987838 -0.9800434 -1.90735e-6 -0.1987807 0.980044 -9.53674e-7 0.198784 -0.9800434 1.90735e-6 -0.1987805 0.980044 9.53675e-7 0.1987833 -0.9800435 -4.76836e-7 -0.198782 0.9800437 -4.76838e-7 0.1987835 -0.9800434 0 -0.1987819 0.9800438 -4.76837e-7 0.1987804 -0.9800441 0 -0.1987824 0.9800437 -4.76838e-7 0.1987794 -0.9800443 7.15258e-7 -0.1987822 0.9800437 -8.34465e-7 0.1987801 -0.9800441 1.19209e-7 -0.1987823 0.9800437 9.53674e-7 0.1987802 -0.9800441 -1.19209e-7 -0.1987822 0.9800437 -4.76839e-7 0.1987802 -0.9800441 9.53675e-7 -0.1987824 0.9800437 0 0.1987823 -0.9800437 2.38419e-6 0.1424555 0.8767693 0.4593279 0.1533066 0.9679413 0.1989645 0.1556618 0.9828296 0.099074 0.1564139 0.9875562 -0.01636093 0.1562785 0.9866869 -0.04501116 0.1558892 0.9842213 -0.08370864 0.4035811 0.7920642 0.457992 0.4449121 0.8731927 0.1989664 0.4517602 0.8866211 0.09907418 0.4539285 0.890888 -0.01636034 0.4535291 0.8901044 -0.04500854 0.4523985 0.8878787 -0.08370828 0.6285875 0.6285878 0.4579905 0.6929698 0.6929687 0.1989654 0.7036297 0.7036264 0.09907191 0.7070119 0.7070125 -0.01636022 0.7063923 0.7063881 -0.04500961 0.7046281 0.7046221 -0.08370798 0.7920665 0.4035782 0.4579905 0.873193 0.4449118 0.198966 0.8866233 0.4517563 0.09907209 0.8908881 0.4539281 -0.01636034 0.890106 0.4535256 -0.04500907 0.8878793 0.4523973 -0.08370923 0.8777592 0.1397581 0.4582645 0.9679409 0.1533064 0.198966 0.9828288 0.1556667 0.09907299 0.9875562 0.1564138 -0.01635986 0.9866876 0.1562743 -0.04501104 0.9842222 0.1558837 -0.08370816 0.8777592 -0.1397581 0.4582647 0.9679407 -0.1533082 0.1989659 0.9828289 -0.1556662 0.09907335 0.9875558 -0.1564167 -0.01636022 0.9866864 -0.1562828 -0.04501026 0.9842212 -0.15589 -0.08370906 0.7920663 -0.4035783 0.4579909 0.8731913 -0.4449152 0.1989659 0.8866246 -0.4517537 0.09907358 0.890887 -0.4539305 -0.01635974 0.8901004 -0.4535365 -0.04501086 0.8878774 -0.4524009 -0.08370935 0.6285875 -0.6285878 0.4579905 0.692969 -0.6929695 0.1989657 0.7036266 -0.7036293 0.09907341 0.7070093 -0.707015 -0.01635843 0.7063923 -0.7063879 -0.0450114 0.7046221 -0.7046281 -0.08370804 0.4035758 -0.7920674 0.457991 0.4449143 -0.8731918 0.1989658 0.451759 -0.886622 0.09907263 0.4539275 -0.8908885 -0.01635968 0.4535301 -0.8901036 -0.04501044 0.4523985 -0.8878787 -0.08370888 0.1379161 -0.8782337 0.4579137 0.1533045 -0.9679414 0.1989656 0.1556647 -0.982829 0.09907352 0.1564111 -0.9875565 -0.01636034 0.1562705 -0.9866882 -0.0450105 0.1558812 -0.9842227 -0.08370655 -0.1379169 -0.8782331 0.4579143 -0.1533068 -0.9679411 0.1989654 -0.1556657 -0.9828289 0.09907418 -0.1564143 -0.9875561 -0.01636123 -0.1562767 -0.9866872 -0.04501122 -0.1558877 -0.9842216 -0.08370721 -0.4035791 -0.7920663 0.4579902 -0.4449156 -0.8731912 0.1989656 -0.4517585 -0.8866221 0.09907412 -0.4539283 -0.890888 -0.01635897 -0.4535325 -0.8901025 -0.04501068 -0.4523985 -0.8878787 -0.08370906 -0.6285879 -0.6285875 0.4579903 -0.69297 -0.6929684 0.1989659 -0.703629 -0.7036268 0.09907311 -0.7070146 -0.7070097 -0.01635974 -0.7063909 -0.7063894 -0.04501116 -0.7046287 -0.7046216 -0.08370816 -0.792067 -0.4035772 0.4579905 -0.873192 -0.4449143 0.198965 -0.8866214 -0.4517598 0.09907406 -0.890888 -0.4539285 -0.01636099 -0.8901048 -0.4535279 -0.04500979 -0.8878808 -0.4523946 -0.08370745 -0.8772948 -0.1410259 0.4587652 -0.9679416 -0.1533021 0.1989663 -0.9828298 -0.1556599 0.09907436 -0.9875573 -0.1564064 -0.01636016 -0.9866881 -0.1562715 -0.0450105 -0.9842225 -0.1558818 -0.08370739 -0.8772949 0.1410287 0.4587644 -0.9679405 0.1533111 0.1989652 -0.9828284 0.1556682 0.09907484 -0.9875566 0.1564108 -0.01636046 -0.9866871 0.1562776 -0.04501098 -0.9842212 0.1558896 -0.08370882 -0.7920674 0.4035774 0.45799 -0.8731927 0.4449128 0.1989654 -0.8866228 0.4517572 0.09907388 -0.8908857 0.453933 -0.01636135 -0.8901025 0.4535325 -0.04501003 -0.8878774 0.4524009 -0.08370935 -0.6285863 0.6285901 0.4579888 -0.6929682 0.6929701 0.1989662 -0.703629 0.7036268 0.09907364 -0.7070115 0.7070128 -0.01636105 -0.7063851 0.7063953 -0.04500806 -0.7046219 0.7046279 -0.08371138 -0.4035814 0.7920654 0.4579896 -0.4449104 0.8731939 0.1989655 -0.4517532 0.8866248 0.09907388 -0.4539319 0.8908861 -0.0163604 -0.4535287 0.8901044 -0.04501044 -0.4523944 0.8878808 -0.08370852 -0.1424553 0.8767685 0.4593293 -0.1533058 0.9679412 0.1989654 -0.1556635 0.9828295 0.09907227 -0.1564113 0.9875565 -0.01636099 -0.156273 0.9866879 -0.04501003 -0.1558871 0.9842214 -0.08371067 -0.6541967 -0.1051611 0.7489779 -0.6880238 -0.3014618 0.6601091 -0.5915136 -0.591627 0.547804 -0.2994536 -0.6930807 0.6557185 -0.1038877 -0.6615447 0.7426749 0.1039329 -0.6618326 0.742412 0.2991673 -0.693795 0.6550936 0.105464 0.6491011 0.7533559 0.3284843 0.6446777 0.6902816 0.5898253 0.5898243 0.5515556 0.6853848 0.3024958 0.6623776 0.6553224 0.1043409 0.748108 0.6577682 -0.1047303 0.7459039 0.6914813 -0.300095 0.6571123 0.5921687 -0.5919618 0.5467335 -0.1054162 0.6488096 0.7536137 -0.3043138 0.680715 0.6663485 -0.5893263 0.5897129 0.5522077 -0.6446667 0.3284729 0.6902973 -0.6517379 0.1047679 0.7511734 7.21034e-6 0 1 2.62192e-6 0 1 -1.69522e-6 0 1 -2.62191e-6 0 1 -3.93293e-6 0 1 -7.21022e-6 0 1 4.49024e-7 0 1 1.69521e-6 0 1 -3.39043e-6 0 1 6.78082e-6 0 1 -0.1551477 -0.9795503 0.1281036 -0.450249 -0.8836659 0.1281034 -0.7012853 -0.7012764 0.1281034 -0.8836666 -0.4502475 0.1281041 -0.9795506 -0.1551464 0.128103 -0.9795494 0.1551527 0.1281034 -0.883665 0.4502506 0.1281037 -0.7012792 0.7012825 0.1281039 -0.4502478 0.8836664 0.1281036 -0.1551396 0.9795515 0.128104 0.1551458 0.9795505 0.128104 0.4502567 0.883662 0.1281034 0.701279 0.7012827 0.1281035 0.883665 0.4502505 0.128104 0.9795523 0.1551349 0.1281033 0.9795496 -0.1551518 0.1281041 0.8836642 -0.4502524 0.1281034 0.7012789 -0.7012826 0.1281039 0.4502456 -0.8836677 0.1281039 0.1551434 -0.979551 0.128103 -1 0 -7.98388e-7 1 0 -3.99194e-7 -0.9594925 0 -0.2817344 0.9594917 0 -0.281737 -0.8412541 0 -0.5406399 0.8412547 0 -0.5406391 -0.6548568 0 -0.755753 0.6548583 0 -0.7557517 -0.4154108 0 -0.909634 0.4154078 0 -0.9096353 -0.1423178 0 -0.9898211 0.1423157 0 -0.9898213 0 1 1.34105e-6 0 1 -1.87025e-6 0 1 -7.19375e-7 0 1 -4.15486e-7 -0.1423137 0 -0.9898216 0.1423145 0 -0.9898216 -0.4154124 0 -0.9096332 0.4154111 0 -0.9096339 -0.6548551 0 -0.7557545 0.6548562 0 -0.7557536 -0.8412547 6.3309e-7 -0.5406392 0.8412538 0 -0.5406404 -0.959492 0 -0.2817361 0.9594924 0 -0.2817346 -1 0 -1.75066e-6 1 0 -1.7443e-6 0 -1 4.84281e-7 0 -1 1.03393e-6 0 -1 -1.43875e-6 0 -1 -1.34105e-6 0 -1 4.46969e-6 -0.1423172 0 -0.9898212 0.1423156 1.11795e-6 -0.9898214 -0.4154089 0 -0.9096349 0.4154151 -3.28901e-6 -0.909632 -0.6548539 0 -0.7557556 0.6548625 -7.45595e-6 -0.7557481 -0.8412548 -1.4906e-6 -0.540639 0.8412505 2.98121e-6 -0.5406457 -0.9594917 -1.49061e-6 -0.2817372 0.9594922 2.98121e-6 -0.2817354 -1 -1.882e-6 -7.98389e-7 -1 -4.1163e-7 0 1 0 0 0 0 1 1 0 -3.30187e-6 -3.51301e-7 -1 -2.4326e-6 -1 3.04074e-7 -6.60374e-6 3.51302e-7 1 5.49929e-6 -0.1798686 0 0.9836907 -1.49121e-6 0 1 0 0.1798676 0.9836909 0 -1 -3.4316e-6 1 -1.5885e-6 0 1 1.71393e-6 0 1 7.96443e-7 0 0 -0.1798686 0.9836906 8.10113e-7 1 0 1 -1.85758e-6 0 8.10114e-7 1 0 0.1054742 0.04518896 0.9933949 0.23763 0.02971225 0.9709012 0.1133329 0.03410643 0.9929716 0.004541695 0.04470396 0.99899 -0.02315771 0.1215173 0.9923192 -0.04264384 0.02613836 0.9987484 -0.003427743 -0.002490937 0.9999911 0.006158173 0.03794062 0.999261 0.003944039 -0.01874577 0.9998165 -0.593043 0.3675225 0.7163988 -0.006953299 -0.002417683 0.999973 -0.116313 -0.0699023 0.9907497 0.05035156 0.0589717 0.9969891 0 -1 -4.7239e-7 0.9063079 0 0.4226181 -0.9063081 0 -0.4226177 -0.4226078 0 0.9063127 0.4226183 0 -0.9063078 -0.4294143 0 -0.9031077 0.4294186 0 0.9031056 -0.903108 0 0.4294136 0.9031077 0 -0.4294144 1.42006e-6 -1 2.36197e-7 1 1.87651e-7 0 -1 -3.75301e-7 0 0 1 -9.44787e-7 0.9031071 0 -0.4294156 1.53788e-7 -1 3.54292e-7 -0.9031076 0 0.4294146 0.4294192 0 0.9031053 -0.4294138 0 -0.9031078 -0.4226083 0 0.9063125 -0.9063078 0 -0.4226182 0 -1 3.54292e-7 0.9063078 0 0.4226185 0 0.9208204 -0.3899869 0.9977678 0 0.06677889 0 0.9590528 0.2832279 -0.9977671 0 0.06678926 0 -0.9590528 0.2832279 0 -0.9208204 -0.3899869 0.9791554 -0.02328538 0.2017738 0.104146 0.910449 -0.4002954 -0.03025633 0.9656279 0.2581616 0.9635313 -0.02155292 0.2667267 -0.08374178 -0.9513489 0.2965174 -0.9904053 0.02491122 -0.1359293 -0.9791542 0.02328163 -0.2017796 0.05280774 -0.9301103 -0.3634641 -0.02787876 -0.9994114 0.01999479 0.9791553 -0.02325636 0.2017776 0.02787297 0.9994115 -0.01999962 -0.9791547 0.02329605 -0.2017759 0.2012031 -0.02520734 -0.9792252 0.199423 0.02537214 -0.979585 -0.9795113 -0.02347481 -0.2000168 -0.02805882 0.9994029 0.02016353 0.9795118 0.02346652 0.2000148 0.028059 -0.9994029 -0.02016323 0.1036047 -0.9103807 -0.4005909 -0.9795089 -0.02345299 -0.2000311 -0.990643 -0.02510464 -0.13415 -0.02958947 -0.965663 0.2581076 0.9640056 0.02173006 0.2649927 -0.08341079 0.951297 0.2967776 0.0519312 0.9301619 -0.3634586 0.9795117 0.02347052 0.2000151 0.2011966 -0.0252065 -0.9792266 -0.9791539 0.02330398 -0.2017787 0.02787292 0.9994115 -0.01999598 0.979156 -0.02324783 0.2017756 -0.02787852 -0.9994114 0.01999878 0.05280709 -0.9301092 -0.3634673 -0.9791552 0.02326571 -0.2017769 -0.9904052 0.0249139 -0.1359295 -0.08372926 -0.9513477 0.2965249 0.9635309 -0.02155297 0.2667278 -0.03025662 0.9656268 0.2581658 0.1041468 0.9104465 -0.4003008 0.9791556 -0.02328538 0.2017727 0.9800987 0.02421373 0.1970287 0.05017983 0.9300159 -0.3640777 -0.08312791 0.9513907 0.2965562 0.9647916 0.02249056 0.2620522 -0.02812111 -0.9655539 0.2586793 -0.9910287 -0.02584606 -0.1311266 -0.9800978 -0.0242353 -0.1970303 0.103029 -0.9105073 -0.4004514 0.0286929 -0.9993933 -0.0197454 0.9800978 0.02425092 0.1970286 -0.02867442 0.9993937 0.01974886 -0.9800988 -0.02424222 -0.197025 0.1964395 0.02499508 -0.9801973 0.1941465 -0.0471962 -0.9798365 -0.9797611 0.04035353 -0.1960607 0.0487585 0.9980717 -0.03841495 0.9797641 -0.04029661 0.196058 -0.04876786 -0.9980713 0.03841418 0.0308178 -0.9374492 -0.3467555 -0.9797651 0.04033011 -0.1960461 -0.9905391 0.04340928 -0.1301839 -0.1017442 -0.943836 0.3143594 0.9646091 -0.03710895 0.2610598 -0.008198022 0.970571 0.2406758 0.1206185 0.900637 -0.4174973 0.9797583 -0.04032015 0.1960816 -0.1934446 -0.04234772 -0.980197 0.9740721 0.1111924 -0.1970279 0.1173496 -0.9928944 0.01974582 -0.9740679 -0.1112263 0.1970295 -0.1173587 0.9928933 -0.01974487 -0.1834949 0.8977544 -0.4004584 0.9740695 0.1112054 -0.197033 0.9848149 0.1137768 -0.1311282 -0.05775088 0.964236 0.2586771 -0.9589775 -0.1081187 0.2620545 0.1673333 -0.9402388 0.2965649 0.03262078 -0.930799 -0.3640731 -0.9740714 -0.1111956 0.1970294 -0.9773533 -0.06378674 0.201772 -0.02286016 -0.9161012 -0.4002951 0.1159038 -0.9591222 0.2581688 -0.9616368 -0.06412708 0.2667255 -0.001105189 0.9550265 0.2965188 0.9887032 0.06316483 -0.1359273 0.977351 0.06381642 -0.2017741 -0.1352158 0.92174 -0.3634725 -0.06102162 0.9979361 0.01999676 -0.9773505 -0.06381028 0.2017776 0.06100904 -0.997937 -0.01999336 0.9773537 0.06376367 -0.201777 -0.2026324 0.007236421 -0.9792281 0.01714062 -0.2020446 -0.9792264 -0.1805882 0.9626393 -0.2017759 0.9834088 0.1802979 -0.01999735 0.1806117 -0.9626346 0.2017769 -0.983406 -0.1803132 0.01999592 -0.898858 -0.2448225 -0.3634781 -0.1805994 0.9626366 -0.2017791 -0.1813411 0.9739806 -0.1359313 -0.9479948 -0.1156895 0.2965163 0.1790282 -0.9469974 0.2667304 0.9382956 0.2301113 0.2581673 0.9122243 0.08722299 -0.4002988 0.1805751 -0.9626408 0.2017805 0.1609063 -0.9706543 0.1787166 0.8834385 0.06090158 -0.4645726 0.9619519 0.1947411 0.1916364 0.1646009 -0.9557652 0.2437613 -0.9275751 -0.08690369 0.3633902 -0.1565058 0.9812049 -0.1128847 -0.1609174 0.97065 -0.1787297 -0.9307597 -0.2094963 -0.2996631 -0.9850997 -0.1468324 0.08954882 0.1609461 -0.9706475 0.1787176 0.9851026 0.1468126 -0.08954918 -0.1609589 0.9706454 -0.1787168 -0.06067043 -0.1904732 -0.9798159 0.05686998 -0.01199799 -0.9983095 -0.05687081 0.01199853 0.9983094 0.9768056 -0.2060911 0.05811643 -0.2064322 -0.978461 -2.71184e-6 -0.9768067 0.2060857 -0.05811619 0.206432 0.978461 0 0.2064315 0.9784611 3.04295e-6 -0.9768071 0.2060837 -0.05811601 -0.2064316 -0.9784612 2.94785e-6 0.9768068 -0.2060837 0.05812197 -0.05687004 0.01199799 0.9983095 0.05687052 -0.01199811 -0.9983095 0.01447069 0.03061819 -0.9994264 -0.01447463 -0.03061771 0.9994264 0.3490963 0.936479 0.03374522 0.9369781 -0.3493767 0.002876996 -0.3490949 -0.9364797 -0.03374254 -0.9369761 0.3493817 -0.002870857 -0.9369754 0.3493838 -0.002872467 -0.3491004 -0.9364778 -0.03374022 0.9369758 -0.3493825 0.002865493 0.3490935 0.9364804 0.0337401 -0.01444703 -0.03062885 0.9994265 0.01443821 0.03062766 -0.9994266 -0.04352527 -0.9990524 2.05522e-7 0.1899043 -0.9818026 0 7.82447e-6 1 -1.91954e-7 0.9942204 0 0.1073588 0 -0.9942203 0.1073597 -0.9942206 0 0.1073575 0 0.9942206 0.1073573 0.2958308 0.9491882 0.1073591 -0.9491872 0.2958338 0.1073605 -0.2958308 -0.9491882 0.1073591 0.9491884 -0.2958297 0.1073606 0.9623615 0.2496688 0.1073588 0.2496706 -0.962361 0.1073598 -0.9623615 -0.2496687 0.1073595 -0.2496691 0.9623612 0.1073607 0.584146 0.8045169 0.1073595 -0.8045144 0.5841493 0.1073608 -0.5841541 -0.8045112 0.1073589 0.8045091 -0.5841565 0.1073616 2.85624e-6 1 0 2.85623e-6 1 0 5.7125e-6 -1 0 6.42655e-6 1 0 -6.40109e-6 1 -6.41582e-6 2.14849e-6 1 3.23014e-6 0 0 1 -1 1.36559e-7 0 4.45779e-7 1 4.11239e-7 1.17213e-5 9.84116e-6 1 1 0 0 0 0.906308 0.422618 -1 9.44783e-7 0 0 -0.9063077 -0.4226186 0 -0.4226102 0.9063116 0 0.4226188 -0.9063075 0 -0.429416 -0.9031069 0 0.429417 0.9031063 0 -0.9031078 0.4294142 0 0.9031076 -0.4294146 1 2.53911e-6 -1.35044e-6 3.75304e-7 0 1 -4.13752e-7 1 0 -1.79385e-7 0 -1 2.64799e-7 -1 0 0 0.9031075 -0.4294148 1 3.10005e-7 3.31519e-7 0 -0.9031077 0.4294143 0 0.4294168 0.9031065 0 -0.4294146 -0.9031075 0 0.4226186 -0.9063076 0 -0.4226105 0.9063115 0 -0.9063079 -0.4226183 1 0 0 -1.88957e-6 0.9063079 0.4226183 0.02328723 0.9791554 0.2017737 -0.910448 0.1041397 -0.4002991 -0.9656265 -0.03025674 0.2581665 0.02155017 0.9635314 0.2667263 0.951349 -0.08374416 0.2965164 -0.0249139 -0.9904052 -0.1359301 -0.023283 -0.9791545 -0.2017779 0.930109 0.05279272 -0.36347 0.9994112 -0.0278812 0.01999664 0.0232464 0.9791558 0.2017763 -0.9994115 0.0278753 -0.01999652 -0.02329927 -0.979154 -0.2017784 0.02521818 0.2011928 -0.9792271 -0.02536958 0.1994233 -0.9795851 0.02348721 -0.9795107 -0.2000183 -0.9994029 -0.02806013 0.02016192 -0.02347487 0.979511 0.2000184 0.9994031 0.02805751 -0.02016198 0.9103808 0.1036078 -0.40059 0.02345293 -0.9795091 -0.2000299 0.02510726 -0.9906432 -0.1341488 0.9656637 -0.0295813 0.2581058 -0.02172738 0.9640057 0.2649925 -0.9512972 -0.0834077 0.2967774 -0.9301616 0.0519241 -0.3634603 -0.02347254 0.9795116 0.2000154 0.02521771 0.2011925 -0.9792271 -0.02330738 -0.9791539 -0.2017787 -0.9994115 0.02787011 -0.01999813 0.02325016 0.9791556 0.201777 0.9994113 -0.02787911 0.01999616 0.9301098 0.0527932 -0.3634676 -0.02327108 -0.9791556 -0.2017744 -0.02491325 -0.9904054 -0.1359283 0.9513487 -0.08373314 0.2965206 0.02155023 0.9635315 0.266726 -0.9656272 -0.03026056 0.2581636 -0.9104503 0.1041355 -0.400295 0.02328729 0.9791553 0.201774 -0.02421623 0.9800986 0.1970286 -0.9300168 0.05019354 -0.3640735 -0.9513887 -0.08312755 0.2965629 -0.02249193 0.964792 0.2620512 0.965553 -0.02812552 0.258682 0.02584475 -0.9910288 -0.1311263 0.02423506 -0.9800978 -0.1970307 0.9105072 0.1030239 -0.4004533 0.9993933 0.02869224 -0.01974624 -0.02425098 0.9800977 0.1970294 -0.9993937 -0.02867484 0.01974928 0.02423405 -0.9800982 -0.1970289 -0.02498328 0.1964492 -0.9801957 0.0472036 0.194139 -0.9798377 -0.04033982 -0.9797619 -0.1960594 -0.9980716 0.04875892 -0.03841513 0.04030072 0.9797639 0.1960582 0.9980713 -0.04876613 0.038414 0.9374501 0.03081506 -0.3467533 -0.04031628 -0.9797656 -0.1960459 -0.04340988 -0.9905393 -0.1301828 0.943835 -0.1017426 0.3143631 0.03710907 0.9646093 0.2610594 -0.9705706 -0.008200883 0.2406771 -0.9006387 0.1206183 -0.4174942 0.04030871 0.9797595 0.1960781 0.04234105 -0.1934533 -0.9801955 -0.1112045 0.9740703 -0.1970294 0.9928944 0.117349 0.01974785 0.1112263 -0.9740678 0.19703 -0.9928932 -0.1173595 -0.01974642 -0.8977546 -0.1834947 -0.4004576 -0.1112107 0.9740698 -0.1970284 -0.1137787 0.9848146 -0.1311281 -0.9642345 -0.05775684 0.2586811 0.108116 -0.958978 0.2620538 0.940241 0.1673314 0.2965587 0.930799 0.03261083 -0.3640738 0.1111922 -0.974072 0.1970285 0.06378728 -0.9773533 0.201772 0.9161027 -0.02285969 -0.4002916 0.9591219 0.1159058 0.2581687 0.06412827 -0.9616367 0.2667254 -0.9550269 -0.001104116 0.2965174 -0.06316751 0.988703 -0.1359273 -0.06381034 0.9773513 -0.2017738 -0.9217429 -0.1352034 -0.3634694 -0.9979363 -0.06102073 0.01999789 0.0638172 -0.9773501 0.2017773 0.9979369 0.06100964 -0.01999539 -0.06376576 0.9773533 -0.2017781 -0.007244706 -0.202636 -0.9792274 0 -1 -3.71207e-7 -0.005998611 -0.9999821 0 -1.34678e-5 1 2.39212e-5 0 1 4.11512e-7 0 1 -6.45305e-7 -7.86061e-6 -1 0 -4.17822e-6 -1 -5.05929e-7 -3.32617e-6 -1 -4.78049e-6 8.40885e-7 -1 4.88782e-7 1.60004e-6 -1 2.08796e-6 -3.43632e-7 -1 0 0.9864401 0 0.1641216 0.8729264 0 0.4878519 0.6241441 0 0.7813092 0.2313513 0 0.9728703 -0.1439599 0 0.9895836 1 4.73048e-7 0 1 5.02472e-7 2.66277e-7 1 -3.35976e-6 -4.293e-6 1 -8.51094e-6 1.55089e-5 1 5.18343e-7 -9.58665e-6 1 -1.41053e-5 2.73789e-5 -1 -2.87548e-6 -2.67601e-6 -1 7.9882e-6 -1.57439e-5 -1 0 0 -1 -6.31377e-7 0 0 0.8513968 0.5245224 0 0.5867969 0.8097342 0 0.2108762 0.9775128 0.0723688 -0.06565314 0.9952148 0 1 -3.25914e-7 0 1 4.11512e-7 0 1 5.71393e-7 1.34678e-5 1 2.39212e-5 4.17822e-6 -1 -3.76505e-7 7.86061e-6 -1 0 3.43632e-7 -1 0 3.32618e-6 -1 -4.78049e-6 -6.44259e-6 -1 -2.39695e-5 -8.40884e-7 -1 4.88781e-7 -0.9864401 0 0.1641216 -0.8729267 0 0.4878516 -0.624144 0 0.7813095 -0.2313566 0 0.972869 0.07237219 0.06565219 0.9952147 -1 -5.77013e-6 9.39932e-6 -1 7.24961e-6 -1.10869e-5 -1 -2.98646e-6 -2.96069e-6 -1 -1.00494e-6 0 -1 -2.07337e-6 -4.84923e-6 1 7.37372e-6 -1.50389e-5 1 -3.13689e-6 -2.55619e-6 1 1.91983e-6 0 1 -1.77359e-6 0 0 0.9835942 0.1803953 0 0.8513973 0.5245215 0 0.5867974 0.8097338 0 0.2108765 0.9775127 0 -0.1308332 0.9914044 0 -1 1.04292e-6 -5.55078e-7 -1 0 -4.73026e-7 -1 0 -5.55079e-7 -1 0 -2.30633e-7 -1 -2.28557e-6 -1.48609e-5 -1 2.87054e-5 -5.34812e-6 1 -3.01204e-6 -9.62174e-6 1 0 -4.38167e-6 1 -5.35415e-6 8.68639e-6 1 -3.19593e-5 0.9864403 0 0.1641212 0.8729256 0 0.4878532 0.6241428 0 0.7813103 0.2313559 0 0.9728692 -0.07237184 -0.06565195 0.9952147 1 -4.73049e-7 0 1 8.51094e-6 1.55089e-5 1 -9.4245e-6 -1.82933e-5 1 1.41053e-5 2.73789e-5 1 -5.18343e-7 -9.58666e-6 1 3.35977e-6 -4.29301e-6 -1 -7.9882e-6 -1.57439e-5 -1 2.87548e-6 -2.67601e-6 -1 -4.79959e-7 0 -1 3.15692e-7 0 -1 -1.35597e-7 0 0 -0.8513979 0.5245204 0 -0.5867962 0.8097347 -2.87173e-6 -0.2108755 0.9775129 0 0.1308334 0.9914044 -1.2412e-6 -1 0 1.4861e-5 -1 2.87054e-5 4.73026e-7 -1 8.23025e-7 5.5508e-7 -1 0 5.55079e-7 -1 0 9.62174e-6 1 0 5.34812e-6 1 -2.25903e-6 4.38168e-6 1 -4.58927e-6 0 1 -5.56788e-6 -0.9864403 0 0.1641212 -0.8729259 0 0.4878528 -0.6241422 0 0.7813109 -0.2313559 0 0.9728692 0.143962 0 0.9895833 -1 1.00494e-6 0 -1 2.98646e-6 -2.96068e-6 -1 5.77013e-6 9.39932e-6 -1 2.07336e-6 -4.84923e-6 -1 8.68018e-6 1.65933e-5 1 3.13689e-6 -2.55619e-6 1 -8.60268e-6 -1.5039e-5 1 -7.24797e-7 0 1 -3.83967e-6 0 0 -0.9835935 0.1803991 0 -0.8513978 0.5245205 4.22311e-7 -0.5867974 0.8097338 0 -0.2108762 0.9775128 -0.07237011 0.06565314 0.9952147 -1 1.3508e-6 0 -1 -1.17662e-6 0 1 -4.54815e-7 0 1 -5.89158e-7 0 -1 -1.96211e-7 0 -1 9.09339e-7 0 -1 -1.81931e-6 0 -1 1.80902e-6 0 -1 -1.17878e-6 0 -1 8.49401e-7 0 1 -1.48585e-6 0 -1 -3.39495e-6 0 1 1.4847e-6 0 1 1.48247e-6 0 1 1.47938e-6 0 1 -5.53375e-7 0 -1 5.7213e-6 0 1 8.45196e-7 0 -1 4.42703e-6 0 1 -2.96493e-6 0 1 1.48469e-6 0 1 1.48588e-6 0 0 1 -8.54033e-7 0 1 1.68716e-6 0 1 -6.78986e-6 0 1 2.96941e-6 0 1 3.71464e-6 0 1 -2.345e-7 0 1 -9.00855e-7 0 1 -1.80902e-6 0 1 -1.8193e-6 0 1 1.81912e-6 0 -1 -1.48469e-6 0 -1 1.48247e-6 0 -1 1.47567e-6 0 -1 -1.8576e-7 0 -1 0 0 -1 9.09558e-7 0 -1 1.18808e-6 0 -1 9.09649e-7 -0.6434206 0.6442217 0.4135076 0.6435167 0.6439187 0.4138297 -0.5477354 0.5480938 0.6321228 0.5477567 0.5478783 0.6322911 -0.6433781 -0.6440207 0.4138863 0.6440045 -0.6435768 0.4136027 -0.5477038 -0.5479009 0.6323174 0.5479761 -0.5477836 0.632183 0.06716614 -0.9976882 -0.01034241 -0.1861687 0.9592979 0.2123414 -0.1900249 0.9816108 -0.01818805 -0.1110575 0.5819799 -0.8055841 0.1898335 -0.9798031 -0.06284266 0.188213 -0.9734299 0.1304227 0.2816405 -0.005698263 0.9595031 0.9982014 -0.05259621 0.02876627 0.3352845 -0.02680873 -0.9417355 -0.7909693 0.03602665 -0.6107944 -0.8241424 0.04907548 0.5642527 -0.05288791 -0.9985542 0.00960946 -1.54527e-6 -1 -9.78476e-6 0.1564351 -4.98531e-7 0.9876883 -0.8910054 0 0.4539928 -0.7071229 0 -0.7070907 0.4539855 -9.97079e-7 -0.8910091 0.9876902 0 0.1564232 0.6932005 0.02865332 -0.720175 -0.470408 -0.01161664 -0.8823726 -0.98395 -0.03583896 0.1748087 -0.1377379 -0.01052379 0.9904128 0.8988486 0.02933388 0.4372766 0.03539943 -0.999357 -0.005715727 1.49176e-6 -1 9.41451e-6 0.1564579 0 0.9876847 -0.8910028 0 0.4539978 -0.7071145 0 -0.707099 0.4539883 0 -0.8910077 0.9876916 0 0.156414 -0.990074 0.009322762 -0.1402379 0.009400308 0.998273 -0.05798852 0.9900727 -0.00932312 -0.1402468 -0.009401559 -0.998273 -0.05798846 3.81726e-6 0 1 0.9909604 -0.009331941 0.1338304 -0.009404242 -0.9986571 0.05094754 -0.9909607 0.009332001 0.1338275 0.009404122 0.9986569 0.05095142 0 0 1 0 0 1 -2.42647e-7 1 0 3.03308e-7 -1 0 1.75428e-6 0 1 -3.82942e-6 0 1 -1 -2.56775e-7 0 0.2055717 -0.0049147 0.9786298 0.7447151 -0.004189789 -0.6673694 -0.950277 0.009104967 -0.3112731 -0.1616625 0.009103417 -0.9868041 0.9354681 -0.004187703 0.3533863 -0.7737851 -0.004915773 0.6334292 0.9811003 -0.004914224 -0.1934378 -0.6580898 -0.004189789 -0.7529279 -0.3230195 0.009102761 0.9463486 -0.7293754 0.009103834 0.6840531 -0.2277527 -0.004188418 -0.97371 0.9571229 -0.004917144 0.2896405 0.5232022 -0.004914879 0.8521944 0.4764034 -0.004189074 -0.8792168 -0.9995934 0.00910443 0.02701824 -0.8956384 0.009103775 -0.4446898 0.8329501 -0.004189431 -0.5533324 0.06270629 -0.004914224 0.99802 -0.7737858 -0.004916369 0.6334284 0.9354708 -0.004190683 0.3533792 -0.1616745 0.009104549 -0.9868022 -0.1309366 -0.9913207 0.01179265 -0.7900449 0.6095097 0.06578075 0.9209773 0.3818159 -0.07757306 -0.1309357 -0.9913208 0.0117917 -0.7900448 0.6095096 0.06578201 0.9209776 0.3818151 -0.077573 -0.1309319 -0.9913213 0.01178967 -0.790044 0.6095106 0.06578254 0.9209753 0.3818211 -0.07757216 -0.07439547 -0.9972186 0.004520654 0.8974864 0.4340888 -0.07800745 -0.8231019 0.563119 0.07348799 -0.07440537 -0.9972178 0.004520952 0.8975028 0.4340548 -0.07800847 -0.8230921 0.563133 0.07349002 -0.07440525 -0.9972179 0.004521429 0.8975011 0.4340578 -0.07801169 -0.8230924 0.5631328 0.07348865 0 1 5.52119e-7 -0.7582262 0 0.6519917 4.57524e-6 -1 3.49675e-6 0.6519896 0 0.758228 -0.6519901 0 -0.7582276 0.8660205 0.5000086 0 -0.8660322 0.4999882 0 -0.7769677 0.4920578 -0.3926838 -0.1028245 -0.9180955 0.3827894 0.8743771 0.4849362 -0.01737028 0 1 0 -1 1.06321e-5 0 0 -1 -2.79083e-7 -0.01858872 0.007657289 -0.9997979 0.01858866 -0.007657408 0.9997979 -0.3808705 -0.9246284 -1.54935e-6 -0.9244391 0.3807988 0.02011591 0.3808708 0.9246282 -2.44709e-6 -0.4195712 0.9077224 -1.54451e-6 -0.9075387 -0.4194872 0.02010399 0.419572 -0.9077221 4.96177e-6 0.01824998 0.008435368 0.9997979 -0.01824986 -0.008435428 -0.9997979 0.9666507 0.2330517 0.1061769 -0.2793302 -0.9582775 -0.06065547 -0.6874696 0.7247831 -0.04555249 0.9666416 0.2330885 0.1061781 -0.2793482 -0.9582722 -0.06065398 -0.6874573 0.7247949 -0.04555058 -0.9223712 -0.3778089 -0.08057248 0.7870926 -0.6129533 0.06909221 0.1353016 0.990738 0.01147764 -0.9223723 -0.3778067 -0.08057004 0.7870877 -0.6129595 0.06909155 0.135277 0.9907414 0.01147991 0.1357499 0.9907422 -0.001358151 0.7900994 -0.6129558 -0.005315959 -0.9258527 -0.3778259 0.006673455 0.1357842 0.9907376 -0.001360535 0.7901028 -0.6129513 -0.005313992 -0.9258555 -0.3778192 0.006668925 0.06551736 0.9978458 0.003345966 -0.8969291 -0.4421743 5.49305e-4 0.8313995 -0.5556617 -0.003895759 0.06552922 0.9978451 0.00334531 -0.8969104 -0.4422122 5.47045e-4 0.8313987 -0.5556628 -0.003893792 -0.08716201 -0.9961942 4.02662e-6 0.0754798 0.8627275 -0.5000042 0.03335314 0.381227 0.9238796 0.08052229 0.9203653 0.3826802 0.08052235 0.9203656 -0.3826792 0.03335338 0.3812268 -0.9238798 -0.03335249 -0.3812225 -0.9238815 -0.08052343 -0.9203649 -0.3826807 -0.08052307 -0.9203614 0.3826892 -0.03335297 -0.3812248 0.9238806 0 0 1 0.9961948 -0.08715552 0 -0.08715611 -0.9961947 0 -0.9961946 0.08715677 -4.05138e-7 0.08715623 0.9961947 -3.31981e-7 0.07139348 0.8160346 0.5735769 -0.9961944 0.08715885 1.9089e-6 -0.07139337 -0.8160354 -0.5735759 0.9961947 -0.0871573 -1.18269e-6 -0.04999095 -0.5713991 0.8191483 0.04998993 0.5713919 0.8191536 0.9961947 -0.08715665 5.80963e-7 -0.07139354 -0.8160347 0.573577 -0.9961946 0.08715748 -1.5769e-6 0.07139378 0.8160344 -0.5735772 0.07139426 0.8160344 -0.5735772 -0.996195 0.08715379 1.32792e-6 -0.07139134 -0.8160347 0.5735772 0.9961947 -0.08715528 0 0.04998797 0.5713908 0.8191544 -0.04998946 -0.5713978 0.8191494 0.9961943 -0.087161 -4.87601e-6 -0.07139122 -0.8160357 -0.5735757 -0.9961946 0.08715736 8.29957e-7 0.07139426 0.8160344 0.5735771 0.08715611 0.9961947 0 -0.9961947 0.08715617 -4.48064e-7 -0.08715546 -0.9961948 0 0.9961946 -0.08715689 0 2.40884e-7 0 1 -0.08409017 -0.9610921 -0.2631176 -0.02293199 -0.2621129 0.9647648 0.9961949 -0.0871545 -5.4157e-6 0.02293348 0.2621123 -0.9647648 -0.9961946 0.08715772 8.4952e-7 0.08408373 0.9610931 0.2631161 -0.08467 -0.9677234 -0.237366 -0.9961948 0.08715569 1.28755e-6 0.02069008 0.2364752 -0.9714173 0.9961948 -0.0871554 4.2476e-7 -0.02069085 -0.2364772 0.9714167 0.08466809 0.9677193 0.2373831 -0.08715814 -0.9961946 -1.4643e-7 0.9961947 -0.08715647 0 -4.69765e-7 0 -1 -0.9961946 0.08715742 -2.21234e-6 0 0 1 -2.94227e-7 1.34334e-7 1 -0.9961947 0.08715647 0 0 -2.79681e-7 -1 0.9961947 -0.08715653 -2.09791e-6 -0.08715629 -0.9961947 0 0.08715569 0.9961947 -1.0482e-6 0.08715385 0.9961949 0 8.93918e-7 -1 0 -4.46959e-7 1 0 2.19728e-7 0 1 0.5631251 0.8034983 0.1930819 0.4340814 -0.87643 -0.2084316 -0.9972184 0.07293653 0.01535224 0.3818205 -0.899727 -0.2114347 0.6095114 0.771927 0.1806231 -0.9913206 0.1278049 0.03081369 -0.00491625 -0.9891922 0.1465423 -0.004187822 0.3677157 -0.9299289 0.009104013 0.6214886 0.7833704 0.009101748 0.1811414 0.983415 -0.004188477 0.7611339 -0.6485814 -0.004913985 -0.9422612 -0.3348428 0.009105622 0.9855839 -0.1689425 -0.004189968 -0.6390922 -0.7691187 -0.00491482 -0.3465025 0.9380362 1 0 3.22002e-6 1.38021e-7 -3.84296e-7 1 0 0 1 -1 4.71361e-7 0 0 0 1 0 0 1 -1 -5.37512e-7 0 -7.67306e-7 5.12394e-7 1 -1.4754e-7 -1 0 -0.9907421 0.1109478 0.07823526 0.6129606 0.6443943 0.4572037 0.3778036 -0.7553562 -0.5354452 -0.9907377 0.1109766 0.07825046 0.6129527 0.6443992 0.4572075 0.3778122 -0.7553506 -0.535447 -0.7247968 -0.5702968 -0.3865635 0.958273 -0.2104502 -0.193452 -0.233086 0.7806258 0.5799089 -0.7247841 -0.5703098 -0.386568 0.9582784 -0.2104333 -0.193444 -0.2330509 0.7806353 0.5799103 1 -8.75174e-7 0 -5.06321e-7 -1 0 0 1 0 0 1 -1.38629e-7 -8.10114e-7 -1 0 1 -8.75171e-7 0 0 -1 0 -1 1.1669e-6 0 0 1 0 -1 1.1669e-6 0 -3.54424e-7 -1 0 0 0 1 -3.42208e-7 -1 0 0 -1 2.00988e-7 -1.08176e-6 -1 0 -0.7098641 0 0.7043387 1.08176e-6 1 0 -0.7098653 0 0.7043375 1 -9.95418e-7 0 1 -6.71822e-7 0 0 0 1 -5.17703e-7 -1 0 0 -1 -1.41802e-6 0 0 -1 0 0 1 -7.92752e-7 -1 0 0 -1 -1.20539e-6 0 -1 1.60813e-6 -8.30353e-7 -1 5.8347e-7 -1 -1.64149e-6 0 -1 5.83358e-7 0 -1 0 1.44006e-6 0 -1 -1.63558e-7 0 -1 0 -1 2.19698e-7 7.18271e-7 -1 6.77294e-7 0 -0.979604 -0.2009381 0 -9.5536e-6 0 1 0.2496628 0.9683328 0 -0.8984179 0.4391417 0 -0.9876896 0 0.1564272 -0.4539911 0 -0.8910064 0.7071141 0 -0.7070994 0.891003 0 0.4539976 -0.156458 0 0.9876847 -1.95837e-6 1 1.48162e-5 -0.03539305 0.9993572 -0.005713045 -0.8988472 -0.02933394 0.4372794 0.1377283 0.01052379 0.9904142 0.9839501 0.03584152 0.1748076 0.470399 0.01161682 -0.8823774 -0.6931985 -0.02865505 -0.7201769 -0.9876901 0 0.1564233 -0.4539955 6.64717e-7 -0.891004 0.7071207 0 -0.7070928 0.8910074 0 0.4539888 -0.1564348 4.9853e-7 0.9876883 2.93753e-6 1 -2.17302e-5 0.05288606 0.9985544 0.009608805 0.8241422 -0.04907506 0.5642529 0.7909664 -0.03602629 -0.6107981 -0.3352822 0.02680879 -0.9417362 -0.9982014 0.05259817 0.02876687 -0.2816361 0.005697906 0.9595044 -0.6557207 -0.03632217 0.7541294 -0.9178219 -0.06584918 -0.3914932 0.08851772 -0.004370152 -0.996065 0.972516 0.06314986 -0.2241089 0.5125283 0.04338765 0.8575735 -0.06716352 0.9976884 -0.01034396 0.001217722 0.9876878 0.1564334 5.5999e-4 0.4539922 -0.8910055 -8.72097e-4 -0.7070991 -0.7071139 -0.001097738 -0.8910041 0.4539941 1.92887e-4 0.1564347 0.9876884 0.9999992 -0.001240611 8.18461e-6 0.9994 0.03416067 -0.005723357 -0.02822422 0.8988747 0.437296 0.01036173 -0.1377269 0.9904161 0.03462707 -0.9839929 0.1748113 0.01103997 -0.4704177 -0.882375 -0.02780371 0.6932552 -0.7201557 0.001220583 0.9876887 0.1564271 5.61021e-4 0.4539892 -0.8910071 -8.71235e-4 -0.7071059 -0.7071072 -0.001101195 -0.8910087 0.4539848 1.92766e-4 0.1564332 0.9876886 0.9999993 -0.001232683 -8.77018e-6 0.9984886 -0.05411309 0.009618461 -0.05009126 -0.8240834 0.5642496 -0.03700238 -0.7909315 -0.610785 0.02722179 0.3352568 -0.9417334 0.05382704 0.998136 0.02876341 0.006045579 0.2816216 0.9595065 -0.03551882 0.6557717 0.7541233 -0.06471496 0.9178991 -0.3915013 -0.004477202 -0.08848375 -0.9960677 0.06194978 -0.9725927 -0.2241113 0.04276293 -0.5126064 0.8575583 0.9977703 0.06593638 -0.01034009 -0.08549761 -0.9962849 -0.0103361 -0.5131828 0.03514736 0.8575594 -0.9707919 0.08565217 -0.2241138 -0.08679044 0.01778918 -0.9960678 0.9171435 -0.07465904 -0.3915023 0.6536051 -0.06392997 0.7541309 -0.01052647 -0.28149 0.9595065 -0.0697062 -0.9971528 0.028768 -0.03255414 -0.3347827 -0.9417329 0.04958552 0.7902415 -0.6107861 0.06319981 0.82318 0.564252 -0.9975004 0.07000392 0.009612619 -0.9998529 0.01715725 -9.47626e-6 -0.002682745 -0.1564106 0.9876885 0.0152781 0.8908767 0.4539883 0.01212441 0.7070035 -0.7071062 -0.007784485 -0.4539211 -0.891008 -0.0169366 -0.9875444 0.156426 0.01676726 -0.6936107 -0.7201549 -0.003552913 0.4705341 -0.8823747 -0.0189616 0.9844198 0.1748087 -0.008167564 0.1378741 0.9904162 0.01391506 -0.8992115 0.4372931 -0.999817 -0.01825767 -0.005717217 -0.9998533 0.01713579 6.14269e-6 -0.002682745 -0.1564125 0.9876883 0.01527899 0.8908729 0.4539957 0.01212549 0.7069936 -0.707116 -0.007784903 -0.4539238 -0.8910066 -0.01693552 -0.9875422 0.1564406 0.6563494 0.02226227 0.7541286 0.9190193 0.04615676 -0.3915014 -0.08837038 0.006263613 -0.9960681 -0.9736459 -0.04228627 -0.2241106 -0.5133669 -0.03239703 0.8575576 0.04575335 -0.9988993 -0.01034402 -0.02168565 -0.9997649 -2.76575e-5 0.1563995 -0.003391802 0.9876881 -0.8907979 0.01931643 0.453989 -0.7069364 0.01533025 -0.707111 0.4538826 -0.00984323 -0.8910071 0.9874587 -0.0214141 0.1564191 -0.9975006 0.07000207 0.009612798 0.06319922 0.8231812 0.5642506 0.04958385 0.7902414 -0.6107864 -0.03255611 -0.3347894 -0.9417304 -0.06970667 -0.9971528 0.02876353 -0.01052778 -0.2814952 0.9595049 -0.01653325 -0.175141 0.9844045 0.09303426 -0.9857568 0.140101 0.07403177 -0.4340839 -0.8978255 -0.04727917 0.7174677 -0.6949855 -0.103253 0.8775118 0.4683074 -0.9945244 -0.09873306 -0.03425186 -0.01645976 -0.1756547 0.9843143 0.09227329 -0.9859054 0.1395576 0.07349026 -0.4336733 -0.8980683 -0.04685598 0.7178786 -0.6945897 -0.1024472 0.877345 0.4687967 -0.9946106 -0.09791815 -0.03408801 -1 7.63156e-7 -8.7392e-6 -1.21099e-6 1 -1.63052e-6 1 3.86539e-7 0 0 -1 3.28214e-6 0.9800457 0.1987725 0 0.9800437 0.1987825 4.4283e-7 -0.9800439 -0.1987816 0 0.1987811 -0.980044 -1.52575e-6 0 0 -1 -0.1987808 0.980044 0 0 4.43902e-7 1 0 0 1 -0.1987801 0.9800442 -2.44121e-6 0 0 -1 0.1987805 -0.9800441 0 -0.9800436 -0.1987826 2.95221e-7 -0.980045 -0.1987764 0 -0.1987785 0.9800444 -3.7335e-7 0.9800443 0.1987797 -4.56474e-7 0.8028029 0.1628355 0.5735783 -0.1987798 0.9800442 0 -0.8028062 -0.1628279 -0.573576 0.1987806 -0.9800441 1.65992e-7 -0.5621324 -0.1140164 0.8191505 0.5621271 0.1140159 0.8191542 0.1987808 -0.9800441 1.49391e-6 -0.8028043 -0.1628358 0.5735765 -0.1987802 0.9800441 0 0.802805 0.1628282 -0.5735777 0.8028052 0.162832 -0.5735763 -0.1987847 0.9800432 1.32792e-6 -0.802805 -0.1628306 0.573577 0.1987776 -0.9800446 2.15788e-6 0.5621283 0.1140188 0.8191531 -0.562131 -0.1140214 0.8191508 0.1987786 -0.9800444 -2.98786e-6 -0.8028048 -0.1628329 -0.5735764 -0.1987822 0.9800438 -6.63966e-7 0.8028049 0.1628294 0.5735775 0.9800444 0.1987789 0 -0.1987823 0.9800437 -4.97971e-7 -0.9800432 -0.1987848 0 -0.3750458 -0.07607036 0.9238799 -0.9054389 -0.183654 0.38269 -0.905445 -0.1836513 -0.3826767 -0.375043 -0.07606965 -0.923881 0.3750476 0.0760709 -0.9238792 0.9054455 0.1836525 -0.3826751 0.9054456 0.1836524 0.3826749 0.3750445 0.07606995 0.9238804 0.49002 0.09938782 -0.8660269 -0.848745 -0.1721494 -0.4999965 0.1390632 0.8780112 0.4579933 0.1533045 0.9679412 0.1989667 0.1556652 0.982829 0.09907257 0.1564164 0.9875558 -0.01635938 0.1562795 0.9866868 -0.04501056 0.1558849 0.9842221 -0.08370727 0.4035772 0.792068 0.4579889 0.4449177 0.87319 0.1989665 0.4517547 0.8866241 0.09907293 0.453929 0.8908876 -0.01636028 0.4535331 0.8901021 -0.04501199 0.4524009 0.8878774 -0.08370912 0.6285888 0.6285861 0.457991 0.6929695 0.6929686 0.198967 0.7036274 0.7036284 0.09907394 0.7070142 0.7070102 -0.01635992 0.7063909 0.7063895 -0.04500997 0.704624 0.7046261 -0.08370852 0.792067 0.403577 0.4579907 0.8731917 0.4449141 0.1989666 0.8866255 0.4517517 0.099074 0.8908894 0.4539257 -0.01635968 0.8901022 0.453533 -0.04501134 0.8878808 0.4523944 -0.0837081 0.878013 0.1390637 0.4579898 0.9679403 0.1533107 0.1989661 0.982829 0.155665 0.09907388 0.9875558 0.1564165 -0.01636022 0.9866873 0.1562771 -0.04501014 0.9842219 0.1558849 -0.08370882 0.8780128 -0.1390638 0.4579902 0.9679406 -0.1533083 0.1989666 0.982829 -0.1556655 0.09907293 0.9875557 -0.1564166 -0.01635921 0.9866871 -0.1562775 -0.04501092 0.9842215 -0.1558876 -0.08370876 0.7920673 -0.4035769 0.4579904 0.8731936 -0.4449105 0.1989662 0.8866214 -0.4517598 0.09907418 0.8908849 -0.4539346 -0.01635873 0.8901028 -0.4535318 -0.04501098 0.8878797 -0.4523965 -0.08370828 0.6285881 -0.6285872 0.4579905 0.6929672 -0.6929711 0.1989664 0.7036243 -0.7036317 0.09907281 0.7070144 -0.7070099 -0.01636016 0.7063897 -0.7063907 -0.04500991 0.704625 -0.704625 -0.08371025 0.40358 -0.7920665 0.4579892 0.4449139 -0.8731917 0.1989675 0.4517547 -0.8866242 0.09907341 0.4539312 -0.8908866 -0.01636081 0.45353 -0.8901037 -0.04501032 0.4523909 -0.8878826 -0.08370786 0.1391033 -0.8782753 0.4574742 0.1533064 -0.9679408 0.1989668 0.1556622 -0.9828294 0.09907513 0.1564082 -0.9875569 -0.01636147 0.1562719 -0.986688 -0.04501098 0.1558856 -0.9842219 -0.08370846 -0.1391056 -0.8782753 0.4574739 -0.1533069 -0.9679409 0.1989658 -0.1556648 -0.982829 0.0990746 -0.1564142 -0.9875561 -0.01636022 -0.1562778 -0.9866871 -0.04501044 -0.155891 -0.984221 -0.08370846 -0.4035795 -0.7920655 0.4579911 -0.4449154 -0.8731914 0.1989653 -0.4517557 -0.8866237 0.09907239 -0.453931 -0.8908866 -0.01636087 -0.4535331 -0.8901022 -0.04501026 -0.4523987 -0.8878787 -0.08370763 -0.6285876 -0.6285876 0.4579907 -0.6929711 -0.6929677 0.198965 -0.7036327 -0.703623 0.09907495 -0.7070131 -0.7070112 -0.01636046 -0.7063946 -0.7063857 -0.04501038 -0.70463 -0.7046203 -0.08370774 -0.7920663 -0.4035788 0.4579904 -0.8731901 -0.4449175 0.1989666 -0.8866235 -0.4517557 0.09907406 -0.8908875 -0.4539296 -0.01635998 -0.8901045 -0.4535287 -0.04501026 -0.8878809 -0.4523943 -0.08370804 -0.8780143 -0.1390622 0.4579878 -0.9679413 -0.1533065 0.1989648 -0.9828292 -0.1556625 0.09907507 -0.9875572 -0.1564071 -0.01636028 -0.9866879 -0.1562722 -0.04501104 -0.984222 -0.1558846 -0.08370846 -0.8780122 0.1390653 0.4579905 -0.9679413 0.1533063 0.1989649 -0.9828286 0.1556673 0.09907501 -0.9875556 0.1564171 -0.01636093 -0.9866877 0.1562744 -0.04501014 -0.9842215 0.1558876 -0.08370804 -0.7920677 0.403577 0.4579893 -0.8731912 0.4449151 0.1989666 -0.8866212 0.4517602 0.099074 -0.8908896 0.4539251 -0.01636087 -0.8901019 0.453534 -0.0450083 -0.8878782 0.4523992 -0.08370918 -0.6285878 0.6285878 0.45799 -0.6929692 0.6929692 0.1989662 -0.7036247 0.7036309 0.09907495 -0.7070043 0.70702 -0.01636087 -0.7063871 0.7063933 -0.04500931 -0.7046228 0.7046273 -0.08370798 -0.4035728 0.792068 0.4579927 -0.4449099 0.873194 0.1989659 -0.4517566 0.886623 0.09907352 -0.4539276 0.8908885 -0.01636028 -0.4535287 0.8901044 -0.04500937 -0.4523939 0.8878809 -0.08370995 -0.139063 0.8780114 0.4579932 -0.1533057 0.9679411 0.1989663 -0.1556633 0.9828292 0.0990746 -0.1564109 0.9875566 -0.01635974 -0.1562776 0.9866871 -0.04501086 -0.15588 0.9842228 -0.08370774 -0.6464181 -0.3293653 0.6882312 -0.5916489 -0.5916479 0.5476353 -0.3299283 -0.647516 0.6869282 0.3300319 -0.6477273 0.6866793 0.3040287 0.681447 0.6657301 0.5898362 0.5899046 0.5514581 0.6455232 0.3289111 0.6892876 0.6472748 -0.3298026 0.6872158 0.5919216 -0.5919216 0.5470445 -0.3283761 0.644468 0.6905289 -0.5892519 0.5892529 0.5527778 -0.6819021 0.3038532 0.6653441 -6.78083e-6 0 1 3.39041e-6 0 1 6.7352e-7 0 1 2.62191e-6 0 1 6.78081e-6 0 1 6.78082e-6 0 1 -3.39041e-6 0 1 -2.62192e-6 0 1 -4.49022e-7 0 1 -5.24383e-6 0 1 -6.55483e-6 0 1 -1 0 -7.9839e-7 1 0 -3.99195e-7 -0.9594923 0 -0.281735 0.9594918 0 -0.2817368 -0.841253 0 -0.5406417 0.8412548 0 -0.5406389 -0.6548554 0 -0.7557543 0.6548568 0 -0.755753 -0.4154089 0 -0.9096348 0.4154079 0 -0.9096353 -0.1423159 0 -0.9898213 0.1423167 0 -0.9898213 0 1 -1.34105e-6 0 1 1.86241e-6 0 1 2.98483e-7 0 1 5.16965e-7 -0.1423139 0 -0.9898217 0.1423141 0 -0.9898216 -0.4154124 0 -0.9096333 0.4154108 0 -0.9096339 -0.6548541 0 -0.7557553 0.6548561 0 -0.7557537 -0.8412557 0 -0.5406374 0.8412538 0 -0.5406405 -0.9594919 0 -0.2817365 0.9594925 0 -0.2817344 -1 2.82575e-7 -8.7215e-7 1 0 -1.75066e-6 0 -1 -6.49292e-7 0 -1 -2.42099e-6 0 -1 1.34105e-6 0 -1 4.14395e-6 0 -1 1.21409e-6 0 -1 -4.39079e-6 0.1423168 0 -0.9898212 -0.4154113 0 -0.9096338 0.4154066 2.98119e-6 -0.9096359 -0.6548601 -3.09064e-6 -0.7557501 0.6548576 -2.98121e-6 -0.7557523 -0.8412544 -4.47184e-6 -0.5406396 0.8412548 -5.96238e-6 -0.540639 -0.9594919 -2.98121e-6 -0.2817364 0.9594928 5.96243e-6 -0.2817332 -1 -1.882e-6 -7.98389e-7 1 3.76401e-6 -1.19758e-6 -1 -2.39323e-7 0 -1 1.34834e-6 0 1 0 0 1 -6.84168e-7 9.90562e-6 -5.26953e-7 -1 0 3.51301e-7 1 4.86519e-6 -0.179866 0 0.9836912 0 0.1798681 0.9836907 0 -0.1798676 0.9836909 8.10114e-7 1 0 0.9063079 0 0.422618 -0.9063073 0 -0.4226194 -0.4226111 0 0.9063112 -0.4294133 0 -0.9031082 -0.9031078 0 0.429414 0 -1 -1.88956e-6 1 3.75301e-7 0 -1 -1.87651e-7 0 0 1 3.54292e-7 0.903108 0 -0.4294139 3.55016e-6 -1 -9.44787e-7 -0.903108 0 0.4294136 0.4294149 0 0.9031074 -0.4294108 0 -0.9031094 0.4226179 0 -0.9063081 -0.4226126 0 0.9063104 0.9063076 0 0.4226186 0 1 0 0 0.9208207 -0.3899864 0.9791516 -0.0233215 0.2017884 0.1041511 0.9104501 -0.4002916 -0.9791519 0.02326565 -0.2017927 0.05279511 -0.9301076 -0.3634729 -0.02788525 -0.9994112 0.01999509 0.9791543 -0.02329355 0.2017778 0.02789115 0.9994111 -0.01999241 -0.9791548 0.02326864 -0.2017788 0.2012024 -0.02519935 -0.9792255 0.1994255 0.02536743 -0.9795846 -0.9795114 -0.02344924 -0.2000194 -0.02805942 0.9994029 0.02016073 0.9795103 0.02348726 0.2000202 0.02805775 -0.999403 -0.0201599 0.103617 -0.9103825 -0.4005837 -0.9795106 -0.02346616 -0.2000212 0.05193549 0.9301632 -0.3634548 0.9795111 0.02347511 0.2000178 0.2012004 -0.02519905 -0.9792259 -0.9791544 0.02326834 -0.2017802 0.02789163 0.9994111 -0.01999068 0.9791542 -0.02328497 0.2017793 -0.02788525 -0.9994112 0.01999247 0.0527997 -0.9301111 -0.3634634 -0.9791532 0.02328383 -0.2017848 0.1041616 0.9104528 -0.4002827 0.9791539 -0.02328848 0.2017807 0.9800997 0.02423453 0.1970213 0.05023652 0.9300151 -0.3640719 -0.9800972 -0.02422857 -0.1970344 0.1029781 -0.9105126 -0.4004528 0.02866613 -0.999394 -0.0197497 0.9800988 0.02422934 0.1970262 -0.02867311 0.9993938 0.01974958 -0.980098 -0.02423179 -0.1970306 0.196444 0.02501493 -0.980196 0.1941317 -0.04718863 -0.9798399 -0.9797633 0.04031389 -0.1960579 0.04878377 0.9980705 -0.03841316 0.979763 -0.04031896 0.1960587 -0.04879289 -0.9980702 0.03840953 0.03078073 -0.937451 -0.3467538 -0.9797602 0.0403468 -0.1960669 0.1206269 0.9006395 -0.4174897 0.9797623 -0.0403499 0.1960554 -0.1934304 -0.04236382 -0.980199 0.9740689 0.1112179 -0.1970286 0.117333 -0.9928962 0.01975184 -0.9740719 -0.1111909 0.1970297 -0.1173338 0.9928961 -0.01975399 -0.1834624 0.8977659 -0.4004473 0.9740701 0.1111978 -0.1970342 0.03260201 -0.9307993 -0.3640738 -0.9740734 -0.1111924 0.1970211 -0.9773526 -0.06377315 0.2017795 -0.02288311 -0.9161062 -0.4002823 0.9773497 0.06379425 -0.2017868 -0.1352173 0.9217423 -0.363466 -0.06099987 0.9979376 0.01999378 -0.9773527 -0.06377232 0.2017793 0.06099361 -0.9979379 -0.01999282 0.9773493 0.06382149 -0.2017803 -0.2026647 0.007225275 -0.9792217 0.01712697 -0.2020284 -0.97923 -0.1806051 0.9626355 -0.201779 0.9834122 0.1802803 -0.01999127 0.1806079 -0.9626345 0.201781 -0.9834107 -0.1802884 0.01999413 -0.8988655 -0.2448104 -0.3634676 -0.1806014 0.9626385 -0.2017679 0.9122292 0.08722668 -0.400287 0.1806038 -0.9626403 0.2017572 0.1608768 -0.9706534 0.1787477 0.883441 0.06092339 -0.464565 -0.1608931 0.9706557 -0.1787201 -0.9307638 -0.2094916 -0.2996532 -0.9850968 -0.1468518 0.08954906 0.160876 -0.9706578 0.1787244 0.9851008 0.1468287 -0.08954244 -0.1608924 0.9706555 -0.1787221 -0.06066799 -0.1904723 -0.9798162 0.05686986 -0.01199853 -0.9983096 -0.05687057 0.01199823 0.9983096 0.9768068 -0.2060837 0.05812054 -0.2064319 -0.978461 2.19693e-6 -0.9768068 0.2060856 -0.05811512 0.2064316 0.978461 -4.4625e-6 0.2064315 0.9784612 3.89877e-6 -0.9768077 0.2060804 -0.05811816 -0.206435 -0.9784603 -3.04294e-6 0.976808 -0.20608 0.05811494 -0.05687075 0.01199799 0.9983096 0.05686926 -0.01199817 -0.9983096 0.01447075 0.03061836 -0.9994264 -0.01446872 -0.03061515 0.9994266 0.3490948 0.9364796 0.03374874 0.9369745 -0.349386 0.002870202 -0.3490918 -0.9364808 -0.03374499 -0.9369755 0.3493832 -0.002876281 -0.9369748 0.3493853 -0.002875268 -0.3490976 -0.9364786 -0.03374469 0.9369761 -0.3493816 0.00287795 0.349095 0.9364796 0.03374379 -0.01444858 -0.03062784 0.9994265 0.01445579 0.03062784 -0.9994263 -0.04353779 -0.9990519 0 0.1898975 -0.981804 3.76923e-7 0.9942202 -9.81626e-6 0.1073605 0 -0.9942206 0.1073574 -0.9942205 0 0.107358 0 0.9942204 0.1073586 0.295834 0.9491873 0.1073589 -0.9491887 0.2958287 0.1073605 -0.2958326 -0.9491878 0.1073573 0.949188 -0.2958309 0.1073604 0.962363 0.2496625 0.1073601 0.2496669 -0.9623621 0.1073579 -0.9623618 -0.2496681 0.1073579 -0.2496727 0.9623606 0.1073577 0.5841491 0.8045146 0.1073603 -0.8045142 0.58415 0.1073587 -0.5841546 -0.8045109 0.107358 0.8045043 -0.5841633 0.1073604 1.41961e-6 -1 3.21427e-6 4.28438e-6 1 0 0 0 1 -1 0 -2.32165e-7 3.20648e-7 1 3.01478e-7 -1 2.46859e-7 0 0 0.9063078 0.4226183 0 -0.9063082 -0.4226176 0 -0.4226108 0.9063114 0 0.429418 0.9031059 0 -0.9031077 0.4294141 -1 -2.36194e-7 0 0 0.9031073 -0.429415 1 9.44778e-7 2.58746e-7 0 0 1 -4.13749e-7 1 0 3.75305e-7 0 -1 2.64801e-7 -1 0 -1 -1.91908e-7 0 0 0.9031074 -0.4294149 1 3.54293e-6 -1.73024e-6 0 -0.9031076 0.4294143 0 0.429417 0.9031064 0 -0.4294152 -0.9031073 0 0.4226188 -0.9063076 0 -0.4226107 0.9063113 0 0.9063079 0.4226183 -1 3.83817e-7 0 0.0233075 0.9791526 0.201785 -0.9104502 0.1041604 -0.4002889 -0.02325487 -0.9791517 -0.201795 0.9301084 0.05279982 -0.3634704 0.9994111 -0.02789109 0.01999348 0.02330994 0.9791537 0.201779 -0.9994112 0.02788507 -0.01999348 -0.02325224 -0.9791551 -0.2017788 0.02520054 0.2012153 -0.9792229 -0.02537286 0.1994246 -0.9795846 0.02344942 -0.9795117 -0.2000173 -0.9994029 -0.02805966 0.02016192 -0.02346986 0.9795112 0.2000175 0.9994029 0.02806311 -0.02016156 0.9103823 0.1036256 -0.4005821 0.02346533 -0.9795104 -0.2000221 -0.9301633 0.05194056 -0.3634536 -0.02347517 0.9795113 0.2000163 0.02520036 0.2012149 -0.979223 -0.02326005 -0.979155 -0.2017783 -0.9994111 0.02789068 -0.01999312 0.02329319 0.9791541 0.2017787 0.9994111 -0.02788722 0.01999449 0.9301091 0.05280649 -0.3634674 -0.0232827 -0.9791531 -0.2017848 -0.9104506 0.1041625 -0.4002875 0.02329361 0.9791547 0.2017765 -0.02423489 0.9800999 0.1970201 -0.9300155 0.05022335 -0.3640727 0.02422922 -0.9800972 -0.197034 0.9105129 0.1029824 -0.4004511 0.9993939 0.02866494 -0.01975113 -0.02422887 0.9800985 0.1970282 -0.9993937 -0.02867358 0.0197497 0.02423053 -0.9800983 -0.1970289 -0.02500683 0.196418 -0.9802014 0.04718363 0.1941199 -0.9798425 -0.04031401 -0.979763 -0.1960591 -0.9980706 0.04878211 -0.03841102 0.04030835 0.9797636 0.196058 0.9980701 -0.04879313 0.03840941 0.9374509 0.03077948 -0.3467544 -0.04034882 -0.9797599 -0.1960676 -0.9006382 0.1206245 -0.4174935 0.04035019 0.9797625 0.1960545 0.04235833 -0.1934188 -0.9802016 -0.1112076 0.9740702 -0.1970287 0.9928962 0.1173333 0.01975136 0.1111989 -0.9740714 0.1970276 -0.9928963 -0.1173324 -0.01975113 -0.8977643 -0.1834596 -0.4004522 -0.1111993 0.9740697 -0.1970356 0.9308003 0.03260648 -0.364071 0.1112056 -0.9740708 0.1970264 0.06377857 -0.9773522 0.2017798 0.9161036 -0.02287781 -0.4002888 -0.0637927 0.9773498 -0.2017868 -0.921741 -0.1352165 -0.3634696 -0.9979377 -0.06099915 0.01999288 0.06377649 -0.9773525 0.2017791 0.9979381 0.06099283 -0.01999151 -0.0638132 0.9773502 -0.2017782 -0.007220804 -0.202659 -0.9792228 0 -1 3.20538e-7 -0.005998671 -0.9999821 0</float_array>
          <technique_common>
            <accessor source="#Cylinder_005-mesh-normals-array" count="2766" stride="3">
              <param name="X" type="float"/>
              <param name="Y" type="float"/>
              <param name="Z" type="float"/>
            </accessor>
          </technique_common>
        </source>
        <source id="Cylinder_005-mesh-map-0">
          <float_array id="Cylinder_005-mesh-map-0-array" count="21438">0.8882652 0.8387814 0.9249427 0.8195925 0.8283087 0.6831641 0.7683249 0.7649469 0.7683249 0.6831641 0.8882652 0.8387814 0.8283093 0.5866947 0.7683241 0.6831642 0.7683241 0.5866948 0.8283093 0.6831642 0.7683241 0.7649469 0.7683241 0.6831642 0.9560363 0.6963897 0.9249427 0.5764194 0.9560363 0.5764194 0.9249427 0.5764194 0.8882652 0.6963897 0.8882652 0.5764194 0.8882652 0.5764194 0.8283087 0.6963887 0.7683249 0.5764194 0.8882653 0.8387814 0.8283087 0.7649469 0.8283087 0.6831641 0.9768124 0.6831642 0.984108 0.5866948 0.8882653 0.8387814 0.7683241 0.6831642 0.8283094 0.5866947 0.7683241 0.5866948 0.7683241 0.7649469 0.8283094 0.6831642 0.7683241 0.6831642 0.7683241 0.8896567 0.8283094 0.9518439 0.7683241 0.9518439 0.7683241 0.8163017 0.8283094 0.8896567 0.7683241 0.8896567 0.7683241 0.8163017 0.8283087 0.6963886 0.8283094 0.8163018 0.8283087 0.6831641 0.8283087 0.5866948 0.9768124 0.6831642 0.8882652 0.8387814 0.9249427 0.8195925 0.9560363 0.7649469 0.7683241 0.6831642 0.8283093 0.5866947 0.7683241 0.5866948 0.7683241 0.7649469 0.8283093 0.6831642 0.7683241 0.6831642 0.9249427 0.5764194 0.9560363 0.6963897 0.9560363 0.5764194 0.9249427 0.5764194 0.8882652 0.6963897 0.9249427 0.6963898 0.8882652 0.5764194 0.8283087 0.6963887 0.8882652 0.6963897 0.8283087 0.7649469 0.8283087 0.8195924 0.8882653 0.8387814 0.768325 0.7649469 0.768325 0.6831641 0.8882653 0.8387814 0.8283094 0.5866947 0.7683241 0.6831642 0.7683241 0.5866948 0.8283094 0.6831642 0.7683241 0.7649469 0.7683241 0.6831642 0.8283094 0.9518439 0.7683241 0.8896567 0.7683241 0.9518439 0.8283094 0.8896567 0.7683241 0.8163017 0.7683241 0.8896567 0.7683241 0.8163017 0.8283087 0.6963886 0.7683241 0.5764212 0.8283087 0.7649469 0.8283087 0.6831641 0.8882652 0.8387814 0.8882652 0.8387814 0.9249427 0.8195925 0.9560363 0.7649469 0.7683241 0.6831642 0.8283093 0.5866947 0.7683241 0.5866948 0.7683241 0.7649469 0.8283093 0.6831642 0.7683241 0.6831642 0.9249427 0.5764194 0.9560363 0.6963897 0.9560363 0.5764194 0.8882652 0.5764194 0.9249427 0.6963898 0.9249427 0.5764194 0.8882652 0.5764194 0.8283087 0.6963887 0.8882652 0.6963897 0.9560363 0.7649469 0.9768124 0.6831642 0.8283087 0.5866948 0.768325 0.7649469 0.768325 0.6831641 0.8882653 0.8387814 0.8283094 0.5866947 0.7683241 0.6831642 0.7683241 0.5866948 0.8283094 0.6831642 0.7683241 0.7649469 0.7683241 0.6831642 0.7683241 0.9518439 0.8283094 0.8896567 0.7683241 0.8896567 0.7683241 0.8896567 0.8283094 0.8163018 0.7683241 0.8163017 0.7683241 0.8163017 0.8283087 0.6963886 0.7683241 0.5764212 0.8882652 0.8387814 0.9249427 0.8195925 0.8283087 0.6831641 0.7683249 0.7649469 0.7683249 0.6831641 0.8882652 0.8387814 0.8283093 0.5866947 0.7683241 0.6831642 0.7683241 0.5866948 0.8283093 0.6831642 0.7683241 0.7649469 0.7683241 0.6831642 0.9560363 0.6963897 0.9249427 0.5764194 0.9560363 0.5764194 0.9249427 0.6963898 0.8882652 0.5764194 0.9249427 0.5764194 0.8882652 0.5764194 0.8283087 0.6963887 0.7683249 0.5764194 0.8283087 0.7649469 0.8283087 0.6831641 0.8882653 0.8387814 0.8882653 0.8387814 0.9249427 0.8195925 0.9560363 0.7649469 0.7683241 0.6831642 0.8283094 0.5866947 0.7683241 0.5866948 0.7683241 0.7649469 0.8283094 0.6831642 0.7683241 0.6831642 0.7683241 0.9518439 0.8283094 0.8896567 0.8283094 0.9518439 0.7683241 0.8896567 0.8283094 0.8163018 0.8283094 0.8896567 0.7683241 0.8163017 0.8283087 0.6963886 0.8283094 0.8163018 0.6151595 0.6141414 0.6316868 0.629597 0.6278134 0.6117457 0.6316868 0.629597 0.6151595 0.6141414 0.6278134 0.6117457 0.6468754 0.6204633 0.6278134 0.6117457 0.6316868 0.629597 0.6468754 0.6204633 0.6278134 0.6117457 0.6394425 0.6047524 0.6594945 0.6060649 0.6394425 0.6047524 0.6468754 0.6204633 0.6594945 0.6060649 0.6394425 0.6047524 0.6491042 0.5937286 0.668522 0.5875681 0.6491042 0.5937286 0.6594945 0.6060649 0.668522 0.5875681 0.6491042 0.5937286 0.656016 0.5795666 0.6732263 0.5664718 0.656016 0.5795666 0.668522 0.5875681 0.6732263 0.5664718 0.656016 0.5795666 0.6596178 0.5634143 0.6732263 0.5157827 0.6596178 0.5634143 0.6732263 0.5664718 0.6732263 0.5157827 0.6596178 0.5634143 0.6596179 0.5157827 0.5570925 0.5157827 0.5707011 0.5634143 0.570701 0.5157827 0.5707011 0.5634143 0.5570925 0.5157827 0.570701 0.5157827 0.5570926 0.5664718 0.5743029 0.5795666 0.5707011 0.5634143 0.5743029 0.5795666 0.5570926 0.5664718 0.5707011 0.5634143 0.5617968 0.5875681 0.5812146 0.5937283 0.5743029 0.5795666 0.5812146 0.5937283 0.5617968 0.5875681 0.5743029 0.5795666 0.5708242 0.6060647 0.5908763 0.6047524 0.5812146 0.5937283 0.5908763 0.6047524 0.5708242 0.6060647 0.5812146 0.5937283 0.5834433 0.6204632 0.6025053 0.6117457 0.5908763 0.6047524 0.6025053 0.6117457 0.5834433 0.6204632 0.5908763 0.6047524 0.6151595 0.6327261 0.6025053 0.6117457 0.598632 0.629597 0.6151595 0.6327261 0.6025053 0.6117457 0.6151595 0.6141414 0.9181286 0.9685631 0.9333958 0.9586761 0.9355837 0.9660536 0.9181286 0.9685631 0.9333958 0.9586761 0.9181286 0.9608711 0.9355837 0.9660536 0.947426 0.9522687 0.9516248 0.9587278 0.9355837 0.9660536 0.947426 0.9522687 0.9333958 0.9586761 0.9516248 0.9587278 0.9590828 0.9421681 0.9649522 0.9471796 0.9516248 0.9587278 0.9590828 0.9421681 0.947426 0.9522687 0.9649522 0.9471796 0.9674217 0.9291924 0.9744861 0.9323444 0.9649522 0.9471796 0.9674217 0.9291924 0.9590828 0.9421681 0.9744861 0.9323444 0.9717673 0.9143931 0.9794544 0.9154242 0.9744861 0.9323444 0.9717673 0.9143931 0.9674217 0.9291924 0.6682698 0.984769 0.7171351 0.9924563 0.6682698 0.9924563 0.7171351 0.9924563 0.6682698 0.984769 0.6682698 0.9924563 0.6682698 0.9847733 0.7171351 0.9924606 0.7181662 0.9847734 0.6682698 0.9847733 0.7171351 0.9924606 0.6682698 0.9924606 0.9744818 0.9323444 0.9717628 0.9143931 0.9674173 0.9291924 0.9717628 0.9143931 0.9744818 0.9323444 0.9674173 0.9291924 0.9649477 0.9471799 0.9674173 0.9291924 0.9590784 0.9421681 0.9674173 0.9291924 0.9649477 0.9471799 0.9590784 0.9421681 0.9516204 0.9587278 0.9590784 0.9421681 0.9474216 0.9522687 0.9590784 0.9421681 0.9516204 0.9587278 0.9474216 0.9522687 0.9355792 0.9660536 0.9474216 0.9522687 0.9333913 0.9586761 0.9474216 0.9522687 0.9355792 0.9660536 0.9333913 0.9586761 0.9333913 0.9586761 0.9181244 0.9685631 0.9355792 0.9660536 0.9333913 0.9586761 0.9181244 0.9685631 0.9181244 0.9608711 0.6682698 0.984769 0.7171351 0.9924563 0.6682698 0.9924563 0.7171351 0.9924563 0.6682698 0.984769 0.6682698 0.9924563 0.9744861 0.9323444 0.9717673 0.9143931 0.9794544 0.9154242 0.9744861 0.9323444 0.9717673 0.9143931 0.9674217 0.9291924 0.9649522 0.9471796 0.9674217 0.9291924 0.9744861 0.9323444 0.9649522 0.9471796 0.9674217 0.9291924 0.9590828 0.9421681 0.9516248 0.9587278 0.9590828 0.9421681 0.9649522 0.9471796 0.9516248 0.9587278 0.9590828 0.9421681 0.947426 0.9522687 0.9355837 0.9660536 0.947426 0.9522687 0.9516248 0.9587278 0.9355837 0.9660536 0.947426 0.9522687 0.9333958 0.9586761 0.9181286 0.9685631 0.9333958 0.9586761 0.9355837 0.9660536 0.9181286 0.9685631 0.9333958 0.9586761 0.9181286 0.9608711 0.598632 0.629597 0.6151595 0.6141414 0.6025053 0.6117457 0.6151595 0.6141414 0.598632 0.629597 0.6025053 0.6117457 0.5834433 0.6204632 0.6025053 0.6117457 0.5908763 0.6047524 0.6025053 0.6117457 0.5834433 0.6204632 0.5908763 0.6047524 0.5708242 0.6060647 0.5908763 0.6047524 0.5812146 0.5937283 0.5908763 0.6047524 0.5708242 0.6060647 0.5812146 0.5937283 0.5617968 0.5875681 0.5812146 0.5937283 0.5743029 0.5795666 0.5812146 0.5937283 0.5617968 0.5875681 0.5743029 0.5795666 0.5570926 0.5664718 0.5743029 0.5795666 0.5707011 0.5634143 0.5743029 0.5795666 0.5570926 0.5664718 0.5707011 0.5634143 0.5570925 0.5157827 0.5707011 0.5634143 0.570701 0.5157827 0.5707011 0.5634143 0.5570925 0.5157827 0.570701 0.5157827 0.9333913 0.9586761 0.9181244 0.9685631 0.9355792 0.9660536 0.9333913 0.9586761 0.9181244 0.9685631 0.9181244 0.9608711 0.9355792 0.9660536 0.9474216 0.9522687 0.9333913 0.9586761 0.9474216 0.9522687 0.9355792 0.9660536 0.9333913 0.9586761 0.9516204 0.9587278 0.9590784 0.9421681 0.9474216 0.9522687 0.9590784 0.9421681 0.9516204 0.9587278 0.9474216 0.9522687 0.9649477 0.9471799 0.9674173 0.9291924 0.9590784 0.9421681 0.9674173 0.9291924 0.9649477 0.9471799 0.9590784 0.9421681 0.9744818 0.9323444 0.9717628 0.9143931 0.9674173 0.9291924 0.9717628 0.9143931 0.9744818 0.9323444 0.9674173 0.9291924 0.6682698 0.9847733 0.7171351 0.9924606 0.7181662 0.9847734 0.6682698 0.9847733 0.7171351 0.9924606 0.6682698 0.9924606 0.6732263 0.5157827 0.6596178 0.5634143 0.6732263 0.5664718 0.6732263 0.5157827 0.6596178 0.5634143 0.6596179 0.5157827 0.6732263 0.5664718 0.656016 0.5795666 0.668522 0.5875681 0.6732263 0.5664718 0.656016 0.5795666 0.6596178 0.5634143 0.668522 0.5875681 0.6491042 0.5937286 0.6594945 0.6060649 0.668522 0.5875681 0.6491042 0.5937286 0.656016 0.5795666 0.6594945 0.6060649 0.6394425 0.6047524 0.6468754 0.6204633 0.6594945 0.6060649 0.6394425 0.6047524 0.6491042 0.5937286 0.6468754 0.6204633 0.6278134 0.6117457 0.6316868 0.629597 0.6468754 0.6204633 0.6278134 0.6117457 0.6394425 0.6047524 0.6316868 0.629597 0.6151595 0.6141414 0.6151595 0.6327261 0.6151595 0.6141414 0.6316868 0.629597 0.6151595 0.6327261 0.5741097 0.5194006 0.5775851 0.5407215 0.5706336 0.5407209 0.5706336 0.5407209 0.5775851 0.5407215 0.5741097 0.5194006 0.5838856 0.5607761 0.5706336 0.5407209 0.5775851 0.5407215 0.5838856 0.5607761 0.5706336 0.5407209 0.5643326 0.560775 0.5926933 0.5791199 0.5643326 0.560775 0.5838856 0.5607761 0.5926933 0.5791199 0.5643326 0.560775 0.5555248 0.5791188 0.6612531 0.5407215 0.6647285 0.5194005 0.6682046 0.5407209 0.6682046 0.5407209 0.6647285 0.5194005 0.6612531 0.5407215 0.6549526 0.5607759 0.6682046 0.5407209 0.6745056 0.5607753 0.6612531 0.5407215 0.6745056 0.5607753 0.6682046 0.5407209 0.6461449 0.5791198 0.6745056 0.5607753 0.6833134 0.5791191 0.6549526 0.5607759 0.6833134 0.5791191 0.6745056 0.5607753 0.2317087 0.128057 0.228012 0.1208016 0.232496 0.1230863 0.228012 0.1208016 0.226738 0.1288443 0.2244534 0.1243602 0.237702 0.1208047 0.2135363 0.1155208 0.237702 0.1155208 0.237702 0.1208047 0.2135362 0.1260887 0.2135362 0.1208047 0.2135362 0.1313727 0.237702 0.1260887 0.237702 0.1313726 0.2135363 0.1366567 0.237702 0.1313726 0.237702 0.1366567 0.237702 0.1155208 0.2135363 0.1102368 0.237702 0.1102368 0.2607163 0.1292654 0.2365506 0.1239814 0.2607163 0.1239814 0.2365506 0.1504013 0.2607163 0.1451173 0.2607163 0.1504013 0.2607163 0.1451173 0.2365505 0.1398334 0.2607163 0.1398333 0.2365505 0.1398334 0.2607163 0.1345494 0.2607163 0.1398333 0.2607163 0.1345494 0.2365506 0.1292654 0.2607163 0.1292654 0.05110049 0.1732815 0.04860979 0.1890071 0.04414254 0.1802394 0.05832868 0.1874678 0.05110049 0.1732815 0.05986797 0.1777487 0.2317087 0.128057 0.228012 0.1208016 0.232496 0.1230863 0.228012 0.1208016 0.226738 0.1288443 0.2244534 0.1243602 0.05278921 0.1904986 0.0430243 0.2351573 0.0430243 0.1904986 0.062554 0.1904986 0.05278921 0.2351574 0.05278921 0.1904986 0.07231903 0.2351574 0.062554 0.1904986 0.07231891 0.1904987 0.08208382 0.1904986 0.07231903 0.2351574 0.07231891 0.1904987 0.0430243 0.1904986 0.03325939 0.2351573 0.03325939 0.1904987 0.2365506 0.1292654 0.2607163 0.1239814 0.2607163 0.1292654 0.2365506 0.1504013 0.2607163 0.1451173 0.2607163 0.1504013 0.2607163 0.1451173 0.2365505 0.1398334 0.2607163 0.1398333 0.2365505 0.1398334 0.2607163 0.1345494 0.2607163 0.1398333 0.2607163 0.1345494 0.2365506 0.1292654 0.2607163 0.1292654 0.03922551 0.2064061 0.03673481 0.2221317 0.03226763 0.2133641 0.04645389 0.2205923 0.03922551 0.2064061 0.0479933 0.2108734 0.2317087 0.128057 0.228012 0.1208016 0.232496 0.1230863 0.228012 0.1208016 0.226738 0.1288443 0.2244534 0.1243602 0.2365505 0.1345494 0.2607163 0.1292654 0.2607163 0.1345494 0.2607163 0.1398333 0.2365505 0.1345494 0.2607163 0.1345494 0.2365505 0.1451174 0.2607163 0.1398333 0.2607163 0.1451173 0.2365506 0.1504013 0.2607163 0.1451173 0.2607163 0.1504013 0.2365506 0.1292654 0.2607163 0.1239814 0.2607163 0.1292654 0.08594667 0.1883326 0.04521626 0.1883326 0.04521626 0.266721 0.04521626 0.266721 0.08594667 0.2667211 0.08594667 0.1883326 0.2738653 0.1387544 0.232465 0.09962695 0.2715925 0.09962695 0.1828747 0.09962695 0.2838274 0.1387544 0.1884168 0.1387544 0.1842498 0.1387544 0.2256501 0.09962695 0.1865226 0.09962695 0.1884168 0.09962695 0.2893695 0.1387545 0.2838274 0.09962695 0.2612299 0.1335652 0.2232404 0.1324992 0.2600841 0.1324992 0.2220945 0.1335652 0.2232404 0.1185819 0.2232404 0.1324992 0.2612299 0.1175159 0.2232404 0.1185819 0.2220945 0.1175159 0.2612299 0.1335652 0.2600841 0.1185819 0.2612299 0.1175159 0.2698329 0.1405553 0.2339323 0.12012 0.2319614 0.1405553 0.1906729 0.1407567 0.2773053 0.1265046 0.1925976 0.1265046 0.1860191 0.1405553 0.2219197 0.12012 0.2238906 0.1405553 0.1906729 0.1407567 0.2773053 0.1265046 0.2792299 0.1407567 0.9228829 0.1683325 0.9297322 0.1119725 0.9335345 0.1280665 0.9561736 0.2335616 0.9805647 0.1731734 0.9805647 0.2335616 0.4531862 0.822929 0.4127054 0.819745 0.4502785 0.819745 0.4504153 0.8109276 0.4099345 0.8140211 0.4068488 0.8109276 0.7789698 0.7465737 0.9870312 0.7039325 0.7789698 0.7039325 0.9870314 0.7465737 0.77897 0.7039327 0.9870314 0.7039327 0.419408 0.8146086 0.4621689 0.8175162 0.4225015 0.8175163 0.4004859 0.809812 0.4432469 0.8067264 0.446431 0.809812 0.754822 0.8680239 0.9856279 0.8231703 0.9856279 0.8680239 0.9856279 0.8680239 0.754822 0.8231703 0.754822 0.8680239 0.9099403 0.9194703 0.8923124 0.5470635 0.9099403 0.5470635 0.9099403 0.5470635 0.8923124 0.9194703 0.9099403 0.9194703 0.7946826 0.8871838 0.9485757 0.8064536 0.9485757 0.8871838 0.2310155 0.1441799 0.182353 0.1441799 0.182353 0.09632557 0.182353 0.09632557 0.2310155 0.09632557 0.2310155 0.1441799 0.2310155 0.1441799 0.182353 0.1441799 0.182353 0.09632557 0.182353 0.09632557 0.2310155 0.09632557 0.2310155 0.1441799 0.2310155 0.1441799 0.182353 0.1441799 0.182353 0.09632557 0.182353 0.09632557 0.2310155 0.09632557 0.2310155 0.1441799 0.2310155 0.1441799 0.182353 0.1441799 0.182353 0.09632557 0.182353 0.09632557 0.2310155 0.09632557 0.2310155 0.1441799 0.2310155 0.1441799 0.182353 0.1441799 0.182353 0.09632557 0.182353 0.09632557 0.2310155 0.09632557 0.2310155 0.1441799 0.182353 0.09632557 0.2310155 0.09632557 0.2310155 0.1441799 0.2310155 0.1441799 0.182353 0.1441799 0.182353 0.09632557 0.182353 0.09632557 0.2310155 0.09632557 0.2310155 0.1441799 0.2310155 0.1441799 0.182353 0.1441799 0.182353 0.09632557 0.182353 0.09632557 0.2310155 0.09632557 0.2310155 0.1441799 0.2310155 0.1441799 0.182353 0.1441799 0.182353 0.09632557 0.182353 0.09632557 0.2310155 0.09632557 0.2310155 0.1441799 0.2310155 0.1441799 0.182353 0.1441799 0.182353 0.09632557 0.182353 0.09632557 0.2310155 0.09632557 0.2310155 0.1441799 0.2310155 0.1441799 0.182353 0.1441799 0.182353 0.09632557 0.2310155 0.1441799 0.182353 0.1441799 0.182353 0.09632557 0.182353 0.09632557 0.2310155 0.09632557 0.2310155 0.1441799 0.2310155 0.1441799 0.182353 0.1441799 0.182353 0.09632557 0.182353 0.09632557 0.2310155 0.09632557 0.2310155 0.1441799 0.2310155 0.1441799 0.182353 0.1441799 0.182353 0.09632557 0.182353 0.09632557 0.2310155 0.09632557 0.2310155 0.1441799 0.2310155 0.1441799 0.182353 0.1441799 0.182353 0.09632557 0.182353 0.09632557 0.2310155 0.09632557 0.2310155 0.1441799 0.2310155 0.1441799 0.182353 0.1441799 0.182353 0.09632557 0.182353 0.09632557 0.2310155 0.09632557 0.2310155 0.1441799 0.9151817 0.123766 0.9118978 0.1179561 0.9118978 0.1305437 0.9182129 0.1179561 0.9151817 0.1121461 0.9151817 0.123766 0.9151817 0.123766 0.9118978 0.1305437 0.9151817 0.1363527 0.9151817 0.1121461 0.9118978 0.1179561 0.9151817 0.123766 0.9182129 0.1305437 0.9182129 0.1179561 0.9151817 0.123766 0.9151817 0.1363527 0.9182129 0.1305437 0.9151817 0.123766 0.9189648 0.1302012 0.9189648 0.1401232 0.9246538 0.1401232 0.9246538 0.1401232 0.9246538 0.1302012 0.9189648 0.1302012 0.9189648 0.1401232 0.9189648 0.1500455 0.9246538 0.1500455 0.9246538 0.1500455 0.9246538 0.1401232 0.9189648 0.1401232 0.9189648 0.1500455 0.9189648 0.1599675 0.9246538 0.1599675 0.9246538 0.1599675 0.9246538 0.1500455 0.9189648 0.1500455 0.9189648 0.1599675 0.9189648 0.168897 0.9246538 0.168897 0.9246538 0.168897 0.9246538 0.1599675 0.9189648 0.1599675 0.9189648 0.1103569 0.9189648 0.1212708 0.9246538 0.1212708 0.9246538 0.1212708 0.9246538 0.1103569 0.9189648 0.1103569 0.9189648 0.1212708 0.9189648 0.1302012 0.9246538 0.1302012 0.9246538 0.1302012 0.9246538 0.1212708 0.9189648 0.1212708 0.9246538 0.1302012 0.9246538 0.1401232 0.9271271 0.1401232 0.9271271 0.1401232 0.9271271 0.1302012 0.9246538 0.1302012 0.9246538 0.1401232 0.9246538 0.1500455 0.9271271 0.1500455 0.9271271 0.1500455 0.9271271 0.1401232 0.9246538 0.1401232 0.9246538 0.1500455 0.9246538 0.1599675 0.9271271 0.1599675 0.9271271 0.1599675 0.9271271 0.1500455 0.9246538 0.1500455 0.9246538 0.1599675 0.9246538 0.168897 0.9271271 0.168897 0.9271271 0.168897 0.9271271 0.1599675 0.9246538 0.1599675 0.9246538 0.1103569 0.9246538 0.1212708 0.9271271 0.1212708 0.9271271 0.1212708 0.9271271 0.1103569 0.9246538 0.1103569 0.9246538 0.1212708 0.9246538 0.1302012 0.9271271 0.1302012 0.9271271 0.1302012 0.9271271 0.1212708 0.9246538 0.1212708 0.9271271 0.1302012 0.9271271 0.1401232 0.9333109 0.1401232 0.9333109 0.1401232 0.9333109 0.1302012 0.9271271 0.1302012 0.9271271 0.1401232 0.9271271 0.1500455 0.9333109 0.1500455 0.9333109 0.1500455 0.9333109 0.1401232 0.9271271 0.1401232 0.9271271 0.1500455 0.9271271 0.1599675 0.9333109 0.1599675 0.9333109 0.1599675 0.9333109 0.1500455 0.9271271 0.1500455 0.9271271 0.1599675 0.9271271 0.168897 0.9333109 0.168897 0.9333109 0.168897 0.9333109 0.1599675 0.9271271 0.1599675 0.9271271 0.1103569 0.9271271 0.1212708 0.9333109 0.1212708 0.9333109 0.1212708 0.9333109 0.1103569 0.9271271 0.1103569 0.9271271 0.1212708 0.9271271 0.1302012 0.9333109 0.1302012 0.9333109 0.1302012 0.9333109 0.1212708 0.9271271 0.1212708 0.9151817 0.123766 0.9121506 0.1179561 0.9121506 0.129575 0.9179604 0.1179561 0.9151817 0.1121461 0.9151817 0.123766 0.9151817 0.123766 0.9121506 0.129575 0.9151817 0.1353853 0.9151817 0.1121461 0.9121506 0.1179561 0.9151817 0.123766 0.9179604 0.129575 0.9179604 0.1179561 0.9151817 0.123766 0.9151817 0.1353853 0.9179604 0.129575 0.9151817 0.123766 0.9189648 0.1302012 0.9189648 0.1401232 0.9246538 0.1401232 0.9246538 0.1401232 0.9246538 0.1302012 0.9189648 0.1302012 0.9189648 0.1401232 0.9189648 0.1500455 0.9246538 0.1500455 0.9246538 0.1500455 0.9246538 0.1401232 0.9189648 0.1401232 0.9189648 0.1500455 0.9189648 0.1599675 0.9246538 0.1599675 0.9246538 0.1599675 0.9246538 0.1500455 0.9189648 0.1500455 0.9189648 0.1599675 0.9189648 0.168897 0.9246538 0.168897 0.9246538 0.168897 0.9246538 0.1599675 0.9189648 0.1599675 0.9189648 0.1103569 0.9189648 0.1212708 0.9246538 0.1212708 0.9246538 0.1212708 0.9246538 0.1103569 0.9189648 0.1103569 0.9189648 0.1212708 0.9189648 0.1302012 0.9246538 0.1302012 0.9246538 0.1302012 0.9246538 0.1212708 0.9189648 0.1212708 0.9246538 0.1302012 0.9246538 0.1401232 0.9271271 0.1401232 0.9271271 0.1401232 0.9271271 0.1302012 0.9246538 0.1302012 0.9246538 0.1401232 0.9246538 0.1500455 0.9271271 0.1500455 0.9271271 0.1500455 0.9271271 0.1401232 0.9246538 0.1401232 0.9246538 0.1500455 0.9246538 0.1599675 0.9271271 0.1599675 0.9271271 0.1599675 0.9271271 0.1500455 0.9246538 0.1500455 0.9246538 0.1599675 0.9246538 0.168897 0.9271271 0.168897 0.9271271 0.168897 0.9271271 0.1599675 0.9246538 0.1599675 0.9246538 0.1103569 0.9246538 0.1212708 0.9271271 0.1212708 0.9271271 0.1212708 0.9271271 0.1103569 0.9246538 0.1103569 0.9246538 0.1212708 0.9246538 0.1302012 0.9271271 0.1302012 0.9271271 0.1302012 0.9271271 0.1212708 0.9246538 0.1212708 0.9271271 0.1302012 0.9271271 0.1401232 0.9333109 0.1401232 0.9333109 0.1401232 0.9333109 0.1302012 0.9271271 0.1302012 0.9271271 0.1401232 0.9271271 0.1500455 0.9333109 0.1500455 0.9333109 0.1500455 0.9333109 0.1401232 0.9271271 0.1401232 0.9271271 0.1500455 0.9271271 0.1599675 0.9333109 0.1599675 0.9333109 0.1599675 0.9333109 0.1500455 0.9271271 0.1500455 0.9271271 0.1599675 0.9271271 0.168897 0.9333109 0.168897 0.9333109 0.168897 0.9333109 0.1599675 0.9271271 0.1599675 0.9271271 0.1103569 0.9271271 0.1212708 0.9333109 0.1212708 0.9333109 0.1212708 0.9333109 0.1103569 0.9271271 0.1103569 0.9271271 0.1212708 0.9271271 0.1302012 0.9333109 0.1302012 0.9333109 0.1302012 0.9333109 0.1212708 0.9271271 0.1212708 0.9369733 0.1840869 0.9440872 0.1840869 0.9440872 0.2177696 0.9369733 0.2177696 0.9369733 0.1840869 0.9440872 0.2177696 0.9440872 0.1840869 0.9507828 0.1840869 0.9507828 0.2177696 0.9507828 0.2177696 0.9440872 0.2177696 0.9440872 0.1840869 0.9106093 0.1840869 0.9168867 0.1840869 0.9168867 0.2177696 0.9168867 0.2177696 0.9106093 0.2177696 0.9106093 0.1840869 0.9168867 0.1840869 0.9235823 0.1840869 0.9235823 0.2177696 0.9235823 0.2177696 0.9168867 0.2177696 0.9168867 0.1840869 0.9235823 0.1840869 0.9311147 0.1840869 0.9311147 0.2177696 0.9311147 0.2177696 0.9235823 0.2177696 0.9235823 0.1840869 0.9311147 0.1840869 0.9369733 0.1840869 0.9369733 0.2177696 0.9369733 0.2177696 0.9311147 0.2177696 0.9311147 0.1840869 0.9369733 0.2177696 0.9440872 0.2177696 0.9440872 0.2494118 0.9440872 0.2494118 0.9369733 0.2494118 0.9369733 0.2177696 0.9440872 0.2177696 0.9507828 0.2177696 0.9507828 0.2494118 0.9507828 0.2494118 0.9440872 0.2494118 0.9440872 0.2177696 0.9106093 0.2177696 0.9168867 0.2177696 0.9168868 0.2494118 0.9168868 0.2494118 0.9106093 0.2494118 0.9106093 0.2177696 0.9168867 0.2177696 0.9235823 0.2177696 0.9235823 0.2494118 0.9235823 0.2494118 0.9168868 0.2494118 0.9168867 0.2177696 0.9235823 0.2177696 0.9311147 0.2177696 0.9311147 0.2494118 0.9311147 0.2494118 0.9235823 0.2494118 0.9235823 0.2177696 0.9311147 0.2177696 0.9369733 0.2177696 0.9369733 0.2494118 0.9369733 0.2494118 0.9311147 0.2494118 0.9311147 0.2177696 0.1183513 0.2532312 0.1413892 0.2532312 0.1529083 0.2725512 0.1529083 0.2725512 0.1413892 0.2938032 0.1183513 0.2938032 0.1183513 0.2532312 0.1529083 0.2725512 0.1183513 0.2938032 0.1068323 0.2725512 0.1183513 0.2532312 0.1183513 0.2938032 0.1068323 0.2725512 0.1183513 0.2532312 0.1183513 0.2938032 0.1183513 0.2532312 0.1529083 0.2725512 0.1183513 0.2938032 0.1529083 0.2725512 0.1413892 0.2938032 0.1183513 0.2938032 0.1183513 0.2532312 0.1413892 0.2532312 0.1529083 0.2725512 0.9369733 0.2494118 0.9311147 0.2494118 0.9311147 0.2177696 0.9311147 0.2177696 0.9369733 0.2177696 0.9369733 0.2494118 0.9311147 0.2494118 0.9235823 0.2494118 0.9235823 0.2177696 0.9235823 0.2177696 0.9311147 0.2177696 0.9311147 0.2494118 0.9235823 0.2494118 0.9168868 0.2494118 0.9168867 0.2177696 0.9168867 0.2177696 0.9235823 0.2177696 0.9235823 0.2494118 0.9168868 0.2494118 0.9106093 0.2494118 0.9106093 0.2177696 0.9106093 0.2177696 0.9168867 0.2177696 0.9168868 0.2494118 0.9507828 0.2494118 0.9440872 0.2494118 0.9440872 0.2177696 0.9440872 0.2177696 0.9507828 0.2177696 0.9507828 0.2494118 0.9440872 0.2494118 0.9369733 0.2494118 0.9369733 0.2177696 0.9369733 0.2177696 0.9440872 0.2177696 0.9440872 0.2494118 0.9369733 0.2177696 0.9311147 0.2177696 0.9311147 0.1840869 0.9311147 0.1840869 0.9369733 0.1840869 0.9369733 0.2177696 0.9311147 0.2177696 0.9235823 0.2177696 0.9235823 0.1840869 0.9235823 0.1840869 0.9311147 0.1840869 0.9311147 0.2177696 0.9235823 0.2177696 0.9168867 0.2177696 0.9168867 0.1840869 0.9168867 0.1840869 0.9235823 0.1840869 0.9235823 0.2177696 0.9168867 0.2177696 0.9106093 0.2177696 0.9106093 0.1840869 0.9106093 0.1840869 0.9168867 0.1840869 0.9168867 0.2177696 0.9507828 0.2177696 0.9440872 0.2177696 0.9440872 0.1840869 0.9440872 0.1840869 0.9507828 0.1840869 0.9507828 0.2177696 0.9369733 0.2177696 0.9369733 0.1840869 0.9440872 0.2177696 0.9369733 0.1840869 0.9440872 0.1840869 0.9440872 0.2177696 0.182353 0.09632557 0.2310155 0.09632557 0.2310155 0.1441799 0.2310155 0.1441799 0.182353 0.1441799 0.182353 0.09632557 0.182353 0.09632557 0.2310155 0.09632557 0.2310155 0.1441799 0.2310155 0.1441799 0.182353 0.1441799 0.182353 0.09632557 0.182353 0.09632557 0.2310155 0.09632557 0.2310155 0.1441799 0.2310155 0.1441799 0.182353 0.1441799 0.182353 0.09632557 0.182353 0.09632557 0.2310155 0.09632557 0.2310155 0.1441799 0.2310155 0.1441799 0.182353 0.1441799 0.182353 0.09632557 0.182353 0.09632557 0.2310155 0.09632557 0.2310155 0.1441799 0.2310155 0.1441799 0.182353 0.1441799 0.182353 0.09632557 0.2310155 0.1441799 0.182353 0.1441799 0.182353 0.09632557 0.182353 0.09632557 0.2310155 0.09632557 0.2310155 0.1441799 0.2310155 0.1441799 0.182353 0.1441799 0.182353 0.09632557 0.182353 0.09632557 0.2310155 0.09632557 0.2310155 0.1441799 0.2310155 0.1441799 0.182353 0.1441799 0.182353 0.09632557 0.182353 0.09632557 0.2310155 0.09632557 0.2310155 0.1441799 0.2310155 0.1441799 0.182353 0.1441799 0.182353 0.09632557 0.182353 0.09632557 0.2310155 0.09632557 0.2310155 0.1441799 0.2310155 0.1441799 0.182353 0.1441799 0.182353 0.09632557 0.182353 0.09632557 0.2310155 0.09632557 0.2310155 0.1441799 0.05827742 0.1490201 0.04950439 0.2722856 0.04950439 0.1490201 0.04950439 0.2722856 0.04073148 0.1490201 0.04950439 0.1490201 0.06705051 0.1490201 0.05827742 0.2722856 0.05827742 0.1490201 0.06705051 0.1490201 0.05827742 0.2722856 0.05827742 0.1490201 0.04950439 0.2722856 0.04073148 0.1490201 0.04950439 0.1490201 0.05827742 0.1490201 0.04950439 0.2722856 0.04950439 0.1490201 0.05827742 0.1490201 0.04950439 0.2722856 0.04950439 0.1490201 0.04950439 0.2722856 0.04073148 0.1490201 0.04950439 0.1490201 0.06705051 0.1490201 0.05827742 0.2722856 0.05827742 0.1490201 0.06705051 0.1490201 0.05827742 0.2722856 0.05827742 0.1490201 0.04950439 0.2722856 0.04073148 0.1490201 0.04950439 0.1490201 0.05827742 0.1490201 0.04950439 0.2722856 0.04950439 0.1490201 0.05827742 0.1490201 0.04950439 0.2722856 0.04950439 0.1490201 0.04950439 0.2722856 0.04073148 0.1490201 0.04950439 0.1490201 0.06705051 0.1490201 0.05827742 0.2722856 0.05827742 0.1490201 0.06705051 0.1490201 0.05827742 0.2722856 0.05827742 0.1490201 0.04950439 0.2722856 0.04073148 0.1490201 0.04950439 0.1490201 0.05827742 0.1490201 0.04950439 0.2722856 0.04950439 0.1490201 0.05827742 0.1490201 0.04950439 0.2722856 0.04950439 0.1490201 0.04950439 0.2722856 0.04073148 0.1490201 0.04950439 0.1490201 0.06705051 0.1490201 0.05827742 0.2722856 0.05827742 0.1490201 0.05827742 0.1490201 0.04950439 0.2722856 0.04950439 0.1490201 0.04950439 0.2722856 0.04073148 0.1490201 0.04950439 0.1490201 0.06705051 0.2722856 0.05827742 0.1490201 0.06705051 0.1490201 0.04950451 0.2722855 0.05827748 0.1490201 0.05827748 0.2722855 0.06705051 0.2722855 0.05827748 0.1490201 0.06705051 0.1490201 0.04950451 0.2722855 0.04073148 0.1490201 0.04950451 0.1490201 0.05827742 0.1490201 0.04950439 0.2722856 0.04950439 0.1490201 0.04073148 0.1490201 0.04950439 0.2722856 0.04073148 0.2722856 0.05827742 0.1490201 0.06705051 0.2722856 0.05827742 0.2722856 0.0668962 0.2189316 0.0668962 0.2310732 0.05638134 0.2250024 0.0668962 0.2189316 0.0668962 0.2310732 0.05638134 0.2250024 0.05827742 0.1490201 0.06705051 0.2722856 0.05827742 0.2722856 0.04950439 0.1490201 0.04073148 0.2722856 0.04073148 0.1490201 0.04950439 0.1490201 0.05827742 0.2722856 0.04950439 0.2722856 0.04950451 0.2722855 0.04073148 0.1490201 0.04950451 0.1490201 0.05827748 0.2722855 0.06705051 0.1490201 0.06705051 0.2722855 0.05827748 0.2722855 0.04950451 0.1490201 0.05827748 0.1490201 0.06705051 0.2722856 0.05827742 0.1490201 0.06705051 0.1490201 0.04950439 0.1490201 0.04073148 0.2722856 0.04073148 0.1490201 0.05827742 0.2722856 0.04950439 0.1490201 0.05827742 0.1490201 0.04913651 0.1497964 0.06019341 0.2119089 0.06019341 0.1497964 0.04623812 0.1496762 0.0578556 0.2149384 0.04623812 0.2149384 0.04766482 0.218137 0.05988973 0.1494632 0.05988973 0.218137 0.0588389 0.2642586 0.07013112 0.2529664 0.0588389 0.2529664 0.04766482 0.1494632 0.05988973 0.218137 0.05988973 0.1494632 0.04766482 0.1733178 0.05988973 0.2419916 0.05988973 0.1733178 0.0588389 0.2642586 0.07013112 0.2529664 0.0588389 0.2529664 0.04766482 0.2419916 0.05988973 0.1733177 0.05988973 0.2419916 0.04623812 0.1735308 0.0578556 0.238793 0.04623812 0.238793 0.04913651 0.173651 0.06019341 0.2357636 0.06019341 0.173651 0.2141634 0.1114127 0.269472 0.111415 0.2694551 0.1114151 0.2141508 0.1114151 0.2694551 0.1114149 0.269472 0.111415 0.2141634 0.1114174 0.2694551 0.1114151 0.2694551 0.1114149 0.2141634 0.1114174 0.2694551 0.1114151 0.2694551 0.1114149 0.269472 0.111415 0.2141634 0.1114174 0.2694551 0.1114149 0.2694551 0.1114151 0.2141508 0.1114151 0.269472 0.111415 0.0596649 0.1869178 0.07188969 0.2188643 0.07188969 0.1869178 0.0588389 0.2642586 0.07013112 0.2529664 0.0588389 0.2529664 0.0596649 0.2188643 0.07188969 0.1869177 0.07188969 0.2188643 0.05823796 0.1871308 0.06985563 0.2156656 0.05823796 0.2156656 0.0611366 0.187251 0.0721935 0.2126363 0.0721935 0.187251 0.07546621 0.1732873 0.06440931 0.2353999 0.07546621 0.2353999 0.0615108 0.1731671 0.0731284 0.2384293 0.0615108 0.2384293 0.06293761 0.2416279 0.07516241 0.1729541 0.07516241 0.2416279 0.0588389 0.2642586 0.07013112 0.2529664 0.0588389 0.2529664 0.06293761 0.1729542 0.07516241 0.2416279 0.07516241 0.1729542 0.0487557 0.1733178 0.06098049 0.2419916 0.06098049 0.1733178 0.0588389 0.2642586 0.07013112 0.2529664 0.0588389 0.2529664 0.0487557 0.2419916 0.06098049 0.1733177 0.06098049 0.2419916 0.04732888 0.1735308 0.05894649 0.238793 0.04732888 0.238793 0.06128442 0.173651 0.05022752 0.2357636 0.06128442 0.2357636 0.9446485 0.2106134 0.9457771 0.2132353 0.9446485 0.215857 0.9412626 0.2132351 0.9423912 0.2106134 0.9446485 0.2106134 0.9423912 0.215857 0.9412626 0.2132351 0.9446485 0.2106134 0.9423912 0.215857 0.9446485 0.2106134 0.9446485 0.215857 0.8591165 0.05546391 0.8539266 0.06166791 0.856173 0.04783833 0.8591165 0.05546391 0.856173 0.04783833 0.8627572 0.04783833 0.8591165 0.05546391 0.8627572 0.04783833 0.8627572 0.0592122 0.8591165 0.05546391 0.8627572 0.0592122 0.8591165 0.06541627 0.8591165 0.05546391 0.8591165 0.06541627 0.8539266 0.06166791 0.856173 0.04783833 0.8583418 0.05662733 0.8620601 0.0466749 0.8627572 0.04783833 0.8620601 0.0466749 0.8657009 0.0541715 0.8627572 0.0592122 0.8657009 0.0541715 0.8657009 0.06916451 0.8591165 0.06541627 0.8650037 0.06916451 0.8591165 0.06037557 0.8539266 0.06166791 0.8583418 0.06541627 0.8583418 0.05662733 0.8657009 0.0541715 0.8627572 0.0592122 0.8627572 0.04783833 0.8657009 0.06916451 0.8591165 0.06541627 0.8627572 0.0592122 0.8532294 0.06670874 0.8539266 0.06037557 0.8591165 0.06541627 0.8591165 0.0541715 0.856173 0.04783833 0.8539266 0.06037557 0.8620601 0.0592122 0.8620601 0.0466749 0.8591165 0.0541715 0.8620601 0.0592122 0.8657009 0.0541715 0.8620601 0.0466749 0.8620601 0.0592122 0.8657009 0.06916451 0.8657009 0.0541715 0.8620601 0.0592122 0.8532294 0.06670874 0.8657009 0.06916451 0.8620601 0.0592122 0.8591165 0.0541715 0.8532294 0.06670874 0.8539266 0.0408588 0.8553984 0.01203596 0.8524547 0.01203596 0.8539266 0.0408588 0.8524547 0.01203596 0.8472647 0.0408588 0.8472647 0.0408588 0.8516801 0.01074349 0.8553984 0.01074349 0.8472647 0.0408588 0.8553984 0.01074349 0.8539266 0.0408588 0.8539266 0.0408588 0.8553984 0.01074349 0.864229 0.01074349 0.8539266 0.0408588 0.864229 0.01074349 0.8663979 0.0408588 0.8663979 0.0408588 0.864229 0.01074349 0.8678697 0.01074349 0.8663979 0.0408588 0.8678697 0.01074349 0.8722851 0.0408588 0.8722851 0.0408588 0.8678697 0.01203596 0.864229 0.01203596 0.8722851 0.0408588 0.864229 0.01203596 0.8663979 0.0408588 0.8539266 0.0408588 0.864229 0.01203596 0.8663979 0.0408588 0.8539266 0.0408588 0.8553984 0.01203596 0.864229 0.01203596 0.8663979 0.0408588 0.8553984 0.01074349 0.8539266 0.0408588 0.8663979 0.0408588 0.864229 0.01074349 0.8553984 0.01074349 0.8524547 0.01203596 0.8472647 0.0408588 0.8539266 0.0408588 0.8524547 0.01203596 0.8539266 0.0408588 0.8553984 0.01203596 0.8539266 0.0408588 0.8472647 0.0408588 0.8663979 0.0408588 0.8663979 0.0408588 0.8472647 0.0408588 0.8539266 0.0408588 0.8663979 0.0408588 0.8472647 0.0408588 0.8663979 0.0408588 0.8663979 0.0408588 0.8663979 0.0408588 0.8722851 0.0408588 0.8472647 0.0408588 0.8590391 0.04835534 0.8539266 0.0408588 0.8472647 0.0408588 0.8539266 0.04835534 0.8590391 0.04835534 0.8539266 0.0408588 0.8590391 0.04835534 0.8663979 0.0408588 0.8590391 0.04835534 0.8722851 0.0408588 0.8663979 0.0408588 0.8590391 0.04835534 0.8649262 0.04835534 0.8722851 0.0408588 0.8722851 0.0408588 0.8657009 0.04964768 0.8663979 0.0408588 0.8657009 0.04964768 0.8539266 0.0408588 0.8663979 0.0408588 0.8657009 0.04964768 0.8539266 0.04964768 0.8539266 0.0408588 0.8539266 0.0408588 0.8539266 0.04964768 0.8472647 0.0408588 0.9115277 0.1420881 0.9157624 0.152473 0.9140617 0.152473 0.9115277 0.1420881 0.918563 0.1420881 0.9157624 0.152473 0.9115275 0.1700605 0.9140617 0.152473 0.9140617 0.1606805 0.9115275 0.1700605 0.9115277 0.1420881 0.9140617 0.152473 0.918563 0.1700605 0.9140617 0.1606805 0.9157624 0.1606805 0.918563 0.1700605 0.9115275 0.1700605 0.9140617 0.1606805 0.918563 0.1420881 0.9157624 0.1606805 0.9157624 0.152473 0.918563 0.1420881 0.918563 0.1700605 0.9157624 0.1606805 0.2310895 0.1263564 0.255511 0.1231413 0.255527 0.1263564 0.2310895 0.1263564 0.2310734 0.1231413 0.255511 0.1231413 0.2310962 0.1295728 0.255527 0.1263564 0.2555336 0.1295728 0.2310962 0.1295728 0.2310895 0.1263564 0.255527 0.1263564 0.2311122 0.1327879 0.2555336 0.1295728 0.2555497 0.132788 0.2311122 0.1327879 0.2310962 0.1295728 0.2555336 0.1295728 0.2311189 0.1360043 0.2555497 0.132788 0.2555564 0.1360043 0.2311189 0.1360043 0.2311122 0.1327879 0.2555497 0.132788 0.2311189 0.1360043 0.2311122 0.1327879 0.2555497 0.132788 0.2311189 0.1360043 0.2555497 0.132788 0.2555564 0.1360043 0.2311122 0.1327879 0.2310962 0.1295728 0.2555336 0.1295728 0.2311122 0.1327879 0.2555336 0.1295728 0.2555497 0.132788 0.2310962 0.1295728 0.2310895 0.1263564 0.255527 0.1263564 0.2310962 0.1295728 0.255527 0.1263564 0.2555336 0.1295728 0.2310895 0.1263564 0.2310734 0.1231413 0.255511 0.1231413 0.2310895 0.1263564 0.255511 0.1231413 0.255527 0.1263564 0.918563 0.1420881 0.918563 0.1700605 0.9157624 0.1606805 0.918563 0.1420881 0.9157624 0.1606805 0.9157624 0.152473 0.918563 0.1700605 0.9115275 0.1700605 0.9140617 0.1606805 0.918563 0.1700605 0.9140617 0.1606805 0.9157624 0.1606805 0.9115275 0.1700605 0.9115277 0.1420881 0.9140617 0.152473 0.9115275 0.1700605 0.9140617 0.152473 0.9140617 0.1606805 0.9115277 0.1420881 0.918563 0.1420881 0.9157624 0.152473 0.9115277 0.1420881 0.9157624 0.152473 0.9140617 0.152473 0.8539266 0.0408588 0.8539266 0.04964768 0.8472647 0.0408588 0.8657009 0.04964768 0.8539266 0.04964768 0.8539266 0.0408588 0.8657009 0.04964768 0.8539266 0.0408588 0.8663979 0.0408588 0.8722851 0.0408588 0.8657009 0.04964768 0.8663979 0.0408588 0.8590391 0.04835534 0.8649262 0.04835534 0.8722851 0.0408588 0.8590391 0.04835534 0.8722851 0.0408588 0.8663979 0.0408588 0.8539266 0.0408588 0.8590391 0.04835534 0.8663979 0.0408588 0.8472647 0.0408588 0.8539266 0.04835534 0.8590391 0.04835534 0.8472647 0.0408588 0.8590391 0.04835534 0.8539266 0.0408588 0.8663979 0.0408588 0.8663979 0.0408588 0.8722851 0.0408588 0.8663979 0.0408588 0.8472647 0.0408588 0.8663979 0.0408588 0.8663979 0.0408588 0.8472647 0.0408588 0.8539266 0.0408588 0.8539266 0.0408588 0.8472647 0.0408588 0.8663979 0.0408588 0.8524547 0.01203596 0.8539266 0.0408588 0.8553984 0.01203596 0.8524547 0.01203596 0.8472647 0.0408588 0.8539266 0.0408588 0.864229 0.01203596 0.8663979 0.0408588 0.8539266 0.0408588 0.864229 0.01203596 0.8539266 0.0408588 0.8553984 0.01203596 0.8663979 0.0408588 0.864229 0.01203596 0.8678697 0.01203596 0.8663979 0.0408588 0.8678697 0.01203596 0.8722851 0.0408588 0.864229 0.01074349 0.8663979 0.0408588 0.8722851 0.0408588 0.864229 0.01074349 0.8722851 0.0408588 0.8678697 0.01074349 0.8663979 0.0408588 0.864229 0.01074349 0.8553984 0.01074349 0.8663979 0.0408588 0.8553984 0.01074349 0.8539266 0.0408588 0.8516801 0.01074349 0.8472647 0.0408588 0.8539266 0.0408588 0.8516801 0.01074349 0.8539266 0.0408588 0.8553984 0.01074349 0.8539266 0.0408588 0.8553984 0.01203596 0.864229 0.01203596 0.8539266 0.0408588 0.864229 0.01203596 0.8663979 0.0408588 0.8472647 0.0408588 0.8553984 0.01074349 0.8539266 0.0408588 0.8472647 0.0408588 0.8516801 0.01074349 0.8553984 0.01074349 0.8620601 0.0592122 0.8591165 0.0541715 0.8532294 0.06670874 0.8620601 0.0592122 0.8532294 0.06670874 0.8657009 0.06916451 0.8620601 0.0592122 0.8657009 0.06916451 0.8657009 0.0541715 0.8620601 0.0592122 0.8657009 0.0541715 0.8620601 0.0466749 0.8620601 0.0592122 0.8620601 0.0466749 0.8591165 0.0541715 0.8591165 0.0541715 0.856173 0.04783833 0.8539266 0.06037557 0.8532294 0.06670874 0.8539266 0.06037557 0.8591165 0.06541627 0.8657009 0.06916451 0.8591165 0.06541627 0.8627572 0.0592122 0.8657009 0.0541715 0.8627572 0.0592122 0.8627572 0.04783833 0.8539266 0.06166791 0.8583418 0.06541627 0.8583418 0.05662733 0.8591165 0.06541627 0.8650037 0.06916451 0.8591165 0.06037557 0.8627572 0.0592122 0.8657009 0.0541715 0.8657009 0.06916451 0.8627572 0.04783833 0.8620601 0.0466749 0.8657009 0.0541715 0.856173 0.04783833 0.8583418 0.05662733 0.8620601 0.0466749 0.8591165 0.05546391 0.8591165 0.06541627 0.8539266 0.06166791 0.8591165 0.05546391 0.8627572 0.0592122 0.8591165 0.06541627 0.8591165 0.05546391 0.8627572 0.04783833 0.8627572 0.0592122 0.8591165 0.05546391 0.856173 0.04783833 0.8627572 0.04783833 0.8591165 0.05546391 0.8539266 0.06166791 0.856173 0.04783833 0.04950451 0.2393234 0.05827748 0.1732783 0.05827748 0.2393234 0.06705051 0.2393234 0.05827748 0.1732783 0.06705051 0.1732783 0.04950451 0.2393234 0.04073148 0.1732783 0.04950451 0.1732783 0.05827742 0.1732783 0.04950439 0.2393234 0.04950439 0.1732783 0.04073148 0.1732783 0.04950439 0.2393234 0.04073148 0.2393234 0.05827742 0.1732783 0.06705051 0.2393234 0.05827742 0.2393234 0.0668962 0.2189316 0.0668962 0.2310732 0.05638134 0.2250024 0.0668962 0.2189316 0.0668962 0.2310732 0.05638134 0.2250024 0.05827742 0.1732783 0.06705051 0.2393234 0.05827742 0.2393234 0.04073148 0.1732783 0.04950439 0.2393234 0.04073148 0.2393234 0.05827742 0.1732783 0.04950439 0.2393234 0.04950439 0.1732783 0.04950451 0.2393234 0.04073148 0.1732783 0.04950451 0.1732783 0.06705051 0.2393234 0.05827748 0.1732783 0.06705051 0.1732783 0.04950451 0.2393234 0.05827748 0.1732783 0.05827748 0.2393234 0.9905837 0.03665536 0.9849175 0.03665536 0.9849175 0.0139907 0.9905837 0.03665536 0.9849175 0.0139907 0.9905837 0.0139907 0.9962499 0.05932021 0.9905837 0.05932021 0.9962499 0.03665536 0.9905837 0.05932021 0.9905837 0.03665536 0.9962499 0.03665536 0.9905837 0.05932021 0.9849175 0.05932021 0.9849175 0.03665536 0.9905837 0.05932021 0.9849175 0.03665536 0.9905837 0.03665536 0.9849175 0.03665536 0.9792513 0.03665536 0.9792513 0.0139907 0.9849175 0.03665536 0.9792513 0.0139907 0.9849175 0.0139907 0.9792513 0.03665536 0.9735851 0.03665536 0.9735851 0.0139907 0.9792513 0.03665536 0.9735851 0.0139907 0.9792513 0.0139907 0.9849175 0.05932021 0.9792513 0.05932021 0.9792513 0.03665536 0.9849175 0.05932021 0.9792513 0.03665536 0.9849175 0.03665536 0.9792513 0.05932021 0.9735851 0.05932021 0.9735851 0.03665536 0.9792513 0.05932021 0.9735851 0.03665536 0.9792513 0.03665536 0.9962499 0.08198499 0.9905837 0.08198499 0.9905837 0.05932021 0.9962499 0.08198499 0.9905837 0.05932021 0.9962499 0.05932021 0.9905837 0.08198499 0.9849175 0.08198499 0.9849175 0.05932021 0.9905837 0.08198499 0.9849175 0.05932021 0.9905837 0.05932021 0.9962499 0.1046497 0.9905837 0.1046497 0.9905837 0.08198499 0.9962499 0.1046497 0.9905837 0.08198499 0.9962499 0.08198499 0.9905837 0.1046497 0.9849175 0.1046497 0.9849175 0.08198499 0.9905837 0.1046497 0.9849175 0.08198499 0.9905837 0.08198499 0.9849175 0.08198499 0.9792513 0.08198499 0.9792513 0.05932021 0.9849175 0.08198499 0.9792513 0.05932021 0.9849175 0.05932021 0.9792513 0.08198499 0.9735851 0.08198499 0.9735851 0.05932021 0.9792513 0.08198499 0.9735851 0.05932021 0.9792513 0.05932021 0.9849175 0.1046497 0.9792513 0.1046497 0.9792513 0.08198499 0.9849175 0.1046497 0.9792513 0.08198499 0.9849175 0.08198499 0.9735851 0.1046497 0.9735851 0.08198499 0.9792513 0.08198499 0.9792513 0.08198499 0.9792513 0.1046497 0.9735851 0.1046497 0.9905837 0.03665536 0.9905837 0.0139907 0.9962499 0.0139907 0.9962499 0.0139907 0.9962499 0.03665536 0.9905837 0.03665536 0.04950451 0.2393234 0.05827748 0.1732783 0.05827748 0.2393234 0.06705051 0.2393234 0.05827748 0.1732783 0.06705051 0.1732783 0.04950451 0.2393234 0.04073148 0.1732783 0.04950451 0.1732783 0.05827742 0.1732783 0.04950439 0.2393234 0.04950439 0.1732783 0.04073148 0.1732783 0.04950439 0.2393234 0.04073148 0.2393234 0.05827742 0.1732783 0.06705051 0.2393234 0.05827742 0.2393234 0.0668962 0.2189316 0.0668962 0.2310732 0.05638134 0.2250024 0.0668962 0.2189316 0.0668962 0.2310732 0.05638134 0.2250024 0.06705051 0.1732783 0.05827742 0.2393234 0.05827742 0.1732783 0.04073148 0.1732783 0.04950439 0.2393234 0.04073148 0.2393234 0.05827742 0.1732783 0.04950439 0.2393234 0.04950439 0.1732783 0.04073148 0.2393234 0.04950451 0.1732783 0.04950451 0.2393234 0.06705051 0.2393234 0.05827748 0.1732783 0.06705051 0.1732783 0.04950451 0.2393234 0.05827748 0.1732783 0.05827748 0.2393234 0.4229225 0.8251926 0.4229225 0.8462062 0.4142982 0.8433909 0.4229225 0.8251926 0.4142982 0.8433909 0.4229225 0.8462062 0.4229225 0.8251926 0.4142982 0.8433909 0.4079847 0.8356994 0.4229225 0.8251926 0.4079848 0.8356994 0.4142982 0.8433909 0.4229225 0.8251926 0.4079847 0.8356994 0.4056739 0.8251926 0.4229225 0.8251926 0.4056739 0.8251926 0.4079848 0.8356994 0.4229225 0.8251926 0.4056739 0.8251926 0.4079847 0.8146858 0.4229225 0.8251926 0.4079848 0.8146858 0.4056739 0.8251926 0.4229225 0.8251926 0.4079847 0.8146858 0.4142982 0.8069943 0.4229225 0.8251926 0.4142982 0.8069943 0.4079848 0.8146858 0.4229225 0.8251926 0.4142982 0.8069943 0.4229225 0.804179 0.4229225 0.8251926 0.4229225 0.804179 0.4142982 0.8069943 0.4229225 0.8251926 0.4229225 0.804179 0.4315468 0.8069943 0.4229225 0.8251926 0.4315468 0.8069942 0.4229225 0.804179 0.4229225 0.8251926 0.4315468 0.8069943 0.4378603 0.8146858 0.4229225 0.8251926 0.4378603 0.8146857 0.4315468 0.8069942 0.4229225 0.8251926 0.4378603 0.8146858 0.4401711 0.8251926 0.4229225 0.8251926 0.4401712 0.8251925 0.4378603 0.8146857 0.4229225 0.8251926 0.4401711 0.8251926 0.4378603 0.8356994 0.4229225 0.8251926 0.4378603 0.8356993 0.4401712 0.8251925 0.4229225 0.8251926 0.4378603 0.8356994 0.4315468 0.8433909 0.4229225 0.8251926 0.4315468 0.8433909 0.4378603 0.8356993 0.4229225 0.8251926 0.4315468 0.8433909 0.4229225 0.8462062 0.4229225 0.8251926 0.4229225 0.8462062 0.4315468 0.8433909 0.4216552 0.8037813 0.4179143 0.8084713 0.4179144 0.8037813 0.4179144 0.8037813 0.4141736 0.8084711 0.4141737 0.8037811 0.4141736 0.8084711 0.410433 0.8037809 0.4141737 0.8037811 0.410433 0.8037809 0.406692 0.8084706 0.4066923 0.8037806 0.406692 0.8084706 0.4029515 0.8037803 0.4066923 0.8037806 0.4029513 0.8084702 0.3992108 0.80378 0.4029515 0.8037803 0.4441011 0.8084703 0.4403597 0.8037803 0.4441008 0.80378 0.44036 0.8084706 0.4366188 0.8037806 0.4403597 0.8037803 0.4366188 0.8037806 0.4328779 0.8084712 0.4328778 0.8037809 0.4328778 0.8037809 0.4291369 0.8084713 0.4291368 0.8037811 0.4291368 0.8037811 0.425396 0.8084713 0.425396 0.8037812 0.425396 0.8037812 0.4216552 0.8084713 0.4216552 0.8037813 0.2305539 0.1124218 0.2305539 0.1192103 0.2353541 0.117222 0.2305539 0.1124218 0.2353541 0.117222 0.2305539 0.1192103 0.2305539 0.1124218 0.2353541 0.117222 0.2373425 0.1124218 0.2305539 0.1124218 0.2373425 0.1124218 0.2353541 0.117222 0.2305539 0.1124218 0.2373425 0.1124218 0.2353541 0.1076215 0.2305539 0.1124218 0.2353542 0.1076215 0.2373425 0.1124218 0.2305539 0.1124218 0.2353541 0.1076215 0.2305539 0.1056331 0.2305539 0.1124218 0.2305539 0.1056331 0.2353542 0.1076215 0.2305539 0.1124218 0.2305539 0.1056331 0.2257537 0.1076215 0.2305539 0.1124218 0.2257537 0.1076215 0.2305539 0.1056331 0.2305539 0.1124218 0.2257537 0.1076215 0.2237653 0.1124218 0.2305539 0.1124218 0.2237653 0.1124218 0.2257537 0.1076215 0.2305539 0.1124218 0.2237653 0.1124218 0.2257537 0.117222 0.2305539 0.1124218 0.2257537 0.117222 0.2237653 0.1124218 0.2305539 0.1124218 0.2257537 0.117222 0.2305539 0.1192103 0.2305539 0.1124218 0.2305539 0.1192103 0.2257537 0.117222 0.2583156 0.1187082 0.243908 0.1240208 0.243908 0.118708 0.243908 0.1240208 0.2583156 0.1293337 0.243908 0.1293337 0.2583156 0.1293337 0.2439081 0.1346465 0.243908 0.1293337 0.2439081 0.1346465 0.2583156 0.1399593 0.2439081 0.1399593 0.2583161 0.09745693 0.2439083 0.1027694 0.2439084 0.09745651 0.2583159 0.1027697 0.2439082 0.1080823 0.2439083 0.1027694 0.2439082 0.1080823 0.2583157 0.1133955 0.2439081 0.1133951 0.2583157 0.1133955 0.243908 0.118708 0.2439081 0.1133951 0.2347702 0.1350288 0.2419708 0.1278282 0.2347702 0.1278282 0.2227072 0.1190901 0.2653202 0.1134836 0.2653067 0.1190901 0.2227207 0.1134836 0.2653202 0.1079795 0.2653202 0.1134836 0.2227072 0.1203967 0.2653202 0.1147902 0.2653068 0.1203967 0.2653202 0.1079795 0.2227207 0.1134836 0.2653202 0.1134836 0.2653202 0.1079795 0.2227207 0.1134836 0.2653202 0.1134836 0.2227072 0.1203967 0.2653202 0.1147902 0.2653068 0.1203967 0.2653202 0.1134836 0.2227207 0.1079795 0.2653202 0.1079795 0.2653067 0.1190901 0.2227207 0.1134836 0.2653202 0.1134836 0.2347702 0.1350288 0.2419708 0.1278282 0.2347702 0.1278282 0.2347702 0.1268561 0.2419708 0.1196554 0.2347702 0.1196554 0.2653067 0.1109173 0.2227207 0.1053107 0.2653202 0.1053107 0.2227207 0.1053107 0.2653202 0.09980678 0.2653202 0.1053107 0.2227072 0.1122239 0.2653202 0.1066174 0.2653068 0.1122239 0.2653202 0.09980678 0.2227207 0.1053107 0.2653202 0.1053107 0.2648661 0.1179684 0.2222666 0.1234725 0.2648661 0.1234725 0.2222532 0.1303856 0.2648661 0.1247792 0.2648527 0.1303856 0.2204505 0.1125754 0.26305 0.1070715 0.26305 0.1125754 0.2648527 0.1290791 0.2222666 0.1234725 0.2648661 0.1234725 0.2474834 0.1136888 0.2546842 0.1064881 0.2474834 0.1064881 0.2474834 0.1218616 0.2546842 0.1146609 0.2474834 0.1146609 0.2648527 0.1372517 0.2222666 0.1316453 0.2648661 0.1316453 0.2222666 0.1316453 0.2648661 0.1261413 0.2648661 0.1316453 0.2222532 0.1385585 0.2648661 0.132952 0.2648527 0.1385585 0.2222666 0.1261413 0.2648661 0.1316453 0.2648661 0.1261413 0.2653202 0.1079795 0.2227207 0.1134836 0.2653202 0.1134836 0.2227072 0.1203967 0.2653202 0.1147902 0.2653068 0.1203967 0.2227207 0.1134836 0.2653202 0.1079795 0.2653202 0.1134836 0.2227072 0.1190901 0.2653202 0.1134836 0.2653067 0.1190901 0.2347702 0.1350288 0.2419708 0.1278282 0.2347702 0.1278282 0.4151071 0.8340919 0.4177188 0.8372735 0.4177188 0.8340919 0.4261827 0.8302308 0.4107368 0.8277534 0.4261876 0.8277534 0.4261876 0.8277534 0.4107368 0.8253214 0.4261876 0.8253214 0.4261827 0.8308082 0.4107368 0.8283308 0.4261876 0.8283308 0.4107368 0.8253214 0.4261876 0.8277534 0.4261876 0.8253214 0.4167255 0.838495 0.4150249 0.8405668 0.4150249 0.838495 0.4150249 0.8405668 0.4167255 0.838495 0.4150249 0.838495 0.4261876 0.8277534 0.4107368 0.8253214 0.4261876 0.8253214 0.4261876 0.8283308 0.4107319 0.8308082 0.4261827 0.8308082 0.4261876 0.8277534 0.4107368 0.8253214 0.4107368 0.8277534 0.4261827 0.8302308 0.4107368 0.8277534 0.4107319 0.8302308 0.4151071 0.8340919 0.4177188 0.8372735 0.4151071 0.8372735 0.2255763 0.1271705 0.2511649 0.1356865 0.2511649 0.1271705 0.2228932 0.1340106 0.2655062 0.1200486 0.2654927 0.1340106 0.2653202 0.1134836 0.2227207 0.1079795 0.2653202 0.1079795 0.2228932 0.1372647 0.2655062 0.1233026 0.2654927 0.1372647 0.2227207 0.1079795 0.2653202 0.1134836 0.2653202 0.1079795 0.2653202 0.1079795 0.2227207 0.1134836 0.2653202 0.1134836 0.2227072 0.1255482 0.2653202 0.1115861 0.2653068 0.1255482 0.2227207 0.1134836 0.2653202 0.1079795 0.2653202 0.1134836 0.2227072 0.1222941 0.2653202 0.1083321 0.2653067 0.1222941 0.2255763 0.1356865 0.2511649 0.1271705 0.2255763 0.1271705 0.2422136 0.1298186 0.2562701 0.123113 0.2562701 0.1298186 0.2562701 0.1298186 0.2422136 0.136524 0.2422136 0.1298186 0.3621109 0.1803616 0.4072192 0.1277962 0.4072192 0.1803616 0.4072192 0.1803616 0.3621109 0.1277962 0.3621109 0.1803616 0.3620865 0.1800675 0.4072231 0.1257666 0.4072231 0.1800675 0.4072231 0.1800675 0.3620865 0.1257666 0.3620865 0.1800675 0.9595955 0.2306189 0.9620352 0.2281002 0.9620352 0.2306189 0.2447265 0.1249009 0.2547075 0.1249009 0.2497172 0.1335447 0.2433893 0.1149199 0.2334082 0.1149199 0.2383989 0.1062762 0.2433893 0.1149199 0.2433893 0.1049389 0.252033 0.1099292 0.2347457 0.1408511 0.2397361 0.1322073 0.2447264 0.1408511 0.2533701 0.1249009 0.2447265 0.1199102 0.2533701 0.1149199 0.2497173 0.1421883 0.2447265 0.1335447 0.2547074 0.1335447 0 0 1 0 1 1 0.2247644 0.1235635 0.229755 0.1149199 0.2347455 0.1235635 0.2447265 0.1149199 0.2397361 0.1235637 0.2347455 0.1149199 0.2606766 0.1149199 0.252033 0.1099292 0.2606766 0.1049388 0.2247646 0.1235635 0.2347455 0.1235635 0.229755 0.1322074 0.2247644 0.1149199 0.2247644 0.1049388 0.2334082 0.1099292 0.2297552 0.1322074 0.2347456 0.1408511 0.2247646 0.1408511 0.2347455 0.1235637 0.2447264 0.1235637 0.239736 0.1322073 0.2247646 0.1235635 0.2347455 0.1235635 0.229755 0.1322074 0.2606766 0.1149199 0.252033 0.1099292 0.2606766 0.1049388 0.2247644 0.1235635 0.229755 0.1149199 0.2347455 0.1235635 0.2347457 0.1408511 0.2397361 0.1322073 0.2447264 0.1408511 0.2433893 0.1149199 0.2433893 0.1049389 0.252033 0.1099292 0.2447265 0.1249009 0.2547075 0.1249009 0.2497172 0.1335447 0.04950439 0.1490201 0.05827742 0.2722856 0.04950439 0.2722856 0.04950439 0.1490201 0.04073148 0.2722856 0.04073148 0.1490201 0.05827742 0.1490201 0.06705051 0.2722856 0.05827742 0.2722856 0.0668962 0.2189316 0.0668962 0.2310732 0.05638134 0.2250024 0.0668962 0.2189316 0.0668962 0.2310732 0.05638134 0.2250024 0.05827742 0.1490201 0.06705051 0.2722856 0.05827742 0.2722856 0.04073148 0.1490201 0.04950439 0.2722856 0.04073148 0.2722856 0.05827742 0.1490201 0.04950439 0.2722856 0.04950439 0.1490201 0.05827742 0.1490201 0.04950439 0.2722856 0.04950439 0.1490201 0.04950439 0.2722856 0.04073148 0.1490201 0.04950439 0.1490201 0.06705051 0.1490201 0.05827742 0.2722856 0.05827742 0.1490201 0.06705051 0.1490201 0.05827742 0.2722856 0.05827742 0.1490201 0.04950439 0.2722856 0.04073148 0.1490201 0.04950439 0.1490201 0.05827742 0.1490201 0.04950439 0.2722856 0.04950439 0.1490201 0.06705051 0.1490201 0.05827742 0.2722856 0.05827742 0.1490201 0.04950439 0.2722856 0.04073148 0.1490201 0.04950439 0.1490201 0.05827742 0.1490201 0.04950439 0.2722856 0.04950439 0.1490201 0.9170959 0.779492 0.9046576 0.6037089 0.9046576 0.779492 0.9856407 0.943243 0.8323593 0.9298736 0.9856407 0.9298736 0.8975304 0.6557773 0.9156193 0.7061938 0.9156193 0.6557773 0.8968338 0.8146483 0.9148391 0.8648319 0.9148391 0.8146483 0.8794417 0.6557773 0.8975304 0.7061938 0.8975304 0.6557773 0.8968338 0.8146483 0.8788286 0.8648319 0.8968338 0.8648319 0.9852864 0.8393855 0.9671974 0.889802 0.9852864 0.889802 0.8608233 0.8146483 0.8788286 0.8648319 0.8788286 0.8146483 0.8432641 0.6557773 0.8613528 0.7061938 0.8613528 0.6557773 0.9411025 0.7212242 0.9591076 0.7714077 0.9591076 0.7212242 0.8554534 0.6732892 0.9058698 0.6552003 0.8554534 0.6552003 0.842818 0.8146483 0.8248127 0.8648319 0.842818 0.8648319 0.8070864 0.6557773 0.8251751 0.7061938 0.8251751 0.6557773 0.9050919 0.7212242 0.9230971 0.7714077 0.9230971 0.7212242 0.8378677 0.6644176 0.8197789 0.7148342 0.8378677 0.7148342 0.8068075 0.8146483 0.7888022 0.8648319 0.8068075 0.8648319 0.7709088 0.6557773 0.7889976 0.7061938 0.7889976 0.6557773 0.8825936 0.7830893 0.8645884 0.8332729 0.8825936 0.8332729 0.7836013 0.6644176 0.8016901 0.7148342 0.8016901 0.6644176 0.770797 0.8146483 0.7527917 0.8648319 0.770797 0.8648319 0.0329985 0.1745772 0.08262801 0.2728159 0.0329985 0.2728159 0.9962499 0.0139907 0.9962499 0.03665536 0.9905837 0.03665536 0.9905837 0.03665536 0.9905837 0.0139907 0.9962499 0.0139907 0.9792513 0.08198499 0.9792513 0.1046497 0.9735851 0.1046497 0.9735851 0.1046497 0.9735851 0.08198499 0.9792513 0.08198499 0.9849175 0.1046497 0.9792513 0.08198499 0.9849175 0.08198499 0.9849175 0.1046497 0.9792513 0.1046497 0.9792513 0.08198499 0.9792513 0.08198499 0.9735851 0.05932021 0.9792513 0.05932021 0.9792513 0.08198499 0.9735851 0.08198499 0.9735851 0.05932021 0.9849175 0.08198499 0.9792513 0.05932021 0.9849175 0.05932021 0.9849175 0.08198499 0.9792513 0.08198499 0.9792513 0.05932021 0.9905837 0.1046497 0.9849175 0.08198499 0.9905837 0.08198499 0.9905837 0.1046497 0.9849175 0.1046497 0.9849175 0.08198499 0.9962499 0.1046497 0.9905837 0.08198499 0.9962499 0.08198499 0.9962499 0.1046497 0.9905837 0.1046497 0.9905837 0.08198499 0.9905837 0.08198499 0.9849175 0.05932021 0.9905837 0.05932021 0.9905837 0.08198499 0.9849175 0.08198499 0.9849175 0.05932021 0.9962499 0.08198499 0.9905837 0.05932021 0.9962499 0.05932021 0.9962499 0.08198499 0.9905837 0.08198499 0.9905837 0.05932021 0.9792513 0.05932021 0.9735851 0.03665536 0.9792513 0.03665536 0.9792513 0.05932021 0.9735851 0.05932021 0.9735851 0.03665536 0.9849175 0.05932021 0.9792513 0.03665536 0.9849175 0.03665536 0.9849175 0.05932021 0.9792513 0.05932021 0.9792513 0.03665536 0.9792513 0.03665536 0.9735851 0.0139907 0.9792513 0.0139907 0.9792513 0.03665536 0.9735851 0.03665536 0.9735851 0.0139907 0.9849175 0.03665536 0.9792513 0.0139907 0.9849175 0.0139907 0.9849175 0.03665536 0.9792513 0.03665536 0.9792513 0.0139907 0.9905837 0.05932021 0.9849175 0.03665536 0.9905837 0.03665536 0.9905837 0.05932021 0.9849175 0.05932021 0.9849175 0.03665536 0.9905837 0.05932021 0.9905837 0.03665536 0.9962499 0.03665536 0.9962499 0.05932021 0.9905837 0.05932021 0.9962499 0.03665536 0.9905837 0.03665536 0.9849175 0.0139907 0.9905837 0.0139907 0.9905837 0.03665536 0.9849175 0.03665536 0.9849175 0.0139907 0.04950451 0.2393234 0.05827748 0.1732783 0.05827748 0.2393234 0.06705051 0.2393234 0.05827748 0.1732783 0.06705051 0.1732783 0.04950451 0.2393234 0.04073148 0.1732783 0.04950451 0.1732783 0.05827742 0.1732783 0.04950439 0.2393234 0.04950439 0.1732783 0.04073148 0.1732783 0.04950439 0.2393234 0.04073148 0.2393234 0.05827742 0.1732783 0.06705051 0.2393234 0.05827742 0.2393234 0.0668962 0.2189316 0.0668962 0.2310732 0.05638134 0.2250024 0.0668962 0.2189316 0.0668962 0.2310732 0.05638134 0.2250024 0.05827742 0.1732783 0.06705051 0.2393234 0.05827742 0.2393234 0.04073148 0.1732783 0.04950439 0.2393234 0.04073148 0.2393234 0.05827742 0.1732783 0.04950439 0.2393234 0.04950439 0.1732783 0.04950451 0.2393234 0.04073148 0.1732783 0.04950451 0.1732783 0.06705051 0.2393234 0.05827748 0.1732783 0.06705051 0.1732783 0.04950451 0.2393234 0.05827748 0.1732783 0.05827748 0.2393234 0.9800844 0.9845377 0.9290182 0.5277441 0.9800844 0.5277441 0.9290182 0.9845377 0.877952 0.5277441 0.9290182 0.5277441 0.877952 0.9845377 0.8268858 0.5277441 0.877952 0.5277441 0.8268858 0.9845377 0.7758196 0.5277441 0.8268858 0.5277441 0.9315552 0.9845377 0.9826214 0.5277441 0.931555 0.5277441 0.8804892 0.9845377 0.931555 0.5277441 0.8804888 0.5277441 0.8311141 0.9845377 0.8821801 0.5277441 0.8311141 0.5277442 0.7800479 0.9845377 0.8311141 0.5277442 0.7800479 0.5277442 0.9800844 0.9845377 0.9290182 0.5277441 0.9800844 0.5277441 0.9290182 0.9845377 0.877952 0.5277441 0.9290182 0.5277441 0.877952 0.9845377 0.8268858 0.5277441 0.877952 0.5277441 0.8268858 0.9845377 0.7758196 0.5277441 0.8268858 0.5277441 0.8268858 0.9845377 0.7758196 0.5277441 0.8268858 0.5277441 0.877952 0.5277441 0.8268858 0.9845377 0.8268858 0.5277441 0.9290182 0.9845377 0.877952 0.5277441 0.9290182 0.5277441 0.9800844 0.9845377 0.9290182 0.5277441 0.9800844 0.5277441 0.8182102 0.816986 0.7889169 0.7108272 0.7889169 0.8754653 0.7983876 0.6943281 0.8156497 0.7776413 0.7983877 0.7776413 0.930184 0.7175518 0.8004564 0.8472794 0.8004564 0.7175518 0.9369733 0.1840869 0.9440872 0.1840869 0.9440872 0.2177696 0.9369733 0.2177696 0.9369733 0.1840869 0.9440872 0.2177696 0.9440872 0.1840869 0.9507828 0.1840869 0.9507828 0.2177696 0.9507828 0.2177696 0.9440872 0.2177696 0.9440872 0.1840869 0.9106093 0.1840869 0.9168867 0.1840869 0.9168867 0.2177696 0.9168867 0.2177696 0.9106093 0.2177696 0.9106093 0.1840869 0.9168867 0.1840869 0.9235823 0.1840869 0.9235823 0.2177696 0.9235823 0.2177696 0.9168867 0.2177696 0.9168867 0.1840869 0.9235823 0.1840869 0.9311147 0.1840869 0.9311147 0.2177696 0.9311147 0.2177696 0.9235823 0.2177696 0.9235823 0.1840869 0.9311147 0.1840869 0.9369733 0.1840869 0.9369733 0.2177696 0.9369733 0.2177696 0.9311147 0.2177696 0.9311147 0.1840869 0.9369733 0.2177696 0.9440872 0.2177696 0.9440872 0.2494118 0.9440872 0.2494118 0.9369733 0.2494118 0.9369733 0.2177696 0.9440872 0.2177696 0.9507828 0.2177696 0.9507828 0.2494118 0.9507828 0.2494118 0.9440872 0.2494118 0.9440872 0.2177696 0.9106093 0.2177696 0.9168867 0.2177696 0.9168868 0.2494118 0.9168868 0.2494118 0.9106093 0.2494118 0.9106093 0.2177696 0.9168867 0.2177696 0.9235823 0.2177696 0.9235823 0.2494118 0.9235823 0.2494118 0.9168868 0.2494118 0.9168867 0.2177696 0.9235823 0.2177696 0.9311147 0.2177696 0.9311147 0.2494118 0.9311147 0.2494118 0.9235823 0.2494118 0.9235823 0.2177696 0.9311147 0.2177696 0.9369733 0.2177696 0.9369733 0.2494118 0.9369733 0.2494118 0.9311147 0.2494118 0.9311147 0.2177696 0.1183513 0.2532312 0.1413892 0.2532312 0.1529083 0.2725512 0.1529083 0.2725512 0.1413892 0.2938032 0.1183513 0.2938032 0.1183513 0.2532312 0.1529083 0.2725512 0.1183513 0.2938032 0.1068323 0.2725512 0.1183513 0.2532312 0.1183513 0.2938032 0.1068323 0.2725512 0.1183513 0.2532312 0.1183513 0.2938032 0.1183513 0.2532312 0.1529083 0.2725512 0.1183513 0.2938032 0.1529083 0.2725512 0.1413892 0.2938032 0.1183513 0.2938032 0.1183513 0.2532312 0.1413892 0.2532312 0.1529083 0.2725512 0.9369733 0.2494118 0.9311147 0.2494118 0.9311147 0.2177696 0.9311147 0.2177696 0.9369733 0.2177696 0.9369733 0.2494118 0.9311147 0.2494118 0.9235823 0.2494118 0.9235823 0.2177696 0.9235823 0.2177696 0.9311147 0.2177696 0.9311147 0.2494118 0.9235823 0.2494118 0.9168868 0.2494118 0.9168867 0.2177696 0.9168867 0.2177696 0.9235823 0.2177696 0.9235823 0.2494118 0.9168868 0.2494118 0.9106093 0.2494118 0.9106093 0.2177696 0.9106093 0.2177696 0.9168867 0.2177696 0.9168868 0.2494118 0.9507828 0.2494118 0.9440872 0.2494118 0.9440872 0.2177696 0.9440872 0.2177696 0.9507828 0.2177696 0.9507828 0.2494118 0.9440872 0.2494118 0.9369733 0.2494118 0.9369733 0.2177696 0.9369733 0.2177696 0.9440872 0.2177696 0.9440872 0.2494118 0.9369733 0.2177696 0.9311147 0.2177696 0.9311147 0.1840869 0.9311147 0.1840869 0.9369733 0.1840869 0.9369733 0.2177696 0.9311147 0.2177696 0.9235823 0.2177696 0.9235823 0.1840869 0.9235823 0.1840869 0.9311147 0.1840869 0.9311147 0.2177696 0.9235823 0.2177696 0.9168867 0.2177696 0.9168867 0.1840869 0.9168867 0.1840869 0.9235823 0.1840869 0.9235823 0.2177696 0.9168867 0.2177696 0.9106093 0.2177696 0.9106093 0.1840869 0.9106093 0.1840869 0.9168867 0.1840869 0.9168867 0.2177696 0.9507828 0.2177696 0.9440872 0.2177696 0.9440872 0.1840869 0.9440872 0.1840869 0.9507828 0.1840869 0.9507828 0.2177696 0.9369733 0.2177696 0.9369733 0.1840869 0.9440872 0.2177696 0.9369733 0.1840869 0.9440872 0.1840869 0.9440872 0.2177696 0.9856407 0.943243 0.869006 0.9298736 0.869006 0.943243 0.8546561 0.9245633 0.9826671 0.9176161 0.9829354 0.9245634 0.875929 0.8666978 0.9758269 0.8734728 0.875929 0.8734996 0.4671103 0.8104324 0.4178218 0.8123654 0.415758 0.8104324 0.3820177 0.3820177 0.3820177 0.6179823 0.6179823 0.6179823 0.9241551 0.8712884 0.9149273 0.8517575 0.9241551 0.8517575 0.4362373 0.8154025 0.4341211 0.8172125 0.4341211 0.8154025 0.9270416 0.9436287 0.8319568 0.9304689 0.9270417 0.9304689 0.8319568 0.9304689 0.8257922 0.846044 0.8319568 0.846044 0.4207268 0.7986438 0.4188491 0.8243603 0.4207268 0.8243603 0.9149273 0.8517575 0.9057784 0.7264602 0.9149273 0.7264602 0.4207268 0.7986438 0.4188491 0.8243603 0.4207268 0.8243603 0.4207268 0.8243603 0.4188491 0.8283689 0.4207268 0.8283689 0.4341211 0.8172125 0.4320229 0.8154025 0.4341211 0.8154025 0.9149273 0.8712884 0.9057784 0.8517575 0.9149273 0.8517575 0.4207268 0.8243603 0.4188491 0.8283689 0.4207268 0.8283689 0.875929 0.8734996 0.869041 0.8666978 0.875929 0.8666978 0.8319568 0.9436287 0.8257922 0.9304689 0.8319568 0.9304689 0.8257922 0.9304689 0.756532 0.8738248 0.756532 0.860665 0.869041 0.8734996 0.7585409 0.8666978 0.869041 0.8666978 0.4188491 0.8243603 0.3977518 0.807106 0.4188491 0.8283689 0.9057784 0.8517575 0.8029872 0.7676904 0.8029872 0.7481595 0.4320229 0.8172125 0.3983637 0.8154025 0.4320229 0.8154025 0.4188491 0.8243603 0.3977518 0.807106 0.4188491 0.8283689 0.4188491 0.7986438 0.3977518 0.8030975 0.4188491 0.8243603 0.9057784 0.7264602 0.8029872 0.7481595 0.8029872 0.7264602 0.4188491 0.7986438 0.3977518 0.8030975 0.4188491 0.8243603 0.9213379 0.9065431 0.9312977 0.8850114 0.9213379 0.8850114 0.9803587 0.8850114 0.9716576 0.9065431 0.9803587 0.9065431 0.9803587 0.8850114 0.9716576 0.8610887 0.9716576 0.8850114 0.9213379 0.8850114 0.9312977 0.8610887 0.9213379 0.8610887 0.9850423 0.8902232 0.925143 0.685213 0.925143 0.8902232 0.9856407 0.9298736 0.9573507 0.858003 0.9856407 0.844104 0.8323593 0.9298736 0.847348 0.858003 0.847348 0.9195557 0.913164 0.858003 0.8323593 0.844104 0.9856407 0.844104 0.9573507 0.858003 0.913164 0.858003 0.9856407 0.844104 0.8977083 0.858003 0.847348 0.858003 0.8323593 0.844104 0.913164 0.9195557 0.8323593 0.9298736 0.8977083 0.9195557 0.847348 0.9195557 0.8977083 0.9195557 0.8323593 0.9298736 0.913164 0.9195557 0.9573507 0.9195557 0.9856407 0.9298736 0.913164 0.9195557 0.8977083 0.858003 0.913164 0.858003 0.9938058 0.8311678 0.9859923 0.5295592 0.9938058 0.5295592 0.9938058 0.5295592 0.9859923 0.8311678 0.9938058 0.8311678 0.9959811 0.6113046 0.9855241 0.773052 0.9959811 0.773052 0.9959811 0.8226926 0.9855241 0.9646114 0.9959811 0.9646114 0.9959811 0.773052 0.9855241 0.6113046 0.9959811 0.6113046 0.9959811 0.9646114 0.9855241 0.8226926 0.9959811 0.8226926 0.9938058 0.5295592 0.9859923 0.8311678 0.9938058 0.8311678 0.9938058 0.8311678 0.9859923 0.5295592 0.9938058 0.5295592 0.7626201 0.5303738 0.9937406 0.8523284 0.7626201 0.8523284 0.9922327 0.9676002 0.7621241 0.6863511 0.9922327 0.6863511 0.9270417 0.9304689 0.9131054 0.8603412 0.9270417 0.846044 0.8319568 0.9304689 0.8365772 0.8603412 0.8365772 0.9200183 0.8680514 0.8603412 0.9270417 0.846044 0.8816313 0.8603412 0.9131054 0.8603412 0.8816313 0.8603412 0.9270417 0.846044 0.8680514 0.8603412 0.8365772 0.8603412 0.8319568 0.846044 0.8680514 0.9200183 0.9270417 0.9304689 0.8319568 0.9304689 0.8365772 0.9200183 0.8680514 0.9200183 0.8319568 0.9304689 0.8816313 0.9200183 0.9131054 0.9200183 0.9270417 0.9304689 0.8680514 0.9200183 0.8816313 0.8603412 0.8816313 0.9200183 0.695801 0.4627569 0.7013762 0.3431199 0.6958009 0.3431199 0.6958009 0.3431199 0.7013762 0.4627569 0.695801 0.4627569 0.696395 0.471979 0.7012726 0.4167784 0.6963951 0.4167784 0.6963951 0.3929615 0.7012726 0.3377608 0.696395 0.3377608 0.696395 0.4167784 0.7012726 0.471979 0.696395 0.471979 0.696395 0.3377608 0.7012726 0.3929615 0.696395 0.3929615 0.6958009 0.3431199 0.7013762 0.4627569 0.695801 0.4627569 0.6958009 0.4627569 0.7013762 0.3431199 0.6958009 0.3431199 0.7637882 0.8898361 0.9932509 0.5294372 0.9932509 0.8898361 0.7665182 0.9715752 0.9959806 0.611176 0.9959806 0.9715752 0.756532 0.860665 0.7738015 0.8602154 0.7738015 0.8705569 0.8257922 0.846044 0.7738015 0.8602154 0.756532 0.846044 0.8257922 0.9304689 0.7738015 0.8705569 0.82279 0.9199299 0.8257922 0.9304689 0.82279 0.8602154 0.8257922 0.846044 0.695801 0.4625797 0.7007982 0.3428674 0.6958009 0.3428674 0.695801 0.3635996 0.7007982 0.3428674 0.7007982 0.3635996 0.869006 0.9298736 0.8774921 0.8579053 0.869006 0.844104 0.9856407 0.9298736 0.9618082 0.8579053 0.9618082 0.9199088 0.9273436 0.8579053 0.869006 0.844104 0.9119567 0.8579053 0.8774921 0.8579053 0.9119567 0.8579053 0.869006 0.844104 0.9273436 0.8579053 0.9618082 0.8579053 0.9856407 0.844104 0.9273436 0.9199088 0.869006 0.9298736 0.9856407 0.9298736 0.9618082 0.9199088 0.9273436 0.9199088 0.9856407 0.9298736 0.9119567 0.9199088 0.8774921 0.9199088 0.869006 0.9298736 0.9119567 0.8579053 0.9273436 0.9199088 0.9273436 0.8579053 0.8310917 0.5398272 0.8339068 0.6430947 0.8310917 0.6430947 0.8310917 0.6430947 0.8339068 0.5398272 0.8310917 0.5398272 0.8310419 0.6219109 0.8348096 0.5838084 0.8310419 0.5838084 0.8314058 0.670839 0.8351734 0.6327365 0.8314058 0.6327365 0.8314058 0.6327365 0.8351734 0.6708391 0.8314058 0.6708391 0.8310419 0.5838084 0.8348096 0.6219111 0.8310419 0.6219111 0.8310917 0.5398272 0.8339068 0.6430947 0.8310917 0.6430947 0.8310917 0.6430947 0.8339068 0.5398272 0.8310917 0.5398272 0.7639042 0.6102558 0.9219118 0.8945198 0.9219118 0.6102558 0.8382574 0.6125553 0.9959487 0.8962504 0.9959487 0.6125553 0.7007669 0.5391187 0.696395 0.4961596 0.696395 0.5820776 0.7007669 0.5820776 0.7007669 0.5391187 0.696395 0.5820776 0.7007669 0.5391187 0.7007669 0.4961596 0.696395 0.4961596 0.7007669 0.5391187 0.696395 0.5820776 0.696395 0.4961596 0.7007669 0.4961596 0.7007669 0.5391187 0.696395 0.4961596 0.7007669 0.5391187 0.7007669 0.5820776 0.696395 0.5820776 0.8435949 0.7519094 0.9936144 0.5741965 0.9936144 0.8771552 0.762074 0.6266636 0.9120936 0.5741965 0.9120936 0.7519094 0.6083519 0.5442377 0.5294921 0.5789868 0.7087774 0.5789868 0.7087774 0.5442377 0.6083519 0.5442377 0.7087774 0.5789868 0.6083519 0.5442377 0.5294921 0.5442377 0.5294921 0.5789868 0.5891116 0.5236924 0.7076563 0.5450246 0.6480883 0.5236924 0.7076563 0.5236924 0.6480883 0.5236924 0.7076563 0.5450246 0.5891116 0.5236924 0.5295018 0.5236924 0.5295018 0.5450246 0.6480883 0.5719653 0.5598972 0.5932974 0.5891116 0.5719653 0.5598972 0.5719653 0.5891116 0.5719653 0.5598972 0.5932974 0.6480883 0.5719653 0.7076563 0.5719653 0.7076563 0.5932974 0.7625728 0.6700387 0.9327396 0.8297284 0.7625728 0.8297284 0.8067049 0.5485302 0.9179158 0.7165899 0.8067049 0.7165899 0.7487274 0.7165899 0.9179158 0.5485302 0.9179158 0.7165899 0.9179158 0.5485302 0.7487274 0.7165899 0.7487274 0.5485302 0.9179158 0.7165899 0.7487274 0.5485302 0.9179158 0.5485302 0.8067049 0.6335387 0.9179158 0.7165899 0.8067049 0.7165899 0.8067049 0.6335387 0.7853466 0.5485302 0.9179158 0.5485302 0.2310155 0.1441799 0.182353 0.1441799 0.182353 0.09632557 0.182353 0.09632557 0.2310155 0.09632557 0.2310155 0.1441799 0.2310155 0.1441799 0.182353 0.1441799 0.182353 0.09632557 0.182353 0.09632557 0.2310155 0.09632557 0.2310155 0.1441799 0.2310155 0.1441799 0.182353 0.1441799 0.182353 0.09632557 0.182353 0.09632557 0.2310155 0.09632557 0.2310155 0.1441799 0.2310155 0.1441799 0.182353 0.1441799 0.182353 0.09632557 0.182353 0.09632557 0.2310155 0.09632557 0.2310155 0.1441799 0.2310155 0.1441799 0.182353 0.1441799 0.182353 0.09632557 0.182353 0.09632557 0.2310155 0.09632557 0.2310155 0.1441799 0.2310155 0.1441799 0.182353 0.1441799 0.182353 0.09632557 0.182353 0.09632557 0.2310155 0.09632557 0.2310155 0.1441799 0.2310155 0.1441799 0.182353 0.1441799 0.182353 0.09632557 0.182353 0.09632557 0.2310155 0.09632557 0.2310155 0.1441799 0.2310155 0.1441799 0.182353 0.1441799 0.182353 0.09632557 0.182353 0.09632557 0.2310155 0.09632557 0.2310155 0.1441799 0.2310155 0.1441799 0.182353 0.1441799 0.182353 0.09632557 0.182353 0.09632557 0.2310155 0.09632557 0.2310155 0.1441799 0.2310155 0.1441799 0.182353 0.1441799 0.182353 0.09632557 0.182353 0.09632557 0.2310155 0.09632557 0.2310155 0.1441799 0.9561736 0.2335616 0.9805647 0.1731734 0.9805647 0.2335616 0.9561736 0.2335616 0.9805647 0.1731734 0.9805647 0.2335616 0.9838511 0.8036946 0.8196372 0.8898389 0.9838511 0.8898389 0.078148 0.1653231 0.08171761 0.2507044 0.078148 0.2507044 0.078148 0.2507044 0.08171761 0.1653231 0.078148 0.1653231 0.07786339 0.167638 0.08232033 0.2499079 0.07786339 0.2499079 0.07786339 0.2499079 0.08232033 0.167638 0.07786339 0.167638 0.04041302 0.2437865 0.04434943 0.1740983 0.04041302 0.1708672 0.0825448 0.1683773 0.07879602 0.2432544 0.0825448 0.2467262 0.03534018 0.2428253 0.03941231 0.175045 0.03534018 0.1719024 0.0460512 0.2444688 0.04197901 0.1766885 0.04197901 0.2413262 0.07786339 0.1712835 0.08183783 0.2462623 0.07786339 0.2462623 0.07786339 0.2462623 0.08183783 0.1712835 0.07786339 0.1712835 0.040353 0.1678033 0.0435363 0.2456178 0.040353 0.2456178 0.078148 0.246921 0.08133119 0.1691066 0.078148 0.1691066 0.9593143 0.2250975 0.962264 0.2289195 0.9593143 0.2289195 0.08260881 0.1887189 0.03226721 0.2685721 0.03226721 0.1887189 0.0719726 0.2105367 0.06845021 0.1946831 0.07052111 0.1946831 0.08289968 0.1933735 0.0325582 0.2732266 0.0325582 0.1933735 0.06392359 0.2366139 0.06774151 0.2076141 0.06774151 0.2371771 0.05320942 0.2303237 0.04827189 0.1711356 0.05320942 0.1711356 0.06099021 0.226002 0.05389595 0.1709887 0.0538854 0.226002 0.06392359 0.2366139 0.06774151 0.2076141 0.06392359 0.2070508 0.0325582 0.2732266 0.08289968 0.1933735 0.0325582 0.1933735 0.07096153 0.1824291 0.06673532 0.240356 0.06673532 0.1824291 0.0330916 0.1495199 0.08003902 0.2239894 0.0330916 0.2239894 0.2365506 0.1292654 0.2607163 0.1239814 0.2607163 0.1292654 0.2365506 0.1504013 0.2607163 0.1451173 0.2607163 0.1504013 0.2365505 0.1451174 0.2607163 0.1398333 0.2607163 0.1451173 0.2607163 0.1398333 0.2365505 0.1345494 0.2607163 0.1345494 0.2365505 0.1345494 0.2607163 0.1292654 0.2607163 0.1345494 0.228012 0.1208016 0.226738 0.1288443 0.2244534 0.1243602 0.2317087 0.128057 0.228012 0.1208016 0.232496 0.1230863 0.04645389 0.2205923 0.03922551 0.2064061 0.0479933 0.2108734 0.03922551 0.2064061 0.03673481 0.2221317 0.03226763 0.2133641 0.2607163 0.1345494 0.2365506 0.1292654 0.2607163 0.1292654 0.2365505 0.1398334 0.2607163 0.1345494 0.2607163 0.1398333 0.2607163 0.1451173 0.2365505 0.1398334 0.2607163 0.1398333 0.2365506 0.1504013 0.2607163 0.1451173 0.2607163 0.1504013 0.2365506 0.1292654 0.2607163 0.1239814 0.2607163 0.1292654 0.0430243 0.1904986 0.03325939 0.2351573 0.03325939 0.1904987 0.08208382 0.1904986 0.07231903 0.2351574 0.07231891 0.1904987 0.07231903 0.2351574 0.062554 0.1904986 0.07231891 0.1904987 0.062554 0.1904986 0.05278921 0.2351574 0.05278921 0.1904986 0.05278921 0.1904986 0.0430243 0.2351573 0.0430243 0.1904986 0.228012 0.1208016 0.226738 0.1288443 0.2244534 0.1243602 0.2317087 0.128057 0.228012 0.1208016 0.232496 0.1230863 0.05832868 0.1874678 0.05110049 0.1732815 0.05986797 0.1777487 0.05110049 0.1732815 0.04860979 0.1890071 0.04414254 0.1802394 0.2607163 0.1345494 0.2365506 0.1292654 0.2607163 0.1292654 0.2607163 0.1398333 0.2365505 0.1345494 0.2607163 0.1345494 0.2365505 0.1451174 0.2607163 0.1398333 0.2607163 0.1451173 0.2365506 0.1504013 0.2607163 0.1451173 0.2607163 0.1504013 0.2607163 0.1292654 0.2365506 0.1239814 0.2607163 0.1239814 0.2135363 0.1155208 0.237702 0.1102368 0.237702 0.1155208 0.237702 0.1366567 0.2135362 0.1313727 0.237702 0.1313726 0.2135362 0.1313727 0.237702 0.1260887 0.237702 0.1313726 0.2135362 0.1208047 0.237702 0.1260887 0.2135362 0.1260887 0.237702 0.1208047 0.2135363 0.1155208 0.237702 0.1155208 0.228012 0.1208016 0.226738 0.1288443 0.2244534 0.1243602 0.2317087 0.128057 0.228012 0.1208016 0.232496 0.1230863 0.2607163 0.1292654 0.2365506 0.1239814 0.2607163 0.1239814 0.2365506 0.1504013 0.2607163 0.1451173 0.2607163 0.1504013 0.2607163 0.1451173 0.2365505 0.1398334 0.2607163 0.1398333 0.2607163 0.1398333 0.2365505 0.1345494 0.2607163 0.1345494 0.2365505 0.1345494 0.2607163 0.1292654 0.2607163 0.1345494 0.228012 0.1208016 0.226738 0.1288443 0.2244534 0.1243602 0.2317087 0.128057 0.228012 0.1208016 0.232496 0.1230863 0.04645389 0.2205923 0.03922551 0.2064061 0.0479933 0.2108734 0.03922551 0.2064061 0.03673481 0.2221317 0.03226763 0.2133641 0.2607163 0.1345494 0.2365506 0.1292654 0.2607163 0.1292654 0.2365505 0.1398334 0.2607163 0.1345494 0.2607163 0.1398333 0.2607163 0.1451173 0.2365505 0.1398334 0.2607163 0.1398333 0.2365506 0.1504013 0.2607163 0.1451173 0.2607163 0.1504013 0.2365506 0.1292654 0.2607163 0.1239814 0.2607163 0.1292654 0.0430243 0.2351573 0.03325939 0.1904987 0.0430243 0.1904986 0.08208382 0.1904986 0.07231903 0.2351574 0.07231891 0.1904987 0.07231903 0.2351574 0.062554 0.1904986 0.07231891 0.1904987 0.06255412 0.2351574 0.05278921 0.1904986 0.062554 0.1904986 0.05278921 0.1904986 0.0430243 0.2351573 0.0430243 0.1904986 0.228012 0.1208016 0.226738 0.1288443 0.2244534 0.1243602 0.2317087 0.128057 0.228012 0.1208016 0.232496 0.1230863 0.05832868 0.1874678 0.05110049 0.1732815 0.05986797 0.1777487 0.05110049 0.1732815 0.04860979 0.1890071 0.04414254 0.1802394 0.2607163 0.1345494 0.2365506 0.1292654 0.2607163 0.1292654 0.2607163 0.1398333 0.2365505 0.1345494 0.2607163 0.1345494 0.2607163 0.1451173 0.2365505 0.1398334 0.2607163 0.1398333 0.2365506 0.1504013 0.2607163 0.1451173 0.2607163 0.1504013 0.2365506 0.1292654 0.2607163 0.1239814 0.2607163 0.1292654 0.2135363 0.1155208 0.237702 0.1102368 0.237702 0.1155208 0.237702 0.1366567 0.2135362 0.1313727 0.237702 0.1313726 0.2135362 0.1313727 0.237702 0.1260887 0.237702 0.1313726 0.2135362 0.1208047 0.237702 0.1260887 0.2135362 0.1260887 0.2135362 0.1208047 0.237702 0.1155208 0.237702 0.1208047 0.228012 0.1208016 0.226738 0.1288443 0.2244534 0.1243602 0.2317087 0.128057 0.228012 0.1208016 0.232496 0.1230863 0.25291 0.1189442 0.2492132 0.1116888 0.2536973 0.1139736 0.2492132 0.1116888 0.2479394 0.1197314 0.2456547 0.1152474 0.2589033 0.1116919 0.2347375 0.1064079 0.2589033 0.1064079 0.2347375 0.1116919 0.2589033 0.1169759 0.2347375 0.116976 0.2347375 0.1222599 0.2589033 0.1169759 0.2589033 0.1222599 0.2589033 0.1275438 0.2347375 0.1222599 0.2589033 0.1222599 0.2347375 0.1064079 0.2589033 0.1011239 0.2589033 0.1064079 0.2365506 0.1292654 0.2607163 0.1239814 0.2607163 0.1292654 0.2365506 0.1504013 0.2607163 0.1451173 0.2607163 0.1504013 0.2607163 0.1451173 0.2365505 0.1398334 0.2607163 0.1398333 0.2607163 0.1398333 0.2365505 0.1345494 0.2607163 0.1345494 0.2607163 0.1345494 0.2365506 0.1292654 0.2607163 0.1292654 0.05110049 0.1732815 0.04860979 0.1890071 0.04414254 0.1802394 0.04860979 0.1890071 0.05986797 0.1777487 0.05832868 0.1874678 0.2317087 0.128057 0.228012 0.1208016 0.232496 0.1230863 0.228012 0.1208016 0.226738 0.1288443 0.2244534 0.1243602 0.05278921 0.1904986 0.0430243 0.2351573 0.0430243 0.1904986 0.062554 0.1904986 0.05278921 0.2351574 0.05278921 0.1904986 0.07231903 0.2351574 0.062554 0.1904986 0.07231891 0.1904987 0.08208382 0.1904986 0.07231903 0.2351574 0.07231891 0.1904987 0.0430243 0.1904986 0.03325939 0.2351573 0.03325939 0.1904987 0.2365506 0.1292654 0.2607163 0.1239814 0.2607163 0.1292654 0.2607163 0.1504013 0.2365505 0.1451174 0.2607163 0.1451173 0.2607163 0.1451173 0.2365505 0.1398334 0.2607163 0.1398333 0.2365505 0.1398334 0.2607163 0.1345494 0.2607163 0.1398333 0.2607163 0.1345494 0.2365506 0.1292654 0.2607163 0.1292654 0.03922551 0.2064061 0.03673481 0.2221317 0.03226763 0.2133641 0.04645389 0.2205923 0.03922551 0.2064061 0.0479933 0.2108734 0.2317087 0.128057 0.228012 0.1208016 0.232496 0.1230863 0.228012 0.1208016 0.226738 0.1288443 0.2244534 0.1243602 0.2607163 0.1345494 0.2365506 0.1292654 0.2607163 0.1292654 0.2607163 0.1398333 0.2365505 0.1345494 0.2607163 0.1345494 0.2365505 0.1451174 0.2607163 0.1398333 0.2607163 0.1451173 0.2365506 0.1504013 0.2607163 0.1451173 0.2607163 0.1504013 0.2365506 0.1292654 0.2607163 0.1239814 0.2607163 0.1292654 0.2525147 0.1234524 0.2577987 0.1476181 0.2525147 0.1476181 0.2313788 0.1476181 0.2366628 0.1234524 0.2366628 0.1476181 0.2366628 0.1234524 0.2419468 0.1476181 0.2366628 0.1476181 0.2472307 0.1234523 0.2419468 0.1476181 0.2419466 0.1234523 0.2472307 0.1476181 0.2525147 0.1234524 0.2525147 0.1476181 0.2472338 0.1379281 0.2391912 0.1366543 0.2436752 0.1343695 0.2399785 0.1416249 0.2472338 0.1379281 0.2449491 0.1424121 0.226738 0.1288443 0.232496 0.1230863 0.2317087 0.128057 0.228012 0.1208016 0.226738 0.1288443 0.2244534 0.1243602 0.05278921 0.1904986 0.0430243 0.2351573 0.0430243 0.1904986 0.062554 0.1904986 0.05278921 0.2351574 0.05278921 0.1904986 0.07231903 0.2351574 0.062554 0.1904986 0.07231891 0.1904987 0.08208382 0.1904986 0.07231903 0.2351574 0.07231891 0.1904987 0.0430243 0.1904986 0.03325939 0.2351573 0.03325939 0.1904987 0.05832868 0.1874678 0.05110049 0.1732815 0.05986797 0.1777487 0.05110049 0.1732815 0.04860979 0.1890071 0.04414254 0.1802394 0.2607163 0.1345494 0.2365506 0.1292654 0.2607163 0.1292654 0.2365505 0.1398334 0.2607163 0.1345494 0.2607163 0.1398333 0.2607163 0.1451173 0.2365505 0.1398334 0.2607163 0.1398333 0.2365506 0.1504013 0.2607163 0.1451173 0.2607163 0.1504013 0.2365506 0.1292654 0.2607163 0.1239814 0.2607163 0.1292654 0.03605562 0.2008072 0.08127093 0.1909206 0.08127093 0.2008072 0.03605562 0.2403537 0.08127093 0.230467 0.08127099 0.2403537 0.08127093 0.230467 0.0360555 0.2205805 0.08127093 0.2205803 0.0360555 0.2205805 0.08127093 0.2106938 0.08127093 0.2205803 0.08127093 0.2106938 0.03605562 0.2008072 0.08127093 0.2008072 0.6041567 0.5282716 0.6024288 0.5426368 0.5993297 0.5346277 0.04899179 0.2088544 0.05976516 0.1980811 0.05829209 0.2073814 0.2276237 0.10825 0.2517894 0.1029661 0.2517894 0.10825 0.2276237 0.129386 0.2517894 0.1241019 0.2517895 0.129386 0.2517894 0.1241019 0.2276236 0.1188181 0.2517894 0.1188179 0.2517894 0.1188179 0.2276236 0.113534 0.2517894 0.113534 0.2517894 0.113534 0.2276237 0.10825 0.2517894 0.10825 0.06804764 0.2043229 0.06555694 0.2200486 0.06108963 0.211281 0.07527583 0.2185093 0.06804764 0.2043229 0.07681524 0.2087903 0.4261099 0.8223619 0.4222786 0.8289358 0.4132946 0.8289358 0.8339406 0.8508856 0.9837005 0.8577358 0.9088205 0.8456403 0.9837005 0.8483386 0.9088205 0.8456403 0.9837005 0.8577358 0.8339406 0.8508856 0.7590608 0.8456403 0.7590608 0.8577358 0.908421 0.8497924 0.7665682 0.8577358 0.9793474 0.8577358 0.9793474 0.8456403 0.908421 0.8497924 0.9793474 0.8577358 0.8374945 0.8456403 0.7665682 0.8512908 0.7665682 0.8577358 0.4134659 0.8114054 0.4052281 0.8092141 0.414743 0.8092141 0.8339404 0.8497743 0.9837005 0.8577358 0.7590606 0.8577358 0.7590606 0.8512908 0.8339404 0.8497743 0.7590606 0.8577358 0.9088205 0.8456403 0.9837005 0.8456403 0.9837005 0.8577358 0.4061244 0.8361821 0.4052281 0.8463791 0.4052281 0.8339908 0.4132946 0.8402351 0.4123983 0.8342773 0.4132946 0.8289358 0.4123983 0.8342773 0.411502 0.8283196 0.4132946 0.8289358 0.411502 0.8283196 0.4106057 0.8223618 0.4132946 0.8289358 0.8374945 0.8496878 0.9793475 0.8577358 0.7665681 0.8577358 0.7665681 0.8456403 0.8374945 0.8496878 0.7665681 0.8577358 0.908421 0.8456403 0.9793475 0.8483386 0.9793475 0.8577358 0.4337726 0.8463791 0.4242578 0.8463791 0.4222786 0.8402351 0.414743 0.8463791 0.4052281 0.8463791 0.4132946 0.8402351 0.7889169 0.7108272 0.8182102 0.816986 0.7889169 0.8754653 0.9245671 0.9141975 0.8037143 0.6014668 0.8037143 0.9141975 0.9740819 0.5505115 0.8532294 0.8632421 0.9740819 0.8632421 0.7825825 0.9825118 0.9439799 0.5487383 0.9439799 0.9825118 0.4818512 0.2532768 0.2642426 0.1842232 0.2642426 0.2532768 0.9084203 0.7629131 0.7797757 0.8430637 0.9594782 0.8430637 0.9594782 0.7629131 0.9084203 0.7629131 0.9594782 0.8430637 0.8308335 0.7629131 0.7797757 0.7629131 0.7797757 0.8430637 0.9319629 0.7899461 0.9771236 0.8827653 0.9771236 0.7245909 0.8633374 0.7899461 0.8181768 0.8827653 0.8633374 0.8827653 0.8181768 0.7245909 0.9319629 0.7899461 0.9771236 0.7245909 0.8760383 0.9119278 0.8714267 0.5693777 0.8760383 0.5693777 0.8760383 0.5693777 0.8714267 0.9119278 0.8760383 0.9119278 0.9341132 0.7360849 0.8150435 0.7319508 0.8150435 0.7360849 0.8150435 0.7360849 0.9341132 0.7319508 0.9341132 0.7360849 0.7889204 0.6382598 0.9687188 0.863871 0.9687188 0.6382598 0.9561736 0.2335616 0.9805647 0.1731734 0.9805647 0.2335616 0.9605077 0.2129762 0.9772891 0.1965118 0.9772891 0.2129762 0.9605077 0.2129762 0.9772891 0.1965118 0.9772891 0.2129762 0.2562701 0.1298186 0.2422136 0.136524 0.2422136 0.1298186 0.2422136 0.1298186 0.2562701 0.123113 0.2562701 0.1298186 0.2255763 0.1356865 0.2511649 0.1271705 0.2255763 0.1271705 0.2653067 0.1222941 0.2227207 0.1083321 0.2653202 0.1083321 0.2653202 0.1134836 0.2227207 0.1079795 0.2653202 0.1079795 0.2227072 0.1255482 0.2653202 0.1115861 0.2653068 0.1255482 0.2227207 0.1079795 0.2653202 0.1134836 0.2653202 0.1079795 0.2653202 0.1079795 0.2227207 0.1134836 0.2653202 0.1134836 0.2228932 0.1372647 0.2655062 0.1233026 0.2654927 0.1372647 0.2653202 0.1134836 0.2227207 0.1079795 0.2653202 0.1079795 0.2228932 0.1340106 0.2655062 0.1200486 0.2654927 0.1340106 0.2255763 0.1271705 0.2511649 0.1356865 0.2511649 0.1271705 0.2347702 0.1278282 0.2419708 0.1350288 0.2419708 0.1278282 0.2227072 0.1190901 0.2653202 0.1134836 0.2653067 0.1190901 0.2227207 0.1134836 0.2653202 0.1079795 0.2653202 0.1134836 0.2227072 0.1203967 0.2653202 0.1147902 0.2653068 0.1203967 0.2653202 0.1079795 0.2227207 0.1134836 0.2653202 0.1134836 0.2648661 0.1261413 0.2222666 0.1316453 0.2648661 0.1316453 0.2222532 0.1385585 0.2648661 0.132952 0.2648527 0.1385585 0.2222666 0.1316453 0.2648661 0.1261413 0.2648661 0.1316453 0.2648527 0.1372517 0.2222666 0.1316453 0.2648661 0.1316453 0.2474834 0.1218616 0.2546842 0.1146609 0.2474834 0.1146609 0.2474834 0.1136888 0.2546842 0.1064881 0.2474834 0.1064881 0.2648527 0.1290791 0.2222666 0.1234725 0.2648661 0.1234725 0.26305 0.1125754 0.2204505 0.1070715 0.26305 0.1070715 0.2222532 0.1303856 0.2648661 0.1247792 0.2648527 0.1303856 0.2648661 0.1179684 0.2222666 0.1234725 0.2648661 0.1234725 0.2227207 0.09980678 0.2653202 0.1053107 0.2653202 0.09980678 0.2227072 0.1122239 0.2653202 0.1066174 0.2653068 0.1122239 0.2653202 0.1053107 0.2227207 0.09980678 0.2653202 0.09980678 0.2653067 0.1109173 0.2227207 0.1053107 0.2653202 0.1053107 0.2347702 0.1268561 0.2419708 0.1196554 0.2347702 0.1196554 0.2347702 0.1350288 0.2419708 0.1278282 0.2347702 0.1278282 0.2653067 0.1190901 0.2227207 0.1134836 0.2653202 0.1134836 0.2227207 0.1134836 0.2653202 0.1079795 0.2653202 0.1134836 0.2227072 0.1203967 0.2653202 0.1147902 0.2653068 0.1203967 0.2653202 0.1079795 0.2227207 0.1134836 0.2653202 0.1134836 0.2653202 0.1079795 0.2227207 0.1134836 0.2653202 0.1134836 0.2227072 0.1203967 0.2653202 0.1147902 0.2653068 0.1203967 0.2227207 0.1134836 0.2653202 0.1079795 0.2653202 0.1134836 0.2227072 0.1190901 0.2653202 0.1134836 0.2653067 0.1190901 0.2347702 0.1350288 0.2419708 0.1278282 0.2347702 0.1278282 0.2583157 0.1133955 0.243908 0.118708 0.2439081 0.1133951 0.2583158 0.1080826 0.2439081 0.1133951 0.2439082 0.1080823 0.2439083 0.1027694 0.2583158 0.1080826 0.2439082 0.1080823 0.2583161 0.09745693 0.2439083 0.1027694 0.2439084 0.09745651 0.2583156 0.1346465 0.2439081 0.1399593 0.2439081 0.1346465 0.2583156 0.1293337 0.2439081 0.1346465 0.243908 0.1293337 0.243908 0.1240208 0.2583156 0.1293337 0.243908 0.1293337 0.243908 0.118708 0.2583156 0.1240209 0.243908 0.1240208 0.2305539 0.1124218 0.2305539 0.1192103 0.2257537 0.117222 0.2305539 0.1124218 0.2257537 0.117222 0.2305539 0.1192103 0.2305539 0.1124218 0.2257537 0.117222 0.2237653 0.1124218 0.2305539 0.1124218 0.2237653 0.1124218 0.2257537 0.117222 0.2305539 0.1124218 0.2237653 0.1124218 0.2257537 0.1076215 0.2305539 0.1124218 0.2257537 0.1076215 0.2237653 0.1124218 0.2305539 0.1124218 0.2257537 0.1076215 0.2305539 0.1056331 0.2305539 0.1124218 0.2305539 0.1056331 0.2257537 0.1076215 0.2305539 0.1124218 0.2305539 0.1056331 0.2353542 0.1076215 0.2305539 0.1124218 0.2353541 0.1076215 0.2305539 0.1056331 0.2305539 0.1124218 0.2353542 0.1076215 0.2373425 0.1124218 0.2305539 0.1124218 0.2373425 0.1124218 0.2353541 0.1076215 0.2305539 0.1124218 0.2373425 0.1124218 0.2353541 0.117222 0.2305539 0.1124218 0.2353541 0.117222 0.2373425 0.1124218 0.2305539 0.1124218 0.2353541 0.117222 0.2305539 0.1192103 0.2305539 0.1124218 0.2305539 0.1192103 0.2353541 0.117222 0.4343274 0.8251478 0.4326872 0.8268358 0.4326872 0.8251479 0.4359676 0.8251478 0.4343274 0.8268358 0.4343274 0.8251478 0.4376078 0.8251477 0.4359676 0.8268358 0.4359676 0.8251478 0.439248 0.8251476 0.4376078 0.8268357 0.4376078 0.8251477 0.4408883 0.8251475 0.4392481 0.8268356 0.439248 0.8251476 0.4425287 0.8268354 0.4408883 0.8251475 0.4425286 0.8251473 0.4244865 0.8268354 0.4228464 0.8251473 0.4244866 0.8251475 0.4261267 0.8251476 0.4244865 0.8268354 0.4244866 0.8251475 0.4277667 0.8268356 0.4261267 0.8251476 0.4277668 0.8251477 0.429407 0.8251478 0.4277667 0.8268356 0.4277668 0.8251477 0.4310471 0.8251479 0.4294069 0.8268357 0.429407 0.8251478 0.4326872 0.8251479 0.431047 0.8268358 0.4310471 0.8251479 0.4332429 0.8328537 0.4332429 0.8404164 0.4370242 0.8394032 0.4332429 0.8328537 0.4370242 0.8394032 0.4332429 0.8404164 0.4332429 0.8328537 0.4370242 0.8394032 0.4397924 0.836635 0.4332429 0.8328537 0.4397923 0.8366351 0.4370242 0.8394032 0.4332429 0.8328537 0.4397924 0.836635 0.4408056 0.8328537 0.4332429 0.8328537 0.4408056 0.8328537 0.4397923 0.8366351 0.4332429 0.8328537 0.4408056 0.8328537 0.4397923 0.8290723 0.4332429 0.8328537 0.4397923 0.8290723 0.4408056 0.8328537 0.4332429 0.8328537 0.4397923 0.8290723 0.4370242 0.8263041 0.4332429 0.8328537 0.4370242 0.8263042 0.4397923 0.8290723 0.4332429 0.8328537 0.4370242 0.8263041 0.4332429 0.825291 0.4332429 0.8328537 0.4332429 0.825291 0.4370242 0.8263042 0.4332429 0.8328537 0.4332429 0.825291 0.4294615 0.8263042 0.4332429 0.8328537 0.4294615 0.8263042 0.4332429 0.825291 0.4332429 0.8328537 0.4294615 0.8263042 0.4266934 0.8290723 0.4332429 0.8328537 0.4266934 0.8290724 0.4294615 0.8263042 0.4332429 0.8328537 0.4266934 0.8290723 0.4256802 0.8328537 0.4332429 0.8328537 0.4256802 0.8328537 0.4266934 0.8290724 0.4332429 0.8328537 0.4256802 0.8328537 0.4266934 0.8366351 0.4332429 0.8328537 0.4266934 0.8366351 0.4256802 0.8328537 0.4332429 0.8328537 0.4266934 0.8366351 0.4294615 0.8394032 0.4332429 0.8328537 0.4294615 0.8394032 0.4266934 0.8366351 0.4332429 0.8328537 0.4294615 0.8394032 0.4332429 0.8404164 0.4332429 0.8328537 0.4332429 0.8404164 0.4294615 0.8394032 0.6200573 0.6241429 0.6033665 0.5854266 0.6200573 0.5854266 0.8983872 0.6363213 0.8837831 0.6826239 0.8837831 0.6363213 0.9250036 0.7612156 0.9347748 0.7146805 0.9347748 0.7612156 0.8357052 0.7628573 0.8266224 0.7149044 0.8357177 0.7149044 0.7765126 0.2990162 0.7879945 0.1485742 0.7879945 0.2990162 0.4186151 0.8356103 0.4143604 0.824008 0.4186151 0.824008 0.6033665 0.6241429 0.5870249 0.5854266 0.6033665 0.5854266 0.8837831 0.6363213 0.869237 0.6826239 0.869237 0.6363213 0.9347748 0.7146805 0.9445365 0.7612156 0.9347748 0.7612156 0.826562 0.7628573 0.8174733 0.7149044 0.8266224 0.7149044 0.7879945 0.2990162 0.7994739 0.1485742 0.799474 0.2990162 0.4143446 0.8356103 0.4101087 0.824008 0.4143604 0.824008 0.5870249 0.6241429 0.5713754 0.5854266 0.5870249 0.5854266 0.869237 0.6363213 0.8548066 0.6826239 0.8548066 0.6363213 0.9445365 0.7146805 0.9542788 0.7612156 0.9445365 0.7612156 0.8174733 0.7628573 0.8083549 0.7149044 0.8174733 0.7149044 0.799474 0.2990162 0.8109488 0.1485742 0.8109488 0.2990162 0.4100772 0.8356103 0.4058631 0.824008 0.4101087 0.824008 0.5713754 0.6241429 0.5567453 0.5854266 0.5713754 0.5854266 0.8548066 0.6826239 0.840549 0.6363213 0.8548066 0.6363213 0.9542788 0.7146805 0.9639923 0.7612156 0.9542788 0.7612156 0.8083549 0.7149044 0.7992372 0.7628573 0.7992372 0.7149044 0.8109488 0.1485742 0.8224167 0.2990162 0.8109488 0.2990162 0.4058157 0.8356103 0.4016263 0.824008 0.4058631 0.824008 0.5567453 0.5854266 0.5434334 0.6241429 0.5434334 0.5854266 0.840549 0.6826239 0.8265209 0.6363213 0.840549 0.6363213 0.9639923 0.7146805 0.9736674 0.7612156 0.9639923 0.7612156 0.7992372 0.7628573 0.7901206 0.7149044 0.7992372 0.7149044 0.8224167 0.1485742 0.8338752 0.2990162 0.8224167 0.2990162 0.4015632 0.8356103 0.3974015 0.824008 0.4016263 0.824008 0.6966903 0.6241429 0.6833778 0.5854265 0.6966903 0.5854265 0.9702536 0.6826239 0.9562256 0.6363213 0.9702536 0.6363213 0.8763397 0.7146805 0.8860148 0.7612156 0.8763397 0.7612156 0.8812962 0.7628573 0.8721795 0.7149044 0.8812962 0.7149044 0.7191502 0.1485742 0.7306087 0.2990162 0.7191502 0.2990162 0.4398286 0.824008 0.4356669 0.8356103 0.4356038 0.824008 0.6833778 0.5854265 0.6687472 0.6241429 0.6687472 0.5854266 0.9562256 0.6826239 0.9419681 0.6363213 0.9562256 0.6363213 0.8860148 0.7146805 0.8957284 0.7612156 0.8860148 0.7612156 0.8721795 0.7628573 0.8630617 0.7149044 0.8721795 0.7149044 0.7306087 0.1485742 0.7420766 0.2990162 0.7306087 0.2990162 0.4356669 0.8356103 0.431367 0.824008 0.4356038 0.824008 0.6687472 0.6241429 0.653097 0.5854266 0.6687472 0.5854266 0.9419681 0.6826239 0.9276408 0.6363213 0.9419681 0.6363213 0.8957284 0.7146805 0.9054707 0.7612156 0.8957284 0.7612156 0.8630617 0.7628573 0.8539433 0.7149044 0.8630617 0.7149044 0.7420765 0.1485742 0.7535513 0.2990162 0.7420766 0.2990162 0.4314144 0.8356103 0.4271214 0.824008 0.431367 0.824008 0.653097 0.6241429 0.6367544 0.5854266 0.653097 0.5854266 0.9276408 0.6363213 0.9129914 0.6826239 0.9129914 0.6363213 0.9054707 0.7146805 0.9152324 0.7612156 0.9054707 0.7612156 0.8539433 0.7628573 0.8448244 0.7149044 0.8539433 0.7149044 0.7535513 0.1485742 0.7650309 0.2990162 0.7535513 0.2990162 0.427153 0.8356103 0.4228697 0.824008 0.4271214 0.824008 0.6367544 0.6241429 0.6200573 0.5854266 0.6367544 0.5854266 0.9129914 0.6363213 0.8983872 0.6826239 0.8983872 0.6363213 0.9152324 0.7146805 0.9250036 0.7612156 0.9152324 0.7612156 0.8448244 0.7149044 0.8357053 0.7628573 0.8357051 0.7149044 0.7650308 0.1485742 0.7765126 0.2990162 0.7650309 0.2990162 0.4228855 0.8356103 0.4186151 0.824008 0.4228697 0.824008 0.6200573 0.5854266 0.6033665 0.6241429 0.6033665 0.5854266 0.8983872 0.6826239 0.8837831 0.6363213 0.8983872 0.6363213 0.9250036 0.7146805 0.9347748 0.7612156 0.9250036 0.7612156 0.8357051 0.7149044 0.8265622 0.7628573 0.8266099 0.7149044 0.7765126 0.1485742 0.7879945 0.2990162 0.7765126 0.2990162 0.4186151 0.8356103 0.4143604 0.824008 0.4186151 0.824008 0.6033665 0.6241429 0.5870249 0.5854266 0.6033665 0.5854266 0.8837831 0.6826239 0.869237 0.6363213 0.8837831 0.6363213 0.9347748 0.7146805 0.9445365 0.7612156 0.9347748 0.7612156 0.8266099 0.7149044 0.8174733 0.7628573 0.8174733 0.7149044 0.7879945 0.1485742 0.799474 0.2990162 0.7879945 0.2990162 0.4143446 0.8356103 0.4101087 0.824008 0.4143604 0.824008 0.5870249 0.6241429 0.5713754 0.5854266 0.5870249 0.5854266 0.869237 0.6826239 0.8548066 0.6363213 0.869237 0.6363213 0.9445365 0.7146805 0.9542788 0.7612156 0.9445365 0.7612156 0.8174733 0.7628573 0.8083549 0.7149044 0.8174733 0.7149044 0.7994739 0.1485742 0.8109488 0.2990162 0.799474 0.2990162 0.4101087 0.824008 0.4058157 0.8356103 0.405863 0.824008 0.5713754 0.6241429 0.5567453 0.5854266 0.5713754 0.5854266 0.8548066 0.6363213 0.840549 0.6826239 0.840549 0.6363213 0.9542788 0.7612156 0.9639923 0.7146805 0.9639923 0.7612156 0.8083549 0.7628573 0.7992372 0.7149044 0.8083549 0.7149044 0.8109488 0.1485742 0.8224167 0.2990162 0.8109488 0.2990162 0.405863 0.824008 0.4015632 0.8356103 0.4016263 0.824008 0.5567453 0.5854266 0.5434334 0.6241429 0.5434334 0.5854266 0.840549 0.6826239 0.8265209 0.6363213 0.840549 0.6363213 0.9639923 0.7146805 0.9736674 0.7612156 0.9639923 0.7612156 0.7992372 0.7628573 0.7901206 0.7149044 0.7992372 0.7149044 0.8224167 0.1485742 0.8338752 0.2990162 0.8224167 0.2990162 0.4015632 0.8356103 0.3974015 0.824008 0.4016263 0.824008 0.6966903 0.6241429 0.6833778 0.5854265 0.6966903 0.5854265 0.9702536 0.6826239 0.9562256 0.6363213 0.9702536 0.6363213 0.8763397 0.7146805 0.8860148 0.7612156 0.8763397 0.7612156 0.8812962 0.7628573 0.8721795 0.7149044 0.8812962 0.7149044 0.7191502 0.1485742 0.7306087 0.2990162 0.7191502 0.2990162 0.4399074 0.8356103 0.4356037 0.824008 0.4398286 0.824008 0.6833778 0.5854265 0.6687472 0.6241429 0.6687472 0.5854266 0.9562256 0.6826239 0.9419681 0.6363213 0.9562256 0.6363213 0.8860148 0.7146805 0.8957284 0.7612156 0.8860148 0.7612156 0.8721795 0.7149044 0.8630617 0.7628573 0.8630617 0.7149044 0.7306087 0.1485742 0.7420766 0.2990162 0.7306087 0.2990162 0.4356669 0.8356103 0.431367 0.824008 0.4356037 0.824008 0.6687472 0.5854266 0.653097 0.6241429 0.653097 0.5854266 0.9419681 0.6826239 0.9276407 0.6363213 0.9419681 0.6363213 0.8957284 0.7146805 0.9054707 0.7612156 0.8957284 0.7612156 0.8630617 0.7628573 0.8539433 0.7149044 0.8630617 0.7149044 0.7420765 0.1485742 0.7535513 0.2990162 0.7420766 0.2990162 0.4314144 0.8356103 0.4271214 0.824008 0.431367 0.824008 0.653097 0.6241429 0.6367544 0.5854266 0.653097 0.5854266 0.9274343 0.6826239 0.9129914 0.6363213 0.9276407 0.6363213 0.9054707 0.7146805 0.9152324 0.7612156 0.9054707 0.7612156 0.8539433 0.7628573 0.8448244 0.7149044 0.8539433 0.7149044 0.7535513 0.2990162 0.7650308 0.1485742 0.7650309 0.2990162 0.427153 0.8356103 0.4228697 0.824008 0.4271214 0.824008 0.6367544 0.5854266 0.6200573 0.6241429 0.6200573 0.5854266 0.9129914 0.6826239 0.8983872 0.6363213 0.9129914 0.6363213 0.9152324 0.7146805 0.9250036 0.7612156 0.9152324 0.7612156 0.8448244 0.7628573 0.8357177 0.7149044 0.8448244 0.7149044 0.7650308 0.1485742 0.7765126 0.2990162 0.7650309 0.2990162 0.4228855 0.8356103 0.4186151 0.824008 0.4228697 0.824008 0.5434334 0.5854266 0.5550009 0.5823138 0.5567453 0.5854266 0.5645149 0.5728863 0.5567453 0.5854266 0.5550009 0.5823138 0.5940537 0.571929 0.5713754 0.5854266 0.5645149 0.5728863 0.6033665 0.5854266 0.5940537 0.571929 0.605294 0.581673 0.605294 0.581673 0.6200573 0.5854266 0.6033665 0.5854266 0.6348159 0.5816778 0.6367544 0.5854266 0.6200573 0.5854266 0.6460469 0.571928 0.6367544 0.5854266 0.6348159 0.5816778 0.6053344 0.5816057 0.6200573 0.5854266 0.6033665 0.5854266 0.5941243 0.571893 0.6033665 0.5854266 0.5870249 0.5854266 0.5646336 0.5729037 0.5870249 0.5854266 0.5713754 0.5854266 0.5646336 0.5729037 0.5567453 0.5854266 0.5550885 0.5823017 0.5550885 0.5823017 0.5567453 0.5854266 0.5434334 0.5854266 0.6851152 0.5823296 0.6966903 0.5854265 0.6833778 0.5854265 0.6833778 0.5854265 0.6755983 0.5728988 0.6851152 0.5823296 0.6687472 0.5854266 0.6460469 0.571928 0.6755983 0.5728988 0.634797 0.5816046 0.6367544 0.5854266 0.6200573 0.5854266 0.6459999 0.5718775 0.6367544 0.5854266 0.634797 0.5816046 0.6755082 0.5728964 0.653097 0.5854266 0.6459999 0.5718775 0.6755082 0.5728964 0.6833778 0.5854265 0.6687472 0.5854266 0.6850416 0.5822861 0.6966903 0.5854265 0.6833778 0.5854265 0.8829801 0.7850146 0.8679515 0.7560479 0.8829801 0.7584282 0.8597359 0.7813333 0.8543939 0.7491399 0.8679515 0.7560479 0.8387668 0.770649 0.8436345 0.7383807 0.8543939 0.7491399 0.8221256 0.7540079 0.8367265 0.7248232 0.8436345 0.7383807 0.8114413 0.733039 0.8343462 0.7097945 0.8367265 0.7248232 0.8077596 0.7097945 0.8367265 0.6947658 0.8343462 0.7097945 0.8221253 0.6655811 0.8367265 0.6947658 0.8114411 0.6865501 0.8387664 0.6489399 0.8436344 0.6812081 0.8221253 0.6655811 0.8387664 0.6489399 0.8679513 0.6635409 0.8543937 0.6704488 0.8597354 0.6382556 0.8829798 0.6611605 0.8679513 0.6635409 0.8829798 0.634574 0.8980086 0.6635407 0.8829798 0.6611605 0.9062241 0.6382554 0.911566 0.6704487 0.8980086 0.6635407 0.9438344 0.6655808 0.911566 0.6704487 0.9271933 0.6489396 0.9545188 0.6865497 0.9223255 0.681208 0.9438344 0.6655808 0.9545188 0.6865497 0.9316138 0.7097941 0.9292334 0.6947655 0.9545188 0.7330386 0.9316138 0.7097941 0.9582003 0.7097941 0.9438346 0.7540076 0.9292336 0.7248229 0.9545188 0.7330386 0.9438346 0.7540076 0.9115662 0.7491397 0.9223256 0.7383804 0.9062245 0.7813331 0.9115662 0.7491397 0.9271936 0.7706488 0.8829801 0.7850146 0.8980087 0.7560479 0.9062245 0.7813331 0.9594894 0.2287168 0.9593409 0.2282599 0.9608577 0.2280196 0.9597718 0.2291055 0.9594894 0.2287168 0.9608577 0.2280196 0.9601605 0.2293879 0.9597718 0.2291055 0.9608577 0.2280196 0.9606175 0.2295364 0.9601605 0.2293879 0.9608577 0.2280196 0.9610979 0.2295364 0.9606175 0.2295364 0.9608577 0.2280196 0.9615548 0.2293879 0.9610979 0.2295364 0.9608577 0.2280196 0.9619436 0.2291055 0.9615548 0.2293879 0.9608577 0.2280196 0.962226 0.2287168 0.9619436 0.2291055 0.9608577 0.2280196 0.9623744 0.2282599 0.962226 0.2287168 0.9608577 0.2280196 0.9623744 0.2277794 0.9623744 0.2282599 0.9608577 0.2280196 0.962226 0.2273223 0.9623744 0.2277794 0.9608577 0.2280196 0.9619436 0.2269337 0.962226 0.2273223 0.9608577 0.2280196 0.9615548 0.2266513 0.9619436 0.2269337 0.9608577 0.2280196 0.9610979 0.2265028 0.9615548 0.2266513 0.9608577 0.2280196 0.9606175 0.2265028 0.9610979 0.2265028 0.9608577 0.2280196 0.9535785 0.2324035 0.9543401 0.232156 0.9547403 0.2346836 0.9597718 0.2269337 0.9601605 0.2266513 0.9608577 0.2280196 0.9594894 0.2273223 0.9597718 0.2269337 0.9608577 0.2280196 0.9593409 0.2277794 0.9594894 0.2273223 0.9608577 0.2280196 0.9593409 0.2282599 0.9593409 0.2277794 0.9608577 0.2280196 0.7967721 0.7448903 0.8168408 0.8015276 0.7967725 0.8015279 0.796772 0.8015279 0.7767039 0.7448905 0.7967721 0.7448905 0.7967721 0.7270131 0.8168403 0.7448903 0.7967721 0.7448903 0.7967721 0.7448905 0.7767039 0.7270132 0.7967721 0.7270132 0.7967721 0.7091357 0.8168403 0.7270131 0.7967721 0.7270131 0.7967721 0.7270132 0.7767039 0.7091359 0.7967721 0.7091359 0.7967723 0.6912586 0.8168403 0.7091358 0.7967721 0.7091357 0.7967721 0.7091359 0.7767039 0.6912589 0.796772 0.6912588 0.7967725 0.6733813 0.8168403 0.6912587 0.7967723 0.6912586 0.796772 0.6912588 0.7767038 0.6733817 0.7967718 0.6733816 0.7967728 0.6555045 0.8168405 0.6733817 0.7967725 0.6733813 0.7967718 0.6733816 0.7767037 0.6555048 0.7967717 0.6555047 0.8684552 0.763728 0.8854962 0.7764433 0.8854962 0.7661782 0.9025374 0.763728 0.8854962 0.7764433 0.9075554 0.7732715 0.8527944 0.7565762 0.8634371 0.7732715 0.8684552 0.763728 0.9181981 0.7565762 0.9075554 0.7732715 0.9278276 0.7640137 0.8397829 0.7453018 0.8431649 0.7640137 0.8527944 0.7565762 0.9312096 0.7453018 0.9278276 0.7640137 0.9446703 0.7494195 0.830475 0.7308182 0.8263221 0.7494195 0.8397829 0.7453018 0.9405174 0.7308182 0.9446703 0.7494195 0.9567193 0.7306711 0.8256245 0.7142991 0.8142731 0.7306711 0.830475 0.7308182 0.9453681 0.7142991 0.9567193 0.7306711 0.962998 0.7092877 0.8256245 0.6597552 0.8079944 0.7092877 0.8256245 0.7142991 0.9453681 0.6597552 0.962998 0.7092877 0.962998 0.6593567 0.9552078 0.7576518 0.8214339 0.7364513 0.955215 0.7364972 0.955215 0.7364972 0.8214411 0.7152968 0.9552222 0.7153427 0.9552006 0.7788068 0.8214265 0.757606 0.9552078 0.7576518 0.9552222 0.7153427 0.8214485 0.6941417 0.9552295 0.6941875 0.9552006 0.7788068 0.8214121 0.799916 0.8214195 0.7787611 0.9552295 0.6941875 0.8214556 0.6729867 0.9552367 0.6730327 0.9551934 0.7999617 0.8214049 0.8210712 0.8214121 0.799916 0.9552367 0.6730327 0.821463 0.6518316 0.9552439 0.6518777 0.955179 0.8422715 0.8214049 0.8210712 0.9551862 0.8211165 0.9552439 0.6518777 0.8214703 0.6306767 0.9552513 0.6307228 0.955163 0.8894959 0.8213977 0.8422262 0.955179 0.8422715 0.9552674 0.5834985 0.8214703 0.6306767 0.8214866 0.5832802 0.8256245 0.6597552 0.8079944 0.7092877 0.8079944 0.659538 0.9453681 0.6597552 0.962998 0.7092877 0.9453681 0.7142991 0.8256245 0.7142991 0.8142731 0.7306711 0.8079944 0.7092877 0.9453681 0.7142991 0.9567192 0.7306711 0.9405174 0.7308182 0.830475 0.7308182 0.8263221 0.7494195 0.8142731 0.7306711 0.9405174 0.7308182 0.9446703 0.7494195 0.9312096 0.7453018 0.8397829 0.7453018 0.8431649 0.7640137 0.8263221 0.7494195 0.9312096 0.7453018 0.9278276 0.7640137 0.9181981 0.7565762 0.8527944 0.7565762 0.8634371 0.7732715 0.8431649 0.7640137 0.9181981 0.7565762 0.9075554 0.7732715 0.9025372 0.763728 0.8684552 0.763728 0.8854962 0.7764433 0.8634371 0.7732715 0.9025372 0.763728 0.8854962 0.7764433 0.8854962 0.7661782 0.7767035 0.6745808 0.7567772 0.6568709 0.7767037 0.656871 0.8168414 0.6555046 0.836956 0.6733822 0.8168413 0.6733821 0.7767035 0.6922908 0.7567772 0.6745807 0.7767035 0.6745808 0.8168413 0.6733821 0.8369558 0.6912596 0.8168411 0.6912595 0.7767035 0.6922908 0.7567771 0.7100008 0.7567771 0.6922908 0.8168411 0.6912595 0.8369555 0.7091369 0.816841 0.7091369 0.7767034 0.710001 0.7567771 0.7277109 0.7567771 0.7100008 0.816841 0.7091369 0.8369554 0.7270142 0.8168409 0.7270141 0.7767034 0.7454207 0.7567771 0.7277109 0.7767034 0.7277109 0.8168409 0.7270141 0.8369552 0.7448912 0.8168408 0.7448912 0.7767034 0.8015279 0.7567771 0.7454207 0.7767034 0.7454207 0.8168408 0.7448912 0.8369552 0.8015279 0.8168408 0.8015279 0.8806312 0.9328452 0.8554198 0.9292203 0.9058428 0.9292203 0.8554198 0.9292203 0.9290118 0.9186393 0.9058428 0.9292203 0.9290118 0.9186393 0.8130009 0.9019598 0.9482614 0.9019594 0.8130009 0.9019598 0.962032 0.8805321 0.9482614 0.9019594 0.7992303 0.8805321 0.9692079 0.8560932 0.962032 0.8805321 0.7920541 0.8560932 0.9692079 0.7753984 0.9692079 0.8560932 0.8870059 0.7503708 0.8615291 0.7467077 0.9124824 0.7467077 0.8381165 0.7360154 0.9124824 0.7467077 0.8615291 0.7467077 0.8381165 0.7360154 0.9553472 0.7191606 0.9358951 0.7360156 0.8047488 0.6975075 0.9553472 0.7191606 0.8186644 0.7191604 0.7974975 0.6728115 0.9692628 0.6975075 0.8047488 0.6975075 0.7974975 0.5912681 0.9765143 0.6728115 0.7974975 0.6728115 0.5355306 0.5314586 0.6146901 0.610618 0.6146901 0.5314586 0.9996409 0.5426048 0.8128289 0.5326669 0.9996409 0.5326669 0.9996409 0.5426048 0.8128289 0.5326669 0.9996409 0.5326669 0.8128289 0.5326669 0.9996409 0.5426048 0.9996409 0.5326669 0.8128289 0.5326669 0.9996409 0.5426048 0.9996409 0.5326669 0.9214636 0.9066755 0.9397879 0.8980957 0.9214636 0.8980957 0.9326861 0.9173073 0.9397879 0.9173073 0.9326861 0.9087276 0.4246388 0.8123592 0.4273043 0.8155311 0.4246388 0.8155311 0.9432692 0.897165 0.954905 0.9075782 0.9432692 0.9075782 0.4273844 0.8214921 0.43005 0.824664 0.4273844 0.824664 0.9120973 0.9525699 0.927017 0.9599546 0.9120973 0.9599546 0.9024379 0.943419 0.927017 0.943419 0.9024379 0.9508036 0.4407088 0.8101495 0.4388158 0.8074351 0.4434362 0.8074351 0.4434362 0.8120774 0.4407088 0.8101495 0.4434362 0.8074351 0.9445458 0.9109986 0.9316247 0.9109986 0.9445458 0.9170057 0.9366885 0.9184424 0.9316247 0.9244493 0.9366885 0.9244493 0.4297785 0.8221127 0.432444 0.8252847 0.4297785 0.8252847 0.9179441 0.90386 0.92958 0.9142733 0.9179441 0.9142734 0.4359884 0.8221127 0.4386539 0.8252847 0.4359884 0.8252847 0.4248623 0.8327239 0.4207592 0.8327239 0.4248623 0.8307026 0.4275063 0.8302191 0.4207592 0.8281977 0.4275063 0.8281977 0.9024379 0.9508036 0.927017 0.943419 0.9120973 0.9525699 0.927017 0.943419 0.927017 0.9599546 0.9120973 0.9525699 0.4248623 0.8307026 0.4207592 0.8327239 0.4207592 0.8281977 0.4248623 0.8307026 0.4207592 0.8281977 0.4275063 0.8302191 0.9445458 0.9170057 0.9316247 0.9109986 0.9366885 0.9184424 0.9316247 0.9109986 0.9316247 0.9244493 0.9366885 0.9184424 0.9326861 0.9087276 0.9397879 0.9173073 0.9397879 0.8980957 0.9326861 0.9087276 0.9397879 0.8980957 0.9214636 0.9066755 0.9552484 0.8803369 0.9552484 0.9006336 0.9368988 0.8915691 0.9250424 0.8894013 0.9552484 0.8803369 0.9368988 0.8915691 0.9368988 0.8915691 0.9552484 0.8803369 0.9250424 0.8894013 0.9368988 0.8915691 0.9552484 0.9006336 0.9552484 0.8803369 0.9250424 0.8894013 0.9552484 0.8803369 0.9250424 0.8803369 0.9368988 0.9006336 0.9552484 0.9006336 0.9368988 0.8915691 0.4359884 0.8221127 0.4386539 0.8252847 0.4359884 0.8252847 0.9179441 0.90386 0.92958 0.9142733 0.9179441 0.9142734 0.4297785 0.8221127 0.432444 0.8252847 0.4297785 0.8252847 0.9368988 0.8915691 0.9552484 0.9006336 0.9368988 0.9006336 0.9250424 0.8803369 0.9552484 0.8803369 0.9250424 0.8894013 0.9276512 0.9139459 0.9453655 0.9035328 0.9453655 0.913946 0.8790336 0.8582193 0.9308184 0.7049992 0.9308184 0.8582193 0.9308184 0.8582193 0.982603 0.7049992 0.982603 0.8582193 0.7754647 0.8582193 0.8272491 0.7049992 0.8272491 0.8582193 0.8272491 0.8582193 0.8790336 0.7049992 0.8790336 0.8582193 0.9308184 0.7049992 0.8790336 0.8582193 0.8790336 0.7049992 0.982603 0.7049992 0.9308184 0.8582193 0.9308184 0.7049992 0.8272491 0.7049992 0.7754647 0.8582193 0.7754647 0.7049992 0.8790336 0.7049992 0.8272491 0.8582193 0.8272491 0.7049992 0.8790336 0.8582193 0.9308184 0.7049992 0.9308184 0.8582193 0.9308184 0.8582193 0.982603 0.7049992 0.982603 0.8582193 0.7754647 0.8582193 0.8272491 0.7049992 0.8272491 0.8582193 0.8272491 0.8582193 0.8790336 0.7049992 0.8790336 0.8582193 0.8272491 0.8582193 0.8790336 0.7049992 0.8790336 0.8582193 0.7754647 0.8582193 0.8272491 0.7049992 0.8272491 0.8582193 0.9308184 0.8582193 0.982603 0.7049992 0.982603 0.8582193 0.8790336 0.8582193 0.9308184 0.7049992 0.9308184 0.8582193 0.4242578 0.8463791 0.414743 0.8463791 0.4222786 0.8402351 0.414743 0.8463791 0.4132946 0.8402351 0.4222786 0.8402351 0.4070207 0.825985 0.4061244 0.8361821 0.4052281 0.8339908 0.4070207 0.825985 0.4052281 0.8339908 0.4052281 0.8216024 0.407917 0.815788 0.4070207 0.825985 0.4052281 0.8216024 0.407917 0.815788 0.4052281 0.8216024 0.4052281 0.8092141 0.4123983 0.8342773 0.4132946 0.8402351 0.4061244 0.8361821 0.4132946 0.8402351 0.4052281 0.8463791 0.4061244 0.8361821 0.411502 0.8283196 0.4123983 0.8342773 0.4061244 0.8361821 0.411502 0.8283196 0.4061244 0.8361821 0.4070207 0.825985 0.4106057 0.8223618 0.411502 0.8283196 0.4070207 0.825985 0.4106057 0.8223618 0.4070207 0.825985 0.407917 0.815788 0.4217035 0.8135967 0.4134659 0.8114054 0.414743 0.8092141 0.4217035 0.8135967 0.414743 0.8092141 0.4242578 0.8092141 0.4299412 0.815788 0.4217035 0.8135967 0.4242578 0.8092141 0.4299412 0.815788 0.4242578 0.8092141 0.4337726 0.8092141 0.4106914 0.8135967 0.4161547 0.8179792 0.4106057 0.8223618 0.4106914 0.8135967 0.4106057 0.8223618 0.407917 0.815788 0.4106914 0.8135967 0.4134659 0.8114054 0.4161547 0.8179792 0.4134659 0.8114054 0.4217035 0.8135967 0.4161547 0.8179792 0.4261099 0.8223619 0.4161547 0.8179792 0.4217035 0.8135967 0.4261099 0.8223619 0.4217035 0.8135967 0.4299412 0.815788 0.4132946 0.8289358 0.4106057 0.8223618 0.4161547 0.8179792 0.4132946 0.8289358 0.4161547 0.8179792 0.4261099 0.8223619 0.4052281 0.8092141 0.4134659 0.8114054 0.4106914 0.8135967 0.4052281 0.8092141 0.4106914 0.8135967 0.407917 0.815788 0.4318569 0.8186952 0.4299412 0.8281763 0.4261099 0.8223619 0.4318569 0.8186952 0.4261099 0.8223619 0.4299412 0.815788 0.4318569 0.8186952 0.4337726 0.8216025 0.4299412 0.8281763 0.4337726 0.8216025 0.4337726 0.8339908 0.4299412 0.8281763 0.4222786 0.8402351 0.4299412 0.8281763 0.4337726 0.8339908 0.4222786 0.8402351 0.4337726 0.8339908 0.4337726 0.8463791 0.4222786 0.8289358 0.4261099 0.8223619 0.4299412 0.8281763 0.4222786 0.8289358 0.4299412 0.8281763 0.4222786 0.8402351 0.4337726 0.8092141 0.4337726 0.8216025 0.4299412 0.815788 0.4337726 0.8216025 0.4318569 0.8186952 0.4299412 0.815788 0.2214825 0.1321926 0.2176737 0.1360015 0.2214825 0.1360015 0.2214825 0.1321926 0.2176737 0.1360015 0.2214825 0.1360015 0.2611027 0.1077881 0.2216364 0.1129525 0.2216364 0.1077881 0.2611027 0.1129525 0.2216364 0.118117 0.2216364 0.1129525 0.2611027 0.118117 0.2216364 0.1232815 0.2216364 0.118117 0.2611027 0.1232815 0.2216364 0.128446 0.2216364 0.1232815 0.2611027 0.1232815 0.2216364 0.128446 0.2216364 0.1232815 0.2611027 0.118117 0.2216364 0.1232815 0.2216364 0.118117 0.2216364 0.1129525 0.2611027 0.118117 0.2216364 0.118117 0.2611027 0.1077881 0.2216364 0.1129525 0.2216364 0.1077881 0.2214825 0.1321926 0.2176737 0.1360015 0.2214825 0.1360015 0.2214825 0.1321926 0.2176737 0.1360015 0.2214825 0.1360015 0.2214825 0.1165705 0.2176737 0.1203794 0.2214825 0.1203794 0.2214825 0.1165705 0.2176737 0.1203794 0.2214825 0.1203794 0.2611027 0.1275759 0.2216364 0.1327404 0.2216364 0.1275759 0.2216364 0.1327404 0.2611027 0.137905 0.2216364 0.137905 0.2611027 0.137905 0.2216364 0.1430694 0.2216364 0.137905 0.2611027 0.1430694 0.2216364 0.1482339 0.2216364 0.1430694 0.2180045 0.09396028 0.2211714 0.1514181 0.2180045 0.1514181 0.2611027 0.118117 0.2216364 0.1202923 0.2216364 0.118117 0.2611027 0.1159418 0.2216364 0.118117 0.2216364 0.1159418 0.2611027 0.1137666 0.2216364 0.1159418 0.2216364 0.1137666 0.2214825 0.1321926 0.2176737 0.1360015 0.2214825 0.1360015 0.2214825 0.1321926 0.2176737 0.1360015 0.2214825 0.1360015 0.2216364 0.1268094 0.2611027 0.1216449 0.2216364 0.1216449 0.2216364 0.1216449 0.2611027 0.1164805 0.2216364 0.1164805 0.2216364 0.111316 0.2611027 0.1164805 0.2611027 0.111316 0.2216364 0.111316 0.2611027 0.1061515 0.2216364 0.1061515 0.2176737 0.138977 0.2214825 0.1351681 0.2214825 0.138977 0.2214825 0.1203794 0.2176737 0.1165705 0.2214825 0.1165705 0.2176737 0.1360015 0.2214825 0.1321926 0.2214825 0.1360015 0.2176737 0.112494 0.2214825 0.1086852 0.2214825 0.112494 0.2216364 0.09896713 0.2611027 0.09380263 0.2216364 0.09380263 0.2216364 0.09896713 0.2611027 0.1041316 0.2611027 0.09896713 0.2216364 0.1092962 0.2611027 0.1041316 0.2216364 0.1041316 0.2216364 0.1144605 0.2611027 0.1092962 0.2216364 0.1092962 0.1211431 0.3202785 0.1281425 0.3132792 0.1211431 0.3132792 0.03328841 0.2727841 0.03620749 0.1699084 0.03328841 0.1699084 0.03620749 0.2727841 0.03912663 0.1699084 0.03620749 0.1699084 0.03912663 0.2727841 0.04204559 0.1699084 0.03912663 0.1699084 0.04204559 0.2727841 0.04496473 0.1699084 0.04204559 0.1699084 0.6986994 0.4838551 0.7001425 0.4935501 0.6971716 0.4847492 0.6986994 0.4838551 0.6938154 0.4934288 0.6968946 0.4838551 0.6938154 0.4934288 0.7017785 0.4934288 0.697797 0.5111821 0.7001425 0.4935501 0.7017785 0.4934288 0.697797 0.5111821 0.7017785 0.4934288 0.6938154 0.4934288 0.697797 0.5111821 0.6938154 0.4934288 0.695411 0.4936224 0.697797 0.5111821 0.6985958 0.4849257 0.6938154 0.4934288 0.6968946 0.4838551 0.6968946 0.4838551 0.7017785 0.4934288 0.6986994 0.4838551 0.9966105 0.1744453 0.9953888 0.1768403 0.9973809 0.1768403 0.996159 0.1744453 0.9957879 0.1768888 0.9953888 0.1768403 0.9953888 0.1768403 0.9957879 0.1768888 0.9963848 0.1812816 0.9973809 0.1768403 0.9953888 0.1768403 0.9963848 0.1812816 0.9969716 0.1768707 0.9973809 0.1768403 0.9963848 0.1812816 0.9953888 0.1768403 0.9973809 0.1768403 0.9963848 0.1812816 0.996159 0.1744453 0.9973809 0.1768403 0.9953888 0.1768403 0.9966105 0.1744453 0.9969716 0.1768707 0.9962283 0.174669 0.04204559 0.1699084 0.04496473 0.2727841 0.04496473 0.1699084 0.03912663 0.2727841 0.04204559 0.1699084 0.03912663 0.1699084 0.03620749 0.2727841 0.03912663 0.1699084 0.03620749 0.1699084 0.03328841 0.2727841 0.03620749 0.1699084 0.03328841 0.1699084 0.1211431 0.3202785 0.1281425 0.3132792 0.1211431 0.3132792 0.1211431 0.3132792 0.1281425 0.3202785 0.1281425 0.3132792 0.05510658 0.1699084 0.05802559 0.2727841 0.05802559 0.1699084 0.05802559 0.2727841 0.06094461 0.1699084 0.05802559 0.1699084 0.06094461 0.1699084 0.06386381 0.2727841 0.06386381 0.1699084 0.06386381 0.2727841 0.06678283 0.1699084 0.06386381 0.1699084 0.9933131 0.1700164 0.9936741 0.1724418 0.9929309 0.1702401 0.9933131 0.1700164 0.9920912 0.1724115 0.9928616 0.1700164 0.9920912 0.1724115 0.9940834 0.1724115 0.9930873 0.1768527 0.9936741 0.1724418 0.9940834 0.1724115 0.9930873 0.1768527 0.9940834 0.1724115 0.9920912 0.1724115 0.9930873 0.1768527 0.9920912 0.1724115 0.9924904 0.1724599 0.9930873 0.1768527 0.9928616 0.1700164 0.9924904 0.1724599 0.9920912 0.1724115 0.9933131 0.1700164 0.9920912 0.1724115 0.9940834 0.1724115 0.1211431 0.3202785 0.1281425 0.3132792 0.1211431 0.3132792 0.070234 0.2727841 0.07315301 0.1699084 0.070234 0.1699084 0.07315301 0.2727841 0.07607203 0.1699084 0.07315301 0.1699084 0.07607203 0.2727841 0.07899111 0.1699084 0.07607203 0.1699084 0.07899111 0.1699084 0.08191013 0.2727841 0.08191013 0.1699084 0.9882987 0.1691277 0.9886597 0.1715531 0.9879165 0.1693513 0.9882987 0.1691277 0.9870769 0.1715227 0.9878472 0.1691277 0.9870769 0.1715227 0.9890691 0.1715227 0.9880729 0.1759639 0.9886597 0.1715531 0.9890691 0.1715227 0.9880729 0.1759639 0.9890691 0.1715227 0.9870769 0.1715227 0.9880729 0.1759639 0.9870769 0.1715227 0.9874761 0.1715711 0.9880729 0.1759639 0.9878472 0.1691277 0.9874761 0.1715711 0.9870769 0.1715227 0.9882987 0.1691277 0.9870769 0.1715227 0.9890691 0.1715227 0.9885472 0.1657611 0.9873254 0.1681562 0.9893175 0.1681562 0.9885213 0.166029 0.9873254 0.1681562 0.9880957 0.1657611 0.9873254 0.1681562 0.9877246 0.1682046 0.9883214 0.1725975 0.9893175 0.1681562 0.9873254 0.1681562 0.9883214 0.1725975 0.9889082 0.1681866 0.9893175 0.1681562 0.9883214 0.1725975 0.9873254 0.1681562 0.9893175 0.1681562 0.9883214 0.1725975 0.9885472 0.1657611 0.9873254 0.1681562 0.9880957 0.1657611 0.988165 0.1659848 0.9893175 0.1681562 0.9889082 0.1681866 0.04844564 0.2727841 0.05136466 0.1699084 0.04844564 0.1699084 0.04552662 0.1699084 0.04844564 0.2727841 0.04844564 0.1699084 0.0426076 0.2727841 0.04552662 0.1699084 0.0426076 0.1699084 0.0396884 0.1699084 0.0426076 0.2727841 0.0426076 0.1699084 0.1211431 0.3132792 0.1281425 0.3202785 0.1281425 0.3132792 0.1211431 0.3132792 0.1281425 0.3202785 0.1281425 0.3132792 0.05887019 0.2727841 0.06178939 0.1699084 0.05887019 0.1699084 0.06178939 0.1699084 0.06470841 0.2727841 0.06470841 0.1699084 0.06470841 0.1699084 0.06762742 0.2727841 0.06762742 0.1699084 0.06762742 0.2727841 0.0705465 0.1699084 0.06762742 0.1699084 0.987843 0.168317 0.9889955 0.1704884 0.9885862 0.1705188 0.9882252 0.1680933 0.9870034 0.1704884 0.9877737 0.1680933 0.9870034 0.1704884 0.9889955 0.1704884 0.9879994 0.1749297 0.9885862 0.1705188 0.9889955 0.1704884 0.9879994 0.1749297 0.9889955 0.1704884 0.9870034 0.1704884 0.9879994 0.1749297 0.9870034 0.1704884 0.9874026 0.1705368 0.9879994 0.1749297 0.9881993 0.1683612 0.9870034 0.1704884 0.9877737 0.1680933 0.9877737 0.1680933 0.9889955 0.1704884 0.9882252 0.1680933 0.1211431 0.3132792 0.1281425 0.3202785 0.1281425 0.3132792 0.0396884 0.1699084 0.0426076 0.2727841 0.0426076 0.1699084 0.0426076 0.1699084 0.04552662 0.2727841 0.04552662 0.1699084 0.04552662 0.1699084 0.04844564 0.2727841 0.04844564 0.1699084 0.04844564 0.2727841 0.05136466 0.1699084 0.04844564 0.1699084 0.988165 0.1659848 0.9893175 0.1681562 0.9889082 0.1681866 0.9885472 0.1657611 0.9873254 0.1681562 0.9880957 0.1657611 0.9873254 0.1681562 0.9893175 0.1681562 0.9883214 0.1725975 0.9889082 0.1681866 0.9893175 0.1681562 0.9883214 0.1725975 0.9893175 0.1681562 0.9873254 0.1681562 0.9883214 0.1725975 0.9873254 0.1681562 0.9877246 0.1682046 0.9883214 0.1725975 0.9885213 0.166029 0.9873254 0.1681562 0.9880957 0.1657611 0.9885472 0.1657611 0.9873254 0.1681562 0.9893175 0.1681562 0.9882987 0.1691277 0.9870769 0.1715227 0.9890691 0.1715227 0.9878472 0.1691277 0.9874761 0.1715711 0.9870769 0.1715227 0.9870769 0.1715227 0.9874761 0.1715711 0.9880729 0.1759639 0.9890691 0.1715227 0.9870769 0.1715227 0.9880729 0.1759639 0.9886597 0.1715531 0.9890691 0.1715227 0.9880729 0.1759639 0.9870769 0.1715227 0.9890691 0.1715227 0.9880729 0.1759639 0.9882987 0.1691277 0.9870769 0.1715227 0.9878472 0.1691277 0.9882987 0.1691277 0.9886597 0.1715531 0.9879165 0.1693513 0.07899111 0.1699084 0.08191013 0.2727841 0.08191013 0.1699084 0.07607203 0.2727841 0.07899111 0.1699084 0.07607203 0.1699084 0.07315301 0.2727841 0.07607203 0.1699084 0.07315301 0.1699084 0.070234 0.2727841 0.07315301 0.1699084 0.070234 0.1699084 0.1211431 0.3202785 0.1281425 0.3132792 0.1211431 0.3132792 0.1211431 0.3202785 0.1281425 0.3132792 0.1211431 0.3132792 0.070234 0.1699084 0.07315301 0.2727841 0.07315301 0.1699084 0.07315301 0.2727841 0.07607203 0.1699084 0.07315301 0.1699084 0.07607203 0.2727841 0.07899111 0.1699084 0.07607203 0.1699084 0.07899111 0.2727841 0.08191013 0.1699084 0.07899111 0.1699084 0.6366215 0.4771558 0.6412285 0.4858354 0.6395923 0.4859567 0.6363444 0.4762616 0.6412285 0.4858354 0.6332652 0.4858354 0.6332652 0.4858354 0.6412285 0.4858354 0.6372468 0.5035885 0.6395923 0.4859567 0.6412285 0.4858354 0.6372468 0.5035885 0.6412285 0.4858354 0.6332652 0.4858354 0.6372468 0.5035885 0.6332652 0.4858354 0.6348608 0.4860289 0.6372468 0.5035885 0.6380457 0.4773323 0.6332652 0.4858354 0.6363444 0.4762616 0.6381492 0.4762616 0.6332652 0.4858354 0.6412285 0.4858354 0.6819142 0.4423621 0.6770302 0.4519358 0.6849935 0.4519358 0.6818107 0.4434328 0.6770302 0.4519358 0.6801095 0.4423621 0.6770302 0.4519358 0.6786258 0.4521294 0.6810119 0.4696891 0.6849935 0.4519358 0.6770302 0.4519358 0.6810119 0.4696891 0.6833574 0.4520573 0.6849935 0.4519358 0.6810119 0.4696891 0.6770302 0.4519358 0.6849935 0.4519358 0.6810119 0.4696891 0.6801095 0.4423621 0.6849935 0.4519358 0.6770302 0.4519358 0.6819142 0.4423621 0.6833574 0.4520573 0.6803864 0.4432563 0.04347974 0.1699084 0.04639869 0.2727841 0.04639869 0.1699084 0.04056072 0.2727841 0.04347974 0.1699084 0.04056072 0.1699084 0.0376417 0.2727841 0.04056072 0.1699084 0.0376417 0.1699084 0.0347225 0.2727841 0.0376417 0.1699084 0.0347225 0.1699084 0.1211431 0.3132792 0.1281425 0.3202785 0.1281425 0.3132792 0.2359886 0.09418553 0.2613093 0.09825617 0.2359886 0.09825611 0.2359886 0.1063973 0.2613093 0.1023268 0.2613092 0.1063974 0.2590609 0.09934467 0.2553516 0.09563535 0.2553516 0.09934467 0.2613093 0.09825617 0.2359886 0.1023266 0.2359886 0.09825611 0.2590609 0.09934467 0.2553516 0.09563535 0.2553516 0.09934467 0.2359886 0.1063973 0.2613092 0.1104681 0.2359886 0.1104679 0.6945044 0.5061798 0.7072128 0.4899461 0.6945044 0.4899461 0.6880061 0.5042064 0.69765 0.4842641 0.69765 0.5042065 0.7072128 0.4899461 0.6945044 0.5061798 0.6945044 0.4899461 0.6780646 0.4842641 0.6684207 0.5042067 0.6684207 0.4842641 0.6933053 0.4848065 0.7032465 0.504749 0.6933053 0.504749 0.69765 0.5042065 0.7075914 0.4842641 0.7075913 0.5042067 0.69765 0.4842641 0.7075913 0.5042067 0.69765 0.5042065 0.6933053 0.4848065 0.7032465 0.504749 0.6933053 0.504749 0.6684207 0.4842641 0.6780647 0.5042065 0.6684207 0.5042067 0.7072128 0.4899461 0.6945044 0.5061798 0.6945044 0.4899461 0.6880061 0.5042064 0.69765 0.4842641 0.69765 0.5042065 0.6945044 0.4899461 0.7072128 0.5061798 0.7072128 0.4899461 0.2359886 0.1063973 0.2613092 0.1104681 0.2359886 0.1104679 0.2590609 0.09563535 0.2553516 0.09934467 0.2590609 0.09934467 0.2613093 0.09825617 0.2359886 0.1023266 0.2359886 0.09825611 0.2590609 0.09934467 0.2553516 0.09563535 0.2553516 0.09934467 0.2613092 0.1063974 0.2359886 0.1023266 0.2613093 0.1023268 0.2359886 0.09418553 0.2613093 0.09825617 0.2359886 0.09825611 0.6387172 0.6335778 0.7097835 0.4843271 0.6387172 0.4843271 0.8340382 0.6641426 0.8311681 0.5442377 0.8340382 0.5442377 0.9581577 0.8878076 0.9107444 0.6476749 0.9581577 0.6476749 0.9107443 0.8878076 0.8637702 0.6476749 0.9107444 0.6476749 0.8313537 0.6554351 0.8337941 0.5616485 0.8337941 0.6554351 0.8340382 0.6641426 0.8311681 0.5442377 0.8311681 0.6641426 0.8591034 0.9538753 0.8125674 0.7137425 0.8591034 0.7137425 0.9065756 0.9538753 0.8591034 0.7137425 0.9065756 0.7137425 0.9926818 0.8175385 0.9867284 0.5450747 0.992682 0.5450747 0.9926818 0.8175385 0.9867284 0.5450747 0.992682 0.5450747 0.9583323 0.8878076 0.9112419 0.6476749 0.9583323 0.6476749 0.9112419 0.8878076 0.86377 0.6476749 0.9112419 0.6476749 0.8340382 0.6641426 0.8311681 0.5442377 0.8311681 0.6641426 0.6387172 0.4843271 0.7097835 0.6335778 0.7097835 0.4843271 0.6387172 0.6335778 0.7097835 0.4843271 0.6387172 0.4843271 0.8340382 0.6641426 0.8311681 0.5442377 0.8311681 0.6641426 0.856123 0.8101781 0.8092641 0.5700454 0.8561228 0.5700452 0.9030973 0.8101779 0.8561228 0.5700452 0.9030973 0.5700452 0.9926818 0.8175385 0.9867284 0.5450747 0.992682 0.5450747 0.6387172 0.6335778 0.7097835 0.4843271 0.6387172 0.4843271 0.2331088 0.1151357 0.2310085 0.1085346 0.2344622 0.1089053 0.2310085 0.1149101 0.2275547 0.1089053 0.2310085 0.1085346 0.2289081 0.1151357 0.2242584 0.1100008 0.2275547 0.1089053 0.2377585 0.1100008 0.2331088 0.1151357 0.2344622 0.1089053 0.2351135 0.1158019 0.2344622 0.1089053 0.2377585 0.1100008 0.2289081 0.1151357 0.2242584 0.1100008 0.2275547 0.1089053 0.2310085 0.1149101 0.2275547 0.1089053 0.2310085 0.1085346 0.2331088 0.1151357 0.2310085 0.1085346 0.2344622 0.1089053 0.2331088 0.1151357 0.2310085 0.1085346 0.2344622 0.1089053 0.2310085 0.1149101 0.2275547 0.1089053 0.2310085 0.1085346 0.2275547 0.1089053 0.2269034 0.1158019 0.2242584 0.1100008 0.2351135 0.1158019 0.2344622 0.1089053 0.2377585 0.1100008 0.2351135 0.1158019 0.2344622 0.1089053 0.2377585 0.1100008 0.2275547 0.1089053 0.2269034 0.1158019 0.2242584 0.1100008 0.2310085 0.1149101 0.2275547 0.1089053 0.2310085 0.1085346 0.2331088 0.1151357 0.2310085 0.1085346 0.2344622 0.1089053 0.4400605 0.8206011 0.4029501 0.8399631 0.4029501 0.8206011 0.4593346 0.797478 0.4168201 0.8146073 0.4168202 0.7974776 0.9335784 0.8659432 0.922294 0.9522737 0.9222942 0.866252 0.4487985 0.797595 0.4189261 0.8237978 0.4189262 0.7975949 0.9797761 0.8655335 0.9685052 0.9519646 0.9685052 0.8659432 0.4515759 0.7978699 0.4246047 0.821528 0.4246047 0.7978699 0.4358393 0.7974945 0.4333122 0.8168227 0.4333123 0.7975612 0.4333123 0.7975612 0.4031656 0.8168225 0.4031657 0.797561 0.4388648 0.8074434 0.4032663 0.8304123 0.4032663 0.8074434 0.9685052 0.9519646 0.9335784 0.8659432 0.9685052 0.8659432 0.9671974 0.8393855 0.9852864 0.889802 0.9852864 0.8393855 0 0 1 0 1 1 0 0 1 0 1 1 0.3820177 0.3820177 0.6179823 0.6179823 0.6179823 0.3820177 0 0 1 0 1 1 0 0 1 0 1 1 0.3820177 0.3820177 0.6179823 0.6179823 0.3820177 0.6179823 0.7906615 0.9055619 0.9324595 0.8035609 0.9324597 0.9055619 0.3995066 0.7952898 0.425151 0.8169167 0.3995066 0.8169167 0.425151 0.7952898 0.4416193 0.8169167 0.425151 0.8169167 0.8047655 0.9557574 0.8144693 0.7274443 0.8047655 0.7274443 0.8047655 0.9557574 0.8144693 0.9913457 0.8144693 0.9557574 0.8047655 0.7274443 0.8144693 0.563149 0.8047655 0.563149 0.7897874 0.7274443 0.8639085 0.563149 0.7897874 0.563149 0.7897874 0.9557574 0.8639085 0.7274443 0.7897874 0.7274443 0.7897874 0.9913457 0.8639085 0.9557574 0.7897874 0.9557574 0.9327396 0.7789487 0.7625728 0.822378 0.7625728 0.7789487 0.8639085 0.8694179 0.7981947 0.8500104 0.9376383 0.8500104 0.7897874 0.8694179 0.7897874 0.8500104 0.7981947 0.8500104 0.9561736 0.2335616 0.9805647 0.1731734 0.9805647 0.2335616 0.2611027 0.1232815 0.2216364 0.128446 0.2216364 0.1232815 0.2611027 0.118117 0.2216364 0.1232815 0.2216364 0.118117 0.2216364 0.1129525 0.2611027 0.118117 0.2216364 0.118117 0.2611027 0.1077881 0.2216364 0.1129525 0.2216364 0.1077881 0.2214825 0.1321926 0.2176737 0.1360015 0.2214825 0.1360015 0.2214825 0.1321926 0.2176737 0.1360015 0.2214825 0.1360015 0.2214825 0.1165705 0.2176737 0.1203794 0.2214825 0.1203794 0.2214825 0.1165705 0.2176737 0.1203794 0.2214825 0.1203794 0.2611027 0.1275759 0.2216364 0.1327404 0.2216364 0.1275759 0.2216364 0.1327404 0.2611027 0.137905 0.2216364 0.137905 0.2611027 0.137905 0.2216364 0.1430694 0.2216364 0.137905 0.2611027 0.1430694 0.2216364 0.1482339 0.2216364 0.1430694 0.2180045 0.09396028 0.2211714 0.1514181 0.2180045 0.1514181 0.2611027 0.118117 0.2216364 0.1202923 0.2216364 0.118117 0.2216364 0.1159418 0.2611027 0.118117 0.2216364 0.118117 0.2611027 0.1137666 0.2216364 0.1159418 0.2216364 0.1137666 0.2214825 0.1321926 0.2176737 0.1360015 0.2214825 0.1360015 0.2214825 0.1321926 0.2176737 0.1360015 0.2214825 0.1360015 0.2216364 0.1268094 0.2611027 0.1216449 0.2216364 0.1216449 0.2216364 0.1216449 0.2611027 0.1164805 0.2216364 0.1164805 0.2216364 0.111316 0.2611027 0.1164805 0.2611027 0.111316 0.2216364 0.111316 0.2611027 0.1061515 0.2216364 0.1061515 0.2176737 0.138977 0.2214825 0.1351681 0.2214825 0.138977 0.2214825 0.1203794 0.2176737 0.1165705 0.2214825 0.1165705 0.2176737 0.1360015 0.2214825 0.1321926 0.2214825 0.1360015 0.2176737 0.112494 0.2214825 0.1086852 0.2214825 0.112494 0.2216364 0.09896713 0.2611027 0.09380263 0.2216364 0.09380263 0.2216364 0.09896713 0.2611027 0.1041316 0.2611027 0.09896713 0.2216364 0.1092962 0.2611027 0.1041316 0.2216364 0.1041316 0.2216364 0.1144605 0.2611027 0.1092962 0.2216364 0.1092962 0.9966105 0.1744453 0.9953888 0.1768403 0.9973809 0.1768403 0.996159 0.1744453 0.9957879 0.1768888 0.9953888 0.1768403 0.9953888 0.1768403 0.9957879 0.1768888 0.9963848 0.1812816 0.9973809 0.1768403 0.9953888 0.1768403 0.9963848 0.1812816 0.9969716 0.1768707 0.9973809 0.1768403 0.9963848 0.1812816 0.9953888 0.1768403 0.9973809 0.1768403 0.9963848 0.1812816 0.996159 0.1744453 0.9973809 0.1768403 0.9953888 0.1768403 0.9966105 0.1744453 0.9969716 0.1768707 0.9962283 0.174669 0.04204559 0.1699084 0.04496473 0.2727841 0.04496473 0.1699084 0.03912663 0.2727841 0.04204559 0.1699084 0.03912663 0.1699084 0.03620749 0.2727841 0.03912663 0.1699084 0.03620749 0.1699084 0.03328841 0.2727841 0.03620749 0.1699084 0.03328841 0.1699084 0.1211431 0.3202785 0.1281425 0.3132792 0.1211431 0.3132792 0.1211431 0.3132792 0.1281425 0.3202785 0.1281425 0.3132792 0.05510658 0.1699084 0.05802559 0.2727841 0.05802559 0.1699084 0.05802559 0.2727841 0.06094461 0.1699084 0.05802559 0.1699084 0.06094461 0.1699084 0.06386381 0.2727841 0.06386381 0.1699084 0.06386381 0.2727841 0.06678283 0.1699084 0.06386381 0.1699084 0.9933131 0.1700164 0.9936741 0.1724418 0.9929309 0.1702401 0.9933131 0.1700164 0.9920912 0.1724115 0.9928616 0.1700164 0.9920912 0.1724115 0.9940834 0.1724115 0.9930873 0.1768527 0.9936741 0.1724418 0.9940834 0.1724115 0.9930873 0.1768527 0.9940834 0.1724115 0.9920912 0.1724115 0.9930873 0.1768527 0.9920912 0.1724115 0.9924904 0.1724599 0.9930873 0.1768527 0.9928616 0.1700164 0.9924904 0.1724599 0.9920912 0.1724115 0.9933131 0.1700164 0.9920912 0.1724115 0.9940834 0.1724115 0.1211431 0.3202785 0.1281425 0.3132792 0.1211431 0.3132792 0.070234 0.2727841 0.07315301 0.1699084 0.070234 0.1699084 0.07315301 0.2727841 0.07607203 0.1699084 0.07315301 0.1699084 0.07607203 0.2727841 0.07899111 0.1699084 0.07607203 0.1699084 0.07899111 0.1699084 0.08191013 0.2727841 0.08191013 0.1699084 0.9882987 0.1691277 0.9886597 0.1715531 0.9879165 0.1693513 0.9882987 0.1691277 0.9870769 0.1715227 0.9878472 0.1691277 0.9870769 0.1715227 0.9890691 0.1715227 0.9880729 0.1759639 0.9886597 0.1715531 0.9890691 0.1715227 0.9880729 0.1759639 0.9890691 0.1715227 0.9870769 0.1715227 0.9880729 0.1759639 0.9870769 0.1715227 0.9874761 0.1715711 0.9880729 0.1759639 0.9878472 0.1691277 0.9874761 0.1715711 0.9870769 0.1715227 0.9882987 0.1691277 0.9870769 0.1715227 0.9890691 0.1715227 0.9885472 0.1657611 0.9873254 0.1681562 0.9893175 0.1681562 0.9885213 0.166029 0.9873254 0.1681562 0.9880957 0.1657611 0.9873254 0.1681562 0.9877246 0.1682046 0.9883214 0.1725975 0.9893175 0.1681562 0.9873254 0.1681562 0.9883214 0.1725975 0.9889082 0.1681866 0.9893175 0.1681562 0.9883214 0.1725975 0.9873254 0.1681562 0.9893175 0.1681562 0.9883214 0.1725975 0.9885472 0.1657611 0.9873254 0.1681562 0.9880957 0.1657611 0.988165 0.1659848 0.9893175 0.1681562 0.9889082 0.1681866 0.04844564 0.2727841 0.05136466 0.1699084 0.04844564 0.1699084 0.04552662 0.1699084 0.04844564 0.2727841 0.04844564 0.1699084 0.0426076 0.1699084 0.04552662 0.2727841 0.04552662 0.1699084 0.0396884 0.1699084 0.0426076 0.2727841 0.0426076 0.1699084 0.1211431 0.3132792 0.1281425 0.3202785 0.1281425 0.3132792 0.1211431 0.3132792 0.1281425 0.3202785 0.1281425 0.3132792 0.05887019 0.2727841 0.06178939 0.1699084 0.05887019 0.1699084 0.06178939 0.1699084 0.06470841 0.2727841 0.06470841 0.1699084 0.06470841 0.1699084 0.06762742 0.2727841 0.06762742 0.1699084 0.06762742 0.2727841 0.0705465 0.1699084 0.06762742 0.1699084 0.987843 0.168317 0.9889955 0.1704884 0.9885862 0.1705188 0.9882252 0.1680933 0.9870034 0.1704884 0.9877737 0.1680933 0.9870034 0.1704884 0.9889955 0.1704884 0.9879994 0.1749297 0.9885862 0.1705188 0.9889955 0.1704884 0.9879994 0.1749297 0.9889955 0.1704884 0.9870034 0.1704884 0.9879994 0.1749297 0.9870034 0.1704884 0.9874026 0.1705368 0.9879994 0.1749297 0.9881993 0.1683612 0.9870034 0.1704884 0.9877737 0.1680933 0.9877737 0.1680933 0.9889955 0.1704884 0.9882252 0.1680933 0.1211431 0.3132792 0.1281425 0.3202785 0.1281425 0.3132792 0.0396884 0.1699084 0.0426076 0.2727841 0.0426076 0.1699084 0.0426076 0.1699084 0.04552662 0.2727841 0.04552662 0.1699084 0.04552662 0.1699084 0.04844564 0.2727841 0.04844564 0.1699084 0.04844564 0.2727841 0.05136466 0.1699084 0.04844564 0.1699084 0.988165 0.1659848 0.9893175 0.1681562 0.9889082 0.1681866 0.9885472 0.1657611 0.9873254 0.1681562 0.9880957 0.1657611 0.9873254 0.1681562 0.9893175 0.1681562 0.9883214 0.1725975 0.9889082 0.1681866 0.9893175 0.1681562 0.9883214 0.1725975 0.9893175 0.1681562 0.9873254 0.1681562 0.9883214 0.1725975 0.9873254 0.1681562 0.9877246 0.1682046 0.9883214 0.1725975 0.9885213 0.166029 0.9873254 0.1681562 0.9880957 0.1657611 0.9885472 0.1657611 0.9873254 0.1681562 0.9893175 0.1681562 0.9882987 0.1691277 0.9870769 0.1715227 0.9890691 0.1715227 0.9878472 0.1691277 0.9874761 0.1715711 0.9870769 0.1715227 0.9870769 0.1715227 0.9874761 0.1715711 0.9880729 0.1759639 0.9890691 0.1715227 0.9870769 0.1715227 0.9880729 0.1759639 0.9886597 0.1715531 0.9890691 0.1715227 0.9880729 0.1759639 0.9870769 0.1715227 0.9890691 0.1715227 0.9880729 0.1759639 0.9882987 0.1691277 0.9870769 0.1715227 0.9878472 0.1691277 0.9882987 0.1691277 0.9886597 0.1715531 0.9879165 0.1693513 0.07899111 0.1699084 0.08191013 0.2727841 0.08191013 0.1699084 0.07607203 0.2727841 0.07899111 0.1699084 0.07607203 0.1699084 0.07315301 0.2727841 0.07607203 0.1699084 0.07315301 0.1699084 0.070234 0.2727841 0.07315301 0.1699084 0.070234 0.1699084 0.1211431 0.3202785 0.1281425 0.3132792 0.1211431 0.3132792 0.9439799 0.5487383 0.7825825 0.9825118 0.9439799 0.9825118 0.8181768 0.7245909 0.9319629 0.7899461 0.8633374 0.7899461 0.9687188 0.863871 0.7889204 0.6382598 0.9687188 0.6382598 0.4029501 0.8399631 0.4400605 0.8206011 0.4029501 0.8206011 0.8252758 0.6163801 0.9129591 0.9742078 0.8252758 0.9742078 0.9561736 0.2335616 0.9805647 0.1731734 0.9805647 0.2335616 0.9768124 0.6831642 0.9841079 0.5866947 0.8283087 0.5866948 0.8283087 0.6831641 0.8283087 0.7649469 0.8882652 0.8387814 0.8283087 0.7649469 0.8283087 0.8195924 0.8882652 0.8387814 0.8283087 0.6831641 0.9249427 0.8195925 0.9560363 0.7649469 0.9768124 0.6831642 0.8283087 0.5866948 0.8283087 0.6831641 0.9560363 0.7649469 0.9768124 0.6831642 0.8283087 0.6831641 0.7683249 0.6831641 0.7683249 0.5866948 0.8882652 0.8387814 0.7683249 0.5866948 0.9841079 0.5866948 0.9768124 0.6831642 0.8882652 0.8387814 0.7683249 0.5866948 0.9768124 0.6831642 0.9768124 0.6831642 0.9560363 0.7649469 0.8882652 0.8387814 0.9560363 0.7649469 0.9249427 0.8195925 0.8882652 0.8387814 0.8882652 0.8387814 0.7683249 0.8195925 0.7683249 0.7649469 0.8283093 0.5866947 0.8283093 0.6831642 0.7683241 0.6831642 0.8283093 0.6831642 0.8283093 0.7649469 0.7683241 0.7649469 0.9560363 0.6963897 0.9249427 0.6963898 0.9249427 0.5764194 0.9249427 0.5764194 0.9249427 0.6963898 0.8882652 0.6963897 0.8882652 0.5764194 0.8882652 0.6963897 0.8283087 0.6963887 0.8283087 0.5866948 0.984108 0.5866947 0.9768124 0.6831642 0.9768124 0.6831642 0.9560363 0.7649469 0.8283087 0.5866948 0.9560363 0.7649469 0.9249427 0.8195925 0.8283087 0.6831641 0.8283087 0.5866948 0.9560363 0.7649469 0.8283087 0.6831641 0.9249427 0.8195925 0.8882653 0.8387814 0.8283087 0.6831641 0.8882653 0.8387814 0.8283087 0.8195924 0.8283087 0.7649469 0.984108 0.5866948 0.768325 0.5866948 0.8882653 0.8387814 0.768325 0.5866948 0.768325 0.6831641 0.8882653 0.8387814 0.768325 0.6831641 0.768325 0.7649469 0.8882653 0.8387814 0.768325 0.7649469 0.768325 0.8195925 0.8882653 0.8387814 0.8882653 0.8387814 0.9249427 0.8195925 0.9560363 0.7649469 0.9560363 0.7649469 0.9768124 0.6831642 0.8882653 0.8387814 0.7683241 0.6831642 0.8283094 0.6831642 0.8283094 0.5866947 0.7683241 0.7649469 0.8283094 0.7649469 0.8283094 0.6831642 0.7683241 0.8896567 0.8283094 0.8896567 0.8283094 0.9518439 0.7683241 0.8163017 0.8283094 0.8163018 0.8283094 0.8896567 0.7683241 0.8163017 0.7683241 0.5764212 0.8283087 0.6963886 0.8283087 0.5866948 0.9841079 0.5866947 0.9768124 0.6831642 0.9768124 0.6831642 0.9560363 0.7649469 0.8283087 0.6831641 0.9560363 0.7649469 0.9249427 0.8195925 0.8283087 0.6831641 0.9249427 0.8195925 0.8882652 0.8387814 0.8283087 0.6831641 0.8882652 0.8387814 0.8283087 0.8195924 0.8283087 0.7649469 0.8283087 0.7649469 0.8283087 0.6831641 0.8882652 0.8387814 0.9841079 0.5866948 0.7683249 0.5866948 0.9768124 0.6831642 0.7683249 0.5866948 0.7683249 0.6831641 0.8882652 0.8387814 0.7683249 0.7649469 0.7683249 0.8195925 0.8882652 0.8387814 0.7683249 0.5866948 0.8882652 0.8387814 0.9768124 0.6831642 0.7683249 0.6831641 0.7683249 0.7649469 0.8882652 0.8387814 0.9560363 0.7649469 0.9768124 0.6831642 0.8882652 0.8387814 0.7683241 0.6831642 0.8283093 0.6831642 0.8283093 0.5866947 0.7683241 0.7649469 0.8283093 0.7649469 0.8283093 0.6831642 0.9249427 0.5764194 0.9249427 0.6963898 0.9560363 0.6963897 0.9249427 0.5764194 0.8882652 0.5764194 0.8882652 0.6963897 0.8882652 0.5764194 0.7683249 0.5764194 0.8283087 0.6963887 0.9768124 0.6831642 0.984108 0.5866947 0.8283087 0.5866948 0.8283087 0.5866948 0.8283087 0.6831641 0.9560363 0.7649469 0.8283087 0.6831641 0.8283087 0.7649469 0.8882653 0.8387814 0.9560363 0.7649469 0.8283087 0.6831641 0.9249427 0.8195925 0.9560363 0.7649469 0.9768124 0.6831642 0.8283087 0.5866948 0.8882653 0.8387814 0.9249427 0.8195925 0.8283087 0.6831641 0.768325 0.6831641 0.768325 0.5866948 0.8882653 0.8387814 0.768325 0.5866948 0.984108 0.5866948 0.8882653 0.8387814 0.984108 0.5866948 0.9768124 0.6831642 0.8882653 0.8387814 0.9768124 0.6831642 0.9560363 0.7649469 0.8882653 0.8387814 0.9560363 0.7649469 0.9249427 0.8195925 0.8882653 0.8387814 0.8882653 0.8387814 0.768325 0.8195925 0.768325 0.7649469 0.8283094 0.5866947 0.8283094 0.6831642 0.7683241 0.6831642 0.8283094 0.6831642 0.8283094 0.7649469 0.7683241 0.7649469 0.8283094 0.9518439 0.8283094 0.8896567 0.7683241 0.8896567 0.8283094 0.8896567 0.8283094 0.8163018 0.7683241 0.8163017 0.7683241 0.8163017 0.8283094 0.8163018 0.8283087 0.6963886 0.8283087 0.5866948 0.9841079 0.5866947 0.9768124 0.6831642 0.9768124 0.6831642 0.9560363 0.7649469 0.8283087 0.6831641 0.9560363 0.7649469 0.9249427 0.8195925 0.8283087 0.6831641 0.9768124 0.6831642 0.8283087 0.6831641 0.8283087 0.5866948 0.9249427 0.8195925 0.8882652 0.8387814 0.8283087 0.6831641 0.8882652 0.8387814 0.8283087 0.8195924 0.8283087 0.7649469 0.9841079 0.5866948 0.7683249 0.5866948 0.9768124 0.6831642 0.7683249 0.5866948 0.7683249 0.6831641 0.8882652 0.8387814 0.7683249 0.7649469 0.7683249 0.8195925 0.8882652 0.8387814 0.7683249 0.5866948 0.8882652 0.8387814 0.9768124 0.6831642 0.7683249 0.6831641 0.7683249 0.7649469 0.8882652 0.8387814 0.9560363 0.7649469 0.9768124 0.6831642 0.8882652 0.8387814 0.7683241 0.6831642 0.8283093 0.6831642 0.8283093 0.5866947 0.7683241 0.7649469 0.8283093 0.7649469 0.8283093 0.6831642 0.9249427 0.5764194 0.9249427 0.6963898 0.9560363 0.6963897 0.8882652 0.5764194 0.8882652 0.6963897 0.9249427 0.6963898 0.8882652 0.5764194 0.7683249 0.5764194 0.8283087 0.6963887 0.9768124 0.6831642 0.984108 0.5866947 0.8283087 0.5866948 0.8283087 0.5866948 0.8283087 0.6831641 0.9560363 0.7649469 0.8283087 0.6831641 0.8283087 0.7649469 0.8882653 0.8387814 0.8283087 0.7649469 0.8283087 0.8195924 0.8882653 0.8387814 0.8882653 0.8387814 0.9249427 0.8195925 0.8283087 0.6831641 0.9249427 0.8195925 0.9560363 0.7649469 0.8283087 0.6831641 0.768325 0.6831641 0.768325 0.5866948 0.8882653 0.8387814 0.768325 0.5866948 0.984108 0.5866948 0.8882653 0.8387814 0.984108 0.5866948 0.9768124 0.6831642 0.8882653 0.8387814 0.9768124 0.6831642 0.9560363 0.7649469 0.8882653 0.8387814 0.9560363 0.7649469 0.9249427 0.8195925 0.8882653 0.8387814 0.8882653 0.8387814 0.768325 0.8195925 0.768325 0.7649469 0.8283094 0.5866947 0.8283094 0.6831642 0.7683241 0.6831642 0.8283094 0.6831642 0.8283094 0.7649469 0.7683241 0.7649469 0.7683241 0.9518439 0.8283094 0.9518439 0.8283094 0.8896567 0.7683241 0.8896567 0.8283094 0.8896567 0.8283094 0.8163018 0.7683241 0.8163017 0.8283094 0.8163018 0.8283087 0.6963886 0.9768124 0.6831642 0.9841079 0.5866947 0.8283087 0.5866948 0.8283087 0.6831641 0.8283087 0.7649469 0.8882652 0.8387814 0.8283087 0.7649469 0.8283087 0.8195924 0.8882652 0.8387814 0.8283087 0.6831641 0.9249427 0.8195925 0.9560363 0.7649469 0.9768124 0.6831642 0.8283087 0.5866948 0.8283087 0.6831641 0.9560363 0.7649469 0.9768124 0.6831642 0.8283087 0.6831641 0.7683249 0.6831641 0.7683249 0.5866948 0.8882652 0.8387814 0.7683249 0.5866948 0.9841079 0.5866948 0.9768124 0.6831642 0.8882652 0.8387814 0.7683249 0.5866948 0.9768124 0.6831642 0.9768124 0.6831642 0.9560363 0.7649469 0.8882652 0.8387814 0.9560363 0.7649469 0.9249427 0.8195925 0.8882652 0.8387814 0.8882652 0.8387814 0.7683249 0.8195925 0.7683249 0.7649469 0.8283093 0.5866947 0.8283093 0.6831642 0.7683241 0.6831642 0.8283093 0.6831642 0.8283093 0.7649469 0.7683241 0.7649469 0.9560363 0.6963897 0.9249427 0.6963898 0.9249427 0.5764194 0.9249427 0.6963898 0.8882652 0.6963897 0.8882652 0.5764194 0.8882652 0.5764194 0.8882652 0.6963897 0.8283087 0.6963887 0.8283087 0.5866948 0.984108 0.5866947 0.9768124 0.6831642 0.9768124 0.6831642 0.9560363 0.7649469 0.8283087 0.5866948 0.9560363 0.7649469 0.9249427 0.8195925 0.8283087 0.6831641 0.8283087 0.5866948 0.9560363 0.7649469 0.8283087 0.6831641 0.9249427 0.8195925 0.8882653 0.8387814 0.8283087 0.6831641 0.8882653 0.8387814 0.8283087 0.8195924 0.8283087 0.7649469 0.984108 0.5866948 0.768325 0.5866948 0.8882653 0.8387814 0.768325 0.5866948 0.768325 0.6831641 0.8882653 0.8387814 0.768325 0.7649469 0.768325 0.8195925 0.8882653 0.8387814 0.768325 0.6831641 0.768325 0.7649469 0.8882653 0.8387814 0.9560363 0.7649469 0.9768124 0.6831642 0.8882653 0.8387814 0.9768124 0.6831642 0.984108 0.5866948 0.8882653 0.8387814 0.7683241 0.6831642 0.8283094 0.6831642 0.8283094 0.5866947 0.7683241 0.7649469 0.8283094 0.7649469 0.8283094 0.6831642 0.7683241 0.9518439 0.7683241 0.8896567 0.8283094 0.8896567 0.7683241 0.8896567 0.7683241 0.8163017 0.8283094 0.8163018 0.7683241 0.8163017 0.7683241 0.5764212 0.8283087 0.6963886 0.6151595 0.6141414 0.6151595 0.6327261 0.6316868 0.629597 0.6316868 0.629597 0.6151595 0.6327261 0.6151595 0.6141414 0.6468754 0.6204633 0.6394425 0.6047524 0.6278134 0.6117457 0.6468754 0.6204633 0.6316868 0.629597 0.6278134 0.6117457 0.6594945 0.6060649 0.6491042 0.5937286 0.6394425 0.6047524 0.6594945 0.6060649 0.6468754 0.6204633 0.6394425 0.6047524 0.668522 0.5875681 0.656016 0.5795666 0.6491042 0.5937286 0.668522 0.5875681 0.6594945 0.6060649 0.6491042 0.5937286 0.6732263 0.5664718 0.6596178 0.5634143 0.656016 0.5795666 0.6732263 0.5664718 0.668522 0.5875681 0.656016 0.5795666 0.6732263 0.5157827 0.6596179 0.5157827 0.6596178 0.5634143 0.6732263 0.5157827 0.6732263 0.5664718 0.6596178 0.5634143 0.5570925 0.5157827 0.5570926 0.5664718 0.5707011 0.5634143 0.5707011 0.5634143 0.5570926 0.5664718 0.5570925 0.5157827 0.5570926 0.5664718 0.5617968 0.5875681 0.5743029 0.5795666 0.5743029 0.5795666 0.5617968 0.5875681 0.5570926 0.5664718 0.5617968 0.5875681 0.5708242 0.6060647 0.5812146 0.5937283 0.5812146 0.5937283 0.5708242 0.6060647 0.5617968 0.5875681 0.5708242 0.6060647 0.5834433 0.6204632 0.5908763 0.6047524 0.5908763 0.6047524 0.5834433 0.6204632 0.5708242 0.6060647 0.5834433 0.6204632 0.598632 0.629597 0.6025053 0.6117457 0.6025053 0.6117457 0.598632 0.629597 0.5834433 0.6204632 0.6151595 0.6327261 0.6151595 0.6141414 0.6025053 0.6117457 0.6151595 0.6327261 0.598632 0.629597 0.6025053 0.6117457 0.9181286 0.9685631 0.9181286 0.9608711 0.9333958 0.9586761 0.9181286 0.9685631 0.9355837 0.9660536 0.9333958 0.9586761 0.9355837 0.9660536 0.9333958 0.9586761 0.947426 0.9522687 0.9355837 0.9660536 0.9516248 0.9587278 0.947426 0.9522687 0.9516248 0.9587278 0.947426 0.9522687 0.9590828 0.9421681 0.9516248 0.9587278 0.9649522 0.9471796 0.9590828 0.9421681 0.9649522 0.9471796 0.9590828 0.9421681 0.9674217 0.9291924 0.9649522 0.9471796 0.9744861 0.9323444 0.9674217 0.9291924 0.9744861 0.9323444 0.9674217 0.9291924 0.9717673 0.9143931 0.9744861 0.9323444 0.9794544 0.9154242 0.9717673 0.9143931 0.6682698 0.984769 0.7181662 0.9847691 0.7171351 0.9924563 0.7171351 0.9924563 0.7181662 0.9847691 0.6682698 0.984769 0.6682698 0.9847733 0.6682698 0.9924606 0.7171351 0.9924606 0.6682698 0.9847733 0.7181662 0.9847734 0.7171351 0.9924606 0.9744818 0.9323444 0.9794501 0.9154242 0.9717628 0.9143931 0.9717628 0.9143931 0.9794501 0.9154242 0.9744818 0.9323444 0.9649477 0.9471799 0.9744818 0.9323444 0.9674173 0.9291924 0.9674173 0.9291924 0.9744818 0.9323444 0.9649477 0.9471799 0.9516204 0.9587278 0.9649477 0.9471799 0.9590784 0.9421681 0.9590784 0.9421681 0.9649477 0.9471799 0.9516204 0.9587278 0.9355792 0.9660536 0.9516204 0.9587278 0.9474216 0.9522687 0.9474216 0.9522687 0.9516204 0.9587278 0.9355792 0.9660536 0.9333913 0.9586761 0.9181244 0.9608711 0.9181244 0.9685631 0.9333913 0.9586761 0.9355792 0.9660536 0.9181244 0.9685631 0.6682698 0.984769 0.7181662 0.9847691 0.7171351 0.9924563 0.7171351 0.9924563 0.7181662 0.9847691 0.6682698 0.984769 0.9744861 0.9323444 0.9674217 0.9291924 0.9717673 0.9143931 0.9744861 0.9323444 0.9794544 0.9154242 0.9717673 0.9143931 0.9649522 0.9471796 0.9590828 0.9421681 0.9674217 0.9291924 0.9649522 0.9471796 0.9744861 0.9323444 0.9674217 0.9291924 0.9516248 0.9587278 0.947426 0.9522687 0.9590828 0.9421681 0.9516248 0.9587278 0.9649522 0.9471796 0.9590828 0.9421681 0.9355837 0.9660536 0.9333958 0.9586761 0.947426 0.9522687 0.9355837 0.9660536 0.9516248 0.9587278 0.947426 0.9522687 0.9181286 0.9685631 0.9181286 0.9608711 0.9333958 0.9586761 0.9181286 0.9685631 0.9355837 0.9660536 0.9333958 0.9586761 0.598632 0.629597 0.6151595 0.6327261 0.6151595 0.6141414 0.6151595 0.6141414 0.6151595 0.6327261 0.598632 0.629597 0.5834433 0.6204632 0.598632 0.629597 0.6025053 0.6117457 0.6025053 0.6117457 0.598632 0.629597 0.5834433 0.6204632 0.5708242 0.6060647 0.5834433 0.6204632 0.5908763 0.6047524 0.5908763 0.6047524 0.5834433 0.6204632 0.5708242 0.6060647 0.5617968 0.5875681 0.5708242 0.6060647 0.5812146 0.5937283 0.5812146 0.5937283 0.5708242 0.6060647 0.5617968 0.5875681 0.5570926 0.5664718 0.5617968 0.5875681 0.5743029 0.5795666 0.5743029 0.5795666 0.5617968 0.5875681 0.5570926 0.5664718 0.5570925 0.5157827 0.5570926 0.5664718 0.5707011 0.5634143 0.5707011 0.5634143 0.5570926 0.5664718 0.5570925 0.5157827 0.9333913 0.9586761 0.9181244 0.9608711 0.9181244 0.9685631 0.9333913 0.9586761 0.9355792 0.9660536 0.9181244 0.9685631 0.9355792 0.9660536 0.9516204 0.9587278 0.9474216 0.9522687 0.9474216 0.9522687 0.9516204 0.9587278 0.9355792 0.9660536 0.9516204 0.9587278 0.9649477 0.9471799 0.9590784 0.9421681 0.9590784 0.9421681 0.9649477 0.9471799 0.9516204 0.9587278 0.9649477 0.9471799 0.9744818 0.9323444 0.9674173 0.9291924 0.9674173 0.9291924 0.9744818 0.9323444 0.9649477 0.9471799 0.9744818 0.9323444 0.9794501 0.9154242 0.9717628 0.9143931 0.9717628 0.9143931 0.9794501 0.9154242 0.9744818 0.9323444 0.6682698 0.9847733 0.6682698 0.9924606 0.7171351 0.9924606 0.6682698 0.9847733 0.7181662 0.9847734 0.7171351 0.9924606 0.6732263 0.5157827 0.6596179 0.5157827 0.6596178 0.5634143 0.6732263 0.5157827 0.6732263 0.5664718 0.6596178 0.5634143 0.6732263 0.5664718 0.6596178 0.5634143 0.656016 0.5795666 0.6732263 0.5664718 0.668522 0.5875681 0.656016 0.5795666 0.668522 0.5875681 0.656016 0.5795666 0.6491042 0.5937286 0.668522 0.5875681 0.6594945 0.6060649 0.6491042 0.5937286 0.6594945 0.6060649 0.6491042 0.5937286 0.6394425 0.6047524 0.6594945 0.6060649 0.6468754 0.6204633 0.6394425 0.6047524 0.6468754 0.6204633 0.6394425 0.6047524 0.6278134 0.6117457 0.6468754 0.6204633 0.6316868 0.629597 0.6278134 0.6117457 0.6316868 0.629597 0.6278134 0.6117457 0.6151595 0.6141414 0.6151595 0.6141414 0.6278134 0.6117457 0.6316868 0.629597 0.5838856 0.5607761 0.5643326 0.560775 0.5706336 0.5407209 0.5838856 0.5607761 0.5775851 0.5407215 0.5706336 0.5407209 0.5926933 0.5791199 0.5555248 0.5791188 0.5643326 0.560775 0.5926933 0.5791199 0.5838856 0.5607761 0.5643326 0.560775 0.6549526 0.5607759 0.6612531 0.5407215 0.6682046 0.5407209 0.6612531 0.5407215 0.6549526 0.5607759 0.6745056 0.5607753 0.6461449 0.5791198 0.6549526 0.5607759 0.6745056 0.5607753 0.6549526 0.5607759 0.6461449 0.5791198 0.6833134 0.5791191 0.2317087 0.128057 0.226738 0.1288443 0.228012 0.1208016 0.237702 0.1208047 0.2135362 0.1208047 0.2135363 0.1155208 0.237702 0.1208047 0.237702 0.1260887 0.2135362 0.1260887 0.2135362 0.1313727 0.2135362 0.1260887 0.237702 0.1260887 0.2135363 0.1366567 0.2135362 0.1313727 0.237702 0.1313726 0.237702 0.1155208 0.2135363 0.1155208 0.2135363 0.1102368 0.2607163 0.1292654 0.2365506 0.1292654 0.2365506 0.1239814 0.2365506 0.1504013 0.2365505 0.1451174 0.2607163 0.1451173 0.2607163 0.1451173 0.2365505 0.1451174 0.2365505 0.1398334 0.2365505 0.1398334 0.2365505 0.1345494 0.2607163 0.1345494 0.2607163 0.1345494 0.2365505 0.1345494 0.2365506 0.1292654 0.05832868 0.1874678 0.04860979 0.1890071 0.05110049 0.1732815 0.2317087 0.128057 0.226738 0.1288443 0.228012 0.1208016 0.05278921 0.1904986 0.05278921 0.2351574 0.0430243 0.2351573 0.062554 0.1904986 0.06255412 0.2351574 0.05278921 0.2351574 0.07231903 0.2351574 0.06255412 0.2351574 0.062554 0.1904986 0.08208382 0.1904986 0.08208394 0.2351574 0.07231903 0.2351574 0.0430243 0.1904986 0.0430243 0.2351573 0.03325939 0.2351573 0.2365506 0.1292654 0.2365506 0.1239814 0.2607163 0.1239814 0.2365506 0.1504013 0.2365505 0.1451174 0.2607163 0.1451173 0.2607163 0.1451173 0.2365505 0.1451174 0.2365505 0.1398334 0.2365505 0.1398334 0.2365505 0.1345494 0.2607163 0.1345494 0.2607163 0.1345494 0.2365505 0.1345494 0.2365506 0.1292654 0.04645389 0.2205923 0.03673481 0.2221317 0.03922551 0.2064061 0.2317087 0.128057 0.226738 0.1288443 0.228012 0.1208016 0.2365505 0.1345494 0.2365506 0.1292654 0.2607163 0.1292654 0.2607163 0.1398333 0.2365505 0.1398334 0.2365505 0.1345494 0.2365505 0.1451174 0.2365505 0.1398334 0.2607163 0.1398333 0.2365506 0.1504013 0.2365505 0.1451174 0.2607163 0.1451173 0.2365506 0.1292654 0.2365506 0.1239814 0.2607163 0.1239814 0.2738653 0.1387544 0.2301922 0.1387544 0.232465 0.09962695 0.1828747 0.09962695 0.2893696 0.09962695 0.2838274 0.1387544 0.1842498 0.1387544 0.2279229 0.1387544 0.2256501 0.09962695 0.1884168 0.09962695 0.1828747 0.1387545 0.2893695 0.1387545 0.2612299 0.1335652 0.2220945 0.1335652 0.2232404 0.1324992 0.2220945 0.1335652 0.2220945 0.1175159 0.2232404 0.1185819 0.2612299 0.1175159 0.2600841 0.1185819 0.2232404 0.1185819 0.2612299 0.1335652 0.2600841 0.1324992 0.2600841 0.1185819 0.2698329 0.1405553 0.267862 0.12012 0.2339323 0.12012 0.1906729 0.1407567 0.2792299 0.1407567 0.2773053 0.1265046 0.1860191 0.1405553 0.1879899 0.12012 0.2219197 0.12012 0.1906729 0.1407567 0.1925976 0.1265046 0.2773053 0.1265046 0.9228829 0.1683325 0.9190804 0.1522381 0.9297322 0.1119725 0.9561736 0.2335616 0.9561736 0.1731734 0.9805647 0.1731734 0.4531862 0.822929 0.4096197 0.822929 0.4127054 0.819745 0.4504153 0.8109276 0.4475076 0.8140211 0.4099345 0.8140211 0.7789698 0.7465737 0.9870312 0.7465737 0.9870312 0.7039325 0.9870314 0.7465737 0.77897 0.7465737 0.77897 0.7039327 0.419408 0.8146086 0.4653531 0.8146086 0.4621689 0.8175162 0.4004859 0.809812 0.4035794 0.8067264 0.4432469 0.8067264 0.754822 0.8680239 0.754822 0.8231703 0.9856279 0.8231703 0.9856279 0.8680239 0.9856279 0.8231703 0.754822 0.8231703 0.9099403 0.9194703 0.8923124 0.9194703 0.8923124 0.5470635 0.9099403 0.5470635 0.8923124 0.5470635 0.8923124 0.9194703 0.7946826 0.8871838 0.7946826 0.8064536 0.9485757 0.8064536 0.05827742 0.1490201 0.05827742 0.2722856 0.04950439 0.2722856 0.04950439 0.2722856 0.04073148 0.2722856 0.04073148 0.1490201 0.06705051 0.1490201 0.06705051 0.2722856 0.05827742 0.2722856 0.06705051 0.1490201 0.06705051 0.2722856 0.05827742 0.2722856 0.04950439 0.2722856 0.04073148 0.2722856 0.04073148 0.1490201 0.05827742 0.1490201 0.05827742 0.2722856 0.04950439 0.2722856 0.05827742 0.1490201 0.05827742 0.2722856 0.04950439 0.2722856 0.04950439 0.2722856 0.04073148 0.2722856 0.04073148 0.1490201 0.06705051 0.1490201 0.06705051 0.2722856 0.05827742 0.2722856 0.06705051 0.1490201 0.06705051 0.2722856 0.05827742 0.2722856 0.04950439 0.2722856 0.04073148 0.2722856 0.04073148 0.1490201 0.05827742 0.1490201 0.05827742 0.2722856 0.04950439 0.2722856 0.05827742 0.1490201 0.05827742 0.2722856 0.04950439 0.2722856 0.04950439 0.2722856 0.04073148 0.2722856 0.04073148 0.1490201 0.06705051 0.1490201 0.06705051 0.2722856 0.05827742 0.2722856 0.06705051 0.1490201 0.06705051 0.2722856 0.05827742 0.2722856 0.04950439 0.2722856 0.04073148 0.2722856 0.04073148 0.1490201 0.05827742 0.1490201 0.05827742 0.2722856 0.04950439 0.2722856 0.05827742 0.1490201 0.05827742 0.2722856 0.04950439 0.2722856 0.04950439 0.2722856 0.04073148 0.2722856 0.04073148 0.1490201 0.06705051 0.1490201 0.06705051 0.2722856 0.05827742 0.2722856 0.05827742 0.1490201 0.05827742 0.2722856 0.04950439 0.2722856 0.04950439 0.2722856 0.04073148 0.2722856 0.04073148 0.1490201 0.06705051 0.2722856 0.05827742 0.2722856 0.05827742 0.1490201 0.04950451 0.2722855 0.04950451 0.1490201 0.05827748 0.1490201 0.06705051 0.2722855 0.05827748 0.2722855 0.05827748 0.1490201 0.04950451 0.2722855 0.04073148 0.2722855 0.04073148 0.1490201 0.05827742 0.1490201 0.05827742 0.2722856 0.04950439 0.2722856 0.04073148 0.1490201 0.04950439 0.1490201 0.04950439 0.2722856 0.05827742 0.1490201 0.06705051 0.1490201 0.06705051 0.2722856 0.05827742 0.1490201 0.06705051 0.1490201 0.06705051 0.2722856 0.04950439 0.1490201 0.04950439 0.2722856 0.04073148 0.2722856 0.04950439 0.1490201 0.05827742 0.1490201 0.05827742 0.2722856 0.04950451 0.2722855 0.04073148 0.2722855 0.04073148 0.1490201 0.05827748 0.2722855 0.05827748 0.1490201 0.06705051 0.1490201 0.05827748 0.2722855 0.04950451 0.2722855 0.04950451 0.1490201 0.06705051 0.2722856 0.05827742 0.2722856 0.05827742 0.1490201 0.04950439 0.1490201 0.04950439 0.2722856 0.04073148 0.2722856 0.05827742 0.2722856 0.04950439 0.2722856 0.04950439 0.1490201 0.04913651 0.1497964 0.04913651 0.2119089 0.06019341 0.2119089 0.04623812 0.1496762 0.0578556 0.1496762 0.0578556 0.2149384 0.04766482 0.218137 0.04766482 0.1494632 0.05988973 0.1494632 0.0588389 0.2642586 0.07013112 0.2642586 0.07013112 0.2529664 0.04766482 0.1494632 0.04766482 0.218137 0.05988973 0.218137 0.04766482 0.1733178 0.04766482 0.2419916 0.05988973 0.2419916 0.0588389 0.2642586 0.07013112 0.2642586 0.07013112 0.2529664 0.04766482 0.2419916 0.04766482 0.1733177 0.05988973 0.1733177 0.04623812 0.1735308 0.0578556 0.1735308 0.0578556 0.238793 0.04913651 0.173651 0.04913651 0.2357636 0.06019341 0.2357636 0.2141634 0.1114127 0.2141508 0.1114151 0.269472 0.111415 0.2141508 0.1114151 0.2141634 0.1114174 0.2694551 0.1114149 0.2141634 0.1114174 0.2141634 0.1114127 0.2694551 0.1114151 0.2141634 0.1114174 0.2141634 0.1114127 0.2694551 0.1114151 0.269472 0.111415 0.2141508 0.1114151 0.2141634 0.1114174 0.2694551 0.1114151 0.2141634 0.1114127 0.2141508 0.1114151 0.0596649 0.1869178 0.0596649 0.2188643 0.07188969 0.2188643 0.0588389 0.2642586 0.07013112 0.2642586 0.07013112 0.2529664 0.0596649 0.2188643 0.0596649 0.1869177 0.07188969 0.1869177 0.05823796 0.1871308 0.06985563 0.1871308 0.06985563 0.2156656 0.0611366 0.187251 0.0611366 0.2126363 0.0721935 0.2126363 0.07546621 0.1732873 0.06440931 0.1732873 0.06440931 0.2353999 0.0615108 0.1731671 0.0731284 0.1731671 0.0731284 0.2384293 0.06293761 0.2416279 0.06293761 0.1729541 0.07516241 0.1729541 0.0588389 0.2642586 0.07013112 0.2642586 0.07013112 0.2529664 0.06293761 0.1729542 0.06293761 0.2416279 0.07516241 0.2416279 0.0487557 0.1733178 0.0487557 0.2419916 0.06098049 0.2419916 0.0588389 0.2642586 0.07013112 0.2642586 0.07013112 0.2529664 0.0487557 0.2419916 0.0487557 0.1733177 0.06098049 0.1733177 0.04732888 0.1735308 0.05894649 0.1735308 0.05894649 0.238793 0.06128442 0.173651 0.05022752 0.173651 0.05022752 0.2357636 0.04950451 0.2393234 0.04950451 0.1732783 0.05827748 0.1732783 0.06705051 0.2393234 0.05827748 0.2393234 0.05827748 0.1732783 0.04950451 0.2393234 0.04073148 0.2393234 0.04073148 0.1732783 0.05827742 0.1732783 0.05827742 0.2393234 0.04950439 0.2393234 0.04073148 0.1732783 0.04950439 0.1732783 0.04950439 0.2393234 0.05827742 0.1732783 0.06705051 0.1732783 0.06705051 0.2393234 0.05827742 0.1732783 0.06705051 0.1732783 0.06705051 0.2393234 0.04073148 0.1732783 0.04950439 0.1732783 0.04950439 0.2393234 0.05827742 0.1732783 0.05827742 0.2393234 0.04950439 0.2393234 0.04950451 0.2393234 0.04073148 0.2393234 0.04073148 0.1732783 0.06705051 0.2393234 0.05827748 0.2393234 0.05827748 0.1732783 0.04950451 0.2393234 0.04950451 0.1732783 0.05827748 0.1732783 0.04950451 0.2393234 0.04950451 0.1732783 0.05827748 0.1732783 0.06705051 0.2393234 0.05827748 0.2393234 0.05827748 0.1732783 0.04950451 0.2393234 0.04073148 0.2393234 0.04073148 0.1732783 0.05827742 0.1732783 0.05827742 0.2393234 0.04950439 0.2393234 0.04073148 0.1732783 0.04950439 0.1732783 0.04950439 0.2393234 0.05827742 0.1732783 0.06705051 0.1732783 0.06705051 0.2393234 0.06705051 0.1732783 0.06705051 0.2393234 0.05827742 0.2393234 0.04073148 0.1732783 0.04950439 0.1732783 0.04950439 0.2393234 0.05827742 0.1732783 0.05827742 0.2393234 0.04950439 0.2393234 0.04073148 0.2393234 0.04073148 0.1732783 0.04950451 0.1732783 0.06705051 0.2393234 0.05827748 0.2393234 0.05827748 0.1732783 0.04950451 0.2393234 0.04950451 0.1732783 0.05827748 0.1732783 0.4216552 0.8037813 0.4216552 0.8084713 0.4179143 0.8084713 0.4179144 0.8037813 0.4179143 0.8084713 0.4141736 0.8084711 0.4141736 0.8084711 0.4104328 0.8084709 0.410433 0.8037809 0.410433 0.8037809 0.4104328 0.8084709 0.406692 0.8084706 0.406692 0.8084706 0.4029513 0.8084702 0.4029515 0.8037803 0.4029513 0.8084702 0.3992105 0.8084699 0.3992108 0.80378 0.4441011 0.8084703 0.44036 0.8084706 0.4403597 0.8037803 0.44036 0.8084706 0.436619 0.8084709 0.4366188 0.8037806 0.4366188 0.8037806 0.436619 0.8084709 0.4328779 0.8084712 0.4328778 0.8037809 0.4328779 0.8084712 0.4291369 0.8084713 0.4291368 0.8037811 0.4291369 0.8084713 0.425396 0.8084713 0.425396 0.8037812 0.425396 0.8084713 0.4216552 0.8084713 0.2583156 0.1187082 0.2583156 0.1240209 0.243908 0.1240208 0.243908 0.1240208 0.2583156 0.1240209 0.2583156 0.1293337 0.2583156 0.1293337 0.2583156 0.1346465 0.2439081 0.1346465 0.2439081 0.1346465 0.2583156 0.1346465 0.2583156 0.1399593 0.2583161 0.09745693 0.2583159 0.1027697 0.2439083 0.1027694 0.2583159 0.1027697 0.2583158 0.1080826 0.2439082 0.1080823 0.2439082 0.1080823 0.2583158 0.1080826 0.2583157 0.1133955 0.2583157 0.1133955 0.2583156 0.1187082 0.243908 0.118708 0.2347702 0.1350288 0.2419708 0.1350288 0.2419708 0.1278282 0.2227072 0.1190901 0.2227207 0.1134836 0.2653202 0.1134836 0.2227207 0.1134836 0.2227207 0.1079795 0.2653202 0.1079795 0.2227072 0.1203967 0.2227207 0.1147902 0.2653202 0.1147902 0.2653202 0.1079795 0.2227207 0.1079795 0.2227207 0.1134836 0.2653202 0.1079795 0.2227207 0.1079795 0.2227207 0.1134836 0.2227072 0.1203967 0.2227207 0.1147902 0.2653202 0.1147902 0.2653202 0.1134836 0.2227207 0.1134836 0.2227207 0.1079795 0.2653067 0.1190901 0.2227072 0.1190901 0.2227207 0.1134836 0.2347702 0.1350288 0.2419708 0.1350288 0.2419708 0.1278282 0.2347702 0.1268561 0.2419708 0.1268561 0.2419708 0.1196554 0.2653067 0.1109173 0.2227072 0.1109173 0.2227207 0.1053107 0.2227207 0.1053107 0.2227207 0.09980678 0.2653202 0.09980678 0.2227072 0.1122239 0.2227207 0.1066174 0.2653202 0.1066174 0.2653202 0.09980678 0.2227207 0.09980678 0.2227207 0.1053107 0.2648661 0.1179684 0.2222666 0.1179684 0.2222666 0.1234725 0.2222532 0.1303856 0.2222666 0.1247792 0.2648661 0.1247792 0.2204505 0.1125754 0.2204505 0.1070715 0.26305 0.1070715 0.2648527 0.1290791 0.2222532 0.1290791 0.2222666 0.1234725 0.2474834 0.1136888 0.2546842 0.1136888 0.2546842 0.1064881 0.2474834 0.1218616 0.2546842 0.1218616 0.2546842 0.1146609 0.2648527 0.1372517 0.2222532 0.1372517 0.2222666 0.1316453 0.2222666 0.1316453 0.2222666 0.1261413 0.2648661 0.1261413 0.2222532 0.1385585 0.2222666 0.132952 0.2648661 0.132952 0.2222666 0.1261413 0.2222666 0.1316453 0.2648661 0.1316453 0.2653202 0.1079795 0.2227207 0.1079795 0.2227207 0.1134836 0.2227072 0.1203967 0.2227207 0.1147902 0.2653202 0.1147902 0.2227207 0.1134836 0.2227207 0.1079795 0.2653202 0.1079795 0.2227072 0.1190901 0.2227207 0.1134836 0.2653202 0.1134836 0.2347702 0.1350288 0.2419708 0.1350288 0.2419708 0.1278282 0.4151071 0.8340919 0.4151071 0.8372735 0.4177188 0.8372735 0.4261827 0.8302308 0.4107319 0.8302308 0.4107368 0.8277534 0.4261876 0.8277534 0.4107368 0.8277534 0.4107368 0.8253214 0.4261827 0.8308082 0.4107319 0.8308082 0.4107368 0.8283308 0.4107368 0.8253214 0.4107368 0.8277534 0.4261876 0.8277534 0.4167255 0.838495 0.4167255 0.8405668 0.4150249 0.8405668 0.4150249 0.8405668 0.4167255 0.8405668 0.4167255 0.838495 0.4261876 0.8277534 0.4107368 0.8277534 0.4107368 0.8253214 0.4261876 0.8283308 0.4107368 0.8283308 0.4107319 0.8308082 0.4261876 0.8277534 0.4261876 0.8253214 0.4107368 0.8253214 0.4261827 0.8302308 0.4261876 0.8277534 0.4107368 0.8277534 0.4151071 0.8340919 0.4177188 0.8340919 0.4177188 0.8372735 0.2255763 0.1271705 0.2255763 0.1356865 0.2511649 0.1356865 0.2228932 0.1340106 0.2229067 0.1200486 0.2655062 0.1200486 0.2653202 0.1134836 0.2227207 0.1134836 0.2227207 0.1079795 0.2228932 0.1372647 0.2229067 0.1233026 0.2655062 0.1233026 0.2227207 0.1079795 0.2227207 0.1134836 0.2653202 0.1134836 0.2653202 0.1079795 0.2227207 0.1079795 0.2227207 0.1134836 0.2227072 0.1255482 0.2227207 0.1115861 0.2653202 0.1115861 0.2227207 0.1134836 0.2227207 0.1079795 0.2653202 0.1079795 0.2227072 0.1222941 0.2227207 0.1083321 0.2653202 0.1083321 0.2255763 0.1356865 0.2511649 0.1356865 0.2511649 0.1271705 0.2422136 0.1298186 0.2422136 0.123113 0.2562701 0.123113 0.2562701 0.1298186 0.2562701 0.136524 0.2422136 0.136524 0.3621109 0.1803616 0.3621109 0.1277962 0.4072192 0.1277962 0.4072192 0.1803616 0.4072192 0.1277962 0.3621109 0.1277962 0.3620865 0.1800675 0.3620865 0.1257666 0.4072231 0.1257666 0.4072231 0.1800675 0.4072231 0.1257666 0.3620865 0.1257666 0.9595955 0.2306189 0.9595955 0.2281002 0.9620352 0.2281002 0.04950439 0.1490201 0.05827742 0.1490201 0.05827742 0.2722856 0.04950439 0.1490201 0.04950439 0.2722856 0.04073148 0.2722856 0.05827742 0.1490201 0.06705051 0.1490201 0.06705051 0.2722856 0.05827742 0.1490201 0.06705051 0.1490201 0.06705051 0.2722856 0.04073148 0.1490201 0.04950439 0.1490201 0.04950439 0.2722856 0.05827742 0.1490201 0.05827742 0.2722856 0.04950439 0.2722856 0.05827742 0.1490201 0.05827742 0.2722856 0.04950439 0.2722856 0.04950439 0.2722856 0.04073148 0.2722856 0.04073148 0.1490201 0.06705051 0.1490201 0.06705051 0.2722856 0.05827742 0.2722856 0.06705051 0.1490201 0.06705051 0.2722856 0.05827742 0.2722856 0.04950439 0.2722856 0.04073148 0.2722856 0.04073148 0.1490201 0.05827742 0.1490201 0.05827742 0.2722856 0.04950439 0.2722856 0.06705051 0.1490201 0.06705051 0.2722856 0.05827742 0.2722856 0.04950439 0.2722856 0.04073148 0.2722856 0.04073148 0.1490201 0.05827742 0.1490201 0.05827742 0.2722856 0.04950439 0.2722856 0.9170959 0.779492 0.9170959 0.6037089 0.9046576 0.6037089 0.9856407 0.943243 0.8323593 0.943243 0.8323593 0.9298736 0.8975304 0.6557773 0.8975304 0.7061938 0.9156193 0.7061938 0.8968338 0.8146483 0.8968338 0.8648319 0.9148391 0.8648319 0.8794417 0.6557773 0.8794417 0.7061938 0.8975304 0.7061938 0.8968338 0.8146483 0.8788286 0.8146483 0.8788286 0.8648319 0.9852864 0.8393855 0.9671974 0.8393855 0.9671974 0.889802 0.8608233 0.8146483 0.8608233 0.8648319 0.8788286 0.8648319 0.8432641 0.6557773 0.8432641 0.7061938 0.8613528 0.7061938 0.9411025 0.7212242 0.9411025 0.7714077 0.9591076 0.7714077 0.8554534 0.6732892 0.9058698 0.6732892 0.9058698 0.6552003 0.842818 0.8146483 0.8248127 0.8146483 0.8248127 0.8648319 0.8070864 0.6557773 0.8070864 0.7061938 0.8251751 0.7061938 0.9050919 0.7212242 0.9050919 0.7714077 0.9230971 0.7714077 0.8378677 0.6644176 0.8197789 0.6644176 0.8197789 0.7148342 0.8068075 0.8146483 0.7888022 0.8146483 0.7888022 0.8648319 0.7709088 0.6557773 0.7709088 0.7061938 0.7889976 0.7061938 0.8825936 0.7830893 0.8645884 0.7830893 0.8645884 0.8332729 0.7836013 0.6644176 0.7836013 0.7148342 0.8016901 0.7148342 0.770797 0.8146483 0.7527917 0.8146483 0.7527917 0.8648319 0.0329985 0.1745772 0.08262801 0.1745772 0.08262801 0.2728159 0.04950451 0.2393234 0.04950451 0.1732783 0.05827748 0.1732783 0.06705051 0.2393234 0.05827748 0.2393234 0.05827748 0.1732783 0.04950451 0.2393234 0.04073148 0.2393234 0.04073148 0.1732783 0.05827742 0.1732783 0.05827742 0.2393234 0.04950439 0.2393234 0.04073148 0.1732783 0.04950439 0.1732783 0.04950439 0.2393234 0.05827742 0.1732783 0.06705051 0.1732783 0.06705051 0.2393234 0.05827742 0.1732783 0.06705051 0.1732783 0.06705051 0.2393234 0.04073148 0.1732783 0.04950439 0.1732783 0.04950439 0.2393234 0.05827742 0.1732783 0.05827742 0.2393234 0.04950439 0.2393234 0.04950451 0.2393234 0.04073148 0.2393234 0.04073148 0.1732783 0.06705051 0.2393234 0.05827748 0.2393234 0.05827748 0.1732783 0.04950451 0.2393234 0.04950451 0.1732783 0.05827748 0.1732783 0.9800844 0.9845377 0.9290182 0.9845377 0.9290182 0.5277441 0.9290182 0.9845377 0.877952 0.9845377 0.877952 0.5277441 0.877952 0.9845377 0.8268858 0.9845377 0.8268858 0.5277441 0.8268858 0.9845377 0.7758196 0.9845377 0.7758196 0.5277441 0.9315552 0.9845377 0.9826216 0.9845377 0.9826214 0.5277441 0.8804892 0.9845377 0.9315552 0.9845377 0.931555 0.5277441 0.8311141 0.9845377 0.8821806 0.9845377 0.8821801 0.5277441 0.7800479 0.9845377 0.8311141 0.9845377 0.8311141 0.5277442 0.9800844 0.9845377 0.9290182 0.9845377 0.9290182 0.5277441 0.9290182 0.9845377 0.877952 0.9845377 0.877952 0.5277441 0.877952 0.9845377 0.8268858 0.9845377 0.8268858 0.5277441 0.8268858 0.9845377 0.7758196 0.9845377 0.7758196 0.5277441 0.8268858 0.9845377 0.7758196 0.9845377 0.7758196 0.5277441 0.877952 0.5277441 0.877952 0.9845377 0.8268858 0.9845377 0.9290182 0.9845377 0.877952 0.9845377 0.877952 0.5277441 0.9800844 0.9845377 0.9290182 0.9845377 0.9290182 0.5277441 0.8182102 0.816986 0.8182101 0.7108272 0.7889169 0.7108272 0.7983876 0.6943281 0.8156496 0.6943281 0.8156497 0.7776413 0.930184 0.7175518 0.930184 0.8472794 0.8004564 0.8472794 0.9856407 0.943243 0.9856407 0.9298736 0.869006 0.9298736 0.8546561 0.9245633 0.8487141 0.9176161 0.9826671 0.9176161 0.875929 0.8666978 0.9821727 0.8666978 0.9758269 0.8734728 0.4671103 0.8104324 0.4670286 0.8123654 0.4178218 0.8123654 0.9241551 0.8712884 0.9149273 0.8712884 0.9149273 0.8517575 0.9270416 0.9436287 0.8319568 0.9436287 0.8319568 0.9304689 0.8319568 0.9304689 0.8257922 0.9304689 0.8257922 0.846044 0.4207268 0.7986438 0.4188491 0.7986438 0.4188491 0.8243603 0.9149273 0.8517575 0.9057784 0.8517575 0.9057784 0.7264602 0.4207268 0.7986438 0.4188491 0.7986438 0.4188491 0.8243603 0.4207268 0.8243603 0.4188491 0.8243603 0.4188491 0.8283689 0.4341211 0.8172125 0.4320229 0.8172125 0.4320229 0.8154025 0.9149273 0.8712884 0.9057784 0.8712884 0.9057784 0.8517575 0.4207268 0.8243603 0.4188491 0.8243603 0.4188491 0.8283689 0.875929 0.8734996 0.869041 0.8734996 0.869041 0.8666978 0.8319568 0.9436287 0.8257922 0.9436287 0.8257922 0.9304689 0.8257922 0.9304689 0.8257922 0.9436287 0.756532 0.8738248 0.869041 0.8734996 0.7585409 0.8734996 0.7585409 0.8666978 0.4188491 0.8243603 0.3977518 0.8030975 0.3977518 0.807106 0.9057784 0.8517575 0.9057784 0.8712884 0.8029872 0.7676904 0.4320229 0.8172125 0.3983637 0.8172125 0.3983637 0.8154025 0.4188491 0.8243603 0.3977518 0.8030975 0.3977518 0.807106 0.4188491 0.7986438 0.3977518 0.7986438 0.3977518 0.8030975 0.9057784 0.7264602 0.9057784 0.8517575 0.8029872 0.7481595 0.4188491 0.7986438 0.3977518 0.7986438 0.3977518 0.8030975 0.9213379 0.9065431 0.9312977 0.9065431 0.9312977 0.8850114 0.9803587 0.8850114 0.9716576 0.8850114 0.9716576 0.9065431 0.9803587 0.8850114 0.9803587 0.8610887 0.9716576 0.8610887 0.9213379 0.8850114 0.9312977 0.8850114 0.9312977 0.8610887 0.9850423 0.8902232 0.9850423 0.685213 0.925143 0.685213 0.9856407 0.9298736 0.9573507 0.9195557 0.9573507 0.858003 0.8323593 0.9298736 0.8323593 0.844104 0.847348 0.858003 0.913164 0.858003 0.8977083 0.858003 0.8323593 0.844104 0.913164 0.9195557 0.9856407 0.9298736 0.8323593 0.9298736 0.913164 0.9195557 0.8977083 0.9195557 0.8977083 0.858003 0.9938058 0.8311678 0.9859923 0.8311678 0.9859923 0.5295592 0.9938058 0.5295592 0.9859923 0.5295592 0.9859923 0.8311678 0.9959811 0.6113046 0.9855241 0.6113046 0.9855241 0.773052 0.9959811 0.8226926 0.9855241 0.8226926 0.9855241 0.9646114 0.9959811 0.773052 0.9855241 0.773052 0.9855241 0.6113046 0.9959811 0.9646114 0.9855241 0.9646114 0.9855241 0.8226926 0.9938058 0.5295592 0.9859923 0.5295592 0.9859923 0.8311678 0.9938058 0.8311678 0.9859923 0.8311678 0.9859923 0.5295592 0.7626201 0.5303738 0.9937406 0.5303738 0.9937406 0.8523284 0.9922327 0.9676002 0.7621241 0.9676002 0.7621241 0.6863511 0.9270417 0.9304689 0.9131054 0.9200183 0.9131054 0.8603412 0.8319568 0.9304689 0.8319568 0.846044 0.8365772 0.8603412 0.8680514 0.8603412 0.8319568 0.846044 0.9270417 0.846044 0.8680514 0.9200183 0.8816313 0.9200183 0.9270417 0.9304689 0.8680514 0.9200183 0.8680514 0.8603412 0.8816313 0.8603412 0.695801 0.4627569 0.7013762 0.4627569 0.7013762 0.3431199 0.6958009 0.3431199 0.7013762 0.3431199 0.7013762 0.4627569 0.696395 0.471979 0.7012726 0.471979 0.7012726 0.4167784 0.6963951 0.3929615 0.7012726 0.3929615 0.7012726 0.3377608 0.696395 0.4167784 0.7012726 0.4167784 0.7012726 0.471979 0.696395 0.3377608 0.7012726 0.3377608 0.7012726 0.3929615 0.6958009 0.3431199 0.7013762 0.3431199 0.7013762 0.4627569 0.6958009 0.4627569 0.7013762 0.4627569 0.7013762 0.3431199 0.7637882 0.8898361 0.7637882 0.5294372 0.9932509 0.5294372 0.7665182 0.9715752 0.7665182 0.611176 0.9959806 0.611176 0.756532 0.860665 0.756532 0.846044 0.7738015 0.8602154 0.8257922 0.846044 0.82279 0.8602154 0.7738015 0.8602154 0.8257922 0.9304689 0.756532 0.860665 0.7738015 0.8705569 0.8257922 0.9304689 0.82279 0.9199299 0.82279 0.8602154 0.695801 0.4625797 0.7007982 0.4625797 0.7007982 0.3428674 0.695801 0.3635996 0.6958009 0.3428674 0.7007982 0.3428674 0.869006 0.9298736 0.8774921 0.9199088 0.8774921 0.8579053 0.9856407 0.9298736 0.9856407 0.844104 0.9618082 0.8579053 0.9273436 0.8579053 0.9856407 0.844104 0.869006 0.844104 0.9273436 0.9199088 0.9119567 0.9199088 0.869006 0.9298736 0.9119567 0.8579053 0.9119567 0.9199088 0.9273436 0.9199088 0.8310917 0.5398272 0.8339068 0.5398272 0.8339068 0.6430947 0.8310917 0.6430947 0.8339068 0.6430947 0.8339068 0.5398272 0.8310419 0.6219109 0.8348096 0.6219109 0.8348096 0.5838084 0.8314058 0.670839 0.8351734 0.670839 0.8351734 0.6327365 0.8314058 0.6327365 0.8351734 0.6327365 0.8351734 0.6708391 0.8310419 0.5838084 0.8348096 0.5838084 0.8348096 0.6219111 0.8310917 0.5398272 0.8339068 0.5398272 0.8339068 0.6430947 0.8310917 0.6430947 0.8339068 0.6430947 0.8339068 0.5398272 0.7639042 0.6102558 0.7639042 0.8945198 0.9219118 0.8945198 0.8382574 0.6125553 0.8382574 0.8962504 0.9959487 0.8962504 0.8435949 0.7519094 0.8435946 0.5741965 0.9936144 0.5741965 0.762074 0.6266636 0.762074 0.5741965 0.9120936 0.5741965 0.5891116 0.5236924 0.5295018 0.5450246 0.7076563 0.5450246 0.6480883 0.5719653 0.7076563 0.5932974 0.5598972 0.5932974 0.7625728 0.6700387 0.9327396 0.6700387 0.9327396 0.8297284 0.8067049 0.5485302 0.9179158 0.5485302 0.9179158 0.7165899 0.7487274 0.7165899 0.7487274 0.5485302 0.9179158 0.5485302 0.9179158 0.5485302 0.9179158 0.7165899 0.7487274 0.7165899 0.9179158 0.7165899 0.7487274 0.7165899 0.7487274 0.5485302 0.8067049 0.6335387 0.9179158 0.5485302 0.9179158 0.7165899 0.8067049 0.6335387 0.7853466 0.6335387 0.7853466 0.5485302 0.9561736 0.2335616 0.9561736 0.1731734 0.9805647 0.1731734 0.9561736 0.2335616 0.9561736 0.1731734 0.9805647 0.1731734 0.9838511 0.8036946 0.8196372 0.8036946 0.8196372 0.8898389 0.078148 0.1653231 0.08171761 0.1653231 0.08171761 0.2507044 0.078148 0.2507044 0.08171761 0.2507044 0.08171761 0.1653231 0.07786339 0.167638 0.08232033 0.167638 0.08232033 0.2499079 0.07786339 0.2499079 0.08232033 0.2499079 0.08232033 0.167638 0.04041302 0.2437865 0.04434943 0.2405552 0.04434943 0.1740983 0.0825448 0.1683773 0.07879602 0.171849 0.07879602 0.2432544 0.03534018 0.2428253 0.03941231 0.2396826 0.03941231 0.175045 0.0460512 0.2444688 0.0460512 0.1735458 0.04197901 0.1766885 0.07786339 0.1712835 0.08183783 0.1712835 0.08183783 0.2462623 0.07786339 0.2462623 0.08183783 0.2462623 0.08183783 0.1712835 0.040353 0.1678033 0.0435363 0.1678033 0.0435363 0.2456178 0.078148 0.246921 0.08133119 0.246921 0.08133119 0.1691066 0.9593143 0.2250975 0.962264 0.2250975 0.962264 0.2289195 0.08260881 0.1887189 0.08260881 0.2685722 0.03226721 0.2685721 0.0719726 0.2105367 0.0699017 0.2105367 0.06845021 0.1946831 0.08289968 0.1933735 0.08289968 0.2732267 0.0325582 0.2732266 0.06392359 0.2366139 0.06392359 0.2070508 0.06774151 0.2076141 0.05320942 0.2303237 0.04827189 0.2303237 0.04827189 0.1711356 0.06099021 0.226002 0.06100094 0.1709887 0.05389595 0.1709887 0.06392359 0.2366139 0.06774151 0.2371771 0.06774151 0.2076141 0.0325582 0.2732266 0.08289968 0.2732267 0.08289968 0.1933735 0.07096153 0.1824291 0.07096153 0.240356 0.06673532 0.240356 0.0330916 0.1495199 0.08003902 0.1495198 0.08003902 0.2239894 0.2365506 0.1292654 0.2365506 0.1239814 0.2607163 0.1239814 0.2365506 0.1504013 0.2365505 0.1451174 0.2607163 0.1451173 0.2365505 0.1451174 0.2365505 0.1398334 0.2607163 0.1398333 0.2607163 0.1398333 0.2365505 0.1398334 0.2365505 0.1345494 0.2365505 0.1345494 0.2365506 0.1292654 0.2607163 0.1292654 0.2317087 0.128057 0.226738 0.1288443 0.228012 0.1208016 0.04645389 0.2205923 0.03673481 0.2221317 0.03922551 0.2064061 0.2607163 0.1345494 0.2365505 0.1345494 0.2365506 0.1292654 0.2365505 0.1398334 0.2365505 0.1345494 0.2607163 0.1345494 0.2607163 0.1451173 0.2365505 0.1451174 0.2365505 0.1398334 0.2365506 0.1504013 0.2365505 0.1451174 0.2607163 0.1451173 0.2365506 0.1292654 0.2365506 0.1239814 0.2607163 0.1239814 0.0430243 0.1904986 0.0430243 0.2351573 0.03325939 0.2351573 0.08208382 0.1904986 0.08208394 0.2351574 0.07231903 0.2351574 0.07231903 0.2351574 0.06255412 0.2351574 0.062554 0.1904986 0.062554 0.1904986 0.06255412 0.2351574 0.05278921 0.2351574 0.05278921 0.1904986 0.05278921 0.2351574 0.0430243 0.2351573 0.2317087 0.128057 0.226738 0.1288443 0.228012 0.1208016 0.05832868 0.1874678 0.04860979 0.1890071 0.05110049 0.1732815 0.2607163 0.1345494 0.2365505 0.1345494 0.2365506 0.1292654 0.2607163 0.1398333 0.2365505 0.1398334 0.2365505 0.1345494 0.2365505 0.1451174 0.2365505 0.1398334 0.2607163 0.1398333 0.2365506 0.1504013 0.2365505 0.1451174 0.2607163 0.1451173 0.2607163 0.1292654 0.2365506 0.1292654 0.2365506 0.1239814 0.2135363 0.1155208 0.2135363 0.1102368 0.237702 0.1102368 0.237702 0.1366567 0.2135363 0.1366567 0.2135362 0.1313727 0.2135362 0.1313727 0.2135362 0.1260887 0.237702 0.1260887 0.2135362 0.1208047 0.237702 0.1208047 0.237702 0.1260887 0.237702 0.1208047 0.2135362 0.1208047 0.2135363 0.1155208 0.2317087 0.128057 0.226738 0.1288443 0.228012 0.1208016 0.2607163 0.1292654 0.2365506 0.1292654 0.2365506 0.1239814 0.2365506 0.1504013 0.2365505 0.1451174 0.2607163 0.1451173 0.2607163 0.1451173 0.2365505 0.1451174 0.2365505 0.1398334 0.2607163 0.1398333 0.2365505 0.1398334 0.2365505 0.1345494 0.2365505 0.1345494 0.2365506 0.1292654 0.2607163 0.1292654 0.2317087 0.128057 0.226738 0.1288443 0.228012 0.1208016 0.04645389 0.2205923 0.03673481 0.2221317 0.03922551 0.2064061 0.2607163 0.1345494 0.2365505 0.1345494 0.2365506 0.1292654 0.2365505 0.1398334 0.2365505 0.1345494 0.2607163 0.1345494 0.2607163 0.1451173 0.2365505 0.1451174 0.2365505 0.1398334 0.2365506 0.1504013 0.2365505 0.1451174 0.2607163 0.1451173 0.2365506 0.1292654 0.2365506 0.1239814 0.2607163 0.1239814 0.0430243 0.2351573 0.03325939 0.2351573 0.03325939 0.1904987 0.08208382 0.1904986 0.08208394 0.2351574 0.07231903 0.2351574 0.07231903 0.2351574 0.06255412 0.2351574 0.062554 0.1904986 0.06255412 0.2351574 0.05278921 0.2351574 0.05278921 0.1904986 0.05278921 0.1904986 0.05278921 0.2351574 0.0430243 0.2351573 0.2317087 0.128057 0.226738 0.1288443 0.228012 0.1208016 0.05832868 0.1874678 0.04860979 0.1890071 0.05110049 0.1732815 0.2607163 0.1345494 0.2365505 0.1345494 0.2365506 0.1292654 0.2607163 0.1398333 0.2365505 0.1398334 0.2365505 0.1345494 0.2607163 0.1451173 0.2365505 0.1451174 0.2365505 0.1398334 0.2365506 0.1504013 0.2365505 0.1451174 0.2607163 0.1451173 0.2365506 0.1292654 0.2365506 0.1239814 0.2607163 0.1239814 0.2135363 0.1155208 0.2135363 0.1102368 0.237702 0.1102368 0.237702 0.1366567 0.2135363 0.1366567 0.2135362 0.1313727 0.2135362 0.1313727 0.2135362 0.1260887 0.237702 0.1260887 0.2135362 0.1208047 0.237702 0.1208047 0.237702 0.1260887 0.2135362 0.1208047 0.2135363 0.1155208 0.237702 0.1155208 0.2317087 0.128057 0.226738 0.1288443 0.228012 0.1208016 0.25291 0.1189442 0.2479394 0.1197314 0.2492132 0.1116888 0.2589033 0.1116919 0.2347375 0.1116919 0.2347375 0.1064079 0.2347375 0.1116919 0.2589033 0.1116919 0.2589033 0.1169759 0.2347375 0.1222599 0.2347375 0.116976 0.2589033 0.1169759 0.2589033 0.1275438 0.2347375 0.1275439 0.2347375 0.1222599 0.2347375 0.1064079 0.2347375 0.1011239 0.2589033 0.1011239 0.2365506 0.1292654 0.2365506 0.1239814 0.2607163 0.1239814 0.2365506 0.1504013 0.2365505 0.1451174 0.2607163 0.1451173 0.2607163 0.1451173 0.2365505 0.1451174 0.2365505 0.1398334 0.2607163 0.1398333 0.2365505 0.1398334 0.2365505 0.1345494 0.2607163 0.1345494 0.2365505 0.1345494 0.2365506 0.1292654 0.04860979 0.1890071 0.05110049 0.1732815 0.05986797 0.1777487 0.2317087 0.128057 0.226738 0.1288443 0.228012 0.1208016 0.05278921 0.1904986 0.05278921 0.2351574 0.0430243 0.2351573 0.062554 0.1904986 0.06255412 0.2351574 0.05278921 0.2351574 0.07231903 0.2351574 0.06255412 0.2351574 0.062554 0.1904986 0.08208382 0.1904986 0.08208394 0.2351574 0.07231903 0.2351574 0.0430243 0.1904986 0.0430243 0.2351573 0.03325939 0.2351573 0.2365506 0.1292654 0.2365506 0.1239814 0.2607163 0.1239814 0.2607163 0.1504013 0.2365506 0.1504013 0.2365505 0.1451174 0.2607163 0.1451173 0.2365505 0.1451174 0.2365505 0.1398334 0.2365505 0.1398334 0.2365505 0.1345494 0.2607163 0.1345494 0.2607163 0.1345494 0.2365505 0.1345494 0.2365506 0.1292654 0.04645389 0.2205923 0.03673481 0.2221317 0.03922551 0.2064061 0.2317087 0.128057 0.226738 0.1288443 0.228012 0.1208016 0.2607163 0.1345494 0.2365505 0.1345494 0.2365506 0.1292654 0.2607163 0.1398333 0.2365505 0.1398334 0.2365505 0.1345494 0.2365505 0.1451174 0.2365505 0.1398334 0.2607163 0.1398333 0.2365506 0.1504013 0.2365505 0.1451174 0.2607163 0.1451173 0.2365506 0.1292654 0.2365506 0.1239814 0.2607163 0.1239814 0.2525147 0.1234524 0.2577987 0.1234524 0.2577987 0.1476181 0.2313788 0.1476181 0.2313787 0.1234524 0.2366628 0.1234524 0.2366628 0.1234524 0.2419466 0.1234523 0.2419468 0.1476181 0.2472307 0.1234523 0.2472307 0.1476181 0.2419468 0.1476181 0.2472307 0.1476181 0.2472307 0.1234523 0.2525147 0.1234524 0.2399785 0.1416249 0.2391912 0.1366543 0.2472338 0.1379281 0.226738 0.1288443 0.228012 0.1208016 0.232496 0.1230863 0.05278921 0.1904986 0.05278921 0.2351574 0.0430243 0.2351573 0.062554 0.1904986 0.06255412 0.2351574 0.05278921 0.2351574 0.07231903 0.2351574 0.06255412 0.2351574 0.062554 0.1904986 0.08208382 0.1904986 0.08208394 0.2351574 0.07231903 0.2351574 0.0430243 0.1904986 0.0430243 0.2351573 0.03325939 0.2351573 0.05832868 0.1874678 0.04860979 0.1890071 0.05110049 0.1732815 0.2607163 0.1345494 0.2365505 0.1345494 0.2365506 0.1292654 0.2365505 0.1398334 0.2365505 0.1345494 0.2607163 0.1345494 0.2607163 0.1451173 0.2365505 0.1451174 0.2365505 0.1398334 0.2365506 0.1504013 0.2365505 0.1451174 0.2607163 0.1451173 0.2365506 0.1292654 0.2365506 0.1239814 0.2607163 0.1239814 0.03605562 0.2008072 0.03605562 0.1909206 0.08127093 0.1909206 0.03605562 0.2403537 0.0360555 0.2304671 0.08127093 0.230467 0.08127093 0.230467 0.0360555 0.2304671 0.0360555 0.2205805 0.0360555 0.2205805 0.0360555 0.2106938 0.08127093 0.2106938 0.08127093 0.2106938 0.0360555 0.2106938 0.03605562 0.2008072 0.04899179 0.2088544 0.05137521 0.1938063 0.05976516 0.1980811 0.2276237 0.10825 0.2276237 0.1029661 0.2517894 0.1029661 0.2276237 0.129386 0.2276236 0.1241019 0.2517894 0.1241019 0.2517894 0.1241019 0.2276236 0.1241019 0.2276236 0.1188181 0.2517894 0.1188179 0.2276236 0.1188181 0.2276236 0.113534 0.2517894 0.113534 0.2276236 0.113534 0.2276237 0.10825 0.07527583 0.2185093 0.06555694 0.2200486 0.06804764 0.2043229 0.8339406 0.8508856 0.7590608 0.8577358 0.9837005 0.8577358 0.908421 0.8497924 0.8374945 0.8456403 0.7665682 0.8577358 0.8339404 0.8497743 0.9088205 0.8456403 0.9837005 0.8577358 0.8374945 0.8496878 0.908421 0.8456403 0.9793475 0.8577358 0.7889169 0.7108272 0.8182101 0.7108272 0.8182102 0.816986 0.9245671 0.9141975 0.9245671 0.6014668 0.8037143 0.6014668 0.9740819 0.5505115 0.8532294 0.5505115 0.8532294 0.8632421 0.7825825 0.9825118 0.7825825 0.5487383 0.9439799 0.5487383 0.4818512 0.2532768 0.4818512 0.1842232 0.2642426 0.1842232 0.9084203 0.7629131 0.8308335 0.7629131 0.7797757 0.8430637 0.9319629 0.7899461 0.9319629 0.8827653 0.9771236 0.8827653 0.8633374 0.7899461 0.8181768 0.7245909 0.8181768 0.8827653 0.8181768 0.7245909 0.8633374 0.7899461 0.9319629 0.7899461 0.8760383 0.9119278 0.8714267 0.9119278 0.8714267 0.5693777 0.8760383 0.5693777 0.8714267 0.5693777 0.8714267 0.9119278 0.9341132 0.7360849 0.9341132 0.7319508 0.8150435 0.7319508 0.8150435 0.7360849 0.8150435 0.7319508 0.9341132 0.7319508 0.7889204 0.6382598 0.7889204 0.863871 0.9687188 0.863871 0.9561736 0.2335616 0.9561736 0.1731734 0.9805647 0.1731734 0.9605077 0.2129762 0.9605077 0.1965118 0.9772891 0.1965118 0.9605077 0.2129762 0.9605077 0.1965118 0.9772891 0.1965118 0.2562701 0.1298186 0.2562701 0.136524 0.2422136 0.136524 0.2422136 0.1298186 0.2422136 0.123113 0.2562701 0.123113 0.2255763 0.1356865 0.2511649 0.1356865 0.2511649 0.1271705 0.2653067 0.1222941 0.2227072 0.1222941 0.2227207 0.1083321 0.2653202 0.1134836 0.2227207 0.1134836 0.2227207 0.1079795 0.2227072 0.1255482 0.2227207 0.1115861 0.2653202 0.1115861 0.2227207 0.1079795 0.2227207 0.1134836 0.2653202 0.1134836 0.2653202 0.1079795 0.2227207 0.1079795 0.2227207 0.1134836 0.2228932 0.1372647 0.2229067 0.1233026 0.2655062 0.1233026 0.2653202 0.1134836 0.2227207 0.1134836 0.2227207 0.1079795 0.2228932 0.1340106 0.2229067 0.1200486 0.2655062 0.1200486 0.2255763 0.1271705 0.2255763 0.1356865 0.2511649 0.1356865 0.2347702 0.1278282 0.2347702 0.1350288 0.2419708 0.1350288 0.2227072 0.1190901 0.2227207 0.1134836 0.2653202 0.1134836 0.2227207 0.1134836 0.2227207 0.1079795 0.2653202 0.1079795 0.2227072 0.1203967 0.2227207 0.1147902 0.2653202 0.1147902 0.2653202 0.1079795 0.2227207 0.1079795 0.2227207 0.1134836 0.2648661 0.1261413 0.2222666 0.1261413 0.2222666 0.1316453 0.2222532 0.1385585 0.2222666 0.132952 0.2648661 0.132952 0.2222666 0.1316453 0.2222666 0.1261413 0.2648661 0.1261413 0.2648527 0.1372517 0.2222532 0.1372517 0.2222666 0.1316453 0.2474834 0.1218616 0.2546842 0.1218616 0.2546842 0.1146609 0.2474834 0.1136888 0.2546842 0.1136888 0.2546842 0.1064881 0.2648527 0.1290791 0.2222532 0.1290791 0.2222666 0.1234725 0.26305 0.1125754 0.2204505 0.1125754 0.2204505 0.1070715 0.2222532 0.1303856 0.2222666 0.1247792 0.2648661 0.1247792 0.2648661 0.1179684 0.2222666 0.1179684 0.2222666 0.1234725 0.2227207 0.09980678 0.2227207 0.1053107 0.2653202 0.1053107 0.2227072 0.1122239 0.2227207 0.1066174 0.2653202 0.1066174 0.2653202 0.1053107 0.2227207 0.1053107 0.2227207 0.09980678 0.2653067 0.1109173 0.2227072 0.1109173 0.2227207 0.1053107 0.2347702 0.1268561 0.2419708 0.1268561 0.2419708 0.1196554 0.2347702 0.1350288 0.2419708 0.1350288 0.2419708 0.1278282 0.2653067 0.1190901 0.2227072 0.1190901 0.2227207 0.1134836 0.2227207 0.1134836 0.2227207 0.1079795 0.2653202 0.1079795 0.2227072 0.1203967 0.2227207 0.1147902 0.2653202 0.1147902 0.2653202 0.1079795 0.2227207 0.1079795 0.2227207 0.1134836 0.2653202 0.1079795 0.2227207 0.1079795 0.2227207 0.1134836 0.2227072 0.1203967 0.2227207 0.1147902 0.2653202 0.1147902 0.2227207 0.1134836 0.2227207 0.1079795 0.2653202 0.1079795 0.2227072 0.1190901 0.2227207 0.1134836 0.2653202 0.1134836 0.2347702 0.1350288 0.2419708 0.1350288 0.2419708 0.1278282 0.2583157 0.1133955 0.2583156 0.1187082 0.243908 0.118708 0.2583158 0.1080826 0.2583157 0.1133955 0.2439081 0.1133951 0.2439083 0.1027694 0.2583159 0.1027697 0.2583158 0.1080826 0.2583161 0.09745693 0.2583159 0.1027697 0.2439083 0.1027694 0.2583156 0.1346465 0.2583156 0.1399593 0.2439081 0.1399593 0.2583156 0.1293337 0.2583156 0.1346465 0.2439081 0.1346465 0.243908 0.1240208 0.2583156 0.1240209 0.2583156 0.1293337 0.243908 0.118708 0.2583156 0.1187082 0.2583156 0.1240209 0.4343274 0.8251478 0.4343274 0.8268358 0.4326872 0.8268358 0.4359676 0.8251478 0.4359676 0.8268358 0.4343274 0.8268358 0.4376078 0.8251477 0.4376078 0.8268357 0.4359676 0.8268358 0.439248 0.8251476 0.4392481 0.8268356 0.4376078 0.8268357 0.4408883 0.8251475 0.4408884 0.8268355 0.4392481 0.8268356 0.4425287 0.8268354 0.4408884 0.8268355 0.4408883 0.8251475 0.4244865 0.8268354 0.4228463 0.8268353 0.4228464 0.8251473 0.4261267 0.8251476 0.4261266 0.8268355 0.4244865 0.8268354 0.4277667 0.8268356 0.4261266 0.8268355 0.4261267 0.8251476 0.429407 0.8251478 0.4294069 0.8268357 0.4277667 0.8268356 0.4310471 0.8251479 0.431047 0.8268358 0.4294069 0.8268357 0.4326872 0.8251479 0.4326872 0.8268358 0.431047 0.8268358 0.6200573 0.6241429 0.6033665 0.6241429 0.6033665 0.5854266 0.8983872 0.6363213 0.8983872 0.6826239 0.8837831 0.6826239 0.9250036 0.7612156 0.9250036 0.7146805 0.9347748 0.7146805 0.8357052 0.7628573 0.826562 0.7628573 0.8266224 0.7149044 0.7765126 0.2990162 0.7765126 0.1485742 0.7879945 0.1485742 0.4186151 0.8356103 0.4143446 0.8356103 0.4143604 0.824008 0.6033665 0.6241429 0.5870249 0.6241429 0.5870249 0.5854266 0.8837831 0.6363213 0.8837831 0.6826239 0.869237 0.6826239 0.9347748 0.7146805 0.9445365 0.7146805 0.9445365 0.7612156 0.826562 0.7628573 0.8174733 0.7628573 0.8174733 0.7149044 0.7879945 0.2990162 0.7879945 0.1485742 0.7994739 0.1485742 0.4143446 0.8356103 0.4100772 0.8356103 0.4101087 0.824008 0.5870249 0.6241429 0.5713754 0.6241429 0.5713754 0.5854266 0.869237 0.6363213 0.869237 0.6826239 0.8548066 0.6826239 0.9445365 0.7146805 0.9542788 0.7146805 0.9542788 0.7612156 0.8174733 0.7628573 0.8083549 0.7628573 0.8083549 0.7149044 0.799474 0.2990162 0.7994739 0.1485742 0.8109488 0.1485742 0.4100772 0.8356103 0.4058157 0.8356103 0.4058631 0.824008 0.5713754 0.6241429 0.5567453 0.6241429 0.5567453 0.5854266 0.8548066 0.6826239 0.840549 0.6826239 0.840549 0.6363213 0.9542788 0.7146805 0.9639923 0.7146805 0.9639923 0.7612156 0.8083549 0.7149044 0.8083549 0.7628573 0.7992372 0.7628573 0.8109488 0.1485742 0.8224167 0.1485742 0.8224167 0.2990162 0.4058157 0.8356103 0.4015632 0.8356103 0.4016263 0.824008 0.5567453 0.5854266 0.5567453 0.6241429 0.5434334 0.6241429 0.840549 0.6826239 0.8265209 0.6826239 0.8265209 0.6363213 0.9639923 0.7146805 0.9736674 0.7146805 0.9736674 0.7612156 0.7992372 0.7628573 0.7901206 0.7628573 0.7901206 0.7149044 0.8224167 0.1485742 0.8338752 0.1485742 0.8338752 0.2990162 0.4015632 0.8356103 0.3973227 0.8356103 0.3974015 0.824008 0.6966903 0.6241429 0.6833778 0.6241429 0.6833778 0.5854265 0.9702536 0.6826239 0.9562256 0.6826239 0.9562256 0.6363213 0.8763397 0.7146805 0.8860148 0.7146805 0.8860148 0.7612156 0.8812962 0.7628573 0.8721795 0.7628573 0.8721795 0.7149044 0.7191502 0.1485742 0.7306087 0.1485742 0.7306087 0.2990162 0.4398286 0.824008 0.4399074 0.8356103 0.4356669 0.8356103 0.6833778 0.5854265 0.6833778 0.6241429 0.6687472 0.6241429 0.9562256 0.6826239 0.9419681 0.6826239 0.9419681 0.6363213 0.8860148 0.7146805 0.8957284 0.7146805 0.8957284 0.7612156 0.8721795 0.7628573 0.8630617 0.7628573 0.8630617 0.7149044 0.7306087 0.1485742 0.7420765 0.1485742 0.7420766 0.2990162 0.4356669 0.8356103 0.4314144 0.8356103 0.431367 0.824008 0.6687472 0.6241429 0.653097 0.6241429 0.653097 0.5854266 0.9419681 0.6826239 0.9274343 0.6826239 0.9276408 0.6363213 0.8957284 0.7146805 0.9054707 0.7146805 0.9054707 0.7612156 0.8630617 0.7628573 0.8539433 0.7628573 0.8539433 0.7149044 0.7420765 0.1485742 0.7535513 0.1485742 0.7535513 0.2990162 0.4314144 0.8356103 0.427153 0.8356103 0.4271214 0.824008 0.653097 0.6241429 0.6367544 0.6241429 0.6367544 0.5854266 0.9276408 0.6363213 0.9274343 0.6826239 0.9129914 0.6826239 0.9054707 0.7146805 0.9152324 0.7146805 0.9152324 0.7612156 0.8539433 0.7628573 0.8448244 0.7628573 0.8448244 0.7149044 0.7535513 0.1485742 0.7650308 0.1485742 0.7650309 0.2990162 0.427153 0.8356103 0.4228855 0.8356103 0.4228697 0.824008 0.6367544 0.6241429 0.6200573 0.6241429 0.6200573 0.5854266 0.9129914 0.6363213 0.9129914 0.6826239 0.8983872 0.6826239 0.9152324 0.7146805 0.9250036 0.7146805 0.9250036 0.7612156 0.8448244 0.7149044 0.8448244 0.7628573 0.8357053 0.7628573 0.7650308 0.1485742 0.7765126 0.1485742 0.7765126 0.2990162 0.4228855 0.8356103 0.4186151 0.8356103 0.4186151 0.824008 0.6200573 0.5854266 0.6200573 0.6241429 0.6033665 0.6241429 0.8983872 0.6826239 0.8837831 0.6826239 0.8837831 0.6363213 0.9250036 0.7146805 0.9347748 0.7146805 0.9347748 0.7612156 0.8357051 0.7149044 0.8357053 0.7628573 0.8265622 0.7628573 0.7765126 0.1485742 0.7879945 0.1485742 0.7879945 0.2990162 0.4186151 0.8356103 0.4143446 0.8356103 0.4143604 0.824008 0.6033665 0.6241429 0.5870249 0.6241429 0.5870249 0.5854266 0.8837831 0.6826239 0.869237 0.6826239 0.869237 0.6363213 0.9347748 0.7146805 0.9445365 0.7146805 0.9445365 0.7612156 0.8266099 0.7149044 0.8265622 0.7628573 0.8174733 0.7628573 0.7879945 0.1485742 0.7994739 0.1485742 0.799474 0.2990162 0.4143446 0.8356103 0.4100771 0.8356103 0.4101087 0.824008 0.5870249 0.6241429 0.5713754 0.6241429 0.5713754 0.5854266 0.869237 0.6826239 0.8548066 0.6826239 0.8548066 0.6363213 0.9445365 0.7146805 0.9542788 0.7146805 0.9542788 0.7612156 0.8174733 0.7628573 0.8083549 0.7628573 0.8083549 0.7149044 0.7994739 0.1485742 0.8109488 0.1485742 0.8109488 0.2990162 0.4101087 0.824008 0.4100771 0.8356103 0.4058157 0.8356103 0.5713754 0.6241429 0.5567453 0.6241429 0.5567453 0.5854266 0.8548066 0.6363213 0.8548066 0.6826239 0.840549 0.6826239 0.9542788 0.7612156 0.9542788 0.7146805 0.9639923 0.7146805 0.8083549 0.7628573 0.7992372 0.7628573 0.7992372 0.7149044 0.8109488 0.1485742 0.8224167 0.1485742 0.8224167 0.2990162 0.405863 0.824008 0.4058157 0.8356103 0.4015632 0.8356103 0.5567453 0.5854266 0.5567453 0.6241429 0.5434334 0.6241429 0.840549 0.6826239 0.8265209 0.6826239 0.8265209 0.6363213 0.9639923 0.7146805 0.9736674 0.7146805 0.9736674 0.7612156 0.7992372 0.7628573 0.7901206 0.7628573 0.7901206 0.7149044 0.8224167 0.1485742 0.8338752 0.1485742 0.8338752 0.2990162 0.4015632 0.8356103 0.3973227 0.8356103 0.3974015 0.824008 0.6966903 0.6241429 0.6833778 0.6241429 0.6833778 0.5854265 0.9702536 0.6826239 0.9562256 0.6826239 0.9562256 0.6363213 0.8763397 0.7146805 0.8860148 0.7146805 0.8860148 0.7612156 0.8812962 0.7628573 0.8721795 0.7628573 0.8721795 0.7149044 0.7191502 0.1485742 0.7306087 0.1485742 0.7306087 0.2990162 0.4399074 0.8356103 0.4356669 0.8356103 0.4356037 0.824008 0.6833778 0.5854265 0.6833778 0.6241429 0.6687472 0.6241429 0.9562256 0.6826239 0.9419681 0.6826239 0.9419681 0.6363213 0.8860148 0.7146805 0.8957284 0.7146805 0.8957284 0.7612156 0.8721795 0.7149044 0.8721795 0.7628573 0.8630617 0.7628573 0.7306087 0.1485742 0.7420765 0.1485742 0.7420766 0.2990162 0.4356669 0.8356103 0.4314144 0.8356103 0.431367 0.824008 0.6687472 0.5854266 0.6687472 0.6241429 0.653097 0.6241429 0.9419681 0.6826239 0.9274343 0.6826239 0.9276407 0.6363213 0.8957284 0.7146805 0.9054707 0.7146805 0.9054707 0.7612156 0.8630617 0.7628573 0.8539433 0.7628573 0.8539433 0.7149044 0.7420765 0.1485742 0.7535513 0.1485742 0.7535513 0.2990162 0.4314144 0.8356103 0.427153 0.8356103 0.4271214 0.824008 0.653097 0.6241429 0.6367544 0.6241429 0.6367544 0.5854266 0.9274343 0.6826239 0.9129914 0.6826239 0.9129914 0.6363213 0.9054707 0.7146805 0.9152324 0.7146805 0.9152324 0.7612156 0.8539433 0.7628573 0.8448244 0.7628573 0.8448244 0.7149044 0.7535513 0.2990162 0.7535513 0.1485742 0.7650308 0.1485742 0.427153 0.8356103 0.4228855 0.8356103 0.4228697 0.824008 0.6367544 0.5854266 0.6367544 0.6241429 0.6200573 0.6241429 0.9129914 0.6826239 0.8983872 0.6826239 0.8983872 0.6363213 0.9152324 0.7146805 0.9250036 0.7146805 0.9250036 0.7612156 0.8448244 0.7628573 0.8357052 0.7628573 0.8357177 0.7149044 0.7650308 0.1485742 0.7765126 0.1485742 0.7765126 0.2990162 0.4228855 0.8356103 0.4186151 0.8356103 0.4186151 0.824008 0.5645149 0.5728863 0.5713754 0.5854266 0.5567453 0.5854266 0.5940537 0.571929 0.5870249 0.5854266 0.5713754 0.5854266 0.6033665 0.5854266 0.5870249 0.5854266 0.5940537 0.571929 0.6460469 0.571928 0.653097 0.5854266 0.6367544 0.5854266 0.5941243 0.571893 0.6053344 0.5816057 0.6033665 0.5854266 0.5646336 0.5729037 0.5941243 0.571893 0.5870249 0.5854266 0.5646336 0.5729037 0.5713754 0.5854266 0.5567453 0.5854266 0.6833778 0.5854265 0.6687472 0.5854266 0.6755983 0.5728988 0.6687472 0.5854266 0.653097 0.5854266 0.6460469 0.571928 0.6459999 0.5718775 0.653097 0.5854266 0.6367544 0.5854266 0.6755082 0.5728964 0.6687472 0.5854266 0.653097 0.5854266 0.6755082 0.5728964 0.6850416 0.5822861 0.6833778 0.5854265 0.8829801 0.7850146 0.8597359 0.7813333 0.8679515 0.7560479 0.8597359 0.7813333 0.8387668 0.770649 0.8543939 0.7491399 0.8387668 0.770649 0.8221256 0.7540079 0.8436345 0.7383807 0.8221256 0.7540079 0.8114413 0.733039 0.8367265 0.7248232 0.8114413 0.733039 0.8077596 0.7097945 0.8343462 0.7097945 0.8077596 0.7097945 0.8114411 0.6865501 0.8367265 0.6947658 0.8221253 0.6655811 0.8436344 0.6812081 0.8367265 0.6947658 0.8387664 0.6489399 0.8543937 0.6704488 0.8436344 0.6812081 0.8387664 0.6489399 0.8597354 0.6382556 0.8679513 0.6635409 0.8597354 0.6382556 0.8829798 0.634574 0.8829798 0.6611605 0.8829798 0.634574 0.9062241 0.6382554 0.8980086 0.6635407 0.9062241 0.6382554 0.9271933 0.6489396 0.911566 0.6704487 0.9438344 0.6655808 0.9223255 0.681208 0.911566 0.6704487 0.9545188 0.6865497 0.9292334 0.6947655 0.9223255 0.681208 0.9545188 0.6865497 0.9582003 0.7097941 0.9316138 0.7097941 0.9545188 0.7330386 0.9292336 0.7248229 0.9316138 0.7097941 0.9438346 0.7540076 0.9223256 0.7383804 0.9292336 0.7248229 0.9438346 0.7540076 0.9271936 0.7706488 0.9115662 0.7491397 0.9062245 0.7813331 0.8980087 0.7560479 0.9115662 0.7491397 0.8829801 0.7850146 0.8829801 0.7584282 0.8980087 0.7560479 0.7967721 0.7448903 0.8168403 0.7448903 0.8168408 0.8015276 0.796772 0.8015279 0.7767037 0.8015279 0.7767039 0.7448905 0.7967721 0.7270131 0.8168403 0.7270131 0.8168403 0.7448903 0.7967721 0.7448905 0.7767039 0.7448905 0.7767039 0.7270132 0.7967721 0.7091357 0.8168403 0.7091358 0.8168403 0.7270131 0.7967721 0.7270132 0.7767039 0.7270132 0.7767039 0.7091359 0.7967723 0.6912586 0.8168403 0.6912587 0.8168403 0.7091358 0.7967721 0.7091359 0.7767039 0.7091359 0.7767039 0.6912589 0.7967725 0.6733813 0.8168405 0.6733817 0.8168403 0.6912587 0.796772 0.6912588 0.7767039 0.6912589 0.7767038 0.6733817 0.7967728 0.6555045 0.8168408 0.6555047 0.8168405 0.6733817 0.7967718 0.6733816 0.7767038 0.6733817 0.7767037 0.6555048 0.8684552 0.763728 0.8634371 0.7732715 0.8854962 0.7764433 0.9025374 0.763728 0.8854962 0.7661782 0.8854962 0.7764433 0.8527944 0.7565762 0.8431649 0.7640137 0.8634371 0.7732715 0.9181981 0.7565762 0.9025374 0.763728 0.9075554 0.7732715 0.8397829 0.7453018 0.8263221 0.7494195 0.8431649 0.7640137 0.9312096 0.7453018 0.9181981 0.7565762 0.9278276 0.7640137 0.830475 0.7308182 0.8142731 0.7306711 0.8263221 0.7494195 0.9405174 0.7308182 0.9312096 0.7453018 0.9446703 0.7494195 0.8256245 0.7142991 0.8079944 0.7092877 0.8142731 0.7306711 0.9453681 0.7142991 0.9405174 0.7308182 0.9567193 0.7306711 0.8256245 0.6597552 0.8079944 0.6593567 0.8079944 0.7092877 0.9453681 0.6597552 0.9453681 0.7142991 0.962998 0.7092877 0.9552078 0.7576518 0.8214265 0.757606 0.8214339 0.7364513 0.955215 0.7364972 0.8214339 0.7364513 0.8214411 0.7152968 0.9552006 0.7788068 0.8214195 0.7787611 0.8214265 0.757606 0.9552222 0.7153427 0.8214411 0.7152968 0.8214485 0.6941417 0.9552006 0.7788068 0.9551934 0.7999617 0.8214121 0.799916 0.9552295 0.6941875 0.8214485 0.6941417 0.8214556 0.6729867 0.9551934 0.7999617 0.9551862 0.8211165 0.8214049 0.8210712 0.9552367 0.6730327 0.8214556 0.6729867 0.821463 0.6518316 0.955179 0.8422715 0.8213977 0.8422262 0.8214049 0.8210712 0.9552439 0.6518777 0.821463 0.6518316 0.8214703 0.6306767 0.955163 0.8894959 0.8213817 0.8896227 0.8213977 0.8422262 0.9552674 0.5834985 0.9552513 0.6307228 0.8214703 0.6306767 0.8256245 0.6597552 0.8256245 0.7142991 0.8079944 0.7092877 0.9453681 0.6597552 0.962998 0.659538 0.962998 0.7092877 0.8256245 0.7142991 0.830475 0.7308182 0.8142731 0.7306711 0.9453681 0.7142991 0.962998 0.7092877 0.9567192 0.7306711 0.830475 0.7308182 0.8397829 0.7453018 0.8263221 0.7494195 0.9405174 0.7308182 0.9567192 0.7306711 0.9446703 0.7494195 0.8397829 0.7453018 0.8527944 0.7565762 0.8431649 0.7640137 0.9312096 0.7453018 0.9446703 0.7494195 0.9278276 0.7640137 0.8527944 0.7565762 0.8684552 0.763728 0.8634371 0.7732715 0.9181981 0.7565762 0.9278276 0.7640137 0.9075554 0.7732715 0.8684552 0.763728 0.8854962 0.7661782 0.8854962 0.7764433 0.9025372 0.763728 0.9075554 0.7732715 0.8854962 0.7764433 0.7767035 0.6745808 0.7567772 0.6745807 0.7567772 0.6568709 0.8168414 0.6555046 0.8369563 0.655505 0.836956 0.6733822 0.7767035 0.6922908 0.7567771 0.6922908 0.7567772 0.6745807 0.8168413 0.6733821 0.836956 0.6733822 0.8369558 0.6912596 0.7767035 0.6922908 0.7767034 0.710001 0.7567771 0.7100008 0.8168411 0.6912595 0.8369558 0.6912596 0.8369555 0.7091369 0.7767034 0.710001 0.7767034 0.7277109 0.7567771 0.7277109 0.816841 0.7091369 0.8369555 0.7091369 0.8369554 0.7270142 0.7767034 0.7454207 0.7567771 0.7454207 0.7567771 0.7277109 0.8168409 0.7270141 0.8369554 0.7270142 0.8369552 0.7448912 0.7767034 0.8015279 0.7567771 0.8015279 0.7567771 0.7454207 0.8168408 0.7448912 0.8369552 0.7448912 0.8369552 0.8015279 0.8554198 0.9292203 0.8322505 0.9186393 0.9290118 0.9186393 0.9290118 0.9186393 0.8322505 0.9186393 0.8130009 0.9019598 0.8130009 0.9019598 0.7992303 0.8805321 0.962032 0.8805321 0.7992303 0.8805321 0.7920541 0.8560932 0.9692079 0.8560932 0.7920541 0.8560932 0.7920541 0.7753984 0.9692079 0.7753984 0.8381165 0.7360154 0.9358951 0.7360156 0.9124824 0.7467077 0.8381165 0.7360154 0.8186644 0.7191604 0.9553472 0.7191606 0.8047488 0.6975075 0.9692628 0.6975075 0.9553472 0.7191606 0.7974975 0.6728115 0.9765143 0.6728115 0.9692628 0.6975075 0.7974975 0.5912681 0.9765143 0.5912681 0.9765143 0.6728115 0.5355306 0.5314586 0.5355306 0.610618 0.6146901 0.610618 0.9996409 0.5426048 0.8128289 0.5426048 0.8128289 0.5326669 0.9996409 0.5426048 0.8128289 0.5426048 0.8128289 0.5326669 0.8128289 0.5326669 0.8128289 0.5426048 0.9996409 0.5426048 0.8128289 0.5326669 0.8128289 0.5426048 0.9996409 0.5426048 0.4246388 0.8123592 0.4273043 0.8123592 0.4273043 0.8155311 0.9432692 0.897165 0.954905 0.897165 0.954905 0.9075782 0.4273844 0.8214921 0.4300499 0.8214921 0.43005 0.824664 0.4407088 0.8101495 0.4388158 0.8101495 0.4388158 0.8074351 0.4434362 0.8120774 0.4407088 0.8120774 0.4407088 0.8101495 0.4297785 0.8221127 0.432444 0.8221127 0.432444 0.8252847 0.9179441 0.90386 0.92958 0.90386 0.92958 0.9142733 0.4359884 0.8221127 0.4386539 0.8221127 0.4386539 0.8252847 0.4359884 0.8221127 0.4386539 0.8221127 0.4386539 0.8252847 0.9179441 0.90386 0.92958 0.90386 0.92958 0.9142733 0.4297785 0.8221127 0.432444 0.8221127 0.432444 0.8252847 0.9276512 0.9139459 0.9276512 0.9035326 0.9453655 0.9035328 0.8790336 0.8582193 0.8790336 0.7049992 0.9308184 0.7049992 0.9308184 0.8582193 0.9308184 0.7049992 0.982603 0.7049992 0.7754647 0.8582193 0.7754647 0.7049992 0.8272491 0.7049992 0.8272491 0.8582193 0.8272491 0.7049992 0.8790336 0.7049992 0.9308184 0.7049992 0.9308184 0.8582193 0.8790336 0.8582193 0.982603 0.7049992 0.982603 0.8582193 0.9308184 0.8582193 0.8272491 0.7049992 0.8272491 0.8582193 0.7754647 0.8582193 0.8790336 0.7049992 0.8790336 0.8582193 0.8272491 0.8582193 0.8790336 0.8582193 0.8790336 0.7049992 0.9308184 0.7049992 0.9308184 0.8582193 0.9308184 0.7049992 0.982603 0.7049992 0.7754647 0.8582193 0.7754647 0.7049992 0.8272491 0.7049992 0.8272491 0.8582193 0.8272491 0.7049992 0.8790336 0.7049992 0.8272491 0.8582193 0.8272491 0.7049992 0.8790336 0.7049992 0.7754647 0.8582193 0.7754647 0.7049992 0.8272491 0.7049992 0.9308184 0.8582193 0.9308184 0.7049992 0.982603 0.7049992 0.8790336 0.8582193 0.8790336 0.7049992 0.9308184 0.7049992 0.2214825 0.1321926 0.2176737 0.1321926 0.2176737 0.1360015 0.2214825 0.1321926 0.2176737 0.1321926 0.2176737 0.1360015 0.2611027 0.1077881 0.2611027 0.1129525 0.2216364 0.1129525 0.2611027 0.1129525 0.2611027 0.118117 0.2216364 0.118117 0.2611027 0.118117 0.2611027 0.1232815 0.2216364 0.1232815 0.2611027 0.1232815 0.2611027 0.128446 0.2216364 0.128446 0.2611027 0.1232815 0.2611027 0.128446 0.2216364 0.128446 0.2611027 0.118117 0.2611027 0.1232815 0.2216364 0.1232815 0.2216364 0.1129525 0.2611027 0.1129525 0.2611027 0.118117 0.2611027 0.1077881 0.2611027 0.1129525 0.2216364 0.1129525 0.2214825 0.1321926 0.2176737 0.1321926 0.2176737 0.1360015 0.2214825 0.1321926 0.2176737 0.1321926 0.2176737 0.1360015 0.2214825 0.1165705 0.2176737 0.1165705 0.2176737 0.1203794 0.2214825 0.1165705 0.2176737 0.1165705 0.2176737 0.1203794 0.2611027 0.1275759 0.2611027 0.1327404 0.2216364 0.1327404 0.2216364 0.1327404 0.2611027 0.1327404 0.2611027 0.137905 0.2611027 0.137905 0.2611027 0.1430694 0.2216364 0.1430694 0.2611027 0.1430694 0.2611027 0.1482339 0.2216364 0.1482339 0.2180045 0.09396028 0.2211714 0.09396028 0.2211714 0.1514181 0.2611027 0.118117 0.2611027 0.1202923 0.2216364 0.1202923 0.2611027 0.1159418 0.2611027 0.118117 0.2216364 0.118117 0.2611027 0.1137666 0.2611027 0.1159418 0.2216364 0.1159418 0.2214825 0.1321926 0.2176737 0.1321926 0.2176737 0.1360015 0.2214825 0.1321926 0.2176737 0.1321926 0.2176737 0.1360015 0.2216364 0.1268094 0.2611027 0.1268094 0.2611027 0.1216449 0.2216364 0.1216449 0.2611027 0.1216449 0.2611027 0.1164805 0.2216364 0.111316 0.2216364 0.1164805 0.2611027 0.1164805 0.2216364 0.111316 0.2611027 0.111316 0.2611027 0.1061515 0.2176737 0.138977 0.2176737 0.1351681 0.2214825 0.1351681 0.2214825 0.1203794 0.2176737 0.1203794 0.2176737 0.1165705 0.2176737 0.1360015 0.2176737 0.1321926 0.2214825 0.1321926 0.2176737 0.112494 0.2176737 0.1086852 0.2214825 0.1086852 0.2216364 0.09896713 0.2611027 0.09896713 0.2611027 0.09380263 0.2216364 0.09896713 0.2216364 0.1041316 0.2611027 0.1041316 0.2216364 0.1092962 0.2611027 0.1092962 0.2611027 0.1041316 0.2216364 0.1144605 0.2611027 0.1144606 0.2611027 0.1092962 0.1211431 0.3202785 0.1281425 0.3202785 0.1281425 0.3132792 0.03328841 0.2727841 0.03620749 0.2727841 0.03620749 0.1699084 0.03620749 0.2727841 0.03912663 0.2727841 0.03912663 0.1699084 0.03912663 0.2727841 0.04204559 0.2727841 0.04204559 0.1699084 0.04204559 0.2727841 0.04496473 0.2727841 0.04496473 0.1699084 0.6986994 0.4838551 0.7017785 0.4934288 0.7001425 0.4935501 0.6986994 0.4838551 0.7017785 0.4934288 0.6938154 0.4934288 0.6985958 0.4849257 0.695411 0.4936224 0.6938154 0.4934288 0.6968946 0.4838551 0.6938154 0.4934288 0.7017785 0.4934288 0.9966105 0.1744453 0.996159 0.1744453 0.9953888 0.1768403 0.996159 0.1744453 0.9965847 0.1747131 0.9957879 0.1768888 0.996159 0.1744453 0.9966105 0.1744453 0.9973809 0.1768403 0.9966105 0.1744453 0.9973809 0.1768403 0.9969716 0.1768707 0.04204559 0.1699084 0.04204559 0.2727841 0.04496473 0.2727841 0.03912663 0.2727841 0.04204559 0.2727841 0.04204559 0.1699084 0.03620749 0.2727841 0.03912663 0.2727841 0.03912663 0.1699084 0.03328841 0.2727841 0.03620749 0.2727841 0.03620749 0.1699084 0.1211431 0.3202785 0.1281425 0.3202785 0.1281425 0.3132792 0.1211431 0.3132792 0.1211431 0.3202785 0.1281425 0.3202785 0.05510658 0.1699084 0.05510658 0.2727841 0.05802559 0.2727841 0.05802559 0.2727841 0.06094461 0.2727841 0.06094461 0.1699084 0.06094461 0.1699084 0.06094461 0.2727841 0.06386381 0.2727841 0.06386381 0.2727841 0.06678283 0.2727841 0.06678283 0.1699084 0.9933131 0.1700164 0.9940834 0.1724115 0.9936741 0.1724418 0.9933131 0.1700164 0.9940834 0.1724115 0.9920912 0.1724115 0.9928616 0.1700164 0.9932872 0.1702842 0.9924904 0.1724599 0.9933131 0.1700164 0.9928616 0.1700164 0.9920912 0.1724115 0.1211431 0.3202785 0.1281425 0.3202785 0.1281425 0.3132792 0.070234 0.2727841 0.07315301 0.2727841 0.07315301 0.1699084 0.07315301 0.2727841 0.07607203 0.2727841 0.07607203 0.1699084 0.07607203 0.2727841 0.07899111 0.2727841 0.07899111 0.1699084 0.07899111 0.1699084 0.07899111 0.2727841 0.08191013 0.2727841 0.9882987 0.1691277 0.9890691 0.1715227 0.9886597 0.1715531 0.9882987 0.1691277 0.9890691 0.1715227 0.9870769 0.1715227 0.9878472 0.1691277 0.9882728 0.1693955 0.9874761 0.1715711 0.9882987 0.1691277 0.9878472 0.1691277 0.9870769 0.1715227 0.9885472 0.1657611 0.9880957 0.1657611 0.9873254 0.1681562 0.9885213 0.166029 0.9877246 0.1682046 0.9873254 0.1681562 0.9885472 0.1657611 0.9893175 0.1681562 0.9873254 0.1681562 0.988165 0.1659848 0.9885472 0.1657611 0.9893175 0.1681562 0.04844564 0.2727841 0.05136466 0.2727841 0.05136466 0.1699084 0.04552662 0.1699084 0.04552662 0.2727841 0.04844564 0.2727841 0.0426076 0.2727841 0.04552662 0.2727841 0.04552662 0.1699084 0.0396884 0.1699084 0.0396884 0.2727841 0.0426076 0.2727841 0.1211431 0.3132792 0.1211431 0.3202785 0.1281425 0.3202785 0.1211431 0.3132792 0.1211431 0.3202785 0.1281425 0.3202785 0.05887019 0.2727841 0.06178939 0.2727841 0.06178939 0.1699084 0.06178939 0.1699084 0.06178939 0.2727841 0.06470841 0.2727841 0.06470841 0.1699084 0.06470841 0.2727841 0.06762742 0.2727841 0.06762742 0.2727841 0.0705465 0.2727841 0.0705465 0.1699084 0.987843 0.168317 0.9882252 0.1680933 0.9889955 0.1704884 0.9882252 0.1680933 0.9889955 0.1704884 0.9870034 0.1704884 0.9881993 0.1683612 0.9874026 0.1705368 0.9870034 0.1704884 0.9877737 0.1680933 0.9870034 0.1704884 0.9889955 0.1704884 0.1211431 0.3132792 0.1211431 0.3202785 0.1281425 0.3202785 0.0396884 0.1699084 0.0396884 0.2727841 0.0426076 0.2727841 0.0426076 0.1699084 0.0426076 0.2727841 0.04552662 0.2727841 0.04552662 0.1699084 0.04552662 0.2727841 0.04844564 0.2727841 0.04844564 0.2727841 0.05136466 0.2727841 0.05136466 0.1699084 0.988165 0.1659848 0.9885472 0.1657611 0.9893175 0.1681562 0.9885472 0.1657611 0.9893175 0.1681562 0.9873254 0.1681562 0.9885213 0.166029 0.9877246 0.1682046 0.9873254 0.1681562 0.9885472 0.1657611 0.9880957 0.1657611 0.9873254 0.1681562 0.9882987 0.1691277 0.9878472 0.1691277 0.9870769 0.1715227 0.9878472 0.1691277 0.9882728 0.1693955 0.9874761 0.1715711 0.9882987 0.1691277 0.9890691 0.1715227 0.9870769 0.1715227 0.9882987 0.1691277 0.9890691 0.1715227 0.9886597 0.1715531 0.07899111 0.1699084 0.07899111 0.2727841 0.08191013 0.2727841 0.07607203 0.2727841 0.07899111 0.2727841 0.07899111 0.1699084 0.07315301 0.2727841 0.07607203 0.2727841 0.07607203 0.1699084 0.070234 0.2727841 0.07315301 0.2727841 0.07315301 0.1699084 0.1211431 0.3202785 0.1281425 0.3202785 0.1281425 0.3132792 0.1211431 0.3202785 0.1281425 0.3202785 0.1281425 0.3132792 0.070234 0.1699084 0.070234 0.2727841 0.07315301 0.2727841 0.07315301 0.2727841 0.07607203 0.2727841 0.07607203 0.1699084 0.07607203 0.2727841 0.07899111 0.2727841 0.07899111 0.1699084 0.07899111 0.2727841 0.08191013 0.2727841 0.08191013 0.1699084 0.6366215 0.4771558 0.6381492 0.4762616 0.6412285 0.4858354 0.6363444 0.4762616 0.6381492 0.4762616 0.6412285 0.4858354 0.6380457 0.4773323 0.6348608 0.4860289 0.6332652 0.4858354 0.6381492 0.4762616 0.6363444 0.4762616 0.6332652 0.4858354 0.6819142 0.4423621 0.6801095 0.4423621 0.6770302 0.4519358 0.6818107 0.4434328 0.6786258 0.4521294 0.6770302 0.4519358 0.6801095 0.4423621 0.6819142 0.4423621 0.6849935 0.4519358 0.6819142 0.4423621 0.6849935 0.4519358 0.6833574 0.4520573 0.04347974 0.1699084 0.04347974 0.2727841 0.04639869 0.2727841 0.04056072 0.2727841 0.04347974 0.2727841 0.04347974 0.1699084 0.0376417 0.2727841 0.04056072 0.2727841 0.04056072 0.1699084 0.0347225 0.2727841 0.0376417 0.2727841 0.0376417 0.1699084 0.1211431 0.3132792 0.1211431 0.3202785 0.1281425 0.3202785 0.2359886 0.09418553 0.2613094 0.09418553 0.2613093 0.09825617 0.2359886 0.1063973 0.2359886 0.1023266 0.2613093 0.1023268 0.2590609 0.09934467 0.2590609 0.09563535 0.2553516 0.09563535 0.2613093 0.09825617 0.2613093 0.1023268 0.2359886 0.1023266 0.2590609 0.09934467 0.2590609 0.09563535 0.2553516 0.09563535 0.2359886 0.1063973 0.2613092 0.1063974 0.2613092 0.1104681 0.6945044 0.5061798 0.7072128 0.5061798 0.7072128 0.4899461 0.6880061 0.5042064 0.6880061 0.4842641 0.69765 0.4842641 0.7072128 0.4899461 0.7072128 0.5061798 0.6945044 0.5061798 0.6780646 0.4842641 0.6780647 0.5042065 0.6684207 0.5042067 0.6933053 0.4848065 0.7032466 0.4848065 0.7032465 0.504749 0.69765 0.5042065 0.69765 0.4842641 0.7075914 0.4842641 0.69765 0.4842641 0.7075914 0.4842641 0.7075913 0.5042067 0.6933053 0.4848065 0.7032466 0.4848065 0.7032465 0.504749 0.6684207 0.4842641 0.6780646 0.4842641 0.6780647 0.5042065 0.7072128 0.4899461 0.7072128 0.5061798 0.6945044 0.5061798 0.6880061 0.5042064 0.6880061 0.4842641 0.69765 0.4842641 0.6945044 0.4899461 0.6945044 0.5061798 0.7072128 0.5061798 0.2359886 0.1063973 0.2613092 0.1063974 0.2613092 0.1104681 0.2590609 0.09563535 0.2553516 0.09563535 0.2553516 0.09934467 0.2613093 0.09825617 0.2613093 0.1023268 0.2359886 0.1023266 0.2590609 0.09934467 0.2590609 0.09563535 0.2553516 0.09563535 0.2613092 0.1063974 0.2359886 0.1063973 0.2359886 0.1023266 0.2359886 0.09418553 0.2613094 0.09418553 0.2613093 0.09825617 0.6387172 0.6335778 0.7097835 0.6335778 0.7097835 0.4843271 0.8340382 0.6641426 0.8311681 0.6641426 0.8311681 0.5442377 0.9581577 0.8878076 0.9107443 0.8878076 0.9107444 0.6476749 0.9107443 0.8878076 0.86377 0.8878076 0.8637702 0.6476749 0.8313537 0.6554351 0.8313537 0.5616485 0.8337941 0.5616485 0.8340382 0.6641426 0.8340382 0.5442377 0.8311681 0.5442377 0.8591034 0.9538753 0.8125674 0.9538753 0.8125674 0.7137425 0.9065756 0.9538753 0.8591034 0.9538753 0.8591034 0.7137425 0.9926818 0.8175385 0.9867284 0.8175385 0.9867284 0.5450747 0.9926818 0.8175385 0.9867284 0.8175385 0.9867284 0.5450747 0.9583323 0.8878076 0.9112419 0.8878076 0.9112419 0.6476749 0.9112419 0.8878076 0.86377 0.8878076 0.86377 0.6476749 0.8340382 0.6641426 0.8340382 0.5442377 0.8311681 0.5442377 0.6387172 0.4843271 0.6387172 0.6335778 0.7097835 0.6335778 0.6387172 0.6335778 0.7097835 0.6335778 0.7097835 0.4843271 0.8340382 0.6641426 0.8340382 0.5442377 0.8311681 0.5442377 0.856123 0.8101781 0.8092641 0.8101781 0.8092641 0.5700454 0.9030973 0.8101779 0.856123 0.8101781 0.8561228 0.5700452 0.9926818 0.8175385 0.9867284 0.8175385 0.9867284 0.5450747 0.6387172 0.6335778 0.7097835 0.6335778 0.7097835 0.4843271 0.2331088 0.1151357 0.2310085 0.1149101 0.2310085 0.1085346 0.2310085 0.1149101 0.2289081 0.1151357 0.2275547 0.1089053 0.2289081 0.1151357 0.2269034 0.1158019 0.2242584 0.1100008 0.2377585 0.1100008 0.2351135 0.1158019 0.2331088 0.1151357 0.2351135 0.1158019 0.2331088 0.1151357 0.2344622 0.1089053 0.2289081 0.1151357 0.2269034 0.1158019 0.2242584 0.1100008 0.2310085 0.1149101 0.2289081 0.1151357 0.2275547 0.1089053 0.2331088 0.1151357 0.2310085 0.1149101 0.2310085 0.1085346 0.2331088 0.1151357 0.2310085 0.1149101 0.2310085 0.1085346 0.2310085 0.1149101 0.2289081 0.1151357 0.2275547 0.1089053 0.2275547 0.1089053 0.2289081 0.1151357 0.2269034 0.1158019 0.2351135 0.1158019 0.2331088 0.1151357 0.2344622 0.1089053 0.2351135 0.1158019 0.2331088 0.1151357 0.2344622 0.1089053 0.2275547 0.1089053 0.2289081 0.1151357 0.2269034 0.1158019 0.2310085 0.1149101 0.2289081 0.1151357 0.2275547 0.1089053 0.2331088 0.1151357 0.2310085 0.1149101 0.2310085 0.1085346 0.4400605 0.8206011 0.4400605 0.8399631 0.4029501 0.8399631 0.4593346 0.797478 0.4593344 0.8146077 0.4168201 0.8146073 0.9335784 0.8659432 0.9335783 0.9519647 0.922294 0.9522737 0.4487985 0.797595 0.4487984 0.8237978 0.4189261 0.8237978 0.9797761 0.8655335 0.9797761 0.9515547 0.9685052 0.9519646 0.4515759 0.7978699 0.4515759 0.821528 0.4246047 0.821528 0.4358393 0.7974945 0.4358392 0.816756 0.4333122 0.8168227 0.4333123 0.7975612 0.4333122 0.8168227 0.4031656 0.8168225 0.4388648 0.8074434 0.4388648 0.8304123 0.4032663 0.8304123 0.9685052 0.9519646 0.9335783 0.9519647 0.9335784 0.8659432 0.9671974 0.8393855 0.9671974 0.889802 0.9852864 0.889802 0.3820177 0.3820177 0.3820177 0.6179823 0.6179823 0.6179823 0.3820177 0.3820177 0.6179823 0.3820177 0.6179823 0.6179823 0.7906615 0.9055619 0.7906615 0.8035609 0.9324595 0.8035609 0.3995066 0.7952898 0.425151 0.7952898 0.425151 0.8169167 0.425151 0.7952898 0.4416193 0.7952898 0.4416193 0.8169167 0.8047655 0.9557574 0.8144693 0.9557574 0.8144693 0.7274443 0.8047655 0.9557574 0.8047655 0.9913459 0.8144693 0.9913457 0.8047655 0.7274443 0.8144693 0.7274443 0.8144693 0.563149 0.7897874 0.7274443 0.8639085 0.7274443 0.8639085 0.563149 0.7897874 0.9557574 0.8639085 0.9557574 0.8639085 0.7274443 0.7897874 0.9913457 0.8639085 0.9913457 0.8639085 0.9557574 0.9327396 0.7789487 0.9327396 0.822378 0.7625728 0.822378 0.8639085 0.8694179 0.7897874 0.8694179 0.7981947 0.8500104 0.9561736 0.2335616 0.9561736 0.1731734 0.9805647 0.1731734 0.2611027 0.1232815 0.2611027 0.128446 0.2216364 0.128446 0.2611027 0.118117 0.2611027 0.1232815 0.2216364 0.1232815 0.2216364 0.1129525 0.2611027 0.1129525 0.2611027 0.118117 0.2611027 0.1077881 0.2611027 0.1129525 0.2216364 0.1129525 0.2214825 0.1321926 0.2176737 0.1321926 0.2176737 0.1360015 0.2214825 0.1321926 0.2176737 0.1321926 0.2176737 0.1360015 0.2214825 0.1165705 0.2176737 0.1165705 0.2176737 0.1203794 0.2214825 0.1165705 0.2176737 0.1165705 0.2176737 0.1203794 0.2611027 0.1275759 0.2611027 0.1327404 0.2216364 0.1327404 0.2216364 0.1327404 0.2611027 0.1327404 0.2611027 0.137905 0.2611027 0.137905 0.2611027 0.1430694 0.2216364 0.1430694 0.2611027 0.1430694 0.2611027 0.1482339 0.2216364 0.1482339 0.2180045 0.09396028 0.2211714 0.09396028 0.2211714 0.1514181 0.2611027 0.118117 0.2611027 0.1202923 0.2216364 0.1202923 0.2216364 0.1159418 0.2611027 0.1159418 0.2611027 0.118117 0.2611027 0.1137666 0.2611027 0.1159418 0.2216364 0.1159418 0.2214825 0.1321926 0.2176737 0.1321926 0.2176737 0.1360015 0.2214825 0.1321926 0.2176737 0.1321926 0.2176737 0.1360015 0.2216364 0.1268094 0.2611027 0.1268094 0.2611027 0.1216449 0.2216364 0.1216449 0.2611027 0.1216449 0.2611027 0.1164805 0.2216364 0.111316 0.2216364 0.1164805 0.2611027 0.1164805 0.2216364 0.111316 0.2611027 0.111316 0.2611027 0.1061515 0.2176737 0.138977 0.2176737 0.1351681 0.2214825 0.1351681 0.2214825 0.1203794 0.2176737 0.1203794 0.2176737 0.1165705 0.2176737 0.1360015 0.2176737 0.1321926 0.2214825 0.1321926 0.2176737 0.112494 0.2176737 0.1086852 0.2214825 0.1086852 0.2216364 0.09896713 0.2611027 0.09896713 0.2611027 0.09380263 0.2216364 0.09896713 0.2216364 0.1041316 0.2611027 0.1041316 0.2216364 0.1092962 0.2611027 0.1092962 0.2611027 0.1041316 0.2216364 0.1144605 0.2611027 0.1144606 0.2611027 0.1092962 0.9966105 0.1744453 0.996159 0.1744453 0.9953888 0.1768403 0.996159 0.1744453 0.9965847 0.1747131 0.9957879 0.1768888 0.996159 0.1744453 0.9966105 0.1744453 0.9973809 0.1768403 0.9966105 0.1744453 0.9973809 0.1768403 0.9969716 0.1768707 0.04204559 0.1699084 0.04204559 0.2727841 0.04496473 0.2727841 0.03912663 0.2727841 0.04204559 0.2727841 0.04204559 0.1699084 0.03620749 0.2727841 0.03912663 0.2727841 0.03912663 0.1699084 0.03328841 0.2727841 0.03620749 0.2727841 0.03620749 0.1699084 0.1211431 0.3202785 0.1281425 0.3202785 0.1281425 0.3132792 0.1211431 0.3132792 0.1211431 0.3202785 0.1281425 0.3202785 0.05510658 0.1699084 0.05510658 0.2727841 0.05802559 0.2727841 0.05802559 0.2727841 0.06094461 0.2727841 0.06094461 0.1699084 0.06094461 0.1699084 0.06094461 0.2727841 0.06386381 0.2727841 0.06386381 0.2727841 0.06678283 0.2727841 0.06678283 0.1699084 0.9933131 0.1700164 0.9940834 0.1724115 0.9936741 0.1724418 0.9933131 0.1700164 0.9940834 0.1724115 0.9920912 0.1724115 0.9928616 0.1700164 0.9932872 0.1702842 0.9924904 0.1724599 0.9933131 0.1700164 0.9928616 0.1700164 0.9920912 0.1724115 0.1211431 0.3202785 0.1281425 0.3202785 0.1281425 0.3132792 0.070234 0.2727841 0.07315301 0.2727841 0.07315301 0.1699084 0.07315301 0.2727841 0.07607203 0.2727841 0.07607203 0.1699084 0.07607203 0.2727841 0.07899111 0.2727841 0.07899111 0.1699084 0.07899111 0.1699084 0.07899111 0.2727841 0.08191013 0.2727841 0.9882987 0.1691277 0.9890691 0.1715227 0.9886597 0.1715531 0.9882987 0.1691277 0.9890691 0.1715227 0.9870769 0.1715227 0.9878472 0.1691277 0.9882728 0.1693955 0.9874761 0.1715711 0.9882987 0.1691277 0.9878472 0.1691277 0.9870769 0.1715227 0.9885472 0.1657611 0.9880957 0.1657611 0.9873254 0.1681562 0.9885213 0.166029 0.9877246 0.1682046 0.9873254 0.1681562 0.9885472 0.1657611 0.9893175 0.1681562 0.9873254 0.1681562 0.988165 0.1659848 0.9885472 0.1657611 0.9893175 0.1681562 0.04844564 0.2727841 0.05136466 0.2727841 0.05136466 0.1699084 0.04552662 0.1699084 0.04552662 0.2727841 0.04844564 0.2727841 0.0426076 0.1699084 0.0426076 0.2727841 0.04552662 0.2727841 0.0396884 0.1699084 0.0396884 0.2727841 0.0426076 0.2727841 0.1211431 0.3132792 0.1211431 0.3202785 0.1281425 0.3202785 0.1211431 0.3132792 0.1211431 0.3202785 0.1281425 0.3202785 0.05887019 0.2727841 0.06178939 0.2727841 0.06178939 0.1699084 0.06178939 0.1699084 0.06178939 0.2727841 0.06470841 0.2727841 0.06470841 0.1699084 0.06470841 0.2727841 0.06762742 0.2727841 0.06762742 0.2727841 0.0705465 0.2727841 0.0705465 0.1699084 0.987843 0.168317 0.9882252 0.1680933 0.9889955 0.1704884 0.9882252 0.1680933 0.9889955 0.1704884 0.9870034 0.1704884 0.9881993 0.1683612 0.9874026 0.1705368 0.9870034 0.1704884 0.9877737 0.1680933 0.9870034 0.1704884 0.9889955 0.1704884 0.1211431 0.3132792 0.1211431 0.3202785 0.1281425 0.3202785 0.0396884 0.1699084 0.0396884 0.2727841 0.0426076 0.2727841 0.0426076 0.1699084 0.0426076 0.2727841 0.04552662 0.2727841 0.04552662 0.1699084 0.04552662 0.2727841 0.04844564 0.2727841 0.04844564 0.2727841 0.05136466 0.2727841 0.05136466 0.1699084 0.988165 0.1659848 0.9885472 0.1657611 0.9893175 0.1681562 0.9885472 0.1657611 0.9893175 0.1681562 0.9873254 0.1681562 0.9885213 0.166029 0.9877246 0.1682046 0.9873254 0.1681562 0.9885472 0.1657611 0.9880957 0.1657611 0.9873254 0.1681562 0.9882987 0.1691277 0.9878472 0.1691277 0.9870769 0.1715227 0.9878472 0.1691277 0.9882728 0.1693955 0.9874761 0.1715711 0.9882987 0.1691277 0.9890691 0.1715227 0.9870769 0.1715227 0.9882987 0.1691277 0.9890691 0.1715227 0.9886597 0.1715531 0.07899111 0.1699084 0.07899111 0.2727841 0.08191013 0.2727841 0.07607203 0.2727841 0.07899111 0.2727841 0.07899111 0.1699084 0.07315301 0.2727841 0.07607203 0.2727841 0.07607203 0.1699084 0.070234 0.2727841 0.07315301 0.2727841 0.07315301 0.1699084 0.1211431 0.3202785 0.1281425 0.3202785 0.1281425 0.3132792 0.9439799 0.5487383 0.7825825 0.5487383 0.7825825 0.9825118 0.8181768 0.7245909 0.9771236 0.7245909 0.9319629 0.7899461 0.9687188 0.863871 0.7889204 0.863871 0.7889204 0.6382598 0.4029501 0.8399631 0.4400605 0.8399631 0.4400605 0.8206011 0.8252758 0.6163801 0.9129591 0.6163801 0.9129591 0.9742078 0.9561736 0.2335616 0.9561736 0.1731734 0.9805647 0.1731734</float_array>
          <technique_common>
            <accessor source="#Cylinder_005-mesh-map-0-array" count="10719" stride="2">
              <param name="S" type="float"/>
              <param name="T" type="float"/>
            </accessor>
          </technique_common>
        </source>
        <source id="Cylinder_005-mesh-map-1">
          <float_array id="Cylinder_005-mesh-map-1-array" count="21438">0.01936578 0.8903542 0.02096581 0.8836227 0.03234219 0.9013603 0.1753219 0.8291113 0.1821428 0.8291116 0.1691642 0.8511247 0.6035311 0.9632281 0.6156623 0.9552087 0.6156623 0.9632617 0.6035311 0.9551751 0.6156168 0.9483718 0.6156623 0.9552087 0.6952546 0.9128605 0.7069706 0.9072552 0.7073317 0.9130032 0.7069706 0.9072552 0.694826 0.9003669 0.7069032 0.9005095 0.7069032 0.9005095 0.6951164 0.8893782 0.7073317 0.8785125 0.5553706 0.8533437 0.5615286 0.841215 0.5683497 0.8412154 0.8313726 0.04218202 0.8233269 0.04365843 0.8443515 0.02426648 0.1936654 0.9573453 0.2046716 0.9654338 0.1936654 0.9654223 0.1936464 0.9504367 0.2046716 0.9573568 0.1936654 0.9573453 0.8838591 0.8797698 0.8728249 0.8739163 0.8838311 0.8739406 0.8838614 0.8870048 0.872853 0.8797454 0.8838591 0.8797698 0.8838614 0.8870048 0.8728249 0.8992085 0.8728553 0.8869805 0.2066228 0.872173 0.214667 0.872174 0.2066228 0.8994291 0.1936429 0.8467009 0.1952432 0.8399691 0.1998007 0.8342624 0.3112014 0.9559459 0.323334 0.9640013 0.3112014 0.963986 0.3111818 0.9491454 0.323334 0.9559612 0.3112014 0.9559459 0.8239663 0.8842043 0.8122513 0.8786901 0.8243283 0.8785287 0.8239663 0.8842043 0.8118219 0.8910861 0.8118894 0.8843657 0.8238988 0.8909247 0.8121129 0.9021002 0.8118219 0.8910861 0.03423249 0.8377882 0.03879004 0.837788 0.04039043 0.8499184 0.3337702 0.816558 0.3405913 0.8165584 0.3276122 0.8408213 0.2577041 0.9654911 0.2687104 0.9574256 0.2687104 0.9655026 0.2577041 0.9574141 0.2686915 0.9505171 0.2687104 0.9574256 0.9123613 0.7669097 0.9013859 0.7727197 0.9013552 0.7668905 0.9123921 0.7727388 0.9013917 0.7799547 0.9013859 0.7727197 0.9013917 0.7799547 0.9123731 0.7922019 0.9013552 0.8042642 0.1753219 0.8721727 0.1821427 0.8721731 0.1691642 0.8831768 0.8478063 0.01758801 0.8494064 0.0108565 0.853963 0.005150258 0.9134857 0.03865563 0.9256169 0.04674226 0.9134857 0.04670864 0.9134401 0.03181874 0.9256169 0.03868925 0.9134857 0.03865563 0.2828401 0.8924112 0.2952435 0.898375 0.2831673 0.8981612 0.2828124 0.8856652 0.2949163 0.892625 0.2828401 0.8924112 0.2828124 0.8856652 0.2952435 0.8748923 0.2948886 0.885879 0.5934801 0.8472015 0.6003012 0.842999 0.6083469 0.8730414 0.3179995 0.8602147 0.3111785 0.860215 0.3241574 0.8359479 0.01938158 0.9658837 0.03038793 0.9578317 0.03038793 0.9658939 0.01938158 0.9578215 0.03037214 0.9509681 0.03038793 0.9578317 0.3539191 0.7859694 0.34294 0.7792805 0.3539462 0.7792734 0.3539462 0.7792734 0.3429423 0.771741 0.3539485 0.771734 0.3539485 0.771734 0.342913 0.7598174 0.3539021 0.747729 0.2576853 0.8898752 0.2592856 0.8831434 0.2706638 0.9008802 0.2638419 0.8292232 0.2706616 0.8292241 0.2576852 0.851236 0.3357992 0.9639785 0.3479319 0.9559536 0.3479319 0.9639938 0.3357992 0.9559383 0.3479124 0.9491531 0.3479319 0.9559536 0.8048117 0.878526 0.7924075 0.8844367 0.7927358 0.8787589 0.8044834 0.8842037 0.7923799 0.8911573 0.7924075 0.8844367 0.7923799 0.8911573 0.8048117 0.9019365 0.7929398 0.9131768 0.4421188 0.8703014 0.4352977 0.8703017 0.4482767 0.8581706 0.6313614 0.8402757 0.6329618 0.832856 0.6375194 0.8265661 0.234175 0.9576054 0.2451814 0.9656778 0.234175 0.9656676 0.2341592 0.9507418 0.2451814 0.9576156 0.234175 0.9576054 0.7110261 0.7761469 0.7220624 0.7694488 0.7220323 0.7761448 0.7110562 0.7694509 0.722068 0.7619093 0.7220624 0.7694488 0.7110618 0.7619114 0.7220438 0.7499856 0.722068 0.7619093 0.7000579 0.7691682 0.7063347 0.7780087 0.6990849 0.7759371 0.7460811 0.1543512 0.7523579 0.1455118 0.7533308 0.1522799 0.7026253 0.7861336 0.6990849 0.7759371 0.7063347 0.7780087 0.7497904 0.1624752 0.7533308 0.1522799 0.7561708 0.1585 0.6967779 0.7928841 0.696245 0.7821578 0.7026253 0.7861336 0.7556378 0.169225 0.7561708 0.1585 0.7606479 0.1636679 0.6892662 0.7977134 0.6917679 0.7873263 0.6967779 0.7928841 0.7631497 0.1740539 0.7606479 0.1636679 0.7663993 0.1673651 0.6806986 0.8003697 0.6860166 0.7910238 0.6892662 0.7977134 0.7717174 0.17671 0.7663993 0.1673651 0.7729591 0.1692919 0.6601131 0.8003705 0.679457 0.7929508 0.6806986 0.8003697 0.7923032 0.1767112 0.7729591 0.1692919 0.7923032 0.1692931 0.6601131 0.7379627 0.679457 0.7453874 0.6601131 0.7453882 0.7729591 0.1217342 0.7923032 0.1143106 0.7923032 0.1217353 0.6806986 0.7379618 0.6860166 0.7473138 0.679457 0.7453874 0.7663993 0.1236602 0.7717174 0.1143094 0.7729591 0.1217342 0.6892662 0.740624 0.6917679 0.7510108 0.6860166 0.7473138 0.760648 0.1273567 0.7631497 0.1169711 0.7663993 0.1236602 0.6967779 0.7454525 0.6962449 0.7561788 0.6917679 0.7510108 0.7561709 0.132524 0.7556379 0.121799 0.760648 0.1273567 0.7026252 0.7522025 0.6990849 0.7623993 0.6962449 0.7561788 0.7533308 0.1387437 0.7497905 0.1285481 0.7561709 0.132524 0.7075715 0.7691383 0.6990849 0.7623993 0.7063347 0.760327 0.7448442 0.1454818 0.7533308 0.1387437 0.7523579 0.1455118 0.7000579 0.7691682 0.6962249 0.7632479 0.6990849 0.7623993 0.7523579 0.1455118 0.756191 0.1395923 0.7553399 0.145512 0.6990849 0.7623993 0.6937408 0.7578071 0.6962449 0.7561788 0.7533308 0.1387437 0.758675 0.1341522 0.756191 0.1395923 0.6962449 0.7561788 0.689825 0.753287 0.6917679 0.7510108 0.7561709 0.132524 0.7625909 0.1296326 0.758675 0.1341522 0.6917679 0.7510108 0.6847946 0.7500534 0.6860166 0.7473138 0.760648 0.1273567 0.7676213 0.1263995 0.7625909 0.1296326 0.6860166 0.7473138 0.6790573 0.7483685 0.679457 0.7453874 0.7663993 0.1236602 0.7733588 0.1247149 0.7676213 0.1263995 0.6601131 0.7453882 0.6790573 0.7483685 0.6601131 0.7483693 0.7733588 0.1247149 0.7923032 0.1217353 0.7923032 0.1247161 0.6601131 0.7929517 0.6790573 0.7899697 0.679457 0.7929508 0.7923032 0.1692931 0.7733588 0.1663113 0.7923032 0.1663124 0.6860166 0.7910238 0.6790573 0.7899697 0.6847946 0.7882843 0.7733588 0.1663113 0.7663993 0.1673651 0.7676213 0.164626 0.6917679 0.7873263 0.6847946 0.7882843 0.6898251 0.7850503 0.7676213 0.164626 0.7606479 0.1636679 0.7625908 0.1613922 0.696245 0.7821578 0.6898251 0.7850503 0.6937409 0.7805297 0.7625908 0.1613922 0.7561708 0.1585 0.758675 0.1568721 0.6990849 0.7759371 0.6937409 0.7805297 0.6962249 0.7750888 0.758675 0.1568721 0.7533308 0.1522799 0.756191 0.1514317 0.6962249 0.7750888 0.7000579 0.7691682 0.6990849 0.7759371 0.756191 0.1514317 0.7523579 0.1455118 0.7553399 0.145512 0.6675392 0.6202302 0.6705599 0.6012901 0.6705194 0.6202362 0.7121489 0.6013737 0.7150886 0.6203258 0.7121084 0.6203199 0.6695207 0.5943279 0.6705599 0.6012901 0.6675806 0.6008844 0.7132179 0.5944158 0.7121489 0.6013737 0.7104766 0.5956324 0.6732292 0.5885835 0.6722569 0.5955556 0.6695207 0.5943279 0.7095341 0.5886565 0.7104766 0.5956324 0.7072545 0.590595 0.6784055 0.5841165 0.6755005 0.5905312 0.6732292 0.5885835 0.704377 0.5841687 0.7072545 0.590595 0.7027438 0.5866697 0.6846304 0.5812886 0.680028 0.586624 0.6784055 0.5841165 0.6981644 0.5813158 0.7027438 0.5866697 0.6973099 0.5841745 0.6913995 0.5803292 0.6854726 0.5841507 0.6846304 0.5812886 0.6913995 0.5803292 0.6973099 0.5841745 0.6913931 0.5833115 0.6825746 0.574034 0.6913995 0.5803292 0.6846304 0.5812886 0.6913995 0.5803292 0.7002512 0.5740696 0.6981644 0.5813158 0.6744444 0.5777275 0.6846304 0.5812886 0.6784055 0.5841165 0.6981644 0.5813158 0.7083655 0.5777956 0.704377 0.5841687 0.6676836 0.5835618 0.6784055 0.5841165 0.6732292 0.5885835 0.704377 0.5841687 0.7151013 0.5836572 0.7095341 0.5886565 0.66284 0.5910647 0.6732292 0.5885835 0.6695207 0.5943279 0.7095341 0.5886565 0.7199127 0.5911794 0.7132179 0.5944158 0.6601572 0.5996277 0.6695207 0.5943279 0.6675806 0.6008844 0.7132179 0.5944158 0.722551 0.5997531 0.71513 0.60098 0.6601131 0.6202153 0.6675806 0.6008844 0.6675392 0.6202302 0.71513 0.60098 0.7225069 0.6203407 0.7150886 0.6203258 0.3689736 0.7730069 0.3651406 0.7789272 0.3661135 0.7721582 0.3689736 0.7848478 0.3651406 0.7789272 0.3681226 0.7789273 0.3661135 0.7721582 0.3714575 0.767566 0.3689736 0.7730069 0.3714575 0.7902889 0.3661135 0.7856962 0.3689736 0.7848478 0.3689534 0.7659376 0.3753731 0.7630457 0.3714575 0.767566 0.3753731 0.7948095 0.3689534 0.791917 0.3714575 0.7902889 0.3734303 0.7607696 0.3804034 0.7598122 0.3753731 0.7630457 0.3804034 0.7980436 0.3734303 0.7970855 0.3753731 0.7948095 0.3791815 0.7570726 0.3861407 0.7581273 0.3804034 0.7598122 0.3861407 0.7997291 0.3791815 0.8007831 0.3804034 0.7980436 0.4050843 0.7551472 0.3861407 0.7581273 0.3857409 0.7551462 0.4050843 0.8027112 0.3861407 0.7997291 0.4050843 0.7997301 0.4050843 0.7477188 0.3857409 0.7551462 0.3844993 0.7477178 0.4050843 0.8101319 0.3857409 0.8027102 0.4050843 0.8027112 0.3844993 0.7477178 0.3791815 0.7570726 0.375932 0.7503826 0.3844993 0.8101308 0.3791815 0.8007831 0.3857409 0.8027102 0.375932 0.7503826 0.3734303 0.7607696 0.3684205 0.7552112 0.375932 0.8074728 0.3734303 0.7970855 0.3791815 0.8007831 0.3684205 0.7552112 0.3689534 0.7659376 0.3625733 0.7619613 0.3684205 0.8026434 0.3689534 0.791917 0.3734303 0.7970855 0.3625733 0.7619613 0.3661135 0.7721582 0.3588641 0.7700859 0.3625733 0.7958927 0.3661135 0.7856962 0.3689534 0.791917 0.3588641 0.7700859 0.3651406 0.7789272 0.3576273 0.7789303 0.3651406 0.7789272 0.3588641 0.7877677 0.3576273 0.7789303 0.6601572 0.5996277 0.6601585 0.5910044 0.66284 0.5910647 0.7631403 0.1767547 0.7631497 0.1740539 0.7717174 0.17671 0.6601438 0.5833921 0.66284 0.5910647 0.6601585 0.5910044 0.7556378 0.169225 0.7631403 0.1767547 0.7556113 0.1768364 0.9762584 0.7801405 0.980589 0.7651864 0.9805921 0.7757585 0.9662254 0.1937555 0.9618241 0.1788835 0.9662254 0.1736758 0.6892662 0.740624 0.6806986 0.7379618 0.6892504 0.737942 0.375932 0.8074728 0.3844993 0.8101308 0.3759063 0.8101446 0.6967779 0.7454525 0.6892504 0.737942 0.6967335 0.7379064 0.3759063 0.8101446 0.3684205 0.8026434 0.375932 0.8074728 0.5377806 0.8768422 0.5453042 0.8915778 0.5409262 0.8966839 0.7669456 0.08142727 0.7697179 0.09705126 0.7652883 0.09186762 0.4190794 0.7402207 0.4141244 0.7391058 0.4170098 0.7378652 0.4141244 0.7391058 0.4174733 0.742917 0.4144109 0.7422279 0.9092596 0.4555581 0.9108763 0.3841209 0.9108763 0.4582453 0.9092596 0.4555581 0.9061995 0.3821402 0.9092597 0.3814337 0.1648907 0.4025847 0.1652141 0.4748091 0.1648907 0.4779263 0.4170098 0.7378652 0.4141245 0.664996 0.4170099 0.6637555 0.4190794 0.666111 0.4170098 0.7378652 0.4170099 0.6637555 0.9971389 0.6988328 0.9941141 0.7132104 0.9941141 0.6989207 0.9914968 0.3992376 0.9946364 0.4135648 0.9914968 0.4135702 0.9944013 0.9299286 0.9973664 0.9159994 0.9973664 0.9301198 0.9854835 0 0.9879826 0.01445603 0.9854835 0.01434165 0.9879826 0.01445603 0.9905638 6.86987e-6 0.9905638 0.01434844 0.5677154 0.9912965 0.5725427 0.9928588 0.5695593 0.9938338 0.5725427 0.9897189 0.5677154 0.9912965 0.5695592 0.9887535 0.8617385 0.6873755 0.8587516 0.6914876 0.8587516 0.6883462 0.8587516 0.6914876 0.8635845 0.6899171 0.8617385 0.6924585 0.9965614 0.5757476 0.9934555 0.5900945 0.9934556 0.575792 0.7402948 0.9932777 0.7430846 0.9788999 0.7430846 0.9932672 0.7380608 0.9788944 0.7402948 0.9932777 0.7380608 0.9932616 0.6270147 0.9982979 0.6298081 0.9844827 0.6298081 0.9985767 0.9922935 0.8186092 0.9953973 0.8042354 0.9953973 0.818601 0.4510758 0.9772351 0.4533148 0.9917534 0.4510758 0.9913137 0.4533148 0.9776747 0.4561012 0.9914641 0.4533148 0.9917534 0.9968844 0.114652 0.9937956 0.1289981 0.9937956 0.1146361 0.598686 0.9959846 0.5955775 0.9816347 0.5986861 0.9816747 0.3015277 0.9840434 0.2986983 0.9983836 0.2986983 0.9840184 0.1803389 0.9901323 0.175507 0.9885594 0.1784933 0.9875907 0.175507 0.9916999 0.1803389 0.9901323 0.1784932 0.992672 0.8634614 0.4547929 0.868294 0.4563637 0.8653073 0.4573345 0.868294 0.4563637 0.8653072 0.4522513 0.868294 0.453222 0.1169159 0.9969974 0.1138101 0.9827392 0.1169159 0.9826948 0.09522533 0.9929305 0.09801512 0.9785528 0.09801512 0.9929199 0.09299135 0.9785471 0.09522533 0.9929305 0.09299135 0.9929144 0.7923798 0.9843733 0.7951731 0.9987462 0.7923798 0.9984673 0.9922934 0.8220731 0.9953972 0.8364304 0.9922934 0.8364387 0.718384 0.8458617 0.694826 0.8459016 0.6948261 0.8038662 0.6948261 0.8038662 0.718384 0.8038263 0.718384 0.8458617 0.6278451 0.8442149 0.6118984 0.8610405 0.6118984 0.8451044 0 0.8811627 0.0159111 0.8400653 0.0159111 0.8789255 0.867768 0.182325 0.8836935 0.1655278 0.8836935 0.1814606 0.8083038 0.8728288 0.7923799 0.831695 0.8083038 0.8339682 0.829526 0.8316795 0.8283502 0.8737885 0.8283502 0.8329506 0.8295261 0.8750578 0.8129978 0.8738016 0.8283502 0.8737885 0.8118219 0.8316944 0.8129978 0.8738016 0.8118219 0.8750727 0.829526 0.8316795 0.8129978 0.8329635 0.8118219 0.8316944 0.01936578 0.9693497 0.02593958 0.984413 0.01936578 0.984771 0.1568114 0.9549144 0.163385 0.9149627 0.163385 0.9540229 0.2787515 0.9847969 0.2721862 0.9697231 0.2787515 0.9693723 0.9405933 0.6218826 0.9471695 0.6618264 0.9405933 0.6627171 0.8643133 0.1823125 0.8496283 0.143262 0.8643133 0.1432496 0.9099854 0 0.8956886 0.03540736 0.8956886 7.73796e-7 0.4272521 0.461701 0.5430865 0.4708621 0.4355723 0.4707803 0.4272521 0.5926188 0.5430865 0.5838924 0.5519159 0.5927137 0.6118984 0.8407571 0.6278826 0.7160568 0.6278826 0.8407592 0.2279071 0.8268752 0.243894 0.7021728 0.243894 0.826876 0.4272521 0.5926188 0.4355723 0.4707803 0.4355724 0.5838105 0.5519159 0.5927137 0.5430865 0.4708621 0.5519159 0.4617959 0.8118219 0.6967283 0.8278094 0.8282238 0.8118219 0.8282229 0.8083671 0.8282385 0.7923797 0.696729 0.8083671 0.6967284 0.6279066 0.7125958 0.6214033 0.5858612 0.6279066 0.5858609 0.299678 0.1870221 0.1729959 0.1935352 0.1729959 0.1870298 0.299678 0.1935275 0.1729959 0.2473706 0.1729959 0.1935352 0.2341592 0.8979196 0.2541829 0.897916 0.2541829 0.9179542 0.2541829 0.9179542 0.2341592 0.9179577 0.2341592 0.8979196 0.3923946 0.8919006 0.4124179 0.8919132 0.4124179 0.9119473 0.4124179 0.9119473 0.3923946 0.9119347 0.3923946 0.8919006 0.3276121 0.8927863 0.3476406 0.8927863 0.347642 0.9128247 0.347642 0.9128247 0.3276135 0.9128247 0.3276121 0.8927863 0.4656413 0.8954438 0.485664 0.8954499 0.485664 0.9154874 0.485664 0.9154874 0.4656413 0.9154813 0.4656413 0.8954438 0.2576852 0.9243832 0.2576853 0.9043449 0.2776265 0.9043363 0.2776265 0.9043363 0.2776265 0.9243748 0.2576852 0.9243832 0.03930675 0.9048171 0.03930675 0.9248555 0.01936578 0.9248562 0.01936578 0.9248562 0.01936578 0.9048177 0.03930675 0.9048171 0.8687865 0.9233137 0.8488103 0.9232992 0.8488103 0.9032617 0.8488103 0.9032617 0.8687865 0.9032763 0.8687865 0.9233137 0.4472443 0.9231459 0.4272521 0.9231413 0.4272521 0.903103 0.4272521 0.903103 0.4472443 0.9031075 0.4472443 0.9231459 0.7459836 0.9217541 0.7260057 0.9217236 0.7260057 0.9016894 0.7260057 0.9016894 0.7459836 0.9017199 0.7459836 0.9217541 0.08733344 0.9240618 0.0673545 0.9240705 0.0673545 0.9040324 0.0673545 0.9040324 0.08733344 0.9040238 0.08733344 0.9240618 0.1046487 0.8721667 0.1299833 0.8721433 0.1299833 0.8977904 0.1299833 0.8977904 0.1046487 0.8978138 0.1046487 0.8721667 0.4656413 0.8662641 0.4909723 0.866346 0.4909723 0.891988 0.4909723 0.891988 0.4656413 0.8919062 0.4656413 0.8662641 0.6270147 0.8679963 0.6523863 0.8680096 0.6523863 0.8936569 0.6523863 0.8936569 0.6270147 0.8936437 0.6270147 0.8679963 0.4958537 0.8708519 0.5211806 0.8708906 0.5211806 0.896537 0.5211806 0.896537 0.4958537 0.8964982 0.4958537 0.8708519 0.8797129 0.4231487 0.8797129 0.4487955 0.8541893 0.4487775 0.8541893 0.4487775 0.8541893 0.4231306 0.8797129 0.4231487 0.8866439 0.03574877 0.8914481 0.0449562 0.8866439 0.04620635 0.9351769 0.5580077 0.9313714 0.5603848 0.9273111 0.550997 0.4861214 0.9862011 0.4861214 0.9955071 0.4822798 0.9930775 0.9313714 0.5603848 0.9273111 0.5615423 0.9273111 0.550997 0.4639831 0.1750761 0.4688208 0.1743083 0.4688208 0.1826095 0.1232659 0.7750888 0.1280864 0.776266 0.1232659 0.7825577 0.8920177 0.4231306 0.8965247 0.4237182 0.9005607 0.4304251 0.9005607 0.4304251 0.8914515 0.4292375 0.8920177 0.4231306 0.8998697 0.5970505 0.8949062 0.59697 0.8927131 0.5884922 0.8927131 0.5884922 0.9027449 0.5886549 0.8998697 0.5970505 0.7659336 0.8734244 0.7701116 0.874033 0.7699403 0.8825669 0.7699403 0.8825669 0.7614961 0.8813372 0.7659336 0.8734244 0.7701116 0.874033 0.7745566 0.8734244 0.7789245 0.8813368 0.7789245 0.8813368 0.7699403 0.8825669 0.7701116 0.874033 0.4532828 0.8961301 0.4581799 0.8962424 0.4616289 0.9027684 0.4616289 0.9027684 0.4517314 0.9025412 0.4532828 0.8961301 0.9285547 0.4541926 0.9285546 0.4492291 0.9352835 0.4472386 0.9352835 0.4472386 0.9352835 0.4572707 0.9285547 0.4541926 0.8914515 0.4292375 0.9005607 0.4304251 0.9003202 0.4362619 0.9003202 0.4362619 0.8913447 0.4350918 0.8914515 0.4292375 0.9027449 0.5886549 0.8927131 0.5884922 0.8927131 0.5827693 0.8927131 0.5827693 0.9025978 0.5829296 0.9027449 0.5886549 0.7614961 0.8813372 0.7699403 0.8825669 0.7700291 0.8883379 0.7700291 0.8883379 0.7617087 0.887126 0.7614961 0.8813372 0.7699403 0.8825669 0.7789245 0.8813368 0.7788814 0.8871257 0.7788814 0.8871257 0.7700291 0.8883379 0.7699403 0.8825669 0.4517314 0.9025412 0.4616289 0.9027684 0.4616289 0.9086551 0.4616289 0.9086551 0.4518768 0.9084312 0.4517314 0.9025412 0.8831677 0.4304251 0.8914515 0.4292375 0.8913447 0.4350918 0.8913447 0.4350918 0.8831825 0.4362619 0.8831677 0.4304251 0.8913447 0.4350918 0.9003202 0.4362619 0.895471 0.4555752 0.895471 0.4555752 0.8914086 0.4550457 0.8913447 0.4350918 0.9025978 0.5829296 0.8927131 0.5827693 0.8947756 0.5656206 0.8947756 0.5656206 0.8992496 0.5656932 0.9025978 0.5829296 0.7617087 0.887126 0.7700291 0.8883379 0.7705798 0.9056437 0.7705798 0.9056437 0.7668139 0.9050953 0.7617087 0.887126 0.7700291 0.8883379 0.7788814 0.8871257 0.7745864 0.9050952 0.7745864 0.9050952 0.7705798 0.9056437 0.7700291 0.8883379 0.4518768 0.9084312 0.4616289 0.9086551 0.4583872 0.9283578 0.4583872 0.9283578 0.4539731 0.9282565 0.4518768 0.9084312 0.8831825 0.4362619 0.8913447 0.4350918 0.8914086 0.4550457 0.8914086 0.4550457 0.8877142 0.4555752 0.8831825 0.4362619 0.8592795 0.9951154 0.8592795 0.9869368 0.8633461 0.9880335 0.3705068 0.177365 0.3737829 0.1758448 0.3771302 0.1829319 0.3805849 0.1829354 0.3805849 0.1743083 0.3838678 0.1758627 0.3737829 0.1758448 0.3771302 0.1743083 0.3771302 0.1829319 0.8953962 0.0389232 0.8996082 0.0389232 0.8975213 0.04678112 0.3838678 0.1758627 0.3871893 0.1774077 0.3805849 0.1829354 0.9233182 0.2660977 0.9269505 0.2661101 0.9305422 0.2724531 0.9305422 0.2724531 0.9233486 0.2724284 0.9233182 0.2660977 0.3596941 0.9468688 0.363906 0.9468688 0.365993 0.9532967 0.365993 0.9532967 0.3576514 0.9532967 0.3596941 0.9468688 0.534208 0.913582 0.5378911 0.9135895 0.5379611 0.9199596 0.5379611 0.9199596 0.5306669 0.9199447 0.534208 0.913582 0.5378911 0.9135895 0.5415022 0.913582 0.545113 0.9199447 0.545113 0.9199447 0.5379611 0.9199596 0.5378911 0.9135895 0.05184727 0.9449962 0.05605912 0.9449962 0.05814278 0.9513859 0.05814278 0.9513859 0.04980123 0.9513859 0.05184727 0.9449962 0.9196554 0.2661101 0.9233182 0.2660977 0.9233486 0.2724284 0.9233486 0.2724284 0.9160942 0.2724531 0.9196554 0.2661101 0.9233486 0.2724284 0.9305422 0.2724531 0.9305828 0.2821289 0.9305828 0.2821289 0.9233493 0.2821041 0.9233486 0.2724284 0.3576514 0.9532967 0.365993 0.9532967 0.366015 0.9629716 0.366015 0.9629716 0.3576273 0.9629716 0.3576514 0.9532967 0.5306669 0.9199447 0.5379611 0.9199596 0.5379611 0.9296358 0.5379611 0.9296358 0.5306268 0.9296208 0.5306669 0.9199447 0.5379611 0.9199596 0.545113 0.9199447 0.5451529 0.9296208 0.5451529 0.9296208 0.5379611 0.9296358 0.5379611 0.9199596 0.04980123 0.9513859 0.05814278 0.9513859 0.0581656 0.961062 0.0581656 0.961062 0.04977786 0.961062 0.04980123 0.9513859 0.9160942 0.2724531 0.9233486 0.2724284 0.9233493 0.2821041 0.9233493 0.2821041 0.9160549 0.2821289 0.9160942 0.2724531 0.9233493 0.2821041 0.9305828 0.2821289 0.9265901 0.2890107 0.9265901 0.2890107 0.9233162 0.2889994 0.9233493 0.2821041 0.3576273 0.9629716 0.366015 0.9629716 0.3636929 0.9697562 0.3636929 0.9697562 0.3598963 0.9697562 0.3576273 0.9629716 0.5306268 0.9296208 0.5379611 0.9296358 0.5378827 0.9364876 0.5378827 0.9364876 0.5345629 0.9364808 0.5306268 0.9296208 0.5379611 0.9296358 0.5451529 0.9296208 0.5411376 0.9364808 0.5411376 0.9364808 0.5378827 0.9364876 0.5379611 0.9296358 0.04977786 0.961062 0.0581656 0.961062 0.05584824 0.9678914 0.05584824 0.9678914 0.0520519 0.9678914 0.04977786 0.961062 0.9160549 0.2821289 0.9233493 0.2821041 0.9233162 0.2889994 0.9233162 0.2889994 0.9200145 0.2890107 0.9160549 0.2821289 0.9250089 0.02836298 0.9153393 0.02836298 0.9134402 0.01416325 0.9266615 0.01416325 0.9250089 0.02836298 0.9134402 0.01416325 0.8896486 0.4164051 0.8810668 0.416452 0.8809077 0.4023054 0.8809077 0.4023054 0.8926418 0.4022412 0.8896486 0.4164051 0.8810668 0.416452 0.8729017 0.4164051 0.8697436 0.4022412 0.8697436 0.4022412 0.8809077 0.4023054 0.8810668 0.416452 0.6877828 0.9138038 0.6781096 0.9138038 0.6762347 0.8996332 0.6762347 0.8996332 0.6894609 0.8996332 0.6877828 0.9138038 0.889654 0.3844872 0.881077 0.3845872 0.8809155 0.3704819 0.8809155 0.3704819 0.8926428 0.3703452 0.889654 0.3844872 0.881077 0.3845872 0.8729062 0.3844872 0.8697436 0.3703452 0.8697436 0.3703452 0.8809155 0.3704819 0.881077 0.3845872 0.9266615 0.01416325 0.9134402 0.01416325 0.9153463 0 0.9153463 0 0.9250158 0 0.9266615 0.01416325 0.8926418 0.4022412 0.8809077 0.4023054 0.8810549 0.3880898 0.8810549 0.3880898 0.8896368 0.3880429 0.8926418 0.4022412 0.8809077 0.4023054 0.8697436 0.4022412 0.8728899 0.3880429 0.8728899 0.3880429 0.8810549 0.3880898 0.8809077 0.4023054 0.6894609 0.8996332 0.6762347 0.8996332 0.6781064 0.8854406 0.6781064 0.8854406 0.6877796 0.8854406 0.6894609 0.8996332 0.8926428 0.3703452 0.8809155 0.3704819 0.8810524 0.3562298 0.8810524 0.3562298 0.8896294 0.3561297 0.8926428 0.3703452 0.8809155 0.3704819 0.8697436 0.3703452 0.8728816 0.3561297 0.8728816 0.3561297 0.8810524 0.3562298 0.8809155 0.3704819 0.4824038 0.9334008 0.4740226 0.9382164 0.4656413 0.9333956 0.4656413 0.9333956 0.4656413 0.9237589 0.4740225 0.9189432 0.4824038 0.9334008 0.4656413 0.9333956 0.4740225 0.9189432 0.4824038 0.9237642 0.4824038 0.9334008 0.4740225 0.9189432 0.8488106 0.9311387 0.8564444 0.9267696 0.8488104 0.9399431 0.8564444 0.9267696 0.8640781 0.9400091 0.8488104 0.9399431 0.8640781 0.9400091 0.8564442 0.9443783 0.8488104 0.9399431 0.8564444 0.9267696 0.8640781 0.9312046 0.8640781 0.9400091 0.4377829 0.8737734 0.4452992 0.8737577 0.4481514 0.8867004 0.4481514 0.8867004 0.4378744 0.8867219 0.4377829 0.8737734 0.001575767 0.9191573 0.01040291 0.9191573 0.0120694 0.9321209 0.0120694 0.9321209 0 0.9321209 0.001575767 0.9191573 0.8807898 0.6009331 0.8885173 0.6009069 0.8885801 0.6138244 0.8885801 0.6138244 0.8780139 0.6138602 0.8807898 0.6009331 0.8885173 0.6009069 0.8960784 0.6009331 0.8989182 0.6138602 0.8989182 0.6138602 0.8885801 0.6138244 0.8885173 0.6009069 0.6616885 0.9199795 0.6705152 0.9199795 0.6721822 0.9329717 0.6721822 0.9329717 0.660113 0.9329717 0.6616885 0.9199795 0.4300141 0.8737577 0.4377829 0.8737734 0.4378744 0.8867219 0.4378744 0.8867219 0.4272521 0.8867004 0.4300141 0.8737577 0.4378744 0.8867219 0.4481514 0.8867004 0.4452966 0.8996315 0.4452966 0.8996315 0.4377803 0.8996472 0.4378744 0.8867219 0 0.9321209 0.0120694 0.9321209 0.01039868 0.9450301 0.01039868 0.9450301 0.001571536 0.9450301 0 0.9321209 0.8780139 0.6138602 0.8885801 0.6138244 0.8885203 0.6267805 0.8885203 0.6267805 0.8807926 0.6268066 0.8780139 0.6138602 0.8885801 0.6138244 0.8989182 0.6138602 0.8960812 0.6268066 0.8960812 0.6268066 0.8885203 0.6267805 0.8885801 0.6138244 0.660113 0.9329717 0.6721822 0.9329717 0.6705056 0.9458479 0.6705056 0.9458479 0.6616788 0.9458479 0.660113 0.9329717 0.4378744 0.8867219 0.4377803 0.8996472 0.4272521 0.8867004 0.4377803 0.8996472 0.4300115 0.8996315 0.4272521 0.8867004 0.660113 0.8563373 0.6856361 0.8563311 0.6856361 0.8819785 0.6856361 0.8819785 0.660113 0.8819848 0.660113 0.8563373 0.3832368 0.8733876 0.3576272 0.873395 0.3576272 0.8477479 0.3576272 0.8477479 0.3832368 0.8477405 0.3832368 0.8733876 0.09296149 0.8687018 0.0673545 0.8686892 0.0673545 0.8430429 0.0673545 0.8430429 0.09296149 0.8430554 0.09296149 0.8687018 0.1302691 0.8686876 0.1046487 0.8686841 0.1046487 0.8430367 0.1046487 0.8430367 0.1302691 0.8430402 0.1302691 0.8686876 0.5214623 0.8673961 0.4958538 0.86737 0.4958538 0.8417278 0.4958538 0.8417278 0.5214623 0.841754 0.5214623 0.8673961 0.2986983 0.8927981 0.3187204 0.8927849 0.3187204 0.9128192 0.3187204 0.9128192 0.2986983 0.9128323 0.2986983 0.8927981 0.1046487 0.9012725 0.1246631 0.9012696 0.1246631 0.9213079 0.1246631 0.9213079 0.1046487 0.9213109 0.1046487 0.9012725 0.6270147 0.8971186 0.6470375 0.8971126 0.6470375 0.9171501 0.6470375 0.9171501 0.6270147 0.9171562 0.6270147 0.8971186 0.4958538 0.8999927 0.5158755 0.8999966 0.5158755 0.9200347 0.5158755 0.9200347 0.4958538 0.9200308 0.4958538 0.8999927 0.2135887 0.9242621 0.1936464 0.9242818 0.1936464 0.9042446 0.1936464 0.9042446 0.2135887 0.9042248 0.2135887 0.9242621 0.3219975 0.9674572 0.318317 0.992152 0.3183171 0.9675092 0.9728659 0.288883 0.9700789 0.2640966 0.9728658 0.2641438 0.2043326 0.9689087 0.2007582 0.9936338 0.2007582 0.9688894 0.872825 0.9931234 0.8765317 0.9687719 0.8765317 0.9930036 0.2376755 0.9938768 0.2341593 0.9691745 0.2376755 0.9691335 0.7578782 0.8479045 0.7549873 0.8726552 0.7549874 0.8479087 0.3111819 0.9921995 0.3148623 0.9674882 0.3148622 0.9922305 0.9683637 0.8516097 0.9711971 0.8754509 0.9683637 0.8759256 0.2612278 0.969088 0.2576853 0.9935728 0.2576852 0.9689583 0.02939426 0.99413 0.03211712 0.9693496 0.03211712 0.9940946 0.1936464 0.969066 0.1973035 0.9931935 0.1936464 0.9933701 0.8799863 0.993522 0.8835835 0.9687719 0.8835835 0.9935122 0.9943633 0.9617008 0.9911468 0.9865044 0.9911469 0.9618685 0.0357263 0.9691729 0.03902399 0.9937801 0.0357263 0.9934481 0.1001683 0.8430429 0.09641617 0.8677878 0.09641617 0.8430438 0.2445024 0.9691597 0.2411302 0.9938778 0.2411302 0.9691334 0.9944045 0.2868587 0.9912848 0.2620839 0.9944045 0.2621189 0.9665892 0.4325395 0.9628406 0.4571875 0.9628406 0.4325418 0.2305763 0.9548071 0.2276855 0.9795578 0.2276855 0.9548112 0.2681987 0.9937015 0.2646825 0.9689992 0.2681987 0.9689581 0.8258671 0.9922171 0.8295737 0.9678657 0.8295737 0.9920974 0.2473487 0.8370893 0.2510681 0.7901127 0.2510681 0.8371065 0.8848785 0.5492754 0.887838 0.5962797 0.8848784 0.5960827 0.4889054 0.795103 0.4923991 0.8420276 0.4889055 0.8419199 0.2473487 0.7900955 0.2510681 0.7468032 0.2510681 0.7901127 0.887838 0.5494725 0.8848785 0.5061379 0.887838 0.506335 0.492399 0.7952105 0.4889055 0.7519564 0.492399 0.7520641 0.2473487 0.7467861 0.2510681 0.7021892 0.2510681 0.7468032 0.887838 0.506335 0.8848784 0.461701 0.887838 0.4618981 0.492399 0.7520641 0.4889055 0.7075102 0.4923991 0.7076179 0.9853512 0.5188329 0.9821 0.5169672 0.9853512 0.5151045 0.3111819 0.9956861 0.3144131 0.9975447 0.3111819 0.9994371 0.168633 0.3057067 0.1648907 0.2610973 0.1686331 0.2610937 0.878014 0.5061318 0.8814237 0.4618532 0.8814237 0.5062842 0.6565702 0.6304727 0.6534839 0.5858609 0.6565701 0.5860515 0.168633 0.3490153 0.1648907 0.3057104 0.168633 0.3057067 0.878014 0.5492637 0.8814237 0.5062842 0.8814237 0.549416 0.6565703 0.673595 0.6534838 0.6302821 0.6565702 0.6304727 0.1648906 0.349019 0.1686331 0.3960081 0.1648907 0.3960118 0.878014 0.5960647 0.8814237 0.549416 0.8814237 0.5962169 0.6534839 0.6734043 0.6565701 0.7203857 0.6534838 0.7201949 0.9376914 0 0.9301161 0.04339879 0.9301161 5.03797e-6 0.03885179 0.7884581 0.04653918 0.8318448 0.03885179 0.8318507 0.4158726 0.935294 0.4235945 0.891901 0.4235945 0.9352943 0.3670521 0.1743083 0.3593299 0.1820331 0.3593299 0.1743086 0.9298688 0.9235507 0.9375895 0.8801586 0.9375895 0.9235517 0.9806463 0.2504921 0.9763358 0.2882915 0.9763358 0.2504912 0.9094514 0.6695214 0.9061996 0.6738539 0.9061996 0.669542 0.2906687 0.9714564 0.2949792 0.9336497 0.2949792 0.9714564 0.7029792 0.9493162 0.7072566 0.9786161 0.7029792 0.9782719 0.5997492 0.9490363 0.5955775 0.9774868 0.5955775 0.9483441 0.6534838 0.7238414 0.6555584 0.8060219 0.6534838 0.8060179 0.7077815 0.3600524 0.7101541 0.4422253 0.7077815 0.4422254 0.2545228 0.702172 0.2565688 0.7843546 0.2545228 0.7843475 0.8957114 0.2014741 0.8974603 0.342601 0.8957114 0.3437055 0.8955301 0.8109031 0.8979004 0.6774165 0.8979004 0.8110071 0.8953961 0.1925187 0.8974142 0.05080378 0.8974142 0.1930856 0.4958538 0.993252 0.50167 0.9818912 0.50167 0.9932528 0.8600066 0.4522512 0.8541893 0.4580705 0.8541893 0.4522514 0.5306268 0.9921746 0.536444 0.9808133 0.536444 0.9921749 0.4656413 0.9825399 0.4714324 0.9938969 0.4656413 0.9939014 0.1103554 0.9826948 0.1046487 0.9940603 0.1046487 0.9826986 0.08459013 0.9687032 0.07996279 0.9275262 0.08459013 0.9276036 0.9411463 9.50524e-6 0.9458348 0.04125791 0.9411463 0.04126733 0.9602042 0.8758913 0.9649089 0.8378465 0.9649089 0.8759256 0.289918 0.9928734 0.2942554 0.9976236 0.289918 0.997579 0.2787514 0.9278644 0.2740463 0.9658913 0.2740463 0.9278389 0.9763487 0.5656206 0.9716455 0.6032653 0.9716455 0.5656824 0.5154401 0.9935497 0.5197255 0.9982082 0.5154401 0.9982553 0.9762867 0.160121 0.9809923 0.1225666 0.9809923 0.1601181 0.9666982 0.1145482 0.9620116 0.07331395 0.9666982 0.07333618 0.9298687 0.9270609 0.9345015 0.96819 0.9298688 0.9682435 0.3371785 0.1767349 0.3409344 0.1743083 0.3446903 0.1762479 0.3409344 0.1830407 0.3371785 0.1811012 0.3371785 0.1767349 0.3446903 0.1806142 0.3409344 0.1830407 0.3371785 0.1767349 0.3446903 0.1806142 0.3371785 0.1767349 0.3446903 0.1762479 0.9720886 0.9766498 0.972663 0.9700357 0.9804164 0.9742867 0.9870837 0.9534423 0.980304 0.9582452 0.980304 0.9488937 0.0747556 0.9657118 0.07600712 0.9735821 0.0673545 0.9705742 0.0747556 0.9657118 0.0673545 0.9705742 0.06735503 0.961236 0.0747556 0.9657118 0.06735503 0.961236 0.07600712 0.9584705 0.8023769 0.9833763 0.8078394 0.9873314 0.8023769 0.9926697 0.3964003 0.1743083 0.3964003 0.1835646 0.390644 0.1781113 0.1130009 0.9759204 0.1052656 0.9709345 0.1129994 0.9666714 0.7682312 0.9732432 0.7602035 0.9779473 0.7602035 0.9685958 0.972663 0.9700357 0.9720886 0.9617008 0.9804174 0.9650475 0.1052656 0.9709345 0.1130009 0.9759204 0.1046487 0.9792391 0.7602035 0.9779473 0.7682312 0.9732432 0.7679324 0.9809576 0.7602035 0.9685958 0.7679327 0.9658263 0.7682312 0.9732432 0.9804174 0.9650475 0.9804164 0.9742867 0.972663 0.9700357 0.5031726 0.9528101 0.4958538 0.9572058 0.4958538 0.9478781 0.5031726 0.9528101 0.504554 0.9599459 0.4958538 0.9572058 0.1046487 0.9642754 0.1129994 0.9666714 0.1052656 0.9709345 0.5031726 0.9528101 0.5045546 0.9448537 0.50993 0.952312 0.5031726 0.9528101 0.4958538 0.9478781 0.5045546 0.9448537 0.3483288 0.7894323 0.3483288 0.8070642 0.3429129 0.8047052 0.5743471 0.9718446 0.5677155 0.9852977 0.5677155 0.9700124 0.6682163 0.9531098 0.6669182 0.9679217 0.660113 0.9704685 0.6682163 0.9531098 0.660113 0.9704685 0.660113 0.9528861 0.9507679 0.4376947 0.9486185 0.4552462 0.941712 0.4552478 0.9507679 0.4376947 0.941712 0.4552478 0.9400525 0.4376947 0.9874567 0.3603653 0.9874567 0.3779779 0.9821 0.3756729 0.9829277 0.1653473 0.9762866 0.178878 0.9762866 0.1635767 0.4592198 0.9562181 0.4583712 0.9710313 0.4516187 0.9737796 0.4592198 0.9562181 0.4516187 0.9737796 0.4510759 0.9562181 0.7217401 0.7796025 0.7131082 0.7971814 0.7110261 0.7796025 0.7217401 0.7796025 0.7199999 0.7971798 0.7131082 0.7971814 0.5660821 0.9325673 0.5569964 0.9501131 0.5553706 0.9325697 0.5660821 0.9325673 0.5638865 0.9501131 0.5569964 0.9501131 0.8892336 0.9697983 0.8883246 0.9549641 0.8964678 0.9549641 0.8892336 0.9697983 0.8964678 0.9549641 0.8959832 0.9725344 0.5131533 0.9302291 0.5131533 0.9391829 0.5045043 0.9234905 0.4958538 0.9346586 0.5131533 0.9391829 0.5045042 0.9413979 0.5045043 0.9234905 0.5131533 0.9391829 0.4958538 0.9346586 0.5045043 0.9234905 0.4958538 0.9346586 0.4958538 0.9257048 0.5131533 0.9391829 0.5081492 0.9284592 0.5131533 0.9302291 0.5131533 0.9391829 0.5066441 0.9376435 0.5081492 0.9284592 0.5553706 0.9325697 0.559972 0.9291512 0.5660821 0.9325673 0.5081492 0.9284592 0.4958538 0.9257048 0.5045043 0.9234905 0.5081492 0.9284592 0.4994499 0.9316713 0.4958538 0.9257048 0.4958538 0.9257048 0.4994499 0.9316713 0.4958538 0.9346586 0.4994499 0.9316713 0.5045042 0.9413979 0.4958538 0.9346586 0.4994499 0.9316713 0.5066441 0.9376435 0.5045042 0.9413979 0.660113 0.9528861 0.6639317 0.9493037 0.6682163 0.9531098 0.6320494 0.4579781 0.6372007 0.4493334 0.6372005 0.4525802 0.6320494 0.4579781 0.6320494 0.4443408 0.6372007 0.4493334 0.6453999 0.4580129 0.6372005 0.4525802 0.6403799 0.4525879 0.6453999 0.4580129 0.6320494 0.4579781 0.6372005 0.4525802 0.6453998 0.4443757 0.6403799 0.4525879 0.6403801 0.4493409 0.6453998 0.4443757 0.6453999 0.4580129 0.6403799 0.4525879 0.6320494 0.4443408 0.6403801 0.4493409 0.6372007 0.4493334 0.6320494 0.4443408 0.6453998 0.4443757 0.6403801 0.4493409 0.7879095 0.9939671 0.7846253 0.9673144 0.7879095 0.9673116 0.7879095 0.9939671 0.7846253 0.9939698 0.7846253 0.9673144 0.5110784 0.990056 0.5077069 0.9634088 0.5110785 0.9634017 0.5110784 0.990056 0.5077069 0.9900631 0.5077069 0.9634088 0.4097313 0.9935255 0.4064399 0.966866 0.4097313 0.9668703 0.4097313 0.9935255 0.4064399 0.9935212 0.4064399 0.966866 0.9889665 0.6953618 0.9855957 0.6687272 0.9889666 0.6687119 0.9889665 0.6953618 0.9855957 0.6953771 0.9855957 0.6687272 0.6135911 0.9933728 0.6102702 0.9933761 0.6102702 0.9667207 0.6135911 0.9933728 0.6102702 0.9667207 0.6135912 0.9667174 0.3390326 0.9940993 0.3357797 0.9941176 0.3357797 0.9674677 0.3390326 0.9940993 0.3357797 0.9674677 0.3390326 0.9674495 0.6068155 0.9933779 0.6034857 0.9933726 0.6034856 0.9667174 0.6068155 0.9933779 0.6034856 0.9667174 0.6068155 0.9667228 0.3457412 0.9941038 0.3424873 0.9941124 0.3424873 0.967458 0.3457412 0.9941038 0.3424873 0.967458 0.3457412 0.9674495 0.6285946 0.4580284 0.6152932 0.4580656 0.620147 0.452762 0.6285946 0.4580284 0.620147 0.452762 0.6233147 0.4527524 0.6152932 0.4580656 0.6152932 0.4443782 0.6201472 0.4495031 0.6152932 0.4580656 0.6201472 0.4495031 0.620147 0.452762 0.6152932 0.4443782 0.6285948 0.4443408 0.6233149 0.4494935 0.6152932 0.4443782 0.6233149 0.4494935 0.6201472 0.4495031 0.6285948 0.4443408 0.6285946 0.4580284 0.6233147 0.4527524 0.6285948 0.4443408 0.6233147 0.4527524 0.6233149 0.4494935 0.8488103 0.9514839 0.8525314 0.9478339 0.8570861 0.9517592 0.1184734 0.9339271 0.1112663 0.928029 0.1133125 0.9247667 0.1184734 0.9339271 0.1133125 0.9247667 0.1219776 0.9314212 0.1219776 0.9403598 0.1184734 0.9339271 0.1219776 0.9314212 0.1097499 0.9372553 0.1184734 0.9339271 0.1219776 0.9403598 0.1097499 0.9372553 0.1219776 0.9403598 0.1133123 0.9426438 0.4510759 0.935198 0.4554762 0.9318136 0.4616289 0.9351955 0.1046487 0.9270513 0.1112663 0.928029 0.1097499 0.9372553 0.1046487 0.9270513 0.1097499 0.9372553 0.1046487 0.93599 0.1133123 0.9426438 0.1219776 0.9314212 0.1219776 0.9403598 0.1133123 0.9426438 0.1046487 0.9270513 0.1219776 0.9314212 0.1219776 0.9314212 0.1046487 0.9270513 0.1133125 0.9247667 0.1046487 0.93599 0.1046487 0.9270513 0.1133123 0.9426438 0.5564554 0.9684228 0.563647 0.953569 0.5632834 0.9711525 0.5564554 0.9684228 0.5553706 0.953569 0.563647 0.953569 0.9509429 0.0175693 0.9492895 0 0.9598726 0 0.9509429 0.0175693 0.9598726 0 0.9577641 0.01756769 0.9881086 0.8532814 0.9881086 0.8708885 0.9829275 0.8686186 0.9820289 0 0.9820289 0.01524353 0.9750592 0.001620113 0.9638328 0.01754653 0.9633272 0 0.9716044 0 0.9638328 0.01754653 0.9716044 0 0.9706506 0.01479208 0.4616289 0.9351955 0.4594673 0.9527623 0.4526793 0.9527623 0.4616289 0.9351955 0.4526793 0.9527623 0.4510759 0.935198 0.492399 0.8606799 0.4853755 0.8471025 0.492399 0.8454834 0.6173661 0.9862697 0.6225487 0.9708991 0.6225487 0.9884904 0.8834066 0.9477525 0.8818036 0.9653146 0.8749972 0.9653162 0.8834066 0.9477525 0.8749972 0.9653162 0.872825 0.9477525 0.8570861 0.9517592 0.8488103 0.9690034 0.8488103 0.9514839 0.8570861 0.9517592 0.8556937 0.9664705 0.8488103 0.9690034 0.7334846 0.9685727 0.7260057 0.9635674 0.7346062 0.9604342 0.9357445 0.3629134 0.9429647 0.3661016 0.934546 0.3700814 0.4958537 0.9634017 0.5042507 0.9659301 0.4965547 0.9702826 0.7334846 0.9685727 0.7346062 0.9754705 0.7260062 0.9728605 0.7334846 0.9685727 0.7260062 0.9728605 0.7260057 0.9635674 0.7465326 0.9636584 0.7465316 0.9729321 0.7389023 0.9686546 0.9429647 0.3661016 0.9481679 0.3715386 0.9422239 0.3754135 0.934546 0.3700814 0.9422239 0.3754135 0.934546 0.3779779 0.4965547 0.9702826 0.5042521 0.9752221 0.4958537 0.9784347 0.7389023 0.9686546 0.7380608 0.9604341 0.7465326 0.9636584 0.9422239 0.3754135 0.934546 0.3700814 0.9429647 0.3661016 0.5042521 0.9752221 0.4965547 0.9702826 0.5042507 0.9659301 0.3558753 0.1775283 0.3481449 0.1827886 0.3481449 0.1743083 0.436088 0.1835365 0.4307612 0.1779169 0.436088 0.1743083 0.1103365 0.9545145 0.1188998 0.9536381 0.1134567 0.9608198 0.1103365 0.9545145 0.1134573 0.9460995 0.1188998 0.9536381 0.1103365 0.9545145 0.1046487 0.948621 0.1134573 0.9460995 0.1103365 0.9545145 0.1046487 0.9577191 0.1046487 0.948621 0.7380608 0.9754387 0.7389023 0.9686546 0.7465316 0.9729321 0.8874433 0.8894192 0.892013 0.8403058 0.892013 0.8894615 0.8920753 0.7774979 0.8875949 0.7282132 0.8920753 0.7281484 0.9096102 0.6658894 0.9061995 0.6166751 0.9096102 0.6164988 0.8874434 0.8402635 0.8920129 0.7896693 0.892013 0.8403058 0.8920753 0.7281484 0.8875948 0.6773772 0.8920754 0.6773124 0.9096102 0.6164988 0.9061995 0.5657969 0.9096102 0.5656206 0.9408349 0.997571 0.94487 0.9952012 0.94487 0.9998785 0.1840898 0.9953132 0.1881107 0.9976656 0.1840898 0.9999955 0.8956406 0.5125769 0.8912928 0.4617011 0.8956407 0.4618336 0.9027448 0.5126618 0.8990952 0.461701 0.9027448 0.4619283 0.2198168 0.8266856 0.2244524 0.7757982 0.2244524 0.8266981 0.8956407 0.5618364 0.8912928 0.5124444 0.8956406 0.5125769 0.9027447 0.5619117 0.8990952 0.5124344 0.9027448 0.5126618 0.2198168 0.8760971 0.2244524 0.8266981 0.2244524 0.8761097 0.4695239 0.760874 0.469524 0.743423 0.4805966 0.7430514 0.4695239 0.760874 0.4805966 0.7430514 0.4804121 0.7591131 0.4557263 0.7757396 0.456017 0.7611758 0.4678165 0.775668 0.456017 0.7611758 0.4695239 0.760874 0.4678165 0.775668 0.456017 0.7611758 0.4563515 0.7438602 0.469524 0.743423 0.456017 0.7611758 0.469524 0.743423 0.4695239 0.760874 0.469524 0.743423 0.469524 0.7259719 0.4804121 0.7265663 0.469524 0.743423 0.4804121 0.7265663 0.4805966 0.7430514 0.469524 0.7259719 0.4678165 0.7105741 0.4812798 0.7075102 0.469524 0.7259719 0.4812798 0.7075102 0.4804121 0.7265663 0.4563515 0.7438602 0.456017 0.7262737 0.469524 0.7259719 0.4563515 0.7438602 0.469524 0.7259719 0.469524 0.743423 0.456017 0.7262737 0.4557264 0.7114747 0.4678165 0.7105741 0.456017 0.7262737 0.4678165 0.7105741 0.469524 0.7259719 0.4426255 0.7762309 0.4425101 0.7614777 0.456017 0.7611758 0.4426255 0.7762309 0.456017 0.7611758 0.4557263 0.7757396 0.4425101 0.7614777 0.4425101 0.7440265 0.4563515 0.7438602 0.4425101 0.7614777 0.4563515 0.7438602 0.456017 0.7611758 0.4272521 0.7785215 0.43003 0.7602389 0.4425101 0.7614777 0.4272521 0.7785215 0.4425101 0.7614777 0.4426255 0.7762309 0.43003 0.7602389 0.4308561 0.7441627 0.4425101 0.7440265 0.43003 0.7602389 0.4425101 0.7440265 0.4425101 0.7614777 0.4425101 0.7440265 0.4425101 0.7265756 0.456017 0.7262737 0.4425101 0.7440265 0.456017 0.7262737 0.4563515 0.7438602 0.4425101 0.7265756 0.4426255 0.711137 0.4557264 0.7114747 0.4425101 0.7265756 0.4557264 0.7114747 0.456017 0.7262737 0.4308561 0.7441627 0.43003 0.727692 0.4425101 0.7265756 0.4308561 0.7441627 0.4425101 0.7265756 0.4425101 0.7440265 0.4272521 0.7087175 0.4426255 0.711137 0.4425101 0.7265756 0.4425101 0.7265756 0.43003 0.727692 0.4272521 0.7087175 0.4695239 0.760874 0.4804121 0.7591131 0.4812798 0.7773143 0.4812798 0.7773143 0.4678165 0.775668 0.4695239 0.760874 0.7828144 0.8965771 0.7874488 0.8528134 0.7874487 0.8965817 0.9126001 0.289239 0.9089502 0.2455071 0.9126002 0.2454636 0.8998777 0.9033298 0.89553 0.8595842 0.8998777 0.8595555 0.7828144 0.8528088 0.7874487 0.8077268 0.7874488 0.8528134 0.9126002 0.2454636 0.9089503 0.2004131 0.9126002 0.2003694 0.8998777 0.8595555 0.8955301 0.8144913 0.8998777 0.8144627 0.4510759 0.9975558 0.4551276 0.9952092 0.4551276 0.9998746 0.2100074 0.9998856 0.2100074 0.9952145 0.2140563 0.9975658 0.6996571 0.4051427 0.7043268 0.3600534 0.7043268 0.4051437 0.9075468 0.8595582 0.9033325 0.8144907 0.9075468 0.8144627 0.9089043 0.09534436 0.9127519 0.05023688 0.9127519 0.09533309 0.699657 0.4489146 0.7043268 0.4051437 0.7043268 0.4489157 0.9075468 0.9033351 0.9033325 0.8595862 0.9075468 0.8595582 0.9089043 0.139122 0.9127519 0.09533309 0.9127519 0.1391108 0.3728675 0.8289554 0.3687839 0.8136258 0.3769511 0.8136454 0.8019434 0.438459 0.7978563 0.4231448 0.8060305 0.4231306 0.3728675 0.8289554 0.3769511 0.8136454 0.3840242 0.8177673 0.8019434 0.438459 0.7907772 0.4272625 0.7978563 0.4231448 0.3728675 0.8289554 0.3840242 0.8177673 0.3881078 0.824887 0.8019434 0.438459 0.78669 0.4343802 0.7907772 0.4272625 0.3728675 0.8289554 0.3881078 0.824887 0.3881078 0.8330968 0.8019434 0.438459 0.78669 0.4425908 0.78669 0.4343802 0.3728675 0.8289554 0.3881078 0.8330968 0.3840242 0.8401969 0.8019434 0.438459 0.7907771 0.4496944 0.78669 0.4425908 0.3728675 0.8289554 0.3840242 0.8401969 0.3769512 0.8442848 0.8019434 0.438459 0.7978562 0.4537873 0.7907771 0.4496944 0.3728675 0.8289554 0.3769512 0.8442848 0.368784 0.8442653 0.8019434 0.438459 0.8060304 0.4537732 0.7978562 0.4537873 0.3728675 0.8289554 0.368784 0.8442653 0.3617109 0.8401435 0.8019434 0.438459 0.8131096 0.4496555 0.8060304 0.4537732 0.3728675 0.8289554 0.3617109 0.8401435 0.3576273 0.8330237 0.8019434 0.438459 0.8171967 0.4425378 0.8131096 0.4496555 0.3728675 0.8289554 0.3576273 0.8330237 0.3576272 0.8248139 0.8019434 0.438459 0.8171967 0.4343271 0.8171967 0.4425378 0.3728675 0.8289554 0.3576272 0.8248139 0.3617108 0.8177138 0.8019434 0.438459 0.8131096 0.4272236 0.8171967 0.4343271 0.3728675 0.8289554 0.3617108 0.8177138 0.3687839 0.8136258 0.8019434 0.438459 0.8060305 0.4231306 0.8131096 0.4272236 0.4273196 0.955388 0.4357671 0.9634618 0.4273196 0.963485 0.4273196 0.963485 0.4356996 0.969789 0.4272521 0.9698123 0.1652239 0.9583701 0.157008 0.9663301 0.1568114 0.9583776 0.157008 0.9663301 0.1652239 0.9742339 0.1568114 0.9742414 0.151214 0.9470694 0.142822 0.9538838 0.1427661 0.9470617 0.1512699 0.9538915 0.142822 0.9620776 0.142822 0.9538838 0.1512699 0.9620853 0.1427661 0.9694475 0.142822 0.9620776 0.0673545 0.9550148 0.07630932 0.9493123 0.07576608 0.9549985 0.07630932 0.9493123 0.06809651 0.9414418 0.0765081 0.9414255 0.0765081 0.9414255 0.06789773 0.9334675 0.07630926 0.9334511 0.07630926 0.9334511 0.0673545 0.9275426 0.07576608 0.9275262 0.4272521 0.9476908 0.4357671 0.9553647 0.4273196 0.955388 0.3970205 0.8191111 0.3992812 0.8136258 0.4024784 0.8168265 0.8777353 0.04123485 0.8722815 0.03894621 0.8754763 0.03574877 0.3970205 0.8191111 0.4024784 0.8168265 0.4024784 0.8213655 0.8777353 0.04123485 0.8722815 0.04348433 0.8722815 0.03894621 0.3970205 0.8191111 0.4024784 0.8213655 0.3992813 0.8245838 0.8777353 0.04123485 0.8754763 0.0467047 0.8722815 0.04348433 0.3970205 0.8191111 0.3992813 0.8245838 0.3947597 0.8245963 0.8777353 0.04123485 0.8799943 0.04672092 0.8754763 0.0467047 0.3970205 0.8191111 0.3947597 0.8245963 0.3915625 0.8213956 0.8777353 0.04123485 0.8831891 0.04352343 0.8799943 0.04672092 0.3970205 0.8191111 0.3915625 0.8213956 0.3915625 0.8168566 0.8777353 0.04123485 0.8831891 0.03898537 0.8831891 0.04352343 0.3970205 0.8191111 0.3915625 0.8168566 0.3947596 0.8136382 0.8777353 0.04123485 0.8799943 0.03576499 0.8831891 0.03898537 0.3970205 0.8191111 0.3947596 0.8136382 0.3992812 0.8136258 0.8777353 0.04123485 0.8754763 0.03574877 0.8799943 0.03576499 0.1467783 0.9852241 0.1427661 0.9729454 0.1467783 0.9729109 0.9280421 0.1284171 0.9322714 0.1160019 0.9322714 0.1282627 0.9322714 0.1160019 0.9364287 0.1284334 0.9322714 0.1282627 0.3802862 0.9867835 0.3840641 0.9745041 0.3840642 0.9868177 0.3840641 0.9745041 0.3885156 0.9868056 0.3840642 0.9868177 0.4906678 0.9827454 0.4864908 0.9703188 0.4906678 0.9704833 0.4864908 0.9703188 0.4822798 0.9827378 0.4822798 0.9704757 0.1511173 0.9852458 0.1467783 0.9729109 0.1511173 0.9729326 0.9905385 0.9534132 0.9953482 0.9582378 0.9905385 0.9582451 0.9618194 0.2514805 0.9666244 0.2888812 0.9618194 0.288883 0.0357263 0.9283162 0.04053676 0.9657129 0.0357263 0.9657172 0.9212903 0.9364175 0.9260999 0.9738224 0.9212903 0.9738196 0.7716858 0.9700168 0.7764958 0.9326128 0.7764958 0.9700075 0.9633138 0.3749045 0.9681144 0.3440676 0.9681144 0.3752053 0.9676051 0.5223112 0.9724203 0.5596492 0.967605 0.5596685 0.6270146 0.9807481 0.6318146 0.949936 0.6318146 0.9804307 0.09299135 0.9750674 0.09780395 0.937749 0.097804 0.9750913 0.9937955 0.1502771 0.9979959 0.1551479 0.9937955 0.1551091 0.9546796 0.1899986 0.9583588 0.1947798 0.9546796 0.1948305 0.9715778 0.3300929 0.9763922 0.2927383 0.9763922 0.3300676 0 0.9484857 0.004800736 0.9796981 0 0.9793935 0.9410356 0.9364196 0.9458535 0.9737783 0.9410356 0.9737572 0.1691642 0.9810064 0.1739629 0.9504202 0.1739629 0.9806779 0.6844893 0.980703 0.689288 0.9501168 0.689288 0.9803745 0.9110016 0.9372912 0.9158195 0.97465 0.9110016 0.9746288 0.587322 0.9483441 0.5921227 0.9795565 0.587322 0.9792518 0.971578 0.3709033 0.9763923 0.3335487 0.9763923 0.3708781 0.04263609 0.9901199 0.04631543 0.9949011 0.04263609 0.9949519 0.9938277 0.7728552 0.9980282 0.7777258 0.9938278 0.7776871 0.4158727 0.9760926 0.4206853 0.9387742 0.4206854 0.9761166 0.6762346 0.9504343 0.6810346 0.9806117 0.6762346 0.9809291 0.2823987 0.933669 0.2872139 0.9710071 0.2823986 0.9710263 0.2194159 0.9449469 0.2242164 0.9763855 0.2194159 0.9760846 0.90237 0.9677709 0.90718 0.9303669 0.9071799 0.9677616 0.9493082 0.9364086 0.9541177 0.9738133 0.9493082 0.9738106 0.5695368 0.9291557 0.5743472 0.9665523 0.5695368 0.9665566 0.9575769 0.9319389 0.9623818 0.9693396 0.9575769 0.9693415 0.8488104 0.9905238 0.8536201 0.9953484 0.8488104 0.9953558 0.7697274 0.1802921 0.772467 0.1831999 0.7697274 0.1831281 0.8212066 0.984986 0.8183596 0.997211 0.8183597 0.9849941 0.7630501 0.9844134 0.7602036 0.9967566 0.7602036 0.9844204 0.9939759 0.665148 0.9968229 0.6540244 0.9968229 0.6651287 0.7106283 0.4580329 0.7077814 0.4456812 0.7106283 0.4456862 0.7600587 0.1802921 0.7572968 0.1831926 0.7572968 0.1803569 0.7635135 0.1802921 0.7662727 0.1831932 0.7635135 0.1831281 0.6762346 0.9967309 0.6790815 0.9843892 0.6790815 0.9967355 0.4420689 0.9867705 0.4392219 0.9980356 0.4392219 0.9867885 0.1720108 0.9967976 0.1691642 0.9844684 0.1720108 0.9844622 0.7136334 0.9968727 0.7107865 0.9846104 0.7136334 0.9846037 0.7510626 0.1831856 0.753842 0.1802921 0.753842 0.1831278 0.3694697 0.9722761 0.3764006 0.9868651 0.3694697 0.9868714 0.2279071 0.8303318 0.2424986 0.8839344 0.2279071 0.883929 0.911299 0.195907 0.9182591 0.1430197 0.9182591 0.1958883 0.5937556 0.7844187 0.6083469 0.8380597 0.5937556 0.838068 0.9159101 0.3464003 0.9089503 0.2927384 0.9159101 0.2927491 0.9163503 0.677323 0.9093906 0.7309636 0.9093906 0.6773123 0.8587515 0.6302706 0.8733428 0.6839116 0.8587515 0.6839198 0.913065 0.5656393 0.920025 0.6184892 0.913065 0.6185079 0.8692627 0.05023688 0.8838542 0.1038395 0.8692627 0.103834 0.8557412 0.9724591 0.8488103 0.9870607 0.8488103 0.9724654 0.90718 0.9858195 0.9002498 0.9712401 0.90718 0.9712266 0.9298688 0.9717127 0.936799 0.986292 0.9298688 0.9863055 0.5903009 0.7844105 0.5553706 0.837759 0.5553706 0.7844126 0.4621866 0.7819788 0.4272521 0.8353232 0.4272521 0.7819773 0.101194 0.786241 0.0673545 0.8395871 0.0673545 0.7862428 0.138488 0.786241 0.1046487 0.839581 0.1046487 0.7862455 0.7618336 0.07396721 0.7279947 0.108729 0.7279947 0.0739414 0.5652045 0.1796791 0.5652045 0.183434 0.5619539 0.1815558 0.5517938 0.1834337 0.5485427 0.1815564 0.5517938 0.1796791 0.5338776 0.9956307 0.5338776 0.9993849 0.5306267 0.9975088 0.5753641 0.1815564 0.5786151 0.1796791 0.5786151 0.1834331 0.5686591 0.1815567 0.5719094 0.1796791 0.5719094 0.1834343 0.5584992 0.183434 0.5552486 0.1815571 0.5584992 0.1796791 0.5418372 0.1796791 0.5450879 0.1815572 0.5418372 0.1834342 0.5150148 0.1796791 0.5182656 0.181557 0.5150148 0.1834343 0.5284258 0.1815563 0.5316769 0.1796792 0.5316769 0.183434 0.4981487 0.1796791 0.4981487 0.1834342 0.4948976 0.1815566 0.5048545 0.1834341 0.5016034 0.1815567 0.5048545 0.1796791 0.5083092 0.1796791 0.51156 0.1815569 0.5083092 0.1834343 0.5249712 0.181557 0.5217203 0.1834342 0.5217203 0.1796791 0.5383825 0.1815562 0.5351316 0.183434 0.5351316 0.1796791 0.687316 0.4559243 0.6838764 0.4579104 0.6838764 0.4539376 0.6907706 0.4539375 0.69421 0.4559243 0.6907706 0.4579105 0.6804217 0.4539376 0.6804217 0.4579105 0.6769822 0.4559239 0.9227085 0.7364169 0.9261475 0.7344298 0.9261475 0.7384026 0.9158146 0.73443 0.9192539 0.7364168 0.9158146 0.7384024 0.9296023 0.7344299 0.9330411 0.7364161 0.9296023 0.7384028 0.9163314 0.6685624 0.913065 0.6219636 0.9163313 0.6224336 0.1855251 0.9735551 0.1891136 0.9281724 0.1891136 0.9739762 0.646274 0.9678159 0.642316 0.9206119 0.646274 0.9206126 0.4585823 0.9952092 0.4619972 0.9972201 0.4585823 0.999172 0.9878863 0.08940953 0.9878863 0.09334945 0.9844468 0.09137451 0.2136864 0.9739293 0.2100075 0.9277376 0.2136864 0.9280811 0.9794688 0.2470354 0.9763357 0.2003694 0.9794689 0.2008678 0.2494578 0.968616 0.2533907 0.9214397 0.2533907 0.9686419 0.6504923 0.979556 0.6544266 0.9533861 0.6544266 0.9795668 0.3491958 0.9674577 0.3525354 0.9936314 0.3491959 0.9936397 0.9555794 0.1157712 0.9584422 0.08958548 0.9584422 0.1157678 0.983872 0.9878832 0.987692 0.9617028 0.987692 0.9878851 0.9093905 0.73443 0.9123598 0.7606161 0.9093905 0.7606113 0.9841011 0.2882656 0.9878304 0.2621108 0.9878304 0.2882925 0.9809392 0.09283739 0.9770392 0.119004 0.9770392 0.09282469 0.5472006 0.9578372 0.55069 0.9840078 0.5472006 0.9840192 0.5784723 0.9875253 0.582312 0.9613724 0.5823119 0.9875531 0.3031328 0.1870382 0.4237974 0.1935262 0.3031328 0.1935422 0 0.2611035 0.1614359 0.2751894 0 0.2751992 0.5979128 0.9153618 0.5874247 0.9448884 0.5873221 0.9153618 0.3127435 0.9456816 0.323334 0.9162962 0.323334 0.9456897 0.1533567 0.9140791 0.1427661 0.943606 0.1427661 0.9140796 0.3522479 0.945682 0.3416574 0.9162805 0.3522479 0.9162884 0.7537177 0.4326404 0.7832354 0.4220477 0.7832354 0.4326417 0.3276121 0.945674 0.3382027 0.9162886 0.3382027 0.9456822 0.3822634 0.9138863 0.3716727 0.9434131 0.3716728 0.9138867 0.7923798 0.9460259 0.8029703 0.9166405 0.8029703 0.946034 0.368218 0.9138863 0.3576273 0.9434131 0.3576273 0.9138867 0.7054166 0.9458603 0.694826 0.9164589 0.7054166 0.9164668 0.8834155 0.9147697 0.8728249 0.9442967 0.8728249 0.9147701 0.3923946 0.9447966 0.4029851 0.9154111 0.4029851 0.9448047 0.1282587 0.9098535 0.1388495 0.9393796 0.1282587 0.9393801 0.3092889 0.9456895 0.2986983 0.916288 0.3092889 0.916296 0.8453557 0.914921 0.834765 0.9444479 0.834765 0.9149215 0.6868252 0.9466611 0.6762347 0.9172596 0.6868252 0.9172676 0.6156623 0.9153556 0.6050717 0.9448825 0.6050717 0.9153559 0.8224124 0.9458043 0.8118219 0.9164028 0.8224124 0.9164108 0.7580413 0.8444471 0.7260057 0.7810194 0.7580413 0.7810177 0.2244524 0.77233 0.2093343 0.7699871 0.2099642 0.7548514 0.2099642 0.7548514 0.2222237 0.7536491 0.2244524 0.77233 0.1823201 0.7197723 0.1706661 0.7209192 0.1691642 0.702172 0.1691642 0.702172 0.1835555 0.7045811 0.1823201 0.7197723 0.1708022 0.737284 0.1823201 0.7197723 0.1823201 0.7373021 0.1708022 0.737284 0.1706661 0.7209192 0.1823201 0.7197723 0.1823201 0.7197723 0.1962528 0.7050241 0.1961421 0.7197819 0.1823201 0.7197723 0.1835555 0.7045811 0.1962528 0.7050241 0.1823201 0.7373021 0.1961421 0.7197819 0.1960148 0.7373234 0.1823201 0.7373021 0.1823201 0.7197723 0.1961421 0.7197819 0.1706661 0.7536132 0.1823201 0.7373021 0.1823201 0.7548321 0.1706661 0.7536132 0.1708022 0.737284 0.1823201 0.7373021 0.1691642 0.7722915 0.1823201 0.7548321 0.1835556 0.7699691 0.1691642 0.7722915 0.1706661 0.7536132 0.1823201 0.7548321 0.1823201 0.7548321 0.1960148 0.7373234 0.1961422 0.7548417 0.1823201 0.7548321 0.1823201 0.7373021 0.1960148 0.7373234 0.1835556 0.7699691 0.1961422 0.7548417 0.1962527 0.7695794 0.1835556 0.7699691 0.1823201 0.7548321 0.1961422 0.7548417 0.1961421 0.7197819 0.2093343 0.704599 0.2099642 0.7197915 0.1961421 0.7197819 0.1962528 0.7050241 0.2093343 0.704599 0.1960148 0.7373234 0.2099642 0.7197915 0.2099642 0.7373214 0.1960148 0.7373234 0.1961421 0.7197819 0.2099642 0.7197915 0.2099642 0.7197915 0.2244524 0.7022104 0.2222237 0.7209551 0.2099642 0.7197915 0.2093343 0.704599 0.2244524 0.7022104 0.2099642 0.7373214 0.2222237 0.7209551 0.2217032 0.7373195 0.2099642 0.7373214 0.2099642 0.7197915 0.2222237 0.7209551 0.1961422 0.7548417 0.2099642 0.7373214 0.2099642 0.7548514 0.1961422 0.7548417 0.1960148 0.7373234 0.2099642 0.7373214 0.1961422 0.7548417 0.2099642 0.7548514 0.2093343 0.7699871 0.1962527 0.7695794 0.1961422 0.7548417 0.2093343 0.7699871 0.2099642 0.7548514 0.2217032 0.7373195 0.2222237 0.7536491 0.2099642 0.7548514 0.2099642 0.7373214 0.2217032 0.7373195 0.887309 0.1505715 0.8919414 0.1011753 0.8919414 0.1505984 0.8914626 0.2399641 0.8877866 0.1974527 0.8914626 0.1990661 0.8373636 0.9110258 0.8330165 0.8699754 0.8373634 0.8709883 0.887309 0.1011485 0.8919414 0.0502637 0.8919414 0.1011753 0.8914626 0.1990661 0.8877866 0.1553227 0.8914626 0.1569362 0.8373634 0.8709883 0.8330165 0.8287319 0.8373636 0.8297446 0.9482401 0.2846589 0.9519321 0.2864006 0.9482401 0.2891331 0.1240645 0.9905739 0.1240645 0.9952493 0.120591 0.9927561 0.9096264 0.5125539 0.9061995 0.4619463 0.9096264 0.4617011 0.8922567 0.2942843 0.8877893 0.2434637 0.8922567 0.2434198 0.8408182 0.8709824 0.8453556 0.8287318 0.8453556 0.870434 0.9096264 0.5619198 0.9061996 0.5127991 0.9096264 0.5125539 0.8922567 0.3436615 0.8877894 0.2943283 0.8922567 0.2942843 0.8408182 0.9114652 0.8453556 0.870434 0.8453556 0.9109167 0.8033719 0.1870233 0.8220396 0.3632432 0.8033719 0.3632443 0.7812472 0.1870231 0.7999172 0.363236 0.7812472 0.363237 0.7260057 0.461701 0.7446755 0.6379209 0.7260057 0.6379201 0.8366268 0.4617035 0.8552967 0.6378856 0.8366268 0.6378881 0.8476189 0.1870245 0.8662889 0.3632066 0.8476189 0.3632091 0.1427661 0.4341579 0.161436 0.6103778 0.1427661 0.610377 0.7702551 0.461702 0.7889251 0.637915 0.7702551 0.6379159 0.7923799 0.4617021 0.8110475 0.6379221 0.7923799 0.6379232 0.7481303 0.461702 0.7668004 0.637915 0.7481303 0.6379159 0.7148733 0.1870221 0.7335431 0.363242 0.7148733 0.3632412 0.8145021 0.4617035 0.833172 0.6378856 0.8145021 0.637888 0.6313614 0.5858619 0.650029 0.7620819 0.6313614 0.7620831 0.8254942 0.1870245 0.8441641 0.3632066 0.8254942 0.3632091 0.7369978 0.3632412 0.7556676 0.1870229 0.7556676 0.363242 0.7591225 0.1870231 0.7777925 0.363236 0.7591225 0.363237 0.2600381 0.5941964 0.2787057 0.7704163 0.2600381 0.7704175 0.1641183 0.7118228 0.1427661 0.7892968 0.1427661 0.6691823 0.4085389 0.7477196 0.4224676 0.8251775 0.4085389 0.8251793 0.3031328 0.4225947 0.4232078 0.5433023 0.3031328 0.543296 0.8585915 0.899806 0.8518749 0.8997899 0.8488103 0.8868589 0.857994 0.8868808 0.8585915 0.899806 0.8488103 0.8868589 0.6378613 0.9464802 0.6291973 0.9464802 0.6270146 0.9336051 0.6270146 0.9336051 0.6388612 0.9336051 0.6378613 0.9464802 0.5734313 0.9020895 0.5650827 0.902063 0.5644776 0.8891066 0.5644776 0.8891066 0.5758927 0.889143 0.5734313 0.9020895 0.5650827 0.902063 0.5584221 0.9020895 0.5553705 0.8891431 0.5553705 0.8891431 0.5644776 0.8891066 0.5650827 0.902063 0.2449794 0.9472861 0.2363172 0.9472861 0.2341592 0.9343775 0.2341592 0.9343775 0.2460032 0.9343775 0.2449794 0.9472861 0.8669118 0.8997899 0.8585915 0.899806 0.857994 0.8868808 0.857994 0.8868808 0.8693703 0.8868589 0.8669118 0.8997899 0.857994 0.8868808 0.8488103 0.8868589 0.8518579 0.8739161 0.8518579 0.8739161 0.8585745 0.8739321 0.857994 0.8868808 0.6388612 0.9336051 0.6270146 0.9336051 0.6290928 0.9206119 0.6290928 0.9206119 0.6377568 0.9206119 0.6388612 0.9336051 0.5758927 0.889143 0.5644776 0.8891066 0.5651125 0.8761894 0.5651125 0.8761894 0.5734612 0.8762161 0.5758927 0.889143 0.5644776 0.8891066 0.5553705 0.8891431 0.558452 0.8762161 0.558452 0.8762161 0.5651125 0.8761894 0.5644776 0.8891066 0.2460032 0.9343775 0.2341592 0.9343775 0.2362679 0.9214134 0.2362679 0.9214134 0.2449301 0.9214134 0.2460032 0.9343775 0.8693703 0.8868589 0.857994 0.8868808 0.8585745 0.8739321 0.8585745 0.8739321 0.8668948 0.8739161 0.8693703 0.8868589 0.427252 0.9310375 0.434885 0.9266015 0.4425183 0.9309707 0.4425183 0.9309707 0.4425183 0.9397758 0.4348852 0.9442119 0.427252 0.9310375 0.4425183 0.9309707 0.4348852 0.9442119 0.427252 0.9398426 0.427252 0.9310375 0.4348852 0.9442119 0.9310913 0.3635079 0.9310912 0.3731458 0.9227112 0.3587021 0.9310912 0.3731458 0.914331 0.3731723 0.9227112 0.3587021 0.914331 0.3731723 0.914331 0.3635343 0.9227112 0.3587021 0.9310912 0.3731458 0.9227111 0.3779779 0.914331 0.3731723 0.8801472 0.6302623 0.8870492 0.6303656 0.8862345 0.6446198 0.8862345 0.6446198 0.8767975 0.6444787 0.8801472 0.6302623 0.8870492 0.6303656 0.8963752 0.6302623 0.8989861 0.6444787 0.8989861 0.6444787 0.8862345 0.6446198 0.8870492 0.6303656 0.2848514 0.9018307 0.2942457 0.9018307 0.2952436 0.9160236 0.2952436 0.9160236 0.2823987 0.9160236 0.2848514 0.9018307 0.07074546 0.8721575 0.07763963 0.8722059 0.07678085 0.8864225 0.07678085 0.8864225 0.0673545 0.8863562 0.07074546 0.8721575 0.07763963 0.8722059 0.08696866 0.8721575 0.08953666 0.8863562 0.08953666 0.8863562 0.07678085 0.8864225 0.07763963 0.8722059 0.9223165 0.6368931 0.9316877 0.6368931 0.9326181 0.6510557 0.9326181 0.6510557 0.9198049 0.6510557 0.9223165 0.6368931 0.8767975 0.6444787 0.8862345 0.6446198 0.8872007 0.6587225 0.8872007 0.6587225 0.8802987 0.6586193 0.8767975 0.6444787 0.8862345 0.6446198 0.8989861 0.6444787 0.8965267 0.6586193 0.8965267 0.6586193 0.8872007 0.6587225 0.8862345 0.6446198 0.2823987 0.9160236 0.2952436 0.9160236 0.2942707 0.930194 0.2942707 0.930194 0.2848764 0.930194 0.2823987 0.9160236 0.0673545 0.8863562 0.07678085 0.8864225 0.07771104 0.900568 0.07771104 0.900568 0.07081687 0.9005195 0.0673545 0.8863562 0.07678085 0.8864225 0.08953666 0.8863562 0.08704012 0.9005195 0.08704012 0.9005195 0.07771104 0.900568 0.07678085 0.8864225 0.9326181 0.6510557 0.9316443 0.665256 0.9198049 0.6510557 0.9316443 0.665256 0.9222733 0.665256 0.9198049 0.6510557 0.2919937 0.4211423 0.1691642 0.4352326 0.1691642 0.421137 0.8395726 0.1725546 0.8329149 0.05023682 0.8395726 0.05024188 0.3337237 0.006602823 0.3272604 0.1773658 0.327235 0.00660777 0.1729959 0.1835664 0.3272604 0.1773658 0.3337238 0.183444 0.7178574 0.9942158 0.7178574 0.9855195 0.7221353 0.9906226 0.1691649 0.5941953 0.175822 0.6082904 0.1691642 0.6082904 0.8329149 0.1782199 0.8395726 0.1725546 0.8395726 0.178225 0 0.2576291 0.01409095 0.08078551 0.01409095 0.2576299 0.01409095 0.08078551 0.1044898 0.07418721 0.1044898 0.08079016 0.522665 0.3868462 0.4397025 0.350368 0.442791 0.3445325 0.175822 0.6082904 0.1824183 0.6987162 0.1758173 0.6987162 0.6068837 0.2915257 0.6002828 0.2011158 0.6068837 0.201115 0.6068837 0.201115 0.6002828 0.187023 0.6068837 0.1870221 0.8395726 0.1725546 0.8461735 0.1782301 0.8395726 0.178225 0.1758227 0.5941953 0.182423 0.6082904 0.175822 0.6082904 0.442791 0.3445325 0.4272521 0.3437724 0.4303407 0.3379368 0.327235 0.00660777 0.3337238 0 0.3337237 0.006602823 0 0.08078473 0.01409095 0.07418256 0.01409095 0.08078551 0.01409095 0.07418256 0.07474321 0 0.08883416 7.54516e-7 0.6790081 0.1870433 0.6727933 0.261352 0.6724901 0.1870221 0.4397025 0.350368 0.4585924 0.4443216 0.4272521 0.3437724 0.182423 0.6082904 0.2565835 0.6689608 0.2565827 0.683056 0.7111154 0.1871474 0.7057243 0.2614588 0.705421 0.1871289 0.6002828 0.2011158 0.5261197 0.261786 0.6002828 0.187023 0.6002828 0.2915266 0.5261197 0.2758788 0.6002828 0.2011158 0.1824183 0.6987162 0.2565827 0.683056 0.2565819 0.6987162 0.5195764 0.3926817 0.4710428 0.4509173 0.4397025 0.350368 0.6727933 0.261352 0.6792663 0.2754687 0.6727482 0.2754476 0.7113736 0.2755728 0.7057243 0.2614588 0.7114186 0.2614773 0.7113736 0.2755728 0.7056292 0.291215 0.7056792 0.2755543 0.6727482 0.2754476 0.6792162 0.2911293 0.6726981 0.2911081 0.6962023 0.3600534 0.6697893 0.4504807 0.6697893 0.3600522 0 0.2751992 0.02971124 0.3509727 0 0.3656287 0.1614359 0.2751894 0.1456396 0.3509656 0.1456396 0.2860689 0.07627815 0.3509699 0.1614359 0.3656189 0 0.3656287 0.02971124 0.3509727 0.07627815 0.3509699 0 0.3656287 0.09256649 0.3509688 0.1456396 0.3509656 0.1614359 0.3656189 0.07627815 0.2860731 0.1614359 0.2751894 0.09256649 0.2860721 0.1456396 0.2860689 0.09256649 0.2860721 0.1614359 0.2751894 0.07627815 0.2860731 0.02971124 0.2860759 0 0.2751992 0.07627815 0.2860731 0.09256649 0.3509688 0.07627815 0.3509699 0.5798501 0.8412149 0.5832818 0.9061089 0.5798501 0.9061091 0.9403884 0.7335952 0.9369568 0.6687123 0.9403884 0.6687119 0.6191171 0.9153555 0.6225487 0.9674432 0.6191171 0.967441 0.9701529 0.07331389 0.9735845 0.1190166 0.9701529 0.1190143 0.6728568 0.1235591 0.6762883 0.1764178 0.6728568 0.1764152 0.9702749 0.02220803 0.9737065 0.06858718 0.9702749 0.06858456 0.9422373 0.5265843 0.9388058 0.4617015 0.9422373 0.461701 0.9365165 0.2927386 0.9399482 0.3576325 0.9365165 0.3576327 0.0465669 0.7849937 0 0.7200997 0.0465669 0.7200969 0.5553706 0.7160578 0.6084437 0.7809514 0.5553706 0.7809547 0.01409095 0.2576299 0.08918082 0.2427063 0.1044898 0.2576346 0.01409095 0.08078551 0.08918082 0.08573842 0.02528101 0.08573514 0.08918082 0.1944482 0.1044898 0.2576346 0.08918082 0.2089939 0.08918082 0.2427063 0.08918082 0.2089939 0.1044898 0.2576346 0.08918082 0.1944482 0.08918082 0.08573842 0.1044898 0.08079016 0.02528101 0.194445 0.01409095 0.2576299 0.01409095 0.08078551 0.02528101 0.08573514 0.02528101 0.194445 0.01409095 0.08078551 0.02528101 0.2089905 0.02528101 0.242703 0.01409095 0.2576299 0.02528101 0.194445 0.08918082 0.2089939 0.02528101 0.2089905 0.7193301 0.8785124 0.722308 0.9424332 0.7193301 0.9424331 0.9583689 0.186488 0.9553914 0.1225668 0.9583689 0.1225666 0.5489897 0.5961713 0.551911 0.7048802 0.5489897 0.7048821 0.1774176 0.9504221 0.1803389 0.984133 0.1774176 0.9841349 0.1650298 0.9014614 0.1620653 0.7927557 0.1650298 0.7927534 0.6382339 0.9836478 0.6352694 0.9499381 0.6382339 0.9499359 0.958557 0.08612954 0.9555794 0.02220821 0.958557 0.02220803 0.9553869 0.2003694 0.9583647 0.2642904 0.9553869 0.2642902 0 0.607928 0.06389981 0.7166411 0 0.7166378 0.8294603 0.1143094 0.7957578 0.1782301 0.7957578 0.1143112 0.08883416 7.54516e-7 0.08931571 0.01849842 0.07824236 0.01849782 0.1044898 0.07418721 0.08931571 0.01849842 0.1044898 1.56594e-6 0.01409095 0.07418256 0.07824236 0.01849782 0.02537566 0.07096743 0.01409095 0.07418256 0.08931571 0.07097077 0.1044898 0.07418721 0.2279071 0.8873901 0.2305762 0.9513512 0.2279071 0.9513511 0.7872939 0.9527424 0.7847803 0.9638559 0.7846252 0.9527799 0.1691642 0.4352326 0.1781083 0.5111104 0.1691642 0.5256612 0.2919937 0.435238 0.266977 0.5111143 0.266977 0.4457429 0.2306516 0.5111128 0.1691642 0.5256612 0.2144338 0.511112 0.1781083 0.5111104 0.2144338 0.511112 0.1691642 0.5256612 0.2306516 0.5111128 0.266977 0.5111143 0.2919937 0.5256664 0.2306516 0.4457413 0.1691642 0.4352326 0.2919937 0.435238 0.266977 0.4457429 0.2306516 0.4457413 0.2919937 0.435238 0.2144337 0.4457406 0.1781083 0.445739 0.1691642 0.4352326 0.2144338 0.511112 0.2306516 0.4457413 0.2306516 0.5111128 0.9598591 0.3581078 0.9570539 0.2927385 0.9598591 0.2927384 0.9571215 0.565621 0.9599267 0.6309792 0.9571215 0.6309795 0.4420271 0.9833148 0.4392219 0.9476677 0.4420271 0.9476696 0.8633461 0.9834812 0.8605409 0.947834 0.8633461 0.9478359 0.7221353 0.9820638 0.7193301 0.9458891 0.7221353 0.9458912 0.139292 0.9790105 0.1364869 0.9428358 0.139292 0.9428379 0.9593859 0.4468031 0.9565808 0.3814338 0.9593859 0.3814337 0.9574943 0.6687123 0.9602995 0.7340705 0.9574943 0.7340709 0.3031327 0.8131003 0.3394582 0.7477306 0.3394582 0.813102 0.7835468 0.06537139 0.8198722 1.58697e-6 0.8198722 0.06537294 0.7847028 0.9264276 0.787449 0.9000376 0.7872939 0.9527424 0.7846252 0.9527799 0.7847028 0.9264276 0.7872939 0.9527424 0.7847028 0.9264276 0.7847803 0.9000751 0.787449 0.9000376 0.9711041 0.4076714 0.9737613 0.3814337 0.9737613 0.4339051 0.9711041 0.4339071 0.9711041 0.4076714 0.9737613 0.4339051 0.9711041 0.4076714 0.9711041 0.3814356 0.9737613 0.3814337 0.0935828 0.745266 0.0673545 0.7827852 0.0673545 0.7188261 0.1198112 0.7717058 0.0935828 0.7827839 0.0935828 0.745266 0.4975742 0.2410249 0.4303407 0.3379368 0.5102146 0.1870221 0.522665 0.1936178 0.4975742 0.2410249 0.5102146 0.1870221 0.4975742 0.2410249 0.442791 0.3445325 0.4303407 0.3379368 0.2821605 0.6460613 0.2962518 0.7492039 0.2821605 0.6973757 0.2821605 0.7492045 0.2821605 0.6973757 0.2962518 0.7492039 0.2821605 0.6460613 0.2821605 0.5941959 0.2962518 0.5941953 0.8453556 0.7734534 0.831264 0.6967283 0.8453556 0.722145 0.8453556 0.6967291 0.8453556 0.722145 0.831264 0.6967283 0.8453556 0.7734534 0.8453556 0.8252761 0.8312641 0.8252753 0.3887829 0.006722509 0.3371865 0.117212 0.3372029 0.0067541 0.439851 0.006691277 0.3887665 0.1171804 0.3887829 0.006722509 0.3371865 0.117212 0.3887585 0.170821 0.3371785 0.1708526 0.4398266 0.1707897 0.3887665 0.1171804 0.4398345 0.1171492 0.4398266 0.1707897 0.4914382 0.1171176 0.4914429 0.1707581 0.4651478 0.006675779 0.4398345 0.1171492 0.439851 0.006691277 0.4651478 0.006675779 0.4914429 0 0.4914382 0.1171176 0.3923946 0.8627985 0.4178874 0.8627719 0.4178874 0.8884183 0.4178874 0.8884183 0.3923946 0.8884449 0.3923946 0.8627985 0.3276121 0.863667 0.3530995 0.8636836 0.3530995 0.8893307 0.3530995 0.8893307 0.3276121 0.8893142 0.3276121 0.863667 0.6948261 0.8494146 0.7203158 0.8493574 0.7203158 0.8749994 0.7203158 0.8749994 0.6948261 0.8750567 0.6948261 0.8494146 0.2986983 0.8636819 0.3241574 0.863671 0.3241574 0.8893184 0.3241574 0.8893184 0.2986983 0.8893293 0.2986983 0.8636819 0.7260059 0.8479468 0.7515327 0.8479045 0.7515327 0.8735481 0.7515327 0.8735481 0.7260058 0.8735902 0.7260059 0.8479468 0.5553706 0.9055454 0.5745989 0.9056614 0.5745989 0.9256956 0.5745989 0.9256956 0.5553706 0.9255795 0.5553706 0.9055454 0.761496 0.9090994 0.7807828 0.9091187 0.7807828 0.929157 0.7807828 0.929157 0.761496 0.9291377 0.761496 0.9090994 0.8883247 0.9068189 0.9075469 0.9068735 0.9075469 0.9269111 0.9075469 0.9269111 0.8883247 0.9268564 0.8883247 0.9068189 0.9130812 0.5275033 0.9323146 0.5274701 0.9323146 0.5475082 0.9323146 0.5475082 0.9130812 0.5475414 0.9130812 0.5275033 0.1691642 0.9042245 0.1891092 0.9042612 0.1891093 0.9242957 0.1891093 0.9242957 0.1691642 0.924259 0.1691642 0.9042245 0.3711862 0.8768507 0.3576272 0.9104306 0.3576272 0.8768515 0.1563249 0.8770436 0.1427661 0.9106233 0.1427661 0.8770443 0.5675846 0.7125984 0.6214033 0.5858612 0.6214033 0.7125961 0.2156416 0.8214591 0.213724 0.7757857 0.2156416 0.7757872 0.9821411 0.7137193 0.9802235 0.6687119 0.9821411 0.6687132 0.2564404 0.8232169 0.2545228 0.7878104 0.2564404 0.7878103 0.06162035 0.9462956 0.06353789 0.9816961 0.06162035 0.9816963 0.03539705 0.8343307 0.03382861 0.7904852 0.03539705 0.7884522 0 0.7884537 0.001568496 0.8322993 0 0.8343323 0.03539705 0.7884522 0.001568496 0.7904866 0 0.7884537 0.03539705 0.8343307 0.001568496 0.8322993 0.03382861 0.8322979 0.902625 0.4118167 0.900915 0.379548 0.902625 0.3795479 0.827783 0.878529 0.829493 0.9107921 0.827783 0.9107923 0.04631543 0.9866135 0.04460549 0.9449878 0.04631543 0.9449891 0.1240645 0.9871181 0.1223545 0.9460995 0.1240645 0.9461006 0.8158069 0.1106414 0.7835468 0.06883007 0.8158069 0.0688287 0.8922339 0 0.8722814 0.03229308 0.8722814 2.33774e-5 0.4005498 0.9482607 0.4018101 0.9805239 0.4005498 0.980524 0.8441805 0.9801724 0.8429203 0.9479037 0.8441805 0.9479036 0.9101837 0.3501149 0.9089503 0.3698312 0.9089503 0.3498561 0.6903253 0.8765837 0.6890909 0.8565847 0.6903253 0.8563312 0.3866916 0.8680163 0.3879247 0.847998 0.3879247 0.8682737 0.4225724 0.8827986 0.4213421 0.8630394 0.4225724 0.8627719 0.8212066 0.9492601 0.8199883 0.9815302 0.8199883 0.9492668 0.7799506 0.9648846 0.7811692 0.9326128 0.7811692 0.9648815 0.06281185 0.8759927 0.04460549 0.8436692 0.06281185 0.8437229 0.9965546 0.5544858 0.9934555 0.5401223 0.9965546 0.5401186 0.959857 0.3756577 0.9570539 0.3618389 0.959857 0.3615638 0.1618277 0.9921007 0.1596148 0.9776971 0.1618277 0.9777351 0.1596148 0.9776971 0.1568114 0.9920868 0.1568114 0.9777212 0.9938278 0.7193955 0.9969258 0.7337471 0.9938278 0.733698 0.8896351 0.3522432 0.8926221 0.348132 0.8926221 0.3512728 0.8896352 0.3471612 0.8896351 0.3522432 0.8877892 0.3497021 0.01936578 0.9923348 0.02419811 0.9907676 0.02235227 0.9933064 0.02419811 0.9907676 0.01936578 0.9891952 0.02235239 0.9882268 0.8441803 0.9836673 0.8413639 0.9979901 0.8413639 0.9836281 0.7029792 0.982114 0.7060918 0.9963659 0.7029792 0.9964082 0.9968898 0.09681516 0.9937956 0.1111704 0.9937956 0.09680521 0.9891381 0.1788781 0.9863824 0.1644838 0.9891381 0.1647677 0.9914224 0.1784719 0.9891381 0.1647677 0.9914224 0.1643615 0.9965546 0.5222919 0.9934555 0.5366629 0.9934555 0.5222956 0.6872924 0.9841588 0.6844893 0.998528 0.6844893 0.984434 0.9160179 0.9925091 0.913805 0.9781056 0.9160178 0.9781436 0.913805 0.9781056 0.9110016 0.9924954 0.9110016 0.9781298 0.9937956 0.1467724 0.9968935 0.1325189 0.9968935 0.1468215 0.8898884 0.7851302 0.8869022 0.7810184 0.8898884 0.7819887 0.8850564 0.7835602 0.8898884 0.7851302 0.8869021 0.7861014 0.9050783 0.9902531 0.9002498 0.9918313 0.9020941 0.9892886 0.9002498 0.9918313 0.9050783 0.9933919 0.9020941 0.9943671 0.5179211 0.9900468 0.5205191 0.9755909 0.5205191 0.9899234 0.5154401 0.9899121 0.5179211 0.9757142 0.5179211 0.9900468 0.7535458 0.9974679 0.7505956 0.9836203 0.7535458 0.983401 0.9909114 0.3603719 0.9940502 0.3747069 0.9909114 0.3747134 0.2276855 0.997329 0.2306872 0.9830918 0.2306872 0.9974075 0.2926139 0.9749123 0.2949792 0.9894179 0.2926139 0.9891995 0.0111519 0.9834988 0.008255481 0.9979134 0.008255481 0.9835715 0.5904455 0.9971963 0.587322 0.9830121 0.5904455 0.9830724 0.9939875 0.3249626 0.9970461 0.3105773 0.9970461 0.3249269 0.289918 0.9893698 0.2926139 0.9749123 0.2926139 0.9891995 0.5602019 0.9937875 0.5572159 0.9896881 0.5602019 0.9906522 0.5553706 0.9922276 0.5602019 0.9937875 0.5572159 0.9947612 0.9915204 0.09001451 0.9946317 0.07564401 0.9946317 0.09001123 0.9263682 0.9916456 0.9239002 0.9772841 0.9263682 0.9772781 0.9239002 0.9772841 0.9212903 0.9916462 0.9212903 0.9772787 0.8146339 0.9841331 0.8118219 0.9985096 0.8118219 0.9841423 0.6535334 0.9973896 0.6504922 0.9830287 0.6535334 0.9830225 0.8733143 0.7851311 0.8703277 0.7810185 0.8733143 0.7819897 0.868482 0.7835596 0.8733143 0.7851311 0.8703278 0.7861014 0.876769 0.7851297 0.8816016 0.78356 0.8797557 0.7861009 0.8816016 0.78356 0.876769 0.7819885 0.8797557 0.7810184 0.2242164 0.9798774 0.221364 0.9942034 0.221364 0.9798411 0.9558869 0.5603579 0.9527491 0.5459904 0.9558869 0.5459903 0.4786025 0.9824286 0.4755052 0.9967751 0.4755052 0.9824135 0.9974066 0.9123523 0.9944013 0.8979809 0.9974066 0.8979849 0.221364 0.9942034 0.2192326 0.9799048 0.221364 0.9798411 0.9915634 0.8532848 0.9946749 0.8676488 0.9915634 0.8676521 0.2150854 0.9773851 0.2126173 0.9917587 0.2126173 0.9773912 0.2126173 0.9917587 0.2100075 0.9773857 0.2126173 0.9773912 0.3304241 0.9985181 0.3276121 0.98416 0.3304241 0.9841508 0.9970599 0 0.9940187 0.01437348 0.9940187 6.32393e-6 0.8765814 0.4547926 0.8717486 0.4532215 0.8747355 0.4522512 0.8717486 0.4563626 0.8765814 0.4547926 0.8747355 0.4573336 0.9346997 0.9922939 0.9298689 0.9907357 0.9328545 0.9897612 0.9298689 0.9907357 0.9328545 0.9948337 0.9298689 0.9938707 0.06982356 0.9914957 0.07243251 0.9770495 0.07243251 0.9913915 0.0673545 0.99138 0.06982356 0.9771535 0.06982356 0.9914957 0.3513866 0.9635092 0.3540831 0.9491379 0.3540831 0.9635056 0.9914967 0.381435 0.9946373 0.395775 0.9914967 0.3957765 0.9973177 0.9479394 0.9944012 0.933602 0.9973177 0.9335755 0.9742497 0.9944923 0.9720886 0.9801055 0.9742497 0.9801252 0.9977403 0.1643615 0.9948772 0.1787804 0.9948772 0.164438 0.994643 0.07218623 0.9915202 0.05782085 0.994643 0.05781877 0.993976 0.6148915 0.9970303 0.600506 0.9970303 0.6148472 0.9770848 0.9944806 0.9742497 0.9801252 0.9770848 0.9801135 0.1457523 0.9937921 0.1457523 0.9887143 0.1475979 0.9912551 0.1427661 0.9896811 0.1457523 0.9937921 0.1427661 0.9928194 0.3832646 0.9902735 0.3802862 0.994392 0.3802862 0.9912551 0.3802862 0.994392 0.3851051 0.9928038 0.3832644 0.9953493 0.893393 0.9761291 0.8907261 0.9903073 0.8907261 0.9759902 0.9939873 0.342724 0.9970515 0.3284823 0.9970515 0.342788 0 0.9832187 0.003124356 0.9972195 0 0.9972845 0.1311455 0.9836441 0.1282587 0.9978092 0.1282587 0.9835172 0.8907261 0.9903073 0.8883246 0.9761597 0.8907261 0.9759902 0.9938278 0.7372028 0.9969113 0.7515732 0.9938278 0.7515702 0.9915202 0.0400362 0.9946603 0.05435872 0.9915202 0.05436307 0.9954131 0.2015767 0.9923067 0.2159507 0.9923067 0.2015858 0.248315 0.986423 0.2507629 0.9722484 0.2507629 0.9865738 0.2507629 0.9865738 0.2533906 0.9721167 0.2533906 0.986442 0.248315 0.992574 0.2531352 0.9941333 0.2501562 0.9951103 0.2531352 0.9941333 0.2501562 0.9900296 0.2531352 0.9909933 0.1601982 0.9058894 0.1631843 0.9100022 0.1601982 0.9090308 0.1631843 0.9100022 0.1631844 0.9049193 0.1650298 0.9074612 0.9716455 0.6230136 0.9747801 0.6086484 0.9747801 0.6230154 0.4186998 0.9795722 0.4158726 0.9939681 0.4158726 0.9796045 0.4208742 0.9939892 0.4186998 0.9795722 0.4208742 0.9796257 0.3923946 0.9977427 0.3954166 0.9833751 0.3954166 0.9977427 0.9923066 0.198121 0.9954132 0.1837466 0.9954132 0.1981106 0.9493082 0.9772728 0.9519501 0.9916605 0.9493082 0.9916394 0.9519501 0.9916605 0.9543816 0.9772692 0.9543816 0.9916357 0.9955243 0.6687177 0.9924214 0.6830785 0.9924214 0.6687119 0.9939759 0.6183559 0.9970312 0.6327139 0.9939759 0.6327226 0.4018101 0.9839971 0.3989725 0.9983462 0.3989725 0.9839798 0.868885 0.6924582 0.8718719 0.6883461 0.8718719 0.6914876 0.868885 0.6873754 0.868885 0.6924582 0.867039 0.6899169 0.9402639 0.8707249 0.9402638 0.8758079 0.9384183 0.8732666 0.9402638 0.8758079 0.9432498 0.8716952 0.9432498 0.8748367 0.9738566 0.5169314 0.9769912 0.5025662 0.9769912 0.5169332 0.7288328 0.9789262 0.7260057 0.993322 0.7260057 0.9789584 0.7310072 0.9933433 0.7288328 0.9789262 0.7310072 0.9789796 0.9944013 0.8801576 0.9974233 0.8945252 0.9944013 0.8945252 0.5398986 0.9808234 0.5430052 0.995177 0.5398986 0.9951874 0.9879719 0.7131484 0.9855958 0.6990075 0.9879719 0.6988327 0.1374854 0.9835174 0.1346003 0.9979147 0.1346002 0.9835529 0.8347649 0.9830667 0.8378965 0.9970837 0.8347649 0.9971322 0.9939875 0.3071216 0.9970526 0.2927383 0.9970526 0.3070954 0.9906593 0.698971 0.9879719 0.7131484 0.9879719 0.6988327 0.2721862 0.9923647 0.2770142 0.9907945 0.27517 0.9933359 0.2751701 0.9882528 0.2721862 0.9923647 0.2721862 0.9892231 0.9467046 0.8716943 0.9496912 0.8758063 0.9467046 0.8748348 0.9515371 0.8732663 0.9467046 0.8716943 0.9496912 0.8707248 0.9965623 0.5579453 0.9934555 0.5722918 0.9934555 0.5579889 0.1863237 0.9918575 0.1891136 0.9774541 0.1891136 0.9918158 0.1840898 0.977432 0.1863237 0.9918575 0.1840898 0.9917936 0.6948261 0.9982935 0.6976256 0.9844762 0.6976256 0.9985702 0.9923067 0.2516116 0.9954104 0.2372361 0.9954104 0.251593 0.08135801 0.990091 0.08135801 0.9951651 0.0795145 0.9926223 0.08135801 0.9951651 0.08434092 0.9910692 0.08434092 0.9942052 0.0819624 0.9866352 0.08459013 0.9721781 0.08459013 0.9865034 0.07951456 0.972159 0.0819624 0.9866352 0.07951456 0.9864844 0.9954131 0.2194064 0.9923067 0.2337805 0.9923067 0.2194156 0.9914968 0.4170303 0.9946368 0.4313529 0.9914968 0.4313572 0.9938278 0.755029 0.9969112 0.7693995 0.9938278 0.7693964 0.9599254 0.7486824 0.9574943 0.7375267 0.9599254 0.7375329 0.8029515 0.9606259 0.8005329 0.9494898 0.8029515 0.9495188 0.8005329 0.9752195 0.8028892 0.9641168 0.8028892 0.9752548 0.9477396 0.7360818 0.9460172 0.7251352 0.9477396 0.7249746 0.9460172 0.7251352 0.9438432 0.7361397 0.9438432 0.7250325 0.6697892 0.4571197 0.6735275 0.4559143 0.6720996 0.457881 0.6735275 0.4559143 0.6697892 0.4546825 0.6720995 0.4539375 0.9946511 0.03657609 0.9915202 0.02220809 0.9946511 0.02221608 0.9954086 0.8007796 0.9922934 0.7864365 0.9954086 0.7864733 0.9939759 0.6505236 0.9970113 0.6362233 0.9970113 0.6505686 0.9458535 0.977234 0.9436342 0.9917453 0.9436342 0.9774389 0.9436342 0.9774389 0.9408349 0.9916139 0.9408349 0.9773075 0.3713137 0.9953926 0.3742975 0.9913058 0.3742975 0.9944365 0.3713137 0.990327 0.3713137 0.9953926 0.3694697 0.9928528 0.3319866 0.6204935 0.3464255 0.6006342 0.3802644 0.60066 0.4167749 0.5846053 0.4202362 0.6602995 0.4141244 0.6224526 0.4154879 0.6602997 0.4141244 0.6224526 0.4202362 0.6602995 0.4167749 0.5846053 0.4141244 0.5467582 0.4202362 0.546758 0.7868275 0.7325684 0.7828146 0.8042662 0.7828146 0.6967188 0.7889251 0.6967196 0.7868275 0.7325684 0.7828146 0.6967188 0.7889251 0.7684178 0.7860705 0.8042666 0.7828146 0.8042662 0.3796191 0.6533945 0.4106697 0.6597386 0.3748089 0.6599828 0.1357127 0.5925742 0.1316898 0.6682595 0.1316898 0.5547313 0.1349464 0.5547315 0.1357127 0.5925742 0.1316898 0.5547313 0.1378016 0.6304171 0.1378016 0.6682599 0.1316898 0.6682595 0.4072481 0.5783354 0.410647 0.5469799 0.4106469 0.5846566 0.3802644 0.5658724 0.3836402 0.5840627 0.3802644 0.60066 0.3836402 0.5840627 0.3870161 0.602253 0.3802644 0.60066 0.3870161 0.602253 0.3903919 0.6204434 0.3802644 0.60066 0.1357561 0.7075651 0.1316897 0.7792638 0.1316897 0.6717156 0.1378014 0.6717159 0.1357561 0.7075651 0.1316897 0.6717156 0.1378014 0.7434147 0.136438 0.7792641 0.1316897 0.7792638 0.3031437 0.5467683 0.3389709 0.5469253 0.3464255 0.5658466 0.3748253 0.546758 0.410647 0.5469799 0.3802644 0.5658724 0.06281185 0.8402127 0.05002158 0.7627376 0.06281185 0.7200969 0.6310901 6.20533e-6 0.5846866 0.1201033 0.5846866 1.23782e-5 0.6774935 0.120091 0.6310901 6.20533e-6 0.6774935 0 0.299678 0.2473629 0.1729959 0.4176813 0.1729959 0.2473706 0.5675846 0.7125984 0.5553706 0.585864 0.5675846 0.5858634 0.3895136 0.247355 0.3031328 0.1935422 0.4237974 0.1935262 0.4237974 0.2473504 0.3895136 0.247355 0.4237974 0.1935262 0.3374165 0.2473619 0.3031328 0.2473665 0.3031328 0.1935422 0.3895136 0.3178263 0.4237974 0.2473504 0.4237974 0.3674414 0.3374165 0.3178332 0.3031328 0.2473665 0.3374165 0.2473619 0.3031328 0.3674575 0.3895136 0.3178263 0.4237974 0.3674414 0.8960998 0.3471614 0.8974602 0.4176471 0.8960998 0.4176472 0.3539485 0.8599174 0.3525879 0.7894323 0.3539485 0.7894324 0.9671711 0.9928612 0.9658364 0.9407487 0.9671711 0.9407478 0.524917 0.8417289 0.5262715 0.8938399 0.524917 0.8938409 0.4958538 0.7858068 0.5479509 0.7153287 0.5479509 0.7857999 0.6193684 0.8764972 0.6050716 0.9118998 0.6050716 0.876499 0.01266688 0.8846183 0 0.9157015 0 0.8846191 0.6727798 0.8854406 0.660113 0.9165238 0.660113 0.8854414 0.4272521 0.973268 0.4340964 0.9878684 0.4272521 0.987864 0.3644717 0.9878124 0.3576272 0.973212 0.3644716 0.9732165 0.6669447 0.9739241 0.660113 0.9885277 0.660113 0.973932 0.8843345 0.2434199 0.8697436 0.2963191 0.8697436 0.2434478 0.9110016 0.8683608 0.9178357 0.8144627 0.9178357 0.8683055 0.8692628 0.1073544 0.8838511 0.1601782 0.8692628 0.1602373 0.9078443 0.1969137 0.9009149 0.1430197 0.9078443 0.143027 0.4586608 0.8387877 0.4517314 0.8926671 0.4517314 0.8387804 0.8697436 0.1870812 0.8843319 0.239905 0.8697435 0.2399641 0.2473487 0.8944604 0.2541828 0.8405622 0.2541828 0.894405 0.8843345 0.3526461 0.8697437 0.2998027 0.8843345 0.2997748 0.7716859 0.9734805 0.7785176 0.9880683 0.7716859 0.9880762 0.5784723 0.9910089 0.5832818 0.9958463 0.5784723 0.9958412 0.974708 0.827178 0.9794478 0.8645881 0.974708 0.864579 0.9738567 0.4617065 0.9785983 0.4991031 0.9738567 0.4991086 0.5388222 0.9399433 0.5435631 0.9773573 0.5388223 0.977338 0.9720184 0.7061144 0.9767687 0.668715 0.9767687 0.7061176 0.3276121 0.9806951 0.3323249 0.9491379 0.3323249 0.9800988 0.9720888 0.8802344 0.9768493 0.9173966 0.9720886 0.9174734 0.3923946 0.9482606 0.3970951 0.9799194 0.3923946 0.9792966 0.1282587 0.9799731 0.1330322 0.9429244 0.1330322 0.9800616 0.5077069 0.9935188 0.511695 0.9985881 0.5077069 0.9983296 0.9584555 0.9945366 0.9623818 0.9990807 0.9584555 0.9993475 0.4738376 0.9789578 0.4786025 0.941672 0.4786025 0.9788756 0.694826 0.980744 0.6995244 0.9493163 0.6995244 0.9801052 0.7107865 0.9439589 0.7155652 0.9811478 0.7107865 0.9810574 0.8118218 0.9800718 0.8165335 0.9498656 0.8165335 0.9806773 0.2986983 0.9491454 0.3034099 0.9805626 0.2986983 0.9799571 0.9762585 0.7193955 0.9810372 0.7565844 0.9762585 0.756494 0.7923798 0.9809175 0.7970782 0.9494898 0.7970781 0.9802788 0.974708 0.8237223 0.9794729 0.7864366 0.9794729 0.8236401 0.8883247 0.9941994 0.892251 0.9987434 0.8883247 0.9990103 0.9939874 0.3462437 0.9979754 0.351313 0.9939874 0.3510546 0.9758751 0.5594292 0.9806486 0.5223805 0.9806486 0.5595177 0.834765 0.9479036 0.8394656 0.9795626 0.834765 0.9789398 0.9720886 0.921006 0.9768493 0.9581681 0.9720886 0.958245 0.008255481 0.980043 0.0129683 0.9484857 0.01296824 0.9794467 0.9716455 0.6638737 0.9763959 0.6264743 0.9763959 0.6638768 0.5306267 0.9399433 0.5353676 0.9773573 0.5306267 0.977338 0.4656413 0.9416776 0.4703829 0.9790741 0.4656413 0.9790797 0.7505956 0.9425352 0.7553355 0.9799452 0.7505956 0.9799361 0.9465423 0.2566341 0.9417329 0.2614613 0.9417329 0.256629 0.9784714 0.1969048 0.9742581 0.1844852 0.9784715 0.1846454 0.05396103 0.9837716 0.04977738 0.9713471 0.05396097 0.971685 0.0581656 0.9713568 0.05396103 0.9837716 0.05396097 0.971685 0.9203229 0.1163652 0.9245874 0.1281611 0.9203229 0.1284564 0.9162066 0.1160019 0.9203229 0.1284564 0.9162066 0.1280932 0.9457623 0.8103558 0.9415744 0.798566 0.9457623 0.7982468 0.9499627 0.7985605 0.9457623 0.8103558 0.9457623 0.7982468 0.9742581 0.1844852 0.9700835 0.1969137 0.9700835 0.1846543 0.9184688 0.5564941 0.9207004 0.5509971 0.9238563 0.5541632 0.9197155 0.4527351 0.9174852 0.4472847 0.9219458 0.4472386 0.9184688 0.5564941 0.9238563 0.5541632 0.9238563 0.5586947 0.9197155 0.4527351 0.9143311 0.4505236 0.9174852 0.4472847 0.9184688 0.5564941 0.9238563 0.5586947 0.9207004 0.5619372 0.9197155 0.4527351 0.9143311 0.4550579 0.9143311 0.4505236 0.9184688 0.5564941 0.9207004 0.5619372 0.9162371 0.5619912 0.9197155 0.4527351 0.9174852 0.4582316 0.9143311 0.4550579 0.9184688 0.5564941 0.9162371 0.5619912 0.9130812 0.5588251 0.9197155 0.4527351 0.9219458 0.4581855 0.9174852 0.4582316 0.9184688 0.5564941 0.9130812 0.5588251 0.9130813 0.5542936 0.9197155 0.4527351 0.9250999 0.4549466 0.9219458 0.4581855 0.9184688 0.5564941 0.9130813 0.5542936 0.9162372 0.5510512 0.9197155 0.4527351 0.9250999 0.4504123 0.9250999 0.4549466 0.9184688 0.5564941 0.9162372 0.5510512 0.9207004 0.5509971 0.9197155 0.4527351 0.9219458 0.4472386 0.9250999 0.4504123 0.3694697 0.9470731 0.3782793 0.9547697 0.3698711 0.9549738 0.9475002 0.5358731 0.9402496 0.5300405 0.9485571 0.5300461 0.9471133 0.5438129 0.9391927 0.5358677 0.9475002 0.5358731 0.9475002 0.5517376 0.9388059 0.5438073 0.9471133 0.5438129 0.9485571 0.557524 0.9391927 0.5517322 0.9475002 0.5517376 0.9510124 0.1209578 0.9419275 0.1284153 0.9427245 0.1206076 0.9510124 0.112935 0.9427245 0.1206076 0.9427245 0.1125847 0.9419275 0.1064965 0.9510124 0.112935 0.9427245 0.1125847 0.5237321 0.9641698 0.5158472 0.9721238 0.51544 0.9641793 0.5158472 0.9562596 0.5237321 0.9641698 0.51544 0.9641793 0.3698711 0.9629316 0.3778778 0.9686102 0.3694697 0.9688143 0.3698711 0.9549738 0.3782793 0.9627275 0.3698711 0.9629316 0.4074311 0.8439756 0.4114602 0.828635 0.4184386 0.8326987 0.8356931 0.4384735 0.8316627 0.423194 0.8397235 0.4231306 0.4074311 0.8439756 0.4184386 0.8326987 0.4224676 0.8397839 0.8356931 0.4384735 0.8246819 0.4273515 0.8316627 0.423194 0.4074311 0.8439756 0.4224676 0.8397839 0.4224676 0.8479924 0.8356931 0.4384735 0.8206516 0.4344892 0.8246819 0.4273515 0.4074311 0.8439756 0.4224676 0.8479924 0.4184385 0.8551245 0.8356931 0.4384735 0.8206515 0.4426944 0.8206516 0.4344892 0.4074311 0.8439756 0.4184385 0.8551245 0.41146 0.8592693 0.8356931 0.4384735 0.8246819 0.4497687 0.8206515 0.4426944 0.4074311 0.8439756 0.41146 0.8592693 0.403402 0.8593162 0.8356931 0.4384735 0.8316627 0.4538165 0.8246819 0.4497687 0.4074311 0.8439756 0.403402 0.8593162 0.3964235 0.8552526 0.8356931 0.4384735 0.8397234 0.4537531 0.8316627 0.4538165 0.4074311 0.8439756 0.3964235 0.8552526 0.3923946 0.8481673 0.8356931 0.4384735 0.8467043 0.4495956 0.8397234 0.4537531 0.4074311 0.8439756 0.3923946 0.8481673 0.3923946 0.8399589 0.8356931 0.4384735 0.8507347 0.4424579 0.8467043 0.4495956 0.4074311 0.8439756 0.3923946 0.8399589 0.3964237 0.8328267 0.8356931 0.4384735 0.8507347 0.4342526 0.8507347 0.4424579 0.4074311 0.8439756 0.3964237 0.8328267 0.4034021 0.828682 0.8356931 0.4384735 0.8467043 0.4271783 0.8507347 0.4342526 0.4074311 0.8439756 0.4034021 0.828682 0.4114602 0.828635 0.8356931 0.4384735 0.8397235 0.4231306 0.8467043 0.4271783 0.691398 0.555211 0.7010446 0.5728019 0.691419 0.5728149 0.691398 0.555211 0.6968467 0.5331841 0.6982198 0.5552023 0.6914161 0.5331909 0.696264 0.5134727 0.6968467 0.5331841 0.6914898 0.4938144 0.696264 0.5134727 0.6914456 0.5134788 0.6914898 0.4938144 0.6966841 0.4771601 0.6964088 0.4938081 0.6915715 0.4618836 0.6966841 0.4771601 0.6915304 0.4771667 0.6982198 0.5552023 0.7097088 0.5727278 0.7010446 0.5728019 0.6982198 0.5552023 0.7017346 0.5331423 0.70436 0.5551499 0.696264 0.5134727 0.7017346 0.5331423 0.6968467 0.5331841 0.6964088 0.4938081 0.7006011 0.5134356 0.696264 0.5134727 0.6964088 0.4938081 0.7013229 0.4771205 0.7008365 0.4937703 0.6971272 0.4618766 0.7013229 0.4771205 0.6966841 0.4771601 0.5091165 0.689442 0.5088834 0.7069048 0.5018686 0.7068842 0.5091165 0.689442 0.5166636 0.6675107 0.514088 0.6894567 0.5142801 0.6478187 0.5166636 0.6675107 0.512706 0.667499 0.5140099 0.6281443 0.5177916 0.6478291 0.5142801 0.6478187 0.5140099 0.6281443 0.5171501 0.6114903 0.5175948 0.6281548 0.5123464 0.5961695 0.5171501 0.6114903 0.5133943 0.6114793 0.514088 0.6894567 0.5176503 0.7069157 0.5088834 0.7069048 0.5166636 0.6675107 0.5203009 0.6894644 0.514088 0.6894567 0.5177916 0.6478291 0.5216094 0.6675168 0.5166636 0.6675107 0.5177916 0.6478291 0.5220748 0.6281604 0.52218 0.6478345 0.5171501 0.6114903 0.5220748 0.6281604 0.5175948 0.6281548 0.5163952 0.5961814 0.5218439 0.6114962 0.5171501 0.6114903 0.5176503 0.7069157 0.5271472 0.6894644 0.5273108 0.7069157 0.5216094 0.6675168 0.5271472 0.6894644 0.5203009 0.6894644 0.52218 0.6478345 0.5270595 0.6675168 0.5216094 0.6675168 0.5220748 0.6281604 0.5270159 0.6478345 0.52218 0.6478345 0.5218439 0.6114962 0.5270115 0.6281604 0.5220748 0.6281604 0.521455 0.5961877 0.5270161 0.6114962 0.5218439 0.6114962 0.5271472 0.6894644 0.5369191 0.7069048 0.5273108 0.7069157 0.5270595 0.6675168 0.5339568 0.6894567 0.5271472 0.6894644 0.5270159 0.6478345 0.5324802 0.6675107 0.5270595 0.6675168 0.5270115 0.6281604 0.5318257 0.6478291 0.5270159 0.6478345 0.5270161 0.6114962 0.5319217 0.6281548 0.5270115 0.6281604 0.5270161 0.6114962 0.5325762 0.5961814 0.5321605 0.6114903 0.5369191 0.7069048 0.5400628 0.689442 0.545535 0.7068842 0.5324802 0.6675107 0.5400628 0.689442 0.5339568 0.6894567 0.5318257 0.6478291 0.5373411 0.667499 0.5324802 0.6675107 0.5319217 0.6281548 0.5361386 0.6478187 0.5318257 0.6478291 0.5321605 0.6114903 0.5363247 0.6281443 0.5319217 0.6281548 0.5325762 0.5961814 0.5367735 0.6114793 0.5321605 0.6114903 0.6882424 0.09328669 0.6878837 0.1108241 0.6809482 0.1107679 0.6918417 0.07132482 0.6931574 0.0933265 0.6882424 0.09328669 0.6934104 0.05163663 0.6957544 0.07135653 0.6918417 0.07132482 0.6931187 0.03196442 0.6968821 0.05166476 0.6934104 0.05163663 0.6924815 0.01530349 0.6966629 0.03199315 0.6931187 0.03196442 0.6914097 0 0.6961948 0.01533359 0.6924815 0.01530349 0.6931574 0.0933265 0.6966 0.1108537 0.6878837 0.1108241 0.6931574 0.0933265 0.7006719 0.07137322 0.6993346 0.09334743 0.6968821 0.05166476 0.7006719 0.07137322 0.6957544 0.07135653 0.6966629 0.03199315 0.7012453 0.05167955 0.6968821 0.05166476 0.6961948 0.01533359 0.7011171 0.03200829 0.6966629 0.03199315 0.6954125 3.24837e-5 0.7008615 0.01534938 0.6961948 0.01533359 0.6993346 0.09334743 0.7062438 0.1108536 0.6966 0.1108537 0.6993346 0.09334743 0.7061126 0.07137322 0.7061693 0.09334743 0.7012453 0.05167955 0.7061126 0.07137322 0.7006719 0.07137322 0.7012453 0.05167955 0.7060455 0.03200829 0.7060728 0.05167955 0.7008615 0.01534938 0.7060455 0.03200829 0.7011171 0.03200829 0.7004431 4.95396e-5 0.7060249 0.01534938 0.7008615 0.01534938 0.7062438 0.1108536 0.7129922 0.0933265 0.7158713 0.1108241 0.7061126 0.07137322 0.7129922 0.0933265 0.7061693 0.09334743 0.7060728 0.05167955 0.7115441 0.07135653 0.7061126 0.07137322 0.7060728 0.05167955 0.7109653 0.03199315 0.7108922 0.05166476 0.7060249 0.01534938 0.7109653 0.03199315 0.7060455 0.03200829 0.7060092 4.95377e-5 0.7111794 0.01533359 0.7060249 0.01534938 0.7129922 0.0933265 0.72454 0.1107679 0.7158713 0.1108241 0.7115441 0.07135653 0.7191357 0.09328669 0.7129922 0.0933265 0.7108922 0.05166476 0.7164347 0.07132482 0.7115441 0.07135653 0.7108922 0.05166476 0.7153953 0.03196442 0.7152315 0.05163663 0.7111794 0.01533359 0.7153953 0.03196442 0.7109653 0.03199315 0.7115657 3.24838e-5 0.7158207 0.01530349 0.7111794 0.01533359 0.6674381 0.7170703 0.6670617 0.7344163 0.660113 0.7344506 0.6710844 0.6951581 0.6723626 0.7170459 0.6674381 0.7170703 0.6726975 0.6754915 0.6750046 0.6951388 0.6710844 0.6951581 0.6724529 0.655815 0.6761759 0.6754743 0.6726975 0.6754915 0.6718561 0.6391451 0.6760039 0.6557975 0.6724529 0.655815 0.6718561 0.6391451 0.6748326 0.6238067 0.6755765 0.6391267 0.6723626 0.7170459 0.6757864 0.7343982 0.6670617 0.7344163 0.6723626 0.7170459 0.6799268 0.6951285 0.6785458 0.7170332 0.6750046 0.6951388 0.6805433 0.6754652 0.6799268 0.6951285 0.6760039 0.6557975 0.6805433 0.6754652 0.6761759 0.6754743 0.6755765 0.6391267 0.6804624 0.6557882 0.6760039 0.6557975 0.6755765 0.6391267 0.6798681 0.6237964 0.6802477 0.639117 0.6757864 0.7343982 0.6853824 0.7170332 0.6854333 0.7343981 0.6799268 0.6951285 0.6853824 0.7170332 0.6785458 0.7170332 0.6805433 0.6754652 0.6853691 0.6951285 0.6799268 0.6951285 0.6804624 0.6557882 0.6853722 0.6754652 0.6805433 0.6754652 0.6802477 0.639117 0.6853922 0.6557882 0.6804624 0.6557882 0.6798681 0.6237964 0.6854126 0.639117 0.6802477 0.639117 0.6853824 0.7170332 0.6950575 0.7344163 0.6854333 0.7343981 0.6853691 0.6951285 0.6922032 0.7170459 0.6853824 0.7170332 0.6853722 0.6754652 0.6907988 0.6951388 0.6853691 0.6951285 0.6853922 0.6557882 0.69019 0.6754743 0.6853722 0.6754652 0.6854126 0.639117 0.6903105 0.6557975 0.6853922 0.6557882 0.6854358 0.6237964 0.6905656 0.6391267 0.6854126 0.639117 0.6950575 0.7344163 0.6983405 0.7170703 0.7037176 0.7344506 0.6907988 0.6951388 0.6983405 0.7170703 0.6922032 0.7170459 0.69019 0.6754743 0.6956845 0.6951581 0.6907988 0.6951388 0.69019 0.6754743 0.6947361 0.655815 0.694525 0.6754915 0.6905656 0.6391267 0.6947361 0.655815 0.6903105 0.6557975 0.6909906 0.6238068 0.6952022 0.6391451 0.6905656 0.6391267 0.6661102 0.5724977 0.678382 0.5550976 0.6730527 0.5726541 0.6771379 0.5330125 0.678382 0.5550976 0.6734619 0.5549868 0.6787767 0.5133205 0.6810546 0.5331007 0.6771379 0.5330125 0.6785564 0.4936527 0.6822519 0.5133987 0.6787767 0.5133205 0.6779801 0.4769973 0.6821042 0.4937326 0.6785564 0.4936527 0.6769644 0.461701 0.6816971 0.477081 0.6779801 0.4769973 0.678382 0.5550976 0.6817735 0.5727631 0.6730527 0.5726541 0.6810546 0.5331007 0.6845624 0.5551749 0.678382 0.5550976 0.6822519 0.5133987 0.6859746 0.5331622 0.6810546 0.5331007 0.6821042 0.4937326 0.6866173 0.5134533 0.6822519 0.5133987 0.6821042 0.4937326 0.6863662 0.4771394 0.6865608 0.4937883 0.6809714 0.4617913 0.6863662 0.4771394 0.6816971 0.477081 0.6817735 0.5727631 0.691398 0.555211 0.691419 0.5728149 0.6859746 0.5331622 0.691398 0.555211 0.6845624 0.5551749 0.6866173 0.5134533 0.6914161 0.5331909 0.6859746 0.5331622 0.6865608 0.4937883 0.6914456 0.5134788 0.6866173 0.5134533 0.6863662 0.4771394 0.6914898 0.4938144 0.6865608 0.4937883 0.6860046 0.4618542 0.6915304 0.4771667 0.6863662 0.4771394 0.2979252 0.8456265 0.2993323 0.8544037 0.2979252 0.8553447 0.7026252 0.7522025 0.7075623 0.7594886 0.7063347 0.760327 0.5409262 0.8966839 0.5350468 0.8821942 0.5377806 0.8768422 0.5350522 0.9014341 0.5409262 0.8966839 0.5358978 0.9030367 0.5358978 0.9030367 0.5306267 0.9101262 0.5350522 0.9014341 0.7747775 0.1034543 0.7756299 0.1018607 0.7800522 0.1105569 0.7697179 0.09705126 0.7756299 0.1018607 0.7747775 0.1034543 0.9772159 0.4568441 0.9785122 0.4480917 0.9785122 0.4578542 0.7083655 0.5777956 0.7010446 0.5728019 0.7097088 0.5727278 0.5103253 0.711873 0.5018686 0.7068842 0.5088834 0.7069048 0.7497904 0.1624752 0.7448388 0.1551452 0.7460811 0.1543512 0.950624 0.6229966 0.9520096 0.6218826 0.9520096 0.6315984 0.6647074 0.453117 0.6661206 0.4443408 0.6661206 0.454059 0.7448388 0.1358706 0.7497905 0.1285481 0.7460811 0.1366716 0.7756354 0.08260679 0.7697179 0.09705126 0.7728658 0.07719987 0.6716935 0.9826642 0.6703996 0.983689 0.6703996 0.9739242 0.6744444 0.5777275 0.6817735 0.5727631 0.6825746 0.574034 0.6601131 0.5774047 0.6730527 0.5726541 0.6744444 0.5777275 0.9478665 0.3533157 0.9434028 0.3587278 0.9434028 0.3490011 0.1178342 0.9653931 0.1164556 0.9739961 0.1164556 0.9642755 0.7502629 0.4370244 0.7440087 0.4416571 0.7440087 0.4380156 0.7502629 0.4426566 0.7428888 0.4451197 0.7440087 0.4416571 0.7485309 0.4480121 0.7407587 0.4480643 0.7428888 0.4451197 0.7452362 0.4525665 0.7378268 0.4502028 0.7407587 0.4480643 0.7407016 0.455874 0.7343801 0.4513258 0.7378268 0.4502028 0.7353707 0.4576109 0.7307561 0.4513234 0.7343801 0.4513258 0.7244347 0.4558631 0.7307561 0.4513234 0.7297655 0.4576072 0.7199 0.4525496 0.7273094 0.4501958 0.7244347 0.4558631 0.7199 0.4525496 0.7222474 0.4451059 0.7243775 0.4480534 0.7166054 0.4479908 0.7211275 0.4416418 0.7222474 0.4451059 0.7148733 0.442633 0.7211275 0.4380003 0.7211275 0.4416418 0.7148733 0.4370008 0.7222474 0.4345377 0.7211275 0.4380003 0.7199 0.4270909 0.7222474 0.4345377 0.7166053 0.4316453 0.7244346 0.4237834 0.7243775 0.4315931 0.7199 0.4270909 0.7244346 0.4237834 0.7307561 0.4283316 0.7273094 0.4294546 0.7353706 0.4220502 0.7307561 0.4283316 0.7297655 0.4220464 0.7407015 0.4237942 0.7343801 0.428334 0.7353706 0.4220502 0.7407015 0.4237942 0.7407587 0.431604 0.7378268 0.4294616 0.7485308 0.4316666 0.7407587 0.431604 0.7452362 0.4271079 0.7502629 0.4370244 0.7428888 0.4345515 0.7485308 0.4316666 0.8528436 0.05156213 0.8564159 0.05118006 0.865808 0.1397939 0.8496283 0.05191713 0.8528436 0.05156213 0.865808 0.1397939 0.7751746 0.7810305 0.7777675 0.7810177 0.7683245 0.8699687 0.7719188 0.7810372 0.7751746 0.7810305 0.7683245 0.8699687 0.7683191 0.7810372 0.7719188 0.7810372 0.7683245 0.8699687 0.7647276 0.7810305 0.7683191 0.7810372 0.7683245 0.8699687 0.761496 0.7810177 0.7647276 0.7810305 0.7683245 0.8699687 0.8624483 0.6977824 0.8650273 0.698035 0.8488103 0.7861714 0.8592063 0.6974976 0.8624483 0.6977824 0.8488103 0.7861714 0.8556185 0.6972085 0.8592063 0.6974976 0.8488103 0.7861714 0.8520363 0.6969434 0.8556185 0.6972085 0.8488103 0.7861714 0.8488103 0.6967283 0.8520363 0.6969434 0.8488103 0.7861714 0.2957634 0.7529233 0.2983679 0.7526602 0.2983679 0.8421708 0.2925091 0.7532576 0.2957634 0.7529233 0.2983679 0.8421708 0.2889235 0.7536303 0.2925091 0.7532576 0.2983679 0.8421708 0.2853576 0.7540052 0.2889235 0.7536303 0.2983679 0.8421708 0.2821605 0.7543453 0.2853576 0.7540052 0.2983679 0.8421708 0.8632317 0.05048334 0.865808 0.05023688 0.865808 0.1397939 0.8599953 0.05080831 0.8632317 0.05048334 0.865808 0.1397939 0.8564159 0.05118006 0.8599953 0.05080831 0.865808 0.1397939 0.7614961 0.9434208 0.7682313 0.9623629 0.7615189 0.9623706 0.9588717 0.6652368 0.9521067 0.6463062 0.9588183 0.6462869 0.7615014 0.9376717 0.7682085 0.943413 0.7614961 0.9434208 0.9588183 0.6462869 0.9521192 0.640573 0.9588307 0.6405537 0.7615189 0.9326207 0.7682138 0.937664 0.7615014 0.9376717 0.9588307 0.6405537 0.9521601 0.6355524 0.9588717 0.6355331 0.7381164 0.9524449 0.7454617 0.9569739 0.7388769 0.9569783 0.7388769 0.9252142 0.7447012 0.9297176 0.7381164 0.9297219 0.737634 0.9469958 0.7447012 0.9524406 0.7381164 0.9524449 0.7381164 0.9297219 0.7442187 0.9351505 0.737634 0.9351547 0.7374687 0.9410725 0.7442187 0.9469915 0.737634 0.9469958 0.737634 0.9351547 0.7440534 0.9410682 0.7374687 0.9410725 0.589102 0.1564028 0.5846866 0.1504817 0.5882512 0.1504822 0.589102 0.1445619 0.5846866 0.1504817 0.585788 0.1428181 0.5915855 0.161844 0.585788 0.1581457 0.589102 0.1564028 0.5915855 0.1391214 0.585788 0.1428181 0.5890028 0.1357755 0.5955005 0.166365 0.5890028 0.1651892 0.5915855 0.161844 0.5955005 0.1346014 0.5890028 0.1357755 0.5940706 0.1299246 0.6005299 0.1695994 0.5940706 0.1710414 0.5955005 0.166365 0.6005299 0.1313683 0.5940706 0.1299246 0.6005811 0.1257395 0.6062662 0.1712854 0.6005811 0.1752283 0.6005299 0.1695994 0.6062662 0.1296839 0.6005811 0.1257395 0.6080064 0.123559 0.6252067 0.1712879 0.6080064 0.1774107 0.6062662 0.1712854 0.6252067 0.1296864 0.6080064 0.123559 0.625345 0.1235613 0.1820833 0.8240271 0.1897487 0.7757857 0.1897487 0.8238182 0.1897487 0.8238182 0.1974065 0.7760048 0.1974066 0.8240373 0.1750314 0.8246472 0.1820833 0.7759947 0.1820833 0.8240271 0.1974066 0.8240373 0.2044367 0.7766342 0.2044367 0.8246666 0.1750314 0.8246472 0.1691642 0.7775956 0.1750314 0.7766147 0.2044367 0.8246666 0.2102693 0.7776228 0.2102693 0.8256553 0.5271721 0.838272 0.5206356 0.7892782 0.5271721 0.7893084 0.6913084 0.8039177 0.6848744 0.8528121 0.6848114 0.8038544 0.5131958 0.8382262 0.5206356 0.7892782 0.5206356 0.8382418 0.6848114 0.8038544 0.6774552 0.852784 0.6773923 0.8038263 0.4959168 0.8382269 0.5131958 0.7892626 0.5131958 0.8382262 0.660113 0.8038475 0.6774552 0.852784 0.660113 0.8528054 0.6693266 0.129685 0.6521235 0.123559 0.669402 0.1235599 0.6693266 0.1712868 0.6521235 0.177411 0.6503831 0.1712858 0.6503831 0.129684 0.6446969 0.1257401 0.6521235 0.123559 0.6503831 0.1712858 0.6446969 0.1752292 0.6446458 0.1696003 0.6446458 0.1313689 0.6381854 0.1299258 0.6446969 0.1257401 0.6446458 0.1696003 0.6381854 0.1710428 0.6396155 0.1663662 0.6396155 0.1346024 0.6331167 0.1357771 0.6381854 0.1299258 0.6396155 0.1663662 0.6331167 0.1651909 0.6356999 0.1618456 0.6356999 0.1391227 0.6299014 0.14282 0.6331167 0.1357771 0.6356999 0.1618456 0.6299014 0.1581477 0.6332159 0.1564045 0.6332159 0.1445636 0.6287998 0.1504838 0.6299014 0.14282 0.6332159 0.1564045 0.6287998 0.1504838 0.6323649 0.150484 0.7327709 0.9469914 0.7260056 0.9410725 0.7326056 0.9410681 0.7326056 0.9410681 0.7261709 0.9351547 0.7327709 0.9351503 0.7332534 0.9524405 0.7261709 0.9469957 0.7327709 0.9469914 0.7327709 0.9351503 0.7266533 0.9297218 0.7332534 0.9297175 0.7332534 0.9524405 0.7274139 0.9569783 0.7266533 0.9524449 0.7332534 0.9297175 0.7274139 0.9252141 0.7340139 0.9252098 0.9588574 0.7529847 0.952112 0.7580435 0.9521295 0.7529924 0.8768509 0.6621976 0.8835371 0.6671988 0.87681 0.6672182 0.9588346 0.7637847 0.952112 0.7580435 0.95884 0.7580357 0.87681 0.6672182 0.8835246 0.672932 0.8767975 0.6729514 0.9588574 0.7827345 0.9521067 0.7637926 0.9588346 0.7637847 0.8767975 0.6729514 0.883578 0.691882 0.8768509 0.6919013 0.6970759 0.7691683 0.6962249 0.7750888 0.6962249 0.7632479 0.6962249 0.7750888 0.6937408 0.7578071 0.6962249 0.7632479 0.6937408 0.7578071 0.6898251 0.7850503 0.689825 0.753287 0.6898251 0.7850503 0.6847946 0.7500534 0.689825 0.753287 0.6847946 0.7882843 0.6790573 0.7483685 0.6847946 0.7500534 0.6790573 0.7899697 0.6601131 0.7483693 0.6790573 0.7483685 0.7553399 0.145512 0.756191 0.1395923 0.756191 0.1514317 0.758675 0.1341522 0.756191 0.1514317 0.756191 0.1395923 0.758675 0.1341522 0.7625908 0.1613922 0.758675 0.1568721 0.7676213 0.1263995 0.7625908 0.1613922 0.7625909 0.1296326 0.7733588 0.1247149 0.7676213 0.164626 0.7676213 0.1263995 0.7923032 0.1247161 0.7733588 0.1663113 0.7733588 0.1247149 0.5261197 0.4462493 0.6118384 0.3600522 0.6118384 0.446184 0.9013551 0.7634344 0.9059358 0.6773126 0.9059358 0.7634347 0.900915 0.2865027 0.9054956 0.2003697 0.9054956 0.2865031 0.9008688 0.05023705 0.9054496 0.1363691 0.9008688 0.1363694 0.9054948 0.3760921 0.900915 0.2899588 0.9054948 0.2899594 0.2821605 0.8527712 0.2944706 0.858534 0.2821605 0.8585357 0.2896996 0.8456271 0.2944706 0.8456265 0.2896996 0.8513916 0.6028562 0.4497053 0.60862 0.4565483 0.6028562 0.4565485 0.4169778 0.1743083 0.4101685 0.1819636 0.4101685 0.174432 0.6118984 0.8654583 0.6176623 0.8723012 0.6118984 0.8723015 0.02512943 0.9358533 0.01936578 0.9475015 0.01936578 0.935853 0.03227162 0.9283122 0.03227162 0.9475022 0.02650797 0.9283119 0.8939068 0.6670221 0.8986777 0.6738381 0.8870328 0.6738292 0.8870328 0.6621783 0.8939068 0.6670221 0.8870328 0.6738292 0.6612528 0.4572514 0.6488547 0.4572508 0.6612528 0.4514859 0.6537137 0.4501066 0.6488547 0.4443408 0.6537137 0.444341 0.5651121 0.456582 0.5593494 0.449705 0.5651121 0.4497058 0.4273065 0.1743238 0.4204324 0.1816846 0.4204324 0.1743083 0.5558949 0.456582 0.5501321 0.4497051 0.5558949 0.4497058 0.1936464 0.9394397 0.1936464 0.9277375 0.1994103 0.9394401 0.2007889 0.9469807 0.2065528 0.9277383 0.2065528 0.946981 0.02650797 0.9283119 0.03227162 0.9475022 0.02512943 0.9358533 0.03227162 0.9475022 0.01936578 0.9475015 0.02512943 0.9358533 0.1994103 0.9394401 0.1936464 0.9277375 0.2065528 0.9277383 0.1994103 0.9394401 0.2065528 0.9277383 0.2007889 0.9469807 0.6612528 0.4514859 0.6488547 0.4572508 0.6537137 0.4501066 0.6488547 0.4572508 0.6488547 0.4443408 0.6537137 0.4501066 0.2896996 0.8513916 0.2944706 0.8456265 0.2944706 0.858534 0.2896996 0.8513916 0.2944706 0.858534 0.2821605 0.8527712 0.2705916 0.9470498 0.2576852 0.947049 0.2634491 0.9353793 0.2648277 0.9278389 0.2705916 0.9470498 0.2634491 0.9353793 0.1763066 0.9352927 0.1691642 0.9469644 0.174928 0.9277514 0.1763066 0.9352927 0.1820704 0.9469639 0.1691642 0.9469644 0.174928 0.9277514 0.1691642 0.9469644 0.1691642 0.9277517 0.1820704 0.9352924 0.1820704 0.9469639 0.1763066 0.9352927 0.5835489 0.4565663 0.5777852 0.449705 0.5835489 0.4497053 0.399855 0.1819515 0.4067139 0.1743083 0.4067139 0.1819468 0.5743305 0.4565663 0.5685669 0.449705 0.5743305 0.4497053 0.2634491 0.9353793 0.2576852 0.947049 0.2576852 0.935379 0.2705916 0.9278392 0.2705916 0.9470498 0.2648277 0.9278389 0.5622293 0.9862322 0.5553705 0.9746081 0.5622293 0.9746133 0.7777925 0.363236 0.7591224 0.4185841 0.7591225 0.363237 0.2787057 0.7704163 0.2600381 0.8257669 0.2600381 0.7704175 0.8441641 0.3632066 0.8254942 0.4185471 0.8254942 0.3632091 0.7556676 0.363242 0.7369978 0.41859 0.7369978 0.3632412 0.833172 0.6378856 0.8145021 0.693226 0.8145021 0.637888 0.650029 0.7620819 0.6313614 0.8174324 0.6313614 0.7620831 0.7668004 0.637915 0.7481303 0.693263 0.7481303 0.6379159 0.7335431 0.363242 0.7148733 0.41859 0.7148733 0.3632412 0.7889251 0.637915 0.7702551 0.693263 0.7702551 0.6379159 0.8110475 0.6379221 0.7923799 0.6932726 0.7923799 0.6379232 0.8662889 0.3632066 0.847619 0.4185471 0.8476189 0.3632091 0.161436 0.6103778 0.1427661 0.6657257 0.1427661 0.610377 0.7446755 0.6379209 0.7260057 0.6932688 0.7260057 0.6379201 0.8552967 0.6378856 0.8366268 0.693226 0.8366268 0.6378881 0.8220396 0.3632432 0.8033719 0.4185937 0.8033719 0.3632443 0.7999172 0.363236 0.7812472 0.4185841 0.7812472 0.363237 0.3389709 0.5469253 0.3748253 0.546758 0.3464255 0.5658466 0.3748253 0.546758 0.3802644 0.5658724 0.3464255 0.5658466 0.4038952 0.6091444 0.4072481 0.5783354 0.4106469 0.5846566 0.4038952 0.6091444 0.4106469 0.5846566 0.4106636 0.6221347 0.4005194 0.6402267 0.4038952 0.6091444 0.4106636 0.6221347 0.4005194 0.6402267 0.4106636 0.6221347 0.4106697 0.6597386 0.3836402 0.5840627 0.3802644 0.5658724 0.4072481 0.5783354 0.3802644 0.5658724 0.410647 0.5469799 0.4072481 0.5783354 0.3870161 0.602253 0.3836402 0.5840627 0.4072481 0.5783354 0.3870161 0.602253 0.4072481 0.5783354 0.4038952 0.6091444 0.3903919 0.6204434 0.3870161 0.602253 0.4038952 0.6091444 0.3903919 0.6204434 0.4038952 0.6091444 0.4005194 0.6402267 0.3485888 0.6468105 0.3796191 0.6533945 0.3748089 0.6599828 0.3485888 0.6468105 0.3748089 0.6599828 0.3389876 0.6597559 0.3175637 0.6401634 0.3485888 0.6468105 0.3389876 0.6597559 0.3175637 0.6401634 0.3389876 0.6597559 0.3031328 0.6599281 0.3900693 0.6468107 0.3695102 0.6333907 0.3903919 0.6204434 0.3900693 0.6468107 0.3903919 0.6204434 0.4005194 0.6402267 0.3900693 0.6468107 0.3796191 0.6533945 0.3695102 0.6333907 0.3796191 0.6533945 0.3485888 0.6468105 0.3695102 0.6333907 0.3319866 0.6204935 0.3695102 0.6333907 0.3485888 0.6468105 0.3319866 0.6204935 0.3485888 0.6468105 0.3175637 0.6401634 0.3802644 0.60066 0.3903919 0.6204434 0.3695102 0.6333907 0.3802644 0.60066 0.3695102 0.6333907 0.3319866 0.6204935 0.4106697 0.6597386 0.3796191 0.6533945 0.3900693 0.6468107 0.4106697 0.6597386 0.3900693 0.6468107 0.4005194 0.6402267 0.3103482 0.6312074 0.3175907 0.6021663 0.3319866 0.6204935 0.3103482 0.6312074 0.3319866 0.6204935 0.3175637 0.6401634 0.3103482 0.6312074 0.3031539 0.6219993 0.3175907 0.6021663 0.3031539 0.6219993 0.3031328 0.5845746 0.3175907 0.6021663 0.3464255 0.5658466 0.3175907 0.6021663 0.3031328 0.5845746 0.3464255 0.5658466 0.3031328 0.5845746 0.3031437 0.5467683 0.3464255 0.6006342 0.3319866 0.6204935 0.3175907 0.6021663 0.3464255 0.6006342 0.3175907 0.6021663 0.3464255 0.5658466 0.3031328 0.6599281 0.3031539 0.6219993 0.3175637 0.6401634 0.322175 0.892785 0.3234869 0.9020032 0.322175 0.9108449 0.9767364 0.7095733 0.9720184 0.7143875 0.9720184 0.7095766 0.3576272 0.9912718 0.362415 0.9960789 0.3576272 0.9960826 0.9434028 0.2927387 0.9482117 0.3455451 0.9434028 0.3455454 0.9415744 0.7419865 0.9463838 0.7947908 0.9415744 0.7947911 0.9384184 0.8144627 0.9432278 0.867269 0.9384184 0.8672689 0.9483167 0.3814343 0.9531261 0.4342294 0.9483167 0.4342301 0.9410441 0.8801579 0.9458534 0.9329636 0.9410441 0.9329639 0.9593417 0.5131349 0.9641503 0.561113 0.9593417 0.5610752 0.9488573 0.6184156 0.9536668 0.565621 0.9536668 0.6184159 0.825867 0.9164188 0.8306764 0.9643938 0.825867 0.9644099 0.9924213 0.6913291 0.9967639 0.6867365 0.9967639 0.6915257 0.9915636 0.8711076 0.9959155 0.8762247 0.9915636 0.875827 0.7716858 0.9919303 0.7760364 0.9962512 0.7716858 0.9966496 0.9922935 0.8448766 0.9966534 0.8398943 0.9966534 0.8446835 0.9633814 0.5656207 0.9681908 0.6131933 0.9633814 0.6131764 0.5193303 0.9527943 0.5241394 0.8999928 0.5241394 0.9527931 0.9620115 0.02224737 0.9668202 0.06981891 0.9620115 0.06985819 0.9417329 0.2003695 0.9465423 0.2531733 0.9417328 0.2531733 0.9700064 0.7193955 0.9728038 0.7762748 0.9700064 0.7762726 0.3885155 0.971014 0.385718 0.9138863 0.3885155 0.9138864 0.9728811 0.2564193 0.9700835 0.2003694 0.9728811 0.2003713 0.968634 0.937292 0.9658365 0.8801577 0.968634 0.8801575 0.7912229 0.1830904 0.7884256 0.1802921 0.7912225 0.1802921 0.7759217 0.1802923 0.7787191 0.1830904 0.7759217 0.1830905 0.9471276 0.1864882 0.9519366 0.1336867 0.9519366 0.186487 0.9628407 0.4290838 0.9676494 0.3814337 0.9676494 0.4290445 0.946737 0.1030407 0.9419275 0.05023694 0.9467371 0.05023688 0.9633139 0.3402941 0.9681233 0.2927553 0.9681233 0.340311 0.6724601 0.9967727 0.6681002 0.9921767 0.6724601 0.9919835 0.9833415 0.9917391 0.9876921 0.9960601 0.9833415 0.9964584 0.9954987 0.9903579 0.9911467 0.9946795 0.9911467 0.9899601 0.6466585 0.9977517 0.642316 0.9927659 0.6466585 0.9929625 0.4064399 0.9634102 0.4112492 0.9154031 0.4112492 0.9633941 0.9454026 0.6184266 0.9405933 0.5656209 0.9454026 0.5656206 0.9593417 0.5096412 0.9641503 0.4617388 0.9641503 0.5096791 0.9493081 0.9329525 0.9541176 0.8801578 0.9541176 0.9329528 0.6338275 0.1822703 0.6326872 0.1834339 0.6326872 0.182271 0.8254786 0.06049925 0.8284521 0.1104387 0.8272905 0.110481 0.991492 0.4616537 0.9926643 0.5116658 0.9915018 0.5116661 0.1358756 0.8564162 0.1388495 0.9063553 0.1376879 0.9063974 0.08804482 0.9409067 0.08921903 0.9909105 0.08805656 0.9909109 0.08804482 0.9409067 0.08921903 0.9362638 0.08920735 0.9409063 0.8254786 0.06049925 0.8284521 0.05570369 0.8266401 0.06045705 0.8284521 0.05570369 0.823327 0.0558899 0.8255649 0.04711413 0.08921903 0.9362638 0.08805656 0.9362642 0.08861929 0.9275262 0.1388495 0.851621 0.1337238 0.8518068 0.1359678 0.8430367 0.9926643 0.4569883 0.9915018 0.4569886 0.9920675 0.4482774 0.991492 0.4616537 0.9926643 0.4569883 0.9926545 0.4616534 0.1358756 0.8564162 0.1388495 0.851621 0.1370372 0.8563742 0.9332598 0.1466994 0.93029 0.1419657 0.9354086 0.1422012 0.9887925 0.7998189 0.9876766 0.7952347 0.9888387 0.7952322 0.9888387 0.7952322 0.9876766 0.7952347 0.9881842 0.7864365 0.9354086 0.1422012 0.93029 0.1419657 0.9331328 0.1336867 0.9880421 0.3900757 0.9868801 0.3900763 0.9873733 0.3814337 0.924486 0.3012523 0.9193649 0.3014773 0.921586 0.2927384 0.9226753 0.3059305 0.9193649 0.3014773 0.924486 0.3012523 0.9868248 0.3947935 0.9880421 0.3900757 0.9879868 0.3947928 0.9868801 0.4448013 0.9879868 0.3947928 0.9880421 0.4448006 0.9320997 0.146646 0.9314501 0.1956983 0.93029 0.195645 0.9876303 0.7998214 0.9888387 0.8497792 0.9876766 0.8497816 0.9215147 0.3059815 0.924486 0.3549497 0.9233254 0.3550007 0.6004924 0.1822702 0.6016315 0.1834557 0.6004925 0.1834152 0.5970377 0.1834086 0.5959033 0.1823221 0.5970377 0.1822703 0.9158525 0.8042164 0.9188253 0.7552309 0.9170138 0.804264 0.8675714 0.940138 0.868695 0.9901533 0.8675328 0.9901524 0.914965 0.9338353 0.9143145 0.8847819 0.9161265 0.9337899 0.9891784 0.1101877 0.9903111 0.1601753 0.9891488 0.160174 0.9891784 0.1101877 0.9903112 0.1055743 0.9903407 0.110189 0.9176641 0.7551832 0.9209763 0.7507197 0.9188253 0.7552309 0.9209763 0.7507197 0.9158525 0.7505093 0.9187454 0.7419862 0.9903112 0.1055743 0.9891488 0.1055729 0.989777 0.09680521 0.9161265 0.880114 0.9110015 0.880315 0.91326 0.8718165 0.868695 0.9354467 0.8675328 0.9354459 0.8681752 0.9267696 0.8687336 0.9401388 0.8675328 0.9354459 0.868695 0.9354467 0.9143145 0.8847819 0.9110015 0.880315 0.9161265 0.880114 0.6050862 0.1822703 0.6062254 0.1834558 0.6050863 0.1834152 0.9219548 0.6819549 0.9249261 0.7309232 0.9237655 0.7309741 0.9876435 0.1971315 0.988852 0.2470893 0.9876898 0.2470917 0.9332889 0.394393 0.9326393 0.4434453 0.9314792 0.4433919 0.9868753 0.5116449 0.987982 0.4616365 0.9880373 0.5116443 0.9868201 0.4616371 0.9880373 0.4569193 0.987982 0.4616365 0.9219548 0.6819549 0.9249261 0.6772257 0.9231154 0.6819039 0.9249261 0.6772257 0.919805 0.6774508 0.9220261 0.6687119 0.9880373 0.4569193 0.9868753 0.4569199 0.9873686 0.4482773 0.9365977 0.3899481 0.9314792 0.3897126 0.934322 0.3814337 0.988852 0.1925423 0.9876897 0.1925448 0.9881975 0.1837466 0.9888057 0.197129 0.9876897 0.1925448 0.988852 0.1925423 0.934449 0.3944464 0.9314792 0.3897126 0.9365977 0.3899481 0.9280903 0.06321191 0.9247773 0.05874234 0.9299022 0.05854117 0.4460129 0.9399702 0.4471353 0.9352797 0.4471752 0.939971 0.4471353 0.9352797 0.445973 0.9352788 0.4466174 0.9266017 0.9299022 0.05854117 0.9247773 0.05874234 0.9270361 0.05023682 0.9899699 0.5310602 0.9888076 0.5310588 0.9894379 0.5222919 0.9182049 0.4704379 0.9130812 0.4702274 0.9159743 0.461701 0.9148927 0.474904 0.9182049 0.4704379 0.916054 0.4749518 0.9900009 0.5356757 0.9888076 0.5310588 0.9899699 0.5310602 0.9888386 0.5356743 0.9899699 0.5856626 0.9888076 0.5856612 0.9287407 0.1122953 0.9280903 0.06321191 0.9299022 0.1122497 0.4460129 0.9399702 0.4471352 0.9899856 0.445973 0.9899848 0.9130812 0.5239666 0.916054 0.4749518 0.9142424 0.5240144 0.6108146 0.1834093 0.6096801 0.1823213 0.6108146 0.1822703 0.6188855 0.1834188 0.6200267 0.1823047 0.6200267 0.1834533 0.9164785 0.394693 0.9194465 0.4437277 0.9182872 0.4437829 0.9847303 0.6637848 0.985814 0.6138828 0.9858917 0.6637796 0.09299135 0.9342117 0.09595727 0.8851968 0.09414988 0.9342693 0.9844469 0.1101436 0.9856942 0.160121 0.984533 0.1601209 0.9856081 0.1101437 0.984533 0.1053858 0.9856942 0.1053859 0.9164785 0.394693 0.9194465 0.3899458 0.9176379 0.3946378 0.9194465 0.3899458 0.9143311 0.3901893 0.9165377 0.3814337 0.9856942 0.1053859 0.984533 0.1053858 0.9849769 0.09680515 0.09810316 0.8806987 0.09299135 0.8804451 0.09581828 0.8721575 0.9858917 0.6093454 0.9847302 0.6093506 0.9851877 0.600506 0.9846526 0.613888 0.9858917 0.6093454 0.985814 0.6138828 0.09479874 0.8851394 0.09810316 0.8806987 0.09595727 0.8851968 0.5913042 0.1822702 0.5924486 0.1834509 0.5913042 0.1834164 0.9298688 0.8766357 0.9328249 0.8277064 0.9310235 0.8767018 0.9798469 0.3560729 0.9811982 0.3060843 0.9810026 0.3560734 0.7147222 0.9405032 0.7140763 0.8914587 0.7158756 0.9404348 0.9804875 0.8935328 0.9814605 0.9434646 0.980304 0.9434531 0.9816441 0.8935442 0.980304 0.8889775 0.9814605 0.888989 0.9316703 0.8276403 0.9349638 0.8232302 0.9328249 0.8277064 0.9349638 0.8232302 0.9298688 0.8229387 0.9327929 0.8144627 0.9814605 0.888989 0.980304 0.8889775 0.9811738 0.8801574 0.7158756 0.8867547 0.7107866 0.887057 0.7130882 0.8785124 0.9810027 0.3013386 0.9798469 0.3013381 0.9807353 0.2927384 0.9800425 0.3060837 0.9810027 0.3013386 0.9811982 0.3060843 0.7140763 0.8914587 0.7107866 0.887057 0.7158756 0.8867547 0.936664 0.06315767 0.933357 0.05873131 0.9384728 0.0584833 0.9833703 0.3948147 0.9821 0.3901623 0.9832605 0.3901661 0.9832605 0.3901661 0.9821 0.3901623 0.9828546 0.3814337 0.9384728 0.0584833 0.933357 0.05873131 0.9356371 0.05023682 0.423695 0.6724728 0.4225341 0.6724697 0.4232681 0.6637555 0.9295496 0.7507179 0.9244309 0.750481 0.9273351 0.7419862 0.9262407 0.7551535 0.9295496 0.7507179 0.9274008 0.7552072 0.4226309 0.677131 0.423695 0.6724728 0.4237917 0.677134 0.4225341 0.7271423 0.4237917 0.677134 0.423695 0.7271453 0.9355046 0.06321388 0.9384728 0.1120412 0.9373134 0.1120975 0.9822099 0.394811 0.9832604 0.4448216 0.9821 0.4448178 0.9262407 0.7551535 0.925591 0.8041161 0.9244309 0.8040624 0.6292326 0.1823163 0.6280977 0.1834136 0.6280977 0.1822703 0.586687 0.1822702 0.5878496 0.1834331 0.5866871 0.1834329 0.2194159 0.9414034 0.2223381 0.8927606 0.2205573 0.9414912 0.9774602 0.03556936 0.9783079 0.08558565 0.9771612 0.08558076 0.05524313 0.8924948 0.0581656 0.9414591 0.057024 0.9415405 0.06193739 0.892819 0.062765 0.9428396 0.06162035 0.9428304 0.06308197 0.8928282 0.06162035 0.8881519 0.06276488 0.8881611 0.2223381 0.8927606 0.2194159 0.8879589 0.2244524 0.8883461 0.2244524 0.8883461 0.2194159 0.8879589 0.2223514 0.8795655 0.06276488 0.8881611 0.06162035 0.8881519 0.06269603 0.8794483 0.0581656 0.8876805 0.0531286 0.8880402 0.05544549 0.8794483 0.9783079 0.03086829 0.9771612 0.03086334 0.9782093 0.02220803 0.9774602 0.03556936 0.9783079 0.03086829 0.9786068 0.03557425 0.05638468 0.8924133 0.0531286 0.8880402 0.0581656 0.8876805 0.9364867 0.2133749 0.9332113 0.2089663 0.9382782 0.2086473 0.8066892 0.9300027 0.8075751 0.9254772 0.8078393 0.9300202 0.8075751 0.9254772 0.8064249 0.9254598 0.8074195 0.9166325 0.9382782 0.2086473 0.9332113 0.2089663 0.9355216 0.2003694 0.9783644 0.3899231 0.9772159 0.3899289 0.9782361 0.3814337 0.04967385 0.8882226 0.04460549 0.8878836 0.04753768 0.8794484 0.0475462 0.8926682 0.04460549 0.8878836 0.04967385 0.8882226 0.9774969 0.3947372 0.9783644 0.3899231 0.9786453 0.3947314 0.9772159 0.4446359 0.9786453 0.3947314 0.9783644 0.4446302 0.9353383 0.2134472 0.9382782 0.2625344 0.9371299 0.2626067 0.8066892 0.9300027 0.8075751 0.9799205 0.8064249 0.9799031 0.0463975 0.8925913 0.04575419 0.9415321 0.04460549 0.9414553 0.6234823 0.1822702 0.6246421 0.1834329 0.6234815 0.183433 0.9553867 0.2861874 0.9582948 0.267746 0.9582948 0.2861759 0.4891186 0.895467 0.4920687 0.9138103 0.4891186 0.9138335 0.6728568 0.1828328 0.6757445 0.1799086 0.6757445 0.182868 0.9594191 0.9727988 0.9623817 0.9908123 0.9594191 0.990814 0.4884384 0.1773001 0.4913325 0.1743083 0.4913325 0.1772679 0.970044 0.4571664 0.9730049 0.4391694 0.9730049 0.4571875 0.9493082 0.9995232 0.9536782 0.9951474 0.9536782 0.9995543 0.9593859 0.4503076 0.9550194 0.456969 0.9550194 0.450259 0.2809886 0.9951755 0.2853611 0.9995793 0.2809886 0.9995818 0.9798505 0.5970503 0.9842165 0.5903017 0.9842165 0.5969972 0.9030628 0.0389232 0.9075536 0.04579818 0.9030628 0.04576295 0.9512247 0.1899656 0.9467184 0.1966903 0.9467184 0.1899479 0.9432636 0.1968636 0.9388633 0.1899479 0.9432636 0.1900083 0.234031 0.8874005 0.238532 0.8942521 0.234031 0.8942624 0.5515729 0.9938955 0.5472006 0.9874916 0.5515729 0.9874751 0.3183169 0.9999812 0.3225131 0.9956265 0.3225131 1 0.9841007 0.2585614 0.9884692 0.2522054 0.9884692 0.2586281 0.1568114 0.9999442 0.1610232 0.9955565 0.1610232 0.9999301 0.2823987 0.9917073 0.2853611 0.974492 0.2853611 0.9917172 0.5489897 0.7083803 0.5517597 0.711299 0.5489897 0.7113413 0.5239738 0.9755927 0.5269361 0.9927405 0.5239738 0.9927538 0.7448388 0.1832554 0.7476081 0.1803026 0.7476081 0.1832659 0.3540565 0.8927931 0.3510968 0.9111945 0.3510968 0.8927863 0.6452727 0.9712718 0.6423161 0.9893102 0.6423161 0.9713124 0.3576272 0.6634452 0.4086682 0.7442552 0.3576272 0.744262 0.953956 0.4617011 0.955887 0.5425345 0.953956 0.5425346 0.8488103 0.7896271 0.8647655 0.8704604 0.8488103 0.8704597 0.8587515 0.5459898 0.8745592 0.6268045 0.8587515 0.6268066 0.9567496 0.7864366 0.9549463 0.8672676 0.9549463 0.7864374 0.5506901 0.8735374 0.5487589 0.9543698 0.5487589 0.8735373 0.8684821 0.6967293 0.8841401 0.7775618 0.8684821 0.7775627 0.5306267 0.7892648 0.5466018 0.8700795 0.5306267 0.8700816 0.9499971 0.2003694 0.9519321 0.2812032 0.9499971 0.2811996 0.9501917 0.02220809 0.9521247 0.1030407 0.9501917 0.1030406 0.1427661 0.7927544 0.1586106 0.8735869 0.1427661 0.8735879 0.4656413 0.7819781 0.4816164 0.8628075 0.4656413 0.8628083 0.9540396 0.6687119 0.9521066 0.7495289 0.9521066 0.6687121 0.7260057 0.7775619 0.7769616 0.6967253 0.7769616 0.7775589 0.6152932 0.3600549 0.6663345 0.4408825 0.6152932 0.4408851 0.9535992 0.2927383 0.9516664 0.3735719 0.9516664 0.2927384 0.8682202 0.7896271 0.8839887 0.8704604 0.8682202 0.8704597 0.8587515 0.4617018 0.8745592 0.5425312 0.8587515 0.542532 0.5500566 0.7892629 0.5518603 0.8700795 0.5500566 0.8700797 0.3031328 0.6634385 0.3541725 0.7442733 0.3031328 0.7442711 0.4567407 0.1743083 0.4605283 0.182828 0.4558367 0.182828 0.4486045 0.1743083 0.4523819 0.1828333 0.4476897 0.1828333 0.4731876 0.1743083 0.4769676 0.1828192 0.4722754 0.1828192 0.4395427 0.182842 0.4433108 0.1743083 0.444235 0.182842 0.5876566 0.449705 0.5914745 0.4582395 0.5870037 0.4582395 0.9462717 0.5179616 0.9501616 0.5264722 0.9456921 0.5264722 0.5955535 0.4497051 0.5994015 0.4582305 0.5949292 0.4582305 0.9753025 0.8680438 0.9791634 0.8765637 0.974708 0.8765637 0.4815245 0.1743083 0.4849838 0.1828281 0.4804224 0.1828281 0.5352202 0.449705 0.5386722 0.4582303 0.5341239 0.4582303 0.5421269 0.4582158 0.5460229 0.449705 0.5466774 0.4582158 0.5271918 0.4497051 0.5306694 0.4582392 0.5261198 0.4582392 0.9918221 0.434813 0.9952765 0.4433503 0.9914969 0.4433503 0.04977738 0.9957368 0.05223149 0.9872273 0.05355423 0.9957368 0.6347091 0.9871057 0.6382339 0.9956326 0.6344515 0.9956326 0.05721366 0.9872274 0.06075847 0.9957479 0.05700892 0.9957479 0.4237974 0.3674414 0.3031328 0.4191389 0.3031328 0.3674575 0.1614359 0.3656189 0 0.4307022 0 0.3656287 0.6792162 0.2911293 0.67249 0.3561806 0.6726981 0.2911081 0.1044898 1.56594e-6 0.1695412 0.07419061 0.1044898 0.07418721 0.7113234 0.2912334 0.7054211 0.3562874 0.7056292 0.291215 0.6002828 0.2915266 0.5261197 0.3565965 0.5261197 0.2915365 0.1044898 0.07418721 0.1695412 0.08079355 0.1044898 0.08079016 0.1044898 0.08079016 0.1695412 0.2576379 0.1044898 0.2576346 0.2919937 0.5256664 0.1691642 0.5907339 0.1691642 0.5256612 0.7054211 0.3562874 0.6792162 0.2911293 0.7056292 0.291215 0.7832354 0.4326417 0.7537177 0.4537861 0.7537177 0.4326404 0.8883247 0.9303683 0.8989154 0.9303669 0.8989154 0.9515084 0.8883247 0.9409601 0.8883247 0.9303683 0.8989154 0.9515084 0.9340375 0.2872855 0.9446274 0.2766916 0.944628 0.2872855 0.7471396 0.8876398 0.747141 0.8982336 0.7260057 0.8982336 0.736551 0.8876398 0.7471396 0.8876398 0.7260057 0.8982336 0.7260648 0.877046 0.736551 0.8876398 0.7260057 0.8982336 0.0673545 0.607928 0.1277896 0.7153703 0.06735455 0.7153244 0.492399 0.5961695 0.4272521 0.7040546 0.4272521 0.5961722 0.6809482 0.1143174 0.741384 0.1794631 0.6809482 0.1794711 0.2919937 0.435238 0.299678 0.5256668 0.2919937 0.5256664 0.2919937 0.435238 0.299678 0.4211428 0.299678 0.4352383 0.2919937 0.5256664 0.299678 0.5907395 0.2919937 0.5907392 0.6103385 0.2915335 0.6690353 0.3565856 0.6103385 0.3565935 0.6103385 0.2011227 0.6690353 0.2915257 0.6103385 0.2915335 0.6103385 0.1870299 0.6690353 0.2011148 0.6103385 0.2011227 0.7212632 0.7342569 0.7071723 0.6237965 0.7212632 0.6237972 0.1301518 0.4928775 0.1378016 0.4408177 0.1378016 0.5512756 0.1301518 0.4341638 0.1378016 0.434158 0.1378016 0.4408177 0.601617 0.8764972 0.5873221 0.9119061 0.5873221 0.876498 0.6504922 0.8971126 0.655301 0.9499196 0.6504922 0.9499193 0.5784723 0.9095647 0.5832817 0.9578887 0.5784723 0.957875 0.1232659 0.771633 0.1280752 0.7188261 0.1280752 0.7716331 0.9618234 0.1225789 0.9666329 0.1702077 0.9618234 0.1702201 0.6173662 0.9967569 0.6218985 0.9919589 0.6218985 0.9967697 0.9999999 0.4613643 0.9961188 0.4565629 0.9999999 0.4565534 0.431914 0.9961389 0.4272521 0.9913241 0.431914 0.9913281 0.9212903 0.9999379 0.9254177 0.9951074 0.9254177 0.9999182 0.4858585 0.9189432 0.4906678 0.9668632 0.4858585 0.9668512 0.9400525 0.4342388 0.944862 0.3814339 0.944862 0.434239 0.9637543 0.6687274 0.9685637 0.7159242 0.9637543 0.7159398 0.9466825 0.8144634 0.9514915 0.8672668 0.9466825 0.8672676 0.9684684 0.7864387 0.9712533 0.8435707 0.9684684 0.8435728 0.9704019 0.5188362 0.9676049 0.461701 0.9704019 0.4617013 0.9700877 0.179704 0.9728319 0.1225665 0.9728319 0.1797022 0.9637542 0.7193955 0.9665516 0.7765308 0.9637542 0.7765306 0.4912359 0.1807559 0.4884385 0.1835542 0.4884385 0.1807558 0.7821738 0.1802923 0.7849709 0.1830905 0.7821738 0.1830907 0.9388633 0.1864919 0.9436728 0.1336869 0.9436728 0.186492 0.9633814 0.6638768 0.9681907 0.6166489 0.9681907 0.6638613 0.950501 0.5145051 0.945692 0.4617017 0.9505011 0.461701 0.9602043 0.8343447 0.9650138 0.7864486 0.9650138 0.8343566 0.071482 0.9997621 0.0673545 0.994971 0.071482 0.9949514 0.7043188 0.4571863 0.6996569 0.4523714 0.7043188 0.4523754 0.9961189 0.4530977 1 0.4482773 1 0.4530882 0.6646455 0.9968072 0.660113 0.9919835 0.6646455 0.9919964 0.9618194 0.2480229 0.9666288 0.2003694 0.9666288 0.2480106 0.9486519 0.7215189 0.9438431 0.6687119 0.9486519 0.6687122 0.9575724 0.9284677 0.9623818 0.8801712 0.9623818 0.9284814 0.9212903 0.9329618 0.9260996 0.880155 0.9260996 0.932962 0.9246311 0.4747636 0.9216595 0.4700241 0.926781 0.4702448 0.9862608 0.8935368 0.9851563 0.8888968 0.9863182 0.8888947 0.9863182 0.8888947 0.9851563 0.8888968 0.9856461 0.8801575 0.926781 0.4702448 0.9216595 0.4700241 0.9245109 0.4617009 0.9858881 0.3013575 0.9847266 0.301358 0.9851903 0.2927384 0.9330618 0.3012326 0.9279406 0.3014595 0.9301623 0.2927384 0.9312511 0.3058966 0.9279406 0.3014595 0.9330618 0.3012326 0.9846529 0.3060909 0.9858881 0.3013575 0.9858145 0.3060904 0.9847266 0.3560899 0.9858145 0.3060904 0.9858881 0.3560894 0.9234703 0.4747136 0.9228202 0.5239211 0.9216595 0.5238711 0.9850989 0.893539 0.9863182 0.9435407 0.9851564 0.9435429 0.9300904 0.3059481 0.9330618 0.354757 0.9319012 0.3548084 0.6463368 0.1822782 0.6474081 0.1834329 0.6463368 0.1834408 0.6564633 0.1822752 0.6553911 0.183433 0.6553911 0.1822702 0.9246333 0.2624092 0.9276059 0.2135816 0.9257944 0.2624579 0.9893702 0.3060864 0.9905052 0.3560792 0.9893428 0.3560791 0.9252529 0.876699 0.9246025 0.8274809 0.9264141 0.8766517 0.989784 0.893539 0.9909355 0.943538 0.989773 0.9435376 0.989784 0.893539 0.9909355 0.888907 0.9909465 0.8935394 0.9264447 0.2135328 0.9297566 0.2090869 0.9276059 0.2135816 0.9297566 0.2090869 0.9246333 0.2088718 0.9275276 0.2003695 0.9909355 0.888907 0.989773 0.8889065 0.9903718 0.8801575 0.9264141 0.8227947 0.9212903 0.8230035 0.923554 0.8144627 0.9905052 0.3013451 0.9893428 0.301345 0.9899676 0.2927384 0.9905326 0.3060864 0.9893428 0.301345 0.9905052 0.3013451 0.9246025 0.8274809 0.9212903 0.8230035 0.9264141 0.8227947 0.6418108 0.1822782 0.642882 0.1834329 0.6418108 0.1834408 0.9305307 0.6819216 0.9335021 0.7307305 0.9323414 0.7307819 0.9868462 0.03558945 0.9880655 0.08559125 0.9869036 0.0855934 0.9235246 0.1466994 0.9228746 0.195907 0.9217138 0.195857 0.9845655 0.7827469 0.9856534 0.7327474 0.9857271 0.7827464 0.9844918 0.7327479 0.9857271 0.7280145 0.9856534 0.7327474 0.9305307 0.6819216 0.9335021 0.6772062 0.9316914 0.6818702 0.9335021 0.6772062 0.9283808 0.677433 0.9306026 0.6687119 0.9857271 0.7280145 0.9845655 0.728015 0.9850293 0.7193955 0.9268353 0.1422306 0.9217138 0.1420099 0.9245652 0.1336867 0.9880655 0.03094524 0.9869035 0.03094732 0.9873933 0.02220809 0.9880081 0.03558731 0.9869035 0.03094732 0.9880655 0.03094524 0.9246854 0.1467494 0.9217138 0.1420099 0.9268353 0.1422306 0.919367 0.2133966 0.9160549 0.2089167 0.9211786 0.2087079 0.9892107 0.7327437 0.9903443 0.7280032 0.990373 0.7327439 0.9903443 0.7280032 0.9891819 0.728003 0.9898089 0.7193955 0.9211786 0.2087079 0.9160549 0.2089167 0.9183186 0.2003694 0.9905089 0.6092547 0.9893464 0.6092542 0.9899473 0.600506 0.9280244 0.3901549 0.922901 0.3899396 0.9257957 0.3814336 0.9247125 0.3946036 0.9280244 0.3901549 0.9258736 0.3946524 0.9905213 0.6138877 0.9893464 0.6092542 0.9905089 0.6092547 0.9893588 0.6138873 0.9905089 0.6638867 0.9893464 0.6638863 0.9200173 0.2626419 0.919367 0.2133966 0.9211786 0.2625946 0.9891819 0.782737 0.990373 0.7327439 0.9903442 0.7827371 0.922901 0.4435117 0.9258736 0.3946524 0.9240622 0.4435605 0.6519364 0.1822749 0.6508628 0.183433 0.6508628 0.1822703 0.6372821 0.1834465 0.638356 0.1822702 0.638356 0.1834325 0.9256272 0.5788481 0.9285953 0.6277284 0.9274359 0.6277844 0.9841917 0.5856468 0.9852643 0.5356733 0.9853528 0.5856422 0.9162066 0.1124924 0.919175 0.06332355 0.9173662 0.1125462 0.9829236 0.1970753 0.9841888 0.2470355 0.9830282 0.2470347 0.9840842 0.197076 0.9830282 0.1923027 0.9841888 0.1923034 0.9256272 0.5788481 0.9285953 0.574113 0.9267866 0.5787921 0.9285953 0.574113 0.9234797 0.5743603 0.9256867 0.5656206 0.9841888 0.1923034 0.9830282 0.1923027 0.9834424 0.1837466 0.9213227 0.0588051 0.9162066 0.05856776 0.919043 0.05023688 0.9853528 0.5310778 0.9841916 0.5310823 0.9846318 0.5222919 0.9841032 0.5356778 0.9853528 0.5310778 0.9852643 0.5356733 0.9180155 0.06326979 0.9213227 0.0588051 0.919175 0.06332355 0.6142696 0.1822703 0.6154306 0.1834331 0.6142693 0.1834331 0.7505955 0.9390084 0.7535474 0.8902552 0.7517486 0.9390793 0.9820615 0.08553278 0.9833914 0.03554993 0.9832186 0.08553284 0.9359853 0.6278103 0.9353393 0.5786171 0.9371385 0.6277436 0.9800419 0.6138846 0.9810066 0.6638769 0.9798507 0.6638681 0.9811978 0.6138932 0.9798507 0.6092716 0.9810066 0.6092804 0.7523944 0.8901842 0.7556833 0.8858031 0.7535474 0.8902552 0.7556833 0.8858031 0.7505955 0.8854904 0.7535225 0.8770459 0.9810066 0.6092804 0.9798507 0.6092716 0.9807323 0.6005061 0.9371385 0.5739021 0.9320499 0.5741961 0.9343517 0.5656206 0.9832187 0.03079754 0.9820615 0.03079754 0.9829143 0.02220803 0.9822342 0.03554987 0.9832187 0.03079754 0.9833914 0.03554993 0.9353393 0.5786171 0.9320499 0.5741961 0.9371385 0.5739021 0.9335426 0.474673 0.9302358 0.4702302 0.9353511 0.469985 0.9841756 0.7998159 0.9829276 0.7951571 0.9840888 0.7951599 0.9840888 0.7951599 0.9829276 0.7951571 0.9836462 0.7864366 0.9353511 0.469985 0.9302358 0.4702302 0.9325165 0.461701 0.9832605 0.4569264 0.9820999 0.4569249 0.9828467 0.4482774 0.9381198 0.7507036 0.9330044 0.7504501 0.9359133 0.7419862 0.934813 0.7551117 0.9381198 0.7507036 0.9359724 0.7551692 0.9822048 0.4616379 0.9832605 0.4569264 0.9833654 0.4616394 0.9820999 0.5116474 0.9833654 0.4616394 0.9832605 0.5116488 0.9323832 0.4747285 0.9353511 0.5237131 0.9341918 0.5237687 0.9830145 0.7998131 0.9840887 0.8498257 0.9829276 0.8498229 0.934813 0.7551117 0.9341638 0.8038937 0.9330044 0.8038363 0.5832324 0.1822703 0.5820699 0.1834331 0.5820699 0.1822703 0.1266971 0.6044722 0 0.4341579 0.1266971 0.4341634 0.6049838 0.461701 0.5553706 0.5481057 0.5553706 0.4959926 0.7279947 2.73306e-6 0.7800921 0.07048296 0.7279947 0.07048565 0.6566584 0.4617037 0.6049837 0.5824024 0.6049838 0.461701 0.581232 0.1762139 0.4948976 9.51868e-6 0.581232 0 0.3881999 0.8768507 0.3746409 0.9104305 0.3746409 0.8768514 0.03234219 0.8741042 0.04038631 0.8727662 0.04038631 0.9013614 0.03234219 0.9013603 0.02552253 0.9013593 0.01936578 0.8903542 0.02552253 0.9013593 0.02096581 0.9013587 0.01936578 0.8903542 0.03234219 0.9013603 0.02096581 0.8836227 0.02552247 0.8779165 0.03234219 0.8741042 0.04038631 0.9013614 0.03234219 0.9013603 0.02552247 0.8779165 0.03234219 0.8741042 0.03234219 0.9013603 0.1821428 0.8291116 0.1901882 0.8291121 0.1691642 0.8511247 0.1901882 0.8291121 0.1901882 0.8687167 0.1821427 0.8673773 0.1691642 0.8511247 0.1901882 0.8291121 0.1821427 0.8673773 0.1821427 0.8673773 0.1753219 0.8635637 0.1691642 0.8511247 0.1753219 0.8635637 0.1707645 0.8578566 0.1691642 0.8511247 0.1691642 0.8511247 0.1707645 0.829111 0.1753219 0.8291113 0.6035311 0.9632281 0.6035311 0.9551751 0.6156623 0.9552087 0.6035311 0.9551751 0.6034856 0.9483382 0.6156168 0.9483718 0.6952546 0.9128605 0.6948934 0.9071125 0.7069706 0.9072552 0.7069706 0.9072552 0.6948934 0.9071125 0.694826 0.9003669 0.7069032 0.9005095 0.694826 0.9003669 0.6951164 0.8893782 0.5763955 0.8412159 0.5763955 0.8727338 0.5683497 0.8712574 0.5683497 0.8712574 0.5615286 0.8670541 0.5763955 0.8412159 0.5615286 0.8670541 0.556971 0.8607636 0.5683497 0.8412154 0.5763955 0.8412159 0.5615286 0.8670541 0.5683497 0.8412154 0.556971 0.8607636 0.5553706 0.8533437 0.5683497 0.8412154 0.5553706 0.8533437 0.556971 0.8412148 0.5615286 0.841215 0.8233269 0.04365843 0.8233269 8.58398e-7 0.8443515 0.02426648 0.8233269 8.58398e-7 0.8313726 5.13333e-7 0.8443515 0.02426648 0.8313726 5.13333e-7 0.8381936 2.19916e-7 0.8443515 0.02426648 0.8381936 2.19916e-7 0.8427512 0 0.8443515 0.02426648 0.8443515 0.02426648 0.8427512 0.0316872 0.8381936 0.03797829 0.8381936 0.03797829 0.8313726 0.04218202 0.8443515 0.02426648 0.1936654 0.9573453 0.2046716 0.9573568 0.2046716 0.9654338 0.1936464 0.9504367 0.2046527 0.9504482 0.2046716 0.9573568 0.8838591 0.8797698 0.872853 0.8797454 0.8728249 0.8739163 0.8838614 0.8870048 0.8728553 0.8869805 0.872853 0.8797454 0.8838614 0.8870048 0.8838135 0.9113142 0.8728249 0.8992085 0.214667 0.872174 0.214667 0.9007691 0.2066228 0.8994291 0.2066228 0.8994291 0.1998031 0.895615 0.2066228 0.872173 0.1998031 0.895615 0.1952465 0.8899075 0.2066228 0.872173 0.1952465 0.8899075 0.1936464 0.8831756 0.2066228 0.872173 0.1936464 0.8831756 0.1952465 0.8721715 0.1998031 0.8721721 0.1998031 0.8721721 0.2066228 0.872173 0.1936464 0.8831756 0.214667 0.829111 0.214667 0.8687157 0.2066215 0.8304496 0.214667 0.8687157 0.2066215 0.8687153 0.1936429 0.8467009 0.1998007 0.8687149 0.1952432 0.8687147 0.1936429 0.8467009 0.214667 0.8687157 0.1936429 0.8467009 0.2066215 0.8304496 0.2066215 0.8687153 0.1998007 0.8687149 0.1936429 0.8467009 0.1998007 0.8342624 0.2066215 0.8304496 0.1936429 0.8467009 0.3112014 0.9559459 0.323334 0.9559612 0.323334 0.9640013 0.3111818 0.9491454 0.3233145 0.9491606 0.323334 0.9559612 0.8239663 0.8842043 0.8118894 0.8843657 0.8122513 0.8786901 0.8239663 0.8842043 0.8238988 0.8909247 0.8118219 0.8910861 0.8238988 0.8909247 0.8243283 0.9129472 0.8121129 0.9021002 0.02741146 0.867834 0.01936578 0.8693104 0.01936578 0.8377888 0.01936578 0.8377888 0.02741146 0.8377885 0.03423249 0.8636302 0.02741146 0.8377885 0.03423249 0.8377882 0.04039043 0.8499184 0.03423249 0.8636302 0.02741146 0.8377885 0.03879004 0.8573392 0.03423249 0.8636302 0.02741146 0.867834 0.01936578 0.8377888 0.04039043 0.8499184 0.03879004 0.8573392 0.02741146 0.8377885 0.3405913 0.8165584 0.3486371 0.8165588 0.3276122 0.8408213 0.3486371 0.8165588 0.3486371 0.8602113 0.3276122 0.8408213 0.3486371 0.8602113 0.3405913 0.858735 0.3276122 0.8408213 0.3405913 0.858735 0.3337702 0.8545315 0.3276122 0.8408213 0.3337702 0.8545315 0.3292126 0.8482411 0.3276122 0.8408213 0.3276122 0.8408213 0.3292126 0.8165577 0.3337702 0.816558 0.2577041 0.9654911 0.2577041 0.9574141 0.2687104 0.9574256 0.2577041 0.9574141 0.2576852 0.9505056 0.2686915 0.9505171 0.9123613 0.7669097 0.9123921 0.7727388 0.9013859 0.7727197 0.9123921 0.7727388 0.9123979 0.7799738 0.9013917 0.7799547 0.9013917 0.7799547 0.9123979 0.7799738 0.9123731 0.7922019 0.1901882 0.8721735 0.1901882 0.9007688 0.1821427 0.8994293 0.1821427 0.8994293 0.1753219 0.8956158 0.1821427 0.8721731 0.1753219 0.8956158 0.1707645 0.8899086 0.1821427 0.8721731 0.1821427 0.8994293 0.1821427 0.8721731 0.1901882 0.8721735 0.1707645 0.8899086 0.1691642 0.8831768 0.1821427 0.8721731 0.1691642 0.8831768 0.1707645 0.8721725 0.1753219 0.8721727 0.8688268 0 0.8688268 0.03960448 0.8607827 0.001337945 0.8688268 0.03960448 0.8607827 0.03960341 0.8478063 0.01758801 0.853963 0.03960251 0.8494064 0.03960192 0.8478063 0.01758801 0.8688268 0.03960448 0.8478063 0.01758801 0.8607827 0.001337945 0.8607827 0.03960341 0.853963 0.03960251 0.8478063 0.01758801 0.853963 0.005150258 0.8607827 0.001337945 0.8478063 0.01758801 0.9134857 0.03865563 0.9256169 0.03868925 0.9256169 0.04674226 0.9134401 0.03181874 0.9255713 0.03185236 0.9256169 0.03868925 0.2828401 0.8924112 0.2949163 0.892625 0.2952435 0.898375 0.2828124 0.8856652 0.2948886 0.885879 0.2949163 0.892625 0.2828124 0.8856652 0.2833706 0.863671 0.2952435 0.8748923 0.6003012 0.842999 0.6083469 0.8415237 0.6083469 0.8730414 0.6083469 0.8730414 0.6003012 0.8730409 0.5934801 0.8472015 0.6003012 0.8730409 0.5934801 0.8730405 0.5873221 0.8609111 0.5934801 0.8730405 0.5889225 0.8730403 0.5873221 0.8609111 0.5873221 0.8609111 0.5889225 0.8534914 0.6003012 0.8730409 0.5889225 0.8534914 0.5934801 0.8472015 0.6003012 0.8730409 0.3111785 0.860215 0.3031328 0.8602153 0.3241574 0.8359479 0.3031328 0.8602153 0.3031328 0.8165577 0.3241574 0.8359479 0.3031328 0.8165577 0.3111785 0.8180334 0.3241574 0.8359479 0.3111785 0.8180334 0.3179995 0.8222365 0.3241574 0.8359479 0.3179995 0.8222365 0.322557 0.8285273 0.3241574 0.8359479 0.3241574 0.8359479 0.322557 0.8602145 0.3179995 0.8602147 0.01938158 0.9658837 0.01938158 0.9578215 0.03038793 0.9578317 0.01938158 0.9578215 0.01936578 0.9509578 0.03037214 0.9509681 0.3539191 0.7859694 0.342913 0.7859765 0.34294 0.7792805 0.3539462 0.7792734 0.34294 0.7792805 0.3429423 0.771741 0.3539485 0.771734 0.3429423 0.771741 0.342913 0.7598174 0.2706638 0.8736239 0.2787092 0.8722853 0.2787092 0.9008806 0.2706638 0.9008802 0.2638429 0.9008798 0.2576853 0.8898752 0.2638429 0.9008798 0.2592856 0.9008796 0.2576853 0.8898752 0.2706638 0.9008802 0.2592856 0.8831434 0.2638429 0.8774368 0.2706638 0.8736239 0.2787092 0.9008806 0.2706638 0.9008802 0.2638429 0.8774368 0.2706638 0.8736239 0.2706638 0.9008802 0.2706616 0.8292241 0.2787057 0.8292252 0.2576852 0.851236 0.2787057 0.8292252 0.2787057 0.8688296 0.2706616 0.8674895 0.2576852 0.851236 0.2787057 0.8292252 0.2706616 0.8674895 0.2706616 0.8674895 0.2638419 0.8636754 0.2576852 0.851236 0.2638419 0.8636754 0.2592853 0.857968 0.2576852 0.851236 0.2576852 0.851236 0.2592853 0.8292226 0.2638419 0.8292232 0.3357992 0.9639785 0.3357992 0.9559383 0.3479319 0.9559536 0.3357992 0.9559383 0.3357796 0.9491379 0.3479124 0.9491531 0.8048117 0.878526 0.8044834 0.8842037 0.7924075 0.8844367 0.8044834 0.8842037 0.8044556 0.8909243 0.7923799 0.8911573 0.7923799 0.8911573 0.8044556 0.8909243 0.8048117 0.9019365 0.4272521 0.870302 0.4272521 0.8387804 0.4352977 0.8402562 0.4352977 0.8402562 0.4421188 0.8444593 0.4272521 0.870302 0.4421188 0.8444593 0.4466763 0.85075 0.4352977 0.8703017 0.4272521 0.870302 0.4421188 0.8444593 0.4352977 0.8703017 0.4466763 0.85075 0.4482767 0.8581706 0.4352977 0.8703017 0.4482767 0.8581706 0.4466763 0.8703011 0.4421188 0.8703014 0.6523863 0.8208882 0.6523863 0.8645406 0.6313614 0.8402757 0.6523863 0.8645406 0.6443405 0.8645401 0.6313614 0.8402757 0.6375194 0.8645397 0.6329618 0.8645394 0.6313614 0.8402757 0.6443405 0.8645401 0.6375194 0.8645397 0.6313614 0.8402757 0.6375194 0.8265661 0.6443405 0.8223636 0.6313614 0.8402757 0.6443405 0.8223636 0.6523863 0.8208882 0.6313614 0.8402757 0.234175 0.9576054 0.2451814 0.9576156 0.2451814 0.9656778 0.2341592 0.9507418 0.2451657 0.950752 0.2451814 0.9576156 0.7110261 0.7761469 0.7110562 0.7694509 0.7220624 0.7694488 0.7110562 0.7694509 0.7110618 0.7619114 0.722068 0.7619093 0.7110618 0.7619114 0.7110261 0.7379064 0.7220438 0.7499856 0.7000579 0.7691682 0.7075715 0.7691383 0.7063347 0.7780087 0.7460811 0.1543512 0.7448442 0.1454818 0.7523579 0.1455118 0.7026253 0.7861336 0.696245 0.7821578 0.6990849 0.7759371 0.7497904 0.1624752 0.7460811 0.1543512 0.7533308 0.1522799 0.6967779 0.7928841 0.6917679 0.7873263 0.696245 0.7821578 0.7556378 0.169225 0.7497904 0.1624752 0.7561708 0.1585 0.6892662 0.7977134 0.6860166 0.7910238 0.6917679 0.7873263 0.7631497 0.1740539 0.7556378 0.169225 0.7606479 0.1636679 0.6806986 0.8003697 0.679457 0.7929508 0.6860166 0.7910238 0.7717174 0.17671 0.7631497 0.1740539 0.7663993 0.1673651 0.6601131 0.8003705 0.6601131 0.7929517 0.679457 0.7929508 0.7923032 0.1767112 0.7717174 0.17671 0.7729591 0.1692919 0.6601131 0.7379627 0.6806986 0.7379618 0.679457 0.7453874 0.7729591 0.1217342 0.7717174 0.1143094 0.7923032 0.1143106 0.6806986 0.7379618 0.6892662 0.740624 0.6860166 0.7473138 0.7663993 0.1236602 0.7631497 0.1169711 0.7717174 0.1143094 0.6892662 0.740624 0.6967779 0.7454525 0.6917679 0.7510108 0.760648 0.1273567 0.7556379 0.121799 0.7631497 0.1169711 0.6967779 0.7454525 0.7026252 0.7522025 0.6962449 0.7561788 0.7561709 0.132524 0.7497905 0.1285481 0.7556379 0.121799 0.7026252 0.7522025 0.7063347 0.760327 0.6990849 0.7623993 0.7533308 0.1387437 0.7460811 0.1366716 0.7497905 0.1285481 0.7075715 0.7691383 0.7000579 0.7691682 0.6990849 0.7623993 0.7448442 0.1454818 0.7460811 0.1366716 0.7533308 0.1387437 0.7000579 0.7691682 0.6970759 0.7691683 0.6962249 0.7632479 0.7523579 0.1455118 0.7533308 0.1387437 0.756191 0.1395923 0.6990849 0.7623993 0.6962249 0.7632479 0.6937408 0.7578071 0.7533308 0.1387437 0.7561709 0.132524 0.758675 0.1341522 0.6962449 0.7561788 0.6937408 0.7578071 0.689825 0.753287 0.7561709 0.132524 0.760648 0.1273567 0.7625909 0.1296326 0.6917679 0.7510108 0.689825 0.753287 0.6847946 0.7500534 0.760648 0.1273567 0.7663993 0.1236602 0.7676213 0.1263995 0.6860166 0.7473138 0.6847946 0.7500534 0.6790573 0.7483685 0.7663993 0.1236602 0.7729591 0.1217342 0.7733588 0.1247149 0.6601131 0.7453882 0.679457 0.7453874 0.6790573 0.7483685 0.7733588 0.1247149 0.7729591 0.1217342 0.7923032 0.1217353 0.6601131 0.7929517 0.6601131 0.7899706 0.6790573 0.7899697 0.7923032 0.1692931 0.7729591 0.1692919 0.7733588 0.1663113 0.6860166 0.7910238 0.679457 0.7929508 0.6790573 0.7899697 0.7733588 0.1663113 0.7729591 0.1692919 0.7663993 0.1673651 0.6917679 0.7873263 0.6860166 0.7910238 0.6847946 0.7882843 0.7676213 0.164626 0.7663993 0.1673651 0.7606479 0.1636679 0.696245 0.7821578 0.6917679 0.7873263 0.6898251 0.7850503 0.7625908 0.1613922 0.7606479 0.1636679 0.7561708 0.1585 0.6990849 0.7759371 0.696245 0.7821578 0.6937409 0.7805297 0.758675 0.1568721 0.7561708 0.1585 0.7533308 0.1522799 0.6962249 0.7750888 0.6970759 0.7691683 0.7000579 0.7691682 0.756191 0.1514317 0.7533308 0.1522799 0.7523579 0.1455118 0.6675392 0.6202302 0.6675806 0.6008844 0.6705599 0.6012901 0.7121489 0.6013737 0.71513 0.60098 0.7150886 0.6203258 0.6695207 0.5943279 0.6722569 0.5955556 0.6705599 0.6012901 0.7132179 0.5944158 0.71513 0.60098 0.7121489 0.6013737 0.6732292 0.5885835 0.6755005 0.5905312 0.6722569 0.5955556 0.7095341 0.5886565 0.7132179 0.5944158 0.7104766 0.5956324 0.6784055 0.5841165 0.680028 0.586624 0.6755005 0.5905312 0.704377 0.5841687 0.7095341 0.5886565 0.7072545 0.590595 0.6846304 0.5812886 0.6854726 0.5841507 0.680028 0.586624 0.6981644 0.5813158 0.704377 0.5841687 0.7027438 0.5866697 0.6913995 0.5803292 0.6913931 0.5833115 0.6854726 0.5841507 0.6913995 0.5803292 0.6981644 0.5813158 0.6973099 0.5841745 0.6825746 0.574034 0.691419 0.5728149 0.6913995 0.5803292 0.6913995 0.5803292 0.691419 0.5728149 0.7002512 0.5740696 0.6744444 0.5777275 0.6825746 0.574034 0.6846304 0.5812886 0.6981644 0.5813158 0.7002512 0.5740696 0.7083655 0.5777956 0.6676836 0.5835618 0.6744444 0.5777275 0.6784055 0.5841165 0.704377 0.5841687 0.7083655 0.5777956 0.7151013 0.5836572 0.66284 0.5910647 0.6676836 0.5835618 0.6732292 0.5885835 0.7095341 0.5886565 0.7151013 0.5836572 0.7199127 0.5911794 0.6601572 0.5996277 0.66284 0.5910647 0.6695207 0.5943279 0.7132179 0.5944158 0.7199127 0.5911794 0.722551 0.5997531 0.6601131 0.6202153 0.6601572 0.5996277 0.6675806 0.6008844 0.71513 0.60098 0.722551 0.5997531 0.7225069 0.6203407 0.3689736 0.7730069 0.3681226 0.7789273 0.3651406 0.7789272 0.3689736 0.7848478 0.3661135 0.7856962 0.3651406 0.7789272 0.3661135 0.7721582 0.3689534 0.7659376 0.3714575 0.767566 0.3714575 0.7902889 0.3689534 0.791917 0.3661135 0.7856962 0.3689534 0.7659376 0.3734303 0.7607696 0.3753731 0.7630457 0.3753731 0.7948095 0.3734303 0.7970855 0.3689534 0.791917 0.3734303 0.7607696 0.3791815 0.7570726 0.3804034 0.7598122 0.3804034 0.7980436 0.3791815 0.8007831 0.3734303 0.7970855 0.3791815 0.7570726 0.3857409 0.7551462 0.3861407 0.7581273 0.3861407 0.7997291 0.3857409 0.8027102 0.3791815 0.8007831 0.4050843 0.7551472 0.4050843 0.7581283 0.3861407 0.7581273 0.4050843 0.8027112 0.3857409 0.8027102 0.3861407 0.7997291 0.4050843 0.7477188 0.4050843 0.7551472 0.3857409 0.7551462 0.4050843 0.8101319 0.3844993 0.8101308 0.3857409 0.8027102 0.3844993 0.7477178 0.3857409 0.7551462 0.3791815 0.7570726 0.3844993 0.8101308 0.375932 0.8074728 0.3791815 0.8007831 0.375932 0.7503826 0.3791815 0.7570726 0.3734303 0.7607696 0.375932 0.8074728 0.3684205 0.8026434 0.3734303 0.7970855 0.3684205 0.7552112 0.3734303 0.7607696 0.3689534 0.7659376 0.3684205 0.8026434 0.3625733 0.7958927 0.3689534 0.791917 0.3625733 0.7619613 0.3689534 0.7659376 0.3661135 0.7721582 0.3625733 0.7958927 0.3588641 0.7877677 0.3661135 0.7856962 0.3588641 0.7700859 0.3661135 0.7721582 0.3651406 0.7789272 0.3651406 0.7789272 0.3661135 0.7856962 0.3588641 0.7877677 0.6601438 0.5833921 0.6676836 0.5835618 0.66284 0.5910647 0.7556378 0.169225 0.7631497 0.1740539 0.7631403 0.1767547 0.9762584 0.7801405 0.9762584 0.7600401 0.980589 0.7651864 0.9662254 0.1937555 0.9618235 0.189442 0.9618241 0.1788835 0.6967779 0.7454525 0.6892662 0.740624 0.6892504 0.737942 0.3759063 0.8101446 0.368348 0.8101701 0.3684205 0.8026434 0.5377806 0.8768422 0.5436503 0.8811395 0.5453042 0.8915778 0.7669456 0.08142727 0.7728658 0.07719987 0.7697179 0.09705126 0.4190794 0.7402207 0.4174733 0.742917 0.4141244 0.7391058 0.9092596 0.4555581 0.9092597 0.3814337 0.9108763 0.3841209 0.9092596 0.4555581 0.9061995 0.4562646 0.9061995 0.3821402 0.1648907 0.4025847 0.1652141 0.3994675 0.1652141 0.4748091 0.4170098 0.7378652 0.4141244 0.7391058 0.4141245 0.664996 0.4190794 0.666111 0.4190794 0.7402207 0.4170098 0.7378652 0.9971389 0.6988328 0.9971389 0.7131224 0.9941141 0.7132104 0.9914968 0.3992376 0.9946364 0.3992322 0.9946364 0.4135648 0.9944013 0.9299286 0.9944013 0.9158082 0.9973664 0.9159994 0.9854835 0 0.9879825 1.14408e-4 0.9879826 0.01445603 0.9879826 0.01445603 0.9879825 1.14408e-4 0.9905638 6.86987e-6 0.5725427 0.9897189 0.5725427 0.9928588 0.5677154 0.9912965 0.8617385 0.6873755 0.8635845 0.6899171 0.8587516 0.6914876 0.9965614 0.5757476 0.9965614 0.5900502 0.9934555 0.5900945 0.7402948 0.9932777 0.7402948 0.9789105 0.7430846 0.9788999 0.7380608 0.9788944 0.7402948 0.9789105 0.7402948 0.9932777 0.6270147 0.9982979 0.6270147 0.9842038 0.6298081 0.9844827 0.9922935 0.8186092 0.9922935 0.8042436 0.9953973 0.8042354 0.4510758 0.9772351 0.4533148 0.9776747 0.4533148 0.9917534 0.4533148 0.9776747 0.4561012 0.9773855 0.4561012 0.9914641 0.9968844 0.114652 0.9968844 0.129014 0.9937956 0.1289981 0.598686 0.9959846 0.5955775 0.9959445 0.5955775 0.9816347 0.3015277 0.9840434 0.3015278 0.9984087 0.2986983 0.9983836 0.175507 0.9916999 0.175507 0.9885594 0.1803389 0.9901323 0.8634614 0.4547929 0.8653072 0.4522513 0.868294 0.4563637 0.1169159 0.9969974 0.1138101 0.9970417 0.1138101 0.9827392 0.09522533 0.9929305 0.09522533 0.9785632 0.09801512 0.9785528 0.09299135 0.9785471 0.09522533 0.9785632 0.09522533 0.9929305 0.7923798 0.9843733 0.7951731 0.9846521 0.7951731 0.9987462 0.9922934 0.8220731 0.9953972 0.8220649 0.9953972 0.8364304 0.6278451 0.8442149 0.6278451 0.8620024 0.6118984 0.8610405 0 0.8811627 0 0.8377881 0.0159111 0.8400653 0.867768 0.182325 0.867768 0.1645411 0.8836935 0.1655278 0.8083038 0.8728288 0.7923799 0.8750703 0.7923799 0.831695 0.829526 0.8316795 0.8295261 0.8750578 0.8283502 0.8737885 0.8295261 0.8750578 0.8118219 0.8750727 0.8129978 0.8738016 0.8118219 0.8316944 0.8129978 0.8329635 0.8129978 0.8738016 0.829526 0.8316795 0.8283502 0.8329506 0.8129978 0.8329635 0.01936578 0.9693497 0.02593958 0.969662 0.02593958 0.984413 0.1568114 0.9549144 0.1568114 0.9140791 0.163385 0.9149627 0.2787515 0.9847969 0.2721862 0.9844771 0.2721862 0.9697231 0.9405933 0.6218826 0.9471695 0.6227669 0.9471695 0.6618264 0.8643133 0.1823125 0.8496283 0.182325 0.8496283 0.143262 0.9099854 0 0.9099854 0.03540664 0.8956886 0.03540736 0.4272521 0.461701 0.5519159 0.4617959 0.5430865 0.4708621 0.4272521 0.5926188 0.4355724 0.5838105 0.5430865 0.5838924 0.6118984 0.8407571 0.6118984 0.7160546 0.6278826 0.7160568 0.2279071 0.8268752 0.2279071 0.702172 0.243894 0.7021728 0.4272521 0.5926188 0.4272521 0.461701 0.4355723 0.4707803 0.5519159 0.5927137 0.5430865 0.5838924 0.5430865 0.4708621 0.8118219 0.6967283 0.8278094 0.6967293 0.8278094 0.8282238 0.8083671 0.8282385 0.7923797 0.8282392 0.7923797 0.696729 0.6279066 0.7125958 0.6214033 0.7125961 0.6214033 0.5858612 0.299678 0.1870221 0.299678 0.1935275 0.1729959 0.1935352 0.299678 0.1935275 0.299678 0.2473629 0.1729959 0.2473706 0.3219975 0.9674572 0.3219975 0.9921001 0.318317 0.992152 0.9728659 0.288883 0.9700789 0.2888359 0.9700789 0.2640966 0.2043326 0.9689087 0.2043326 0.9936529 0.2007582 0.9936338 0.872825 0.9931234 0.872825 0.9688917 0.8765317 0.9687719 0.2376755 0.9938768 0.2341592 0.9939178 0.2341593 0.9691745 0.7578782 0.8479045 0.7578782 0.8726511 0.7549873 0.8726552 0.3111819 0.9921995 0.3111819 0.9674572 0.3148623 0.9674882 0.9683637 0.8516097 0.9711971 0.851135 0.9711971 0.8754509 0.2612278 0.969088 0.2612278 0.9937025 0.2576853 0.9935728 0.02939426 0.99413 0.02939426 0.9693852 0.03211712 0.9693496 0.1936464 0.969066 0.1973035 0.9688895 0.1973035 0.9931935 0.8799863 0.993522 0.8799864 0.9687817 0.8835835 0.9687719 0.9943633 0.9617008 0.9943633 0.9863367 0.9911468 0.9865044 0.0357263 0.9691729 0.03902405 0.969505 0.03902399 0.9937801 0.1001683 0.8430429 0.1001683 0.8677869 0.09641617 0.8677878 0.2445024 0.9691597 0.2445024 0.9939042 0.2411302 0.9938778 0.9944045 0.2868587 0.9912848 0.2868235 0.9912848 0.2620839 0.9665892 0.4325395 0.9665892 0.457185 0.9628406 0.4571875 0.2305763 0.9548071 0.2305763 0.9795536 0.2276855 0.9795578 0.2681987 0.9937015 0.2646825 0.9937424 0.2646825 0.9689992 0.8258671 0.9922171 0.8258672 0.9679855 0.8295737 0.9678657 0.2473487 0.8370893 0.2473487 0.7900955 0.2510681 0.7901127 0.8848785 0.5492754 0.887838 0.5494725 0.887838 0.5962797 0.4889054 0.795103 0.492399 0.7952105 0.4923991 0.8420276 0.2473487 0.7900955 0.2473487 0.7467861 0.2510681 0.7468032 0.887838 0.5494725 0.8848785 0.5492754 0.8848785 0.5061379 0.492399 0.7952105 0.4889054 0.795103 0.4889055 0.7519564 0.2473487 0.7467861 0.2473488 0.702172 0.2510681 0.7021892 0.887838 0.506335 0.8848785 0.5061379 0.8848784 0.461701 0.492399 0.7520641 0.4889055 0.7519564 0.4889055 0.7075102 0.168633 0.3057067 0.1648907 0.3057104 0.1648907 0.2610973 0.878014 0.5061318 0.8780141 0.4617009 0.8814237 0.4618532 0.6565702 0.6304727 0.6534838 0.6302821 0.6534839 0.5858609 0.168633 0.3490153 0.1648906 0.349019 0.1648907 0.3057104 0.878014 0.5492637 0.878014 0.5061318 0.8814237 0.5062842 0.6565703 0.673595 0.6534839 0.6734043 0.6534838 0.6302821 0.1648906 0.349019 0.168633 0.3490153 0.1686331 0.3960081 0.878014 0.5960647 0.878014 0.5492637 0.8814237 0.549416 0.6534839 0.6734043 0.6565703 0.673595 0.6565701 0.7203857 0.9376914 0 0.9376914 0.04339373 0.9301161 0.04339879 0.03885179 0.7884581 0.04653918 0.7884522 0.04653918 0.8318448 0.4158726 0.935294 0.4158726 0.8919006 0.4235945 0.891901 0.3670521 0.1743083 0.3670521 0.1820328 0.3593299 0.1820331 0.9298688 0.9235507 0.9298688 0.8801575 0.9375895 0.8801586 0.9806463 0.2504921 0.9806463 0.2882925 0.9763358 0.2882915 0.9094514 0.6695214 0.9094514 0.6738333 0.9061996 0.6738539 0.2906687 0.9714564 0.2906687 0.9336498 0.2949792 0.9336497 0.7029792 0.9493162 0.7072566 0.9496604 0.7072566 0.9786161 0.5997492 0.9490363 0.5997492 0.9781789 0.5955775 0.9774868 0.6534838 0.7238414 0.6555584 0.7238456 0.6555584 0.8060219 0.7077815 0.3600524 0.7101541 0.3600522 0.7101541 0.4422253 0.2545228 0.702172 0.2565688 0.702179 0.2565688 0.7843546 0.8957114 0.2014741 0.8974602 0.2003695 0.8974603 0.342601 0.8955301 0.8109031 0.8955301 0.6773124 0.8979004 0.6774165 0.8953961 0.1925187 0.8953962 0.05023688 0.8974142 0.05080378 0.4958538 0.993252 0.4958538 0.9818904 0.50167 0.9818912 0.8600066 0.4522512 0.8600066 0.4580703 0.8541893 0.4580705 0.5306268 0.9921746 0.5306268 0.9808129 0.536444 0.9808133 0.4656413 0.9825399 0.4714324 0.9825354 0.4714324 0.9938969 0.1103554 0.9826948 0.1103554 0.9940565 0.1046487 0.9940603 0.08459013 0.9687032 0.07996279 0.9686259 0.07996279 0.9275262 0.9411463 9.50524e-6 0.9458348 0 0.9458348 0.04125791 0.9602042 0.8758913 0.9602042 0.8378122 0.9649089 0.8378465 0.289918 0.9928734 0.2942554 0.9929181 0.2942554 0.9976236 0.2787514 0.9278644 0.2787514 0.9659167 0.2740463 0.9658913 0.9763487 0.5656206 0.9763487 0.6032035 0.9716455 0.6032653 0.5154401 0.9935497 0.5197255 0.9935026 0.5197255 0.9982082 0.9762867 0.160121 0.9762867 0.1225695 0.9809923 0.1225666 0.9666982 0.1145482 0.9620116 0.1145259 0.9620116 0.07331395 0.9298687 0.9270609 0.9345015 0.9270074 0.9345015 0.96819 0.8874433 0.8894192 0.8874434 0.8402635 0.892013 0.8403058 0.8920753 0.7774979 0.8875948 0.7775628 0.8875949 0.7282132 0.9096102 0.6658894 0.9061995 0.6660656 0.9061995 0.6166751 0.8874434 0.8402635 0.8874433 0.7896271 0.8920129 0.7896693 0.8920753 0.7281484 0.8875949 0.7282132 0.8875948 0.6773772 0.9096102 0.6164988 0.9061995 0.6166751 0.9061995 0.5657969 0.8956406 0.5125769 0.8912928 0.5124444 0.8912928 0.4617011 0.9027448 0.5126618 0.8990952 0.5124344 0.8990952 0.461701 0.2198168 0.8266856 0.2198168 0.7757856 0.2244524 0.7757982 0.8956407 0.5618364 0.8912929 0.5617038 0.8912928 0.5124444 0.9027447 0.5619117 0.8990952 0.5616844 0.8990952 0.5124344 0.2198168 0.8760971 0.2198168 0.8266856 0.2244524 0.8266981 0.7828144 0.8965771 0.7828144 0.8528088 0.7874488 0.8528134 0.9126001 0.289239 0.9089503 0.2892826 0.9089502 0.2455071 0.8998777 0.9033298 0.8955301 0.9033584 0.89553 0.8595842 0.7828144 0.8528088 0.7828144 0.8077222 0.7874487 0.8077268 0.9126002 0.2454636 0.9089502 0.2455071 0.9089503 0.2004131 0.8998777 0.8595555 0.89553 0.8595842 0.8955301 0.8144913 0.6996571 0.4051427 0.699657 0.3600522 0.7043268 0.3600534 0.9075468 0.8595582 0.9033325 0.8595862 0.9033325 0.8144907 0.9089043 0.09534436 0.9089043 0.05024814 0.9127519 0.05023688 0.699657 0.4489146 0.6996571 0.4051427 0.7043268 0.4051437 0.9075468 0.9033351 0.9033325 0.9033632 0.9033325 0.8595862 0.9089043 0.139122 0.9089043 0.09534436 0.9127519 0.09533309 0.4273196 0.955388 0.4357671 0.9553647 0.4357671 0.9634618 0.4273196 0.963485 0.4357671 0.9634618 0.4356996 0.969789 0.1652239 0.9583701 0.1654204 0.9663224 0.157008 0.9663301 0.157008 0.9663301 0.1654204 0.9663224 0.1652239 0.9742339 0.151214 0.9470694 0.1512699 0.9538915 0.142822 0.9538838 0.1512699 0.9538915 0.1512699 0.9620853 0.142822 0.9620776 0.1512699 0.9620853 0.151214 0.9694553 0.1427661 0.9694475 0.0673545 0.9550148 0.06789773 0.9493287 0.07630932 0.9493123 0.07630932 0.9493123 0.06789773 0.9493287 0.06809651 0.9414418 0.0765081 0.9414255 0.06809651 0.9414418 0.06789773 0.9334675 0.07630926 0.9334511 0.06789773 0.9334675 0.0673545 0.9275426 0.4272521 0.9476908 0.4356996 0.9476676 0.4357671 0.9553647 0.1467783 0.9852241 0.1427661 0.9852585 0.1427661 0.9729454 0.9280421 0.1284171 0.9280421 0.1161563 0.9322714 0.1160019 0.9322714 0.1160019 0.9364287 0.1161726 0.9364287 0.1284334 0.3802862 0.9867835 0.3802862 0.9744698 0.3840641 0.9745041 0.3840641 0.9745041 0.3885155 0.974492 0.3885156 0.9868056 0.4906678 0.9827454 0.4864908 0.9825809 0.4864908 0.9703188 0.4864908 0.9703188 0.4864908 0.9825809 0.4822798 0.9827378 0.1511173 0.9852458 0.1467783 0.9852241 0.1467783 0.9729109 0.9905385 0.9534132 0.9953482 0.9534058 0.9953482 0.9582378 0.9618194 0.2514805 0.9666244 0.2514787 0.9666244 0.2888812 0.0357263 0.9283162 0.04053676 0.9283119 0.04053676 0.9657129 0.9212903 0.9364175 0.9260999 0.9364203 0.9260999 0.9738224 0.7716858 0.9700168 0.7716858 0.9326221 0.7764958 0.9326128 0.9633138 0.3749045 0.9633138 0.3437667 0.9681144 0.3440676 0.9676051 0.5223112 0.9724203 0.522292 0.9724203 0.5596492 0.6270146 0.9807481 0.6270146 0.9502534 0.6318146 0.949936 0.09299135 0.9750674 0.09299135 0.937725 0.09780395 0.937749 0.9937955 0.1502771 0.9979959 0.1503159 0.9979959 0.1551479 0.9546796 0.1899986 0.9583588 0.1899478 0.9583588 0.1947798 0.9715778 0.3300929 0.9715778 0.2927635 0.9763922 0.2927383 0 0.9484857 0.004800736 0.9487903 0.004800736 0.9796981 0.9410356 0.9364196 0.9458535 0.9364407 0.9458535 0.9737783 0.1691642 0.9810064 0.1691642 0.9507487 0.1739629 0.9504202 0.6844893 0.980703 0.6844893 0.9504454 0.689288 0.9501168 0.9110016 0.9372912 0.9158195 0.9373124 0.9158195 0.97465 0.587322 0.9483441 0.5921227 0.9486487 0.5921227 0.9795565 0.971578 0.3709033 0.971578 0.3335739 0.9763923 0.3335487 0.04263609 0.9901199 0.04631543 0.9900692 0.04631543 0.9949011 0.9938277 0.7728552 0.9980282 0.7728939 0.9980282 0.7777258 0.4158727 0.9760926 0.4158727 0.9387502 0.4206853 0.9387742 0.6762346 0.9504343 0.6810346 0.9501169 0.6810346 0.9806117 0.2823987 0.933669 0.2872139 0.9336498 0.2872139 0.9710071 0.2194159 0.9449469 0.2242164 0.9452478 0.2242164 0.9763855 0.90237 0.9677709 0.90237 0.9303762 0.90718 0.9303669 0.9493082 0.9364086 0.9541177 0.9364113 0.9541177 0.9738133 0.5695368 0.9291557 0.5743472 0.9291513 0.5743472 0.9665523 0.9575769 0.9319389 0.9623818 0.9319371 0.9623818 0.9693396 0.8488104 0.9905238 0.8536201 0.9905164 0.8536201 0.9953484 0.7697274 0.1802921 0.772467 0.1803639 0.772467 0.1831999 0.8212066 0.984986 0.8212066 0.997203 0.8183596 0.997211 0.7630501 0.9844134 0.7630501 0.9967496 0.7602036 0.9967566 0.9939759 0.665148 0.9939759 0.6540436 0.9968229 0.6540244 0.7106283 0.4580329 0.7077814 0.4580279 0.7077814 0.4456812 0.7600587 0.1802921 0.7600587 0.1831278 0.7572968 0.1831926 0.7635135 0.1802921 0.7662727 0.1803572 0.7662727 0.1831932 0.6762346 0.9967309 0.6762346 0.9843848 0.6790815 0.9843892 0.4420689 0.9867705 0.4420689 0.9980177 0.4392219 0.9980356 0.1720108 0.9967976 0.1691642 0.9968039 0.1691642 0.9844684 0.7136334 0.9968727 0.7107865 0.9968795 0.7107865 0.9846104 0.7510626 0.1831856 0.7510626 0.18035 0.753842 0.1802921 0.3694697 0.9722761 0.3764006 0.9722698 0.3764006 0.9868651 0.2279071 0.8303318 0.2424986 0.8303372 0.2424986 0.8839344 0.911299 0.195907 0.911299 0.1430384 0.9182591 0.1430197 0.5937556 0.7844187 0.6083469 0.7844105 0.6083469 0.8380597 0.9159101 0.3464003 0.9089502 0.3463897 0.9089503 0.2927384 0.9163503 0.677323 0.9163504 0.7309742 0.9093906 0.7309636 0.8587515 0.6302706 0.8733428 0.6302623 0.8733428 0.6839116 0.913065 0.5656393 0.920025 0.5656206 0.920025 0.6184892 0.8692627 0.05023688 0.8838542 0.0502423 0.8838542 0.1038395 0.8557412 0.9724591 0.8557412 0.9870544 0.8488103 0.9870607 0.90718 0.9858195 0.9002498 0.9858329 0.9002498 0.9712401 0.9298688 0.9717127 0.936799 0.9716992 0.936799 0.986292 0.5903009 0.7844105 0.5903009 0.8377569 0.5553706 0.837759 0.4621866 0.7819788 0.4621866 0.8353247 0.4272521 0.8353232 0.101194 0.786241 0.101194 0.8395853 0.0673545 0.8395871 0.138488 0.786241 0.138488 0.8395764 0.1046487 0.839581 0.7618336 0.07396721 0.7618336 0.1087548 0.7279947 0.108729 0.9163314 0.6685624 0.913065 0.6680923 0.913065 0.6219636 0.1855251 0.9735551 0.1855252 0.9277514 0.1891136 0.9281724 0.646274 0.9678159 0.6423161 0.9678153 0.642316 0.9206119 0.2136864 0.9739293 0.2100076 0.9735857 0.2100075 0.9277376 0.9794688 0.2470354 0.9763357 0.2465369 0.9763357 0.2003694 0.2494578 0.968616 0.2494579 0.9214135 0.2533907 0.9214397 0.6504923 0.979556 0.6504922 0.9533753 0.6544266 0.9533861 0.3491958 0.9674577 0.3525354 0.9674494 0.3525354 0.9936314 0.9555794 0.1157712 0.9555794 0.08958899 0.9584422 0.08958548 0.983872 0.9878832 0.983872 0.9617009 0.987692 0.9617028 0.9093905 0.73443 0.9123598 0.7344349 0.9123598 0.7606161 0.9841011 0.2882656 0.9841011 0.262084 0.9878304 0.2621108 0.9809392 0.09283739 0.9809392 0.1190166 0.9770392 0.119004 0.5472006 0.9578372 0.5506901 0.9578257 0.55069 0.9840078 0.5784723 0.9875253 0.5784723 0.9613445 0.582312 0.9613724 0.3031328 0.1870382 0.4237974 0.1870221 0.4237974 0.1935262 0 0.2611035 0.1614359 0.2610937 0.1614359 0.2751894 0.5979128 0.9153618 0.5979115 0.9448884 0.5874247 0.9448884 0.3127435 0.9456816 0.3127436 0.9162881 0.323334 0.9162962 0.1533567 0.9140791 0.1533567 0.9436057 0.1427661 0.943606 0.3522479 0.945682 0.3416574 0.9456739 0.3416574 0.9162805 0.7537177 0.4326404 0.7537177 0.4220465 0.7832354 0.4220477 0.3276121 0.945674 0.3276121 0.9162805 0.3382027 0.9162886 0.3822634 0.9138863 0.3822634 0.9434127 0.3716727 0.9434131 0.7923798 0.9460259 0.7923798 0.9166325 0.8029703 0.9166405 0.368218 0.9138863 0.368218 0.9434127 0.3576273 0.9434131 0.7054166 0.9458603 0.694826 0.9458524 0.694826 0.9164589 0.8834155 0.9147697 0.8834155 0.9442962 0.8728249 0.9442967 0.3923946 0.9447966 0.3923946 0.9154031 0.4029851 0.9154111 0.1282587 0.9098535 0.1388495 0.9098531 0.1388495 0.9393796 0.3092889 0.9456895 0.2986983 0.9456816 0.2986983 0.916288 0.8453557 0.914921 0.8453557 0.9444475 0.834765 0.9444479 0.6868252 0.9466611 0.6762346 0.9466531 0.6762347 0.9172596 0.6156623 0.9153556 0.6156623 0.9448821 0.6050717 0.9448825 0.8224124 0.9458043 0.8118219 0.9457963 0.8118219 0.9164028 0.7580413 0.8444471 0.7260057 0.8444488 0.7260057 0.7810194 0.887309 0.1505715 0.887309 0.1011485 0.8919414 0.1011753 0.8914626 0.2399641 0.8877866 0.2383508 0.8877866 0.1974527 0.8373636 0.9110258 0.8330166 0.9100129 0.8330165 0.8699754 0.887309 0.1011485 0.887309 0.05023682 0.8919414 0.0502637 0.8914626 0.1990661 0.8877866 0.1974527 0.8877866 0.1553227 0.8373634 0.8709883 0.8330165 0.8699754 0.8330165 0.8287319 0.9096264 0.5125539 0.9061996 0.5127991 0.9061995 0.4619463 0.8922567 0.2942843 0.8877894 0.2943283 0.8877893 0.2434637 0.8408182 0.8709824 0.8408182 0.8292803 0.8453556 0.8287318 0.9096264 0.5619198 0.9061995 0.5621649 0.9061996 0.5127991 0.8922567 0.3436615 0.8877893 0.3437055 0.8877894 0.2943283 0.8408182 0.9114652 0.8408182 0.8709824 0.8453556 0.870434 0.8033719 0.1870233 0.8220396 0.1870221 0.8220396 0.3632432 0.7812472 0.1870231 0.7999172 0.1870221 0.7999172 0.363236 0.7260057 0.461701 0.7446755 0.4617018 0.7446755 0.6379209 0.8366268 0.4617035 0.8552967 0.461701 0.8552967 0.6378856 0.8476189 0.1870245 0.8662889 0.1870221 0.8662889 0.3632066 0.1427661 0.4341579 0.1614359 0.4341587 0.161436 0.6103778 0.7702551 0.461702 0.7889251 0.461701 0.7889251 0.637915 0.7923799 0.4617021 0.8110475 0.461701 0.8110475 0.6379221 0.7481303 0.461702 0.7668004 0.461701 0.7668004 0.637915 0.7148733 0.1870221 0.7335431 0.1870229 0.7335431 0.363242 0.8145021 0.4617035 0.833172 0.461701 0.833172 0.6378856 0.6313614 0.5858619 0.650029 0.5858609 0.650029 0.7620819 0.8254942 0.1870245 0.8441641 0.1870221 0.8441641 0.3632066 0.7369978 0.3632412 0.7369978 0.1870221 0.7556676 0.1870229 0.7591225 0.1870231 0.7777926 0.1870221 0.7777925 0.363236 0.2600381 0.5941964 0.2787057 0.5941953 0.2787057 0.7704163 0.1641183 0.7118228 0.1641182 0.7892976 0.1427661 0.7892968 0.4085389 0.7477196 0.4224676 0.7477177 0.4224676 0.8251775 0.3031328 0.4225947 0.4232079 0.4226009 0.4232078 0.5433023 0.2919937 0.4211423 0.2919937 0.435238 0.1691642 0.4352326 0.8395726 0.1725546 0.8329149 0.1782199 0.8329149 0.05023682 0.3337237 0.006602823 0.3337238 0.183444 0.3272604 0.1773658 0.1729959 0.1835664 0.1729959 0.1774832 0.3272604 0.1773658 0.1691649 0.5941953 0.1758227 0.5941953 0.175822 0.6082904 0 0.2576291 0 0.08078473 0.01409095 0.08078551 0.01409095 0.08078551 0.01409095 0.07418256 0.1044898 0.07418721 0.522665 0.3868462 0.5195764 0.3926817 0.4397025 0.350368 0.175822 0.6082904 0.182423 0.6082904 0.1824183 0.6987162 0.6068837 0.2915257 0.6002828 0.2915266 0.6002828 0.2011158 0.6068837 0.201115 0.6002828 0.2011158 0.6002828 0.187023 0.8395726 0.1725546 0.8461735 0.1725597 0.8461735 0.1782301 0.1758227 0.5941953 0.1824237 0.5941953 0.182423 0.6082904 0.442791 0.3445325 0.4397025 0.350368 0.4272521 0.3437724 0.327235 0.00660777 0.327235 4.95676e-6 0.3337238 0 0 0.08078473 0 0.07418179 0.01409095 0.07418256 0.01409095 0.07418256 0 0.07418179 0.07474321 0 0.6790081 0.1870433 0.6793114 0.2613732 0.6727933 0.261352 0.4397025 0.350368 0.4710428 0.4509173 0.4585924 0.4443216 0.182423 0.6082904 0.1824237 0.5941953 0.2565835 0.6689608 0.7111154 0.1871474 0.7114186 0.2614773 0.7057243 0.2614588 0.6002828 0.2011158 0.5261197 0.2758788 0.5261197 0.261786 0.6002828 0.2915266 0.5261197 0.2915365 0.5261197 0.2758788 0.1824183 0.6987162 0.182423 0.6082904 0.2565827 0.683056 0.5195764 0.3926817 0.4848756 0.4582453 0.4710428 0.4509173 0.6727933 0.261352 0.6793114 0.2613732 0.6792663 0.2754687 0.7113736 0.2755728 0.7056792 0.2755543 0.7057243 0.2614588 0.7113736 0.2755728 0.7113234 0.2912334 0.7056292 0.291215 0.6727482 0.2754476 0.6792663 0.2754687 0.6792162 0.2911293 0.6962023 0.3600534 0.6962023 0.4504818 0.6697893 0.4504807 0 0.2751992 0.02971124 0.2860759 0.02971124 0.3509727 0.1614359 0.2751894 0.1614359 0.3656189 0.1456396 0.3509656 0.07627815 0.3509699 0.09256649 0.3509688 0.1614359 0.3656189 0.07627815 0.2860731 0 0.2751992 0.1614359 0.2751894 0.07627815 0.2860731 0.09256649 0.2860721 0.09256649 0.3509688 0.5798501 0.8412149 0.5832818 0.8412147 0.5832818 0.9061089 0.9403884 0.7335952 0.9369568 0.7335957 0.9369568 0.6687123 0.6191171 0.9153555 0.6225487 0.9153577 0.6225487 0.9674432 0.9701529 0.07331389 0.9735845 0.07331621 0.9735845 0.1190166 0.6728568 0.1235591 0.6762883 0.1235616 0.6762883 0.1764178 0.9702749 0.02220803 0.9737065 0.02221065 0.9737065 0.06858718 0.9422373 0.5265843 0.9388058 0.5265848 0.9388058 0.4617015 0.9365165 0.2927386 0.9399482 0.2927384 0.9399482 0.3576325 0.0465669 0.7849937 0 0.7849965 0 0.7200997 0.5553706 0.7160578 0.6084437 0.7160546 0.6084437 0.7809514 0.01409095 0.2576299 0.02528101 0.242703 0.08918082 0.2427063 0.01409095 0.08078551 0.1044898 0.08079016 0.08918082 0.08573842 0.08918082 0.1944482 0.1044898 0.08079016 0.1044898 0.2576346 0.02528101 0.194445 0.02528101 0.2089905 0.01409095 0.2576299 0.02528101 0.194445 0.08918082 0.1944482 0.08918082 0.2089939 0.7193301 0.8785124 0.722308 0.8785125 0.722308 0.9424332 0.9583689 0.186488 0.9553914 0.1864882 0.9553914 0.1225668 0.5489897 0.5961713 0.551911 0.5961694 0.551911 0.7048802 0.1774176 0.9504221 0.1803389 0.9504202 0.1803389 0.984133 0.1650298 0.9014614 0.1620653 0.9014636 0.1620653 0.7927557 0.6382339 0.9836478 0.6352694 0.98365 0.6352694 0.9499381 0.958557 0.08612954 0.9555794 0.08612972 0.9555794 0.02220821 0.9553869 0.2003694 0.9583647 0.2003695 0.9583647 0.2642904 0 0.607928 0.06389981 0.6079313 0.06389981 0.7166411 0.8294603 0.1143094 0.8294603 0.1782283 0.7957578 0.1782301 0.08883416 7.54516e-7 0.1044898 1.56594e-6 0.08931571 0.01849842 0.1044898 0.07418721 0.08931571 0.07097077 0.08931571 0.01849842 0.01409095 0.07418256 0.08883416 7.54516e-7 0.07824236 0.01849782 0.01409095 0.07418256 0.02537566 0.07096743 0.08931571 0.07097077 0.2279071 0.8873901 0.2305762 0.8873902 0.2305762 0.9513512 0.7872939 0.9527424 0.787449 0.9638184 0.7847803 0.9638559 0.1691642 0.4352326 0.1781083 0.445739 0.1781083 0.5111104 0.2919937 0.435238 0.2919937 0.5256664 0.266977 0.5111143 0.2306516 0.5111128 0.2919937 0.5256664 0.1691642 0.5256612 0.2306516 0.4457413 0.2144337 0.4457406 0.1691642 0.4352326 0.2144338 0.511112 0.2144337 0.4457406 0.2306516 0.4457413 0.9598591 0.3581078 0.9570539 0.358108 0.9570539 0.2927385 0.9571215 0.565621 0.9599267 0.5656206 0.9599267 0.6309792 0.4420271 0.9833148 0.4392219 0.9833129 0.4392219 0.9476677 0.8633461 0.9834812 0.8605409 0.9834793 0.8605409 0.947834 0.7221353 0.9820638 0.7193301 0.9820617 0.7193301 0.9458891 0.139292 0.9790105 0.1364869 0.9790084 0.1364869 0.9428358 0.9593859 0.4468031 0.9565808 0.4468033 0.9565808 0.3814338 0.9574943 0.6687123 0.9602995 0.6687119 0.9602995 0.7340705 0.3031327 0.8131003 0.3031328 0.747729 0.3394582 0.7477306 0.7835468 0.06537139 0.7835468 0 0.8198722 1.58697e-6 0.0935828 0.745266 0.0935828 0.7827839 0.0673545 0.7827852 0.1198112 0.7717058 0.1198112 0.7827824 0.0935828 0.7827839 0.2821605 0.6460613 0.2962518 0.5941953 0.2962518 0.7492039 0.8453556 0.7734534 0.8312641 0.8252753 0.831264 0.6967283 0.3887829 0.006722509 0.3887665 0.1171804 0.3371865 0.117212 0.439851 0.006691277 0.4398345 0.1171492 0.3887665 0.1171804 0.3371865 0.117212 0.3887665 0.1171804 0.3887585 0.170821 0.4398266 0.1707897 0.3887585 0.170821 0.3887665 0.1171804 0.4398266 0.1707897 0.4398345 0.1171492 0.4914382 0.1171176 0.4651478 0.006675779 0.4914382 0.1171176 0.4398345 0.1171492 0.4651478 0.006675779 0.4651488 1.61192e-5 0.4914429 0 0.3711862 0.8768507 0.3711862 0.9104298 0.3576272 0.9104306 0.1563249 0.8770436 0.1563249 0.9106227 0.1427661 0.9106233 0.5675846 0.7125984 0.5675846 0.5858634 0.6214033 0.5858612 0.2156416 0.8214591 0.213724 0.8214576 0.213724 0.7757857 0.9821411 0.7137193 0.9802235 0.7137181 0.9802235 0.6687119 0.2564404 0.8232169 0.2545228 0.823217 0.2545228 0.7878104 0.06162035 0.9462956 0.06353789 0.9462953 0.06353789 0.9816961 0.03539705 0.8343307 0.03382861 0.8322979 0.03382861 0.7904852 0 0.7884537 0.001568496 0.7904866 0.001568496 0.8322993 0.03539705 0.7884522 0.03382861 0.7904852 0.001568496 0.7904866 0.03539705 0.8343307 0 0.8343323 0.001568496 0.8322993 0.902625 0.4118167 0.900915 0.4118168 0.900915 0.379548 0.827783 0.878529 0.829493 0.8785287 0.829493 0.9107921 0.04631543 0.9866135 0.04460549 0.9866122 0.04460549 0.9449878 0.1240645 0.9871181 0.1223545 0.9871171 0.1223545 0.9460995 0.8158069 0.1106414 0.7835468 0.1106428 0.7835468 0.06883007 0.8922339 0 0.8922339 0.03226971 0.8722814 0.03229308 0.4005498 0.9482607 0.4018101 0.9482605 0.4018101 0.9805239 0.8441805 0.9801724 0.8429203 0.9801725 0.8429203 0.9479037 0.9101837 0.3501149 0.9101837 0.37009 0.9089503 0.3698312 0.6903253 0.8765837 0.6890909 0.8768372 0.6890909 0.8565847 0.3866916 0.8680163 0.3866916 0.8477406 0.3879247 0.847998 0.4225724 0.8827986 0.4213421 0.8830661 0.4213421 0.8630394 0.8212066 0.9492601 0.8212066 0.9815235 0.8199883 0.9815302 0.7799506 0.9648846 0.7799506 0.9326159 0.7811692 0.9326128 0.06281185 0.8759927 0.04460549 0.875939 0.04460549 0.8436692 0.9965546 0.5544858 0.9934555 0.5544896 0.9934555 0.5401223 0.959857 0.3756577 0.9570539 0.3759329 0.9570539 0.3618389 0.1618277 0.9921007 0.1596148 0.9920627 0.1596148 0.9776971 0.1596148 0.9776971 0.1596148 0.9920627 0.1568114 0.9920868 0.9938278 0.7193955 0.9969258 0.7194446 0.9969258 0.7337471 0.8896352 0.3471612 0.8926221 0.348132 0.8896351 0.3522432 0.01936578 0.9923348 0.01936578 0.9891952 0.02419811 0.9907676 0.8441803 0.9836673 0.8441805 0.9980292 0.8413639 0.9979901 0.7029792 0.982114 0.7060918 0.9820716 0.7060918 0.9963659 0.9968898 0.09681516 0.9968898 0.1111804 0.9937956 0.1111704 0.9891381 0.1788781 0.9863824 0.1785942 0.9863824 0.1644838 0.9914224 0.1784719 0.9891381 0.1788781 0.9891381 0.1647677 0.9965546 0.5222919 0.9965546 0.5366593 0.9934555 0.5366629 0.6872924 0.9841588 0.6872924 0.9982529 0.6844893 0.998528 0.9160179 0.9925091 0.913805 0.9924712 0.913805 0.9781056 0.913805 0.9781056 0.913805 0.9924712 0.9110016 0.9924954 0.9937956 0.1467724 0.9937956 0.1324698 0.9968935 0.1325189 0.8850564 0.7835602 0.8869022 0.7810184 0.8898884 0.7851302 0.9050783 0.9902531 0.9050783 0.9933919 0.9002498 0.9918313 0.5179211 0.9900468 0.5179211 0.9757142 0.5205191 0.9755909 0.5154401 0.9899121 0.5154401 0.9755796 0.5179211 0.9757142 0.7535458 0.9974679 0.7505956 0.9976872 0.7505956 0.9836203 0.9909114 0.3603719 0.9940502 0.3603654 0.9940502 0.3747069 0.2276855 0.997329 0.2276855 0.9830133 0.2306872 0.9830918 0.2926139 0.9749123 0.2949792 0.9751307 0.2949792 0.9894179 0.0111519 0.9834988 0.0111519 0.9978406 0.008255481 0.9979134 0.5904455 0.9971963 0.5873221 0.9971362 0.587322 0.9830121 0.9939875 0.3249626 0.9939876 0.3106131 0.9970461 0.3105773 0.289918 0.9893698 0.289918 0.9750826 0.2926139 0.9749123 0.5553706 0.9922276 0.5572159 0.9896881 0.5602019 0.9937875 0.9915204 0.09001451 0.9915204 0.07564729 0.9946317 0.07564401 0.9263682 0.9916456 0.9239002 0.9916517 0.9239002 0.9772841 0.9239002 0.9772841 0.9239002 0.9916517 0.9212903 0.9916462 0.8146339 0.9841331 0.8146339 0.9985004 0.8118219 0.9985096 0.6535334 0.9973896 0.6504922 0.9973959 0.6504922 0.9830287 0.868482 0.7835596 0.8703277 0.7810185 0.8733143 0.7851311 0.876769 0.7851297 0.876769 0.7819885 0.8816016 0.78356 0.2242164 0.9798774 0.2242164 0.9942397 0.221364 0.9942034 0.9558869 0.5603579 0.9527491 0.5603581 0.9527491 0.5459904 0.4786025 0.9824286 0.4786025 0.9967902 0.4755052 0.9967751 0.9974066 0.9123523 0.9944012 0.9123483 0.9944013 0.8979809 0.221364 0.9942034 0.2192326 0.9942671 0.2192326 0.9799048 0.9915634 0.8532848 0.9946749 0.8532815 0.9946749 0.8676488 0.2150854 0.9773851 0.2150854 0.9917528 0.2126173 0.9917587 0.2126173 0.9917587 0.2100076 0.9917533 0.2100075 0.9773857 0.3304241 0.9985181 0.3276121 0.9985274 0.3276121 0.98416 0.9970599 0 0.99706 0.01436716 0.9940187 0.01437348 0.8717486 0.4563626 0.8717486 0.4532215 0.8765814 0.4547926 0.9346997 0.9922939 0.9328545 0.9948337 0.9298689 0.9907357 0.06982356 0.9914957 0.06982356 0.9771535 0.07243251 0.9770495 0.0673545 0.99138 0.0673545 0.9770379 0.06982356 0.9771535 0.3513866 0.9635092 0.3513866 0.9491416 0.3540831 0.9491379 0.9914967 0.381435 0.9946373 0.3814336 0.9946373 0.395775 0.9973177 0.9479394 0.9944012 0.9479659 0.9944012 0.933602 0.9742497 0.9944923 0.9720886 0.9944727 0.9720886 0.9801055 0.9977403 0.1643615 0.9977403 0.1787039 0.9948772 0.1787804 0.994643 0.07218623 0.9915202 0.07218825 0.9915202 0.05782085 0.993976 0.6148915 0.993976 0.6005505 0.9970303 0.600506 0.9770848 0.9944806 0.9742497 0.9944923 0.9742497 0.9801252 0.1427661 0.9896811 0.1457523 0.9887143 0.1457523 0.9937921 0.3832646 0.9902735 0.3851051 0.9928038 0.3802862 0.994392 0.893393 0.9761291 0.893393 0.9904463 0.8907261 0.9903073 0.9939873 0.342724 0.9939873 0.3284184 0.9970515 0.3284823 0 0.9832187 0.003124356 0.9831537 0.003124356 0.9972195 0.1311455 0.9836441 0.1311455 0.997936 0.1282587 0.9978092 0.8907261 0.9903073 0.8883246 0.9904769 0.8883246 0.9761597 0.9938278 0.7372028 0.9969113 0.7372058 0.9969113 0.7515732 0.9915202 0.0400362 0.9946603 0.04003179 0.9946603 0.05435872 0.9954131 0.2015767 0.9954131 0.2159416 0.9923067 0.2159507 0.248315 0.986423 0.248315 0.9720976 0.2507629 0.9722484 0.2507629 0.9865738 0.2507629 0.9722484 0.2533906 0.9721167 0.2531352 0.9941333 0.248315 0.992574 0.2501562 0.9900296 0.1601982 0.9058894 0.1631844 0.9049193 0.1631843 0.9100022 0.9716455 0.6230136 0.9716455 0.6086466 0.9747801 0.6086484 0.4186998 0.9795722 0.4186998 0.9939359 0.4158726 0.9939681 0.4208742 0.9939892 0.4186998 0.9939359 0.4186998 0.9795722 0.3923946 0.9977427 0.3923946 0.9833751 0.3954166 0.9833751 0.9923066 0.198121 0.9923066 0.183757 0.9954132 0.1837466 0.9493082 0.9772728 0.95195 0.977294 0.9519501 0.9916605 0.9519501 0.9916605 0.95195 0.977294 0.9543816 0.9772692 0.9955243 0.6687177 0.9955243 0.6830843 0.9924214 0.6830785 0.9939759 0.6183559 0.9970312 0.6183473 0.9970312 0.6327139 0.4018101 0.9839971 0.4018101 0.9983636 0.3989725 0.9983462 0.868885 0.6873754 0.8718719 0.6883461 0.868885 0.6924582 0.9402639 0.8707249 0.9432498 0.8716952 0.9402638 0.8758079 0.9738566 0.5169314 0.9738566 0.5025644 0.9769912 0.5025662 0.7288328 0.9789262 0.7288328 0.9932898 0.7260057 0.993322 0.7310072 0.9933433 0.7288328 0.9932898 0.7288328 0.9789262 0.9944013 0.8801576 0.9974233 0.8801575 0.9974233 0.8945252 0.5398986 0.9808234 0.5430052 0.980813 0.5430052 0.995177 0.9879719 0.7131484 0.9855958 0.7133231 0.9855958 0.6990075 0.1374854 0.9835174 0.1374854 0.9978791 0.1346003 0.9979147 0.8347649 0.9830667 0.8378965 0.9830182 0.8378965 0.9970837 0.9939875 0.3071216 0.9939875 0.2927646 0.9970526 0.2927383 0.9906593 0.698971 0.9906593 0.7132866 0.9879719 0.7131484 0.2751701 0.9882528 0.2770142 0.9907945 0.2721862 0.9923647 0.9467046 0.8716943 0.9515371 0.8732663 0.9496912 0.8758063 0.9965623 0.5579453 0.9965623 0.5722482 0.9934555 0.5722918 0.1863237 0.9918575 0.1863237 0.9774959 0.1891136 0.9774541 0.1840898 0.977432 0.1863237 0.9774959 0.1863237 0.9918575 0.6948261 0.9982935 0.6948261 0.9841996 0.6976256 0.9844762 0.9923067 0.2516116 0.9923067 0.2372546 0.9954104 0.2372361 0.08135801 0.990091 0.08434092 0.9910692 0.08135801 0.9951651 0.0819624 0.9866352 0.0819624 0.9723098 0.08459013 0.9721781 0.07951456 0.972159 0.0819624 0.9723098 0.0819624 0.9866352 0.9954131 0.2194064 0.9954131 0.2337713 0.9923067 0.2337805 0.9914968 0.4170303 0.9946368 0.4170259 0.9946368 0.4313529 0.9938278 0.755029 0.9969112 0.7550321 0.9969112 0.7693995 0.9599254 0.7486824 0.9574943 0.7486763 0.9574943 0.7375267 0.8029515 0.9606259 0.8005329 0.960597 0.8005329 0.9494898 0.8005329 0.9752195 0.8005329 0.9640815 0.8028892 0.9641168 0.9477396 0.7360818 0.9460172 0.7362424 0.9460172 0.7251352 0.9460172 0.7251352 0.9460172 0.7362424 0.9438432 0.7361397 0.6735275 0.4559143 0.6697892 0.4571197 0.6697892 0.4546825 0.9946511 0.03657609 0.9915202 0.03656804 0.9915202 0.02220809 0.9954086 0.8007796 0.9922934 0.8007429 0.9922934 0.7864365 0.9939759 0.6505236 0.9939759 0.6361783 0.9970113 0.6362233 0.9458535 0.977234 0.9458535 0.9915404 0.9436342 0.9917453 0.9436342 0.9774389 0.9436342 0.9917453 0.9408349 0.9916139 0.3713137 0.990327 0.3742975 0.9913058 0.3713137 0.9953926 0.4167749 0.5846053 0.4202362 0.546758 0.4202362 0.6602995 0.7868275 0.7325684 0.7889251 0.7684178 0.7828146 0.8042662 0.1357127 0.5925742 0.1378016 0.6304171 0.1316898 0.6682595 0.1357561 0.7075651 0.1378014 0.7434147 0.1316897 0.7792638 0.06281185 0.8402127 0.05002164 0.8402134 0.05002158 0.7627376 0.6310901 6.20533e-6 0.6310901 0.1200971 0.5846866 0.1201033 0.6774935 0.120091 0.6310901 0.1200971 0.6310901 6.20533e-6 0.299678 0.2473629 0.299678 0.4176737 0.1729959 0.4176813 0.5675846 0.7125984 0.5553706 0.7125989 0.5553706 0.585864 0.3895136 0.247355 0.3374165 0.2473619 0.3031328 0.1935422 0.3895136 0.3178263 0.3895136 0.247355 0.4237974 0.2473504 0.3374165 0.3178332 0.3031328 0.3674575 0.3031328 0.2473665 0.3031328 0.3674575 0.3374165 0.3178332 0.3895136 0.3178263 0.8960998 0.3471614 0.8974602 0.3471612 0.8974602 0.4176471 0.3539485 0.8599174 0.3525879 0.8599173 0.3525879 0.7894323 0.9671711 0.9928612 0.9658364 0.9928621 0.9658364 0.9407487 0.524917 0.8417289 0.5262715 0.8417278 0.5262715 0.8938399 0.4958538 0.7858068 0.4958538 0.7153356 0.5479509 0.7153287 0.6193684 0.8764972 0.6193684 0.9118979 0.6050716 0.9118998 0.01266688 0.8846183 0.01266688 0.9157007 0 0.9157015 0.6727798 0.8854406 0.6727798 0.916523 0.660113 0.9165238 0.4272521 0.973268 0.4340964 0.9732726 0.4340964 0.9878684 0.3644717 0.9878124 0.3576272 0.9878079 0.3576272 0.973212 0.6669447 0.9739241 0.6669447 0.9885198 0.660113 0.9885277 0.8843345 0.2434199 0.8843345 0.2962912 0.8697436 0.2963191 0.9110016 0.8683608 0.9110016 0.8145181 0.9178357 0.8144627 0.8692628 0.1073544 0.8838511 0.1072952 0.8838511 0.1601782 0.9078443 0.1969137 0.9009149 0.1969064 0.9009149 0.1430197 0.4586608 0.8387877 0.4586609 0.8926743 0.4517314 0.8926671 0.8697436 0.1870812 0.8843319 0.1870221 0.8843319 0.239905 0.2473487 0.8944604 0.2473487 0.8406177 0.2541828 0.8405622 0.8843345 0.3526461 0.8697437 0.352674 0.8697437 0.2998027 0.7716859 0.9734805 0.7785177 0.9734726 0.7785176 0.9880683 0.5784723 0.9910089 0.5832817 0.991014 0.5832818 0.9958463 0.974708 0.827178 0.9794478 0.8271871 0.9794478 0.8645881 0.9738567 0.4617065 0.9785983 0.461701 0.9785983 0.4991031 0.5388222 0.9399433 0.5435631 0.9399625 0.5435631 0.9773573 0.9720184 0.7061144 0.9720183 0.6687119 0.9767687 0.668715 0.3276121 0.9806951 0.3276121 0.9497342 0.3323249 0.9491379 0.9720888 0.8802344 0.9768493 0.8801575 0.9768493 0.9173966 0.3923946 0.9482606 0.3970951 0.9488834 0.3970951 0.9799194 0.1282587 0.9799731 0.1282587 0.9428358 0.1330322 0.9429244 0.5077069 0.9935188 0.5116949 0.9937773 0.511695 0.9985881 0.9584555 0.9945366 0.9623818 0.9942699 0.9623818 0.9990807 0.4738376 0.9789578 0.4738376 0.9417542 0.4786025 0.941672 0.694826 0.980744 0.694826 0.949955 0.6995244 0.9493163 0.7107865 0.9439589 0.7155653 0.9440492 0.7155652 0.9811478 0.8118218 0.9800718 0.8118218 0.9492601 0.8165335 0.9498656 0.2986983 0.9491454 0.3034099 0.9497509 0.3034099 0.9805626 0.9762585 0.7193955 0.9810372 0.7194858 0.9810372 0.7565844 0.7923798 0.9809175 0.7923798 0.9501285 0.7970782 0.9494898 0.974708 0.8237223 0.974708 0.7865187 0.9794729 0.7864366 0.8883247 0.9941994 0.892251 0.9939326 0.892251 0.9987434 0.9939874 0.3462437 0.9979754 0.3465022 0.9979754 0.351313 0.9758751 0.5594292 0.9758751 0.5222919 0.9806486 0.5223805 0.834765 0.9479036 0.8394656 0.9485265 0.8394656 0.9795626 0.9720886 0.921006 0.9768493 0.9209291 0.9768493 0.9581681 0.008255481 0.980043 0.008255481 0.949082 0.0129683 0.9484857 0.9716455 0.6638737 0.9716455 0.6264712 0.9763959 0.6264743 0.5306267 0.9399433 0.5353676 0.9399625 0.5353676 0.9773573 0.4656413 0.9416776 0.4703829 0.941672 0.4703829 0.9790741 0.7505956 0.9425352 0.7553355 0.9425442 0.7553355 0.9799452 0.9465423 0.2566341 0.9465423 0.2614663 0.9417329 0.2614613 0.9784714 0.1969048 0.9742582 0.1967446 0.9742581 0.1844852 0.05396103 0.9837716 0.04977738 0.9834337 0.04977738 0.9713471 0.0581656 0.9713568 0.0581656 0.9834434 0.05396103 0.9837716 0.9203229 0.1163652 0.9245874 0.1160698 0.9245874 0.1281611 0.9162066 0.1160019 0.9203229 0.1163652 0.9203229 0.1284564 0.9457623 0.8103558 0.9415744 0.810675 0.9415744 0.798566 0.9499627 0.7985605 0.9499627 0.8106694 0.9457623 0.8103558 0.9742581 0.1844852 0.9742582 0.1967446 0.9700835 0.1969137 0.3694697 0.9470731 0.3778778 0.946869 0.3782793 0.9547697 0.9475002 0.5358731 0.9391927 0.5358677 0.9402496 0.5300405 0.9471133 0.5438129 0.9388059 0.5438073 0.9391927 0.5358677 0.9475002 0.5517376 0.9391927 0.5517322 0.9388059 0.5438073 0.9485571 0.557524 0.9402496 0.5575186 0.9391927 0.5517322 0.9510124 0.1209578 0.9502154 0.1287655 0.9419275 0.1284153 0.9510124 0.112935 0.9510124 0.1209578 0.9427245 0.1206076 0.9419275 0.1064965 0.9502154 0.1068466 0.9510124 0.112935 0.5237321 0.9641698 0.5241393 0.9721142 0.5158472 0.9721238 0.5158472 0.9562596 0.5241393 0.95625 0.5237321 0.9641698 0.3698711 0.9629316 0.3782793 0.9627275 0.3778778 0.9686102 0.3698711 0.9549738 0.3782793 0.9547697 0.3782793 0.9627275 0.691398 0.555211 0.6982198 0.5552023 0.7010446 0.5728019 0.691398 0.555211 0.6914161 0.5331909 0.6968467 0.5331841 0.6914161 0.5331909 0.6914456 0.5134788 0.696264 0.5134727 0.6914898 0.4938144 0.6964088 0.4938081 0.696264 0.5134727 0.6914898 0.4938144 0.6915304 0.4771667 0.6966841 0.4771601 0.6915715 0.4618836 0.6971272 0.4618766 0.6966841 0.4771601 0.6982198 0.5552023 0.70436 0.5551499 0.7097088 0.5727278 0.6982198 0.5552023 0.6968467 0.5331841 0.7017346 0.5331423 0.696264 0.5134727 0.7006011 0.5134356 0.7017346 0.5331423 0.6964088 0.4938081 0.7008365 0.4937703 0.7006011 0.5134356 0.6964088 0.4938081 0.6966841 0.4771601 0.7013229 0.4771205 0.6971272 0.4618766 0.7021277 0.4618338 0.7013229 0.4771205 0.5091165 0.689442 0.514088 0.6894567 0.5088834 0.7069048 0.5091165 0.689442 0.512706 0.667499 0.5166636 0.6675107 0.5142801 0.6478187 0.5177916 0.6478291 0.5166636 0.6675107 0.5140099 0.6281443 0.5175948 0.6281548 0.5177916 0.6478291 0.5140099 0.6281443 0.5133943 0.6114793 0.5171501 0.6114903 0.5123464 0.5961695 0.5163952 0.5961814 0.5171501 0.6114903 0.514088 0.6894567 0.5203009 0.6894644 0.5176503 0.7069157 0.5166636 0.6675107 0.5216094 0.6675168 0.5203009 0.6894644 0.5177916 0.6478291 0.52218 0.6478345 0.5216094 0.6675168 0.5177916 0.6478291 0.5175948 0.6281548 0.5220748 0.6281604 0.5171501 0.6114903 0.5218439 0.6114962 0.5220748 0.6281604 0.5163952 0.5961814 0.521455 0.5961877 0.5218439 0.6114962 0.5176503 0.7069157 0.5203009 0.6894644 0.5271472 0.6894644 0.5216094 0.6675168 0.5270595 0.6675168 0.5271472 0.6894644 0.52218 0.6478345 0.5270159 0.6478345 0.5270595 0.6675168 0.5220748 0.6281604 0.5270115 0.6281604 0.5270159 0.6478345 0.5218439 0.6114962 0.5270161 0.6114962 0.5270115 0.6281604 0.521455 0.5961877 0.5270306 0.5961877 0.5270161 0.6114962 0.5271472 0.6894644 0.5339568 0.6894567 0.5369191 0.7069048 0.5270595 0.6675168 0.5324802 0.6675107 0.5339568 0.6894567 0.5270159 0.6478345 0.5318257 0.6478291 0.5324802 0.6675107 0.5270115 0.6281604 0.5319217 0.6281548 0.5318257 0.6478291 0.5270161 0.6114962 0.5321605 0.6114903 0.5319217 0.6281548 0.5270161 0.6114962 0.5270306 0.5961877 0.5325762 0.5961814 0.5369191 0.7069048 0.5339568 0.6894567 0.5400628 0.689442 0.5324802 0.6675107 0.5373411 0.667499 0.5400628 0.689442 0.5318257 0.6478291 0.5361386 0.6478187 0.5373411 0.667499 0.5319217 0.6281548 0.5363247 0.6281443 0.5361386 0.6478187 0.5321605 0.6114903 0.5367735 0.6114793 0.5363247 0.6281443 0.5325762 0.5961814 0.5375489 0.5961695 0.5367735 0.6114793 0.6882424 0.09328669 0.6931574 0.0933265 0.6878837 0.1108241 0.6918417 0.07132482 0.6957544 0.07135653 0.6931574 0.0933265 0.6934104 0.05163663 0.6968821 0.05166476 0.6957544 0.07135653 0.6931187 0.03196442 0.6966629 0.03199315 0.6968821 0.05166476 0.6924815 0.01530349 0.6961948 0.01533359 0.6966629 0.03199315 0.6914097 0 0.6954125 3.24837e-5 0.6961948 0.01533359 0.6931574 0.0933265 0.6993346 0.09334743 0.6966 0.1108537 0.6931574 0.0933265 0.6957544 0.07135653 0.7006719 0.07137322 0.6968821 0.05166476 0.7012453 0.05167955 0.7006719 0.07137322 0.6966629 0.03199315 0.7011171 0.03200829 0.7012453 0.05167955 0.6961948 0.01533359 0.7008615 0.01534938 0.7011171 0.03200829 0.6954125 3.24837e-5 0.7004431 4.95396e-5 0.7008615 0.01534938 0.6993346 0.09334743 0.7061693 0.09334743 0.7062438 0.1108536 0.6993346 0.09334743 0.7006719 0.07137322 0.7061126 0.07137322 0.7012453 0.05167955 0.7060728 0.05167955 0.7061126 0.07137322 0.7012453 0.05167955 0.7011171 0.03200829 0.7060455 0.03200829 0.7008615 0.01534938 0.7060249 0.01534938 0.7060455 0.03200829 0.7004431 4.95396e-5 0.7060092 4.95377e-5 0.7060249 0.01534938 0.7062438 0.1108536 0.7061693 0.09334743 0.7129922 0.0933265 0.7061126 0.07137322 0.7115441 0.07135653 0.7129922 0.0933265 0.7060728 0.05167955 0.7108922 0.05166476 0.7115441 0.07135653 0.7060728 0.05167955 0.7060455 0.03200829 0.7109653 0.03199315 0.7060249 0.01534938 0.7111794 0.01533359 0.7109653 0.03199315 0.7060092 4.95377e-5 0.7115657 3.24838e-5 0.7111794 0.01533359 0.7129922 0.0933265 0.7191357 0.09328669 0.72454 0.1107679 0.7115441 0.07135653 0.7164347 0.07132482 0.7191357 0.09328669 0.7108922 0.05166476 0.7152315 0.05163663 0.7164347 0.07132482 0.7108922 0.05166476 0.7109653 0.03199315 0.7153953 0.03196442 0.7111794 0.01533359 0.7158207 0.01530349 0.7153953 0.03196442 0.7115657 3.24838e-5 0.716569 0 0.7158207 0.01530349 0.6674381 0.7170703 0.6723626 0.7170459 0.6670617 0.7344163 0.6710844 0.6951581 0.6750046 0.6951388 0.6723626 0.7170459 0.6726975 0.6754915 0.6761759 0.6754743 0.6750046 0.6951388 0.6724529 0.655815 0.6760039 0.6557975 0.6761759 0.6754743 0.6718561 0.6391451 0.6755765 0.6391267 0.6760039 0.6557975 0.6718561 0.6391451 0.670822 0.6238266 0.6748326 0.6238067 0.6723626 0.7170459 0.6785458 0.7170332 0.6757864 0.7343982 0.6723626 0.7170459 0.6750046 0.6951388 0.6799268 0.6951285 0.6750046 0.6951388 0.6761759 0.6754743 0.6805433 0.6754652 0.6760039 0.6557975 0.6804624 0.6557882 0.6805433 0.6754652 0.6755765 0.6391267 0.6802477 0.639117 0.6804624 0.6557882 0.6755765 0.6391267 0.6748326 0.6238067 0.6798681 0.6237964 0.6757864 0.7343982 0.6785458 0.7170332 0.6853824 0.7170332 0.6799268 0.6951285 0.6853691 0.6951285 0.6853824 0.7170332 0.6805433 0.6754652 0.6853722 0.6754652 0.6853691 0.6951285 0.6804624 0.6557882 0.6853922 0.6557882 0.6853722 0.6754652 0.6802477 0.639117 0.6854126 0.639117 0.6853922 0.6557882 0.6798681 0.6237964 0.6854358 0.6237964 0.6854126 0.639117 0.6853824 0.7170332 0.6922032 0.7170459 0.6950575 0.7344163 0.6853691 0.6951285 0.6907988 0.6951388 0.6922032 0.7170459 0.6853722 0.6754652 0.69019 0.6754743 0.6907988 0.6951388 0.6853922 0.6557882 0.6903105 0.6557975 0.69019 0.6754743 0.6854126 0.639117 0.6905656 0.6391267 0.6903105 0.6557975 0.6854358 0.6237964 0.6909906 0.6238068 0.6905656 0.6391267 0.6950575 0.7344163 0.6922032 0.7170459 0.6983405 0.7170703 0.6907988 0.6951388 0.6956845 0.6951581 0.6983405 0.7170703 0.69019 0.6754743 0.694525 0.6754915 0.6956845 0.6951581 0.69019 0.6754743 0.6903105 0.6557975 0.6947361 0.655815 0.6905656 0.6391267 0.6952022 0.6391451 0.6947361 0.655815 0.6909906 0.6238068 0.6959888 0.6238266 0.6952022 0.6391451 0.6661102 0.5724977 0.6734619 0.5549868 0.678382 0.5550976 0.6771379 0.5330125 0.6810546 0.5331007 0.678382 0.5550976 0.6787767 0.5133205 0.6822519 0.5133987 0.6810546 0.5331007 0.6785564 0.4936527 0.6821042 0.4937326 0.6822519 0.5133987 0.6779801 0.4769973 0.6816971 0.477081 0.6821042 0.4937326 0.6769644 0.461701 0.6809714 0.4617913 0.6816971 0.477081 0.678382 0.5550976 0.6845624 0.5551749 0.6817735 0.5727631 0.6810546 0.5331007 0.6859746 0.5331622 0.6845624 0.5551749 0.6822519 0.5133987 0.6866173 0.5134533 0.6859746 0.5331622 0.6821042 0.4937326 0.6865608 0.4937883 0.6866173 0.5134533 0.6821042 0.4937326 0.6816971 0.477081 0.6863662 0.4771394 0.6809714 0.4617913 0.6860046 0.4618542 0.6863662 0.4771394 0.6817735 0.5727631 0.6845624 0.5551749 0.691398 0.555211 0.6859746 0.5331622 0.6914161 0.5331909 0.691398 0.555211 0.6866173 0.5134533 0.6914456 0.5134788 0.6914161 0.5331909 0.6865608 0.4937883 0.6914898 0.4938144 0.6914456 0.5134788 0.6863662 0.4771394 0.6915304 0.4771667 0.6914898 0.4938144 0.6860046 0.4618542 0.6915715 0.4618836 0.6915304 0.4771667 0.5377806 0.8768422 0.5350468 0.8821942 0.5306267 0.8735373 0.5409262 0.8966839 0.5365716 0.8918069 0.5350468 0.8821942 0.5350522 0.9014341 0.5365716 0.8918069 0.5409262 0.8966839 0.7697179 0.09705126 0.7741116 0.0922271 0.7756299 0.1018607 0.7083655 0.5777956 0.7002512 0.5740696 0.7010446 0.5728019 0.5103253 0.711873 0.4958538 0.7118304 0.5018686 0.7068842 0.8874434 0.8972544 0.8919671 0.8929172 0.8919671 0.9026379 0.7800522 0.0739414 0.7756354 0.08260679 0.7728658 0.07719987 0.7756354 0.08260679 0.7741116 0.0922271 0.7697179 0.09705126 0.6744444 0.5777275 0.6730527 0.5726541 0.6817735 0.5727631 0.6601131 0.5774047 0.6661102 0.5724977 0.6730527 0.5726541 0.7026253 0.7861336 0.7063347 0.7780087 0.7075623 0.7787654 0.7502629 0.4370244 0.7502629 0.4426566 0.7440087 0.4416571 0.7502629 0.4426566 0.7485309 0.4480121 0.7428888 0.4451197 0.7485309 0.4480121 0.7452362 0.4525665 0.7407587 0.4480643 0.7452362 0.4525665 0.7407016 0.455874 0.7378268 0.4502028 0.7407016 0.455874 0.7353707 0.4576109 0.7343801 0.4513258 0.7353707 0.4576109 0.7297655 0.4576072 0.7307561 0.4513234 0.7244347 0.4558631 0.7273094 0.4501958 0.7307561 0.4513234 0.7199 0.4525496 0.7243775 0.4480534 0.7273094 0.4501958 0.7199 0.4525496 0.7166054 0.4479908 0.7222474 0.4451059 0.7166054 0.4479908 0.7148733 0.442633 0.7211275 0.4416418 0.7148733 0.442633 0.7148733 0.4370008 0.7211275 0.4380003 0.7148733 0.4370008 0.7166053 0.4316453 0.7222474 0.4345377 0.7199 0.4270909 0.7243775 0.4315931 0.7222474 0.4345377 0.7244346 0.4237834 0.7273094 0.4294546 0.7243775 0.4315931 0.7244346 0.4237834 0.7297655 0.4220464 0.7307561 0.4283316 0.7353706 0.4220502 0.7343801 0.428334 0.7307561 0.4283316 0.7407015 0.4237942 0.7378268 0.4294616 0.7343801 0.428334 0.7407015 0.4237942 0.7452362 0.4271079 0.7407587 0.431604 0.7485308 0.4316666 0.7428888 0.4345515 0.7407587 0.431604 0.7502629 0.4370244 0.7440087 0.4380156 0.7428888 0.4345515 0.7614961 0.9434208 0.7682085 0.943413 0.7682313 0.9623629 0.9588717 0.6652368 0.9521601 0.6652562 0.9521067 0.6463062 0.7615014 0.9376717 0.7682138 0.937664 0.7682085 0.943413 0.9588183 0.6462869 0.9521067 0.6463062 0.9521192 0.640573 0.7615189 0.9326207 0.7682313 0.9326128 0.7682138 0.937664 0.9588307 0.6405537 0.9521192 0.640573 0.9521601 0.6355524 0.7381164 0.9524449 0.7447012 0.9524406 0.7454617 0.9569739 0.7388769 0.9252142 0.7454617 0.9252099 0.7447012 0.9297176 0.737634 0.9469958 0.7442187 0.9469915 0.7447012 0.9524406 0.7381164 0.9297219 0.7447012 0.9297176 0.7442187 0.9351505 0.7374687 0.9410725 0.7440534 0.9410682 0.7442187 0.9469915 0.737634 0.9351547 0.7442187 0.9351505 0.7440534 0.9410682 0.589102 0.1564028 0.585788 0.1581457 0.5846866 0.1504817 0.589102 0.1445619 0.5882512 0.1504822 0.5846866 0.1504817 0.5915855 0.161844 0.5890028 0.1651892 0.585788 0.1581457 0.5915855 0.1391214 0.589102 0.1445619 0.585788 0.1428181 0.5955005 0.166365 0.5940706 0.1710414 0.5890028 0.1651892 0.5955005 0.1346014 0.5915855 0.1391214 0.5890028 0.1357755 0.6005299 0.1695994 0.6005811 0.1752283 0.5940706 0.1710414 0.6005299 0.1313683 0.5955005 0.1346014 0.5940706 0.1299246 0.6062662 0.1712854 0.6080064 0.1774107 0.6005811 0.1752283 0.6062662 0.1296839 0.6005299 0.1313683 0.6005811 0.1257395 0.6252067 0.1712879 0.625345 0.177413 0.6080064 0.1774107 0.6252067 0.1296864 0.6062662 0.1296839 0.6080064 0.123559 0.1820833 0.8240271 0.1820833 0.7759947 0.1897487 0.7757857 0.1897487 0.8238182 0.1897487 0.7757857 0.1974065 0.7760048 0.1750314 0.8246472 0.1750314 0.7766147 0.1820833 0.7759947 0.1974066 0.8240373 0.1974065 0.7760048 0.2044367 0.7766342 0.1750314 0.8246472 0.1691642 0.8256281 0.1691642 0.7775956 0.2044367 0.8246666 0.2044367 0.7766342 0.2102693 0.7776228 0.5271721 0.838272 0.5206356 0.8382418 0.5206356 0.7892782 0.6913084 0.8039177 0.6913713 0.8528754 0.6848744 0.8528121 0.5131958 0.8382262 0.5131958 0.7892626 0.5206356 0.7892782 0.6848114 0.8038544 0.6848744 0.8528121 0.6774552 0.852784 0.4959168 0.8382269 0.4958538 0.7892633 0.5131958 0.7892626 0.660113 0.8038475 0.6773923 0.8038263 0.6774552 0.852784 0.6693266 0.129685 0.6503831 0.129684 0.6521235 0.123559 0.6693266 0.1712868 0.669402 0.1774119 0.6521235 0.177411 0.6503831 0.129684 0.6446458 0.1313689 0.6446969 0.1257401 0.6503831 0.1712858 0.6521235 0.177411 0.6446969 0.1752292 0.6446458 0.1313689 0.6396155 0.1346024 0.6381854 0.1299258 0.6446458 0.1696003 0.6446969 0.1752292 0.6381854 0.1710428 0.6396155 0.1346024 0.6356999 0.1391227 0.6331167 0.1357771 0.6396155 0.1663662 0.6381854 0.1710428 0.6331167 0.1651909 0.6356999 0.1391227 0.6332159 0.1445636 0.6299014 0.14282 0.6356999 0.1618456 0.6331167 0.1651909 0.6299014 0.1581477 0.6332159 0.1445636 0.6323649 0.150484 0.6287998 0.1504838 0.6332159 0.1564045 0.6299014 0.1581477 0.6287998 0.1504838 0.7327709 0.9469914 0.7261709 0.9469957 0.7260056 0.9410725 0.7326056 0.9410681 0.7260056 0.9410725 0.7261709 0.9351547 0.7332534 0.9524405 0.7266533 0.9524449 0.7261709 0.9469957 0.7327709 0.9351503 0.7261709 0.9351547 0.7266533 0.9297218 0.7332534 0.9524405 0.7340139 0.9569739 0.7274139 0.9569783 0.7332534 0.9297175 0.7266533 0.9297218 0.7274139 0.9252141 0.9588574 0.7529847 0.95884 0.7580357 0.952112 0.7580435 0.8768509 0.6621976 0.883578 0.6621782 0.8835371 0.6671988 0.9588346 0.7637847 0.9521067 0.7637926 0.952112 0.7580435 0.87681 0.6672182 0.8835371 0.6671988 0.8835246 0.672932 0.9588574 0.7827345 0.9521295 0.7827424 0.9521067 0.7637926 0.8767975 0.6729514 0.8835246 0.672932 0.883578 0.691882 0.6962249 0.7750888 0.6937409 0.7805297 0.6937408 0.7578071 0.6937408 0.7578071 0.6937409 0.7805297 0.6898251 0.7850503 0.6898251 0.7850503 0.6847946 0.7882843 0.6847946 0.7500534 0.6847946 0.7882843 0.6790573 0.7899697 0.6790573 0.7483685 0.6790573 0.7899697 0.6601131 0.7899706 0.6601131 0.7483693 0.758675 0.1341522 0.758675 0.1568721 0.756191 0.1514317 0.758675 0.1341522 0.7625909 0.1296326 0.7625908 0.1613922 0.7676213 0.1263995 0.7676213 0.164626 0.7625908 0.1613922 0.7733588 0.1247149 0.7733588 0.1663113 0.7676213 0.164626 0.7923032 0.1247161 0.7923032 0.1663124 0.7733588 0.1663113 0.5261197 0.4462493 0.5261197 0.3601174 0.6118384 0.3600522 0.9013551 0.7634344 0.9013551 0.6773123 0.9059358 0.6773126 0.900915 0.2865027 0.900915 0.2003694 0.9054956 0.2003697 0.9008688 0.05023705 0.9054496 0.05023688 0.9054496 0.1363691 0.9054948 0.3760921 0.900915 0.3760915 0.900915 0.2899588 0.6028562 0.4497053 0.60862 0.4497051 0.60862 0.4565483 0.4169778 0.1743083 0.4169778 0.1818398 0.4101685 0.1819636 0.6118984 0.8654583 0.6176623 0.865458 0.6176623 0.8723012 0.8939068 0.6670221 0.8986777 0.6670257 0.8986777 0.6738381 0.8870328 0.6621783 0.8939068 0.6621836 0.8939068 0.6670221 0.5651121 0.456582 0.5593494 0.4565812 0.5593494 0.449705 0.4273065 0.1743238 0.4273065 0.1817001 0.4204324 0.1816846 0.5558949 0.456582 0.5501321 0.4565812 0.5501321 0.4497051 0.5835489 0.4565663 0.5777852 0.456566 0.5777852 0.449705 0.399855 0.1819515 0.399855 0.174313 0.4067139 0.1743083 0.5743305 0.4565663 0.5685669 0.456566 0.5685669 0.449705 0.5622293 0.9862322 0.5553705 0.986227 0.5553705 0.9746081 0.7777925 0.363236 0.7777925 0.4185831 0.7591224 0.4185841 0.2787057 0.7704163 0.2787057 0.8257657 0.2600381 0.8257669 0.8441641 0.3632066 0.8441641 0.4185445 0.8254942 0.4185471 0.7556676 0.363242 0.7556676 0.4185907 0.7369978 0.41859 0.833172 0.6378856 0.833172 0.6932234 0.8145021 0.693226 0.650029 0.7620819 0.650029 0.8174313 0.6313614 0.8174324 0.7668004 0.637915 0.7668003 0.6932621 0.7481303 0.693263 0.7335431 0.363242 0.7335431 0.4185907 0.7148733 0.41859 0.7889251 0.637915 0.7889251 0.6932621 0.7702551 0.693263 0.8110475 0.6379221 0.8110474 0.6932714 0.7923799 0.6932726 0.8662889 0.3632066 0.8662889 0.4185445 0.847619 0.4185471 0.161436 0.6103778 0.161436 0.6657266 0.1427661 0.6657257 0.7446755 0.6379209 0.7446755 0.6932696 0.7260057 0.6932688 0.8552967 0.6378856 0.8552967 0.6932235 0.8366268 0.693226 0.8220396 0.3632432 0.8220396 0.4185925 0.8033719 0.4185937 0.7999172 0.363236 0.7999172 0.4185831 0.7812472 0.4185841 0.9767364 0.7095733 0.9767364 0.7143843 0.9720184 0.7143875 0.3576272 0.9912718 0.362415 0.9912681 0.362415 0.9960789 0.9434028 0.2927387 0.9482117 0.2927384 0.9482117 0.3455451 0.9415744 0.7419865 0.9463838 0.7419862 0.9463838 0.7947908 0.9384184 0.8144627 0.9432278 0.814463 0.9432278 0.867269 0.9483167 0.3814343 0.9531261 0.3814337 0.9531261 0.4342294 0.9410441 0.8801579 0.9458534 0.8801576 0.9458534 0.9329636 0.9593417 0.5131349 0.9641503 0.5131728 0.9641503 0.561113 0.9488573 0.6184156 0.9488573 0.5656207 0.9536668 0.565621 0.825867 0.9164188 0.8306764 0.9164027 0.8306764 0.9643938 0.9924213 0.6913291 0.9924213 0.6865399 0.9967639 0.6867365 0.9915636 0.8711076 0.9959155 0.8715054 0.9959155 0.8762247 0.7716858 0.9919303 0.7760364 0.9915319 0.7760364 0.9962512 0.9922935 0.8448766 0.9922935 0.8400875 0.9966534 0.8398943 0.9633814 0.5656207 0.9681908 0.5656376 0.9681908 0.6131933 0.5193303 0.9527943 0.5193303 0.8999938 0.5241394 0.8999928 0.9620115 0.02224737 0.9668202 0.02220809 0.9668202 0.06981891 0.9417329 0.2003695 0.9465424 0.2003694 0.9465423 0.2531733 0.9700064 0.7193955 0.9728038 0.7193977 0.9728038 0.7762748 0.3885155 0.971014 0.385718 0.9710139 0.385718 0.9138863 0.9728811 0.2564193 0.9700835 0.2564174 0.9700835 0.2003694 0.968634 0.937292 0.9658365 0.9372921 0.9658365 0.8801577 0.7912229 0.1830904 0.7884259 0.1830904 0.7884256 0.1802921 0.7759217 0.1802923 0.7787191 0.1802921 0.7787191 0.1830904 0.9471276 0.1864882 0.9471275 0.1336878 0.9519366 0.1336867 0.9628407 0.4290838 0.9628407 0.381473 0.9676494 0.3814337 0.946737 0.1030407 0.9419275 0.1030407 0.9419275 0.05023694 0.9633139 0.3402941 0.9633139 0.2927384 0.9681233 0.2927553 0.6724601 0.9967727 0.6681002 0.9969658 0.6681002 0.9921767 0.9833415 0.9917391 0.9876921 0.9913407 0.9876921 0.9960601 0.9954987 0.9903579 0.9954987 0.9950772 0.9911467 0.9946795 0.6466585 0.9977517 0.642316 0.9975551 0.642316 0.9927659 0.4064399 0.9634102 0.4064399 0.9154192 0.4112492 0.9154031 0.9454026 0.6184266 0.9405933 0.6184269 0.9405933 0.5656209 0.9593417 0.5096412 0.9593417 0.461701 0.9641503 0.4617388 0.9493081 0.9329525 0.9493081 0.8801575 0.9541176 0.8801578 0.6338275 0.1822703 0.6338275 0.1834331 0.6326872 0.1834339 0.8254786 0.06049925 0.8266401 0.06045705 0.8284521 0.1104387 0.991492 0.4616537 0.9926545 0.4616534 0.9926643 0.5116658 0.1358756 0.8564162 0.1370372 0.8563742 0.1388495 0.9063553 0.08804482 0.9409067 0.08920735 0.9409063 0.08921903 0.9909105 0.08804482 0.9409067 0.08805656 0.9362642 0.08921903 0.9362638 0.8254786 0.06049925 0.823327 0.0558899 0.8284521 0.05570369 0.991492 0.4616537 0.9915018 0.4569886 0.9926643 0.4569883 0.1358756 0.8564162 0.1337238 0.8518068 0.1388495 0.851621 0.9332598 0.1466994 0.9320997 0.146646 0.93029 0.1419657 0.9887925 0.7998189 0.9876303 0.7998214 0.9876766 0.7952347 0.9226753 0.3059305 0.9215147 0.3059815 0.9193649 0.3014773 0.9868248 0.3947935 0.9868801 0.3900763 0.9880421 0.3900757 0.9868801 0.4448013 0.9868248 0.3947935 0.9879868 0.3947928 0.9320997 0.146646 0.9332598 0.1466994 0.9314501 0.1956983 0.9876303 0.7998214 0.9887925 0.7998189 0.9888387 0.8497792 0.9215147 0.3059815 0.9226753 0.3059305 0.924486 0.3549497 0.6004924 0.1822702 0.6016315 0.1823108 0.6016315 0.1834557 0.5970377 0.1834086 0.5959033 0.1834605 0.5959033 0.1823221 0.9158525 0.8042164 0.9176641 0.7551832 0.9188253 0.7552309 0.8675714 0.940138 0.8687336 0.9401388 0.868695 0.9901533 0.914965 0.9338353 0.9131529 0.8848274 0.9143145 0.8847819 0.9891784 0.1101877 0.9903407 0.110189 0.9903111 0.1601753 0.9891784 0.1101877 0.9891488 0.1055729 0.9903112 0.1055743 0.9176641 0.7551832 0.9158525 0.7505093 0.9209763 0.7507197 0.8687336 0.9401388 0.8675714 0.940138 0.8675328 0.9354459 0.9143145 0.8847819 0.9131529 0.8848274 0.9110015 0.880315 0.6050862 0.1822703 0.6062254 0.1823108 0.6062254 0.1834558 0.9219548 0.6819549 0.9231154 0.6819039 0.9249261 0.7309232 0.9876435 0.1971315 0.9888057 0.197129 0.988852 0.2470893 0.9332889 0.394393 0.934449 0.3944464 0.9326393 0.4434453 0.9868753 0.5116449 0.9868201 0.4616371 0.987982 0.4616365 0.9868201 0.4616371 0.9868753 0.4569199 0.9880373 0.4569193 0.9219548 0.6819549 0.919805 0.6774508 0.9249261 0.6772257 0.9888057 0.197129 0.9876435 0.1971315 0.9876897 0.1925448 0.934449 0.3944464 0.9332889 0.394393 0.9314792 0.3897126 0.9280903 0.06321191 0.9269288 0.06325751 0.9247773 0.05874234 0.4460129 0.9399702 0.445973 0.9352788 0.4471353 0.9352797 0.9148927 0.474904 0.9130812 0.4702274 0.9182049 0.4704379 0.9900009 0.5356757 0.9888386 0.5356743 0.9888076 0.5310588 0.9888386 0.5356743 0.9900009 0.5356757 0.9899699 0.5856626 0.9287407 0.1122953 0.9269288 0.06325751 0.9280903 0.06321191 0.4460129 0.9399702 0.4471752 0.939971 0.4471352 0.9899856 0.9130812 0.5239666 0.9148927 0.474904 0.916054 0.4749518 0.6108146 0.1834093 0.6096801 0.1834603 0.6096801 0.1823213 0.6188855 0.1834188 0.6188854 0.1822702 0.6200267 0.1823047 0.9164785 0.394693 0.9176379 0.3946378 0.9194465 0.4437277 0.9847303 0.6637848 0.9846526 0.613888 0.985814 0.6138828 0.09299135 0.9342117 0.09479874 0.8851394 0.09595727 0.8851968 0.9844469 0.1101436 0.9856081 0.1101437 0.9856942 0.160121 0.9856081 0.1101437 0.9844469 0.1101436 0.984533 0.1053858 0.9164785 0.394693 0.9143311 0.3901893 0.9194465 0.3899458 0.9846526 0.613888 0.9847302 0.6093506 0.9858917 0.6093454 0.09479874 0.8851394 0.09299135 0.8804451 0.09810316 0.8806987 0.5913042 0.1822702 0.5924486 0.1823046 0.5924486 0.1834509 0.9298688 0.8766357 0.9316703 0.8276403 0.9328249 0.8277064 0.9798469 0.3560729 0.9800425 0.3060837 0.9811982 0.3060843 0.7147222 0.9405032 0.7129229 0.8915272 0.7140763 0.8914587 0.9804875 0.8935328 0.9816441 0.8935442 0.9814605 0.9434646 0.9816441 0.8935442 0.9804875 0.8935328 0.980304 0.8889775 0.9316703 0.8276403 0.9298688 0.8229387 0.9349638 0.8232302 0.9800425 0.3060837 0.9798469 0.3013381 0.9810027 0.3013386 0.7140763 0.8914587 0.7129229 0.8915272 0.7107866 0.887057 0.936664 0.06315767 0.9355046 0.06321388 0.933357 0.05873131 0.9833703 0.3948147 0.9822099 0.394811 0.9821 0.3901623 0.9262407 0.7551535 0.9244309 0.750481 0.9295496 0.7507179 0.4226309 0.677131 0.4225341 0.6724697 0.423695 0.6724728 0.4225341 0.7271423 0.4226309 0.677131 0.4237917 0.677134 0.9355046 0.06321388 0.936664 0.06315767 0.9384728 0.1120412 0.9822099 0.394811 0.9833703 0.3948147 0.9832604 0.4448216 0.9262407 0.7551535 0.9274008 0.7552072 0.925591 0.8041161 0.6292326 0.1823163 0.6292326 0.1834596 0.6280977 0.1834136 0.586687 0.1822702 0.5878496 0.1822705 0.5878496 0.1834331 0.2194159 0.9414034 0.2211966 0.8926728 0.2223381 0.8927606 0.9774602 0.03556936 0.9786068 0.03557425 0.9783079 0.08558565 0.05524313 0.8924948 0.05638468 0.8924133 0.0581656 0.9414591 0.06193739 0.892819 0.06308197 0.8928282 0.062765 0.9428396 0.06308197 0.8928282 0.06193739 0.892819 0.06162035 0.8881519 0.2223381 0.8927606 0.2211966 0.8926728 0.2194159 0.8879589 0.9774602 0.03556936 0.9771612 0.03086334 0.9783079 0.03086829 0.05638468 0.8924133 0.05524313 0.8924948 0.0531286 0.8880402 0.9364867 0.2133749 0.9353383 0.2134472 0.9332113 0.2089663 0.8066892 0.9300027 0.8064249 0.9254598 0.8075751 0.9254772 0.0475462 0.8926682 0.0463975 0.8925913 0.04460549 0.8878836 0.9774969 0.3947372 0.9772159 0.3899289 0.9783644 0.3899231 0.9772159 0.4446359 0.9774969 0.3947372 0.9786453 0.3947314 0.9353383 0.2134472 0.9364867 0.2133749 0.9382782 0.2625344 0.8066892 0.9300027 0.8078393 0.9300202 0.8075751 0.9799205 0.0463975 0.8925913 0.0475462 0.8926682 0.04575419 0.9415321 0.6234823 0.1822702 0.624643 0.1822702 0.6246421 0.1834329 0.9553867 0.2861874 0.9553867 0.2677575 0.9582948 0.267746 0.4891186 0.895467 0.4920687 0.8954437 0.4920687 0.9138103 0.6728568 0.1828328 0.6728568 0.1798735 0.6757445 0.1799086 0.9594191 0.9727988 0.9623817 0.9727972 0.9623817 0.9908123 0.4884384 0.1773001 0.4884384 0.1743405 0.4913325 0.1743083 0.970044 0.4571664 0.970044 0.4391483 0.9730049 0.4391694 0.9493082 0.9995232 0.9493082 0.9951162 0.9536782 0.9951474 0.9593859 0.4503076 0.9593859 0.4570177 0.9550194 0.456969 0.2809886 0.9951755 0.2853611 0.9951729 0.2853611 0.9995793 0.9798505 0.5970503 0.9798505 0.5903548 0.9842165 0.5903017 0.9030628 0.0389232 0.9075536 0.03895843 0.9075536 0.04579818 0.9512247 0.1899656 0.9512247 0.196708 0.9467184 0.1966903 0.9432636 0.1968636 0.9388633 0.1968032 0.9388633 0.1899479 0.234031 0.8874005 0.238532 0.8873901 0.238532 0.8942521 0.5515729 0.9938955 0.5472006 0.9939119 0.5472006 0.9874916 0.3183169 0.9999812 0.3183169 0.9956077 0.3225131 0.9956265 0.9841007 0.2585614 0.9841008 0.2521387 0.9884692 0.2522054 0.1568114 0.9999442 0.1568114 0.9955706 0.1610232 0.9955565 0.2823987 0.9917073 0.2823987 0.9744821 0.2853611 0.974492 0.5489897 0.7083803 0.5517597 0.7083379 0.5517597 0.711299 0.5239738 0.9755927 0.5269361 0.9755794 0.5269361 0.9927405 0.7448388 0.1832554 0.7448388 0.1802921 0.7476081 0.1803026 0.3540565 0.8927931 0.3540566 0.9112012 0.3510968 0.9111945 0.6452727 0.9712718 0.6452727 0.9892696 0.6423161 0.9893102 0.3576272 0.6634452 0.4086682 0.6634384 0.4086682 0.7442552 0.953956 0.4617011 0.955887 0.461701 0.955887 0.5425345 0.8488103 0.7896271 0.8647655 0.7896279 0.8647655 0.8704604 0.8587515 0.5459898 0.8745592 0.5459877 0.8745592 0.6268045 0.9567496 0.7864366 0.9567496 0.8672667 0.9549463 0.8672676 0.5506901 0.8735374 0.5506901 0.9543699 0.5487589 0.9543698 0.8684821 0.6967293 0.8841401 0.6967283 0.8841401 0.7775618 0.5306267 0.7892648 0.5466018 0.7892627 0.5466018 0.8700795 0.9499971 0.2003694 0.9519321 0.200373 0.9519321 0.2812032 0.9501917 0.02220809 0.9521247 0.02220815 0.9521247 0.1030407 0.1427661 0.7927544 0.1586106 0.7927534 0.1586106 0.8735869 0.4656413 0.7819781 0.4816164 0.7819773 0.4816164 0.8628075 0.9540396 0.6687119 0.9540396 0.7495286 0.9521066 0.7495289 0.7260057 0.7775619 0.7260057 0.6967284 0.7769616 0.6967253 0.6152932 0.3600549 0.6663345 0.3600522 0.6663345 0.4408825 0.9535992 0.2927383 0.9535992 0.3735718 0.9516664 0.3735719 0.8682202 0.7896271 0.8839887 0.7896279 0.8839887 0.8704604 0.8587515 0.4617018 0.8745592 0.461701 0.8745592 0.5425312 0.5500566 0.7892629 0.5518603 0.7892627 0.5518603 0.8700795 0.3031328 0.6634385 0.3541725 0.6634407 0.3541725 0.7442733 0.4567407 0.1743083 0.459594 0.1743083 0.4605283 0.182828 0.4486045 0.1743083 0.4514582 0.1743083 0.4523819 0.1828333 0.4731876 0.1743083 0.4760412 0.1743083 0.4769676 0.1828192 0.4395427 0.182842 0.4404573 0.1743083 0.4433108 0.1743083 0.5876566 0.449705 0.5903755 0.449705 0.5914745 0.4582395 0.9462717 0.5179616 0.9489899 0.5179616 0.9501616 0.5264722 0.5955535 0.4497051 0.5982732 0.4497051 0.5994015 0.4582305 0.9753025 0.8680438 0.978012 0.8680438 0.9791634 0.8765637 0.4815245 0.1743083 0.4842985 0.1743083 0.4849838 0.1828281 0.5352202 0.449705 0.5379862 0.449705 0.5386722 0.4582303 0.5421269 0.4582158 0.5432555 0.449705 0.5460229 0.449705 0.5271918 0.4497051 0.5299586 0.4497051 0.5306694 0.4582392 0.9918221 0.434813 0.9941206 0.434813 0.9952765 0.4433503 0.04977738 0.9957368 0.04993462 0.9872273 0.05223149 0.9872273 0.6347091 0.9871057 0.6370092 0.9871057 0.6382339 0.9956326 0.05721366 0.9872274 0.05949389 0.9872274 0.06075847 0.9957479 0.4237974 0.3674414 0.4237974 0.4191229 0.3031328 0.4191389 0.1614359 0.3656189 0.1614359 0.4306924 0 0.4307022 0.6792162 0.2911293 0.6790081 0.3562018 0.67249 0.3561806 0.1044898 1.56594e-6 0.1695412 4.93736e-6 0.1695412 0.07419061 0.7113234 0.2912334 0.7111154 0.3563059 0.7054211 0.3562874 0.6002828 0.2915266 0.6002828 0.3565866 0.5261197 0.3565965 0.1044898 0.07418721 0.1695412 0.07419061 0.1695412 0.08079355 0.1044898 0.08079016 0.1695412 0.08079355 0.1695412 0.2576379 0.2919937 0.5256664 0.2919937 0.5907392 0.1691642 0.5907339 0.7054211 0.3562874 0.6790081 0.3562018 0.6792162 0.2911293 0.7832354 0.4326417 0.7832354 0.4537873 0.7537177 0.4537861 0.9340375 0.2872855 0.9340785 0.2660977 0.9446274 0.2766916 0.7260648 0.877046 0.7365496 0.877046 0.736551 0.8876398 0.0673545 0.607928 0.1277896 0.6079739 0.1277896 0.7153703 0.492399 0.5961695 0.4923991 0.7040518 0.4272521 0.7040546 0.6809482 0.1143174 0.741384 0.1143094 0.741384 0.1794631 0.2919937 0.435238 0.299678 0.4352383 0.299678 0.5256668 0.2919937 0.435238 0.2919937 0.4211423 0.299678 0.4211428 0.2919937 0.5256664 0.299678 0.5256668 0.299678 0.5907395 0.6103385 0.2915335 0.6690353 0.2915257 0.6690353 0.3565856 0.6103385 0.2011227 0.6690353 0.2011148 0.6690353 0.2915257 0.6103385 0.1870299 0.6690353 0.1870221 0.6690353 0.2011148 0.7212632 0.7342569 0.7071723 0.7342562 0.7071723 0.6237965 0.1301518 0.4928775 0.1301518 0.4341638 0.1378016 0.4408177 0.601617 0.8764972 0.601617 0.9119052 0.5873221 0.9119061 0.6504922 0.8971126 0.655301 0.8971129 0.655301 0.9499196 0.5784723 0.9095647 0.5832817 0.9095785 0.5832817 0.9578887 0.1232659 0.771633 0.1232659 0.718826 0.1280752 0.7188261 0.9618234 0.1225789 0.9666329 0.1225666 0.9666329 0.1702077 0.6173662 0.9967569 0.6173662 0.9919461 0.6218985 0.9919589 0.9999999 0.4613643 0.9961188 0.4613738 0.9961188 0.4565629 0.431914 0.9961389 0.4272521 0.996135 0.4272521 0.9913241 0.9212903 0.9999379 0.9212903 0.9951272 0.9254177 0.9951074 0.4858585 0.9189432 0.4906678 0.9189551 0.4906678 0.9668632 0.9400525 0.4342388 0.9400525 0.3814336 0.944862 0.3814339 0.9637543 0.6687274 0.9685637 0.6687119 0.9685637 0.7159242 0.9466825 0.8144634 0.9514915 0.8144627 0.9514915 0.8672668 0.9684684 0.7864387 0.9712533 0.7864366 0.9712533 0.8435707 0.9704019 0.5188362 0.9676049 0.5188357 0.9676049 0.461701 0.9700877 0.179704 0.9700877 0.1225684 0.9728319 0.1225665 0.9637542 0.7193955 0.9665517 0.7193956 0.9665516 0.7765308 0.4912359 0.1807559 0.4912359 0.1835543 0.4884385 0.1835542 0.7821738 0.1802923 0.7849709 0.1802921 0.7849709 0.1830905 0.9388633 0.1864919 0.9388633 0.1336867 0.9436728 0.1336869 0.9633814 0.6638768 0.9633814 0.6166645 0.9681907 0.6166489 0.950501 0.5145051 0.945692 0.5145058 0.945692 0.4617017 0.9602043 0.8343447 0.9602043 0.7864366 0.9650138 0.7864486 0.071482 0.9997621 0.0673545 0.9997818 0.0673545 0.994971 0.7043188 0.4571863 0.6996569 0.4571824 0.6996569 0.4523714 0.9961189 0.4530977 0.9961189 0.4482868 1 0.4482773 0.6646455 0.9968072 0.660113 0.9967943 0.660113 0.9919835 0.9618194 0.2480229 0.9618194 0.2003817 0.9666288 0.2003694 0.9486519 0.7215189 0.9438431 0.7215186 0.9438431 0.6687119 0.9575724 0.9284677 0.9575724 0.8801575 0.9623818 0.8801712 0.9212903 0.9329618 0.9212903 0.8801549 0.9260996 0.880155 0.9246311 0.4747636 0.9234703 0.4747136 0.9216595 0.4700241 0.9862608 0.8935368 0.9850989 0.893539 0.9851563 0.8888968 0.9312511 0.3058966 0.9300904 0.3059481 0.9279406 0.3014595 0.9846529 0.3060909 0.9847266 0.301358 0.9858881 0.3013575 0.9847266 0.3560899 0.9846529 0.3060909 0.9858145 0.3060904 0.9234703 0.4747136 0.9246311 0.4747636 0.9228202 0.5239211 0.9850989 0.893539 0.9862608 0.8935368 0.9863182 0.9435407 0.9300904 0.3059481 0.9312511 0.3058966 0.9330618 0.354757 0.6463368 0.1822782 0.6474081 0.1822702 0.6474081 0.1834329 0.6564633 0.1822752 0.6564633 0.183438 0.6553911 0.183433 0.9246333 0.2624092 0.9264447 0.2135328 0.9276059 0.2135816 0.9893702 0.3060864 0.9905326 0.3060864 0.9905052 0.3560792 0.9252529 0.876699 0.9234412 0.8275282 0.9246025 0.8274809 0.989784 0.893539 0.9909465 0.8935394 0.9909355 0.943538 0.989784 0.893539 0.989773 0.8889065 0.9909355 0.888907 0.9264447 0.2135328 0.9246333 0.2088718 0.9297566 0.2090869 0.9905326 0.3060864 0.9893702 0.3060864 0.9893428 0.301345 0.9246025 0.8274809 0.9234412 0.8275282 0.9212903 0.8230035 0.6418108 0.1822782 0.6428821 0.1822703 0.642882 0.1834329 0.9305307 0.6819216 0.9316914 0.6818702 0.9335021 0.7307305 0.9868462 0.03558945 0.9880081 0.03558731 0.9880655 0.08559125 0.9235246 0.1466994 0.9246854 0.1467494 0.9228746 0.195907 0.9845655 0.7827469 0.9844918 0.7327479 0.9856534 0.7327474 0.9844918 0.7327479 0.9845655 0.728015 0.9857271 0.7280145 0.9305307 0.6819216 0.9283808 0.677433 0.9335021 0.6772062 0.9880081 0.03558731 0.9868462 0.03558945 0.9869035 0.03094732 0.9246854 0.1467494 0.9235246 0.1466994 0.9217138 0.1420099 0.919367 0.2133966 0.9182057 0.2134439 0.9160549 0.2089167 0.9892107 0.7327437 0.9891819 0.728003 0.9903443 0.7280032 0.9247125 0.3946036 0.922901 0.3899396 0.9280244 0.3901549 0.9905213 0.6138877 0.9893588 0.6138873 0.9893464 0.6092542 0.9893588 0.6138873 0.9905213 0.6138877 0.9905089 0.6638867 0.9200173 0.2626419 0.9182057 0.2134439 0.919367 0.2133966 0.9891819 0.782737 0.9892107 0.7327437 0.990373 0.7327439 0.922901 0.4435117 0.9247125 0.3946036 0.9258736 0.3946524 0.6519364 0.1822749 0.6519364 0.1834377 0.6508628 0.183433 0.6372821 0.1834465 0.6372821 0.1822842 0.638356 0.1822702 0.9256272 0.5788481 0.9267866 0.5787921 0.9285953 0.6277284 0.9841917 0.5856468 0.9841032 0.5356778 0.9852643 0.5356733 0.9162066 0.1124924 0.9180155 0.06326979 0.919175 0.06332355 0.9829236 0.1970753 0.9840842 0.197076 0.9841888 0.2470355 0.9840842 0.197076 0.9829236 0.1970753 0.9830282 0.1923027 0.9256272 0.5788481 0.9234797 0.5743603 0.9285953 0.574113 0.9841032 0.5356778 0.9841916 0.5310823 0.9853528 0.5310778 0.9180155 0.06326979 0.9162066 0.05856776 0.9213227 0.0588051 0.6142696 0.1822703 0.6154308 0.1822702 0.6154306 0.1834331 0.7505955 0.9390084 0.7523944 0.8901842 0.7535474 0.8902552 0.9820615 0.08553278 0.9822342 0.03554987 0.9833914 0.03554993 0.9359853 0.6278103 0.9341861 0.5786837 0.9353393 0.5786171 0.9800419 0.6138846 0.9811978 0.6138932 0.9810066 0.6638769 0.9811978 0.6138932 0.9800419 0.6138846 0.9798507 0.6092716 0.7523944 0.8901842 0.7505955 0.8854904 0.7556833 0.8858031 0.9822342 0.03554987 0.9820615 0.03079754 0.9832187 0.03079754 0.9353393 0.5786171 0.9341861 0.5786837 0.9320499 0.5741961 0.9335426 0.474673 0.9323832 0.4747285 0.9302358 0.4702302 0.9841756 0.7998159 0.9830145 0.7998131 0.9829276 0.7951571 0.934813 0.7551117 0.9330044 0.7504501 0.9381198 0.7507036 0.9822048 0.4616379 0.9820999 0.4569249 0.9832605 0.4569264 0.9820999 0.5116474 0.9822048 0.4616379 0.9833654 0.4616394 0.9323832 0.4747285 0.9335426 0.474673 0.9353511 0.5237131 0.9830145 0.7998131 0.9841756 0.7998159 0.9840887 0.8498257 0.934813 0.7551117 0.9359724 0.7551692 0.9341638 0.8038937 0.5832324 0.1822703 0.5832324 0.1834331 0.5820699 0.1834331 0.1266971 0.6044722 0 0.6044667 0 0.4341579 0.6049838 0.461701 0.6049837 0.5824024 0.5553706 0.5481057 0.7279947 2.73306e-6 0.7800921 0 0.7800921 0.07048296 0.6566584 0.4617037 0.6566584 0.5824051 0.6049837 0.5824024 0.581232 0.1762139 0.4948976 0.1762234 0.4948976 9.51868e-6 0.3881999 0.8768507 0.3881999 0.9104298 0.3746409 0.9104305</float_array>
          <technique_common>
            <accessor source="#Cylinder_005-mesh-map-1-array" count="10719" stride="2">
              <param name="S" type="float"/>
              <param name="T" type="float"/>
            </accessor>
          </technique_common>
        </source>
        <vertices id="Cylinder_005-mesh-vertices">
          <input semantic="POSITION" source="#Cylinder_005-mesh-positions"/>
        </vertices>
        <triangles material="Material_008-material" count="3573">
          <input semantic="VERTEX" source="#Cylinder_005-mesh-vertices" offset="0"/>
          <input semantic="NORMAL" source="#Cylinder_005-mesh-normals" offset="1"/>
          <input semantic="TEXCOORD" source="#Cylinder_005-mesh-map-0" offset="2" set="0"/>
          <input semantic="TEXCOORD" source="#Cylinder_005-mesh-map-1" offset="2" set="1"/>
          <p>11 0 0 9 0 1 17 0 2 14 1 3 16 1 4 10 1 5 3 2 6 4 2 7 2 2 8 5 3 9 6 3 10 4 3 11 7 4 12 8 4 13 6 4 14 8 5 15 11 5 16 10 5 17 10 6 18 13 6 19 12 6 20 29 7 21 33 7 22 35 7 23 22 8 24 20 8 25 28 8 26 22 9 27 21 9 28 20 9 29 24 10 30 23 10 31 22 10 32 26 11 33 25 11 34 24 11 35 28 12 36 27 12 37 26 12 38 28 13 39 31 13 40 29 13 41 53 0 42 37 0 43 41 0 44 46 14 45 44 14 46 42 14 47 40 15 48 39 15 49 38 15 50 42 16 51 41 16 52 40 16 53 44 17 54 43 17 55 42 17 56 44 18 57 47 18 58 45 18 59 46 19 60 49 19 61 47 19 62 69 20 63 67 20 64 65 20 65 68 21 66 70 21 67 64 21 68 57 22 69 58 22 70 56 22 71 59 23 72 60 23 73 58 23 74 61 24 75 62 24 76 60 24 77 63 25 78 64 25 79 62 25 80 64 26 81 67 26 82 66 26 83 87 27 84 89 27 85 83 27 86 82 0 87 80 0 88 78 0 89 76 28 90 75 28 91 74 28 92 78 29 93 77 29 94 76 29 95 80 30 96 79 30 97 78 30 98 82 31 99 81 31 100 80 31 101 82 32 102 85 32 103 83 32 104 97 33 105 95 33 106 91 33 107 104 34 108 106 34 109 100 34 110 93 35 111 94 35 112 92 35 113 95 36 114 96 36 115 94 36 116 96 37 117 99 37 118 98 37 119 98 38 120 101 38 121 100 38 122 100 39 123 103 39 124 102 39 125 119 40 126 117 40 127 125 40 128 122 41 129 124 41 130 118 41 131 111 42 132 112 42 133 110 42 134 113 43 135 114 43 136 112 43 137 115 44 138 116 44 139 114 44 140 117 45 141 118 45 142 116 45 143 118 46 144 121 46 145 120 46 146 141 47 147 143 47 148 137 47 149 136 21 150 134 21 151 132 21 152 130 35 153 129 35 154 128 35 155 132 48 156 131 48 157 130 48 158 132 49 159 135 49 160 133 49 161 134 50 162 137 50 163 135 50 164 136 51 165 139 51 166 137 51 167 188 34 168 162 34 169 164 34 170 163 21 171 189 21 172 165 21 173 160 34 174 164 34 175 162 34 176 161 21 177 165 21 178 167 21 179 158 34 180 166 34 181 160 34 182 159 21 183 167 21 184 169 21 185 156 34 186 168 34 187 158 34 188 157 21 189 169 21 190 171 21 191 154 52 192 170 52 193 156 52 194 155 21 195 171 21 196 173 21 197 153 53 198 172 53 199 154 53 200 238 21 201 173 21 202 175 21 203 152 34 204 178 34 205 176 34 206 179 21 207 283 21 208 177 21 209 281 34 210 180 34 211 178 34 212 181 54 213 282 54 214 179 54 215 150 34 216 182 34 217 180 34 218 183 21 219 151 21 220 181 21 221 148 34 222 184 34 223 182 34 224 185 55 225 149 55 226 183 55 227 146 56 228 186 56 229 184 56 230 187 21 231 147 21 232 185 21 233 1644 34 234 186 34 235 144 34 236 1634 57 237 187 57 238 189 57 239 188 34 240 192 34 241 186 34 242 189 58 243 193 58 244 191 58 245 186 59 246 194 59 247 184 59 248 187 60 249 195 60 250 193 60 251 184 34 252 196 34 253 182 34 254 185 21 255 197 21 256 195 21 257 182 34 258 198 34 259 180 34 260 183 61 261 199 61 262 197 61 263 180 62 264 200 62 265 178 62 266 181 21 267 201 21 268 199 21 269 176 34 270 200 34 271 202 34 272 201 21 273 177 21 274 203 21 275 174 63 276 206 63 277 172 63 278 175 21 279 207 21 280 205 21 281 170 34 282 206 34 283 208 34 284 207 64 285 171 64 286 209 64 287 168 34 288 208 34 289 210 34 290 209 65 291 169 65 292 211 65 293 166 34 294 210 34 295 212 34 296 211 66 297 167 66 298 213 66 299 164 34 300 212 34 301 214 34 302 213 21 303 165 21 304 215 21 305 214 34 306 188 34 307 164 34 308 215 67 309 189 67 310 191 67 311 236 0 312 218 0 313 216 0 314 1842 68 315 237 68 316 217 68 317 232 0 318 218 0 319 234 0 320 233 0 321 1842 0 322 1843 0 323 230 0 324 219 0 325 232 0 326 231 69 327 1843 69 328 221 69 329 228 0 330 220 0 331 230 0 332 229 0 333 221 0 334 1844 0 335 226 70 336 222 70 337 228 70 338 227 71 339 1844 71 340 1845 71 341 225 72 342 223 72 343 226 72 344 225 0 345 1845 0 346 224 0 347 245 73 348 225 73 349 226 73 350 225 0 351 246 0 352 227 0 353 243 0 354 226 0 355 228 0 356 227 74 357 244 74 358 229 74 359 241 0 360 228 0 361 230 0 362 229 0 363 242 0 364 231 0 365 239 0 366 230 0 367 232 0 368 231 0 369 240 0 370 233 0 371 154 75 372 232 75 373 234 75 374 233 0 375 155 0 376 235 0 377 153 76 378 234 76 379 236 76 380 235 0 381 238 0 382 237 0 383 247 77 384 260 77 385 271 77 386 248 77 387 260 77 388 259 77 389 271 77 390 249 77 391 247 77 392 250 78 393 272 78 394 248 78 395 269 77 396 251 77 397 249 77 398 252 79 399 270 79 400 250 79 401 267 77 402 253 77 403 251 77 404 254 77 405 268 77 406 252 77 407 265 77 408 255 77 409 253 77 410 256 77 411 266 77 412 254 77 413 261 77 414 255 77 415 263 77 416 262 80 417 256 80 418 258 80 419 152 77 420 263 77 421 281 77 422 283 81 423 264 81 424 262 81 425 281 82 426 265 82 427 279 82 428 282 83 429 266 83 430 264 83 431 279 77 432 267 77 433 277 77 434 280 84 435 268 84 436 266 84 437 277 85 438 269 85 439 275 85 440 278 77 441 270 77 442 268 77 443 275 77 444 271 77 445 273 77 446 276 77 447 272 77 448 270 77 449 273 86 450 260 86 451 1639 86 452 260 77 453 274 77 454 1639 77 455 154 87 456 156 87 457 239 87 458 240 88 459 157 88 460 155 88 461 158 89 462 239 89 463 156 89 464 159 90 465 240 90 466 242 90 467 160 91 468 241 91 469 158 91 470 161 92 471 242 92 472 244 92 473 150 93 474 281 93 475 279 93 476 280 94 477 282 94 478 151 94 479 148 95 480 279 95 481 277 95 482 151 96 483 278 96 484 280 96 485 146 97 486 277 97 487 275 97 488 149 98 489 276 98 490 278 98 491 288 99 492 286 99 493 287 99 494 286 100 495 284 100 496 285 100 497 289 101 498 288 101 499 293 101 500 289 102 501 285 102 502 284 102 503 286 103 504 290 103 505 291 103 506 287 104 507 291 104 508 292 104 509 293 105 510 287 105 511 292 105 512 294 106 513 300 106 514 295 106 515 300 107 516 296 107 517 295 107 518 296 108 519 302 108 520 297 108 521 302 109 522 298 109 523 297 109 524 298 110 525 299 110 526 294 110 527 301 111 528 303 111 529 302 111 530 299 112 531 301 112 532 300 112 533 308 113 534 306 113 535 307 113 536 306 114 537 304 114 538 305 114 539 309 115 540 308 115 541 313 115 542 310 116 543 304 116 544 309 116 545 306 117 546 310 117 547 311 117 548 312 118 549 306 118 550 311 118 551 313 119 552 307 119 553 312 119 554 319 120 555 315 120 556 314 120 557 320 121 558 316 121 559 315 121 560 316 122 561 322 122 562 317 122 563 322 123 564 318 123 565 317 123 566 318 124 567 319 124 568 314 124 569 321 125 570 323 125 571 322 125 572 319 126 573 321 126 574 320 126 575 328 127 576 326 127 577 327 127 578 326 128 579 324 128 580 325 128 581 324 129 582 333 129 583 329 129 584 330 130 585 324 130 586 329 130 587 326 131 588 330 131 589 331 131 590 327 132 591 331 132 592 332 132 593 328 133 594 332 133 595 333 133 596 336 134 597 334 134 598 335 134 599 335 135 600 337 135 601 336 135 602 342 136 603 339 136 604 338 136 605 343 137 606 340 137 607 339 137 608 344 138 609 341 138 610 340 138 611 341 139 612 342 139 613 338 139 614 342 140 615 346 140 616 347 140 617 345 141 618 348 141 619 346 141 620 343 142 621 348 142 622 344 142 623 342 143 624 349 143 625 343 143 626 347 144 627 351 144 628 349 144 629 348 145 630 351 145 631 352 145 632 348 146 633 353 146 634 346 146 635 346 147 636 350 147 637 347 147 638 353 135 639 351 135 640 350 135 641 357 77 642 354 77 643 355 77 644 370 135 645 369 135 646 368 135 647 363 135 648 360 135 649 362 135 650 371 148 651 372 148 652 373 148 653 363 149 654 364 149 655 365 149 656 363 135 657 368 135 658 361 135 659 362 150 660 369 150 661 371 150 662 363 151 663 372 151 664 370 151 665 371 152 666 364 152 667 362 152 668 376 34 669 377 34 670 378 34 671 1498 21 672 375 21 673 1500 21 674 1499 21 675 1496 21 676 375 21 677 384 153 678 382 153 679 386 153 680 386 154 681 388 154 682 384 154 683 382 155 684 381 155 685 385 155 686 385 156 687 386 156 688 382 156 689 381 157 690 383 157 691 387 157 692 387 158 693 385 158 694 381 158 695 383 159 696 384 159 697 388 159 698 388 160 699 387 160 700 383 160 701 381 135 702 382 135 703 384 135 704 384 135 705 383 135 706 381 135 707 393 135 708 394 135 709 396 135 710 396 135 711 395 135 712 393 135 713 389 161 714 390 161 715 394 161 716 394 162 717 393 162 718 389 162 719 390 163 720 392 163 721 396 163 722 396 163 723 394 163 724 390 163 725 392 164 726 391 164 727 395 164 728 395 165 729 396 165 730 392 165 731 391 166 732 389 166 733 393 166 734 393 167 735 395 167 736 391 167 737 400 168 738 398 168 739 402 168 740 402 169 741 404 169 742 400 169 743 398 170 744 397 170 745 401 170 746 401 171 747 402 171 748 398 171 749 397 172 750 399 172 751 403 172 752 403 173 753 401 173 754 397 173 755 399 174 756 400 174 757 404 174 758 404 175 759 403 175 760 399 175 761 397 135 762 398 135 763 400 135 764 400 135 765 399 135 766 397 135 767 405 176 768 411 177 769 409 178 770 406 179 771 410 180 772 405 176 773 405 176 774 409 178 775 408 181 776 410 180 777 411 177 778 405 176 779 407 182 780 406 179 781 405 176 782 408 181 783 407 182 784 405 176 785 410 180 786 406 179 787 412 183 788 412 183 789 416 184 790 410 180 791 406 179 792 407 182 793 413 185 794 413 185 795 412 183 796 406 179 797 407 182 798 408 181 799 414 186 800 414 186 801 413 185 802 407 182 803 408 181 804 409 178 805 415 187 806 415 187 807 414 186 808 408 181 809 409 178 810 411 177 811 417 188 812 417 188 813 415 187 814 409 178 815 411 177 816 410 180 817 416 184 818 416 184 819 417 188 820 411 177 821 416 184 822 412 183 823 418 189 824 418 189 825 426 190 826 416 184 827 412 183 828 413 185 829 420 191 830 420 191 831 418 189 832 412 183 833 413 185 834 414 186 835 422 192 836 422 192 837 420 191 838 413 185 839 414 186 840 415 187 841 424 193 842 424 193 843 422 192 844 414 186 845 415 187 846 417 188 847 427 194 848 427 194 849 424 193 850 415 187 851 417 188 852 416 184 853 426 190 854 426 190 855 427 194 856 417 188 857 426 190 858 418 189 859 419 195 860 419 195 861 429 196 862 426 190 863 418 189 864 420 191 865 421 197 866 421 197 867 419 195 868 418 189 869 420 191 870 422 192 871 423 198 872 423 198 873 421 197 874 420 191 875 422 192 876 424 193 877 425 199 878 425 199 879 423 198 880 422 192 881 424 193 882 427 194 883 428 200 884 428 200 885 425 199 886 424 193 887 427 194 888 426 190 889 429 196 890 429 196 891 428 200 892 427 194 893 430 201 894 435 202 895 434 203 896 431 204 897 436 205 898 430 201 899 430 201 900 434 203 901 433 206 902 436 205 903 435 202 904 430 201 905 432 207 906 431 204 907 430 201 908 433 206 909 432 207 910 430 201 911 436 205 912 431 204 913 437 208 914 437 208 915 442 209 916 436 205 917 431 204 918 432 207 919 438 210 920 438 210 921 437 208 922 431 204 923 432 207 924 433 206 925 439 211 926 439 211 927 438 210 928 432 207 929 433 206 930 434 203 931 440 212 932 440 212 933 439 211 934 433 206 935 434 203 936 435 202 937 441 213 938 441 213 939 440 212 940 434 203 941 435 202 942 436 205 943 442 209 944 442 209 945 441 213 946 435 202 947 442 209 948 437 208 949 443 214 950 443 214 951 448 215 952 442 209 953 437 208 954 438 210 955 444 216 956 444 216 957 443 214 958 437 208 959 438 210 960 439 211 961 445 217 962 445 217 963 444 216 964 438 210 965 439 211 966 440 212 967 446 218 968 446 218 969 445 217 970 439 211 971 440 212 972 441 213 973 447 219 974 447 219 975 446 218 976 440 212 977 441 213 978 442 209 979 448 215 980 448 215 981 447 219 982 441 213 983 448 215 984 443 214 985 449 220 986 449 220 987 454 221 988 448 215 989 443 214 990 444 216 991 450 222 992 450 222 993 449 220 994 443 214 995 444 216 996 445 217 997 451 223 998 451 223 999 450 222 1000 444 216 1001 445 217 1002 446 218 1003 452 224 1004 452 224 1005 451 223 1006 445 217 1007 446 225 1008 447 225 1009 453 225 1010 453 226 1011 452 226 1012 446 226 1013 447 219 1014 448 215 1015 454 221 1016 454 221 1017 453 227 1018 447 219 1019 455 228 1020 456 229 1021 462 230 1022 461 231 1023 455 228 1024 462 230 1025 456 229 1026 457 232 1027 463 233 1028 463 233 1029 462 230 1030 456 229 1031 457 232 1032 458 234 1033 464 235 1034 464 235 1035 463 233 1036 457 232 1037 458 234 1038 459 236 1039 465 237 1040 465 237 1041 464 235 1042 458 234 1043 459 236 1044 460 238 1045 466 239 1046 466 239 1047 465 237 1048 459 236 1049 460 238 1050 455 228 1051 461 231 1052 461 231 1053 466 239 1054 460 238 1055 461 231 1056 462 230 1057 468 240 1058 468 240 1059 467 241 1060 461 231 1061 462 230 1062 463 233 1063 469 242 1064 469 242 1065 468 240 1066 462 230 1067 463 233 1068 464 235 1069 470 243 1070 470 243 1071 469 242 1072 463 233 1073 464 235 1074 465 237 1075 471 244 1076 471 244 1077 470 243 1078 464 235 1079 465 237 1080 466 239 1081 472 245 1082 472 245 1083 471 244 1084 465 237 1085 466 239 1086 461 231 1087 467 241 1088 467 241 1089 472 245 1090 466 239 1091 468 135 1092 469 135 1093 470 135 1094 470 246 1095 471 246 1096 472 246 1097 468 135 1098 470 135 1099 472 135 1100 467 247 1101 468 247 1102 472 247 1103 478 248 1104 477 248 1105 473 248 1106 477 249 1107 475 249 1108 473 249 1109 475 250 1110 474 250 1111 473 250 1112 477 135 1113 476 135 1114 475 135 1115 478 251 1116 473 252 1117 479 253 1118 479 253 1119 484 254 1120 478 251 1121 473 252 1122 474 255 1123 480 256 1124 480 256 1125 479 253 1126 473 252 1127 474 255 1128 475 257 1129 481 258 1130 481 258 1131 480 256 1132 474 255 1133 475 257 1134 476 259 1135 482 260 1136 482 260 1137 481 258 1138 475 257 1139 476 259 1140 477 261 1141 483 262 1142 483 262 1143 482 260 1144 476 259 1145 477 261 1146 478 251 1147 484 254 1148 484 254 1149 483 262 1150 477 261 1151 484 254 1152 479 253 1153 485 263 1154 485 263 1155 490 264 1156 484 254 1157 479 253 1158 480 256 1159 486 265 1160 486 265 1161 485 263 1162 479 253 1163 480 256 1164 481 258 1165 487 266 1166 487 266 1167 486 265 1168 480 256 1169 481 258 1170 482 260 1171 488 267 1172 488 267 1173 487 266 1174 481 258 1175 482 260 1176 483 262 1177 489 268 1178 489 268 1179 488 267 1180 482 260 1181 484 254 1182 490 264 1183 483 262 1184 490 264 1185 489 268 1186 483 262 1187 495 269 1188 496 269 1189 498 269 1190 498 270 1191 497 270 1192 495 270 1193 491 271 1194 492 271 1195 496 271 1196 496 272 1197 495 272 1198 491 272 1199 492 273 1200 494 273 1201 498 273 1202 498 274 1203 496 274 1204 492 274 1205 494 275 1206 493 275 1207 497 275 1208 497 276 1209 498 276 1210 494 276 1211 493 277 1212 491 277 1213 495 277 1214 495 278 1215 497 278 1216 493 278 1217 502 279 1218 500 279 1219 504 279 1220 504 279 1221 506 279 1222 502 279 1223 500 280 1224 499 280 1225 503 280 1226 503 280 1227 504 280 1228 500 280 1229 499 281 1230 501 281 1231 505 281 1232 505 282 1233 503 282 1234 499 282 1235 501 283 1236 502 283 1237 506 283 1238 506 284 1239 505 284 1240 501 284 1241 499 285 1242 500 285 1243 502 285 1244 502 135 1245 501 135 1246 499 135 1247 507 286 1248 511 286 1249 508 286 1250 511 287 1251 509 287 1252 508 287 1253 509 288 1254 510 288 1255 507 288 1256 516 289 1257 515 289 1258 518 289 1259 514 290 1260 516 290 1261 517 290 1262 518 291 1263 514 291 1264 517 291 1265 519 292 1266 523 292 1267 520 292 1268 523 293 1269 521 293 1270 520 293 1271 521 294 1272 522 294 1273 519 294 1274 528 295 1275 527 295 1276 530 295 1277 526 296 1278 528 296 1279 529 296 1280 530 297 1281 526 297 1282 529 297 1283 531 298 1284 535 298 1285 532 298 1286 535 299 1287 533 299 1288 532 299 1289 533 300 1290 534 300 1291 531 300 1292 540 301 1293 539 301 1294 542 301 1295 538 302 1296 540 302 1297 541 302 1298 542 303 1299 538 303 1300 541 303 1301 543 304 1302 547 304 1303 544 304 1304 547 305 1305 545 305 1306 544 305 1307 545 306 1308 546 306 1309 543 306 1310 549 307 1311 553 307 1312 550 307 1313 553 308 1314 551 308 1315 550 308 1316 554 309 1317 549 309 1318 551 309 1319 552 310 1320 556 310 1321 553 310 1322 554 311 1323 556 311 1324 557 311 1325 552 312 1326 557 312 1327 555 312 1328 555 313 1329 558 313 1330 556 313 1331 557 314 1332 558 314 1333 560 314 1334 555 315 1335 560 315 1336 559 315 1337 558 316 1338 559 316 1339 560 316 1340 563 317 1341 562 317 1342 561 317 1343 566 318 1344 561 318 1345 562 318 1346 565 319 1347 561 319 1348 564 319 1349 565 320 1350 562 320 1351 563 320 1352 569 321 1353 564 321 1354 566 321 1355 568 322 1356 564 322 1357 567 322 1358 568 323 1359 566 323 1360 565 323 1361 567 324 1362 572 324 1363 570 324 1364 571 325 1365 567 325 1366 570 325 1367 569 326 1368 571 326 1369 572 326 1370 576 327 1371 574 327 1372 575 327 1373 580 135 1374 578 135 1375 577 135 1376 578 77 1377 575 77 1378 574 77 1379 579 34 1380 576 34 1381 575 34 1382 580 0 1383 573 0 1384 576 0 1385 581 328 1386 588 328 1387 585 328 1388 582 329 1389 585 329 1390 586 329 1391 583 330 1392 586 330 1393 587 330 1394 581 331 1395 583 331 1396 584 331 1397 585 332 1398 587 332 1399 586 332 1400 592 333 1401 590 333 1402 589 333 1403 593 77 1404 591 77 1405 590 77 1406 594 334 1407 589 334 1408 591 334 1409 595 335 1410 600 335 1411 598 335 1412 599 336 1413 595 336 1414 598 336 1415 600 337 1416 596 337 1417 599 337 1418 601 0 1419 608 0 1420 605 0 1421 602 338 1422 605 338 1423 606 338 1424 603 77 1425 606 77 1426 607 77 1427 601 135 1428 603 135 1429 604 135 1430 605 327 1431 607 327 1432 606 327 1433 611 339 1434 609 339 1435 610 339 1436 616 340 1437 614 340 1438 613 340 1439 614 341 1440 611 341 1441 610 341 1442 615 342 1443 612 342 1444 611 342 1445 616 343 1446 609 343 1447 612 343 1448 617 344 1449 624 344 1450 621 344 1451 618 345 1452 621 345 1453 622 345 1454 619 346 1455 622 346 1456 623 346 1457 617 347 1458 619 347 1459 620 347 1460 622 348 1461 624 348 1462 623 348 1463 428 349 1464 429 349 1465 419 349 1466 423 350 1467 425 350 1468 428 350 1469 421 351 1470 423 351 1471 428 351 1472 421 352 1473 428 352 1474 419 352 1475 625 353 1476 628 354 1477 647 355 1478 625 353 1479 647 355 1480 645 356 1481 625 353 1482 645 356 1483 626 357 1484 625 353 1485 626 357 1486 627 358 1487 625 353 1488 627 358 1489 628 354 1490 647 355 1491 632 359 1492 642 360 1493 645 356 1494 642 360 1495 629 361 1496 626 357 1497 629 361 1498 630 362 1499 627 358 1500 630 362 1501 631 363 1502 628 354 1503 631 363 1504 632 359 1505 629 361 1506 626 357 1507 645 356 1508 630 362 1509 627 358 1510 626 357 1511 631 363 1512 628 354 1513 627 358 1514 632 359 1515 647 355 1516 628 354 1517 633 364 1518 642 360 1519 632 359 1520 633 364 1521 629 361 1522 642 360 1523 633 364 1524 630 362 1525 629 361 1526 633 364 1527 631 363 1528 630 362 1529 633 364 1530 632 359 1531 631 363 1532 640 365 1533 634 366 1534 639 367 1535 640 365 1536 639 367 1537 646 368 1538 646 369 1539 639 370 1540 638 371 1541 646 369 1542 638 371 1543 648 372 1544 648 373 1545 638 374 1546 637 375 1547 648 373 1548 637 375 1549 644 376 1550 644 376 1551 637 375 1552 636 377 1553 644 376 1554 636 377 1555 643 378 1556 643 378 1557 636 377 1558 635 379 1559 643 378 1560 635 379 1561 641 380 1562 640 381 1563 635 382 1564 641 383 1565 640 381 1566 634 384 1567 635 382 1568 641 385 1569 634 384 1570 640 386 1571 641 385 1572 635 382 1573 634 384 1574 639 370 1575 646 387 1576 648 388 1577 639 370 1578 648 388 1579 638 371 1580 640 135 1581 646 389 1582 641 390 1583 644 391 1584 646 389 1585 648 392 1586 641 390 1587 646 389 1588 644 391 1589 641 390 1590 644 391 1591 643 393 1592 646 394 1593 642 360 1594 640 395 1595 646 394 1596 647 355 1597 642 360 1598 640 395 1599 642 360 1600 641 396 1601 642 360 1602 643 397 1603 641 396 1604 642 360 1605 645 356 1606 643 397 1607 643 397 1608 645 356 1609 644 398 1610 645 356 1611 648 399 1612 644 398 1613 645 356 1614 647 355 1615 648 399 1616 648 399 1617 647 355 1618 646 394 1619 650 400 1620 653 400 1621 649 400 1622 650 401 1623 656 401 1624 653 401 1625 652 402 1626 649 402 1627 651 402 1628 652 403 1629 650 403 1630 649 403 1631 655 404 1632 651 404 1633 654 404 1634 655 405 1635 652 405 1636 651 405 1637 656 406 1638 654 406 1639 653 406 1640 656 407 1641 655 407 1642 654 407 1643 658 408 1644 661 408 1645 657 408 1646 658 409 1647 664 409 1648 661 409 1649 660 410 1650 657 410 1651 659 410 1652 660 411 1653 658 411 1654 657 411 1655 663 412 1656 659 412 1657 662 412 1658 663 413 1659 660 413 1660 659 413 1661 664 414 1662 662 414 1663 661 414 1664 664 415 1665 663 415 1666 662 415 1667 665 416 1668 666 416 1669 667 416 1670 665 417 1671 667 417 1672 668 417 1673 666 418 1674 669 418 1675 670 418 1676 666 419 1677 670 419 1678 667 419 1679 669 420 1680 671 420 1681 672 420 1682 669 421 1683 672 421 1684 670 421 1685 671 422 1686 665 422 1687 668 422 1688 671 423 1689 668 423 1690 672 423 1691 673 424 1692 674 424 1693 675 424 1694 673 425 1695 675 425 1696 676 425 1697 674 426 1698 677 426 1699 678 426 1700 674 427 1701 678 427 1702 675 427 1703 677 428 1704 679 428 1705 680 428 1706 677 429 1707 680 429 1708 678 429 1709 679 430 1710 673 430 1711 676 430 1712 679 431 1713 676 431 1714 680 431 1715 681 432 1716 682 433 1717 683 434 1718 684 435 1719 682 433 1720 681 432 1721 684 435 1722 681 432 1723 685 436 1724 686 437 1725 684 435 1726 685 436 1727 687 438 1728 684 435 1729 686 437 1730 687 438 1731 686 437 1732 688 439 1733 689 440 1734 687 438 1735 688 439 1736 683 434 1737 682 433 1738 687 438 1739 683 434 1740 687 438 1741 689 440 1742 688 441 1743 685 442 1744 686 443 1745 688 441 1746 683 444 1747 685 442 1748 685 442 1749 683 444 1750 681 445 1751 689 135 1752 683 444 1753 688 441 1754 690 446 1755 681 447 1756 691 448 1757 690 446 1758 683 449 1759 681 447 1760 692 450 1761 685 451 1762 681 452 1763 692 450 1764 681 452 1765 691 453 1766 685 451 1767 692 450 1768 693 454 1769 685 451 1770 693 454 1771 686 455 1772 694 456 1773 688 457 1774 686 455 1775 694 456 1776 686 455 1777 693 454 1778 688 458 1779 694 459 1780 695 460 1781 688 458 1782 695 460 1783 689 461 1784 690 462 1785 683 463 1786 689 464 1787 690 462 1788 689 464 1789 695 465 1790 689 466 1791 695 460 1792 694 459 1793 689 466 1794 694 459 1795 688 467 1796 683 468 1797 691 448 1798 681 469 1799 683 468 1800 690 446 1801 691 448 1802 696 470 1803 697 471 1804 698 472 1805 696 470 1806 698 472 1807 699 473 1808 696 470 1809 699 473 1810 700 474 1811 696 470 1812 700 474 1813 687 438 1814 696 470 1815 687 438 1816 697 471 1817 697 471 1818 682 433 1819 701 475 1820 698 472 1821 701 475 1822 702 476 1823 699 473 1824 702 476 1825 703 477 1826 700 474 1827 703 477 1828 684 435 1829 701 475 1830 698 472 1831 697 471 1832 702 476 1833 699 473 1834 698 472 1835 703 477 1836 700 474 1837 699 473 1838 684 435 1839 687 438 1840 700 474 1841 682 433 1842 697 471 1843 687 438 1844 704 478 1845 702 476 1846 701 475 1847 704 478 1848 703 477 1849 702 476 1850 704 478 1851 684 435 1852 703 477 1853 704 478 1854 682 433 1855 684 435 1856 704 478 1857 701 475 1858 682 433 1859 705 479 1860 709 479 1861 706 479 1862 707 480 1863 709 480 1864 710 480 1865 705 481 1866 710 481 1867 708 481 1868 708 482 1869 711 482 1870 709 482 1871 710 483 1872 711 483 1873 713 483 1874 708 484 1875 713 484 1876 712 484 1877 711 485 1878 712 485 1879 713 485 1880 716 486 1881 715 486 1882 714 486 1883 719 487 1884 714 487 1885 715 487 1886 717 488 1887 716 488 1888 714 488 1889 719 489 1890 716 489 1891 718 489 1892 722 490 1893 717 490 1894 719 490 1895 720 491 1896 718 491 1897 717 491 1898 722 492 1899 718 492 1900 721 492 1901 747 493 1902 743 493 1903 729 493 1904 747 494 1905 729 494 1906 737 494 1907 730 495 1908 742 495 1909 739 495 1910 742 496 1911 747 496 1912 739 496 1913 742 497 1914 731 497 1915 743 497 1916 742 498 1917 743 498 1918 747 498 1919 743 499 1920 746 499 1921 736 499 1922 743 500 1923 736 500 1924 729 500 1925 746 501 1926 734 501 1927 723 501 1928 746 502 1929 723 502 1930 736 502 1931 731 503 1932 740 503 1933 746 503 1934 731 504 1935 746 504 1936 743 504 1937 740 505 1938 728 505 1939 734 505 1940 740 506 1941 734 506 1942 746 506 1943 738 507 1944 745 507 1945 742 507 1946 738 508 1947 742 508 1948 730 508 1949 745 509 1950 741 509 1951 731 509 1952 745 510 1953 731 510 1954 742 510 1955 725 511 1956 733 511 1957 745 511 1958 725 512 1959 745 512 1960 738 512 1961 733 513 1962 727 513 1963 741 513 1964 733 514 1965 741 514 1966 745 514 1967 741 515 1968 744 515 1969 740 515 1970 741 516 1971 740 516 1972 731 516 1973 744 517 1974 735 517 1975 728 517 1976 744 518 1977 728 518 1978 740 518 1979 727 519 1980 732 519 1981 744 519 1982 727 520 1983 744 520 1984 741 520 1985 724 521 1986 735 521 1987 744 521 1988 744 522 1989 732 522 1990 724 522 1991 747 523 1992 737 523 1993 726 523 1994 726 524 1995 739 524 1996 747 524 1997 748 525 1998 752 525 1999 749 525 2000 750 526 2001 752 526 2002 753 526 2003 748 527 2004 753 527 2005 751 527 2006 751 528 2007 754 528 2008 752 528 2009 753 529 2010 754 529 2011 756 529 2012 751 530 2013 756 530 2014 755 530 2015 754 531 2016 755 531 2017 756 531 2018 759 532 2019 758 532 2020 757 532 2021 760 533 2022 758 533 2023 762 533 2024 760 534 2025 759 534 2026 757 534 2027 762 535 2028 759 535 2029 761 535 2030 763 536 2031 762 536 2032 765 536 2033 763 537 2034 761 537 2035 760 537 2036 765 538 2037 761 538 2038 764 538 2039 790 539 2040 766 539 2041 767 539 2042 791 540 2043 779 540 2044 778 540 2045 790 541 2046 767 541 2047 768 541 2048 791 542 2049 780 542 2050 779 542 2051 790 543 2052 768 543 2053 769 543 2054 791 544 2055 781 544 2056 780 544 2057 790 545 2058 769 545 2059 770 545 2060 791 546 2061 782 546 2062 781 546 2063 790 547 2064 770 547 2065 771 547 2066 791 548 2067 783 548 2068 782 548 2069 790 549 2070 771 549 2071 772 549 2072 791 550 2073 784 550 2074 783 550 2075 790 551 2076 772 551 2077 773 551 2078 791 552 2079 785 552 2080 784 552 2081 790 553 2082 773 553 2083 774 553 2084 791 554 2085 786 554 2086 785 554 2087 790 555 2088 774 555 2089 775 555 2090 791 556 2091 787 556 2092 786 556 2093 790 557 2094 775 557 2095 776 557 2096 791 558 2097 788 558 2098 787 558 2099 790 559 2100 776 559 2101 777 559 2102 791 560 2103 789 560 2104 788 560 2105 790 561 2106 777 561 2107 766 561 2108 791 562 2109 778 562 2110 789 562 2111 766 563 2112 779 564 2113 767 565 2114 767 565 2115 780 566 2116 768 567 2117 780 566 2118 769 568 2119 768 567 2120 769 568 2121 782 569 2122 770 570 2123 782 569 2124 771 571 2125 770 570 2126 783 572 2127 772 573 2128 771 571 2129 784 574 2130 773 575 2131 772 573 2132 785 576 2133 774 577 2134 773 575 2135 774 577 2136 787 578 2137 775 579 2138 775 579 2139 788 580 2140 776 581 2141 776 581 2142 789 582 2143 777 583 2144 777 583 2145 778 584 2146 766 563 2147 808 585 2148 792 585 2149 793 585 2150 809 586 2151 801 586 2152 800 586 2153 808 587 2154 793 587 2155 794 587 2156 809 588 2157 802 588 2158 801 588 2159 808 589 2160 794 589 2161 795 589 2162 809 590 2163 803 590 2164 802 590 2165 808 591 2166 795 591 2167 796 591 2168 809 586 2169 804 586 2170 803 586 2171 808 592 2172 796 592 2173 797 592 2174 809 593 2175 805 593 2176 804 593 2177 808 594 2178 797 594 2179 798 594 2180 809 595 2181 806 595 2182 805 595 2183 808 596 2184 798 596 2185 799 596 2186 809 597 2187 807 597 2188 806 597 2189 808 598 2190 799 598 2191 792 598 2192 809 599 2193 800 599 2194 807 599 2195 800 600 2196 793 600 2197 792 600 2198 793 601 2199 802 601 2200 794 601 2201 802 602 2202 795 602 2203 794 602 2204 795 603 2205 804 603 2206 796 603 2207 804 604 2208 797 604 2209 796 604 2210 805 605 2211 798 605 2212 797 605 2213 798 606 2214 807 606 2215 799 606 2216 807 607 2217 792 607 2218 799 607 2219 817 135 2220 815 135 2221 814 135 2222 814 608 2223 811 608 2224 810 608 2225 815 609 2226 812 609 2227 811 609 2228 816 610 2229 813 610 2230 812 610 2231 813 611 2232 814 611 2233 810 611 2234 822 612 2235 821 612 2236 825 612 2237 819 613 2238 822 613 2239 823 613 2240 824 614 2241 819 614 2242 823 614 2243 825 615 2244 820 615 2245 824 615 2246 818 616 2247 820 616 2248 821 616 2249 833 617 2250 831 617 2251 830 617 2252 826 618 2253 831 618 2254 827 618 2255 831 619 2256 828 619 2257 827 619 2258 832 620 2259 829 620 2260 828 620 2261 829 621 2262 830 621 2263 826 621 2264 838 622 2265 837 622 2266 841 622 2267 835 623 2268 838 623 2269 839 623 2270 836 624 2271 839 624 2272 840 624 2273 841 625 2274 836 625 2275 840 625 2276 834 626 2277 836 626 2278 837 626 2279 849 627 2280 847 627 2281 846 627 2282 842 628 2283 847 628 2284 843 628 2285 847 629 2286 844 629 2287 843 629 2288 848 630 2289 845 630 2290 844 630 2291 849 631 2292 842 631 2293 845 631 2294 854 632 2295 853 632 2296 857 632 2297 851 633 2298 854 633 2299 855 633 2300 852 634 2301 855 634 2302 856 634 2303 853 635 2304 856 635 2305 857 635 2306 850 135 2307 852 135 2308 853 135 2309 862 636 2310 864 636 2311 863 636 2312 858 637 2313 863 637 2314 859 637 2315 859 638 2316 864 638 2317 860 638 2318 860 639 2319 865 639 2320 861 639 2321 865 640 2322 858 640 2323 861 640 2324 860 641 2325 858 641 2326 859 641 2327 873 642 2328 871 642 2329 872 642 2330 873 643 2331 866 643 2332 870 643 2333 870 644 2334 867 644 2335 871 644 2336 872 645 2337 867 645 2338 868 645 2339 873 646 2340 868 646 2341 869 646 2342 869 647 2343 867 647 2344 866 647 2345 878 648 2346 880 648 2347 879 648 2348 878 649 2349 875 649 2350 874 649 2351 875 650 2352 880 650 2353 876 650 2354 880 651 2355 877 651 2356 876 651 2357 881 652 2358 874 652 2359 877 652 2360 886 653 2361 885 653 2362 889 653 2363 883 654 2364 886 654 2365 887 654 2366 884 655 2367 887 655 2368 888 655 2369 885 656 2370 888 656 2371 889 656 2372 882 657 2373 884 657 2374 885 657 2375 875 658 2376 877 658 2377 874 658 2378 886 659 2379 888 659 2380 887 659 2381 890 21 2382 895 21 2383 893 21 2384 892 34 2385 897 34 2386 891 34 2387 893 660 2388 896 660 2389 892 660 2390 891 661 2391 894 661 2392 890 661 2393 895 662 2394 897 662 2395 896 662 2396 507 663 2397 508 663 2398 509 663 2399 516 664 2400 518 664 2401 517 664 2402 519 665 2403 520 665 2404 521 665 2405 528 666 2406 530 666 2407 529 666 2408 531 667 2409 532 667 2410 533 667 2411 540 668 2412 542 668 2413 541 668 2414 543 669 2415 544 669 2416 545 669 2417 510 670 2418 512 670 2419 511 670 2420 513 671 2421 514 671 2422 515 671 2423 522 672 2424 524 672 2425 523 672 2426 525 673 2427 526 673 2428 527 673 2429 534 674 2430 536 674 2431 535 674 2432 537 675 2433 538 675 2434 539 675 2435 546 676 2436 548 676 2437 547 676 2438 915 677 2439 914 677 2440 913 677 2441 918 678 2442 916 678 2443 917 678 2444 924 679 2445 922 679 2446 923 679 2447 912 680 2448 910 680 2449 911 680 2450 921 681 2451 920 681 2452 919 681 2453 927 682 2454 926 682 2455 925 682 2456 899 683 2457 902 683 2458 901 683 2459 899 684 2460 903 684 2461 900 684 2462 898 685 2463 903 685 2464 902 685 2465 901 686 2466 902 686 2467 903 686 2468 906 687 2469 905 687 2470 904 687 2471 909 688 2472 904 688 2473 905 688 2474 907 689 2475 906 689 2476 904 689 2477 909 690 2478 906 690 2479 908 690 2480 910 691 2481 914 691 2482 911 691 2483 914 692 2484 912 692 2485 911 692 2486 912 693 2487 913 693 2488 910 693 2489 919 694 2490 918 694 2491 921 694 2492 917 695 2493 919 695 2494 920 695 2495 921 696 2496 917 696 2497 920 696 2498 925 697 2499 924 697 2500 927 697 2501 923 698 2502 925 698 2503 926 698 2504 927 699 2505 923 699 2506 926 699 2507 376 0 2508 375 0 2509 374 0 2510 930 21 2511 928 21 2512 1137 21 2513 937 700 2514 935 700 2515 934 700 2516 939 701 2517 936 701 2518 937 701 2519 941 702 2520 938 702 2521 939 702 2522 941 703 2523 942 703 2524 940 703 2525 943 34 2526 945 34 2527 942 34 2528 946 704 2529 945 704 2530 944 704 2531 949 705 2532 947 705 2533 946 705 2534 950 706 2535 948 706 2536 949 706 2537 952 707 2538 951 707 2539 950 707 2540 952 708 2541 955 708 2542 953 708 2543 956 34 2544 955 34 2545 954 34 2546 959 135 2547 957 135 2548 956 135 2549 959 709 2550 961 709 2551 958 709 2552 960 710 2553 962 710 2554 961 710 2555 964 711 2556 962 711 2557 963 711 2558 964 712 2559 966 712 2560 965 712 2561 968 34 2562 966 34 2563 967 34 2564 968 713 2565 970 713 2566 969 713 2567 974 714 2568 972 714 2569 975 714 2570 997 715 2571 984 715 2572 976 715 2573 976 716 2574 986 716 2575 997 716 2576 979 717 2577 991 717 2578 999 717 2579 999 718 2580 988 718 2581 979 718 2582 996 719 2583 979 719 2584 982 719 2585 996 720 2586 991 720 2587 979 720 2588 979 721 2589 995 721 2590 983 721 2591 979 722 2592 988 722 2593 995 722 2594 982 723 2595 983 723 2596 992 723 2597 982 724 2598 979 724 2599 983 724 2600 990 725 2601 982 725 2602 978 725 2603 990 726 2604 996 726 2605 982 726 2606 998 727 2607 978 727 2608 985 727 2609 998 728 2610 990 728 2611 978 728 2612 978 729 2613 992 729 2614 981 729 2615 978 730 2616 982 730 2617 992 730 2618 985 731 2619 981 731 2620 993 731 2621 985 732 2622 978 732 2623 981 732 2624 983 733 2625 989 733 2626 977 733 2627 983 734 2628 995 734 2629 989 734 2630 992 735 2631 977 735 2632 980 735 2633 992 736 2634 983 736 2635 977 736 2636 977 737 2637 1000 737 2638 987 737 2639 977 738 2640 989 738 2641 1000 738 2642 980 739 2643 987 739 2644 994 739 2645 980 740 2646 977 740 2647 987 740 2648 981 741 2649 980 741 2650 976 741 2651 981 742 2652 992 742 2653 980 742 2654 981 743 2655 976 743 2656 984 743 2657 993 744 2658 981 744 2659 984 744 2660 976 745 2661 994 745 2662 986 745 2663 976 746 2664 980 746 2665 994 746 2666 1001 747 2667 1005 747 2668 1002 747 2669 1003 748 2670 1005 748 2671 1006 748 2672 1001 749 2673 1006 749 2674 1004 749 2675 1004 750 2676 1007 750 2677 1005 750 2678 1006 751 2679 1007 751 2680 1009 751 2681 1004 752 2682 1009 752 2683 1008 752 2684 1007 753 2685 1008 753 2686 1009 753 2687 1012 754 2688 1011 754 2689 1010 754 2690 1015 755 2691 1010 755 2692 1011 755 2693 1013 756 2694 1012 756 2695 1010 756 2696 1015 757 2697 1012 757 2698 1014 757 2699 1018 758 2700 1013 758 2701 1015 758 2702 1016 759 2703 1014 759 2704 1013 759 2705 1018 760 2706 1014 760 2707 1017 760 2708 1023 761 2709 1020 761 2710 1019 761 2711 1024 762 2712 1021 762 2713 1020 762 2714 1025 34 2715 1022 34 2716 1021 34 2717 1026 763 2718 1019 763 2719 1022 763 2720 1027 764 2721 1034 764 2722 1031 764 2723 1028 34 2724 1031 34 2725 1032 34 2726 1029 77 2727 1032 77 2728 1033 77 2729 1030 765 2730 1033 765 2731 1034 765 2732 1039 77 2733 1036 77 2734 1035 77 2735 1040 766 2736 1037 766 2737 1036 766 2738 1041 0 2739 1038 0 2740 1037 0 2741 1042 767 2742 1035 767 2743 1038 767 2744 1043 768 2745 1050 768 2746 1047 768 2747 1048 34 2748 1043 34 2749 1047 34 2750 1045 769 2751 1048 769 2752 1049 769 2753 1046 21 2754 1049 21 2755 1050 21 2756 1054 770 2757 1051 770 2758 379 770 2759 1054 771 2760 1483 771 2761 1053 771 2762 379 77 2763 1495 77 2764 1497 77 2765 1056 772 2766 1057 773 2767 1063 774 2768 1062 775 2769 1056 772 2770 1063 774 2771 1057 773 2772 1058 776 2773 1064 777 2774 1064 777 2775 1063 774 2776 1057 773 2777 1058 776 2778 1059 778 2779 1065 779 2780 1065 779 2781 1064 777 2782 1058 776 2783 1059 778 2784 1060 780 2785 1066 781 2786 1066 781 2787 1065 779 2788 1059 778 2789 1060 780 2790 1061 782 2791 1067 783 2792 1067 783 2793 1066 781 2794 1060 780 2795 1061 782 2796 1056 772 2797 1062 775 2798 1062 775 2799 1067 783 2800 1061 782 2801 1062 775 2802 1063 774 2803 1069 784 2804 1069 784 2805 1068 785 2806 1062 775 2807 1063 774 2808 1064 777 2809 1070 786 2810 1070 786 2811 1069 784 2812 1063 774 2813 1064 777 2814 1065 779 2815 1071 787 2816 1071 787 2817 1070 786 2818 1064 777 2819 1065 779 2820 1066 781 2821 1072 788 2822 1072 788 2823 1071 787 2824 1065 779 2825 1066 781 2826 1067 783 2827 1073 789 2828 1073 789 2829 1072 788 2830 1066 781 2831 1067 783 2832 1062 775 2833 1068 785 2834 1068 785 2835 1073 789 2836 1067 783 2837 1069 790 2838 1070 790 2839 1071 790 2840 1071 135 2841 1072 135 2842 1073 135 2843 1069 135 2844 1071 135 2845 1073 135 2846 1068 791 2847 1069 791 2848 1073 791 2849 1079 792 2850 1078 792 2851 1074 792 2852 1078 793 2853 1076 793 2854 1074 793 2855 1076 794 2856 1075 794 2857 1074 794 2858 1078 795 2859 1077 795 2860 1076 795 2861 1079 796 2862 1074 797 2863 1080 798 2864 1080 798 2865 1085 799 2866 1079 796 2867 1074 797 2868 1075 800 2869 1081 801 2870 1081 801 2871 1080 798 2872 1074 797 2873 1075 800 2874 1076 802 2875 1082 803 2876 1082 803 2877 1081 801 2878 1075 800 2879 1076 802 2880 1077 804 2881 1083 805 2882 1083 805 2883 1082 803 2884 1076 802 2885 1077 804 2886 1078 806 2887 1084 807 2888 1084 807 2889 1083 805 2890 1077 804 2891 1078 806 2892 1079 796 2893 1085 799 2894 1085 799 2895 1084 807 2896 1078 806 2897 1085 799 2898 1080 798 2899 1086 808 2900 1086 808 2901 1091 809 2902 1085 799 2903 1080 798 2904 1081 801 2905 1087 810 2906 1087 810 2907 1086 808 2908 1080 798 2909 1081 801 2910 1082 803 2911 1088 811 2912 1088 811 2913 1087 810 2914 1081 801 2915 1082 803 2916 1083 805 2917 1089 812 2918 1089 812 2919 1088 811 2920 1082 803 2921 1083 805 2922 1084 807 2923 1090 813 2924 1090 813 2925 1089 812 2926 1083 805 2927 1085 799 2928 1091 809 2929 1084 807 2930 1091 809 2931 1090 813 2932 1084 807 2933 933 34 2934 1104 34 2935 1107 34 2936 1107 135 2937 1094 135 2938 933 135 2939 932 814 2940 1096 814 2941 1098 814 2942 930 135 2943 1096 135 2944 931 135 2945 1104 327 2946 1103 327 2947 1105 327 2948 1095 77 2949 1105 77 2950 1103 77 2951 1095 135 2952 1107 135 2953 1106 135 2954 931 815 2955 1092 815 2956 928 815 2957 1092 77 2958 1113 77 2959 1110 77 2960 1111 0 2961 1116 0 2962 1099 0 2963 1105 77 2964 1118 77 2965 1108 77 2966 1109 0 2967 1120 0 2968 1104 0 2969 1104 0 2970 1121 0 2971 1107 0 2972 1107 135 2973 1122 135 2974 1106 135 2975 1106 77 2976 1117 77 2977 1105 77 2978 1099 816 2979 1123 816 2980 1098 816 2981 1098 135 2982 1124 135 2983 932 135 2984 932 817 2985 1114 817 2986 1092 817 2987 1114 818 2988 1125 818 2989 1126 818 2990 1123 819 2991 1125 819 2992 1124 819 2993 1116 820 2994 1127 820 2995 1123 820 2996 1117 77 2997 1130 77 2998 1129 77 2999 1121 821 3000 1130 821 3001 1122 821 3002 1120 0 3003 1131 0 3004 1121 0 3005 1119 0 3006 1132 0 3007 1120 0 3008 1118 77 3009 1129 77 3010 1134 77 3011 1115 0 3012 1128 0 3013 1116 0 3014 1125 34 3015 1128 34 3016 1126 34 3017 1132 34 3018 1130 34 3019 1131 34 3020 1132 34 3021 1134 34 3022 1129 34 3023 1126 34 3024 1135 34 3025 1136 34 3026 1105 34 3027 1111 34 3028 1099 34 3029 1137 822 3030 1139 822 3031 1138 822 3032 928 823 3033 1141 823 3034 1142 823 3035 1143 21 3036 1112 21 3037 1138 21 3038 1139 21 3039 1143 21 3040 1138 21 3041 1144 21 3042 1141 21 3043 1112 21 3044 1145 21 3045 928 21 3046 1146 21 3047 1142 21 3048 1146 21 3049 928 21 3050 1145 21 3051 1140 21 3052 1137 21 3053 1145 21 3054 1144 21 3055 1143 21 3056 1146 77 3057 1148 77 3058 1144 77 3059 1143 0 3060 1149 0 3061 1145 0 3062 1142 327 3063 1147 327 3064 1146 327 3065 1145 327 3066 1152 327 3067 1140 327 3068 1144 824 3069 1153 824 3070 1141 824 3071 1139 825 3072 1150 825 3073 1143 825 3074 1141 0 3075 1151 0 3076 1142 0 3077 1140 77 3078 1154 77 3079 1139 77 3080 1150 21 3081 1152 21 3082 1149 21 3083 1147 826 3084 1153 826 3085 1148 826 3086 928 77 3087 1156 77 3088 1112 77 3089 1092 827 3090 1155 827 3091 1158 827 3092 1160 77 3093 1112 77 3094 1159 77 3095 1156 77 3096 1159 77 3097 1112 77 3098 1160 828 3099 1155 828 3100 1110 828 3101 1162 829 3102 928 829 3103 1092 829 3104 1158 77 3105 1162 77 3106 1092 77 3107 1161 830 3108 1157 830 3109 928 830 3110 1162 831 3111 1159 831 3112 1161 831 3113 1162 34 3114 1163 34 3115 1160 34 3116 1159 21 3117 1165 21 3118 1161 21 3119 1158 327 3120 1164 327 3121 1162 327 3122 1161 327 3123 1168 327 3124 1157 327 3125 1160 832 3126 1169 832 3127 1155 832 3128 1156 135 3129 1166 135 3130 1159 135 3131 1155 21 3132 1167 21 3133 1158 21 3134 1157 34 3135 1170 34 3136 1156 34 3137 1167 833 3138 1163 833 3139 1164 833 3140 1165 834 3141 1170 834 3142 1168 834 3143 1126 835 3144 1172 835 3145 1171 835 3146 1113 836 3147 1172 836 3148 1136 836 3149 1114 77 3150 1171 77 3151 1174 77 3152 1114 837 3153 1173 837 3154 1113 837 3155 1174 34 3156 1176 34 3157 1173 34 3158 1171 21 3159 1178 21 3160 1177 21 3161 1104 838 3162 1180 838 3163 1109 838 3164 1093 839 3165 1179 839 3166 1182 839 3167 1184 840 3168 1109 840 3169 1183 840 3170 1180 841 3171 1183 841 3172 1109 841 3173 1184 841 3174 1179 841 3175 929 841 3176 1185 842 3177 1104 842 3178 1093 842 3179 1182 843 3180 1185 843 3181 1093 843 3182 1186 844 3183 1181 844 3184 1104 844 3185 1183 34 3186 1185 34 3187 1184 34 3188 1183 845 3189 1188 845 3190 1186 845 3191 1185 0 3192 1190 0 3193 1184 0 3194 1186 327 3195 1191 327 3196 1181 327 3197 1182 327 3198 1189 327 3199 1185 327 3200 1184 135 3201 1193 135 3202 1179 135 3203 1180 135 3204 1187 135 3205 1183 135 3206 1179 846 3207 1192 846 3208 1182 846 3209 1181 0 3210 1194 0 3211 1180 0 3212 1194 34 3213 1188 34 3214 1187 34 3215 1190 34 3216 1192 34 3217 1193 34 3218 1195 847 3219 1174 847 3220 1171 847 3221 1177 848 3222 1195 848 3223 1171 848 3224 1195 849 3225 1175 849 3226 1174 849 3227 1196 135 3228 1172 135 3229 1173 135 3230 1176 135 3231 1196 135 3232 1173 135 3233 1196 135 3234 1178 135 3235 1172 135 3236 1195 850 3237 1176 850 3238 1175 850 3239 1177 851 3240 1196 851 3241 1195 851 3242 1197 852 3243 1098 852 3244 1096 852 3245 1100 853 3246 1197 853 3247 1096 853 3248 1197 854 3249 1099 854 3250 1098 854 3251 1199 855 3252 1097 855 3253 1200 855 3254 1101 856 3255 1200 856 3256 1097 856 3257 1199 34 3258 1100 34 3259 1096 34 3260 1201 21 3261 1095 21 3262 1202 21 3263 1103 21 3264 1202 21 3265 1095 21 3266 1201 21 3267 1102 21 3268 1094 21 3269 1201 135 3270 1198 135 3271 1102 135 3272 1202 135 3273 1204 135 3274 1201 135 3275 1198 135 3276 1200 135 3277 1101 135 3278 1199 135 3279 1204 135 3280 1203 135 3281 1199 857 3282 1197 857 3283 1100 857 3284 1103 135 3285 1203 135 3286 1202 135 3287 1103 858 3288 1099 858 3289 1197 858 3290 1208 859 3291 1206 859 3292 1210 859 3293 1210 860 3294 1212 860 3295 1208 860 3296 1206 861 3297 1205 861 3298 1209 861 3299 1209 862 3300 1210 862 3301 1206 862 3302 1205 863 3303 1207 863 3304 1211 863 3305 1211 864 3306 1209 864 3307 1205 864 3308 1207 865 3309 1208 865 3310 1212 865 3311 1212 866 3312 1211 866 3313 1207 866 3314 1205 867 3315 1206 867 3316 1208 867 3317 1208 868 3318 1207 868 3319 1205 868 3320 1216 869 3321 1214 869 3322 1218 869 3323 1218 870 3324 1220 870 3325 1216 870 3326 1214 871 3327 1213 871 3328 1217 871 3329 1217 872 3330 1218 872 3331 1214 872 3332 1213 873 3333 1215 873 3334 1219 873 3335 1219 874 3336 1217 874 3337 1213 874 3338 1215 875 3339 1216 875 3340 1220 875 3341 1220 876 3342 1219 876 3343 1215 876 3344 1213 877 3345 1214 877 3346 1216 877 3347 1216 878 3348 1215 878 3349 1213 878 3350 1224 77 3351 1221 77 3352 1222 77 3353 1225 77 3354 1228 77 3355 1227 77 3356 380 34 3357 377 34 3358 374 34 3359 1231 135 3360 1234 135 3361 1229 135 3362 1230 327 3363 1235 327 3364 1232 327 3365 1232 77 3366 1233 77 3367 1231 77 3368 1229 0 3369 1236 0 3370 1230 0 3371 1229 34 3372 1237 34 3373 1231 34 3374 1232 34 3375 1240 34 3376 1230 34 3377 1231 879 3378 1239 879 3379 1232 879 3380 1229 34 3381 1240 34 3382 1238 34 3383 1240 77 3384 1241 77 3385 1238 77 3386 1237 0 3387 1244 0 3388 1239 0 3389 1239 135 3390 1242 135 3391 1240 135 3392 1238 327 3393 1243 327 3394 1237 327 3395 1241 34 3396 1244 34 3397 1243 34 3398 1248 880 3399 1245 880 3400 1246 880 3401 1248 0 3402 1249 0 3403 1247 0 3404 1245 77 3405 1252 77 3406 1246 77 3407 1245 327 3408 1249 327 3409 1251 327 3410 1246 135 3411 1250 135 3412 1248 135 3413 1255 135 3414 1259 135 3415 1257 135 3416 1260 881 3417 1256 881 3418 1258 881 3419 1253 882 3420 1260 882 3421 1259 882 3422 1256 883 3423 1257 883 3424 1258 883 3425 1260 884 3426 1257 884 3427 1259 884 3428 1266 885 3429 1262 885 3430 1261 885 3431 1267 886 3432 1263 886 3433 1262 886 3434 1268 887 3435 1264 887 3436 1263 887 3437 1264 888 3438 1270 888 3439 1265 888 3440 1270 889 3441 1261 889 3442 1265 889 3443 1268 890 3444 1270 890 3445 1269 890 3446 1266 891 3447 1268 891 3448 1267 891 3449 1275 892 3450 1273 892 3451 1274 892 3452 1273 893 3453 1271 893 3454 1272 893 3455 1276 894 3456 1275 894 3457 1280 894 3458 1272 895 3459 1276 895 3460 1277 895 3461 1278 896 3462 1272 896 3463 1277 896 3464 1274 897 3465 1278 897 3466 1279 897 3467 1275 898 3468 1279 898 3469 1280 898 3470 1281 899 3471 1287 899 3472 1282 899 3473 1282 900 3474 1288 900 3475 1283 900 3476 1288 901 3477 1284 901 3478 1283 901 3479 1284 902 3480 1290 902 3481 1285 902 3482 1285 903 3483 1286 903 3484 1281 903 3485 1288 904 3486 1290 904 3487 1289 904 3488 1286 905 3489 1288 905 3490 1287 905 3491 1295 906 3492 1293 906 3493 1294 906 3494 1293 907 3495 1291 907 3496 1292 907 3497 1296 908 3498 1295 908 3499 1300 908 3500 1297 909 3501 1291 909 3502 1296 909 3503 1293 910 3504 1297 910 3505 1298 910 3506 1294 911 3507 1298 911 3508 1299 911 3509 1300 912 3510 1294 912 3511 1299 912 3512 1306 913 3513 1302 913 3514 1301 913 3515 1302 914 3516 1308 914 3517 1303 914 3518 1308 915 3519 1304 915 3520 1303 915 3521 1310 916 3522 1304 916 3523 1309 916 3524 1305 917 3525 1306 917 3526 1301 917 3527 1308 918 3528 1310 918 3529 1309 918 3530 1306 919 3531 1308 919 3532 1307 919 3533 1311 920 3534 1317 920 3535 1312 920 3536 1317 921 3537 1313 921 3538 1312 921 3539 1313 922 3540 1319 922 3541 1314 922 3542 1314 923 3543 1320 923 3544 1315 923 3545 1320 924 3546 1311 924 3547 1315 924 3548 1318 925 3549 1320 925 3550 1319 925 3551 1316 926 3552 1318 926 3553 1317 926 3554 1325 927 3555 1323 927 3556 1324 927 3557 1323 928 3558 1321 928 3559 1322 928 3560 1326 929 3561 1325 929 3562 1330 929 3563 1322 930 3564 1326 930 3565 1327 930 3566 1328 931 3567 1322 931 3568 1327 931 3569 1324 932 3570 1328 932 3571 1329 932 3572 1325 933 3573 1329 933 3574 1330 933 3575 1336 934 3576 1332 934 3577 1331 934 3578 1332 935 3579 1338 935 3580 1333 935 3581 1338 936 3582 1334 936 3583 1333 936 3584 1339 937 3585 1335 937 3586 1334 937 3587 1335 938 3588 1336 938 3589 1331 938 3590 1338 939 3591 1340 939 3592 1339 939 3593 1336 940 3594 1338 940 3595 1337 940 3596 1345 941 3597 1343 941 3598 1344 941 3599 1343 942 3600 1341 942 3601 1342 942 3602 1346 943 3603 1345 943 3604 1350 943 3605 1347 944 3606 1341 944 3607 1346 944 3608 1348 945 3609 1342 945 3610 1347 945 3611 1344 946 3612 1348 946 3613 1349 946 3614 1345 947 3615 1349 947 3616 1350 947 3617 1356 948 3618 1352 948 3619 1351 948 3620 1352 949 3621 1358 949 3622 1353 949 3623 1358 950 3624 1354 950 3625 1353 950 3626 1360 951 3627 1354 951 3628 1359 951 3629 1360 952 3630 1351 952 3631 1355 952 3632 1358 953 3633 1360 953 3634 1359 953 3635 1356 954 3636 1358 954 3637 1357 954 3638 1365 955 3639 1363 955 3640 1364 955 3641 1363 956 3642 1361 956 3643 1362 956 3644 1366 957 3645 1365 957 3646 1370 957 3647 1361 958 3648 1367 958 3649 1362 958 3650 1363 959 3651 1367 959 3652 1368 959 3653 1369 960 3654 1363 960 3655 1368 960 3656 1365 961 3657 1369 961 3658 1370 961 3659 1376 962 3660 1372 962 3661 1371 962 3662 1377 963 3663 1373 963 3664 1372 963 3665 1373 964 3666 1379 964 3667 1374 964 3668 1374 965 3669 1380 965 3670 1375 965 3671 1375 966 3672 1376 966 3673 1371 966 3674 1378 967 3675 1380 967 3676 1379 967 3677 1380 968 3678 1377 968 3679 1376 968 3680 1385 969 3681 1383 969 3682 1384 969 3683 1383 970 3684 1381 970 3685 1382 970 3686 1386 971 3687 1385 971 3688 1390 971 3689 1387 972 3690 1381 972 3691 1386 972 3692 1383 973 3693 1387 973 3694 1388 973 3695 1389 974 3696 1383 974 3697 1388 974 3698 1390 975 3699 1384 975 3700 1389 975 3701 1396 976 3702 1392 976 3703 1391 976 3704 1392 977 3705 1398 977 3706 1393 977 3707 1393 978 3708 1399 978 3709 1394 978 3710 1399 979 3711 1395 979 3712 1394 979 3713 1395 980 3714 1396 980 3715 1391 980 3716 1398 981 3717 1400 981 3718 1399 981 3719 1396 982 3720 1398 982 3721 1397 982 3722 1405 983 3723 1403 983 3724 1404 983 3725 1403 984 3726 1401 984 3727 1402 984 3728 1406 985 3729 1405 985 3730 1410 985 3731 1407 986 3732 1401 986 3733 1406 986 3734 1403 987 3735 1407 987 3736 1408 987 3737 1404 988 3738 1408 988 3739 1409 988 3740 1405 989 3741 1409 989 3742 1410 989 3743 1416 990 3744 1412 990 3745 1411 990 3746 1412 991 3747 1418 991 3748 1413 991 3749 1418 992 3750 1414 992 3751 1413 992 3752 1420 993 3753 1414 993 3754 1419 993 3755 1415 994 3756 1416 994 3757 1411 994 3758 1418 995 3759 1420 995 3760 1419 995 3761 1416 996 3762 1418 996 3763 1417 996 3764 1421 997 3765 1424 997 3766 1425 997 3767 1423 998 3768 1421 998 3769 1422 998 3770 1426 999 3771 1425 999 3772 1430 999 3773 1427 1000 3774 1421 1000 3775 1426 1000 3776 1423 1001 3777 1427 1001 3778 1428 1001 3779 1429 1002 3780 1423 1002 3781 1428 1002 3782 1430 1003 3783 1424 1003 3784 1429 1003 3785 1435 1004 3786 1433 1004 3787 1434 1004 3788 1433 1005 3789 1431 1005 3790 1432 1005 3791 1436 1006 3792 1435 1006 3793 1440 1006 3794 1432 1007 3795 1436 1007 3796 1437 1007 3797 1438 1008 3798 1432 1008 3799 1437 1008 3800 1434 1009 3801 1438 1009 3802 1439 1009 3803 1435 1010 3804 1439 1010 3805 1440 1010 3806 1446 1011 3807 1442 1011 3808 1441 1011 3809 1447 1012 3810 1443 1012 3811 1442 1012 3812 1443 1013 3813 1449 1013 3814 1444 1013 3815 1449 1014 3816 1445 1014 3817 1444 1014 3818 1445 1015 3819 1446 1015 3820 1441 1015 3821 1448 1016 3822 1450 1016 3823 1449 1016 3824 1450 1017 3825 1447 1017 3826 1446 1017 3827 1456 1018 3828 1452 1018 3829 1451 1018 3830 1457 1019 3831 1453 1019 3832 1452 1019 3833 1453 1020 3834 1459 1020 3835 1454 1020 3836 1454 1021 3837 1460 1021 3838 1455 1021 3839 1455 1022 3840 1456 1022 3841 1451 1022 3842 1458 1023 3843 1460 1023 3844 1459 1023 3845 1456 1024 3846 1458 1024 3847 1457 1024 3848 1462 1025 3849 891 1026 3850 890 1027 3851 1463 1028 3852 368 1028 3853 1464 1028 3854 366 1029 3855 1464 1029 3856 368 1029 3857 1463 1030 3858 358 1030 3859 361 1030 3860 1467 1031 3861 360 1031 3862 361 1031 3863 358 1032 3864 1467 1032 3865 361 1032 3866 1468 1033 3867 359 1033 3868 360 1033 3869 1472 1034 3870 359 1035 3871 1468 1036 3872 1475 1037 3873 369 1037 3874 360 1037 3875 359 21 3876 1475 21 3877 360 21 3878 1476 1038 3879 367 1038 3880 369 1038 3881 1480 1039 3882 367 1040 3883 1476 1041 3884 893 1042 3885 1478 1043 3886 890 1027 3887 1478 1043 3888 1477 1044 3889 890 1027 3890 1477 1044 3891 1470 1045 3892 890 1027 3893 1482 1046 3894 368 1046 3895 369 1046 3896 367 77 3897 1482 77 3898 369 77 3899 1481 77 3900 366 77 3901 368 77 3902 366 1047 3903 1481 1048 3904 892 1049 3905 1482 1050 3906 367 1040 3907 893 1042 3908 1484 1051 3909 1055 1051 3910 1485 1051 3911 1486 0 3912 1484 0 3913 1485 0 3914 1489 0 3915 1486 0 3916 1488 0 3917 1497 21 3918 1491 21 3919 1496 21 3920 380 34 3921 1493 34 3922 379 34 3923 1504 0 3924 374 0 3925 375 0 3926 1496 0 3927 1504 0 3928 375 0 3929 1503 0 3930 380 0 3931 374 0 3932 1502 0 3933 1496 0 3934 1494 0 3935 1501 0 3936 380 0 3937 1503 0 3938 1052 1052 3939 1502 1052 3940 1494 1052 3941 1503 21 3942 1505 21 3943 1501 21 3944 1502 34 3945 1508 34 3946 1504 34 3947 1504 327 3948 1506 327 3949 1503 327 3950 1501 135 3951 1507 135 3952 1502 135 3953 1505 0 3954 1508 0 3955 1507 0 3956 1509 0 3957 1512 0 3958 1511 0 3959 1516 21 3960 1513 21 3961 1514 21 3962 1517 21 3963 1520 21 3964 1519 21 3965 1524 1053 3966 1522 1053 3967 1523 1053 3968 1535 1054 3969 1533 1054 3970 1536 1054 3971 1528 1055 3972 1526 1055 3973 1525 1055 3974 1521 1056 3975 1526 1056 3976 1522 1056 3977 1522 327 3978 1527 327 3979 1523 327 3980 1527 1057 3981 1524 1057 3982 1523 1057 3983 1528 1058 3984 1521 1058 3985 1524 1058 3986 1533 1059 3987 1532 1059 3988 1536 1059 3989 1530 1060 3990 1533 1060 3991 1534 1060 3992 1535 1061 3993 1530 1061 3994 1534 1061 3995 1532 1062 3996 1535 1062 3997 1536 1062 3998 1532 1063 3999 1530 1063 4000 1531 1063 4001 1541 135 4002 1543 135 4003 1542 135 4004 1541 1064 4005 1538 1064 4006 1537 1064 4007 1542 1065 4008 1539 1065 4009 1538 1065 4010 1543 1066 4011 1540 1066 4012 1539 1066 4013 1540 1067 4014 1541 1067 4015 1537 1067 4016 1549 1068 4017 1548 1068 4018 1552 1068 4019 1546 1069 4020 1549 1069 4021 1550 1069 4022 1547 1070 4023 1550 1070 4024 1551 1070 4025 1552 1071 4026 1547 1071 4027 1551 1071 4028 1545 1072 4029 1547 1072 4030 1548 1072 4031 1560 1073 4032 1558 1073 4033 1557 1073 4034 1553 1074 4035 1558 1074 4036 1554 1074 4037 1554 1075 4038 1559 1075 4039 1555 1075 4040 1559 1076 4041 1556 1076 4042 1555 1076 4043 1556 1077 4044 1557 1077 4045 1553 1077 4046 1561 1078 4047 1568 1078 4048 1565 1078 4049 1562 1079 4050 1565 1079 4051 1566 1079 4052 1567 1080 4053 1562 1080 4054 1566 1080 4055 1568 1081 4056 1563 1081 4057 1567 1081 4058 1561 1082 4059 1563 1082 4060 1564 1082 4061 1576 1083 4062 1574 1083 4063 1573 1083 4064 1569 1084 4065 1574 1084 4066 1570 1084 4067 1574 1085 4068 1571 1085 4069 1570 1085 4070 1575 1086 4071 1572 1086 4072 1571 1086 4073 1572 1087 4074 1573 1087 4075 1569 1087 4076 1581 1088 4077 1580 1088 4078 1584 1088 4079 1578 1089 4080 1581 1089 4081 1582 1089 4082 1579 1090 4083 1582 1090 4084 1583 1090 4085 1580 1091 4086 1583 1091 4087 1584 1091 4088 1577 135 4089 1579 135 4090 1580 135 4091 1587 1092 4092 1602 1092 4093 1595 1092 4094 1588 1093 4095 1595 1093 4096 1596 1093 4097 1597 1094 4098 1588 1094 4099 1596 1094 4100 1590 1095 4101 1597 1095 4102 1598 1095 4103 1591 1096 4104 1598 1096 4105 1599 1096 4106 1592 1097 4107 1599 1097 4108 1600 1097 4109 1601 1098 4110 1592 1098 4111 1600 1098 4112 1602 1099 4113 1593 1099 4114 1601 1099 4115 1585 1100 4116 1594 1100 4117 1587 1100 4118 1586 1101 4119 1595 1101 4120 1602 1101 4121 1585 1102 4122 1587 1102 4123 1588 1102 4124 1586 1103 4125 1596 1103 4126 1595 1103 4127 1585 1104 4128 1588 1104 4129 1589 1104 4130 1586 1105 4131 1597 1105 4132 1596 1105 4133 1585 1106 4134 1589 1106 4135 1590 1106 4136 1586 1107 4137 1598 1107 4138 1597 1107 4139 1585 1108 4140 1590 1108 4141 1591 1108 4142 1586 1109 4143 1599 1109 4144 1598 1109 4145 1585 1110 4146 1591 1110 4147 1592 1110 4148 1586 1111 4149 1600 1111 4150 1599 1111 4151 1585 1112 4152 1592 1112 4153 1593 1112 4154 1586 1113 4155 1601 1113 4156 1600 1113 4157 1585 1114 4158 1593 1114 4159 1594 1114 4160 1586 1115 4161 1602 1115 4162 1601 1115 4163 1617 1116 4164 1616 1117 4165 1628 1118 4166 1618 1119 4167 1605 1120 4168 1617 1116 4169 1619 1121 4170 1606 1122 4171 1618 1119 4172 1620 1123 4173 1607 1124 4174 1619 1121 4175 1621 1125 4176 1608 1126 4177 1620 1123 4178 1610 1127 4179 1621 1125 4180 1622 1128 4181 1611 1129 4182 1622 1128 4183 1623 1130 4184 1624 1131 4185 1611 1129 4186 1623 1130 4187 1613 1132 4188 1624 1131 4189 1625 1133 4190 1626 1134 4191 1613 1132 4192 1625 1133 4193 1627 1135 4194 1614 1136 4195 1626 1134 4196 1628 1118 4197 1615 1137 4198 1627 1135 4199 1603 1138 4200 1616 1138 4201 1605 1138 4202 1604 1139 4203 1617 1139 4204 1628 1139 4205 1603 1140 4206 1605 1140 4207 1606 1140 4208 1604 1141 4209 1618 1141 4210 1617 1141 4211 1603 1142 4212 1606 1142 4213 1607 1142 4214 1604 1143 4215 1619 1143 4216 1618 1143 4217 1603 1144 4218 1607 1144 4219 1608 1144 4220 1604 1145 4221 1620 1145 4222 1619 1145 4223 1603 1146 4224 1608 1146 4225 1609 1146 4226 1604 1147 4227 1621 1147 4228 1620 1147 4229 1603 1148 4230 1609 1148 4231 1610 1148 4232 1604 1149 4233 1622 1149 4234 1621 1149 4235 1603 1150 4236 1610 1150 4237 1611 1150 4238 1604 1151 4239 1623 1151 4240 1622 1151 4241 1603 1152 4242 1611 1152 4243 1612 1152 4244 1604 1153 4245 1624 1153 4246 1623 1153 4247 1603 1154 4248 1612 1154 4249 1613 1154 4250 1604 1155 4251 1625 1155 4252 1624 1155 4253 1603 1156 4254 1613 1156 4255 1614 1156 4256 1604 1157 4257 1626 1157 4258 1625 1157 4259 1603 1158 4260 1614 1158 4261 1615 1158 4262 1604 1159 4263 1627 1159 4264 1626 1159 4265 1603 1160 4266 1615 1160 4267 1616 1160 4268 1604 1161 4269 1628 1161 4270 1627 1161 4271 1674 1162 4272 1630 1162 4273 1629 1162 4274 1674 1163 4275 1670 1163 4276 1669 1163 4277 1675 1164 4278 1671 1164 4279 1670 1164 4280 1677 1165 4281 1671 1165 4282 1676 1165 4283 1677 1166 4284 1673 1166 4285 1672 1166 4286 1649 1167 4287 1673 1167 4288 1678 1167 4289 1669 1168 4290 1631 1168 4291 1630 1168 4292 1669 1169 4293 1680 1169 4294 1679 1169 4295 1671 1170 4296 1680 1170 4297 1670 1170 4298 1672 1171 4299 1681 1171 4300 1671 1171 4301 1672 1172 4302 1683 1172 4303 1682 1172 4304 1650 1173 4305 1683 1173 4306 1673 1173 4307 1679 1174 4308 1632 1174 4309 1631 1174 4310 1679 1175 4311 1685 1175 4312 1684 1175 4313 1681 1176 4314 1685 1176 4315 1680 1176 4316 1682 1177 4317 1686 1177 4318 1681 1177 4319 1682 1178 4320 1688 1178 4321 1687 1178 4322 1651 1179 4323 1688 1179 4324 1683 1179 4325 1684 1180 4326 1633 1180 4327 1632 1180 4328 1685 1181 4329 1689 1181 4330 1684 1181 4331 1686 1182 4332 1690 1182 4333 1685 1182 4334 1686 1183 4335 1692 1183 4336 1691 1183 4337 1688 1184 4338 1692 1184 4339 1687 1184 4340 1652 1185 4341 1693 1185 4342 1688 1185 4343 1633 1186 4344 1694 1186 4345 1634 1186 4346 1690 1187 4347 1694 1187 4348 1689 1187 4349 1691 1188 4350 1695 1188 4351 1690 1188 4352 1692 1189 4353 1696 1189 4354 1691 1189 4355 1693 1190 4356 1697 1190 4357 1692 1190 4358 1653 1191 4359 1698 1191 4360 1693 1191 4361 1694 1192 4362 1635 1192 4363 1634 1192 4364 1695 1193 4365 1699 1193 4366 1694 1193 4367 1696 1194 4368 1700 1194 4369 1695 1194 4370 1697 1195 4371 1701 1195 4372 1696 1195 4373 1698 1196 4374 1702 1196 4375 1697 1196 4376 1698 1197 4377 1655 1197 4378 1703 1197 4379 1635 1198 4380 1704 1198 4381 1636 1198 4382 1700 1199 4383 1704 1199 4384 1699 1199 4385 1701 1200 4386 1705 1200 4387 1700 1200 4388 1702 1201 4389 1706 1201 4390 1701 1201 4391 1703 1202 4392 1707 1202 4393 1702 1202 4394 1655 1203 4395 1708 1203 4396 1703 1203 4397 1704 1204 4398 1637 1204 4399 1636 1204 4400 1705 1205 4401 1709 1205 4402 1704 1205 4403 1706 1206 4404 1710 1206 4405 1705 1206 4406 1707 1207 4407 1711 1207 4408 1706 1207 4409 1708 1208 4410 1712 1208 4411 1707 1208 4412 1656 1209 4413 1713 1209 4414 1708 1209 4415 1709 1210 4416 1638 1210 4417 1637 1210 4418 1709 1211 4419 1715 1211 4420 1714 1211 4421 1711 1212 4422 1715 1212 4423 1710 1212 4424 1712 1213 4425 1716 1213 4426 1711 1213 4427 1713 1214 4428 1717 1214 4429 1712 1214 4430 1657 1215 4431 1718 1215 4432 1713 1215 4433 1714 1216 4434 1639 1216 4435 1638 1216 4436 1714 1217 4437 1720 1217 4438 1719 1217 4439 1716 1218 4440 1720 1218 4441 1715 1218 4442 1716 1219 4443 1722 1219 4444 1721 1219 4445 1718 1220 4446 1722 1220 4447 1717 1220 4448 1658 1221 4449 1723 1221 4450 1718 1221 4451 1639 1222 4452 1724 1222 4453 1640 1222 4454 1720 1223 4455 1724 1223 4456 1719 1223 4457 1721 1224 4458 1725 1224 4459 1720 1224 4460 1721 1225 4461 1727 1225 4462 1726 1225 4463 1723 1226 4464 1727 1226 4465 1722 1226 4466 1659 1227 4467 1728 1227 4468 1723 1227 4469 1724 1228 4470 1641 1228 4471 1640 1228 4472 1725 1229 4473 1729 1229 4474 1724 1229 4475 1726 1230 4476 1730 1230 4477 1725 1230 4478 1726 1231 4479 1732 1231 4480 1731 1231 4481 1728 1232 4482 1732 1232 4483 1727 1232 4484 1660 1233 4485 1733 1233 4486 1728 1233 4487 1729 1234 4488 1642 1234 4489 1641 1234 4490 1730 1235 4491 1734 1235 4492 1729 1235 4493 1731 1236 4494 1735 1236 4495 1730 1236 4496 1732 1237 4497 1736 1237 4498 1731 1237 4499 1733 1238 4500 1737 1238 4501 1732 1238 4502 1733 1239 4503 1662 1239 4504 1738 1239 4505 1734 1240 4506 1643 1240 4507 1642 1240 4508 1734 1241 4509 1740 1241 4510 1739 1241 4511 1735 1242 4512 1741 1242 4513 1740 1242 4514 1737 1243 4515 1741 1243 4516 1736 1243 4517 1738 1244 4518 1742 1244 4519 1737 1244 4520 1738 1245 4521 1663 1245 4522 1743 1245 4523 1643 1246 4524 1744 1246 4525 1644 1246 4526 1740 1247 4527 1744 1247 4528 1739 1247 4529 1741 1248 4530 1745 1248 4531 1740 1248 4532 1742 1249 4533 1746 1249 4534 1741 1249 4535 1743 1250 4536 1747 1250 4537 1742 1250 4538 1663 1251 4539 1748 1251 4540 1743 1251 4541 1744 1252 4542 1645 1252 4543 1644 1252 4544 1745 1253 4545 1749 1253 4546 1744 1253 4547 1746 1254 4548 1750 1254 4549 1745 1254 4550 1747 1255 4551 1751 1255 4552 1746 1255 4553 1748 1256 4554 1752 1256 4555 1747 1256 4556 1664 1257 4557 1753 1257 4558 1748 1257 4559 1645 1258 4560 1754 1258 4561 1646 1258 4562 1750 1259 4563 1754 1259 4564 1749 1259 4565 1751 1260 4566 1755 1260 4567 1750 1260 4568 1751 1261 4569 1757 1261 4570 1756 1261 4571 1753 1262 4572 1757 1262 4573 1752 1262 4574 1665 1263 4575 1758 1263 4576 1753 1263 4577 1646 1264 4578 1759 1264 4579 1647 1264 4580 1755 1265 4581 1759 1265 4582 1754 1265 4583 1756 1266 4584 1760 1266 4585 1755 1266 4586 1757 1267 4587 1761 1267 4588 1756 1267 4589 1758 1268 4590 1762 1268 4591 1757 1268 4592 1666 1269 4593 1763 1269 4594 1758 1269 4595 1759 1270 4596 1648 1270 4597 1647 1270 4598 1760 1271 4599 1764 1271 4600 1759 1271 4601 1761 1272 4602 1765 1272 4603 1760 1272 4604 1762 1273 4605 1766 1273 4606 1761 1273 4607 1762 1274 4608 1768 1274 4609 1767 1274 4610 1667 1275 4611 1768 1275 4612 1763 1275 4613 1648 1276 4614 1674 1276 4615 1629 1276 4616 1765 1277 4617 1674 1277 4618 1764 1277 4619 1766 1278 4620 1675 1278 4621 1765 1278 4622 1767 1279 4623 1676 1279 4624 1766 1279 4625 1768 1280 4626 1677 1280 4627 1767 1280 4628 1668 1281 4629 1678 1281 4630 1768 1281 4631 1644 1282 4632 144 1282 4633 1643 1282 4634 146 1283 4635 1643 1283 4636 144 1283 4637 275 1284 4638 1642 1284 4639 146 1284 4640 1640 1285 4641 275 1285 4642 273 1285 4643 273 1286 4644 1639 1286 4645 1640 1286 4646 274 1287 4647 1638 1287 4648 1639 1287 4649 276 1288 4650 1638 1288 4651 274 1288 4652 246 1289 4653 1629 1289 4654 1630 1289 4655 244 1290 4656 1630 1290 4657 1631 1290 4658 161 1291 4659 1631 1291 4660 1632 1291 4661 161 1292 4662 1633 1292 4663 163 1292 4664 163 1293 4665 1633 1293 4666 1634 1293 4667 145 1294 4668 1634 1294 4669 1635 1294 4670 1635 1295 4671 147 1295 4672 145 1295 4673 1636 1296 4674 276 1296 4675 147 1296 4676 245 1297 4677 1648 1297 4678 1629 1297 4679 243 1298 4680 1648 1298 4681 245 1298 4682 160 1299 4683 1647 1299 4684 243 1299 4685 160 1300 4686 1645 1300 4687 1646 1300 4688 162 1301 4689 1644 1301 4690 1645 1301 4691 1649 1302 4692 1770 1302 4693 1769 1302 4694 1668 135 4695 1771 135 4696 1770 135 4697 1667 1303 4698 1772 1303 4699 1771 1303 4700 1666 135 4701 1773 135 4702 1772 135 4703 1665 135 4704 1774 135 4705 1773 135 4706 1664 135 4707 1775 135 4708 1774 135 4709 1662 1304 4710 1775 1304 4711 1663 1304 4712 1661 135 4713 1776 135 4714 1662 135 4715 1661 1305 4716 1778 1305 4717 1777 1305 4718 1660 1306 4719 1779 1306 4720 1778 1306 4721 1659 1307 4722 1780 1307 4723 1779 1307 4724 1658 135 4725 1781 135 4726 1780 135 4727 1656 135 4728 1781 135 4729 1657 135 4730 1655 135 4731 1782 135 4732 1656 135 4733 1655 135 4734 1784 135 4735 1783 135 4736 1653 1308 4737 1784 1308 4738 1654 1308 4739 1652 1309 4740 1785 1309 4741 1653 1309 4742 1652 135 4743 1787 135 4744 1786 135 4745 1650 1310 4746 1787 1310 4747 1651 1310 4748 1649 1311 4749 1788 1311 4750 1650 1311 4751 1788 1312 4752 1769 1312 4753 1789 1312 4754 1787 1313 4755 1788 1313 4756 1789 1313 4757 1786 1314 4758 1787 1314 4759 1789 1314 4760 1785 1315 4761 1786 1315 4762 1789 1315 4763 1784 1316 4764 1785 1316 4765 1789 1316 4766 1783 1317 4767 1784 1317 4768 1789 1317 4769 1782 1318 4770 1783 1318 4771 1789 1318 4772 1781 1319 4773 1782 1319 4774 1789 1319 4775 1780 1320 4776 1781 1320 4777 1789 1320 4778 1779 1321 4779 1780 1321 4780 1789 1321 4781 1778 1322 4782 1779 1322 4783 1789 1322 4784 1777 1323 4785 1778 1323 4786 1789 1323 4787 1776 1324 4788 1777 1324 4789 1789 1324 4790 1775 1325 4791 1776 1325 4792 1789 1325 4793 1774 1326 4794 1775 1326 4795 1789 1326 4796 1773 1327 4797 1774 1327 4798 1789 1327 4799 1772 1328 4800 1773 1328 4801 1789 1328 4802 1771 1329 4803 1772 1329 4804 1789 1329 4805 1770 1330 4806 1771 1330 4807 1789 1330 4808 1769 1331 4809 1770 1331 4810 1789 1331 4811 256 1332 4812 1791 1332 4813 258 1332 4814 257 1333 4815 1792 1333 4816 255 1333 4817 254 1334 4818 1790 1334 4819 256 1334 4820 255 1335 4821 1795 1335 4822 253 1335 4823 252 1336 4824 1794 1336 4825 254 1336 4826 253 1337 4827 1797 1337 4828 251 1337 4829 250 1338 4830 1796 1338 4831 252 1338 4832 251 1339 4833 1799 1339 4834 249 1339 4835 248 1340 4836 1798 1340 4837 250 1340 4838 249 1341 4839 1801 1341 4840 247 1341 4841 259 1342 4842 1800 1342 4843 248 1342 4844 247 1343 4845 1802 1343 4846 259 1343 4847 1801 0 4848 1815 0 4849 1802 0 4850 1800 0 4851 1815 0 4852 1813 0 4853 1799 1344 4854 1814 1344 4855 1801 1344 4856 1798 0 4857 1813 0 4858 1811 0 4859 1797 0 4860 1812 0 4861 1799 0 4862 1796 1345 4863 1811 1345 4864 1809 1345 4865 1795 0 4866 1810 0 4867 1797 0 4868 1794 0 4869 1809 0 4870 1807 0 4871 1792 0 4872 1808 0 4873 1795 0 4874 1790 1346 4875 1807 1346 4876 1804 1346 4877 1793 0 4878 1806 0 4879 1792 0 4880 1791 1347 4881 1804 1347 4882 1803 1347 4883 1828 1348 4884 1815 1348 4885 1827 1348 4886 1827 1349 4887 1814 1349 4888 1826 1349 4889 1825 1350 4890 1813 1350 4891 1828 1350 4892 1826 1351 4893 1812 1351 4894 1824 1351 4895 1825 1352 4896 1809 1352 4897 1811 1352 4898 1824 1353 4899 1810 1353 4900 1822 1353 4901 1823 1354 4902 1807 1354 4903 1809 1354 4904 1822 1355 4905 1808 1355 4906 1820 1355 4907 1819 1356 4908 1807 1356 4909 1821 1356 4910 1820 1357 4911 1806 1357 4912 1818 1357 4913 1817 1358 4914 1804 1358 4915 1819 1358 4916 1816 1359 4917 1806 1359 4918 1805 1359 4919 1840 1360 4920 1818 1360 4921 1816 1360 4922 1838 1361 4923 1819 1361 4924 1839 1361 4925 1841 1362 4926 1820 1362 4927 1818 1362 4928 1839 77 4929 1821 77 4930 1836 77 4931 1837 77 4932 1822 77 4933 1820 77 4934 1836 77 4935 1823 77 4936 1834 77 4937 1835 77 4938 1824 77 4939 1822 77 4940 1834 77 4941 1825 77 4942 1832 77 4943 1833 77 4944 1826 77 4945 1824 77 4946 1832 1363 4947 1828 1363 4948 1830 1363 4949 1831 77 4950 1827 77 4951 1826 77 4952 1830 1364 4953 1827 1364 4954 1829 1364 4955 1845 1365 4956 1829 1365 4957 224 1365 4958 224 1366 4959 1831 1366 4960 223 1366 4961 1844 1367 4962 1830 1367 4963 1845 1367 4964 223 1368 4965 1833 1368 4966 222 1368 4967 1844 1369 4968 1834 1369 4969 1832 1369 4970 222 1370 4971 1835 1370 4972 220 1370 4973 221 1371 4974 1836 1371 4975 1834 1371 4976 220 1372 4977 1837 1372 4978 219 1372 4979 1842 1373 4980 1836 1373 4981 1843 1373 4982 219 1374 4983 1841 1374 4984 218 1374 4985 217 1375 4986 1839 1375 4987 1842 1375 4988 218 21 4989 1840 21 4990 216 21 4991 190 34 4992 214 34 4993 192 34 4994 214 34 4995 194 34 4996 192 34 4997 194 1376 4998 210 1376 4999 196 1376 5000 210 34 5001 198 34 5002 196 34 5003 208 34 5004 200 34 5005 198 34 5006 206 34 5007 202 34 5008 200 34 5009 191 21 5010 193 21 5011 215 21 5012 195 21 5013 215 21 5014 193 21 5015 195 21 5016 211 21 5017 213 21 5018 199 1377 5019 211 1377 5020 197 1377 5021 201 21 5022 209 21 5023 199 21 5024 203 21 5025 207 21 5026 201 21 5027 1850 1378 5028 1852 1378 5029 1851 1378 5030 1850 1379 5031 1847 1379 5032 1846 1379 5033 1851 1380 5034 1848 1380 5035 1847 1380 5036 1848 1381 5037 1853 1381 5038 1849 1381 5039 1849 1382 5040 1850 1382 5041 1846 1382 5042 1855 0 5043 1864 0 5044 1861 0 5045 1858 0 5046 1867 0 5047 1854 0 5048 1856 34 5049 1858 34 5050 1854 34 5051 1857 1383 5052 1854 1383 5053 1855 1383 5054 1860 34 5055 1855 34 5056 1861 34 5057 1856 77 5058 1868 77 5059 1859 77 5060 1860 77 5061 1865 77 5062 1857 77 5063 1867 135 5064 1859 135 5065 1868 135 5066 1869 1384 5067 1867 1384 5068 1868 1384 5069 1863 34 5070 1864 34 5071 1870 34 5072 1871 34 5073 1867 34 5074 1866 34 5075 1863 0 5076 1872 0 5077 1862 0 5078 1870 1385 5079 1873 1385 5080 1872 1385 5081 1871 0 5082 1869 0 5083 1873 0 5084 1869 21 5085 1868 21 5086 1873 21 5087 1872 21 5088 1865 21 5089 1862 21 5090 1857 1386 5091 1865 1386 5092 1856 1386 5093 1865 77 5094 1868 77 5095 1856 77 5096 1873 1387 5097 1868 1387 5098 1865 1387 5099 1873 1388 5100 1865 1388 5101 1872 1388 5102 1870 34 5103 1864 34 5104 1871 34 5105 1864 34 5106 1867 34 5107 1871 34 5108 1854 0 5109 1867 0 5110 1864 0 5111 1854 0 5112 1864 0 5113 1855 0 5114 1883 1389 5115 1880 1389 5116 1876 1389 5117 1877 21 5118 1883 21 5119 1876 21 5120 1874 34 5121 1882 34 5122 1875 34 5123 1874 34 5124 1879 34 5125 1882 34 5126 1875 34 5127 1882 34 5128 1885 34 5129 1878 34 5130 1879 34 5131 1874 34 5132 1876 77 5133 1878 77 5134 1874 77 5135 1877 1390 5136 1874 1390 5137 1875 1390 5138 1884 77 5139 1875 77 5140 1885 77 5141 1876 21 5142 1880 21 5143 1881 21 5144 1884 21 5145 1883 21 5146 1877 21 5147 1878 135 5148 1880 135 5149 1879 135 5150 1048 77 5151 1887 77 5152 1049 77 5153 1049 21 5154 1886 21 5155 1050 21 5156 1050 1391 5157 1889 1391 5158 1047 1391 5159 1047 34 5160 1888 34 5161 1048 34 5162 1038 0 5163 1891 0 5164 1037 0 5165 1035 1392 5166 1890 1392 5167 1038 1392 5168 1036 77 5169 1893 77 5170 1035 77 5171 1037 34 5172 1892 34 5173 1036 34 5174 1032 77 5175 1895 77 5176 1033 77 5177 1033 21 5178 1894 21 5179 1034 21 5180 1034 1393 5181 1897 1393 5182 1031 1393 5183 1031 34 5184 1896 34 5185 1032 34 5186 1022 34 5187 1899 34 5188 1021 34 5189 1019 1393 5190 1898 1393 5191 1022 1393 5192 1020 21 5193 1901 21 5194 1019 21 5195 1021 77 5196 1900 77 5197 1020 77 5198 1481 1048 5199 1482 1050 5200 892 1049 5201 1482 1050 5202 893 1042 5203 892 1049 5204 1479 1394 5205 1480 1039 5206 1476 1041 5207 1479 1394 5208 1476 1041 5209 1475 1395 5210 1469 1396 5211 1479 1394 5212 1475 1395 5213 1469 1396 5214 1475 1395 5215 359 1035 5216 1478 1043 5217 893 1042 5218 1480 1039 5219 893 1042 5220 367 1040 5221 1480 1039 5222 1477 1044 5223 1478 1043 5224 1480 1039 5225 1477 1044 5226 1480 1039 5227 1479 1394 5228 1470 1045 5229 1477 1044 5230 1479 1394 5231 1470 1045 5232 1479 1394 5233 1469 1396 5234 1471 1397 5235 1472 1034 5236 1468 1036 5237 1471 1397 5238 1468 1036 5239 1467 1398 5240 1461 1399 5241 1471 1397 5242 1467 1398 5243 1461 1399 5244 1467 1398 5245 358 1400 5246 1473 1401 5247 1474 1402 5248 1470 1045 5249 1473 1401 5250 1470 1045 5251 1469 1396 5252 1473 1401 5253 1472 1034 5254 1474 1402 5255 1472 1034 5256 1471 1397 5257 1474 1402 5258 1462 1025 5259 1474 1402 5260 1471 1397 5261 1462 1025 5262 1471 1397 5263 1461 1399 5264 890 1027 5265 1470 1045 5266 1474 1402 5267 890 1027 5268 1474 1402 5269 1462 1025 5270 359 1035 5271 1472 1034 5272 1473 1401 5273 359 1035 5274 1473 1401 5275 1469 1396 5276 1465 1403 5277 1466 1404 5278 1462 1025 5279 1465 1403 5280 1462 1025 5281 1461 1399 5282 1465 1403 5283 1463 1405 5284 1466 1404 5285 1463 1405 5286 1464 1406 5287 1466 1404 5288 892 1049 5289 1466 1404 5290 1464 1406 5291 892 1049 5292 1464 1406 5293 366 1047 5294 891 1026 5295 1462 1025 5296 1466 1404 5297 891 1026 5298 1466 1404 5299 892 1049 5300 358 1400 5301 1463 1405 5302 1461 1399 5303 1463 1405 5304 1465 1403 5305 1461 1399 5306 1905 327 5307 1903 327 5308 1904 327 5309 1909 135 5310 1907 135 5311 1906 135 5312 1906 21 5313 1903 21 5314 1902 21 5315 1907 77 5316 1904 77 5317 1903 77 5318 1908 34 5319 1905 34 5320 1904 34 5321 1909 0 5322 1902 0 5323 1905 0 5324 1910 1407 5325 1917 1407 5326 1914 1407 5327 1911 1408 5328 1914 1408 5329 1915 1408 5330 1916 0 5331 1911 0 5332 1915 0 5333 1913 1409 5334 1916 1409 5335 1917 1409 5336 1910 1410 5337 1912 1410 5338 1913 1410 5339 1914 1411 5340 1916 1411 5341 1915 1411 5342 1921 1412 5343 1919 1412 5344 1920 1412 5345 1925 1413 5346 1923 1413 5347 1922 1413 5348 1922 1414 5349 1919 1414 5350 1918 1414 5351 1919 0 5352 1924 0 5353 1920 0 5354 1924 1415 5355 1921 1415 5356 1920 1415 5357 1925 1416 5358 1918 1416 5359 1921 1416 5360 1926 135 5361 1933 135 5362 1930 135 5363 1927 1417 5364 1930 1417 5365 1931 1417 5366 1928 327 5367 1931 327 5368 1932 327 5369 1929 1418 5370 1932 1418 5371 1933 1418 5372 1926 0 5373 1928 0 5374 1929 0 5375 1930 77 5376 1932 77 5377 1931 77 5378 1941 1419 5379 1934 1419 5380 1938 1419 5381 1938 1420 5382 1935 1420 5383 1939 1420 5384 1940 1421 5385 1935 1421 5386 1936 1421 5387 1940 1422 5388 1937 1422 5389 1941 1422 5390 1936 1423 5391 1934 1423 5392 1937 1423 5393 1939 1424 5394 1941 1424 5395 1938 1424 5396 1943 1411 5397 1945 1411 5398 1944 1411 5399 1947 1425 5400 1949 1425 5401 1946 1425 5402 1943 1426 5403 1946 1426 5404 1942 1426 5405 1943 1427 5406 1948 1427 5407 1947 1427 5408 1945 1428 5409 1948 1428 5410 1944 1428 5411 1942 0 5412 1949 0 5413 1945 0 5414 1953 327 5415 1951 327 5416 1952 327 5417 1954 21 5418 1951 21 5419 1950 21 5420 1955 77 5421 1952 77 5422 1951 77 5423 1962 34 5424 1953 34 5425 1952 34 5426 1956 0 5427 1950 0 5428 1953 0 5429 1956 1429 5430 1957 1429 5431 1954 1429 5432 1954 21 5433 1959 21 5434 1955 21 5435 1959 1430 5436 1957 1430 5437 1958 1430 5438 1957 1431 5439 1961 1431 5440 1958 1431 5441 1961 1432 5442 1960 1432 5443 1958 1432 5444 1960 1433 5445 1959 1433 5446 1958 1433 5447 1955 1434 5448 1960 1434 5449 1962 1434 5450 1962 34 5451 1961 34 5452 1956 34 5453 1969 1435 5454 1965 1435 5455 1964 1435 5456 1963 1436 5457 1966 1436 5458 1965 1436 5459 1965 1437 5460 1966 1437 5461 1967 1437 5462 1964 1438 5463 1965 1438 5464 1967 1438 5465 1968 1439 5466 1964 1439 5467 1967 1439 5468 1966 1440 5469 1968 1440 5470 1967 1440 5471 1970 1441 5472 1968 1441 5473 1966 1441 5474 1969 1442 5475 1968 1442 5476 1971 1442 5477 1972 1443 5478 1971 1443 5479 1975 1443 5480 1963 1444 5481 1972 1444 5482 1973 1444 5483 1970 1445 5484 1973 1445 5485 1974 1445 5486 1971 1446 5487 1974 1446 5488 1975 1446 5489 1972 1447 5490 1974 1447 5491 1973 1447 5492 1978 1448 5493 1976 1448 5494 1977 1448 5495 1976 1449 5496 1981 1449 5497 1977 1449 5498 1981 1450 5499 1978 1450 5500 1977 1450 5501 1978 1451 5502 1982 1451 5503 1979 1451 5504 1982 1452 5505 1976 1452 5506 1979 1452 5507 1982 1453 5508 1983 1453 5509 1980 1453 5510 1980 1454 5511 1985 1454 5512 1981 1454 5513 1985 1455 5514 1983 1455 5515 1984 1455 5516 1983 1456 5517 1987 1456 5518 1984 1456 5519 1987 1457 5520 1986 1457 5521 1984 1457 5522 1986 1458 5523 1985 1458 5524 1984 1458 5525 1988 1459 5526 1985 1459 5527 1986 1459 5528 1982 1460 5529 1986 1460 5530 1987 1460 5531 1992 1461 5532 1990 1461 5533 1991 1461 5534 1993 1462 5535 1990 1462 5536 1989 1462 5537 1994 1463 5538 1991 1463 5539 1990 1463 5540 2001 1464 5541 1992 1464 5542 1991 1464 5543 1992 1465 5544 1993 1465 5545 1989 1465 5546 1995 1466 5547 1996 1466 5548 1993 1466 5549 1993 1467 5550 1998 1467 5551 1994 1467 5552 1998 1468 5553 1996 1468 5554 1997 1468 5555 1996 1469 5556 2000 1469 5557 1997 1469 5558 2000 1470 5559 1999 1470 5560 1997 1470 5561 1999 1471 5562 1998 1471 5563 1997 1471 5564 2001 1472 5565 1998 1472 5566 1999 1472 5567 1995 1473 5568 1999 1473 5569 2000 1473 5570 2008 1474 5571 2004 1474 5572 2003 1474 5573 2009 1475 5574 2004 1475 5575 2002 1475 5576 2004 1476 5577 2005 1476 5578 2006 1476 5579 2003 1477 5580 2004 1477 5581 2006 1477 5582 2007 1478 5583 2003 1478 5584 2006 1478 5585 2005 1479 5586 2007 1479 5587 2006 1479 5588 2010 1480 5589 2005 1480 5590 2009 1480 5591 2010 1481 5592 2003 1481 5593 2007 1481 5594 2008 1482 5595 2014 1482 5596 2011 1482 5597 2012 1483 5598 2008 1483 5599 2011 1483 5600 2009 1484 5601 2012 1484 5602 2013 1484 5603 2014 1485 5604 2009 1485 5605 2013 1485 5606 2012 1486 5607 2014 1486 5608 2013 1486 5609 2017 1487 5610 2015 1487 5611 2016 1487 5612 2019 1488 5613 2016 1488 5614 2015 1488 5615 2016 1489 5616 2027 1489 5617 2017 1489 5618 2017 1490 5619 2021 1490 5620 2018 1490 5621 2021 1491 5622 2015 1491 5623 2018 1491 5624 2019 1492 5625 2026 1492 5626 2022 1492 5627 2019 1493 5628 2024 1493 5629 2020 1493 5630 2024 1494 5631 2022 1494 5632 2023 1494 5633 2022 1495 5634 2026 1495 5635 2023 1495 5636 2026 1496 5637 2025 1496 5638 2023 1496 5639 2025 1497 5640 2024 1497 5641 2023 1497 5642 2020 1498 5643 2025 1498 5644 2027 1498 5645 2027 1499 5646 2026 1499 5647 2021 1499 5648 2030 1500 5649 2028 1500 5650 2029 1500 5651 2028 1501 5652 2033 1501 5653 2029 1501 5654 2029 1502 5655 2040 1502 5656 2030 1502 5657 2030 1503 5658 2034 1503 5659 2031 1503 5660 2034 1504 5661 2028 1504 5662 2031 1504 5663 2032 1505 5664 2039 1505 5665 2035 1505 5666 2032 1506 5667 2037 1506 5668 2033 1506 5669 2037 1507 5670 2035 1507 5671 2036 1507 5672 2035 1508 5673 2039 1508 5674 2036 1508 5675 2039 1509 5676 2038 1509 5677 2036 1509 5678 2038 1510 5679 2037 1510 5680 2036 1510 5681 2033 1511 5682 2038 1511 5683 2040 1511 5684 2034 1512 5685 2038 1512 5686 2039 1512 5687 2047 1513 5688 2043 1513 5689 2042 1513 5690 2041 1514 5691 2044 1514 5692 2043 1514 5693 2043 1515 5694 2044 1515 5695 2045 1515 5696 2042 1516 5697 2043 1516 5698 2045 1516 5699 2046 1517 5700 2042 1517 5701 2045 1517 5702 2044 1518 5703 2046 1518 5704 2045 1518 5705 2049 1519 5706 2044 1519 5707 2048 1519 5708 2047 1520 5709 2046 1520 5710 2049 1520 5711 2050 1521 5712 2049 1521 5713 2053 1521 5714 2041 1522 5715 2050 1522 5716 2051 1522 5717 2048 1523 5718 2051 1523 5719 2052 1523 5720 2049 1524 5721 2052 1524 5722 2053 1524 5723 2050 1525 5724 2052 1525 5725 2051 1525 5726 2057 1526 5727 2055 1526 5728 2056 1526 5729 2054 1527 5730 2059 1527 5731 2055 1527 5732 2059 1528 5733 2056 1528 5734 2055 1528 5735 2066 1529 5736 2057 1529 5737 2056 1529 5738 2060 1530 5739 2054 1530 5740 2057 1530 5741 2058 1531 5742 2065 1531 5743 2061 1531 5744 2059 1532 5745 2061 1532 5746 2063 1532 5747 2063 1533 5748 2061 1533 5749 2062 1533 5750 2061 1534 5751 2065 1534 5752 2062 1534 5753 2065 1535 5754 2064 1535 5755 2062 1535 5756 2064 1536 5757 2063 1536 5758 2062 1536 5759 2059 1537 5760 2064 1537 5761 2066 1537 5762 2060 1538 5763 2064 1538 5764 2065 1538 5765 2073 1539 5766 2069 1539 5767 2068 1539 5768 2074 1540 5769 2069 1540 5770 2067 1540 5771 2069 1541 5772 2070 1541 5773 2071 1541 5774 2068 1542 5775 2069 1542 5776 2071 1542 5777 2072 1543 5778 2068 1543 5779 2071 1543 5780 2070 1544 5781 2072 1544 5782 2071 1544 5783 2074 1545 5784 2072 1545 5785 2070 1545 5786 2073 1546 5787 2072 1546 5788 2075 1546 5789 2076 1547 5790 2075 1547 5791 2079 1547 5792 2067 1548 5793 2076 1548 5794 2077 1548 5795 2074 1549 5796 2077 1549 5797 2078 1549 5798 2075 1550 5799 2078 1550 5800 2079 1550 5801 2077 1551 5802 2079 1551 5803 2078 1551 5804 2083 1552 5805 2081 1552 5806 2082 1552 5807 2087 1553 5808 2085 1553 5809 2084 1553 5810 2080 1554 5811 2085 1554 5812 2081 1554 5813 2081 1555 5814 2086 1555 5815 2082 1555 5816 2082 1556 5817 2087 1556 5818 2083 1556 5819 2087 1557 5820 2080 1557 5821 2083 1557 5822 2088 1558 5823 2095 1558 5824 2092 1558 5825 2089 1559 5826 2092 1559 5827 2093 1559 5828 2094 1560 5829 2089 1560 5830 2093 1560 5831 2091 1561 5832 2094 1561 5833 2095 1561 5834 2091 1562 5835 2089 1562 5836 2090 1562 5837 2093 1563 5838 2095 1563 5839 2094 1563 5840 2099 1564 5841 2097 1564 5842 2098 1564 5843 2100 1565 5844 2102 1565 5845 2101 1565 5846 2096 1566 5847 2101 1566 5848 2097 1566 5849 2097 1567 5850 2102 1567 5851 2098 1567 5852 2102 1568 5853 2099 1568 5854 2098 1568 5855 2099 1569 5856 2100 1569 5857 2096 1569 5858 2104 1570 5859 2111 1570 5860 2108 1570 5861 2105 1571 5862 2108 1571 5863 2109 1571 5864 2110 1572 5865 2105 1572 5866 2109 1572 5867 2111 1573 5868 2106 1573 5869 2110 1573 5870 2107 1574 5871 2105 1574 5872 2106 1574 5873 2108 1575 5874 2110 1575 5875 2109 1575 5876 2119 0 5877 2113 0 5878 2115 0 5879 2118 21 5880 2115 21 5881 2114 21 5882 2120 34 5883 2117 34 5884 2116 34 5885 2121 0 5886 2114 0 5887 2117 0 5888 2120 1576 5889 2150 1576 5890 2151 1576 5891 2123 34 5892 2113 34 5893 2112 34 5894 2122 21 5895 2127 21 5896 2125 21 5897 2123 0 5898 2125 0 5899 2126 0 5900 2124 1577 5901 2136 1577 5902 2127 1577 5903 2131 34 5904 2139 34 5905 2128 34 5906 2132 21 5907 2130 21 5908 2129 21 5909 2133 77 5910 2128 77 5911 2130 77 5912 2132 1578 5913 2134 1578 5914 2135 1578 5915 2136 21 5916 2135 21 5917 2134 21 5918 2138 77 5919 2141 77 5920 2139 77 5921 2143 21 5922 2141 21 5923 2140 21 5924 2142 34 5925 2149 34 5926 2146 34 5927 2143 77 5928 2146 77 5929 2147 77 5930 2145 0 5931 2148 0 5932 2149 0 5933 2144 34 5934 2150 34 5935 2148 34 5936 2156 1579 5937 2153 1579 5938 2152 1579 5939 2157 1580 5940 2154 1580 5941 2153 1580 5942 2158 1581 5943 2155 1581 5944 2154 1581 5945 2155 1582 5946 2156 1582 5947 2152 1582 5948 2160 1583 5949 2167 1583 5950 2164 1583 5951 2161 1584 5952 2164 1584 5953 2165 1584 5954 2162 1585 5955 2165 1585 5956 2166 1585 5957 2163 1586 5958 2166 1586 5959 2167 1586 5960 2172 1587 5961 2169 1587 5962 2168 1587 5963 2173 1588 5964 2170 1588 5965 2169 1588 5966 2170 1589 5967 2175 1589 5968 2171 1589 5969 2175 1590 5970 2168 1590 5971 2171 1590 5972 2176 1591 5973 2183 1591 5974 2180 1591 5975 2181 1592 5976 2176 1592 5977 2180 1592 5978 2178 1593 5979 2181 1593 5980 2182 1593 5981 2179 1594 5982 2182 1594 5983 2183 1594 5984 1494 0 5985 2184 0 5986 1052 0 5987 1112 21 5988 2187 21 5989 1138 21 5990 1135 34 5991 2189 34 5992 1136 34 5993 1136 77 5994 2190 77 5995 1113 77 5996 1133 34 5997 2192 34 5998 1134 34 5999 1119 0 6000 2191 0 6001 1133 0 6002 1113 77 6003 2194 77 6004 1110 77 6005 1110 77 6006 2186 77 6007 1112 77 6008 929 34 6009 2196 34 6010 1109 34 6011 2192 34 6012 1135 34 6013 1134 34 6014 942 34 6015 2197 34 6016 943 34 6017 941 1595 6018 943 1595 6019 2197 1595 6020 939 1596 6021 941 1596 6022 2197 1596 6023 934 1597 6024 939 1597 6025 937 1597 6026 940 1598 6027 942 1598 6028 2198 1598 6029 938 1599 6030 940 1599 6031 2198 1599 6032 935 1600 6033 938 1600 6034 2198 1600 6035 2202 1601 6036 2204 1601 6037 2203 1601 6038 2204 1602 6039 2201 1602 6040 2200 1602 6041 2205 1603 6042 2199 1603 6043 2201 1603 6044 1093 34 6045 2206 34 6046 929 34 6047 1093 34 6048 2207 34 6049 2208 34 6050 929 34 6051 2209 34 6052 2195 34 6053 2206 0 6054 2213 0 6055 2209 0 6056 2208 0 6057 2210 0 6058 2206 0 6059 2207 0 6060 2212 0 6061 2208 0 6062 1198 77 6063 2214 77 6064 1102 77 6065 2211 135 6066 2214 135 6067 2215 135 6068 2207 1604 6069 933 1604 6070 2214 1604 6071 2216 21 6072 2219 21 6073 2218 21 6074 2220 1605 6075 2227 1605 6076 2224 1605 6077 2221 1606 6078 2224 1606 6079 2225 1606 6080 2226 1607 6081 2221 1607 6082 2225 1607 6083 2223 1608 6084 2226 1608 6085 2227 1608 6086 2220 1609 6087 2222 1609 6088 2223 1609 6089 2224 1610 6090 2226 1610 6091 2225 1610 6092 2231 1611 6093 2229 1611 6094 2230 1611 6095 2235 1612 6096 2233 1612 6097 2232 1612 6098 2232 1613 6099 2229 1613 6100 2228 1613 6101 2229 34 6102 2234 34 6103 2230 34 6104 2234 1614 6105 2231 1614 6106 2230 1614 6107 2235 1615 6108 2228 1615 6109 2231 1615 6110 2236 1616 6111 2243 1616 6112 2240 1616 6113 2237 1617 6114 2240 1617 6115 2241 1617 6116 2242 1618 6117 2237 1618 6118 2241 1618 6119 2239 1619 6120 2242 1619 6121 2243 1619 6122 2236 34 6123 2238 34 6124 2239 34 6125 2240 21 6126 2242 21 6127 2241 21 6128 2251 34 6129 2244 34 6130 2248 34 6131 2248 1620 6132 2245 1620 6133 2249 1620 6134 2250 1621 6135 2245 1621 6136 2246 1621 6137 2250 1622 6138 2247 1622 6139 2251 1622 6140 2246 1623 6141 2244 1623 6142 2247 1623 6143 2249 1624 6144 2251 1624 6145 2248 1624 6146 2253 1625 6147 2255 1625 6148 2254 1625 6149 2257 1626 6150 2259 1626 6151 2256 1626 6152 2253 1627 6153 2256 1627 6154 2252 1627 6155 2253 1628 6156 2258 1628 6157 2257 1628 6158 2255 1629 6159 2258 1629 6160 2254 1629 6161 2252 34 6162 2259 34 6163 2255 34 6164 2266 1630 6165 2262 1630 6166 2261 1630 6167 2260 1631 6168 2263 1631 6169 2262 1631 6170 2262 1632 6171 2263 1632 6172 2264 1632 6173 2261 1633 6174 2262 1633 6175 2264 1633 6176 2265 1634 6177 2261 1634 6178 2264 1634 6179 2263 1635 6180 2265 1635 6181 2264 1635 6182 2267 1636 6183 2265 1636 6184 2263 1636 6185 2266 1637 6186 2265 1637 6187 2268 1637 6188 2269 1638 6189 2268 1638 6190 2272 1638 6191 2260 1639 6192 2269 1639 6193 2270 1639 6194 2267 1640 6195 2270 1640 6196 2271 1640 6197 2268 1641 6198 2271 1641 6199 2272 1641 6200 2269 1642 6201 2271 1642 6202 2270 1642 6203 2275 1643 6204 2273 1643 6205 2274 1643 6206 2273 1644 6207 2278 1644 6208 2274 1644 6209 2278 1645 6210 2275 1645 6211 2274 1645 6212 2275 1646 6213 2279 1646 6214 2276 1646 6215 2279 1647 6216 2273 1647 6217 2276 1647 6218 2279 1648 6219 2280 1648 6220 2277 1648 6221 2277 1649 6222 2282 1649 6223 2278 1649 6224 2282 1650 6225 2280 1650 6226 2281 1650 6227 2280 1651 6228 2284 1651 6229 2281 1651 6230 2284 1652 6231 2283 1652 6232 2281 1652 6233 2283 1653 6234 2282 1653 6235 2281 1653 6236 2285 1654 6237 2282 1654 6238 2283 1654 6239 2279 1655 6240 2283 1655 6241 2284 1655 6242 2289 1656 6243 2287 1656 6244 2288 1656 6245 2290 1657 6246 2287 1657 6247 2286 1657 6248 2291 1658 6249 2288 1658 6250 2287 1658 6251 2298 1659 6252 2289 1659 6253 2288 1659 6254 2289 1660 6255 2290 1660 6256 2286 1660 6257 2292 1661 6258 2293 1661 6259 2290 1661 6260 2290 1662 6261 2295 1662 6262 2291 1662 6263 2295 1663 6264 2293 1663 6265 2294 1663 6266 2293 1664 6267 2297 1664 6268 2294 1664 6269 2297 1665 6270 2296 1665 6271 2294 1665 6272 2296 1666 6273 2295 1666 6274 2294 1666 6275 2298 1667 6276 2295 1667 6277 2296 1667 6278 2292 1668 6279 2296 1668 6280 2297 1668 6281 2305 1669 6282 2301 1669 6283 2300 1669 6284 2306 1670 6285 2301 1670 6286 2299 1670 6287 2301 1671 6288 2302 1671 6289 2303 1671 6290 2300 1672 6291 2301 1672 6292 2303 1672 6293 2304 1673 6294 2300 1673 6295 2303 1673 6296 2302 1674 6297 2304 1674 6298 2303 1674 6299 2307 1675 6300 2302 1675 6301 2306 1675 6302 2307 1676 6303 2300 1676 6304 2304 1676 6305 2305 1677 6306 2311 1677 6307 2308 1677 6308 2309 1678 6309 2305 1678 6310 2308 1678 6311 2310 1679 6312 2299 1679 6313 2309 1679 6314 2311 1680 6315 2306 1680 6316 2310 1680 6317 2309 1681 6318 2311 1681 6319 2310 1681 6320 2314 1682 6321 2312 1682 6322 2313 1682 6323 2316 1683 6324 2313 1683 6325 2312 1683 6326 2313 1684 6327 2324 1684 6328 2314 1684 6329 2314 1685 6330 2318 1685 6331 2315 1685 6332 2318 1686 6333 2312 1686 6334 2315 1686 6335 2316 1687 6336 2323 1687 6337 2319 1687 6338 2316 1688 6339 2321 1688 6340 2317 1688 6341 2321 1689 6342 2319 1689 6343 2320 1689 6344 2319 1690 6345 2323 1690 6346 2320 1690 6347 2323 1691 6348 2322 1691 6349 2320 1691 6350 2322 1692 6351 2321 1692 6352 2320 1692 6353 2317 1693 6354 2322 1693 6355 2324 1693 6356 2324 1694 6357 2323 1694 6358 2318 1694 6359 2327 1695 6360 2325 1695 6361 2326 1695 6362 2325 1696 6363 2330 1696 6364 2326 1696 6365 2326 1697 6366 2337 1697 6367 2327 1697 6368 2327 1698 6369 2331 1698 6370 2328 1698 6371 2331 1699 6372 2325 1699 6373 2328 1699 6374 2329 1700 6375 2336 1700 6376 2332 1700 6377 2329 1701 6378 2334 1701 6379 2330 1701 6380 2334 1702 6381 2332 1702 6382 2333 1702 6383 2332 1703 6384 2336 1703 6385 2333 1703 6386 2336 1704 6387 2335 1704 6388 2333 1704 6389 2335 1705 6390 2334 1705 6391 2333 1705 6392 2330 1706 6393 2335 1706 6394 2337 1706 6395 2331 1707 6396 2335 1707 6397 2336 1707 6398 2344 1708 6399 2340 1708 6400 2339 1708 6401 2338 1709 6402 2341 1709 6403 2340 1709 6404 2340 1710 6405 2341 1710 6406 2342 1710 6407 2339 1711 6408 2340 1711 6409 2342 1711 6410 2343 1712 6411 2339 1712 6412 2342 1712 6413 2341 1713 6414 2343 1713 6415 2342 1713 6416 2346 1714 6417 2341 1714 6418 2345 1714 6419 2344 1715 6420 2343 1715 6421 2346 1715 6422 2347 1716 6423 2346 1716 6424 2350 1716 6425 2338 1717 6426 2347 1717 6427 2348 1717 6428 2345 1718 6429 2348 1718 6430 2349 1718 6431 2346 1719 6432 2349 1719 6433 2350 1719 6434 2347 1720 6435 2349 1720 6436 2348 1720 6437 2352 34 6438 2354 34 6439 2353 34 6440 2355 1721 6441 2358 1721 6442 2357 1721 6443 2362 77 6444 2359 77 6445 2361 77 6446 2363 77 6447 2356 77 6448 2355 77 6449 2365 1722 6450 2367 1722 6451 2366 1722 6452 2372 77 6453 2369 77 6454 2370 77 6455 5 0 6456 3 0 6457 1 0 6458 17 0 6459 15 0 6460 11 0 6461 15 1723 6462 13 1723 6463 11 1723 6464 17 1724 6465 9 1724 6466 7 1724 6467 5 0 6468 1 0 6469 17 0 6470 7 1725 6471 5 1725 6472 17 1725 6473 16 1726 6474 0 1726 6475 10 1726 6476 0 1727 6477 2 1727 6478 4 1727 6479 10 1728 6480 0 1728 6481 4 1728 6482 4 1729 6483 6 1729 6484 10 1729 6485 6 1730 6486 8 1730 6487 10 1730 6488 10 1731 6489 12 1731 6490 14 1731 6491 3 1732 6492 5 1732 6493 4 1732 6494 5 1733 6495 7 1733 6496 6 1733 6497 7 1734 6498 9 1734 6499 8 1734 6500 8 1735 6501 9 1735 6502 11 1735 6503 10 1736 6504 11 1736 6505 13 1736 6506 19 1737 6507 21 1737 6508 23 1737 6509 23 1738 6510 25 1738 6511 19 1738 6512 25 1739 6513 27 1739 6514 35 1739 6515 19 1740 6516 25 1740 6517 35 1740 6518 27 1741 6519 29 1741 6520 35 1741 6521 29 1742 6522 31 1742 6523 33 1742 6524 20 1743 6525 18 1743 6526 28 1743 6527 18 1744 6528 34 1744 6529 28 1744 6530 34 34 6531 32 34 6532 28 34 6533 32 1745 6534 30 1745 6535 28 1745 6536 28 1746 6537 26 1746 6538 24 1746 6539 24 34 6540 22 34 6541 28 34 6542 22 22 6543 23 22 6544 21 22 6545 24 1747 6546 25 1747 6547 23 1747 6548 26 1748 6549 27 1748 6550 25 1748 6551 28 1749 6552 29 1749 6553 27 1749 6554 28 1750 6555 30 1750 6556 31 1750 6557 37 1751 6558 39 1751 6559 41 1751 6560 41 0 6561 43 0 6562 53 0 6563 43 1752 6564 45 1752 6565 53 1752 6566 45 1753 6567 47 1753 6568 53 1753 6569 47 1754 6570 49 1754 6571 51 1754 6572 51 0 6573 53 0 6574 47 0 6575 38 1755 6576 36 1755 6577 40 1755 6578 36 1756 6579 52 1756 6580 46 1756 6581 50 1757 6582 48 1757 6583 46 1757 6584 36 1758 6585 46 1758 6586 40 1758 6587 52 1759 6588 50 1759 6589 46 1759 6590 42 1760 6591 40 1760 6592 46 1760 6593 40 1761 6594 41 1761 6595 39 1761 6596 42 1762 6597 43 1762 6598 41 1762 6599 44 1763 6600 45 1763 6601 43 1763 6602 44 1764 6603 46 1764 6604 47 1764 6605 46 1765 6606 48 1765 6607 49 1765 6608 59 34 6609 57 34 6610 55 34 6611 55 1766 6612 71 1766 6613 61 1766 6614 71 1767 6615 69 1767 6616 65 1767 6617 61 1768 6618 71 1768 6619 63 1768 6620 61 1769 6621 59 1769 6622 55 1769 6623 65 1770 6624 63 1770 6625 71 1770 6626 70 1771 6627 54 1771 6628 64 1771 6629 54 1772 6630 56 1772 6631 64 1772 6632 56 1773 6633 58 1773 6634 64 1773 6635 58 1774 6636 60 1774 6637 64 1774 6638 60 21 6639 62 21 6640 64 21 6641 64 21 6642 66 21 6643 68 21 6644 57 1775 6645 59 1775 6646 58 1775 6647 59 1776 6648 61 1776 6649 60 1776 6650 61 1777 6651 63 1777 6652 62 1777 6653 63 1778 6654 65 1778 6655 64 1778 6656 64 1779 6657 65 1779 6658 67 1779 6659 73 1780 6660 75 1780 6661 77 1780 6662 77 1781 6663 79 1781 6664 89 1781 6665 79 1782 6666 81 1782 6667 89 1782 6668 77 1783 6669 89 1783 6670 73 1783 6671 81 1784 6672 83 1784 6673 89 1784 6674 83 1785 6675 85 1785 6676 87 1785 6677 74 1786 6678 72 1786 6679 76 1786 6680 72 1787 6681 88 1787 6682 82 1787 6683 86 0 6684 84 0 6685 82 0 6686 72 1788 6687 82 1788 6688 76 1788 6689 88 1789 6690 86 1789 6691 82 1789 6692 78 0 6693 76 0 6694 82 0 6695 76 1790 6696 77 1790 6697 75 1790 6698 78 1791 6699 79 1791 6700 77 1791 6701 80 1792 6702 81 1792 6703 79 1792 6704 82 1793 6705 83 1793 6706 81 1793 6707 82 1794 6708 84 1794 6709 85 1794 6710 95 1795 6711 93 1795 6712 91 1795 6713 91 1796 6714 107 1796 6715 97 1796 6716 107 1797 6717 105 1797 6718 101 1797 6719 105 1798 6720 103 1798 6721 101 1798 6722 101 1799 6723 99 1799 6724 107 1799 6725 99 1800 6726 97 1800 6727 107 1800 6728 106 1801 6729 90 1801 6730 100 1801 6731 90 1802 6732 92 1802 6733 100 1802 6734 92 1803 6735 94 1803 6736 100 1803 6737 94 34 6738 96 34 6739 100 34 6740 96 1804 6741 98 1804 6742 100 1804 6743 100 1805 6744 102 1805 6745 104 1805 6746 93 35 6747 95 35 6748 94 35 6749 95 1806 6750 97 1806 6751 96 1806 6752 96 1807 6753 97 1807 6754 99 1807 6755 98 1808 6756 99 1808 6757 101 1808 6758 100 1809 6759 101 1809 6760 103 1809 6761 113 77 6762 111 77 6763 109 77 6764 125 1810 6765 123 1810 6766 119 1810 6767 123 1811 6768 121 1811 6769 119 1811 6770 125 1812 6771 117 1812 6772 115 1812 6773 113 1813 6774 109 1813 6775 125 1813 6776 115 1814 6777 113 1814 6778 125 1814 6779 124 1815 6780 108 1815 6781 118 1815 6782 108 1816 6783 110 1816 6784 112 1816 6785 118 1817 6786 108 1817 6787 112 1817 6788 112 0 6789 114 0 6790 118 0 6791 114 1818 6792 116 1818 6793 118 1818 6794 118 0 6795 120 0 6796 122 0 6797 111 1819 6798 113 1819 6799 112 1819 6800 113 1820 6801 115 1820 6802 114 1820 6803 115 1821 6804 117 1821 6805 116 1821 6806 117 1822 6807 119 1822 6808 118 1822 6809 118 1823 6810 119 1823 6811 121 1823 6812 127 34 6813 129 34 6814 131 34 6815 131 1824 6816 133 1824 6817 127 1824 6818 133 1825 6819 135 1825 6820 143 1825 6821 127 1826 6822 133 1826 6823 143 1826 6824 135 1827 6825 137 1827 6826 143 1827 6827 137 1828 6828 139 1828 6829 141 1828 6830 128 1829 6831 126 1829 6832 136 1829 6833 126 1830 6834 142 1830 6835 136 1830 6836 140 21 6837 138 21 6838 136 21 6839 142 1831 6840 140 1831 6841 136 1831 6842 132 21 6843 130 21 6844 136 21 6845 130 1832 6846 128 1832 6847 136 1832 6848 130 1833 6849 131 1833 6850 129 1833 6851 132 1834 6852 133 1834 6853 131 1834 6854 132 1835 6855 134 1835 6856 135 1835 6857 134 1836 6858 136 1836 6859 137 1836 6860 136 1837 6861 138 1837 6862 139 1837 6863 188 1838 6864 1644 1838 6865 162 1838 6866 163 21 6867 1634 21 6868 189 21 6869 160 1839 6870 166 1839 6871 164 1839 6872 161 21 6873 163 21 6874 165 21 6875 158 34 6876 168 34 6877 166 34 6878 159 21 6879 161 21 6880 167 21 6881 156 34 6882 170 34 6883 168 34 6884 157 21 6885 159 21 6886 169 21 6887 154 34 6888 172 34 6889 170 34 6890 155 1840 6891 157 1840 6892 171 1840 6893 153 34 6894 174 34 6895 172 34 6896 238 1841 6897 155 1841 6898 173 1841 6899 152 1842 6900 281 1842 6901 178 1842 6902 179 21 6903 282 21 6904 283 21 6905 281 1843 6906 150 1843 6907 180 1843 6908 181 21 6909 151 21 6910 282 21 6911 150 1844 6912 148 1844 6913 182 1844 6914 183 21 6915 149 21 6916 151 21 6917 148 1845 6918 146 1845 6919 184 1845 6920 185 21 6921 147 21 6922 149 21 6923 146 34 6924 144 34 6925 186 34 6926 187 21 6927 145 21 6928 147 21 6929 1644 1846 6930 188 1846 6931 186 1846 6932 1634 21 6933 145 21 6934 187 21 6935 188 1847 6936 190 1847 6937 192 1847 6938 189 1848 6939 187 1848 6940 193 1848 6941 186 1849 6942 192 1849 6943 194 1849 6944 187 1850 6945 185 1850 6946 195 1850 6947 184 34 6948 194 34 6949 196 34 6950 185 1851 6951 183 1851 6952 197 1851 6953 182 34 6954 196 34 6955 198 34 6956 183 1852 6957 181 1852 6958 199 1852 6959 180 34 6960 198 34 6961 200 34 6962 181 1853 6963 179 1853 6964 201 1853 6965 176 1854 6966 178 1854 6967 200 1854 6968 201 21 6969 179 21 6970 177 21 6971 174 34 6972 204 34 6973 206 34 6974 175 1855 6975 173 1855 6976 207 1855 6977 170 1856 6978 172 1856 6979 206 1856 6980 207 21 6981 173 21 6982 171 21 6983 168 34 6984 170 34 6985 208 34 6986 209 21 6987 171 21 6988 169 21 6989 166 34 6990 168 34 6991 210 34 6992 211 1857 6993 169 1857 6994 167 1857 6995 164 34 6996 166 34 6997 212 34 6998 213 1858 6999 167 1858 7000 165 1858 7001 214 34 7002 190 34 7003 188 34 7004 215 1859 7005 165 1859 7006 189 1859 7007 236 0 7008 234 0 7009 218 0 7010 1842 1860 7011 235 1860 7012 237 1860 7013 232 1861 7014 219 1861 7015 218 1861 7016 233 0 7017 235 0 7018 1842 0 7019 230 0 7020 220 0 7021 219 0 7022 231 0 7023 233 0 7024 1843 0 7025 228 0 7026 222 0 7027 220 0 7028 229 0 7029 231 0 7030 221 0 7031 226 1862 7032 223 1862 7033 222 1862 7034 227 1863 7035 229 1863 7036 1844 1863 7037 225 0 7038 224 0 7039 223 0 7040 225 1864 7041 227 1864 7042 1845 1864 7043 245 1865 7044 1629 1865 7045 225 1865 7046 225 0 7047 1629 0 7048 246 0 7049 243 1866 7050 245 1866 7051 226 1866 7052 227 0 7053 246 0 7054 244 0 7055 241 1867 7056 243 1867 7057 228 1867 7058 229 0 7059 244 0 7060 242 0 7061 239 1868 7062 241 1868 7063 230 1868 7064 231 0 7065 242 0 7066 240 0 7067 154 0 7068 239 0 7069 232 0 7070 233 1869 7071 240 1869 7072 155 1869 7073 153 0 7074 154 0 7075 234 0 7076 235 0 7077 155 0 7078 238 0 7079 247 77 7080 259 77 7081 260 77 7082 248 77 7083 272 77 7084 260 77 7085 271 1870 7086 269 1870 7087 249 1870 7088 250 77 7089 270 77 7090 272 77 7091 269 1871 7092 267 1871 7093 251 1871 7094 252 77 7095 268 77 7096 270 77 7097 267 77 7098 265 77 7099 253 77 7100 254 77 7101 266 77 7102 268 77 7103 265 77 7104 263 77 7105 255 77 7106 256 1872 7107 264 1872 7108 266 1872 7109 261 1873 7110 257 1873 7111 255 1873 7112 262 77 7113 264 77 7114 256 77 7115 152 1874 7116 261 1874 7117 263 1874 7118 283 77 7119 282 77 7120 264 77 7121 281 77 7122 263 77 7123 265 77 7124 282 1875 7125 280 1875 7126 266 1875 7127 279 1876 7128 265 1876 7129 267 1876 7130 280 1877 7131 278 1877 7132 268 1877 7133 277 77 7134 267 77 7135 269 77 7136 278 77 7137 276 77 7138 270 77 7139 275 77 7140 269 77 7141 271 77 7142 276 77 7143 274 77 7144 272 77 7145 273 77 7146 271 77 7147 260 77 7148 260 77 7149 272 77 7150 274 77 7151 158 1878 7152 241 1878 7153 239 1878 7154 159 1879 7155 157 1879 7156 240 1879 7157 160 1880 7158 243 1880 7159 241 1880 7160 161 1881 7161 159 1881 7162 242 1881 7163 148 1882 7164 150 1882 7165 279 1882 7166 151 1883 7167 149 1883 7168 278 1883 7169 146 1884 7170 148 1884 7171 277 1884 7172 149 1885 7173 147 1885 7174 276 1885 7175 288 1886 7176 284 1886 7177 286 1886 7178 289 1887 7179 284 1887 7180 288 1887 7181 289 1888 7182 290 1888 7183 285 1888 7184 286 1889 7185 285 1889 7186 290 1889 7187 287 1890 7188 286 1890 7189 291 1890 7190 293 1891 7191 288 1891 7192 287 1891 7193 294 1892 7194 299 1892 7195 300 1892 7196 300 1893 7197 301 1893 7198 296 1893 7199 296 1894 7200 301 1894 7201 302 1894 7202 302 1895 7203 303 1895 7204 298 1895 7205 298 1896 7206 303 1896 7207 299 1896 7208 299 1897 7209 303 1897 7210 301 1897 7211 308 1898 7212 304 1898 7213 306 1898 7214 309 1899 7215 304 1899 7216 308 1899 7217 310 1900 7218 305 1900 7219 304 1900 7220 306 1901 7221 305 1901 7222 310 1901 7223 312 1902 7224 307 1902 7225 306 1902 7226 313 1903 7227 308 1903 7228 307 1903 7229 319 1904 7230 320 1904 7231 315 1904 7232 320 1905 7233 321 1905 7234 316 1905 7235 316 1906 7236 321 1906 7237 322 1906 7238 322 1907 7239 323 1907 7240 318 1907 7241 318 1908 7242 323 1908 7243 319 1908 7244 319 1909 7245 323 1909 7246 321 1909 7247 328 1910 7248 324 1910 7249 326 1910 7250 324 1911 7251 328 1911 7252 333 1911 7253 330 1912 7254 325 1912 7255 324 1912 7256 326 1913 7257 325 1913 7258 330 1913 7259 327 1914 7260 326 1914 7261 331 1914 7262 328 1915 7263 327 1915 7264 332 1915 7265 342 1916 7266 343 1916 7267 339 1916 7268 343 1917 7269 344 1917 7270 340 1917 7271 344 1918 7272 345 1918 7273 341 1918 7274 341 1919 7275 345 1919 7276 342 1919 7277 342 135 7278 345 135 7279 346 135 7280 345 1920 7281 344 1920 7282 348 1920 7283 343 135 7284 349 135 7285 348 135 7286 342 135 7287 347 135 7288 349 135 7289 347 1921 7290 350 1921 7291 351 1921 7292 348 1922 7293 349 1922 7294 351 1922 7295 348 1923 7296 352 1923 7297 353 1923 7298 346 1924 7299 353 1924 7300 350 1924 7301 353 1925 7302 352 1925 7303 351 1925 7304 357 77 7305 356 77 7306 354 77 7307 370 135 7308 371 135 7309 369 135 7310 363 1926 7311 361 1926 7312 360 1926 7313 371 1927 7314 370 1927 7315 372 1927 7316 363 1928 7317 362 1928 7318 364 1928 7319 363 1929 7320 370 1929 7321 368 1929 7322 362 1930 7323 360 1930 7324 369 1930 7325 363 151 7326 365 151 7327 372 151 7328 371 1931 7329 373 1931 7330 364 1931 7331 376 34 7332 374 34 7333 377 34 7334 1498 21 7335 1499 21 7336 375 21 7337 1499 21 7338 1497 21 7339 1496 21 7340 507 1932 7341 510 1932 7342 511 1932 7343 511 1933 7344 512 1933 7345 509 1933 7346 509 1934 7347 512 1934 7348 510 1934 7349 516 1935 7350 513 1935 7351 515 1935 7352 514 1936 7353 513 1936 7354 516 1936 7355 518 1937 7356 515 1937 7357 514 1937 7358 519 1938 7359 522 1938 7360 523 1938 7361 523 1939 7362 524 1939 7363 521 1939 7364 521 1940 7365 524 1940 7366 522 1940 7367 528 1941 7368 525 1941 7369 527 1941 7370 526 1942 7371 525 1942 7372 528 1942 7373 530 1943 7374 527 1943 7375 526 1943 7376 531 1944 7377 534 1944 7378 535 1944 7379 535 1945 7380 536 1945 7381 533 1945 7382 533 1946 7383 536 1946 7384 534 1946 7385 540 1947 7386 537 1947 7387 539 1947 7388 538 1948 7389 537 1948 7390 540 1948 7391 542 1949 7392 539 1949 7393 538 1949 7394 543 1950 7395 546 1950 7396 547 1950 7397 547 1951 7398 548 1951 7399 545 1951 7400 545 1952 7401 548 1952 7402 546 1952 7403 549 1953 7404 552 1953 7405 553 1953 7406 553 1954 7407 554 1954 7408 551 1954 7409 554 1955 7410 552 1955 7411 549 1955 7412 552 1956 7413 555 1956 7414 556 1956 7415 554 1957 7416 553 1957 7417 556 1957 7418 552 1958 7419 554 1958 7420 557 1958 7421 555 1959 7422 559 1959 7423 558 1959 7424 557 1960 7425 556 1960 7426 558 1960 7427 555 1961 7428 557 1961 7429 560 1961 7430 566 1962 7431 564 1962 7432 561 1962 7433 565 1963 7434 563 1963 7435 561 1963 7436 565 1964 7437 566 1964 7438 562 1964 7439 569 1965 7440 567 1965 7441 564 1965 7442 568 1966 7443 565 1966 7444 564 1966 7445 568 1967 7446 569 1967 7447 566 1967 7448 567 1968 7449 569 1968 7450 572 1968 7451 571 1969 7452 568 1969 7453 567 1969 7454 569 1970 7455 568 1970 7456 571 1970 7457 576 327 7458 573 327 7459 574 327 7460 580 135 7461 579 135 7462 578 135 7463 578 77 7464 579 77 7465 575 77 7466 579 34 7467 580 34 7468 576 34 7469 580 0 7470 577 0 7471 573 0 7472 581 1971 7473 584 1971 7474 588 1971 7475 582 1972 7476 581 1972 7477 585 1972 7478 583 1973 7479 582 1973 7480 586 1973 7481 581 1974 7482 582 1974 7483 583 1974 7484 585 1975 7485 588 1975 7486 587 1975 7487 592 1976 7488 593 1976 7489 590 1976 7490 593 77 7491 594 77 7492 591 77 7493 594 1977 7494 592 1977 7495 589 1977 7496 595 1978 7497 597 1978 7498 600 1978 7499 599 1979 7500 596 1979 7501 595 1979 7502 600 1980 7503 597 1980 7504 596 1980 7505 601 1981 7506 604 1981 7507 608 1981 7508 602 1982 7509 601 1982 7510 605 1982 7511 603 1983 7512 602 1983 7513 606 1983 7514 601 135 7515 602 135 7516 603 135 7517 605 327 7518 608 327 7519 607 327 7520 611 1984 7521 612 1984 7522 609 1984 7523 616 1985 7524 615 1985 7525 614 1985 7526 614 1986 7527 615 1986 7528 611 1986 7529 615 1987 7530 616 1987 7531 612 1987 7532 616 1988 7533 613 1988 7534 609 1988 7535 617 1989 7536 620 1989 7537 624 1989 7538 618 1990 7539 617 1990 7540 621 1990 7541 619 1991 7542 618 1991 7543 622 1991 7544 617 1992 7545 618 1992 7546 619 1992 7547 622 1993 7548 621 1993 7549 624 1993 7550 705 1994 7551 708 1994 7552 709 1994 7553 707 1995 7554 706 1995 7555 709 1995 7556 705 1996 7557 707 1996 7558 710 1996 7559 708 1997 7560 712 1997 7561 711 1997 7562 710 1998 7563 709 1998 7564 711 1998 7565 708 1999 7566 710 1999 7567 713 1999 7568 719 2000 7569 717 2000 7570 714 2000 7571 717 2001 7572 718 2001 7573 716 2001 7574 719 2002 7575 715 2002 7576 716 2002 7577 722 2003 7578 720 2003 7579 717 2003 7580 720 2004 7581 721 2004 7582 718 2004 7583 722 2005 7584 719 2005 7585 718 2005 7586 748 2006 7587 751 2006 7588 752 2006 7589 750 2007 7590 749 2007 7591 752 2007 7592 748 2008 7593 750 2008 7594 753 2008 7595 751 2009 7596 755 2009 7597 754 2009 7598 753 2010 7599 752 2010 7600 754 2010 7601 751 2011 7602 753 2011 7603 756 2011 7604 760 2012 7605 757 2012 7606 758 2012 7607 760 2013 7608 761 2013 7609 759 2013 7610 762 2014 7611 758 2014 7612 759 2014 7613 763 2015 7614 760 2015 7615 762 2015 7616 763 2016 7617 764 2016 7618 761 2016 7619 765 2017 7620 762 2017 7621 761 2017 7622 766 563 7623 778 584 7624 779 564 7625 767 565 7626 779 564 7627 780 566 7628 780 566 7629 781 2018 7630 769 568 7631 769 568 7632 781 2018 7633 782 569 7634 782 569 7635 783 572 7636 771 571 7637 783 572 7638 784 574 7639 772 573 7640 784 574 7641 785 576 7642 773 575 7643 785 576 7644 786 2019 7645 774 577 7646 774 577 7647 786 2019 7648 787 578 7649 775 579 7650 787 578 7651 788 580 7652 776 581 7653 788 580 7654 789 582 7655 777 583 7656 789 582 7657 778 584 7658 800 2020 7659 801 2020 7660 793 2020 7661 793 2021 7662 801 2021 7663 802 2021 7664 802 2022 7665 803 2022 7666 795 2022 7667 795 2023 7668 803 2023 7669 804 2023 7670 804 2024 7671 805 2024 7672 797 2024 7673 805 2025 7674 806 2025 7675 798 2025 7676 798 2026 7677 806 2026 7678 807 2026 7679 807 2027 7680 800 2027 7681 792 2027 7682 817 2028 7683 816 2028 7684 815 2028 7685 814 2029 7686 815 2029 7687 811 2029 7688 815 2030 7689 816 2030 7690 812 2030 7691 816 2031 7692 817 2031 7693 813 2031 7694 813 2032 7695 817 2032 7696 814 2032 7697 822 2033 7698 818 2033 7699 821 2033 7700 819 2034 7701 818 2034 7702 822 2034 7703 824 2035 7704 820 2035 7705 819 2035 7706 825 2036 7707 821 2036 7708 820 2036 7709 818 2037 7710 819 2037 7711 820 2037 7712 833 2038 7713 832 2038 7714 831 2038 7715 826 2039 7716 830 2039 7717 831 2039 7718 831 2040 7719 832 2040 7720 828 2040 7721 832 2041 7722 833 2041 7723 829 2041 7724 829 2042 7725 833 2042 7726 830 2042 7727 838 2043 7728 834 2043 7729 837 2043 7730 835 2044 7731 834 2044 7732 838 2044 7733 836 2045 7734 835 2045 7735 839 2045 7736 841 2046 7737 837 2046 7738 836 2046 7739 834 2047 7740 835 2047 7741 836 2047 7742 849 2048 7743 848 2048 7744 847 2048 7745 842 2049 7746 846 2049 7747 847 2049 7748 847 2050 7749 848 2050 7750 844 2050 7751 848 2051 7752 849 2051 7753 845 2051 7754 849 2052 7755 846 2052 7756 842 2052 7757 854 2053 7758 850 2053 7759 853 2053 7760 851 2054 7761 850 2054 7762 854 2054 7763 852 2055 7764 851 2055 7765 855 2055 7766 853 2056 7767 852 2056 7768 856 2056 7769 850 2057 7770 851 2057 7771 852 2057 7772 862 2058 7773 865 2058 7774 864 2058 7775 858 2059 7776 862 2059 7777 863 2059 7778 859 2060 7779 863 2060 7780 864 2060 7781 860 2061 7782 864 2061 7783 865 2061 7784 865 2062 7785 862 2062 7786 858 2062 7787 860 2063 7788 861 2063 7789 858 2063 7790 873 2064 7791 870 2064 7792 871 2064 7793 873 2065 7794 869 2065 7795 866 2065 7796 870 2066 7797 866 2066 7798 867 2066 7799 872 2067 7800 871 2067 7801 867 2067 7802 873 2068 7803 872 2068 7804 868 2068 7805 869 2069 7806 868 2069 7807 867 2069 7808 878 2070 7809 881 2070 7810 880 2070 7811 878 2071 7812 879 2071 7813 875 2071 7814 875 2072 7815 879 2072 7816 880 2072 7817 880 2073 7818 881 2073 7819 877 2073 7820 881 2074 7821 878 2074 7822 874 2074 7823 886 2075 7824 882 2075 7825 885 2075 7826 883 2076 7827 882 2076 7828 886 2076 7829 884 2077 7830 883 2077 7831 887 2077 7832 885 2078 7833 884 2078 7834 888 2078 7835 882 2079 7836 883 2079 7837 884 2079 7838 875 2080 7839 876 2080 7840 877 2080 7841 886 2081 7842 889 2081 7843 888 2081 7844 890 21 7845 894 21 7846 895 21 7847 892 34 7848 896 34 7849 897 34 7850 893 2082 7851 895 2082 7852 896 2082 7853 891 2083 7854 897 2083 7855 894 2083 7856 895 2084 7857 894 2084 7858 897 2084 7859 899 2085 7860 898 2085 7861 902 2085 7862 899 2086 7863 901 2086 7864 903 2086 7865 898 2087 7866 900 2087 7867 903 2087 7868 909 2088 7869 907 2088 7870 904 2088 7871 907 2089 7872 908 2089 7873 906 2089 7874 909 2090 7875 905 2090 7876 906 2090 7877 910 2091 7878 913 2091 7879 914 2091 7880 914 2092 7881 915 2092 7882 912 2092 7883 912 2093 7884 915 2093 7885 913 2093 7886 919 2094 7887 916 2094 7888 918 2094 7889 917 2095 7890 916 2095 7891 919 2095 7892 921 2096 7893 918 2096 7894 917 2096 7895 925 2097 7896 922 2097 7897 924 2097 7898 923 2098 7899 922 2098 7900 925 2098 7901 927 2099 7902 924 2099 7903 923 2099 7904 376 0 7905 1500 0 7906 375 0 7907 930 2100 7908 931 2100 7909 928 2100 7910 937 34 7911 936 34 7912 935 34 7913 939 2101 7914 938 2101 7915 936 2101 7916 941 34 7917 940 34 7918 938 34 7919 941 2102 7920 943 2102 7921 942 2102 7922 943 2103 7923 944 2103 7924 945 2103 7925 946 2104 7926 947 2104 7927 945 2104 7928 949 34 7929 948 34 7930 947 34 7931 950 706 7932 951 706 7933 948 706 7934 952 34 7935 953 34 7936 951 34 7937 952 135 7938 954 135 7939 955 135 7940 956 34 7941 957 34 7942 955 34 7943 959 2105 7944 958 2105 7945 957 2105 7946 959 2106 7947 960 2106 7948 961 2106 7949 960 2107 7950 963 2107 7951 962 2107 7952 964 34 7953 965 34 7954 962 34 7955 964 135 7956 967 135 7957 966 135 7958 968 34 7959 969 34 7960 966 34 7961 968 135 7962 971 135 7963 970 135 7964 974 2108 7965 973 2108 7966 972 2108 7967 1001 2109 7968 1004 2109 7969 1005 2109 7970 1003 2110 7971 1002 2110 7972 1005 2110 7973 1001 2111 7974 1003 2111 7975 1006 2111 7976 1004 2112 7977 1008 2112 7978 1007 2112 7979 1006 2113 7980 1005 2113 7981 1007 2113 7982 1004 2114 7983 1006 2114 7984 1009 2114 7985 1015 2115 7986 1013 2115 7987 1010 2115 7988 1013 2116 7989 1014 2116 7990 1012 2116 7991 1015 2117 7992 1011 2117 7993 1012 2117 7994 1018 2118 7995 1016 2118 7996 1013 2118 7997 1016 2119 7998 1017 2119 7999 1014 2119 8000 1018 2120 8001 1015 2120 8002 1014 2120 8003 1023 2121 8004 1024 2121 8005 1020 2121 8006 1024 2122 8007 1025 2122 8008 1021 2122 8009 1025 34 8010 1026 34 8011 1022 34 8012 1026 2123 8013 1023 2123 8014 1019 2123 8015 1027 2124 8016 1030 2124 8017 1034 2124 8018 1028 34 8019 1027 34 8020 1031 34 8021 1029 2125 8022 1028 2125 8023 1032 2125 8024 1030 2126 8025 1029 2126 8026 1033 2126 8027 1039 2127 8028 1040 2127 8029 1036 2127 8030 1040 2128 8031 1041 2128 8032 1037 2128 8033 1041 2129 8034 1042 2129 8035 1038 2129 8036 1042 21 8037 1039 21 8038 1035 21 8039 1043 0 8040 1046 0 8041 1050 0 8042 1048 2130 8043 1044 2130 8044 1043 2130 8045 1045 2131 8046 1044 2131 8047 1048 2131 8048 1046 21 8049 1045 21 8050 1049 21 8051 1054 34 8052 1053 34 8053 1051 34 8054 1054 771 8055 1055 771 8056 1483 771 8057 379 77 8058 1051 77 8059 1495 77 8060 933 34 8061 1093 34 8062 1104 34 8063 1107 135 8064 1095 135 8065 1094 135 8066 932 2132 8067 931 2132 8068 1096 2132 8069 930 135 8070 1097 135 8071 1096 135 8072 1095 77 8073 1106 77 8074 1105 77 8075 931 2133 8076 932 2133 8077 1092 2133 8078 1092 2134 8079 1114 2134 8080 1113 2134 8081 1111 0 8082 1115 0 8083 1116 0 8084 1105 77 8085 1117 77 8086 1118 77 8087 1109 0 8088 1119 0 8089 1120 0 8090 1104 0 8091 1120 0 8092 1121 0 8093 1107 135 8094 1121 135 8095 1122 135 8096 1106 77 8097 1122 77 8098 1117 77 8099 1099 0 8100 1116 0 8101 1123 0 8102 1098 135 8103 1123 135 8104 1124 135 8105 932 77 8106 1124 77 8107 1114 77 8108 1114 2135 8109 1124 2135 8110 1125 2135 8111 1123 2136 8112 1127 2136 8113 1125 2136 8114 1116 2137 8115 1128 2137 8116 1127 2137 8117 1117 77 8118 1122 77 8119 1130 77 8120 1121 2138 8121 1131 2138 8122 1130 2138 8123 1120 0 8124 1132 0 8125 1131 0 8126 1119 0 8127 1133 0 8128 1132 0 8129 1118 77 8130 1117 77 8131 1129 77 8132 1115 0 8133 1135 0 8134 1128 0 8135 1125 34 8136 1127 34 8137 1128 34 8138 1132 34 8139 1129 34 8140 1130 34 8141 1132 34 8142 1133 34 8143 1134 34 8144 1126 34 8145 1128 34 8146 1135 34 8147 1105 34 8148 1108 34 8149 1111 34 8150 1137 2139 8151 1140 2139 8152 1139 2139 8153 928 2140 8154 1112 2140 8155 1141 2140 8156 1143 21 8157 1144 21 8158 1112 21 8159 1145 21 8160 1137 21 8161 928 21 8162 1145 21 8163 1146 21 8164 1144 21 8165 1146 77 8166 1147 77 8167 1148 77 8168 1143 0 8169 1150 0 8170 1149 0 8171 1142 327 8172 1151 327 8173 1147 327 8174 1145 327 8175 1149 327 8176 1152 327 8177 1144 2141 8178 1148 2141 8179 1153 2141 8180 1139 825 8181 1154 825 8182 1150 825 8183 1141 0 8184 1153 0 8185 1151 0 8186 1140 77 8187 1152 77 8188 1154 77 8189 1150 21 8190 1154 21 8191 1152 21 8192 1147 21 8193 1151 21 8194 1153 21 8195 928 77 8196 1157 77 8197 1156 77 8198 1092 2142 8199 1110 2142 8200 1155 2142 8201 1160 2143 8202 1110 2143 8203 1112 2143 8204 1162 77 8205 1161 77 8206 928 77 8207 1162 77 8208 1160 77 8209 1159 77 8210 1162 34 8211 1164 34 8212 1163 34 8213 1159 21 8214 1166 21 8215 1165 21 8216 1158 327 8217 1167 327 8218 1164 327 8219 1161 2144 8220 1165 2144 8221 1168 2144 8222 1160 135 8223 1163 135 8224 1169 135 8225 1156 2145 8226 1170 2145 8227 1166 2145 8228 1155 21 8229 1169 21 8230 1167 21 8231 1157 34 8232 1168 34 8233 1170 34 8234 1167 77 8235 1169 77 8236 1163 77 8237 1165 77 8238 1166 77 8239 1170 77 8240 1126 2146 8241 1136 2146 8242 1172 2146 8243 1113 2147 8244 1173 2147 8245 1172 2147 8246 1114 2148 8247 1126 2148 8248 1171 2148 8249 1114 2149 8250 1174 2149 8251 1173 2149 8252 1174 34 8253 1175 34 8254 1176 34 8255 1171 21 8256 1172 21 8257 1178 21 8258 1104 2150 8259 1181 2150 8260 1180 2150 8261 1093 2151 8262 929 2151 8263 1179 2151 8264 1184 840 8265 929 840 8266 1109 840 8267 1185 2152 8268 1186 2152 8269 1104 2152 8270 1183 34 8271 1186 34 8272 1185 34 8273 1183 2153 8274 1187 2153 8275 1188 2153 8276 1185 0 8277 1189 0 8278 1190 0 8279 1186 327 8280 1188 327 8281 1191 327 8282 1182 327 8283 1192 327 8284 1189 327 8285 1184 135 8286 1190 135 8287 1193 135 8288 1180 135 8289 1194 135 8290 1187 135 8291 1179 2154 8292 1193 2154 8293 1192 2154 8294 1181 0 8295 1191 0 8296 1194 0 8297 1194 34 8298 1191 34 8299 1188 34 8300 1190 34 8301 1189 34 8302 1192 34 8303 1195 77 8304 1196 77 8305 1176 77 8306 1177 77 8307 1178 77 8308 1196 77 8309 1199 2155 8310 1096 2155 8311 1097 2155 8312 1201 21 8313 1094 21 8314 1095 21 8315 1201 135 8316 1204 135 8317 1198 135 8318 1202 135 8319 1203 135 8320 1204 135 8321 1198 135 8322 1204 135 8323 1200 135 8324 1199 135 8325 1200 135 8326 1204 135 8327 1199 135 8328 1203 135 8329 1197 135 8330 1103 135 8331 1197 135 8332 1203 135 8333 1103 135 8334 1105 135 8335 1099 135 8336 1224 77 8337 1223 77 8338 1221 77 8339 1225 77 8340 1226 77 8341 1228 77 8342 380 34 8343 379 34 8344 377 34 8345 1231 135 8346 1233 135 8347 1234 135 8348 1230 327 8349 1236 327 8350 1235 327 8351 1232 77 8352 1235 77 8353 1233 77 8354 1229 0 8355 1234 0 8356 1236 0 8357 1229 34 8358 1238 34 8359 1237 34 8360 1232 34 8361 1239 34 8362 1240 34 8363 1231 34 8364 1237 34 8365 1239 34 8366 1229 2156 8367 1230 2156 8368 1240 2156 8369 1240 77 8370 1242 77 8371 1241 77 8372 1237 0 8373 1243 0 8374 1244 0 8375 1239 135 8376 1244 135 8377 1242 135 8378 1238 327 8379 1241 327 8380 1243 327 8381 1241 34 8382 1242 34 8383 1244 34 8384 1248 2157 8385 1247 2157 8386 1245 2157 8387 1248 0 8388 1250 0 8389 1249 0 8390 1245 77 8391 1251 77 8392 1252 77 8393 1245 327 8394 1247 327 8395 1249 327 8396 1246 135 8397 1252 135 8398 1250 135 8399 1255 2158 8400 1253 2158 8401 1259 2158 8402 1260 327 8403 1254 327 8404 1256 327 8405 1253 2159 8406 1254 2159 8407 1260 2159 8408 1256 883 8409 1255 883 8410 1257 883 8411 1260 2160 8412 1258 2160 8413 1257 2160 8414 1266 2161 8415 1267 2161 8416 1262 2161 8417 1267 2162 8418 1268 2162 8419 1263 2162 8420 1268 2163 8421 1269 2163 8422 1264 2163 8423 1264 2164 8424 1269 2164 8425 1270 2164 8426 1270 2165 8427 1266 2165 8428 1261 2165 8429 1266 2166 8430 1270 2166 8431 1268 2166 8432 1275 2167 8433 1271 2167 8434 1273 2167 8435 1276 2168 8436 1271 2168 8437 1275 2168 8438 1272 2169 8439 1271 2169 8440 1276 2169 8441 1278 2170 8442 1273 2170 8443 1272 2170 8444 1274 2171 8445 1273 2171 8446 1278 2171 8447 1275 2172 8448 1274 2172 8449 1279 2172 8450 1281 2173 8451 1286 2173 8452 1287 2173 8453 1282 2174 8454 1287 2174 8455 1288 2174 8456 1288 2175 8457 1289 2175 8458 1284 2175 8459 1284 2176 8460 1289 2176 8461 1290 2176 8462 1285 2177 8463 1290 2177 8464 1286 2177 8465 1286 2178 8466 1290 2178 8467 1288 2178 8468 1295 2179 8469 1291 2179 8470 1293 2179 8471 1296 2180 8472 1291 2180 8473 1295 2180 8474 1297 2181 8475 1292 2181 8476 1291 2181 8477 1293 2182 8478 1292 2182 8479 1297 2182 8480 1294 2183 8481 1293 2183 8482 1298 2183 8483 1300 2184 8484 1295 2184 8485 1294 2184 8486 1306 2185 8487 1307 2185 8488 1302 2185 8489 1302 2186 8490 1307 2186 8491 1308 2186 8492 1308 2187 8493 1309 2187 8494 1304 2187 8495 1310 2188 8496 1305 2188 8497 1304 2188 8498 1305 2189 8499 1310 2189 8500 1306 2189 8501 1306 2190 8502 1310 2190 8503 1308 2190 8504 1311 2191 8505 1316 2191 8506 1317 2191 8507 1317 2192 8508 1318 2192 8509 1313 2192 8510 1313 2193 8511 1318 2193 8512 1319 2193 8513 1314 2194 8514 1319 2194 8515 1320 2194 8516 1320 2195 8517 1316 2195 8518 1311 2195 8519 1316 2196 8520 1320 2196 8521 1318 2196 8522 1325 2197 8523 1321 2197 8524 1323 2197 8525 1326 2198 8526 1321 2198 8527 1325 2198 8528 1322 2199 8529 1321 2199 8530 1326 2199 8531 1328 2200 8532 1323 2200 8533 1322 2200 8534 1324 2201 8535 1323 2201 8536 1328 2201 8537 1325 2202 8538 1324 2202 8539 1329 2202 8540 1336 2203 8541 1337 2203 8542 1332 2203 8543 1332 2204 8544 1337 2204 8545 1338 2204 8546 1338 2205 8547 1339 2205 8548 1334 2205 8549 1339 2206 8550 1340 2206 8551 1335 2206 8552 1335 2207 8553 1340 2207 8554 1336 2207 8555 1336 2208 8556 1340 2208 8557 1338 2208 8558 1345 2209 8559 1341 2209 8560 1343 2209 8561 1346 2210 8562 1341 2210 8563 1345 2210 8564 1347 2211 8565 1342 2211 8566 1341 2211 8567 1348 2212 8568 1343 2212 8569 1342 2212 8570 1344 2213 8571 1343 2213 8572 1348 2213 8573 1345 2214 8574 1344 2214 8575 1349 2214 8576 1356 2215 8577 1357 2215 8578 1352 2215 8579 1352 2216 8580 1357 2216 8581 1358 2216 8582 1358 2217 8583 1359 2217 8584 1354 2217 8585 1360 2218 8586 1355 2218 8587 1354 2218 8588 1360 2219 8589 1356 2219 8590 1351 2219 8591 1356 2220 8592 1360 2220 8593 1358 2220 8594 1365 2221 8595 1361 2221 8596 1363 2221 8597 1366 2222 8598 1361 2222 8599 1365 2222 8600 1361 2223 8601 1366 2223 8602 1367 2223 8603 1363 2224 8604 1362 2224 8605 1367 2224 8606 1369 2225 8607 1364 2225 8608 1363 2225 8609 1365 2226 8610 1364 2226 8611 1369 2226 8612 1376 2227 8613 1377 2227 8614 1372 2227 8615 1377 2228 8616 1378 2228 8617 1373 2228 8618 1373 2229 8619 1378 2229 8620 1379 2229 8621 1374 2230 8622 1379 2230 8623 1380 2230 8624 1375 2231 8625 1380 2231 8626 1376 2231 8627 1380 2232 8628 1378 2232 8629 1377 2232 8630 1385 2233 8631 1381 2233 8632 1383 2233 8633 1386 2234 8634 1381 2234 8635 1385 2234 8636 1387 2235 8637 1382 2235 8638 1381 2235 8639 1383 2236 8640 1382 2236 8641 1387 2236 8642 1389 2237 8643 1384 2237 8644 1383 2237 8645 1390 2238 8646 1385 2238 8647 1384 2238 8648 1396 2239 8649 1397 2239 8650 1392 2239 8651 1392 2240 8652 1397 2240 8653 1398 2240 8654 1393 2241 8655 1398 2241 8656 1399 2241 8657 1399 2242 8658 1400 2242 8659 1395 2242 8660 1395 2243 8661 1400 2243 8662 1396 2243 8663 1396 2244 8664 1400 2244 8665 1398 2244 8666 1405 2245 8667 1401 2245 8668 1403 2245 8669 1406 2246 8670 1401 2246 8671 1405 2246 8672 1407 2247 8673 1402 2247 8674 1401 2247 8675 1403 2248 8676 1402 2248 8677 1407 2248 8678 1404 2249 8679 1403 2249 8680 1408 2249 8681 1405 2250 8682 1404 2250 8683 1409 2250 8684 1416 2251 8685 1417 2251 8686 1412 2251 8687 1412 2252 8688 1417 2252 8689 1418 2252 8690 1418 2253 8691 1419 2253 8692 1414 2253 8693 1420 2254 8694 1415 2254 8695 1414 2254 8696 1415 2255 8697 1420 2255 8698 1416 2255 8699 1416 2256 8700 1420 2256 8701 1418 2256 8702 1421 2257 8703 1423 2257 8704 1424 2257 8705 1426 2258 8706 1421 2258 8707 1425 2258 8708 1427 2259 8709 1422 2259 8710 1421 2259 8711 1423 2260 8712 1422 2260 8713 1427 2260 8714 1429 2261 8715 1424 2261 8716 1423 2261 8717 1430 2262 8718 1425 2262 8719 1424 2262 8720 1435 2263 8721 1431 2263 8722 1433 2263 8723 1436 2264 8724 1431 2264 8725 1435 2264 8726 1432 2265 8727 1431 2265 8728 1436 2265 8729 1438 2266 8730 1433 2266 8731 1432 2266 8732 1434 2267 8733 1433 2267 8734 1438 2267 8735 1435 2268 8736 1434 2268 8737 1439 2268 8738 1446 2269 8739 1447 2269 8740 1442 2269 8741 1447 2270 8742 1448 2270 8743 1443 2270 8744 1443 2271 8745 1448 2271 8746 1449 2271 8747 1449 2272 8748 1450 2272 8749 1445 2272 8750 1445 2273 8751 1450 2273 8752 1446 2273 8753 1450 2274 8754 1448 2274 8755 1447 2274 8756 1456 2275 8757 1457 2275 8758 1452 2275 8759 1457 2276 8760 1458 2276 8761 1453 2276 8762 1453 2277 8763 1458 2277 8764 1459 2277 8765 1454 2278 8766 1459 2278 8767 1460 2278 8768 1455 2279 8769 1460 2279 8770 1456 2279 8771 1456 2280 8772 1460 2280 8773 1458 2280 8774 1463 2281 8775 361 2281 8776 368 2281 8777 1467 2282 8778 1468 2282 8779 360 2282 8780 1475 2283 8781 1476 2283 8782 369 2283 8783 1482 2284 8784 1481 2284 8785 368 2284 8786 1484 21 8787 1483 21 8788 1055 21 8789 1486 0 8790 1487 0 8791 1484 0 8792 1489 0 8793 1487 0 8794 1486 0 8795 1497 21 8796 1490 21 8797 1491 21 8798 380 34 8799 1492 34 8800 1493 34 8801 1504 0 8802 1503 0 8803 374 0 8804 1502 0 8805 1504 0 8806 1496 0 8807 1501 0 8808 1052 0 8809 380 0 8810 1052 0 8811 1501 0 8812 1502 0 8813 1503 21 8814 1506 21 8815 1505 21 8816 1502 34 8817 1507 34 8818 1508 34 8819 1504 327 8820 1508 327 8821 1506 327 8822 1501 135 8823 1505 135 8824 1507 135 8825 1505 0 8826 1506 0 8827 1508 0 8828 1509 0 8829 1510 0 8830 1512 0 8831 1516 21 8832 1515 21 8833 1513 21 8834 1517 21 8835 1518 21 8836 1520 21 8837 1524 2285 8838 1521 2285 8839 1522 2285 8840 1535 2286 8841 1534 2286 8842 1533 2286 8843 1528 2287 8844 1527 2287 8845 1526 2287 8846 1521 2288 8847 1525 2288 8848 1526 2288 8849 1522 2289 8850 1526 2289 8851 1527 2289 8852 1527 2290 8853 1528 2290 8854 1524 2290 8855 1528 2291 8856 1525 2291 8857 1521 2291 8858 1533 2292 8859 1529 2292 8860 1532 2292 8861 1530 2293 8862 1529 2293 8863 1533 2293 8864 1535 2294 8865 1531 2294 8866 1530 2294 8867 1532 2295 8868 1531 2295 8869 1535 2295 8870 1532 2296 8871 1529 2296 8872 1530 2296 8873 1541 135 8874 1544 135 8875 1543 135 8876 1541 1064 8877 1542 1064 8878 1538 1064 8879 1542 2297 8880 1543 2297 8881 1539 2297 8882 1543 2298 8883 1544 2298 8884 1540 2298 8885 1540 2299 8886 1544 2299 8887 1541 2299 8888 1549 2300 8889 1545 2300 8890 1548 2300 8891 1546 2301 8892 1545 2301 8893 1549 2301 8894 1547 2302 8895 1546 2302 8896 1550 2302 8897 1552 2303 8898 1548 2303 8899 1547 2303 8900 1545 2304 8901 1546 2304 8902 1547 2304 8903 1560 2305 8904 1559 2305 8905 1558 2305 8906 1553 2306 8907 1557 2306 8908 1558 2306 8909 1554 2307 8910 1558 2307 8911 1559 2307 8912 1559 2308 8913 1560 2308 8914 1556 2308 8915 1556 2309 8916 1560 2309 8917 1557 2309 8918 1561 2310 8919 1564 2310 8920 1568 2310 8921 1562 2311 8922 1561 2311 8923 1565 2311 8924 1567 2312 8925 1563 2312 8926 1562 2312 8927 1568 2313 8928 1564 2313 8929 1563 2313 8930 1561 2314 8931 1562 2314 8932 1563 2314 8933 1576 2315 8934 1575 2315 8935 1574 2315 8936 1569 2316 8937 1573 2316 8938 1574 2316 8939 1574 2317 8940 1575 2317 8941 1571 2317 8942 1575 2318 8943 1576 2318 8944 1572 2318 8945 1572 2319 8946 1576 2319 8947 1573 2319 8948 1581 2320 8949 1577 2320 8950 1580 2320 8951 1578 2321 8952 1577 2321 8953 1581 2321 8954 1579 2322 8955 1578 2322 8956 1582 2322 8957 1580 1091 8958 1579 1091 8959 1583 1091 8960 1577 135 8961 1578 135 8962 1579 135 8963 1587 2323 8964 1594 2323 8965 1602 2323 8966 1588 2324 8967 1587 2324 8968 1595 2324 8969 1597 2325 8970 1589 2325 8971 1588 2325 8972 1590 2326 8973 1589 2326 8974 1597 2326 8975 1591 2327 8976 1590 2327 8977 1598 2327 8978 1592 2328 8979 1591 2328 8980 1599 2328 8981 1601 2329 8982 1593 2329 8983 1592 2329 8984 1602 2330 8985 1594 2330 8986 1593 2330 8987 1617 1116 8988 1605 1120 8989 1616 1117 8990 1618 1119 8991 1606 1122 8992 1605 1120 8993 1619 1121 8994 1607 1124 8995 1606 1122 8996 1620 1123 8997 1608 1126 8998 1607 1124 8999 1621 1125 9000 1609 2331 9001 1608 1126 9002 1610 1127 9003 1609 2331 9004 1621 1125 9005 1611 1129 9006 1610 1127 9007 1622 1128 9008 1624 1131 9009 1612 2332 9010 1611 1129 9011 1613 1132 9012 1612 2332 9013 1624 1131 9014 1626 1134 9015 1614 1136 9016 1613 1132 9017 1627 1135 9018 1615 1137 9019 1614 1136 9020 1628 1118 9021 1616 1117 9022 1615 1137 9023 1674 2333 9024 1669 2333 9025 1630 2333 9026 1674 2334 9027 1675 2334 9028 1670 2334 9029 1675 2335 9030 1676 2335 9031 1671 2335 9032 1677 2336 9033 1672 2336 9034 1671 2336 9035 1677 2337 9036 1678 2337 9037 1673 2337 9038 1649 2338 9039 1650 2338 9040 1673 2338 9041 1669 2339 9042 1679 2339 9043 1631 2339 9044 1669 2340 9045 1670 2340 9046 1680 2340 9047 1671 2341 9048 1681 2341 9049 1680 2341 9050 1672 2342 9051 1682 2342 9052 1681 2342 9053 1672 2343 9054 1673 2343 9055 1683 2343 9056 1650 2344 9057 1651 2344 9058 1683 2344 9059 1679 2345 9060 1684 2345 9061 1632 2345 9062 1679 2346 9063 1680 2346 9064 1685 2346 9065 1681 2347 9066 1686 2347 9067 1685 2347 9068 1682 2348 9069 1687 2348 9070 1686 2348 9071 1682 2349 9072 1683 2349 9073 1688 2349 9074 1651 2350 9075 1652 2350 9076 1688 2350 9077 1684 2351 9078 1689 2351 9079 1633 2351 9080 1685 2352 9081 1690 2352 9082 1689 2352 9083 1686 2353 9084 1691 2353 9085 1690 2353 9086 1686 2354 9087 1687 2354 9088 1692 2354 9089 1688 2355 9090 1693 2355 9091 1692 2355 9092 1652 2356 9093 1653 2356 9094 1693 2356 9095 1633 2357 9096 1689 2357 9097 1694 2357 9098 1690 2358 9099 1695 2358 9100 1694 2358 9101 1691 2359 9102 1696 2359 9103 1695 2359 9104 1692 2360 9105 1697 2360 9106 1696 2360 9107 1693 2361 9108 1698 2361 9109 1697 2361 9110 1653 2362 9111 1654 2362 9112 1698 2362 9113 1694 2363 9114 1699 2363 9115 1635 2363 9116 1695 2364 9117 1700 2364 9118 1699 2364 9119 1696 2365 9120 1701 2365 9121 1700 2365 9122 1697 2366 9123 1702 2366 9124 1701 2366 9125 1698 2367 9126 1703 2367 9127 1702 2367 9128 1698 2368 9129 1654 2368 9130 1655 2368 9131 1635 2369 9132 1699 2369 9133 1704 2369 9134 1700 2370 9135 1705 2370 9136 1704 2370 9137 1701 2371 9138 1706 2371 9139 1705 2371 9140 1702 2372 9141 1707 2372 9142 1706 2372 9143 1703 2373 9144 1708 2373 9145 1707 2373 9146 1655 2374 9147 1656 2374 9148 1708 2374 9149 1704 2375 9150 1709 2375 9151 1637 2375 9152 1705 2376 9153 1710 2376 9154 1709 2376 9155 1706 2377 9156 1711 2377 9157 1710 2377 9158 1707 2378 9159 1712 2378 9160 1711 2378 9161 1708 2379 9162 1713 2379 9163 1712 2379 9164 1656 2380 9165 1657 2380 9166 1713 2380 9167 1709 2381 9168 1714 2381 9169 1638 2381 9170 1709 2382 9171 1710 2382 9172 1715 2382 9173 1711 2383 9174 1716 2383 9175 1715 2383 9176 1712 2384 9177 1717 2384 9178 1716 2384 9179 1713 2385 9180 1718 2385 9181 1717 2385 9182 1657 2386 9183 1658 2386 9184 1718 2386 9185 1714 2387 9186 1719 2387 9187 1639 2387 9188 1714 2388 9189 1715 2388 9190 1720 2388 9191 1716 2389 9192 1721 2389 9193 1720 2389 9194 1716 2390 9195 1717 2390 9196 1722 2390 9197 1718 2391 9198 1723 2391 9199 1722 2391 9200 1658 2392 9201 1659 2392 9202 1723 2392 9203 1639 2393 9204 1719 2393 9205 1724 2393 9206 1720 2394 9207 1725 2394 9208 1724 2394 9209 1721 2395 9210 1726 2395 9211 1725 2395 9212 1721 2396 9213 1722 2396 9214 1727 2396 9215 1723 2397 9216 1728 2397 9217 1727 2397 9218 1659 2398 9219 1660 2398 9220 1728 2398 9221 1724 2399 9222 1729 2399 9223 1641 2399 9224 1725 2400 9225 1730 2400 9226 1729 2400 9227 1726 2401 9228 1731 2401 9229 1730 2401 9230 1726 2402 9231 1727 2402 9232 1732 2402 9233 1728 2403 9234 1733 2403 9235 1732 2403 9236 1660 2404 9237 1661 2404 9238 1733 2404 9239 1729 2405 9240 1734 2405 9241 1642 2405 9242 1730 2406 9243 1735 2406 9244 1734 2406 9245 1731 2407 9246 1736 2407 9247 1735 2407 9248 1732 2408 9249 1737 2408 9250 1736 2408 9251 1733 2409 9252 1738 2409 9253 1737 2409 9254 1733 2410 9255 1661 2410 9256 1662 2410 9257 1734 2411 9258 1739 2411 9259 1643 2411 9260 1734 2412 9261 1735 2412 9262 1740 2412 9263 1735 2413 9264 1736 2413 9265 1741 2413 9266 1737 2414 9267 1742 2414 9268 1741 2414 9269 1738 2415 9270 1743 2415 9271 1742 2415 9272 1738 2416 9273 1662 2416 9274 1663 2416 9275 1643 2417 9276 1739 2417 9277 1744 2417 9278 1740 2418 9279 1745 2418 9280 1744 2418 9281 1741 2419 9282 1746 2419 9283 1745 2419 9284 1742 2420 9285 1747 2420 9286 1746 2420 9287 1743 2421 9288 1748 2421 9289 1747 2421 9290 1663 2422 9291 1664 2422 9292 1748 2422 9293 1744 2423 9294 1749 2423 9295 1645 2423 9296 1745 2424 9297 1750 2424 9298 1749 2424 9299 1746 2425 9300 1751 2425 9301 1750 2425 9302 1747 2426 9303 1752 2426 9304 1751 2426 9305 1748 2427 9306 1753 2427 9307 1752 2427 9308 1664 2428 9309 1665 2428 9310 1753 2428 9311 1645 2429 9312 1749 2429 9313 1754 2429 9314 1750 2430 9315 1755 2430 9316 1754 2430 9317 1751 2431 9318 1756 2431 9319 1755 2431 9320 1751 2432 9321 1752 2432 9322 1757 2432 9323 1753 2433 9324 1758 2433 9325 1757 2433 9326 1665 2434 9327 1666 2434 9328 1758 2434 9329 1646 2435 9330 1754 2435 9331 1759 2435 9332 1755 2436 9333 1760 2436 9334 1759 2436 9335 1756 2437 9336 1761 2437 9337 1760 2437 9338 1757 2438 9339 1762 2438 9340 1761 2438 9341 1758 2439 9342 1763 2439 9343 1762 2439 9344 1666 2440 9345 1667 2440 9346 1763 2440 9347 1759 2441 9348 1764 2441 9349 1648 2441 9350 1760 2442 9351 1765 2442 9352 1764 2442 9353 1761 2443 9354 1766 2443 9355 1765 2443 9356 1762 2444 9357 1767 2444 9358 1766 2444 9359 1762 2445 9360 1763 2445 9361 1768 2445 9362 1667 2446 9363 1668 2446 9364 1768 2446 9365 1648 2447 9366 1764 2447 9367 1674 2447 9368 1765 2448 9369 1675 2448 9370 1674 2448 9371 1766 2449 9372 1676 2449 9373 1675 2449 9374 1767 2450 9375 1677 2450 9376 1676 2450 9377 1768 2451 9378 1678 2451 9379 1677 2451 9380 1668 2452 9381 1649 2452 9382 1678 2452 9383 146 2453 9384 1642 2453 9385 1643 2453 9386 275 2454 9387 1641 2454 9388 1642 2454 9389 1640 2455 9390 1641 2455 9391 275 2455 9392 276 2456 9393 1637 2456 9394 1638 2456 9395 244 2457 9396 246 2457 9397 1630 2457 9398 161 2458 9399 244 2458 9400 1631 2458 9401 161 2459 9402 1632 2459 9403 1633 2459 9404 1635 2460 9405 1636 2460 9406 147 2460 9407 1636 2461 9408 1637 2461 9409 276 2461 9410 243 2462 9411 1647 2462 9412 1648 2462 9413 160 2463 9414 1646 2463 9415 1647 2463 9416 160 2464 9417 162 2464 9418 1645 2464 9419 1649 2465 9420 1668 2465 9421 1770 2465 9422 1668 2466 9423 1667 2466 9424 1771 2466 9425 1667 135 9426 1666 135 9427 1772 135 9428 1666 135 9429 1665 135 9430 1773 135 9431 1665 2467 9432 1664 2467 9433 1774 2467 9434 1664 1309 9435 1663 1309 9436 1775 1309 9437 1662 135 9438 1776 135 9439 1775 135 9440 1661 2468 9441 1777 2468 9442 1776 2468 9443 1661 135 9444 1660 135 9445 1778 135 9446 1660 2469 9447 1659 2469 9448 1779 2469 9449 1659 2470 9450 1658 2470 9451 1780 2470 9452 1658 2471 9453 1657 2471 9454 1781 2471 9455 1656 2472 9456 1782 2472 9457 1781 2472 9458 1655 135 9459 1783 135 9460 1782 135 9461 1655 2473 9462 1654 2473 9463 1784 2473 9464 1653 2474 9465 1785 2474 9466 1784 2474 9467 1652 135 9468 1786 135 9469 1785 135 9470 1652 135 9471 1651 135 9472 1787 135 9473 1650 135 9474 1788 135 9475 1787 135 9476 1649 2475 9477 1769 2475 9478 1788 2475 9479 256 2476 9480 1790 2476 9481 1791 2476 9482 257 2477 9483 1793 2477 9484 1792 2477 9485 254 2478 9486 1794 2478 9487 1790 2478 9488 255 2479 9489 1792 2479 9490 1795 2479 9491 252 2480 9492 1796 2480 9493 1794 2480 9494 253 2481 9495 1795 2481 9496 1797 2481 9497 250 2482 9498 1798 2482 9499 1796 2482 9500 251 2483 9501 1797 2483 9502 1799 2483 9503 248 2484 9504 1800 2484 9505 1798 2484 9506 249 2485 9507 1799 2485 9508 1801 2485 9509 259 2486 9510 1802 2486 9511 1800 2486 9512 247 2487 9513 1801 2487 9514 1802 2487 9515 1801 0 9516 1814 0 9517 1815 0 9518 1800 0 9519 1802 0 9520 1815 0 9521 1799 0 9522 1812 0 9523 1814 0 9524 1798 2488 9525 1800 2488 9526 1813 2488 9527 1797 0 9528 1810 0 9529 1812 0 9530 1796 0 9531 1798 0 9532 1811 0 9533 1795 0 9534 1808 0 9535 1810 0 9536 1794 0 9537 1796 0 9538 1809 0 9539 1792 0 9540 1806 0 9541 1808 0 9542 1790 2489 9543 1794 2489 9544 1807 2489 9545 1793 2490 9546 1805 2490 9547 1806 2490 9548 1791 2491 9549 1790 2491 9550 1804 2491 9551 1828 2492 9552 1813 2492 9553 1815 2492 9554 1827 2493 9555 1815 2493 9556 1814 2493 9557 1825 2494 9558 1811 2494 9559 1813 2494 9560 1826 2495 9561 1814 2495 9562 1812 2495 9563 1825 2496 9564 1823 2496 9565 1809 2496 9566 1824 2497 9567 1812 2497 9568 1810 2497 9569 1823 2498 9570 1821 2498 9571 1807 2498 9572 1822 2499 9573 1810 2499 9574 1808 2499 9575 1819 2500 9576 1804 2500 9577 1807 2500 9578 1820 2501 9579 1808 2501 9580 1806 2501 9581 1817 2502 9582 1803 2502 9583 1804 2502 9584 1816 2503 9585 1818 2503 9586 1806 2503 9587 1840 77 9588 1841 77 9589 1818 77 9590 1838 2504 9591 1817 2504 9592 1819 2504 9593 1841 77 9594 1837 77 9595 1820 77 9596 1839 1362 9597 1819 1362 9598 1821 1362 9599 1837 77 9600 1835 77 9601 1822 77 9602 1836 77 9603 1821 77 9604 1823 77 9605 1835 2505 9606 1833 2505 9607 1824 2505 9608 1834 77 9609 1823 77 9610 1825 77 9611 1833 2506 9612 1831 2506 9613 1826 2506 9614 1832 2507 9615 1825 2507 9616 1828 2507 9617 1831 2508 9618 1829 2508 9619 1827 2508 9620 1830 2509 9621 1828 2509 9622 1827 2509 9623 1845 1365 9624 1830 1365 9625 1829 1365 9626 224 2510 9627 1829 2510 9628 1831 2510 9629 1844 2511 9630 1832 2511 9631 1830 2511 9632 223 2512 9633 1831 2512 9634 1833 2512 9635 1844 2513 9636 221 2513 9637 1834 2513 9638 222 2514 9639 1833 2514 9640 1835 2514 9641 221 2515 9642 1843 2515 9643 1836 2515 9644 220 2516 9645 1835 2516 9646 1837 2516 9647 1842 2517 9648 1839 2517 9649 1836 2517 9650 219 2518 9651 1837 2518 9652 1841 2518 9653 217 2519 9654 1838 2519 9655 1839 2519 9656 218 2520 9657 1841 2520 9658 1840 2520 9659 214 2521 9660 212 2521 9661 194 2521 9662 194 2522 9663 212 2522 9664 210 2522 9665 210 34 9666 208 34 9667 198 34 9668 208 34 9669 206 34 9670 200 34 9671 206 34 9672 204 34 9673 202 34 9674 195 21 9675 213 21 9676 215 21 9677 195 2523 9678 197 2523 9679 211 2523 9680 199 21 9681 209 21 9682 211 21 9683 201 21 9684 207 21 9685 209 21 9686 203 21 9687 205 21 9688 207 21 9689 1850 135 9690 1853 135 9691 1852 135 9692 1850 2524 9693 1851 2524 9694 1847 2524 9695 1851 2525 9696 1852 2525 9697 1848 2525 9698 1848 34 9699 1852 34 9700 1853 34 9701 1849 2526 9702 1853 2526 9703 1850 2526 9704 1856 34 9705 1859 34 9706 1858 34 9707 1857 2527 9708 1856 2527 9709 1854 2527 9710 1860 34 9711 1857 34 9712 1855 34 9713 1867 135 9714 1858 135 9715 1859 135 9716 1869 135 9717 1866 135 9718 1867 135 9719 1863 0 9720 1870 0 9721 1872 0 9722 1870 2528 9723 1871 2528 9724 1873 2528 9725 1871 0 9726 1866 0 9727 1869 0 9728 1876 77 9729 1881 77 9730 1878 77 9731 1877 2529 9732 1876 2529 9733 1874 2529 9734 1884 77 9735 1877 77 9736 1875 77 9737 1878 135 9738 1881 135 9739 1880 135 9740 1048 77 9741 1888 77 9742 1887 77 9743 1049 21 9744 1887 21 9745 1886 21 9746 1050 1391 9747 1886 1391 9748 1889 1391 9749 1047 34 9750 1889 34 9751 1888 34 9752 1038 0 9753 1890 0 9754 1891 0 9755 1035 21 9756 1893 21 9757 1890 21 9758 1036 77 9759 1892 77 9760 1893 77 9761 1037 34 9762 1891 34 9763 1892 34 9764 1032 77 9765 1896 77 9766 1895 77 9767 1033 21 9768 1895 21 9769 1894 21 9770 1034 2530 9771 1894 2530 9772 1897 2530 9773 1031 34 9774 1897 34 9775 1896 34 9776 1022 34 9777 1898 34 9778 1899 34 9779 1019 2530 9780 1901 2530 9781 1898 2530 9782 1020 21 9783 1900 21 9784 1901 21 9785 1021 77 9786 1899 77 9787 1900 77 9788 1905 327 9789 1902 327 9790 1903 327 9791 1909 135 9792 1908 135 9793 1907 135 9794 1906 21 9795 1907 21 9796 1903 21 9797 1907 77 9798 1908 77 9799 1904 77 9800 1908 34 9801 1909 34 9802 1905 34 9803 1909 0 9804 1906 0 9805 1902 0 9806 1910 77 9807 1913 77 9808 1917 77 9809 1911 2531 9810 1910 2531 9811 1914 2531 9812 1916 0 9813 1912 0 9814 1911 0 9815 1913 2532 9816 1912 2532 9817 1916 2532 9818 1910 2533 9819 1911 2533 9820 1912 2533 9821 1914 1411 9822 1917 1411 9823 1916 1411 9824 1921 2534 9825 1918 2534 9826 1919 2534 9827 1925 1413 9828 1924 1413 9829 1923 1413 9830 1922 2535 9831 1923 2535 9832 1919 2535 9833 1919 0 9834 1923 0 9835 1924 0 9836 1924 1415 9837 1925 1415 9838 1921 1415 9839 1925 2536 9840 1922 2536 9841 1918 2536 9842 1926 135 9843 1929 135 9844 1933 135 9845 1927 2537 9846 1926 2537 9847 1930 2537 9848 1928 327 9849 1927 327 9850 1931 327 9851 1929 2538 9852 1928 2538 9853 1932 2538 9854 1926 0 9855 1927 0 9856 1928 0 9857 1930 77 9858 1933 77 9859 1932 77 9860 1941 2539 9861 1937 2539 9862 1934 2539 9863 1938 2540 9864 1934 2540 9865 1935 2540 9866 1940 2541 9867 1939 2541 9868 1935 2541 9869 1940 2542 9870 1936 2542 9871 1937 2542 9872 1936 2543 9873 1935 2543 9874 1934 2543 9875 1939 2544 9876 1940 2544 9877 1941 2544 9878 1943 2545 9879 1942 2545 9880 1945 2545 9881 1947 2546 9882 1948 2546 9883 1949 2546 9884 1943 1426 9885 1947 1426 9886 1946 1426 9887 1943 77 9888 1944 77 9889 1948 77 9890 1945 2547 9891 1949 2547 9892 1948 2547 9893 1942 2548 9894 1946 2548 9895 1949 2548 9896 1953 327 9897 1950 327 9898 1951 327 9899 1954 21 9900 1955 21 9901 1951 21 9902 1955 77 9903 1962 77 9904 1952 77 9905 1962 34 9906 1956 34 9907 1953 34 9908 1956 0 9909 1954 0 9910 1950 0 9911 1956 2549 9912 1961 2549 9913 1957 2549 9914 1954 21 9915 1957 21 9916 1959 21 9917 1955 1434 9918 1959 1434 9919 1960 1434 9920 1962 34 9921 1960 34 9922 1961 34 9923 1969 2550 9924 1963 2550 9925 1965 2550 9926 1963 2551 9927 1970 2551 9928 1966 2551 9929 1970 2552 9930 1971 2552 9931 1968 2552 9932 1969 2553 9933 1964 2553 9934 1968 2553 9935 1972 2554 9936 1969 2554 9937 1971 2554 9938 1963 2555 9939 1969 2555 9940 1972 2555 9941 1970 2556 9942 1963 2556 9943 1973 2556 9944 1971 2557 9945 1970 2557 9946 1974 2557 9947 1972 2558 9948 1975 2558 9949 1974 2558 9950 1978 2559 9951 1979 2559 9952 1976 2559 9953 1976 2560 9954 1980 2560 9955 1981 2560 9956 1981 2561 9957 1988 2561 9958 1978 2561 9959 1978 2562 9960 1988 2562 9961 1982 2562 9962 1982 2563 9963 1980 2563 9964 1976 2563 9965 1982 2564 9966 1987 2564 9967 1983 2564 9968 1980 2565 9969 1983 2565 9970 1985 2565 9971 1988 2566 9972 1981 2566 9973 1985 2566 9974 1982 2567 9975 1988 2567 9976 1986 2567 9977 1992 2568 9978 1989 2568 9979 1990 2568 9980 1993 2569 9981 1994 2569 9982 1990 2569 9983 1994 2570 9984 2001 2570 9985 1991 2570 9986 2001 2571 9987 1995 2571 9988 1992 2571 9989 1992 2572 9990 1995 2572 9991 1993 2572 9992 1995 2573 9993 2000 2573 9994 1996 2573 9995 1993 2574 9996 1996 2574 9997 1998 2574 9998 2001 2575 9999 1994 2575 10000 1998 2575 10001 1995 2576 10002 2001 2576 10003 1999 2576 10004 2008 2577 10005 2002 2577 10006 2004 2577 10007 2009 2578 10008 2005 2578 10009 2004 2578 10010 2010 2579 10011 2007 2579 10012 2005 2579 10013 2010 2580 10014 2008 2580 10015 2003 2580 10016 2008 2581 10017 2010 2581 10018 2014 2581 10019 2012 2582 10020 2002 2582 10021 2008 2582 10022 2009 2583 10023 2002 2583 10024 2012 2583 10025 2014 2584 10026 2010 2584 10027 2009 2584 10028 2012 2585 10029 2011 2585 10030 2014 2585 10031 2017 2586 10032 2018 2586 10033 2015 2586 10034 2019 2587 10035 2020 2587 10036 2016 2587 10037 2016 2588 10038 2020 2588 10039 2027 2588 10040 2017 2589 10041 2027 2589 10042 2021 2589 10043 2021 2590 10044 2019 2590 10045 2015 2590 10046 2019 2591 10047 2021 2591 10048 2026 2591 10049 2019 2592 10050 2022 2592 10051 2024 2592 10052 2020 2593 10053 2024 2593 10054 2025 2593 10055 2027 2594 10056 2025 2594 10057 2026 2594 10058 2030 2595 10059 2031 2595 10060 2028 2595 10061 2028 2596 10062 2032 2596 10063 2033 2596 10064 2029 2597 10065 2033 2597 10066 2040 2597 10067 2030 2598 10068 2040 2598 10069 2034 2598 10070 2034 2599 10071 2032 2599 10072 2028 2599 10073 2032 2600 10074 2034 2600 10075 2039 2600 10076 2032 2601 10077 2035 2601 10078 2037 2601 10079 2033 2602 10080 2037 2602 10081 2038 2602 10082 2034 2603 10083 2040 2603 10084 2038 2603 10085 2047 2604 10086 2041 2604 10087 2043 2604 10088 2041 2605 10089 2048 2605 10090 2044 2605 10091 2049 2606 10092 2046 2606 10093 2044 2606 10094 2047 2607 10095 2042 2607 10096 2046 2607 10097 2050 2608 10098 2047 2608 10099 2049 2608 10100 2041 2609 10101 2047 2609 10102 2050 2609 10103 2048 2610 10104 2041 2610 10105 2051 2610 10106 2049 2611 10107 2048 2611 10108 2052 2611 10109 2050 2612 10110 2053 2612 10111 2052 2612 10112 2057 2613 10113 2054 2613 10114 2055 2613 10115 2054 2614 10116 2058 2614 10117 2059 2614 10118 2059 2615 10119 2066 2615 10120 2056 2615 10121 2066 2616 10122 2060 2616 10123 2057 2616 10124 2060 2617 10125 2058 2617 10126 2054 2617 10127 2058 2618 10128 2060 2618 10129 2065 2618 10130 2059 2619 10131 2058 2619 10132 2061 2619 10133 2059 2620 10134 2063 2620 10135 2064 2620 10136 2060 2621 10137 2066 2621 10138 2064 2621 10139 2073 2622 10140 2067 2622 10141 2069 2622 10142 2074 2623 10143 2070 2623 10144 2069 2623 10145 2074 2624 10146 2075 2624 10147 2072 2624 10148 2073 2625 10149 2068 2625 10150 2072 2625 10151 2076 2626 10152 2073 2626 10153 2075 2626 10154 2067 2627 10155 2073 2627 10156 2076 2627 10157 2074 2628 10158 2067 2628 10159 2077 2628 10160 2075 2629 10161 2074 2629 10162 2078 2629 10163 2077 2630 10164 2076 2630 10165 2079 2630 10166 2083 2631 10167 2080 2631 10168 2081 2631 10169 2087 2632 10170 2086 2632 10171 2085 2632 10172 2080 2633 10173 2084 2633 10174 2085 2633 10175 2081 2634 10176 2085 2634 10177 2086 2634 10178 2082 2635 10179 2086 2635 10180 2087 2635 10181 2087 2636 10182 2084 2636 10183 2080 2636 10184 2088 2637 10185 2091 2637 10186 2095 2637 10187 2089 2638 10188 2088 2638 10189 2092 2638 10190 2094 2639 10191 2090 2639 10192 2089 2639 10193 2091 2640 10194 2090 2640 10195 2094 2640 10196 2091 2641 10197 2088 2641 10198 2089 2641 10199 2093 2642 10200 2092 2642 10201 2095 2642 10202 2099 2643 10203 2096 2643 10204 2097 2643 10205 2100 2644 10206 2103 2644 10207 2102 2644 10208 2096 2645 10209 2100 2645 10210 2101 2645 10211 2097 2646 10212 2101 2646 10213 2102 2646 10214 2102 2647 10215 2103 2647 10216 2099 2647 10217 2099 2648 10218 2103 2648 10219 2100 2648 10220 2104 2649 10221 2107 2649 10222 2111 2649 10223 2105 2650 10224 2104 2650 10225 2108 2650 10226 2110 2651 10227 2106 2651 10228 2105 2651 10229 2111 2652 10230 2107 2652 10231 2106 2652 10232 2107 2653 10233 2104 2653 10234 2105 2653 10235 2108 2654 10236 2111 2654 10237 2110 2654 10238 2119 0 10239 2112 0 10240 2113 0 10241 2118 21 10242 2119 21 10243 2115 21 10244 2120 34 10245 2121 34 10246 2117 34 10247 2121 0 10248 2118 0 10249 2114 0 10250 2120 2655 10251 2116 2655 10252 2150 2655 10253 2123 34 10254 2126 34 10255 2113 34 10256 2122 21 10257 2124 21 10258 2127 21 10259 2123 0 10260 2122 0 10261 2125 0 10262 2124 2656 10263 2137 2656 10264 2136 2656 10265 2131 34 10266 2138 34 10267 2139 34 10268 2132 21 10269 2133 21 10270 2130 21 10271 2133 77 10272 2131 77 10273 2128 77 10274 2132 0 10275 2129 0 10276 2134 0 10277 2136 21 10278 2137 21 10279 2135 21 10280 2138 77 10281 2140 77 10282 2141 77 10283 2143 21 10284 2147 21 10285 2141 21 10286 2142 34 10287 2145 34 10288 2149 34 10289 2143 77 10290 2142 77 10291 2146 77 10292 2145 0 10293 2144 0 10294 2148 0 10295 2144 34 10296 2151 34 10297 2150 34 10298 2156 2657 10299 2157 2657 10300 2153 2657 10301 2157 2658 10302 2158 2658 10303 2154 2658 10304 2158 2659 10305 2159 2659 10306 2155 2659 10307 2155 2660 10308 2159 2660 10309 2156 2660 10310 2160 2661 10311 2163 2661 10312 2167 2661 10313 2161 2662 10314 2160 2662 10315 2164 2662 10316 2162 2663 10317 2161 2663 10318 2165 2663 10319 2163 2664 10320 2162 2664 10321 2166 2664 10322 2172 2665 10323 2173 2665 10324 2169 2665 10325 2173 2666 10326 2174 2666 10327 2170 2666 10328 2170 2667 10329 2174 2667 10330 2175 2667 10331 2175 2668 10332 2172 2668 10333 2168 2668 10334 2176 2669 10335 2179 2669 10336 2183 2669 10337 2181 2670 10338 2177 2670 10339 2176 2670 10340 2178 2671 10341 2177 2671 10342 2181 2671 10343 2179 2672 10344 2178 2672 10345 2182 2672 10346 1494 0 10347 2185 0 10348 2184 0 10349 1112 21 10350 2186 21 10351 2187 21 10352 1135 34 10353 2188 34 10354 2189 34 10355 1136 77 10356 2189 77 10357 2190 77 10358 1133 34 10359 2191 34 10360 2192 34 10361 1119 0 10362 2193 0 10363 2191 0 10364 1113 77 10365 2190 77 10366 2194 77 10367 1110 77 10368 2194 77 10369 2186 77 10370 929 34 10371 2195 34 10372 2196 34 10373 2192 34 10374 2188 34 10375 1135 34 10376 942 34 10377 2198 34 10378 2197 34 10379 934 2673 10380 2197 2673 10381 939 2673 10382 935 2674 10383 936 2674 10384 938 2674 10385 2202 2675 10386 2205 2675 10387 2204 2675 10388 2204 2676 10389 2205 2676 10390 2201 2676 10391 2205 2677 10392 2202 2677 10393 2199 2677 10394 1093 34 10395 2208 34 10396 2206 34 10397 1093 2678 10398 933 2678 10399 2207 2678 10400 929 34 10401 2206 34 10402 2209 34 10403 2206 0 10404 2210 0 10405 2213 0 10406 2208 0 10407 2212 0 10408 2210 0 10409 2207 0 10410 2211 0 10411 2212 0 10412 1198 77 10413 2215 77 10414 2214 77 10415 2211 135 10416 2207 135 10417 2214 135 10418 2216 21 10419 2217 21 10420 2219 21 10421 2220 21 10422 2223 21 10423 2227 21 10424 2221 2679 10425 2220 2679 10426 2224 2679 10427 2226 34 10428 2222 34 10429 2221 34 10430 2223 2680 10431 2222 2680 10432 2226 2680 10433 2220 2681 10434 2221 2681 10435 2222 2681 10436 2224 1610 10437 2227 1610 10438 2226 1610 10439 2231 1611 10440 2228 1611 10441 2229 1611 10442 2235 2682 10443 2234 2682 10444 2233 2682 10445 2232 2683 10446 2233 2683 10447 2229 2683 10448 2229 2684 10449 2233 2684 10450 2234 2684 10451 2234 2685 10452 2235 2685 10453 2231 2685 10454 2235 2686 10455 2232 2686 10456 2228 2686 10457 2236 2687 10458 2239 2687 10459 2243 2687 10460 2237 2688 10461 2236 2688 10462 2240 2688 10463 2242 2689 10464 2238 2689 10465 2237 2689 10466 2239 2690 10467 2238 2690 10468 2242 2690 10469 2236 34 10470 2237 34 10471 2238 34 10472 2240 21 10473 2243 21 10474 2242 21 10475 2251 2691 10476 2247 2691 10477 2244 2691 10478 2248 2692 10479 2244 2692 10480 2245 2692 10481 2250 2693 10482 2249 2693 10483 2245 2693 10484 2250 2694 10485 2246 2694 10486 2247 2694 10487 2246 2695 10488 2245 2695 10489 2244 2695 10490 2249 2696 10491 2250 2696 10492 2251 2696 10493 2253 2697 10494 2252 2697 10495 2255 2697 10496 2257 2698 10497 2258 2698 10498 2259 2698 10499 2253 1627 10500 2257 1627 10501 2256 1627 10502 2253 21 10503 2254 21 10504 2258 21 10505 2255 2699 10506 2259 2699 10507 2258 2699 10508 2252 2700 10509 2256 2700 10510 2259 2700 10511 2266 2701 10512 2260 2701 10513 2262 2701 10514 2260 2702 10515 2267 2702 10516 2263 2702 10517 2267 2703 10518 2268 2703 10519 2265 2703 10520 2266 2704 10521 2261 2704 10522 2265 2704 10523 2269 2705 10524 2266 2705 10525 2268 2705 10526 2260 2706 10527 2266 2706 10528 2269 2706 10529 2267 2707 10530 2260 2707 10531 2270 2707 10532 2268 2708 10533 2267 2708 10534 2271 2708 10535 2269 2709 10536 2272 2709 10537 2271 2709 10538 2275 2710 10539 2276 2710 10540 2273 2710 10541 2273 2711 10542 2277 2711 10543 2278 2711 10544 2278 2712 10545 2285 2712 10546 2275 2712 10547 2275 2713 10548 2285 2713 10549 2279 2713 10550 2279 2714 10551 2277 2714 10552 2273 2714 10553 2279 2715 10554 2284 2715 10555 2280 2715 10556 2277 2716 10557 2280 2716 10558 2282 2716 10559 2285 2717 10560 2278 2717 10561 2282 2717 10562 2279 2718 10563 2285 2718 10564 2283 2718 10565 2289 2719 10566 2286 2719 10567 2287 2719 10568 2290 2720 10569 2291 2720 10570 2287 2720 10571 2291 2721 10572 2298 2721 10573 2288 2721 10574 2298 2722 10575 2292 2722 10576 2289 2722 10577 2289 2723 10578 2292 2723 10579 2290 2723 10580 2292 2724 10581 2297 2724 10582 2293 2724 10583 2290 2725 10584 2293 2725 10585 2295 2725 10586 2298 2726 10587 2291 2726 10588 2295 2726 10589 2292 2727 10590 2298 2727 10591 2296 2727 10592 2305 2728 10593 2299 2728 10594 2301 2728 10595 2306 2729 10596 2302 2729 10597 2301 2729 10598 2307 2730 10599 2304 2730 10600 2302 2730 10601 2307 2731 10602 2305 2731 10603 2300 2731 10604 2305 2732 10605 2307 2732 10606 2311 2732 10607 2309 2733 10608 2299 2733 10609 2305 2733 10610 2310 2734 10611 2306 2734 10612 2299 2734 10613 2311 2735 10614 2307 2735 10615 2306 2735 10616 2309 2736 10617 2308 2736 10618 2311 2736 10619 2314 2737 10620 2315 2737 10621 2312 2737 10622 2316 2738 10623 2317 2738 10624 2313 2738 10625 2313 2739 10626 2317 2739 10627 2324 2739 10628 2314 2740 10629 2324 2740 10630 2318 2740 10631 2318 2741 10632 2316 2741 10633 2312 2741 10634 2316 2742 10635 2318 2742 10636 2323 2742 10637 2316 2743 10638 2319 2743 10639 2321 2743 10640 2317 2744 10641 2321 2744 10642 2322 2744 10643 2324 2745 10644 2322 2745 10645 2323 2745 10646 2327 2746 10647 2328 2746 10648 2325 2746 10649 2325 2747 10650 2329 2747 10651 2330 2747 10652 2326 2748 10653 2330 2748 10654 2337 2748 10655 2327 2749 10656 2337 2749 10657 2331 2749 10658 2331 2750 10659 2329 2750 10660 2325 2750 10661 2329 2751 10662 2331 2751 10663 2336 2751 10664 2329 2752 10665 2332 2752 10666 2334 2752 10667 2330 2753 10668 2334 2753 10669 2335 2753 10670 2331 2754 10671 2337 2754 10672 2335 2754 10673 2344 2755 10674 2338 2755 10675 2340 2755 10676 2338 2756 10677 2345 2756 10678 2341 2756 10679 2346 2757 10680 2343 2757 10681 2341 2757 10682 2344 2758 10683 2339 2758 10684 2343 2758 10685 2347 2759 10686 2344 2759 10687 2346 2759 10688 2338 2760 10689 2344 2760 10690 2347 2760 10691 2345 2761 10692 2338 2761 10693 2348 2761 10694 2346 2762 10695 2345 2762 10696 2349 2762 10697 2347 2763 10698 2350 2763 10699 2349 2763 10700 2352 34 10701 2351 34 10702 2354 34 10703 2355 2764 10704 2356 2764 10705 2358 2764 10706 2362 77 10707 2360 77 10708 2359 77 10709 2363 77 10710 2364 77 10711 2356 77 10712 2365 2765 10713 2368 2765 10714 2367 2765 10715 2372 77 10716 2371 77 10717 2369 77 10718</p>
        </triangles>
      </mesh>
    </geometry>
  </library_geometries>
  <library_visual_scenes>
    <visual_scene id="Scene" name="Scene">
      <node id="Cylinder_002" name="Cylinder.002" type="NODE">
        <matrix sid="transform">1 0 0 0 0 1 0 0 0 0 1 0 0 0 0 1</matrix>
        <instance_geometry url="#Cylinder_005-mesh" name="Cylinder.002">
          <bind_material>
            <technique_common>
              <instance_material symbol="Material_008-material" target="#Material_008-material">
                <bind_vertex_input semantic="Cylinder_005-mesh-map-0" input_semantic="TEXCOORD" input_set="0"/>
                <bind_vertex_input semantic="Cylinder_005-mesh-map-1" input_semantic="TEXCOORD" input_set="1"/>
              </instance_material>
            </technique_common>
          </bind_material>
        </instance_geometry>
        <node id="prop_projectile" name="prop_projectile" type="NODE">
          <matrix sid="transform">1 0 0 3.038937 0 1 0 2.374129 0 0 1 9.109817 0 0 0 1</matrix>
        </node>
        <node id="prop_garrisoned" name="prop_garrisoned" type="NODE">
          <matrix sid="transform">1 0 0 1.657537 0 1 0 1.170946 0 0 1 10.65511 0 0 0 1</matrix>
        </node>
        <node id="prop_helmetd" name="prop_helmetd" type="NODE">
          <matrix sid="transform">0.4639174 0.8858784 0 7.99915 -0.8858784 0.4639174 0 -3.355109 0 0 1 5.439321 0 0 0 1</matrix>
        </node>
        <node id="prop_helmetc" name="prop_helmetc" type="NODE">
          <matrix sid="transform">0.9992462 0.03881879 0 4.738516 -0.03881879 0.9992462 0 -6.974966 0 0 1 5.439321 0 0 0 1</matrix>
        </node>
        <node id="prop_helmetb" name="prop_helmetb" type="NODE">
          <matrix sid="transform">0.9992462 0.03881879 0 -4.446707 -0.03881879 0.9992462 0 3.636123 0 0 1 1.08583 0 0 0 1</matrix>
        </node>
        <node id="prop_helmeta" name="prop_helmeta" type="NODE">
          <matrix sid="transform">0.9659258 -0.2588188 0 -3.593836 0.2588188 0.9659258 0 3.649449 0 0 1 1.08583 0 0 0 1</matrix>
        </node>
        <node id="prop_shieldb" name="prop_shieldb" type="NODE">
          <matrix sid="transform">0.4341545 -0.8947542 -0.1045215 9.359942 0.9008384 0.4312222 0.05037368 7.34008 -6.22681e-8 -0.116027 0.9932461 1.029738 0 0 0 1</matrix>
        </node>
        <node id="prop_shieldc" name="prop_shieldc" type="NODE">
          <matrix sid="transform">1 0 0 -0.9569872 0 0.9932461 0.116027 -9.287153 0 -0.116027 0.9932461 1.170486 0 0 0 1</matrix>
        </node>
        <node id="prop_shielda" name="prop_shielda" type="NODE">
          <matrix sid="transform">-1 -1.50996e-7 0 5.157315 1.50996e-7 -1 0 8.86391 0 0 1 4.217517 0 0 0 1</matrix>
        </node>
        <node id="prop_fire" name="prop_fire" type="NODE">
          <matrix sid="transform">1 0 0 -6.18688 0 1 0 6.18336 0 0 1 1.465359 0 0 0 1</matrix>
        </node>
        <node id="prop_smoke" name="prop_smoke" type="NODE">
          <matrix sid="transform">1 0 0 -6.238535 0 1 0 6.241064 0 0 1 9.835808 0 0 0 1</matrix>
        </node>
      </node>
    </visual_scene>
  </library_visual_scenes>
  <scene>
    <instance_visual_scene url="#Scene"/>
  </scene>
</COLLADA>