<?xml version="1.0" encoding="utf-8"?>
<COLLADA xmlns="http://www.collada.org/2005/11/COLLADASchema" version="1.4.1" xmlns:xsi="http://www.w3.org/2001/XMLSchema-instance">
  <asset>
    <contributor>
      <author>Blender User</author>
      <authoring_tool>Blender 2.80.75 commit date:2019-07-29, commit time:14:47, hash:f6cb5f54494e</authoring_tool>
    </contributor>
    <created>2026-04-12T17:20:25</created>
    <modified>2026-04-12T17:20:25</modified>
    <unit name="centimeter" meter="0.01"/>
    <up_axis>Z_UP</up_axis>
  </asset>
  <library_effects/>
  <library_images/>
  <library_geometries>
    <geometry id="Cube-mesh" name="Cube">
      <mesh>
        <source id="Cube-mesh-positions">
          <float_array id="Cube-mesh-positions-array" count="1248">-14.01872 -11.32481 1.665062 -14.17883 -13.79751 2.769297 -14.24108 -11.76833 2.662981 -14.45253 -13.48687 1.470255 -14.45253 -12.91402 1.361068 -14.35848 -12.20876 1.361068 -14.12817 -13.37426 2.941356 -14.19418 -12.91402 2.921959 -14.21039 -12.20876 2.961836 -14.38293 -14.05971 2.214654 -14.01872 -11.32481 2.214654 -14.45253 -13.48687 2.214654 -14.45253 -12.91402 2.214654 -14.54142 -12.20876 2.214654 -13.60629 -15.50569 0.8060171 -14.00112 -15.33485 2.966223 -13.88651 -13.4597 3.093303 -13.83981 -12.91402 3.239731 -13.79925 -12.21159 3.278214 -14.10736 -15.44246 2.072851 -13.68179 -11.19198 1.665062 -13.79309 -11.61159 3.116999 -13.68179 -11.19198 2.214654 -13.98317 -14.08932 0.8251871 -14.02476 -13.36133 0.7203196 -12.67436 -11.32481 1.665062 -12.51425 -13.79751 2.769297 -13.99529 -12.89463 0.7203196 -13.66289 -15.02089 0.2235753 -12.45199 -11.76833 2.662981 -12.24055 -13.48687 1.470255 -12.24055 -12.91402 1.361068 -12.3346 -12.20876 1.361068 -13.60618 -11.31611 1.170103 -13.93566 -13.80793 3.257357 -14.29329 -14.92569 0.259585 -12.56491 -13.37426 2.941356 -12.4989 -12.91402 2.921959 -12.48269 -12.20876 2.961836 -14.39994 -14.89471 1.860395 -14.14669 -15.59286 0.4434952 -13.58429 -15.59245 0.444135 -12.31015 -14.05971 2.214654 -14.14669 -15.59268 -0.1236772 -13.5843 -15.59268 -0.0351808 -12.67436 -11.32481 2.214654 -12.24055 -13.48687 2.214654 -12.24055 -12.91402 2.214654 -12.15166 -12.20876 2.214654 -13.87567 -14.99402 4.822875 -13.87567 -14.59428 5.062988 -13.83332 -13.19483 3.214467 -14.02109 -15.3236 1.852032 -13.89137 -15.64667 0.5272213 -13.89137 -15.64903 -0.1872135 -14.03937 -15.0983 3.845399 -13.87567 -14.18424 4.444959 -14.40297 -11.76833 2.214654 -14.40297 -11.76834 1.665062 -14.27788 -11.76834 1.170103 -13.54967 -11.76834 0.8675484 -14.1612 -14.76628 2.88554 -14.20044 -14.76628 3.087158 -14.1003 -14.76628 3.941565 -13.86562 -15.41728 3.755446 -13.70191 -15.22018 4.762348 -13.88545 -15.03565 4.422091 -13.93348 -14.76628 4.526471 -13.78898 -15.33639 4.310109 -13.70969 -15.74692 3.791423 -13.68128 -15.74687 4.182479 -13.08678 -15.50569 0.8060171 -12.69196 -15.33485 2.966223 -12.80657 -13.4597 3.093303 -12.85327 -12.91402 3.239731 -12.89383 -12.21159 3.278214 -12.58572 -15.44246 2.072851 -13.01129 -11.19198 1.665062 -12.89999 -11.61159 3.116999 -13.01129 -11.19198 2.214654 -12.70991 -14.08932 0.8251871 -12.66832 -13.36133 0.7203196 -12.69779 -12.89463 0.7203196 -13.03018 -15.02089 0.2235753 -13.0869 -11.31611 1.170103 -12.75742 -13.80793 3.257357 -12.39979 -14.92569 0.259585 -12.29314 -14.89471 1.860395 -12.54639 -15.59286 0.4434952 -13.10879 -15.59245 0.444135 -12.54639 -15.59268 -0.1236772 -13.10879 -15.59268 -0.0351808 -12.81741 -14.99402 4.822875 -12.81741 -14.59428 5.062988 -12.85976 -13.19483 3.214467 -12.67199 -15.3236 1.852032 -12.80171 -15.64667 0.5272213 -12.80171 -15.64903 -0.1872135 -12.65371 -15.0983 3.845399 -12.81741 -14.18424 4.444959 -12.29011 -11.76833 2.214654 -12.29011 -11.76834 1.665062 -12.4152 -11.76834 1.170103 -13.1434 -11.76834 0.8675484 -12.53188 -14.76628 2.88554 -12.49264 -14.76628 3.087158 -12.59278 -14.76628 3.941565 -12.82746 -15.41728 3.755446 -12.99117 -15.22018 4.762348 -12.80763 -15.03565 4.422091 -12.7596 -14.76628 4.526471 -12.9041 -15.33639 4.310109 -12.98339 -15.74692 3.791423 -13.0118 -15.74687 4.182479 -13.34654 -14.67524 4.914966 -13.34654 -14.99402 4.907116 -13.34654 -15.64461 2.174328 -13.34654 -15.54499 2.893236 -13.34654 -13.70369 3.281491 -13.34654 -13.25636 3.405053 -13.34654 -13.99754 4.444959 -13.34654 -12.91402 3.435136 -13.34654 -14.89892 0.02461373 -13.34654 -13.4521 3.332275 -13.34654 -11.00964 1.665062 -13.34654 -15.43437 3.318481 -13.34654 -11.13404 0.903757 -13.34654 -15.49854 1.586004 -13.34654 -12.20876 3.435075 -13.34654 -11.76833 0.7359753 -13.34654 -11.00472 2.214654 -13.34654 -15.35266 4.762348 -13.34654 -15.58197 3.335288 -13.34654 -15.51811 4.401985 -13.34654 -15.89327 3.728159 -13.34654 -15.89062 4.190135 -13.34654 -15.58324 3.335384 -13.34654 -11.55965 3.122465 -12.43327 -12.07924 1.149656 -13.05694 -15.28188 0.1838141 -12.42379 -15.19141 0.1908431 -13.05694 -15.25932 -0.2986122 -12.39537 -15.25932 -0.2986552 -12.69571 -15.25729 -0.375801 -12.36205 -14.90291 -0.2561849 -12.67291 -14.90186 -0.3410241 -13.00184 -14.90291 -0.2561404 -12.49361 -11.49742 1.480282 -12.69476 -11.22962 1.297622 -13.23684 -11.08683 1.297622 -13.25975 -11.20885 0.6930132 -12.77669 -11.187 0.7117752 -12.49835 -11.81331 0.9138552 -12.55106 -11.57534 0.6742512 -12.37897 -12.70841 1.170103 -12.8236 -12.7074 1.170103 -12.37031 -12.85914 0.9639323 -12.8236 -12.85856 0.9628478 -12.45706 -12.95205 0.6734459 -12.8236 -12.95147 0.6734278 -12.64033 -12.95176 0.6734368 -12.59695 -12.85885 0.9633905 -12.54404 -12.70791 1.170103 -12.90541 -11.39209 0.6836323 -13.23684 -11.28666 1.297622 -13.25975 -11.40867 0.6930132 -12.39885 -14.92253 0.1764942 -12.40526 -14.99053 0.1783502 -12.36205 -14.92669 0.2739596 -12.39537 -15.2823 0.1819628 -12.32463 -13.98657 1.402191 -12.36846 -14.99067 0.163827 -12.36205 -14.92167 0.1619441 -14.25981 -12.07924 1.149656 -13.63614 -15.28188 0.1838141 -14.26929 -15.19141 0.1908431 -13.63614 -15.25932 -0.2986122 -14.29771 -15.25932 -0.2986552 -13.99737 -15.25729 -0.375801 -14.33103 -14.90291 -0.2561849 -14.02017 -14.90186 -0.3410241 -13.69124 -14.90291 -0.2561404 -14.19947 -11.49742 1.480282 -13.99832 -11.22962 1.297622 -13.45624 -11.08683 1.297622 -13.43333 -11.20885 0.6930132 -13.91639 -11.187 0.7117752 -14.19473 -11.81331 0.9138552 -14.14202 -11.57534 0.6742512 -14.31411 -12.70841 1.170103 -13.86948 -12.7074 1.170103 -14.32277 -12.85914 0.9639323 -13.86948 -12.85856 0.9628478 -14.23602 -12.95205 0.6734459 -13.86948 -12.95147 0.6734278 -14.05275 -12.95176 0.6734368 -14.09612 -12.85885 0.9633905 -14.14904 -12.70791 1.170103 -13.78767 -11.39209 0.6836323 -13.45624 -11.28666 1.297622 -13.43333 -11.40867 0.6930132 -14.29423 -14.92253 0.1764942 -14.28782 -14.99053 0.1783502 -14.33103 -14.92669 0.2739596 -14.29771 -15.2823 0.1819628 -14.36845 -13.98657 1.402191 -14.32462 -14.99067 0.163827 -14.33103 -14.92167 0.1619441 14.01872 -11.32481 1.665062 14.17883 -13.79751 2.769297 14.24108 -11.76833 2.662981 14.45253 -13.48687 1.470255 14.45253 -12.91402 1.361068 14.35848 -12.20876 1.361068 14.12817 -13.37426 2.941356 14.19418 -12.91402 2.921959 14.21039 -12.20876 2.961836 14.38293 -14.05971 2.214654 14.01872 -11.32481 2.214654 14.45253 -13.48687 2.214654 14.45253 -12.91402 2.214654 14.54142 -12.20876 2.214654 13.60629 -15.50569 0.8060171 14.00112 -15.33485 2.966223 13.88651 -13.4597 3.093303 13.83981 -12.91402 3.239731 13.79925 -12.21159 3.278214 14.10736 -15.44246 2.072851 13.68179 -11.19198 1.665062 13.79309 -11.61159 3.116999 13.68179 -11.19198 2.214654 13.98317 -14.08932 0.8251871 14.02476 -13.36133 0.7203196 12.67436 -11.32481 1.665062 12.51425 -13.79751 2.769297 13.99529 -12.89463 0.7203196 13.66289 -15.02089 0.2235753 12.45199 -11.76833 2.662981 12.24055 -13.48687 1.470255 12.24055 -12.91402 1.361068 12.3346 -12.20876 1.361068 13.60618 -11.31611 1.170103 13.93566 -13.80793 3.257357 14.29329 -14.92569 0.259585 12.56491 -13.37426 2.941356 12.4989 -12.91402 2.921959 12.48269 -12.20876 2.961836 14.39994 -14.89471 1.860395 14.14669 -15.59286 0.4434952 13.58429 -15.59245 0.444135 12.31015 -14.05971 2.214654 14.14669 -15.59268 -0.1236772 13.5843 -15.59268 -0.0351808 12.67436 -11.32481 2.214654 12.24055 -13.48687 2.214654 12.24055 -12.91402 2.214654 12.15166 -12.20876 2.214654 13.87567 -14.99402 4.822875 13.87567 -14.59428 5.062988 13.83332 -13.19483 3.214467 14.02109 -15.3236 1.852032 13.89137 -15.64667 0.5272213 13.89137 -15.64903 -0.1872135 14.03937 -15.0983 3.845399 13.87567 -14.18424 4.444959 14.40297 -11.76833 2.214654 14.40297 -11.76834 1.665062 14.27788 -11.76834 1.170103 13.54967 -11.76834 0.8675484 14.1612 -14.76628 2.88554 14.20044 -14.76628 3.087158 14.1003 -14.76628 3.941565 13.86562 -15.41728 3.755446 13.70191 -15.22018 4.762348 13.88545 -15.03565 4.422091 13.93348 -14.76628 4.526471 13.78898 -15.33639 4.310109 13.70969 -15.74692 3.791423 13.68128 -15.74687 4.182479 13.08678 -15.50569 0.8060171 12.69196 -15.33485 2.966223 12.80657 -13.4597 3.093303 12.85327 -12.91402 3.239731 12.89383 -12.21159 3.278214 12.58572 -15.44246 2.072851 13.01129 -11.19198 1.665062 12.89999 -11.61159 3.116999 13.01129 -11.19198 2.214654 12.70991 -14.08932 0.8251871 12.66832 -13.36133 0.7203196 12.69779 -12.89463 0.7203196 13.03018 -15.02089 0.2235753 13.0869 -11.31611 1.170103 12.75742 -13.80793 3.257357 12.39979 -14.92569 0.259585 12.29314 -14.89471 1.860395 12.54639 -15.59286 0.4434952 13.10879 -15.59245 0.444135 12.54639 -15.59268 -0.1236772 13.10879 -15.59268 -0.0351808 12.81741 -14.99402 4.822875 12.81741 -14.59428 5.062988 12.85976 -13.19483 3.214467 12.67199 -15.3236 1.852032 12.80171 -15.64667 0.5272213 12.80171 -15.64903 -0.1872135 12.65371 -15.0983 3.845399 12.81741 -14.18424 4.444959 12.29011 -11.76833 2.214654 12.29011 -11.76834 1.665062 12.4152 -11.76834 1.170103 13.1434 -11.76834 0.8675484 12.53188 -14.76628 2.88554 12.49264 -14.76628 3.087158 12.59278 -14.76628 3.941565 12.82746 -15.41728 3.755446 12.99117 -15.22018 4.762348 12.80763 -15.03565 4.422091 12.7596 -14.76628 4.526471 12.9041 -15.33639 4.310109 12.98339 -15.74692 3.791423 13.0118 -15.74687 4.182479 13.34654 -14.67524 4.914966 13.34654 -14.99402 4.907116 13.34654 -15.64461 2.174328 13.34654 -15.54499 2.893236 13.34654 -13.70369 3.281491 13.34654 -13.25636 3.405053 13.34654 -13.99754 4.444959 13.34654 -12.91402 3.435136 13.34654 -14.89892 0.02461373 13.34654 -13.4521 3.332275 13.34654 -11.00964 1.665062 13.34654 -15.43437 3.318481 13.34654 -11.13404 0.903757 13.34654 -15.49854 1.586004 13.34654 -12.20876 3.435075 13.34654 -11.76833 0.7359753 13.34654 -11.00472 2.214654 13.34654 -15.35266 4.762348 13.34654 -15.58197 3.335288 13.34654 -15.51811 4.401985 13.34654 -15.89327 3.728159 13.34654 -15.89062 4.190135 13.34654 -15.58324 3.335384 13.34654 -11.55965 3.122465 12.43327 -12.07924 1.149656 13.05694 -15.28188 0.1838141 12.42379 -15.19141 0.1908431 13.05694 -15.25932 -0.2986122 12.39537 -15.25932 -0.2986552 12.69571 -15.25729 -0.375801 12.36205 -14.90291 -0.2561849 12.67291 -14.90186 -0.3410241 13.00184 -14.90291 -0.2561404 12.49361 -11.49742 1.480282 12.69476 -11.22962 1.297622 13.23684 -11.08683 1.297622 13.25975 -11.20885 0.6930132 12.77669 -11.187 0.7117752 12.49835 -11.81331 0.9138552 12.55106 -11.57534 0.6742512 12.37897 -12.70841 1.170103 12.8236 -12.7074 1.170103 12.37031 -12.85914 0.9639323 12.8236 -12.85856 0.9628478 12.45706 -12.95205 0.6734459 12.8236 -12.95147 0.6734278 12.64033 -12.95176 0.6734368 12.59695 -12.85885 0.9633905 12.54404 -12.70791 1.170103 12.90541 -11.39209 0.6836323 13.23684 -11.28666 1.297622 13.25975 -11.40867 0.6930132 12.39885 -14.92253 0.1764942 12.40526 -14.99053 0.1783502 12.36205 -14.92669 0.2739596 12.39537 -15.2823 0.1819628 12.32463 -13.98657 1.402191 12.36846 -14.99067 0.163827 12.36205 -14.92167 0.1619441 14.25981 -12.07924 1.149656 13.63614 -15.28188 0.1838141 14.26929 -15.19141 0.1908431 13.63614 -15.25932 -0.2986122 14.29771 -15.25932 -0.2986552 13.99737 -15.25729 -0.375801 14.33103 -14.90291 -0.2561849 14.02017 -14.90186 -0.3410241 13.69124 -14.90291 -0.2561404 14.19947 -11.49742 1.480282 13.99832 -11.22962 1.297622 13.45624 -11.08683 1.297622 13.43333 -11.20885 0.6930132 13.91639 -11.187 0.7117752 14.19473 -11.81331 0.9138552 14.14202 -11.57534 0.6742512 14.31411 -12.70841 1.170103 13.86948 -12.7074 1.170103 14.32277 -12.85914 0.9639323 13.86948 -12.85856 0.9628478 14.23602 -12.95205 0.6734459 13.86948 -12.95147 0.6734278 14.05275 -12.95176 0.6734368 14.09612 -12.85885 0.9633905 14.14904 -12.70791 1.170103 13.78767 -11.39209 0.6836323 13.45624 -11.28666 1.297622 13.43333 -11.40867 0.6930132 14.29423 -14.92253 0.1764942 14.28782 -14.99053 0.1783502 14.33103 -14.92669 0.2739596 14.29771 -15.2823 0.1819628 14.36845 -13.98657 1.402191 14.32462 -14.99067 0.163827 14.33103 -14.92167 0.1619441</float_array>
          <technique_common>
            <accessor source="#Cube-mesh-positions-array" count="416" stride="3">
              <param name="X" type="float"/>
              <param name="Y" type="float"/>
              <param name="Z" type="float"/>
            </accessor>
          </technique_common>
        </source>
        <source id="Cube-mesh-normals">
          <float_array id="Cube-mesh-normals-array" count="762">0.6751524 -0.7211757 0.1551611 0.9855798 -0.1689225 -0.009888112 0.995815 -0.09125274 0.005035638 -0.9793632 -0.0939688 0.1789344 -0.9772626 -0.05630832 0.2044191 -0.967869 -0.08056926 -0.2381982 0.9032178 0.02151608 0.4286431 0.76517 -0.1368467 0.6291167 0.5446464 -0.03497505 0.8379363 0.5597264 0.8106876 0.1717328 0.3988513 0.8911514 0.2162568 0.4143983 0.5919933 0.6912438 -0.3988513 0.8911514 0.2162568 0 0.7173021 0.6967625 0 0.9690413 0.2468992 -0.9819044 -0.007843255 0.1892151 -0.9145008 -0.3441318 0.2127477 -0.9853538 -0.05017411 0.1629743 -0.995815 -0.09125274 0.005035638 -0.6751524 -0.7211757 0.1551611 -0.8975774 -0.4282185 0.1048038 -0.9627172 -0.006683588 -0.2704275 -0.4830504 -0.06827038 -0.8729271 0.8975774 -0.4282185 0.1048038 0.9145008 -0.3441318 0.2127477 0.7704305 -0.5140375 0.3770971 -0.9032178 0.02151608 0.4286431 -0.9512341 0.2205039 -0.2157123 -0.6614143 0.250594 -0.7069185 -0.9700434 0.0102238 -0.2427168 0.6565079 0.6124986 0.4402762 0 0.8284979 0.5599923 0 0.2639256 0.9645432 0.9232283 0.3632974 -0.1251581 0.8130671 0.5804788 -0.04434466 0.5659425 0.8213247 0.07165837 -0.4143983 0.5919933 0.6912438 0 -0.9950049 -0.09982705 -0.52975 -0.8480639 -0.01236021 0.7473497 -0.6555181 -0.1084645 -0.9232283 0.3632974 -0.1251581 -0.5659425 0.8213247 0.07165837 -0.8130671 0.5804788 -0.04434466 -0.5060663 -0.6731884 -0.5391794 -0.7587753 -0.6203695 0.1984987 -0.01104778 -0.9905181 0.1369378 0.03436446 -0.8348495 -0.5494046 0.7860823 -0.5713189 -0.2359437 0 -0.5504179 -0.8348894 0.5208642 -0.06119012 0.8514437 0.8311196 -0.07474064 0.5510482 0.7632924 0.1610819 0.6256495 -0.761198 0.3303784 -0.5580573 -0.8383572 -0.3309176 0.4331868 0.9440503 0.01699918 -0.3293632 0.9337519 0.08212596 -0.3483716 0.9859891 0.07870942 0.1470728 -0.03216737 -0.1802778 -0.9830896 0.6799125 0.5232256 -0.5137646 0.7331076 -0.0581395 -0.6776232 -0.9859891 0.07870942 0.1470728 -0.7745162 0.4532101 0.4412771 -0.8677897 0.4735091 0.150766 -0.730762 -0.2641168 -0.6294674 0.01791465 0.7285516 -0.6847567 0.04898244 -0.03943008 -0.9980211 0.3383359 -0.8717811 -0.3542975 -0.5101642 0.09897476 -0.8543633 -0.9337519 0.08212596 -0.3483716 -0.8203388 -0.0500828 0.5696806 -0.9686047 0.2477513 0.02060014 -0.3533512 0.7225114 -0.5942392 0.9913915 0.1309281 9.15581e-4 0.8065097 -0.5857008 0.0806021 -0.5208642 -0.06119012 0.8514437 -0.7632924 0.1610819 0.6256495 -0.8311196 -0.07474064 0.5510482 0 -0.9994962 -0.03173971 -0.7473497 -0.6555181 -0.1084645 -0.4034657 0.6996254 -0.5896947 0.6096256 0.5042725 -0.6116093 -0.4794833 -0.6332378 0.6075408 -0.7047839 -0.4224186 0.5699493 0.9627172 -0.006683588 -0.2704275 0.9793632 -0.0939688 0.1789344 0.8383572 -0.3309176 0.4331868 0.8677897 0.4735091 0.150766 0.7745267 0.4532161 0.4412525 0.7047717 -0.4224113 0.56997 0.4794833 -0.6332378 0.6075408 0.5871044 0.7143405 0.3808228 0 0.5997412 0.8001941 -0.5446464 -0.03497505 0.8379363 -0.7028607 0.5156245 0.4900187 0.5009976 -0.1709666 0.8483937 0.4037424 0.1377345 -0.9044454 -0.8065097 -0.5857008 0.0806021 0.01104778 -0.9905181 0.1369378 0.7028607 0.5156245 0.4900187 -0.76517 -0.1368467 0.6291167 0.967869 -0.08056926 -0.2381982 0.9786474 -0.06299084 0.1956562 -0.8584069 -0.3508155 -0.3742541 -0.7704305 -0.5140375 0.3770971 0 0.9915807 -0.1294905 -0.6145888 -0.7856775 0.07065111 0.9819044 -0.007843255 0.1892151 -0.9440503 0.01699918 -0.3293632 -0.3130919 0.3894193 -0.8662137 -0.9855798 -0.1689225 -0.009888112 -0.5597264 0.8106876 0.1717328 -0.9280172 -0.3464805 -0.136877 0 -0.05484288 0.998495 0.4873245 0.1317497 0.8632248 -0.9664736 -0.2567558 -0.00225836 -0.6819244 -0.6794829 -0.2707067 0 -0.8843523 0.4668203 -0.6193058 -0.6398151 0.4550793 -0.9786474 -0.06299084 0.1956562 -0.7860823 -0.5713189 -0.2359437 0.9772626 -0.05630832 0.2044191 0.4182039 0.8971409 -0.1422802 -0.6565079 0.6124986 0.4402762 0.9853538 -0.05017411 0.1629743 0.4361543 0.2247151 0.8713625 -0.4182039 0.8971409 -0.1422802 -0.6658827 0.6029812 -0.4393336 -0.828903 -0.05258464 0.5569154 -0.5681796 -0.7468706 -0.3454796 0.3130956 0.3893934 -0.866224 0.6145888 -0.7856775 0.07065111 -0.03436446 -0.8348495 -0.5494046 0 -0.2797961 0.9600595 -0.5009976 -0.1709666 0.8483937 0 -0.1971548 0.9803724 0.52975 -0.8480639 -0.01236021 0.9280172 -0.3464805 -0.136877 0 0.1655371 0.9862036 -0.4873245 0.1317497 0.8632248 -0.4361543 0.2247151 0.8713625 0 -0.7292565 0.6842406 -0.1665747 0.8670552 0.4695405 -0.8105719 -0.4573372 -0.3658087 0 0.7091791 -0.7050284 -0.4037424 0.1377345 -0.9044454 0.5773847 0.1030924 -0.8099377 0.4830504 -0.06827038 -0.8729271 0.8691467 -0.4126455 -0.2725945 0.8584069 -0.3508155 -0.3742541 0.6193058 -0.6398151 0.4550793 0 -0.7096809 0.7045233 0 -0.9437445 -0.3306753 0.6819244 -0.6794829 -0.2707067 -3.05188e-4 -0.3509963 -0.9363768 -1.52595e-4 -0.1746296 -0.9846343 0.5365556 0.8276464 -0.1646503 0 -0.9338097 -0.3577702 0 -0.9819878 0.1889447 0.7719938 -0.6330075 0.05768203 0.00149542 -0.9521336 0.3056789 -0.5773847 0.1030924 -0.8099377 0.001129209 -0.452601 0.8917125 -0.6531503 -0.3163663 0.6879732 0.8801223 0.1984685 -0.4312715 0.002014219 -0.8913094 0.4533913 0.9664736 -0.2567558 -0.00225836 0.5681796 -0.7468706 -0.3454796 -0.7331216 -0.05813819 -0.6776081 0.03216737 -0.1802778 -0.9830896 -0.9913915 0.1309281 9.15581e-4 0.730762 -0.2641168 -0.6294674 -0.6799125 0.5232256 -0.5137646 -0.01791465 0.7285516 -0.6847567 0.8289043 -0.05255419 0.5569163 0.6658704 0.6030007 -0.4393255 0.9512341 0.2205039 -0.2157123 0.9700434 0.0102238 -0.2427168 0.6531503 -0.3163663 0.6879732 -0.001129209 -0.452601 0.8917125 -0.002014219 -0.8913094 0.4533913 0.7587707 -0.6203657 0.198528 0.6614143 0.250594 -0.7069185 0.4034657 0.6996254 -0.5896947 -0.6096256 0.5042725 -0.6116093 -0.5871044 0.7143405 0.3808228 0.5883136 0.8073481 0.04556477 0.5060663 -0.6731884 -0.5391794 -0.3383359 -0.8717811 -0.3542975 -0.04535096 -0.03900301 -0.9982095 -0.7719938 -0.6330075 0.05768203 -0.00149542 -0.9521336 0.3056789 -0.8801345 0.1984338 -0.4312625 -0.5708907 -0.6507287 -0.5006356 -0.7185823 -0.5404399 0.4376806 -0.5883136 0.8073481 0.04556477 0.5101658 0.09894454 -0.8543659 0 -0.2227013 0.9748868 -0.4241214 0.8342652 0.3523104 0.7611851 0.3303728 -0.5580782 0.7192123 -0.5418965 0.4348356 0.5479665 -0.2488815 -0.7986181 -0.6287217 0.7693837 -0.1129508 0.8203388 -0.0500828 0.5696806 0.3533512 0.7225114 -0.5942392 0.9685948 0.2477871 0.02063107 0.4240964 0.834276 0.352315 -0.6867686 0.5665543 0.4553737 0.6867525 0.5665662 0.4553833 0.4265366 0.03412044 -0.9038266 0.7587753 -0.6203695 0.1984987 0.761198 0.3303784 -0.5580573 -0.7331076 -0.0581395 -0.6776232 0.7745162 0.4532101 0.4412771 -0.286728 -0.8797163 -0.3793233 0.003997981 0.0588718 -0.9982575 0.5101642 0.09897476 -0.8543633 0.9686047 0.2477513 0.02060014 -0.8673612 0.2812667 -0.4105774 0.7047839 -0.4224186 0.5699493 -0.7745267 0.4532161 0.4412525 -0.7047717 -0.4224113 0.56997 -0.1166128 0.2301737 -0.9661375 0.6658827 0.6029812 -0.4393336 0.828903 -0.05258464 0.5569154 0.1166128 0.2301737 -0.9661375 0 -0.7159472 -0.6981545 0.99988 0.01010161 -0.01174962 -0.4265615 0.03412002 -0.9038149 -0.99988 0.01010161 -0.01174962 3.05188e-4 -0.3509963 -0.9363768 1.52595e-4 -0.1746296 -0.9846343 0.594632 -0.7735955 -0.2190043 -0.7208729 -0.08487498 -0.6878507 -0.8250241 -0.1211 0.5519693 0.7331216 -0.05813819 -0.6776081 -0.8289043 -0.05255419 0.5569163 -0.6658704 0.6030007 -0.4393255 -0.7587707 -0.6203657 0.198528 0.8673612 0.2812667 -0.4105774 0.286728 -0.8797163 -0.3793233 -0.003997981 0.0588718 -0.9982575 0.7208729 -0.08487498 -0.6878507 0.8250241 -0.1211 0.5519693 0.7559362 -0.5965636 0.2695783 0.9992838 0 0.03784352 -0.5101658 0.09894454 -0.8543659 -0.7611851 0.3303728 -0.5580782 -0.7559362 -0.5965636 0.2695783 -0.9992838 0 0.03784352 -0.5946123 -0.7736095 -0.2190082 -0.9685948 0.2477871 0.02063107 -0.4240964 0.834276 0.352315 0.6867686 0.5665543 0.4553737 -0.6867525 0.5665662 0.4553833</float_array>
          <technique_common>
            <accessor source="#Cube-mesh-normals-array" count="254" stride="3">
              <param name="X" type="float"/>
              <param name="Y" type="float"/>
              <param name="Z" type="float"/>
            </accessor>
          </technique_common>
        </source>
        <source id="Cube-mesh-map-0">
          <float_array id="Cube-mesh-map-0-array" count="4932">0.7431208 0.4573073 0.7107235 0.4124125 0.6993119 0.4219568 0.2957611 0.3263433 0.3243871 0.2810408 0.2805427 0.253261 0.6531301 0.3344537 0.6195138 0.3040945 0.5996043 0.3254718 0.5618144 0.1284995 0.533742 0.1153075 0.533325 0.1787736 0.4693259 0.1151077 0.5013638 0.1753246 0.5015835 0.1016322 0.3428989 0.4624167 0.3558394 0.5026882 0.3713772 0.4869272 0.3019137 0.4214844 0.2578254 0.4567519 0.3186601 0.4827844 0.2504867 0.2893785 0.2805427 0.253261 0.2295667 0.2094056 0.6823537 0.4830121 0.6451938 0.5027074 0.6616652 0.5248199 0.3486152 0.3339505 0.3243871 0.2810408 0.2957611 0.3263433 0.7537441 0.7043758 0.7245993 0.6717208 0.7310187 0.6986919 0.5988595 0.4564658 0.5525348 0.4531539 0.5744728 0.5175886 0.65371 0.7055177 0.6388093 0.7410517 0.65371 0.7683148 0.4693259 0.1151077 0.4693752 0.1786041 0.5013638 0.1753246 0.8593095 0.4571401 0.8456766 0.4280116 0.7927576 0.4212303 0.7957342 0.7130478 0.7957338 0.6502506 0.7808331 0.6775138 0.7310187 0.6986919 0.6735221 0.7618483 0.6880155 0.7674707 0.1057248 0.3481398 0.05642217 0.3510494 0.07320588 0.3728767 0.8456766 0.4280116 0.8593095 0.4571401 0.9405657 0.4812257 0.5685293 0.2794915 0.6038765 0.2628769 0.577642 0.2107235 0.3521685 0.758059 0.3323124 0.6904509 0.290885 0.6991183 0.7004028 0.2066347 0.668085 0.1497699 0.6218593 0.1845089 0.6218593 0.1845089 0.668085 0.1497699 0.6246005 0.1317421 0.02150863 0.3954506 0.03549546 0.4514344 0.04963737 0.4051887 0.3807107 0.1838673 0.4278326 0.1730024 0.4039146 0.1563774 0.3348867 0.6283683 0.3906297 0.6421984 0.3487876 0.6049864 0.7245993 0.6717208 0.7142066 0.6372844 0.6540277 0.763665 0.7957342 0.7130478 0.7447912 0.7368013 0.7616885 0.7548341 0.334681 0.677421 0.3200894 0.6592178 0.3356192 0.6889461 0.07829469 0.4094709 0.09720242 0.3747557 0.07320588 0.3728767 0.4336487 0.2792634 0.424852 0.2103523 0.3983182 0.2624561 0.1412687 0.4561337 0.1762593 0.4830797 0.2081802 0.4203519 0.7353729 0.6401067 0.7283341 0.598986 0.7142066 0.6372844 0.3323124 0.6904509 0.3356192 0.6889461 0.3200894 0.6592178 0.3558394 0.5026882 0.3705343 0.5278987 0.3778576 0.5086053 0.09624606 0.5972789 0.0387488 0.5807382 0.03496265 0.6562196 0.5988445 0.1569311 0.5618144 0.1284995 0.5748627 0.1734017 0.6218593 0.1845089 0.5988445 0.1569311 0.5748627 0.1734017 0.8243311 0.4838752 0.7927576 0.4212303 0.7431208 0.4573073 0.6993119 0.4219568 0.7107235 0.4124125 0.6531301 0.3344537 0.6451938 0.5027074 0.6232105 0.5085179 0.6304354 0.5277897 0.7353729 0.6401067 0.7623171 0.6140078 0.7283341 0.598986 0.4039146 0.1563774 0.4212464 0.09657156 0.3782706 0.1309986 0.4477084 0.3673017 0.4023086 0.3251944 0.3863983 0.3629018 0.1057248 0.3481398 0.07320588 0.3728767 0.09720242 0.3747557 0.5996043 0.3254718 0.6195138 0.3040945 0.579595 0.3039642 0.04963737 0.4051887 0.03549546 0.4514344 0.0732935 0.4454554 0.8793696 0.3863114 0.9032789 0.3761589 0.8948056 0.3496236 0.6153108 0.3631612 0.5541304 0.36729 0.5525348 0.4531539 0.3486152 0.3339505 0.3824536 0.3036807 0.3243871 0.2810408 0.7214527 0.2543037 0.7004028 0.2066347 0.6508516 0.2373518 0.3486152 0.3339505 0.3863983 0.3629018 0.4023086 0.3251944 0.3186601 0.4827844 0.3026336 0.5132256 0.3392323 0.5247931 0.7927576 0.4212303 0.7058798 0.327124 0.7107235 0.4124125 0.4693259 0.1151077 0.5015835 0.1016322 0.4852637 0.06477141 0.275385 0.6199318 0.2952059 0.5807382 0.2560812 0.6082631 0.6993119 0.4219568 0.6582661 0.4626003 0.6823537 0.4830121 0.7353729 0.6401067 0.7142066 0.6372844 0.7245993 0.6717208 0.3018983 0.2056033 0.2512815 0.1708552 0.2295667 0.2094056 0.02150863 0.3954506 0.007050216 0.4440413 0.03549546 0.4514344 0.3019137 0.4214844 0.3486152 0.3339505 0.2905107 0.411863 0.4039146 0.1563774 0.4278326 0.1730024 0.4411531 0.1281359 0.2946712 0.7745997 0.290885 0.6991183 0.2560812 0.6653985 0.5233589 0.2976167 0.5685293 0.2794915 0.5421915 0.2240657 0.5988445 0.1569311 0.6246005 0.1317421 0.5818964 0.09709084 0.290885 0.6991183 0.3106107 0.6451689 0.275385 0.6199318 0.2949568 0.5416697 0.3080397 0.5804204 0.3151274 0.5498918 0.3513838 0.2366477 0.3983182 0.2624561 0.424852 0.2103523 0.2957611 0.3263433 0.2805427 0.253261 0.2504867 0.2893785 0.8948056 0.3496236 0.9032789 0.3761589 0.9271987 0.3743064 0.6531301 0.3344537 0.7058798 0.327124 0.6775611 0.2817892 0.2560812 0.6653985 0.275385 0.6199318 0.2560812 0.6082631 0.3558394 0.5026882 0.3392323 0.5247931 0.3705343 0.5278987 0.5618144 0.1284995 0.5818964 0.09709084 0.5511405 0.0803622 0.4024899 0.456518 0.4266853 0.5179004 0.4489471 0.4533911 0.6297627 0.4869249 0.6064893 0.4931213 0.6232105 0.5085179 0.3428989 0.4624167 0.3186601 0.4827844 0.3558394 0.5026882 0.4693259 0.1151077 0.4852637 0.06477141 0.4521354 0.08002835 0.3696092 0.6659641 0.3348867 0.6283683 0.3375441 0.6754158 0.4039146 0.1563774 0.4411531 0.1281359 0.4212464 0.09657156 0.3487876 0.6049864 0.2952059 0.5807382 0.3009517 0.6038611 0.668085 0.1497699 0.7004028 0.2066347 0.7511032 0.1722404 0.5988595 0.4564658 0.6064893 0.4931213 0.6297627 0.4869249 0.7058798 0.327124 0.7512418 0.2904978 0.7214527 0.2543037 0.01946258 0.7354059 1.58857e-4 0.7470746 0.03928345 0.7745995 0.6195138 0.3040945 0.6775611 0.2817892 0.6508516 0.2373518 0.456804 0.3452925 0.4224538 0.3037318 0.4023086 0.3251944 0.4266853 0.5179004 0.3778576 0.5086053 0.4062176 0.5398429 0.1412687 0.4561337 0.2081802 0.4203519 0.1550382 0.4269418 0.6582661 0.4626003 0.6297627 0.4869249 0.6451938 0.5027074 0.5421915 0.2240657 0.577642 0.2107235 0.5748627 0.1734017 0.5744728 0.5175886 0.5947979 0.5395571 0.6232105 0.5085179 0.5451417 0.3452968 0.5996043 0.3254718 0.579595 0.3039642 0.6508516 0.2373518 0.6218593 0.1845089 0.577642 0.2107235 0.2578254 0.4567519 0.3019137 0.4214844 0.2905107 0.411863 0.7927576 0.4212303 0.8456766 0.4280116 0.8019658 0.4037671 0.3863983 0.3629018 0.3428989 0.4624167 0.4024899 0.456518 0.3019137 0.4214844 0.3863983 0.3629018 0.3486152 0.3339505 0.4788115 0.297608 0.5012291 0.2340178 0.4602763 0.223881 0.3018983 0.2056033 0.3807107 0.1838673 0.3345991 0.1488048 0.4266853 0.5179004 0.3946867 0.4932371 0.3778576 0.5086053 0.5947979 0.5395571 0.6244295 0.5599861 0.6304354 0.5277897 0.1211832 0.3849622 0.09720242 0.3747557 0.07829469 0.4094709 0.3486152 0.3339505 0.4023086 0.3251944 0.3824536 0.3036807 0.1990159 0.402789 0.2081802 0.4203519 0.2957611 0.3263433 0.3967058 1.58857e-4 0.4362145 0.04457747 0.4571912 0.01502048 0.8444978 0.3467927 0.8035213 0.2719685 0.7512418 0.2904978 0.579595 0.3039642 0.6195138 0.3040945 0.6038765 0.2628769 0.7512418 0.2904978 0.8035213 0.2719685 0.7725544 0.210826 0.6153108 0.3631612 0.5988595 0.4564658 0.6582661 0.4626003 0.6070479 9.11793e-4 0.5465095 0.01536881 0.5672786 0.04504114 0.69821 0.5134334 0.6616652 0.5248199 0.6856021 0.5499473 0.7004028 0.2066347 0.7214527 0.2543037 0.7725544 0.210826 0.6537629 0.569283 0.6925477 0.5804204 0.6856021 0.5499473 0.8019658 0.4037671 0.7058798 0.327124 0.7927576 0.4212303 0.2949568 0.5416697 0.2764701 0.5682733 0.3080397 0.5804204 1.58857e-4 0.6899393 1.58857e-4 0.7470746 0.01946258 0.7354059 0.7057501 0.5418289 0.6856021 0.5499473 0.6925477 0.5804204 0.7057501 0.5418289 0.7240787 0.5684327 0.749556 0.5355308 0.7498305 0.5346267 0.69821 0.5134334 0.7057501 0.5418289 0.6537629 0.569283 0.6616652 0.5248199 0.6304354 0.5277897 0.4411531 0.1281359 0.4521354 0.08002835 0.4212464 0.09657156 0.3967058 1.58857e-4 0.3927478 0.02160304 0.4362145 0.04457747 0.7520983 0.5213286 0.6823537 0.4830121 0.69821 0.5134334 0.5181334 0.06490105 0.5511405 0.0803622 0.5672786 0.04504114 0.533742 0.1153075 0.5511405 0.0803622 0.5181334 0.06490105 0.4852637 0.06477141 0.4362145 0.04457747 0.4521354 0.08002835 0.4224538 0.3037318 0.4788115 0.297608 0.4336487 0.2792634 0.1762593 0.4830797 0.220719 0.507233 0.2578254 0.4567519 0.579595 0.3039642 0.5685293 0.2794915 0.5233589 0.2976167 0.3469751 0.569409 0.3764247 0.5602055 0.3705343 0.5278987 0.5541304 0.36729 0.6153108 0.3631612 0.5996043 0.3254718 0.3026336 0.5132256 0.2949568 0.5416697 0.3151274 0.5498918 0.3469751 0.569409 0.3392323 0.5247931 0.3151274 0.5498918 0.07829469 0.4094709 0.07320588 0.3728767 0.04963737 0.4051887 0.2949568 0.5416697 0.2510538 0.5351773 0.2764701 0.5682733 0.2507817 0.5342696 0.2510538 0.5351773 0.2949568 0.5416697 0.7431208 0.4573073 0.6823537 0.4830121 0.7520983 0.5213286 0.2507817 0.5342696 0.2949568 0.5416697 0.3026336 0.5132256 0.7178283 0.8190544 0.6894286 0.827102 0.7038087 0.8378278 0.7058798 0.327124 0.6531301 0.3344537 0.7107235 0.4124125 0.0387488 0.5807382 1.58857e-4 0.6899393 0.03496265 0.6562196 0.533742 0.1153075 0.5015835 0.1016322 0.5013638 0.1753246 0.5012291 0.2340178 0.5421915 0.2240657 0.533325 0.1787736 0.7537441 0.7043758 0.7353729 0.6401067 0.7245993 0.6717208 0.3018983 0.2056033 0.3513838 0.2366477 0.3807107 0.1838673 0.4411531 0.1281359 0.4693259 0.1151077 0.4521354 0.08002835 0.4411531 0.1281359 0.4693752 0.1786041 0.4693259 0.1151077 0.04963737 0.4051887 0.05642217 0.3510494 0.02150863 0.3954506 0.4521354 0.08002835 0.4362145 0.04457747 0.4212464 0.09657156 0.2504867 0.2893785 0.2295667 0.2094056 0.1981897 0.2705168 0.7087129 0.7855538 0.7028607 0.7669814 0.6880155 0.7674707 0.7306466 0.8019163 0.7087129 0.7855538 0.7000682 0.8057588 0.05468827 0.7101688 0.01946258 0.7354059 0.04502928 0.7514766 0.9506623 0.4065396 0.9787134 0.3968613 0.9439457 0.3525616 0.9220935 0.410777 0.9506623 0.4065396 0.9271987 0.3743064 0.0928651 0.7503513 0.07896423 0.7269694 0.04502928 0.7514766 0.8793696 0.3863114 0.9270424 0.4466429 0.9220935 0.410777 0.03496265 0.6562196 0.01946258 0.7354059 0.05468827 0.7101688 0.9787134 0.3968613 0.9506623 0.4065396 0.9647006 0.4526569 0.9506623 0.4065396 0.9220935 0.410777 0.9270424 0.4466429 0.07896423 0.7269694 0.0928651 0.7503513 0.1347071 0.7131392 0.08162158 0.679922 0.07896423 0.7269694 0.1136867 0.6893736 0.6388093 0.7410517 0.65371 0.7055177 0.6117199 0.7141901 0.5889946 0.7198741 0.6117199 0.7141901 0.5608361 0.6515846 0.5666883 0.6330122 0.5347149 0.6292966 0.545991 0.6510954 0.6117199 0.7141901 0.5889946 0.7198741 0.5825754 0.7468451 0.5933492 0.7784592 0.5863108 0.81958 0.6202937 0.8045579 0.6117199 0.7141901 0.5933492 0.7784592 0.6251993 0.7708573 0.5889946 0.7198741 0.545991 0.6510954 0.5314976 0.656718 0.5347149 0.6292966 0.5120033 0.6549013 0.5314976 0.656718 0.5933492 0.7784592 0.5825754 0.7468451 0.5721829 0.7812816 0.5758035 0.5995115 0.5617838 0.5807382 0.5474038 0.591464 0.5886219 0.6166495 0.5758035 0.5995115 0.5580435 0.6128072 0.5825754 0.7468451 0.5314976 0.656718 0.5120033 0.6549013 0.65371 0.7683148 0.6388093 0.7410517 0.6251993 0.7708573 0.2081802 0.4203519 0.2578254 0.4567519 0.2905107 0.411863 0.4602763 0.223881 0.4278326 0.1730024 0.424852 0.2103523 0.6531301 0.3344537 0.5996043 0.3254718 0.6153108 0.3631612 0.6117199 0.7141901 0.5886219 0.6166495 0.5666883 0.6330122 0.5511405 0.0803622 0.5818964 0.09709084 0.5672786 0.04504114 0.4788115 0.297608 0.4602763 0.223881 0.4336487 0.2792634 0.3019137 0.4214844 0.3186601 0.4827844 0.3428989 0.4624167 0.6767396 0.7892697 0.6735221 0.7618483 0.6540277 0.763665 0.1550382 0.4269418 0.05965662 0.4801378 0.1412687 0.4561337 0.5863108 0.81958 0.5903437 0.8378278 0.6300156 0.8173735 0.6202937 0.8045579 0.6300156 0.8173735 0.65371 0.7683148 0.7957338 0.6502506 0.7623171 0.6140078 0.767223 0.6477084 0.65371 0.7055177 0.6196641 0.6637316 0.6027669 0.6817645 0.5618144 0.1284995 0.533325 0.1787736 0.5748627 0.1734017 0.2578254 0.4567519 0.220719 0.507233 0.2485604 0.5209251 0.2805427 0.253261 0.3513838 0.2366477 0.3018983 0.2056033 0.1211832 0.3849622 0.07829469 0.4094709 0.0732935 0.4454554 0.1567045 0.3452859 0.2504867 0.2893785 0.1981897 0.2705168 0.6823537 0.4830121 0.6616652 0.5248199 0.69821 0.5134334 0.3106107 0.6451689 0.3009517 0.6038611 0.275385 0.6199318 0.2560812 0.6653985 0.290885 0.6991183 0.275385 0.6199318 0.5988595 0.4564658 0.5744728 0.5175886 0.6064893 0.4931213 0.8593095 0.4571401 0.7927576 0.4212303 0.8243311 0.4838752 0.2578254 0.4567519 0.2485604 0.5209251 0.3186601 0.4827844 0.4224538 0.3037318 0.4656724 0.3278003 0.4788115 0.297608 0.3713772 0.4869272 0.3778576 0.5086053 0.3946867 0.4932371 0.7537441 0.7043758 0.7028607 0.7669814 0.7087129 0.7855538 0.8456766 0.4280116 0.9405657 0.4812257 0.9270424 0.4466429 0.5685293 0.2794915 0.577642 0.2107235 0.5421915 0.2240657 0.7004028 0.2066347 0.6218593 0.1845089 0.6508516 0.2373518 0.6218593 0.1845089 0.6246005 0.1317421 0.5988445 0.1569311 0.4224538 0.3037318 0.3983182 0.2624561 0.3824536 0.3036807 0.4852637 0.06477141 0.4571912 0.01502048 0.4362145 0.04457747 0.3863983 0.3629018 0.4024899 0.456518 0.4489471 0.4533911 0.3408371 0.6855685 0.334681 0.677421 0.3356192 0.6889461 0.7353729 0.6401067 0.767223 0.6477084 0.7623171 0.6140078 0.7245993 0.6717208 0.6540277 0.763665 0.6735221 0.7618483 0.7537441 0.7043758 0.7087129 0.7855538 0.7306466 0.8019163 0.2485604 0.5209251 0.2507817 0.5342696 0.3026336 0.5132256 0.3186601 0.4827844 0.3392323 0.5247931 0.3558394 0.5026882 0.4602763 0.223881 0.4693752 0.1786041 0.4278326 0.1730024 0.09624606 0.5972789 0.03496265 0.6562196 0.07638984 0.664887 0.6218593 0.1845089 0.5748627 0.1734017 0.577642 0.2107235 0.8243311 0.4838752 0.7431208 0.4573073 0.7799134 0.5077843 0.6993119 0.4219568 0.6531301 0.3344537 0.6153108 0.3631612 0.6451938 0.5027074 0.6304354 0.5277897 0.6616652 0.5248199 0.04963737 0.4051887 0.07320588 0.3728767 0.05642217 0.3510494 0.275385 0.6199318 0.3009517 0.6038611 0.2952059 0.5807382 0.4024899 0.456518 0.3946867 0.4932371 0.4266853 0.5179004 0.8793696 0.3863114 0.8948056 0.3496236 0.8332131 0.3617917 0.6153108 0.3631612 0.5525348 0.4531539 0.5988595 0.4564658 0.7214527 0.2543037 0.6508516 0.2373518 0.6775611 0.2817892 0.4477084 0.3673017 0.456804 0.3452925 0.4023086 0.3251944 0.7927576 0.4212303 0.7107235 0.4124125 0.7431208 0.4573073 0.3807107 0.1838673 0.424852 0.2103523 0.4278326 0.1730024 0.4023086 0.3251944 0.4224538 0.3037318 0.3824536 0.3036807 0.6993119 0.4219568 0.6823537 0.4830121 0.7431208 0.4573073 0.7087129 0.7855538 0.6880155 0.7674707 0.6767396 0.7892697 0.3513838 0.2366477 0.424852 0.2103523 0.3807107 0.1838673 0.3863983 0.3629018 0.4489471 0.4533911 0.4477084 0.3673017 0.1211832 0.3849622 0.167513 0.3603976 0.1057248 0.3481398 0.5233589 0.2976167 0.5421915 0.2240657 0.5012291 0.2340178 0.5988445 0.1569311 0.5818964 0.09709084 0.5618144 0.1284995 0.04963737 0.4051887 0.0732935 0.4454554 0.07829469 0.4094709 0.3348867 0.6283683 0.3106107 0.6451689 0.3375441 0.6754158 0.4062176 0.5398429 0.3778576 0.5086053 0.3705343 0.5278987 0.8948056 0.3496236 0.9271987 0.3743064 0.9439457 0.3525616 0.6531301 0.3344537 0.6775611 0.2817892 0.6195138 0.3040945 0.7623171 0.6140078 0.7957338 0.6502506 0.7720391 0.6011921 0.456804 0.3452925 0.4656724 0.3278003 0.4224538 0.3037318 0.7537441 0.7043758 0.767223 0.6477084 0.7353729 0.6401067 0.5618144 0.1284995 0.5511405 0.0803622 0.533742 0.1153075 0.3487876 0.6049864 0.3009517 0.6038611 0.3348867 0.6283683 0.6297627 0.4869249 0.6232105 0.5085179 0.6451938 0.5027074 0.7283341 0.598986 0.7720391 0.6011921 0.732367 0.5807382 0.1762593 0.4830797 0.2578254 0.4567519 0.2081802 0.4203519 0.4024899 0.456518 0.3428989 0.4624167 0.3713772 0.4869272 0.7808331 0.6775138 0.7537441 0.7043758 0.7957342 0.7130478 0.3824536 0.3036807 0.3513838 0.2366477 0.3243871 0.2810408 0.6196641 0.6637316 0.5397459 0.6054345 0.6027669 0.6817645 0.5988595 0.4564658 0.6297627 0.4869249 0.6582661 0.4626003 0.7058798 0.327124 0.7214527 0.2543037 0.6775611 0.2817892 0.01946258 0.7354059 0.03928345 0.7745995 0.04502928 0.7514766 0.6195138 0.3040945 0.6508516 0.2373518 0.6038765 0.2628769 0.4224538 0.3037318 0.4336487 0.2792634 0.3983182 0.2624561 0.4411531 0.1281359 0.4278326 0.1730024 0.4693752 0.1786041 0.1550382 0.4269418 0.0732935 0.4454554 0.05965662 0.4801378 0.6582661 0.4626003 0.6451938 0.5027074 0.6823537 0.4830121 0.5421915 0.2240657 0.5748627 0.1734017 0.533325 0.1787736 0.5744728 0.5175886 0.6232105 0.5085179 0.6064893 0.4931213 0.5451417 0.3452968 0.579595 0.3039642 0.5363572 0.3278077 0.6508516 0.2373518 0.577642 0.2107235 0.6038765 0.2628769 0.3469751 0.569409 0.3151274 0.5498918 0.3080397 0.5804204 0.3200894 0.6592178 0.334681 0.677421 0.3375441 0.6754158 0.3713772 0.4869272 0.3558394 0.5026882 0.3778576 0.5086053 0.5012291 0.2340178 0.4693752 0.1786041 0.4602763 0.223881 0.5947979 0.5395571 0.6304354 0.5277897 0.6232105 0.5085179 0.3807107 0.1838673 0.3782706 0.1309986 0.3345991 0.1488048 0.4024899 0.456518 0.3713772 0.4869272 0.3946867 0.4932371 0.7537441 0.7043758 0.7808331 0.6775138 0.767223 0.6477084 0.579595 0.3039642 0.6038765 0.2628769 0.5685293 0.2794915 0.7512418 0.2904978 0.7725544 0.210826 0.7214527 0.2543037 0.6153108 0.3631612 0.6582661 0.4626003 0.6993119 0.4219568 0.6070479 9.11793e-4 0.5672786 0.04504114 0.6108635 0.02236628 0.69821 0.5134334 0.6856021 0.5499473 0.7057501 0.5418289 0.7004028 0.2066347 0.7725544 0.210826 0.7511032 0.1722404 0.6537629 0.569283 0.6856021 0.5499473 0.6616652 0.5248199 0.3026336 0.5132256 0.3151274 0.5498918 0.3392323 0.5247931 1.58857e-4 0.6899393 0.01946258 0.7354059 0.03496265 0.6562196 0.7057501 0.5418289 0.6925477 0.5804204 0.7240787 0.5684327 0.7498305 0.5346267 0.7057501 0.5418289 0.749556 0.5355308 0.6537629 0.569283 0.6304354 0.5277897 0.6244295 0.5599861 0.290885 0.6991183 0.3323124 0.6904509 0.3106107 0.6451689 0.7520983 0.5213286 0.69821 0.5134334 0.7498305 0.5346267 0.5181334 0.06490105 0.5672786 0.04504114 0.5465095 0.01536881 0.533742 0.1153075 0.5181334 0.06490105 0.5015835 0.1016322 0.3807107 0.1838673 0.4039146 0.1563774 0.3782706 0.1309986 0.3824536 0.3036807 0.3983182 0.2624561 0.3513838 0.2366477 0.579595 0.3039642 0.5233589 0.2976167 0.5363572 0.3278077 0.5012291 0.2340178 0.5013638 0.1753246 0.4693752 0.1786041 0.5541304 0.36729 0.5996043 0.3254718 0.5451417 0.3452968 0.7616885 0.7548341 0.7447912 0.7368013 0.6817707 0.8131318 0.3018983 0.2056033 0.2295667 0.2094056 0.2805427 0.253261 0.3863983 0.3629018 0.3019137 0.4214844 0.3428989 0.4624167 0.0732935 0.4454554 0.03549546 0.4514344 0.05965662 0.4801378 0.2081802 0.4203519 0.1990159 0.402789 0.1550382 0.4269418 0.4336487 0.2792634 0.4602763 0.223881 0.424852 0.2103523 0.7431208 0.4573073 0.7520983 0.5213286 0.7799134 0.5077843 0.7310187 0.6986919 0.6880155 0.7674707 0.7028607 0.7669814 0.3348867 0.6283683 0.3696092 0.6659641 0.3906297 0.6421984 0.533742 0.1153075 0.5013638 0.1753246 0.533325 0.1787736 0.5012291 0.2340178 0.533325 0.1787736 0.5013638 0.1753246 0.7306466 0.8019163 0.7000682 0.8057588 0.7178283 0.8190544 0.2805427 0.253261 0.3243871 0.2810408 0.3513838 0.2366477 0.3521685 0.758059 0.290885 0.6991183 0.2946712 0.7745997 0.7310187 0.6986919 0.7028607 0.7669814 0.7537441 0.7043758 0.3469751 0.569409 0.3705343 0.5278987 0.3392323 0.5247931 0.1211832 0.3849622 0.1057248 0.3481398 0.09720242 0.3747557 0.2957611 0.3263433 0.2905107 0.411863 0.3486152 0.3339505 0.7957338 0.6502506 0.767223 0.6477084 0.7808331 0.6775138 0.05468827 0.7101688 0.04502928 0.7514766 0.07896423 0.7269694 0.9506623 0.4065396 0.9439457 0.3525616 0.9271987 0.3743064 0.9220935 0.410777 0.9271987 0.3743064 0.9032789 0.3761589 0.0928651 0.7503513 0.04502928 0.7514766 0.03928345 0.7745995 0.8793696 0.3863114 0.9220935 0.410777 0.9032789 0.3761589 0.03496265 0.6562196 0.05468827 0.7101688 0.07638984 0.664887 0.9787134 0.3968613 0.9647006 0.4526569 0.993068 0.4453213 0.9506623 0.4065396 0.9270424 0.4466429 0.9647006 0.4526569 0.07896423 0.7269694 0.1347071 0.7131392 0.1136867 0.6893736 0.07896423 0.7269694 0.08162158 0.679922 0.05468827 0.7101688 0.5889946 0.7198741 0.5608361 0.6515846 0.545991 0.6510954 0.5666883 0.6330122 0.545991 0.6510954 0.5608361 0.6515846 0.6117199 0.7141901 0.5825754 0.7468451 0.5933492 0.7784592 0.5933492 0.7784592 0.6202937 0.8045579 0.6251993 0.7708573 0.6117199 0.7141901 0.6251993 0.7708573 0.6388093 0.7410517 0.5889946 0.7198741 0.5314976 0.656718 0.5825754 0.7468451 0.5347149 0.6292966 0.5314976 0.656718 0.545991 0.6510954 0.5933492 0.7784592 0.5721829 0.7812816 0.5863108 0.81958 0.5758035 0.5995115 0.5474038 0.591464 0.5580435 0.6128072 0.5886219 0.6166495 0.5580435 0.6128072 0.5666883 0.6330122 0.5825754 0.7468451 0.5120033 0.6549013 0.5721829 0.7812816 0.65371 0.7683148 0.6251993 0.7708573 0.6202937 0.8045579 0.4062176 0.5398429 0.3705343 0.5278987 0.3764247 0.5602055 0.3106107 0.6451689 0.3348867 0.6283683 0.3009517 0.6038611 0.6117199 0.7141901 0.5666883 0.6330122 0.5608361 0.6515846 0.3345991 0.1488048 0.2512815 0.1708552 0.3018983 0.2056033 0.2081802 0.4203519 0.2905107 0.411863 0.2957611 0.3263433 0.5863108 0.81958 0.6300156 0.8173735 0.6202937 0.8045579 0.65371 0.7055177 0.6027669 0.6817645 0.6117199 0.7141901 0.9270424 0.4466429 0.9405657 0.4812257 0.9647006 0.4526569 0.2485604 0.5209251 0.3026336 0.5132256 0.3186601 0.4827844 0.07875859 0.6779168 0.07969671 0.6663917 0.06416696 0.69612 0.08491462 0.6697694 0.07969671 0.6663917 0.07875859 0.6779168 0.06416696 0.69612 0.07969671 0.6663917 0.07638984 0.664887 0.06416696 0.69612 0.05468827 0.7101688 0.08162158 0.679922 0.08491462 0.6697694 0.07875859 0.6779168 0.08162158 0.679922 0.7283341 0.598986 0.7623171 0.6140078 0.7720391 0.6011921 0.7310187 0.6986919 0.7245993 0.6717208 0.6735221 0.7618483 0.6767396 0.7892697 0.6880155 0.7674707 0.6735221 0.7618483 0.7957342 0.7130478 0.7537441 0.7043758 0.7447912 0.7368013 0.7178283 0.8190544 0.7000682 0.8057588 0.6894286 0.827102 0.3375441 0.6754158 0.334681 0.677421 0.3408371 0.6855685 0.3323124 0.6904509 0.3200894 0.6592178 0.3106107 0.6451689 0.3696092 0.6659641 0.3375441 0.6754158 0.3439803 0.6837235 0.08162158 0.679922 0.1136867 0.6893736 0.08805781 0.6716143 0.3200894 0.6592178 0.3375441 0.6754158 0.3106107 0.6451689 0.06416696 0.69612 0.07638984 0.664887 0.05468827 0.7101688 0.06416696 0.69612 0.08162158 0.679922 0.07875859 0.6779168 0.08491462 0.6697694 0.08162158 0.679922 0.08805781 0.6716143 0.3375441 0.6754158 0.3408371 0.6855685 0.3439803 0.6837235 0.732367 0.5807382 0.3927478 0.02160304 0.6070479 9.11793e-4 0.7431208 0.4573073 0.6993119 0.4219568 0.7107235 0.4124125 0.2957611 0.3263433 0.2805427 0.253261 0.3243871 0.2810408 0.6531301 0.3344537 0.5996043 0.3254718 0.6195138 0.3040945 0.5618144 0.1284995 0.533325 0.1787736 0.533742 0.1153075 0.4693259 0.1151077 0.5015835 0.1016322 0.5013638 0.1753246 0.3428989 0.4624167 0.3713772 0.4869272 0.3558394 0.5026882 0.3019137 0.4214844 0.3186601 0.4827844 0.2578254 0.4567519 0.2504867 0.2893785 0.2295667 0.2094056 0.2805427 0.253261 0.6823537 0.4830121 0.6616652 0.5248199 0.6451938 0.5027074 0.3486152 0.3339505 0.2957611 0.3263433 0.3243871 0.2810408 0.7537441 0.7043758 0.7310187 0.6986919 0.7245993 0.6717208 0.5988595 0.4564658 0.5744728 0.5175886 0.5525348 0.4531539 0.65371 0.7055177 0.65371 0.7683148 0.6388093 0.7410517 0.4693259 0.1151077 0.5013638 0.1753246 0.4693752 0.1786041 0.8593095 0.4571401 0.7927576 0.4212303 0.8456766 0.4280116 0.7957342 0.7130478 0.7808331 0.6775138 0.7957338 0.6502506 0.7310187 0.6986919 0.6880155 0.7674707 0.6735221 0.7618483 0.1057248 0.3481398 0.07320588 0.3728767 0.05642217 0.3510494 0.8456766 0.4280116 0.9405657 0.4812257 0.8593095 0.4571401 0.5685293 0.2794915 0.577642 0.2107235 0.6038765 0.2628769 0.3521685 0.758059 0.290885 0.6991183 0.3323124 0.6904509 0.7004028 0.2066347 0.6218593 0.1845089 0.668085 0.1497699 0.6218593 0.1845089 0.6246005 0.1317421 0.668085 0.1497699 0.02150863 0.3954506 0.04963737 0.4051887 0.03549546 0.4514344 0.3807107 0.1838673 0.4039146 0.1563774 0.4278326 0.1730024 0.3348867 0.6283683 0.3487876 0.6049864 0.3906297 0.6421984 0.7245993 0.6717208 0.6540277 0.763665 0.7142066 0.6372844 0.7957342 0.7130478 0.7616885 0.7548341 0.7447912 0.7368013 0.334681 0.677421 0.3356192 0.6889461 0.3200894 0.6592178 0.07829469 0.4094709 0.07320588 0.3728767 0.09720242 0.3747557 0.4336487 0.2792634 0.3983182 0.2624561 0.424852 0.2103523 0.1412687 0.4561337 0.2081802 0.4203519 0.1762593 0.4830797 0.7353729 0.6401067 0.7142066 0.6372844 0.7283341 0.598986 0.3323124 0.6904509 0.3200894 0.6592178 0.3356192 0.6889461 0.3558394 0.5026882 0.3778576 0.5086053 0.3705343 0.5278987 0.09624606 0.5972789 0.03496265 0.6562196 0.0387488 0.5807382 0.5988445 0.1569311 0.5748627 0.1734017 0.5618144 0.1284995 0.6218593 0.1845089 0.5748627 0.1734017 0.5988445 0.1569311 0.8243311 0.4838752 0.7431208 0.4573073 0.7927576 0.4212303 0.6993119 0.4219568 0.6531301 0.3344537 0.7107235 0.4124125 0.6451938 0.5027074 0.6304354 0.5277897 0.6232105 0.5085179 0.7353729 0.6401067 0.7283341 0.598986 0.7623171 0.6140078 0.4039146 0.1563774 0.3782706 0.1309986 0.4212464 0.09657156 0.4477084 0.3673017 0.3863983 0.3629018 0.4023086 0.3251944 0.1057248 0.3481398 0.09720242 0.3747557 0.07320588 0.3728767 0.5996043 0.3254718 0.579595 0.3039642 0.6195138 0.3040945 0.04963737 0.4051887 0.0732935 0.4454554 0.03549546 0.4514344 0.8793696 0.3863114 0.8948056 0.3496236 0.9032789 0.3761589 0.6153108 0.3631612 0.5525348 0.4531539 0.5541304 0.36729 0.3486152 0.3339505 0.3243871 0.2810408 0.3824536 0.3036807 0.7214527 0.2543037 0.6508516 0.2373518 0.7004028 0.2066347 0.3486152 0.3339505 0.4023086 0.3251944 0.3863983 0.3629018 0.3186601 0.4827844 0.3392323 0.5247931 0.3026336 0.5132256 0.7927576 0.4212303 0.7107235 0.4124125 0.7058798 0.327124 0.4693259 0.1151077 0.4852637 0.06477141 0.5015835 0.1016322 0.275385 0.6199318 0.2560812 0.6082631 0.2952059 0.5807382 0.6993119 0.4219568 0.6823537 0.4830121 0.6582661 0.4626003 0.7353729 0.6401067 0.7245993 0.6717208 0.7142066 0.6372844 0.3018983 0.2056033 0.2295667 0.2094056 0.2512815 0.1708552 0.02150863 0.3954506 0.03549546 0.4514344 0.007050216 0.4440413 0.3019137 0.4214844 0.2905107 0.411863 0.3486152 0.3339505 0.4039146 0.1563774 0.4411531 0.1281359 0.4278326 0.1730024 0.2946712 0.7745997 0.2560812 0.6653985 0.290885 0.6991183 0.5233589 0.2976167 0.5421915 0.2240657 0.5685293 0.2794915 0.5988445 0.1569311 0.5818964 0.09709084 0.6246005 0.1317421 0.290885 0.6991183 0.275385 0.6199318 0.3106107 0.6451689 0.2949568 0.5416697 0.3151274 0.5498918 0.3080397 0.5804204 0.3513838 0.2366477 0.424852 0.2103523 0.3983182 0.2624561 0.2957611 0.3263433 0.2504867 0.2893785 0.2805427 0.253261 0.8948056 0.3496236 0.9271987 0.3743064 0.9032789 0.3761589 0.6531301 0.3344537 0.6775611 0.2817892 0.7058798 0.327124 0.2560812 0.6653985 0.2560812 0.6082631 0.275385 0.6199318 0.3558394 0.5026882 0.3705343 0.5278987 0.3392323 0.5247931 0.5618144 0.1284995 0.5511405 0.0803622 0.5818964 0.09709084 0.4024899 0.456518 0.4489471 0.4533911 0.4266853 0.5179004 0.6297627 0.4869249 0.6232105 0.5085179 0.6064893 0.4931213 0.3428989 0.4624167 0.3558394 0.5026882 0.3186601 0.4827844 0.4693259 0.1151077 0.4521354 0.08002835 0.4852637 0.06477141 0.3696092 0.6659641 0.3375441 0.6754158 0.3348867 0.6283683 0.4039146 0.1563774 0.4212464 0.09657156 0.4411531 0.1281359 0.3487876 0.6049864 0.3009517 0.6038611 0.2952059 0.5807382 0.668085 0.1497699 0.7511032 0.1722404 0.7004028 0.2066347 0.5988595 0.4564658 0.6297627 0.4869249 0.6064893 0.4931213 0.7058798 0.327124 0.7214527 0.2543037 0.7512418 0.2904978 0.01946258 0.7354059 0.03928345 0.7745995 1.58857e-4 0.7470746 0.6195138 0.3040945 0.6508516 0.2373518 0.6775611 0.2817892 0.456804 0.3452925 0.4023086 0.3251944 0.4224538 0.3037318 0.4266853 0.5179004 0.4062176 0.5398429 0.3778576 0.5086053 0.1412687 0.4561337 0.1550382 0.4269418 0.2081802 0.4203519 0.6582661 0.4626003 0.6451938 0.5027074 0.6297627 0.4869249 0.5421915 0.2240657 0.5748627 0.1734017 0.577642 0.2107235 0.5744728 0.5175886 0.6232105 0.5085179 0.5947979 0.5395571 0.5451417 0.3452968 0.579595 0.3039642 0.5996043 0.3254718 0.6508516 0.2373518 0.577642 0.2107235 0.6218593 0.1845089 0.2578254 0.4567519 0.2905107 0.411863 0.3019137 0.4214844 0.7927576 0.4212303 0.8019658 0.4037671 0.8456766 0.4280116 0.3863983 0.3629018 0.4024899 0.456518 0.3428989 0.4624167 0.3019137 0.4214844 0.3486152 0.3339505 0.3863983 0.3629018 0.4788115 0.297608 0.4602763 0.223881 0.5012291 0.2340178 0.3018983 0.2056033 0.3345991 0.1488048 0.3807107 0.1838673 0.4266853 0.5179004 0.3778576 0.5086053 0.3946867 0.4932371 0.5947979 0.5395571 0.6304354 0.5277897 0.6244295 0.5599861 0.1211832 0.3849622 0.07829469 0.4094709 0.09720242 0.3747557 0.3486152 0.3339505 0.3824536 0.3036807 0.4023086 0.3251944 0.1990159 0.402789 0.2957611 0.3263433 0.2081802 0.4203519 0.3967058 1.58857e-4 0.4571912 0.01502048 0.4362145 0.04457747 0.8444978 0.3467927 0.7512418 0.2904978 0.8035213 0.2719685 0.579595 0.3039642 0.6038765 0.2628769 0.6195138 0.3040945 0.7512418 0.2904978 0.7725544 0.210826 0.8035213 0.2719685 0.6153108 0.3631612 0.6582661 0.4626003 0.5988595 0.4564658 0.6070479 9.11793e-4 0.5672786 0.04504114 0.5465095 0.01536881 0.69821 0.5134334 0.6856021 0.5499473 0.6616652 0.5248199 0.7004028 0.2066347 0.7725544 0.210826 0.7214527 0.2543037 0.6537629 0.569283 0.6856021 0.5499473 0.6925477 0.5804204 0.8019658 0.4037671 0.7927576 0.4212303 0.7058798 0.327124 0.2949568 0.5416697 0.3080397 0.5804204 0.2764701 0.5682733 1.58857e-4 0.6899393 0.01946258 0.7354059 1.58857e-4 0.7470746 0.7057501 0.5418289 0.6925477 0.5804204 0.6856021 0.5499473 0.7057501 0.5418289 0.749556 0.5355308 0.7240787 0.5684327 0.7498305 0.5346267 0.7057501 0.5418289 0.69821 0.5134334 0.6537629 0.569283 0.6304354 0.5277897 0.6616652 0.5248199 0.4411531 0.1281359 0.4212464 0.09657156 0.4521354 0.08002835 0.3967058 1.58857e-4 0.4362145 0.04457747 0.3927478 0.02160304 0.7520983 0.5213286 0.69821 0.5134334 0.6823537 0.4830121 0.5181334 0.06490105 0.5672786 0.04504114 0.5511405 0.0803622 0.533742 0.1153075 0.5181334 0.06490105 0.5511405 0.0803622 0.4852637 0.06477141 0.4521354 0.08002835 0.4362145 0.04457747 0.4224538 0.3037318 0.4336487 0.2792634 0.4788115 0.297608 0.1762593 0.4830797 0.2578254 0.4567519 0.220719 0.507233 0.579595 0.3039642 0.5233589 0.2976167 0.5685293 0.2794915 0.3469751 0.569409 0.3705343 0.5278987 0.3764247 0.5602055 0.5541304 0.36729 0.5996043 0.3254718 0.6153108 0.3631612 0.3026336 0.5132256 0.3151274 0.5498918 0.2949568 0.5416697 0.3469751 0.569409 0.3151274 0.5498918 0.3392323 0.5247931 0.07829469 0.4094709 0.04963737 0.4051887 0.07320588 0.3728767 0.2949568 0.5416697 0.2764701 0.5682733 0.2510538 0.5351773 0.2507817 0.5342696 0.2949568 0.5416697 0.2510538 0.5351773 0.7431208 0.4573073 0.7520983 0.5213286 0.6823537 0.4830121 0.2507817 0.5342696 0.3026336 0.5132256 0.2949568 0.5416697 0.7178283 0.8190544 0.7038087 0.8378278 0.6894286 0.827102 0.7058798 0.327124 0.7107235 0.4124125 0.6531301 0.3344537 0.0387488 0.5807382 0.03496265 0.6562196 1.58857e-4 0.6899393 0.533742 0.1153075 0.5013638 0.1753246 0.5015835 0.1016322 0.5012291 0.2340178 0.533325 0.1787736 0.5421915 0.2240657 0.7537441 0.7043758 0.7245993 0.6717208 0.7353729 0.6401067 0.3018983 0.2056033 0.3807107 0.1838673 0.3513838 0.2366477 0.4411531 0.1281359 0.4521354 0.08002835 0.4693259 0.1151077 0.4411531 0.1281359 0.4693259 0.1151077 0.4693752 0.1786041 0.04963737 0.4051887 0.02150863 0.3954506 0.05642217 0.3510494 0.4521354 0.08002835 0.4212464 0.09657156 0.4362145 0.04457747 0.2504867 0.2893785 0.1981897 0.2705168 0.2295667 0.2094056 0.7087129 0.7855538 0.6880155 0.7674707 0.7028607 0.7669814 0.7306466 0.8019163 0.7000682 0.8057588 0.7087129 0.7855538 0.05468827 0.7101688 0.04502928 0.7514766 0.01946258 0.7354059 0.9506623 0.4065396 0.9439457 0.3525616 0.9787134 0.3968613 0.9220935 0.410777 0.9271987 0.3743064 0.9506623 0.4065396 0.0928651 0.7503513 0.04502928 0.7514766 0.07896423 0.7269694 0.8793696 0.3863114 0.9220935 0.410777 0.9270424 0.4466429 0.03496265 0.6562196 0.05468827 0.7101688 0.01946258 0.7354059 0.9787134 0.3968613 0.9647006 0.4526569 0.9506623 0.4065396 0.9506623 0.4065396 0.9270424 0.4466429 0.9220935 0.410777 0.07896423 0.7269694 0.1347071 0.7131392 0.0928651 0.7503513 0.08162158 0.679922 0.1136867 0.6893736 0.07896423 0.7269694 0.6388093 0.7410517 0.6117199 0.7141901 0.65371 0.7055177 0.5889946 0.7198741 0.5608361 0.6515846 0.6117199 0.7141901 0.5666883 0.6330122 0.545991 0.6510954 0.5347149 0.6292966 0.6117199 0.7141901 0.5825754 0.7468451 0.5889946 0.7198741 0.5933492 0.7784592 0.6202937 0.8045579 0.5863108 0.81958 0.6117199 0.7141901 0.6251993 0.7708573 0.5933492 0.7784592 0.5889946 0.7198741 0.5314976 0.656718 0.545991 0.6510954 0.5347149 0.6292966 0.5314976 0.656718 0.5120033 0.6549013 0.5933492 0.7784592 0.5721829 0.7812816 0.5825754 0.7468451 0.5758035 0.5995115 0.5474038 0.591464 0.5617838 0.5807382 0.5886219 0.6166495 0.5580435 0.6128072 0.5758035 0.5995115 0.5825754 0.7468451 0.5120033 0.6549013 0.5314976 0.656718 0.65371 0.7683148 0.6251993 0.7708573 0.6388093 0.7410517 0.2081802 0.4203519 0.2905107 0.411863 0.2578254 0.4567519 0.4602763 0.223881 0.424852 0.2103523 0.4278326 0.1730024 0.6531301 0.3344537 0.6153108 0.3631612 0.5996043 0.3254718 0.6117199 0.7141901 0.5666883 0.6330122 0.5886219 0.6166495 0.5511405 0.0803622 0.5672786 0.04504114 0.5818964 0.09709084 0.4788115 0.297608 0.4336487 0.2792634 0.4602763 0.223881 0.3019137 0.4214844 0.3428989 0.4624167 0.3186601 0.4827844 0.6767396 0.7892697 0.6540277 0.763665 0.6735221 0.7618483 0.1550382 0.4269418 0.1412687 0.4561337 0.05965662 0.4801378 0.5863108 0.81958 0.6300156 0.8173735 0.5903437 0.8378278 0.6202937 0.8045579 0.65371 0.7683148 0.6300156 0.8173735 0.7957338 0.6502506 0.767223 0.6477084 0.7623171 0.6140078 0.65371 0.7055177 0.6027669 0.6817645 0.6196641 0.6637316 0.5618144 0.1284995 0.5748627 0.1734017 0.533325 0.1787736 0.2578254 0.4567519 0.2485604 0.5209251 0.220719 0.507233 0.2805427 0.253261 0.3018983 0.2056033 0.3513838 0.2366477 0.1211832 0.3849622 0.0732935 0.4454554 0.07829469 0.4094709 0.1567045 0.3452859 0.1981897 0.2705168 0.2504867 0.2893785 0.6823537 0.4830121 0.69821 0.5134334 0.6616652 0.5248199 0.3106107 0.6451689 0.275385 0.6199318 0.3009517 0.6038611 0.2560812 0.6653985 0.275385 0.6199318 0.290885 0.6991183 0.5988595 0.4564658 0.6064893 0.4931213 0.5744728 0.5175886 0.8593095 0.4571401 0.8243311 0.4838752 0.7927576 0.4212303 0.2578254 0.4567519 0.3186601 0.4827844 0.2485604 0.5209251 0.4224538 0.3037318 0.4788115 0.297608 0.4656724 0.3278003 0.3713772 0.4869272 0.3946867 0.4932371 0.3778576 0.5086053 0.7537441 0.7043758 0.7087129 0.7855538 0.7028607 0.7669814 0.8456766 0.4280116 0.9270424 0.4466429 0.9405657 0.4812257 0.5685293 0.2794915 0.5421915 0.2240657 0.577642 0.2107235 0.7004028 0.2066347 0.6508516 0.2373518 0.6218593 0.1845089 0.6218593 0.1845089 0.5988445 0.1569311 0.6246005 0.1317421 0.4224538 0.3037318 0.3824536 0.3036807 0.3983182 0.2624561 0.4852637 0.06477141 0.4362145 0.04457747 0.4571912 0.01502048 0.3863983 0.3629018 0.4489471 0.4533911 0.4024899 0.456518 0.3408371 0.6855685 0.3356192 0.6889461 0.334681 0.677421 0.7353729 0.6401067 0.7623171 0.6140078 0.767223 0.6477084 0.7245993 0.6717208 0.6735221 0.7618483 0.6540277 0.763665 0.7537441 0.7043758 0.7306466 0.8019163 0.7087129 0.7855538 0.2485604 0.5209251 0.3026336 0.5132256 0.2507817 0.5342696 0.3186601 0.4827844 0.3558394 0.5026882 0.3392323 0.5247931 0.4602763 0.223881 0.4278326 0.1730024 0.4693752 0.1786041 0.09624606 0.5972789 0.07638984 0.664887 0.03496265 0.6562196 0.6218593 0.1845089 0.577642 0.2107235 0.5748627 0.1734017 0.8243311 0.4838752 0.7799134 0.5077843 0.7431208 0.4573073 0.6993119 0.4219568 0.6153108 0.3631612 0.6531301 0.3344537 0.6451938 0.5027074 0.6616652 0.5248199 0.6304354 0.5277897 0.04963737 0.4051887 0.05642217 0.3510494 0.07320588 0.3728767 0.275385 0.6199318 0.2952059 0.5807382 0.3009517 0.6038611 0.4024899 0.456518 0.4266853 0.5179004 0.3946867 0.4932371 0.8793696 0.3863114 0.8332131 0.3617917 0.8948056 0.3496236 0.6153108 0.3631612 0.5988595 0.4564658 0.5525348 0.4531539 0.7214527 0.2543037 0.6775611 0.2817892 0.6508516 0.2373518 0.4477084 0.3673017 0.4023086 0.3251944 0.456804 0.3452925 0.7927576 0.4212303 0.7431208 0.4573073 0.7107235 0.4124125 0.3807107 0.1838673 0.4278326 0.1730024 0.424852 0.2103523 0.4023086 0.3251944 0.3824536 0.3036807 0.4224538 0.3037318 0.6993119 0.4219568 0.7431208 0.4573073 0.6823537 0.4830121 0.7087129 0.7855538 0.6767396 0.7892697 0.6880155 0.7674707 0.3513838 0.2366477 0.3807107 0.1838673 0.424852 0.2103523 0.3863983 0.3629018 0.4477084 0.3673017 0.4489471 0.4533911 0.1211832 0.3849622 0.1057248 0.3481398 0.167513 0.3603976 0.5233589 0.2976167 0.5012291 0.2340178 0.5421915 0.2240657 0.5988445 0.1569311 0.5618144 0.1284995 0.5818964 0.09709084 0.04963737 0.4051887 0.07829469 0.4094709 0.0732935 0.4454554 0.3348867 0.6283683 0.3375441 0.6754158 0.3106107 0.6451689 0.4062176 0.5398429 0.3705343 0.5278987 0.3778576 0.5086053 0.8948056 0.3496236 0.9439457 0.3525616 0.9271987 0.3743064 0.6531301 0.3344537 0.6195138 0.3040945 0.6775611 0.2817892 0.7623171 0.6140078 0.7720391 0.6011921 0.7957338 0.6502506 0.456804 0.3452925 0.4224538 0.3037318 0.4656724 0.3278003 0.7537441 0.7043758 0.7353729 0.6401067 0.767223 0.6477084 0.5618144 0.1284995 0.533742 0.1153075 0.5511405 0.0803622 0.3487876 0.6049864 0.3348867 0.6283683 0.3009517 0.6038611 0.6297627 0.4869249 0.6451938 0.5027074 0.6232105 0.5085179 0.7283341 0.598986 0.732367 0.5807382 0.7720391 0.6011921 0.1762593 0.4830797 0.2081802 0.4203519 0.2578254 0.4567519 0.4024899 0.456518 0.3713772 0.4869272 0.3428989 0.4624167 0.7808331 0.6775138 0.7957342 0.7130478 0.7537441 0.7043758 0.3824536 0.3036807 0.3243871 0.2810408 0.3513838 0.2366477 0.6196641 0.6637316 0.6027669 0.6817645 0.5397459 0.6054345 0.5988595 0.4564658 0.6582661 0.4626003 0.6297627 0.4869249 0.7058798 0.327124 0.6775611 0.2817892 0.7214527 0.2543037 0.01946258 0.7354059 0.04502928 0.7514766 0.03928345 0.7745995 0.6195138 0.3040945 0.6038765 0.2628769 0.6508516 0.2373518 0.4224538 0.3037318 0.3983182 0.2624561 0.4336487 0.2792634 0.4411531 0.1281359 0.4693752 0.1786041 0.4278326 0.1730024 0.1550382 0.4269418 0.05965662 0.4801378 0.0732935 0.4454554 0.6582661 0.4626003 0.6823537 0.4830121 0.6451938 0.5027074 0.5421915 0.2240657 0.533325 0.1787736 0.5748627 0.1734017 0.5744728 0.5175886 0.6064893 0.4931213 0.6232105 0.5085179 0.5451417 0.3452968 0.5363572 0.3278077 0.579595 0.3039642 0.6508516 0.2373518 0.6038765 0.2628769 0.577642 0.2107235 0.3469751 0.569409 0.3080397 0.5804204 0.3151274 0.5498918 0.3200894 0.6592178 0.3375441 0.6754158 0.334681 0.677421 0.3713772 0.4869272 0.3778576 0.5086053 0.3558394 0.5026882 0.5012291 0.2340178 0.4602763 0.223881 0.4693752 0.1786041 0.5947979 0.5395571 0.6232105 0.5085179 0.6304354 0.5277897 0.3807107 0.1838673 0.3345991 0.1488048 0.3782706 0.1309986 0.4024899 0.456518 0.3946867 0.4932371 0.3713772 0.4869272 0.7537441 0.7043758 0.767223 0.6477084 0.7808331 0.6775138 0.579595 0.3039642 0.5685293 0.2794915 0.6038765 0.2628769 0.7512418 0.2904978 0.7214527 0.2543037 0.7725544 0.210826 0.6153108 0.3631612 0.6993119 0.4219568 0.6582661 0.4626003 0.6070479 9.11793e-4 0.6108635 0.02236628 0.5672786 0.04504114 0.69821 0.5134334 0.7057501 0.5418289 0.6856021 0.5499473 0.7004028 0.2066347 0.7511032 0.1722404 0.7725544 0.210826 0.6537629 0.569283 0.6616652 0.5248199 0.6856021 0.5499473 0.3026336 0.5132256 0.3392323 0.5247931 0.3151274 0.5498918 1.58857e-4 0.6899393 0.03496265 0.6562196 0.01946258 0.7354059 0.7057501 0.5418289 0.7240787 0.5684327 0.6925477 0.5804204 0.7498305 0.5346267 0.749556 0.5355308 0.7057501 0.5418289 0.6537629 0.569283 0.6244295 0.5599861 0.6304354 0.5277897 0.290885 0.6991183 0.3106107 0.6451689 0.3323124 0.6904509 0.7520983 0.5213286 0.7498305 0.5346267 0.69821 0.5134334 0.5181334 0.06490105 0.5465095 0.01536881 0.5672786 0.04504114 0.533742 0.1153075 0.5015835 0.1016322 0.5181334 0.06490105 0.3807107 0.1838673 0.3782706 0.1309986 0.4039146 0.1563774 0.3824536 0.3036807 0.3513838 0.2366477 0.3983182 0.2624561 0.579595 0.3039642 0.5363572 0.3278077 0.5233589 0.2976167 0.5012291 0.2340178 0.4693752 0.1786041 0.5013638 0.1753246 0.5541304 0.36729 0.5451417 0.3452968 0.5996043 0.3254718 0.7616885 0.7548341 0.6817707 0.8131318 0.7447912 0.7368013 0.3018983 0.2056033 0.2805427 0.253261 0.2295667 0.2094056 0.3863983 0.3629018 0.3428989 0.4624167 0.3019137 0.4214844 0.0732935 0.4454554 0.05965662 0.4801378 0.03549546 0.4514344 0.2081802 0.4203519 0.1550382 0.4269418 0.1990159 0.402789 0.4336487 0.2792634 0.424852 0.2103523 0.4602763 0.223881 0.7431208 0.4573073 0.7799134 0.5077843 0.7520983 0.5213286 0.7310187 0.6986919 0.7028607 0.7669814 0.6880155 0.7674707 0.3348867 0.6283683 0.3906297 0.6421984 0.3696092 0.6659641 0.533742 0.1153075 0.533325 0.1787736 0.5013638 0.1753246 0.5012291 0.2340178 0.5013638 0.1753246 0.533325 0.1787736 0.7306466 0.8019163 0.7178283 0.8190544 0.7000682 0.8057588 0.2805427 0.253261 0.3513838 0.2366477 0.3243871 0.2810408 0.3521685 0.758059 0.2946712 0.7745997 0.290885 0.6991183 0.7310187 0.6986919 0.7537441 0.7043758 0.7028607 0.7669814 0.3469751 0.569409 0.3392323 0.5247931 0.3705343 0.5278987 0.1211832 0.3849622 0.09720242 0.3747557 0.1057248 0.3481398 0.2957611 0.3263433 0.3486152 0.3339505 0.2905107 0.411863 0.7957338 0.6502506 0.7808331 0.6775138 0.767223 0.6477084 0.05468827 0.7101688 0.07896423 0.7269694 0.04502928 0.7514766 0.9506623 0.4065396 0.9271987 0.3743064 0.9439457 0.3525616 0.9220935 0.410777 0.9032789 0.3761589 0.9271987 0.3743064 0.0928651 0.7503513 0.03928345 0.7745995 0.04502928 0.7514766 0.8793696 0.3863114 0.9032789 0.3761589 0.9220935 0.410777 0.03496265 0.6562196 0.07638984 0.664887 0.05468827 0.7101688 0.9787134 0.3968613 0.993068 0.4453213 0.9647006 0.4526569 0.9506623 0.4065396 0.9647006 0.4526569 0.9270424 0.4466429 0.07896423 0.7269694 0.1136867 0.6893736 0.1347071 0.7131392 0.07896423 0.7269694 0.05468827 0.7101688 0.08162158 0.679922 0.5889946 0.7198741 0.545991 0.6510954 0.5608361 0.6515846 0.5666883 0.6330122 0.5608361 0.6515846 0.545991 0.6510954 0.6117199 0.7141901 0.5933492 0.7784592 0.5825754 0.7468451 0.5933492 0.7784592 0.6251993 0.7708573 0.6202937 0.8045579 0.6117199 0.7141901 0.6388093 0.7410517 0.6251993 0.7708573 0.5889946 0.7198741 0.5825754 0.7468451 0.5314976 0.656718 0.5347149 0.6292966 0.545991 0.6510954 0.5314976 0.656718 0.5933492 0.7784592 0.5863108 0.81958 0.5721829 0.7812816 0.5758035 0.5995115 0.5580435 0.6128072 0.5474038 0.591464 0.5886219 0.6166495 0.5666883 0.6330122 0.5580435 0.6128072 0.5825754 0.7468451 0.5721829 0.7812816 0.5120033 0.6549013 0.65371 0.7683148 0.6202937 0.8045579 0.6251993 0.7708573 0.4062176 0.5398429 0.3764247 0.5602055 0.3705343 0.5278987 0.3106107 0.6451689 0.3009517 0.6038611 0.3348867 0.6283683 0.6117199 0.7141901 0.5608361 0.6515846 0.5666883 0.6330122 0.3345991 0.1488048 0.3018983 0.2056033 0.2512815 0.1708552 0.2081802 0.4203519 0.2957611 0.3263433 0.2905107 0.411863 0.5863108 0.81958 0.6202937 0.8045579 0.6300156 0.8173735 0.65371 0.7055177 0.6117199 0.7141901 0.6027669 0.6817645 0.9270424 0.4466429 0.9647006 0.4526569 0.9405657 0.4812257 0.2485604 0.5209251 0.3186601 0.4827844 0.3026336 0.5132256 0.07875859 0.6779168 0.06416696 0.69612 0.07969671 0.6663917 0.08491462 0.6697694 0.07875859 0.6779168 0.07969671 0.6663917 0.06416696 0.69612 0.07638984 0.664887 0.07969671 0.6663917 0.06416696 0.69612 0.08162158 0.679922 0.05468827 0.7101688 0.08491462 0.6697694 0.08162158 0.679922 0.07875859 0.6779168 0.7283341 0.598986 0.7720391 0.6011921 0.7623171 0.6140078 0.7310187 0.6986919 0.6735221 0.7618483 0.7245993 0.6717208 0.6767396 0.7892697 0.6735221 0.7618483 0.6880155 0.7674707 0.7957342 0.7130478 0.7447912 0.7368013 0.7537441 0.7043758 0.7178283 0.8190544 0.6894286 0.827102 0.7000682 0.8057588 0.3375441 0.6754158 0.3408371 0.6855685 0.334681 0.677421 0.3323124 0.6904509 0.3106107 0.6451689 0.3200894 0.6592178 0.3696092 0.6659641 0.3439803 0.6837235 0.3375441 0.6754158 0.08162158 0.679922 0.08805781 0.6716143 0.1136867 0.6893736 0.3200894 0.6592178 0.3106107 0.6451689 0.3375441 0.6754158 0.06416696 0.69612 0.05468827 0.7101688 0.07638984 0.664887 0.06416696 0.69612 0.07875859 0.6779168 0.08162158 0.679922 0.08491462 0.6697694 0.08805781 0.6716143 0.08162158 0.679922 0.3375441 0.6754158 0.3439803 0.6837235 0.3408371 0.6855685 0.6108635 0.02236628 0.6070479 9.11793e-4 0.6300156 0.8173735 0.03549546 0.4514344 0.007050216 0.4440413 0.1567045 0.3452859 0.007050216 0.4440413 0.3696092 0.6659641 0.3408371 0.6855685 0.3696092 0.6659641 0.3439803 0.6837235 0.3408371 0.6855685 0.3356192 0.6889461 0.3323124 0.6904509 0.2504867 0.2893785 0.007050216 0.4440413 0.3408371 0.6855685 0.3356192 0.6889461 0.3356192 0.6889461 0.2504867 0.2893785 0.1567045 0.3452859 0.007050216 0.4440413 0.3356192 0.6889461 0.1567045 0.3452859 0.993068 0.4453213 0.9647006 0.4526569 0.8444978 0.3467927 0.1567045 0.3452859 0.1981897 0.2705168 0.05965662 0.4801378 0.1981897 0.2705168 0.2295667 0.2094056 0.7725544 0.210826 0.05965662 0.4801378 0.1981897 0.2705168 0.8035213 0.2719685 0.6817707 0.8131318 0.7447912 0.7368013 0.7306466 0.8019163 0.7447912 0.7368013 0.7537441 0.7043758 0.7306466 0.8019163 0.2295667 0.2094056 0.6817707 0.8131318 0.7511032 0.1722404 0.2295667 0.2094056 0.7511032 0.1722404 0.7725544 0.210826 0.1136867 0.6893736 0.993068 0.4453213 0.08491462 0.6697694 0.08491462 0.6697694 0.08805781 0.6716143 0.1136867 0.6893736 0.09624606 0.5972789 0.07638984 0.664887 0.07969671 0.6663917 0.8444978 0.3467927 0.09624606 0.5972789 0.07969671 0.6663917 0.7725544 0.210826 0.8035213 0.2719685 0.1981897 0.2705168 0.8035213 0.2719685 0.8444978 0.3467927 0.05965662 0.4801378 0.6117199 0.7141901 0.6027669 0.6817645 0.5886219 0.6166495 0.6027669 0.6817645 0.7511032 0.1722404 0.5886219 0.6166495 0.8444978 0.3467927 0.07969671 0.6663917 0.993068 0.4453213 0.07969671 0.6663917 0.08491462 0.6697694 0.993068 0.4453213 0.7511032 0.1722404 0.6817707 0.8131318 0.5886219 0.6166495 0.7306466 0.8019163 0.7178283 0.8190544 0.6540277 0.763665 0.7306466 0.8019163 0.6540277 0.763665 0.7142066 0.6372844 0.7142066 0.6372844 0.7283341 0.598986 0.732367 0.5807382 0.7142066 0.6372844 0.732367 0.5807382 0.7306466 0.8019163 0.732367 0.5807382 0.7720391 0.6011921 0.4362145 0.04457747 0.5886219 0.6166495 0.732367 0.5807382 0.5721829 0.7812816 0.6817707 0.8131318 0.7306466 0.8019163 0.5886219 0.6166495 0.5758035 0.5995115 0.5886219 0.6166495 0.5474038 0.591464 0.5474038 0.591464 0.5886219 0.6166495 0.5721829 0.7812816 0.5903437 0.8378278 0.5863108 0.81958 0.5721829 0.7812816 0.6300156 0.8173735 0.5903437 0.8378278 0.5721829 0.7812816 0.7306466 0.8019163 0.732367 0.5807382 0.5886219 0.6166495 0.5721829 0.7812816 0.732367 0.5807382 0.6300156 0.8173735 0.4212464 0.09657156 0.4362145 0.04457747 0.7720391 0.6011921 0.4362145 0.04457747 0.3927478 0.02160304 0.732367 0.5807382 0.732367 0.5807382 0.6070479 9.11793e-4 0.6108635 0.02236628 0.6108635 0.02236628 0.5672786 0.04504114 0.732367 0.5807382 0.5672786 0.04504114 0.65371 0.7683148 0.6300156 0.8173735 0.6300156 0.8173735 0.732367 0.5807382 0.5672786 0.04504114 0.3696092 0.6659641 0.007050216 0.4440413 0.3408371 0.6855685 0.007050216 0.4440413 0.03549546 0.4514344 0.1567045 0.3452859 0.9647006 0.4526569 0.993068 0.4453213 0.8444978 0.3467927 0.007050216 0.4440413 0.1567045 0.3452859 0.3356192 0.6889461 0.3408371 0.6855685 0.3439803 0.6837235 0.3696092 0.6659641 0.2504867 0.2893785 0.3323124 0.6904509 0.3356192 0.6889461 0.1567045 0.3452859 0.2504867 0.2893785 0.3356192 0.6889461 0.2295667 0.2094056 0.1981897 0.2705168 0.8035213 0.2719685 0.1981897 0.2705168 0.1567045 0.3452859 0.05965662 0.4801378 0.7537441 0.7043758 0.7447912 0.7368013 0.7306466 0.8019163 0.7447912 0.7368013 0.6817707 0.8131318 0.7306466 0.8019163 0.6817707 0.8131318 0.2295667 0.2094056 0.7178283 0.8190544 0.1981897 0.2705168 0.05965662 0.4801378 0.8035213 0.2719685 0.7178283 0.8190544 0.2295667 0.2094056 0.7725544 0.210826 0.3356192 0.6889461 0.3408371 0.6855685 0.007050216 0.4440413 0.993068 0.4453213 0.1136867 0.6893736 0.08491462 0.6697694 0.8444978 0.3467927 0.993068 0.4453213 0.07969671 0.6663917 0.1136867 0.6893736 0.08805781 0.6716143 0.08491462 0.6697694 0.07969671 0.6663917 0.07638984 0.664887 0.09624606 0.5972789 0.07969671 0.6663917 0.09624606 0.5972789 0.8444978 0.3467927 0.8444978 0.3467927 0.8035213 0.2719685 0.05965662 0.4801378 0.8035213 0.2719685 0.7725544 0.210826 0.2295667 0.2094056 0.7511032 0.1722404 0.6027669 0.6817645 0.5886219 0.6166495 0.6027669 0.6817645 0.6117199 0.7141901 0.5886219 0.6166495 0.7725544 0.210826 0.7511032 0.1722404 0.5758035 0.5995115 0.08491462 0.6697694 0.07969671 0.6663917 0.993068 0.4453213 0.7178283 0.8190544 0.7306466 0.8019163 0.6817707 0.8131318 0.7283341 0.598986 0.7142066 0.6372844 0.6540277 0.763665 0.3927478 0.02160304 0.4362145 0.04457747 0.7720391 0.6011921 0.4362145 0.04457747 0.4212464 0.09657156 0.7720391 0.6011921 0.7720391 0.6011921 0.7283341 0.598986 0.6540277 0.763665 0.7720391 0.6011921 0.6540277 0.763665 0.7178283 0.8190544 0.7511032 0.1722404 0.5886219 0.6166495 0.5758035 0.5995115 0.5474038 0.591464 0.5721829 0.7812816 0.5863108 0.81958 0.65371 0.7683148 0.5672786 0.04504114 0.6300156 0.8173735 0.5672786 0.04504114 0.6108635 0.02236628 0.6300156 0.8173735 0.5474038 0.591464 0.5863108 0.81958 0.6300156 0.8173735 0.5758035 0.5995115 0.5474038 0.591464 0.6300156 0.8173735 0.7725544 0.210826 0.5758035 0.5995115 0.7178283 0.8190544 0.7720391 0.6011921 0.7178283 0.8190544 0.5758035 0.5995115 0.7720391 0.6011921 0.5758035 0.5995115 0.6300156 0.8173735 0.7720391 0.6011921 0.6300156 0.8173735 0.6070479 9.11793e-4 0.7720391 0.6011921 0.6070479 9.11793e-4 0.3927478 0.02160304</float_array>
          <technique_common>
            <accessor source="#Cube-mesh-map-0-array" count="2466" stride="2">
              <param name="S" type="float"/>
              <param name="T" type="float"/>
            </accessor>
          </technique_common>
        </source>
        <source id="Cube-mesh-map-1">
          <float_array id="Cube-mesh-map-1-array" count="4932">0.7431208 0.4573073 0.7107235 0.4124125 0.6993119 0.4219568 0.2957611 0.3263433 0.3243871 0.2810408 0.2805427 0.253261 0.6531301 0.3344537 0.6195138 0.3040945 0.5996043 0.3254718 0.5618144 0.1284995 0.533742 0.1153075 0.533325 0.1787736 0.4693259 0.1151077 0.5013638 0.1753246 0.5015835 0.1016322 0.3428989 0.4624167 0.3558394 0.5026882 0.3713772 0.4869272 0.3019137 0.4214844 0.2578254 0.4567519 0.3186601 0.4827844 0.2504867 0.2893785 0.2805427 0.253261 0.2295667 0.2094056 0.6823537 0.4830121 0.6451938 0.5027074 0.6616652 0.5248199 0.3486152 0.3339505 0.3243871 0.2810408 0.2957611 0.3263433 0.7537441 0.7043758 0.7245993 0.6717208 0.7310187 0.6986919 0.5988595 0.4564658 0.5525348 0.4531539 0.5744728 0.5175886 0.65371 0.7055177 0.6388093 0.7410517 0.65371 0.7683148 0.4693259 0.1151077 0.4693752 0.1786041 0.5013638 0.1753246 0.8593095 0.4571401 0.8456766 0.4280116 0.7927576 0.4212303 0.7957342 0.7130478 0.7957338 0.6502506 0.7808331 0.6775138 0.7310187 0.6986919 0.6735221 0.7618483 0.6880155 0.7674707 0.1057248 0.3481398 0.05642217 0.3510494 0.07320588 0.3728767 0.8456766 0.4280116 0.8593095 0.4571401 0.9405657 0.4812257 0.5685293 0.2794915 0.6038765 0.2628769 0.577642 0.2107235 0.3521685 0.758059 0.3323124 0.6904509 0.290885 0.6991183 0.7004028 0.2066347 0.668085 0.1497699 0.6218593 0.1845089 0.6218593 0.1845089 0.668085 0.1497699 0.6246005 0.1317421 0.02150863 0.3954506 0.03549546 0.4514344 0.04963737 0.4051887 0.3807107 0.1838673 0.4278326 0.1730024 0.4039146 0.1563774 0.3348867 0.6283683 0.3906297 0.6421984 0.3487876 0.6049864 0.7245993 0.6717208 0.7142066 0.6372844 0.6540277 0.763665 0.7957342 0.7130478 0.7447912 0.7368013 0.7616885 0.7548341 0.334681 0.677421 0.3200894 0.6592178 0.3356192 0.6889461 0.07829469 0.4094709 0.09720242 0.3747557 0.07320588 0.3728767 0.4336487 0.2792634 0.424852 0.2103523 0.3983182 0.2624561 0.1412687 0.4561337 0.1762593 0.4830797 0.2081802 0.4203519 0.7353729 0.6401067 0.7283341 0.598986 0.7142066 0.6372844 0.3323124 0.6904509 0.3356192 0.6889461 0.3200894 0.6592178 0.3558394 0.5026882 0.3705343 0.5278987 0.3778576 0.5086053 0.09624606 0.5972789 0.0387488 0.5807382 0.03496265 0.6562196 0.5988445 0.1569311 0.5618144 0.1284995 0.5748627 0.1734017 0.6218593 0.1845089 0.5988445 0.1569311 0.5748627 0.1734017 0.8243311 0.4838752 0.7927576 0.4212303 0.7431208 0.4573073 0.6993119 0.4219568 0.7107235 0.4124125 0.6531301 0.3344537 0.6451938 0.5027074 0.6232105 0.5085179 0.6304354 0.5277897 0.7353729 0.6401067 0.7623171 0.6140078 0.7283341 0.598986 0.4039146 0.1563774 0.4212464 0.09657156 0.3782706 0.1309986 0.4477084 0.3673017 0.4023086 0.3251944 0.3863983 0.3629018 0.1057248 0.3481398 0.07320588 0.3728767 0.09720242 0.3747557 0.5996043 0.3254718 0.6195138 0.3040945 0.579595 0.3039642 0.04963737 0.4051887 0.03549546 0.4514344 0.0732935 0.4454554 0.8793696 0.3863114 0.9032789 0.3761589 0.8948056 0.3496236 0.6153108 0.3631612 0.5541304 0.36729 0.5525348 0.4531539 0.3486152 0.3339505 0.3824536 0.3036807 0.3243871 0.2810408 0.7214527 0.2543037 0.7004028 0.2066347 0.6508516 0.2373518 0.3486152 0.3339505 0.3863983 0.3629018 0.4023086 0.3251944 0.3186601 0.4827844 0.3026336 0.5132256 0.3392323 0.5247931 0.7927576 0.4212303 0.7058798 0.327124 0.7107235 0.4124125 0.4693259 0.1151077 0.5015835 0.1016322 0.4852637 0.06477141 0.275385 0.6199318 0.2952059 0.5807382 0.2560812 0.6082631 0.6993119 0.4219568 0.6582661 0.4626003 0.6823537 0.4830121 0.7353729 0.6401067 0.7142066 0.6372844 0.7245993 0.6717208 0.3018983 0.2056033 0.2512815 0.1708552 0.2295667 0.2094056 0.02150863 0.3954506 0.007050216 0.4440413 0.03549546 0.4514344 0.3019137 0.4214844 0.3486152 0.3339505 0.2905107 0.411863 0.4039146 0.1563774 0.4278326 0.1730024 0.4411531 0.1281359 0.2946712 0.7745997 0.290885 0.6991183 0.2560812 0.6653985 0.5233589 0.2976167 0.5685293 0.2794915 0.5421915 0.2240657 0.5988445 0.1569311 0.6246005 0.1317421 0.5818964 0.09709084 0.290885 0.6991183 0.3106107 0.6451689 0.275385 0.6199318 0.2949568 0.5416697 0.3080397 0.5804204 0.3151274 0.5498918 0.3513838 0.2366477 0.3983182 0.2624561 0.424852 0.2103523 0.2957611 0.3263433 0.2805427 0.253261 0.2504867 0.2893785 0.8948056 0.3496236 0.9032789 0.3761589 0.9271987 0.3743064 0.6531301 0.3344537 0.7058798 0.327124 0.6775611 0.2817892 0.2560812 0.6653985 0.275385 0.6199318 0.2560812 0.6082631 0.3558394 0.5026882 0.3392323 0.5247931 0.3705343 0.5278987 0.5618144 0.1284995 0.5818964 0.09709084 0.5511405 0.0803622 0.4024899 0.456518 0.4266853 0.5179004 0.4489471 0.4533911 0.6297627 0.4869249 0.6064893 0.4931213 0.6232105 0.5085179 0.3428989 0.4624167 0.3186601 0.4827844 0.3558394 0.5026882 0.4693259 0.1151077 0.4852637 0.06477141 0.4521354 0.08002835 0.3696092 0.6659641 0.3348867 0.6283683 0.3375441 0.6754158 0.4039146 0.1563774 0.4411531 0.1281359 0.4212464 0.09657156 0.3487876 0.6049864 0.2952059 0.5807382 0.3009517 0.6038611 0.668085 0.1497699 0.7004028 0.2066347 0.7511032 0.1722404 0.5988595 0.4564658 0.6064893 0.4931213 0.6297627 0.4869249 0.7058798 0.327124 0.7512418 0.2904978 0.7214527 0.2543037 0.01946258 0.7354059 1.58857e-4 0.7470746 0.03928345 0.7745995 0.6195138 0.3040945 0.6775611 0.2817892 0.6508516 0.2373518 0.456804 0.3452925 0.4224538 0.3037318 0.4023086 0.3251944 0.4266853 0.5179004 0.3778576 0.5086053 0.4062176 0.5398429 0.1412687 0.4561337 0.2081802 0.4203519 0.1550382 0.4269418 0.6582661 0.4626003 0.6297627 0.4869249 0.6451938 0.5027074 0.5421915 0.2240657 0.577642 0.2107235 0.5748627 0.1734017 0.5744728 0.5175886 0.5947979 0.5395571 0.6232105 0.5085179 0.5451417 0.3452968 0.5996043 0.3254718 0.579595 0.3039642 0.6508516 0.2373518 0.6218593 0.1845089 0.577642 0.2107235 0.2578254 0.4567519 0.3019137 0.4214844 0.2905107 0.411863 0.7927576 0.4212303 0.8456766 0.4280116 0.8019658 0.4037671 0.3863983 0.3629018 0.3428989 0.4624167 0.4024899 0.456518 0.3019137 0.4214844 0.3863983 0.3629018 0.3486152 0.3339505 0.4788115 0.297608 0.5012291 0.2340178 0.4602763 0.223881 0.3018983 0.2056033 0.3807107 0.1838673 0.3345991 0.1488048 0.4266853 0.5179004 0.3946867 0.4932371 0.3778576 0.5086053 0.5947979 0.5395571 0.6244295 0.5599861 0.6304354 0.5277897 0.1211832 0.3849622 0.09720242 0.3747557 0.07829469 0.4094709 0.3486152 0.3339505 0.4023086 0.3251944 0.3824536 0.3036807 0.1990159 0.402789 0.2081802 0.4203519 0.2957611 0.3263433 0.3967058 1.58857e-4 0.4362145 0.04457747 0.4571912 0.01502048 0.8444978 0.3467927 0.8035213 0.2719685 0.7512418 0.2904978 0.579595 0.3039642 0.6195138 0.3040945 0.6038765 0.2628769 0.7512418 0.2904978 0.8035213 0.2719685 0.7725544 0.210826 0.6153108 0.3631612 0.5988595 0.4564658 0.6582661 0.4626003 0.6070479 9.11793e-4 0.5465095 0.01536881 0.5672786 0.04504114 0.69821 0.5134334 0.6616652 0.5248199 0.6856021 0.5499473 0.7004028 0.2066347 0.7214527 0.2543037 0.7725544 0.210826 0.6537629 0.569283 0.6925477 0.5804204 0.6856021 0.5499473 0.8019658 0.4037671 0.7058798 0.327124 0.7927576 0.4212303 0.2949568 0.5416697 0.2764701 0.5682733 0.3080397 0.5804204 1.58857e-4 0.6899393 1.58857e-4 0.7470746 0.01946258 0.7354059 0.7057501 0.5418289 0.6856021 0.5499473 0.6925477 0.5804204 0.7057501 0.5418289 0.7240787 0.5684327 0.749556 0.5355308 0.7498305 0.5346267 0.69821 0.5134334 0.7057501 0.5418289 0.6537629 0.569283 0.6616652 0.5248199 0.6304354 0.5277897 0.4411531 0.1281359 0.4521354 0.08002835 0.4212464 0.09657156 0.3967058 1.58857e-4 0.3927478 0.02160304 0.4362145 0.04457747 0.7520983 0.5213286 0.6823537 0.4830121 0.69821 0.5134334 0.5181334 0.06490105 0.5511405 0.0803622 0.5672786 0.04504114 0.533742 0.1153075 0.5511405 0.0803622 0.5181334 0.06490105 0.4852637 0.06477141 0.4362145 0.04457747 0.4521354 0.08002835 0.4224538 0.3037318 0.4788115 0.297608 0.4336487 0.2792634 0.1762593 0.4830797 0.220719 0.507233 0.2578254 0.4567519 0.579595 0.3039642 0.5685293 0.2794915 0.5233589 0.2976167 0.3469751 0.569409 0.3764247 0.5602055 0.3705343 0.5278987 0.5541304 0.36729 0.6153108 0.3631612 0.5996043 0.3254718 0.3026336 0.5132256 0.2949568 0.5416697 0.3151274 0.5498918 0.3469751 0.569409 0.3392323 0.5247931 0.3151274 0.5498918 0.07829469 0.4094709 0.07320588 0.3728767 0.04963737 0.4051887 0.2949568 0.5416697 0.2510538 0.5351773 0.2764701 0.5682733 0.2507817 0.5342696 0.2510538 0.5351773 0.2949568 0.5416697 0.7431208 0.4573073 0.6823537 0.4830121 0.7520983 0.5213286 0.2507817 0.5342696 0.2949568 0.5416697 0.3026336 0.5132256 0.7178283 0.8190544 0.6894286 0.827102 0.7038087 0.8378278 0.7058798 0.327124 0.6531301 0.3344537 0.7107235 0.4124125 0.0387488 0.5807382 1.58857e-4 0.6899393 0.03496265 0.6562196 0.533742 0.1153075 0.5015835 0.1016322 0.5013638 0.1753246 0.5012291 0.2340178 0.5421915 0.2240657 0.533325 0.1787736 0.7537441 0.7043758 0.7353729 0.6401067 0.7245993 0.6717208 0.3018983 0.2056033 0.3513838 0.2366477 0.3807107 0.1838673 0.4411531 0.1281359 0.4693259 0.1151077 0.4521354 0.08002835 0.4411531 0.1281359 0.4693752 0.1786041 0.4693259 0.1151077 0.04963737 0.4051887 0.05642217 0.3510494 0.02150863 0.3954506 0.4521354 0.08002835 0.4362145 0.04457747 0.4212464 0.09657156 0.2504867 0.2893785 0.2295667 0.2094056 0.1981897 0.2705168 0.7087129 0.7855538 0.7028607 0.7669814 0.6880155 0.7674707 0.7306466 0.8019163 0.7087129 0.7855538 0.7000682 0.8057588 0.05468827 0.7101688 0.01946258 0.7354059 0.04502928 0.7514766 0.9506623 0.4065396 0.9787134 0.3968613 0.9439457 0.3525616 0.9220935 0.410777 0.9506623 0.4065396 0.9271987 0.3743064 0.0928651 0.7503513 0.07896423 0.7269694 0.04502928 0.7514766 0.8793696 0.3863114 0.9270424 0.4466429 0.9220935 0.410777 0.03496265 0.6562196 0.01946258 0.7354059 0.05468827 0.7101688 0.9787134 0.3968613 0.9506623 0.4065396 0.9647006 0.4526569 0.9506623 0.4065396 0.9220935 0.410777 0.9270424 0.4466429 0.07896423 0.7269694 0.0928651 0.7503513 0.1347071 0.7131392 0.08162158 0.679922 0.07896423 0.7269694 0.1136867 0.6893736 0.6388093 0.7410517 0.65371 0.7055177 0.6117199 0.7141901 0.5889946 0.7198741 0.6117199 0.7141901 0.5608361 0.6515846 0.5666883 0.6330122 0.5347149 0.6292966 0.545991 0.6510954 0.6117199 0.7141901 0.5889946 0.7198741 0.5825754 0.7468451 0.5933492 0.7784592 0.5863108 0.81958 0.6202937 0.8045579 0.6117199 0.7141901 0.5933492 0.7784592 0.6251993 0.7708573 0.5889946 0.7198741 0.545991 0.6510954 0.5314976 0.656718 0.5347149 0.6292966 0.5120033 0.6549013 0.5314976 0.656718 0.5933492 0.7784592 0.5825754 0.7468451 0.5721829 0.7812816 0.5758035 0.5995115 0.5617838 0.5807382 0.5474038 0.591464 0.5886219 0.6166495 0.5758035 0.5995115 0.5580435 0.6128072 0.5825754 0.7468451 0.5314976 0.656718 0.5120033 0.6549013 0.65371 0.7683148 0.6388093 0.7410517 0.6251993 0.7708573 0.2081802 0.4203519 0.2578254 0.4567519 0.2905107 0.411863 0.4602763 0.223881 0.4278326 0.1730024 0.424852 0.2103523 0.6531301 0.3344537 0.5996043 0.3254718 0.6153108 0.3631612 0.6117199 0.7141901 0.5886219 0.6166495 0.5666883 0.6330122 0.5511405 0.0803622 0.5818964 0.09709084 0.5672786 0.04504114 0.4788115 0.297608 0.4602763 0.223881 0.4336487 0.2792634 0.3019137 0.4214844 0.3186601 0.4827844 0.3428989 0.4624167 0.6767396 0.7892697 0.6735221 0.7618483 0.6540277 0.763665 0.1550382 0.4269418 0.05965662 0.4801378 0.1412687 0.4561337 0.5863108 0.81958 0.5903437 0.8378278 0.6300156 0.8173735 0.6202937 0.8045579 0.6300156 0.8173735 0.65371 0.7683148 0.7957338 0.6502506 0.7623171 0.6140078 0.767223 0.6477084 0.65371 0.7055177 0.6196641 0.6637316 0.6027669 0.6817645 0.5618144 0.1284995 0.533325 0.1787736 0.5748627 0.1734017 0.2578254 0.4567519 0.220719 0.507233 0.2485604 0.5209251 0.2805427 0.253261 0.3513838 0.2366477 0.3018983 0.2056033 0.1211832 0.3849622 0.07829469 0.4094709 0.0732935 0.4454554 0.1567045 0.3452859 0.2504867 0.2893785 0.1981897 0.2705168 0.6823537 0.4830121 0.6616652 0.5248199 0.69821 0.5134334 0.3106107 0.6451689 0.3009517 0.6038611 0.275385 0.6199318 0.2560812 0.6653985 0.290885 0.6991183 0.275385 0.6199318 0.5988595 0.4564658 0.5744728 0.5175886 0.6064893 0.4931213 0.8593095 0.4571401 0.7927576 0.4212303 0.8243311 0.4838752 0.2578254 0.4567519 0.2485604 0.5209251 0.3186601 0.4827844 0.4224538 0.3037318 0.4656724 0.3278003 0.4788115 0.297608 0.3713772 0.4869272 0.3778576 0.5086053 0.3946867 0.4932371 0.7537441 0.7043758 0.7028607 0.7669814 0.7087129 0.7855538 0.8456766 0.4280116 0.9405657 0.4812257 0.9270424 0.4466429 0.5685293 0.2794915 0.577642 0.2107235 0.5421915 0.2240657 0.7004028 0.2066347 0.6218593 0.1845089 0.6508516 0.2373518 0.6218593 0.1845089 0.6246005 0.1317421 0.5988445 0.1569311 0.4224538 0.3037318 0.3983182 0.2624561 0.3824536 0.3036807 0.4852637 0.06477141 0.4571912 0.01502048 0.4362145 0.04457747 0.3863983 0.3629018 0.4024899 0.456518 0.4489471 0.4533911 0.3408371 0.6855685 0.334681 0.677421 0.3356192 0.6889461 0.7353729 0.6401067 0.767223 0.6477084 0.7623171 0.6140078 0.7245993 0.6717208 0.6540277 0.763665 0.6735221 0.7618483 0.7537441 0.7043758 0.7087129 0.7855538 0.7306466 0.8019163 0.2485604 0.5209251 0.2507817 0.5342696 0.3026336 0.5132256 0.3186601 0.4827844 0.3392323 0.5247931 0.3558394 0.5026882 0.4602763 0.223881 0.4693752 0.1786041 0.4278326 0.1730024 0.09624606 0.5972789 0.03496265 0.6562196 0.07638984 0.664887 0.6218593 0.1845089 0.5748627 0.1734017 0.577642 0.2107235 0.8243311 0.4838752 0.7431208 0.4573073 0.7799134 0.5077843 0.6993119 0.4219568 0.6531301 0.3344537 0.6153108 0.3631612 0.6451938 0.5027074 0.6304354 0.5277897 0.6616652 0.5248199 0.04963737 0.4051887 0.07320588 0.3728767 0.05642217 0.3510494 0.275385 0.6199318 0.3009517 0.6038611 0.2952059 0.5807382 0.4024899 0.456518 0.3946867 0.4932371 0.4266853 0.5179004 0.8793696 0.3863114 0.8948056 0.3496236 0.8332131 0.3617917 0.6153108 0.3631612 0.5525348 0.4531539 0.5988595 0.4564658 0.7214527 0.2543037 0.6508516 0.2373518 0.6775611 0.2817892 0.4477084 0.3673017 0.456804 0.3452925 0.4023086 0.3251944 0.7927576 0.4212303 0.7107235 0.4124125 0.7431208 0.4573073 0.3807107 0.1838673 0.424852 0.2103523 0.4278326 0.1730024 0.4023086 0.3251944 0.4224538 0.3037318 0.3824536 0.3036807 0.6993119 0.4219568 0.6823537 0.4830121 0.7431208 0.4573073 0.7087129 0.7855538 0.6880155 0.7674707 0.6767396 0.7892697 0.3513838 0.2366477 0.424852 0.2103523 0.3807107 0.1838673 0.3863983 0.3629018 0.4489471 0.4533911 0.4477084 0.3673017 0.1211832 0.3849622 0.167513 0.3603976 0.1057248 0.3481398 0.5233589 0.2976167 0.5421915 0.2240657 0.5012291 0.2340178 0.5988445 0.1569311 0.5818964 0.09709084 0.5618144 0.1284995 0.04963737 0.4051887 0.0732935 0.4454554 0.07829469 0.4094709 0.3348867 0.6283683 0.3106107 0.6451689 0.3375441 0.6754158 0.4062176 0.5398429 0.3778576 0.5086053 0.3705343 0.5278987 0.8948056 0.3496236 0.9271987 0.3743064 0.9439457 0.3525616 0.6531301 0.3344537 0.6775611 0.2817892 0.6195138 0.3040945 0.7623171 0.6140078 0.7957338 0.6502506 0.7720391 0.6011921 0.456804 0.3452925 0.4656724 0.3278003 0.4224538 0.3037318 0.7537441 0.7043758 0.767223 0.6477084 0.7353729 0.6401067 0.5618144 0.1284995 0.5511405 0.0803622 0.533742 0.1153075 0.3487876 0.6049864 0.3009517 0.6038611 0.3348867 0.6283683 0.6297627 0.4869249 0.6232105 0.5085179 0.6451938 0.5027074 0.7283341 0.598986 0.7720391 0.6011921 0.732367 0.5807382 0.1762593 0.4830797 0.2578254 0.4567519 0.2081802 0.4203519 0.4024899 0.456518 0.3428989 0.4624167 0.3713772 0.4869272 0.7808331 0.6775138 0.7537441 0.7043758 0.7957342 0.7130478 0.3824536 0.3036807 0.3513838 0.2366477 0.3243871 0.2810408 0.6196641 0.6637316 0.5397459 0.6054345 0.6027669 0.6817645 0.5988595 0.4564658 0.6297627 0.4869249 0.6582661 0.4626003 0.7058798 0.327124 0.7214527 0.2543037 0.6775611 0.2817892 0.01946258 0.7354059 0.03928345 0.7745995 0.04502928 0.7514766 0.6195138 0.3040945 0.6508516 0.2373518 0.6038765 0.2628769 0.4224538 0.3037318 0.4336487 0.2792634 0.3983182 0.2624561 0.4411531 0.1281359 0.4278326 0.1730024 0.4693752 0.1786041 0.1550382 0.4269418 0.0732935 0.4454554 0.05965662 0.4801378 0.6582661 0.4626003 0.6451938 0.5027074 0.6823537 0.4830121 0.5421915 0.2240657 0.5748627 0.1734017 0.533325 0.1787736 0.5744728 0.5175886 0.6232105 0.5085179 0.6064893 0.4931213 0.5451417 0.3452968 0.579595 0.3039642 0.5363572 0.3278077 0.6508516 0.2373518 0.577642 0.2107235 0.6038765 0.2628769 0.3469751 0.569409 0.3151274 0.5498918 0.3080397 0.5804204 0.3200894 0.6592178 0.334681 0.677421 0.3375441 0.6754158 0.3713772 0.4869272 0.3558394 0.5026882 0.3778576 0.5086053 0.5012291 0.2340178 0.4693752 0.1786041 0.4602763 0.223881 0.5947979 0.5395571 0.6304354 0.5277897 0.6232105 0.5085179 0.3807107 0.1838673 0.3782706 0.1309986 0.3345991 0.1488048 0.4024899 0.456518 0.3713772 0.4869272 0.3946867 0.4932371 0.7537441 0.7043758 0.7808331 0.6775138 0.767223 0.6477084 0.579595 0.3039642 0.6038765 0.2628769 0.5685293 0.2794915 0.7512418 0.2904978 0.7725544 0.210826 0.7214527 0.2543037 0.6153108 0.3631612 0.6582661 0.4626003 0.6993119 0.4219568 0.6070479 9.11793e-4 0.5672786 0.04504114 0.6108635 0.02236628 0.69821 0.5134334 0.6856021 0.5499473 0.7057501 0.5418289 0.7004028 0.2066347 0.7725544 0.210826 0.7511032 0.1722404 0.6537629 0.569283 0.6856021 0.5499473 0.6616652 0.5248199 0.3026336 0.5132256 0.3151274 0.5498918 0.3392323 0.5247931 1.58857e-4 0.6899393 0.01946258 0.7354059 0.03496265 0.6562196 0.7057501 0.5418289 0.6925477 0.5804204 0.7240787 0.5684327 0.7498305 0.5346267 0.7057501 0.5418289 0.749556 0.5355308 0.6537629 0.569283 0.6304354 0.5277897 0.6244295 0.5599861 0.290885 0.6991183 0.3323124 0.6904509 0.3106107 0.6451689 0.7520983 0.5213286 0.69821 0.5134334 0.7498305 0.5346267 0.5181334 0.06490105 0.5672786 0.04504114 0.5465095 0.01536881 0.533742 0.1153075 0.5181334 0.06490105 0.5015835 0.1016322 0.3807107 0.1838673 0.4039146 0.1563774 0.3782706 0.1309986 0.3824536 0.3036807 0.3983182 0.2624561 0.3513838 0.2366477 0.579595 0.3039642 0.5233589 0.2976167 0.5363572 0.3278077 0.5012291 0.2340178 0.5013638 0.1753246 0.4693752 0.1786041 0.5541304 0.36729 0.5996043 0.3254718 0.5451417 0.3452968 0.7616885 0.7548341 0.7447912 0.7368013 0.6817707 0.8131318 0.3018983 0.2056033 0.2295667 0.2094056 0.2805427 0.253261 0.3863983 0.3629018 0.3019137 0.4214844 0.3428989 0.4624167 0.0732935 0.4454554 0.03549546 0.4514344 0.05965662 0.4801378 0.2081802 0.4203519 0.1990159 0.402789 0.1550382 0.4269418 0.4336487 0.2792634 0.4602763 0.223881 0.424852 0.2103523 0.7431208 0.4573073 0.7520983 0.5213286 0.7799134 0.5077843 0.7310187 0.6986919 0.6880155 0.7674707 0.7028607 0.7669814 0.3348867 0.6283683 0.3696092 0.6659641 0.3906297 0.6421984 0.533742 0.1153075 0.5013638 0.1753246 0.533325 0.1787736 0.5012291 0.2340178 0.533325 0.1787736 0.5013638 0.1753246 0.7306466 0.8019163 0.7000682 0.8057588 0.7178283 0.8190544 0.2805427 0.253261 0.3243871 0.2810408 0.3513838 0.2366477 0.3521685 0.758059 0.290885 0.6991183 0.2946712 0.7745997 0.7310187 0.6986919 0.7028607 0.7669814 0.7537441 0.7043758 0.3469751 0.569409 0.3705343 0.5278987 0.3392323 0.5247931 0.1211832 0.3849622 0.1057248 0.3481398 0.09720242 0.3747557 0.2957611 0.3263433 0.2905107 0.411863 0.3486152 0.3339505 0.7957338 0.6502506 0.767223 0.6477084 0.7808331 0.6775138 0.05468827 0.7101688 0.04502928 0.7514766 0.07896423 0.7269694 0.9506623 0.4065396 0.9439457 0.3525616 0.9271987 0.3743064 0.9220935 0.410777 0.9271987 0.3743064 0.9032789 0.3761589 0.0928651 0.7503513 0.04502928 0.7514766 0.03928345 0.7745995 0.8793696 0.3863114 0.9220935 0.410777 0.9032789 0.3761589 0.03496265 0.6562196 0.05468827 0.7101688 0.07638984 0.664887 0.9787134 0.3968613 0.9647006 0.4526569 0.993068 0.4453213 0.9506623 0.4065396 0.9270424 0.4466429 0.9647006 0.4526569 0.07896423 0.7269694 0.1347071 0.7131392 0.1136867 0.6893736 0.07896423 0.7269694 0.08162158 0.679922 0.05468827 0.7101688 0.5889946 0.7198741 0.5608361 0.6515846 0.545991 0.6510954 0.5666883 0.6330122 0.545991 0.6510954 0.5608361 0.6515846 0.6117199 0.7141901 0.5825754 0.7468451 0.5933492 0.7784592 0.5933492 0.7784592 0.6202937 0.8045579 0.6251993 0.7708573 0.6117199 0.7141901 0.6251993 0.7708573 0.6388093 0.7410517 0.5889946 0.7198741 0.5314976 0.656718 0.5825754 0.7468451 0.5347149 0.6292966 0.5314976 0.656718 0.545991 0.6510954 0.5933492 0.7784592 0.5721829 0.7812816 0.5863108 0.81958 0.5758035 0.5995115 0.5474038 0.591464 0.5580435 0.6128072 0.5886219 0.6166495 0.5580435 0.6128072 0.5666883 0.6330122 0.5825754 0.7468451 0.5120033 0.6549013 0.5721829 0.7812816 0.65371 0.7683148 0.6251993 0.7708573 0.6202937 0.8045579 0.4062176 0.5398429 0.3705343 0.5278987 0.3764247 0.5602055 0.3106107 0.6451689 0.3348867 0.6283683 0.3009517 0.6038611 0.6117199 0.7141901 0.5666883 0.6330122 0.5608361 0.6515846 0.3345991 0.1488048 0.2512815 0.1708552 0.3018983 0.2056033 0.2081802 0.4203519 0.2905107 0.411863 0.2957611 0.3263433 0.5863108 0.81958 0.6300156 0.8173735 0.6202937 0.8045579 0.65371 0.7055177 0.6027669 0.6817645 0.6117199 0.7141901 0.9270424 0.4466429 0.9405657 0.4812257 0.9647006 0.4526569 0.2485604 0.5209251 0.3026336 0.5132256 0.3186601 0.4827844 0.07875859 0.6779168 0.07969671 0.6663917 0.06416696 0.69612 0.08491462 0.6697694 0.07969671 0.6663917 0.07875859 0.6779168 0.06416696 0.69612 0.07969671 0.6663917 0.07638984 0.664887 0.06416696 0.69612 0.05468827 0.7101688 0.08162158 0.679922 0.08491462 0.6697694 0.07875859 0.6779168 0.08162158 0.679922 0.7283341 0.598986 0.7623171 0.6140078 0.7720391 0.6011921 0.7310187 0.6986919 0.7245993 0.6717208 0.6735221 0.7618483 0.6767396 0.7892697 0.6880155 0.7674707 0.6735221 0.7618483 0.7957342 0.7130478 0.7537441 0.7043758 0.7447912 0.7368013 0.7178283 0.8190544 0.7000682 0.8057588 0.6894286 0.827102 0.3375441 0.6754158 0.334681 0.677421 0.3408371 0.6855685 0.3323124 0.6904509 0.3200894 0.6592178 0.3106107 0.6451689 0.3696092 0.6659641 0.3375441 0.6754158 0.3439803 0.6837235 0.08162158 0.679922 0.1136867 0.6893736 0.08805781 0.6716143 0.3200894 0.6592178 0.3375441 0.6754158 0.3106107 0.6451689 0.06416696 0.69612 0.07638984 0.664887 0.05468827 0.7101688 0.06416696 0.69612 0.08162158 0.679922 0.07875859 0.6779168 0.08491462 0.6697694 0.08162158 0.679922 0.08805781 0.6716143 0.3375441 0.6754158 0.3408371 0.6855685 0.3439803 0.6837235 0.732367 0.5807382 0.3927478 0.02160304 0.6070479 9.11793e-4 0.7431208 0.4573073 0.6993119 0.4219568 0.7107235 0.4124125 0.2957611 0.3263433 0.2805427 0.253261 0.3243871 0.2810408 0.6531301 0.3344537 0.5996043 0.3254718 0.6195138 0.3040945 0.5618144 0.1284995 0.533325 0.1787736 0.533742 0.1153075 0.4693259 0.1151077 0.5015835 0.1016322 0.5013638 0.1753246 0.3428989 0.4624167 0.3713772 0.4869272 0.3558394 0.5026882 0.3019137 0.4214844 0.3186601 0.4827844 0.2578254 0.4567519 0.2504867 0.2893785 0.2295667 0.2094056 0.2805427 0.253261 0.6823537 0.4830121 0.6616652 0.5248199 0.6451938 0.5027074 0.3486152 0.3339505 0.2957611 0.3263433 0.3243871 0.2810408 0.7537441 0.7043758 0.7310187 0.6986919 0.7245993 0.6717208 0.5988595 0.4564658 0.5744728 0.5175886 0.5525348 0.4531539 0.65371 0.7055177 0.65371 0.7683148 0.6388093 0.7410517 0.4693259 0.1151077 0.5013638 0.1753246 0.4693752 0.1786041 0.8593095 0.4571401 0.7927576 0.4212303 0.8456766 0.4280116 0.7957342 0.7130478 0.7808331 0.6775138 0.7957338 0.6502506 0.7310187 0.6986919 0.6880155 0.7674707 0.6735221 0.7618483 0.1057248 0.3481398 0.07320588 0.3728767 0.05642217 0.3510494 0.8456766 0.4280116 0.9405657 0.4812257 0.8593095 0.4571401 0.5685293 0.2794915 0.577642 0.2107235 0.6038765 0.2628769 0.3521685 0.758059 0.290885 0.6991183 0.3323124 0.6904509 0.7004028 0.2066347 0.6218593 0.1845089 0.668085 0.1497699 0.6218593 0.1845089 0.6246005 0.1317421 0.668085 0.1497699 0.02150863 0.3954506 0.04963737 0.4051887 0.03549546 0.4514344 0.3807107 0.1838673 0.4039146 0.1563774 0.4278326 0.1730024 0.3348867 0.6283683 0.3487876 0.6049864 0.3906297 0.6421984 0.7245993 0.6717208 0.6540277 0.763665 0.7142066 0.6372844 0.7957342 0.7130478 0.7616885 0.7548341 0.7447912 0.7368013 0.334681 0.677421 0.3356192 0.6889461 0.3200894 0.6592178 0.07829469 0.4094709 0.07320588 0.3728767 0.09720242 0.3747557 0.4336487 0.2792634 0.3983182 0.2624561 0.424852 0.2103523 0.1412687 0.4561337 0.2081802 0.4203519 0.1762593 0.4830797 0.7353729 0.6401067 0.7142066 0.6372844 0.7283341 0.598986 0.3323124 0.6904509 0.3200894 0.6592178 0.3356192 0.6889461 0.3558394 0.5026882 0.3778576 0.5086053 0.3705343 0.5278987 0.09624606 0.5972789 0.03496265 0.6562196 0.0387488 0.5807382 0.5988445 0.1569311 0.5748627 0.1734017 0.5618144 0.1284995 0.6218593 0.1845089 0.5748627 0.1734017 0.5988445 0.1569311 0.8243311 0.4838752 0.7431208 0.4573073 0.7927576 0.4212303 0.6993119 0.4219568 0.6531301 0.3344537 0.7107235 0.4124125 0.6451938 0.5027074 0.6304354 0.5277897 0.6232105 0.5085179 0.7353729 0.6401067 0.7283341 0.598986 0.7623171 0.6140078 0.4039146 0.1563774 0.3782706 0.1309986 0.4212464 0.09657156 0.4477084 0.3673017 0.3863983 0.3629018 0.4023086 0.3251944 0.1057248 0.3481398 0.09720242 0.3747557 0.07320588 0.3728767 0.5996043 0.3254718 0.579595 0.3039642 0.6195138 0.3040945 0.04963737 0.4051887 0.0732935 0.4454554 0.03549546 0.4514344 0.8793696 0.3863114 0.8948056 0.3496236 0.9032789 0.3761589 0.6153108 0.3631612 0.5525348 0.4531539 0.5541304 0.36729 0.3486152 0.3339505 0.3243871 0.2810408 0.3824536 0.3036807 0.7214527 0.2543037 0.6508516 0.2373518 0.7004028 0.2066347 0.3486152 0.3339505 0.4023086 0.3251944 0.3863983 0.3629018 0.3186601 0.4827844 0.3392323 0.5247931 0.3026336 0.5132256 0.7927576 0.4212303 0.7107235 0.4124125 0.7058798 0.327124 0.4693259 0.1151077 0.4852637 0.06477141 0.5015835 0.1016322 0.275385 0.6199318 0.2560812 0.6082631 0.2952059 0.5807382 0.6993119 0.4219568 0.6823537 0.4830121 0.6582661 0.4626003 0.7353729 0.6401067 0.7245993 0.6717208 0.7142066 0.6372844 0.3018983 0.2056033 0.2295667 0.2094056 0.2512815 0.1708552 0.02150863 0.3954506 0.03549546 0.4514344 0.007050216 0.4440413 0.3019137 0.4214844 0.2905107 0.411863 0.3486152 0.3339505 0.4039146 0.1563774 0.4411531 0.1281359 0.4278326 0.1730024 0.2946712 0.7745997 0.2560812 0.6653985 0.290885 0.6991183 0.5233589 0.2976167 0.5421915 0.2240657 0.5685293 0.2794915 0.5988445 0.1569311 0.5818964 0.09709084 0.6246005 0.1317421 0.290885 0.6991183 0.275385 0.6199318 0.3106107 0.6451689 0.2949568 0.5416697 0.3151274 0.5498918 0.3080397 0.5804204 0.3513838 0.2366477 0.424852 0.2103523 0.3983182 0.2624561 0.2957611 0.3263433 0.2504867 0.2893785 0.2805427 0.253261 0.8948056 0.3496236 0.9271987 0.3743064 0.9032789 0.3761589 0.6531301 0.3344537 0.6775611 0.2817892 0.7058798 0.327124 0.2560812 0.6653985 0.2560812 0.6082631 0.275385 0.6199318 0.3558394 0.5026882 0.3705343 0.5278987 0.3392323 0.5247931 0.5618144 0.1284995 0.5511405 0.0803622 0.5818964 0.09709084 0.4024899 0.456518 0.4489471 0.4533911 0.4266853 0.5179004 0.6297627 0.4869249 0.6232105 0.5085179 0.6064893 0.4931213 0.3428989 0.4624167 0.3558394 0.5026882 0.3186601 0.4827844 0.4693259 0.1151077 0.4521354 0.08002835 0.4852637 0.06477141 0.3696092 0.6659641 0.3375441 0.6754158 0.3348867 0.6283683 0.4039146 0.1563774 0.4212464 0.09657156 0.4411531 0.1281359 0.3487876 0.6049864 0.3009517 0.6038611 0.2952059 0.5807382 0.668085 0.1497699 0.7511032 0.1722404 0.7004028 0.2066347 0.5988595 0.4564658 0.6297627 0.4869249 0.6064893 0.4931213 0.7058798 0.327124 0.7214527 0.2543037 0.7512418 0.2904978 0.01946258 0.7354059 0.03928345 0.7745995 1.58857e-4 0.7470746 0.6195138 0.3040945 0.6508516 0.2373518 0.6775611 0.2817892 0.456804 0.3452925 0.4023086 0.3251944 0.4224538 0.3037318 0.4266853 0.5179004 0.4062176 0.5398429 0.3778576 0.5086053 0.1412687 0.4561337 0.1550382 0.4269418 0.2081802 0.4203519 0.6582661 0.4626003 0.6451938 0.5027074 0.6297627 0.4869249 0.5421915 0.2240657 0.5748627 0.1734017 0.577642 0.2107235 0.5744728 0.5175886 0.6232105 0.5085179 0.5947979 0.5395571 0.5451417 0.3452968 0.579595 0.3039642 0.5996043 0.3254718 0.6508516 0.2373518 0.577642 0.2107235 0.6218593 0.1845089 0.2578254 0.4567519 0.2905107 0.411863 0.3019137 0.4214844 0.7927576 0.4212303 0.8019658 0.4037671 0.8456766 0.4280116 0.3863983 0.3629018 0.4024899 0.456518 0.3428989 0.4624167 0.3019137 0.4214844 0.3486152 0.3339505 0.3863983 0.3629018 0.4788115 0.297608 0.4602763 0.223881 0.5012291 0.2340178 0.3018983 0.2056033 0.3345991 0.1488048 0.3807107 0.1838673 0.4266853 0.5179004 0.3778576 0.5086053 0.3946867 0.4932371 0.5947979 0.5395571 0.6304354 0.5277897 0.6244295 0.5599861 0.1211832 0.3849622 0.07829469 0.4094709 0.09720242 0.3747557 0.3486152 0.3339505 0.3824536 0.3036807 0.4023086 0.3251944 0.1990159 0.402789 0.2957611 0.3263433 0.2081802 0.4203519 0.3967058 1.58857e-4 0.4571912 0.01502048 0.4362145 0.04457747 0.8444978 0.3467927 0.7512418 0.2904978 0.8035213 0.2719685 0.579595 0.3039642 0.6038765 0.2628769 0.6195138 0.3040945 0.7512418 0.2904978 0.7725544 0.210826 0.8035213 0.2719685 0.6153108 0.3631612 0.6582661 0.4626003 0.5988595 0.4564658 0.6070479 9.11793e-4 0.5672786 0.04504114 0.5465095 0.01536881 0.69821 0.5134334 0.6856021 0.5499473 0.6616652 0.5248199 0.7004028 0.2066347 0.7725544 0.210826 0.7214527 0.2543037 0.6537629 0.569283 0.6856021 0.5499473 0.6925477 0.5804204 0.8019658 0.4037671 0.7927576 0.4212303 0.7058798 0.327124 0.2949568 0.5416697 0.3080397 0.5804204 0.2764701 0.5682733 1.58857e-4 0.6899393 0.01946258 0.7354059 1.58857e-4 0.7470746 0.7057501 0.5418289 0.6925477 0.5804204 0.6856021 0.5499473 0.7057501 0.5418289 0.749556 0.5355308 0.7240787 0.5684327 0.7498305 0.5346267 0.7057501 0.5418289 0.69821 0.5134334 0.6537629 0.569283 0.6304354 0.5277897 0.6616652 0.5248199 0.4411531 0.1281359 0.4212464 0.09657156 0.4521354 0.08002835 0.3967058 1.58857e-4 0.4362145 0.04457747 0.3927478 0.02160304 0.7520983 0.5213286 0.69821 0.5134334 0.6823537 0.4830121 0.5181334 0.06490105 0.5672786 0.04504114 0.5511405 0.0803622 0.533742 0.1153075 0.5181334 0.06490105 0.5511405 0.0803622 0.4852637 0.06477141 0.4521354 0.08002835 0.4362145 0.04457747 0.4224538 0.3037318 0.4336487 0.2792634 0.4788115 0.297608 0.1762593 0.4830797 0.2578254 0.4567519 0.220719 0.507233 0.579595 0.3039642 0.5233589 0.2976167 0.5685293 0.2794915 0.3469751 0.569409 0.3705343 0.5278987 0.3764247 0.5602055 0.5541304 0.36729 0.5996043 0.3254718 0.6153108 0.3631612 0.3026336 0.5132256 0.3151274 0.5498918 0.2949568 0.5416697 0.3469751 0.569409 0.3151274 0.5498918 0.3392323 0.5247931 0.07829469 0.4094709 0.04963737 0.4051887 0.07320588 0.3728767 0.2949568 0.5416697 0.2764701 0.5682733 0.2510538 0.5351773 0.2507817 0.5342696 0.2949568 0.5416697 0.2510538 0.5351773 0.7431208 0.4573073 0.7520983 0.5213286 0.6823537 0.4830121 0.2507817 0.5342696 0.3026336 0.5132256 0.2949568 0.5416697 0.7178283 0.8190544 0.7038087 0.8378278 0.6894286 0.827102 0.7058798 0.327124 0.7107235 0.4124125 0.6531301 0.3344537 0.0387488 0.5807382 0.03496265 0.6562196 1.58857e-4 0.6899393 0.533742 0.1153075 0.5013638 0.1753246 0.5015835 0.1016322 0.5012291 0.2340178 0.533325 0.1787736 0.5421915 0.2240657 0.7537441 0.7043758 0.7245993 0.6717208 0.7353729 0.6401067 0.3018983 0.2056033 0.3807107 0.1838673 0.3513838 0.2366477 0.4411531 0.1281359 0.4521354 0.08002835 0.4693259 0.1151077 0.4411531 0.1281359 0.4693259 0.1151077 0.4693752 0.1786041 0.04963737 0.4051887 0.02150863 0.3954506 0.05642217 0.3510494 0.4521354 0.08002835 0.4212464 0.09657156 0.4362145 0.04457747 0.2504867 0.2893785 0.1981897 0.2705168 0.2295667 0.2094056 0.7087129 0.7855538 0.6880155 0.7674707 0.7028607 0.7669814 0.7306466 0.8019163 0.7000682 0.8057588 0.7087129 0.7855538 0.05468827 0.7101688 0.04502928 0.7514766 0.01946258 0.7354059 0.9506623 0.4065396 0.9439457 0.3525616 0.9787134 0.3968613 0.9220935 0.410777 0.9271987 0.3743064 0.9506623 0.4065396 0.0928651 0.7503513 0.04502928 0.7514766 0.07896423 0.7269694 0.8793696 0.3863114 0.9220935 0.410777 0.9270424 0.4466429 0.03496265 0.6562196 0.05468827 0.7101688 0.01946258 0.7354059 0.9787134 0.3968613 0.9647006 0.4526569 0.9506623 0.4065396 0.9506623 0.4065396 0.9270424 0.4466429 0.9220935 0.410777 0.07896423 0.7269694 0.1347071 0.7131392 0.0928651 0.7503513 0.08162158 0.679922 0.1136867 0.6893736 0.07896423 0.7269694 0.6388093 0.7410517 0.6117199 0.7141901 0.65371 0.7055177 0.5889946 0.7198741 0.5608361 0.6515846 0.6117199 0.7141901 0.5666883 0.6330122 0.545991 0.6510954 0.5347149 0.6292966 0.6117199 0.7141901 0.5825754 0.7468451 0.5889946 0.7198741 0.5933492 0.7784592 0.6202937 0.8045579 0.5863108 0.81958 0.6117199 0.7141901 0.6251993 0.7708573 0.5933492 0.7784592 0.5889946 0.7198741 0.5314976 0.656718 0.545991 0.6510954 0.5347149 0.6292966 0.5314976 0.656718 0.5120033 0.6549013 0.5933492 0.7784592 0.5721829 0.7812816 0.5825754 0.7468451 0.5758035 0.5995115 0.5474038 0.591464 0.5617838 0.5807382 0.5886219 0.6166495 0.5580435 0.6128072 0.5758035 0.5995115 0.5825754 0.7468451 0.5120033 0.6549013 0.5314976 0.656718 0.65371 0.7683148 0.6251993 0.7708573 0.6388093 0.7410517 0.2081802 0.4203519 0.2905107 0.411863 0.2578254 0.4567519 0.4602763 0.223881 0.424852 0.2103523 0.4278326 0.1730024 0.6531301 0.3344537 0.6153108 0.3631612 0.5996043 0.3254718 0.6117199 0.7141901 0.5666883 0.6330122 0.5886219 0.6166495 0.5511405 0.0803622 0.5672786 0.04504114 0.5818964 0.09709084 0.4788115 0.297608 0.4336487 0.2792634 0.4602763 0.223881 0.3019137 0.4214844 0.3428989 0.4624167 0.3186601 0.4827844 0.6767396 0.7892697 0.6540277 0.763665 0.6735221 0.7618483 0.1550382 0.4269418 0.1412687 0.4561337 0.05965662 0.4801378 0.5863108 0.81958 0.6300156 0.8173735 0.5903437 0.8378278 0.6202937 0.8045579 0.65371 0.7683148 0.6300156 0.8173735 0.7957338 0.6502506 0.767223 0.6477084 0.7623171 0.6140078 0.65371 0.7055177 0.6027669 0.6817645 0.6196641 0.6637316 0.5618144 0.1284995 0.5748627 0.1734017 0.533325 0.1787736 0.2578254 0.4567519 0.2485604 0.5209251 0.220719 0.507233 0.2805427 0.253261 0.3018983 0.2056033 0.3513838 0.2366477 0.1211832 0.3849622 0.0732935 0.4454554 0.07829469 0.4094709 0.1567045 0.3452859 0.1981897 0.2705168 0.2504867 0.2893785 0.6823537 0.4830121 0.69821 0.5134334 0.6616652 0.5248199 0.3106107 0.6451689 0.275385 0.6199318 0.3009517 0.6038611 0.2560812 0.6653985 0.275385 0.6199318 0.290885 0.6991183 0.5988595 0.4564658 0.6064893 0.4931213 0.5744728 0.5175886 0.8593095 0.4571401 0.8243311 0.4838752 0.7927576 0.4212303 0.2578254 0.4567519 0.3186601 0.4827844 0.2485604 0.5209251 0.4224538 0.3037318 0.4788115 0.297608 0.4656724 0.3278003 0.3713772 0.4869272 0.3946867 0.4932371 0.3778576 0.5086053 0.7537441 0.7043758 0.7087129 0.7855538 0.7028607 0.7669814 0.8456766 0.4280116 0.9270424 0.4466429 0.9405657 0.4812257 0.5685293 0.2794915 0.5421915 0.2240657 0.577642 0.2107235 0.7004028 0.2066347 0.6508516 0.2373518 0.6218593 0.1845089 0.6218593 0.1845089 0.5988445 0.1569311 0.6246005 0.1317421 0.4224538 0.3037318 0.3824536 0.3036807 0.3983182 0.2624561 0.4852637 0.06477141 0.4362145 0.04457747 0.4571912 0.01502048 0.3863983 0.3629018 0.4489471 0.4533911 0.4024899 0.456518 0.3408371 0.6855685 0.3356192 0.6889461 0.334681 0.677421 0.7353729 0.6401067 0.7623171 0.6140078 0.767223 0.6477084 0.7245993 0.6717208 0.6735221 0.7618483 0.6540277 0.763665 0.7537441 0.7043758 0.7306466 0.8019163 0.7087129 0.7855538 0.2485604 0.5209251 0.3026336 0.5132256 0.2507817 0.5342696 0.3186601 0.4827844 0.3558394 0.5026882 0.3392323 0.5247931 0.4602763 0.223881 0.4278326 0.1730024 0.4693752 0.1786041 0.09624606 0.5972789 0.07638984 0.664887 0.03496265 0.6562196 0.6218593 0.1845089 0.577642 0.2107235 0.5748627 0.1734017 0.8243311 0.4838752 0.7799134 0.5077843 0.7431208 0.4573073 0.6993119 0.4219568 0.6153108 0.3631612 0.6531301 0.3344537 0.6451938 0.5027074 0.6616652 0.5248199 0.6304354 0.5277897 0.04963737 0.4051887 0.05642217 0.3510494 0.07320588 0.3728767 0.275385 0.6199318 0.2952059 0.5807382 0.3009517 0.6038611 0.4024899 0.456518 0.4266853 0.5179004 0.3946867 0.4932371 0.8793696 0.3863114 0.8332131 0.3617917 0.8948056 0.3496236 0.6153108 0.3631612 0.5988595 0.4564658 0.5525348 0.4531539 0.7214527 0.2543037 0.6775611 0.2817892 0.6508516 0.2373518 0.4477084 0.3673017 0.4023086 0.3251944 0.456804 0.3452925 0.7927576 0.4212303 0.7431208 0.4573073 0.7107235 0.4124125 0.3807107 0.1838673 0.4278326 0.1730024 0.424852 0.2103523 0.4023086 0.3251944 0.3824536 0.3036807 0.4224538 0.3037318 0.6993119 0.4219568 0.7431208 0.4573073 0.6823537 0.4830121 0.7087129 0.7855538 0.6767396 0.7892697 0.6880155 0.7674707 0.3513838 0.2366477 0.3807107 0.1838673 0.424852 0.2103523 0.3863983 0.3629018 0.4477084 0.3673017 0.4489471 0.4533911 0.1211832 0.3849622 0.1057248 0.3481398 0.167513 0.3603976 0.5233589 0.2976167 0.5012291 0.2340178 0.5421915 0.2240657 0.5988445 0.1569311 0.5618144 0.1284995 0.5818964 0.09709084 0.04963737 0.4051887 0.07829469 0.4094709 0.0732935 0.4454554 0.3348867 0.6283683 0.3375441 0.6754158 0.3106107 0.6451689 0.4062176 0.5398429 0.3705343 0.5278987 0.3778576 0.5086053 0.8948056 0.3496236 0.9439457 0.3525616 0.9271987 0.3743064 0.6531301 0.3344537 0.6195138 0.3040945 0.6775611 0.2817892 0.7623171 0.6140078 0.7720391 0.6011921 0.7957338 0.6502506 0.456804 0.3452925 0.4224538 0.3037318 0.4656724 0.3278003 0.7537441 0.7043758 0.7353729 0.6401067 0.767223 0.6477084 0.5618144 0.1284995 0.533742 0.1153075 0.5511405 0.0803622 0.3487876 0.6049864 0.3348867 0.6283683 0.3009517 0.6038611 0.6297627 0.4869249 0.6451938 0.5027074 0.6232105 0.5085179 0.7283341 0.598986 0.732367 0.5807382 0.7720391 0.6011921 0.1762593 0.4830797 0.2081802 0.4203519 0.2578254 0.4567519 0.4024899 0.456518 0.3713772 0.4869272 0.3428989 0.4624167 0.7808331 0.6775138 0.7957342 0.7130478 0.7537441 0.7043758 0.3824536 0.3036807 0.3243871 0.2810408 0.3513838 0.2366477 0.6196641 0.6637316 0.6027669 0.6817645 0.5397459 0.6054345 0.5988595 0.4564658 0.6582661 0.4626003 0.6297627 0.4869249 0.7058798 0.327124 0.6775611 0.2817892 0.7214527 0.2543037 0.01946258 0.7354059 0.04502928 0.7514766 0.03928345 0.7745995 0.6195138 0.3040945 0.6038765 0.2628769 0.6508516 0.2373518 0.4224538 0.3037318 0.3983182 0.2624561 0.4336487 0.2792634 0.4411531 0.1281359 0.4693752 0.1786041 0.4278326 0.1730024 0.1550382 0.4269418 0.05965662 0.4801378 0.0732935 0.4454554 0.6582661 0.4626003 0.6823537 0.4830121 0.6451938 0.5027074 0.5421915 0.2240657 0.533325 0.1787736 0.5748627 0.1734017 0.5744728 0.5175886 0.6064893 0.4931213 0.6232105 0.5085179 0.5451417 0.3452968 0.5363572 0.3278077 0.579595 0.3039642 0.6508516 0.2373518 0.6038765 0.2628769 0.577642 0.2107235 0.3469751 0.569409 0.3080397 0.5804204 0.3151274 0.5498918 0.3200894 0.6592178 0.3375441 0.6754158 0.334681 0.677421 0.3713772 0.4869272 0.3778576 0.5086053 0.3558394 0.5026882 0.5012291 0.2340178 0.4602763 0.223881 0.4693752 0.1786041 0.5947979 0.5395571 0.6232105 0.5085179 0.6304354 0.5277897 0.3807107 0.1838673 0.3345991 0.1488048 0.3782706 0.1309986 0.4024899 0.456518 0.3946867 0.4932371 0.3713772 0.4869272 0.7537441 0.7043758 0.767223 0.6477084 0.7808331 0.6775138 0.579595 0.3039642 0.5685293 0.2794915 0.6038765 0.2628769 0.7512418 0.2904978 0.7214527 0.2543037 0.7725544 0.210826 0.6153108 0.3631612 0.6993119 0.4219568 0.6582661 0.4626003 0.6070479 9.11793e-4 0.6108635 0.02236628 0.5672786 0.04504114 0.69821 0.5134334 0.7057501 0.5418289 0.6856021 0.5499473 0.7004028 0.2066347 0.7511032 0.1722404 0.7725544 0.210826 0.6537629 0.569283 0.6616652 0.5248199 0.6856021 0.5499473 0.3026336 0.5132256 0.3392323 0.5247931 0.3151274 0.5498918 1.58857e-4 0.6899393 0.03496265 0.6562196 0.01946258 0.7354059 0.7057501 0.5418289 0.7240787 0.5684327 0.6925477 0.5804204 0.7498305 0.5346267 0.749556 0.5355308 0.7057501 0.5418289 0.6537629 0.569283 0.6244295 0.5599861 0.6304354 0.5277897 0.290885 0.6991183 0.3106107 0.6451689 0.3323124 0.6904509 0.7520983 0.5213286 0.7498305 0.5346267 0.69821 0.5134334 0.5181334 0.06490105 0.5465095 0.01536881 0.5672786 0.04504114 0.533742 0.1153075 0.5015835 0.1016322 0.5181334 0.06490105 0.3807107 0.1838673 0.3782706 0.1309986 0.4039146 0.1563774 0.3824536 0.3036807 0.3513838 0.2366477 0.3983182 0.2624561 0.579595 0.3039642 0.5363572 0.3278077 0.5233589 0.2976167 0.5012291 0.2340178 0.4693752 0.1786041 0.5013638 0.1753246 0.5541304 0.36729 0.5451417 0.3452968 0.5996043 0.3254718 0.7616885 0.7548341 0.6817707 0.8131318 0.7447912 0.7368013 0.3018983 0.2056033 0.2805427 0.253261 0.2295667 0.2094056 0.3863983 0.3629018 0.3428989 0.4624167 0.3019137 0.4214844 0.0732935 0.4454554 0.05965662 0.4801378 0.03549546 0.4514344 0.2081802 0.4203519 0.1550382 0.4269418 0.1990159 0.402789 0.4336487 0.2792634 0.424852 0.2103523 0.4602763 0.223881 0.7431208 0.4573073 0.7799134 0.5077843 0.7520983 0.5213286 0.7310187 0.6986919 0.7028607 0.7669814 0.6880155 0.7674707 0.3348867 0.6283683 0.3906297 0.6421984 0.3696092 0.6659641 0.533742 0.1153075 0.533325 0.1787736 0.5013638 0.1753246 0.5012291 0.2340178 0.5013638 0.1753246 0.533325 0.1787736 0.7306466 0.8019163 0.7178283 0.8190544 0.7000682 0.8057588 0.2805427 0.253261 0.3513838 0.2366477 0.3243871 0.2810408 0.3521685 0.758059 0.2946712 0.7745997 0.290885 0.6991183 0.7310187 0.6986919 0.7537441 0.7043758 0.7028607 0.7669814 0.3469751 0.569409 0.3392323 0.5247931 0.3705343 0.5278987 0.1211832 0.3849622 0.09720242 0.3747557 0.1057248 0.3481398 0.2957611 0.3263433 0.3486152 0.3339505 0.2905107 0.411863 0.7957338 0.6502506 0.7808331 0.6775138 0.767223 0.6477084 0.05468827 0.7101688 0.07896423 0.7269694 0.04502928 0.7514766 0.9506623 0.4065396 0.9271987 0.3743064 0.9439457 0.3525616 0.9220935 0.410777 0.9032789 0.3761589 0.9271987 0.3743064 0.0928651 0.7503513 0.03928345 0.7745995 0.04502928 0.7514766 0.8793696 0.3863114 0.9032789 0.3761589 0.9220935 0.410777 0.03496265 0.6562196 0.07638984 0.664887 0.05468827 0.7101688 0.9787134 0.3968613 0.993068 0.4453213 0.9647006 0.4526569 0.9506623 0.4065396 0.9647006 0.4526569 0.9270424 0.4466429 0.07896423 0.7269694 0.1136867 0.6893736 0.1347071 0.7131392 0.07896423 0.7269694 0.05468827 0.7101688 0.08162158 0.679922 0.5889946 0.7198741 0.545991 0.6510954 0.5608361 0.6515846 0.5666883 0.6330122 0.5608361 0.6515846 0.545991 0.6510954 0.6117199 0.7141901 0.5933492 0.7784592 0.5825754 0.7468451 0.5933492 0.7784592 0.6251993 0.7708573 0.6202937 0.8045579 0.6117199 0.7141901 0.6388093 0.7410517 0.6251993 0.7708573 0.5889946 0.7198741 0.5825754 0.7468451 0.5314976 0.656718 0.5347149 0.6292966 0.545991 0.6510954 0.5314976 0.656718 0.5933492 0.7784592 0.5863108 0.81958 0.5721829 0.7812816 0.5758035 0.5995115 0.5580435 0.6128072 0.5474038 0.591464 0.5886219 0.6166495 0.5666883 0.6330122 0.5580435 0.6128072 0.5825754 0.7468451 0.5721829 0.7812816 0.5120033 0.6549013 0.65371 0.7683148 0.6202937 0.8045579 0.6251993 0.7708573 0.4062176 0.5398429 0.3764247 0.5602055 0.3705343 0.5278987 0.3106107 0.6451689 0.3009517 0.6038611 0.3348867 0.6283683 0.6117199 0.7141901 0.5608361 0.6515846 0.5666883 0.6330122 0.3345991 0.1488048 0.3018983 0.2056033 0.2512815 0.1708552 0.2081802 0.4203519 0.2957611 0.3263433 0.2905107 0.411863 0.5863108 0.81958 0.6202937 0.8045579 0.6300156 0.8173735 0.65371 0.7055177 0.6117199 0.7141901 0.6027669 0.6817645 0.9270424 0.4466429 0.9647006 0.4526569 0.9405657 0.4812257 0.2485604 0.5209251 0.3186601 0.4827844 0.3026336 0.5132256 0.07875859 0.6779168 0.06416696 0.69612 0.07969671 0.6663917 0.08491462 0.6697694 0.07875859 0.6779168 0.07969671 0.6663917 0.06416696 0.69612 0.07638984 0.664887 0.07969671 0.6663917 0.06416696 0.69612 0.08162158 0.679922 0.05468827 0.7101688 0.08491462 0.6697694 0.08162158 0.679922 0.07875859 0.6779168 0.7283341 0.598986 0.7720391 0.6011921 0.7623171 0.6140078 0.7310187 0.6986919 0.6735221 0.7618483 0.7245993 0.6717208 0.6767396 0.7892697 0.6735221 0.7618483 0.6880155 0.7674707 0.7957342 0.7130478 0.7447912 0.7368013 0.7537441 0.7043758 0.7178283 0.8190544 0.6894286 0.827102 0.7000682 0.8057588 0.3375441 0.6754158 0.3408371 0.6855685 0.334681 0.677421 0.3323124 0.6904509 0.3106107 0.6451689 0.3200894 0.6592178 0.3696092 0.6659641 0.3439803 0.6837235 0.3375441 0.6754158 0.08162158 0.679922 0.08805781 0.6716143 0.1136867 0.6893736 0.3200894 0.6592178 0.3106107 0.6451689 0.3375441 0.6754158 0.06416696 0.69612 0.05468827 0.7101688 0.07638984 0.664887 0.06416696 0.69612 0.07875859 0.6779168 0.08162158 0.679922 0.08491462 0.6697694 0.08805781 0.6716143 0.08162158 0.679922 0.3375441 0.6754158 0.3439803 0.6837235 0.3408371 0.6855685 0.6108635 0.02236628 0.6070479 9.11793e-4 0.6300156 0.8173735 0.03549546 0.4514344 0.007050216 0.4440413 0.1567045 0.3452859 0.007050216 0.4440413 0.3696092 0.6659641 0.3408371 0.6855685 0.3696092 0.6659641 0.3439803 0.6837235 0.3408371 0.6855685 0.3356192 0.6889461 0.3323124 0.6904509 0.2504867 0.2893785 0.007050216 0.4440413 0.3408371 0.6855685 0.3356192 0.6889461 0.3356192 0.6889461 0.2504867 0.2893785 0.1567045 0.3452859 0.007050216 0.4440413 0.3356192 0.6889461 0.1567045 0.3452859 0.993068 0.4453213 0.9647006 0.4526569 0.8444978 0.3467927 0.1567045 0.3452859 0.1981897 0.2705168 0.05965662 0.4801378 0.1981897 0.2705168 0.2295667 0.2094056 0.7725544 0.210826 0.05965662 0.4801378 0.1981897 0.2705168 0.8035213 0.2719685 0.6817707 0.8131318 0.7447912 0.7368013 0.7306466 0.8019163 0.7447912 0.7368013 0.7537441 0.7043758 0.7306466 0.8019163 0.2295667 0.2094056 0.6817707 0.8131318 0.7511032 0.1722404 0.2295667 0.2094056 0.7511032 0.1722404 0.7725544 0.210826 0.1136867 0.6893736 0.993068 0.4453213 0.08491462 0.6697694 0.08491462 0.6697694 0.08805781 0.6716143 0.1136867 0.6893736 0.09624606 0.5972789 0.07638984 0.664887 0.07969671 0.6663917 0.8444978 0.3467927 0.09624606 0.5972789 0.07969671 0.6663917 0.7725544 0.210826 0.8035213 0.2719685 0.1981897 0.2705168 0.8035213 0.2719685 0.8444978 0.3467927 0.05965662 0.4801378 0.6117199 0.7141901 0.6027669 0.6817645 0.5886219 0.6166495 0.6027669 0.6817645 0.7511032 0.1722404 0.5886219 0.6166495 0.8444978 0.3467927 0.07969671 0.6663917 0.993068 0.4453213 0.07969671 0.6663917 0.08491462 0.6697694 0.993068 0.4453213 0.7511032 0.1722404 0.6817707 0.8131318 0.5886219 0.6166495 0.7306466 0.8019163 0.7178283 0.8190544 0.6540277 0.763665 0.7306466 0.8019163 0.6540277 0.763665 0.7142066 0.6372844 0.7142066 0.6372844 0.7283341 0.598986 0.732367 0.5807382 0.7142066 0.6372844 0.732367 0.5807382 0.7306466 0.8019163 0.732367 0.5807382 0.7720391 0.6011921 0.4362145 0.04457747 0.5886219 0.6166495 0.732367 0.5807382 0.5721829 0.7812816 0.6817707 0.8131318 0.7306466 0.8019163 0.5886219 0.6166495 0.5758035 0.5995115 0.5886219 0.6166495 0.5474038 0.591464 0.5474038 0.591464 0.5886219 0.6166495 0.5721829 0.7812816 0.5903437 0.8378278 0.5863108 0.81958 0.5721829 0.7812816 0.6300156 0.8173735 0.5903437 0.8378278 0.5721829 0.7812816 0.7306466 0.8019163 0.732367 0.5807382 0.5886219 0.6166495 0.5721829 0.7812816 0.732367 0.5807382 0.6300156 0.8173735 0.4212464 0.09657156 0.4362145 0.04457747 0.7720391 0.6011921 0.4362145 0.04457747 0.3927478 0.02160304 0.732367 0.5807382 0.732367 0.5807382 0.6070479 9.11793e-4 0.6108635 0.02236628 0.6108635 0.02236628 0.5672786 0.04504114 0.732367 0.5807382 0.5672786 0.04504114 0.65371 0.7683148 0.6300156 0.8173735 0.6300156 0.8173735 0.732367 0.5807382 0.5672786 0.04504114 0.3696092 0.6659641 0.007050216 0.4440413 0.3408371 0.6855685 0.007050216 0.4440413 0.03549546 0.4514344 0.1567045 0.3452859 0.9647006 0.4526569 0.993068 0.4453213 0.8444978 0.3467927 0.007050216 0.4440413 0.1567045 0.3452859 0.3356192 0.6889461 0.3408371 0.6855685 0.3439803 0.6837235 0.3696092 0.6659641 0.2504867 0.2893785 0.3323124 0.6904509 0.3356192 0.6889461 0.1567045 0.3452859 0.2504867 0.2893785 0.3356192 0.6889461 0.2295667 0.2094056 0.1981897 0.2705168 0.8035213 0.2719685 0.1981897 0.2705168 0.1567045 0.3452859 0.05965662 0.4801378 0.7537441 0.7043758 0.7447912 0.7368013 0.7306466 0.8019163 0.7447912 0.7368013 0.6817707 0.8131318 0.7306466 0.8019163 0.6817707 0.8131318 0.2295667 0.2094056 0.7178283 0.8190544 0.1981897 0.2705168 0.05965662 0.4801378 0.8035213 0.2719685 0.7178283 0.8190544 0.2295667 0.2094056 0.7725544 0.210826 0.3356192 0.6889461 0.3408371 0.6855685 0.007050216 0.4440413 0.993068 0.4453213 0.1136867 0.6893736 0.08491462 0.6697694 0.8444978 0.3467927 0.993068 0.4453213 0.07969671 0.6663917 0.1136867 0.6893736 0.08805781 0.6716143 0.08491462 0.6697694 0.07969671 0.6663917 0.07638984 0.664887 0.09624606 0.5972789 0.07969671 0.6663917 0.09624606 0.5972789 0.8444978 0.3467927 0.8444978 0.3467927 0.8035213 0.2719685 0.05965662 0.4801378 0.8035213 0.2719685 0.7725544 0.210826 0.2295667 0.2094056 0.7511032 0.1722404 0.6027669 0.6817645 0.5886219 0.6166495 0.6027669 0.6817645 0.6117199 0.7141901 0.5886219 0.6166495 0.7725544 0.210826 0.7511032 0.1722404 0.5758035 0.5995115 0.08491462 0.6697694 0.07969671 0.6663917 0.993068 0.4453213 0.7178283 0.8190544 0.7306466 0.8019163 0.6817707 0.8131318 0.7283341 0.598986 0.7142066 0.6372844 0.6540277 0.763665 0.3927478 0.02160304 0.4362145 0.04457747 0.7720391 0.6011921 0.4362145 0.04457747 0.4212464 0.09657156 0.7720391 0.6011921 0.7720391 0.6011921 0.7283341 0.598986 0.6540277 0.763665 0.7720391 0.6011921 0.6540277 0.763665 0.7178283 0.8190544 0.7511032 0.1722404 0.5886219 0.6166495 0.5758035 0.5995115 0.5474038 0.591464 0.5721829 0.7812816 0.5863108 0.81958 0.65371 0.7683148 0.5672786 0.04504114 0.6300156 0.8173735 0.5672786 0.04504114 0.6108635 0.02236628 0.6300156 0.8173735 0.5474038 0.591464 0.5863108 0.81958 0.6300156 0.8173735 0.5758035 0.5995115 0.5474038 0.591464 0.6300156 0.8173735 0.7725544 0.210826 0.5758035 0.5995115 0.7178283 0.8190544 0.7720391 0.6011921 0.7178283 0.8190544 0.5758035 0.5995115 0.7720391 0.6011921 0.5758035 0.5995115 0.6300156 0.8173735 0.7720391 0.6011921 0.6300156 0.8173735 0.6070479 9.11793e-4 0.7720391 0.6011921 0.6070479 9.11793e-4 0.3927478 0.02160304</float_array>
          <technique_common>
            <accessor source="#Cube-mesh-map-1-array" count="2466" stride="2">
              <param name="S" type="float"/>
              <param name="T" type="float"/>
            </accessor>
          </technique_common>
        </source>
        <vertices id="Cube-mesh-vertices">
          <input semantic="POSITION" source="#Cube-mesh-positions"/>
        </vertices>
        <triangles count="822">
          <input semantic="VERTEX" source="#Cube-mesh-vertices" offset="0"/>
          <input semantic="NORMAL" source="#Cube-mesh-normals" offset="1"/>
          <input semantic="TEXCOORD" source="#Cube-mesh-map-0" offset="2" set="0"/>
          <input semantic="TEXCOORD" source="#Cube-mesh-map-1" offset="2" set="1"/>
          <p>72 0 0 104 1 1 105 2 2 9 3 3 11 4 4 3 5 5 26 6 6 36 7 7 73 8 8 45 9 9 79 10 10 78 11 11 22 12 12 137 13 13 130 14 14 63 15 15 66 16 16 67 17 17 62 18 18 15 19 19 55 20 20 205 21 21 3 5 22 24 22 23 98 23 24 109 24 25 111 25 26 1 26 27 11 4 28 9 3 29 59 27 30 188 28 31 187 29 32 99 30 33 120 31 34 114 32 35 101 33 36 147 34 37 25 35 38 22 12 39 21 36 40 137 13 41 127 37 42 71 38 43 76 39 44 58 40 45 0 41 46 182 42 47 187 29 48 193 43 49 191 44 50 53 45 51 54 46 52 44 47 53 71 38 54 127 37 55 122 48 56 74 49 57 37 50 58 38 51 59 205 21 60 203 52 61 39 53 62 31 54 63 32 55 64 48 56 65 48 56 66 32 55 67 101 33 68 178 57 69 181 58 70 176 59 71 13 60 72 2 61 73 57 62 74 177 63 75 180 64 76 178 57 77 188 28 78 198 65 79 195 66 80 58 40 81 173 67 82 5 68 83 202 69 84 175 70 85 35 71 86 174 72 87 41 73 88 44 47 89 17 74 90 8 75 91 7 76 92 127 37 93 116 77 94 19 78 95 186 79 96 185 80 97 198 65 98 203 52 99 35 71 100 175 70 101 66 16 102 65 81 103 49 82 104 170 83 105 42 84 106 87 85 107 100 86 108 45 9 109 29 87 110 48 56 111 100 86 112 29 87 113 116 77 114 76 39 115 72 0 116 105 2 117 104 1 118 26 6 119 109 24 120 92 88 121 108 89 122 186 79 123 184 90 124 185 80 125 57 62 126 0 41 127 58 40 128 118 91 129 16 92 130 34 93 131 53 45 132 44 47 133 41 73 134 73 8 135 36 7 136 94 94 137 176 59 138 181 58 139 28 95 140 71 38 141 89 96 142 96 97 143 85 98 144 118 91 145 120 31 146 1 26 147 6 99 148 11 4 149 30 100 150 31 54 151 47 101 152 1 26 153 34 93 154 16 92 155 55 20 156 64 102 157 68 103 158 76 39 159 42 84 160 104 1 161 22 12 162 130 14 163 124 104 164 40 105 165 54 46 166 53 45 167 105 2 168 106 106 169 98 23 170 186 79 171 198 65 172 188 28 173 4 107 174 27 108 175 24 22 176 178 57 177 180 64 178 181 58 179 62 18 180 1 26 181 61 109 182 57 62 183 2 61 184 10 110 185 9 3 186 39 53 187 52 111 188 121 112 189 74 49 190 75 113 191 100 86 192 101 33 193 25 35 194 39 53 195 204 114 196 40 105 197 69 115 198 135 116 199 70 117 200 12 118 201 7 76 202 8 75 203 9 3 204 3 5 205 205 21 206 96 97 207 89 96 208 91 119 209 26 6 210 42 84 211 46 120 212 52 111 213 40 105 214 53 45 215 66 16 216 68 103 217 65 81 218 45 9 219 25 35 220 77 121 221 56 122 222 114 32 223 120 31 224 110 123 225 93 124 226 92 88 227 63 15 228 55 20 229 66 16 230 22 12 231 124 104 232 20 125 233 179 126 234 177 63 235 206 127 236 57 62 237 10 110 238 0 41 239 178 57 240 54 46 241 43 128 242 32 55 243 31 54 244 82 129 245 99 30 246 93 124 247 110 123 248 42 84 249 170 83 250 30 100 251 88 130 252 96 97 253 97 131 254 36 7 255 46 120 256 47 101 257 123 132 258 51 133 259 16 92 260 114 32 261 49 82 262 115 134 263 127 37 264 19 78 265 14 135 266 106 106 267 110 123 268 109 24 269 75 113 270 38 51 271 29 87 272 114 32 273 115 134 274 92 88 275 123 132 276 73 8 277 94 94 278 47 101 279 48 56 280 38 51 281 15 19 282 62 18 283 61 109 284 76 39 285 71 38 286 95 136 287 34 93 288 63 15 289 56 122 290 62 18 291 34 93 292 1 26 293 121 112 294 128 137 295 18 138 296 4 107 297 13 60 298 5 68 299 114 32 300 50 139 301 49 82 302 115 134 303 131 140 304 108 89 305 14 135 306 41 73 307 174 72 308 1 26 309 16 92 310 6 99 311 52 111 312 19 78 313 9 3 314 129 141 315 33 142 316 126 143 317 83 144 318 80 145 319 170 83 320 94 94 321 36 7 322 37 50 323 170 83 324 80 145 325 81 146 326 85 98 327 99 30 328 106 106 329 129 141 330 126 143 331 84 147 332 107 148 333 111 25 334 113 149 335 31 54 336 30 100 337 81 146 338 133 150 339 135 116 340 113 149 341 95 136 342 42 84 343 76 39 344 69 115 345 134 151 346 135 116 347 95 136 348 96 97 349 88 130 350 112 152 351 113 149 352 135 116 353 112 152 354 134 151 355 136 153 356 132 154 357 107 148 358 112 152 359 133 150 360 111 25 361 108 89 362 10 110 363 20 125 364 0 41 365 129 141 366 60 155 367 33 142 368 125 156 369 98 23 370 107 148 371 124 104 372 77 121 373 84 147 374 79 10 375 77 121 376 124 104 377 124 104 378 33 142 379 20 125 380 51 133 381 121 112 382 17 74 383 116 77 384 117 157 385 15 19 386 94 94 387 74 49 388 121 112 389 133 150 390 131 140 391 65 81 392 118 91 393 85 98 394 73 8 395 64 102 396 69 115 397 70 117 398 133 150 399 68 103 400 70 117 401 174 72 402 44 47 403 176 59 404 69 115 405 136 153 406 134 151 407 132 154 408 136 153 409 69 115 410 72 0 411 98 23 412 125 156 413 132 154 414 69 115 415 64 102 416 192 158 417 195 66 418 194 159 419 42 84 420 26 6 421 104 1 422 42 84 423 95 136 424 87 85 425 79 10 426 130 14 427 137 13 428 128 137 429 75 113 430 78 11 431 59 27 432 186 79 433 188 28 434 4 107 435 12 118 436 13 60 437 10 110 438 22 12 439 20 125 440 10 110 441 21 36 442 22 12 443 176 59 444 54 46 445 178 57 446 20 125 447 33 142 448 0 41 449 205 21 450 24 22 451 23 160 452 197 161 453 189 162 454 191 44 455 190 163 456 197 161 457 196 164 458 169 165 459 88 130 460 90 166 461 141 167 462 143 168 463 97 131 464 139 169 465 141 167 466 91 119 467 143 168 468 142 170 469 90 166 470 71 38 471 83 144 472 139 169 473 87 85 474 88 130 475 169 165 476 143 168 477 141 167 478 146 171 479 141 167 480 139 169 481 83 144 482 142 170 483 143 168 484 145 172 485 171 173 486 142 170 487 144 174 488 147 34 489 101 33 490 102 175 491 152 176 492 102 175 493 154 177 494 162 178 495 161 179 496 156 180 497 102 175 498 152 176 499 153 181 500 151 182 501 150 183 502 149 184 503 102 175 504 151 182 505 148 185 506 152 176 507 156 180 508 158 186 509 161 179 510 160 187 511 158 186 512 151 182 513 153 181 514 163 188 515 157 189 516 159 190 517 160 187 518 155 191 519 157 189 520 161 179 521 153 181 522 158 186 523 160 187 524 25 35 525 147 34 526 148 185 527 19 78 528 15 19 529 61 109 530 18 138 531 2 61 532 8 75 533 26 6 534 73 8 535 85 98 536 102 175 537 155 191 538 162 178 539 77 121 540 25 35 541 84 147 542 121 112 543 18 138 544 17 74 545 62 18 546 55 20 547 63 15 548 196 164 549 193 43 550 195 66 551 14 135 552 122 48 553 127 37 554 150 183 555 165 192 556 164 193 557 149 184 558 164 193 559 25 35 560 0 41 561 184 90 562 183 194 563 101 33 564 32 55 565 138 195 566 45 9 567 78 11 568 29 87 569 15 19 570 117 157 571 125 156 572 3 5 573 12 118 574 4 107 575 14 135 576 174 72 577 28 95 578 28 95 579 205 21 580 23 160 581 98 23 582 111 25 583 107 148 584 204 114 585 43 128 586 40 105 587 52 111 588 39 53 589 40 105 590 99 30 591 114 32 592 93 124 593 127 37 594 76 39 595 116 77 596 15 19 597 125 156 598 55 20 599 51 133 600 119 196 601 121 112 602 67 17 603 49 82 604 50 139 605 59 27 606 189 162 607 197 161 608 71 38 609 122 48 610 83 144 611 74 49 612 38 51 613 75 113 614 31 54 615 48 56 616 47 101 617 48 56 618 101 33 619 100 86 620 51 133 621 7 76 622 6 99 623 124 104 624 126 143 625 33 142 626 34 93 627 56 122 628 120 31 629 201 197 630 202 69 631 35 71 632 186 79 633 183 194 634 184 90 635 188 28 636 195 66 637 193 43 638 59 27 639 197 161 640 190 163 641 125 156 642 132 154 643 64 102 644 55 20 645 68 103 646 66 16 647 18 138 648 21 36 649 2 61 650 170 83 651 87 85 652 168 198 653 48 56 654 29 87 655 38 51 656 116 77 657 72 0 658 117 157 659 105 2 660 26 6 661 85 98 662 109 24 663 108 89 664 111 25 665 176 59 666 44 47 667 54 46 668 40 105 669 43 128 670 54 46 671 56 122 672 50 139 673 114 32 674 71 38 675 96 97 676 95 136 677 85 98 678 120 31 679 99 30 680 30 100 681 47 101 682 46 120 683 118 91 684 123 132 685 16 92 686 76 39 687 104 1 688 72 0 689 13 60 690 8 75 691 2 61 692 16 92 693 51 133 694 6 99 695 105 2 696 98 23 697 72 0 698 197 161 699 191 44 700 196 164 701 12 118 702 8 75 703 13 60 704 34 93 705 120 31 706 118 91 707 14 135 708 52 111 709 53 45 710 121 112 711 75 113 712 128 137 713 100 86 714 25 35 715 45 9 716 176 59 717 28 95 718 174 72 719 177 63 720 204 114 721 206 127 722 115 134 723 49 82 724 65 81 725 96 97 726 91 119 727 97 131 728 26 6 729 46 120 730 36 7 731 184 90 732 0 41 733 199 199 734 123 132 735 119 196 736 51 133 737 59 27 738 183 194 739 186 79 740 45 9 741 77 121 742 79 10 743 178 57 744 43 128 745 177 63 746 110 123 747 92 88 748 109 24 749 185 80 750 199 199 751 200 200 752 116 77 753 15 19 754 19 78 755 56 122 756 63 15 757 67 17 758 182 42 759 59 27 760 58 40 761 6 99 762 12 118 763 11 4 764 32 55 765 82 129 766 138 195 767 99 30 768 110 123 769 106 106 770 42 84 771 30 100 772 46 120 773 88 130 774 97 131 775 90 166 776 36 7 777 47 101 778 37 50 779 51 133 780 17 74 781 7 76 782 10 110 783 2 61 784 21 36 785 14 135 786 28 95 787 122 48 788 106 106 789 109 24 790 98 23 791 75 113 792 29 87 793 78 11 794 114 32 795 92 88 796 93 124 797 123 132 798 94 94 799 119 196 800 47 101 801 38 51 802 37 50 803 133 150 804 70 117 805 135 116 806 175 70 807 202 69 808 206 127 809 67 17 810 66 16 811 49 82 812 128 137 813 21 36 814 18 138 815 115 134 816 108 89 817 92 88 818 13 60 819 58 40 820 5 68 821 56 122 822 67 17 823 50 139 824 59 27 825 182 42 826 183 194 827 94 94 828 37 50 829 74 49 830 170 83 831 81 146 832 30 100 833 85 98 834 106 106 835 105 2 836 129 141 837 84 147 838 103 201 839 107 148 840 113 149 841 112 152 842 31 54 843 81 146 844 82 129 845 133 150 846 113 149 847 111 25 848 64 102 849 70 117 850 68 103 851 95 136 852 88 130 853 87 85 854 112 152 855 135 116 856 134 151 857 132 154 858 112 152 859 136 153 860 133 150 861 108 89 862 131 140 863 39 53 864 203 52 865 204 114 866 125 156 867 107 148 868 132 154 869 124 104 870 84 147 871 126 143 872 79 10 873 124 104 874 130 14 875 13 60 876 57 62 877 58 40 878 6 99 879 7 76 880 12 118 881 94 94 882 121 112 883 119 196 884 128 137 885 137 13 886 21 36 887 118 91 888 73 8 889 123 132 890 5 68 891 173 67 892 27 108 893 4 107 894 24 22 895 3 5 896 34 93 897 62 18 898 63 15 899 28 95 900 181 58 901 122 48 902 19 78 903 52 111 904 14 135 905 17 74 906 18 138 907 8 75 908 72 0 909 125 156 910 117 157 911 187 29 912 191 44 913 189 162 914 177 63 915 179 126 916 180 64 917 79 10 918 137 13 919 78 11 920 128 137 921 78 11 922 137 13 923 190 163 924 196 164 925 192 158 926 3 5 927 11 4 928 12 118 929 205 21 930 39 53 931 9 3 932 187 29 933 189 162 934 59 27 935 133 150 936 65 81 937 68 103 938 14 135 939 53 45 940 41 73 941 9 3 942 61 109 943 1 26 944 0 41 945 183 194 946 182 42 947 169 165 948 90 166 949 142 170 950 141 167 951 97 131 952 91 119 953 139 169 954 91 119 955 89 96 956 143 168 957 90 166 958 97 131 959 71 38 960 139 169 961 89 96 962 87 85 963 169 165 964 168 198 965 143 168 966 146 171 967 145 172 968 141 167 969 83 144 970 146 171 971 142 170 972 145 172 973 144 174 974 142 170 975 171 173 976 169 165 977 152 176 978 154 177 979 156 180 980 162 178 981 156 180 982 154 177 983 102 175 984 153 181 985 151 182 986 151 182 987 149 184 988 148 185 989 102 175 990 148 185 991 147 34 992 152 176 993 158 186 994 153 181 995 161 179 996 158 186 997 156 180 998 151 182 999 163 188 1000 150 183 1001 157 189 1002 160 187 1003 161 179 1004 155 191 1005 161 179 1006 162 178 1007 153 181 1008 160 187 1009 163 188 1010 25 35 1011 148 185 1012 149 184 1013 115 134 1014 65 81 1015 131 140 1016 204 114 1017 177 63 1018 43 128 1019 102 175 1020 162 178 1021 154 177 1022 5 68 1023 27 108 1024 4 107 1025 19 78 1026 61 109 1027 9 3 1028 150 183 1029 164 193 1030 149 184 1031 101 33 1032 138 195 1033 102 175 1034 83 144 1035 122 48 1036 146 171 1037 125 156 1038 64 102 1039 55 20 1040 167 202 1041 86 203 1042 140 204 1043 166 205 1044 86 203 1045 167 202 1046 140 204 1047 86 203 1048 168 198 1049 140 204 1050 169 165 1051 171 173 1052 166 205 1053 167 202 1054 171 173 1055 185 80 1056 184 90 1057 199 199 1058 187 29 1059 188 28 1060 193 43 1061 196 164 1062 191 44 1063 193 43 1064 58 40 1065 59 27 1066 173 67 1067 192 158 1068 196 164 1069 195 66 1070 206 127 1071 202 69 1072 201 197 1073 203 52 1074 175 70 1075 204 114 1076 179 126 1077 206 127 1078 207 206 1079 171 173 1080 144 174 1081 172 207 1082 175 70 1083 206 127 1084 204 114 1085 140 204 1086 168 198 1087 169 165 1088 140 204 1089 171 173 1090 167 202 1091 166 205 1092 171 173 1093 172 207 1094 206 127 1095 201 197 1096 207 206 1097 200 200 1098 60 155 1099 129 141 1100 280 19 1101 313 18 1102 312 109 1103 217 84 1104 211 100 1105 219 120 1106 234 26 1107 281 92 1108 244 99 1109 253 110 1110 286 36 1111 287 12 1112 230 10 1113 338 14 1114 345 13 1115 271 106 1116 275 123 1117 274 24 1118 270 2 1119 263 23 1120 223 0 1121 413 83 1122 232 208 1123 211 100 1124 306 20 1125 319 103 1126 317 16 1127 209 6 1128 217 84 1129 219 120 1130 267 175 1131 395 176 1132 396 181 1133 307 122 1134 322 32 1135 328 31 1136 309 40 1137 233 41 1138 355 42 1139 230 10 1140 345 13 1141 229 11 1142 335 37 1143 284 78 1144 279 135 1145 266 33 1146 390 34 1147 208 35 1148 395 176 1149 399 209 1150 401 186 1151 261 97 1152 252 119 1153 262 131 1154 279 135 1155 330 48 1156 335 37 1157 282 74 1158 246 75 1159 245 76 1160 413 83 1161 247 85 1162 411 210 1163 239 107 1164 256 60 1165 240 68 1166 256 60 1167 309 40 1168 240 68 1169 386 168 1170 384 211 1171 389 171 1172 221 56 1173 265 86 1174 210 212 1175 385 170 1176 386 168 1177 388 172 1178 396 181 1179 403 213 1180 406 214 1181 266 33 1182 213 55 1183 381 215 1184 410 202 1185 243 203 1186 383 216 1187 382 169 1188 252 119 1189 249 96 1190 225 49 1191 215 50 1192 216 51 1193 335 37 1194 227 39 1195 324 77 1196 394 182 1197 406 214 1198 393 217 1199 411 210 1200 383 216 1201 243 203 1202 274 24 1203 257 218 1204 273 89 1205 378 21 1206 295 53 1207 250 3 1208 308 62 1209 237 219 1210 253 110 1211 256 60 1212 237 219 1213 308 62 1214 324 77 1215 280 19 1216 284 78 1217 313 18 1218 234 26 1219 312 109 1220 317 16 1221 316 81 1222 300 220 1223 394 182 1224 393 217 1225 392 184 1226 265 86 1227 266 33 1228 208 35 1229 326 91 1230 242 98 1231 224 8 1232 261 97 1233 249 96 1234 252 119 1235 281 92 1236 302 133 1237 244 99 1238 384 211 1239 236 144 1240 389 171 1241 279 135 1242 304 45 1243 297 73 1244 293 93 1245 328 31 1246 326 91 1247 209 6 1248 219 120 1249 214 7 1250 238 5 1251 255 118 1252 239 107 1253 209 6 1254 224 8 1255 242 98 1256 263 23 1257 276 25 1258 272 148 1259 284 78 1260 312 109 1261 250 3 1262 230 10 1263 332 104 1264 338 14 1265 248 130 1266 261 97 1267 262 131 1268 313 18 1269 306 20 1270 314 15 1271 394 182 1272 396 181 1273 406 214 1274 212 54 1275 232 208 1276 235 221 1277 386 168 1278 389 171 1279 388 172 1280 270 2 1281 269 1 1282 209 6 1283 265 86 1284 218 9 1285 210 212 1286 217 84 1287 260 136 1288 247 85 1289 329 112 1290 283 138 1291 282 74 1292 308 62 1293 233 41 1294 309 40 1295 247 85 1296 248 130 1297 412 165 1298 277 152 1299 278 149 1300 343 116 1301 220 101 1302 216 51 1303 215 50 1304 217 84 1305 413 83 1306 211 100 1307 304 45 1308 299 47 1309 297 73 1310 234 26 1311 254 4 1312 250 3 1313 260 136 1314 261 97 1315 248 130 1316 274 24 1317 273 89 1318 276 25 1319 253 110 1320 285 125 1321 233 41 1322 264 30 1323 328 31 1324 322 32 1325 318 17 1326 300 220 1327 301 139 1328 271 106 1329 274 24 1330 263 23 1331 230 10 1332 228 121 1333 332 104 1334 387 222 1335 414 223 1336 385 170 1337 265 86 1338 208 35 1339 218 9 1340 386 168 1341 251 166 1342 262 131 1343 240 68 1344 290 224 1345 239 107 1346 307 122 1347 318 17 1348 301 139 1349 250 3 1350 238 5 1351 378 21 1352 296 105 1353 305 46 1354 304 45 1355 244 99 1356 255 118 1357 254 4 1358 331 132 1359 224 8 1360 259 94 1361 322 32 1362 323 134 1363 257 218 1364 335 37 1365 222 38 1366 227 39 1367 314 15 1368 317 16 1369 318 17 1370 283 138 1371 237 219 1372 246 75 1373 322 32 1374 300 220 1375 323 134 1376 331 132 1377 302 133 1378 281 92 1379 255 118 1380 246 75 1381 256 60 1382 223 0 1383 269 1 1384 270 2 1385 284 78 1386 303 111 1387 279 135 1388 242 98 1389 264 30 1390 271 106 1391 270 2 1392 209 6 1393 242 98 1394 329 112 1395 226 113 1396 336 137 1397 212 54 1398 213 55 1399 221 56 1400 322 32 1401 257 218 1402 258 124 1403 323 134 1404 316 81 1405 339 140 1406 222 38 1407 382 169 1408 249 96 1409 209 6 1410 214 7 1411 224 8 1412 260 136 1413 217 84 1414 227 39 1415 337 225 1416 334 143 1417 241 226 1418 291 95 1419 378 21 1420 288 160 1421 302 133 1422 245 76 1423 244 99 1424 378 21 1425 289 227 1426 288 160 1427 293 93 1428 314 15 1429 307 122 1430 337 225 1431 292 228 1432 334 143 1433 315 102 1434 321 117 1435 319 103 1436 239 107 1437 289 227 1438 238 5 1439 341 150 1440 321 117 1441 343 116 1442 303 111 1443 284 78 1444 250 3 1445 277 152 1446 343 116 1447 342 151 1448 303 111 1449 296 105 1450 304 45 1451 320 115 1452 343 116 1453 321 117 1454 320 115 1455 344 229 1456 342 151 1457 340 230 1458 320 115 1459 315 102 1460 341 150 1461 316 81 1462 319 103 1463 218 9 1464 208 35 1465 228 121 1466 337 225 1467 241 226 1468 268 231 1469 333 156 1470 315 102 1471 306 20 1472 332 104 1473 292 228 1474 285 125 1475 287 12 1476 332 104 1477 285 125 1478 332 104 1479 228 121 1480 241 226 1481 259 94 1482 225 49 1483 329 112 1484 324 77 1485 223 0 1486 325 157 1487 302 133 1488 329 112 1489 282 74 1490 341 150 1491 273 89 1492 339 140 1493 326 91 1494 281 92 1495 293 93 1496 272 148 1497 278 149 1498 277 152 1499 341 150 1500 278 149 1501 276 25 1502 382 169 1503 384 211 1504 252 119 1505 277 152 1506 342 151 1507 344 229 1508 340 230 1509 277 152 1510 344 229 1511 280 19 1512 333 156 1513 306 20 1514 340 230 1515 272 148 1516 277 152 1517 400 232 1518 402 190 1519 403 213 1520 250 3 1521 312 109 1522 234 26 1523 250 3 1524 295 53 1525 303 111 1526 287 12 1527 345 13 1528 338 14 1529 336 137 1530 286 36 1531 283 138 1532 267 175 1533 396 181 1534 394 182 1535 212 54 1536 221 56 1537 220 101 1538 218 9 1539 228 121 1540 230 10 1541 218 9 1542 230 10 1543 229 11 1544 384 211 1545 386 168 1546 262 131 1547 228 121 1548 208 35 1549 241 226 1550 413 83 1551 231 145 1552 232 208 1553 405 178 1554 399 209 1555 397 177 1556 398 233 1557 404 179 1558 405 178 1559 377 114 1560 298 128 1561 296 105 1562 349 234 1563 305 46 1564 351 57 1565 347 72 1566 299 47 1567 349 234 1568 351 57 1569 298 128 1570 350 63 1571 279 135 1572 347 72 1573 291 95 1574 295 53 1575 377 114 1576 296 105 1577 351 57 1578 354 58 1579 349 234 1580 349 234 1581 291 95 1582 347 72 1583 350 63 1584 353 64 1585 351 57 1586 379 235 1587 352 236 1588 350 63 1589 355 42 1590 310 27 1591 309 40 1592 360 29 1593 362 162 1594 310 27 1595 370 161 1596 364 237 1597 369 164 1598 310 27 1599 361 28 1600 360 29 1601 359 79 1602 357 90 1603 358 238 1604 310 27 1605 356 194 1606 359 79 1607 360 29 1608 366 43 1609 364 237 1610 369 164 1611 366 43 1612 368 239 1613 359 79 1614 371 240 1615 361 28 1616 365 241 1617 368 239 1618 367 159 1619 363 242 1620 369 164 1621 365 241 1622 361 28 1623 368 239 1624 366 43 1625 233 41 1626 356 194 1627 355 42 1628 227 39 1629 269 1 1630 223 0 1631 226 113 1632 216 51 1633 210 212 1634 234 26 1635 293 93 1636 281 92 1637 310 27 1638 370 161 1639 363 242 1640 285 125 1641 292 228 1642 233 41 1643 329 112 1644 225 49 1645 226 113 1646 270 2 1647 271 106 1648 263 23 1649 404 179 1650 403 213 1651 401 186 1652 222 38 1653 335 37 1654 330 48 1655 358 238 1656 372 243 1657 373 244 1658 357 90 1659 233 41 1660 372 243 1661 208 35 1662 391 185 1663 392 184 1664 309 40 1665 346 245 1666 240 68 1667 253 110 1668 237 219 1669 286 36 1670 223 0 1671 333 156 1672 325 157 1673 211 100 1674 212 54 1675 220 101 1676 222 38 1677 236 144 1678 382 169 1679 236 144 1680 231 145 1681 413 83 1682 306 20 1683 315 102 1684 319 103 1685 412 165 1686 248 130 1687 251 166 1688 260 136 1689 248 130 1690 247 85 1691 307 122 1692 301 139 1693 322 32 1694 335 37 1695 324 77 1696 284 78 1697 223 0 1698 263 23 1699 333 156 1700 259 94 1701 329 112 1702 327 196 1703 275 123 1704 258 124 1705 257 218 1706 267 175 1707 405 178 1708 397 177 1709 279 135 1710 291 95 1711 330 48 1712 282 74 1713 283 138 1714 246 75 1715 239 107 1716 255 118 1717 256 60 1718 256 60 1719 308 62 1720 309 40 1721 259 94 1722 214 7 1723 215 50 1724 332 104 1725 241 226 1726 334 143 1727 242 98 1728 328 31 1729 264 30 1730 409 205 1731 243 203 1732 410 202 1733 394 182 1734 392 184 1735 391 185 1736 396 181 1737 401 186 1738 403 213 1739 267 175 1740 398 233 1741 405 178 1742 333 156 1743 272 148 1744 340 230 1745 263 23 1746 274 24 1747 276 25 1748 226 113 1749 210 212 1750 229 11 1751 378 21 1752 376 246 1753 295 53 1754 256 60 1755 246 75 1756 237 219 1757 324 77 1758 325 157 1759 280 19 1760 313 18 1761 293 93 1762 234 26 1763 317 16 1764 319 103 1765 316 81 1766 384 211 1767 262 131 1768 252 119 1769 248 130 1770 262 131 1771 251 166 1772 264 30 1773 322 32 1774 258 124 1775 279 135 1776 303 111 1777 304 45 1778 293 93 1779 307 122 1780 328 31 1781 238 5 1782 254 4 1783 255 118 1784 326 91 1785 224 8 1786 331 132 1787 284 78 1788 280 19 1789 312 109 1790 221 56 1791 210 212 1792 216 51 1793 224 8 1794 214 7 1795 259 94 1796 313 18 1797 280 19 1798 306 20 1799 405 178 1800 404 179 1801 399 209 1802 220 101 1803 221 56 1804 216 51 1805 242 98 1806 326 91 1807 328 31 1808 222 38 1809 261 97 1810 260 136 1811 329 112 1812 336 137 1813 283 138 1814 308 62 1815 253 110 1816 233 41 1817 384 211 1818 382 169 1819 236 144 1820 385 170 1821 414 223 1822 412 165 1823 323 134 1824 273 89 1825 257 218 1826 304 45 1827 305 46 1828 299 47 1829 234 26 1830 244 99 1831 254 4 1832 392 184 1833 407 247 1834 208 35 1835 331 132 1836 259 94 1837 327 196 1838 267 175 1839 394 182 1840 391 185 1841 253 110 1842 287 12 1843 285 125 1844 386 168 1845 385 170 1846 251 166 1847 318 17 1848 317 16 1849 300 220 1850 393 217 1851 408 248 1852 407 247 1853 324 77 1854 227 39 1855 223 0 1856 264 30 1857 275 123 1858 271 106 1859 390 34 1860 266 33 1861 267 175 1862 214 7 1863 219 120 1864 220 101 1865 240 68 1866 346 245 1867 290 224 1868 307 122 1869 314 15 1870 318 17 1871 250 3 1872 254 4 1873 238 5 1874 296 105 1875 298 128 1876 305 46 1877 244 99 1878 245 76 1879 255 118 1880 259 94 1881 215 50 1882 225 49 1883 218 9 1884 229 11 1885 210 212 1886 222 38 1887 330 48 1888 236 144 1889 314 15 1890 306 20 1891 317 16 1892 283 138 1893 286 36 1894 237 219 1895 322 32 1896 301 139 1897 300 220 1898 331 132 1899 327 196 1900 302 133 1901 255 118 1902 245 76 1903 246 75 1904 341 150 1905 343 116 1906 278 149 1907 383 216 1908 414 223 1909 410 202 1910 275 123 1911 257 218 1912 274 24 1913 336 137 1914 226 113 1915 229 11 1916 323 134 1917 300 220 1918 316 81 1919 221 56 1920 213 55 1921 266 33 1922 264 30 1923 258 124 1924 275 123 1925 267 175 1926 391 185 1927 390 34 1928 302 133 1929 282 74 1930 245 76 1931 378 21 1932 238 5 1933 289 227 1934 293 93 1935 313 18 1936 314 15 1937 337 225 1938 311 249 1939 292 228 1940 315 102 1941 320 115 1942 321 117 1943 239 107 1944 290 224 1945 289 227 1946 341 150 1947 319 103 1948 321 117 1949 272 148 1950 276 25 1951 278 149 1952 303 111 1953 295 53 1954 296 105 1955 320 115 1956 342 151 1957 343 116 1958 340 230 1959 344 229 1960 320 115 1961 341 150 1962 339 140 1963 316 81 1964 247 85 1965 412 165 1966 411 210 1967 333 156 1968 340 230 1969 315 102 1970 332 104 1971 334 143 1972 292 228 1973 287 12 1974 338 14 1975 332 104 1976 221 56 1977 266 33 1978 265 86 1979 214 7 1980 220 101 1981 215 50 1982 302 133 1983 327 196 1984 329 112 1985 336 137 1986 229 11 1987 345 13 1988 326 91 1989 331 132 1990 281 92 1991 213 55 1992 235 221 1993 381 215 1994 212 54 1995 211 100 1996 232 208 1997 242 98 1998 271 106 1999 270 2 2000 236 144 2001 330 48 2002 389 171 2003 227 39 2004 222 38 2005 260 136 2006 225 49 2007 216 51 2008 226 113 2009 280 19 2010 325 157 2011 333 156 2012 395 176 2013 397 177 2014 399 209 2015 385 170 2016 388 172 2017 387 222 2018 287 12 2019 286 36 2020 345 13 2021 336 137 2022 345 13 2023 286 36 2024 398 233 2025 400 232 2026 404 179 2027 211 100 2028 220 101 2029 219 120 2030 413 83 2031 217 84 2032 247 85 2033 395 176 2034 267 175 2035 397 177 2036 341 150 2037 276 25 2038 273 89 2039 222 38 2040 249 96 2041 261 97 2042 217 84 2043 209 6 2044 269 1 2045 208 35 2046 390 34 2047 391 185 2048 377 114 2049 350 63 2050 298 128 2051 349 234 2052 299 47 2053 305 46 2054 347 72 2055 297 73 2056 299 47 2057 351 57 2058 305 46 2059 298 128 2060 279 135 2061 297 73 2062 347 72 2063 295 53 2064 376 246 2065 377 114 2066 351 57 2067 353 64 2068 354 58 2069 349 234 2070 354 58 2071 291 95 2072 350 63 2073 352 236 2074 353 64 2075 350 63 2076 377 114 2077 379 235 2078 360 29 2079 364 237 2080 362 162 2081 370 161 2082 362 162 2083 364 237 2084 310 27 2085 359 79 2086 361 28 2087 359 79 2088 356 194 2089 357 90 2090 310 27 2091 355 42 2092 356 194 2093 360 29 2094 361 28 2095 366 43 2096 369 164 2097 364 237 2098 366 43 2099 359 79 2100 358 238 2101 371 240 2102 365 241 2103 369 164 2104 368 239 2105 363 242 2106 370 161 2107 369 164 2108 361 28 2109 371 240 2110 368 239 2111 233 41 2112 357 90 2113 356 194 2114 323 134 2115 339 140 2116 273 89 2117 412 165 2118 251 166 2119 385 170 2120 310 27 2121 362 162 2122 370 161 2123 213 55 2124 212 54 2125 235 221 2126 227 39 2127 217 84 2128 269 1 2129 358 238 2130 357 90 2131 372 243 2132 309 40 2133 310 27 2134 346 245 2135 291 95 2136 354 58 2137 330 48 2138 333 156 2139 263 23 2140 272 148 2141 375 69 2142 348 250 2143 294 71 2144 374 251 2145 375 69 2146 294 71 2147 348 250 2148 376 246 2149 294 71 2150 348 250 2151 379 235 2152 377 114 2153 374 251 2154 379 235 2155 375 69 2156 393 217 2157 407 247 2158 392 184 2159 395 176 2160 401 186 2161 396 181 2162 404 179 2163 401 186 2164 399 209 2165 266 33 2166 381 215 2167 267 175 2168 400 232 2169 403 213 2170 404 179 2171 414 223 2172 409 205 2173 410 202 2174 411 210 2175 412 165 2176 383 216 2177 387 222 2178 415 252 2179 414 223 2180 379 235 2181 380 253 2182 352 236 2183 383 216 2184 412 165 2185 414 223 2186 348 250 2187 377 114 2188 376 246 2189 348 250 2190 375 69 2191 379 235 2192 374 251 2193 380 253 2194 379 235 2195 414 223 2196 415 252 2197 409 205 2198 311 249 2199 337 225 2200 372 243 2201 181 58 2202 180 64 2203 28 95 2204 180 64 2205 179 126 2206 201 197 2207 179 126 2208 207 206 2209 201 197 2210 35 71 2211 203 52 2212 205 21 2213 180 64 2214 201 197 2215 35 71 2216 35 71 2217 205 21 2218 28 95 2219 180 64 2220 35 71 2221 28 95 2222 145 172 2223 146 171 2224 83 144 2225 28 95 2226 23 160 2227 122 48 2228 23 160 2229 24 22 2230 81 146 2231 122 48 2232 23 160 2233 80 145 2234 27 108 2235 173 67 2236 190 163 2237 173 67 2238 59 27 2239 190 163 2240 24 22 2241 27 108 2242 82 129 2243 24 22 2244 82 129 2245 81 146 2246 144 174 2247 145 172 2248 166 205 2249 166 205 2250 172 207 2251 144 174 2252 170 83 2253 168 198 2254 86 203 2255 83 144 2256 170 83 2257 86 203 2258 81 146 2259 80 145 2260 23 160 2261 80 145 2262 83 144 2263 122 48 2264 102 175 2265 138 195 2266 155 191 2267 138 195 2268 82 129 2269 155 191 2270 83 144 2271 86 203 2272 145 172 2273 86 203 2274 166 205 2275 145 172 2276 82 129 2277 27 108 2278 155 191 2279 190 163 2280 192 158 2281 195 66 2282 190 163 2283 195 66 2284 198 65 2285 198 65 2286 185 80 2287 200 200 2288 198 65 2289 200 200 2290 190 163 2291 200 200 2292 199 199 2293 33 142 2294 155 191 2295 200 200 2296 163 188 2297 27 108 2298 190 163 2299 155 191 2300 157 189 2301 155 191 2302 160 187 2303 160 187 2304 155 191 2305 163 188 2306 165 192 2307 150 183 2308 163 188 2309 164 193 2310 165 192 2311 163 188 2312 190 163 2313 200 200 2314 155 191 2315 163 188 2316 200 200 2317 164 193 2318 0 41 2319 33 142 2320 199 199 2321 33 142 2322 60 155 2323 200 200 2324 200 200 2325 129 141 2326 103 201 2327 103 201 2328 84 147 2329 200 200 2330 84 147 2331 25 35 2332 164 193 2333 164 193 2334 200 200 2335 84 147 2336 387 222 2337 388 172 2338 409 205 2339 388 172 2340 389 171 2341 236 144 2342 354 58 2343 353 64 2344 291 95 2345 388 172 2346 236 144 2347 243 203 2348 409 205 2349 415 252 2350 387 222 2351 413 83 2352 411 210 2353 243 203 2354 236 144 2355 413 83 2356 243 203 2357 232 208 2358 231 145 2359 288 160 2360 231 145 2361 236 144 2362 330 48 2363 267 175 2364 381 215 2365 398 233 2366 381 215 2367 235 221 2368 398 233 2369 235 221 2370 232 208 2371 400 232 2372 231 145 2373 330 48 2374 288 160 2375 400 232 2376 232 208 2377 289 227 2378 243 203 2379 409 205 2380 388 172 2381 353 64 2382 352 236 2383 374 251 2384 291 95 2385 353 64 2386 294 71 2387 352 236 2388 380 253 2389 374 251 2390 294 71 2391 376 246 2392 378 21 2393 294 71 2394 378 21 2395 291 95 2396 291 95 2397 288 160 2398 330 48 2399 288 160 2400 289 227 2401 232 208 2402 290 224 2403 346 245 2404 363 242 2405 346 245 2406 310 27 2407 363 242 2408 289 227 2409 290 224 2410 365 241 2411 374 251 2412 294 71 2413 353 64 2414 400 232 2415 398 233 2416 235 221 2417 393 217 2418 406 214 2419 403 213 2420 268 231 2421 241 226 2422 407 247 2423 241 226 2424 208 35 2425 407 247 2426 407 247 2427 393 217 2428 403 213 2429 407 247 2430 403 213 2431 400 232 2432 290 224 2433 363 242 2434 365 241 2435 368 239 2436 371 240 2437 358 238 2438 233 41 2439 292 228 2440 372 243 2441 292 228 2442 311 249 2443 372 243 2444 368 239 2445 358 238 2446 372 243 2447 365 241 2448 368 239 2449 372 243 2450 289 227 2451 365 241 2452 400 232 2453 407 247 2454 400 232 2455 365 241 2456 407 247 2457 365 241 2458 372 243 2459 407 247 2460 372 243 2461 337 225 2462 407 247 2463 337 225 2464 268 231 2465</p>
        </triangles>
      </mesh>
    </geometry>
  </library_geometries>
  <library_visual_scenes>
    <visual_scene id="Scene" name="Scene">
      <node id="Lion_statue" name="Lion_statue" type="NODE">
        <matrix sid="transform">1 0 0 -0.5665504 0 1 0 0 0 0 1 0 0 0 0 1</matrix>
        <instance_geometry url="#Cube-mesh" name="Lion_statue"/>
      </node>
    </visual_scene>
  </library_visual_scenes>
  <scene>
    <instance_visual_scene url="#Scene"/>
  </scene>
</COLLADA>