<?xml version="1.0" encoding="utf-8"?>
<COLLADA xmlns="http://www.collada.org/2005/11/COLLADASchema" version="1.4.1" xmlns:xsi="http://www.w3.org/2001/XMLSchema-instance">
  <asset>
    <contributor>
      <author>Blender User</author>
      <authoring_tool>Blender 2.80.75 commit date:2019-07-29, commit time:14:47, hash:f6cb5f54494e</authoring_tool>
    </contributor>
    <created>2026-04-15T10:37:04</created>
    <modified>2026-04-15T10:37:04</modified>
    <unit name="centimeter" meter="0.01"/>
    <up_axis>Z_UP</up_axis>
  </asset>
  <library_effects>
    <effect id="Material_005-effect">
      <profile_COMMON>
        <newparam sid="hitites_struct_png-surface">
          <surface type="2D">
            <init_from>hitites_struct_png</init_from>
          </surface>
        </newparam>
        <newparam sid="hitites_struct_png-sampler">
          <sampler2D>
            <source>hitites_struct_png-surface</source>
          </sampler2D>
        </newparam>
        <technique sid="common">
          <lambert>
            <emission>
              <color sid="emission">0 0 0 1</color>
            </emission>
            <diffuse>
              <texture texture="hitites_struct_png-sampler" texcoord="Cube_002-mesh-map-0"/>
            </diffuse>
            <index_of_refraction>
              <float sid="ior">1.45</float>
            </index_of_refraction>
          </lambert>
        </technique>
      </profile_COMMON>
    </effect>
  </library_effects>
  <library_images>
    <image id="hitites_struct_png" name="hitites_struct_png">
      <init_from>/home/welton/Documentos/hitites_struct.png</init_from>
    </image>
  </library_images>
  <library_materials>
    <material id="Material_005-material" name="Material.005">
      <instance_effect url="#Material_005-effect"/>
    </material>
  </library_materials>
  <library_geometries>
    <geometry id="Cube_015-mesh" name="Cube.015">
      <mesh>
        <source id="Cube_015-mesh-positions">
          <float_array id="Cube_015-mesh-positions-array" count="8460">12.8031 -11.42469 0.4201784 12.56549 -11.16069 14.96472 3.588471 -11.4247 0.4201784 3.826075 -11.1607 14.96472 12.8031 -1.46184 0.4201784 12.5655 -1.72586 14.96474 3.826082 -1.725871 14.96474 12.80309 -11.42469 8.6784 3.588463 -11.42471 8.6784 3.588471 -1.46186 8.678417 12.8031 -1.46184 8.678417 12.56549 -11.16068 14.96474 3.826075 -11.16068 14.96474 12.56549 -1.725851 14.96474 3.826075 -1.725851 14.96474 3.588471 -1.461851 9.203804 12.80311 -1.461851 9.203804 3.588471 -11.4247 9.203804 12.80311 -11.4247 9.203804 3.588471 -1.461851 10.13607 12.80311 -1.461851 10.13607 3.588471 -11.4247 10.13607 12.80311 -11.4247 10.13607 3.788201 -1.936361 9.57119 12.34898 -1.936361 9.57119 3.788201 -11.19227 9.57119 12.34898 -11.19227 9.57119 11.53817 -12.26736 8.690306 11.37295 -12.26736 8.778717 11.33214 -12.26736 8.977365 11.44649 -12.26736 9.136672 11.62987 -12.26736 9.136672 11.74421 -12.26736 8.977365 11.7034 -12.26736 8.778717 11.53817 -10.6311 8.690306 11.37295 -10.6311 8.778717 11.33214 -10.6311 8.977365 11.44648 -10.6311 9.136672 11.62987 -10.6311 9.136672 11.7442 -10.6311 8.977365 11.7034 -10.6311 8.778717 11.53817 -12.26736 8.690306 11.37295 -12.26736 8.778717 11.33214 -12.26736 8.977365 11.44649 -12.26736 9.136672 11.62987 -12.26736 9.136672 11.74421 -12.26736 8.977365 11.7034 -12.26736 8.778717 9.411861 -12.26736 8.690306 9.246639 -12.26736 8.778717 9.205833 -12.26736 8.977365 9.320169 -12.26736 9.136672 9.503553 -12.26736 9.136672 9.617889 -12.26736 8.977365 9.577082 -12.26736 8.778717 9.411851 -10.6311 8.690306 9.24663 -10.6311 8.778717 9.205823 -10.6311 8.977365 9.320159 -10.6311 9.136672 9.503543 -10.6311 9.136672 9.617889 -10.6311 8.977365 9.577082 -10.6311 8.778717 9.411861 -12.26736 8.690306 9.246639 -12.26736 8.778717 9.205833 -12.26736 8.977365 9.320169 -12.26736 9.136672 9.503553 -12.26736 9.136672 9.617889 -12.26736 8.977365 9.577082 -12.26736 8.778717 7.529051 -12.26736 8.690306 7.363829 -12.26736 8.778717 7.323023 -12.26736 8.977365 7.437359 -12.26736 9.136672 7.620743 -12.26736 9.136672 7.735079 -12.26736 8.977365 7.694273 -12.26736 8.778717 7.529051 -10.6311 8.690306 7.36382 -10.6311 8.778717 7.323014 -10.6311 8.977365 7.43735 -10.6311 9.136672 7.620743 -10.6311 9.136672 7.735079 -10.6311 8.977365 7.694273 -10.6311 8.778717 7.529051 -12.26736 8.690306 7.363829 -12.26736 8.778717 7.323023 -12.26736 8.977365 7.437359 -12.26736 9.136672 7.620743 -12.26736 9.136672 7.735079 -12.26736 8.977365 7.694273 -12.26736 8.778717 5.460763 -12.26736 8.690306 5.29554 -12.26736 8.778717 5.254732 -12.26736 8.977365 5.369071 -12.26736 9.136672 5.552455 -12.26736 9.136672 5.666793 -12.26736 8.977365 5.625986 -12.26736 8.778717 5.460759 -10.6311 8.690306 5.295536 -10.6311 8.778717 5.254728 -10.6311 8.977365 5.369066 -10.6311 9.136672 5.552451 -10.6311 9.136672 5.666789 -10.6311 8.977365 5.625985 -10.6311 8.778717 5.460763 -12.26736 8.690306 5.29554 -12.26736 8.778717 5.254732 -12.26736 8.977365 5.369071 -12.26736 9.136672 5.552455 -12.26736 9.136672 5.666793 -12.26736 8.977365 5.625986 -12.26736 8.778717 5.317952 -0.7061002 8.690306 5.483175 -0.7061002 8.778717 5.523981 -0.7061002 8.977365 5.409642 -0.7061002 9.136672 5.226258 -0.7061002 9.136672 5.111921 -0.7061002 8.977365 5.152726 -0.7061002 8.778717 5.317952 -2.342351 8.690306 5.483175 -2.342351 8.778717 5.523982 -2.342351 8.977365 5.409644 -2.342351 9.136672 5.22626 -2.342351 9.136672 5.111921 -2.342351 8.977365 5.152728 -2.342351 8.778717 5.317952 -0.7061002 8.690306 5.483175 -0.7061002 8.778717 5.523981 -0.7061002 8.977365 5.409642 -0.7061002 9.136672 5.226258 -0.7061002 9.136672 5.111921 -0.7061002 8.977365 5.152726 -0.7061002 8.778717 7.209749 -0.7061002 8.690306 7.374971 -0.7061002 8.778717 7.415777 -0.7061002 8.977365 7.301442 -0.7061002 9.136672 7.118056 -0.7061002 9.136672 7.00372 -0.7061002 8.977365 7.044524 -0.7061002 8.778717 7.209749 -2.342351 8.690306 7.374971 -2.342351 8.778717 7.415777 -2.342351 8.977365 7.301442 -2.342351 9.136672 7.118056 -2.342351 9.136672 7.00372 -2.342351 8.977365 7.044525 -2.342351 8.778717 7.209749 -0.7061002 8.690306 7.374971 -0.7061002 8.778717 7.415777 -0.7061002 8.977365 7.301442 -0.7061002 9.136672 7.118056 -0.7061002 9.136672 7.00372 -0.7061002 8.977365 7.044524 -0.7061002 8.778717 9.227684 -0.7061002 8.690306 9.392907 -0.7061002 8.778717 9.433712 -0.7061002 8.977365 9.319376 -0.7061002 9.136672 9.135993 -0.7061002 9.136672 9.021656 -0.7061002 8.977365 9.062463 -0.7061002 8.778717 9.227684 -2.342351 8.690306 9.392907 -2.342351 8.778717 9.433712 -2.342351 8.977365 9.319376 -2.342351 9.136672 9.135993 -2.342351 9.136672 9.021656 -2.342351 8.977365 9.062463 -2.342351 8.778717 9.227684 -0.7061002 8.690306 9.392907 -0.7061002 8.778717 9.433712 -0.7061002 8.977365 9.319376 -0.7061002 9.136672 9.135993 -0.7061002 9.136672 9.021656 -0.7061002 8.977365 9.062463 -0.7061002 8.778717 11.41296 -0.7061002 8.690306 11.57818 -0.7061002 8.778717 11.61899 -0.7061002 8.977365 11.50465 -0.7061002 9.136672 11.32126 -0.7061002 9.136672 11.20693 -0.7061002 8.977365 11.24773 -0.7061002 8.778717 11.41296 -2.342351 8.690306 11.57818 -2.342351 8.778717 11.61899 -2.342351 8.977365 11.50465 -2.342351 9.136672 11.32126 -2.342351 9.136672 11.20693 -2.342351 8.977365 11.24773 -2.342351 8.778717 11.41296 -0.7061002 8.690306 11.57818 -0.7061002 8.778717 11.61899 -0.7061002 8.977365 11.50465 -0.7061002 9.136672 11.32126 -0.7061002 9.136672 11.20693 -0.7061002 8.977365 11.24773 -0.7061002 8.778717 13.37462 -10.06688 8.690306 13.37462 -10.25047 8.778717 13.37462 -10.29581 8.977365 13.37462 -10.16876 9.136672 13.37462 -9.965004 9.136672 13.37462 -9.837962 8.977365 13.37462 -9.883303 8.778717 11.90199 -10.06688 8.690306 11.90199 -10.25047 8.778717 11.90199 -10.29581 8.977365 11.90199 -10.16876 9.136672 11.90199 -9.965004 9.136672 11.90199 -9.837962 8.977365 11.90199 -9.883303 8.778717 13.37462 -10.06688 8.690306 13.37462 -10.25047 8.778717 13.37462 -10.29581 8.977365 13.37462 -10.16876 9.136672 13.37462 -9.965004 9.136672 13.37462 -9.837962 8.977365 13.37462 -9.883303 8.778717 13.37462 -2.89209 8.690306 13.37462 -3.07568 8.778717 13.37462 -3.121021 8.977365 13.37462 -2.99398 9.136672 13.37462 -2.79021 9.136672 13.37462 -2.66317 8.977365 13.37462 -2.70851 8.778717 11.90199 -2.89209 8.690306 11.90199 -3.07568 8.778717 11.90199 -3.121021 8.977365 11.90199 -2.99398 9.136672 11.90199 -2.79021 9.136672 11.90199 -2.66317 8.977365 11.90199 -2.70851 8.778717 13.37462 -2.89209 8.690306 13.37462 -3.07568 8.778717 13.37462 -3.121021 8.977365 13.37462 -2.99398 9.136672 13.37462 -2.79021 9.136672 13.37462 -2.66317 8.977365 13.37462 -2.70851 8.778717 13.37462 -5.40134 8.690306 13.37462 -5.584921 8.778717 13.37462 -5.630259 8.977365 13.37462 -5.50322 9.136672 13.37462 -5.29946 9.136672 13.37462 -5.17242 8.977365 13.37462 -5.217761 8.778717 11.90199 -5.40134 8.690306 11.90199 -5.584921 8.778717 11.90199 -5.630259 8.977365 11.90199 -5.50322 9.136672 11.90199 -5.29946 9.136672 11.90199 -5.17242 8.977365 11.90199 -5.217761 8.778717 13.37462 -5.40134 8.690306 13.37462 -5.584921 8.778717 13.37462 -5.630259 8.977365 13.37462 -5.50322 9.136672 13.37462 -5.29946 9.136672 13.37462 -5.17242 8.977365 13.37462 -5.217761 8.778717 13.37462 -7.634948 8.690306 13.37462 -7.818531 8.778717 13.37462 -7.863871 8.977365 13.37462 -7.736829 9.136672 13.37462 -7.533068 9.136672 13.37462 -7.406026 8.977365 13.37462 -7.451365 8.778717 11.90199 -7.634948 8.690306 11.90199 -7.818531 8.778717 11.90199 -7.863871 8.977365 11.90199 -7.736829 9.136672 11.90199 -7.533068 9.136672 11.90199 -7.406026 8.977365 11.90199 -7.451365 8.778717 13.37462 -7.634948 8.690306 13.37462 -7.818531 8.778717 13.37462 -7.863871 8.977365 13.37462 -7.736829 9.136672 13.37462 -7.533068 9.136672 13.37462 -7.406026 8.977365 13.37462 -7.451365 8.778717 8.955327 -11.36564 13.68531 8.955327 -11.36564 11.59505 9.715161 -11.36564 13.68531 9.715161 -11.36564 11.59505 7.436234 -11.36564 11.59505 7.436234 -11.36564 13.68531 6.676408 -11.36564 11.59505 6.676408 -11.36564 13.68531 7.436234 -1.569681 13.68531 7.436234 -1.569681 11.59505 6.676403 -1.569681 13.68531 6.676403 -1.569681 11.59505 8.955327 -1.569681 11.59505 8.955327 -1.569681 13.68531 9.715161 -1.569681 11.59505 9.715161 -1.569681 13.68531 9.460902 -1.87276 14.82846 9.460902 -2.75254 14.82846 6.930664 -1.87276 14.82846 6.930664 -2.75254 14.82845 7.026963 -1.87276 15.5359 7.026963 -2.75254 15.5359 7.301207 -1.87276 16.13563 7.301207 -2.75254 16.13563 7.711644 -1.87276 16.53637 7.711644 -2.75254 16.53637 8.19578 -1.87276 16.67708 8.19578 -2.75254 16.67708 8.679918 -1.87276 16.53637 8.679918 -2.75254 16.53636 9.090353 -1.87276 16.13563 9.090353 -2.75254 16.13563 9.364602 -1.87276 15.53589 9.364602 -2.75254 15.53589 9.460902 -11.01377 14.82846 9.460902 -10.13399 14.82846 6.930665 -11.01377 14.82846 6.930665 -10.13399 14.82845 7.026965 -11.01377 15.5359 7.026965 -10.13399 15.5359 7.301207 -11.01377 16.13563 7.301207 -10.13399 16.13563 7.711644 -11.01377 16.53637 7.711644 -10.13399 16.53637 8.19578 -11.01377 16.67708 8.19578 -10.13399 16.67708 8.679926 -11.01377 16.53637 8.679926 -10.13399 16.53636 9.090353 -11.01377 16.13563 9.090353 -10.13399 16.13563 9.364602 -11.01377 15.53589 9.364602 -10.13399 15.53589 12.30924 -7.848948 14.82846 11.51744 -7.848948 14.82846 12.30924 -5.03758 14.82846 11.51744 -5.03758 14.82845 12.30924 -5.14458 15.5359 11.51744 -5.14458 15.5359 12.30924 -5.449291 16.13563 11.51744 -5.449291 16.13563 12.30924 -5.90533 16.53637 11.51744 -5.90533 16.53637 12.30924 -6.44326 16.67708 11.51744 -6.44326 16.67708 12.30924 -6.981194 16.53637 11.51744 -6.981194 16.53636 12.30924 -7.437233 16.13563 11.51744 -7.437233 16.13563 12.30924 -7.741947 15.53589 11.51744 -7.741947 15.53589 4.082327 -7.848949 14.82846 4.87413 -7.848949 14.82846 4.082326 -5.03758 14.82846 4.874128 -5.03758 14.82845 4.082326 -5.14458 15.5359 4.874128 -5.14458 15.5359 4.082326 -5.449291 16.13563 4.874128 -5.449291 16.13563 4.082326 -5.90533 16.53637 4.874128 -5.90533 16.53637 4.082327 -6.44326 16.67708 4.87413 -6.44326 16.67708 4.082327 -6.981196 16.53637 4.87413 -6.981196 16.53636 4.082327 -7.437235 16.13563 4.87413 -7.437235 16.13563 4.082327 -7.741948 15.53589 4.87413 -7.741948 15.53589 12.30922 -11.01375 14.82846 11.51744 -10.134 14.82846 12.30924 -7.848948 14.82846 11.51744 -7.848948 14.82845 12.30924 -7.955951 15.5359 11.51744 -7.955951 15.5359 12.30924 -8.260666 16.13563 11.51744 -8.260666 16.13563 12.30924 -8.716702 16.53637 11.51744 -8.716702 16.53637 12.30924 -9.254637 16.67708 11.51744 -9.254639 16.67708 12.30924 -11.01375 16.53637 11.51745 -10.134 16.53636 12.30924 -11.01375 16.13563 11.51744 -10.134 16.13563 12.30922 -11.01375 15.53589 11.51744 -10.134 15.53589 12.30922 -11.01376 14.82846 11.51745 -10.13399 14.82846 9.460902 -11.01377 14.82846 9.460902 -10.13399 14.82845 9.557201 -11.01377 15.5359 9.557201 -10.13399 15.5359 9.83144 -11.01377 16.13563 9.83144 -10.13399 16.13563 10.24188 -11.01377 16.53637 10.24188 -10.13399 16.53637 10.72602 -11.01377 16.67708 10.72602 -10.13399 16.67708 12.30922 -11.01377 16.53637 11.51745 -10.134 16.53636 12.30922 -11.01377 16.13563 11.51745 -10.13399 16.13563 12.30922 -11.01377 15.53589 11.51745 -10.134 15.53589 12.30922 -1.872771 14.82846 11.51744 -2.752531 14.82846 12.30924 -5.03758 14.82846 11.51744 -5.03758 14.82845 12.30924 -4.930581 15.5359 11.51744 -4.930581 15.5359 12.30924 -4.625861 16.13563 11.51744 -4.625861 16.13563 12.30924 -4.16982 16.53637 11.51744 -4.16982 16.53637 12.30924 -3.631891 16.67708 11.51744 -3.631891 16.67708 12.30924 -1.872771 16.53637 11.51745 -2.752531 16.53636 12.30924 -1.872771 16.13563 11.51744 -2.752531 16.13563 12.30922 -1.872771 15.53589 11.51744 -2.752531 15.53589 12.30922 -1.872771 14.82846 11.51745 -2.75254 14.82846 9.460902 -1.87276 14.82846 9.460902 -2.75254 14.82845 9.557201 -1.87276 15.5359 9.557201 -2.75254 15.5359 9.83144 -1.87276 16.13563 9.83144 -2.75254 16.13563 10.24188 -1.87276 16.53637 10.24188 -2.75254 16.53637 10.72602 -1.87276 16.67708 10.72602 -2.75254 16.67708 12.30922 -1.87276 16.53637 11.51745 -2.752531 16.53636 12.30922 -1.87276 16.13563 11.51745 -2.75254 16.13563 12.30922 -1.87276 15.53589 11.51745 -2.752531 15.53589 4.082338 -11.01375 14.82846 4.874128 -10.134 14.82846 4.082326 -7.848948 14.82846 4.874128 -7.848949 14.82845 4.082326 -7.955952 15.5359 4.874128 -7.955952 15.5359 4.082326 -8.260666 16.13563 4.874128 -8.260666 16.13563 4.082326 -8.716704 16.53637 4.874128 -8.716704 16.53637 4.082326 -9.254639 16.67708 4.874128 -9.254639 16.67708 4.082326 -11.01375 16.53637 4.874123 -10.134 16.53636 4.082326 -11.01375 16.13563 4.874128 -10.134 16.13563 4.082338 -11.01375 15.53589 4.874128 -10.134 15.53589 4.082338 -11.01376 14.82846 4.874123 -10.13399 14.82846 6.930665 -11.01377 14.82846 6.930666 -10.13399 14.82845 6.834361 -11.01377 15.5359 6.834361 -10.13399 15.5359 6.560118 -11.01377 16.13563 6.560118 -10.13399 16.13563 6.149687 -11.01377 16.53637 6.149687 -10.13399 16.53637 5.665544 -11.01377 16.67708 5.665544 -10.13399 16.67708 4.082338 -11.01377 16.53637 4.874121 -10.134 16.53636 4.082338 -11.01377 16.13563 4.874123 -10.13399 16.13563 4.082338 -11.01377 15.53589 4.874123 -10.134 15.53589 4.082337 -1.872771 14.82846 4.874127 -2.752531 14.82846 4.082326 -5.03758 14.82846 4.874127 -5.03758 14.82845 4.082326 -4.930581 15.5359 4.874127 -4.930581 15.5359 4.082326 -4.625861 16.13563 4.874127 -4.625861 16.13563 4.082326 -4.16982 16.53637 4.874127 -4.16982 16.53637 4.082326 -3.631891 16.67708 4.874127 -3.631891 16.67708 4.082326 -1.872771 16.53637 4.874122 -2.752531 16.53636 4.082326 -1.872771 16.13563 4.874127 -2.752531 16.13563 4.082337 -1.872771 15.53589 4.874127 -2.752531 15.53589 4.082337 -1.872771 14.82846 4.874122 -2.75254 14.82846 6.930664 -1.87276 14.82846 6.930666 -2.75254 14.82845 6.83436 -1.87276 15.5359 6.83436 -2.75254 15.5359 6.560118 -1.87276 16.13563 6.560118 -2.75254 16.13563 6.149684 -1.87276 16.53637 6.149684 -2.75254 16.53637 5.665543 -1.87276 16.67708 5.665543 -2.75254 16.67708 4.082337 -1.87276 16.53637 4.874119 -2.752531 16.53636 4.082337 -1.87276 16.13563 4.874122 -2.75254 16.13563 4.082337 -1.87276 15.53589 4.874122 -2.752531 15.53589 12.68998 -5.599351 13.80169 12.68998 -5.599351 11.71143 12.68998 -4.75509 13.80169 12.68998 -4.75509 11.71143 12.68998 -7.287226 11.71143 12.68998 -7.287226 13.80169 12.68998 -8.131482 11.71143 12.68998 -8.131482 13.80169 11.53817 -11.79514 14.23718 11.37295 -11.79514 14.32559 11.33214 -11.79514 14.52424 11.44649 -11.79514 14.68354 11.62987 -11.79514 14.68354 11.74421 -11.79514 14.52424 11.7034 -11.79514 14.32559 11.53817 -10.29265 14.23718 11.37295 -10.29265 14.32559 11.33214 -10.29265 14.52424 11.44648 -10.29265 14.68354 11.62987 -10.29265 14.68354 11.7442 -10.29264 14.52424 11.7034 -10.29265 14.32559 11.53817 -11.79514 14.23718 11.37295 -11.79514 14.32559 11.33214 -11.79514 14.52424 11.44649 -11.79514 14.68354 11.62987 -11.79514 14.68354 11.74421 -11.79514 14.52424 11.7034 -11.79514 14.32559 9.411861 -11.79514 14.23718 9.246639 -11.79514 14.32559 9.205833 -11.79514 14.52424 9.320169 -11.79514 14.68354 9.503553 -11.79514 14.68354 9.617889 -11.79514 14.52424 9.577082 -11.79514 14.32559 9.411851 -10.29265 14.23718 9.24663 -10.29265 14.32559 9.205823 -10.29265 14.52424 9.320159 -10.29265 14.68354 9.503543 -10.29265 14.68354 9.617889 -10.29264 14.52424 9.577082 -10.29265 14.32559 9.411861 -11.79514 14.23718 9.246639 -11.79514 14.32559 9.205833 -11.79514 14.52424 9.320169 -11.79514 14.68354 9.503553 -11.79514 14.68354 9.617889 -11.79514 14.52424 9.577082 -11.79514 14.32559 7.529051 -11.79514 14.23718 7.363829 -11.79514 14.32559 7.323023 -11.79514 14.52424 7.437359 -11.79514 14.68354 7.620743 -11.79514 14.68354 7.735079 -11.79514 14.52424 7.694273 -11.79514 14.32559 7.529051 -10.29265 14.23718 7.36382 -10.29265 14.32559 7.323014 -10.29265 14.52424 7.43735 -10.29265 14.68354 7.620743 -10.29265 14.68354 7.735079 -10.29264 14.52424 7.694273 -10.29265 14.32559 7.529051 -11.79514 14.23718 7.363829 -11.79514 14.32559 7.323023 -11.79514 14.52424 7.437359 -11.79514 14.68354 7.620743 -11.79514 14.68354 7.735079 -11.79514 14.52424 7.694273 -11.79514 14.32559 5.460763 -11.79514 14.23718 5.29554 -11.79514 14.32559 5.254732 -11.79514 14.52424 5.369071 -11.79514 14.68354 5.552455 -11.79514 14.68354 5.666793 -11.79514 14.52424 5.625986 -11.79514 14.32559 5.460759 -10.29265 14.23718 5.295536 -10.29265 14.32559 5.254728 -10.29265 14.52424 5.369066 -10.29265 14.68354 5.552451 -10.29265 14.68354 5.666789 -10.29264 14.52424 5.625985 -10.29265 14.32559 5.460763 -11.79514 14.23718 5.29554 -11.79514 14.32559 5.254732 -11.79514 14.52424 5.369071 -11.79514 14.68354 5.552455 -11.79514 14.68354 5.666793 -11.79514 14.52424 5.625986 -11.79514 14.32559 5.317952 -1.178971 14.23718 5.483175 -1.178971 14.32559 5.523981 -1.178971 14.52424 5.409642 -1.178971 14.68354 5.226258 -1.178971 14.68354 5.111921 -1.178971 14.52424 5.152726 -1.178971 14.32559 5.317952 -2.681471 14.23718 5.483175 -2.681471 14.32559 5.523982 -2.681471 14.52424 5.409644 -2.681471 14.68354 5.22626 -2.681471 14.68354 5.111921 -2.681471 14.52424 5.152728 -2.681471 14.32559 5.317952 -1.178971 14.23718 5.483175 -1.178971 14.32559 5.523981 -1.178971 14.52424 5.409642 -1.178971 14.68354 5.226258 -1.178971 14.68354 5.111921 -1.178971 14.52424 5.152726 -1.178971 14.32559 7.209749 -1.178971 14.23718 7.374971 -1.178971 14.32559 7.415777 -1.178971 14.52424 7.301442 -1.178971 14.68354 7.118056 -1.178971 14.68354 7.00372 -1.178971 14.52424 7.044524 -1.178971 14.32559 7.209749 -2.681471 14.23718 7.374971 -2.681471 14.32559 7.415777 -2.681471 14.52424 7.301442 -2.681471 14.68354 7.118056 -2.681471 14.68354 7.00372 -2.681471 14.52424 7.044525 -2.681471 14.32559 7.209749 -1.178971 14.23718 7.374971 -1.178971 14.32559 7.415777 -1.178971 14.52424 7.301442 -1.178971 14.68354 7.118056 -1.178971 14.68354 7.00372 -1.178971 14.52424 7.044524 -1.178971 14.32559 9.227684 -1.178971 14.23718 9.392907 -1.178971 14.32559 9.433712 -1.178971 14.52424 9.319376 -1.178971 14.68354 9.135993 -1.178971 14.68354 9.021656 -1.178971 14.52424 9.062463 -1.178971 14.32559 9.227684 -2.681471 14.23718 9.392907 -2.681471 14.32559 9.433712 -2.681471 14.52424 9.319376 -2.681471 14.68354 9.135993 -2.681471 14.68354 9.021656 -2.681471 14.52424 9.062463 -2.681471 14.32559 9.227684 -1.178971 14.23718 9.392907 -1.178971 14.32559 9.433712 -1.178971 14.52424 9.319376 -1.178971 14.68354 9.135993 -1.178971 14.68354 9.021656 -1.178971 14.52424 9.062463 -1.178971 14.32559 11.41296 -1.178971 14.23718 11.57818 -1.178971 14.32559 11.61899 -1.178971 14.52424 11.50465 -1.178971 14.68354 11.32126 -1.178971 14.68354 11.20693 -1.178971 14.52424 11.24773 -1.178971 14.32559 11.41296 -2.681471 14.23718 11.57818 -2.681471 14.32559 11.61899 -2.681471 14.52424 11.50465 -2.681471 14.68354 11.32126 -2.681471 14.68354 11.20693 -2.681471 14.52424 11.24773 -2.681471 14.32559 11.41296 -1.178971 14.23718 11.57818 -1.178971 14.32559 11.61899 -1.178971 14.52424 11.50465 -1.178971 14.68354 11.32126 -1.178971 14.68354 11.20693 -1.178971 14.52424 11.24773 -1.178971 14.32559 12.84617 -9.774552 14.23718 12.84617 -9.943125 14.32559 12.84617 -9.984759 14.52424 12.84617 -9.868102 14.68354 12.84617 -9.680998 14.68354 12.84617 -9.564341 14.52424 12.84617 -9.605975 14.32559 11.37354 -9.774552 14.23718 11.37354 -9.943125 14.32559 11.37354 -9.984759 14.52424 11.37354 -9.868102 14.68354 11.37354 -9.680998 14.68354 11.37354 -9.564341 14.52424 11.37354 -9.605977 14.32559 12.84617 -9.774552 14.23718 12.84617 -9.943125 14.32559 12.84617 -9.984759 14.52424 12.84617 -9.868102 14.68354 12.84617 -9.680998 14.68354 12.84617 -9.564341 14.52424 12.84617 -9.605975 14.32559 12.84617 -3.18627 14.23718 12.84617 -3.35485 14.32559 12.84617 -3.39648 14.52424 12.84617 -3.27982 14.68354 12.84617 -3.092721 14.68354 12.84617 -2.976061 14.52424 12.84617 -3.017701 14.32559 11.37354 -3.18627 14.23718 11.37354 -3.35485 14.32559 11.37354 -3.39648 14.52424 11.37354 -3.27982 14.68354 11.37354 -3.092721 14.68354 11.37354 -2.976061 14.52424 11.37354 -3.017701 14.32559 12.84617 -3.18627 14.23718 12.84617 -3.35485 14.32559 12.84617 -3.39648 14.52424 12.84617 -3.27982 14.68354 12.84617 -3.092721 14.68354 12.84617 -2.976061 14.52424 12.84617 -3.017701 14.32559 12.84617 -5.490401 14.23718 12.84617 -5.65897 14.32559 12.84617 -5.700611 14.52424 12.84617 -5.583951 14.68354 12.84617 -5.396841 14.68354 12.84617 -5.28019 14.52424 12.84617 -5.321821 14.32559 11.37354 -5.490401 14.23718 11.37354 -5.65897 14.32559 11.37354 -5.700611 14.52424 11.37354 -5.583951 14.68354 11.37354 -5.396841 14.68354 11.37354 -5.28019 14.52424 11.37354 -5.321821 14.32559 12.84617 -5.490401 14.23718 12.84617 -5.65897 14.32559 12.84617 -5.700611 14.52424 12.84617 -5.583951 14.68354 12.84617 -5.396841 14.68354 12.84617 -5.28019 14.52424 12.84617 -5.321821 14.32559 12.84617 -7.541414 14.23718 12.84617 -7.70999 14.32559 12.84617 -7.751623 14.52424 12.84617 -7.634967 14.68354 12.84617 -7.447864 14.68354 12.84617 -7.331205 14.52424 12.84617 -7.37284 14.32559 11.37354 -7.541414 14.23718 11.37354 -7.70999 14.32559 11.37354 -7.751623 14.52424 11.37354 -7.634967 14.68354 11.37354 -7.447864 14.68354 11.37354 -7.331205 14.52424 11.37354 -7.37284 14.32559 12.84617 -7.541414 14.23718 12.84617 -7.70999 14.32559 12.84617 -7.751623 14.52424 12.84617 -7.634967 14.68354 12.84617 -7.447864 14.68354 12.84617 -7.331205 14.52424 12.84617 -7.37284 14.32559 7.669298 16.65028 7.723744 7.669298 16.65028 5.633483 6.909467 16.65028 7.723744 6.909467 16.65028 5.633483 9.18839 16.65028 5.633483 9.18839 16.65028 7.723744 9.948225 16.65028 5.633483 9.948225 16.65028 7.723744 12.92304 -6.8654 7.84012 12.92304 -6.8654 5.749859 12.92304 -6.021142 7.84012 12.92304 -6.021142 5.749859 10.17265 -14.53499 2.852593 9.694736 -15.18125 9.294908 7.130583 -15.11149 9.245441 6.708485 -14.53499 2.852593 7.390096 -17.63968 9.657874 6.708485 -18.85934 2.852588 9.927551 -17.92693 9.542217 10.17265 -18.85934 2.852588 6.953578 -14.79326 7.986751 6.953578 -14.79325 5.756876 9.927551 -14.79326 7.986751 9.927551 -14.79325 5.756876 6.953578 -17.92692 7.986747 6.953578 -17.92692 5.756871 9.927551 -17.92692 7.986747 9.927551 -17.92692 5.756871 10.17265 -14.53499 -4.567706 6.708485 -14.53499 -4.567706 6.708485 -18.85934 -4.567713 10.17265 -18.85934 -4.567713 3.281209 -3.221771 14.23718 3.281209 -3.053191 14.32559 3.281209 -3.01156 14.52424 3.281209 -3.12822 14.68354 3.281209 -3.315321 14.68354 3.281208 -3.431982 14.52424 3.281209 -3.39034 14.32559 4.753839 -3.221771 14.23718 4.753839 -3.053191 14.32559 4.753839 -3.01156 14.52424 4.753839 -3.12822 14.68354 4.753839 -3.315321 14.68354 4.753839 -3.431982 14.52424 4.753839 -3.39034 14.32559 3.281209 -3.221771 14.23718 3.281209 -3.053191 14.32559 3.281209 -3.01156 14.52424 3.281209 -3.12822 14.68354 3.281209 -3.315321 14.68354 3.281208 -3.431982 14.52424 3.281209 -3.39034 14.32559 3.281207 -9.810046 14.23718 3.281207 -9.64147 14.32559 3.281207 -9.599837 14.52424 3.281207 -9.716494 14.68354 3.281207 -9.903597 14.68354 3.281207 -10.02025 14.52424 3.281207 -9.978621 14.32559 4.753838 -9.810046 14.23718 4.753838 -9.64147 14.32559 4.753838 -9.599837 14.52424 4.753838 -9.716494 14.68354 4.753838 -9.903597 14.68354 4.753837 -10.02025 14.52424 4.753837 -9.978621 14.32559 3.281207 -9.810046 14.23718 3.281207 -9.64147 14.32559 3.281207 -9.599837 14.52424 3.281207 -9.716494 14.68354 3.281207 -9.903597 14.68354 3.281207 -10.02025 14.52424 3.281207 -9.978621 14.32559 3.281208 -7.505918 14.23718 3.281208 -7.337343 14.32559 3.281208 -7.29571 14.52424 3.281208 -7.412367 14.68354 3.281208 -7.599471 14.68354 3.281208 -7.716126 14.52424 3.281208 -7.674493 14.32559 4.753838 -7.505918 14.23718 4.753838 -7.337343 14.32559 4.753838 -7.29571 14.52424 4.753838 -7.412367 14.68354 4.753838 -7.599471 14.68354 4.753838 -7.716126 14.52424 4.753838 -7.674493 14.32559 3.281208 -7.505918 14.23718 3.281208 -7.337343 14.32559 3.281208 -7.29571 14.52424 3.281208 -7.412367 14.68354 3.281208 -7.599471 14.68354 3.281208 -7.716126 14.52424 3.281208 -7.674493 14.32559 3.281208 -5.4549 14.23718 3.281208 -5.286331 14.32559 3.281208 -5.244691 14.52424 3.281208 -5.361351 14.68354 3.281208 -5.54845 14.68354 3.281208 -5.66511 14.52424 3.281208 -5.62348 14.32559 4.753839 -5.4549 14.23718 4.753839 -5.286331 14.32559 4.753839 -5.244691 14.52424 4.753839 -5.361351 14.68354 4.753839 -5.54845 14.68354 4.753839 -5.66511 14.52424 4.753839 -5.62348 14.32559 3.281208 -5.4549 14.23718 3.281208 -5.286331 14.32559 3.281208 -5.244691 14.52424 3.281208 -5.361351 14.68354 3.281208 -5.54845 14.68354 3.281208 -5.66511 14.52424 3.281208 -5.62348 14.32559 10.48247 -11.55281 10.26466 10.48247 -11.55281 11.68806 8.182146 -11.55281 11.68806 8.182146 -11.55281 10.26466 10.48247 -11.24811 11.68806 10.48247 -11.24811 10.26466 8.182146 -11.24811 10.26466 8.182146 -11.24811 11.68806 10.48247 -11.55281 10.26466 10.48247 -11.55281 11.68806 8.182146 -11.55281 11.68806 8.182146 -11.55281 10.26466 5.908999 -11.55281 10.26466 5.909002 -11.55281 11.68806 8.209325 -11.55281 11.68806 8.209325 -11.55281 10.26466 5.909002 -11.24811 11.68806 5.908999 -11.24811 10.26466 8.209325 -11.24811 10.26466 8.209325 -11.24811 11.68806 5.908999 -11.55281 10.26466 5.909002 -11.55281 11.68806 8.209325 -11.55281 11.68806 8.209325 -11.55281 10.26466 12.8031 16.6019 0.4201784 3.588471 16.05396 0.4201784 3.588471 16.60188 8.678417 12.30465 16.03611 8.678416 3.588471 -1.545836 8.678403 12.8031 -1.545817 8.678403 12.8031 -1.545817 0.420167 4.615677 17.25492 8.037768 4.450454 17.25492 8.126176 4.409649 17.25492 8.324828 4.523985 17.25492 8.484127 4.707369 17.25492 8.484127 4.821713 17.25492 8.324828 4.780909 17.25492 8.126176 4.615677 15.75241 8.037768 4.450454 15.75241 8.126176 4.409649 15.75241 8.324828 4.523985 15.75241 8.484127 4.707369 15.75241 8.484127 4.821713 15.75241 8.324828 4.780909 15.75241 8.126176 4.615677 17.25492 8.037768 4.450454 17.25492 8.126176 4.409649 17.25492 8.324828 4.523985 17.25492 8.484127 4.707369 17.25492 8.484127 4.821713 17.25492 8.324828 4.780909 17.25492 8.126176 7.170476 17.25492 8.037768 7.005254 17.25492 8.126176 6.964448 17.25492 8.324828 7.078784 17.25492 8.484127 7.262166 17.25492 8.484127 7.37651 17.25492 8.324828 7.335704 17.25492 8.126176 7.170476 15.75241 8.037768 7.005254 15.75241 8.126176 6.964448 15.75241 8.324828 7.078784 15.75241 8.484127 7.262166 15.75241 8.484127 7.37651 15.75241 8.324828 7.335704 15.75241 8.126176 7.170476 17.25492 8.037768 7.005254 17.25492 8.126176 6.964448 17.25492 8.324828 7.078784 17.25492 8.484127 7.262166 17.25492 8.484127 7.37651 17.25492 8.324828 7.335704 17.25492 8.126176 9.725276 17.25492 8.037768 9.560054 17.25492 8.126176 9.519248 17.25492 8.324828 9.633584 17.25492 8.484127 9.816968 17.25492 8.484127 9.931313 17.25492 8.324828 9.890507 17.25492 8.126176 9.725276 15.75241 8.037768 9.560054 15.75241 8.126176 9.519248 15.75241 8.324828 9.633584 15.75241 8.484127 9.816968 15.75241 8.484127 9.931313 15.75241 8.324828 9.890507 15.75241 8.126176 9.725276 17.25492 8.037768 9.560054 17.25492 8.126176 9.519248 17.25492 8.324828 9.633584 17.25492 8.484127 9.816968 17.25492 8.484127 9.931313 17.25492 8.324828 9.890507 17.25492 8.126176 12.28007 17.25492 8.037768 12.11485 17.25492 8.126176 12.07404 17.25492 8.324828 12.18838 17.25492 8.484127 12.37176 17.25492 8.484127 12.48611 17.25492 8.324828 12.4453 17.25492 8.126176 12.28007 15.75241 8.037768 12.11485 15.75241 8.126176 12.07404 15.75241 8.324828 12.18838 15.75241 8.484127 12.37176 15.75241 8.484127 12.48611 15.75241 8.324828 12.4453 15.75241 8.126176 12.28007 17.25492 8.037768 12.11485 17.25492 8.126176 12.07404 17.25492 8.324828 12.18838 17.25492 8.484127 12.37176 17.25492 8.484127 12.48611 17.25492 8.324828 12.4453 17.25492 8.126176 8.180048 15.46247 8.567407 8.180048 16.2226 8.567407 10.14756 15.46247 8.567407 10.14756 16.2226 8.567405 10.07268 15.46247 9.24655 10.07268 16.2226 9.24655 9.859431 15.46247 9.822294 9.859431 16.2226 9.822294 9.540273 15.46247 10.207 9.540273 16.2226 10.207 9.163812 15.46247 10.34208 9.163812 16.2226 10.34208 8.787342 15.46247 10.207 8.787342 16.2226 10.20699 8.468193 15.46247 9.822294 8.468193 16.2226 9.822294 8.254928 15.46247 9.24655 8.254938 16.2226 9.24655 6.212535 15.46247 8.567407 6.212535 16.2226 8.567407 8.180048 15.46247 8.567407 8.180048 16.2226 8.567405 8.105168 15.46247 9.24655 8.105168 16.2226 9.24655 7.891913 15.46247 9.822294 7.891913 16.2226 9.822294 7.572764 15.46247 10.207 7.572764 16.2226 10.207 7.196295 15.46247 10.34208 7.196295 16.2226 10.34208 6.819824 15.46247 10.207 6.819824 16.2226 10.20699 6.500676 15.46247 9.822294 6.500676 16.2226 9.822294 6.287419 15.46247 9.24655 6.287425 16.2226 9.24655 4.143846 15.46247 8.567407 4.143846 16.2226 8.567407 6.111362 15.46247 8.567407 6.111362 16.2226 8.567405 6.036476 15.46247 9.24655 6.036476 16.2226 9.24655 5.823226 15.46247 9.822294 5.823227 16.2226 9.822294 5.504073 15.46247 10.207 5.504073 16.2226 10.207 5.127606 15.46247 10.34208 5.127606 16.2226 10.34208 4.751135 15.46247 10.207 4.751135 16.2226 10.20699 4.431986 15.46247 9.822294 4.431986 16.2226 9.822294 4.218729 15.46247 9.24655 4.218737 16.2226 9.24655 12.8031 16.6019 8.678417 4.086921 16.03609 8.678416 4.08692 -0.9800384 8.678404 12.30465 -0.9800212 8.678404 4.08692 -0.9800384 8.19311 12.30465 -0.9800212 8.19311 4.086921 16.03609 8.19312 12.30465 16.03611 8.19312 12.8031 -11.42469 0.4202004 3.588471 -11.4247 0.4202004 12.8031 -1.46184 0.4201784 12.8031 16.57479 0.4201784 3.588471 16.02684 0.4201784 12.8031 -1.572935 0.420167 12.8031 -11.42469 -4.9707 3.588471 -11.4247 -4.9707 12.8031 -1.46184 -4.970723 12.8031 16.57479 -4.970723 3.588471 16.02684 -4.970723 12.8031 -1.572935 -4.970735 12.38482 16.22496 8.567407 11.76912 15.46485 8.567407 12.38482 13.49057 8.567407 11.76912 13.49057 8.567405 12.38482 13.58302 9.24655 11.76912 13.58302 9.24655 12.38482 13.84629 9.822294 11.76912 13.84629 9.822294 12.38482 14.24031 10.207 11.76912 14.24031 10.207 12.38482 14.70509 10.34208 11.76912 14.70509 10.34208 12.38482 16.22496 10.207 11.76913 15.46485 10.20699 12.38482 16.22496 9.822294 11.76912 15.46485 9.822294 12.38482 16.22496 9.24655 11.76912 15.46485 9.24655 12.3956 16.233 8.567407 11.77991 15.47288 8.567407 10.18075 16.23301 8.567407 10.18075 15.47288 8.567405 10.25563 16.23301 9.24655 10.25563 15.47288 9.24655 10.46888 16.23301 9.822294 10.46888 15.47288 9.822294 10.78802 16.23301 10.207 10.78802 15.47288 10.207 11.1645 16.23301 10.34208 11.1645 15.47288 10.34208 12.3956 16.23301 10.207 11.77991 15.47289 10.20699 12.3956 16.23301 9.822294 11.77991 15.47288 9.822294 12.3956 16.23301 9.24655 11.77991 15.47289 9.24655 11.74093 0.9935029 8.624958 12.35663 0.9935029 8.624958 11.74093 3.422531 8.624958 12.35663 3.422531 8.624958 11.74093 3.33008 9.3041 12.35663 3.33008 9.3041 11.74093 3.06681 9.879848 12.35663 3.06681 9.879848 11.74093 2.67279 10.26455 12.35663 2.67279 10.26455 11.74093 2.20802 10.39964 12.35663 2.20802 10.39964 11.74093 1.743242 10.26455 12.35663 1.743242 10.26455 11.74093 1.349224 9.879848 12.35663 1.349224 9.879848 11.74093 1.085952 9.304099 12.35663 1.085952 9.304099 11.74093 -1.499512 8.624958 12.35663 -1.499512 8.624958 11.74093 0.9295142 8.624958 12.35663 0.9295142 8.624958 11.74093 0.837065 9.3041 12.35663 0.837065 9.3041 11.74093 0.5737908 9.879848 12.35663 0.5737908 9.879848 11.74093 0.1797716 10.26455 12.35663 0.1797716 10.26455 11.74093 -0.2849991 10.39964 12.35663 -0.2849991 10.39964 11.74093 -0.7497733 10.26455 12.35663 -0.7497733 10.26455 11.74093 -1.14379 9.879848 12.35663 -1.14379 9.879848 11.74093 -1.407066 9.304099 12.35663 -1.407066 9.304099 3.588471 -8.81832 0.4201784 3.588463 -8.818333 6.777931 3.588471 -1.46186 6.777947 3.588471 -9.418023 0.4201784 3.588471 -9.418023 -4.970723 11.74093 3.573357 8.624958 12.35663 3.573357 8.624958 11.74093 6.002385 8.624958 12.35663 6.002385 8.624958 11.74093 5.909934 9.3041 12.35663 5.909934 9.3041 11.74093 5.646664 9.879848 12.35663 5.646664 9.879848 11.74093 5.252644 10.26455 12.35663 5.252644 10.26455 11.74093 4.787874 10.39964 12.35663 4.787874 10.39964 11.74093 4.323097 10.26455 12.35663 4.323097 10.26455 11.74093 3.929079 9.879848 12.35663 3.929079 9.879848 11.74093 3.665806 9.304099 12.35663 3.665806 9.304099 11.74093 11.10384 8.624958 12.35663 11.10384 8.624958 11.74093 13.53287 8.624958 12.35663 13.53287 8.624958 11.74093 13.44042 9.3041 12.35663 13.44042 9.3041 11.74093 13.17715 9.879848 12.35663 13.17715 9.879848 11.74093 12.78313 10.26455 12.35663 12.78313 10.26455 11.74093 12.31836 10.39964 12.35663 12.31836 10.39964 11.74093 11.85358 10.26455 12.35663 11.85358 10.26455 11.74093 11.45957 9.879848 12.35663 11.45957 9.879848 11.74093 11.19629 9.304099 12.35663 11.19629 9.304099 11.74093 8.58565 8.624958 12.35663 8.58565 8.624958 11.74093 11.01468 8.624958 12.35663 11.01468 8.624958 11.74093 10.92223 9.3041 12.35663 10.92223 9.3041 11.74093 10.65896 9.879848 12.35663 10.65896 9.879848 11.74093 10.26494 10.26455 12.35663 10.26494 10.26455 11.74093 9.800168 10.39964 12.35663 9.800168 10.39964 11.74093 9.335389 10.26455 12.35663 9.335389 10.26455 11.74093 8.941372 9.879848 12.35663 8.941372 9.879848 11.74093 8.678099 9.304099 12.35663 8.678099 9.304099 11.74093 6.065776 8.624958 12.35663 6.065776 8.624958 11.74093 8.494805 8.624958 12.35663 8.494805 8.624958 11.74093 8.402354 9.3041 12.35663 8.402354 9.3041 11.74093 8.139084 9.879848 12.35663 8.139084 9.879848 11.74093 7.745063 10.26455 12.35663 7.745063 10.26455 11.74093 7.280294 10.39964 12.35663 7.280294 10.39964 11.74093 6.815515 10.26455 12.35663 6.815515 10.26455 11.74093 6.421499 9.879848 12.35663 6.421499 9.879848 11.74093 6.158226 9.304099 12.35663 6.158226 9.304099 2.085868 15.46247 8.567407 2.085868 16.2226 8.567407 4.142204 15.46247 8.567407 4.142204 16.2226 8.567405 4.063937 15.46247 9.24655 4.063937 16.2226 9.24655 3.841062 15.46247 9.822294 3.841063 16.2226 9.822294 3.5075 15.46247 10.207 3.5075 16.2226 10.207 3.114038 15.46247 10.34208 3.114038 16.2226 10.34208 2.720573 15.46247 10.207 2.720573 16.2226 10.20699 2.387016 15.46247 9.822294 2.387016 16.2226 9.822294 2.164133 15.46247 9.24655 2.16414 16.2226 9.24655 0.04160505 15.46247 8.567407 0.04160505 16.2226 8.567407 2.097941 15.46247 8.567407 2.097941 16.2226 8.567405 2.019674 15.46247 9.24655 2.019674 16.2226 9.24655 1.796798 15.46247 9.822294 1.796799 16.2226 9.822294 1.463237 15.46247 10.207 1.463237 16.2226 10.207 1.069775 15.46247 10.34208 1.069775 16.2226 10.34208 0.6763095 15.46247 10.207 0.6763095 16.2226 10.20699 0.3427532 15.46247 9.822294 0.3427532 16.2226 9.822294 0.1198696 15.46247 9.24655 0.1198766 16.2226 9.24655 3.588463 -11.42471 0.4201918 3.588471 -1.46186 0.420208 3.588463 -11.42471 -4.970708 3.588471 -1.46186 -4.970693 3.757205 -14.36496 9.914784 3.757214 -1.46186 9.914799 3.757214 -1.46186 7.674842 3.757205 -14.36496 7.674827 3.5057 -11.67222 6.825941 3.505695 -14.06206 6.825925 1.52027 -14.06206 6.825925 1.520275 -11.67222 6.825941 3.505687 -11.67227 7.694931 3.505682 -14.06211 7.694918 1.520262 -11.67227 7.694931 1.520257 -14.06211 7.694918 2.512985 -11.82391 0.5242987 2.512985 -11.82391 7.010006 2.982435 -11.96368 0.5242987 2.982435 -11.96368 7.010006 3.326096 -12.34553 0.5242987 3.326096 -12.34553 7.010006 3.451885 -12.86714 0.5242987 3.451885 -12.86714 7.010006 3.326096 -13.38875 0.5242987 3.326096 -13.38875 7.010006 2.982435 -13.77059 0.5242987 2.982435 -13.77059 7.010006 2.512985 -13.91036 0.5242987 2.512985 -13.91036 7.010006 2.043535 -13.77059 0.5242987 2.043535 -13.77059 7.010006 1.699874 -13.38875 0.5242987 1.699874 -13.38875 7.010006 1.574085 -12.86714 0.5242987 1.574085 -12.86714 7.010006 1.699874 -12.34553 0.5242987 1.699874 -12.34553 7.010006 2.043534 -11.96368 0.5242987 2.043534 -11.96368 7.010006 3.5057 -11.67222 -2.018779 3.505695 -14.06206 -2.018823 1.52027 -14.06206 -2.018823 1.520275 -11.67222 -2.018779 3.505687 -11.67227 0.5203314 3.505682 -14.06211 0.5202923 1.520262 -11.67227 0.5203314 1.520257 -14.06211 0.5202923 3.544022 -11.62609 -4.426776 3.544018 -14.10819 -4.426822 1.481948 -14.10819 -4.426822 1.481953 -11.62609 -4.426776 3.544009 -11.62614 -1.789647 3.544004 -14.10824 -1.789687 1.481939 -11.62614 -1.789647 1.481935 -14.10824 -1.789687 1.786216 -14.32513 9.829349 1.786216 -13.61876 9.829349 3.697134 -14.32513 9.829349 3.697134 -13.61876 9.829347 3.624402 -14.32513 10.46047 3.624402 -13.61876 10.46047 3.417288 -14.32513 10.99549 3.417289 -13.61876 10.99549 3.107315 -14.32513 11.353 3.107315 -13.61876 11.353 2.741677 -14.32513 11.47852 2.741677 -13.61876 11.47852 2.376036 -14.32513 11.353 2.376036 -13.61876 11.35299 2.066067 -14.32513 10.99549 2.066067 -13.61876 10.99549 1.858945 -14.32513 10.46047 1.858952 -13.61876 10.46047 -0.03899085 -14.32513 9.829349 -0.03899085 -13.61876 9.829349 1.871929 -14.32513 9.829349 1.871929 -13.61876 9.829347 1.799196 -14.32513 10.46047 1.799196 -13.61876 10.46047 1.592081 -14.32513 10.99549 1.592082 -13.61876 10.99549 1.282109 -14.32513 11.353 1.282109 -13.61876 11.353 0.9164709 -14.32513 11.47852 0.9164709 -13.61876 11.47852 0.5508295 -14.32513 11.353 0.5508295 -13.61876 11.35299 0.2408611 -14.32513 10.99549 0.2408611 -13.61876 10.99549 0.03373903 -14.32513 10.46047 0.03374558 -13.61876 10.46047 3.105324 -11.46868 9.829349 3.741064 -11.46868 9.829349 3.105324 -13.59193 9.829349 3.741064 -13.59193 9.829347 3.105324 -13.51111 10.46047 3.741064 -13.51111 10.46047 3.105324 -13.28099 10.99549 3.741064 -13.28099 10.99549 3.105324 -12.93657 11.353 3.741064 -12.93657 11.353 3.105324 -12.53031 11.47852 3.741064 -12.53031 11.47852 3.105324 -12.12404 11.353 3.741064 -12.12404 11.35299 3.105324 -11.77963 10.99549 3.741064 -11.77963 10.99549 3.105324 -11.5495 10.46047 3.741064 -11.5495 10.46047 2.420751 16.65028 7.723744 2.420751 16.65028 5.633483 1.660921 16.65028 7.723744 1.660921 16.65028 5.633483 3.939842 16.65028 5.633483 3.939842 16.65028 7.723744 4.699677 16.65028 5.633483 4.699677 16.65028 7.723744 12.86166 5.03512 7.723744 12.86166 5.03512 5.633483 12.86166 5.879376 7.723744 12.86166 5.879376 5.633483 12.86166 3.347239 5.633483 12.86166 3.347239 7.723744 12.86166 2.50298 5.633483 12.86166 2.50298 7.723744 12.86166 10.86684 7.723744 12.86166 10.86684 5.633483 12.86166 11.7111 7.723744 12.86166 11.7111 5.633483 12.86166 9.178957 5.633483 12.86166 9.178957 7.723744 12.86166 8.3347 5.633483 12.86166 8.3347 7.723744 -12.80308 -11.42469 0.4201784 -12.56547 -11.16069 14.96472 -3.58845 -11.4247 0.4201784 -3.826054 -11.1607 14.96472 -12.80308 -1.46184 0.4201784 -12.56547 -1.72586 14.96474 -3.826062 -1.725871 14.96474 -12.80307 -11.42469 8.6784 -3.588442 -11.42471 8.6784 -3.58845 -1.46186 8.678417 -12.80308 -1.46184 8.678417 -12.56547 -11.16068 14.96474 -3.826054 -11.16068 14.96474 -12.56547 -1.725851 14.96474 -3.826054 -1.725851 14.96474 -3.58845 -1.461851 9.203804 -12.80308 -1.461851 9.203804 -3.58845 -11.4247 9.203804 -12.80308 -11.4247 9.203804 -3.58845 -1.461851 10.13607 -12.80308 -1.461851 10.13607 -3.58845 -11.4247 10.13607 -12.80308 -11.4247 10.13607 -3.78818 -1.936361 9.57119 -12.34896 -1.936361 9.57119 -3.78818 -11.19227 9.57119 -12.34896 -11.19227 9.57119 -11.53815 -12.26736 8.690306 -11.37293 -12.26736 8.778717 -11.33212 -12.26736 8.977365 -11.44647 -12.26736 9.136672 -11.62984 -12.26736 9.136672 -11.74419 -12.26736 8.977365 -11.70338 -12.26736 8.778717 -11.53815 -10.6311 8.690306 -11.37293 -10.6311 8.778717 -11.33211 -10.6311 8.977365 -11.44646 -10.6311 9.136672 -11.62984 -10.6311 9.136672 -11.74418 -10.6311 8.977365 -11.70337 -10.6311 8.778717 -11.53815 -12.26736 8.690306 -11.37293 -12.26736 8.778717 -11.33212 -12.26736 8.977365 -11.44647 -12.26736 9.136672 -11.62984 -12.26736 9.136672 -11.74419 -12.26736 8.977365 -11.70338 -12.26736 8.778717 -9.411839 -12.26736 8.690306 -9.246617 -12.26736 8.778717 -9.205811 -12.26736 8.977365 -9.320147 -12.26736 9.136672 -9.503531 -12.26736 9.136672 -9.617867 -12.26736 8.977365 -9.57706 -12.26736 8.778717 -9.411829 -10.6311 8.690306 -9.246608 -10.6311 8.778717 -9.205801 -10.6311 8.977365 -9.320137 -10.6311 9.136672 -9.503521 -10.6311 9.136672 -9.617867 -10.6311 8.977365 -9.57706 -10.6311 8.778717 -9.411839 -12.26736 8.690306 -9.246617 -12.26736 8.778717 -9.205811 -12.26736 8.977365 -9.320147 -12.26736 9.136672 -9.503531 -12.26736 9.136672 -9.617867 -12.26736 8.977365 -9.57706 -12.26736 8.778717 -7.529029 -12.26736 8.690306 -7.363808 -12.26736 8.778717 -7.323001 -12.26736 8.977365 -7.437338 -12.26736 9.136672 -7.620721 -12.26736 9.136672 -7.735057 -12.26736 8.977365 -7.694252 -12.26736 8.778717 -7.529029 -10.6311 8.690306 -7.363798 -10.6311 8.778717 -7.322993 -10.6311 8.977365 -7.437328 -10.6311 9.136672 -7.620721 -10.6311 9.136672 -7.735057 -10.6311 8.977365 -7.694252 -10.6311 8.778717 -7.529029 -12.26736 8.690306 -7.363808 -12.26736 8.778717 -7.323001 -12.26736 8.977365 -7.437338 -12.26736 9.136672 -7.620721 -12.26736 9.136672 -7.735057 -12.26736 8.977365 -7.694252 -12.26736 8.778717 -5.460741 -12.26736 8.690306 -5.295518 -12.26736 8.778717 -5.254711 -12.26736 8.977365 -5.36905 -12.26736 9.136672 -5.552433 -12.26736 9.136672 -5.666772 -12.26736 8.977365 -5.625965 -12.26736 8.778717 -5.460737 -10.6311 8.690306 -5.295514 -10.6311 8.778717 -5.254706 -10.6311 8.977365 -5.369045 -10.6311 9.136672 -5.552429 -10.6311 9.136672 -5.666768 -10.6311 8.977365 -5.625964 -10.6311 8.778717 -5.460741 -12.26736 8.690306 -5.295518 -12.26736 8.778717 -5.254711 -12.26736 8.977365 -5.36905 -12.26736 9.136672 -5.552433 -12.26736 9.136672 -5.666772 -12.26736 8.977365 -5.625965 -12.26736 8.778717 -5.317931 -0.7061002 8.690306 -5.483153 -0.7061002 8.778717 -5.523959 -0.7061002 8.977365 -5.40962 -0.7061002 9.136672 -5.226237 -0.7061002 9.136672 -5.111899 -0.7061002 8.977365 -5.152705 -0.7061002 8.778717 -5.317931 -2.342351 8.690306 -5.483153 -2.342351 8.778717 -5.523961 -2.342351 8.977365 -5.409623 -2.342351 9.136672 -5.226239 -2.342351 9.136672 -5.111899 -2.342351 8.977365 -5.152707 -2.342351 8.778717 -5.317931 -0.7061002 8.690306 -5.483153 -0.7061002 8.778717 -5.523959 -0.7061002 8.977365 -5.40962 -0.7061002 9.136672 -5.226237 -0.7061002 9.136672 -5.111899 -0.7061002 8.977365 -5.152705 -0.7061002 8.778717 -7.209728 -0.7061002 8.690306 -7.374949 -0.7061002 8.778717 -7.415756 -0.7061002 8.977365 -7.30142 -0.7061002 9.136672 -7.118035 -0.7061002 9.136672 -7.003698 -0.7061002 8.977365 -7.044502 -0.7061002 8.778717 -7.209728 -2.342351 8.690306 -7.374949 -2.342351 8.778717 -7.415756 -2.342351 8.977365 -7.30142 -2.342351 9.136672 -7.118035 -2.342351 9.136672 -7.003698 -2.342351 8.977365 -7.044503 -2.342351 8.778717 -7.209728 -0.7061002 8.690306 -7.374949 -0.7061002 8.778717 -7.415756 -0.7061002 8.977365 -7.30142 -0.7061002 9.136672 -7.118035 -0.7061002 9.136672 -7.003698 -0.7061002 8.977365 -7.044502 -0.7061002 8.778717 -9.227663 -0.7061002 8.690306 -9.392885 -0.7061002 8.778717 -9.433691 -0.7061002 8.977365 -9.319355 -0.7061002 9.136672 -9.135971 -0.7061002 9.136672 -9.021635 -0.7061002 8.977365 -9.062441 -0.7061002 8.778717 -9.227663 -2.342351 8.690306 -9.392885 -2.342351 8.778717 -9.433691 -2.342351 8.977365 -9.319355 -2.342351 9.136672 -9.135971 -2.342351 9.136672 -9.021635 -2.342351 8.977365 -9.062441 -2.342351 8.778717 -9.227663 -0.7061002 8.690306 -9.392885 -0.7061002 8.778717 -9.433691 -0.7061002 8.977365 -9.319355 -0.7061002 9.136672 -9.135971 -0.7061002 9.136672 -9.021635 -0.7061002 8.977365 -9.062441 -0.7061002 8.778717 -11.41294 -0.7061002 8.690306 -11.57816 -0.7061002 8.778717 -11.61897 -0.7061002 8.977365 -11.50463 -0.7061002 9.136672 -11.32124 -0.7061002 9.136672 -11.20691 -0.7061002 8.977365 -11.24771 -0.7061002 8.778717 -11.41294 -2.342351 8.690306 -11.57816 -2.342351 8.778717 -11.61897 -2.342351 8.977365 -11.50463 -2.342351 9.136672 -11.32124 -2.342351 9.136672 -11.20691 -2.342351 8.977365 -11.24771 -2.342351 8.778717 -11.41294 -0.7061002 8.690306 -11.57816 -0.7061002 8.778717 -11.61897 -0.7061002 8.977365 -11.50463 -0.7061002 9.136672 -11.32124 -0.7061002 9.136672 -11.20691 -0.7061002 8.977365 -11.24771 -0.7061002 8.778717 -13.3746 -10.06688 8.690306 -13.3746 -10.25047 8.778717 -13.3746 -10.29581 8.977365 -13.3746 -10.16876 9.136672 -13.3746 -9.965004 9.136672 -13.3746 -9.837962 8.977365 -13.3746 -9.883303 8.778717 -11.90197 -10.06688 8.690306 -11.90197 -10.25047 8.778717 -11.90197 -10.29581 8.977365 -11.90197 -10.16876 9.136672 -11.90197 -9.965004 9.136672 -11.90197 -9.837962 8.977365 -11.90197 -9.883303 8.778717 -13.3746 -10.06688 8.690306 -13.3746 -10.25047 8.778717 -13.3746 -10.29581 8.977365 -13.3746 -10.16876 9.136672 -13.3746 -9.965004 9.136672 -13.3746 -9.837962 8.977365 -13.3746 -9.883303 8.778717 -13.3746 -2.89209 8.690306 -13.3746 -3.07568 8.778717 -13.3746 -3.121021 8.977365 -13.3746 -2.99398 9.136672 -13.3746 -2.79021 9.136672 -13.3746 -2.66317 8.977365 -13.3746 -2.70851 8.778717 -11.90197 -2.89209 8.690306 -11.90197 -3.07568 8.778717 -11.90197 -3.121021 8.977365 -11.90197 -2.99398 9.136672 -11.90197 -2.79021 9.136672 -11.90197 -2.66317 8.977365 -11.90197 -2.70851 8.778717 -13.3746 -2.89209 8.690306 -13.3746 -3.07568 8.778717 -13.3746 -3.121021 8.977365 -13.3746 -2.99398 9.136672 -13.3746 -2.79021 9.136672 -13.3746 -2.66317 8.977365 -13.3746 -2.70851 8.778717 -13.3746 -5.40134 8.690306 -13.3746 -5.584921 8.778717 -13.3746 -5.630259 8.977365 -13.3746 -5.50322 9.136672 -13.3746 -5.29946 9.136672 -13.3746 -5.17242 8.977365 -13.3746 -5.217761 8.778717 -11.90197 -5.40134 8.690306 -11.90197 -5.584921 8.778717 -11.90197 -5.630259 8.977365 -11.90197 -5.50322 9.136672 -11.90197 -5.29946 9.136672 -11.90197 -5.17242 8.977365 -11.90197 -5.217761 8.778717 -13.3746 -5.40134 8.690306 -13.3746 -5.584921 8.778717 -13.3746 -5.630259 8.977365 -13.3746 -5.50322 9.136672 -13.3746 -5.29946 9.136672 -13.3746 -5.17242 8.977365 -13.3746 -5.217761 8.778717 -13.3746 -7.634948 8.690306 -13.3746 -7.818531 8.778717 -13.3746 -7.863871 8.977365 -13.3746 -7.736829 9.136672 -13.3746 -7.533068 9.136672 -13.3746 -7.406026 8.977365 -13.3746 -7.451365 8.778717 -11.90197 -7.634948 8.690306 -11.90197 -7.818531 8.778717 -11.90197 -7.863871 8.977365 -11.90197 -7.736829 9.136672 -11.90197 -7.533068 9.136672 -11.90197 -7.406026 8.977365 -11.90197 -7.451365 8.778717 -13.3746 -7.634948 8.690306 -13.3746 -7.818531 8.778717 -13.3746 -7.863871 8.977365 -13.3746 -7.736829 9.136672 -13.3746 -7.533068 9.136672 -13.3746 -7.406026 8.977365 -13.3746 -7.451365 8.778717 -8.955305 -11.36564 13.68531 -8.955305 -11.36564 11.59505 -9.715139 -11.36564 13.68531 -9.715139 -11.36564 11.59505 -7.436213 -11.36564 11.59505 -7.436213 -11.36564 13.68531 -6.676386 -11.36564 11.59505 -6.676386 -11.36564 13.68531 -7.436213 -1.569681 13.68531 -7.436213 -1.569681 11.59505 -6.676381 -1.569681 13.68531 -6.676381 -1.569681 11.59505 -8.955305 -1.569681 11.59505 -8.955305 -1.569681 13.68531 -9.715139 -1.569681 11.59505 -9.715139 -1.569681 13.68531 -9.46088 -1.87276 14.82846 -9.46088 -2.75254 14.82846 -6.930643 -1.87276 14.82846 -6.930643 -2.75254 14.82845 -7.026941 -1.87276 15.5359 -7.026941 -2.75254 15.5359 -7.301186 -1.87276 16.13563 -7.301186 -2.75254 16.13563 -7.711622 -1.87276 16.53637 -7.711622 -2.75254 16.53637 -8.195759 -1.87276 16.67708 -8.195759 -2.75254 16.67708 -8.679897 -1.87276 16.53637 -8.679897 -2.75254 16.53636 -9.090332 -1.87276 16.13563 -9.090332 -2.75254 16.13563 -9.36458 -1.87276 15.53589 -9.36458 -2.75254 15.53589 -9.46088 -11.01377 14.82846 -9.46088 -10.13399 14.82846 -6.930644 -11.01377 14.82846 -6.930644 -10.13399 14.82845 -7.026944 -11.01377 15.5359 -7.026944 -10.13399 15.5359 -7.301186 -11.01377 16.13563 -7.301186 -10.13399 16.13563 -7.711622 -11.01377 16.53637 -7.711622 -10.13399 16.53637 -8.195759 -11.01377 16.67708 -8.195759 -10.13399 16.67708 -8.679905 -11.01377 16.53637 -8.679905 -10.13399 16.53636 -9.090332 -11.01377 16.13563 -9.090332 -10.13399 16.13563 -9.36458 -11.01377 15.53589 -9.36458 -10.13399 15.53589 -12.30922 -7.848948 14.82846 -11.51742 -7.848948 14.82846 -12.30922 -5.03758 14.82846 -11.51742 -5.03758 14.82845 -12.30922 -5.14458 15.5359 -11.51742 -5.14458 15.5359 -12.30922 -5.449291 16.13563 -11.51742 -5.449291 16.13563 -12.30922 -5.90533 16.53637 -11.51742 -5.90533 16.53637 -12.30922 -6.44326 16.67708 -11.51742 -6.44326 16.67708 -12.30922 -6.981194 16.53637 -11.51742 -6.981194 16.53636 -12.30922 -7.437233 16.13563 -11.51742 -7.437233 16.13563 -12.30922 -7.741947 15.53589 -11.51742 -7.741947 15.53589 -4.082306 -7.848949 14.82846 -4.874108 -7.848949 14.82846 -4.082305 -5.03758 14.82846 -4.874107 -5.03758 14.82845 -4.082305 -5.14458 15.5359 -4.874107 -5.14458 15.5359 -4.082305 -5.449291 16.13563 -4.874107 -5.449291 16.13563 -4.082305 -5.90533 16.53637 -4.874107 -5.90533 16.53637 -4.082306 -6.44326 16.67708 -4.874108 -6.44326 16.67708 -4.082306 -6.981196 16.53637 -4.874108 -6.981196 16.53636 -4.082306 -7.437235 16.13563 -4.874108 -7.437235 16.13563 -4.082306 -7.741948 15.53589 -4.874108 -7.741948 15.53589 -12.3092 -11.01375 14.82846 -11.51742 -10.134 14.82846 -12.30922 -7.848948 14.82846 -11.51742 -7.848948 14.82845 -12.30922 -7.955951 15.5359 -11.51742 -7.955951 15.5359 -12.30922 -8.260666 16.13563 -11.51742 -8.260666 16.13563 -12.30922 -8.716702 16.53637 -11.51742 -8.716702 16.53637 -12.30922 -9.254637 16.67708 -11.51742 -9.254639 16.67708 -12.30922 -11.01375 16.53637 -11.51742 -10.134 16.53636 -12.30922 -11.01375 16.13563 -11.51742 -10.134 16.13563 -12.3092 -11.01375 15.53589 -11.51742 -10.134 15.53589 -12.3092 -11.01376 14.82846 -11.51742 -10.13399 14.82846 -9.46088 -11.01377 14.82846 -9.46088 -10.13399 14.82845 -9.55718 -11.01377 15.5359 -9.55718 -10.13399 15.5359 -9.831419 -11.01377 16.13563 -9.831419 -10.13399 16.13563 -10.24185 -11.01377 16.53637 -10.24185 -10.13399 16.53637 -10.726 -11.01377 16.67708 -10.726 -10.13399 16.67708 -12.3092 -11.01377 16.53637 -11.51742 -10.134 16.53636 -12.3092 -11.01377 16.13563 -11.51742 -10.13399 16.13563 -12.3092 -11.01377 15.53589 -11.51742 -10.134 15.53589 -12.3092 -1.872771 14.82846 -11.51742 -2.752531 14.82846 -12.30922 -5.03758 14.82846 -11.51742 -5.03758 14.82845 -12.30922 -4.930581 15.5359 -11.51742 -4.930581 15.5359 -12.30922 -4.625861 16.13563 -11.51742 -4.625861 16.13563 -12.30922 -4.16982 16.53637 -11.51742 -4.16982 16.53637 -12.30922 -3.631891 16.67708 -11.51742 -3.631891 16.67708 -12.30922 -1.872771 16.53637 -11.51742 -2.752531 16.53636 -12.30922 -1.872771 16.13563 -11.51742 -2.752531 16.13563 -12.3092 -1.872771 15.53589 -11.51742 -2.752531 15.53589 -12.3092 -1.872771 14.82846 -11.51742 -2.75254 14.82846 -9.46088 -1.87276 14.82846 -9.46088 -2.75254 14.82845 -9.55718 -1.87276 15.5359 -9.55718 -2.75254 15.5359 -9.831419 -1.87276 16.13563 -9.831419 -2.75254 16.13563 -10.24185 -1.87276 16.53637 -10.24185 -2.75254 16.53637 -10.726 -1.87276 16.67708 -10.726 -2.75254 16.67708 -12.3092 -1.87276 16.53637 -11.51742 -2.752531 16.53636 -12.3092 -1.87276 16.13563 -11.51742 -2.75254 16.13563 -12.3092 -1.87276 15.53589 -11.51742 -2.752531 15.53589 -4.082317 -11.01375 14.82846 -4.874106 -10.134 14.82846 -4.082305 -7.848948 14.82846 -4.874106 -7.848949 14.82845 -4.082305 -7.955952 15.5359 -4.874106 -7.955952 15.5359 -4.082305 -8.260666 16.13563 -4.874106 -8.260666 16.13563 -4.082305 -8.716704 16.53637 -4.874106 -8.716704 16.53637 -4.082305 -9.254639 16.67708 -4.874106 -9.254639 16.67708 -4.082305 -11.01375 16.53637 -4.874101 -10.134 16.53636 -4.082305 -11.01375 16.13563 -4.874106 -10.134 16.13563 -4.082317 -11.01375 15.53589 -4.874106 -10.134 15.53589 -4.082317 -11.01376 14.82846 -4.874101 -10.13399 14.82846 -6.930644 -11.01377 14.82846 -6.930645 -10.13399 14.82845 -6.83434 -11.01377 15.5359 -6.83434 -10.13399 15.5359 -6.560097 -11.01377 16.13563 -6.560097 -10.13399 16.13563 -6.149666 -11.01377 16.53637 -6.149666 -10.13399 16.53637 -5.665522 -11.01377 16.67708 -5.665522 -10.13399 16.67708 -4.082317 -11.01377 16.53637 -4.874099 -10.134 16.53636 -4.082317 -11.01377 16.13563 -4.874101 -10.13399 16.13563 -4.082317 -11.01377 15.53589 -4.874101 -10.134 15.53589 -4.082316 -1.872771 14.82846 -4.874105 -2.752531 14.82846 -4.082304 -5.03758 14.82846 -4.874105 -5.03758 14.82845 -4.082304 -4.930581 15.5359 -4.874105 -4.930581 15.5359 -4.082304 -4.625861 16.13563 -4.874105 -4.625861 16.13563 -4.082304 -4.16982 16.53637 -4.874105 -4.16982 16.53637 -4.082304 -3.631891 16.67708 -4.874105 -3.631891 16.67708 -4.082304 -1.872771 16.53637 -4.8741 -2.752531 16.53636 -4.082304 -1.872771 16.13563 -4.874105 -2.752531 16.13563 -4.082316 -1.872771 15.53589 -4.874105 -2.752531 15.53589 -4.082316 -1.872771 14.82846 -4.8741 -2.75254 14.82846 -6.930643 -1.87276 14.82846 -6.930644 -2.75254 14.82845 -6.834339 -1.87276 15.5359 -6.834339 -2.75254 15.5359 -6.560096 -1.87276 16.13563 -6.560096 -2.75254 16.13563 -6.149662 -1.87276 16.53637 -6.149662 -2.75254 16.53637 -5.665521 -1.87276 16.67708 -5.665521 -2.75254 16.67708 -4.082316 -1.87276 16.53637 -4.874098 -2.752531 16.53636 -4.082316 -1.87276 16.13563 -4.8741 -2.75254 16.13563 -4.082316 -1.87276 15.53589 -4.8741 -2.752531 15.53589 -12.68995 -5.599351 13.80169 -12.68995 -5.599351 11.71143 -12.68995 -4.75509 13.80169 -12.68995 -4.75509 11.71143 -12.68995 -7.287226 11.71143 -12.68995 -7.287226 13.80169 -12.68995 -8.131482 11.71143 -12.68995 -8.131482 13.80169 -11.53815 -11.79514 14.23718 -11.37293 -11.79514 14.32559 -11.33212 -11.79514 14.52424 -11.44647 -11.79514 14.68354 -11.62984 -11.79514 14.68354 -11.74419 -11.79514 14.52424 -11.70338 -11.79514 14.32559 -11.53815 -10.29265 14.23718 -11.37293 -10.29265 14.32559 -11.33211 -10.29265 14.52424 -11.44646 -10.29265 14.68354 -11.62984 -10.29265 14.68354 -11.74418 -10.29264 14.52424 -11.70337 -10.29265 14.32559 -11.53815 -11.79514 14.23718 -11.37293 -11.79514 14.32559 -11.33212 -11.79514 14.52424 -11.44647 -11.79514 14.68354 -11.62984 -11.79514 14.68354 -11.74419 -11.79514 14.52424 -11.70338 -11.79514 14.32559 -9.411839 -11.79514 14.23718 -9.246617 -11.79514 14.32559 -9.205811 -11.79514 14.52424 -9.320147 -11.79514 14.68354 -9.503531 -11.79514 14.68354 -9.617867 -11.79514 14.52424 -9.57706 -11.79514 14.32559 -9.411829 -10.29265 14.23718 -9.246608 -10.29265 14.32559 -9.205801 -10.29265 14.52424 -9.320137 -10.29265 14.68354 -9.503521 -10.29265 14.68354 -9.617867 -10.29264 14.52424 -9.57706 -10.29265 14.32559 -9.411839 -11.79514 14.23718 -9.246617 -11.79514 14.32559 -9.205811 -11.79514 14.52424 -9.320147 -11.79514 14.68354 -9.503531 -11.79514 14.68354 -9.617867 -11.79514 14.52424 -9.57706 -11.79514 14.32559 -7.529029 -11.79514 14.23718 -7.363808 -11.79514 14.32559 -7.323001 -11.79514 14.52424 -7.437338 -11.79514 14.68354 -7.620721 -11.79514 14.68354 -7.735057 -11.79514 14.52424 -7.694252 -11.79514 14.32559 -7.529029 -10.29265 14.23718 -7.363798 -10.29265 14.32559 -7.322993 -10.29265 14.52424 -7.437328 -10.29265 14.68354 -7.620721 -10.29265 14.68354 -7.735057 -10.29264 14.52424 -7.694252 -10.29265 14.32559 -7.529029 -11.79514 14.23718 -7.363808 -11.79514 14.32559 -7.323001 -11.79514 14.52424 -7.437338 -11.79514 14.68354 -7.620721 -11.79514 14.68354 -7.735057 -11.79514 14.52424 -7.694252 -11.79514 14.32559 -5.460741 -11.79514 14.23718 -5.295518 -11.79514 14.32559 -5.254711 -11.79514 14.52424 -5.36905 -11.79514 14.68354 -5.552433 -11.79514 14.68354 -5.666772 -11.79514 14.52424 -5.625965 -11.79514 14.32559 -5.460737 -10.29265 14.23718 -5.295514 -10.29265 14.32559 -5.254706 -10.29265 14.52424 -5.369045 -10.29265 14.68354 -5.552429 -10.29265 14.68354 -5.666768 -10.29264 14.52424 -5.625964 -10.29265 14.32559 -5.460741 -11.79514 14.23718 -5.295518 -11.79514 14.32559 -5.254711 -11.79514 14.52424 -5.36905 -11.79514 14.68354 -5.552433 -11.79514 14.68354 -5.666772 -11.79514 14.52424 -5.625965 -11.79514 14.32559 -5.317931 -1.178971 14.23718 -5.483153 -1.178971 14.32559 -5.523959 -1.178971 14.52424 -5.40962 -1.178971 14.68354 -5.226237 -1.178971 14.68354 -5.111899 -1.178971 14.52424 -5.152705 -1.178971 14.32559 -5.317931 -2.681471 14.23718 -5.483153 -2.681471 14.32559 -5.523961 -2.681471 14.52424 -5.409623 -2.681471 14.68354 -5.226239 -2.681471 14.68354 -5.111899 -2.681471 14.52424 -5.152707 -2.681471 14.32559 -5.317931 -1.178971 14.23718 -5.483153 -1.178971 14.32559 -5.523959 -1.178971 14.52424 -5.40962 -1.178971 14.68354 -5.226237 -1.178971 14.68354 -5.111899 -1.178971 14.52424 -5.152705 -1.178971 14.32559 -7.209728 -1.178971 14.23718 -7.374949 -1.178971 14.32559 -7.415756 -1.178971 14.52424 -7.30142 -1.178971 14.68354 -7.118035 -1.178971 14.68354 -7.003698 -1.178971 14.52424 -7.044502 -1.178971 14.32559 -7.209728 -2.681471 14.23718 -7.374949 -2.681471 14.32559 -7.415756 -2.681471 14.52424 -7.30142 -2.681471 14.68354 -7.118035 -2.681471 14.68354 -7.003698 -2.681471 14.52424 -7.044503 -2.681471 14.32559 -7.209728 -1.178971 14.23718 -7.374949 -1.178971 14.32559 -7.415756 -1.178971 14.52424 -7.30142 -1.178971 14.68354 -7.118035 -1.178971 14.68354 -7.003698 -1.178971 14.52424 -7.044502 -1.178971 14.32559 -9.227663 -1.178971 14.23718 -9.392885 -1.178971 14.32559 -9.433691 -1.178971 14.52424 -9.319355 -1.178971 14.68354 -9.135971 -1.178971 14.68354 -9.021635 -1.178971 14.52424 -9.062441 -1.178971 14.32559 -9.227663 -2.681471 14.23718 -9.392885 -2.681471 14.32559 -9.433691 -2.681471 14.52424 -9.319355 -2.681471 14.68354 -9.135971 -2.681471 14.68354 -9.021635 -2.681471 14.52424 -9.062441 -2.681471 14.32559 -9.227663 -1.178971 14.23718 -9.392885 -1.178971 14.32559 -9.433691 -1.178971 14.52424 -9.319355 -1.178971 14.68354 -9.135971 -1.178971 14.68354 -9.021635 -1.178971 14.52424 -9.062441 -1.178971 14.32559 -11.41294 -1.178971 14.23718 -11.57816 -1.178971 14.32559 -11.61897 -1.178971 14.52424 -11.50463 -1.178971 14.68354 -11.32124 -1.178971 14.68354 -11.20691 -1.178971 14.52424 -11.24771 -1.178971 14.32559 -11.41294 -2.681471 14.23718 -11.57816 -2.681471 14.32559 -11.61897 -2.681471 14.52424 -11.50463 -2.681471 14.68354 -11.32124 -2.681471 14.68354 -11.20691 -2.681471 14.52424 -11.24771 -2.681471 14.32559 -11.41294 -1.178971 14.23718 -11.57816 -1.178971 14.32559 -11.61897 -1.178971 14.52424 -11.50463 -1.178971 14.68354 -11.32124 -1.178971 14.68354 -11.20691 -1.178971 14.52424 -11.24771 -1.178971 14.32559 -12.84615 -9.774552 14.23718 -12.84615 -9.943125 14.32559 -12.84615 -9.984759 14.52424 -12.84615 -9.868102 14.68354 -12.84615 -9.680998 14.68354 -12.84615 -9.564341 14.52424 -12.84615 -9.605975 14.32559 -11.37351 -9.774552 14.23718 -11.37351 -9.943125 14.32559 -11.37351 -9.984759 14.52424 -11.37351 -9.868102 14.68354 -11.37351 -9.680998 14.68354 -11.37351 -9.564341 14.52424 -11.37351 -9.605977 14.32559 -12.84615 -9.774552 14.23718 -12.84615 -9.943125 14.32559 -12.84615 -9.984759 14.52424 -12.84615 -9.868102 14.68354 -12.84615 -9.680998 14.68354 -12.84615 -9.564341 14.52424 -12.84615 -9.605975 14.32559 -12.84615 -3.18627 14.23718 -12.84615 -3.35485 14.32559 -12.84615 -3.39648 14.52424 -12.84615 -3.27982 14.68354 -12.84615 -3.092721 14.68354 -12.84615 -2.976061 14.52424 -12.84615 -3.017701 14.32559 -11.37351 -3.18627 14.23718 -11.37351 -3.35485 14.32559 -11.37351 -3.39648 14.52424 -11.37351 -3.27982 14.68354 -11.37351 -3.092721 14.68354 -11.37351 -2.976061 14.52424 -11.37351 -3.017701 14.32559 -12.84615 -3.18627 14.23718 -12.84615 -3.35485 14.32559 -12.84615 -3.39648 14.52424 -12.84615 -3.27982 14.68354 -12.84615 -3.092721 14.68354 -12.84615 -2.976061 14.52424 -12.84615 -3.017701 14.32559 -12.84615 -5.490401 14.23718 -12.84615 -5.65897 14.32559 -12.84615 -5.700611 14.52424 -12.84615 -5.583951 14.68354 -12.84615 -5.396841 14.68354 -12.84615 -5.28019 14.52424 -12.84615 -5.321821 14.32559 -11.37351 -5.490401 14.23718 -11.37351 -5.65897 14.32559 -11.37351 -5.700611 14.52424 -11.37351 -5.583951 14.68354 -11.37351 -5.396841 14.68354 -11.37351 -5.28019 14.52424 -11.37351 -5.321821 14.32559 -12.84615 -5.490401 14.23718 -12.84615 -5.65897 14.32559 -12.84615 -5.700611 14.52424 -12.84615 -5.583951 14.68354 -12.84615 -5.396841 14.68354 -12.84615 -5.28019 14.52424 -12.84615 -5.321821 14.32559 -12.84615 -7.541414 14.23718 -12.84615 -7.70999 14.32559 -12.84615 -7.751623 14.52424 -12.84615 -7.634967 14.68354 -12.84615 -7.447864 14.68354 -12.84615 -7.331205 14.52424 -12.84615 -7.37284 14.32559 -11.37351 -7.541414 14.23718 -11.37351 -7.70999 14.32559 -11.37351 -7.751623 14.52424 -11.37351 -7.634967 14.68354 -11.37351 -7.447864 14.68354 -11.37351 -7.331205 14.52424 -11.37351 -7.37284 14.32559 -12.84615 -7.541414 14.23718 -12.84615 -7.70999 14.32559 -12.84615 -7.751623 14.52424 -12.84615 -7.634967 14.68354 -12.84615 -7.447864 14.68354 -12.84615 -7.331205 14.52424 -12.84615 -7.37284 14.32559 -7.669277 16.65028 7.723744 -7.669277 16.65028 5.633483 -6.909446 16.65028 7.723744 -6.909446 16.65028 5.633483 -9.188368 16.65028 5.633483 -9.188368 16.65028 7.723744 -9.948203 16.65028 5.633483 -9.948203 16.65028 7.723744 -12.92302 -6.8654 7.84012 -12.92302 -6.8654 5.749859 -12.92302 -6.021142 7.84012 -12.92302 -6.021142 5.749859 -10.17263 -14.53499 2.852593 -9.694714 -15.18125 9.294908 -7.130562 -15.11149 9.245441 -6.708463 -14.53499 2.852593 -7.390074 -17.63968 9.657874 -6.708463 -18.85934 2.852588 -9.927529 -17.92693 9.542217 -10.17263 -18.85934 2.852588 -6.953556 -14.79326 7.986751 -6.953556 -14.79325 5.756876 -9.927529 -14.79326 7.986751 -9.927529 -14.79325 5.756876 -6.953556 -17.92692 7.986747 -6.953556 -17.92692 5.756871 -9.927529 -17.92692 7.986747 -9.927529 -17.92692 5.756871 -10.17263 -14.53499 -4.567706 -6.708463 -14.53499 -4.567706 -6.708463 -18.85934 -4.567713 -10.17263 -18.85934 -4.567713 -3.281188 -3.221771 14.23718 -3.281188 -3.053191 14.32559 -3.281188 -3.01156 14.52424 -3.281188 -3.12822 14.68354 -3.281188 -3.315321 14.68354 -3.281187 -3.431982 14.52424 -3.281188 -3.39034 14.32559 -4.753818 -3.221771 14.23718 -4.753818 -3.053191 14.32559 -4.753818 -3.01156 14.52424 -4.753818 -3.12822 14.68354 -4.753818 -3.315321 14.68354 -4.753818 -3.431982 14.52424 -4.753818 -3.39034 14.32559 -3.281188 -3.221771 14.23718 -3.281188 -3.053191 14.32559 -3.281188 -3.01156 14.52424 -3.281188 -3.12822 14.68354 -3.281188 -3.315321 14.68354 -3.281187 -3.431982 14.52424 -3.281188 -3.39034 14.32559 -3.281186 -9.810046 14.23718 -3.281186 -9.64147 14.32559 -3.281186 -9.599837 14.52424 -3.281186 -9.716494 14.68354 -3.281186 -9.903597 14.68354 -3.281186 -10.02025 14.52424 -3.281186 -9.978621 14.32559 -4.753817 -9.810046 14.23718 -4.753817 -9.64147 14.32559 -4.753817 -9.599837 14.52424 -4.753817 -9.716494 14.68354 -4.753817 -9.903597 14.68354 -4.753816 -10.02025 14.52424 -4.753816 -9.978621 14.32559 -3.281186 -9.810046 14.23718 -3.281186 -9.64147 14.32559 -3.281186 -9.599837 14.52424 -3.281186 -9.716494 14.68354 -3.281186 -9.903597 14.68354 -3.281186 -10.02025 14.52424 -3.281186 -9.978621 14.32559 -3.281187 -7.505918 14.23718 -3.281187 -7.337343 14.32559 -3.281187 -7.29571 14.52424 -3.281187 -7.412367 14.68354 -3.281187 -7.599471 14.68354 -3.281187 -7.716126 14.52424 -3.281187 -7.674493 14.32559 -4.753817 -7.505918 14.23718 -4.753817 -7.337343 14.32559 -4.753817 -7.29571 14.52424 -4.753817 -7.412367 14.68354 -4.753817 -7.599471 14.68354 -4.753817 -7.716126 14.52424 -4.753817 -7.674493 14.32559 -3.281187 -7.505918 14.23718 -3.281187 -7.337343 14.32559 -3.281187 -7.29571 14.52424 -3.281187 -7.412367 14.68354 -3.281187 -7.599471 14.68354 -3.281187 -7.716126 14.52424 -3.281187 -7.674493 14.32559 -3.281187 -5.4549 14.23718 -3.281187 -5.286331 14.32559 -3.281187 -5.244691 14.52424 -3.281187 -5.361351 14.68354 -3.281187 -5.54845 14.68354 -3.281187 -5.66511 14.52424 -3.281187 -5.62348 14.32559 -4.753818 -5.4549 14.23718 -4.753818 -5.286331 14.32559 -4.753818 -5.244691 14.52424 -4.753818 -5.361351 14.68354 -4.753818 -5.54845 14.68354 -4.753818 -5.66511 14.52424 -4.753818 -5.62348 14.32559 -3.281187 -5.4549 14.23718 -3.281187 -5.286331 14.32559 -3.281187 -5.244691 14.52424 -3.281187 -5.361351 14.68354 -3.281187 -5.54845 14.68354 -3.281187 -5.66511 14.52424 -3.281187 -5.62348 14.32559 -10.48245 -11.55281 10.26466 -10.48245 -11.55281 11.68806 -8.182124 -11.55281 11.68806 -8.182124 -11.55281 10.26466 -10.48245 -11.24811 11.68806 -10.48245 -11.24811 10.26466 -8.182124 -11.24811 10.26466 -8.182124 -11.24811 11.68806 -10.48245 -11.55281 10.26466 -10.48245 -11.55281 11.68806 -8.182124 -11.55281 11.68806 -8.182124 -11.55281 10.26466 -5.908977 -11.55281 10.26466 -5.908981 -11.55281 11.68806 -8.209304 -11.55281 11.68806 -8.209304 -11.55281 10.26466 -5.908981 -11.24811 11.68806 -5.908977 -11.24811 10.26466 -8.209304 -11.24811 10.26466 -8.209304 -11.24811 11.68806 -5.908977 -11.55281 10.26466 -5.908981 -11.55281 11.68806 -8.209304 -11.55281 11.68806 -8.209304 -11.55281 10.26466 -12.80308 16.6019 0.4201784 -3.58845 16.05396 0.4201784 -3.58845 16.60188 8.678417 -12.30463 16.03611 8.678416 -3.58845 -1.545836 8.678403 -12.80308 -1.545817 8.678403 -12.80308 -1.545817 0.420167 -4.615656 17.25492 8.037768 -4.450433 17.25492 8.126176 -4.409628 17.25492 8.324828 -4.523964 17.25492 8.484127 -4.707348 17.25492 8.484127 -4.821692 17.25492 8.324828 -4.780887 17.25492 8.126176 -4.615656 15.75241 8.037768 -4.450433 15.75241 8.126176 -4.409628 15.75241 8.324828 -4.523964 15.75241 8.484127 -4.707348 15.75241 8.484127 -4.821692 15.75241 8.324828 -4.780887 15.75241 8.126176 -4.615656 17.25492 8.037768 -4.450433 17.25492 8.126176 -4.409628 17.25492 8.324828 -4.523964 17.25492 8.484127 -4.707348 17.25492 8.484127 -4.821692 17.25492 8.324828 -4.780887 17.25492 8.126176 -7.170454 17.25492 8.037768 -7.005233 17.25492 8.126176 -6.964426 17.25492 8.324828 -7.078762 17.25492 8.484127 -7.262144 17.25492 8.484127 -7.376488 17.25492 8.324828 -7.335683 17.25492 8.126176 -7.170454 15.75241 8.037768 -7.005233 15.75241 8.126176 -6.964426 15.75241 8.324828 -7.078762 15.75241 8.484127 -7.262144 15.75241 8.484127 -7.376488 15.75241 8.324828 -7.335683 15.75241 8.126176 -7.170454 17.25492 8.037768 -7.005233 17.25492 8.126176 -6.964426 17.25492 8.324828 -7.078762 17.25492 8.484127 -7.262144 17.25492 8.484127 -7.376488 17.25492 8.324828 -7.335683 17.25492 8.126176 -9.725255 17.25492 8.037768 -9.560032 17.25492 8.126176 -9.519227 17.25492 8.324828 -9.633563 17.25492 8.484127 -9.816947 17.25492 8.484127 -9.931292 17.25492 8.324828 -9.890486 17.25492 8.126176 -9.725255 15.75241 8.037768 -9.560032 15.75241 8.126176 -9.519227 15.75241 8.324828 -9.633563 15.75241 8.484127 -9.816947 15.75241 8.484127 -9.931292 15.75241 8.324828 -9.890486 15.75241 8.126176 -9.725255 17.25492 8.037768 -9.560032 17.25492 8.126176 -9.519227 17.25492 8.324828 -9.633563 17.25492 8.484127 -9.816947 17.25492 8.484127 -9.931292 17.25492 8.324828 -9.890486 17.25492 8.126176 -12.28005 17.25492 8.037768 -12.11483 17.25492 8.126176 -12.07402 17.25492 8.324828 -12.18836 17.25492 8.484127 -12.37174 17.25492 8.484127 -12.48609 17.25492 8.324828 -12.44528 17.25492 8.126176 -12.28005 15.75241 8.037768 -12.11483 15.75241 8.126176 -12.07402 15.75241 8.324828 -12.18836 15.75241 8.484127 -12.37174 15.75241 8.484127 -12.48609 15.75241 8.324828 -12.44528 15.75241 8.126176 -12.28005 17.25492 8.037768 -12.11483 17.25492 8.126176 -12.07402 17.25492 8.324828 -12.18836 17.25492 8.484127 -12.37174 17.25492 8.484127 -12.48609 17.25492 8.324828 -12.44528 17.25492 8.126176 -8.180027 15.46247 8.567407 -8.180027 16.2226 8.567407 -10.14754 15.46247 8.567407 -10.14754 16.2226 8.567405 -10.07265 15.46247 9.24655 -10.07265 16.2226 9.24655 -9.85941 15.46247 9.822294 -9.85941 16.2226 9.822294 -9.540251 15.46247 10.207 -9.540251 16.2226 10.207 -9.16379 15.46247 10.34208 -9.16379 16.2226 10.34208 -8.787321 15.46247 10.207 -8.787321 16.2226 10.20699 -8.468171 15.46247 9.822294 -8.468171 16.2226 9.822294 -8.254907 15.46247 9.24655 -8.254916 16.2226 9.24655 -6.212513 15.46247 8.567407 -6.212513 16.2226 8.567407 -8.180027 15.46247 8.567407 -8.180027 16.2226 8.567405 -8.105147 15.46247 9.24655 -8.105147 16.2226 9.24655 -7.891891 15.46247 9.822294 -7.891891 16.2226 9.822294 -7.572743 15.46247 10.207 -7.572743 16.2226 10.207 -7.196274 15.46247 10.34208 -7.196274 16.2226 10.34208 -6.819802 15.46247 10.207 -6.819802 16.2226 10.20699 -6.500654 15.46247 9.822294 -6.500654 16.2226 9.822294 -6.287397 15.46247 9.24655 -6.287403 16.2226 9.24655 -4.143824 15.46247 8.567407 -4.143824 16.2226 8.567407 -6.11134 15.46247 8.567407 -6.11134 16.2226 8.567405 -6.036454 15.46247 9.24655 -6.036454 16.2226 9.24655 -5.823205 15.46247 9.822294 -5.823206 16.2226 9.822294 -5.504051 15.46247 10.207 -5.504051 16.2226 10.207 -5.127585 15.46247 10.34208 -5.127585 16.2226 10.34208 -4.751114 15.46247 10.207 -4.751114 16.2226 10.20699 -4.431965 15.46247 9.822294 -4.431965 16.2226 9.822294 -4.218708 15.46247 9.24655 -4.218715 16.2226 9.24655 -12.80308 16.6019 8.678417 -4.0869 16.03609 8.678416 -4.086899 -0.9800384 8.678404 -12.30463 -0.9800212 8.678404 -4.086899 -0.9800384 8.19311 -12.30463 -0.9800212 8.19311 -4.0869 16.03609 8.19312 -12.30463 16.03611 8.19312 -12.80308 -11.42469 0.4202004 -3.58845 -11.4247 0.4202004 -12.80308 -1.46184 0.4201784 -12.80308 16.57479 0.4201784 -3.58845 16.02684 0.4201784 -12.80308 -1.572935 0.420167 -12.80308 -11.42469 -4.9707 -3.58845 -11.4247 -4.9707 -12.80308 -1.46184 -4.970723 -12.80308 16.57479 -4.970723 -3.58845 16.02684 -4.970723 -12.80308 -1.572935 -4.970735 -12.3848 16.22496 8.567407 -11.7691 15.46485 8.567407 -12.3848 13.49057 8.567407 -11.7691 13.49057 8.567405 -12.3848 13.58302 9.24655 -11.7691 13.58302 9.24655 -12.3848 13.84629 9.822294 -11.7691 13.84629 9.822294 -12.3848 14.24031 10.207 -11.7691 14.24031 10.207 -12.3848 14.70509 10.34208 -11.7691 14.70509 10.34208 -12.3848 16.22496 10.207 -11.76911 15.46485 10.20699 -12.3848 16.22496 9.822294 -11.7691 15.46485 9.822294 -12.3848 16.22496 9.24655 -11.7691 15.46485 9.24655 -12.39558 16.233 8.567407 -11.77989 15.47288 8.567407 -10.18073 16.23301 8.567407 -10.18073 15.47288 8.567405 -10.25561 16.23301 9.24655 -10.25561 15.47288 9.24655 -10.46886 16.23301 9.822294 -10.46886 15.47288 9.822294 -10.788 16.23301 10.207 -10.788 15.47288 10.207 -11.16448 16.23301 10.34208 -11.16448 15.47288 10.34208 -12.39558 16.23301 10.207 -11.77989 15.47289 10.20699 -12.39558 16.23301 9.822294 -11.77989 15.47288 9.822294 -12.39558 16.23301 9.24655 -11.77989 15.47289 9.24655 -11.74091 0.9935029 8.624958 -12.35661 0.9935029 8.624958 -11.74091 3.422531 8.624958 -12.35661 3.422531 8.624958 -11.74091 3.33008 9.3041 -12.35661 3.33008 9.3041 -11.74091 3.06681 9.879848 -12.35661 3.06681 9.879848 -11.74091 2.67279 10.26455 -12.35661 2.67279 10.26455 -11.74091 2.20802 10.39964 -12.35661 2.20802 10.39964 -11.74091 1.743242 10.26455 -12.35661 1.743242 10.26455 -11.74091 1.349224 9.879848 -12.35661 1.349224 9.879848 -11.74091 1.085952 9.304099 -12.35661 1.085952 9.304099 -11.74091 -1.499512 8.624958 -12.35661 -1.499512 8.624958 -11.74091 0.9295142 8.624958 -12.35661 0.9295142 8.624958 -11.74091 0.837065 9.3041 -12.35661 0.837065 9.3041 -11.74091 0.5737908 9.879848 -12.35661 0.5737908 9.879848 -11.74091 0.1797716 10.26455 -12.35661 0.1797716 10.26455 -11.74091 -0.2849991 10.39964 -12.35661 -0.2849991 10.39964 -11.74091 -0.7497733 10.26455 -12.35661 -0.7497733 10.26455 -11.74091 -1.14379 9.879848 -12.35661 -1.14379 9.879848 -11.74091 -1.407066 9.304099 -12.35661 -1.407066 9.304099 1.05846e-5 16.05396 0.4201784 1.05846e-5 16.60188 8.678417 1.05846e-5 -1.545836 8.678403 1.05846e-5 16.02684 0.4201784 1.05846e-5 16.02684 -4.970723 -3.58845 -8.81832 0.4201784 -3.588442 -8.818333 6.777931 -3.58845 -1.46186 6.777947 -3.58845 -9.418023 0.4201784 -3.58845 -9.418023 -4.970723 1.05846e-5 -8.81832 0.4201784 1.05846e-5 -8.818333 6.777931 1.05846e-5 -1.46186 6.777947 1.05846e-5 -9.418023 0.4201784 1.05846e-5 -9.418023 -4.970723 -11.74091 3.573357 8.624958 -12.35661 3.573357 8.624958 -11.74091 6.002385 8.624958 -12.35661 6.002385 8.624958 -11.74091 5.909934 9.3041 -12.35661 5.909934 9.3041 -11.74091 5.646664 9.879848 -12.35661 5.646664 9.879848 -11.74091 5.252644 10.26455 -12.35661 5.252644 10.26455 -11.74091 4.787874 10.39964 -12.35661 4.787874 10.39964 -11.74091 4.323097 10.26455 -12.35661 4.323097 10.26455 -11.74091 3.929079 9.879848 -12.35661 3.929079 9.879848 -11.74091 3.665806 9.304099 -12.35661 3.665806 9.304099 -11.74091 11.10384 8.624958 -12.35661 11.10384 8.624958 -11.74091 13.53287 8.624958 -12.35661 13.53287 8.624958 -11.74091 13.44042 9.3041 -12.35661 13.44042 9.3041 -11.74091 13.17715 9.879848 -12.35661 13.17715 9.879848 -11.74091 12.78313 10.26455 -12.35661 12.78313 10.26455 -11.74091 12.31836 10.39964 -12.35661 12.31836 10.39964 -11.74091 11.85358 10.26455 -12.35661 11.85358 10.26455 -11.74091 11.45957 9.879848 -12.35661 11.45957 9.879848 -11.74091 11.19629 9.304099 -12.35661 11.19629 9.304099 -11.74091 8.58565 8.624958 -12.35661 8.58565 8.624958 -11.74091 11.01468 8.624958 -12.35661 11.01468 8.624958 -11.74091 10.92223 9.3041 -12.35661 10.92223 9.3041 -11.74091 10.65896 9.879848 -12.35661 10.65896 9.879848 -11.74091 10.26494 10.26455 -12.35661 10.26494 10.26455 -11.74091 9.800168 10.39964 -12.35661 9.800168 10.39964 -11.74091 9.335389 10.26455 -12.35661 9.335389 10.26455 -11.74091 8.941372 9.879848 -12.35661 8.941372 9.879848 -11.74091 8.678099 9.304099 -12.35661 8.678099 9.304099 -11.74091 6.065776 8.624958 -12.35661 6.065776 8.624958 -11.74091 8.494805 8.624958 -12.35661 8.494805 8.624958 -11.74091 8.402354 9.3041 -12.35661 8.402354 9.3041 -11.74091 8.139084 9.879848 -12.35661 8.139084 9.879848 -11.74091 7.745063 10.26455 -12.35661 7.745063 10.26455 -11.74091 7.280294 10.39964 -12.35661 7.280294 10.39964 -11.74091 6.815515 10.26455 -12.35661 6.815515 10.26455 -11.74091 6.421499 9.879848 -12.35661 6.421499 9.879848 -11.74091 6.158226 9.304099 -12.35661 6.158226 9.304099 -2.085847 15.46247 8.567407 -2.085847 16.2226 8.567407 -4.142183 15.46247 8.567407 -4.142183 16.2226 8.567405 -4.063915 15.46247 9.24655 -4.063915 16.2226 9.24655 -3.841041 15.46247 9.822294 -3.841042 16.2226 9.822294 -3.507479 15.46247 10.207 -3.507479 16.2226 10.207 -3.114017 15.46247 10.34208 -3.114017 16.2226 10.34208 -2.720552 15.46247 10.207 -2.720552 16.2226 10.20699 -2.386995 15.46247 9.822294 -2.386995 16.2226 9.822294 -2.164112 15.46247 9.24655 -2.164119 16.2226 9.24655 -0.04158389 15.46247 8.567407 -0.04158389 16.2226 8.567407 -2.09792 15.46247 8.567407 -2.09792 16.2226 8.567405 -2.019653 15.46247 9.24655 -2.019653 16.2226 9.24655 -1.796777 15.46247 9.822294 -1.796778 16.2226 9.822294 -1.463216 15.46247 10.207 -1.463216 16.2226 10.207 -1.069754 15.46247 10.34208 -1.069754 16.2226 10.34208 -0.6762883 15.46247 10.207 -0.6762883 16.2226 10.20699 -0.3427321 15.46247 9.822294 -0.3427321 16.2226 9.822294 -0.1198484 15.46247 9.24655 -0.1198555 16.2226 9.24655 -3.588442 -11.42471 0.4201918 -3.58845 -1.46186 0.420208 -3.588442 -11.42471 -4.970708 -3.58845 -1.46186 -4.970693 -3.757185 -14.36496 9.914784 -3.757193 -1.46186 9.914799 1.05846e-5 -14.36496 9.914784 1.05846e-5 -1.46186 9.914799 -3.757193 -1.46186 7.674842 -3.757185 -14.36496 7.674827 1.05846e-5 -14.36496 7.674827 1.05846e-5 -1.46186 7.674842 -3.505679 -11.67222 6.825941 -3.505674 -14.06206 6.825925 -1.520249 -14.06206 6.825925 -1.520254 -11.67222 6.825941 -3.505666 -11.67227 7.694931 -3.505661 -14.06211 7.694918 -1.520241 -11.67227 7.694931 -1.520236 -14.06211 7.694918 -2.512964 -11.82391 0.5242987 -2.512964 -11.82391 7.010006 -2.982414 -11.96368 0.5242987 -2.982414 -11.96368 7.010006 -3.326075 -12.34553 0.5242987 -3.326075 -12.34553 7.010006 -3.451864 -12.86714 0.5242987 -3.451864 -12.86714 7.010006 -3.326075 -13.38875 0.5242987 -3.326075 -13.38875 7.010006 -2.982414 -13.77059 0.5242987 -2.982414 -13.77059 7.010006 -2.512964 -13.91036 0.5242987 -2.512964 -13.91036 7.010006 -2.043514 -13.77059 0.5242987 -2.043514 -13.77059 7.010006 -1.699853 -13.38875 0.5242987 -1.699853 -13.38875 7.010006 -1.574064 -12.86714 0.5242987 -1.574064 -12.86714 7.010006 -1.699852 -12.34553 0.5242987 -1.699852 -12.34553 7.010006 -2.043514 -11.96368 0.5242987 -2.043514 -11.96368 7.010006 -3.505679 -11.67222 -2.018779 -3.505674 -14.06206 -2.018823 -1.520249 -14.06206 -2.018823 -1.520254 -11.67222 -2.018779 -3.505666 -11.67227 0.5203314 -3.505661 -14.06211 0.5202923 -1.520241 -11.67227 0.5203314 -1.520236 -14.06211 0.5202923 -3.544001 -11.62609 -4.426776 -3.543997 -14.10819 -4.426822 -1.481927 -14.10819 -4.426822 -1.481932 -11.62609 -4.426776 -3.543988 -11.62614 -1.789647 -3.543983 -14.10824 -1.789687 -1.481918 -11.62614 -1.789647 -1.481913 -14.10824 -1.789687 -1.786194 -14.32513 9.829349 -1.786194 -13.61876 9.829349 -3.697114 -14.32513 9.829349 -3.697114 -13.61876 9.829347 -3.624381 -14.32513 10.46047 -3.624381 -13.61876 10.46047 -3.417267 -14.32513 10.99549 -3.417268 -13.61876 10.99549 -3.107294 -14.32513 11.353 -3.107294 -13.61876 11.353 -2.741656 -14.32513 11.47852 -2.741656 -13.61876 11.47852 -2.376014 -14.32513 11.353 -2.376014 -13.61876 11.35299 -2.066046 -14.32513 10.99549 -2.066046 -13.61876 10.99549 -1.858924 -14.32513 10.46047 -1.85893 -13.61876 10.46047 0.03901201 -14.32513 9.829349 0.03901201 -13.61876 9.829349 -1.871907 -14.32513 9.829349 -1.871907 -13.61876 9.829347 -1.799175 -14.32513 10.46047 -1.799175 -13.61876 10.46047 -1.59206 -14.32513 10.99549 -1.592061 -13.61876 10.99549 -1.282087 -14.32513 11.353 -1.282087 -13.61876 11.353 -0.9164497 -14.32513 11.47852 -0.9164497 -13.61876 11.47852 -0.5508083 -14.32513 11.353 -0.5508083 -13.61876 11.35299 -0.24084 -14.32513 10.99549 -0.24084 -13.61876 10.99549 -0.03371787 -14.32513 10.46047 -0.03372436 -13.61876 10.46047 -3.105303 -11.46868 9.829349 -3.741043 -11.46868 9.829349 -3.105303 -13.59193 9.829349 -3.741043 -13.59193 9.829347 -3.105303 -13.51111 10.46047 -3.741043 -13.51111 10.46047 -3.105303 -13.28099 10.99549 -3.741043 -13.28099 10.99549 -3.105303 -12.93657 11.353 -3.741043 -12.93657 11.353 -3.105303 -12.53031 11.47852 -3.741043 -12.53031 11.47852 -3.105303 -12.12404 11.353 -3.741043 -12.12404 11.35299 -3.105303 -11.77963 10.99549 -3.741043 -11.77963 10.99549 -3.105303 -11.5495 10.46047 -3.741043 -11.5495 10.46047 -2.42073 16.65028 7.723744 -2.42073 16.65028 5.633483 -1.660899 16.65028 7.723744 -1.660899 16.65028 5.633483 -3.939822 16.65028 5.633483 -3.939822 16.65028 7.723744 -4.699656 16.65028 5.633483 -4.699656 16.65028 7.723744 -12.86164 5.03512 7.723744 -12.86164 5.03512 5.633483 -12.86164 5.879376 7.723744 -12.86164 5.879376 5.633483 -12.86164 3.347239 5.633483 -12.86164 3.347239 7.723744 -12.86164 2.50298 5.633483 -12.86164 2.50298 7.723744 -12.86164 10.86684 7.723744 -12.86164 10.86684 5.633483 -12.86164 11.7111 7.723744 -12.86164 11.7111 5.633483 -12.86164 9.178957 5.633483 -12.86164 9.178957 7.723744 -12.86164 8.3347 5.633483 -12.86164 8.3347 7.723744 2.36131 -8.945746 6.478468 2.36131 -8.945746 0.2826405 -0.06198877 -8.945748 0.2826405 -0.06198877 -8.945748 6.478468 2.36131 -8.68183 6.478468 -0.06198877 -8.681832 0.2826405 -0.06198877 -8.681832 6.478468 2.36131 -8.68183 0.2826405 -2.361289 -8.945746 6.478468 -2.361289 -8.945746 0.2826405 0.06200939 -8.945748 0.2826405 0.06200939 -8.945748 6.478468 -2.361289 -8.68183 6.478468 0.06200939 -8.681832 0.2826405 0.06200939 -8.681832 6.478468 -2.361289 -8.68183 0.2826405</float_array>
          <technique_common>
            <accessor source="#Cube_015-mesh-positions-array" count="2820" stride="3">
              <param name="X" type="float"/>
              <param name="Y" type="float"/>
              <param name="Z" type="float"/>
            </accessor>
          </technique_common>
        </source>
        <source id="Cube_015-mesh-normals">
          <float_array id="Cube_015-mesh-normals-array" count="3921">2.06437e-6 -0.9991194 0.04196083 -0.9992864 7.60936e-7 0.03777122 -2.12498e-6 0.9991194 0.04196083 0.9992865 -7.30384e-7 0.03776913 1 0 1.2703e-6 8.27966e-7 -1 -2.00519e-7 0 0 1 1 0 0 2.06991e-7 -1 0 0 1 0 -1 0 0 0 0.9247751 0.3805145 0 -0.7656977 0.6432008 0.9428015 0 0.3333547 -0.7793739 0 0.6265593 0 0 -1 0.8014844 0 -0.5980157 0.9780408 0 0.2084139 0.8014735 0 -0.5980303 0.4565645 0 0.8896903 -0.4565645 0 0.8896903 -0.9780408 0 0.2084139 -0.8014589 0 -0.5980499 -0.8014844 0 -0.5980157 0 -1 -3.63186e-6 0.4565403 0 0.8897028 -0.8014735 0 -0.5980303 0 -1 0 0 -1 -7.26404e-6 0 -1 -7.26396e-6 0.8014589 0 -0.5980499 0 1 -2.26995e-7 0 0.7818415 -0.6234773 0 0.9749296 0.222514 0 0.4338826 0.9009695 0 -0.4338826 0.9009695 0 -0.9749296 0.222514 0 -0.7818415 -0.6234773 0 0.4338946 0.9009637 0 -0.4338946 0.9009637 0 -0.7818266 -0.6234959 0 -1 1.16509e-5 0 -1 1.6322e-5 0 -1 -1.45281e-5 0 -1 1.16507e-5 0 -1 8.1612e-6 0 1 4.53998e-7 0 1 -2.26997e-7 0 1 -1.27518e-7 0 1 2.27e-7 0 1 -7.28179e-7 0 1 -1.2752e-7 0 1 9.08001e-7 0 1 4.54002e-7 -0.9908621 0 0.1348791 -0.9094278 0 0.4158619 -0.6986012 0 0.7155113 -0.2790899 0 0.960265 0.2790971 0 0.960263 0.698602 0 0.7155105 0.9094279 0 0.4158617 0.9908616 0 0.1348827 -0.9908621 1.51826e-6 0.1348789 -0.909429 0 0.4158592 -0.6986017 0 0.7155109 -0.2790903 0 0.9602649 0.2790936 0 0.960264 0.6986141 8.31762e-6 0.7154988 0.9094277 0 0.4158625 0.9908617 0 0.1348826 -1 2.13506e-7 0 1 4.99089e-7 0 0 0.9887543 0.1495499 0 0.8915279 0.452966 0 0.6600944 0.7511827 0 0.253064 0.9674496 0 -0.2530619 0.9674501 -7.93572e-6 -0.6600934 0.7511836 0 -0.891529 0.4529638 0 -0.988754 0.1495514 1 3.16767e-7 -2.79826e-7 -1 -2.59505e-7 0 1.68336e-6 0.9887546 0.1495471 0 0.891528 0.4529656 0 0.6600937 0.7511833 0 0.2530643 0.9674496 0 -0.2530608 0.9674504 7.93572e-6 -0.6600934 0.7511835 0 -0.8915294 0.4529631 0 -0.9887536 0.1495535 -1 2.54611e-7 0 1 9.03947e-6 -3.02128e-5 0 0.9887537 0.1495532 0 0.8915249 0.4529716 0 0.6600973 0.7511801 -1.5343e-6 0.2530614 0.9674503 -0.08825606 -0.07942354 0.9929264 4.86515e-6 1 1.37542e-5 0 -1 4.9156e-6 -0.9908623 1.51826e-6 0.134878 -0.9094306 0 0.4158558 -0.6986026 0 0.71551 -0.2790857 0 0.9602663 0.1750603 0 0.9845577 -1 2.15849e-7 0 1 -6.29905e-6 0 -1.68336e-6 -0.9887549 0.1495454 0 -0.8915216 0.4529781 0 -0.6600928 0.751184 0 -0.253064 0.9674496 0 0.1580156 0.9874367 1.54675e-5 -1 2.25528e-5 -0.990862 0 0.1348798 -0.9094305 0 0.4158559 -0.2790847 0 0.9602665 0.088247 -0.07943278 0.9929265 2.94587e-6 0.9887541 0.149551 0 0.8915255 0.4529706 0 0.6600951 0.7511821 0 0.2530617 0.9674502 0 -0.1580156 0.9874367 -1.62816e-5 1 3.00704e-5 0.9908611 0 0.1348864 0.9094285 0 0.4158606 0.6986073 0 0.7155053 0.2790868 0 0.9602659 -0.08824831 0.07943356 0.9929263 -1 -5.42368e-6 -1.90818e-5 0 -0.9887544 0.1495484 0 -0.8915223 0.4529771 0 -0.6600936 0.7511833 0 -0.2530643 0.9674496 0.08825451 0.07942354 0.9929266 -4.62192e-6 -1 1.30666e-5 0.9908611 1.51825e-6 0.1348869 0.909429 0 0.4158595 0.6986037 0 0.7155089 0.2790871 0 0.9602658 -0.175063 0 0.9845573 0.9780345 0 0.2084431 -0.4565403 0 0.8897028 -0.9780345 0 0.2084431 4.62857e-6 -1 -3.63197e-6 4.62886e-6 -1 -1.45288e-5 4.62886e-6 -1 -3.63219e-6 4.62881e-6 -1 -3.63215e-6 0 1 -4.54012e-7 0 0.7977825 -0.6029454 0 0.9774581 0.2111294 0 0.452297 0.8918674 0 -0.452297 0.8918674 0 -0.9774581 0.2111294 0 -0.7977936 -0.6029307 0 -0.9774518 0.2111586 0 0.7977936 -0.6029307 0 0.4523212 0.8918551 0 -0.7977825 -0.6029454 0 -0.4523212 0.8918551 1.29697e-5 -1 0 1.04014e-5 -1 -2.91284e-6 0 -1 -2.04015e-6 1.04009e-5 -1 1.63228e-5 4.62886e-6 -1 0 2.56887e-6 -1 -3.63206e-6 1.04009e-5 -1 0 0 -1 6.12085e-6 8.34088e-6 -1 0 4.6288e-6 -1 -1.16506e-5 1.04008e-5 -1 1.63227e-5 0 -1 2.04027e-6 8.34082e-6 -1 0 0 1 4.5402e-7 0 1 -2.55029e-7 0 1 2.51953e-7 0 1 -4.54022e-7 0 1 2.04035e-6 0 1 -5.10067e-7 0 1 1.02017e-6 1 1.59975e-5 0 1 -7.11967e-6 0 1 1.5997e-5 0 1 -7.11977e-6 0 1 1.59979e-5 0 1 -7.99872e-6 0 0 0.9587208 0.2843495 0 -0.9855476 0.169399 0.9964579 0 0.08409363 -0.01470369 0.1595175 0.9870856 -0.9902564 0 0.1392564 -0.9964581 -1.6036e-7 0.08409142 0.9845297 1.32753e-7 0.1752182 1 0 0 0 -0.952134 0.3056811 0 0.9960695 0.0885753 0 1 4.60185e-6 -1 0 0 0 0.9774518 0.2111586 -1 1.77994e-6 1.24589e-6 -1 1.42738e-6 -3.5654e-7 -1 0 4.49e-6 -1 3.99966e-6 -4.04531e-6 -1 -1.77984e-6 -1.80028e-6 -1 1.99981e-6 0 1.52645e-6 -0.9991194 0.04195976 -0.9992864 7.06988e-7 0.03777116 -1.24874e-6 0.9991192 0.04196202 0.9992865 -1.28944e-6 0.03776937 1 -1.07445e-6 0 2.06991e-6 -1 -1.57633e-6 2.06991e-7 -1 0 -1.69435e-7 0.924776 0.3805122 0 -0.7656977 0.6432008 0.9428017 0 0.3333541 -0.7793732 0 0.62656 0 -1 -1.74985e-6 0 -1 1.22887e-6 0 1 -5.76678e-7 0 1 -4.44394e-7 0 1 -8.74952e-7 0 1 6.14439e-7 -0.9908624 -3.0365e-6 0.1348771 -0.698607 0 0.7155057 -0.2790979 0 0.9602627 0.2791051 -1.04241e-5 0.9602606 0.6986001 -7.55889e-6 0.7155124 0 1 -1.99791e-7 0 1 -3.55516e-6 0 1 4.91543e-6 0 1 -6.99932e-6 0 -1 6.99955e-6 -0.9908618 0 0.1348811 -0.6986065 0 0.7155061 -0.2790988 0 0.9602625 0.279097 1.02125e-5 0.960263 0.6986053 0 0.7155073 0.9094279 0 0.4158617 0.9908617 0 0.1348828 -1 2.95561e-7 0 -1 -1.81002e-7 0 -1 -7.71391e-7 0 1 0 0 -1.68336e-6 0.9887546 0.1495471 0 0.8915271 0.4529674 0 0.6600934 0.7511836 -8.66444e-6 -0.2530782 0.9674459 0 -0.6600854 0.7511907 0 -0.8915286 0.4529645 0 -0.9887536 0.149554 1 2.39757e-7 0 1 7.6947e-7 0 1 7.99908e-7 3.6561e-7 1 1.62044e-6 1.5131e-6 1 7.87431e-7 -5.08305e-6 1 5.98567e-7 -8.18911e-7 -1 -4.79511e-7 0 -1 -3.99949e-7 2.43739e-7 -1 -1.10598e-6 1.00874e-6 -1 -7.87451e-7 3.38879e-6 -1 -5.98556e-7 -5.4593e-7 -1 -5.22509e-7 -1.86551e-7 0 0.9887542 0.1495497 0 0.8915277 0.4529663 0 0.6600941 0.751183 8.66443e-6 -0.2530773 0.9674461 0 -0.6600857 0.7511903 0 -0.9887539 0.1495518 -1 3.63637e-7 0 -1 -2.15849e-7 0 -1 -1.08253e-5 2.14185e-5 1 -9.19605e-6 0 1 -5.11145e-6 -8.65999e-7 1 -4.75946e-6 -5.33817e-6 1 -2.21204e-6 0 1 6.29913e-6 0 1 -1.35284e-6 0 -2.1042e-6 0.988754 0.1495512 0 0.2530603 0.9674505 0 -0.158016 0.9874366 0 1 -4.91618e-7 4.86508e-6 1 0 4.14593e-6 1 -6.20743e-6 2.02137e-6 1 -5.74619e-6 1.62816e-5 1 2.40564e-5 -1.08789e-5 1 -1.60738e-5 3.3482e-6 -1 -1.89314e-6 -9.71718e-6 -1 -1.36239e-5 2.74312e-6 -1 -2.88451e-6 -0.9908621 0 0.1348797 -0.9094303 0 0.4158565 -0.6986055 0 0.7155071 -0.279093 0 0.9602641 0.08824861 0.07943296 0.9929264 -1 1.08254e-5 2.14187e-5 1 5.11145e-6 -8.6596e-7 1 1.07287e-5 0 1 1.35284e-6 0 1 4.75944e-6 -5.33817e-6 1 -9.94341e-6 -3.02129e-5 0 -0.9887545 0.1495482 0 -0.891522 0.4529774 -0.08825469 0.07942348 0.9929266 4.62191e-6 -1 1.23788e-5 -1.0335e-5 -1 -1.50692e-5 3.93862e-6 -1 -3.621e-6 4.62182e-6 -1 -1.62242e-6 1.92032e-6 -1 -7.18273e-6 -1.11748e-5 1 -1.53269e-5 3.85043e-6 1 -7.69087e-7 3.15459e-6 1 -3.36526e-6 0 1 6.1445e-7 -0.9908623 -1.51825e-6 0.1348778 -0.2790926 0 0.9602643 0.1750631 0 0.9845573 1 -2.94972e-7 0 1 1.2929e-6 0 1 -6.76583e-6 1.30891e-5 1 -1.80831e-6 0 -1 -4.04656e-6 -5.69737e-7 -1 -6.89704e-6 0 -1 1.69104e-7 0 -1 -3.02875e-6 -3.51196e-6 -1 6.77962e-6 -1.98769e-5 0 0.9887537 0.1495533 0 0.8915256 0.4529703 0 0.6600961 0.7511813 0 0.2530611 0.9674503 0.08825469 -0.07942378 0.9929265 -4.86517e-6 1 1.37543e-5 1.08789e-5 1 -1.60738e-5 -4.14596e-6 1 -6.20749e-6 -4.86509e-6 1 -3.24484e-6 -2.02139e-6 1 -8.61934e-6 9.71711e-6 -1 -1.02179e-5 -3.3482e-6 -1 0 -2.74313e-6 -1 -3.84602e-6 0 -1 6.99875e-6 0.9908612 -1.51825e-6 0.1348862 0.6986112 0 0.7155016 0.2790948 0 0.9602636 -0.1750603 0 0.9845577 1 1.58819e-7 0 1 7.10416e-6 1.30892e-5 1 2.32781e-7 0 1 0 0 -1 6.1307e-6 0 -1 3.62061e-6 -5.46924e-7 -1 2.8124e-6 -3.37147e-6 1.68336e-6 -0.9887549 0.1495456 0 -0.8915216 0.4529781 0 -0.6600925 0.7511844 0 -0.2530638 0.9674496 0 0.1580156 0.9874367 0 -1 0 -4.62183e-6 -1 -2.43363e-6 -3.93865e-6 -1 -3.62103e-6 -1.92034e-6 -1 -6.46453e-6 -1.54675e-5 -1 2.33427e-5 1.0335e-5 -1 -1.50692e-5 -3.85042e-6 1 -4.73283e-7 1.11747e-5 1 -1.57526e-5 -3.15459e-6 1 -3.24508e-6 0.9908611 0 0.1348863 0.6986095 0 0.7155032 0.2790952 0 0.9602634 -0.08824664 -0.07943308 0.9929265 0.02171778 0.9699872 0.2421845 -0.1124845 -0.9936535 -3.84145e-6 0.9964579 -1.56765e-7 0.08409368 0.05597788 0.09427547 0.9939711 -0.9635956 -0.05627143 0.2613752 -0.9964581 -3.02663e-7 0.08409142 -1 0 0 0.9964244 0.08449012 3.33753e-7 0 -0.952134 0.3056813 0 0.9960695 0.08857524 0 1 4.60185e-6 1 0 0 0 -1 -4.66019e-6 -1 0 2.34498e-6 0 -1 -6.07854e-6 0 -1 -5.82524e-6 -1 0 2.34499e-6 0 -1 -4.6602e-6 -0.05922943 0.9960545 -0.06608664 -2.06991e-6 1 0 -2.08891e-6 1 0 1 0 0 0 1 7.26423e-6 0 1 -1.63227e-5 0 1 -1.63217e-5 0 1 7.2643e-6 0 1 -1.45279e-5 0 1 1.63219e-5 0 1 7.26425e-6 0 1 -1.63228e-5 0 1 1.45278e-5 0 1 -1.63217e-5 0 1 -1.63216e-5 0 1 3.64502e-6 0.9939752 0 0.1096055 0.9377447 0 0.3473252 0.7696283 0 0.6384922 0.337728 0 0.9412438 -0.3377266 0 0.9412443 -0.7696382 1.00398e-5 0.6384804 -0.9377349 1.22606e-5 0.3473519 -0.9939767 0 0.1095919 0 1 -4.76244e-6 0 1 7.12757e-6 0 1 -9.37642e-6 0 -1 -9.37682e-6 0 -1 6.58483e-6 0.9939752 0 0.1096056 0.9377452 0 0.3473243 0.7696275 0 0.6384932 0.3377346 0 0.9412415 -0.3377451 1.4441e-5 0.9412376 -0.7696257 0 0.6384955 -0.9377402 0 0.3473378 -0.9939751 1.46898e-5 0.109606 0 1 -3.64501e-6 0.9939765 0 0.1095938 0.9377402 0 0.3473378 0.7696382 0 0.6384804 0.3377221 0 0.941246 -0.7696382 8.78485e-6 0.6384804 -0.9377392 8.1738e-6 0.3473404 -0.993976 0 0.1095983 0 1 2.85483e-6 0 1 7.12756e-6 0 1 -9.37629e-6 0 -1 4.76244e-6 0.9939766 0 0.1095929 0.9377405 0 0.3473369 0.7696349 0 0.6384843 0.3377276 0 0.941244 -0.3377451 1.3956e-5 0.9412376 -0.9377424 0 0.3473315 -0.9939751 7.34489e-6 0.1096069 0.9939757 0 0.1096014 0.9377431 -1.02173e-6 0.34733 0.7696333 0 0.6384863 0.337724 0 0.9412451 -0.9377391 8.1738e-6 0.3473408 0 -1 -2.85483e-6 0 -1 3.09005e-6 0 -1 -7.12734e-6 0 -1 9.37674e-6 0 -1 6.58476e-6 0.9939757 0 0.109601 0.9377438 0 0.3473279 0.7696312 -1.25498e-6 0.6384887 0.3377296 0 0.9412432 -0.3377451 1.44219e-5 0.9412376 -0.9377428 0 0.3473306 -0.9939749 9.18111e-6 0.1096082 0 -1.68556e-6 1 -2.0511e-7 -1.68554e-6 1 0 -7.35706e-7 1 0 -7.35708e-7 1 0 -6.16498e-7 1 2.55312e-6 -1 0 -1 0 0 -0.05936026 0.9982367 0 1 0 0 8.27966e-7 -1 0 -8.4745e-7 -0.9908616 0.1348825 0 -0.9094318 0.4158532 0 -0.6986026 0.71551 0 -0.2790802 0.9602679 0 0.175062 0.9845575 -0.9939765 0 0.1095933 -0.7696447 0 0.6384724 -0.3377141 0 0.9412488 0.1086443 -0.08801579 0.9901766 -1 -7.11262e-7 0 -1 1.63147e-5 2.47903e-5 1 4.0776e-7 0 0 -0.9908611 0.1348869 0 -0.9094336 0.4158492 0 -0.6986025 0.71551 0 -0.2790827 0.9602672 -0.1086636 0.08800232 0.9901757 7.50783e-6 -1 1.84248e-5 7.50785e-6 -1 0 0 -1 -2.02152e-5 2.51261e-5 -1 3.22261e-5 0 1 -1.57486e-5 5.16697e-6 1 3.17003e-7 -0.9939766 0 0.1095929 -0.7696468 0 0.63847 -0.3377196 0 0.9412468 0.2144086 0 0.9767441 1 -3.14825e-7 0 0 0.9908615 0.1348835 0 0.9094326 0.4158515 0 0.6985965 0.7155159 0 0.2791085 0.9602596 0 -0.2791047 0.9602608 0 -0.6985986 0.7155138 0 -0.9094316 0.4158536 0 -0.9908616 0.1348825 0 0.9908617 0.1348822 0 0.9094302 0.4158568 0 0.6985976 0.7155149 0 0.2791083 0.9602596 0 -0.2791065 0.9602602 0 -0.6985996 0.7155128 0 -0.9094293 0.4158587 0 -0.9908623 0.1348775 1 8.92632e-7 0 -1 0 0 0 0.9908614 0.1348842 0 0.9094315 0.4158539 0 0.6985968 0.7155156 0 0.2791078 0.9602598 0 -0.279104 0.9602609 0 -0.6985984 0.715514 0 -0.9094308 0.4158552 0 -0.9908617 0.1348828 1 8.9263e-7 0 -1 0 0 0 0.9908617 0.1348828 0 0.9094292 0.4158588 0 0.2791076 0.9602599 0 -0.2791057 0.9602605 0 -0.6985998 0.7155126 0 -0.9094285 0.4158603 0 -0.9908623 0.134878 1 0 0 -2.08892e-6 1 0 1 0 0 0 -1.68556e-6 1 1.58023e-7 -1.68554e-6 1 -2.81099e-6 -6.72543e-7 1 1.91147e-6 -6.72544e-7 1 0 -6.16498e-7 1 2.55312e-6 -1 0 -0.05936026 0.9982367 0 1 0 0 8.27966e-7 -1 0 0 -7.35709e-7 1 0 0.9978063 -0.06620264 0 -1 -2.00646e-6 0 -2.20384e-6 1 0 -0.9990252 -0.04414439 1 -3.14826e-7 0 0 0.6985961 0.7155163 0 -0.2791051 0.9602606 0 -0.6985982 0.7155142 0 -0.9908616 0.1348828 0 0.9094318 0.4158534 0 -0.698599 0.7155135 0 -0.9094308 0.4158555 0 -0.9908615 0.1348831 0 0.9908616 0.1348825 0 0.9094336 0.4158495 0 0.6985954 0.7155169 0 0.2791094 0.9602593 0 -0.2791034 0.9602612 0 -0.9094312 0.4158546 0 0.9908609 0.1348875 0 0.9094327 0.4158514 0 0.2791087 0.9602596 0 -0.2791035 0.960261 0 -0.9094303 0.4158565 0 0.9908613 0.1348847 0 0.9908612 0.1348853 0 -0.6986011 0.7155115 0 -0.2791043 0.9602609 0 -0.2791027 0.9602613 0 -0.9908617 0.1348819 0 1 3.48758e-6 0.9934249 0 0.1144861 0.9325644 -2.03217e-6 0.3610038 0.7555458 0 0.6550959 0.3247054 0 0.9458153 -0.3247081 0 0.9458143 -0.7555507 9.85606e-6 0.6550903 -0.9325597 8.63669e-6 0.3610161 -0.9934254 0 0.1144821 0 1 -2.95659e-6 0 1 -4.55672e-6 0 1 8.97134e-6 0 -1 2.73152e-6 0.993425 0 0.1144857 0.9325649 0 0.3610026 0.7555437 -1.232e-6 0.6550984 0.3247099 0 0.9458137 -0.3247269 1.41933e-5 0.9458078 -0.7555391 0 0.6551038 -0.9325639 0 0.3610053 -0.9934242 9.17603e-6 0.114492 0 1 3.48758e-6 0.9934249 0 0.1144866 0.9325644 -1.52413e-6 0.3610037 0.3247045 0 0.9458156 -0.93256 8.7002e-6 0.3610152 -0.9934254 0 0.1144825 0 1 4.55672e-6 0 -1 -6.81949e-6 0 -1 1.26007e-5 0.993425 4.588e-7 0.1144862 0.7555437 -9.24003e-7 0.6550984 0.3247109 0 0.9458134 -0.324726 1.42398e-5 0.9458081 -0.9934241 9.24771e-6 0.1144925 -1 8.11479e-7 0 -1 7.60524e-7 0 0 -1.18257e-6 1 0 1.18257e-6 -1 1 -6.59928e-7 0 0 6.38485e-6 -1 0 -5.58674e-6 1 0 -1 -5.74863e-5 1 -1.92058e-6 1.48155e-5 0 1 5.70168e-5 -1 1.95166e-6 -1.50898e-5 0 0.7615055 0.6481586 0.4056053 0.6417049 -0.6509218 0 0.7615055 -0.6481586 0.4056053 0.6417049 0.6509218 0.667975 0.351765 -0.6557978 0.667975 0.351765 0.6557978 0.7530549 0 -0.6579578 0.7530549 0 0.6579578 0.667975 -0.351765 -0.6557978 0.667975 -0.351765 0.6557978 0.4056053 -0.6417049 -0.6509218 0.4056053 -0.6417049 0.6509218 0 -0.7615055 -0.6481586 0 -0.7615055 0.6481586 -0.4056053 -0.6417049 -0.6509218 -0.4056053 -0.6417049 0.6509218 -0.667975 -0.351765 -0.6557978 -0.667975 -0.351765 0.6557978 -0.7530549 0 -0.6579578 -0.7530549 0 0.6579578 -0.667975 0.351765 -0.6557978 -0.667975 0.351765 0.6557978 -0.4056053 0.6417049 -0.6509218 -0.4056053 0.6417049 0.6509218 0 -1.61373e-5 1 0 -1.63612e-5 1 0 -1 -1.96742e-5 1 -1.96833e-6 5.07048e-6 0 1 1.95136e-5 -1 1.96453e-6 -5.16438e-6 0 -1 -1.96419e-5 1 -1.78128e-6 4.97243e-6 0 1 1.81895e-5 -1 1.9669e-6 -5.15325e-6 0 -1 4.03855e-6 0.9934249 0 0.1144863 0.9325649 -1.17662e-6 0.3610025 0.7555445 0 0.6550974 0.3247057 0 0.9458152 -0.3247088 0 0.9458141 -0.7555488 9.62989e-6 0.6550925 -0.9325598 8.82457e-6 0.3610154 -0.9934254 0 0.1144816 0 1 3.16306e-6 0 1 -3.94855e-6 0 -1 -3.42368e-6 0 -1 1.03891e-5 0 -1 -7.29573e-6 0.9934249 0 0.1144859 0.9325653 0 0.3610013 0.7555431 -1.42664e-6 0.655099 0.3247109 0 0.9458134 -0.3247275 1.38896e-5 0.9458076 -0.7555404 0 0.6551022 -0.9325641 0 0.3610044 -0.9934243 9.56315e-6 0.1144919 0 1 -4.03856e-6 0 -1 -4.03855e-6 0.9934248 0 0.1144869 0.9325645 -1.17662e-6 0.3610035 -0.7555501 9.71908e-6 0.6550909 -0.93256 8.64073e-6 0.3610151 -0.9934253 0 0.1144827 0 1 -3.94855e-6 0 1 -1.03887e-5 0 1 7.29564e-6 0 -1 3.42368e-6 0 -1 1.03891e-5 0.9934249 0 0.1144864 0.932565 0 0.3610024 0.7555445 -1.06998e-6 0.6550974 0.324712 0 0.945813 -0.3247275 1.40473e-5 0.9458076 -0.7555389 0 0.6551038 -0.9325638 0 0.3610054 -0.9934242 9.20515e-6 0.1144921 0 -0.9919013 0.1270113 -3.81703e-6 -0.9186288 0.3951218 0 -0.720166 0.6938018 0 -0.2952097 0.9554325 0 0.2952057 0.9554338 1.35985e-5 0.7201706 0.6937971 1.19317e-5 0.9186241 0.3951326 0 0.9919019 0.1270067 1 0 0 1 -1.75333e-7 0 5.8941e-7 -0.9919008 0.1270155 0 -0.9186307 0.3951174 -3.02186e-6 -0.720166 0.6938018 1.41112e-5 0.2952283 0.9554268 0 0.7201604 0.6938077 0 0.9186288 0.3951218 1.17882e-5 0.9919004 0.1270183 -2.06437e-6 -0.9991193 0.04196095 0.9992864 7.0006e-7 0.03777128 2.12498e-6 0.9991193 0.04196077 -0.9992865 -1.21731e-6 0.03776931 -1 0 1.2703e-6 -8.27966e-7 -1 -2.00519e-7 -2.06991e-7 -1 0 0 0.924775 0.3805145 -0.9428013 0 0.3333554 0.7793739 0 0.6265593 0 -1 -3.63189e-6 0 -1 -7.26393e-6 0 -1 -3.63181e-6 0 -1 -1.45281e-5 0 -1 1.16507e-5 0 -1 -8.1612e-6 0 1 1.02013e-6 0 1 7.28173e-7 0 1 -2.26999e-7 0 1 -1.27516e-7 0 1 -1.27521e-7 0 1 9.08008e-7 0 1 5.10058e-7 -1 1.46902e-5 0 -1 -6.53757e-6 0 -1 1.469e-5 0 -1 -6.53761e-6 0 -1 1.46898e-5 0 -1 -7.34489e-6 0 0.9908621 0 0.1348791 0.9094278 0 0.4158619 0.6986016 0 0.7155109 0.2790895 0 0.9602652 -0.2790971 0 0.960263 -0.6986029 0 0.7155097 -0.9094279 0 0.4158617 -0.9908616 0 0.1348827 0 -1 -2.72099e-6 0.9908621 3.03651e-6 0.1348789 0.909429 0 0.4158592 0.6986026 0 0.71551 0.2790903 0 0.9602649 -0.2790936 0 0.960264 -0.698615 7.37355e-6 0.7154979 -0.9094277 0 0.4158625 -0.9908617 0 0.1348826 1 2.13254e-7 0 -1 0 0 0 0.2530635 0.9674497 0 -0.2530614 0.9674503 7.93573e-6 -0.6600944 0.7511827 -1 6.23147e-7 -2.79826e-7 1 -2.59505e-7 0 -1.68336e-6 0.9887546 0.1495469 0 0.6600931 0.7511838 0 0.2530648 0.9674494 -7.93572e-6 -0.6600937 0.7511832 0 -0.9887537 0.1495534 1 2.5431e-7 0 -1 1.08474e-5 -3.02128e-5 1.53431e-6 0.2530614 0.9674503 0.08825623 -0.07942372 0.9929264 -4.86515e-6 1 1.37542e-5 0 -1 4.91557e-6 0.9908621 1.51826e-6 0.1348789 0.9094306 0 0.4158558 0.6986036 0 0.715509 0.2790857 0 0.9602663 -0.1750599 0 0.9845578 1 2.15594e-7 0 1.68336e-6 -0.9887549 0.1495454 0 -0.6600939 0.7511832 0 -0.2530643 0.9674495 0 0.1580154 0.9874367 -1.54675e-5 -1 2.25528e-5 0.9908618 0 0.1348811 0.9094305 0 0.4158559 0.2790847 0 0.9602665 -0.088247 -0.07943296 0.9929265 -2.94588e-6 0.988754 0.1495513 0 -0.1580157 0.9874366 1.62816e-5 1 3.00704e-5 -0.9908611 0 0.1348864 -0.9094285 0 0.4158606 -0.6986073 0 0.7155053 -0.2790868 0 0.9602659 0.08824831 0.07943356 0.9929263 -1 -1.29291e-6 0 1 -6.32763e-6 -1.98769e-5 0 -0.8915219 0.4529777 0 -0.253064 0.9674496 -0.08825439 0.07942348 0.9929266 4.62192e-6 -1 1.30666e-5 0 1 8.74851e-7 -0.9908611 0 0.1348862 -0.9094286 0 0.4158602 -0.6986037 0 0.7155089 -0.2790875 0 0.9602657 0.175063 0 0.9845573 -4.62861e-6 -1 -3.63199e-6 -4.62886e-6 -1 -1.45288e-5 -4.62886e-6 -1 -3.63219e-6 -4.62879e-6 -1 -3.63214e-6 -1.29697e-5 -1 0 -1.04014e-5 -1 -2.91284e-6 -1.04008e-5 -1 1.63227e-5 -4.62886e-6 -1 0 -2.56885e-6 -1 -3.63204e-6 -1.0401e-5 -1 0 -8.34091e-6 -1 0 -4.6288e-6 -1 -1.16506e-5 -1.04008e-5 -1 1.63227e-5 0 -1 -6.12085e-6 -8.34079e-6 -1 0 0 1 4.54019e-7 0 1 -2.55025e-7 0 1 2.51954e-7 0 1 -5.10083e-7 0 1 7.28158e-7 0 1 -1.02013e-6 -1 -1.59975e-5 0 -1 7.11967e-6 0 -1 -1.5997e-5 0 -1 7.11977e-6 0 -1 -1.59979e-5 0 -1 7.99872e-6 0 0 -0.9855476 0.169399 -0.9964579 0 0.08409398 0.01470369 0.1595176 0.9870856 0.9902563 0 0.1392567 0.9964581 2.57327e-7 0.08409124 -0.9845297 1.32793e-7 0.1752182 -1 0 0 0 -0.952134 0.305681 0 0.9960696 0.088575 0 1 4.60185e-6 -1 4.7553e-7 0 1 0 0 1 1.77994e-6 1.66119e-6 1 1.42738e-6 -4.75383e-7 1 0 5.98667e-6 1 -3.99966e-6 -5.39377e-6 1 1.77984e-6 -2.40037e-6 -1.52645e-6 -0.9991194 0.04195952 0.9992864 8.35531e-7 0.03777122 1.24874e-6 0.9991192 0.04196208 -0.9992865 -1.03237e-6 0.03776949 -1 -1.07446e-6 0 -2.06991e-6 -1 -1.50474e-6 -2.06991e-7 -1 0 1.69435e-7 0.924776 0.3805122 0 -0.7656977 0.6432006 -0.9428015 0 0.3333547 0.7793732 0 0.62656 0 1 -5.76678e-7 0.9908624 -1.51825e-6 0.1348771 0.6986075 0 0.7155052 0.2790974 0 0.9602629 -0.2791051 -1.04232e-5 0.9602606 -0.6986009 -7.5589e-6 0.7155116 0 1 -1.99791e-7 0 1 3.55515e-6 0 1 -4.91542e-6 0 1 -2.72095e-6 0.9908618 0 0.1348811 0.6986065 0 0.7155061 0.2790982 0 0.9602626 -0.279097 1.02125e-5 0.960263 -0.6986053 0 0.7155073 -0.9094279 0 0.4158617 -0.9908617 0 0.1348828 1 2.95781e-7 0 1 -1.80789e-7 0 1 -1.57488e-6 0 1 1.44146e-6 0 -1 0 0 0 0.8915274 0.4529667 0 0.6600933 0.7511838 0 0.2530646 0.9674494 8.66446e-6 -0.2530782 0.9674459 0 -0.891529 0.4529638 0 -0.9887539 0.1495519 -1 4.79513e-7 0 -1 5.09738e-7 0 -1 3.99954e-7 3.6561e-7 -1 5.13496e-7 1.5131e-6 -1 1.57486e-6 -5.08305e-6 -1 1.19713e-6 -8.18911e-7 1 -2.39756e-7 0 1 -3.99949e-7 2.43739e-7 1 -5.5299e-7 1.00874e-6 1 -1.5749e-6 3.38879e-6 1 -5.98556e-7 -5.4593e-7 1 -5.22771e-7 -1.86551e-7 0 0.9887542 0.14955 0 0.6600947 0.7511826 -8.66443e-6 -0.2530773 0.9674461 1 3.63907e-7 0 1 -2.15594e-7 0 1 -1.01487e-5 2.14185e-5 1 9.31126e-7 0 -1 -9.19605e-6 0 -1 -5.96336e-6 -8.65999e-7 -1 -5.19214e-6 -5.33817e-6 -1 -2.21204e-6 0 -1 3.14957e-6 0 2.1042e-6 0.988754 0.1495512 0 0.8915253 0.452971 0 0.6600962 0.7511812 0 0.2530608 0.9674504 0 -0.1580156 0.9874367 0 1 -2.45809e-7 -4.86508e-6 1 0 -4.14593e-6 1 -6.20744e-6 -2.02138e-6 1 -5.7462e-6 -1.62816e-5 1 2.40563e-5 1.08789e-5 1 -1.60737e-5 -3.3482e-6 -1 0 9.71715e-6 -1 -1.36239e-5 -2.74313e-6 -1 -3.84602e-6 0.9094303 0 0.4158565 0.279093 0 0.9602641 -0.08824872 0.07943326 0.9929263 1 -1.86225e-6 0 1 1.08254e-5 2.14187e-5 -1 5.96335e-6 -8.6596e-7 -1 9.19605e-6 0 -1 6.76418e-7 0 -1 5.19212e-6 -5.33817e-6 -1 -9.94341e-6 -3.02129e-5 0 -0.6600923 0.7511847 0.08825474 0.0794236 0.9929265 -4.62191e-6 -1 1.23788e-5 1.0335e-5 -1 -1.50691e-5 -3.93863e-6 -1 -3.62101e-6 -4.62182e-6 -1 -1.62242e-6 -1.92033e-6 -1 -6.46448e-6 1.11747e-5 1 -1.53269e-5 -3.85043e-6 1 -4.14124e-7 -3.15459e-6 1 -3.36527e-6 0.9908621 -1.51825e-6 0.1348791 0.6986078 0 0.7155048 0.2790926 0 0.9602643 -0.1750628 0 0.9845573 -1 -2.94972e-7 0 -1 -3.65046e-7 0 -1 -7.44241e-6 1.18992e-5 1 -3.62061e-6 -5.69737e-7 1 -7.66338e-6 0 1 -2.81241e-6 -3.51196e-6 1 5.87567e-6 -1.98769e-5 0 0.6600955 0.7511818 0 0.2530614 0.9674503 -0.08825469 -0.07942372 0.9929265 4.86517e-6 1 1.37543e-5 4.14597e-6 1 -6.20749e-6 4.86509e-6 1 -3.24485e-6 2.02138e-6 1 -8.61933e-6 -9.71711e-6 -1 -1.02179e-5 3.34819e-6 -1 0 2.74313e-6 -1 -3.84602e-6 -0.9908612 0 0.1348862 -0.6986112 0 0.7155016 -0.2790948 0 0.9602636 -1 -1.35873e-7 0 -1 9.04153e-7 0 -1 8.45733e-6 1.30892e-5 -1 2.32781e-7 0 -1 0 0 1 7.66338e-6 0 1 3.62061e-6 -5.69711e-7 1 2.92057e-6 -3.51195e-6 1 -1.10604e-6 0 0 -0.6600931 0.7511838 0 0.1580154 0.9874367 0 -1 -2.04841e-7 4.62184e-6 -1 -2.43364e-6 3.93865e-6 -1 -3.62103e-6 1.92034e-6 -1 -7.18281e-6 1.54675e-5 -1 2.33427e-5 3.85042e-6 1 -4.73283e-7 -1.11747e-5 1 -1.57526e-5 3.15459e-6 1 -3.24508e-6 -0.9908611 0 0.1348863 -0.9094287 0 0.41586 -0.6986095 0 0.7155032 -0.2790954 0 0.9602634 0.08824664 -0.07943326 0.9929265 -0.02171778 0.9699872 0.2421845 0.1124845 -0.9936535 -3.84145e-6 -0.9964579 -1.56745e-7 0.08409398 -0.05597794 0.09427541 0.9939712 0.9635957 -0.05627161 0.261375 0.9964581 -3.02663e-7 0.08409118 1 0 0 -0.9964244 0.0844897 3.33753e-7 0 -0.9521341 0.3056808 0 0.9960696 0.0885753 -1 -4.28477e-7 0 0 -1 -4.66018e-6 1 0 2.34498e-6 0 -1 -4.9135e-6 0 -1 -5.82524e-6 1 0 2.34499e-6 0 -1 -5.82525e-6 0.05922943 0.9960544 -0.06608664 2.06991e-6 1 0 2.08891e-6 1 0 -1 0 0 0 1 1.08964e-5 -0.9939754 0 0.1096042 -0.9377447 0 0.3473252 -0.7696283 0 0.6384922 -0.337728 0 0.9412438 0.3377266 0 0.9412443 0.7696369 1.00398e-5 0.6384819 0.9377357 1.22607e-5 0.3473498 0.9939767 0 0.1095919 0 1 7.12755e-6 0 -1 -2.85483e-6 -0.9939754 1.83622e-6 0.1096042 -0.9377452 0 0.3473243 -0.7696263 0 0.6384947 -0.3377346 0 0.9412415 0.337747 1.44426e-5 0.941237 0.7696257 0 0.6384955 0.9939754 1.28536e-5 0.1096042 0 1 -3.64501e-6 -0.9939765 0 0.1095938 -0.7696382 0 0.6384804 -0.3377221 0 0.941246 0.3377256 0 0.9412446 0.7696382 1.00398e-5 0.6384804 0.9377394 7.15208e-6 0.3473398 0.993976 0 0.1095983 0 1 -9.37631e-6 0 -1 -4.76244e-6 0 -1 -9.37671e-6 -0.7696349 0 0.6384843 -0.3377276 0 0.941244 0.3377451 1.43498e-5 0.9412376 0.9377424 0 0.3473315 0.9939751 7.34489e-6 0.1096069 -0.9939757 0 0.1096014 -0.9377431 -2.04346e-6 0.34733 -0.769632 0 0.6384878 -0.337724 0 0.9412451 0.7696382 9.41234e-6 0.6384804 0.9377393 8.1738e-6 0.3473401 0 -1 -2.85483e-6 0 -1 3.09005e-6 0 -1 9.37675e-6 0 -1 -6.58477e-6 -0.9939757 -1.83622e-6 0.109601 -0.9377438 0 0.3473279 -0.76963 -1.25497e-6 0.6384903 -0.3377296 0 0.9412432 0.3377451 1.40315e-5 0.9412376 0.9939749 9.18111e-6 0.1096078 0 -1.68557e-6 1 2.0511e-7 -1.68554e-6 1 0 -7.35708e-7 1 0 -7.35709e-7 1 0 -6.16498e-7 1 -2.55312e-6 -1 0 1 0 0 0.05936026 0.9982367 0 -1 0 0 -8.27966e-7 -1 0 8.47447e-7 -0.9908617 0.1348819 0 -0.6985997 0.7155128 0 -0.2790809 0.9602676 0 0.1750615 0.9845575 0.9939765 0 0.1095933 0.7696447 0 0.6384724 0.3377141 0 0.9412488 -0.1086443 -0.08801549 0.9901766 1 2.77056e-6 0 1 1.63147e-5 2.47903e-5 -1 4.0776e-7 0 0 -0.9908609 0.1348875 0 -0.909434 0.4158482 0 -0.6986054 0.7155072 0.1086636 0.08800286 0.9901756 -7.50783e-6 -1 1.84248e-5 -7.50785e-6 -1 0 0 -1 -2.02152e-5 -2.51261e-5 -1 2.41696e-5 -5.16697e-6 1 3.17003e-7 0.7696456 0 0.6384714 0.3377196 0 0.9412468 -0.2144086 0 0.9767441 -1 4.23343e-7 0 0 -0.9908616 0.1348831 0 0.9094293 0.4158587 0 -0.9094285 0.4158605 0 -0.9908623 0.1348781 -1 -3.58894e-7 0 1 0 0 0 0.9094319 0.415853 0 0.2791093 0.9602594 0 -0.2791054 0.9602605 0 -0.9094317 0.4158534 0 -0.9908617 0.1348822 -1 -3.58893e-7 0 1 0 0 0 0.9094297 0.4158579 0 0.2791091 0.9602594 0 -0.2791072 0.96026 0 -0.9094294 0.4158585 0 -0.9908624 0.1348775 -1 0 0 2.08892e-6 1 0 -1 0 0 0 -1.68556e-6 1 -1.58023e-7 -1.68554e-6 1 2.81099e-6 -6.72543e-7 1 -1.91147e-6 -6.72544e-7 1 0 -6.16498e-7 1 -2.55312e-6 -1 0 0.05936026 0.9982367 0 -1 0 0 -8.27966e-7 -1 0 0 -1 -2.17367e-6 0 -2.20384e-6 1 0 -0.9990252 -0.04414439 -1 4.23344e-7 0 0 -0.2791044 0.9602608 0 -0.9908615 0.1348834 0 0.9094322 0.4158525 0 -0.9908616 0.1348825 0 0.9908611 0.1348869 0 0.9094331 0.4158505 0 0.2791101 0.9602591 0 -0.279105 0.9602606 0 -0.2791042 0.9602609 0 -0.9908618 0.1348813 -0.9934248 0 0.1144871 -0.932565 -1.01609e-6 0.3610022 -0.7555458 0 0.6550959 -0.3247054 0 0.9458153 0.3247081 0 0.9458143 0.7555507 9.54806e-6 0.6550903 0.9325597 9.14473e-6 0.3610161 0.9934254 0 0.1144821 0 1 -4.55672e-6 0 1 -6.30027e-6 0 -1 4.55673e-6 -0.993425 0 0.1144862 -0.9325655 0 0.3610008 -0.7555424 -1.232e-6 0.6550998 -0.3247099 0 0.9458137 0.3247269 1.41948e-5 0.9458078 0.7555391 0 0.6551038 0.9325639 0 0.3610053 0.9934242 9.63483e-6 0.114492 0 1 3.48758e-6 -0.9934249 0 0.1144866 -0.9325644 -1.01609e-6 0.3610038 -0.3247045 0 0.9458156 0.7555507 9.85606e-6 0.6550903 0.9325596 8.7002e-6 0.3610161 0.9934254 0 0.1144825 0 1 -5.46303e-6 0 1 -8.97135e-6 0 1 6.30027e-6 0 -1 2.73152e-6 -0.993425 4.588e-7 0.1144862 -0.9325649 0 0.3610026 -0.7555437 -1.232e-6 0.6550984 -0.3247109 0 0.9458134 0.3247269 1.42414e-5 0.9458078 0.9934241 9.24771e-6 0.1144925 1 7.88206e-7 0 1 7.81282e-7 0 -1 -6.01526e-7 0 0 6.38485e-6 -1 0 -5.58674e-6 1 0 -1 -5.67717e-5 -1 -1.60725e-6 1.48155e-5 0 1 5.74864e-5 1 1.80624e-6 -1.49526e-5 0 -1.61373e-5 1 0 -1.63612e-5 1 0 -1 -1.94297e-5 -1 -1.57163e-6 5.07048e-6 0 1 1.96743e-5 1 1.78229e-6 -5.11742e-6 0 -1 -1.94717e-5 -1 -1.45697e-6 5.06283e-6 0 1 2.03434e-5 1 1.89683e-6 -5.15323e-6 0 1 -4.03856e-6 -0.9934249 0 0.1144863 -0.9325645 -1.17662e-6 0.3610035 -0.7555445 0 0.6550974 -0.3247057 0 0.9458152 0.3247088 0 0.9458141 0.7555501 9.62991e-6 0.6550909 0.9325595 8.82457e-6 0.3610165 0.9934254 0 0.1144816 0 1 5.27662e-6 0 1 -1.03887e-5 0 1 7.29563e-6 0 -1 3.16306e-6 0 -1 -3.42368e-6 -0.9934249 1.06257e-6 0.1144859 -0.932565 0 0.3610024 -0.7555431 -7.1332e-7 0.655099 -0.3247109 0 0.9458134 0.3247275 1.41095e-5 0.9458076 0.7555404 0 0.6551022 0.9325638 0 0.3610054 0.9934243 9.56315e-6 0.1144916 -0.9325645 -1.17662e-6 0.3610035 0.7555501 9.80824e-6 0.6550909 0.93256 8.64073e-6 0.3610151 0.9934253 0 0.1144827 0 1 -3.16305e-6 0 -1 -3.94844e-6 0 -1 7.29573e-6 -0.9934249 5.31285e-7 0.1144861 -0.7555431 -1.06998e-6 0.655099 -0.324712 0 0.945813 0.3247275 1.4049e-5 0.9458076 0.7555389 0 0.6551038 0.9934242 9.20515e-6 0.1144921 0 -0.9919013 0.1270114 3.81703e-6 -0.9186288 0.3951218 -1.35985e-5 0.7201706 0.6937971 -1.19317e-5 0.9186241 0.3951326 0 0.9919019 0.1270068 -1 0 0 -1 -1.7383e-7 0 -5.8941e-7 -0.9919014 0.1270107 0 -0.9186288 0.3951218 3.02186e-6 -0.7201664 0.6938014 0 -0.2952099 0.9554324 -1.41112e-5 0.2952285 0.9554267 0 0.7201608 0.6938073 -1.17882e-5 0.9919004 0.1270181 7.87088e-7 -1 0 7.87088e-7 -1 0 1.28432e-7 0 1 0 0 -1 -7.87088e-7 1 0 -7.87088e-7 1 0 -7.87088e-7 -1 0 -7.87088e-7 -1 0 -1.28432e-7 0 1 0 0 -1 7.87088e-7 1 0 7.87088e-7 1 0 0 -7.35709e-7 1 0 0.9978063 -0.06620287 0 -1 -2.17367e-6 0 -2.20384e-6 1 -1 7.88206e-7 0 -1 7.81282e-7 0 0 -1.18257e-6 1 0 1.18257e-6 -1 1 -6.01547e-7 0 0 6.38485e-6 -1 0 -1 -5.82008e-5 1 -2.06646e-6 1.50898e-5 0 1 5.74864e-5 -1 1.80596e-6 -1.50898e-5 0 -1.61373e-5 1 0 -1 -1.99188e-5 1 -1.88595e-6 5.16437e-6 0 1 1.96743e-5 -1 1.8606e-6 -5.16437e-6 0 -1 -2.00608e-5 1 -2.03975e-6 5.15323e-6 0 1 2.10449e-5 -1 1.89657e-6 -5.19843e-6 0 0.9978063 -0.06620287 0 -1 -2.17366e-6 1 8.57836e-7 0 1 8.31538e-7 0 -1 -6.59928e-7 0 0 6.38485e-6 -1 0 -5.58674e-6 1 0 -1 -5.52752e-5 -1 -1.99364e-6 1.50898e-5 1 1.95166e-6 -1.50898e-5 0 -1.61373e-5 1 0 -1.63612e-5 1 0 -1 -1.89175e-5 -1 -2.28445e-6 5.16437e-6 0 1 1.95136e-5 1 1.96453e-6 -5.16438e-6 0 -1 -1.75374e-5 -1 -2.08421e-6 5.06282e-6 0 1 1.92089e-5 1 1.9669e-6 -5.19845e-6</float_array>
          <technique_common>
            <accessor source="#Cube_015-mesh-normals-array" count="1307" stride="3">
              <param name="X" type="float"/>
              <param name="Y" type="float"/>
              <param name="Z" type="float"/>
            </accessor>
          </technique_common>
        </source>
        <source id="Cube_015-mesh-map-0">
          <float_array id="Cube_015-mesh-map-0-array" count="19800">0.7525138 0.7578125 0.9896737 0.9949724 0.9896737 0.7578125 0.7525138 0.9949724 0.9896737 0.7578125 0.7525138 0.7578125 0.9896737 0.9949724 0.7525138 0.7578125 0.9896737 0.7578125 0.9896737 0.7578125 0.7525138 0.9949724 0.7525138 0.7578125 0.4909836 -3.7346e-4 0.3077671 0.3795408 0.3077671 -3.7346e-4 0.3077671 0.3795408 0.4909836 -3.7346e-4 0.3077671 -3.7346e-4 0.7751519 0.5886315 0.9421667 0.9324194 0.7751519 0.9324194 0.4962071 0.1913877 0.2995052 0.2468321 0.2995052 0.1913877 0.2237812 0.1913877 0.4259249 0.2468321 0.4259249 0.1913877 0.4259249 0.1913877 0.2237812 0.2468321 0.2237812 0.1913877 0.2995052 0.1913877 0.4962071 0.2468321 0.4962071 0.1913877 0.4045621 0.2675487 0.2760743 0.2526357 0.4016328 0.2526357 0.4045621 0.2675487 0.2760743 0.2526357 0.2694138 0.2675487 0.320041 0.2675487 0.4452875 0.2526357 0.4515511 0.2675487 0.320041 0.2675487 0.4452875 0.2526357 0.3231091 0.2526357 0.8474007 0.4650692 0.8912783 0.4650692 0.8912783 0.4705333 0.8474006 0.4759973 0.8474006 0.4705332 0.8912783 0.4705333 0.8474004 0.4814615 0.8474006 0.4759973 0.8912783 0.4759973 0.8474004 0.4814615 0.8912783 0.4814614 0.8912783 0.4869254 0.8474004 0.4923895 0.8474004 0.4869256 0.8912783 0.4869254 0.8474004 0.4923895 0.8912783 0.4923895 0.8912783 0.4978536 0.8474004 0.5033177 0.8474004 0.4978536 0.8912783 0.4978536 0.1643771 0.4570792 0.1624194 0.4740897 0.1599784 0.4680188 0.8474007 0.4650692 0.8912783 0.4650692 0.8912783 0.4705333 0.8474006 0.4759973 0.8474006 0.4705332 0.8912783 0.4705333 0.8474004 0.4814615 0.8474006 0.4759973 0.8912783 0.4759973 0.8474004 0.4814615 0.8912783 0.4814614 0.8912783 0.4869254 0.8474004 0.4923895 0.8474004 0.4869256 0.8912783 0.4869254 0.8474004 0.4923895 0.8912783 0.4923895 0.8912783 0.4978536 0.8474004 0.5033177 0.8474004 0.4978536 0.8912783 0.4978536 0.1624194 0.4740897 0.1599784 0.4680188 0.1687759 0.4680188 0.8474007 0.4650692 0.8912783 0.4650692 0.8912783 0.4705333 0.8474006 0.4759973 0.8474006 0.4705332 0.8912783 0.4705333 0.8474004 0.4814615 0.8474006 0.4759973 0.8912783 0.4759973 0.8474004 0.4814615 0.8912783 0.4814614 0.8912783 0.4869254 0.8474004 0.4923895 0.8474004 0.4869256 0.8912783 0.4869254 0.8474004 0.4923895 0.8912783 0.4923895 0.8912783 0.4978536 0.8474004 0.5033177 0.8474004 0.4978536 0.8912783 0.4978536 0.1687759 0.4680188 0.1624194 0.4740897 0.1599784 0.4680188 0.8474007 0.4650692 0.8912783 0.4650692 0.8912783 0.4705333 0.8474006 0.4759973 0.8474006 0.4705332 0.8912783 0.4705333 0.8474004 0.4814615 0.8474006 0.4759973 0.8912783 0.4759973 0.8474004 0.4814615 0.8912783 0.4814614 0.8912783 0.4869254 0.8474004 0.4923895 0.8474004 0.4869256 0.8912783 0.4869254 0.8474004 0.4923895 0.8912783 0.4923895 0.8912783 0.4978536 0.8474004 0.5033177 0.8474004 0.4978536 0.8912783 0.4978536 0.1687759 0.4680188 0.1624194 0.4740897 0.1599784 0.4680188 0.8474006 0.4705332 0.8474007 0.4650692 0.8912783 0.4650692 0.8474006 0.4705332 0.8912783 0.4705333 0.8912783 0.4759973 0.8474004 0.4814615 0.8474006 0.4759973 0.8912783 0.4759973 0.8474004 0.4814615 0.8912783 0.4814614 0.8912783 0.4869254 0.8474004 0.4923895 0.8474004 0.4869256 0.8912783 0.4869254 0.8474004 0.4923895 0.8912783 0.4923895 0.8912783 0.4978536 0.8474004 0.4978536 0.8912783 0.4978536 0.8912783 0.5033177 0.8912783 0.4705333 0.8474006 0.4705332 0.8912783 0.4650692 0.8474006 0.4705332 0.8474007 0.4650692 0.8912783 0.4650692 0.8474006 0.4705332 0.8912783 0.4705333 0.8912783 0.4759973 0.8474004 0.4814615 0.8474006 0.4759973 0.8912783 0.4759973 0.8474004 0.4814615 0.8912783 0.4814614 0.8912783 0.4869254 0.8474004 0.4923895 0.8474004 0.4869256 0.8912783 0.4869254 0.8474004 0.4923895 0.8912783 0.4923895 0.8912783 0.4978536 0.8474004 0.4978536 0.8912783 0.4978536 0.8912783 0.5033177 0.8912783 0.4705333 0.8474006 0.4705332 0.8912783 0.4650692 0.8474006 0.4705332 0.8474007 0.4650692 0.8912783 0.4650692 0.8474006 0.4705332 0.8912783 0.4705333 0.8912783 0.4759973 0.8474004 0.4814615 0.8474006 0.4759973 0.8912783 0.4759973 0.8474004 0.4814615 0.8912783 0.4814614 0.8912783 0.4869254 0.8474004 0.4923895 0.8474004 0.4869256 0.8912783 0.4869254 0.8474004 0.4923895 0.8912783 0.4923895 0.8912783 0.4978536 0.8474004 0.4978536 0.8912783 0.4978536 0.8912783 0.5033177 0.8912783 0.4705333 0.8474006 0.4705332 0.8912783 0.4650692 0.8474006 0.4705332 0.8474007 0.4650692 0.8912783 0.4650692 0.8474006 0.4705332 0.8912783 0.4705333 0.8912783 0.4759973 0.8474004 0.4814615 0.8474006 0.4759973 0.8912783 0.4759973 0.8474004 0.4814615 0.8912783 0.4814614 0.8912783 0.4869254 0.8474004 0.4923895 0.8474004 0.4869256 0.8912783 0.4869254 0.8474004 0.4923895 0.8912783 0.4923895 0.8912783 0.4978536 0.8474004 0.4978536 0.8912783 0.4978536 0.8912783 0.5033177 0.1687759 0.4680188 0.1624194 0.4740897 0.1599784 0.4680188 0.8474006 0.4705332 0.8474007 0.4650692 0.8912783 0.4650692 0.8474006 0.4759973 0.8474006 0.4705332 0.8912783 0.4705333 0.8474004 0.4814615 0.8474006 0.4759973 0.8912783 0.4759973 0.8474004 0.4869256 0.8474004 0.4814615 0.8912783 0.4814614 0.8474004 0.4923895 0.8474004 0.4869256 0.8912783 0.4869254 0.8474004 0.4978536 0.8474004 0.4923895 0.8912783 0.4923895 0.8474004 0.5033177 0.8474004 0.4978536 0.8912783 0.4978536 0.1687759 0.4680188 0.1624194 0.4740897 0.1599784 0.4680188 0.8474006 0.4705332 0.8474007 0.4650692 0.8912783 0.4650692 0.8474006 0.4759973 0.8474006 0.4705332 0.8912783 0.4705333 0.8474004 0.4814615 0.8474006 0.4759973 0.8912783 0.4759973 0.8474004 0.4869256 0.8474004 0.4814615 0.8912783 0.4814614 0.8474004 0.4923895 0.8474004 0.4869256 0.8912783 0.4869254 0.8474004 0.4978536 0.8474004 0.4923895 0.8912783 0.4923895 0.8474004 0.5033177 0.8474004 0.4978536 0.8912783 0.4978536 0.1687759 0.4680188 0.1624194 0.4740897 0.1599784 0.4680188 0.8474006 0.4705332 0.8474007 0.4650692 0.8912783 0.4650692 0.8474006 0.4759973 0.8474006 0.4705332 0.8912783 0.4705333 0.8474004 0.4814615 0.8474006 0.4759973 0.8912783 0.4759973 0.8474004 0.4869256 0.8474004 0.4814615 0.8912783 0.4814614 0.8474004 0.4923895 0.8474004 0.4869256 0.8912783 0.4869254 0.8474004 0.4978536 0.8474004 0.4923895 0.8912783 0.4923895 0.8474004 0.5033177 0.8474004 0.4978536 0.8912783 0.4978536 0.1687759 0.4680188 0.1624194 0.4740897 0.1599784 0.4680188 0.8474006 0.4705332 0.8474007 0.4650692 0.8912783 0.4650692 0.8474006 0.4759973 0.8474006 0.4705332 0.8912783 0.4705333 0.8474004 0.4814615 0.8474006 0.4759973 0.8912783 0.4759973 0.8474004 0.4869256 0.8474004 0.4814615 0.8912783 0.4814614 0.8474004 0.4923895 0.8474004 0.4869256 0.8912783 0.4869254 0.8474004 0.4978536 0.8474004 0.4923895 0.8912783 0.4923895 0.8474004 0.5033177 0.8474004 0.4978536 0.8912783 0.4978536 0.1687759 0.4680188 0.1624194 0.4740897 0.1599784 0.4680188 0.8474006 0.4705332 0.8474007 0.4650692 0.8912783 0.4705333 0.8912783 0.4759973 0.8474006 0.4759973 0.8912783 0.4705333 0.8912783 0.4814614 0.8474004 0.4814615 0.8912783 0.4759973 0.8474004 0.4869256 0.8474004 0.4814615 0.8912783 0.4869254 0.8912783 0.4923895 0.8474004 0.4923895 0.8912783 0.4869254 0.8474004 0.4978536 0.8474004 0.4923895 0.8912783 0.4978536 0.8912783 0.5033177 0.8474004 0.5033177 0.8912783 0.4978536 0.1608496 0.4604484 0.1643771 0.4570792 0.1599784 0.4680188 0.1624194 0.4740897 0.1643771 0.4570792 0.1663347 0.4740897 0.1643771 0.4570792 0.1679046 0.4604484 0.1687759 0.4680188 0.8474006 0.4705332 0.8474007 0.4650692 0.8912783 0.4705333 0.1643771 0.4570792 0.1687759 0.4680188 0.1663347 0.4740897 0.8912783 0.4759973 0.8474006 0.4759973 0.8912783 0.4705333 0.8912783 0.4814614 0.8474004 0.4814615 0.8912783 0.4759973 0.8474004 0.4869256 0.8474004 0.4814615 0.8912783 0.4869254 0.8912783 0.4923895 0.8474004 0.4923895 0.8912783 0.4869254 0.8474004 0.4978536 0.8474004 0.4923895 0.8912783 0.4978536 0.8912783 0.5033177 0.8474004 0.5033177 0.8912783 0.4978536 0.1608496 0.4604484 0.1643771 0.4570792 0.1599784 0.4680188 0.1687759 0.4680188 0.1663347 0.4740897 0.1624194 0.4740897 0.1687759 0.4680188 0.1599784 0.4680188 0.1679046 0.4604484 0.8474006 0.4705332 0.8474007 0.4650692 0.8912783 0.4705333 0.1599784 0.4680188 0.1643771 0.4570792 0.1679046 0.4604484 0.8912783 0.4759973 0.8474006 0.4759973 0.8912783 0.4705333 0.8912783 0.4814614 0.8474004 0.4814615 0.8912783 0.4759973 0.8474004 0.4869256 0.8474004 0.4814615 0.8912783 0.4869254 0.8912783 0.4923895 0.8474004 0.4923895 0.8912783 0.4869254 0.8474004 0.4978536 0.8474004 0.4923895 0.8912783 0.4978536 0.8912783 0.5033177 0.8474004 0.5033177 0.8912783 0.4978536 0.1608496 0.4604484 0.1687759 0.4680188 0.1599784 0.4680188 0.1687759 0.4680188 0.1663347 0.4740897 0.1624194 0.4740897 0.1643771 0.4570792 0.1679046 0.4604484 0.1687759 0.4680188 0.1643771 0.4570792 0.1687759 0.4680188 0.1608496 0.4604484 0.8474006 0.4705332 0.8474007 0.4650692 0.8912783 0.4705333 0.8912783 0.4759973 0.8474006 0.4759973 0.8912783 0.4705333 0.8912783 0.4814614 0.8474004 0.4814615 0.8912783 0.4759973 0.8474004 0.4869256 0.8474004 0.4814615 0.8912783 0.4869254 0.8912783 0.4923895 0.8474004 0.4923895 0.8912783 0.4869254 0.8474004 0.4978536 0.8474004 0.4923895 0.8912783 0.4978536 0.8912783 0.5033177 0.8474004 0.5033177 0.8912783 0.4978536 0.1608496 0.4604484 0.1687759 0.4680188 0.1599784 0.4680188 0.1687759 0.4680188 0.1663347 0.4740897 0.1624194 0.4740897 0.1643771 0.4570792 0.1679046 0.4604484 0.1687759 0.4680188 0.1643771 0.4570792 0.1687759 0.4680188 0.1608496 0.4604484 0.8912783 0.4705333 0.8474006 0.4705332 0.8912783 0.4650692 0.8474006 0.4759973 0.8474006 0.4705332 0.8912783 0.4759973 0.8912783 0.4814614 0.8474004 0.4814615 0.8912783 0.4759973 0.8474004 0.4869256 0.8474004 0.4814615 0.8912783 0.4869254 0.8912783 0.4923895 0.8474004 0.4923895 0.8912783 0.4869254 0.8474004 0.4978536 0.8474004 0.4923895 0.8912783 0.4978536 0.8474004 0.5033177 0.8474004 0.4978536 0.8912783 0.5033177 0.1608496 0.4604484 0.1643771 0.4570792 0.1599784 0.4680188 0.1624194 0.4740897 0.1599784 0.4680188 0.1663347 0.4740897 0.1687759 0.4680188 0.1599784 0.4680188 0.1679046 0.4604484 0.1599784 0.4680188 0.1687759 0.4680188 0.1663347 0.4740897 0.1599784 0.4680188 0.1643771 0.4570792 0.1679046 0.4604484 0.8474006 0.4759973 0.8474006 0.4705332 0.8912783 0.4759973 0.8912783 0.4814614 0.8474004 0.4814615 0.8912783 0.4759973 0.8474004 0.4869256 0.8474004 0.4814615 0.8912783 0.4869254 0.8912783 0.4923895 0.8474004 0.4923895 0.8912783 0.4869254 0.8474004 0.4978536 0.8474004 0.4923895 0.8912783 0.4978536 0.8474004 0.5033177 0.8474004 0.4978536 0.8912783 0.5033177 0.1608496 0.4604484 0.1643771 0.4570792 0.1599784 0.4680188 0.1624194 0.4740897 0.1599784 0.4680188 0.1663347 0.4740897 0.1643771 0.4570792 0.1679046 0.4604484 0.1687759 0.4680188 0.1599784 0.4680188 0.1643771 0.4570792 0.1687759 0.4680188 0.1599784 0.4680188 0.1687759 0.4680188 0.1663347 0.4740897 0.8474006 0.4759973 0.8474006 0.4705332 0.8912783 0.4759973 0.8912783 0.4814614 0.8474004 0.4814615 0.8912783 0.4759973 0.8474004 0.4869256 0.8474004 0.4814615 0.8912783 0.4869254 0.8912783 0.4923895 0.8474004 0.4923895 0.8912783 0.4869254 0.8474004 0.4978536 0.8474004 0.4923895 0.8912783 0.4978536 0.8474004 0.5033177 0.8474004 0.4978536 0.8912783 0.5033177 0.1608496 0.4604484 0.1687759 0.4680188 0.1599784 0.4680188 0.1624194 0.4740897 0.1599784 0.4680188 0.1663347 0.4740897 0.1643771 0.4570792 0.1679046 0.4604484 0.1687759 0.4680188 0.1643771 0.4570792 0.1687759 0.4680188 0.1608496 0.4604484 0.1599784 0.4680188 0.1687759 0.4680188 0.1663347 0.4740897 0.8474006 0.4759973 0.8474006 0.4705332 0.8912783 0.4759973 0.8912783 0.4814614 0.8474004 0.4814615 0.8912783 0.4759973 0.8474004 0.4869256 0.8474004 0.4814615 0.8912783 0.4869254 0.8912783 0.4923895 0.8474004 0.4923895 0.8912783 0.4869254 0.8474004 0.4978536 0.8474004 0.4923895 0.8912783 0.4978536 0.8474004 0.5033177 0.8474004 0.4978536 0.8912783 0.5033177 0.1608496 0.4604484 0.1687759 0.4680188 0.1599784 0.4680188 0.1687759 0.4680188 0.1663347 0.4740897 0.1624194 0.4740897 0.1687759 0.4680188 0.1608496 0.4604484 0.1679046 0.4604484 0.8912783 0.4705333 0.8474006 0.4705332 0.8912783 0.4650692 0.1608496 0.4604484 0.1643771 0.4570792 0.1679046 0.4604484 0.8912783 0.4759973 0.8474006 0.4759973 0.8912783 0.4705333 0.8912783 0.4814614 0.8474004 0.4814615 0.8912783 0.4759973 0.8912783 0.4869254 0.8474004 0.4869256 0.8912783 0.4814614 0.8912783 0.4923895 0.8474004 0.4923895 0.8912783 0.4869254 0.8912783 0.4978536 0.8474004 0.4978536 0.8912783 0.4923895 0.8912783 0.5033177 0.8474004 0.5033177 0.8912783 0.4978536 0.1608496 0.4604484 0.1687759 0.4680188 0.1599784 0.4680188 0.1687759 0.4680188 0.1663347 0.4740897 0.1624194 0.4740897 0.1643771 0.4570792 0.1679046 0.4604484 0.1687759 0.4680188 0.1643771 0.4570792 0.1687759 0.4680188 0.1608496 0.4604484 0.8912783 0.4705333 0.8474006 0.4705332 0.8912783 0.4650692 0.8912783 0.4759973 0.8474006 0.4759973 0.8912783 0.4705333 0.8912783 0.4814614 0.8474004 0.4814615 0.8912783 0.4759973 0.8912783 0.4869254 0.8474004 0.4869256 0.8912783 0.4814614 0.8912783 0.4923895 0.8474004 0.4923895 0.8912783 0.4869254 0.8912783 0.4978536 0.8474004 0.4978536 0.8912783 0.4923895 0.8912783 0.5033177 0.8474004 0.5033177 0.8912783 0.4978536 0.1608496 0.4604484 0.1687759 0.4680188 0.1599784 0.4680188 0.1687759 0.4680188 0.1663347 0.4740897 0.1624194 0.4740897 0.1687759 0.4680188 0.1608496 0.4604484 0.1679046 0.4604484 0.8912783 0.4705333 0.8474006 0.4705332 0.8912783 0.4650692 0.1608496 0.4604484 0.1643771 0.4570792 0.1679046 0.4604484 0.8912783 0.4759973 0.8474006 0.4759973 0.8912783 0.4705333 0.8912783 0.4814614 0.8474004 0.4814615 0.8912783 0.4759973 0.8912783 0.4869254 0.8474004 0.4869256 0.8912783 0.4814614 0.8912783 0.4923895 0.8474004 0.4923895 0.8912783 0.4869254 0.8912783 0.4978536 0.8474004 0.4978536 0.8912783 0.4923895 0.8912783 0.5033177 0.8474004 0.5033177 0.8912783 0.4978536 0.1608496 0.4604484 0.1687759 0.4680188 0.1599784 0.4680188 0.1687759 0.4680188 0.1663347 0.4740897 0.1624194 0.4740897 0.1643771 0.4570792 0.1679046 0.4604484 0.1687759 0.4680188 0.1643771 0.4570792 0.1687759 0.4680188 0.1608496 0.4604484 0.8912783 0.4705333 0.8474006 0.4705332 0.8912783 0.4650692 0.8912783 0.4759973 0.8474006 0.4759973 0.8912783 0.4705333 0.8912783 0.4814614 0.8474004 0.4814615 0.8912783 0.4759973 0.8912783 0.4869254 0.8474004 0.4869256 0.8912783 0.4814614 0.8912783 0.4923895 0.8474004 0.4923895 0.8912783 0.4869254 0.8912783 0.4978536 0.8474004 0.4978536 0.8912783 0.4923895 0.8912783 0.5033177 0.8474004 0.5033177 0.8912783 0.4978536 0.1687759 0.4680188 0.1663347 0.4740897 0.1624194 0.4740897 0.1643771 0.4570792 0.1679046 0.4604484 0.1687759 0.4680188 0.1687759 0.4680188 0.1599784 0.4680188 0.1643771 0.4570792 0.1599784 0.4680188 0.1608496 0.4604484 0.1643771 0.4570792 0.9638787 0.2328113 0.9737023 0.2328113 0.9737023 0.1841676 0.9737023 0.1841676 0.9638787 0.1841676 0.9638787 0.2328113 0.9640456 0.2328113 0.9738692 0.2328113 0.9738692 0.1841676 0.9738692 0.1841676 0.9640456 0.1841676 0.9640456 0.2328113 0.9738692 0.2328113 0.9640456 0.2328113 0.9640456 0.1841676 0.9640456 0.1841676 0.9738692 0.1841676 0.9738692 0.2328113 0.9737023 0.2328113 0.9638787 0.2328113 0.9638787 0.1841676 0.9638787 0.1841676 0.9737023 0.1841676 0.9737023 0.2328113 0.8156048 0.7107535 0.7944027 0.6691315 0.9751284 0.6691314 0.9539263 0.7107535 0.9751284 0.6691314 0.7944027 0.6691315 0.854237 0.6200349 0.9152941 0.6691315 0.854237 0.6691315 0.9152941 0.6691315 0.854237 0.7107535 0.854237 0.6691315 0.9152941 0.6297057 0.854237 0.6614369 0.854237 0.6297057 0.9152941 0.6614369 0.854237 0.6988664 0.854237 0.6614369 0.9152941 0.6988664 0.854237 0.7362959 0.854237 0.6988664 0.854237 0.7362959 0.9152941 0.7680272 0.854237 0.7680272 0.9152941 0.7107535 0.854237 0.6691314 0.854237 0.7107535 0.9152941 0.6691314 0.854237 0.6200349 0.854237 0.6691314 0.9751284 0.6691314 0.9825735 0.6200349 0.7944027 0.6691315 0.8156048 0.7107535 0.7944027 0.6691315 0.9751284 0.6691314 0.854237 0.6200349 0.9152941 0.6691315 0.9152941 0.6200348 0.854237 0.6691315 0.9152941 0.7107535 0.9152941 0.6691315 0.854237 0.6297057 0.9152941 0.6614369 0.9152941 0.6297057 0.854237 0.6614369 0.9152941 0.6988664 0.9152941 0.6614369 0.854237 0.7362959 0.9152941 0.6988664 0.854237 0.6988664 0.854237 0.7680272 0.9152941 0.7362959 0.854237 0.7362959 0.854237 0.7107535 0.9152941 0.6691314 0.9152941 0.7107535 0.854237 0.6691314 0.9152941 0.6200349 0.9152941 0.6691314 0.8156048 0.7107535 0.7944027 0.6691315 0.9751284 0.6691314 0.9539263 0.7107535 0.9751284 0.6691314 0.7944027 0.6691315 0.854237 0.6200349 0.9152941 0.6691315 0.854237 0.6691315 0.9152941 0.6691315 0.854237 0.7107535 0.854237 0.6691315 0.9152941 0.6297057 0.854237 0.6614369 0.854237 0.6297057 0.9152941 0.6614369 0.854237 0.6988664 0.854237 0.6614369 0.9152941 0.6988664 0.854237 0.7362959 0.854237 0.6988664 0.9152941 0.7362959 0.854237 0.7680272 0.854237 0.7362959 0.9152941 0.7107535 0.854237 0.6691314 0.854237 0.7107535 0.9152941 0.6691314 0.854237 0.6200349 0.854237 0.6691314 0.9539263 0.7107535 0.9751284 0.6691314 0.7944027 0.6691315 0.7944027 0.6691315 0.7869575 0.6200349 0.9751284 0.6691314 0.854237 0.6200349 0.9152941 0.6691315 0.9152941 0.6200348 0.854237 0.7107535 0.9152941 0.6691315 0.854237 0.6691315 0.854237 0.6614369 0.9152941 0.6297057 0.854237 0.6297057 0.854237 0.6988664 0.9152941 0.6614369 0.854237 0.6614369 0.854237 0.7362959 0.9152941 0.6988664 0.854237 0.6988664 0.854237 0.7680272 0.9152941 0.7362959 0.854237 0.7362959 0.854237 0.6691314 0.9152941 0.7107535 0.854237 0.7107535 0.854237 0.6200349 0.9152941 0.6691314 0.854237 0.6691314 0.9560363 0.7649469 0.9768124 0.6831642 0.8283087 0.6831641 0.7683249 0.7649469 0.7683249 0.6831641 0.8882652 0.8387814 0.7683241 0.5866948 0.8283093 0.6831642 0.7683241 0.6831642 0.8283093 0.6831642 0.7683241 0.7649469 0.7683241 0.6831642 0.9560363 0.6963897 0.9249427 0.5764194 0.9560363 0.5764194 0.9249427 0.5764194 0.8882652 0.6963897 0.8882652 0.5764194 0.8882652 0.5764194 0.8283087 0.6963887 0.7683249 0.5764194 0.8283087 0.6831641 0.8283087 0.5866948 0.9768124 0.6831642 0.9560363 0.7649469 0.9768124 0.6831642 0.8882653 0.8387814 0.7683241 0.5866948 0.8283094 0.6831642 0.8283094 0.5866947 0.7683241 0.7649469 0.8283094 0.6831642 0.7683241 0.6831642 0.7683241 0.8896567 0.8283094 0.9518439 0.7683241 0.9518439 0.7683241 0.8163017 0.8283094 0.8896567 0.7683241 0.8896567 0.7683241 0.8163017 0.8283087 0.6963886 0.8283094 0.8163018 0.8283087 0.5866948 0.9768124 0.6831642 0.8283087 0.6831641 0.8882652 0.8387814 0.9249427 0.8195925 0.9560363 0.7649469 0.7683241 0.5866948 0.8283093 0.6831642 0.8283093 0.5866947 0.7683241 0.7649469 0.8283093 0.6831642 0.7683241 0.6831642 0.9249427 0.5764194 0.9560363 0.6963897 0.9560363 0.5764194 0.9249427 0.5764194 0.8882652 0.6963897 0.9249427 0.6963898 0.8882652 0.5764194 0.8283087 0.6963887 0.8882652 0.6963897 0.8283087 0.7649469 0.8283087 0.8195924 0.8882653 0.8387814 0.768325 0.7649469 0.768325 0.6831641 0.8882653 0.8387814 0.7683241 0.5866948 0.8283094 0.6831642 0.7683241 0.6831642 0.8283094 0.6831642 0.7683241 0.7649469 0.7683241 0.6831642 0.8283094 0.9518439 0.7683241 0.8896567 0.7683241 0.9518439 0.8283094 0.8896567 0.7683241 0.8163017 0.7683241 0.8896567 0.7683241 0.8163017 0.8283087 0.6963886 0.7683241 0.5764212 0.8283087 0.6831641 0.8283087 0.5866948 0.9768124 0.6831642 0.8882652 0.8387814 0.9249427 0.8195925 0.9560363 0.7649469 0.7683241 0.5866948 0.8283093 0.6831642 0.8283093 0.5866947 0.7683241 0.7649469 0.8283093 0.6831642 0.7683241 0.6831642 0.9249427 0.5764194 0.9560363 0.6963897 0.9560363 0.5764194 0.8882652 0.5764194 0.9249427 0.6963898 0.9249427 0.5764194 0.8882652 0.5764194 0.8283087 0.6963887 0.8882652 0.6963897 0.8283087 0.7649469 0.8283087 0.8195924 0.8882653 0.8387814 0.768325 0.7649469 0.768325 0.6831641 0.8882653 0.8387814 0.7683241 0.5866948 0.8283094 0.6831642 0.7683241 0.6831642 0.8283094 0.6831642 0.7683241 0.7649469 0.7683241 0.6831642 0.8283094 0.9518439 0.7683241 0.8896567 0.7683241 0.9518439 0.8283094 0.8896567 0.7683241 0.8163017 0.7683241 0.8896567 0.7683241 0.8163017 0.8283087 0.6963886 0.7683241 0.5764212 0.8882652 0.8387814 0.9249427 0.8195925 0.8283087 0.6831641 0.7683249 0.7649469 0.7683249 0.6831641 0.8882652 0.8387814 0.7683241 0.5866948 0.8283093 0.6831642 0.7683241 0.6831642 0.8283093 0.6831642 0.7683241 0.7649469 0.7683241 0.6831642 0.9560363 0.6963897 0.9249427 0.5764194 0.9560363 0.5764194 0.9249427 0.6963898 0.8882652 0.5764194 0.9249427 0.5764194 0.8882652 0.5764194 0.8283087 0.6963887 0.7683249 0.5764194 0.8283087 0.6831641 0.8283087 0.5866948 0.9768124 0.6831642 0.8882653 0.8387814 0.9249427 0.8195925 0.9560363 0.7649469 0.7683241 0.5866948 0.8283094 0.6831642 0.8283094 0.5866947 0.7683241 0.7649469 0.8283094 0.6831642 0.7683241 0.6831642 0.7683241 0.8896567 0.8283094 0.9518439 0.7683241 0.9518439 0.7683241 0.8163017 0.8283094 0.8896567 0.7683241 0.8896567 0.7683241 0.8163017 0.8283087 0.6963886 0.8283094 0.8163018 0.9720443 0.2355197 0.9622207 0.2355197 0.9622207 0.1868758 0.9622207 0.1868758 0.9720443 0.1868758 0.9720443 0.2355197 0.9718773 0.2355197 0.9620538 0.2355197 0.9620538 0.1868758 0.9620538 0.1868758 0.9718773 0.1868758 0.9718773 0.2355197 0.8474007 0.4650692 0.8912783 0.4650692 0.8912783 0.4705333 0.8474006 0.4759973 0.8474006 0.4705332 0.8912783 0.4705333 0.8474004 0.4814615 0.8474006 0.4759973 0.8912783 0.4759973 0.8474004 0.4814615 0.8912783 0.4814614 0.8912783 0.4869254 0.8474004 0.4923895 0.8474004 0.4869256 0.8912783 0.4869254 0.8474004 0.4923895 0.8912783 0.4923895 0.8912783 0.4978536 0.8474004 0.5033177 0.8474004 0.4978536 0.8912783 0.4978536 0.1643771 0.4570792 0.1624194 0.4740897 0.1599784 0.4680188 0.8474007 0.4650692 0.8912783 0.4650692 0.8912783 0.4705333 0.8474006 0.4759973 0.8474006 0.4705332 0.8912783 0.4705333 0.8474004 0.4814615 0.8474006 0.4759973 0.8912783 0.4759973 0.8474004 0.4814615 0.8912783 0.4814614 0.8912783 0.4869254 0.8474004 0.4923895 0.8474004 0.4869256 0.8912783 0.4869254 0.8474004 0.4923895 0.8912783 0.4923895 0.8912783 0.4978536 0.8474004 0.5033177 0.8474004 0.4978536 0.8912783 0.4978536 0.1624194 0.4740897 0.1599784 0.4680188 0.1687759 0.4680188 0.8474007 0.4650692 0.8912783 0.4650692 0.8912783 0.4705333 0.8474006 0.4759973 0.8474006 0.4705332 0.8912783 0.4705333 0.8474004 0.4814615 0.8474006 0.4759973 0.8912783 0.4759973 0.8474004 0.4814615 0.8912783 0.4814614 0.8912783 0.4869254 0.8474004 0.4923895 0.8474004 0.4869256 0.8912783 0.4869254 0.8474004 0.4923895 0.8912783 0.4923895 0.8912783 0.4978536 0.8474004 0.5033177 0.8474004 0.4978536 0.8912783 0.4978536 0.1687759 0.4680188 0.1624194 0.4740897 0.1599784 0.4680188 0.8474007 0.4650692 0.8912783 0.4650692 0.8912783 0.4705333 0.8474006 0.4759973 0.8474006 0.4705332 0.8912783 0.4705333 0.8474004 0.4814615 0.8474006 0.4759973 0.8912783 0.4759973 0.8474004 0.4814615 0.8912783 0.4814614 0.8912783 0.4869254 0.8474004 0.4923895 0.8474004 0.4869256 0.8912783 0.4869254 0.8474004 0.4923895 0.8912783 0.4923895 0.8912783 0.4978536 0.8474004 0.5033177 0.8474004 0.4978536 0.8912783 0.4978536 0.1687759 0.4680188 0.1624194 0.4740897 0.1599784 0.4680188 0.8474006 0.4705332 0.8474007 0.4650692 0.8912783 0.4650692 0.8474006 0.4705332 0.8912783 0.4705333 0.8912783 0.4759973 0.8474004 0.4814615 0.8474006 0.4759973 0.8912783 0.4759973 0.8474004 0.4814615 0.8912783 0.4814614 0.8912783 0.4869254 0.8474004 0.4923895 0.8474004 0.4869256 0.8912783 0.4869254 0.8474004 0.4923895 0.8912783 0.4923895 0.8912783 0.4978536 0.8474004 0.4978536 0.8912783 0.4978536 0.8912783 0.5033177 0.8912783 0.4705333 0.8474006 0.4705332 0.8912783 0.4650692 0.8474006 0.4705332 0.8474007 0.4650692 0.8912783 0.4650692 0.8474006 0.4705332 0.8912783 0.4705333 0.8912783 0.4759973 0.8474004 0.4814615 0.8474006 0.4759973 0.8912783 0.4759973 0.8474004 0.4814615 0.8912783 0.4814614 0.8912783 0.4869254 0.8474004 0.4923895 0.8474004 0.4869256 0.8912783 0.4869254 0.8474004 0.4923895 0.8912783 0.4923895 0.8912783 0.4978536 0.8474004 0.4978536 0.8912783 0.4978536 0.8912783 0.5033177 0.8912783 0.4705333 0.8474006 0.4705332 0.8912783 0.4650692 0.8474006 0.4705332 0.8474007 0.4650692 0.8912783 0.4650692 0.8474006 0.4705332 0.8912783 0.4705333 0.8912783 0.4759973 0.8474004 0.4814615 0.8474006 0.4759973 0.8912783 0.4759973 0.8474004 0.4814615 0.8912783 0.4814614 0.8912783 0.4869254 0.8474004 0.4923895 0.8474004 0.4869256 0.8912783 0.4869254 0.8474004 0.4923895 0.8912783 0.4923895 0.8912783 0.4978536 0.8474004 0.4978536 0.8912783 0.4978536 0.8912783 0.5033177 0.8912783 0.4705333 0.8474006 0.4705332 0.8912783 0.4650692 0.8474006 0.4705332 0.8474007 0.4650692 0.8912783 0.4650692 0.8474006 0.4705332 0.8912783 0.4705333 0.8912783 0.4759973 0.8474004 0.4814615 0.8474006 0.4759973 0.8912783 0.4759973 0.8474004 0.4814615 0.8912783 0.4814614 0.8912783 0.4869254 0.8474004 0.4923895 0.8474004 0.4869256 0.8912783 0.4869254 0.8474004 0.4923895 0.8912783 0.4923895 0.8912783 0.4978536 0.8474004 0.4978536 0.8912783 0.4978536 0.8912783 0.5033177 0.1687759 0.4680188 0.1624194 0.4740897 0.1599784 0.4680188 0.8474006 0.4705332 0.8474007 0.4650692 0.8912783 0.4650692 0.8474006 0.4759973 0.8474006 0.4705332 0.8912783 0.4705333 0.8474004 0.4814615 0.8474006 0.4759973 0.8912783 0.4759973 0.8474004 0.4869256 0.8474004 0.4814615 0.8912783 0.4814614 0.8474004 0.4923895 0.8474004 0.4869256 0.8912783 0.4869254 0.8474004 0.4978536 0.8474004 0.4923895 0.8912783 0.4923895 0.8474004 0.5033177 0.8474004 0.4978536 0.8912783 0.4978536 0.1687759 0.4680188 0.1624194 0.4740897 0.1599784 0.4680188 0.8474006 0.4705332 0.8474007 0.4650692 0.8912783 0.4650692 0.8474006 0.4759973 0.8474006 0.4705332 0.8912783 0.4705333 0.8474004 0.4814615 0.8474006 0.4759973 0.8912783 0.4759973 0.8474004 0.4869256 0.8474004 0.4814615 0.8912783 0.4814614 0.8474004 0.4923895 0.8474004 0.4869256 0.8912783 0.4869254 0.8474004 0.4978536 0.8474004 0.4923895 0.8912783 0.4923895 0.8474004 0.5033177 0.8474004 0.4978536 0.8912783 0.4978536 0.1687759 0.4680188 0.1624194 0.4740897 0.1599784 0.4680188 0.8474006 0.4705332 0.8474007 0.4650692 0.8912783 0.4650692 0.8474006 0.4759973 0.8474006 0.4705332 0.8912783 0.4705333 0.8474004 0.4814615 0.8474006 0.4759973 0.8912783 0.4759973 0.8474004 0.4869256 0.8474004 0.4814615 0.8912783 0.4814614 0.8474004 0.4923895 0.8474004 0.4869256 0.8912783 0.4869254 0.8474004 0.4978536 0.8474004 0.4923895 0.8912783 0.4923895 0.8474004 0.5033177 0.8474004 0.4978536 0.8912783 0.4978536 0.1687759 0.4680188 0.1624194 0.4740897 0.1599784 0.4680188 0.8474006 0.4705332 0.8474007 0.4650692 0.8912783 0.4650692 0.8474006 0.4759973 0.8474006 0.4705332 0.8912783 0.4705333 0.8474004 0.4814615 0.8474006 0.4759973 0.8912783 0.4759973 0.8474004 0.4869256 0.8474004 0.4814615 0.8912783 0.4814614 0.8474004 0.4923895 0.8474004 0.4869256 0.8912783 0.4869254 0.8474004 0.4978536 0.8474004 0.4923895 0.8912783 0.4923895 0.8474004 0.5033177 0.8474004 0.4978536 0.8912783 0.4978536 0.1687759 0.4680188 0.1624194 0.4740897 0.1599784 0.4680188 0.8474006 0.4705332 0.8474007 0.4650692 0.8912783 0.4705333 0.8912783 0.4759973 0.8474006 0.4759973 0.8912783 0.4705333 0.8912783 0.4814614 0.8474004 0.4814615 0.8912783 0.4759973 0.8474004 0.4869256 0.8474004 0.4814615 0.8912783 0.4869254 0.8912783 0.4923895 0.8474004 0.4923895 0.8912783 0.4869254 0.8474004 0.4978536 0.8474004 0.4923895 0.8912783 0.4978536 0.8912783 0.5033177 0.8474004 0.5033177 0.8912783 0.4978536 0.1608496 0.4604484 0.1643771 0.4570792 0.1599784 0.4680188 0.1624194 0.4740897 0.1643771 0.4570792 0.1663347 0.4740897 0.1643771 0.4570792 0.1679046 0.4604484 0.1687759 0.4680188 0.8474006 0.4705332 0.8474007 0.4650692 0.8912783 0.4705333 0.1643771 0.4570792 0.1687759 0.4680188 0.1663347 0.4740897 0.8912783 0.4759973 0.8474006 0.4759973 0.8912783 0.4705333 0.8912783 0.4814614 0.8474004 0.4814615 0.8912783 0.4759973 0.8474004 0.4869256 0.8474004 0.4814615 0.8912783 0.4869254 0.8912783 0.4923895 0.8474004 0.4923895 0.8912783 0.4869254 0.8474004 0.4978536 0.8474004 0.4923895 0.8912783 0.4978536 0.8912783 0.5033177 0.8474004 0.5033177 0.8912783 0.4978536 0.1608496 0.4604484 0.1643771 0.4570792 0.1599784 0.4680188 0.1687759 0.4680188 0.1663347 0.4740897 0.1624194 0.4740897 0.1687759 0.4680188 0.1599784 0.4680188 0.1679046 0.4604484 0.8474006 0.4705332 0.8474007 0.4650692 0.8912783 0.4705333 0.1599784 0.4680188 0.1643771 0.4570792 0.1679046 0.4604484 0.8912783 0.4759973 0.8474006 0.4759973 0.8912783 0.4705333 0.8912783 0.4814614 0.8474004 0.4814615 0.8912783 0.4759973 0.8474004 0.4869256 0.8474004 0.4814615 0.8912783 0.4869254 0.8912783 0.4923895 0.8474004 0.4923895 0.8912783 0.4869254 0.8474004 0.4978536 0.8474004 0.4923895 0.8912783 0.4978536 0.8912783 0.5033177 0.8474004 0.5033177 0.8912783 0.4978536 0.1608496 0.4604484 0.1687759 0.4680188 0.1599784 0.4680188 0.1687759 0.4680188 0.1663347 0.4740897 0.1624194 0.4740897 0.1643771 0.4570792 0.1679046 0.4604484 0.1687759 0.4680188 0.1643771 0.4570792 0.1687759 0.4680188 0.1608496 0.4604484 0.8474006 0.4705332 0.8474007 0.4650692 0.8912783 0.4705333 0.8912783 0.4759973 0.8474006 0.4759973 0.8912783 0.4705333 0.8912783 0.4814614 0.8474004 0.4814615 0.8912783 0.4759973 0.8474004 0.4869256 0.8474004 0.4814615 0.8912783 0.4869254 0.8912783 0.4923895 0.8474004 0.4923895 0.8912783 0.4869254 0.8474004 0.4978536 0.8474004 0.4923895 0.8912783 0.4978536 0.8912783 0.5033177 0.8474004 0.5033177 0.8912783 0.4978536 0.1608496 0.4604484 0.1687759 0.4680188 0.1599784 0.4680188 0.1687759 0.4680188 0.1663347 0.4740897 0.1624194 0.4740897 0.1643771 0.4570792 0.1679046 0.4604484 0.1687759 0.4680188 0.1643771 0.4570792 0.1687759 0.4680188 0.1608496 0.4604484 0.8912783 0.4705333 0.8474006 0.4705332 0.8912783 0.4650692 0.8474006 0.4759973 0.8474006 0.4705332 0.8912783 0.4759973 0.8912783 0.4814614 0.8474004 0.4814615 0.8912783 0.4759973 0.8474004 0.4869256 0.8474004 0.4814615 0.8912783 0.4869254 0.8912783 0.4923895 0.8474004 0.4923895 0.8912783 0.4869254 0.8474004 0.4978536 0.8474004 0.4923895 0.8912783 0.4978536 0.8474004 0.5033177 0.8474004 0.4978536 0.8912783 0.5033177 0.1608496 0.4604484 0.1643771 0.4570792 0.1599784 0.4680188 0.1624194 0.4740897 0.1599784 0.4680188 0.1663347 0.4740897 0.1687759 0.4680188 0.1599784 0.4680188 0.1679046 0.4604484 0.1599784 0.4680188 0.1687759 0.4680188 0.1663347 0.4740897 0.1599784 0.4680188 0.1643771 0.4570792 0.1679046 0.4604484 0.8474006 0.4759973 0.8474006 0.4705332 0.8912783 0.4759973 0.8912783 0.4814614 0.8474004 0.4814615 0.8912783 0.4759973 0.8474004 0.4869256 0.8474004 0.4814615 0.8912783 0.4869254 0.8912783 0.4923895 0.8474004 0.4923895 0.8912783 0.4869254 0.8474004 0.4978536 0.8474004 0.4923895 0.8912783 0.4978536 0.8474004 0.5033177 0.8474004 0.4978536 0.8912783 0.5033177 0.1608496 0.4604484 0.1643771 0.4570792 0.1599784 0.4680188 0.1624194 0.4740897 0.1599784 0.4680188 0.1663347 0.4740897 0.1643771 0.4570792 0.1679046 0.4604484 0.1687759 0.4680188 0.1599784 0.4680188 0.1643771 0.4570792 0.1687759 0.4680188 0.1599784 0.4680188 0.1687759 0.4680188 0.1663347 0.4740897 0.8474006 0.4759973 0.8474006 0.4705332 0.8912783 0.4759973 0.8912783 0.4814614 0.8474004 0.4814615 0.8912783 0.4759973 0.8474004 0.4869256 0.8474004 0.4814615 0.8912783 0.4869254 0.8912783 0.4923895 0.8474004 0.4923895 0.8912783 0.4869254 0.8474004 0.4978536 0.8474004 0.4923895 0.8912783 0.4978536 0.8474004 0.5033177 0.8474004 0.4978536 0.8912783 0.5033177 0.1608496 0.4604484 0.1687759 0.4680188 0.1599784 0.4680188 0.1624194 0.4740897 0.1599784 0.4680188 0.1663347 0.4740897 0.1643771 0.4570792 0.1679046 0.4604484 0.1687759 0.4680188 0.1643771 0.4570792 0.1687759 0.4680188 0.1608496 0.4604484 0.1599784 0.4680188 0.1687759 0.4680188 0.1663347 0.4740897 0.8474006 0.4759973 0.8474006 0.4705332 0.8912783 0.4759973 0.8912783 0.4814614 0.8474004 0.4814615 0.8912783 0.4759973 0.8474004 0.4869256 0.8474004 0.4814615 0.8912783 0.4869254 0.8912783 0.4923895 0.8474004 0.4923895 0.8912783 0.4869254 0.8474004 0.4978536 0.8474004 0.4923895 0.8912783 0.4978536 0.8474004 0.5033177 0.8474004 0.4978536 0.8912783 0.5033177 0.1608496 0.4604484 0.1687759 0.4680188 0.1599784 0.4680188 0.1687759 0.4680188 0.1663347 0.4740897 0.1624194 0.4740897 0.1687759 0.4680188 0.1608496 0.4604484 0.1679046 0.4604484 0.8912783 0.4705333 0.8474006 0.4705332 0.8912783 0.4650692 0.1608496 0.4604484 0.1643771 0.4570792 0.1679046 0.4604484 0.8912783 0.4759973 0.8474006 0.4759973 0.8912783 0.4705333 0.8912783 0.4814614 0.8474004 0.4814615 0.8912783 0.4759973 0.8912783 0.4869254 0.8474004 0.4869256 0.8912783 0.4814614 0.8912783 0.4923895 0.8474004 0.4923895 0.8912783 0.4869254 0.8912783 0.4978536 0.8474004 0.4978536 0.8912783 0.4923895 0.8912783 0.5033177 0.8474004 0.5033177 0.8912783 0.4978536 0.1608496 0.4604484 0.1687759 0.4680188 0.1599784 0.4680188 0.1687759 0.4680188 0.1663347 0.4740897 0.1624194 0.4740897 0.1643771 0.4570792 0.1679046 0.4604484 0.1687759 0.4680188 0.1643771 0.4570792 0.1687759 0.4680188 0.1608496 0.4604484 0.8912783 0.4705333 0.8474006 0.4705332 0.8912783 0.4650692 0.8912783 0.4759973 0.8474006 0.4759973 0.8912783 0.4705333 0.8912783 0.4814614 0.8474004 0.4814615 0.8912783 0.4759973 0.8912783 0.4869254 0.8474004 0.4869256 0.8912783 0.4814614 0.8912783 0.4923895 0.8474004 0.4923895 0.8912783 0.4869254 0.8912783 0.4978536 0.8474004 0.4978536 0.8912783 0.4923895 0.8912783 0.5033177 0.8474004 0.5033177 0.8912783 0.4978536 0.1608496 0.4604484 0.1687759 0.4680188 0.1599784 0.4680188 0.1687759 0.4680188 0.1663347 0.4740897 0.1624194 0.4740897 0.1687759 0.4680188 0.1608496 0.4604484 0.1679046 0.4604484 0.8912783 0.4705333 0.8474006 0.4705332 0.8912783 0.4650692 0.1608496 0.4604484 0.1643771 0.4570792 0.1679046 0.4604484 0.8912783 0.4759973 0.8474006 0.4759973 0.8912783 0.4705333 0.8912783 0.4814614 0.8474004 0.4814615 0.8912783 0.4759973 0.8912783 0.4869254 0.8474004 0.4869256 0.8912783 0.4814614 0.8912783 0.4923895 0.8474004 0.4923895 0.8912783 0.4869254 0.8912783 0.4978536 0.8474004 0.4978536 0.8912783 0.4923895 0.8912783 0.5033177 0.8474004 0.5033177 0.8912783 0.4978536 0.1608496 0.4604484 0.1687759 0.4680188 0.1599784 0.4680188 0.1687759 0.4680188 0.1663347 0.4740897 0.1624194 0.4740897 0.1643771 0.4570792 0.1679046 0.4604484 0.1687759 0.4680188 0.1643771 0.4570792 0.1687759 0.4680188 0.1608496 0.4604484 0.8912783 0.4705333 0.8474006 0.4705332 0.8912783 0.4650692 0.8912783 0.4759973 0.8474006 0.4759973 0.8912783 0.4705333 0.8912783 0.4814614 0.8474004 0.4814615 0.8912783 0.4759973 0.8912783 0.4869254 0.8474004 0.4869256 0.8912783 0.4814614 0.8912783 0.4923895 0.8474004 0.4923895 0.8912783 0.4869254 0.8912783 0.4978536 0.8474004 0.4978536 0.8912783 0.4923895 0.8912783 0.5033177 0.8474004 0.5033177 0.8912783 0.4978536 0.1687759 0.4680188 0.1663347 0.4740897 0.1624194 0.4740897 0.1643771 0.4570792 0.1679046 0.4604484 0.1687759 0.4680188 0.1687759 0.4680188 0.1599784 0.4680188 0.1643771 0.4570792 0.1599784 0.4680188 0.1608496 0.4604484 0.1643771 0.4570792 0.9718987 0.2351013 0.9620751 0.2351013 0.9620751 0.1864575 0.9620751 0.1864575 0.9718987 0.1864575 0.9718987 0.2351013 0.9717319 0.2351013 0.9619082 0.2351013 0.9619082 0.1864575 0.9619082 0.1864575 0.9717319 0.1864575 0.9717319 0.2351013 0.9723193 0.2334287 0.9624956 0.2334287 0.9624956 0.184785 0.9624956 0.184785 0.9723193 0.184785 0.9723193 0.2334287 0.2100909 0.5741688 0.2356755 0.6814674 0.2100909 0.6814674 0.2100909 0.6800633 0.2356754 0.5727646 0.2100909 0.5727646 0.1734135 0.6800633 0.1256435 0.5755728 0.1734136 0.5755729 0.1548879 0.5727646 0.2064309 0.6814674 0.2064309 0.5727646 0.2100909 0.6786592 0.2356755 0.5755731 0.2100909 0.5741688 0.1276444 0.5612064 0.236775 0.6744234 0.236775 0.5612064 0.1256435 0.5755728 0.1734135 0.678659 0.1734136 0.5741688 0.1734135 0.678659 0.2100909 0.5741688 0.1734136 0.5741688 0.2356755 0.5755731 0.2100909 0.6800633 0.2100909 0.575573 0.2100909 0.575573 0.1734135 0.6800633 0.1734136 0.5755729 0.1734135 0.6800633 0.1256434 0.5727646 0.1256434 0.6814675 0.2100909 0.6800633 0.1734135 0.5727646 0.1734135 0.6800633 0.1256435 0.5727646 0.1734136 0.6814674 0.1256435 0.6814675 0.1734136 0.5741688 0.2100909 0.6814674 0.1734136 0.6814674 0.1276444 0.6744234 0.2367751 0.5612064 0.2367751 0.6744234 0.236775 0.6714983 0.1276444 0.5641314 0.2367751 0.5641314 0.1276444 0.5641314 0.236775 0.6714983 0.2367751 0.5641314 0.8474006 0.4705332 0.8474007 0.4650692 0.8912783 0.4650692 0.8474006 0.4759973 0.8474006 0.4705332 0.8912783 0.4705333 0.8474004 0.4814615 0.8474006 0.4759973 0.8912783 0.4759973 0.8474004 0.4869256 0.8474004 0.4814615 0.8912783 0.4814614 0.8474004 0.4923895 0.8474004 0.4869256 0.8912783 0.4869254 0.8474004 0.4978536 0.8474004 0.4923895 0.8912783 0.4923895 0.8474004 0.5033177 0.8474004 0.4978536 0.8912783 0.4978536 0.1687759 0.4680188 0.1624194 0.4740897 0.1599784 0.4680188 0.8474006 0.4705332 0.8474007 0.4650692 0.8912783 0.4650692 0.8474006 0.4759973 0.8474006 0.4705332 0.8912783 0.4705333 0.8474004 0.4814615 0.8474006 0.4759973 0.8912783 0.4759973 0.8474004 0.4869256 0.8474004 0.4814615 0.8912783 0.4814614 0.8474004 0.4923895 0.8474004 0.4869256 0.8912783 0.4869254 0.8474004 0.4978536 0.8474004 0.4923895 0.8912783 0.4923895 0.8474004 0.5033177 0.8474004 0.4978536 0.8912783 0.4978536 0.1687759 0.4680188 0.1624194 0.4740897 0.1599784 0.4680188 0.8474006 0.4705332 0.8474007 0.4650692 0.8912783 0.4650692 0.8474006 0.4759973 0.8474006 0.4705332 0.8912783 0.4705333 0.8474004 0.4814615 0.8474006 0.4759973 0.8912783 0.4759973 0.8474004 0.4869256 0.8474004 0.4814615 0.8912783 0.4814614 0.8474004 0.4923895 0.8474004 0.4869256 0.8912783 0.4869254 0.8474004 0.4978536 0.8474004 0.4923895 0.8912783 0.4923895 0.8474004 0.5033177 0.8474004 0.4978536 0.8912783 0.4978536 0.1687759 0.4680188 0.1624194 0.4740897 0.1599784 0.4680188 0.8474006 0.4705332 0.8474007 0.4650692 0.8912783 0.4650692 0.8474006 0.4759973 0.8474006 0.4705332 0.8912783 0.4705333 0.8474004 0.4814615 0.8474006 0.4759973 0.8912783 0.4759973 0.8474004 0.4869256 0.8474004 0.4814615 0.8912783 0.4814614 0.8474004 0.4923895 0.8474004 0.4869256 0.8912783 0.4869254 0.8474004 0.4978536 0.8474004 0.4923895 0.8912783 0.4923895 0.8474004 0.5033177 0.8474004 0.4978536 0.8912783 0.4978536 0.1687759 0.4680188 0.1624194 0.4740897 0.1599784 0.4680188 0.8912783 0.4705333 0.8474006 0.4705332 0.8912783 0.4650692 0.8912783 0.4759973 0.8474006 0.4759973 0.8912783 0.4705333 0.8912783 0.4814614 0.8474004 0.4814615 0.8912783 0.4759973 0.8912783 0.4869254 0.8474004 0.4869256 0.8912783 0.4814614 0.8912783 0.4923895 0.8474004 0.4923895 0.8912783 0.4869254 0.8912783 0.4978536 0.8474004 0.4978536 0.8912783 0.4923895 0.8912783 0.5033177 0.8474004 0.5033177 0.8912783 0.4978536 0.1608496 0.4604484 0.1687759 0.4680188 0.1599784 0.4680188 0.1687759 0.4680188 0.1663347 0.4740897 0.1624194 0.4740897 0.1643771 0.4570792 0.1679046 0.4604484 0.1687759 0.4680188 0.1643771 0.4570792 0.1687759 0.4680188 0.1608496 0.4604484 0.8912783 0.4705333 0.8474006 0.4705332 0.8912783 0.4650692 0.8912783 0.4759973 0.8474006 0.4759973 0.8912783 0.4705333 0.8912783 0.4814614 0.8474004 0.4814615 0.8912783 0.4759973 0.8912783 0.4869254 0.8474004 0.4869256 0.8912783 0.4814614 0.8912783 0.4923895 0.8474004 0.4923895 0.8912783 0.4869254 0.8912783 0.4978536 0.8474004 0.4978536 0.8912783 0.4923895 0.8912783 0.5033177 0.8474004 0.5033177 0.8912783 0.4978536 0.1608496 0.4604484 0.1687759 0.4680188 0.1599784 0.4680188 0.1687759 0.4680188 0.1663347 0.4740897 0.1624194 0.4740897 0.1687759 0.4680188 0.1608496 0.4604484 0.1679046 0.4604484 0.8912783 0.4705333 0.8474006 0.4705332 0.8912783 0.4650692 0.1608496 0.4604484 0.1643771 0.4570792 0.1679046 0.4604484 0.8912783 0.4759973 0.8474006 0.4759973 0.8912783 0.4705333 0.8912783 0.4814614 0.8474004 0.4814615 0.8912783 0.4759973 0.8912783 0.4869254 0.8474004 0.4869256 0.8912783 0.4814614 0.8912783 0.4923895 0.8474004 0.4923895 0.8912783 0.4869254 0.8912783 0.4978536 0.8474004 0.4978536 0.8912783 0.4923895 0.8912783 0.5033177 0.8474004 0.5033177 0.8912783 0.4978536 0.1608496 0.4604484 0.1687759 0.4680188 0.1599784 0.4680188 0.1687759 0.4680188 0.1663347 0.4740897 0.1624194 0.4740897 0.1643771 0.4570792 0.1679046 0.4604484 0.1687759 0.4680188 0.1643771 0.4570792 0.1687759 0.4680188 0.1608496 0.4604484 0.8912783 0.4705333 0.8474006 0.4705332 0.8912783 0.4650692 0.8912783 0.4759973 0.8474006 0.4759973 0.8912783 0.4705333 0.8912783 0.4814614 0.8474004 0.4814615 0.8912783 0.4759973 0.8912783 0.4869254 0.8474004 0.4869256 0.8912783 0.4814614 0.8912783 0.4923895 0.8474004 0.4923895 0.8912783 0.4869254 0.8912783 0.4978536 0.8474004 0.4978536 0.8912783 0.4923895 0.8912783 0.5033177 0.8474004 0.5033177 0.8912783 0.4978536 0.1687759 0.4680188 0.1663347 0.4740897 0.1624194 0.4740897 0.1643771 0.4570792 0.1679046 0.4604484 0.1687759 0.4680188 0.1687759 0.4680188 0.1599784 0.4680188 0.1643771 0.4570792 0.1599784 0.4680188 0.1608496 0.4604484 0.1643771 0.4570792 0.7525138 0.7578125 0.7525138 0.9949724 0.9896737 0.9949724 0.7525138 0.9949724 0.9896737 0.9949724 0.9896737 0.7578125 0.9896737 0.9949724 0.7525138 0.9949724 0.7525138 0.7578125 0.9896737 0.7578125 0.9896737 0.9949724 0.7525138 0.9949724 0.4909836 -3.7346e-4 0.4909836 0.3795408 0.3077671 0.3795408 0.3077671 0.3795408 0.4909836 0.3795408 0.4909836 -3.7346e-4 0.7751519 0.5886315 0.9421667 0.5886315 0.9421667 0.9324194 0.4962071 0.1913877 0.4962071 0.2468321 0.2995052 0.2468321 0.2237812 0.1913877 0.2237812 0.2468321 0.4259249 0.2468321 0.4259249 0.1913877 0.4259249 0.2468321 0.2237812 0.2468321 0.2995052 0.1913877 0.2995052 0.2468321 0.4962071 0.2468321 0.4045621 0.2675487 0.2694138 0.2675487 0.2760743 0.2526357 0.4045621 0.2675487 0.4016328 0.2526357 0.2760743 0.2526357 0.320041 0.2675487 0.3231091 0.2526357 0.4452875 0.2526357 0.320041 0.2675487 0.4515511 0.2675487 0.4452875 0.2526357 0.7944027 0.6691315 0.7869575 0.6200348 0.9825735 0.6200349 0.9825735 0.6200349 0.9751284 0.6691314 0.7944027 0.6691315 0.9751284 0.6691314 0.9539263 0.7107535 0.8156048 0.7107535 0.9539263 0.7107535 0.9221951 0.7385644 0.8156048 0.7107535 0.9221951 0.7385644 0.8847656 0.7483304 0.8473361 0.7385644 0.8156048 0.7107535 0.9221951 0.7385644 0.8473361 0.7385644 0.9751284 0.6691314 0.9825735 0.6200349 0.7869575 0.6200349 0.7869575 0.6200349 0.7944027 0.6691315 0.9751284 0.6691314 0.7944027 0.6691315 0.8156048 0.7107535 0.9539263 0.7107535 0.8156048 0.7107535 0.8473361 0.7385644 0.9539263 0.7107535 0.8473361 0.7385644 0.8847656 0.7483304 0.9221951 0.7385644 0.9539263 0.7107535 0.8473361 0.7385644 0.9221951 0.7385644 0.854237 0.6200349 0.9152941 0.6200348 0.9152941 0.6691315 0.9152941 0.6691315 0.9152941 0.7107535 0.854237 0.7107535 0.9152941 0.6297057 0.9152941 0.6614369 0.854237 0.6614369 0.9152941 0.6614369 0.9152941 0.6988664 0.854237 0.6988664 0.9152941 0.6988664 0.9152941 0.7362959 0.854237 0.7362959 0.854237 0.7362959 0.9152941 0.7362959 0.9152941 0.7680272 0.9152941 0.7107535 0.9152941 0.6691314 0.854237 0.6691314 0.9152941 0.6691314 0.9152941 0.6200349 0.854237 0.6200349 0.9825735 0.6200349 0.7869575 0.6200348 0.7944027 0.6691315 0.7944027 0.6691315 0.8156048 0.7107535 0.9539263 0.7107535 0.8156048 0.7107535 0.8473361 0.7385644 0.9221951 0.7385644 0.8473361 0.7385644 0.8847656 0.7483304 0.9221951 0.7385644 0.9221951 0.7385644 0.9539263 0.7107535 0.8156048 0.7107535 0.9539263 0.7107535 0.9751284 0.6691314 0.7944027 0.6691315 0.7869575 0.6200349 0.9825735 0.6200349 0.7944027 0.6691315 0.9825735 0.6200349 0.9751284 0.6691314 0.7944027 0.6691315 0.9751284 0.6691314 0.9539263 0.7107535 0.8156048 0.7107535 0.9539263 0.7107535 0.9221951 0.7385644 0.8473361 0.7385644 0.9221951 0.7385644 0.8847656 0.7483304 0.8473361 0.7385644 0.8473361 0.7385644 0.8156048 0.7107535 0.9539263 0.7107535 0.854237 0.6200349 0.854237 0.6691315 0.9152941 0.6691315 0.854237 0.6691315 0.854237 0.7107535 0.9152941 0.7107535 0.854237 0.6297057 0.854237 0.6614369 0.9152941 0.6614369 0.854237 0.6614369 0.854237 0.6988664 0.9152941 0.6988664 0.854237 0.7362959 0.9152941 0.7362959 0.9152941 0.6988664 0.854237 0.7680272 0.9152941 0.7680272 0.9152941 0.7362959 0.854237 0.7107535 0.854237 0.6691314 0.9152941 0.6691314 0.854237 0.6691314 0.854237 0.6200349 0.9152941 0.6200349 0.7944027 0.6691315 0.7869575 0.6200348 0.9825735 0.6200349 0.9825735 0.6200349 0.9751284 0.6691314 0.7944027 0.6691315 0.9751284 0.6691314 0.9539263 0.7107535 0.8156048 0.7107535 0.9539263 0.7107535 0.9221951 0.7385644 0.8156048 0.7107535 0.9221951 0.7385644 0.8847656 0.7483304 0.8473361 0.7385644 0.8156048 0.7107535 0.9221951 0.7385644 0.8473361 0.7385644 0.9751284 0.6691314 0.9825735 0.6200349 0.7869575 0.6200349 0.7869575 0.6200349 0.7944027 0.6691315 0.9751284 0.6691314 0.7944027 0.6691315 0.8156048 0.7107535 0.9539263 0.7107535 0.8156048 0.7107535 0.8473361 0.7385644 0.9539263 0.7107535 0.8473361 0.7385644 0.8847656 0.7483304 0.9221951 0.7385644 0.9539263 0.7107535 0.8473361 0.7385644 0.9221951 0.7385644 0.854237 0.6200349 0.9152941 0.6200348 0.9152941 0.6691315 0.9152941 0.6691315 0.9152941 0.7107535 0.854237 0.7107535 0.9152941 0.6297057 0.9152941 0.6614369 0.854237 0.6614369 0.9152941 0.6614369 0.9152941 0.6988664 0.854237 0.6988664 0.9152941 0.6988664 0.9152941 0.7362959 0.854237 0.7362959 0.9152941 0.7362959 0.9152941 0.7680272 0.854237 0.7680272 0.9152941 0.7107535 0.9152941 0.6691314 0.854237 0.6691314 0.9152941 0.6691314 0.9152941 0.6200349 0.854237 0.6200349 0.9825735 0.6200349 0.7869575 0.6200348 0.9751284 0.6691314 0.7869575 0.6200348 0.7944027 0.6691315 0.9751284 0.6691314 0.7944027 0.6691315 0.8156048 0.7107535 0.9539263 0.7107535 0.8156048 0.7107535 0.8473361 0.7385644 0.9221951 0.7385644 0.8473361 0.7385644 0.8847656 0.7483304 0.9221951 0.7385644 0.9221951 0.7385644 0.9539263 0.7107535 0.8156048 0.7107535 0.7869575 0.6200349 0.9825735 0.6200349 0.9751284 0.6691314 0.9751284 0.6691314 0.9539263 0.7107535 0.8156048 0.7107535 0.9539263 0.7107535 0.9221951 0.7385644 0.8473361 0.7385644 0.9221951 0.7385644 0.8847656 0.7483304 0.8473361 0.7385644 0.8473361 0.7385644 0.8156048 0.7107535 0.9539263 0.7107535 0.8156048 0.7107535 0.7944027 0.6691315 0.9751284 0.6691314 0.854237 0.6200349 0.854237 0.6691315 0.9152941 0.6691315 0.854237 0.7107535 0.9152941 0.7107535 0.9152941 0.6691315 0.854237 0.6614369 0.9152941 0.6614369 0.9152941 0.6297057 0.854237 0.6988664 0.9152941 0.6988664 0.9152941 0.6614369 0.854237 0.7362959 0.9152941 0.7362959 0.9152941 0.6988664 0.854237 0.7680272 0.9152941 0.7680272 0.9152941 0.7362959 0.854237 0.6691314 0.9152941 0.6691314 0.9152941 0.7107535 0.854237 0.6200349 0.9152941 0.6200349 0.9152941 0.6691314 0.9768124 0.6831642 0.9841079 0.5866947 0.8283087 0.5866948 0.8283087 0.5866948 0.8283087 0.6831641 0.9768124 0.6831642 0.8283087 0.6831641 0.8283087 0.7649469 0.8882652 0.8387814 0.8283087 0.7649469 0.8283087 0.8195924 0.8882652 0.8387814 0.8882652 0.8387814 0.9249427 0.8195925 0.8283087 0.6831641 0.9249427 0.8195925 0.9560363 0.7649469 0.8283087 0.6831641 0.7683249 0.6831641 0.7683249 0.5866948 0.8882652 0.8387814 0.7683249 0.5866948 0.9841079 0.5866948 0.9768124 0.6831642 0.8882652 0.8387814 0.7683249 0.5866948 0.9768124 0.6831642 0.9768124 0.6831642 0.9560363 0.7649469 0.8882652 0.8387814 0.9560363 0.7649469 0.9249427 0.8195925 0.8882652 0.8387814 0.8882652 0.8387814 0.7683249 0.8195925 0.7683249 0.7649469 0.7683241 0.5866948 0.8283093 0.5866947 0.8283093 0.6831642 0.8283093 0.6831642 0.8283093 0.7649469 0.7683241 0.7649469 0.9560363 0.6963897 0.9249427 0.6963898 0.9249427 0.5764194 0.9249427 0.5764194 0.9249427 0.6963898 0.8882652 0.6963897 0.8882652 0.5764194 0.8882652 0.6963897 0.8283087 0.6963887 0.8283087 0.5866948 0.984108 0.5866947 0.9768124 0.6831642 0.9768124 0.6831642 0.9560363 0.7649469 0.8283087 0.6831641 0.9560363 0.7649469 0.9249427 0.8195925 0.8283087 0.6831641 0.9249427 0.8195925 0.8882653 0.8387814 0.8283087 0.6831641 0.8882653 0.8387814 0.8283087 0.8195924 0.8283087 0.7649469 0.8283087 0.7649469 0.8283087 0.6831641 0.8882653 0.8387814 0.984108 0.5866948 0.768325 0.5866948 0.9768124 0.6831642 0.768325 0.5866948 0.768325 0.6831641 0.8882653 0.8387814 0.9768124 0.6831642 0.768325 0.5866948 0.8882653 0.8387814 0.768325 0.6831641 0.768325 0.7649469 0.8882653 0.8387814 0.768325 0.7649469 0.768325 0.8195925 0.8882653 0.8387814 0.8882653 0.8387814 0.9249427 0.8195925 0.9560363 0.7649469 0.7683241 0.5866948 0.7683241 0.6831642 0.8283094 0.6831642 0.7683241 0.7649469 0.8283094 0.7649469 0.8283094 0.6831642 0.7683241 0.8896567 0.8283094 0.8896567 0.8283094 0.9518439 0.7683241 0.8163017 0.8283094 0.8163018 0.8283094 0.8896567 0.7683241 0.8163017 0.7683241 0.5764212 0.8283087 0.6963886 0.8283087 0.5866948 0.9841079 0.5866947 0.9768124 0.6831642 0.9768124 0.6831642 0.9560363 0.7649469 0.8283087 0.6831641 0.9560363 0.7649469 0.9249427 0.8195925 0.8283087 0.6831641 0.9249427 0.8195925 0.8882652 0.8387814 0.8283087 0.6831641 0.8882652 0.8387814 0.8283087 0.8195924 0.8283087 0.7649469 0.8882652 0.8387814 0.8283087 0.7649469 0.8283087 0.6831641 0.9841079 0.5866948 0.7683249 0.5866948 0.9768124 0.6831642 0.7683249 0.5866948 0.7683249 0.6831641 0.8882652 0.8387814 0.7683249 0.7649469 0.7683249 0.8195925 0.8882652 0.8387814 0.7683249 0.5866948 0.8882652 0.8387814 0.9768124 0.6831642 0.7683249 0.6831641 0.7683249 0.7649469 0.8882652 0.8387814 0.9560363 0.7649469 0.9768124 0.6831642 0.8882652 0.8387814 0.7683241 0.5866948 0.7683241 0.6831642 0.8283093 0.6831642 0.7683241 0.7649469 0.8283093 0.7649469 0.8283093 0.6831642 0.9249427 0.5764194 0.9249427 0.6963898 0.9560363 0.6963897 0.9249427 0.5764194 0.8882652 0.5764194 0.8882652 0.6963897 0.8882652 0.5764194 0.7683249 0.5764194 0.8283087 0.6963887 0.9768124 0.6831642 0.984108 0.5866947 0.8283087 0.5866948 0.8283087 0.5866948 0.8283087 0.6831641 0.9768124 0.6831642 0.8283087 0.6831641 0.8283087 0.7649469 0.8882653 0.8387814 0.9560363 0.7649469 0.8283087 0.6831641 0.9249427 0.8195925 0.9560363 0.7649469 0.9768124 0.6831642 0.8283087 0.6831641 0.8882653 0.8387814 0.9249427 0.8195925 0.8283087 0.6831641 0.768325 0.6831641 0.768325 0.5866948 0.8882653 0.8387814 0.768325 0.5866948 0.984108 0.5866948 0.9768124 0.6831642 0.8882653 0.8387814 0.768325 0.5866948 0.9768124 0.6831642 0.9768124 0.6831642 0.9560363 0.7649469 0.8882653 0.8387814 0.9560363 0.7649469 0.9249427 0.8195925 0.8882653 0.8387814 0.8882653 0.8387814 0.768325 0.8195925 0.768325 0.7649469 0.7683241 0.5866948 0.8283094 0.5866947 0.8283094 0.6831642 0.8283094 0.6831642 0.8283094 0.7649469 0.7683241 0.7649469 0.8283094 0.9518439 0.8283094 0.8896567 0.7683241 0.8896567 0.8283094 0.8896567 0.8283094 0.8163018 0.7683241 0.8163017 0.7683241 0.8163017 0.8283094 0.8163018 0.8283087 0.6963886 0.8283087 0.5866948 0.9841079 0.5866947 0.9768124 0.6831642 0.9768124 0.6831642 0.9560363 0.7649469 0.8283087 0.6831641 0.9560363 0.7649469 0.9249427 0.8195925 0.8283087 0.6831641 0.9249427 0.8195925 0.8882652 0.8387814 0.8283087 0.6831641 0.8882652 0.8387814 0.8283087 0.8195924 0.8283087 0.7649469 0.8283087 0.7649469 0.8283087 0.6831641 0.8882652 0.8387814 0.9841079 0.5866948 0.7683249 0.5866948 0.9768124 0.6831642 0.7683249 0.5866948 0.7683249 0.6831641 0.8882652 0.8387814 0.7683249 0.7649469 0.7683249 0.8195925 0.8882652 0.8387814 0.7683249 0.5866948 0.8882652 0.8387814 0.9768124 0.6831642 0.7683249 0.6831641 0.7683249 0.7649469 0.8882652 0.8387814 0.9560363 0.7649469 0.9768124 0.6831642 0.8882652 0.8387814 0.7683241 0.5866948 0.7683241 0.6831642 0.8283093 0.6831642 0.7683241 0.7649469 0.8283093 0.7649469 0.8283093 0.6831642 0.9249427 0.5764194 0.9249427 0.6963898 0.9560363 0.6963897 0.8882652 0.5764194 0.8882652 0.6963897 0.9249427 0.6963898 0.8882652 0.5764194 0.7683249 0.5764194 0.8283087 0.6963887 0.9768124 0.6831642 0.984108 0.5866947 0.8283087 0.5866948 0.8283087 0.5866948 0.8283087 0.6831641 0.9768124 0.6831642 0.8283087 0.6831641 0.8283087 0.7649469 0.8882653 0.8387814 0.9560363 0.7649469 0.8283087 0.6831641 0.9249427 0.8195925 0.9560363 0.7649469 0.9768124 0.6831642 0.8283087 0.6831641 0.8882653 0.8387814 0.9249427 0.8195925 0.8283087 0.6831641 0.768325 0.6831641 0.768325 0.5866948 0.8882653 0.8387814 0.768325 0.5866948 0.984108 0.5866948 0.9768124 0.6831642 0.8882653 0.8387814 0.768325 0.5866948 0.9768124 0.6831642 0.9768124 0.6831642 0.9560363 0.7649469 0.8882653 0.8387814 0.9560363 0.7649469 0.9249427 0.8195925 0.8882653 0.8387814 0.8882653 0.8387814 0.768325 0.8195925 0.768325 0.7649469 0.7683241 0.5866948 0.8283094 0.5866947 0.8283094 0.6831642 0.8283094 0.6831642 0.8283094 0.7649469 0.7683241 0.7649469 0.8283094 0.9518439 0.8283094 0.8896567 0.7683241 0.8896567 0.8283094 0.8896567 0.8283094 0.8163018 0.7683241 0.8163017 0.7683241 0.8163017 0.8283094 0.8163018 0.8283087 0.6963886 0.9768124 0.6831642 0.9841079 0.5866947 0.8283087 0.5866948 0.8283087 0.6831641 0.8283087 0.7649469 0.8882652 0.8387814 0.8283087 0.7649469 0.8283087 0.8195924 0.8882652 0.8387814 0.8283087 0.6831641 0.9249427 0.8195925 0.9560363 0.7649469 0.9768124 0.6831642 0.8283087 0.5866948 0.8283087 0.6831641 0.9560363 0.7649469 0.9768124 0.6831642 0.8283087 0.6831641 0.7683249 0.6831641 0.7683249 0.5866948 0.8882652 0.8387814 0.7683249 0.5866948 0.9841079 0.5866948 0.9768124 0.6831642 0.8882652 0.8387814 0.7683249 0.5866948 0.9768124 0.6831642 0.9768124 0.6831642 0.9560363 0.7649469 0.8882652 0.8387814 0.9560363 0.7649469 0.9249427 0.8195925 0.8882652 0.8387814 0.8882652 0.8387814 0.7683249 0.8195925 0.7683249 0.7649469 0.7683241 0.5866948 0.8283093 0.5866947 0.8283093 0.6831642 0.8283093 0.6831642 0.8283093 0.7649469 0.7683241 0.7649469 0.9560363 0.6963897 0.9249427 0.6963898 0.9249427 0.5764194 0.9249427 0.6963898 0.8882652 0.6963897 0.8882652 0.5764194 0.8882652 0.5764194 0.8882652 0.6963897 0.8283087 0.6963887 0.8283087 0.5866948 0.984108 0.5866947 0.9768124 0.6831642 0.9768124 0.6831642 0.9560363 0.7649469 0.8283087 0.6831641 0.9560363 0.7649469 0.9249427 0.8195925 0.8283087 0.6831641 0.9249427 0.8195925 0.8882653 0.8387814 0.8283087 0.6831641 0.8882653 0.8387814 0.8283087 0.8195924 0.8283087 0.7649469 0.8283087 0.7649469 0.8283087 0.6831641 0.8882653 0.8387814 0.984108 0.5866948 0.768325 0.5866948 0.9768124 0.6831642 0.768325 0.5866948 0.768325 0.6831641 0.8882653 0.8387814 0.768325 0.7649469 0.768325 0.8195925 0.8882653 0.8387814 0.768325 0.5866948 0.8882653 0.8387814 0.9768124 0.6831642 0.768325 0.6831641 0.768325 0.7649469 0.8882653 0.8387814 0.9560363 0.7649469 0.9768124 0.6831642 0.8882653 0.8387814 0.7683241 0.5866948 0.7683241 0.6831642 0.8283094 0.6831642 0.7683241 0.7649469 0.8283094 0.7649469 0.8283094 0.6831642 0.7683241 0.8896567 0.8283094 0.8896567 0.8283094 0.9518439 0.7683241 0.8163017 0.8283094 0.8163018 0.8283094 0.8896567 0.7683241 0.8163017 0.7683241 0.5764212 0.8283087 0.6963886 0.2100909 0.5741688 0.2356755 0.5727646 0.2356755 0.6814674 0.2100909 0.6800633 0.2356754 0.6814674 0.2356754 0.5727646 0.1734135 0.6800633 0.1256434 0.6786589 0.1256435 0.5755728 0.1548879 0.5727646 0.1548879 0.6814674 0.2064309 0.6814674 0.2100909 0.6786592 0.2356754 0.6786592 0.2356755 0.5755731 0.1276444 0.5612064 0.1276444 0.6744234 0.236775 0.6744234 0.1256435 0.5755728 0.1256434 0.6786589 0.1734135 0.678659 0.1734135 0.678659 0.2100909 0.6786592 0.2100909 0.5741688 0.2356755 0.5755731 0.2356754 0.6786592 0.2100909 0.6800633 0.2100909 0.575573 0.2100909 0.6800633 0.1734135 0.6800633 0.1734135 0.6800633 0.1734135 0.5727646 0.1256434 0.5727646 0.2100909 0.6800633 0.2100909 0.5727646 0.1734135 0.5727646 0.1256435 0.5727646 0.1734136 0.5741688 0.1734136 0.6814674 0.1734136 0.5741688 0.2100909 0.5741688 0.2100909 0.6814674 0.1276444 0.6744234 0.1276444 0.5612064 0.2367751 0.5612064 0.236775 0.6714983 0.1276444 0.6714983 0.1276444 0.5641314 0.1276444 0.5641314 0.1276444 0.6714983 0.236775 0.6714983 0.3012351 0.3741514 0.4900261 0.3741514 0.3012351 0.3741514 0.3012348 0.001164615 0.3012351 0.3741514 0.3012348 0.001164615 0.4900259 0.001164615 0.3012348 0.001164615 0.3012348 0.001164615 0.4900261 0.3741514 0.4900259 0.001164615 0.4900259 0.001164615 0.2390542 0.5427488 0.3656458 0.3704401 0.239054 0.3704401 0.4900261 0.3741514 0.3012351 0.3741514 0.3012351 0.3741514 0.3012351 0.3741514 0.3012348 0.001164615 0.3012348 0.001164615 0.3012348 0.001164615 0.4900259 0.001164615 0.4900259 0.001164615 0.4900261 0.3741514 0.4900259 0.001164615 0.4900261 0.3741514 0.3656458 0.3704401 0.2390542 0.5427488 0.239054 0.3704401 0.3012351 0.3741514 0.4900261 0.3741514 0.4900261 0.3741514 0.3012348 0.001164615 0.3012351 0.3741514 0.3012351 0.3741514 0.4900259 0.001164615 0.4900259 0.001164615 0.3012348 0.001164615 0.4900261 0.3741514 0.4900261 0.3741514 0.4900259 0.001164615 0.2390542 0.5427488 0.365646 0.5427488 0.3656458 0.3704401 0.4900261 0.3741514 0.4900261 0.3741514 0.3012351 0.3741514 0.3012351 0.3741514 0.3012351 0.3741514 0.3012348 0.001164615 0.3012348 0.001164615 0.3012348 0.001164615 0.4900259 0.001164615 0.4900261 0.3741514 0.4900259 0.001164615 0.4900259 0.001164615 0.3656458 0.3704401 0.365646 0.5427488 0.2390542 0.5427488 0.8155809 0.778586 0.9424807 0.5738741 0.8155809 0.5738741 0.8155809 0.778586 0.9424807 0.778586 0.9424807 0.5738741 0.7633879 0.7785857 0.9883181 0.5738741 0.9883181 0.778586 0.9356163 0.7785857 0.8224453 0.7665559 0.8224453 0.7785857 0.7704004 0.7785857 0.9813052 0.7665561 0.9813052 0.778586 0.8912783 0.4705333 0.8912783 0.4650692 0.8474006 0.4705332 0.8474006 0.4705332 0.8912783 0.4650692 0.8474007 0.4650692 0.8474006 0.4705332 0.8912783 0.4759973 0.8912783 0.4705333 0.8474004 0.4814615 0.8912783 0.4759973 0.8474006 0.4759973 0.8474004 0.4814615 0.8912783 0.4869254 0.8912783 0.4814614 0.8474004 0.4923895 0.8912783 0.4869254 0.8474004 0.4869256 0.8474004 0.4923895 0.8912783 0.4978536 0.8912783 0.4923895 0.8474004 0.4978536 0.8912783 0.5033177 0.8912783 0.4978536 0.1687759 0.4680188 0.1599784 0.4680188 0.1624194 0.4740897 0.8474006 0.4759973 0.8912783 0.4759973 0.8474006 0.4705332 0.8912783 0.4814614 0.8912783 0.4759973 0.8474004 0.4814615 0.8474004 0.4869256 0.8912783 0.4869254 0.8474004 0.4814615 0.8912783 0.4923895 0.8912783 0.4869254 0.8474004 0.4923895 0.8474004 0.4978536 0.8912783 0.4978536 0.8474004 0.4923895 0.8474004 0.5033177 0.8912783 0.5033177 0.8474004 0.4978536 0.1608496 0.4604484 0.1599784 0.4680188 0.1687759 0.4680188 0.1687759 0.4680188 0.1624194 0.4740897 0.1663347 0.4740897 0.1687759 0.4680188 0.1679046 0.4604484 0.1608496 0.4604484 0.1608496 0.4604484 0.1679046 0.4604484 0.1643771 0.4570792 0.8912783 0.4705333 0.8912783 0.4650692 0.8474006 0.4705332 0.8474006 0.4705332 0.8912783 0.4650692 0.8474007 0.4650692 0.8474006 0.4705332 0.8912783 0.4759973 0.8912783 0.4705333 0.8474004 0.4814615 0.8912783 0.4759973 0.8474006 0.4759973 0.8474004 0.4814615 0.8912783 0.4869254 0.8912783 0.4814614 0.8474004 0.4923895 0.8912783 0.4869254 0.8474004 0.4869256 0.8474004 0.4923895 0.8912783 0.4978536 0.8912783 0.4923895 0.8474004 0.4978536 0.8912783 0.5033177 0.8912783 0.4978536 0.1687759 0.4680188 0.1599784 0.4680188 0.1624194 0.4740897 0.8474006 0.4759973 0.8912783 0.4759973 0.8474006 0.4705332 0.8912783 0.4814614 0.8912783 0.4759973 0.8474004 0.4814615 0.8474004 0.4869256 0.8912783 0.4869254 0.8474004 0.4814615 0.8912783 0.4923895 0.8912783 0.4869254 0.8474004 0.4923895 0.8474004 0.4978536 0.8912783 0.4978536 0.8474004 0.4923895 0.8474004 0.5033177 0.8912783 0.5033177 0.8474004 0.4978536 0.1608496 0.4604484 0.1599784 0.4680188 0.1687759 0.4680188 0.1687759 0.4680188 0.1624194 0.4740897 0.1663347 0.4740897 0.1687759 0.4680188 0.1679046 0.4604484 0.1608496 0.4604484 0.1608496 0.4604484 0.1679046 0.4604484 0.1643771 0.4570792 0.8912783 0.4705333 0.8912783 0.4650692 0.8474006 0.4705332 0.8474006 0.4705332 0.8912783 0.4650692 0.8474007 0.4650692 0.8474006 0.4705332 0.8912783 0.4759973 0.8912783 0.4705333 0.8474004 0.4814615 0.8912783 0.4759973 0.8474006 0.4759973 0.8474004 0.4814615 0.8912783 0.4869254 0.8912783 0.4814614 0.8474004 0.4923895 0.8912783 0.4869254 0.8474004 0.4869256 0.8474004 0.4923895 0.8912783 0.4978536 0.8912783 0.4923895 0.8474004 0.4978536 0.8912783 0.5033177 0.8912783 0.4978536 0.1687759 0.4680188 0.1599784 0.4680188 0.1624194 0.4740897 0.8474006 0.4759973 0.8912783 0.4759973 0.8474006 0.4705332 0.8912783 0.4814614 0.8912783 0.4759973 0.8474004 0.4814615 0.8474004 0.4869256 0.8912783 0.4869254 0.8474004 0.4814615 0.8912783 0.4923895 0.8912783 0.4869254 0.8474004 0.4923895 0.8474004 0.4978536 0.8912783 0.4978536 0.8474004 0.4923895 0.8474004 0.5033177 0.8912783 0.5033177 0.8474004 0.4978536 0.1608496 0.4604484 0.1599784 0.4680188 0.1687759 0.4680188 0.1687759 0.4680188 0.1624194 0.4740897 0.1663347 0.4740897 0.1687759 0.4680188 0.1679046 0.4604484 0.1608496 0.4604484 0.1608496 0.4604484 0.1679046 0.4604484 0.1643771 0.4570792 0.8912783 0.4705333 0.8912783 0.4650692 0.8474006 0.4705332 0.8474006 0.4705332 0.8912783 0.4650692 0.8474007 0.4650692 0.8474006 0.4705332 0.8912783 0.4759973 0.8912783 0.4705333 0.8474004 0.4814615 0.8912783 0.4759973 0.8474006 0.4759973 0.8474004 0.4814615 0.8912783 0.4869254 0.8912783 0.4814614 0.8474004 0.4923895 0.8912783 0.4869254 0.8474004 0.4869256 0.8474004 0.4923895 0.8912783 0.4978536 0.8912783 0.4923895 0.8474004 0.4978536 0.8912783 0.5033177 0.8912783 0.4978536 0.1687759 0.4680188 0.1599784 0.4680188 0.1624194 0.4740897 0.8474006 0.4759973 0.8912783 0.4759973 0.8474006 0.4705332 0.8912783 0.4814614 0.8912783 0.4759973 0.8474004 0.4814615 0.8474004 0.4869256 0.8912783 0.4869254 0.8474004 0.4814615 0.8912783 0.4923895 0.8912783 0.4869254 0.8474004 0.4923895 0.8474004 0.4978536 0.8912783 0.4978536 0.8474004 0.4923895 0.8474004 0.5033177 0.8912783 0.5033177 0.8474004 0.4978536 0.1608496 0.4604484 0.1599784 0.4680188 0.1687759 0.4680188 0.1687759 0.4680188 0.1624194 0.4740897 0.1663347 0.4740897 0.1687759 0.4680188 0.1679046 0.4604484 0.1608496 0.4604484 0.1608496 0.4604484 0.1679046 0.4604484 0.1643771 0.4570792 0.8864883 0.7599553 0.8918822 0.7337429 0.8459057 0.7337429 0.8512995 0.7599553 0.8459054 0.7337429 0.8918822 0.7337429 0.806374 0.7028231 0.8236776 0.7337429 0.806374 0.7337429 0.806374 0.7337429 0.8236776 0.7599553 0.806374 0.7599553 0.806374 0.7599553 0.8236776 0.7774703 0.806374 0.7774703 0.878416 0.9630113 0.8688938 0.9284042 0.878416 0.9284042 0.8688938 0.9630113 0.8593719 0.9284042 0.8688938 0.9284042 0.8236776 0.7774698 0.806374 0.7599553 0.806374 0.7774703 0.806374 0.7599553 0.8236776 0.7337429 0.806374 0.7337429 0.806374 0.7337429 0.8236776 0.7028231 0.806374 0.7028231 0.8918822 0.7337429 0.8937764 0.7028228 0.8440114 0.7028231 0.8440114 0.7028231 0.8459057 0.7337429 0.8918822 0.7337429 0.8459057 0.7337429 0.8512995 0.7599553 0.8864883 0.7599553 0.8512995 0.7599553 0.8593719 0.7774698 0.8864883 0.7599553 0.8593719 0.7774698 0.8688938 0.7836202 0.878416 0.7774703 0.8864883 0.7599553 0.8593719 0.7774698 0.878416 0.7774703 0.8459054 0.7337429 0.8440114 0.7028231 0.8937764 0.7028231 0.8937764 0.7028231 0.8918822 0.7337429 0.8459054 0.7337429 0.8918822 0.7337429 0.8864883 0.7599553 0.8512995 0.7599553 0.8864883 0.7599553 0.878416 0.7774703 0.8512995 0.7599553 0.878416 0.7774703 0.8688938 0.7836202 0.8593719 0.7774703 0.8512995 0.7599553 0.878416 0.7774703 0.8593719 0.7774703 0.806374 0.7028231 0.8236776 0.7028228 0.8236776 0.7337429 0.806374 0.7337429 0.8236776 0.7337429 0.8236776 0.7599553 0.806374 0.7599553 0.8236776 0.7599553 0.8236776 0.7774703 0.878416 0.9630113 0.8688938 0.9630113 0.8688938 0.9284042 0.8688938 0.9630113 0.8593719 0.9630113 0.8593719 0.9284042 0.8236776 0.7774698 0.8236776 0.7599553 0.806374 0.7599553 0.806374 0.7599553 0.8236776 0.7599553 0.8236776 0.7337429 0.806374 0.7337429 0.8236776 0.7337429 0.8236776 0.7028231 0.8367235 0.7599553 0.8421171 0.7337429 0.7961406 0.7337429 0.8015344 0.7599553 0.7961406 0.7337429 0.8421171 0.7337429 0.806374 0.7028231 0.8236776 0.7337429 0.806374 0.7337429 0.806374 0.7337429 0.8236776 0.7599553 0.806374 0.7599553 0.806374 0.7599553 0.8236776 0.7774703 0.806374 0.7774703 0.8286512 0.9630113 0.819129 0.9284042 0.8286512 0.9284042 0.819129 0.9630113 0.8096068 0.9284042 0.819129 0.9284042 0.8236776 0.7774698 0.806374 0.7599553 0.806374 0.7774703 0.806374 0.7599553 0.8236776 0.7337429 0.806374 0.7337429 0.806374 0.7337429 0.8236776 0.7028231 0.806374 0.7028231 0.8421171 0.7337429 0.8440114 0.7028228 0.7942464 0.7028231 0.7942464 0.7028231 0.7961406 0.7337429 0.8421171 0.7337429 0.7961406 0.7337429 0.8015344 0.7599553 0.8367235 0.7599553 0.8015344 0.7599553 0.8096068 0.7774698 0.8367235 0.7599553 0.8096068 0.7774698 0.819129 0.7836202 0.8286512 0.7774703 0.8367235 0.7599553 0.8096068 0.7774698 0.8286512 0.7774703 0.7961406 0.7337429 0.7942464 0.7028231 0.8440114 0.7028231 0.8440114 0.7028231 0.8421171 0.7337429 0.7961406 0.7337429 0.8421171 0.7337429 0.8367235 0.7599553 0.8015344 0.7599553 0.8367235 0.7599553 0.8286512 0.7774703 0.8015344 0.7599553 0.8286512 0.7774703 0.819129 0.7836202 0.8096068 0.7774703 0.8015344 0.7599553 0.8286512 0.7774703 0.8096068 0.7774703 0.806374 0.7028231 0.8236776 0.7028228 0.8236776 0.7337429 0.806374 0.7337429 0.8236776 0.7337429 0.8236776 0.7599553 0.806374 0.7599553 0.8236776 0.7599553 0.8236776 0.7774703 0.8286512 0.9630113 0.819129 0.9630113 0.819129 0.9284042 0.819129 0.9630113 0.8096068 0.9630113 0.8096068 0.9284042 0.8236776 0.7774698 0.8236776 0.7599553 0.806374 0.7599553 0.806374 0.7599553 0.8236776 0.7599553 0.8236776 0.7337429 0.806374 0.7337429 0.8236776 0.7337429 0.8236776 0.7028231 0.9378787 0.7599553 0.9432725 0.7337429 0.897296 0.7337429 0.9026898 0.7599553 0.8972957 0.7337429 0.9432725 0.7337429 0.806374 0.7028231 0.8236776 0.7337429 0.806374 0.7337429 0.806374 0.7337429 0.8236776 0.7599553 0.806374 0.7599553 0.806374 0.7599553 0.8236776 0.7774703 0.806374 0.7774703 0.9298063 0.9630113 0.9202841 0.9284042 0.9298063 0.9284042 0.9202841 0.9630113 0.910762 0.9284042 0.9202841 0.9284042 0.8236776 0.7774698 0.806374 0.7599553 0.806374 0.7774703 0.806374 0.7599553 0.8236776 0.7337429 0.806374 0.7337429 0.806374 0.7337429 0.8236776 0.7028231 0.806374 0.7028231 0.9432725 0.7337429 0.9451665 0.7028228 0.8954017 0.7028231 0.8954017 0.7028231 0.897296 0.7337429 0.9432725 0.7337429 0.897296 0.7337429 0.9026898 0.7599553 0.9378787 0.7599553 0.9026898 0.7599553 0.910762 0.7774698 0.9378787 0.7599553 0.910762 0.7774698 0.9202841 0.7836202 0.9298063 0.7774703 0.9378787 0.7599553 0.910762 0.7774698 0.9298063 0.7774703 0.8972957 0.7337429 0.8954017 0.7028231 0.9451665 0.7028231 0.9451665 0.7028231 0.9432725 0.7337429 0.8972957 0.7337429 0.9432725 0.7337429 0.9378787 0.7599553 0.9026898 0.7599553 0.9378787 0.7599553 0.9298063 0.7774703 0.9026898 0.7599553 0.9298063 0.7774703 0.9202841 0.7836202 0.910762 0.7774703 0.9026898 0.7599553 0.9298063 0.7774703 0.910762 0.7774703 0.806374 0.7028231 0.8236776 0.7028228 0.8236776 0.7337429 0.806374 0.7337429 0.8236776 0.7337429 0.8236776 0.7599553 0.806374 0.7599553 0.8236776 0.7599553 0.8236776 0.7774703 0.9298063 0.9630113 0.9202841 0.9630113 0.9202841 0.9284042 0.9202841 0.9630113 0.910762 0.9630113 0.910762 0.9284042 0.8236776 0.7774698 0.8236776 0.7599553 0.806374 0.7599553 0.806374 0.7599553 0.8236776 0.7599553 0.8236776 0.7337429 0.806374 0.7337429 0.8236776 0.7337429 0.8236776 0.7028231 0.9356163 0.9742798 0.8155809 0.9883045 0.8224453 0.9742792 0.8224453 0.5524695 0.9424807 0.5384445 0.9356163 0.5524699 0.9356163 0.9742798 0.9424807 0.5384445 0.9424807 0.988305 0.8224453 0.5524695 0.8155809 0.9883045 0.8155809 0.5384441 0.8224453 0.9742792 0.9356163 0.5524699 0.9356163 0.9742798 0.8224453 0.778586 0.9356163 0.7665561 0.9356163 0.778586 0.7704006 0.7785857 0.9813055 0.7665561 0.7704006 0.7665559 0.2468866 0.81462 0.07987266 0.9904968 0.2468866 0.9904968 0.0187214 0.5574986 0.2095071 0.9902862 0.0187214 0.9902862 -0.00362277 0.9166194 0.2216553 0.6791393 0.2216553 0.9166199 0.01176941 0.5574986 0.2078332 0.9902862 0.01176941 0.9902862 0.8283087 0.6831641 0.8283087 0.5866948 0.9768124 0.6831642 0.9560363 0.7649469 0.9768124 0.6831642 0.7683249 0.6831641 0.7683241 0.5866948 0.8283093 0.6831642 0.8283093 0.5866947 0.7683241 0.7649469 0.8283093 0.6831642 0.7683241 0.6831642 0.9249427 0.5764194 0.9560363 0.6963897 0.9560363 0.5764194 0.9249427 0.5764194 0.8882652 0.6963897 0.9249427 0.6963898 0.8882652 0.5764194 0.8283087 0.6963887 0.8882652 0.6963897 0.8882653 0.8387814 0.9249427 0.8195925 0.8283087 0.7649469 0.8882653 0.8387814 0.768325 0.6831641 0.9560363 0.7649469 0.7683241 0.5866948 0.8283094 0.6831642 0.7683241 0.6831642 0.8283094 0.6831642 0.7683241 0.7649469 0.7683241 0.6831642 0.8283094 0.9518439 0.7683241 0.8896567 0.7683241 0.9518439 0.8283094 0.8896567 0.7683241 0.8163017 0.7683241 0.8896567 0.7683241 0.8163017 0.8283087 0.6963886 0.7683241 0.5764212 0.8283087 0.5866948 0.9841079 0.5866947 0.9768124 0.6831642 0.9768124 0.6831642 0.9560363 0.7649469 0.8283087 0.6831641 0.9560363 0.7649469 0.9249427 0.8195925 0.8283087 0.7649469 0.8283087 0.6831641 0.9560363 0.7649469 0.8283087 0.7649469 0.9249427 0.8195925 0.8882652 0.8387814 0.8283087 0.7649469 0.8882652 0.8387814 0.8283087 0.8195924 0.8283087 0.7649469 0.9841079 0.5866948 0.7683249 0.5866948 0.9768124 0.6831642 0.7683249 0.5866948 0.7683249 0.6831641 0.9768124 0.6831642 0.7683249 0.6831641 0.7683249 0.7649469 0.8882652 0.8387814 0.7683249 0.7649469 0.7683249 0.8195925 0.8882652 0.8387814 0.7683249 0.6831641 0.8882652 0.8387814 0.9560363 0.7649469 0.8882652 0.8387814 0.9249427 0.8195925 0.9560363 0.7649469 0.7683241 0.5866948 0.7683241 0.6831642 0.8283093 0.6831642 0.7683241 0.7649469 0.8283093 0.7649469 0.8283093 0.6831642 0.9249427 0.5764194 0.9249427 0.6963898 0.9560363 0.6963897 0.9249427 0.5764194 0.8882652 0.5764194 0.8882652 0.6963897 0.8882652 0.5764194 0.7683249 0.5764194 0.8283087 0.6963887 0.9768124 0.6831642 0.984108 0.5866947 0.8283087 0.5866948 0.9768124 0.6831642 0.8283087 0.5866948 0.8283087 0.6831641 0.9249427 0.8195925 0.9560363 0.7649469 0.8283087 0.7649469 0.9560363 0.7649469 0.9768124 0.6831642 0.8283087 0.6831641 0.8283087 0.7649469 0.9560363 0.7649469 0.8283087 0.6831641 0.8283087 0.8195924 0.8882653 0.8387814 0.8283087 0.7649469 0.768325 0.6831641 0.768325 0.5866948 0.9768124 0.6831642 0.768325 0.5866948 0.984108 0.5866948 0.9768124 0.6831642 0.9768124 0.6831642 0.9560363 0.7649469 0.768325 0.6831641 0.9560363 0.7649469 0.9249427 0.8195925 0.8882653 0.8387814 0.8882653 0.8387814 0.768325 0.8195925 0.768325 0.7649469 0.768325 0.7649469 0.768325 0.6831641 0.8882653 0.8387814 0.7683241 0.5866948 0.8283094 0.5866947 0.8283094 0.6831642 0.8283094 0.6831642 0.8283094 0.7649469 0.7683241 0.7649469 0.8283094 0.9518439 0.8283094 0.8896567 0.7683241 0.8896567 0.8283094 0.8896567 0.8283094 0.8163018 0.7683241 0.8163017 0.7683241 0.8163017 0.8283094 0.8163018 0.8283087 0.6963886 0.9539263 0.7107535 0.9751284 0.6691314 0.7944027 0.6691315 0.7944027 0.6691315 0.7869575 0.6200349 0.9751284 0.6691314 0.854237 0.6691315 0.9152941 0.6200348 0.854237 0.6200349 0.854237 0.7107535 0.9152941 0.6691315 0.854237 0.6691315 0.854237 0.6614369 0.9152941 0.6297057 0.854237 0.6297057 0.854237 0.6988664 0.9152941 0.6614369 0.854237 0.6614369 0.854237 0.7362959 0.9152941 0.6988664 0.854237 0.6988664 0.854237 0.7680272 0.9152941 0.7362959 0.854237 0.7362959 0.854237 0.6691314 0.9152941 0.7107535 0.854237 0.7107535 0.854237 0.6200349 0.9152941 0.6691314 0.854237 0.6691314 0.9539263 0.7107535 0.9751284 0.6691314 0.7944027 0.6691315 0.7944027 0.6691315 0.7869575 0.6200349 0.9751284 0.6691314 0.854237 0.6691315 0.9152941 0.6200348 0.854237 0.6200349 0.854237 0.7107535 0.9152941 0.6691315 0.854237 0.6691315 0.854237 0.6614369 0.9152941 0.6297057 0.854237 0.6297057 0.854237 0.6988664 0.9152941 0.6614369 0.854237 0.6614369 0.854237 0.7362959 0.9152941 0.6988664 0.854237 0.6988664 0.854237 0.7680272 0.9152941 0.7362959 0.854237 0.7362959 0.854237 0.6691314 0.9152941 0.7107535 0.854237 0.7107535 0.854237 0.6200349 0.9152941 0.6691314 0.854237 0.6691314 0.9825735 0.6200349 0.7869575 0.6200348 0.9751284 0.6691314 0.7869575 0.6200348 0.7944027 0.6691315 0.9751284 0.6691314 0.7944027 0.6691315 0.8156048 0.7107535 0.9539263 0.7107535 0.8156048 0.7107535 0.8473361 0.7385644 0.9221951 0.7385644 0.8473361 0.7385644 0.8847656 0.7483304 0.9221951 0.7385644 0.9221951 0.7385644 0.9539263 0.7107535 0.8156048 0.7107535 0.7869575 0.6200349 0.9825735 0.6200349 0.9751284 0.6691314 0.9751284 0.6691314 0.9539263 0.7107535 0.8156048 0.7107535 0.9539263 0.7107535 0.9221951 0.7385644 0.8473361 0.7385644 0.9221951 0.7385644 0.8847656 0.7483304 0.8473361 0.7385644 0.8473361 0.7385644 0.8156048 0.7107535 0.9539263 0.7107535 0.8156048 0.7107535 0.7944027 0.6691315 0.9751284 0.6691314 0.854237 0.6691315 0.9152941 0.6691315 0.9152941 0.6200348 0.854237 0.7107535 0.9152941 0.7107535 0.9152941 0.6691315 0.854237 0.6614369 0.9152941 0.6614369 0.9152941 0.6297057 0.854237 0.6988664 0.9152941 0.6988664 0.9152941 0.6614369 0.854237 0.7362959 0.9152941 0.7362959 0.9152941 0.6988664 0.854237 0.7680272 0.9152941 0.7680272 0.9152941 0.7362959 0.854237 0.6691314 0.9152941 0.6691314 0.9152941 0.7107535 0.854237 0.6200349 0.9152941 0.6200349 0.9152941 0.6691314 0.9825735 0.6200349 0.7869575 0.6200348 0.9751284 0.6691314 0.7869575 0.6200348 0.7944027 0.6691315 0.9751284 0.6691314 0.7944027 0.6691315 0.8156048 0.7107535 0.9539263 0.7107535 0.8156048 0.7107535 0.8473361 0.7385644 0.9221951 0.7385644 0.8473361 0.7385644 0.8847656 0.7483304 0.9221951 0.7385644 0.9221951 0.7385644 0.9539263 0.7107535 0.8156048 0.7107535 0.7869575 0.6200349 0.9825735 0.6200349 0.9751284 0.6691314 0.9751284 0.6691314 0.9539263 0.7107535 0.8156048 0.7107535 0.9539263 0.7107535 0.9221951 0.7385644 0.8473361 0.7385644 0.9221951 0.7385644 0.8847656 0.7483304 0.8473361 0.7385644 0.8473361 0.7385644 0.8156048 0.7107535 0.9539263 0.7107535 0.8156048 0.7107535 0.7944027 0.6691315 0.9751284 0.6691314 0.854237 0.6691315 0.9152941 0.6691315 0.9152941 0.6200348 0.854237 0.7107535 0.9152941 0.7107535 0.9152941 0.6691315 0.854237 0.6614369 0.9152941 0.6614369 0.9152941 0.6297057 0.854237 0.6988664 0.9152941 0.6988664 0.9152941 0.6614369 0.854237 0.7362959 0.9152941 0.7362959 0.9152941 0.6988664 0.854237 0.7680272 0.9152941 0.7680272 0.9152941 0.7362959 0.854237 0.6691314 0.9152941 0.6691314 0.9152941 0.7107535 0.854237 0.6200349 0.9152941 0.6200349 0.9152941 0.6691314 0.7633879 0.7785857 0.7633879 0.5738738 0.9883181 0.5738741 0.9356163 0.7785857 0.9356163 0.7665559 0.8224453 0.7665559 0.7704004 0.7785857 0.7704004 0.7665559 0.9813052 0.7665561 0.9356163 0.9742798 0.9424807 0.988305 0.8155809 0.9883045 0.8224453 0.5524695 0.8155809 0.5384441 0.9424807 0.5384445 0.9356163 0.9742798 0.9356163 0.5524699 0.9424807 0.5384445 0.8224453 0.5524695 0.8224453 0.9742792 0.8155809 0.9883045 0.8224453 0.9742792 0.8224453 0.5524695 0.9356163 0.5524699 0.8224453 0.778586 0.8224453 0.7665561 0.9356163 0.7665561 0.7704006 0.7785857 0.9813055 0.778586 0.9813055 0.7665561 0.2468866 0.81462 0.07987266 0.81462 0.07987266 0.9904968 0.0187214 0.5574986 0.2095071 0.5574986 0.2095071 0.9902862 -0.00362277 0.9166194 -0.00362277 0.6791387 0.2216553 0.6791393 0.01176941 0.5574986 0.2078332 0.5574986 0.2078332 0.9902862 0.07987266 0.81462 0.01483231 0.9904968 0.07987266 0.9904968 0.8155809 0.9883045 0.7661622 0.5384441 0.8155809 0.5384441 0.8155809 0.5738741 0.7661622 0.778586 0.8155809 0.778586 0.2586499 0.9843469 0.4103232 0.574204 0.4103232 0.9843469 0.8155808 0.7314752 0.7661622 0.5738741 0.8155809 0.5738741 0.8568668 0.8734181 0.9592512 0.5442678 0.9592514 0.8734181 0.7661622 0.7785857 0.8155809 0.7314757 0.8155809 0.7785857 0.9539263 0.7107535 0.9751284 0.6691314 0.7944027 0.6691315 0.7944027 0.6691315 0.7869575 0.6200349 0.9751284 0.6691314 0.854237 0.6691315 0.9152941 0.6200348 0.854237 0.6200349 0.854237 0.7107535 0.9152941 0.6691315 0.854237 0.6691315 0.854237 0.6614369 0.9152941 0.6297057 0.854237 0.6297057 0.854237 0.6988664 0.9152941 0.6614369 0.854237 0.6614369 0.854237 0.7362959 0.9152941 0.6988664 0.854237 0.6988664 0.854237 0.7680272 0.9152941 0.7362959 0.854237 0.7362959 0.854237 0.6691314 0.9152941 0.7107535 0.854237 0.7107535 0.854237 0.6200349 0.9152941 0.6691314 0.854237 0.6691314 0.9825735 0.6200349 0.7869575 0.6200348 0.9751284 0.6691314 0.7869575 0.6200348 0.7944027 0.6691315 0.9751284 0.6691314 0.7944027 0.6691315 0.8156048 0.7107535 0.9539263 0.7107535 0.8156048 0.7107535 0.8473361 0.7385644 0.9221951 0.7385644 0.8473361 0.7385644 0.8847656 0.7483304 0.9221951 0.7385644 0.9221951 0.7385644 0.9539263 0.7107535 0.8156048 0.7107535 0.7869575 0.6200349 0.9825735 0.6200349 0.9751284 0.6691314 0.9751284 0.6691314 0.9539263 0.7107535 0.8156048 0.7107535 0.9539263 0.7107535 0.9221951 0.7385644 0.8473361 0.7385644 0.9221951 0.7385644 0.8847656 0.7483304 0.8473361 0.7385644 0.8473361 0.7385644 0.8156048 0.7107535 0.9539263 0.7107535 0.8156048 0.7107535 0.7944027 0.6691315 0.9751284 0.6691314 0.854237 0.6691315 0.9152941 0.6691315 0.9152941 0.6200348 0.854237 0.7107535 0.9152941 0.7107535 0.9152941 0.6691315 0.854237 0.6614369 0.9152941 0.6614369 0.9152941 0.6297057 0.854237 0.6988664 0.9152941 0.6988664 0.9152941 0.6614369 0.854237 0.7362959 0.9152941 0.7362959 0.9152941 0.6988664 0.854237 0.7680272 0.9152941 0.7680272 0.9152941 0.7362959 0.854237 0.6691314 0.9152941 0.6691314 0.9152941 0.7107535 0.854237 0.6200349 0.9152941 0.6200349 0.9152941 0.6691314 0.9539263 0.7107535 0.9751284 0.6691314 0.7944027 0.6691315 0.7944027 0.6691315 0.7869575 0.6200349 0.9751284 0.6691314 0.854237 0.6691315 0.9152941 0.6200348 0.854237 0.6200349 0.854237 0.7107535 0.9152941 0.6691315 0.854237 0.6691315 0.854237 0.6614369 0.9152941 0.6297057 0.854237 0.6297057 0.854237 0.6988664 0.9152941 0.6614369 0.854237 0.6614369 0.854237 0.7362959 0.9152941 0.6988664 0.854237 0.6988664 0.854237 0.7680272 0.9152941 0.7362959 0.854237 0.7362959 0.854237 0.6691314 0.9152941 0.7107535 0.854237 0.7107535 0.854237 0.6200349 0.9152941 0.6691314 0.854237 0.6691314 0.9825735 0.6200349 0.7869575 0.6200348 0.9751284 0.6691314 0.7869575 0.6200348 0.7944027 0.6691315 0.9751284 0.6691314 0.7944027 0.6691315 0.8156048 0.7107535 0.9539263 0.7107535 0.8156048 0.7107535 0.8473361 0.7385644 0.9221951 0.7385644 0.8473361 0.7385644 0.8847656 0.7483304 0.9221951 0.7385644 0.9221951 0.7385644 0.9539263 0.7107535 0.8156048 0.7107535 0.7869575 0.6200349 0.9825735 0.6200349 0.9751284 0.6691314 0.9751284 0.6691314 0.9539263 0.7107535 0.8156048 0.7107535 0.9539263 0.7107535 0.9221951 0.7385644 0.8473361 0.7385644 0.9221951 0.7385644 0.8847656 0.7483304 0.8473361 0.7385644 0.8473361 0.7385644 0.8156048 0.7107535 0.9539263 0.7107535 0.8156048 0.7107535 0.7944027 0.6691315 0.9751284 0.6691314 0.854237 0.6691315 0.9152941 0.6691315 0.9152941 0.6200348 0.854237 0.7107535 0.9152941 0.7107535 0.9152941 0.6691315 0.854237 0.6614369 0.9152941 0.6614369 0.9152941 0.6297057 0.854237 0.6988664 0.9152941 0.6988664 0.9152941 0.6614369 0.854237 0.7362959 0.9152941 0.7362959 0.9152941 0.6988664 0.854237 0.7680272 0.9152941 0.7680272 0.9152941 0.7362959 0.854237 0.6691314 0.9152941 0.6691314 0.9152941 0.7107535 0.854237 0.6200349 0.9152941 0.6200349 0.9152941 0.6691314 0.9539263 0.7107535 0.9751284 0.6691314 0.7944027 0.6691315 0.7944027 0.6691315 0.7869575 0.6200349 0.9751284 0.6691314 0.854237 0.6691315 0.9152941 0.6200348 0.854237 0.6200349 0.854237 0.7107535 0.9152941 0.6691315 0.854237 0.6691315 0.854237 0.6614369 0.9152941 0.6297057 0.854237 0.6297057 0.854237 0.6988664 0.9152941 0.6614369 0.854237 0.6614369 0.854237 0.7362959 0.9152941 0.6988664 0.854237 0.6988664 0.854237 0.7680272 0.9152941 0.7362959 0.854237 0.7362959 0.854237 0.6691314 0.9152941 0.7107535 0.854237 0.7107535 0.854237 0.6200349 0.9152941 0.6691314 0.854237 0.6691314 0.9825735 0.6200349 0.7869575 0.6200348 0.9751284 0.6691314 0.7869575 0.6200348 0.7944027 0.6691315 0.9751284 0.6691314 0.7944027 0.6691315 0.8156048 0.7107535 0.9539263 0.7107535 0.8156048 0.7107535 0.8473361 0.7385644 0.9221951 0.7385644 0.8473361 0.7385644 0.8847656 0.7483304 0.9221951 0.7385644 0.9221951 0.7385644 0.9539263 0.7107535 0.8156048 0.7107535 0.7869575 0.6200349 0.9825735 0.6200349 0.9751284 0.6691314 0.9751284 0.6691314 0.9539263 0.7107535 0.8156048 0.7107535 0.9539263 0.7107535 0.9221951 0.7385644 0.8473361 0.7385644 0.9221951 0.7385644 0.8847656 0.7483304 0.8473361 0.7385644 0.8473361 0.7385644 0.8156048 0.7107535 0.9539263 0.7107535 0.8156048 0.7107535 0.7944027 0.6691315 0.9751284 0.6691314 0.854237 0.6691315 0.9152941 0.6691315 0.9152941 0.6200348 0.854237 0.7107535 0.9152941 0.7107535 0.9152941 0.6691315 0.854237 0.6614369 0.9152941 0.6614369 0.9152941 0.6297057 0.854237 0.6988664 0.9152941 0.6988664 0.9152941 0.6614369 0.854237 0.7362959 0.9152941 0.7362959 0.9152941 0.6988664 0.854237 0.7680272 0.9152941 0.7680272 0.9152941 0.7362959 0.854237 0.6691314 0.9152941 0.6691314 0.9152941 0.7107535 0.854237 0.6200349 0.9152941 0.6200349 0.9152941 0.6691314 0.9539263 0.7107535 0.9751284 0.6691314 0.7944027 0.6691315 0.7944027 0.6691315 0.7869575 0.6200349 0.9751284 0.6691314 0.854237 0.6691315 0.9152941 0.6200348 0.854237 0.6200349 0.854237 0.7107535 0.9152941 0.6691315 0.854237 0.6691315 0.854237 0.6614369 0.9152941 0.6297057 0.854237 0.6297057 0.854237 0.6988664 0.9152941 0.6614369 0.854237 0.6614369 0.854237 0.7362959 0.9152941 0.6988664 0.854237 0.6988664 0.854237 0.7680272 0.9152941 0.7362959 0.854237 0.7362959 0.854237 0.6691314 0.9152941 0.7107535 0.854237 0.7107535 0.854237 0.6200349 0.9152941 0.6691314 0.854237 0.6691314 0.9825735 0.6200349 0.7869575 0.6200348 0.9751284 0.6691314 0.7869575 0.6200348 0.7944027 0.6691315 0.9751284 0.6691314 0.7944027 0.6691315 0.8156048 0.7107535 0.9539263 0.7107535 0.8156048 0.7107535 0.8473361 0.7385644 0.9221951 0.7385644 0.8473361 0.7385644 0.8847656 0.7483304 0.9221951 0.7385644 0.9221951 0.7385644 0.9539263 0.7107535 0.8156048 0.7107535 0.7869575 0.6200349 0.9825735 0.6200349 0.9751284 0.6691314 0.9751284 0.6691314 0.9539263 0.7107535 0.8156048 0.7107535 0.9539263 0.7107535 0.9221951 0.7385644 0.8473361 0.7385644 0.9221951 0.7385644 0.8847656 0.7483304 0.8473361 0.7385644 0.8473361 0.7385644 0.8156048 0.7107535 0.9539263 0.7107535 0.8156048 0.7107535 0.7944027 0.6691315 0.9751284 0.6691314 0.854237 0.6691315 0.9152941 0.6691315 0.9152941 0.6200348 0.854237 0.7107535 0.9152941 0.7107535 0.9152941 0.6691315 0.854237 0.6614369 0.9152941 0.6614369 0.9152941 0.6297057 0.854237 0.6988664 0.9152941 0.6988664 0.9152941 0.6614369 0.854237 0.7362959 0.9152941 0.7362959 0.9152941 0.6988664 0.854237 0.7680272 0.9152941 0.7680272 0.9152941 0.7362959 0.854237 0.6691314 0.9152941 0.6691314 0.9152941 0.7107535 0.854237 0.6200349 0.9152941 0.6200349 0.9152941 0.6691314 0.9378787 0.7599553 0.9432725 0.7337429 0.897296 0.7337429 0.9026898 0.7599553 0.8972957 0.7337429 0.9432725 0.7337429 0.806374 0.7028231 0.8236776 0.7337429 0.806374 0.7337429 0.806374 0.7337429 0.8236776 0.7599553 0.806374 0.7599553 0.806374 0.7599553 0.8236776 0.7774703 0.806374 0.7774703 0.9298063 0.9630113 0.9202841 0.9284042 0.9298063 0.9284042 0.9202841 0.9630113 0.910762 0.9284042 0.9202841 0.9284042 0.8236776 0.7774698 0.806374 0.7599553 0.806374 0.7774703 0.806374 0.7599553 0.8236776 0.7337429 0.806374 0.7337429 0.806374 0.7337429 0.8236776 0.7028231 0.806374 0.7028231 0.9432725 0.7337429 0.9451665 0.7028228 0.8954017 0.7028231 0.8954017 0.7028231 0.897296 0.7337429 0.9432725 0.7337429 0.897296 0.7337429 0.9026898 0.7599553 0.9378787 0.7599553 0.9026898 0.7599553 0.910762 0.7774698 0.9378787 0.7599553 0.910762 0.7774698 0.9202841 0.7836202 0.9298063 0.7774703 0.9378787 0.7599553 0.910762 0.7774698 0.9298063 0.7774703 0.8972957 0.7337429 0.8954017 0.7028231 0.9451665 0.7028231 0.9451665 0.7028231 0.9432725 0.7337429 0.8972957 0.7337429 0.9432725 0.7337429 0.9378787 0.7599553 0.9026898 0.7599553 0.9378787 0.7599553 0.9298063 0.7774703 0.9026898 0.7599553 0.9298063 0.7774703 0.9202841 0.7836202 0.910762 0.7774703 0.9026898 0.7599553 0.9298063 0.7774703 0.910762 0.7774703 0.806374 0.7028231 0.8236776 0.7028228 0.8236776 0.7337429 0.806374 0.7337429 0.8236776 0.7337429 0.8236776 0.7599553 0.806374 0.7599553 0.8236776 0.7599553 0.8236776 0.7774703 0.9298063 0.9630113 0.9202841 0.9630113 0.9202841 0.9284042 0.9202841 0.9630113 0.910762 0.9630113 0.910762 0.9284042 0.8236776 0.7774698 0.8236776 0.7599553 0.806374 0.7599553 0.806374 0.7599553 0.8236776 0.7599553 0.8236776 0.7337429 0.806374 0.7337429 0.8236776 0.7337429 0.8236776 0.7028231 0.9378787 0.7599553 0.9432725 0.7337429 0.897296 0.7337429 0.9026898 0.7599553 0.8972957 0.7337429 0.9432725 0.7337429 0.806374 0.7028231 0.8236776 0.7337429 0.806374 0.7337429 0.806374 0.7337429 0.8236776 0.7599553 0.806374 0.7599553 0.806374 0.7599553 0.8236776 0.7774703 0.806374 0.7774703 0.9298063 0.9630113 0.9202841 0.9284042 0.9298063 0.9284042 0.9202841 0.9630113 0.910762 0.9284042 0.9202841 0.9284042 0.8236776 0.7774698 0.806374 0.7599553 0.806374 0.7774703 0.806374 0.7599553 0.8236776 0.7337429 0.806374 0.7337429 0.806374 0.7337429 0.8236776 0.7028231 0.806374 0.7028231 0.9432725 0.7337429 0.9451665 0.7028228 0.8954017 0.7028231 0.8954017 0.7028231 0.897296 0.7337429 0.9432725 0.7337429 0.897296 0.7337429 0.9026898 0.7599553 0.9378787 0.7599553 0.9026898 0.7599553 0.910762 0.7774698 0.9378787 0.7599553 0.910762 0.7774698 0.9202841 0.7836202 0.9298063 0.7774703 0.9378787 0.7599553 0.910762 0.7774698 0.9298063 0.7774703 0.8972957 0.7337429 0.8954017 0.7028231 0.9451665 0.7028231 0.9451665 0.7028231 0.9432725 0.7337429 0.8972957 0.7337429 0.9432725 0.7337429 0.9378787 0.7599553 0.9026898 0.7599553 0.9378787 0.7599553 0.9298063 0.7774703 0.9026898 0.7599553 0.9298063 0.7774703 0.9202841 0.7836202 0.910762 0.7774703 0.9026898 0.7599553 0.9298063 0.7774703 0.910762 0.7774703 0.806374 0.7028231 0.8236776 0.7028228 0.8236776 0.7337429 0.806374 0.7337429 0.8236776 0.7337429 0.8236776 0.7599553 0.806374 0.7599553 0.8236776 0.7599553 0.8236776 0.7774703 0.9298063 0.9630113 0.9202841 0.9630113 0.9202841 0.9284042 0.9202841 0.9630113 0.910762 0.9630113 0.910762 0.9284042 0.8236776 0.7774698 0.8236776 0.7599553 0.806374 0.7599553 0.806374 0.7599553 0.8236776 0.7599553 0.8236776 0.7337429 0.806374 0.7337429 0.8236776 0.7337429 0.8236776 0.7028231 0.32272 0.3649505 0.4804173 0.1035204 0.32272 0.1035199 -6.21974e-4 0.9708451 0.2328576 0.7181742 -6.21974e-4 0.7181734 0.8085023 1.003434 0.901325 0.5477811 0.9013251 1.003434 0.901325 0.5477811 0.8085023 1.003434 0.9013251 1.003434 0.2783909 0.1800502 0.4507918 0.3737564 0.2783909 0.3737564 0.3286277 0.3808098 0.7701997 0.1800758 0.7701997 0.3808112 0.9013251 0.723461 0.8085023 0.827755 0.9013251 0.827755 0.8517717 0.6306953 0.7732676 0.7039721 0.851772 0.7039721 0.7732676 0.7039721 0.8517717 0.6306953 0.851772 0.7039721 0.8363968 0.3062151 0.7186474 0.1645948 0.8363968 0.1645948 0.8413026 0.3062174 0.7137419 0.1645948 0.8413026 0.1645972 0.7186477 0.1645972 0.8363972 0.3062174 0.8363972 0.1645972 0.7137419 0.1645948 0.8413026 0.3062174 0.8413026 0.1645972 0.4395863 0.3824441 0.4680254 0.02883285 0.4395863 0.02883285 0.4888443 0.3824441 0.4680254 0.02883285 0.4888443 0.02883285 0.4680254 0.3824441 0.4395863 0.02883285 0.4680254 0.02883285 0.4395863 0.3824441 0.4111472 0.02883285 0.4395863 0.02883285 0.4888442 0.3824441 0.4680254 0.02883285 0.4888442 0.02883285 0.4680254 0.3824441 0.4395863 0.02883285 0.4680254 0.02883285 0.4395863 0.3824441 0.4111472 0.02883285 0.4395863 0.02883285 0.4111472 0.3824441 0.3903284 0.02883285 0.4111472 0.02883285 0.4111472 0.3824441 0.4395863 0.02883285 0.4111472 0.02883285 0.4395863 0.3824441 0.4680254 0.02883285 0.4395863 0.02883285 0.4680254 0.3824441 0.4888443 0.02883285 0.4680254 0.02883285 0.4111472 0.3824441 0.4395863 0.02883285 0.4111472 0.02883285 0.4395863 0.02883285 0.4680254 0.02883285 0.4395863 0.02883285 0.4395863 0.3824441 0.4680254 0.3824441 0.4680254 0.3824441 0.7732676 0.7039721 0.8517717 0.6306953 0.851772 0.7039721 0.7732676 0.7039721 0.8517717 0.6306953 0.851772 0.7039721 0.8363968 0.3062151 0.7186474 0.1645948 0.8363968 0.1645948 0.8413026 0.3062174 0.7137419 0.1645948 0.8413026 0.1645972 0.7186477 0.1645972 0.8363972 0.3062174 0.8363972 0.1645972 0.7137419 0.1645948 0.8413026 0.3062174 0.8413026 0.1645972 0.8363968 0.3062151 0.7186474 0.1645948 0.8363968 0.1645948 0.8413026 0.3062174 0.7137419 0.1645948 0.8413026 0.1645972 0.7186477 0.1645972 0.8363972 0.3062174 0.8363972 0.1645972 0.7137419 0.1645948 0.8413026 0.3062174 0.8413026 0.1645972 0.9378787 0.7599553 0.9432725 0.7337429 0.897296 0.7337429 0.9026898 0.7599553 0.8972957 0.7337429 0.9432725 0.7337429 0.806374 0.7028231 0.8236776 0.7337429 0.806374 0.7337429 0.806374 0.7337429 0.8236776 0.7599553 0.806374 0.7599553 0.806374 0.7599553 0.8236776 0.7774703 0.806374 0.7774703 0.9298063 0.9630113 0.9202841 0.9284042 0.9298063 0.9284042 0.9202841 0.9630113 0.910762 0.9284042 0.9202841 0.9284042 0.8236776 0.7774698 0.806374 0.7599553 0.806374 0.7774703 0.806374 0.7599553 0.8236776 0.7337429 0.806374 0.7337429 0.806374 0.7337429 0.8236776 0.7028231 0.806374 0.7028231 0.9432725 0.7337429 0.9451665 0.7028228 0.8954017 0.7028231 0.8954017 0.7028231 0.897296 0.7337429 0.9432725 0.7337429 0.897296 0.7337429 0.9026898 0.7599553 0.9378787 0.7599553 0.9026898 0.7599553 0.910762 0.7774698 0.9378787 0.7599553 0.910762 0.7774698 0.9202841 0.7836202 0.9298063 0.7774703 0.9378787 0.7599553 0.910762 0.7774698 0.9298063 0.7774703 0.8972957 0.7337429 0.8954017 0.7028231 0.9451665 0.7028231 0.9451665 0.7028231 0.9432725 0.7337429 0.8972957 0.7337429 0.9432725 0.7337429 0.9378787 0.7599553 0.9026898 0.7599553 0.9378787 0.7599553 0.9298063 0.7774703 0.9026898 0.7599553 0.9298063 0.7774703 0.9202841 0.7836202 0.910762 0.7774703 0.9026898 0.7599553 0.9298063 0.7774703 0.910762 0.7774703 0.806374 0.7028231 0.8236776 0.7028228 0.8236776 0.7337429 0.806374 0.7337429 0.8236776 0.7337429 0.8236776 0.7599553 0.806374 0.7599553 0.8236776 0.7599553 0.8236776 0.7774703 0.9298063 0.9630113 0.9202841 0.9630113 0.9202841 0.9284042 0.9202841 0.9630113 0.910762 0.9630113 0.910762 0.9284042 0.8236776 0.7774698 0.8236776 0.7599553 0.806374 0.7599553 0.806374 0.7599553 0.8236776 0.7599553 0.8236776 0.7337429 0.806374 0.7337429 0.8236776 0.7337429 0.8236776 0.7028231 0.9378787 0.7599553 0.9432725 0.7337429 0.897296 0.7337429 0.9026898 0.7599553 0.8972957 0.7337429 0.9432725 0.7337429 0.806374 0.7028231 0.8236776 0.7337429 0.806374 0.7337429 0.806374 0.7337429 0.8236776 0.7599553 0.806374 0.7599553 0.806374 0.7599553 0.8236776 0.7774703 0.806374 0.7774703 0.9298063 0.9630113 0.9202841 0.9284042 0.9298063 0.9284042 0.9202841 0.9630113 0.910762 0.9284042 0.9202841 0.9284042 0.8236776 0.7774698 0.806374 0.7599553 0.806374 0.7774703 0.806374 0.7599553 0.8236776 0.7337429 0.806374 0.7337429 0.806374 0.7337429 0.8236776 0.7028231 0.806374 0.7028231 0.9432725 0.7337429 0.9451665 0.7028228 0.8954017 0.7028231 0.8954017 0.7028231 0.897296 0.7337429 0.9432725 0.7337429 0.897296 0.7337429 0.9026898 0.7599553 0.9378787 0.7599553 0.9026898 0.7599553 0.910762 0.7774698 0.9378787 0.7599553 0.910762 0.7774698 0.9202841 0.7836202 0.9298063 0.7774703 0.9378787 0.7599553 0.910762 0.7774698 0.9298063 0.7774703 0.8972957 0.7337429 0.8954017 0.7028231 0.9451665 0.7028231 0.9451665 0.7028231 0.9432725 0.7337429 0.8972957 0.7337429 0.9432725 0.7337429 0.9378787 0.7599553 0.9026898 0.7599553 0.9378787 0.7599553 0.9298063 0.7774703 0.9026898 0.7599553 0.9298063 0.7774703 0.9202841 0.7836202 0.910762 0.7774703 0.9026898 0.7599553 0.9298063 0.7774703 0.910762 0.7774703 0.806374 0.7028231 0.8236776 0.7028228 0.8236776 0.7337429 0.806374 0.7337429 0.8236776 0.7337429 0.8236776 0.7599553 0.806374 0.7599553 0.8236776 0.7599553 0.8236776 0.7774703 0.9298063 0.9630113 0.9202841 0.9630113 0.9202841 0.9284042 0.9202841 0.9630113 0.910762 0.9630113 0.910762 0.9284042 0.8236776 0.7774698 0.8236776 0.7599553 0.806374 0.7599553 0.806374 0.7599553 0.8236776 0.7599553 0.8236776 0.7337429 0.806374 0.7337429 0.8236776 0.7337429 0.8236776 0.7028231 0.9378787 0.7599553 0.9432725 0.7337429 0.897296 0.7337429 0.9026898 0.7599553 0.8972957 0.7337429 0.9432725 0.7337429 0.806374 0.7028231 0.8236776 0.7337429 0.806374 0.7337429 0.806374 0.7337429 0.8236776 0.7599553 0.806374 0.7599553 0.806374 0.7599553 0.8236776 0.7774703 0.806374 0.7774703 0.9298063 0.9630113 0.9202841 0.9284042 0.9298063 0.9284042 0.9202841 0.9630113 0.910762 0.9284042 0.9202841 0.9284042 0.8236776 0.7774698 0.806374 0.7599553 0.806374 0.7774703 0.806374 0.7599553 0.8236776 0.7337429 0.806374 0.7337429 0.806374 0.7337429 0.8236776 0.7028231 0.806374 0.7028231 0.9432725 0.7337429 0.9451665 0.7028228 0.8954017 0.7028231 0.8954017 0.7028231 0.897296 0.7337429 0.9432725 0.7337429 0.897296 0.7337429 0.9026898 0.7599553 0.9378787 0.7599553 0.9026898 0.7599553 0.910762 0.7774698 0.9378787 0.7599553 0.910762 0.7774698 0.9202841 0.7836202 0.9298063 0.7774703 0.9378787 0.7599553 0.910762 0.7774698 0.9298063 0.7774703 0.8972957 0.7337429 0.8954017 0.7028231 0.9451665 0.7028231 0.9451665 0.7028231 0.9432725 0.7337429 0.8972957 0.7337429 0.9432725 0.7337429 0.9378787 0.7599553 0.9026898 0.7599553 0.9378787 0.7599553 0.9298063 0.7774703 0.9026898 0.7599553 0.9298063 0.7774703 0.9202841 0.7836202 0.910762 0.7774703 0.9026898 0.7599553 0.9298063 0.7774703 0.910762 0.7774703 0.806374 0.7028231 0.8236776 0.7028228 0.8236776 0.7337429 0.806374 0.7337429 0.8236776 0.7337429 0.8236776 0.7599553 0.806374 0.7599553 0.8236776 0.7599553 0.8236776 0.7774703 0.9298063 0.9630113 0.9202841 0.9630113 0.9202841 0.9284042 0.9202841 0.9630113 0.910762 0.9630113 0.910762 0.9284042 0.8236776 0.7774698 0.8236776 0.7599553 0.806374 0.7599553 0.806374 0.7599553 0.8236776 0.7599553 0.8236776 0.7337429 0.806374 0.7337429 0.8236776 0.7337429 0.8236776 0.7028231 0.9718987 0.2351013 0.9620751 0.2351013 0.9620751 0.1864575 0.9620751 0.1864575 0.9718987 0.1864575 0.9718987 0.2351013 0.9717319 0.2351013 0.9619082 0.2351013 0.9619082 0.1864575 0.9619082 0.1864575 0.9717319 0.1864575 0.9717319 0.2351013 0.9718987 0.2351013 0.9620751 0.2351013 0.9620751 0.1864575 0.9620751 0.1864575 0.9718987 0.1864575 0.9718987 0.2351013 0.9717319 0.2351013 0.9619082 0.2351013 0.9619082 0.1864575 0.9619082 0.1864575 0.9717319 0.1864575 0.9717319 0.2351013 0.9718987 0.2351013 0.9620751 0.2351013 0.9620751 0.1864575 0.9620751 0.1864575 0.9718987 0.1864575 0.9718987 0.2351013 0.9717319 0.2351013 0.9619082 0.2351013 0.9619082 0.1864575 0.9619082 0.1864575 0.9717319 0.1864575 0.9717319 0.2351013 0.4939126 0.8871113 0.2642568 0.9561954 0.2642568 0.8871113 0.7525138 0.7578125 0.9896737 0.7578125 0.9896737 0.9949724 0.7525138 0.9949724 0.7525138 0.7578125 0.9896737 0.7578125 0.9896737 0.9949724 0.9896737 0.7578125 0.7525138 0.7578125 0.9896737 0.7578125 0.7525138 0.7578125 0.7525138 0.9949724 0.4909836 -3.7346e-4 0.3077671 -3.7346e-4 0.3077671 0.3795408 0.3077671 0.3795408 0.3077671 -3.7346e-4 0.4909836 -3.7346e-4 0.7751519 0.5886315 0.7751519 0.9324194 0.9421667 0.9324194 0.4962071 0.1913877 0.2995052 0.1913877 0.2995052 0.2468321 0.2237812 0.1913877 0.4259249 0.1913877 0.4259249 0.2468321 0.4259249 0.1913877 0.2237812 0.1913877 0.2237812 0.2468321 0.2995052 0.1913877 0.4962071 0.1913877 0.4962071 0.2468321 0.4045621 0.2675487 0.4016328 0.2526357 0.2760743 0.2526357 0.4045621 0.2675487 0.2694138 0.2675487 0.2760743 0.2526357 0.320041 0.2675487 0.4515511 0.2675487 0.4452875 0.2526357 0.320041 0.2675487 0.3231091 0.2526357 0.4452875 0.2526357 0.8474007 0.4650692 0.8912783 0.4705333 0.8912783 0.4650692 0.8474006 0.4759973 0.8912783 0.4705333 0.8474006 0.4705332 0.8474004 0.4814615 0.8912783 0.4759973 0.8474006 0.4759973 0.8474004 0.4814615 0.8912783 0.4869254 0.8912783 0.4814614 0.8474004 0.4923895 0.8912783 0.4869254 0.8474004 0.4869256 0.8474004 0.4923895 0.8912783 0.4978536 0.8912783 0.4923895 0.8474004 0.5033177 0.8912783 0.4978536 0.8474004 0.4978536 0.1643771 0.4570792 0.1599784 0.4680188 0.1624194 0.4740897 0.8474007 0.4650692 0.8912783 0.4705333 0.8912783 0.4650692 0.8474006 0.4759973 0.8912783 0.4705333 0.8474006 0.4705332 0.8474004 0.4814615 0.8912783 0.4759973 0.8474006 0.4759973 0.8474004 0.4814615 0.8912783 0.4869254 0.8912783 0.4814614 0.8474004 0.4923895 0.8912783 0.4869254 0.8474004 0.4869256 0.8474004 0.4923895 0.8912783 0.4978536 0.8912783 0.4923895 0.8474004 0.5033177 0.8912783 0.4978536 0.8474004 0.4978536 0.1624194 0.4740897 0.1687759 0.4680188 0.1599784 0.4680188 0.8474007 0.4650692 0.8912783 0.4705333 0.8912783 0.4650692 0.8474006 0.4759973 0.8912783 0.4705333 0.8474006 0.4705332 0.8474004 0.4814615 0.8912783 0.4759973 0.8474006 0.4759973 0.8474004 0.4814615 0.8912783 0.4869254 0.8912783 0.4814614 0.8474004 0.4923895 0.8912783 0.4869254 0.8474004 0.4869256 0.8474004 0.4923895 0.8912783 0.4978536 0.8912783 0.4923895 0.8474004 0.5033177 0.8912783 0.4978536 0.8474004 0.4978536 0.1687759 0.4680188 0.1599784 0.4680188 0.1624194 0.4740897 0.8474007 0.4650692 0.8912783 0.4705333 0.8912783 0.4650692 0.8474006 0.4759973 0.8912783 0.4705333 0.8474006 0.4705332 0.8474004 0.4814615 0.8912783 0.4759973 0.8474006 0.4759973 0.8474004 0.4814615 0.8912783 0.4869254 0.8912783 0.4814614 0.8474004 0.4923895 0.8912783 0.4869254 0.8474004 0.4869256 0.8474004 0.4923895 0.8912783 0.4978536 0.8912783 0.4923895 0.8474004 0.5033177 0.8912783 0.4978536 0.8474004 0.4978536 0.1687759 0.4680188 0.1599784 0.4680188 0.1624194 0.4740897 0.8474006 0.4705332 0.8912783 0.4650692 0.8474007 0.4650692 0.8474006 0.4705332 0.8912783 0.4759973 0.8912783 0.4705333 0.8474004 0.4814615 0.8912783 0.4759973 0.8474006 0.4759973 0.8474004 0.4814615 0.8912783 0.4869254 0.8912783 0.4814614 0.8474004 0.4923895 0.8912783 0.4869254 0.8474004 0.4869256 0.8474004 0.4923895 0.8912783 0.4978536 0.8912783 0.4923895 0.8474004 0.4978536 0.8912783 0.5033177 0.8912783 0.4978536 0.8912783 0.4705333 0.8912783 0.4650692 0.8474006 0.4705332 0.8474006 0.4705332 0.8912783 0.4650692 0.8474007 0.4650692 0.8474006 0.4705332 0.8912783 0.4759973 0.8912783 0.4705333 0.8474004 0.4814615 0.8912783 0.4759973 0.8474006 0.4759973 0.8474004 0.4814615 0.8912783 0.4869254 0.8912783 0.4814614 0.8474004 0.4923895 0.8912783 0.4869254 0.8474004 0.4869256 0.8474004 0.4923895 0.8912783 0.4978536 0.8912783 0.4923895 0.8474004 0.4978536 0.8912783 0.5033177 0.8912783 0.4978536 0.8912783 0.4705333 0.8912783 0.4650692 0.8474006 0.4705332 0.8474006 0.4705332 0.8912783 0.4650692 0.8474007 0.4650692 0.8474006 0.4705332 0.8912783 0.4759973 0.8912783 0.4705333 0.8474004 0.4814615 0.8912783 0.4759973 0.8474006 0.4759973 0.8474004 0.4814615 0.8912783 0.4869254 0.8912783 0.4814614 0.8474004 0.4923895 0.8912783 0.4869254 0.8474004 0.4869256 0.8474004 0.4923895 0.8912783 0.4978536 0.8912783 0.4923895 0.8474004 0.4978536 0.8912783 0.5033177 0.8912783 0.4978536 0.8912783 0.4705333 0.8912783 0.4650692 0.8474006 0.4705332 0.8474006 0.4705332 0.8912783 0.4650692 0.8474007 0.4650692 0.8474006 0.4705332 0.8912783 0.4759973 0.8912783 0.4705333 0.8474004 0.4814615 0.8912783 0.4759973 0.8474006 0.4759973 0.8474004 0.4814615 0.8912783 0.4869254 0.8912783 0.4814614 0.8474004 0.4923895 0.8912783 0.4869254 0.8474004 0.4869256 0.8474004 0.4923895 0.8912783 0.4978536 0.8912783 0.4923895 0.8474004 0.4978536 0.8912783 0.5033177 0.8912783 0.4978536 0.1687759 0.4680188 0.1599784 0.4680188 0.1624194 0.4740897 0.8474006 0.4705332 0.8912783 0.4650692 0.8474007 0.4650692 0.8474006 0.4759973 0.8912783 0.4705333 0.8474006 0.4705332 0.8474004 0.4814615 0.8912783 0.4759973 0.8474006 0.4759973 0.8474004 0.4869256 0.8912783 0.4814614 0.8474004 0.4814615 0.8474004 0.4923895 0.8912783 0.4869254 0.8474004 0.4869256 0.8474004 0.4978536 0.8912783 0.4923895 0.8474004 0.4923895 0.8474004 0.5033177 0.8912783 0.4978536 0.8474004 0.4978536 0.1687759 0.4680188 0.1599784 0.4680188 0.1624194 0.4740897 0.8474006 0.4705332 0.8912783 0.4650692 0.8474007 0.4650692 0.8474006 0.4759973 0.8912783 0.4705333 0.8474006 0.4705332 0.8474004 0.4814615 0.8912783 0.4759973 0.8474006 0.4759973 0.8474004 0.4869256 0.8912783 0.4814614 0.8474004 0.4814615 0.8474004 0.4923895 0.8912783 0.4869254 0.8474004 0.4869256 0.8474004 0.4978536 0.8912783 0.4923895 0.8474004 0.4923895 0.8474004 0.5033177 0.8912783 0.4978536 0.8474004 0.4978536 0.1687759 0.4680188 0.1599784 0.4680188 0.1624194 0.4740897 0.8474006 0.4705332 0.8912783 0.4650692 0.8474007 0.4650692 0.8474006 0.4759973 0.8912783 0.4705333 0.8474006 0.4705332 0.8474004 0.4814615 0.8912783 0.4759973 0.8474006 0.4759973 0.8474004 0.4869256 0.8912783 0.4814614 0.8474004 0.4814615 0.8474004 0.4923895 0.8912783 0.4869254 0.8474004 0.4869256 0.8474004 0.4978536 0.8912783 0.4923895 0.8474004 0.4923895 0.8474004 0.5033177 0.8912783 0.4978536 0.8474004 0.4978536 0.1687759 0.4680188 0.1599784 0.4680188 0.1624194 0.4740897 0.8474006 0.4705332 0.8912783 0.4650692 0.8474007 0.4650692 0.8474006 0.4759973 0.8912783 0.4705333 0.8474006 0.4705332 0.8474004 0.4814615 0.8912783 0.4759973 0.8474006 0.4759973 0.8474004 0.4869256 0.8912783 0.4814614 0.8474004 0.4814615 0.8474004 0.4923895 0.8912783 0.4869254 0.8474004 0.4869256 0.8474004 0.4978536 0.8912783 0.4923895 0.8474004 0.4923895 0.8474004 0.5033177 0.8912783 0.4978536 0.8474004 0.4978536 0.1687759 0.4680188 0.1599784 0.4680188 0.1624194 0.4740897 0.8474006 0.4705332 0.8912783 0.4705333 0.8474007 0.4650692 0.8912783 0.4759973 0.8912783 0.4705333 0.8474006 0.4759973 0.8912783 0.4814614 0.8912783 0.4759973 0.8474004 0.4814615 0.8474004 0.4869256 0.8912783 0.4869254 0.8474004 0.4814615 0.8912783 0.4923895 0.8912783 0.4869254 0.8474004 0.4923895 0.8474004 0.4978536 0.8912783 0.4978536 0.8474004 0.4923895 0.8912783 0.5033177 0.8912783 0.4978536 0.8474004 0.5033177 0.1608496 0.4604484 0.1599784 0.4680188 0.1643771 0.4570792 0.1624194 0.4740897 0.1663347 0.4740897 0.1643771 0.4570792 0.1643771 0.4570792 0.1687759 0.4680188 0.1679046 0.4604484 0.8474006 0.4705332 0.8912783 0.4705333 0.8474007 0.4650692 0.1643771 0.4570792 0.1663347 0.4740897 0.1687759 0.4680188 0.8912783 0.4759973 0.8912783 0.4705333 0.8474006 0.4759973 0.8912783 0.4814614 0.8912783 0.4759973 0.8474004 0.4814615 0.8474004 0.4869256 0.8912783 0.4869254 0.8474004 0.4814615 0.8912783 0.4923895 0.8912783 0.4869254 0.8474004 0.4923895 0.8474004 0.4978536 0.8912783 0.4978536 0.8474004 0.4923895 0.8912783 0.5033177 0.8912783 0.4978536 0.8474004 0.5033177 0.1608496 0.4604484 0.1599784 0.4680188 0.1643771 0.4570792 0.1687759 0.4680188 0.1624194 0.4740897 0.1663347 0.4740897 0.1687759 0.4680188 0.1679046 0.4604484 0.1599784 0.4680188 0.8474006 0.4705332 0.8912783 0.4705333 0.8474007 0.4650692 0.1599784 0.4680188 0.1679046 0.4604484 0.1643771 0.4570792 0.8912783 0.4759973 0.8912783 0.4705333 0.8474006 0.4759973 0.8912783 0.4814614 0.8912783 0.4759973 0.8474004 0.4814615 0.8474004 0.4869256 0.8912783 0.4869254 0.8474004 0.4814615 0.8912783 0.4923895 0.8912783 0.4869254 0.8474004 0.4923895 0.8474004 0.4978536 0.8912783 0.4978536 0.8474004 0.4923895 0.8912783 0.5033177 0.8912783 0.4978536 0.8474004 0.5033177 0.1608496 0.4604484 0.1599784 0.4680188 0.1687759 0.4680188 0.1687759 0.4680188 0.1624194 0.4740897 0.1663347 0.4740897 0.1643771 0.4570792 0.1687759 0.4680188 0.1679046 0.4604484 0.1643771 0.4570792 0.1608496 0.4604484 0.1687759 0.4680188 0.8474006 0.4705332 0.8912783 0.4705333 0.8474007 0.4650692 0.8912783 0.4759973 0.8912783 0.4705333 0.8474006 0.4759973 0.8912783 0.4814614 0.8912783 0.4759973 0.8474004 0.4814615 0.8474004 0.4869256 0.8912783 0.4869254 0.8474004 0.4814615 0.8912783 0.4923895 0.8912783 0.4869254 0.8474004 0.4923895 0.8474004 0.4978536 0.8912783 0.4978536 0.8474004 0.4923895 0.8912783 0.5033177 0.8912783 0.4978536 0.8474004 0.5033177 0.1608496 0.4604484 0.1599784 0.4680188 0.1687759 0.4680188 0.1687759 0.4680188 0.1624194 0.4740897 0.1663347 0.4740897 0.1643771 0.4570792 0.1687759 0.4680188 0.1679046 0.4604484 0.1643771 0.4570792 0.1608496 0.4604484 0.1687759 0.4680188 0.8912783 0.4705333 0.8912783 0.4650692 0.8474006 0.4705332 0.8474006 0.4759973 0.8912783 0.4759973 0.8474006 0.4705332 0.8912783 0.4814614 0.8912783 0.4759973 0.8474004 0.4814615 0.8474004 0.4869256 0.8912783 0.4869254 0.8474004 0.4814615 0.8912783 0.4923895 0.8912783 0.4869254 0.8474004 0.4923895 0.8474004 0.4978536 0.8912783 0.4978536 0.8474004 0.4923895 0.8474004 0.5033177 0.8912783 0.5033177 0.8474004 0.4978536 0.1608496 0.4604484 0.1599784 0.4680188 0.1643771 0.4570792 0.1624194 0.4740897 0.1663347 0.4740897 0.1599784 0.4680188 0.1687759 0.4680188 0.1679046 0.4604484 0.1599784 0.4680188 0.1599784 0.4680188 0.1663347 0.4740897 0.1687759 0.4680188 0.1599784 0.4680188 0.1679046 0.4604484 0.1643771 0.4570792 0.8474006 0.4759973 0.8912783 0.4759973 0.8474006 0.4705332 0.8912783 0.4814614 0.8912783 0.4759973 0.8474004 0.4814615 0.8474004 0.4869256 0.8912783 0.4869254 0.8474004 0.4814615 0.8912783 0.4923895 0.8912783 0.4869254 0.8474004 0.4923895 0.8474004 0.4978536 0.8912783 0.4978536 0.8474004 0.4923895 0.8474004 0.5033177 0.8912783 0.5033177 0.8474004 0.4978536 0.1608496 0.4604484 0.1599784 0.4680188 0.1643771 0.4570792 0.1624194 0.4740897 0.1663347 0.4740897 0.1599784 0.4680188 0.1643771 0.4570792 0.1687759 0.4680188 0.1679046 0.4604484 0.1599784 0.4680188 0.1687759 0.4680188 0.1643771 0.4570792 0.1599784 0.4680188 0.1663347 0.4740897 0.1687759 0.4680188 0.8474006 0.4759973 0.8912783 0.4759973 0.8474006 0.4705332 0.8912783 0.4814614 0.8912783 0.4759973 0.8474004 0.4814615 0.8474004 0.4869256 0.8912783 0.4869254 0.8474004 0.4814615 0.8912783 0.4923895 0.8912783 0.4869254 0.8474004 0.4923895 0.8474004 0.4978536 0.8912783 0.4978536 0.8474004 0.4923895 0.8474004 0.5033177 0.8912783 0.5033177 0.8474004 0.4978536 0.1608496 0.4604484 0.1599784 0.4680188 0.1687759 0.4680188 0.1624194 0.4740897 0.1663347 0.4740897 0.1599784 0.4680188 0.1643771 0.4570792 0.1687759 0.4680188 0.1679046 0.4604484 0.1643771 0.4570792 0.1608496 0.4604484 0.1687759 0.4680188 0.1599784 0.4680188 0.1663347 0.4740897 0.1687759 0.4680188 0.8474006 0.4759973 0.8912783 0.4759973 0.8474006 0.4705332 0.8912783 0.4814614 0.8912783 0.4759973 0.8474004 0.4814615 0.8474004 0.4869256 0.8912783 0.4869254 0.8474004 0.4814615 0.8912783 0.4923895 0.8912783 0.4869254 0.8474004 0.4923895 0.8474004 0.4978536 0.8912783 0.4978536 0.8474004 0.4923895 0.8474004 0.5033177 0.8912783 0.5033177 0.8474004 0.4978536 0.1608496 0.4604484 0.1599784 0.4680188 0.1687759 0.4680188 0.1687759 0.4680188 0.1624194 0.4740897 0.1663347 0.4740897 0.1687759 0.4680188 0.1679046 0.4604484 0.1608496 0.4604484 0.8912783 0.4705333 0.8912783 0.4650692 0.8474006 0.4705332 0.1608496 0.4604484 0.1679046 0.4604484 0.1643771 0.4570792 0.8912783 0.4759973 0.8912783 0.4705333 0.8474006 0.4759973 0.8912783 0.4814614 0.8912783 0.4759973 0.8474004 0.4814615 0.8912783 0.4869254 0.8912783 0.4814614 0.8474004 0.4869256 0.8912783 0.4923895 0.8912783 0.4869254 0.8474004 0.4923895 0.8912783 0.4978536 0.8912783 0.4923895 0.8474004 0.4978536 0.8912783 0.5033177 0.8912783 0.4978536 0.8474004 0.5033177 0.1608496 0.4604484 0.1599784 0.4680188 0.1687759 0.4680188 0.1687759 0.4680188 0.1624194 0.4740897 0.1663347 0.4740897 0.1643771 0.4570792 0.1687759 0.4680188 0.1679046 0.4604484 0.1643771 0.4570792 0.1608496 0.4604484 0.1687759 0.4680188 0.8912783 0.4705333 0.8912783 0.4650692 0.8474006 0.4705332 0.8912783 0.4759973 0.8912783 0.4705333 0.8474006 0.4759973 0.8912783 0.4814614 0.8912783 0.4759973 0.8474004 0.4814615 0.8912783 0.4869254 0.8912783 0.4814614 0.8474004 0.4869256 0.8912783 0.4923895 0.8912783 0.4869254 0.8474004 0.4923895 0.8912783 0.4978536 0.8912783 0.4923895 0.8474004 0.4978536 0.8912783 0.5033177 0.8912783 0.4978536 0.8474004 0.5033177 0.1608496 0.4604484 0.1599784 0.4680188 0.1687759 0.4680188 0.1687759 0.4680188 0.1624194 0.4740897 0.1663347 0.4740897 0.1687759 0.4680188 0.1679046 0.4604484 0.1608496 0.4604484 0.8912783 0.4705333 0.8912783 0.4650692 0.8474006 0.4705332 0.1608496 0.4604484 0.1679046 0.4604484 0.1643771 0.4570792 0.8912783 0.4759973 0.8912783 0.4705333 0.8474006 0.4759973 0.8912783 0.4814614 0.8912783 0.4759973 0.8474004 0.4814615 0.8912783 0.4869254 0.8912783 0.4814614 0.8474004 0.4869256 0.8912783 0.4923895 0.8912783 0.4869254 0.8474004 0.4923895 0.8912783 0.4978536 0.8912783 0.4923895 0.8474004 0.4978536 0.8912783 0.5033177 0.8912783 0.4978536 0.8474004 0.5033177 0.1608496 0.4604484 0.1599784 0.4680188 0.1687759 0.4680188 0.1687759 0.4680188 0.1624194 0.4740897 0.1663347 0.4740897 0.1643771 0.4570792 0.1687759 0.4680188 0.1679046 0.4604484 0.1643771 0.4570792 0.1608496 0.4604484 0.1687759 0.4680188 0.8912783 0.4705333 0.8912783 0.4650692 0.8474006 0.4705332 0.8912783 0.4759973 0.8912783 0.4705333 0.8474006 0.4759973 0.8912783 0.4814614 0.8912783 0.4759973 0.8474004 0.4814615 0.8912783 0.4869254 0.8912783 0.4814614 0.8474004 0.4869256 0.8912783 0.4923895 0.8912783 0.4869254 0.8474004 0.4923895 0.8912783 0.4978536 0.8912783 0.4923895 0.8474004 0.4978536 0.8912783 0.5033177 0.8912783 0.4978536 0.8474004 0.5033177 0.1687759 0.4680188 0.1624194 0.4740897 0.1663347 0.4740897 0.1643771 0.4570792 0.1687759 0.4680188 0.1679046 0.4604484 0.1687759 0.4680188 0.1643771 0.4570792 0.1599784 0.4680188 0.1599784 0.4680188 0.1643771 0.4570792 0.1608496 0.4604484 0.9638787 0.2328113 0.9737023 0.1841676 0.9737023 0.2328113 0.9737023 0.1841676 0.9638787 0.2328113 0.9638787 0.1841676 0.9640456 0.2328113 0.9738692 0.1841676 0.9738692 0.2328113 0.9738692 0.1841676 0.9640456 0.2328113 0.9640456 0.1841676 0.9738692 0.2328113 0.9640456 0.1841676 0.9640456 0.2328113 0.9640456 0.1841676 0.9738692 0.2328113 0.9738692 0.1841676 0.9737023 0.2328113 0.9638787 0.1841676 0.9638787 0.2328113 0.9638787 0.1841676 0.9737023 0.2328113 0.9737023 0.1841676 0.8156048 0.7107535 0.9751284 0.6691314 0.7944027 0.6691315 0.9539263 0.7107535 0.7944027 0.6691315 0.9751284 0.6691314 0.854237 0.6200349 0.854237 0.6691315 0.9152941 0.6691315 0.9152941 0.6691315 0.854237 0.6691315 0.854237 0.7107535 0.9152941 0.6297057 0.854237 0.6297057 0.854237 0.6614369 0.9152941 0.6614369 0.854237 0.6614369 0.854237 0.6988664 0.9152941 0.6988664 0.854237 0.6988664 0.854237 0.7362959 0.854237 0.7362959 0.854237 0.7680272 0.9152941 0.7680272 0.9152941 0.7107535 0.854237 0.7107535 0.854237 0.6691314 0.9152941 0.6691314 0.854237 0.6691314 0.854237 0.6200349 0.9751284 0.6691314 0.7944027 0.6691315 0.9825735 0.6200349 0.8156048 0.7107535 0.9751284 0.6691314 0.7944027 0.6691315 0.854237 0.6200349 0.9152941 0.6200348 0.9152941 0.6691315 0.854237 0.6691315 0.9152941 0.6691315 0.9152941 0.7107535 0.854237 0.6297057 0.9152941 0.6297057 0.9152941 0.6614369 0.854237 0.6614369 0.9152941 0.6614369 0.9152941 0.6988664 0.854237 0.7362959 0.854237 0.6988664 0.9152941 0.6988664 0.854237 0.7680272 0.854237 0.7362959 0.9152941 0.7362959 0.854237 0.7107535 0.9152941 0.7107535 0.9152941 0.6691314 0.854237 0.6691314 0.9152941 0.6691314 0.9152941 0.6200349 0.8156048 0.7107535 0.9751284 0.6691314 0.7944027 0.6691315 0.9539263 0.7107535 0.7944027 0.6691315 0.9751284 0.6691314 0.854237 0.6200349 0.854237 0.6691315 0.9152941 0.6691315 0.9152941 0.6691315 0.854237 0.6691315 0.854237 0.7107535 0.9152941 0.6297057 0.854237 0.6297057 0.854237 0.6614369 0.9152941 0.6614369 0.854237 0.6614369 0.854237 0.6988664 0.9152941 0.6988664 0.854237 0.6988664 0.854237 0.7362959 0.9152941 0.7362959 0.854237 0.7362959 0.854237 0.7680272 0.9152941 0.7107535 0.854237 0.7107535 0.854237 0.6691314 0.9152941 0.6691314 0.854237 0.6691314 0.854237 0.6200349 0.9539263 0.7107535 0.7944027 0.6691315 0.9751284 0.6691314 0.7944027 0.6691315 0.9751284 0.6691314 0.7869575 0.6200349 0.854237 0.6200349 0.9152941 0.6200348 0.9152941 0.6691315 0.854237 0.7107535 0.854237 0.6691315 0.9152941 0.6691315 0.854237 0.6614369 0.854237 0.6297057 0.9152941 0.6297057 0.854237 0.6988664 0.854237 0.6614369 0.9152941 0.6614369 0.854237 0.7362959 0.854237 0.6988664 0.9152941 0.6988664 0.854237 0.7680272 0.854237 0.7362959 0.9152941 0.7362959 0.854237 0.6691314 0.854237 0.7107535 0.9152941 0.7107535 0.854237 0.6200349 0.854237 0.6691314 0.9152941 0.6691314 0.9560363 0.7649469 0.8283087 0.6831641 0.9768124 0.6831642 0.7683249 0.7649469 0.8882652 0.8387814 0.7683249 0.6831641 0.7683241 0.5866948 0.7683241 0.6831642 0.8283093 0.6831642 0.8283093 0.6831642 0.7683241 0.6831642 0.7683241 0.7649469 0.9560363 0.6963897 0.9560363 0.5764194 0.9249427 0.5764194 0.9249427 0.5764194 0.8882652 0.5764194 0.8882652 0.6963897 0.8882652 0.5764194 0.7683249 0.5764194 0.8283087 0.6963887 0.8283087 0.6831641 0.9768124 0.6831642 0.8283087 0.5866948 0.9560363 0.7649469 0.8882653 0.8387814 0.9768124 0.6831642 0.7683241 0.5866948 0.8283094 0.5866947 0.8283094 0.6831642 0.7683241 0.7649469 0.7683241 0.6831642 0.8283094 0.6831642 0.7683241 0.8896567 0.7683241 0.9518439 0.8283094 0.9518439 0.7683241 0.8163017 0.7683241 0.8896567 0.8283094 0.8896567 0.7683241 0.8163017 0.8283094 0.8163018 0.8283087 0.6963886 0.8283087 0.5866948 0.8283087 0.6831641 0.9768124 0.6831642 0.8882652 0.8387814 0.9560363 0.7649469 0.9249427 0.8195925 0.7683241 0.5866948 0.8283093 0.5866947 0.8283093 0.6831642 0.7683241 0.7649469 0.7683241 0.6831642 0.8283093 0.6831642 0.9249427 0.5764194 0.9560363 0.5764194 0.9560363 0.6963897 0.9249427 0.5764194 0.9249427 0.6963898 0.8882652 0.6963897 0.8882652 0.5764194 0.8882652 0.6963897 0.8283087 0.6963887 0.8283087 0.7649469 0.8882653 0.8387814 0.8283087 0.8195924 0.768325 0.7649469 0.8882653 0.8387814 0.768325 0.6831641 0.7683241 0.5866948 0.7683241 0.6831642 0.8283094 0.6831642 0.8283094 0.6831642 0.7683241 0.6831642 0.7683241 0.7649469 0.8283094 0.9518439 0.7683241 0.9518439 0.7683241 0.8896567 0.8283094 0.8896567 0.7683241 0.8896567 0.7683241 0.8163017 0.7683241 0.8163017 0.7683241 0.5764212 0.8283087 0.6963886 0.8283087 0.6831641 0.9768124 0.6831642 0.8283087 0.5866948 0.8882652 0.8387814 0.9560363 0.7649469 0.9249427 0.8195925 0.7683241 0.5866948 0.8283093 0.5866947 0.8283093 0.6831642 0.7683241 0.7649469 0.7683241 0.6831642 0.8283093 0.6831642 0.9249427 0.5764194 0.9560363 0.5764194 0.9560363 0.6963897 0.8882652 0.5764194 0.9249427 0.5764194 0.9249427 0.6963898 0.8882652 0.5764194 0.8882652 0.6963897 0.8283087 0.6963887 0.8283087 0.7649469 0.8882653 0.8387814 0.8283087 0.8195924 0.768325 0.7649469 0.8882653 0.8387814 0.768325 0.6831641 0.7683241 0.5866948 0.7683241 0.6831642 0.8283094 0.6831642 0.8283094 0.6831642 0.7683241 0.6831642 0.7683241 0.7649469 0.8283094 0.9518439 0.7683241 0.9518439 0.7683241 0.8896567 0.8283094 0.8896567 0.7683241 0.8896567 0.7683241 0.8163017 0.7683241 0.8163017 0.7683241 0.5764212 0.8283087 0.6963886 0.8882652 0.8387814 0.8283087 0.6831641 0.9249427 0.8195925 0.7683249 0.7649469 0.8882652 0.8387814 0.7683249 0.6831641 0.7683241 0.5866948 0.7683241 0.6831642 0.8283093 0.6831642 0.8283093 0.6831642 0.7683241 0.6831642 0.7683241 0.7649469 0.9560363 0.6963897 0.9560363 0.5764194 0.9249427 0.5764194 0.9249427 0.6963898 0.9249427 0.5764194 0.8882652 0.5764194 0.8882652 0.5764194 0.7683249 0.5764194 0.8283087 0.6963887 0.8283087 0.6831641 0.9768124 0.6831642 0.8283087 0.5866948 0.8882653 0.8387814 0.9560363 0.7649469 0.9249427 0.8195925 0.7683241 0.5866948 0.8283094 0.5866947 0.8283094 0.6831642 0.7683241 0.7649469 0.7683241 0.6831642 0.8283094 0.6831642 0.7683241 0.8896567 0.7683241 0.9518439 0.8283094 0.9518439 0.7683241 0.8163017 0.7683241 0.8896567 0.8283094 0.8896567 0.7683241 0.8163017 0.8283094 0.8163018 0.8283087 0.6963886 0.9720443 0.2355197 0.9622207 0.1868758 0.9622207 0.2355197 0.9622207 0.1868758 0.9720443 0.2355197 0.9720443 0.1868758 0.9718773 0.2355197 0.9620538 0.1868758 0.9620538 0.2355197 0.9620538 0.1868758 0.9718773 0.2355197 0.9718773 0.1868758 0.8474007 0.4650692 0.8912783 0.4705333 0.8912783 0.4650692 0.8474006 0.4759973 0.8912783 0.4705333 0.8474006 0.4705332 0.8474004 0.4814615 0.8912783 0.4759973 0.8474006 0.4759973 0.8474004 0.4814615 0.8912783 0.4869254 0.8912783 0.4814614 0.8474004 0.4923895 0.8912783 0.4869254 0.8474004 0.4869256 0.8474004 0.4923895 0.8912783 0.4978536 0.8912783 0.4923895 0.8474004 0.5033177 0.8912783 0.4978536 0.8474004 0.4978536 0.1643771 0.4570792 0.1599784 0.4680188 0.1624194 0.4740897 0.8474007 0.4650692 0.8912783 0.4705333 0.8912783 0.4650692 0.8474006 0.4759973 0.8912783 0.4705333 0.8474006 0.4705332 0.8474004 0.4814615 0.8912783 0.4759973 0.8474006 0.4759973 0.8474004 0.4814615 0.8912783 0.4869254 0.8912783 0.4814614 0.8474004 0.4923895 0.8912783 0.4869254 0.8474004 0.4869256 0.8474004 0.4923895 0.8912783 0.4978536 0.8912783 0.4923895 0.8474004 0.5033177 0.8912783 0.4978536 0.8474004 0.4978536 0.1624194 0.4740897 0.1687759 0.4680188 0.1599784 0.4680188 0.8474007 0.4650692 0.8912783 0.4705333 0.8912783 0.4650692 0.8474006 0.4759973 0.8912783 0.4705333 0.8474006 0.4705332 0.8474004 0.4814615 0.8912783 0.4759973 0.8474006 0.4759973 0.8474004 0.4814615 0.8912783 0.4869254 0.8912783 0.4814614 0.8474004 0.4923895 0.8912783 0.4869254 0.8474004 0.4869256 0.8474004 0.4923895 0.8912783 0.4978536 0.8912783 0.4923895 0.8474004 0.5033177 0.8912783 0.4978536 0.8474004 0.4978536 0.1687759 0.4680188 0.1599784 0.4680188 0.1624194 0.4740897 0.8474007 0.4650692 0.8912783 0.4705333 0.8912783 0.4650692 0.8474006 0.4759973 0.8912783 0.4705333 0.8474006 0.4705332 0.8474004 0.4814615 0.8912783 0.4759973 0.8474006 0.4759973 0.8474004 0.4814615 0.8912783 0.4869254 0.8912783 0.4814614 0.8474004 0.4923895 0.8912783 0.4869254 0.8474004 0.4869256 0.8474004 0.4923895 0.8912783 0.4978536 0.8912783 0.4923895 0.8474004 0.5033177 0.8912783 0.4978536 0.8474004 0.4978536 0.1687759 0.4680188 0.1599784 0.4680188 0.1624194 0.4740897 0.8474006 0.4705332 0.8912783 0.4650692 0.8474007 0.4650692 0.8474006 0.4705332 0.8912783 0.4759973 0.8912783 0.4705333 0.8474004 0.4814615 0.8912783 0.4759973 0.8474006 0.4759973 0.8474004 0.4814615 0.8912783 0.4869254 0.8912783 0.4814614 0.8474004 0.4923895 0.8912783 0.4869254 0.8474004 0.4869256 0.8474004 0.4923895 0.8912783 0.4978536 0.8912783 0.4923895 0.8474004 0.4978536 0.8912783 0.5033177 0.8912783 0.4978536 0.8912783 0.4705333 0.8912783 0.4650692 0.8474006 0.4705332 0.8474006 0.4705332 0.8912783 0.4650692 0.8474007 0.4650692 0.8474006 0.4705332 0.8912783 0.4759973 0.8912783 0.4705333 0.8474004 0.4814615 0.8912783 0.4759973 0.8474006 0.4759973 0.8474004 0.4814615 0.8912783 0.4869254 0.8912783 0.4814614 0.8474004 0.4923895 0.8912783 0.4869254 0.8474004 0.4869256 0.8474004 0.4923895 0.8912783 0.4978536 0.8912783 0.4923895 0.8474004 0.4978536 0.8912783 0.5033177 0.8912783 0.4978536 0.8912783 0.4705333 0.8912783 0.4650692 0.8474006 0.4705332 0.8474006 0.4705332 0.8912783 0.4650692 0.8474007 0.4650692 0.8474006 0.4705332 0.8912783 0.4759973 0.8912783 0.4705333 0.8474004 0.4814615 0.8912783 0.4759973 0.8474006 0.4759973 0.8474004 0.4814615 0.8912783 0.4869254 0.8912783 0.4814614 0.8474004 0.4923895 0.8912783 0.4869254 0.8474004 0.4869256 0.8474004 0.4923895 0.8912783 0.4978536 0.8912783 0.4923895 0.8474004 0.4978536 0.8912783 0.5033177 0.8912783 0.4978536 0.8912783 0.4705333 0.8912783 0.4650692 0.8474006 0.4705332 0.8474006 0.4705332 0.8912783 0.4650692 0.8474007 0.4650692 0.8474006 0.4705332 0.8912783 0.4759973 0.8912783 0.4705333 0.8474004 0.4814615 0.8912783 0.4759973 0.8474006 0.4759973 0.8474004 0.4814615 0.8912783 0.4869254 0.8912783 0.4814614 0.8474004 0.4923895 0.8912783 0.4869254 0.8474004 0.4869256 0.8474004 0.4923895 0.8912783 0.4978536 0.8912783 0.4923895 0.8474004 0.4978536 0.8912783 0.5033177 0.8912783 0.4978536 0.1687759 0.4680188 0.1599784 0.4680188 0.1624194 0.4740897 0.8474006 0.4705332 0.8912783 0.4650692 0.8474007 0.4650692 0.8474006 0.4759973 0.8912783 0.4705333 0.8474006 0.4705332 0.8474004 0.4814615 0.8912783 0.4759973 0.8474006 0.4759973 0.8474004 0.4869256 0.8912783 0.4814614 0.8474004 0.4814615 0.8474004 0.4923895 0.8912783 0.4869254 0.8474004 0.4869256 0.8474004 0.4978536 0.8912783 0.4923895 0.8474004 0.4923895 0.8474004 0.5033177 0.8912783 0.4978536 0.8474004 0.4978536 0.1687759 0.4680188 0.1599784 0.4680188 0.1624194 0.4740897 0.8474006 0.4705332 0.8912783 0.4650692 0.8474007 0.4650692 0.8474006 0.4759973 0.8912783 0.4705333 0.8474006 0.4705332 0.8474004 0.4814615 0.8912783 0.4759973 0.8474006 0.4759973 0.8474004 0.4869256 0.8912783 0.4814614 0.8474004 0.4814615 0.8474004 0.4923895 0.8912783 0.4869254 0.8474004 0.4869256 0.8474004 0.4978536 0.8912783 0.4923895 0.8474004 0.4923895 0.8474004 0.5033177 0.8912783 0.4978536 0.8474004 0.4978536 0.1687759 0.4680188 0.1599784 0.4680188 0.1624194 0.4740897 0.8474006 0.4705332 0.8912783 0.4650692 0.8474007 0.4650692 0.8474006 0.4759973 0.8912783 0.4705333 0.8474006 0.4705332 0.8474004 0.4814615 0.8912783 0.4759973 0.8474006 0.4759973 0.8474004 0.4869256 0.8912783 0.4814614 0.8474004 0.4814615 0.8474004 0.4923895 0.8912783 0.4869254 0.8474004 0.4869256 0.8474004 0.4978536 0.8912783 0.4923895 0.8474004 0.4923895 0.8474004 0.5033177 0.8912783 0.4978536 0.8474004 0.4978536 0.1687759 0.4680188 0.1599784 0.4680188 0.1624194 0.4740897 0.8474006 0.4705332 0.8912783 0.4650692 0.8474007 0.4650692 0.8474006 0.4759973 0.8912783 0.4705333 0.8474006 0.4705332 0.8474004 0.4814615 0.8912783 0.4759973 0.8474006 0.4759973 0.8474004 0.4869256 0.8912783 0.4814614 0.8474004 0.4814615 0.8474004 0.4923895 0.8912783 0.4869254 0.8474004 0.4869256 0.8474004 0.4978536 0.8912783 0.4923895 0.8474004 0.4923895 0.8474004 0.5033177 0.8912783 0.4978536 0.8474004 0.4978536 0.1687759 0.4680188 0.1599784 0.4680188 0.1624194 0.4740897 0.8474006 0.4705332 0.8912783 0.4705333 0.8474007 0.4650692 0.8912783 0.4759973 0.8912783 0.4705333 0.8474006 0.4759973 0.8912783 0.4814614 0.8912783 0.4759973 0.8474004 0.4814615 0.8474004 0.4869256 0.8912783 0.4869254 0.8474004 0.4814615 0.8912783 0.4923895 0.8912783 0.4869254 0.8474004 0.4923895 0.8474004 0.4978536 0.8912783 0.4978536 0.8474004 0.4923895 0.8912783 0.5033177 0.8912783 0.4978536 0.8474004 0.5033177 0.1608496 0.4604484 0.1599784 0.4680188 0.1643771 0.4570792 0.1624194 0.4740897 0.1663347 0.4740897 0.1643771 0.4570792 0.1643771 0.4570792 0.1687759 0.4680188 0.1679046 0.4604484 0.8474006 0.4705332 0.8912783 0.4705333 0.8474007 0.4650692 0.1643771 0.4570792 0.1663347 0.4740897 0.1687759 0.4680188 0.8912783 0.4759973 0.8912783 0.4705333 0.8474006 0.4759973 0.8912783 0.4814614 0.8912783 0.4759973 0.8474004 0.4814615 0.8474004 0.4869256 0.8912783 0.4869254 0.8474004 0.4814615 0.8912783 0.4923895 0.8912783 0.4869254 0.8474004 0.4923895 0.8474004 0.4978536 0.8912783 0.4978536 0.8474004 0.4923895 0.8912783 0.5033177 0.8912783 0.4978536 0.8474004 0.5033177 0.1608496 0.4604484 0.1599784 0.4680188 0.1643771 0.4570792 0.1687759 0.4680188 0.1624194 0.4740897 0.1663347 0.4740897 0.1687759 0.4680188 0.1679046 0.4604484 0.1599784 0.4680188 0.8474006 0.4705332 0.8912783 0.4705333 0.8474007 0.4650692 0.1599784 0.4680188 0.1679046 0.4604484 0.1643771 0.4570792 0.8912783 0.4759973 0.8912783 0.4705333 0.8474006 0.4759973 0.8912783 0.4814614 0.8912783 0.4759973 0.8474004 0.4814615 0.8474004 0.4869256 0.8912783 0.4869254 0.8474004 0.4814615 0.8912783 0.4923895 0.8912783 0.4869254 0.8474004 0.4923895 0.8474004 0.4978536 0.8912783 0.4978536 0.8474004 0.4923895 0.8912783 0.5033177 0.8912783 0.4978536 0.8474004 0.5033177 0.1608496 0.4604484 0.1599784 0.4680188 0.1687759 0.4680188 0.1687759 0.4680188 0.1624194 0.4740897 0.1663347 0.4740897 0.1643771 0.4570792 0.1687759 0.4680188 0.1679046 0.4604484 0.1643771 0.4570792 0.1608496 0.4604484 0.1687759 0.4680188 0.8474006 0.4705332 0.8912783 0.4705333 0.8474007 0.4650692 0.8912783 0.4759973 0.8912783 0.4705333 0.8474006 0.4759973 0.8912783 0.4814614 0.8912783 0.4759973 0.8474004 0.4814615 0.8474004 0.4869256 0.8912783 0.4869254 0.8474004 0.4814615 0.8912783 0.4923895 0.8912783 0.4869254 0.8474004 0.4923895 0.8474004 0.4978536 0.8912783 0.4978536 0.8474004 0.4923895 0.8912783 0.5033177 0.8912783 0.4978536 0.8474004 0.5033177 0.1608496 0.4604484 0.1599784 0.4680188 0.1687759 0.4680188 0.1687759 0.4680188 0.1624194 0.4740897 0.1663347 0.4740897 0.1643771 0.4570792 0.1687759 0.4680188 0.1679046 0.4604484 0.1643771 0.4570792 0.1608496 0.4604484 0.1687759 0.4680188 0.8912783 0.4705333 0.8912783 0.4650692 0.8474006 0.4705332 0.8474006 0.4759973 0.8912783 0.4759973 0.8474006 0.4705332 0.8912783 0.4814614 0.8912783 0.4759973 0.8474004 0.4814615 0.8474004 0.4869256 0.8912783 0.4869254 0.8474004 0.4814615 0.8912783 0.4923895 0.8912783 0.4869254 0.8474004 0.4923895 0.8474004 0.4978536 0.8912783 0.4978536 0.8474004 0.4923895 0.8474004 0.5033177 0.8912783 0.5033177 0.8474004 0.4978536 0.1608496 0.4604484 0.1599784 0.4680188 0.1643771 0.4570792 0.1624194 0.4740897 0.1663347 0.4740897 0.1599784 0.4680188 0.1687759 0.4680188 0.1679046 0.4604484 0.1599784 0.4680188 0.1599784 0.4680188 0.1663347 0.4740897 0.1687759 0.4680188 0.1599784 0.4680188 0.1679046 0.4604484 0.1643771 0.4570792 0.8474006 0.4759973 0.8912783 0.4759973 0.8474006 0.4705332 0.8912783 0.4814614 0.8912783 0.4759973 0.8474004 0.4814615 0.8474004 0.4869256 0.8912783 0.4869254 0.8474004 0.4814615 0.8912783 0.4923895 0.8912783 0.4869254 0.8474004 0.4923895 0.8474004 0.4978536 0.8912783 0.4978536 0.8474004 0.4923895 0.8474004 0.5033177 0.8912783 0.5033177 0.8474004 0.4978536 0.1608496 0.4604484 0.1599784 0.4680188 0.1643771 0.4570792 0.1624194 0.4740897 0.1663347 0.4740897 0.1599784 0.4680188 0.1643771 0.4570792 0.1687759 0.4680188 0.1679046 0.4604484 0.1599784 0.4680188 0.1687759 0.4680188 0.1643771 0.4570792 0.1599784 0.4680188 0.1663347 0.4740897 0.1687759 0.4680188 0.8474006 0.4759973 0.8912783 0.4759973 0.8474006 0.4705332 0.8912783 0.4814614 0.8912783 0.4759973 0.8474004 0.4814615 0.8474004 0.4869256 0.8912783 0.4869254 0.8474004 0.4814615 0.8912783 0.4923895 0.8912783 0.4869254 0.8474004 0.4923895 0.8474004 0.4978536 0.8912783 0.4978536 0.8474004 0.4923895 0.8474004 0.5033177 0.8912783 0.5033177 0.8474004 0.4978536 0.1608496 0.4604484 0.1599784 0.4680188 0.1687759 0.4680188 0.1624194 0.4740897 0.1663347 0.4740897 0.1599784 0.4680188 0.1643771 0.4570792 0.1687759 0.4680188 0.1679046 0.4604484 0.1643771 0.4570792 0.1608496 0.4604484 0.1687759 0.4680188 0.1599784 0.4680188 0.1663347 0.4740897 0.1687759 0.4680188 0.8474006 0.4759973 0.8912783 0.4759973 0.8474006 0.4705332 0.8912783 0.4814614 0.8912783 0.4759973 0.8474004 0.4814615 0.8474004 0.4869256 0.8912783 0.4869254 0.8474004 0.4814615 0.8912783 0.4923895 0.8912783 0.4869254 0.8474004 0.4923895 0.8474004 0.4978536 0.8912783 0.4978536 0.8474004 0.4923895 0.8474004 0.5033177 0.8912783 0.5033177 0.8474004 0.4978536 0.1608496 0.4604484 0.1599784 0.4680188 0.1687759 0.4680188 0.1687759 0.4680188 0.1624194 0.4740897 0.1663347 0.4740897 0.1687759 0.4680188 0.1679046 0.4604484 0.1608496 0.4604484 0.8912783 0.4705333 0.8912783 0.4650692 0.8474006 0.4705332 0.1608496 0.4604484 0.1679046 0.4604484 0.1643771 0.4570792 0.8912783 0.4759973 0.8912783 0.4705333 0.8474006 0.4759973 0.8912783 0.4814614 0.8912783 0.4759973 0.8474004 0.4814615 0.8912783 0.4869254 0.8912783 0.4814614 0.8474004 0.4869256 0.8912783 0.4923895 0.8912783 0.4869254 0.8474004 0.4923895 0.8912783 0.4978536 0.8912783 0.4923895 0.8474004 0.4978536 0.8912783 0.5033177 0.8912783 0.4978536 0.8474004 0.5033177 0.1608496 0.4604484 0.1599784 0.4680188 0.1687759 0.4680188 0.1687759 0.4680188 0.1624194 0.4740897 0.1663347 0.4740897 0.1643771 0.4570792 0.1687759 0.4680188 0.1679046 0.4604484 0.1643771 0.4570792 0.1608496 0.4604484 0.1687759 0.4680188 0.8912783 0.4705333 0.8912783 0.4650692 0.8474006 0.4705332 0.8912783 0.4759973 0.8912783 0.4705333 0.8474006 0.4759973 0.8912783 0.4814614 0.8912783 0.4759973 0.8474004 0.4814615 0.8912783 0.4869254 0.8912783 0.4814614 0.8474004 0.4869256 0.8912783 0.4923895 0.8912783 0.4869254 0.8474004 0.4923895 0.8912783 0.4978536 0.8912783 0.4923895 0.8474004 0.4978536 0.8912783 0.5033177 0.8912783 0.4978536 0.8474004 0.5033177 0.1608496 0.4604484 0.1599784 0.4680188 0.1687759 0.4680188 0.1687759 0.4680188 0.1624194 0.4740897 0.1663347 0.4740897 0.1687759 0.4680188 0.1679046 0.4604484 0.1608496 0.4604484 0.8912783 0.4705333 0.8912783 0.4650692 0.8474006 0.4705332 0.1608496 0.4604484 0.1679046 0.4604484 0.1643771 0.4570792 0.8912783 0.4759973 0.8912783 0.4705333 0.8474006 0.4759973 0.8912783 0.4814614 0.8912783 0.4759973 0.8474004 0.4814615 0.8912783 0.4869254 0.8912783 0.4814614 0.8474004 0.4869256 0.8912783 0.4923895 0.8912783 0.4869254 0.8474004 0.4923895 0.8912783 0.4978536 0.8912783 0.4923895 0.8474004 0.4978536 0.8912783 0.5033177 0.8912783 0.4978536 0.8474004 0.5033177 0.1608496 0.4604484 0.1599784 0.4680188 0.1687759 0.4680188 0.1687759 0.4680188 0.1624194 0.4740897 0.1663347 0.4740897 0.1643771 0.4570792 0.1687759 0.4680188 0.1679046 0.4604484 0.1643771 0.4570792 0.1608496 0.4604484 0.1687759 0.4680188 0.8912783 0.4705333 0.8912783 0.4650692 0.8474006 0.4705332 0.8912783 0.4759973 0.8912783 0.4705333 0.8474006 0.4759973 0.8912783 0.4814614 0.8912783 0.4759973 0.8474004 0.4814615 0.8912783 0.4869254 0.8912783 0.4814614 0.8474004 0.4869256 0.8912783 0.4923895 0.8912783 0.4869254 0.8474004 0.4923895 0.8912783 0.4978536 0.8912783 0.4923895 0.8474004 0.4978536 0.8912783 0.5033177 0.8912783 0.4978536 0.8474004 0.5033177 0.1687759 0.4680188 0.1624194 0.4740897 0.1663347 0.4740897 0.1643771 0.4570792 0.1687759 0.4680188 0.1679046 0.4604484 0.1687759 0.4680188 0.1643771 0.4570792 0.1599784 0.4680188 0.1599784 0.4680188 0.1643771 0.4570792 0.1608496 0.4604484 0.9718987 0.2351013 0.9620751 0.1864575 0.9620751 0.2351013 0.9620751 0.1864575 0.9718987 0.2351013 0.9718987 0.1864575 0.9717319 0.2351013 0.9619082 0.1864575 0.9619082 0.2351013 0.9619082 0.1864575 0.9717319 0.2351013 0.9717319 0.1864575 0.9723193 0.2334287 0.9624956 0.184785 0.9624956 0.2334287 0.9624956 0.184785 0.9723193 0.2334287 0.9723193 0.184785 0.2100909 0.5741688 0.2100909 0.6814674 0.2356755 0.6814674 0.2100909 0.6800633 0.2100909 0.5727646 0.2356754 0.5727646 0.1734135 0.6800633 0.1734136 0.5755729 0.1256435 0.5755728 0.1548879 0.5727646 0.2064309 0.5727646 0.2064309 0.6814674 0.2100909 0.6786592 0.2100909 0.5741688 0.2356755 0.5755731 0.1276444 0.5612064 0.236775 0.5612064 0.236775 0.6744234 0.1256435 0.5755728 0.1734136 0.5741688 0.1734135 0.678659 0.1734135 0.678659 0.1734136 0.5741688 0.2100909 0.5741688 0.2356755 0.5755731 0.2100909 0.575573 0.2100909 0.6800633 0.2100909 0.575573 0.1734136 0.5755729 0.1734135 0.6800633 0.1734135 0.6800633 0.1256434 0.6814675 0.1256434 0.5727646 0.2100909 0.6800633 0.1734135 0.6800633 0.1734135 0.5727646 0.1256435 0.5727646 0.1256435 0.6814675 0.1734136 0.6814674 0.1734136 0.5741688 0.1734136 0.6814674 0.2100909 0.6814674 0.1276444 0.6744234 0.2367751 0.6744234 0.2367751 0.5612064 0.236775 0.6714983 0.2367751 0.5641314 0.1276444 0.5641314 0.1276444 0.5641314 0.2367751 0.5641314 0.236775 0.6714983 0.8474006 0.4705332 0.8912783 0.4650692 0.8474007 0.4650692 0.8474006 0.4759973 0.8912783 0.4705333 0.8474006 0.4705332 0.8474004 0.4814615 0.8912783 0.4759973 0.8474006 0.4759973 0.8474004 0.4869256 0.8912783 0.4814614 0.8474004 0.4814615 0.8474004 0.4923895 0.8912783 0.4869254 0.8474004 0.4869256 0.8474004 0.4978536 0.8912783 0.4923895 0.8474004 0.4923895 0.8474004 0.5033177 0.8912783 0.4978536 0.8474004 0.4978536 0.1687759 0.4680188 0.1599784 0.4680188 0.1624194 0.4740897 0.8474006 0.4705332 0.8912783 0.4650692 0.8474007 0.4650692 0.8474006 0.4759973 0.8912783 0.4705333 0.8474006 0.4705332 0.8474004 0.4814615 0.8912783 0.4759973 0.8474006 0.4759973 0.8474004 0.4869256 0.8912783 0.4814614 0.8474004 0.4814615 0.8474004 0.4923895 0.8912783 0.4869254 0.8474004 0.4869256 0.8474004 0.4978536 0.8912783 0.4923895 0.8474004 0.4923895 0.8474004 0.5033177 0.8912783 0.4978536 0.8474004 0.4978536 0.1687759 0.4680188 0.1599784 0.4680188 0.1624194 0.4740897 0.8474006 0.4705332 0.8912783 0.4650692 0.8474007 0.4650692 0.8474006 0.4759973 0.8912783 0.4705333 0.8474006 0.4705332 0.8474004 0.4814615 0.8912783 0.4759973 0.8474006 0.4759973 0.8474004 0.4869256 0.8912783 0.4814614 0.8474004 0.4814615 0.8474004 0.4923895 0.8912783 0.4869254 0.8474004 0.4869256 0.8474004 0.4978536 0.8912783 0.4923895 0.8474004 0.4923895 0.8474004 0.5033177 0.8912783 0.4978536 0.8474004 0.4978536 0.1687759 0.4680188 0.1599784 0.4680188 0.1624194 0.4740897 0.8474006 0.4705332 0.8912783 0.4650692 0.8474007 0.4650692 0.8474006 0.4759973 0.8912783 0.4705333 0.8474006 0.4705332 0.8474004 0.4814615 0.8912783 0.4759973 0.8474006 0.4759973 0.8474004 0.4869256 0.8912783 0.4814614 0.8474004 0.4814615 0.8474004 0.4923895 0.8912783 0.4869254 0.8474004 0.4869256 0.8474004 0.4978536 0.8912783 0.4923895 0.8474004 0.4923895 0.8474004 0.5033177 0.8912783 0.4978536 0.8474004 0.4978536 0.1687759 0.4680188 0.1599784 0.4680188 0.1624194 0.4740897 0.8912783 0.4705333 0.8912783 0.4650692 0.8474006 0.4705332 0.8912783 0.4759973 0.8912783 0.4705333 0.8474006 0.4759973 0.8912783 0.4814614 0.8912783 0.4759973 0.8474004 0.4814615 0.8912783 0.4869254 0.8912783 0.4814614 0.8474004 0.4869256 0.8912783 0.4923895 0.8912783 0.4869254 0.8474004 0.4923895 0.8912783 0.4978536 0.8912783 0.4923895 0.8474004 0.4978536 0.8912783 0.5033177 0.8912783 0.4978536 0.8474004 0.5033177 0.1608496 0.4604484 0.1599784 0.4680188 0.1687759 0.4680188 0.1687759 0.4680188 0.1624194 0.4740897 0.1663347 0.4740897 0.1643771 0.4570792 0.1687759 0.4680188 0.1679046 0.4604484 0.1643771 0.4570792 0.1608496 0.4604484 0.1687759 0.4680188 0.8912783 0.4705333 0.8912783 0.4650692 0.8474006 0.4705332 0.8912783 0.4759973 0.8912783 0.4705333 0.8474006 0.4759973 0.8912783 0.4814614 0.8912783 0.4759973 0.8474004 0.4814615 0.8912783 0.4869254 0.8912783 0.4814614 0.8474004 0.4869256 0.8912783 0.4923895 0.8912783 0.4869254 0.8474004 0.4923895 0.8912783 0.4978536 0.8912783 0.4923895 0.8474004 0.4978536 0.8912783 0.5033177 0.8912783 0.4978536 0.8474004 0.5033177 0.1608496 0.4604484 0.1599784 0.4680188 0.1687759 0.4680188 0.1687759 0.4680188 0.1624194 0.4740897 0.1663347 0.4740897 0.1687759 0.4680188 0.1679046 0.4604484 0.1608496 0.4604484 0.8912783 0.4705333 0.8912783 0.4650692 0.8474006 0.4705332 0.1608496 0.4604484 0.1679046 0.4604484 0.1643771 0.4570792 0.8912783 0.4759973 0.8912783 0.4705333 0.8474006 0.4759973 0.8912783 0.4814614 0.8912783 0.4759973 0.8474004 0.4814615 0.8912783 0.4869254 0.8912783 0.4814614 0.8474004 0.4869256 0.8912783 0.4923895 0.8912783 0.4869254 0.8474004 0.4923895 0.8912783 0.4978536 0.8912783 0.4923895 0.8474004 0.4978536 0.8912783 0.5033177 0.8912783 0.4978536 0.8474004 0.5033177 0.1608496 0.4604484 0.1599784 0.4680188 0.1687759 0.4680188 0.1687759 0.4680188 0.1624194 0.4740897 0.1663347 0.4740897 0.1643771 0.4570792 0.1687759 0.4680188 0.1679046 0.4604484 0.1643771 0.4570792 0.1608496 0.4604484 0.1687759 0.4680188 0.8912783 0.4705333 0.8912783 0.4650692 0.8474006 0.4705332 0.8912783 0.4759973 0.8912783 0.4705333 0.8474006 0.4759973 0.8912783 0.4814614 0.8912783 0.4759973 0.8474004 0.4814615 0.8912783 0.4869254 0.8912783 0.4814614 0.8474004 0.4869256 0.8912783 0.4923895 0.8912783 0.4869254 0.8474004 0.4923895 0.8912783 0.4978536 0.8912783 0.4923895 0.8474004 0.4978536 0.8912783 0.5033177 0.8912783 0.4978536 0.8474004 0.5033177 0.1687759 0.4680188 0.1624194 0.4740897 0.1663347 0.4740897 0.1643771 0.4570792 0.1687759 0.4680188 0.1679046 0.4604484 0.1687759 0.4680188 0.1643771 0.4570792 0.1599784 0.4680188 0.1599784 0.4680188 0.1643771 0.4570792 0.1608496 0.4604484 0.7525138 0.7578125 0.9896737 0.9949724 0.7525138 0.9949724 0.7525138 0.9949724 0.9896737 0.7578125 0.9896737 0.9949724 0.9896737 0.9949724 0.7525138 0.7578125 0.7525138 0.9949724 0.9896737 0.7578125 0.7525138 0.9949724 0.9896737 0.9949724 0.4909836 -3.7346e-4 0.3077671 0.3795408 0.4909836 0.3795408 0.3077671 0.3795408 0.4909836 -3.7346e-4 0.4909836 0.3795408 0.7751519 0.5886315 0.9421667 0.9324194 0.9421667 0.5886315 0.4962071 0.1913877 0.2995052 0.2468321 0.4962071 0.2468321 0.2237812 0.1913877 0.4259249 0.2468321 0.2237812 0.2468321 0.4259249 0.1913877 0.2237812 0.2468321 0.4259249 0.2468321 0.2995052 0.1913877 0.4962071 0.2468321 0.2995052 0.2468321 0.4045621 0.2675487 0.2760743 0.2526357 0.2694138 0.2675487 0.4045621 0.2675487 0.2760743 0.2526357 0.4016328 0.2526357 0.320041 0.2675487 0.4452875 0.2526357 0.3231091 0.2526357 0.320041 0.2675487 0.4452875 0.2526357 0.4515511 0.2675487 0.7944027 0.6691315 0.9825735 0.6200349 0.7869575 0.6200348 0.9825735 0.6200349 0.7944027 0.6691315 0.9751284 0.6691314 0.9751284 0.6691314 0.8156048 0.7107535 0.9539263 0.7107535 0.9539263 0.7107535 0.8156048 0.7107535 0.9221951 0.7385644 0.9221951 0.7385644 0.8473361 0.7385644 0.8847656 0.7483304 0.8156048 0.7107535 0.8473361 0.7385644 0.9221951 0.7385644 0.9751284 0.6691314 0.7869575 0.6200349 0.9825735 0.6200349 0.7869575 0.6200349 0.9751284 0.6691314 0.7944027 0.6691315 0.7944027 0.6691315 0.9539263 0.7107535 0.8156048 0.7107535 0.8156048 0.7107535 0.9539263 0.7107535 0.8473361 0.7385644 0.8473361 0.7385644 0.9221951 0.7385644 0.8847656 0.7483304 0.9539263 0.7107535 0.9221951 0.7385644 0.8473361 0.7385644 0.854237 0.6200349 0.9152941 0.6691315 0.9152941 0.6200348 0.9152941 0.6691315 0.854237 0.7107535 0.9152941 0.7107535 0.9152941 0.6297057 0.854237 0.6614369 0.9152941 0.6614369 0.9152941 0.6614369 0.854237 0.6988664 0.9152941 0.6988664 0.9152941 0.6988664 0.854237 0.7362959 0.9152941 0.7362959 0.854237 0.7362959 0.9152941 0.7680272 0.9152941 0.7362959 0.9152941 0.7107535 0.854237 0.6691314 0.9152941 0.6691314 0.9152941 0.6691314 0.854237 0.6200349 0.9152941 0.6200349 0.9825735 0.6200349 0.7944027 0.6691315 0.7869575 0.6200348 0.7944027 0.6691315 0.9539263 0.7107535 0.8156048 0.7107535 0.8156048 0.7107535 0.9221951 0.7385644 0.8473361 0.7385644 0.8473361 0.7385644 0.9221951 0.7385644 0.8847656 0.7483304 0.9221951 0.7385644 0.8156048 0.7107535 0.9539263 0.7107535 0.9539263 0.7107535 0.7944027 0.6691315 0.9751284 0.6691314 0.7869575 0.6200349 0.7944027 0.6691315 0.9825735 0.6200349 0.9825735 0.6200349 0.7944027 0.6691315 0.9751284 0.6691314 0.9751284 0.6691314 0.8156048 0.7107535 0.9539263 0.7107535 0.9539263 0.7107535 0.8473361 0.7385644 0.9221951 0.7385644 0.9221951 0.7385644 0.8473361 0.7385644 0.8847656 0.7483304 0.8473361 0.7385644 0.9539263 0.7107535 0.8156048 0.7107535 0.854237 0.6200349 0.9152941 0.6691315 0.854237 0.6691315 0.854237 0.6691315 0.9152941 0.7107535 0.854237 0.7107535 0.854237 0.6297057 0.9152941 0.6614369 0.854237 0.6614369 0.854237 0.6614369 0.9152941 0.6988664 0.854237 0.6988664 0.854237 0.7362959 0.9152941 0.6988664 0.9152941 0.7362959 0.854237 0.7680272 0.9152941 0.7362959 0.9152941 0.7680272 0.854237 0.7107535 0.9152941 0.6691314 0.854237 0.6691314 0.854237 0.6691314 0.9152941 0.6200349 0.854237 0.6200349 0.7944027 0.6691315 0.9825735 0.6200349 0.7869575 0.6200348 0.9825735 0.6200349 0.7944027 0.6691315 0.9751284 0.6691314 0.9751284 0.6691314 0.8156048 0.7107535 0.9539263 0.7107535 0.9539263 0.7107535 0.8156048 0.7107535 0.9221951 0.7385644 0.9221951 0.7385644 0.8473361 0.7385644 0.8847656 0.7483304 0.8156048 0.7107535 0.8473361 0.7385644 0.9221951 0.7385644 0.9751284 0.6691314 0.7869575 0.6200349 0.9825735 0.6200349 0.7869575 0.6200349 0.9751284 0.6691314 0.7944027 0.6691315 0.7944027 0.6691315 0.9539263 0.7107535 0.8156048 0.7107535 0.8156048 0.7107535 0.9539263 0.7107535 0.8473361 0.7385644 0.8473361 0.7385644 0.9221951 0.7385644 0.8847656 0.7483304 0.9539263 0.7107535 0.9221951 0.7385644 0.8473361 0.7385644 0.854237 0.6200349 0.9152941 0.6691315 0.9152941 0.6200348 0.9152941 0.6691315 0.854237 0.7107535 0.9152941 0.7107535 0.9152941 0.6297057 0.854237 0.6614369 0.9152941 0.6614369 0.9152941 0.6614369 0.854237 0.6988664 0.9152941 0.6988664 0.9152941 0.6988664 0.854237 0.7362959 0.9152941 0.7362959 0.9152941 0.7362959 0.854237 0.7680272 0.9152941 0.7680272 0.9152941 0.7107535 0.854237 0.6691314 0.9152941 0.6691314 0.9152941 0.6691314 0.854237 0.6200349 0.9152941 0.6200349 0.9825735 0.6200349 0.9751284 0.6691314 0.7869575 0.6200348 0.7869575 0.6200348 0.9751284 0.6691314 0.7944027 0.6691315 0.7944027 0.6691315 0.9539263 0.7107535 0.8156048 0.7107535 0.8156048 0.7107535 0.9221951 0.7385644 0.8473361 0.7385644 0.8473361 0.7385644 0.9221951 0.7385644 0.8847656 0.7483304 0.9221951 0.7385644 0.8156048 0.7107535 0.9539263 0.7107535 0.7869575 0.6200349 0.9751284 0.6691314 0.9825735 0.6200349 0.9751284 0.6691314 0.8156048 0.7107535 0.9539263 0.7107535 0.9539263 0.7107535 0.8473361 0.7385644 0.9221951 0.7385644 0.9221951 0.7385644 0.8473361 0.7385644 0.8847656 0.7483304 0.8473361 0.7385644 0.9539263 0.7107535 0.8156048 0.7107535 0.8156048 0.7107535 0.9751284 0.6691314 0.7944027 0.6691315 0.854237 0.6200349 0.9152941 0.6691315 0.854237 0.6691315 0.854237 0.7107535 0.9152941 0.6691315 0.9152941 0.7107535 0.854237 0.6614369 0.9152941 0.6297057 0.9152941 0.6614369 0.854237 0.6988664 0.9152941 0.6614369 0.9152941 0.6988664 0.854237 0.7362959 0.9152941 0.6988664 0.9152941 0.7362959 0.854237 0.7680272 0.9152941 0.7362959 0.9152941 0.7680272 0.854237 0.6691314 0.9152941 0.7107535 0.9152941 0.6691314 0.854237 0.6200349 0.9152941 0.6691314 0.9152941 0.6200349 0.9768124 0.6831642 0.8283087 0.5866948 0.9841079 0.5866947 0.8283087 0.5866948 0.9768124 0.6831642 0.8283087 0.6831641 0.8283087 0.6831641 0.8882652 0.8387814 0.8283087 0.7649469 0.8283087 0.7649469 0.8882652 0.8387814 0.8283087 0.8195924 0.8882652 0.8387814 0.8283087 0.6831641 0.9249427 0.8195925 0.9249427 0.8195925 0.8283087 0.6831641 0.9560363 0.7649469 0.7683249 0.6831641 0.8882652 0.8387814 0.7683249 0.5866948 0.7683249 0.5866948 0.9768124 0.6831642 0.9841079 0.5866948 0.8882652 0.8387814 0.9768124 0.6831642 0.7683249 0.5866948 0.9768124 0.6831642 0.8882652 0.8387814 0.9560363 0.7649469 0.9560363 0.7649469 0.8882652 0.8387814 0.9249427 0.8195925 0.8882652 0.8387814 0.7683249 0.7649469 0.7683249 0.8195925 0.7683241 0.5866948 0.8283093 0.6831642 0.8283093 0.5866947 0.8283093 0.6831642 0.7683241 0.7649469 0.8283093 0.7649469 0.9560363 0.6963897 0.9249427 0.5764194 0.9249427 0.6963898 0.9249427 0.5764194 0.8882652 0.6963897 0.9249427 0.6963898 0.8882652 0.5764194 0.8283087 0.6963887 0.8882652 0.6963897 0.8283087 0.5866948 0.9768124 0.6831642 0.984108 0.5866947 0.9768124 0.6831642 0.8283087 0.6831641 0.9560363 0.7649469 0.9560363 0.7649469 0.8283087 0.6831641 0.9249427 0.8195925 0.9249427 0.8195925 0.8283087 0.6831641 0.8882653 0.8387814 0.8882653 0.8387814 0.8283087 0.7649469 0.8283087 0.8195924 0.8283087 0.7649469 0.8882653 0.8387814 0.8283087 0.6831641 0.984108 0.5866948 0.9768124 0.6831642 0.768325 0.5866948 0.768325 0.5866948 0.8882653 0.8387814 0.768325 0.6831641 0.9768124 0.6831642 0.8882653 0.8387814 0.768325 0.5866948 0.768325 0.6831641 0.8882653 0.8387814 0.768325 0.7649469 0.768325 0.7649469 0.8882653 0.8387814 0.768325 0.8195925 0.8882653 0.8387814 0.9560363 0.7649469 0.9249427 0.8195925 0.7683241 0.5866948 0.8283094 0.6831642 0.7683241 0.6831642 0.7683241 0.7649469 0.8283094 0.6831642 0.8283094 0.7649469 0.7683241 0.8896567 0.8283094 0.9518439 0.8283094 0.8896567 0.7683241 0.8163017 0.8283094 0.8896567 0.8283094 0.8163018 0.7683241 0.8163017 0.8283087 0.6963886 0.7683241 0.5764212 0.8283087 0.5866948 0.9768124 0.6831642 0.9841079 0.5866947 0.9768124 0.6831642 0.8283087 0.6831641 0.9560363 0.7649469 0.9560363 0.7649469 0.8283087 0.6831641 0.9249427 0.8195925 0.9249427 0.8195925 0.8283087 0.6831641 0.8882652 0.8387814 0.8882652 0.8387814 0.8283087 0.7649469 0.8283087 0.8195924 0.8882652 0.8387814 0.8283087 0.6831641 0.8283087 0.7649469 0.9841079 0.5866948 0.9768124 0.6831642 0.7683249 0.5866948 0.7683249 0.5866948 0.8882652 0.8387814 0.7683249 0.6831641 0.7683249 0.7649469 0.8882652 0.8387814 0.7683249 0.8195925 0.7683249 0.5866948 0.9768124 0.6831642 0.8882652 0.8387814 0.7683249 0.6831641 0.8882652 0.8387814 0.7683249 0.7649469 0.9560363 0.7649469 0.8882652 0.8387814 0.9768124 0.6831642 0.7683241 0.5866948 0.8283093 0.6831642 0.7683241 0.6831642 0.7683241 0.7649469 0.8283093 0.6831642 0.8283093 0.7649469 0.9249427 0.5764194 0.9560363 0.6963897 0.9249427 0.6963898 0.9249427 0.5764194 0.8882652 0.6963897 0.8882652 0.5764194 0.8882652 0.5764194 0.8283087 0.6963887 0.7683249 0.5764194 0.9768124 0.6831642 0.8283087 0.5866948 0.984108 0.5866947 0.8283087 0.5866948 0.9768124 0.6831642 0.8283087 0.6831641 0.8283087 0.6831641 0.8882653 0.8387814 0.8283087 0.7649469 0.9560363 0.7649469 0.9249427 0.8195925 0.8283087 0.6831641 0.9560363 0.7649469 0.8283087 0.6831641 0.9768124 0.6831642 0.8882653 0.8387814 0.8283087 0.6831641 0.9249427 0.8195925 0.768325 0.6831641 0.8882653 0.8387814 0.768325 0.5866948 0.768325 0.5866948 0.9768124 0.6831642 0.984108 0.5866948 0.8882653 0.8387814 0.9768124 0.6831642 0.768325 0.5866948 0.9768124 0.6831642 0.8882653 0.8387814 0.9560363 0.7649469 0.9560363 0.7649469 0.8882653 0.8387814 0.9249427 0.8195925 0.8882653 0.8387814 0.768325 0.7649469 0.768325 0.8195925 0.7683241 0.5866948 0.8283094 0.6831642 0.8283094 0.5866947 0.8283094 0.6831642 0.7683241 0.7649469 0.8283094 0.7649469 0.8283094 0.9518439 0.7683241 0.8896567 0.8283094 0.8896567 0.8283094 0.8896567 0.7683241 0.8163017 0.8283094 0.8163018 0.7683241 0.8163017 0.8283087 0.6963886 0.8283094 0.8163018 0.8283087 0.5866948 0.9768124 0.6831642 0.9841079 0.5866947 0.9768124 0.6831642 0.8283087 0.6831641 0.9560363 0.7649469 0.9560363 0.7649469 0.8283087 0.6831641 0.9249427 0.8195925 0.9249427 0.8195925 0.8283087 0.6831641 0.8882652 0.8387814 0.8882652 0.8387814 0.8283087 0.7649469 0.8283087 0.8195924 0.8283087 0.7649469 0.8882652 0.8387814 0.8283087 0.6831641 0.9841079 0.5866948 0.9768124 0.6831642 0.7683249 0.5866948 0.7683249 0.5866948 0.8882652 0.8387814 0.7683249 0.6831641 0.7683249 0.7649469 0.8882652 0.8387814 0.7683249 0.8195925 0.7683249 0.5866948 0.9768124 0.6831642 0.8882652 0.8387814 0.7683249 0.6831641 0.8882652 0.8387814 0.7683249 0.7649469 0.9560363 0.7649469 0.8882652 0.8387814 0.9768124 0.6831642 0.7683241 0.5866948 0.8283093 0.6831642 0.7683241 0.6831642 0.7683241 0.7649469 0.8283093 0.6831642 0.8283093 0.7649469 0.9249427 0.5764194 0.9560363 0.6963897 0.9249427 0.6963898 0.8882652 0.5764194 0.9249427 0.6963898 0.8882652 0.6963897 0.8882652 0.5764194 0.8283087 0.6963887 0.7683249 0.5764194 0.9768124 0.6831642 0.8283087 0.5866948 0.984108 0.5866947 0.8283087 0.5866948 0.9768124 0.6831642 0.8283087 0.6831641 0.8283087 0.6831641 0.8882653 0.8387814 0.8283087 0.7649469 0.9560363 0.7649469 0.9249427 0.8195925 0.8283087 0.6831641 0.9560363 0.7649469 0.8283087 0.6831641 0.9768124 0.6831642 0.8882653 0.8387814 0.8283087 0.6831641 0.9249427 0.8195925 0.768325 0.6831641 0.8882653 0.8387814 0.768325 0.5866948 0.768325 0.5866948 0.9768124 0.6831642 0.984108 0.5866948 0.8882653 0.8387814 0.9768124 0.6831642 0.768325 0.5866948 0.9768124 0.6831642 0.8882653 0.8387814 0.9560363 0.7649469 0.9560363 0.7649469 0.8882653 0.8387814 0.9249427 0.8195925 0.8882653 0.8387814 0.768325 0.7649469 0.768325 0.8195925 0.7683241 0.5866948 0.8283094 0.6831642 0.8283094 0.5866947 0.8283094 0.6831642 0.7683241 0.7649469 0.8283094 0.7649469 0.8283094 0.9518439 0.7683241 0.8896567 0.8283094 0.8896567 0.8283094 0.8896567 0.7683241 0.8163017 0.8283094 0.8163018 0.7683241 0.8163017 0.8283087 0.6963886 0.8283094 0.8163018 0.9768124 0.6831642 0.8283087 0.5866948 0.9841079 0.5866947 0.8283087 0.6831641 0.8882652 0.8387814 0.8283087 0.7649469 0.8283087 0.7649469 0.8882652 0.8387814 0.8283087 0.8195924 0.8283087 0.6831641 0.9560363 0.7649469 0.9249427 0.8195925 0.9768124 0.6831642 0.8283087 0.6831641 0.8283087 0.5866948 0.9560363 0.7649469 0.8283087 0.6831641 0.9768124 0.6831642 0.7683249 0.6831641 0.8882652 0.8387814 0.7683249 0.5866948 0.7683249 0.5866948 0.9768124 0.6831642 0.9841079 0.5866948 0.8882652 0.8387814 0.9768124 0.6831642 0.7683249 0.5866948 0.9768124 0.6831642 0.8882652 0.8387814 0.9560363 0.7649469 0.9560363 0.7649469 0.8882652 0.8387814 0.9249427 0.8195925 0.8882652 0.8387814 0.7683249 0.7649469 0.7683249 0.8195925 0.7683241 0.5866948 0.8283093 0.6831642 0.8283093 0.5866947 0.8283093 0.6831642 0.7683241 0.7649469 0.8283093 0.7649469 0.9560363 0.6963897 0.9249427 0.5764194 0.9249427 0.6963898 0.9249427 0.6963898 0.8882652 0.5764194 0.8882652 0.6963897 0.8882652 0.5764194 0.8283087 0.6963887 0.8882652 0.6963897 0.8283087 0.5866948 0.9768124 0.6831642 0.984108 0.5866947 0.9768124 0.6831642 0.8283087 0.6831641 0.9560363 0.7649469 0.9560363 0.7649469 0.8283087 0.6831641 0.9249427 0.8195925 0.9249427 0.8195925 0.8283087 0.6831641 0.8882653 0.8387814 0.8882653 0.8387814 0.8283087 0.7649469 0.8283087 0.8195924 0.8283087 0.7649469 0.8882653 0.8387814 0.8283087 0.6831641 0.984108 0.5866948 0.9768124 0.6831642 0.768325 0.5866948 0.768325 0.5866948 0.8882653 0.8387814 0.768325 0.6831641 0.768325 0.7649469 0.8882653 0.8387814 0.768325 0.8195925 0.768325 0.5866948 0.9768124 0.6831642 0.8882653 0.8387814 0.768325 0.6831641 0.8882653 0.8387814 0.768325 0.7649469 0.9560363 0.7649469 0.8882653 0.8387814 0.9768124 0.6831642 0.7683241 0.5866948 0.8283094 0.6831642 0.7683241 0.6831642 0.7683241 0.7649469 0.8283094 0.6831642 0.8283094 0.7649469 0.7683241 0.8896567 0.8283094 0.9518439 0.8283094 0.8896567 0.7683241 0.8163017 0.8283094 0.8896567 0.8283094 0.8163018 0.7683241 0.8163017 0.8283087 0.6963886 0.7683241 0.5764212 0.2100909 0.5741688 0.2356755 0.6814674 0.2356755 0.5727646 0.2100909 0.6800633 0.2356754 0.5727646 0.2356754 0.6814674 0.1734135 0.6800633 0.1256435 0.5755728 0.1256434 0.6786589 0.1548879 0.5727646 0.2064309 0.6814674 0.1548879 0.6814674 0.2100909 0.6786592 0.2356755 0.5755731 0.2356754 0.6786592 0.1276444 0.5612064 0.236775 0.6744234 0.1276444 0.6744234 0.1256435 0.5755728 0.1734135 0.678659 0.1256434 0.6786589 0.1734135 0.678659 0.2100909 0.5741688 0.2100909 0.6786592 0.2356755 0.5755731 0.2100909 0.6800633 0.2356754 0.6786592 0.2100909 0.575573 0.1734135 0.6800633 0.2100909 0.6800633 0.1734135 0.6800633 0.1256434 0.5727646 0.1734135 0.5727646 0.2100909 0.6800633 0.1734135 0.5727646 0.2100909 0.5727646 0.1256435 0.5727646 0.1734136 0.6814674 0.1734136 0.5741688 0.1734136 0.5741688 0.2100909 0.6814674 0.2100909 0.5741688 0.1276444 0.6744234 0.2367751 0.5612064 0.1276444 0.5612064 0.236775 0.6714983 0.1276444 0.5641314 0.1276444 0.6714983 0.1276444 0.5641314 0.236775 0.6714983 0.1276444 0.6714983 0.3012351 0.3741514 0.3012351 0.3741514 0.4900261 0.3741514 0.3012348 0.001164615 0.3012348 0.001164615 0.3012351 0.3741514 0.4900259 0.001164615 0.3012348 0.001164615 0.3012348 0.001164615 0.4900261 0.3741514 0.4900259 0.001164615 0.4900259 0.001164615 0.2390542 0.5427488 0.239054 0.3704401 0.3656458 0.3704401 0.4900261 0.3741514 0.3012351 0.3741514 0.3012351 0.3741514 0.3012351 0.3741514 0.3012348 0.001164615 0.3012348 0.001164615 0.3012348 0.001164615 0.4900259 0.001164615 0.4900259 0.001164615 0.4900261 0.3741514 0.4900261 0.3741514 0.4900259 0.001164615 0.3656458 0.3704401 0.239054 0.3704401 0.2390542 0.5427488 0.3012351 0.3741514 0.4900261 0.3741514 0.4900261 0.3741514 0.3012348 0.001164615 0.3012351 0.3741514 0.3012351 0.3741514 0.4900259 0.001164615 0.3012348 0.001164615 0.4900259 0.001164615 0.4900261 0.3741514 0.4900259 0.001164615 0.4900261 0.3741514 0.2390542 0.5427488 0.3656458 0.3704401 0.365646 0.5427488 0.4900261 0.3741514 0.3012351 0.3741514 0.4900261 0.3741514 0.3012351 0.3741514 0.3012348 0.001164615 0.3012351 0.3741514 0.3012348 0.001164615 0.4900259 0.001164615 0.3012348 0.001164615 0.4900261 0.3741514 0.4900259 0.001164615 0.4900259 0.001164615 0.3656458 0.3704401 0.2390542 0.5427488 0.365646 0.5427488 0.8155809 0.778586 0.8155809 0.5738741 0.9424807 0.5738741 0.8155809 0.778586 0.9424807 0.5738741 0.9424807 0.778586 0.7633879 0.7785857 0.9883181 0.778586 0.9883181 0.5738741 0.9356163 0.7785857 0.8224453 0.7785857 0.8224453 0.7665559 0.7704004 0.7785857 0.9813052 0.778586 0.9813052 0.7665561 0.8912783 0.4705333 0.8474006 0.4705332 0.8912783 0.4650692 0.8474006 0.4705332 0.8474007 0.4650692 0.8912783 0.4650692 0.8474006 0.4705332 0.8912783 0.4705333 0.8912783 0.4759973 0.8474004 0.4814615 0.8474006 0.4759973 0.8912783 0.4759973 0.8474004 0.4814615 0.8912783 0.4814614 0.8912783 0.4869254 0.8474004 0.4923895 0.8474004 0.4869256 0.8912783 0.4869254 0.8474004 0.4923895 0.8912783 0.4923895 0.8912783 0.4978536 0.8474004 0.4978536 0.8912783 0.4978536 0.8912783 0.5033177 0.1687759 0.4680188 0.1624194 0.4740897 0.1599784 0.4680188 0.8474006 0.4759973 0.8474006 0.4705332 0.8912783 0.4759973 0.8912783 0.4814614 0.8474004 0.4814615 0.8912783 0.4759973 0.8474004 0.4869256 0.8474004 0.4814615 0.8912783 0.4869254 0.8912783 0.4923895 0.8474004 0.4923895 0.8912783 0.4869254 0.8474004 0.4978536 0.8474004 0.4923895 0.8912783 0.4978536 0.8474004 0.5033177 0.8474004 0.4978536 0.8912783 0.5033177 0.1608496 0.4604484 0.1687759 0.4680188 0.1599784 0.4680188 0.1687759 0.4680188 0.1663347 0.4740897 0.1624194 0.4740897 0.1687759 0.4680188 0.1608496 0.4604484 0.1679046 0.4604484 0.1608496 0.4604484 0.1643771 0.4570792 0.1679046 0.4604484 0.8912783 0.4705333 0.8474006 0.4705332 0.8912783 0.4650692 0.8474006 0.4705332 0.8474007 0.4650692 0.8912783 0.4650692 0.8474006 0.4705332 0.8912783 0.4705333 0.8912783 0.4759973 0.8474004 0.4814615 0.8474006 0.4759973 0.8912783 0.4759973 0.8474004 0.4814615 0.8912783 0.4814614 0.8912783 0.4869254 0.8474004 0.4923895 0.8474004 0.4869256 0.8912783 0.4869254 0.8474004 0.4923895 0.8912783 0.4923895 0.8912783 0.4978536 0.8474004 0.4978536 0.8912783 0.4978536 0.8912783 0.5033177 0.1687759 0.4680188 0.1624194 0.4740897 0.1599784 0.4680188 0.8474006 0.4759973 0.8474006 0.4705332 0.8912783 0.4759973 0.8912783 0.4814614 0.8474004 0.4814615 0.8912783 0.4759973 0.8474004 0.4869256 0.8474004 0.4814615 0.8912783 0.4869254 0.8912783 0.4923895 0.8474004 0.4923895 0.8912783 0.4869254 0.8474004 0.4978536 0.8474004 0.4923895 0.8912783 0.4978536 0.8474004 0.5033177 0.8474004 0.4978536 0.8912783 0.5033177 0.1608496 0.4604484 0.1687759 0.4680188 0.1599784 0.4680188 0.1687759 0.4680188 0.1663347 0.4740897 0.1624194 0.4740897 0.1687759 0.4680188 0.1608496 0.4604484 0.1679046 0.4604484 0.1608496 0.4604484 0.1643771 0.4570792 0.1679046 0.4604484 0.8912783 0.4705333 0.8474006 0.4705332 0.8912783 0.4650692 0.8474006 0.4705332 0.8474007 0.4650692 0.8912783 0.4650692 0.8474006 0.4705332 0.8912783 0.4705333 0.8912783 0.4759973 0.8474004 0.4814615 0.8474006 0.4759973 0.8912783 0.4759973 0.8474004 0.4814615 0.8912783 0.4814614 0.8912783 0.4869254 0.8474004 0.4923895 0.8474004 0.4869256 0.8912783 0.4869254 0.8474004 0.4923895 0.8912783 0.4923895 0.8912783 0.4978536 0.8474004 0.4978536 0.8912783 0.4978536 0.8912783 0.5033177 0.1687759 0.4680188 0.1624194 0.4740897 0.1599784 0.4680188 0.8474006 0.4759973 0.8474006 0.4705332 0.8912783 0.4759973 0.8912783 0.4814614 0.8474004 0.4814615 0.8912783 0.4759973 0.8474004 0.4869256 0.8474004 0.4814615 0.8912783 0.4869254 0.8912783 0.4923895 0.8474004 0.4923895 0.8912783 0.4869254 0.8474004 0.4978536 0.8474004 0.4923895 0.8912783 0.4978536 0.8474004 0.5033177 0.8474004 0.4978536 0.8912783 0.5033177 0.1608496 0.4604484 0.1687759 0.4680188 0.1599784 0.4680188 0.1687759 0.4680188 0.1663347 0.4740897 0.1624194 0.4740897 0.1687759 0.4680188 0.1608496 0.4604484 0.1679046 0.4604484 0.1608496 0.4604484 0.1643771 0.4570792 0.1679046 0.4604484 0.8912783 0.4705333 0.8474006 0.4705332 0.8912783 0.4650692 0.8474006 0.4705332 0.8474007 0.4650692 0.8912783 0.4650692 0.8474006 0.4705332 0.8912783 0.4705333 0.8912783 0.4759973 0.8474004 0.4814615 0.8474006 0.4759973 0.8912783 0.4759973 0.8474004 0.4814615 0.8912783 0.4814614 0.8912783 0.4869254 0.8474004 0.4923895 0.8474004 0.4869256 0.8912783 0.4869254 0.8474004 0.4923895 0.8912783 0.4923895 0.8912783 0.4978536 0.8474004 0.4978536 0.8912783 0.4978536 0.8912783 0.5033177 0.1687759 0.4680188 0.1624194 0.4740897 0.1599784 0.4680188 0.8474006 0.4759973 0.8474006 0.4705332 0.8912783 0.4759973 0.8912783 0.4814614 0.8474004 0.4814615 0.8912783 0.4759973 0.8474004 0.4869256 0.8474004 0.4814615 0.8912783 0.4869254 0.8912783 0.4923895 0.8474004 0.4923895 0.8912783 0.4869254 0.8474004 0.4978536 0.8474004 0.4923895 0.8912783 0.4978536 0.8474004 0.5033177 0.8474004 0.4978536 0.8912783 0.5033177 0.1608496 0.4604484 0.1687759 0.4680188 0.1599784 0.4680188 0.1687759 0.4680188 0.1663347 0.4740897 0.1624194 0.4740897 0.1687759 0.4680188 0.1608496 0.4604484 0.1679046 0.4604484 0.1608496 0.4604484 0.1643771 0.4570792 0.1679046 0.4604484 0.8864883 0.7599553 0.8459057 0.7337429 0.8918822 0.7337429 0.8512995 0.7599553 0.8918822 0.7337429 0.8459054 0.7337429 0.806374 0.7028231 0.806374 0.7337429 0.8236776 0.7337429 0.806374 0.7337429 0.806374 0.7599553 0.8236776 0.7599553 0.806374 0.7599553 0.806374 0.7774703 0.8236776 0.7774703 0.878416 0.9630113 0.878416 0.9284042 0.8688938 0.9284042 0.8688938 0.9630113 0.8688938 0.9284042 0.8593719 0.9284042 0.8236776 0.7774698 0.806374 0.7774703 0.806374 0.7599553 0.806374 0.7599553 0.806374 0.7337429 0.8236776 0.7337429 0.806374 0.7337429 0.806374 0.7028231 0.8236776 0.7028231 0.8918822 0.7337429 0.8440114 0.7028231 0.8937764 0.7028228 0.8440114 0.7028231 0.8918822 0.7337429 0.8459057 0.7337429 0.8459057 0.7337429 0.8864883 0.7599553 0.8512995 0.7599553 0.8512995 0.7599553 0.8864883 0.7599553 0.8593719 0.7774698 0.8593719 0.7774698 0.878416 0.7774703 0.8688938 0.7836202 0.8864883 0.7599553 0.878416 0.7774703 0.8593719 0.7774698 0.8459054 0.7337429 0.8937764 0.7028231 0.8440114 0.7028231 0.8937764 0.7028231 0.8459054 0.7337429 0.8918822 0.7337429 0.8918822 0.7337429 0.8512995 0.7599553 0.8864883 0.7599553 0.8864883 0.7599553 0.8512995 0.7599553 0.878416 0.7774703 0.878416 0.7774703 0.8593719 0.7774703 0.8688938 0.7836202 0.8512995 0.7599553 0.8593719 0.7774703 0.878416 0.7774703 0.806374 0.7028231 0.8236776 0.7337429 0.8236776 0.7028228 0.806374 0.7337429 0.8236776 0.7599553 0.8236776 0.7337429 0.806374 0.7599553 0.8236776 0.7774703 0.8236776 0.7599553 0.878416 0.9630113 0.8688938 0.9284042 0.8688938 0.9630113 0.8688938 0.9630113 0.8593719 0.9284042 0.8593719 0.9630113 0.8236776 0.7774698 0.806374 0.7599553 0.8236776 0.7599553 0.806374 0.7599553 0.8236776 0.7337429 0.8236776 0.7599553 0.806374 0.7337429 0.8236776 0.7028231 0.8236776 0.7337429 0.8367235 0.7599553 0.7961406 0.7337429 0.8421171 0.7337429 0.8015344 0.7599553 0.8421171 0.7337429 0.7961406 0.7337429 0.806374 0.7028231 0.806374 0.7337429 0.8236776 0.7337429 0.806374 0.7337429 0.806374 0.7599553 0.8236776 0.7599553 0.806374 0.7599553 0.806374 0.7774703 0.8236776 0.7774703 0.8286512 0.9630113 0.8286512 0.9284042 0.819129 0.9284042 0.819129 0.9630113 0.819129 0.9284042 0.8096068 0.9284042 0.8236776 0.7774698 0.806374 0.7774703 0.806374 0.7599553 0.806374 0.7599553 0.806374 0.7337429 0.8236776 0.7337429 0.806374 0.7337429 0.806374 0.7028231 0.8236776 0.7028231 0.8421171 0.7337429 0.7942464 0.7028231 0.8440114 0.7028228 0.7942464 0.7028231 0.8421171 0.7337429 0.7961406 0.7337429 0.7961406 0.7337429 0.8367235 0.7599553 0.8015344 0.7599553 0.8015344 0.7599553 0.8367235 0.7599553 0.8096068 0.7774698 0.8096068 0.7774698 0.8286512 0.7774703 0.819129 0.7836202 0.8367235 0.7599553 0.8286512 0.7774703 0.8096068 0.7774698 0.7961406 0.7337429 0.8440114 0.7028231 0.7942464 0.7028231 0.8440114 0.7028231 0.7961406 0.7337429 0.8421171 0.7337429 0.8421171 0.7337429 0.8015344 0.7599553 0.8367235 0.7599553 0.8367235 0.7599553 0.8015344 0.7599553 0.8286512 0.7774703 0.8286512 0.7774703 0.8096068 0.7774703 0.819129 0.7836202 0.8015344 0.7599553 0.8096068 0.7774703 0.8286512 0.7774703 0.806374 0.7028231 0.8236776 0.7337429 0.8236776 0.7028228 0.806374 0.7337429 0.8236776 0.7599553 0.8236776 0.7337429 0.806374 0.7599553 0.8236776 0.7774703 0.8236776 0.7599553 0.8286512 0.9630113 0.819129 0.9284042 0.819129 0.9630113 0.819129 0.9630113 0.8096068 0.9284042 0.8096068 0.9630113 0.8236776 0.7774698 0.806374 0.7599553 0.8236776 0.7599553 0.806374 0.7599553 0.8236776 0.7337429 0.8236776 0.7599553 0.806374 0.7337429 0.8236776 0.7028231 0.8236776 0.7337429 0.9378787 0.7599553 0.897296 0.7337429 0.9432725 0.7337429 0.9026898 0.7599553 0.9432725 0.7337429 0.8972957 0.7337429 0.806374 0.7028231 0.806374 0.7337429 0.8236776 0.7337429 0.806374 0.7337429 0.806374 0.7599553 0.8236776 0.7599553 0.806374 0.7599553 0.806374 0.7774703 0.8236776 0.7774703 0.9298063 0.9630113 0.9298063 0.9284042 0.9202841 0.9284042 0.9202841 0.9630113 0.9202841 0.9284042 0.910762 0.9284042 0.8236776 0.7774698 0.806374 0.7774703 0.806374 0.7599553 0.806374 0.7599553 0.806374 0.7337429 0.8236776 0.7337429 0.806374 0.7337429 0.806374 0.7028231 0.8236776 0.7028231 0.9432725 0.7337429 0.8954017 0.7028231 0.9451665 0.7028228 0.8954017 0.7028231 0.9432725 0.7337429 0.897296 0.7337429 0.897296 0.7337429 0.9378787 0.7599553 0.9026898 0.7599553 0.9026898 0.7599553 0.9378787 0.7599553 0.910762 0.7774698 0.910762 0.7774698 0.9298063 0.7774703 0.9202841 0.7836202 0.9378787 0.7599553 0.9298063 0.7774703 0.910762 0.7774698 0.8972957 0.7337429 0.9451665 0.7028231 0.8954017 0.7028231 0.9451665 0.7028231 0.8972957 0.7337429 0.9432725 0.7337429 0.9432725 0.7337429 0.9026898 0.7599553 0.9378787 0.7599553 0.9378787 0.7599553 0.9026898 0.7599553 0.9298063 0.7774703 0.9298063 0.7774703 0.910762 0.7774703 0.9202841 0.7836202 0.9026898 0.7599553 0.910762 0.7774703 0.9298063 0.7774703 0.806374 0.7028231 0.8236776 0.7337429 0.8236776 0.7028228 0.806374 0.7337429 0.8236776 0.7599553 0.8236776 0.7337429 0.806374 0.7599553 0.8236776 0.7774703 0.8236776 0.7599553 0.9298063 0.9630113 0.9202841 0.9284042 0.9202841 0.9630113 0.9202841 0.9630113 0.910762 0.9284042 0.910762 0.9630113 0.8236776 0.7774698 0.806374 0.7599553 0.8236776 0.7599553 0.806374 0.7599553 0.8236776 0.7337429 0.8236776 0.7599553 0.806374 0.7337429 0.8236776 0.7028231 0.8236776 0.7337429 0.9356163 0.9742798 0.8224453 0.9742792 0.8155809 0.9883045 0.8224453 0.5524695 0.9356163 0.5524699 0.9424807 0.5384445 0.9356163 0.9742798 0.9424807 0.988305 0.9424807 0.5384445 0.8224453 0.5524695 0.8155809 0.5384441 0.8155809 0.9883045 0.8224453 0.9742792 0.9356163 0.9742798 0.9356163 0.5524699 0.8224453 0.778586 0.9356163 0.778586 0.9356163 0.7665561 0.7704006 0.7785857 0.7704006 0.7665559 0.9813055 0.7665561 0.2468866 0.81462 0.2468866 0.9904968 0.07987266 0.9904968 0.0187214 0.5574986 0.0187214 0.9902862 0.2095071 0.9902862 -0.00362277 0.9166194 0.2216553 0.9166199 0.2216553 0.6791393 0.01176941 0.5574986 0.01176941 0.9902862 0.2078332 0.9902862 0.8283087 0.6831641 0.9768124 0.6831642 0.8283087 0.5866948 0.9560363 0.7649469 0.7683249 0.6831641 0.9768124 0.6831642 0.7683241 0.5866948 0.8283093 0.5866947 0.8283093 0.6831642 0.7683241 0.7649469 0.7683241 0.6831642 0.8283093 0.6831642 0.9249427 0.5764194 0.9560363 0.5764194 0.9560363 0.6963897 0.9249427 0.5764194 0.9249427 0.6963898 0.8882652 0.6963897 0.8882652 0.5764194 0.8882652 0.6963897 0.8283087 0.6963887 0.8882653 0.8387814 0.8283087 0.7649469 0.9249427 0.8195925 0.8882653 0.8387814 0.9560363 0.7649469 0.768325 0.6831641 0.7683241 0.5866948 0.7683241 0.6831642 0.8283094 0.6831642 0.8283094 0.6831642 0.7683241 0.6831642 0.7683241 0.7649469 0.8283094 0.9518439 0.7683241 0.9518439 0.7683241 0.8896567 0.8283094 0.8896567 0.7683241 0.8896567 0.7683241 0.8163017 0.7683241 0.8163017 0.7683241 0.5764212 0.8283087 0.6963886 0.8283087 0.5866948 0.9768124 0.6831642 0.9841079 0.5866947 0.9768124 0.6831642 0.8283087 0.6831641 0.9560363 0.7649469 0.9560363 0.7649469 0.8283087 0.7649469 0.9249427 0.8195925 0.8283087 0.6831641 0.8283087 0.7649469 0.9560363 0.7649469 0.9249427 0.8195925 0.8283087 0.7649469 0.8882652 0.8387814 0.8882652 0.8387814 0.8283087 0.7649469 0.8283087 0.8195924 0.9841079 0.5866948 0.9768124 0.6831642 0.7683249 0.5866948 0.7683249 0.5866948 0.9768124 0.6831642 0.7683249 0.6831641 0.7683249 0.6831641 0.8882652 0.8387814 0.7683249 0.7649469 0.7683249 0.7649469 0.8882652 0.8387814 0.7683249 0.8195925 0.7683249 0.6831641 0.9560363 0.7649469 0.8882652 0.8387814 0.8882652 0.8387814 0.9560363 0.7649469 0.9249427 0.8195925 0.7683241 0.5866948 0.8283093 0.6831642 0.7683241 0.6831642 0.7683241 0.7649469 0.8283093 0.6831642 0.8283093 0.7649469 0.9249427 0.5764194 0.9560363 0.6963897 0.9249427 0.6963898 0.9249427 0.5764194 0.8882652 0.6963897 0.8882652 0.5764194 0.8882652 0.5764194 0.8283087 0.6963887 0.7683249 0.5764194 0.9768124 0.6831642 0.8283087 0.5866948 0.984108 0.5866947 0.9768124 0.6831642 0.8283087 0.6831641 0.8283087 0.5866948 0.9249427 0.8195925 0.8283087 0.7649469 0.9560363 0.7649469 0.9560363 0.7649469 0.8283087 0.6831641 0.9768124 0.6831642 0.8283087 0.7649469 0.8283087 0.6831641 0.9560363 0.7649469 0.8283087 0.8195924 0.8283087 0.7649469 0.8882653 0.8387814 0.768325 0.6831641 0.9768124 0.6831642 0.768325 0.5866948 0.768325 0.5866948 0.9768124 0.6831642 0.984108 0.5866948 0.9768124 0.6831642 0.768325 0.6831641 0.9560363 0.7649469 0.9560363 0.7649469 0.8882653 0.8387814 0.9249427 0.8195925 0.8882653 0.8387814 0.768325 0.7649469 0.768325 0.8195925 0.768325 0.7649469 0.8882653 0.8387814 0.768325 0.6831641 0.7683241 0.5866948 0.8283094 0.6831642 0.8283094 0.5866947 0.8283094 0.6831642 0.7683241 0.7649469 0.8283094 0.7649469 0.8283094 0.9518439 0.7683241 0.8896567 0.8283094 0.8896567 0.8283094 0.8896567 0.7683241 0.8163017 0.8283094 0.8163018 0.7683241 0.8163017 0.8283087 0.6963886 0.8283094 0.8163018 0.9539263 0.7107535 0.7944027 0.6691315 0.9751284 0.6691314 0.7944027 0.6691315 0.9751284 0.6691314 0.7869575 0.6200349 0.854237 0.6691315 0.854237 0.6200349 0.9152941 0.6200348 0.854237 0.7107535 0.854237 0.6691315 0.9152941 0.6691315 0.854237 0.6614369 0.854237 0.6297057 0.9152941 0.6297057 0.854237 0.6988664 0.854237 0.6614369 0.9152941 0.6614369 0.854237 0.7362959 0.854237 0.6988664 0.9152941 0.6988664 0.854237 0.7680272 0.854237 0.7362959 0.9152941 0.7362959 0.854237 0.6691314 0.854237 0.7107535 0.9152941 0.7107535 0.854237 0.6200349 0.854237 0.6691314 0.9152941 0.6691314 0.9539263 0.7107535 0.7944027 0.6691315 0.9751284 0.6691314 0.7944027 0.6691315 0.9751284 0.6691314 0.7869575 0.6200349 0.854237 0.6691315 0.854237 0.6200349 0.9152941 0.6200348 0.854237 0.7107535 0.854237 0.6691315 0.9152941 0.6691315 0.854237 0.6614369 0.854237 0.6297057 0.9152941 0.6297057 0.854237 0.6988664 0.854237 0.6614369 0.9152941 0.6614369 0.854237 0.7362959 0.854237 0.6988664 0.9152941 0.6988664 0.854237 0.7680272 0.854237 0.7362959 0.9152941 0.7362959 0.854237 0.6691314 0.854237 0.7107535 0.9152941 0.7107535 0.854237 0.6200349 0.854237 0.6691314 0.9152941 0.6691314 0.9825735 0.6200349 0.9751284 0.6691314 0.7869575 0.6200348 0.7869575 0.6200348 0.9751284 0.6691314 0.7944027 0.6691315 0.7944027 0.6691315 0.9539263 0.7107535 0.8156048 0.7107535 0.8156048 0.7107535 0.9221951 0.7385644 0.8473361 0.7385644 0.8473361 0.7385644 0.9221951 0.7385644 0.8847656 0.7483304 0.9221951 0.7385644 0.8156048 0.7107535 0.9539263 0.7107535 0.7869575 0.6200349 0.9751284 0.6691314 0.9825735 0.6200349 0.9751284 0.6691314 0.8156048 0.7107535 0.9539263 0.7107535 0.9539263 0.7107535 0.8473361 0.7385644 0.9221951 0.7385644 0.9221951 0.7385644 0.8473361 0.7385644 0.8847656 0.7483304 0.8473361 0.7385644 0.9539263 0.7107535 0.8156048 0.7107535 0.8156048 0.7107535 0.9751284 0.6691314 0.7944027 0.6691315 0.854237 0.6691315 0.9152941 0.6200348 0.9152941 0.6691315 0.854237 0.7107535 0.9152941 0.6691315 0.9152941 0.7107535 0.854237 0.6614369 0.9152941 0.6297057 0.9152941 0.6614369 0.854237 0.6988664 0.9152941 0.6614369 0.9152941 0.6988664 0.854237 0.7362959 0.9152941 0.6988664 0.9152941 0.7362959 0.854237 0.7680272 0.9152941 0.7362959 0.9152941 0.7680272 0.854237 0.6691314 0.9152941 0.7107535 0.9152941 0.6691314 0.854237 0.6200349 0.9152941 0.6691314 0.9152941 0.6200349 0.9825735 0.6200349 0.9751284 0.6691314 0.7869575 0.6200348 0.7869575 0.6200348 0.9751284 0.6691314 0.7944027 0.6691315 0.7944027 0.6691315 0.9539263 0.7107535 0.8156048 0.7107535 0.8156048 0.7107535 0.9221951 0.7385644 0.8473361 0.7385644 0.8473361 0.7385644 0.9221951 0.7385644 0.8847656 0.7483304 0.9221951 0.7385644 0.8156048 0.7107535 0.9539263 0.7107535 0.7869575 0.6200349 0.9751284 0.6691314 0.9825735 0.6200349 0.9751284 0.6691314 0.8156048 0.7107535 0.9539263 0.7107535 0.9539263 0.7107535 0.8473361 0.7385644 0.9221951 0.7385644 0.9221951 0.7385644 0.8473361 0.7385644 0.8847656 0.7483304 0.8473361 0.7385644 0.9539263 0.7107535 0.8156048 0.7107535 0.8156048 0.7107535 0.9751284 0.6691314 0.7944027 0.6691315 0.854237 0.6691315 0.9152941 0.6200348 0.9152941 0.6691315 0.854237 0.7107535 0.9152941 0.6691315 0.9152941 0.7107535 0.854237 0.6614369 0.9152941 0.6297057 0.9152941 0.6614369 0.854237 0.6988664 0.9152941 0.6614369 0.9152941 0.6988664 0.854237 0.7362959 0.9152941 0.6988664 0.9152941 0.7362959 0.854237 0.7680272 0.9152941 0.7362959 0.9152941 0.7680272 0.854237 0.6691314 0.9152941 0.7107535 0.9152941 0.6691314 0.854237 0.6200349 0.9152941 0.6691314 0.9152941 0.6200349 0.7633879 0.7785857 0.9883181 0.5738741 0.7633879 0.5738738 0.9356163 0.7785857 0.8224453 0.7665559 0.9356163 0.7665559 0.7704004 0.7785857 0.9813052 0.7665561 0.7704004 0.7665559 0.9356163 0.9742798 0.8155809 0.9883045 0.9424807 0.988305 0.8224453 0.5524695 0.9424807 0.5384445 0.8155809 0.5384441 0.9356163 0.9742798 0.9424807 0.5384445 0.9356163 0.5524699 0.8224453 0.5524695 0.8155809 0.9883045 0.8224453 0.9742792 0.8224453 0.9742792 0.9356163 0.5524699 0.8224453 0.5524695 0.8224453 0.778586 0.9356163 0.7665561 0.8224453 0.7665561 0.7704006 0.7785857 0.9813055 0.7665561 0.9813055 0.778586 0.2468866 0.81462 0.07987266 0.9904968 0.07987266 0.81462 0.0187214 0.5574986 0.2095071 0.9902862 0.2095071 0.5574986 -0.00362277 0.9166194 0.2216553 0.6791393 -0.00362277 0.6791387 0.01176941 0.5574986 0.2078332 0.9902862 0.2078332 0.5574986 0.01483231 0.9904968 0.07987266 0.81462 0.07987266 0.9904968 0.7661622 0.5384441 0.8155809 0.9883045 0.8155809 0.5384441 0.7661622 0.778586 0.8155809 0.5738741 0.8155809 0.778586 0.4103232 0.574204 0.2586499 0.9843469 0.4103232 0.9843469 0.8155808 0.7314752 0.7661622 0.5738741 0.766162 0.7314752 0.9592512 0.5442678 0.8568668 0.8734181 0.9592514 0.8734181 0.8155809 0.7314757 0.7661622 0.7785857 0.8155809 0.7785857 0.9539263 0.7107535 0.7944027 0.6691315 0.9751284 0.6691314 0.7944027 0.6691315 0.9751284 0.6691314 0.7869575 0.6200349 0.854237 0.6691315 0.854237 0.6200349 0.9152941 0.6200348 0.854237 0.7107535 0.854237 0.6691315 0.9152941 0.6691315 0.854237 0.6614369 0.854237 0.6297057 0.9152941 0.6297057 0.854237 0.6988664 0.854237 0.6614369 0.9152941 0.6614369 0.854237 0.7362959 0.854237 0.6988664 0.9152941 0.6988664 0.854237 0.7680272 0.854237 0.7362959 0.9152941 0.7362959 0.854237 0.6691314 0.854237 0.7107535 0.9152941 0.7107535 0.854237 0.6200349 0.854237 0.6691314 0.9152941 0.6691314 0.9825735 0.6200349 0.9751284 0.6691314 0.7869575 0.6200348 0.7869575 0.6200348 0.9751284 0.6691314 0.7944027 0.6691315 0.7944027 0.6691315 0.9539263 0.7107535 0.8156048 0.7107535 0.8156048 0.7107535 0.9221951 0.7385644 0.8473361 0.7385644 0.8473361 0.7385644 0.9221951 0.7385644 0.8847656 0.7483304 0.9221951 0.7385644 0.8156048 0.7107535 0.9539263 0.7107535 0.7869575 0.6200349 0.9751284 0.6691314 0.9825735 0.6200349 0.9751284 0.6691314 0.8156048 0.7107535 0.9539263 0.7107535 0.9539263 0.7107535 0.8473361 0.7385644 0.9221951 0.7385644 0.9221951 0.7385644 0.8473361 0.7385644 0.8847656 0.7483304 0.8473361 0.7385644 0.9539263 0.7107535 0.8156048 0.7107535 0.8156048 0.7107535 0.9751284 0.6691314 0.7944027 0.6691315 0.854237 0.6691315 0.9152941 0.6200348 0.9152941 0.6691315 0.854237 0.7107535 0.9152941 0.6691315 0.9152941 0.7107535 0.854237 0.6614369 0.9152941 0.6297057 0.9152941 0.6614369 0.854237 0.6988664 0.9152941 0.6614369 0.9152941 0.6988664 0.854237 0.7362959 0.9152941 0.6988664 0.9152941 0.7362959 0.854237 0.7680272 0.9152941 0.7362959 0.9152941 0.7680272 0.854237 0.6691314 0.9152941 0.7107535 0.9152941 0.6691314 0.854237 0.6200349 0.9152941 0.6691314 0.9152941 0.6200349 0.9539263 0.7107535 0.7944027 0.6691315 0.9751284 0.6691314 0.7944027 0.6691315 0.9751284 0.6691314 0.7869575 0.6200349 0.854237 0.6691315 0.854237 0.6200349 0.9152941 0.6200348 0.854237 0.7107535 0.854237 0.6691315 0.9152941 0.6691315 0.854237 0.6614369 0.854237 0.6297057 0.9152941 0.6297057 0.854237 0.6988664 0.854237 0.6614369 0.9152941 0.6614369 0.854237 0.7362959 0.854237 0.6988664 0.9152941 0.6988664 0.854237 0.7680272 0.854237 0.7362959 0.9152941 0.7362959 0.854237 0.6691314 0.854237 0.7107535 0.9152941 0.7107535 0.854237 0.6200349 0.854237 0.6691314 0.9152941 0.6691314 0.9825735 0.6200349 0.9751284 0.6691314 0.7869575 0.6200348 0.7869575 0.6200348 0.9751284 0.6691314 0.7944027 0.6691315 0.7944027 0.6691315 0.9539263 0.7107535 0.8156048 0.7107535 0.8156048 0.7107535 0.9221951 0.7385644 0.8473361 0.7385644 0.8473361 0.7385644 0.9221951 0.7385644 0.8847656 0.7483304 0.9221951 0.7385644 0.8156048 0.7107535 0.9539263 0.7107535 0.7869575 0.6200349 0.9751284 0.6691314 0.9825735 0.6200349 0.9751284 0.6691314 0.8156048 0.7107535 0.9539263 0.7107535 0.9539263 0.7107535 0.8473361 0.7385644 0.9221951 0.7385644 0.9221951 0.7385644 0.8473361 0.7385644 0.8847656 0.7483304 0.8473361 0.7385644 0.9539263 0.7107535 0.8156048 0.7107535 0.8156048 0.7107535 0.9751284 0.6691314 0.7944027 0.6691315 0.854237 0.6691315 0.9152941 0.6200348 0.9152941 0.6691315 0.854237 0.7107535 0.9152941 0.6691315 0.9152941 0.7107535 0.854237 0.6614369 0.9152941 0.6297057 0.9152941 0.6614369 0.854237 0.6988664 0.9152941 0.6614369 0.9152941 0.6988664 0.854237 0.7362959 0.9152941 0.6988664 0.9152941 0.7362959 0.854237 0.7680272 0.9152941 0.7362959 0.9152941 0.7680272 0.854237 0.6691314 0.9152941 0.7107535 0.9152941 0.6691314 0.854237 0.6200349 0.9152941 0.6691314 0.9152941 0.6200349 0.9539263 0.7107535 0.7944027 0.6691315 0.9751284 0.6691314 0.7944027 0.6691315 0.9751284 0.6691314 0.7869575 0.6200349 0.854237 0.6691315 0.854237 0.6200349 0.9152941 0.6200348 0.854237 0.7107535 0.854237 0.6691315 0.9152941 0.6691315 0.854237 0.6614369 0.854237 0.6297057 0.9152941 0.6297057 0.854237 0.6988664 0.854237 0.6614369 0.9152941 0.6614369 0.854237 0.7362959 0.854237 0.6988664 0.9152941 0.6988664 0.854237 0.7680272 0.854237 0.7362959 0.9152941 0.7362959 0.854237 0.6691314 0.854237 0.7107535 0.9152941 0.7107535 0.854237 0.6200349 0.854237 0.6691314 0.9152941 0.6691314 0.9825735 0.6200349 0.9751284 0.6691314 0.7869575 0.6200348 0.7869575 0.6200348 0.9751284 0.6691314 0.7944027 0.6691315 0.7944027 0.6691315 0.9539263 0.7107535 0.8156048 0.7107535 0.8156048 0.7107535 0.9221951 0.7385644 0.8473361 0.7385644 0.8473361 0.7385644 0.9221951 0.7385644 0.8847656 0.7483304 0.9221951 0.7385644 0.8156048 0.7107535 0.9539263 0.7107535 0.7869575 0.6200349 0.9751284 0.6691314 0.9825735 0.6200349 0.9751284 0.6691314 0.8156048 0.7107535 0.9539263 0.7107535 0.9539263 0.7107535 0.8473361 0.7385644 0.9221951 0.7385644 0.9221951 0.7385644 0.8473361 0.7385644 0.8847656 0.7483304 0.8473361 0.7385644 0.9539263 0.7107535 0.8156048 0.7107535 0.8156048 0.7107535 0.9751284 0.6691314 0.7944027 0.6691315 0.854237 0.6691315 0.9152941 0.6200348 0.9152941 0.6691315 0.854237 0.7107535 0.9152941 0.6691315 0.9152941 0.7107535 0.854237 0.6614369 0.9152941 0.6297057 0.9152941 0.6614369 0.854237 0.6988664 0.9152941 0.6614369 0.9152941 0.6988664 0.854237 0.7362959 0.9152941 0.6988664 0.9152941 0.7362959 0.854237 0.7680272 0.9152941 0.7362959 0.9152941 0.7680272 0.854237 0.6691314 0.9152941 0.7107535 0.9152941 0.6691314 0.854237 0.6200349 0.9152941 0.6691314 0.9152941 0.6200349 0.9539263 0.7107535 0.7944027 0.6691315 0.9751284 0.6691314 0.7944027 0.6691315 0.9751284 0.6691314 0.7869575 0.6200349 0.854237 0.6691315 0.854237 0.6200349 0.9152941 0.6200348 0.854237 0.7107535 0.854237 0.6691315 0.9152941 0.6691315 0.854237 0.6614369 0.854237 0.6297057 0.9152941 0.6297057 0.854237 0.6988664 0.854237 0.6614369 0.9152941 0.6614369 0.854237 0.7362959 0.854237 0.6988664 0.9152941 0.6988664 0.854237 0.7680272 0.854237 0.7362959 0.9152941 0.7362959 0.854237 0.6691314 0.854237 0.7107535 0.9152941 0.7107535 0.854237 0.6200349 0.854237 0.6691314 0.9152941 0.6691314 0.9825735 0.6200349 0.9751284 0.6691314 0.7869575 0.6200348 0.7869575 0.6200348 0.9751284 0.6691314 0.7944027 0.6691315 0.7944027 0.6691315 0.9539263 0.7107535 0.8156048 0.7107535 0.8156048 0.7107535 0.9221951 0.7385644 0.8473361 0.7385644 0.8473361 0.7385644 0.9221951 0.7385644 0.8847656 0.7483304 0.9221951 0.7385644 0.8156048 0.7107535 0.9539263 0.7107535 0.7869575 0.6200349 0.9751284 0.6691314 0.9825735 0.6200349 0.9751284 0.6691314 0.8156048 0.7107535 0.9539263 0.7107535 0.9539263 0.7107535 0.8473361 0.7385644 0.9221951 0.7385644 0.9221951 0.7385644 0.8473361 0.7385644 0.8847656 0.7483304 0.8473361 0.7385644 0.9539263 0.7107535 0.8156048 0.7107535 0.8156048 0.7107535 0.9751284 0.6691314 0.7944027 0.6691315 0.854237 0.6691315 0.9152941 0.6200348 0.9152941 0.6691315 0.854237 0.7107535 0.9152941 0.6691315 0.9152941 0.7107535 0.854237 0.6614369 0.9152941 0.6297057 0.9152941 0.6614369 0.854237 0.6988664 0.9152941 0.6614369 0.9152941 0.6988664 0.854237 0.7362959 0.9152941 0.6988664 0.9152941 0.7362959 0.854237 0.7680272 0.9152941 0.7362959 0.9152941 0.7680272 0.854237 0.6691314 0.9152941 0.7107535 0.9152941 0.6691314 0.854237 0.6200349 0.9152941 0.6691314 0.9152941 0.6200349 0.9378787 0.7599553 0.897296 0.7337429 0.9432725 0.7337429 0.9026898 0.7599553 0.9432725 0.7337429 0.8972957 0.7337429 0.806374 0.7028231 0.806374 0.7337429 0.8236776 0.7337429 0.806374 0.7337429 0.806374 0.7599553 0.8236776 0.7599553 0.806374 0.7599553 0.806374 0.7774703 0.8236776 0.7774703 0.9298063 0.9630113 0.9298063 0.9284042 0.9202841 0.9284042 0.9202841 0.9630113 0.9202841 0.9284042 0.910762 0.9284042 0.8236776 0.7774698 0.806374 0.7774703 0.806374 0.7599553 0.806374 0.7599553 0.806374 0.7337429 0.8236776 0.7337429 0.806374 0.7337429 0.806374 0.7028231 0.8236776 0.7028231 0.9432725 0.7337429 0.8954017 0.7028231 0.9451665 0.7028228 0.8954017 0.7028231 0.9432725 0.7337429 0.897296 0.7337429 0.897296 0.7337429 0.9378787 0.7599553 0.9026898 0.7599553 0.9026898 0.7599553 0.9378787 0.7599553 0.910762 0.7774698 0.910762 0.7774698 0.9298063 0.7774703 0.9202841 0.7836202 0.9378787 0.7599553 0.9298063 0.7774703 0.910762 0.7774698 0.8972957 0.7337429 0.9451665 0.7028231 0.8954017 0.7028231 0.9451665 0.7028231 0.8972957 0.7337429 0.9432725 0.7337429 0.9432725 0.7337429 0.9026898 0.7599553 0.9378787 0.7599553 0.9378787 0.7599553 0.9026898 0.7599553 0.9298063 0.7774703 0.9298063 0.7774703 0.910762 0.7774703 0.9202841 0.7836202 0.9026898 0.7599553 0.910762 0.7774703 0.9298063 0.7774703 0.806374 0.7028231 0.8236776 0.7337429 0.8236776 0.7028228 0.806374 0.7337429 0.8236776 0.7599553 0.8236776 0.7337429 0.806374 0.7599553 0.8236776 0.7774703 0.8236776 0.7599553 0.9298063 0.9630113 0.9202841 0.9284042 0.9202841 0.9630113 0.9202841 0.9630113 0.910762 0.9284042 0.910762 0.9630113 0.8236776 0.7774698 0.806374 0.7599553 0.8236776 0.7599553 0.806374 0.7599553 0.8236776 0.7337429 0.8236776 0.7599553 0.806374 0.7337429 0.8236776 0.7028231 0.8236776 0.7337429 0.9378787 0.7599553 0.897296 0.7337429 0.9432725 0.7337429 0.9026898 0.7599553 0.9432725 0.7337429 0.8972957 0.7337429 0.806374 0.7028231 0.806374 0.7337429 0.8236776 0.7337429 0.806374 0.7337429 0.806374 0.7599553 0.8236776 0.7599553 0.806374 0.7599553 0.806374 0.7774703 0.8236776 0.7774703 0.9298063 0.9630113 0.9298063 0.9284042 0.9202841 0.9284042 0.9202841 0.9630113 0.9202841 0.9284042 0.910762 0.9284042 0.8236776 0.7774698 0.806374 0.7774703 0.806374 0.7599553 0.806374 0.7599553 0.806374 0.7337429 0.8236776 0.7337429 0.806374 0.7337429 0.806374 0.7028231 0.8236776 0.7028231 0.9432725 0.7337429 0.8954017 0.7028231 0.9451665 0.7028228 0.8954017 0.7028231 0.9432725 0.7337429 0.897296 0.7337429 0.897296 0.7337429 0.9378787 0.7599553 0.9026898 0.7599553 0.9026898 0.7599553 0.9378787 0.7599553 0.910762 0.7774698 0.910762 0.7774698 0.9298063 0.7774703 0.9202841 0.7836202 0.9378787 0.7599553 0.9298063 0.7774703 0.910762 0.7774698 0.8972957 0.7337429 0.9451665 0.7028231 0.8954017 0.7028231 0.9451665 0.7028231 0.8972957 0.7337429 0.9432725 0.7337429 0.9432725 0.7337429 0.9026898 0.7599553 0.9378787 0.7599553 0.9378787 0.7599553 0.9026898 0.7599553 0.9298063 0.7774703 0.9298063 0.7774703 0.910762 0.7774703 0.9202841 0.7836202 0.9026898 0.7599553 0.910762 0.7774703 0.9298063 0.7774703 0.806374 0.7028231 0.8236776 0.7337429 0.8236776 0.7028228 0.806374 0.7337429 0.8236776 0.7599553 0.8236776 0.7337429 0.806374 0.7599553 0.8236776 0.7774703 0.8236776 0.7599553 0.9298063 0.9630113 0.9202841 0.9284042 0.9202841 0.9630113 0.9202841 0.9630113 0.910762 0.9284042 0.910762 0.9630113 0.8236776 0.7774698 0.806374 0.7599553 0.8236776 0.7599553 0.806374 0.7599553 0.8236776 0.7337429 0.8236776 0.7599553 0.806374 0.7337429 0.8236776 0.7028231 0.8236776 0.7337429 0.32272 0.3649505 0.4804173 0.1035204 0.4804173 0.364951 -6.21974e-4 0.9708451 0.2328576 0.7181742 0.2328576 0.9708458 0.901325 0.5477811 0.8085023 1.003434 0.9013251 1.003434 0.8085023 1.003434 0.901325 0.5477811 0.9013251 1.003434 0.4507918 0.3737564 0.2783909 0.1800502 0.2783909 0.3737564 0.3286277 0.3808098 0.7701997 0.1800758 0.3286277 0.1800743 0.8085023 0.827755 0.9013251 0.723461 0.9013251 0.827755 0.7732676 0.7039721 0.8517717 0.6306953 0.851772 0.7039721 0.8517717 0.6306953 0.7732676 0.7039721 0.851772 0.7039721 0.7186474 0.1645948 0.8363968 0.3062151 0.8363968 0.1645948 0.7137419 0.1645948 0.8413026 0.3062174 0.8413026 0.1645972 0.7186477 0.1645972 0.8363972 0.3062174 0.7186477 0.3062174 0.7137419 0.1645948 0.8413026 0.3062174 0.7137419 0.3062151 0.4680254 0.02883285 0.4395863 0.3824441 0.4395863 0.02883285 0.4680254 0.02883285 0.4888443 0.3824441 0.4888443 0.02883285 0.4395863 0.02883285 0.4680254 0.3824441 0.4680254 0.02883285 0.4111472 0.02883285 0.4395863 0.3824441 0.4395863 0.02883285 0.4680254 0.02883285 0.4888442 0.3824441 0.4888442 0.02883285 0.4395863 0.02883285 0.4680254 0.3824441 0.4680254 0.02883285 0.4111472 0.02883285 0.4395863 0.3824441 0.4395863 0.02883285 0.3903284 0.02883285 0.4111472 0.3824441 0.4111472 0.02883285 0.4395863 0.02883285 0.4111472 0.3824441 0.4111472 0.02883285 0.4680254 0.02883285 0.4395863 0.3824441 0.4395863 0.02883285 0.4888443 0.02883285 0.4680254 0.3824441 0.4680254 0.02883285 0.4395863 0.02883285 0.4111472 0.3824441 0.4111472 0.02883285 0.4395863 0.02883285 0.4680254 0.02883285 0.4395863 0.02883285 0.4680254 0.3824441 0.4888443 0.3824441 0.4888443 0.3824441 0.8517717 0.6306953 0.7732676 0.7039721 0.851772 0.7039721 0.8517717 0.6306953 0.7732676 0.7039721 0.851772 0.7039721 0.7186474 0.1645948 0.8363968 0.3062151 0.8363968 0.1645948 0.7137419 0.1645948 0.8413026 0.3062174 0.8413026 0.1645972 0.7186477 0.1645972 0.8363972 0.3062174 0.7186477 0.3062174 0.7137419 0.1645948 0.8413026 0.3062174 0.7137419 0.3062151 0.7186474 0.1645948 0.8363968 0.3062151 0.8363968 0.1645948 0.7137419 0.1645948 0.8413026 0.3062174 0.8413026 0.1645972 0.7186477 0.1645972 0.8363972 0.3062174 0.7186477 0.3062174 0.7137419 0.1645948 0.8413026 0.3062174 0.7137419 0.3062151 0.9378787 0.7599553 0.897296 0.7337429 0.9432725 0.7337429 0.9026898 0.7599553 0.9432725 0.7337429 0.8972957 0.7337429 0.806374 0.7028231 0.806374 0.7337429 0.8236776 0.7337429 0.806374 0.7337429 0.806374 0.7599553 0.8236776 0.7599553 0.806374 0.7599553 0.806374 0.7774703 0.8236776 0.7774703 0.9298063 0.9630113 0.9298063 0.9284042 0.9202841 0.9284042 0.9202841 0.9630113 0.9202841 0.9284042 0.910762 0.9284042 0.8236776 0.7774698 0.806374 0.7774703 0.806374 0.7599553 0.806374 0.7599553 0.806374 0.7337429 0.8236776 0.7337429 0.806374 0.7337429 0.806374 0.7028231 0.8236776 0.7028231 0.9432725 0.7337429 0.8954017 0.7028231 0.9451665 0.7028228 0.8954017 0.7028231 0.9432725 0.7337429 0.897296 0.7337429 0.897296 0.7337429 0.9378787 0.7599553 0.9026898 0.7599553 0.9026898 0.7599553 0.9378787 0.7599553 0.910762 0.7774698 0.910762 0.7774698 0.9298063 0.7774703 0.9202841 0.7836202 0.9378787 0.7599553 0.9298063 0.7774703 0.910762 0.7774698 0.8972957 0.7337429 0.9451665 0.7028231 0.8954017 0.7028231 0.9451665 0.7028231 0.8972957 0.7337429 0.9432725 0.7337429 0.9432725 0.7337429 0.9026898 0.7599553 0.9378787 0.7599553 0.9378787 0.7599553 0.9026898 0.7599553 0.9298063 0.7774703 0.9298063 0.7774703 0.910762 0.7774703 0.9202841 0.7836202 0.9026898 0.7599553 0.910762 0.7774703 0.9298063 0.7774703 0.806374 0.7028231 0.8236776 0.7337429 0.8236776 0.7028228 0.806374 0.7337429 0.8236776 0.7599553 0.8236776 0.7337429 0.806374 0.7599553 0.8236776 0.7774703 0.8236776 0.7599553 0.9298063 0.9630113 0.9202841 0.9284042 0.9202841 0.9630113 0.9202841 0.9630113 0.910762 0.9284042 0.910762 0.9630113 0.8236776 0.7774698 0.806374 0.7599553 0.8236776 0.7599553 0.806374 0.7599553 0.8236776 0.7337429 0.8236776 0.7599553 0.806374 0.7337429 0.8236776 0.7028231 0.8236776 0.7337429 0.9378787 0.7599553 0.897296 0.7337429 0.9432725 0.7337429 0.9026898 0.7599553 0.9432725 0.7337429 0.8972957 0.7337429 0.806374 0.7028231 0.806374 0.7337429 0.8236776 0.7337429 0.806374 0.7337429 0.806374 0.7599553 0.8236776 0.7599553 0.806374 0.7599553 0.806374 0.7774703 0.8236776 0.7774703 0.9298063 0.9630113 0.9298063 0.9284042 0.9202841 0.9284042 0.9202841 0.9630113 0.9202841 0.9284042 0.910762 0.9284042 0.8236776 0.7774698 0.806374 0.7774703 0.806374 0.7599553 0.806374 0.7599553 0.806374 0.7337429 0.8236776 0.7337429 0.806374 0.7337429 0.806374 0.7028231 0.8236776 0.7028231 0.9432725 0.7337429 0.8954017 0.7028231 0.9451665 0.7028228 0.8954017 0.7028231 0.9432725 0.7337429 0.897296 0.7337429 0.897296 0.7337429 0.9378787 0.7599553 0.9026898 0.7599553 0.9026898 0.7599553 0.9378787 0.7599553 0.910762 0.7774698 0.910762 0.7774698 0.9298063 0.7774703 0.9202841 0.7836202 0.9378787 0.7599553 0.9298063 0.7774703 0.910762 0.7774698 0.8972957 0.7337429 0.9451665 0.7028231 0.8954017 0.7028231 0.9451665 0.7028231 0.8972957 0.7337429 0.9432725 0.7337429 0.9432725 0.7337429 0.9026898 0.7599553 0.9378787 0.7599553 0.9378787 0.7599553 0.9026898 0.7599553 0.9298063 0.7774703 0.9298063 0.7774703 0.910762 0.7774703 0.9202841 0.7836202 0.9026898 0.7599553 0.910762 0.7774703 0.9298063 0.7774703 0.806374 0.7028231 0.8236776 0.7337429 0.8236776 0.7028228 0.806374 0.7337429 0.8236776 0.7599553 0.8236776 0.7337429 0.806374 0.7599553 0.8236776 0.7774703 0.8236776 0.7599553 0.9298063 0.9630113 0.9202841 0.9284042 0.9202841 0.9630113 0.9202841 0.9630113 0.910762 0.9284042 0.910762 0.9630113 0.8236776 0.7774698 0.806374 0.7599553 0.8236776 0.7599553 0.806374 0.7599553 0.8236776 0.7337429 0.8236776 0.7599553 0.806374 0.7337429 0.8236776 0.7028231 0.8236776 0.7337429 0.9378787 0.7599553 0.897296 0.7337429 0.9432725 0.7337429 0.9026898 0.7599553 0.9432725 0.7337429 0.8972957 0.7337429 0.806374 0.7028231 0.806374 0.7337429 0.8236776 0.7337429 0.806374 0.7337429 0.806374 0.7599553 0.8236776 0.7599553 0.806374 0.7599553 0.806374 0.7774703 0.8236776 0.7774703 0.9298063 0.9630113 0.9298063 0.9284042 0.9202841 0.9284042 0.9202841 0.9630113 0.9202841 0.9284042 0.910762 0.9284042 0.8236776 0.7774698 0.806374 0.7774703 0.806374 0.7599553 0.806374 0.7599553 0.806374 0.7337429 0.8236776 0.7337429 0.806374 0.7337429 0.806374 0.7028231 0.8236776 0.7028231 0.9432725 0.7337429 0.8954017 0.7028231 0.9451665 0.7028228 0.8954017 0.7028231 0.9432725 0.7337429 0.897296 0.7337429 0.897296 0.7337429 0.9378787 0.7599553 0.9026898 0.7599553 0.9026898 0.7599553 0.9378787 0.7599553 0.910762 0.7774698 0.910762 0.7774698 0.9298063 0.7774703 0.9202841 0.7836202 0.9378787 0.7599553 0.9298063 0.7774703 0.910762 0.7774698 0.8972957 0.7337429 0.9451665 0.7028231 0.8954017 0.7028231 0.9451665 0.7028231 0.8972957 0.7337429 0.9432725 0.7337429 0.9432725 0.7337429 0.9026898 0.7599553 0.9378787 0.7599553 0.9378787 0.7599553 0.9026898 0.7599553 0.9298063 0.7774703 0.9298063 0.7774703 0.910762 0.7774703 0.9202841 0.7836202 0.9026898 0.7599553 0.910762 0.7774703 0.9298063 0.7774703 0.806374 0.7028231 0.8236776 0.7337429 0.8236776 0.7028228 0.806374 0.7337429 0.8236776 0.7599553 0.8236776 0.7337429 0.806374 0.7599553 0.8236776 0.7774703 0.8236776 0.7599553 0.9298063 0.9630113 0.9202841 0.9284042 0.9202841 0.9630113 0.9202841 0.9630113 0.910762 0.9284042 0.910762 0.9630113 0.8236776 0.7774698 0.806374 0.7599553 0.8236776 0.7599553 0.806374 0.7599553 0.8236776 0.7337429 0.8236776 0.7599553 0.806374 0.7337429 0.8236776 0.7028231 0.8236776 0.7337429 0.9718987 0.2351013 0.9620751 0.1864575 0.9620751 0.2351013 0.9620751 0.1864575 0.9718987 0.2351013 0.9718987 0.1864575 0.9717319 0.2351013 0.9619082 0.1864575 0.9619082 0.2351013 0.9619082 0.1864575 0.9717319 0.2351013 0.9717319 0.1864575 0.9718987 0.2351013 0.9620751 0.1864575 0.9620751 0.2351013 0.9620751 0.1864575 0.9718987 0.2351013 0.9718987 0.1864575 0.9717319 0.2351013 0.9619082 0.1864575 0.9619082 0.2351013 0.9619082 0.1864575 0.9717319 0.2351013 0.9717319 0.1864575 0.9718987 0.2351013 0.9620751 0.1864575 0.9620751 0.2351013 0.9620751 0.1864575 0.9718987 0.2351013 0.9718987 0.1864575 0.9717319 0.2351013 0.9619082 0.1864575 0.9619082 0.2351013 0.9619082 0.1864575 0.9717319 0.2351013 0.9717319 0.1864575 0.2642568 0.9561954 0.4939126 0.8871113 0.2642568 0.8871113 0.1103861 0.4952403 0.001825988 0.4952403 0.001825988 0.09526705 0.1103861 0.09526705 0.1103861 0.4952403 0.001825988 0.09526705 0.1103861 0.4952403 0.001825988 0.4952403 0.1103861 0.4952403 0.001825988 0.09526705 0.1103861 0.09526705 0.001825988 0.09526705 0.001825988 0.4952403 0.001825988 0.09526705 0.001825988 0.4952403 0.1103861 0.09526705 0.1103861 0.4952403 0.1103861 0.09526705 0.1103861 0.4952403 0.001825988 0.09526705 0.001825988 0.4952403 0.1103861 0.4952403 0.001825988 0.4952403 0.001825988 0.4952403 0.001825988 0.09526705 0.1103861 0.09526705 0.1103861 0.09526705 0.001825988 0.4952403 0.001825988 0.09526705 0.001825988 0.09526705 0.1103861 0.09526705 0.1103861 0.4952403 0.1103861 0.4952403 0.1103861 0.4952403 0.1103861 0.09526705 0.001825988 0.09526705 0.1103861 0.4952403 0.001825988 0.09526705 0.001825988 0.4952403 0.1103861 0.09526705 0.001825988 0.09526705 0.1103861 0.4952403 0.1103861 0.4952403 0.1103861 0.4952403 0.001825988 0.4952403 0.001825988 0.09526705 0.001825988 0.09526705 0.1103861 0.09526705 0.001825988 0.4952403 0.001825988 0.4952403 0.001825988 0.09526705 0.1103861 0.09526705 0.1103861 0.09526705 0.1103861 0.4952403 0.1103861 0.4952403 0.001825988 0.4952403 0.001825988 0.09526705 0.1103861 0.4952403 0.001825988 0.4952403 0.001825988 0.4952403 0.001825988 0.09526705 0.1103861 0.09526705 0.1103861 0.09526705 0.001825988 0.4952403 0.001825988 0.09526705 0.001825988 0.09526705 0.1103861 0.09526705 0.1103861 0.4952403 0.1103861 0.4952403 0.1103861 0.4952403 0.001825988 0.09526705 0.1103861 0.09526705 0.07987266 0.81462 0.01483231 0.81462 0.01483231 0.9904968 0.8155809 0.9883045 0.7661622 0.9883045 0.7661622 0.5384441 0.8155809 0.5738741 0.7661622 0.5738741 0.7661622 0.778586 0.2586499 0.9843469 0.2586499 0.574204 0.4103232 0.574204 0.8155808 0.7314752 0.766162 0.7314752 0.7661622 0.5738741 0.8568668 0.8734181 0.8568665 0.5442678 0.9592512 0.5442678 0.7661622 0.7785857 0.7661622 0.7314757 0.8155809 0.7314757 0.32272 0.3649505 0.4804173 0.364951 0.4804173 0.1035204 -6.21974e-4 0.9708451 0.2328576 0.9708458 0.2328576 0.7181742 0.8085023 1.003434 0.8085021 0.5477811 0.901325 0.5477811 0.901325 0.5477811 0.8085021 0.5477811 0.8085023 1.003434 0.2783909 0.1800502 0.4507918 0.1800502 0.4507918 0.3737564 0.3286277 0.3808098 0.3286277 0.1800743 0.7701997 0.1800758 0.9013251 0.723461 0.8085023 0.723461 0.8085023 0.827755 0.8517717 0.6306953 0.7732673 0.6306953 0.7732676 0.7039721 0.7732676 0.7039721 0.7732673 0.6306953 0.8517717 0.6306953 0.8363968 0.3062151 0.7186474 0.3062151 0.7186474 0.1645948 0.8413026 0.3062174 0.7137419 0.3062151 0.7137419 0.1645948 0.7186477 0.1645972 0.7186477 0.3062174 0.8363972 0.3062174 0.7137419 0.1645948 0.7137419 0.3062151 0.8413026 0.3062174 0.4395863 0.3824441 0.4680254 0.3824441 0.4680254 0.02883285 0.4888443 0.3824441 0.4680254 0.3824441 0.4680254 0.02883285 0.4680254 0.3824441 0.4395863 0.3824441 0.4395863 0.02883285 0.4395863 0.3824441 0.4111472 0.3824441 0.4111472 0.02883285 0.4888442 0.3824441 0.4680254 0.3824441 0.4680254 0.02883285 0.4680254 0.3824441 0.4395863 0.3824441 0.4395863 0.02883285 0.4395863 0.3824441 0.4111472 0.3824441 0.4111472 0.02883285 0.4111472 0.3824441 0.3903284 0.3824441 0.3903284 0.02883285 0.4111472 0.3824441 0.4395863 0.3824441 0.4395863 0.02883285 0.4395863 0.3824441 0.4680254 0.3824441 0.4680254 0.02883285 0.4680254 0.3824441 0.4888443 0.3824441 0.4888443 0.02883285 0.4111472 0.3824441 0.4395863 0.3824441 0.4395863 0.02883285 0.4111472 0.02883285 0.4395863 0.02883285 0.4888443 0.02883285 0.4888443 0.02883285 0.4680254 0.02883285 0.4111472 0.02883285 0.4680254 0.02883285 0.4395863 0.02883285 0.4680254 0.02883285 0.4111472 0.02883285 0.4680254 0.02883285 0.4680254 0.02883285 0.4395863 0.02883285 0.4888442 0.02883285 0.4111472 0.02883285 0.4888442 0.02883285 0.4680254 0.02883285 0.4111472 0.02883285 0.4680254 0.02883285 0.4395863 0.02883285 0.4111472 0.02883285 0.4111472 0.02883285 0.4111472 0.02883285 0.4888442 0.02883285 0.4111472 0.02883285 0.4395863 0.02883285 0.4395863 0.02883285 0.4680254 0.3824441 0.4888443 0.3824441 0.4680254 0.3824441 0.4888443 0.3824441 0.4395863 0.3824441 0.4888443 0.3824441 0.4680254 0.3824441 0.4888443 0.3824441 0.4888443 0.3824441 0.4680254 0.3824441 0.4395863 0.3824441 0.4395863 0.3824441 0.4395863 0.3824441 0.3903284 0.3824441 0.4111472 0.3824441 0.3903284 0.3824441 0.4111472 0.3824441 0.4111472 0.3824441 0.4111472 0.3824441 0.4395863 0.3824441 0.4680254 0.3824441 0.4111472 0.3824441 0.4111472 0.3824441 0.4680254 0.3824441 0.4111472 0.3824441 0.4395863 0.3824441 0.4395863 0.3824441 0.7732676 0.7039721 0.7732673 0.6306953 0.8517717 0.6306953 0.7732676 0.7039721 0.7732673 0.6306953 0.8517717 0.6306953 0.8363968 0.3062151 0.7186474 0.3062151 0.7186474 0.1645948 0.8413026 0.3062174 0.7137419 0.3062151 0.7137419 0.1645948 0.7186477 0.1645972 0.7186477 0.3062174 0.8363972 0.3062174 0.7137419 0.1645948 0.7137419 0.3062151 0.8413026 0.3062174 0.8363968 0.3062151 0.7186474 0.3062151 0.7186474 0.1645948 0.8413026 0.3062174 0.7137419 0.3062151 0.7137419 0.1645948 0.7186477 0.1645972 0.7186477 0.3062174 0.8363972 0.3062174 0.7137419 0.1645948 0.7137419 0.3062151 0.8413026 0.3062174 0.4939126 0.8871113 0.4939126 0.9561954 0.2642568 0.9561954 0.01483231 0.9904968 0.01483231 0.81462 0.07987266 0.81462 0.7661622 0.5384441 0.7661622 0.9883045 0.8155809 0.9883045 0.7661622 0.778586 0.7661622 0.5738741 0.8155809 0.5738741 0.4103232 0.574204 0.2586499 0.574204 0.2586499 0.9843469 0.8155808 0.7314752 0.8155809 0.5738741 0.7661622 0.5738741 0.9592512 0.5442678 0.8568665 0.5442678 0.8568668 0.8734181 0.8155809 0.7314757 0.7661622 0.7314757 0.7661622 0.7785857 0.32272 0.3649505 0.32272 0.1035199 0.4804173 0.1035204 -6.21974e-4 0.9708451 -6.21974e-4 0.7181734 0.2328576 0.7181742 0.901325 0.5477811 0.8085021 0.5477811 0.8085023 1.003434 0.8085023 1.003434 0.8085021 0.5477811 0.901325 0.5477811 0.4507918 0.3737564 0.4507918 0.1800502 0.2783909 0.1800502 0.3286277 0.3808098 0.7701997 0.3808112 0.7701997 0.1800758 0.8085023 0.827755 0.8085023 0.723461 0.9013251 0.723461 0.7732676 0.7039721 0.7732673 0.6306953 0.8517717 0.6306953 0.8517717 0.6306953 0.7732673 0.6306953 0.7732676 0.7039721 0.7186474 0.1645948 0.7186474 0.3062151 0.8363968 0.3062151 0.7137419 0.1645948 0.7137419 0.3062151 0.8413026 0.3062174 0.7186477 0.1645972 0.8363972 0.1645972 0.8363972 0.3062174 0.7137419 0.1645948 0.8413026 0.1645972 0.8413026 0.3062174 0.4680254 0.02883285 0.4680254 0.3824441 0.4395863 0.3824441 0.4680254 0.02883285 0.4680254 0.3824441 0.4888443 0.3824441 0.4395863 0.02883285 0.4395863 0.3824441 0.4680254 0.3824441 0.4111472 0.02883285 0.4111472 0.3824441 0.4395863 0.3824441 0.4680254 0.02883285 0.4680254 0.3824441 0.4888442 0.3824441 0.4395863 0.02883285 0.4395863 0.3824441 0.4680254 0.3824441 0.4111472 0.02883285 0.4111472 0.3824441 0.4395863 0.3824441 0.3903284 0.02883285 0.3903284 0.3824441 0.4111472 0.3824441 0.4395863 0.02883285 0.4395863 0.3824441 0.4111472 0.3824441 0.4680254 0.02883285 0.4680254 0.3824441 0.4395863 0.3824441 0.4888443 0.02883285 0.4888443 0.3824441 0.4680254 0.3824441 0.4395863 0.02883285 0.4395863 0.3824441 0.4111472 0.3824441 0.4888443 0.02883285 0.4395863 0.02883285 0.4111472 0.02883285 0.4111472 0.02883285 0.4680254 0.02883285 0.4888443 0.02883285 0.4680254 0.02883285 0.4395863 0.02883285 0.4680254 0.02883285 0.4888443 0.02883285 0.4680254 0.02883285 0.4680254 0.02883285 0.4395863 0.02883285 0.4111472 0.02883285 0.4888442 0.02883285 0.4111472 0.02883285 0.4111472 0.02883285 0.4680254 0.02883285 0.4111472 0.02883285 0.4395863 0.02883285 0.4680254 0.02883285 0.4680254 0.02883285 0.4888442 0.02883285 0.4111472 0.02883285 0.4888442 0.02883285 0.4395863 0.02883285 0.4395863 0.02883285 0.4395863 0.3824441 0.4888443 0.3824441 0.4888443 0.3824441 0.4888443 0.3824441 0.4680254 0.3824441 0.4680254 0.3824441 0.4680254 0.3824441 0.4395863 0.3824441 0.4395863 0.3824441 0.4395863 0.3824441 0.4111472 0.3824441 0.3903284 0.3824441 0.4111472 0.3824441 0.4680254 0.3824441 0.4111472 0.3824441 0.4680254 0.3824441 0.4395863 0.3824441 0.4111472 0.3824441 0.4111472 0.3824441 0.3903284 0.3824441 0.4111472 0.3824441 0.3903284 0.3824441 0.4395863 0.3824441 0.4395863 0.3824441 0.4395863 0.3824441 0.4680254 0.3824441 0.4680254 0.3824441 0.8517717 0.6306953 0.7732673 0.6306953 0.7732676 0.7039721 0.8517717 0.6306953 0.7732673 0.6306953 0.7732676 0.7039721 0.7186474 0.1645948 0.7186474 0.3062151 0.8363968 0.3062151 0.7137419 0.1645948 0.7137419 0.3062151 0.8413026 0.3062174 0.7186477 0.1645972 0.8363972 0.1645972 0.8363972 0.3062174 0.7137419 0.1645948 0.8413026 0.1645972 0.8413026 0.3062174 0.7186474 0.1645948 0.7186474 0.3062151 0.8363968 0.3062151 0.7137419 0.1645948 0.7137419 0.3062151 0.8413026 0.3062174 0.7186477 0.1645972 0.8363972 0.1645972 0.8363972 0.3062174 0.7137419 0.1645948 0.8413026 0.1645972 0.8413026 0.3062174 0.2642568 0.9561954 0.4939126 0.9561954 0.4939126 0.8871113</float_array>
          <technique_common>
            <accessor source="#Cube_015-mesh-map-0-array" count="9900" stride="2">
              <param name="S" type="float"/>
              <param name="T" type="float"/>
            </accessor>
          </technique_common>
        </source>
        <source id="Cube_015-mesh-map-1">
          <float_array id="Cube_015-mesh-map-1-array" count="19800">0.1421716 0.08739471 0.2806769 0 0.2843431 0.08739453 0.7476148 0.1347697 0.8349776 0 0.8349776 0.1384385 0.1931887 0.8140107 0.280516 0.6754109 0.280516 0.8176792 0.1383444 0.3168357 0.003666222 0.404258 0 0.3168358 0.1383444 0.2021355 0 0.3168358 0 0.2021358 0.1421716 0.08739471 0.2843432 0.2021349 0.1421716 0.2021351 0.07412815 0.404258 0.2051404 0.5391893 0.07412821 0.5391893 0.8954618 0.8694126 0.8825222 0.7309741 0.8954618 0.7309741 0.7328472 0.8266092 0.719903 0.6843407 0.7328472 0.6843407 0.1883532 0.8237261 0.1754085 0.6814576 0.1883531 0.6814576 0.9084014 0.8694126 0.8954619 0.7309741 0.9084014 0.7309741 0.5419912 0.7236374 0.5498703 0.5883802 0.5498703 0.7205536 0.9079648 0.4464375 0.9159013 0.5816946 0.9079648 0.588706 0.9177613 0.1384385 0.9098283 0.006593704 0.9177613 0 0.8954881 0.7271443 0.90354 0.5952997 0.90354 0.7239149 0.729188 0.9187909 0.729188 0.8960543 0.7317372 0.8960543 0.9896844 0.8921495 0.9869461 0.8921494 0.9869461 0.8694128 0.9919485 0.8921493 0.9896844 0.8921495 0.9896844 0.8694129 0.9177316 0.1398249 0.9177317 0.1625614 0.9149023 0.1625614 0.9864218 0.4080329 0.9886862 0.408033 0.9886862 0.4307695 0.9864218 0.4080329 0.9864218 0.4307695 0.9836836 0.4307695 0.729188 0.9187909 0.7266387 0.9187909 0.7266388 0.8960543 0.8020858 0.1992266 0.8070562 0.1952607 0.8070562 0.198092 0.691389 0.9735938 0.6913889 0.9508574 0.6939382 0.9508574 0.9881602 0.317722 0.9908984 0.3177221 0.9908984 0.3404586 0.985896 0.3177222 0.9881602 0.317722 0.9881602 0.3404586 0.2701943 0.9271926 0.2701943 0.9044561 0.2730237 0.904456 0.9861043 0.5468386 0.9883686 0.5468387 0.9883686 0.5695752 0.9861043 0.5468386 0.9861043 0.5695751 0.9833661 0.5695752 0.691389 0.9735938 0.6888397 0.9735938 0.6888397 0.9508573 0.8194516 0.198092 0.8172397 0.1998572 0.8172397 0.1934953 0.6716957 0.9508585 0.6716957 0.973595 0.6691465 0.973595 0.9891067 0.7175666 0.9863685 0.7175666 0.9863685 0.6948301 0.9913709 0.7175665 0.9891067 0.7175666 0.9891067 0.6948301 0.2051015 0.5391894 0.2051015 0.5619259 0.2022719 0.5619259 0.9864217 0.3669684 0.988686 0.3669685 0.988686 0.389705 0.9864217 0.3669684 0.9864217 0.389705 0.9836835 0.389705 0.6716957 0.9508585 0.6742448 0.9508585 0.674245 0.973595 0.8093713 0.1416057 0.8143417 0.1427414 0.8143417 0.1455726 0.9808169 0.5468386 0.9808169 0.5695751 0.9782676 0.5695751 0.9890269 0.6255229 0.9862886 0.6255229 0.9862886 0.6027863 0.9912911 0.6255227 0.9890269 0.6255229 0.9890269 0.6027863 0.3885321 0.8858892 0.3885321 0.8631527 0.3913615 0.8631527 0.9864516 0.2879533 0.988716 0.2879534 0.988716 0.3106899 0.9864516 0.2879533 0.9864516 0.3106899 0.9837135 0.3106899 0.9808169 0.5468386 0.9833661 0.5468386 0.9833661 0.5695751 0.8081437 0.142741 0.8059318 0.1473376 0.8031734 0.1467079 0.9786436 0.1216287 0.9811928 0.1216287 0.9811928 0.1443652 0.9843007 0.04096239 0.9843007 0.01822596 0.9870389 0.0182259 0.9893033 0.04096245 0.9870389 0.04096239 0.9870389 0.0182259 0.280516 0.9190284 0.280516 0.9417649 0.2776865 0.9417649 0.989982 0.274033 0.9877178 0.2740331 0.9877178 0.2512967 0.989982 0.274033 0.989982 0.2512966 0.9927202 0.2512966 0.9837421 0.1216287 0.9837421 0.1443652 0.9811928 0.1443652 0.9859751 0.44582 0.9859751 0.4685565 0.9834258 0.44582 0.9859751 0.4685565 0.9834258 0.4685565 0.9834258 0.44582 0.9842453 0.1856172 0.9842453 0.1628808 0.9869835 0.1628807 0.9892479 0.1856173 0.9869834 0.1856172 0.9869835 0.1628807 0.3913615 0.8858892 0.3913615 0.9086257 0.3885321 0.9086257 0.6294177 0.9703875 0.6316819 0.9703873 0.6316819 0.9931238 0.6294177 0.9703875 0.6294177 0.993124 0.6266794 0.9931239 0.9808766 0.4685565 0.9808766 0.44582 0.9834258 0.44582 0.9870308 0.5022293 0.9870308 0.5249658 0.9844815 0.5022293 0.9870308 0.5249658 0.9844816 0.5249658 0.9844815 0.5022293 0.9844167 0.9312146 0.9844167 0.9084782 0.9871549 0.9084781 0.9894194 0.9312146 0.9871549 0.9312146 0.9871549 0.9084781 0.6022621 0.9715692 0.6022621 0.9943057 0.5994328 0.9943057 0.9892949 0.5022293 0.9870307 0.5022295 0.9870307 0.479493 0.9892949 0.5022293 0.9892949 0.4794929 0.9920332 0.4794929 0.9819324 0.5249658 0.9819324 0.5022293 0.9844815 0.5022293 0.9870308 0.4794929 0.9870308 0.5022293 0.9844815 0.4794929 0.9870308 0.5022293 0.9844815 0.5022293 0.9844815 0.4794929 0.9842996 0.1009819 0.9842997 0.07824546 0.9870378 0.0782454 0.9893022 0.100982 0.9870378 0.1009819 0.9870378 0.0782454 0.9471217 0.9713286 0.9471217 0.9940651 0.9442923 0.9940651 0.9885033 0.6677947 0.9907675 0.6677945 0.9907675 0.690531 0.9885033 0.6677947 0.9885033 0.6905311 0.985765 0.6905311 0.9819324 0.5022293 0.9819324 0.4794929 0.9844815 0.4794929 0.7749415 0.1473377 0.7709556 0.1441568 0.7721831 0.1416057 0.1858761 0.9579113 0.1884254 0.9579113 0.1884254 0.9806479 0.9917023 0.8627878 0.9889509 0.8627878 0.9889509 0.8400512 0.9939337 0.8627878 0.9917023 0.8627878 0.9917022 0.8400512 0.6296772 0.8669547 0.6268478 0.8669546 0.6268478 0.844218 0.5767403 0.9943059 0.5745034 0.9943059 0.5745034 0.9715693 0.5794895 0.9943059 0.5767403 0.9943059 0.5767403 0.9715692 0.1884254 0.9579113 0.1909745 0.9579113 0.1909745 0.9806479 0.8547989 0.1955844 0.8597687 0.1967215 0.8597687 0.1995521 0.5201407 0.7014494 0.5226899 0.7014494 0.5226899 0.724186 0.9915348 0.0182259 0.9942861 0.01822596 0.9942861 0.04096257 0.9893032 0.01822596 0.9915348 0.0182259 0.9915348 0.04096257 0.1383444 0.3747534 0.141174 0.3747534 0.141174 0.39749 0.5916987 0.9943059 0.5894618 0.9943059 0.5894618 0.9715693 0.594448 0.9943059 0.5916987 0.9943059 0.5916987 0.9715692 0.5226899 0.7014494 0.5252393 0.7014494 0.5252393 0.724186 0.8461632 0.4394348 0.8483743 0.4440315 0.8461632 0.4457968 0.9810245 0.7692309 0.9835736 0.7692309 0.9835736 0.7919675 0.9916508 0.9084781 0.9944021 0.9084781 0.9944021 0.9312147 0.9894194 0.9084781 0.9916508 0.9084781 0.9916508 0.9312147 0.3885321 0.8404161 0.3913614 0.840416 0.3913614 0.8631527 0.9370692 0.9713286 0.9393061 0.9713286 0.9393061 0.9940652 0.9343199 0.9713286 0.9370692 0.9713286 0.9370692 0.9940652 0.9835736 0.7692309 0.9861228 0.7692309 0.9861229 0.7919675 0.8619947 0.4451671 0.8619947 0.4400656 0.8647522 0.4394348 0.2294126 0.9559932 0.2319619 0.9559932 0.2319619 0.9787297 0.9919992 0.1856174 0.9892479 0.1856174 0.9892479 0.1628807 0.9942307 0.1856173 0.9919992 0.1856174 0.9919992 0.1628808 0.2051014 0.5846626 0.2022719 0.5846626 0.2022719 0.5619259 0.5867125 0.9943059 0.5844756 0.9943059 0.5844756 0.9715693 0.5894618 0.9943059 0.5867125 0.9943059 0.5867126 0.9715693 0.2319619 0.9559932 0.2345111 0.9559932 0.2345111 0.9787297 0.8473734 0.1981362 0.8513595 0.1949557 0.8535715 0.1967199 0.7317373 0.9187909 0.729188 0.9187909 0.7317372 0.8960543 0.9896844 0.8694129 0.9896844 0.8921495 0.9869461 0.8694128 0.9919485 0.8694128 0.9919485 0.8921493 0.9896844 0.8694129 0.9149023 0.1398249 0.9177316 0.1398249 0.9149023 0.1625614 0.9864218 0.4307695 0.9864218 0.4080329 0.9886862 0.4307695 0.9836836 0.4080329 0.9864218 0.4080329 0.9836836 0.4307695 0.729188 0.8960543 0.729188 0.9187909 0.7266388 0.8960543 0.8048442 0.1998569 0.8020858 0.1992266 0.8070562 0.198092 0.8070562 0.1952607 0.8020858 0.1992266 0.8048443 0.1934953 0.8020858 0.1992266 0.8008581 0.1966755 0.8020858 0.1941249 0.6939381 0.9735938 0.691389 0.9735938 0.6939382 0.9508574 0.8020858 0.1992266 0.8020858 0.1941249 0.8048443 0.1934953 0.9881602 0.3404586 0.9881602 0.317722 0.9908984 0.3404586 0.9858959 0.3404587 0.985896 0.3177222 0.9881602 0.3404586 0.2730237 0.9271926 0.2701943 0.9271926 0.2730237 0.904456 0.9861043 0.5695751 0.9861043 0.5468386 0.9883686 0.5695752 0.9833661 0.5468387 0.9861043 0.5468386 0.9833661 0.5695752 0.6913889 0.9508574 0.691389 0.9735938 0.6888397 0.9508573 0.8144814 0.1992272 0.8132539 0.1966763 0.8172397 0.1998572 0.8172397 0.1934953 0.8194516 0.1952607 0.8194516 0.198092 0.8172397 0.1934953 0.8172397 0.1998572 0.8144814 0.1941254 0.6691465 0.9508585 0.6716957 0.9508585 0.6691465 0.973595 0.8172397 0.1998572 0.8132539 0.1966763 0.8144814 0.1941254 0.9891067 0.6948301 0.9891067 0.7175666 0.9863685 0.6948301 0.9913709 0.69483 0.9913709 0.7175665 0.9891067 0.6948301 0.2022721 0.5391893 0.2051015 0.5391894 0.2022719 0.5619259 0.9864217 0.389705 0.9864217 0.3669684 0.988686 0.389705 0.9836835 0.3669684 0.9864217 0.3669684 0.9836835 0.389705 0.6716957 0.973595 0.6716957 0.9508585 0.674245 0.973595 0.8121297 0.1473376 0.8093713 0.1416057 0.8143417 0.1455726 0.8093713 0.1416057 0.8121297 0.140976 0.8143417 0.1427414 0.8093714 0.1467074 0.8081437 0.1441565 0.8093713 0.1416057 0.8093714 0.1467074 0.8093713 0.1416057 0.8121297 0.1473376 0.9782676 0.5468386 0.9808169 0.5468386 0.9782676 0.5695751 0.9890269 0.6027863 0.9890269 0.6255229 0.9862886 0.6027863 0.9912911 0.6027862 0.9912911 0.6255227 0.9890269 0.6027863 0.3913614 0.8858892 0.3885321 0.8858892 0.3913615 0.8631527 0.9864516 0.3106899 0.9864516 0.2879533 0.988716 0.3106899 0.9837135 0.2879534 0.9864516 0.2879533 0.9837135 0.3106899 0.9808169 0.5695751 0.9808169 0.5468386 0.9833661 0.5695751 0.8019458 0.1441572 0.8081437 0.142741 0.8031734 0.1467079 0.8081437 0.142741 0.8081437 0.1455722 0.8059318 0.1473376 0.8031734 0.1416063 0.8059318 0.140976 0.8081437 0.142741 0.8031734 0.1416063 0.8081437 0.142741 0.8019458 0.1441572 0.9786436 0.1443652 0.9786436 0.1216287 0.9811928 0.1443652 0.9870389 0.04096239 0.9843007 0.04096239 0.9870389 0.0182259 0.9893033 0.01822602 0.9893033 0.04096245 0.9870389 0.0182259 0.2776865 0.9190284 0.280516 0.9190284 0.2776865 0.9417649 0.989982 0.2512966 0.989982 0.274033 0.9877178 0.2512967 0.9927202 0.2740331 0.989982 0.274033 0.9927202 0.2512966 0.9811928 0.1216287 0.9837421 0.1216287 0.9811928 0.1443652 0.2618476 0.6742373 0.26062 0.6716863 0.2646059 0.6748673 0.2668179 0.6731019 0.2646059 0.6748673 0.2668179 0.6702706 0.2646059 0.6685053 0.2646059 0.6748673 0.2618476 0.6691353 0.2646059 0.6748673 0.2646059 0.6685053 0.2668179 0.6702706 0.2646059 0.6748673 0.26062 0.6716863 0.2618476 0.6691353 0.9869834 0.1856172 0.9842453 0.1856172 0.9869835 0.1628807 0.9892479 0.1628808 0.9892479 0.1856173 0.9869835 0.1628807 0.3885321 0.8858892 0.3913615 0.8858892 0.3885321 0.9086257 0.6294177 0.993124 0.6294177 0.9703875 0.6316819 0.9931238 0.6266794 0.9703874 0.6294177 0.9703875 0.6266794 0.9931239 0.9834258 0.4685565 0.9808766 0.4685565 0.9834258 0.44582 0.7298063 0.4400382 0.7320183 0.4418035 0.7270479 0.4406681 0.7258204 0.443219 0.7270479 0.4406681 0.7270479 0.4457699 0.7320183 0.4418035 0.7320183 0.4446349 0.7298063 0.4464001 0.7270479 0.4406681 0.7320183 0.4418035 0.7298063 0.4464001 0.7270479 0.4406681 0.7298063 0.4464001 0.7270479 0.4457699 0.9871549 0.9312146 0.9844167 0.9312146 0.9871549 0.9084781 0.9894194 0.9084782 0.9894194 0.9312146 0.9871549 0.9084781 0.5994328 0.9715693 0.6022621 0.9715692 0.5994328 0.9943057 0.9892949 0.4794929 0.9892949 0.5022293 0.9870307 0.479493 0.9920332 0.5022294 0.9892949 0.5022293 0.9920332 0.4794929 0.9844816 0.5249658 0.9819324 0.5249658 0.9844815 0.5022293 0.7709556 0.1427412 0.7659852 0.1467079 0.7687436 0.140976 0.7659853 0.1416061 0.7687436 0.140976 0.7647576 0.1441571 0.7709556 0.1455725 0.7687435 0.1473379 0.7659852 0.1467079 0.7709556 0.1455725 0.7659852 0.1467079 0.7709556 0.1427412 0.7687436 0.140976 0.7659852 0.1467079 0.7647576 0.1441571 0.9870378 0.1009819 0.9842996 0.1009819 0.9870378 0.0782454 0.9893022 0.07824552 0.9893022 0.100982 0.9870378 0.0782454 0.9442923 0.9713286 0.9471217 0.9713286 0.9442923 0.9940651 0.9885033 0.6905311 0.9885033 0.6677947 0.9907675 0.690531 0.985765 0.6677947 0.9885033 0.6677947 0.985765 0.6905311 0.9844815 0.5022293 0.9819324 0.5022293 0.9844815 0.4794929 0.7749415 0.140976 0.7749415 0.1473377 0.7721831 0.1416057 0.7749415 0.1473377 0.7721832 0.1467078 0.7709556 0.1441568 0.7749415 0.1473377 0.7749415 0.140976 0.7771535 0.1455726 0.1858761 0.9806479 0.1858761 0.9579113 0.1884254 0.9806479 0.7749415 0.140976 0.7771535 0.1427413 0.7771535 0.1455726 0.9917022 0.8400512 0.9917023 0.8627878 0.9889509 0.8400512 0.9939337 0.8400511 0.9939337 0.8627878 0.9917022 0.8400512 0.6296772 0.844218 0.6296772 0.8669547 0.6268478 0.844218 0.5767403 0.9715692 0.5767403 0.9943059 0.5745034 0.9715693 0.5794895 0.9715693 0.5794895 0.9943059 0.5767403 0.9715692 0.1884254 0.9806479 0.1884254 0.9579113 0.1909745 0.9806479 0.8575569 0.2013159 0.8547989 0.1955844 0.8597687 0.1995521 0.8547989 0.1955844 0.8575569 0.1949557 0.8597687 0.1967215 0.854799 0.2006849 0.8535715 0.1981341 0.8547989 0.1955844 0.854799 0.2006849 0.8547989 0.1955844 0.8575569 0.2013159 0.5201407 0.724186 0.5201407 0.7014494 0.5226899 0.724186 0.9915348 0.04096257 0.9915348 0.0182259 0.9942861 0.04096257 0.9893032 0.04096257 0.9893032 0.01822596 0.9915348 0.04096257 0.1383444 0.39749 0.1383444 0.3747534 0.141174 0.39749 0.5916987 0.9715692 0.5916987 0.9943059 0.5894618 0.9715693 0.594448 0.9715693 0.594448 0.9943059 0.5916987 0.9715692 0.5226899 0.724186 0.5226899 0.7014494 0.5252393 0.724186 0.843406 0.4451668 0.8461632 0.4394348 0.8461632 0.4457968 0.8461632 0.4394348 0.8483743 0.4412 0.8483743 0.4440315 0.8461632 0.4394348 0.843406 0.4451668 0.843406 0.4400648 0.9810245 0.7919675 0.9810245 0.7692309 0.9835736 0.7919675 0.843406 0.4451668 0.8421788 0.4426157 0.843406 0.4400648 0.9916508 0.9312147 0.9916508 0.9084781 0.9944021 0.9312147 0.9894194 0.9312147 0.9894194 0.9084781 0.9916508 0.9312147 0.3885321 0.8631527 0.3885321 0.8404161 0.3913614 0.8631527 0.9370692 0.9940652 0.9370692 0.9713286 0.9393061 0.9940652 0.9343199 0.9940652 0.9343199 0.9713286 0.9370692 0.9940652 0.9835736 0.7919675 0.9835736 0.7692309 0.9861229 0.7919675 0.8669635 0.4411991 0.8619947 0.4451671 0.8647522 0.4394348 0.8619947 0.4451671 0.8607676 0.4426168 0.8619947 0.4400656 0.8669635 0.4440302 0.8647521 0.4457961 0.8619947 0.4451671 0.8669635 0.4440302 0.8619947 0.4451671 0.8669635 0.4411991 0.2294126 0.9787297 0.2294126 0.9559932 0.2319619 0.9787297 0.9919992 0.1628808 0.9919992 0.1856174 0.9892479 0.1628807 0.9942307 0.1628807 0.9942307 0.1856173 0.9919992 0.1628808 0.2051014 0.5619259 0.2051014 0.5846626 0.2022719 0.5619259 0.5867126 0.9715693 0.5867125 0.9943059 0.5844756 0.9715693 0.5894618 0.9715692 0.5894618 0.9943059 0.5867126 0.9715693 0.2319619 0.9787297 0.2319619 0.9559932 0.2345111 0.9787297 0.8473734 0.1981362 0.8486011 0.195586 0.8513595 0.1949557 0.8513595 0.201315 0.8486011 0.2006857 0.8473734 0.1981362 0.8473734 0.1981362 0.8535715 0.1967199 0.8513595 0.201315 0.8535715 0.1967199 0.8535715 0.19955 0.8513595 0.201315 0.974801 0.05808436 0.9630776 0.05808436 0.9630776 0.02904224 0.9630776 0.02904224 0.974801 0.02904218 0.974801 0.05808436 0.9630767 0.06075441 0.9748 0.06075447 0.9748 0.08979672 0.9748 0.08979672 0.9630767 0.08979672 0.9630767 0.06075441 0.9739159 0.9677858 0.9621925 0.9677858 0.9621925 0.9387425 0.9621925 0.9387425 0.9739159 0.9387425 0.9739159 0.9677858 0.9597731 0.2740343 0.9714965 0.2740344 0.9714965 0.3030777 0.9714965 0.3030777 0.9597731 0.3030777 0.9597731 0.2740343 0.6447532 0.8977898 0.6530803 0.8935556 0.6530805 0.9296473 0.5573808 0.8939155 0.5657083 0.8896813 0.5657081 0.925773 0.8512858 0.9637949 0.8635024 0.9736654 0.8512858 0.9736655 0.8635024 0.9736654 0.8512856 0.982123 0.8512858 0.9736655 0.4035954 0.9510059 0.391376 0.9573429 0.3913788 0.9510059 0.4035927 0.9573429 0.3913751 0.9648177 0.391376 0.9573429 0.4035918 0.9648177 0.391376 0.9722924 0.3913751 0.9648177 0.391376 0.9722924 0.4035954 0.9786293 0.3913788 0.9786293 0.9717317 0.8583787 0.9839482 0.8499218 0.9839483 0.858379 0.9717316 0.8499215 0.9839483 0.8400514 0.9839482 0.8499218 0.3712124 0.8786497 0.3810352 0.8771629 0.3712121 0.9147414 0.3988929 0.8978762 0.40722 0.8936421 0.4072201 0.9297338 0.9697268 0.8877411 0.9819434 0.8778703 0.9819434 0.8877411 0.9697268 0.8778705 0.9819435 0.8694128 0.9819434 0.8778703 0.4158157 0.9510059 0.4035964 0.9573429 0.4035991 0.9510059 0.415813 0.9573429 0.4035954 0.9648177 0.4035964 0.9573429 0.415813 0.9722926 0.4035954 0.9648177 0.415812 0.9648177 0.4158157 0.9786293 0.4035964 0.9722926 0.415813 0.9722926 0.9722181 0.2204626 0.9844346 0.2120057 0.9844348 0.2204629 0.972218 0.2120054 0.9844348 0.2021353 0.9844346 0.2120057 0.9234164 0.4521586 0.9317404 0.4479244 0.9317407 0.484016 0.02936553 0.9055036 0.0376898 0.9012696 0.03768962 0.9373612 0.974072 0.625523 0.9862886 0.635369 0.974072 0.635369 0.9862886 0.635369 0.974072 0.6437488 0.974072 0.635369 0.9671215 0.7585975 0.9793381 0.7522634 0.9793381 0.7585975 0.9671215 0.7522634 0.9793381 0.7447896 0.9793381 0.7522634 0.9671215 0.7447896 0.9793381 0.7373138 0.9793381 0.7447896 0.9671215 0.7373137 0.9793381 0.7309741 0.9793381 0.7373138 0.2927326 0.9686611 0.280516 0.9770539 0.280516 0.9686611 0.2927327 0.9770539 0.280516 0.9869041 0.280516 0.9770539 0.7660299 0.8983689 0.7743541 0.8941349 0.7743538 0.9302265 0.9317405 0.5260549 0.9415596 0.5245682 0.9317407 0.5621466 0.3293827 0.9686613 0.317166 0.9785073 0.317166 0.9686611 0.3293827 0.9868872 0.317166 0.9785073 0.3293827 0.9785073 0.7450639 0.9578326 0.7328472 0.9514985 0.7450639 0.9514985 0.7450639 0.9653065 0.7328472 0.9578326 0.7450639 0.9578326 0.7450639 0.9727823 0.7328472 0.9653065 0.7450639 0.9653065 0.7450639 0.9791219 0.7328472 0.9727823 0.7450639 0.9727823 0.9858961 0.3488516 0.9736794 0.3404587 0.985896 0.3404588 0.9858961 0.3587017 0.9736794 0.3488516 0.9858961 0.3488516 0.930269 0.6145053 0.9385931 0.6102711 0.9385933 0.6405361 0.5680159 0.8881945 0.5596917 0.8881945 0.575531 0.8637508 0.974072 0.643749 0.9862886 0.6535951 0.974072 0.653595 0.9862886 0.6535951 0.974072 0.6619749 0.974072 0.653595 0.9597432 0.3222156 0.9475266 0.3285498 0.9475266 0.3222156 0.9475266 0.3285498 0.9597432 0.3360236 0.9475265 0.3360236 0.9475265 0.3360236 0.9597431 0.3482437 0.9475266 0.3604683 0.7830299 0.4456446 0.7732071 0.4456446 0.78303 0.4153796 0.5238416 0.8494387 0.5321686 0.8452047 0.5163238 0.8632506 0.9697268 0.9060695 0.9819434 0.8961987 0.9819435 0.9060695 0.9697269 0.8877413 0.9819434 0.8961987 0.9697268 0.8961988 0.1931865 0.8679926 0.180972 0.8616566 0.1931887 0.8616557 0.1931861 0.8754675 0.1809698 0.8679935 0.1931865 0.8679926 0.1931861 0.8754675 0.1809714 0.8876875 0.1809694 0.8754684 0.9227541 0.6087842 0.9325731 0.5785192 0.932573 0.6087842 0.6011894 0.8637507 0.6031424 0.8562759 0.6087046 0.8499391 0.9845727 0.5770326 0.972356 0.5868828 0.9723562 0.5770324 0.9845727 0.5952756 0.972356 0.5868828 0.9845727 0.5868828 0.9415597 0.5548726 0.9537764 0.5612122 0.9415597 0.5612122 0.9415597 0.5548726 0.9537763 0.5473968 0.9537763 0.5548726 0.9415597 0.5473968 0.9537762 0.5351787 0.9537763 0.5473968 0.8408842 0.943965 0.8353202 0.943965 0.8333663 0.9317459 0.0550369 0.8118298 0.06336444 0.8118298 0.04751873 0.8362734 0.9604729 0.9817274 0.9482561 0.971857 0.9604728 0.9718568 0.9482561 0.971857 0.9604729 0.9633992 0.9604728 0.9718568 0.9531855 0.7309741 0.9409669 0.7373124 0.9409689 0.7309755 0.9531835 0.737311 0.9409667 0.7447873 0.9409669 0.7373124 0.9409667 0.7447873 0.9531855 0.757005 0.9409704 0.7692309 0.8945205 0.9439649 0.8847016 0.9439649 0.8945206 0.9136999 0.02185034 0.875339 0.02380341 0.8678641 0.02936547 0.8615273 0.9862886 0.607297 0.974072 0.617143 0.974072 0.6072968 0.9862886 0.6255229 0.974072 0.617143 0.9862886 0.617143 0.9597432 0.4050552 0.9475265 0.3987211 0.9597432 0.3987211 0.9597432 0.4125292 0.9475265 0.4050552 0.9597432 0.4050552 0.9597432 0.4125292 0.9475266 0.4247492 0.9475266 0.4125292 0.2263754 0.936208 0.2208112 0.936208 0.2188572 0.9239889 0.226374 0.8176792 0.2347012 0.8176792 0.2188562 0.842123 0.9722 0.9084781 0.9844166 0.9183489 0.9721999 0.9183486 0.9844166 0.9183489 0.9722 0.9268057 0.9721999 0.9183486 0.5155642 0.8391811 0.5277786 0.8328451 0.5277808 0.839182 0.5155619 0.8328442 0.5277782 0.8253703 0.5277786 0.8328451 0.5277782 0.8253703 0.5155634 0.8131502 0.5277808 0.8009265 0.4188604 0.9360824 0.4208134 0.9286077 0.4346998 0.9483015 0.3988903 0.8481788 0.4072145 0.8481788 0.3913751 0.8726226 0.9735484 0.6722881 0.985765 0.6821385 0.9735484 0.6821384 0.985765 0.6821385 0.9735484 0.6905311 0.9735484 0.6821384 0.9420023 0.8452237 0.9542189 0.8388841 0.9542189 0.8452237 0.9420023 0.8388841 0.9542189 0.8314083 0.9542189 0.8388841 0.9542189 0.8314083 0.9420024 0.8191902 0.9542189 0.8069654 0.9261573 0.8387172 0.9163349 0.8387173 0.9261574 0.8084523 0.02185034 0.8313625 0.02380412 0.8238877 0.02936846 0.8175508 0.9836834 0.3713775 0.9714667 0.3812476 0.9714668 0.371377 0.9836834 0.389705 0.9714667 0.3812476 0.9836833 0.3812479 0.9360376 0.9403967 0.9482561 0.9467349 0.9360395 0.9467335 0.9360374 0.9329218 0.9482541 0.940398 0.9360376 0.9403967 0.9360374 0.9329218 0.9482561 0.9207041 0.948254 0.9329232 0.44452 0.9773336 0.4327966 0.9773336 0.4327966 0.9483016 0.4327966 0.9483016 0.44452 0.9483015 0.44452 0.9773336 0.9773597 0.7982629 0.9656364 0.798263 0.9656364 0.7692309 0.9656364 0.7692309 0.9773597 0.7692309 0.9773597 0.7982629 0.1637181 0.996586 0.1637181 0.9757081 0.1662673 0.9757081 0.7355855 1 0.7328472 1 0.7328472 0.979122 0.7378495 0.9999998 0.7355855 1 0.7355855 0.9791221 0.9986461 0.9387425 0.9986461 0.9596204 0.9958167 0.9596204 0.9181095 0.9783599 0.9203737 0.97836 0.9203737 0.9992379 0.9181095 0.9783599 0.9181095 0.9992378 0.9153713 0.9992378 0.1637181 0.996586 0.1611689 0.996586 0.1611689 0.9757081 0.8155692 0.1416065 0.8183279 0.1473374 0.8155695 0.1467081 0.3517818 0.9758015 0.3517819 0.9966794 0.3492326 0.9966794 0.1347885 0.999719 0.1320502 0.999719 0.1320502 0.9788411 0.1370525 0.9997189 0.1347885 0.999719 0.1347885 0.9788411 0.9958069 0.7901089 0.9958069 0.769231 0.9986364 0.7692309 0.6596644 0.978482 0.6619287 0.9784821 0.6619287 0.99936 0.6596644 0.978482 0.6596643 0.9993599 0.6569262 0.99936 0.3517818 0.9758015 0.354331 0.9758015 0.3543311 0.9966794 0.8411756 0.1967211 0.8411756 0.1995522 0.8362053 0.1955854 0.1688167 0.996586 0.1688168 0.9757081 0.1713659 0.9757081 0.2261237 0.979048 0.228862 0.9790481 0.228862 0.999926 0.2238596 0.9790481 0.2261237 0.979048 0.2261237 0.999926 0.2022721 0.6737502 0.2022719 0.6528723 0.2051015 0.6528723 0.04459857 0.9770524 0.0468629 0.9770525 0.0468629 0.9979304 0.04459857 0.9770524 0.04459857 0.9979304 0.04186046 0.9979304 0.1688167 0.996586 0.1662675 0.996586 0.1662673 0.9757081 0.8473734 0.1967207 0.8451614 0.2013172 0.8424031 0.2006876 0.1762086 0.9762563 0.1762087 0.9971342 0.1736594 0.9971342 0.996969 0.1837587 0.9942308 0.1837587 0.9942308 0.1628808 0.9992331 0.1837586 0.996969 0.1837587 0.996969 0.1628808 0.9960526 0.7157079 0.9960526 0.69483 0.998882 0.69483 0.5065685 0.9780112 0.5088328 0.9780113 0.5088328 0.9988892 0.5065685 0.9780112 0.5065685 0.9988892 0.5038303 0.9988892 0.1762086 0.9762563 0.1787579 0.9762563 0.1787579 0.9971342 0.8268772 0.1941249 0.8318476 0.1952608 0.8318476 0.1980919 0.5706149 0.9968599 0.5680657 0.9968599 0.5680657 0.975982 0.642238 0.9993624 0.642238 0.9784845 0.6449761 0.9784845 0.6472404 0.9993625 0.6449761 0.9993624 0.6449761 0.9784845 0.9972485 0.2248717 0.9972485 0.2457497 0.9944191 0.2457497 0.2516794 0.9790138 0.2539435 0.9790136 0.2539435 0.9998915 0.2516794 0.9790138 0.2516794 0.9998916 0.2489411 0.9998916 0.5655165 0.9968599 0.5655165 0.975982 0.5680657 0.975982 0.560418 0.9968599 0.560418 0.975982 0.5629673 0.9968599 0.560418 0.975982 0.5629673 0.975982 0.5629673 0.9968599 0.9103688 0.9992378 0.9103688 0.9783599 0.913107 0.9783599 0.9153713 0.9992379 0.913107 0.9992378 0.913107 0.9783599 0.2730205 0.8404159 0.2730204 0.8612938 0.270191 0.8612938 0.4036442 0.9995072 0.40138 0.9995073 0.4013801 0.9786294 0.4036442 0.9995072 0.4036442 0.9786293 0.4063825 0.9786294 0.5655164 0.975982 0.5655165 0.9968599 0.5629673 0.9968599 0.1931887 0.9972918 0.1931887 0.9764138 0.195738 0.9972918 0.1931887 0.9764138 0.1957378 0.9764138 0.195738 0.9972918 0.0268529 0.9979304 0.0268529 0.9770525 0.02959108 0.9770524 0.0318554 0.9979305 0.02959108 0.9979304 0.02959108 0.9770524 0.9972497 0.2021351 0.9972497 0.223013 0.9944202 0.2230131 0.7746433 0.9791013 0.7769074 0.9791011 0.7769074 0.9999791 0.7746433 0.9791013 0.7746433 0.9999792 0.771905 0.9999791 0.1982871 0.9764138 0.1982871 0.9972918 0.195738 0.9972918 0.2084839 0.9764138 0.2084839 0.9972918 0.2059347 0.9764138 0.2084839 0.9972918 0.2059347 0.9972918 0.2059347 0.9764138 0.9934672 0.5241019 0.9934672 0.503224 0.9962054 0.503224 0.9984697 0.524102 0.9962054 0.5241019 0.9962054 0.503224 0.9972313 0.0428211 0.9972313 0.06369906 0.9944018 0.06369906 0.26121 0.9998915 0.2589459 0.9998916 0.2589459 0.9790138 0.26121 0.9998915 0.26121 0.9790136 0.2639483 0.9790136 0.2033855 0.9972918 0.2033855 0.9764138 0.2059347 0.9764138 0.7946601 0.1952604 0.7924481 0.1998569 0.7896896 0.1992272 0.9983526 0.4307695 0.9960117 0.4307695 0.9960117 0.4080329 0.3581185 0.9953105 0.3553667 0.9953105 0.3553667 0.9725739 0.3603484 0.9953105 0.3581185 0.9953105 0.3581185 0.9725739 0.1708027 0.8310713 0.1734008 0.8310713 0.1734008 0.8538079 0.9909209 0.4307695 0.9886862 0.4307695 0.9886862 0.4080329 0.993671 0.4307695 0.9909209 0.4307695 0.9909209 0.4080329 0.9960117 0.4307695 0.993671 0.4307695 0.993671 0.4080329 0.8728359 0.4413185 0.8707401 0.4455979 0.8681266 0.4447711 0.9912911 0.6027863 0.9936318 0.6027862 0.9936318 0.6255229 0.7864029 0.9724732 0.7891548 0.9724732 0.7891548 0.9952097 0.7841731 0.9724732 0.7864029 0.9724732 0.7864029 0.9952098 0.9998465 0.2476083 0.9972485 0.2476083 0.9972485 0.2248717 0.5966827 0.9943059 0.594448 0.9943059 0.594448 0.9715693 0.5994327 0.9943059 0.5966827 0.9943059 0.5966827 0.9715692 0.9936318 0.6027862 0.9959727 0.6027863 0.9959727 0.6255229 0.9030985 0.4406418 0.9078609 0.4406418 0.9082691 0.4433541 0.9916282 0.9677858 0.9939692 0.9677858 0.9939692 0.9905225 0.9923271 0.599769 0.9895752 0.599769 0.9895752 0.5770324 0.9945569 0.599769 0.9923271 0.599769 0.9923271 0.5770324 0.1734008 0.8310713 0.1708027 0.8310712 0.1708027 0.8083347 0.09820246 0.9944372 0.09596771 0.9944372 0.09596771 0.9717007 0.1009525 0.9944372 0.09820246 0.9944372 0.09820246 0.9717006 0.9939692 0.9677858 0.9963099 0.9677858 0.9963099 0.9905225 0.8846471 0.4433541 0.8873564 0.4394348 0.8898177 0.4406418 0.9913709 0.69483 0.9937118 0.69483 0.9937117 0.7175666 0.4467577 0.9728823 0.4495096 0.9728823 0.4495096 0.9956189 0.4445279 0.9728823 0.4467577 0.9728823 0.4467576 0.9956189 0.4897674 0.896486 0.4871693 0.896486 0.4871693 0.8737494 0.1037024 0.9717007 0.1059373 0.9717006 0.1059373 0.9944372 0.1009525 0.9717007 0.1037024 0.9717007 0.1037024 0.9944372 0.9937118 0.69483 0.9960526 0.69483 0.9960526 0.7175666 0.873604 0.4406418 0.8783664 0.4406418 0.8787745 0.4433541 0.1662673 0.996586 0.1637181 0.996586 0.1662673 0.9757081 0.7355855 0.9791221 0.7355855 1 0.7328472 0.979122 0.7378495 0.9791219 0.7378495 0.9999998 0.7355855 0.9791221 0.9958168 0.9387425 0.9986461 0.9387425 0.9958167 0.9596204 0.9181095 0.9992378 0.9181095 0.9783599 0.9203737 0.9992379 0.9153712 0.9783599 0.9181095 0.9783599 0.9153713 0.9992378 0.1637181 0.9757081 0.1637181 0.996586 0.1611689 0.9757081 0.8143417 0.1441575 0.8155692 0.1416065 0.8155695 0.1467081 0.8183279 0.1473374 0.8155692 0.1416065 0.8205397 0.1455721 0.8155692 0.1416065 0.8183276 0.140976 0.8205397 0.1427409 0.3492326 0.9758015 0.3517818 0.9758015 0.3492326 0.9966794 0.8155692 0.1416065 0.8205397 0.1427409 0.8205397 0.1455721 0.1347885 0.9788411 0.1347885 0.999719 0.1320502 0.9788411 0.1370525 0.978841 0.1370525 0.9997189 0.1347885 0.9788411 0.9986364 0.7901089 0.9958069 0.7901089 0.9986364 0.7692309 0.6596643 0.9993599 0.6596644 0.978482 0.6619287 0.99936 0.6569262 0.9784821 0.6596644 0.978482 0.6569262 0.99936 0.3517819 0.9966794 0.3517818 0.9758015 0.3543311 0.9966794 0.8389635 0.2013172 0.8362051 0.2006869 0.8411756 0.1995522 0.8362053 0.1955854 0.8389635 0.1949557 0.8411756 0.1967211 0.8362053 0.1955854 0.8411756 0.1995522 0.8349776 0.198136 0.1713659 0.996586 0.1688167 0.996586 0.1713659 0.9757081 0.8411756 0.1995522 0.8362051 0.2006869 0.8349776 0.198136 0.2261237 0.999926 0.2261237 0.979048 0.228862 0.999926 0.2238596 0.9999261 0.2238596 0.9790481 0.2261237 0.999926 0.2051015 0.6737502 0.2022721 0.6737502 0.2051015 0.6528723 0.04459857 0.9979304 0.04459857 0.9770524 0.0468629 0.9979304 0.0418604 0.9770525 0.04459857 0.9770524 0.04186046 0.9979304 0.1688168 0.9757081 0.1688167 0.996586 0.1662673 0.9757081 0.8411755 0.1981369 0.8473734 0.1967207 0.8424031 0.2006876 0.8473734 0.1967207 0.8473734 0.1995518 0.8451614 0.2013172 0.842403 0.195586 0.8451614 0.1949557 0.8473734 0.1967207 0.842403 0.195586 0.8473734 0.1967207 0.8411755 0.1981369 0.1736595 0.9762563 0.1762086 0.9762563 0.1736594 0.9971342 0.996969 0.1628808 0.996969 0.1837587 0.9942308 0.1628808 0.9992331 0.1628807 0.9992331 0.1837586 0.996969 0.1628808 0.998882 0.7157079 0.9960526 0.7157079 0.998882 0.69483 0.5065685 0.9988892 0.5065685 0.9780112 0.5088328 0.9988892 0.5038303 0.9780113 0.5065685 0.9780112 0.5038303 0.9988892 0.1762087 0.9971342 0.1762086 0.9762563 0.1787579 0.9971342 0.8296355 0.1998568 0.8268772 0.1941249 0.8318476 0.1980919 0.8268772 0.1941249 0.8296356 0.1934953 0.8318476 0.1952608 0.8268771 0.1992264 0.8256496 0.1966755 0.8268772 0.1941249 0.8268771 0.1992264 0.8268772 0.1941249 0.8296355 0.1998568 0.5706149 0.975982 0.5706149 0.9968599 0.5680657 0.975982 0.6449761 0.9993624 0.642238 0.9993624 0.6449761 0.9784845 0.6472404 0.9784845 0.6472404 0.9993625 0.6449761 0.9784845 0.9944191 0.2248717 0.9972485 0.2248717 0.9944191 0.2457497 0.2516794 0.9998916 0.2516794 0.9790138 0.2539435 0.9998915 0.2489411 0.9790136 0.2516794 0.9790138 0.2489411 0.9998916 0.5680657 0.9968599 0.5655165 0.9968599 0.5680657 0.975982 0.7771535 0.1441572 0.7783811 0.1416062 0.7783811 0.1467079 0.7811395 0.1473377 0.7783811 0.1467079 0.7833516 0.1455723 0.7833516 0.1427411 0.7783811 0.1467079 0.7811395 0.140976 0.7783811 0.1467079 0.7833516 0.1427411 0.7833516 0.1455723 0.7783811 0.1467079 0.7783811 0.1416062 0.7811395 0.140976 0.913107 0.9992378 0.9103688 0.9992378 0.913107 0.9783599 0.9153713 0.97836 0.9153713 0.9992379 0.913107 0.9783599 0.270191 0.8404159 0.2730205 0.8404159 0.270191 0.8612938 0.4036442 0.9786293 0.4036442 0.9995072 0.4013801 0.9786294 0.4063825 0.9995073 0.4036442 0.9995072 0.4063825 0.9786294 0.5629673 0.975982 0.5655164 0.975982 0.5629673 0.9968599 0.7822641 0.1966765 0.7834916 0.1941255 0.7834917 0.1992272 0.78625 0.1998569 0.7834917 0.1992272 0.7884621 0.1980916 0.7834916 0.1941255 0.78625 0.1934953 0.7884621 0.1952604 0.7834917 0.1992272 0.7834916 0.1941255 0.7884621 0.1952604 0.7834917 0.1992272 0.7884621 0.1952604 0.7884621 0.1980916 0.02959108 0.9979304 0.0268529 0.9979304 0.02959108 0.9770524 0.0318554 0.9770525 0.0318554 0.9979305 0.02959108 0.9770524 0.9944203 0.2021351 0.9972497 0.2021351 0.9944202 0.2230131 0.7746433 0.9999792 0.7746433 0.9791013 0.7769074 0.9999791 0.771905 0.9791013 0.7746433 0.9791013 0.771905 0.9999791 0.1957378 0.9764138 0.1982871 0.9764138 0.195738 0.9972918 0.7845791 0.141606 0.7895497 0.1455724 0.7833516 0.1441566 0.7845792 0.1467075 0.7833516 0.1441566 0.7873376 0.1473374 0.7873376 0.140976 0.7895497 0.1427413 0.7895497 0.1455724 0.7873376 0.140976 0.7895497 0.1455724 0.7845791 0.141606 0.7833516 0.1441566 0.7895497 0.1455724 0.7873376 0.1473374 0.9962054 0.5241019 0.9934672 0.5241019 0.9962054 0.503224 0.9984697 0.503224 0.9984697 0.524102 0.9962054 0.503224 0.9944018 0.04282104 0.9972313 0.0428211 0.9944018 0.06369906 0.26121 0.9790136 0.26121 0.9998915 0.2589459 0.9790138 0.2639483 0.9998916 0.26121 0.9998915 0.2639483 0.9790136 0.2059347 0.9972918 0.2033855 0.9972918 0.2059347 0.9764138 0.7884621 0.1966764 0.7946601 0.1952604 0.7896896 0.1992272 0.7946601 0.1952604 0.7946601 0.1980915 0.7924481 0.1998569 0.7946601 0.1952604 0.7884621 0.1966764 0.7924481 0.1934953 0.9983526 0.4080329 0.9983526 0.4307695 0.9960117 0.4080329 0.7884621 0.1966764 0.7896896 0.1941255 0.7924481 0.1934953 0.3581185 0.9725739 0.3581185 0.9953105 0.3553667 0.9725739 0.3603484 0.9725739 0.3603484 0.9953105 0.3581185 0.9725739 0.1708027 0.8538079 0.1708027 0.8310713 0.1734008 0.8538079 0.9909209 0.4080329 0.9909209 0.4307695 0.9886862 0.4080329 0.993671 0.4080329 0.993671 0.4307695 0.9909209 0.4080329 0.9960117 0.4080329 0.9960117 0.4307695 0.993671 0.4080329 0.8669635 0.4422035 0.8728359 0.4413185 0.8681266 0.4447711 0.8728359 0.4413185 0.8728359 0.4440613 0.8707401 0.4455979 0.8681265 0.4398286 0.87074 0.4394348 0.8728359 0.4413185 0.8681265 0.4398286 0.8728359 0.4413185 0.8669635 0.4422035 0.9912911 0.6255229 0.9912911 0.6027863 0.9936318 0.6255229 0.7864029 0.9952098 0.7864029 0.9724732 0.7891548 0.9952097 0.7841731 0.9952098 0.7841731 0.9724732 0.7864029 0.9952098 0.9998466 0.2248717 0.9998465 0.2476083 0.9972485 0.2248717 0.5966827 0.9715692 0.5966827 0.9943059 0.594448 0.9715693 0.5994327 0.9715693 0.5994327 0.9943059 0.5966827 0.9715692 0.9936318 0.6255229 0.9936318 0.6027862 0.9959727 0.6255229 0.9064769 0.4455292 0.9030985 0.4406418 0.9082691 0.4433541 0.9030985 0.4406418 0.9055598 0.4394348 0.9078609 0.4406418 0.9030985 0.4406418 0.9064769 0.4455292 0.9023305 0.4433541 0.9916282 0.9905225 0.9916282 0.9677858 0.9939692 0.9905225 0.9064769 0.4455292 0.9038339 0.4455292 0.9023305 0.4433541 0.9923271 0.5770324 0.9923271 0.599769 0.9895752 0.5770324 0.9945569 0.5770324 0.9945569 0.599769 0.9923271 0.5770324 0.1734008 0.8083346 0.1734008 0.8310713 0.1708027 0.8083347 0.09820246 0.9717006 0.09820246 0.9944372 0.09596771 0.9717007 0.1009525 0.9717006 0.1009525 0.9944372 0.09820246 0.9717006 0.9939692 0.9905225 0.9939692 0.9677858 0.9963099 0.9905225 0.8905857 0.4433541 0.8846471 0.4433541 0.8898177 0.4406418 0.8846471 0.4433541 0.8850552 0.4406419 0.8873564 0.4394348 0.8890822 0.4455292 0.8864392 0.4455292 0.8846471 0.4433541 0.8890822 0.4455292 0.8846471 0.4433541 0.8905857 0.4433541 0.9913709 0.7175666 0.9913709 0.69483 0.9937117 0.7175666 0.4467576 0.9956189 0.4467577 0.9728823 0.4495096 0.9956189 0.4445279 0.9956189 0.4445279 0.9728823 0.4467576 0.9956189 0.4897674 0.8737494 0.4897674 0.896486 0.4871693 0.8737494 0.1037024 0.9944372 0.1037024 0.9717007 0.1059373 0.9944372 0.1009525 0.9944372 0.1009525 0.9717007 0.1037024 0.9944372 0.9937117 0.7175666 0.9937118 0.69483 0.9960526 0.7175666 0.873604 0.4406418 0.8760653 0.4394348 0.8783664 0.4406418 0.8743394 0.4455292 0.8728359 0.4433541 0.873604 0.4406418 0.873604 0.4406418 0.8787745 0.4433541 0.8743394 0.4455292 0.8787745 0.4433541 0.8769824 0.4455292 0.8743394 0.4455292 0.9606326 0.5770324 0.972356 0.5770324 0.972356 0.6060758 0.972356 0.6060758 0.9606326 0.6060758 0.9606326 0.5770324 0.771905 0.9317134 0.7836285 0.9317134 0.7836285 0.9607568 0.7836285 0.9607568 0.771905 0.9607568 0.771905 0.9317134 0.4701874 0.9773337 0.458464 0.9773337 0.458464 0.9483017 0.458464 0.9483017 0.4701874 0.9483016 0.4701874 0.9773337 0.728179 0.6618288 0.6759691 0.6843407 0.6715347 0.6618288 0.6459131 0.2308681 0.6942432 0.2021351 0.7025575 0.2308681 0.5831007 0.3793004 0.641245 0.3293632 0.6368182 0.3793003 0.5666819 0.1907377 0.609883 0.147857 0.609883 0.1967436 0.4348441 0.2310392 0.4831065 0.209356 0.4885615 0.2310392 0.707226 0.4464285 0.641245 0.3191558 0.707226 0.3191557 0.4929886 0.3192099 0.4348441 0.2692724 0.4885616 0.2692724 0.4348441 0.2692724 0.4885615 0.2310392 0.4885616 0.2692724 0.6301675 0.4400967 0.5831007 0.4175337 0.6368181 0.4175336 0.6368181 0.4175336 0.5831007 0.3793004 0.6368182 0.3793003 0.6459131 0.2691149 0.707226 0.3191557 0.641245 0.3191558 0.6459131 0.2308681 0.7025576 0.2691149 0.6459131 0.2691149 0.7328472 0.5737153 0.6715347 0.6235805 0.6668663 0.5737153 0.728179 0.6235805 0.6715347 0.6618288 0.6715347 0.6235805 0.6668663 0.4464375 0.7328472 0.5737153 0.6668663 0.5737153 0.5671169 0.3293632 0.641245 0.2021351 0.641245 0.3293632 0.4929886 0.4464375 0.4188604 0.3192099 0.4929886 0.3192099 0.9983525 0.3669683 0.9960117 0.3669683 0.9960117 0.3442319 0.9909508 0.2879533 0.9937008 0.2879533 0.9937008 0.3106899 0.988716 0.2879534 0.9909508 0.2879533 0.9909508 0.3106899 0.9972312 0.04096245 0.9998293 0.04096245 0.9998293 0.06369906 0.07117587 0.995924 0.06894606 0.995924 0.06894606 0.9731875 0.07392776 0.995924 0.07117587 0.995924 0.07117587 0.9731875 0.9960117 0.3669683 0.9936708 0.3669683 0.9936708 0.3442319 0.7274067 0.9199978 0.7321691 0.9199979 0.7325774 0.9227101 0.9920332 0.4794929 0.994374 0.4794929 0.994374 0.5022295 0.9909209 0.3669684 0.9936708 0.3669684 0.9936708 0.389705 0.988686 0.3669684 0.9909209 0.3669684 0.9909208 0.389705 0.4871693 0.9192225 0.4897674 0.9192225 0.4897674 0.9419591 0.3625782 0.9953104 0.3603484 0.9953104 0.3603484 0.9725739 0.3653301 0.9953104 0.3625782 0.9953104 0.3625782 0.9725739 0.994374 0.4794929 0.9967148 0.4794929 0.9967148 0.5022294 0.884647 0.4413185 0.8825512 0.4455979 0.8799378 0.4447711 0.9958069 0.7919675 0.9934661 0.7919675 0.9934661 0.7692309 0.0763629 0.9717005 0.07911294 0.9717005 0.07911294 0.994437 0.07412815 0.9717006 0.0763629 0.9717005 0.0763629 0.994437 0.9960761 0.44582 0.9986743 0.44582 0.9986742 0.4685565 0.7913846 0.9952097 0.7891548 0.9952097 0.7891548 0.9724732 0.7941365 0.9952097 0.7913846 0.9952097 0.7913846 0.9724732 0.9934661 0.7919675 0.9911252 0.7919675 0.9911252 0.7692309 0.9276461 0.5655171 0.9255503 0.5697965 0.9229368 0.5689697 0.9980365 0.5468385 0.9956955 0.5468385 0.9956955 0.5241019 0.8008591 0.9944826 0.7981091 0.9944826 0.7981091 0.971746 0.8030939 0.9944825 0.8008591 0.9944826 0.8008592 0.971746 0.9972513 0.7309741 0.9998494 0.7309741 0.9998494 0.7537107 0.3725416 0.9953104 0.3703118 0.9953104 0.3703117 0.9725739 0.3752935 0.9953104 0.3725416 0.9953104 0.3725416 0.9725739 0.9956955 0.5468385 0.9933548 0.5468385 0.9933548 0.5241019 0.2701943 0.9311118 0.2729037 0.9271926 0.2753649 0.9283996 0.9983525 0.3442319 0.9983525 0.3669683 0.9960117 0.3442319 0.9909508 0.3106899 0.9909508 0.2879533 0.9937008 0.3106899 0.9887161 0.3106899 0.988716 0.2879534 0.9909508 0.3106899 0.9972312 0.06369906 0.9972312 0.04096245 0.9998293 0.06369906 0.07117587 0.9731875 0.07117587 0.995924 0.06894606 0.9731875 0.07392776 0.9731875 0.07392776 0.995924 0.07117587 0.9731875 0.9960117 0.3442319 0.9960117 0.3669683 0.9936708 0.3442319 0.7307853 0.9248852 0.7274067 0.9199978 0.7325774 0.9227101 0.7274067 0.9199978 0.729868 0.9187908 0.7321691 0.9199979 0.7281422 0.9248852 0.7266387 0.9227102 0.7274067 0.9199978 0.7281422 0.9248852 0.7274067 0.9199978 0.7307853 0.9248852 0.9920332 0.5022294 0.9920332 0.4794929 0.994374 0.5022295 0.9909208 0.389705 0.9909209 0.3669684 0.9936708 0.389705 0.988686 0.389705 0.988686 0.3669684 0.9909208 0.389705 0.4871693 0.9419591 0.4871693 0.9192225 0.4897674 0.9419591 0.3625782 0.9725739 0.3625782 0.9953104 0.3603484 0.9725739 0.3653301 0.9725739 0.3653301 0.9953104 0.3625782 0.9725739 0.994374 0.5022295 0.994374 0.4794929 0.9967148 0.5022294 0.8787746 0.4422035 0.884647 0.4413185 0.8799378 0.4447711 0.884647 0.4413185 0.884647 0.4440613 0.8825512 0.4455979 0.884647 0.4413185 0.8787746 0.4422035 0.8825511 0.4394348 0.9958069 0.7692309 0.9958069 0.7919675 0.9934661 0.7692309 0.8787746 0.4422035 0.8799377 0.4398286 0.8825511 0.4394348 0.0763629 0.994437 0.0763629 0.9717005 0.07911294 0.994437 0.07412815 0.9944371 0.07412815 0.9717006 0.0763629 0.994437 0.9960761 0.4685565 0.9960761 0.44582 0.9986742 0.4685565 0.7913846 0.9724732 0.7913846 0.9952097 0.7891548 0.9724732 0.7941365 0.9724732 0.7941365 0.9952097 0.7913846 0.9724732 0.9934661 0.7692309 0.9934661 0.7919675 0.9911252 0.7692309 0.9217737 0.5664021 0.9276461 0.5655171 0.9229368 0.5689697 0.9276461 0.5655171 0.9276461 0.56826 0.9255503 0.5697965 0.9229367 0.5640272 0.9255503 0.5636334 0.9276461 0.5655171 0.9229367 0.5640272 0.9276461 0.5655171 0.9217737 0.5664021 0.9980365 0.5241019 0.9980365 0.5468385 0.9956955 0.5241019 0.8008592 0.971746 0.8008591 0.9944826 0.7981091 0.971746 0.8030939 0.971746 0.8030939 0.9944825 0.8008592 0.971746 0.9972513 0.7537107 0.9972513 0.7309741 0.9998494 0.7537107 0.3725416 0.9725739 0.3725416 0.9953104 0.3703117 0.9725739 0.3752935 0.9725739 0.3752935 0.9953104 0.3725416 0.9725739 0.9956955 0.5241019 0.9956955 0.5468385 0.9933548 0.5241019 0.2701943 0.9311118 0.2706026 0.9283996 0.2729037 0.9271926 0.2746294 0.9332869 0.2719864 0.9332869 0.2701943 0.9311118 0.2701943 0.9311118 0.2753649 0.9283996 0.2746294 0.9332869 0.2753649 0.9283996 0.276133 0.9311119 0.2746294 0.9332869 0.1421716 0.08739471 0.1458373 1.59021e-7 0.2806769 0 0.7476148 0.1347697 0.7476147 0.003668308 0.8349776 0 0.1931887 0.8140107 0.1931887 0.6790794 0.280516 0.6754109 0.1383444 0.3168357 0.1346785 0.404258 0.003666222 0.404258 0.1383444 0.2021355 0.1383444 0.3168357 0 0.3168358 0.1421716 0.08739471 0.2843431 0.08739453 0.2843432 0.2021349 0.07412815 0.404258 0.2051404 0.404258 0.2051404 0.5391893 0.8954618 0.8694126 0.8825222 0.8694126 0.8825222 0.7309741 0.7328472 0.8266092 0.7199031 0.8266092 0.719903 0.6843407 0.1883532 0.8237261 0.1754085 0.8237261 0.1754085 0.6814576 0.9084014 0.8694126 0.8954618 0.8694126 0.8954619 0.7309741 0.5419912 0.7236374 0.5419911 0.5813689 0.5498703 0.5883802 0.9079648 0.4464375 0.9159013 0.4495211 0.9159013 0.5816946 0.9177613 0.1384385 0.9098283 0.135209 0.9098283 0.006593704 0.8954881 0.7271443 0.8954881 0.5887058 0.90354 0.5952997 0.6530803 0.8935556 0.662903 0.8920688 0.662903 0.9311341 0.662903 0.9311341 0.6530805 0.9296473 0.6530803 0.8935556 0.6530805 0.9296473 0.6447534 0.9254131 0.6447532 0.8977898 0.6447534 0.9254131 0.6391894 0.9190763 0.6447532 0.8977898 0.6391894 0.9190763 0.6372355 0.9116015 0.6391891 0.9041267 0.6447532 0.8977898 0.6391894 0.9190763 0.6391891 0.9041267 0.5657083 0.8896813 0.5755311 0.8881945 0.5755311 0.9272599 0.5755311 0.9272599 0.5657081 0.925773 0.5657083 0.8896813 0.5657081 0.925773 0.5573808 0.9215389 0.5573808 0.8939155 0.5573808 0.9215389 0.5518164 0.915202 0.5573808 0.8939155 0.5518164 0.915202 0.5498626 0.9077272 0.5518164 0.9002524 0.5573808 0.8939155 0.5518164 0.915202 0.5518164 0.9002524 0.8512858 0.9637949 0.8635024 0.9637947 0.8635024 0.9736654 0.8635024 0.9736654 0.8635023 0.982123 0.8512856 0.982123 0.4035954 0.9510059 0.4035927 0.9573429 0.391376 0.9573429 0.4035927 0.9573429 0.4035918 0.9648177 0.3913751 0.9648177 0.4035918 0.9648177 0.4035927 0.9722924 0.391376 0.9722924 0.391376 0.9722924 0.4035927 0.9722924 0.4035954 0.9786293 0.9717317 0.8583787 0.9717316 0.8499215 0.9839482 0.8499218 0.9717316 0.8499215 0.9717317 0.8400511 0.9839483 0.8400514 0.3810352 0.8771629 0.3810352 0.9162283 0.3712121 0.9147414 0.3712121 0.9147414 0.3628848 0.9105073 0.3628848 0.8828839 0.3628848 0.9105073 0.3573204 0.9041703 0.3573206 0.8892206 0.3573204 0.9041703 0.3553667 0.8966956 0.3573206 0.8892206 0.3573206 0.8892206 0.3628848 0.8828839 0.3628848 0.9105073 0.3628848 0.8828839 0.3712124 0.8786497 0.3712121 0.9147414 0.4170425 0.8921552 0.4170425 0.9312207 0.40722 0.8936421 0.4170425 0.9312207 0.4072201 0.9297338 0.40722 0.8936421 0.4072201 0.9297338 0.3988929 0.9254996 0.3988929 0.8978762 0.3988929 0.9254996 0.3933288 0.9191628 0.3933288 0.9042131 0.3933288 0.9191628 0.3913751 0.9116879 0.3933288 0.9042131 0.3933288 0.9042131 0.3988929 0.8978762 0.3988929 0.9254996 0.9697268 0.8877411 0.9697268 0.8778705 0.9819434 0.8778703 0.9697268 0.8778705 0.9697269 0.8694129 0.9819435 0.8694128 0.4158157 0.9510059 0.415813 0.9573429 0.4035964 0.9573429 0.415813 0.9573429 0.415812 0.9648177 0.4035954 0.9648177 0.415813 0.9722926 0.4035964 0.9722926 0.4035954 0.9648177 0.4158157 0.9786293 0.4035991 0.9786293 0.4035964 0.9722926 0.9722181 0.2204626 0.972218 0.2120054 0.9844346 0.2120057 0.972218 0.2120054 0.9722182 0.2021351 0.9844348 0.2021353 0.9317404 0.4479244 0.9415596 0.4464375 0.9415596 0.4855028 0.9415596 0.4855028 0.9317407 0.484016 0.9317404 0.4479244 0.9317407 0.484016 0.9234165 0.4797819 0.9234164 0.4521586 0.9234165 0.4797819 0.9178544 0.4734451 0.9234164 0.4521586 0.9178544 0.4734451 0.9159013 0.4659703 0.9178543 0.4584954 0.9234164 0.4521586 0.9178544 0.4734451 0.9178543 0.4584954 0.0376898 0.9012696 0.04750871 0.8997827 0.04750871 0.938848 0.04750871 0.938848 0.03768962 0.9373612 0.0376898 0.9012696 0.03768962 0.9373612 0.02936553 0.9331271 0.02936553 0.9055036 0.02936553 0.9331271 0.02380341 0.9267902 0.02936553 0.9055036 0.02380341 0.9267902 0.02185034 0.9193153 0.02380341 0.9118405 0.02936553 0.9055036 0.02380341 0.9267902 0.02380341 0.9118405 0.974072 0.625523 0.9862887 0.6255229 0.9862886 0.635369 0.9862886 0.635369 0.9862887 0.6437489 0.974072 0.6437488 0.9671215 0.7585975 0.9671215 0.7522634 0.9793381 0.7522634 0.9671215 0.7522634 0.9671215 0.7447896 0.9793381 0.7447896 0.9671215 0.7447896 0.9671215 0.7373137 0.9793381 0.7373138 0.9671215 0.7373137 0.9671215 0.7309741 0.9793381 0.7309741 0.2927326 0.9686611 0.2927327 0.9770539 0.280516 0.9770539 0.2927327 0.9770539 0.2927327 0.9869041 0.280516 0.9869041 0.7841731 0.8926481 0.7841731 0.9317134 0.7743541 0.8941349 0.7841731 0.9317134 0.7743538 0.9302265 0.7743541 0.8941349 0.7743538 0.9302265 0.7660297 0.9259924 0.7660299 0.8983689 0.7660297 0.9259924 0.7604676 0.9196555 0.7604678 0.9047058 0.7604676 0.9196555 0.7585146 0.9121806 0.7604678 0.9047058 0.7604678 0.9047058 0.7660299 0.8983689 0.7660297 0.9259924 0.9415596 0.5245682 0.9415596 0.5636334 0.9317407 0.5621466 0.9317407 0.5621466 0.9234164 0.5579125 0.9234164 0.5302891 0.9234164 0.5579125 0.9178543 0.5515756 0.9178543 0.5366259 0.9178543 0.5515756 0.9159013 0.5441007 0.9178543 0.5366259 0.9178543 0.5366259 0.9234164 0.5302891 0.9234164 0.5579125 0.9234164 0.5302891 0.9317405 0.5260549 0.9317407 0.5621466 0.3293827 0.9686613 0.3293827 0.9785073 0.317166 0.9785073 0.3293827 0.9868872 0.317166 0.9868871 0.317166 0.9785073 0.7450639 0.9578326 0.7328472 0.9578326 0.7328472 0.9514985 0.7450639 0.9653065 0.7328472 0.9653065 0.7328472 0.9578326 0.7450639 0.9727823 0.7328472 0.9727823 0.7328472 0.9653065 0.7450639 0.9791219 0.7328472 0.9791219 0.7328472 0.9727823 0.9858961 0.3488516 0.9736794 0.3488516 0.9736794 0.3404587 0.9858961 0.3587017 0.9736794 0.3587017 0.9736794 0.3488516 0.9385931 0.6102711 0.9484122 0.6087842 0.9484122 0.640536 0.9484122 0.640536 0.9385933 0.6405361 0.9385931 0.6102711 0.9385933 0.6405361 0.9302691 0.6405361 0.9227539 0.6283171 0.9302691 0.6405361 0.9247071 0.6405362 0.9227539 0.6283171 0.9227539 0.6283171 0.9247069 0.6208422 0.9385933 0.6405361 0.9247069 0.6208422 0.930269 0.6145053 0.9385933 0.6405361 0.5596917 0.8881945 0.5498728 0.8881945 0.575531 0.8637508 0.5498728 0.8881945 0.5498726 0.844218 0.5596917 0.8457049 0.575531 0.8637508 0.5498728 0.8881945 0.5596917 0.8457049 0.5596917 0.8457049 0.5680158 0.8499391 0.575531 0.8637508 0.5680158 0.8499391 0.573578 0.8562759 0.575531 0.8637508 0.575531 0.8637508 0.5735781 0.8881945 0.5680159 0.8881945 0.974072 0.643749 0.9862886 0.6437489 0.9862886 0.6535951 0.9862886 0.6535951 0.9862886 0.6619749 0.974072 0.6619749 0.9597432 0.3222156 0.9597432 0.3285498 0.9475266 0.3285498 0.9475266 0.3285498 0.9597432 0.3285498 0.9597432 0.3360236 0.9475265 0.3360236 0.9597432 0.3360236 0.9597431 0.3482437 0.7732071 0.4456446 0.773207 0.4138928 0.78303 0.4153796 0.78303 0.4153796 0.7913574 0.4196137 0.7830299 0.4456446 0.7913574 0.4196137 0.7969217 0.4259506 0.7830299 0.4456446 0.7969217 0.4259506 0.7988755 0.4334255 0.7830299 0.4456446 0.7988755 0.4334255 0.7969216 0.4456446 0.7913574 0.4456446 0.7913574 0.4456446 0.7830299 0.4456446 0.7988755 0.4334255 0.5419911 0.8437179 0.5419911 0.8876942 0.5321686 0.8452047 0.5419911 0.8876942 0.5321688 0.8876942 0.5163238 0.8632506 0.5321686 0.8452047 0.5419911 0.8876942 0.5163238 0.8632506 0.5321688 0.8876942 0.5238416 0.8876942 0.5163238 0.8632506 0.5238416 0.8876942 0.5182775 0.8876942 0.5163238 0.8632506 0.5163238 0.8632506 0.5182775 0.8557756 0.5238416 0.8494387 0.9697268 0.9060695 0.9697268 0.8961988 0.9819434 0.8961987 0.9697269 0.8877413 0.9819435 0.8877412 0.9819434 0.8961987 0.1931865 0.8679926 0.1809698 0.8679935 0.180972 0.8616566 0.1931861 0.8754675 0.1809694 0.8754684 0.1809698 0.8679935 0.1931861 0.8754675 0.1931887 0.8999112 0.1809714 0.8876875 0.9227541 0.6087842 0.9227539 0.5770324 0.9325731 0.5785192 0.9325731 0.5785192 0.9408972 0.5827534 0.932573 0.6087842 0.9408972 0.5827534 0.9464594 0.5890903 0.932573 0.6087842 0.9464594 0.5890903 0.9484124 0.5965651 0.932573 0.6087842 0.9484124 0.5965651 0.9464592 0.6087842 0.9408972 0.6087842 0.9484124 0.5965651 0.9408972 0.6087842 0.932573 0.6087842 0.6268478 0.844218 0.6268478 0.8881945 0.6170287 0.8457048 0.6268478 0.8881945 0.6170288 0.8881945 0.6011894 0.8637507 0.6087046 0.8881945 0.6031424 0.8881945 0.6011894 0.8637507 0.6268478 0.8881945 0.6011894 0.8637507 0.6170287 0.8457048 0.6170288 0.8881945 0.6087046 0.8881945 0.6011894 0.8637507 0.6087046 0.8499391 0.6170287 0.8457048 0.6011894 0.8637507 0.9845727 0.5770326 0.9845727 0.5868828 0.972356 0.5868828 0.9845727 0.5952756 0.9723562 0.5952755 0.972356 0.5868828 0.9415597 0.5548726 0.9537763 0.5548726 0.9537764 0.5612122 0.9415597 0.5548726 0.9415597 0.5473968 0.9537763 0.5473968 0.9415597 0.5473968 0.9415597 0.522954 0.9537762 0.5351787 0.8492111 0.9136999 0.8590338 0.9122131 0.8590338 0.9439649 0.8590338 0.9439649 0.8492113 0.943965 0.8492111 0.9136999 0.8492113 0.943965 0.8408842 0.943965 0.8333663 0.9317459 0.840884 0.9179341 0.8492113 0.943965 0.83532 0.924271 0.840884 0.9179341 0.8492111 0.9136999 0.8492113 0.943965 0.8333663 0.9317459 0.83532 0.924271 0.8492113 0.943965 0.06336444 0.8118298 0.07318723 0.8118298 0.04751873 0.8362734 0.07318723 0.8118298 0.07318723 0.8558062 0.06336432 0.8543193 0.04751873 0.8362734 0.07318723 0.8118298 0.06336432 0.8543193 0.06336432 0.8543193 0.05503696 0.8500853 0.04751873 0.8362734 0.05503696 0.8500853 0.04947263 0.8437483 0.04751873 0.8362734 0.04751873 0.8362734 0.04947257 0.8118298 0.0550369 0.8118298 0.9604729 0.9817274 0.9482563 0.9817277 0.9482561 0.971857 0.9482561 0.971857 0.9482563 0.9633994 0.9604729 0.9633992 0.9531855 0.7309741 0.9531835 0.737311 0.9409669 0.7373124 0.9531835 0.737311 0.9531834 0.744786 0.9409667 0.7447873 0.9409667 0.7447873 0.9531834 0.744786 0.9531855 0.757005 0.8847016 0.9439649 0.8847013 0.9122131 0.8945206 0.9136999 0.8945206 0.9136999 0.9028447 0.9179341 0.8945205 0.9439649 0.9028447 0.9179341 0.9084069 0.9242709 0.8945205 0.9439649 0.9084069 0.9242709 0.9103599 0.9317458 0.8945205 0.9439649 0.9103599 0.9317458 0.9084068 0.9439649 0.9028447 0.9439649 0.9028447 0.9439649 0.8945205 0.9439649 0.9103599 0.9317458 0.04750859 0.8558062 0.04750859 0.8997827 0.03768956 0.8572931 0.04750859 0.8997827 0.03768968 0.8997828 0.02185034 0.875339 0.02936547 0.8997828 0.02380341 0.8997828 0.02185034 0.875339 0.04750859 0.8997827 0.02185034 0.875339 0.03768956 0.8572931 0.03768968 0.8997828 0.02936547 0.8997828 0.02185034 0.875339 0.02936547 0.8615273 0.03768956 0.8572931 0.02185034 0.875339 0.9862886 0.607297 0.9862886 0.617143 0.974072 0.617143 0.9862886 0.6255229 0.974072 0.6255228 0.974072 0.617143 0.9597432 0.4050552 0.9475265 0.4050552 0.9475265 0.3987211 0.9597432 0.4125292 0.9475266 0.4125292 0.9475265 0.4050552 0.9597432 0.4125292 0.9597432 0.4369739 0.9475266 0.4247492 0.2347026 0.905943 0.2445257 0.904456 0.2445257 0.9362078 0.2445257 0.9362078 0.234703 0.9362079 0.2347026 0.905943 0.234703 0.9362079 0.2263754 0.936208 0.2188572 0.9239889 0.2263753 0.9101772 0.234703 0.9362079 0.220811 0.916514 0.2263753 0.9101772 0.2347026 0.905943 0.234703 0.9362079 0.2188572 0.9239889 0.220811 0.916514 0.234703 0.9362079 0.2347012 0.8176792 0.2445235 0.8176792 0.2188562 0.842123 0.2445235 0.8176792 0.2445235 0.8616557 0.234701 0.8601688 0.2188562 0.842123 0.2445235 0.8176792 0.234701 0.8601688 0.234701 0.8601688 0.226374 0.8559347 0.2188562 0.842123 0.226374 0.8559347 0.2208099 0.8495979 0.2188562 0.842123 0.2188562 0.842123 0.2208099 0.8176792 0.226374 0.8176792 0.9722 0.9084781 0.9844167 0.9084782 0.9844166 0.9183489 0.9844166 0.9183489 0.9844167 0.9268059 0.9722 0.9268057 0.5155642 0.8391811 0.5155619 0.8328442 0.5277786 0.8328451 0.5155619 0.8328442 0.5155615 0.8253694 0.5277782 0.8253703 0.5277782 0.8253703 0.5155615 0.8253694 0.5155634 0.8131502 0.4346997 0.9180365 0.4445189 0.9165497 0.4445188 0.9483015 0.4346998 0.9483015 0.4263756 0.9483015 0.4188604 0.9360824 0.4263756 0.9483015 0.4208136 0.9483015 0.4188604 0.9360824 0.4346998 0.9483015 0.4208134 0.9286077 0.4263756 0.9222707 0.4346997 0.9180365 0.4445188 0.9483015 0.4346998 0.9483015 0.4263756 0.9222707 0.4346997 0.9180365 0.4346998 0.9483015 0.4072145 0.8481788 0.4170334 0.8481787 0.3913751 0.8726226 0.4170334 0.8481787 0.4170334 0.8921552 0.4072144 0.8906685 0.3913751 0.8726226 0.4170334 0.8481787 0.4072144 0.8906685 0.4072144 0.8906685 0.3988903 0.8864342 0.3913751 0.8726226 0.3988903 0.8864342 0.3933281 0.8800973 0.3913751 0.8726226 0.3913751 0.8726226 0.3933281 0.8481788 0.3988903 0.8481788 0.9735484 0.6722881 0.985765 0.672288 0.985765 0.6821385 0.985765 0.6821385 0.985765 0.6905311 0.9735484 0.6905311 0.9420023 0.8452237 0.9420023 0.8388841 0.9542189 0.8388841 0.9420023 0.8388841 0.9420023 0.8314083 0.9542189 0.8314083 0.9542189 0.8314083 0.9420023 0.8314083 0.9420024 0.8191902 0.9163349 0.8387173 0.9163347 0.8069654 0.9261574 0.8084523 0.9261574 0.8084523 0.9344844 0.8126865 0.9261573 0.8387172 0.9344844 0.8126865 0.9400486 0.8190233 0.9261573 0.8387172 0.9400486 0.8190233 0.9420023 0.8264982 0.9261573 0.8387172 0.9420023 0.8264982 0.9400485 0.8387173 0.9344845 0.8387172 0.9344845 0.8387172 0.9261573 0.8387172 0.9420023 0.8264982 0.04751873 0.8118298 0.04751873 0.8558062 0.03769588 0.8133167 0.04751873 0.8558062 0.037696 0.8558062 0.02185034 0.8313625 0.02936846 0.8558062 0.02380412 0.8558062 0.02185034 0.8313625 0.04751873 0.8558062 0.02185034 0.8313625 0.03769588 0.8133167 0.037696 0.8558062 0.02936846 0.8558062 0.02185034 0.8313625 0.02936846 0.8175508 0.03769588 0.8133167 0.02185034 0.8313625 0.9836834 0.3713775 0.9836833 0.3812479 0.9714667 0.3812476 0.9836834 0.389705 0.9714668 0.3897047 0.9714667 0.3812476 0.9360376 0.9403967 0.9482541 0.940398 0.9482561 0.9467349 0.9360374 0.9329218 0.948254 0.9329232 0.9482541 0.940398 0.9360374 0.9329218 0.936041 0.9084781 0.9482561 0.9207041 0.728179 0.6618288 0.7248077 0.683479 0.6759691 0.6843407 0.6459131 0.2308681 0.6459131 0.2041887 0.6942432 0.2021351 0.5831007 0.3793004 0.5671169 0.3293632 0.641245 0.3293632 0.5666819 0.1907377 0.5629411 0.1422685 0.609883 0.147857 0.4348441 0.2310392 0.4397684 0.2021351 0.4831065 0.209356 0.707226 0.4464285 0.641245 0.4464286 0.641245 0.3191558 0.4929886 0.3192099 0.4188604 0.3192099 0.4348441 0.2692724 0.4348441 0.2692724 0.4348441 0.2310392 0.4885615 0.2310392 0.6301675 0.4400967 0.5831006 0.4442037 0.5831007 0.4175337 0.6368181 0.4175336 0.5831007 0.4175337 0.5831007 0.3793004 0.6459131 0.2691149 0.7025576 0.2691149 0.707226 0.3191557 0.6459131 0.2308681 0.7025575 0.2308681 0.7025576 0.2691149 0.7328472 0.5737153 0.728179 0.6235805 0.6715347 0.6235805 0.728179 0.6235805 0.728179 0.6618288 0.6715347 0.6618288 0.6668663 0.4464375 0.7328472 0.4464375 0.7328472 0.5737153 0.5671169 0.3293632 0.5671168 0.2021352 0.641245 0.2021351 0.4929886 0.4464375 0.4188604 0.4464375 0.4188604 0.3192099 0.1762148 0.9370814 0.1804459 0.9015657 0.1804459 0.9370814 0.04511266 0.938848 0.04088163 0.9586179 0.04088163 0.9388481 0.9077711 0.6952529 0.90354 0.6597372 0.9077711 0.6597372 0.9336315 0.9599997 0.9294004 0.94023 0.9336315 0.94023 0.7841731 0.9281638 0.8039364 0.8926481 0.8039364 0.9281638 0.9812701 0.7303456 0.977039 0.69483 0.9812701 0.69483 0.9842996 0.100982 0.9885307 0.1207517 0.9842996 0.1207517 0.9077711 0.6597372 0.90354 0.6242215 0.9077711 0.6242215 0.4109041 0.9509906 0.4151352 0.9312207 0.4151352 0.9509905 0.9557906 0.9049285 0.9360272 0.8694128 0.9557906 0.8694128 0.1762148 0.9370814 0.1762148 0.9015657 0.1804459 0.9015657 0.04511266 0.938848 0.0451126 0.9586179 0.04088163 0.9586179 0.9077711 0.6952529 0.90354 0.6952529 0.90354 0.6597372 0.9336315 0.9599997 0.9294005 0.9599997 0.9294004 0.94023 0.7841731 0.9281638 0.7841731 0.8926481 0.8039364 0.8926481 0.9812701 0.7303456 0.977039 0.7303456 0.977039 0.69483 0.9842996 0.100982 0.9885307 0.100982 0.9885307 0.1207517 0.9077711 0.6597372 0.90354 0.6597372 0.90354 0.6242215 0.4109041 0.9509906 0.4109041 0.9312207 0.4151352 0.9312207 0.9557906 0.9049285 0.9360272 0.9049285 0.9360272 0.8694128 0.3951829 0.5331426 0.280516 0.6754109 0.2806001 0.5331425 0.3951829 0.5331426 0.395183 0.6754109 0.280516 0.6754109 0.6644948 0.7057795 0.5498726 0.5887061 0.6644948 0.5887062 0.1955335 0.5391893 0.2022719 0.6660661 0.1955335 0.6660661 0.8287073 0.3444476 0.8354431 0.4457968 0.8287073 0.4457968 0.7136288 0.9947897 0.7110795 0.9947897 0.7136288 0.9739118 0.7136288 0.9739118 0.7110795 0.9947897 0.7110795 0.9739118 0.1320502 0.999719 0.1293119 0.978841 0.1320502 0.978841 0.1270478 0.999719 0.1293119 0.978841 0.1293119 0.9997189 0.9959728 0.6027862 0.9988021 0.6236642 0.9959728 0.6236642 0.6990482 0.9993574 0.7013125 0.9784796 0.7013125 0.9993575 0.6990482 0.9993574 0.69631 0.9784795 0.6990482 0.9784795 0.7085303 0.9739118 0.7110795 0.9947897 0.7085303 0.9947897 0.7597872 0.146708 0.7647576 0.1427411 0.7647576 0.1455723 0.1293119 0.9997189 0.1293119 0.978841 0.1320502 0.999719 0.1270478 0.9788411 0.1293119 0.978841 0.1270478 0.999719 0.9988021 0.6027862 0.9988021 0.6236642 0.9959728 0.6027862 0.6990482 0.9784795 0.7013125 0.9784796 0.6990482 0.9993574 0.69631 0.9993575 0.69631 0.9784795 0.6990482 0.9993574 0.7110795 0.9739118 0.7110795 0.9947897 0.7085303 0.9739118 0.7625456 0.140976 0.7647576 0.1427411 0.7597872 0.146708 0.7597872 0.146708 0.7647576 0.1455723 0.7625457 0.1473377 0.7597872 0.146708 0.7585595 0.1441572 0.7625456 0.140976 0.7625456 0.140976 0.7585595 0.1441572 0.7597872 0.1416062 0.1762148 0.8825337 0.1736655 0.8825337 0.1762148 0.8616557 0.1762148 0.8616557 0.1736655 0.8825337 0.1736655 0.8616557 0.9942861 0.01822602 0.9970244 0.03910404 0.9942861 0.03910398 0.9992885 0.0182259 0.9970244 0.03910404 0.9970244 0.01822608 0.4544913 0.9728823 0.4573207 0.9937603 0.4544913 0.9937603 0.03411972 0.9770525 0.0318554 0.9979304 0.0318554 0.9770524 0.03411972 0.9770525 0.0368579 0.9979304 0.03411972 0.9979304 0.1711163 0.8616557 0.1736655 0.8825337 0.1711162 0.8825337 0.7642361 0.4457702 0.7692066 0.4418033 0.7692066 0.4446344 0.9970244 0.01822608 0.9970244 0.03910404 0.9942861 0.01822602 0.9992885 0.03910392 0.9970244 0.03910404 0.9992885 0.0182259 0.4573207 0.9728824 0.4573207 0.9937603 0.4544913 0.9728823 0.03411972 0.9979304 0.0318554 0.9979304 0.03411972 0.9770525 0.0368579 0.9770525 0.0368579 0.9979304 0.03411972 0.9770525 0.1736655 0.8616557 0.1736655 0.8825337 0.1711163 0.8616557 0.7669945 0.4400382 0.7692066 0.4418033 0.7642361 0.4457702 0.7642361 0.4457702 0.7692066 0.4446344 0.7669945 0.4463998 0.7642361 0.4457702 0.7630085 0.4432194 0.7669945 0.4400382 0.7669945 0.4400382 0.7630085 0.4432194 0.7642362 0.4406684 0.6691465 0.973595 0.6716958 0.973595 0.6691465 0.9944729 0.6691465 0.9944729 0.6716958 0.973595 0.6716958 0.9944729 0.1109396 0.999719 0.1082013 0.978841 0.1109396 0.9788411 0.1059373 0.999719 0.1082013 0.978841 0.1082013 0.9997189 0.8039364 0.9263209 0.8067659 0.9471988 0.8039364 0.9471989 0.9965339 0.8278434 0.9987982 0.8069655 0.9987982 0.8278435 0.9965339 0.8278434 0.9937958 0.8069655 0.9965339 0.8069654 0.674245 0.9944729 0.6716958 0.973595 0.674245 0.973595 0.7473909 0.146708 0.7523614 0.1427411 0.7523614 0.1455723 0.1082013 0.9997189 0.1082013 0.978841 0.1109396 0.999719 0.1059373 0.9788411 0.1082013 0.978841 0.1059373 0.999719 0.8067659 0.9263209 0.8067659 0.9471988 0.8039364 0.9263209 0.9965339 0.8069654 0.9987982 0.8069655 0.9965339 0.8278434 0.9937958 0.8278434 0.9937958 0.8069655 0.9965339 0.8278434 0.6716958 0.9944729 0.6716958 0.973595 0.674245 0.9944729 0.7501493 0.140976 0.7523614 0.1427411 0.7473909 0.146708 0.7473909 0.146708 0.7523614 0.1455723 0.7501493 0.1473377 0.7473909 0.146708 0.7461632 0.1441572 0.7501493 0.140976 0.7501493 0.140976 0.7461632 0.1441572 0.7473909 0.1416062 0.6494558 0.9735975 0.6520051 0.9735975 0.6494558 0.9944755 0.6494558 0.9944755 0.6520051 0.9735975 0.6520051 0.9944755 0.4163873 0.9995073 0.413649 0.9786293 0.4163873 0.9786294 0.4113849 0.9995074 0.413649 0.9786293 0.413649 0.9995072 0.8914978 0.5665181 0.8943272 0.587396 0.8914978 0.587396 0.6793576 0.9993587 0.6816219 0.9784808 0.6816219 0.9993588 0.6793576 0.9993587 0.6766194 0.9784808 0.6793576 0.9784808 0.6545543 0.9944755 0.6520051 0.9735975 0.6545543 0.9735975 0.7084537 0.4457702 0.7134242 0.4418033 0.7134242 0.4446344 0.413649 0.9995072 0.413649 0.9786293 0.4163873 0.9995073 0.4113849 0.9786294 0.413649 0.9786293 0.4113849 0.9995074 0.8943272 0.566518 0.8943272 0.587396 0.8914978 0.5665181 0.6793576 0.9784808 0.6816219 0.9784808 0.6793576 0.9993587 0.6766194 0.9993587 0.6766194 0.9784808 0.6793576 0.9993587 0.6520051 0.9944755 0.6520051 0.9735975 0.6545543 0.9944755 0.7112121 0.4400382 0.7134242 0.4418033 0.7084537 0.4457702 0.7084537 0.4457702 0.7134242 0.4446344 0.7112121 0.4463999 0.7084537 0.4457702 0.707226 0.4432194 0.7112121 0.4400382 0.7112121 0.4400382 0.707226 0.4432194 0.7084537 0.4406684 0.4971114 0.9230507 0.5051057 0.9197582 0.5051057 0.9478231 0.9372316 0.1673294 0.9452255 0.1640369 0.9452255 0.1921018 0.2594968 0.9559586 0.2700517 0.9654265 0.2594965 0.9654261 0.2594965 0.9654261 0.2700517 0.973522 0.2594965 0.9735217 0.2594965 0.9735217 0.2700519 0.9790135 0.2594968 0.9790132 0.703477 0.1902694 0.6929227 0.1960818 0.6929218 0.1902694 0.7034779 0.1960818 0.6929218 0.2018942 0.6929227 0.1960818 0.9782676 0.4794929 0.9677123 0.484985 0.9677124 0.479493 0.9677123 0.484985 0.9782675 0.4930807 0.9677123 0.493081 0.9677123 0.493081 0.9782676 0.5025484 0.9677125 0.5025486 0.5051057 0.9197582 0.5145357 0.918602 0.5145357 0.9489793 0.5145357 0.9489793 0.5051057 0.9478231 0.5051057 0.9197582 0.5051057 0.9478231 0.4971114 0.9445306 0.4971114 0.9230507 0.4971114 0.9445306 0.4917698 0.9396031 0.4971114 0.9230507 0.4917698 0.9396031 0.489894 0.9337906 0.4917697 0.9279782 0.4971114 0.9230507 0.4917698 0.9396031 0.4917697 0.9279782 0.9452255 0.1640369 0.9546552 0.1628807 0.9546552 0.193258 0.9546552 0.193258 0.9452255 0.1921018 0.9452255 0.1640369 0.9452255 0.1921018 0.9372316 0.1888093 0.9372316 0.1673294 0.9372316 0.1888093 0.9318901 0.1838818 0.9372316 0.1673294 0.9318901 0.1838818 0.9300144 0.1780694 0.9318901 0.1722569 0.9372316 0.1673294 0.9318901 0.1838818 0.9318901 0.1722569 0.2594968 0.9559586 0.2700519 0.9559589 0.2700517 0.9654265 0.2594965 0.9654261 0.2700517 0.9654265 0.2700517 0.973522 0.2594965 0.9735217 0.2700517 0.973522 0.2700519 0.9790135 0.703477 0.1902694 0.7034779 0.1960818 0.6929227 0.1960818 0.7034779 0.1960818 0.703477 0.2018942 0.6929218 0.2018942 0.9782676 0.4794929 0.9782674 0.4849848 0.9677123 0.484985 0.9677123 0.484985 0.9782674 0.4849848 0.9782675 0.4930807 0.9677123 0.493081 0.9782675 0.4930807 0.9782676 0.5025484 0.9317168 0.03482586 0.9397111 0.03153342 0.9397112 0.0595982 0.5570797 0.9317086 0.5650737 0.928416 0.5650737 0.9564809 0.2294124 0.979048 0.2188575 0.9695802 0.2294126 0.9695805 0.2294126 0.9695805 0.2188575 0.9614846 0.2294126 0.9614849 0.2294126 0.9614849 0.2188572 0.9559932 0.2294124 0.9559934 0.7562574 0.1902694 0.7457031 0.1960818 0.7457022 0.1902694 0.7562583 0.1960818 0.7457022 0.2018942 0.7457031 0.1960818 0.9782676 0.5025486 0.9677123 0.5080408 0.9677124 0.5025487 0.9677123 0.5080408 0.9782674 0.5161365 0.9677123 0.5161368 0.9677123 0.5161368 0.9782676 0.5256042 0.9677125 0.5256044 0.9397111 0.03153342 0.9491412 0.0303772 0.9491412 0.06075441 0.9491412 0.06075441 0.9397112 0.0595982 0.9397111 0.03153342 0.9397112 0.0595982 0.9317169 0.0563057 0.9317168 0.03482586 0.9317169 0.0563057 0.9263752 0.05137825 0.9317168 0.03482586 0.9263752 0.05137825 0.9244995 0.04556584 0.9263751 0.03975337 0.9317168 0.03482586 0.9263752 0.05137825 0.9263751 0.03975337 0.5650737 0.928416 0.5745034 0.9272599 0.5745034 0.9576371 0.5745034 0.9576371 0.5650737 0.9564809 0.5650737 0.928416 0.5650737 0.9564809 0.5570797 0.9531885 0.5570797 0.9317086 0.5570797 0.9531885 0.5517382 0.948261 0.5570797 0.9317086 0.5517382 0.948261 0.5498626 0.9424486 0.5517382 0.936636 0.5570797 0.9317086 0.5517382 0.948261 0.5517382 0.936636 0.2294124 0.979048 0.2188573 0.9790478 0.2188575 0.9695802 0.2294126 0.9695805 0.2188575 0.9695802 0.2188575 0.9614846 0.2294126 0.9614849 0.2188575 0.9614846 0.2188572 0.9559932 0.7562574 0.1902694 0.7562583 0.1960818 0.7457031 0.1960818 0.7562583 0.1960818 0.7562574 0.2018942 0.7457022 0.2018942 0.9782676 0.5025486 0.9782674 0.5080406 0.9677123 0.5080408 0.9677123 0.5080408 0.9782674 0.5080406 0.9782674 0.5161365 0.9677123 0.5161368 0.9782674 0.5161365 0.9782676 0.5256042 0.9235521 0.8431659 0.9315464 0.8398734 0.9315464 0.8679383 0.1306267 0.9298566 0.1386207 0.926564 0.1386207 0.954629 0.5163239 0.9571368 0.5268789 0.9666045 0.5163238 0.9666042 0.5163238 0.9666042 0.5268789 0.9747002 0.5163238 0.9746999 0.5163238 0.9746999 0.5268791 0.9801917 0.516324 0.9801914 0.7140349 0.2018942 0.7245892 0.1960818 0.7245901 0.2018942 0.714034 0.1960818 0.7245901 0.1902694 0.7245892 0.1960818 0.9782676 0.5256044 0.9677124 0.5310965 0.9677125 0.5256044 0.9677124 0.5310965 0.9782674 0.5391923 0.9677123 0.5391924 0.9677123 0.5391924 0.9782676 0.5486599 0.9677125 0.54866 0.9315464 0.8398734 0.9409765 0.8387173 0.9409765 0.8690946 0.9409765 0.8690946 0.9315464 0.8679383 0.9315464 0.8398734 0.9315464 0.8679383 0.9235522 0.8646458 0.9235521 0.8431659 0.9235522 0.8646458 0.9182105 0.8597184 0.9235521 0.8431659 0.9182105 0.8597184 0.9163347 0.8539059 0.9182104 0.8480935 0.9235521 0.8431659 0.9182105 0.8597184 0.9182104 0.8480935 0.1386207 0.926564 0.1480503 0.9254079 0.1480503 0.9557852 0.1480503 0.9557852 0.1386207 0.954629 0.1386207 0.926564 0.1386207 0.954629 0.1306267 0.9513365 0.1306267 0.9298566 0.1306267 0.9513365 0.1252852 0.9464089 0.1306267 0.9298566 0.1252852 0.9464089 0.1234096 0.9405965 0.1252852 0.9347841 0.1306267 0.9298566 0.1252852 0.9464089 0.1252852 0.9347841 0.5163239 0.9571368 0.5268791 0.957137 0.5268789 0.9666045 0.5163238 0.9666042 0.5268789 0.9666045 0.5268789 0.9747002 0.5163238 0.9746999 0.5268789 0.9747002 0.5268791 0.9801917 0.7140349 0.2018942 0.714034 0.1960818 0.7245892 0.1960818 0.714034 0.1960818 0.7140349 0.1902694 0.7245901 0.1902694 0.9782676 0.5256044 0.9782675 0.5310963 0.9677124 0.5310965 0.9677124 0.5310965 0.9782675 0.5310963 0.9782674 0.5391923 0.9677123 0.5391924 0.9782674 0.5391923 0.9782676 0.5486599 0.5238559 0.1345728 0.5159993 1.98776e-7 0.523856 0.007695913 0.6251363 0.007695674 0.6329929 0.1422684 0.6251363 0.1345726 0.5238559 0.1345728 0.6329929 0.1422684 0.5159993 0.1422685 0.6251363 0.007695674 0.5159993 1.98776e-7 0.6329929 0 0.280516 0.6754111 0.3817963 0.8022878 0.280516 0.8022879 0.2725794 0.5465259 0.2793176 0.6734027 0.2725794 0.6734027 0.3817963 0.9190286 0.3885321 0.8176794 0.3885321 0.9190286 0.712089 0.7057794 0.6372355 0.8480922 0.6372355 0.7058237 0.8825222 0.7309743 0.8076978 0.8694127 0.8076978 0.7309741 0.9228848 0.4392889 0.8480606 0.3222156 0.9228848 0.3222156 0.4937111 0.731481 0.4188604 0.8737494 0.4188604 0.731481 0.9381169 0.2932669 0.9475432 0.2932669 0.9381169 0.3194158 0.9235492 0.735917 0.9315404 0.7322587 0.9315404 0.7689698 0.9795567 0.1446948 0.970057 0.1541489 0.970057 0.1446947 0.9795567 0.1622003 0.970057 0.1541489 0.9795566 0.1541491 0.9772119 0.4519152 0.9677123 0.4464375 0.9772119 0.4464375 0.9772119 0.4519152 0.9677123 0.4583744 0.9677123 0.4519152 0.9772119 0.4583743 0.9677124 0.4689307 0.9677123 0.4583744 0.2297811 0.66374 0.2316567 0.6579275 0.2369982 0.6732416 0.3089849 0.1806923 0.2937732 0.1996996 0.3017675 0.1699523 0.344134 0.9527459 0.3546894 0.9622133 0.3441342 0.9622135 0.3546894 0.9622133 0.3441342 0.9703094 0.3441342 0.9622135 0.3546893 0.9703093 0.344134 0.9758015 0.3441342 0.9703094 0.6023755 0.9717955 0.6129316 0.9659829 0.6129307 0.9717955 0.6129316 0.9659829 0.6023756 0.9564813 0.6129307 0.9469755 0.9475432 0.2932669 0.9475432 0.3207004 0.9381169 0.3194158 0.9381169 0.3194158 0.9301257 0.3157575 0.9381169 0.2932669 0.9301257 0.3157575 0.9247861 0.3102825 0.9301257 0.2932669 0.9381169 0.2932669 0.9301257 0.3157575 0.9301257 0.2932669 0.9247861 0.3102825 0.9229112 0.3038242 0.9301257 0.2932669 0.9229112 0.3038242 0.9247862 0.2932669 0.9301257 0.2932669 0.9409667 0.7309741 0.9409667 0.7689698 0.9315404 0.7322587 0.9409667 0.7689698 0.9315404 0.7689698 0.9315404 0.7322587 0.9315404 0.7689698 0.9235493 0.7689697 0.9163347 0.7478503 0.9235493 0.7689697 0.9182096 0.7689697 0.9163347 0.7478503 0.9315404 0.7689698 0.9163347 0.7478503 0.9235492 0.735917 0.9163347 0.7478503 0.9182096 0.7413921 0.9235492 0.735917 0.9795567 0.1446948 0.9795566 0.1541491 0.970057 0.1541489 0.9795567 0.1622003 0.970057 0.1622003 0.970057 0.1541489 0.9772119 0.4519152 0.9677123 0.4519152 0.9677123 0.4464375 0.9772119 0.4519152 0.9772119 0.4583743 0.9677123 0.4583744 0.9772119 0.4583743 0.9772119 0.4794929 0.9677124 0.4689307 0.2449921 0.6497076 0.2544218 0.6485515 0.2544218 0.6732416 0.2449921 0.6497076 0.2544218 0.6732416 0.2449921 0.6732416 0.2316567 0.6579275 0.2369982 0.6530001 0.2369982 0.6732416 0.2369982 0.6530001 0.2449921 0.6497076 0.2449921 0.6732416 0.2369982 0.6732416 0.2369982 0.6530001 0.2449921 0.6732416 0.2316568 0.6732416 0.2297811 0.66374 0.2369982 0.6732416 0.2937732 0.1996996 0.2843432 0.1996996 0.2937732 0.1666598 0.2843432 0.1996996 0.2843432 0.1655037 0.2937732 0.1666598 0.2937732 0.1666598 0.3017675 0.1699523 0.2937732 0.1996996 0.3017675 0.1699523 0.3071092 0.1748797 0.3089849 0.1806923 0.3089849 0.1806923 0.3071092 0.1996996 0.3017675 0.1996996 0.3017675 0.1996996 0.2937732 0.1996996 0.3089849 0.1806923 0.344134 0.9527459 0.3546892 0.9527456 0.3546894 0.9622133 0.3546894 0.9622133 0.3546893 0.9703093 0.3441342 0.9703094 0.3546893 0.9703093 0.3546893 0.9758013 0.344134 0.9758015 0.6023755 0.9717955 0.6023764 0.9659829 0.6129316 0.9659829 0.6129316 0.9659829 0.6023764 0.9659829 0.6023756 0.9564813 0.3654733 0.1704465 0.3734645 0.1667883 0.3734645 0.1979715 0.4719928 0.1667883 0.4814191 0.1655037 0.4719929 0.1979715 0.9842997 0.07020515 0.9748001 0.06075441 0.9842997 0.06075447 0.9842997 0.0782454 0.9748 0.07020515 0.9842997 0.07020515 0.3817963 0.9374228 0.3912959 0.9428952 0.3817963 0.9428953 0.3817963 0.9309656 0.3912959 0.9374228 0.3817963 0.9374228 0.3817963 0.9245063 0.3912959 0.9309655 0.3817963 0.9309656 0.3817963 0.9190286 0.3912959 0.9245063 0.3817963 0.9245063 0.8993422 0.9732241 0.9088419 0.9812754 0.8993422 0.9812754 0.8993423 0.9637698 0.9088419 0.9732241 0.8993422 0.9732241 0.4147375 0.1704465 0.4227287 0.1667882 0.4227287 0.1979715 0.2083945 0.9057407 0.2178208 0.904456 0.2083945 0.9369239 0.9842997 0.08769607 0.9748 0.0782454 0.9842997 0.0782454 0.9842997 0.09573632 0.9748 0.08769607 0.9842997 0.08769607 0.2700519 0.9743527 0.2795515 0.9798252 0.2700519 0.9798252 0.2700519 0.9678955 0.2795515 0.9743527 0.2700519 0.9743527 0.2700519 0.9614363 0.2795515 0.9678955 0.2700519 0.9678955 0.2700519 0.9559586 0.2795515 0.9614363 0.2700519 0.9614363 0.8757191 0.9732488 0.8852187 0.9813002 0.8757191 0.9813002 0.8757191 0.9637947 0.8852187 0.9732489 0.8757191 0.9732488 0.3828908 0.1655037 0.3828908 0.1992562 0.3734645 0.1667883 0.3828908 0.1992562 0.3734645 0.1979715 0.3734645 0.1667883 0.3734645 0.1979715 0.3654732 0.1943132 0.3654733 0.1704465 0.3654732 0.1943132 0.3601337 0.1888381 0.3601337 0.1759216 0.3601337 0.1888381 0.3582587 0.1823799 0.3601337 0.1759216 0.3601337 0.1759216 0.3654733 0.1704465 0.3654732 0.1943132 0.4814191 0.1655037 0.4814191 0.1992562 0.4719929 0.1979715 0.4719929 0.1979715 0.4640017 0.1943133 0.4640016 0.1704466 0.4640017 0.1943133 0.4586621 0.1888382 0.4586621 0.1759217 0.4586621 0.1888382 0.4567871 0.1823799 0.4586621 0.1759217 0.4586621 0.1759217 0.4640016 0.1704466 0.4640017 0.1943133 0.4640016 0.1704466 0.4719928 0.1667883 0.4719929 0.1979715 0.9842997 0.07020515 0.9748 0.07020515 0.9748001 0.06075441 0.9842997 0.0782454 0.9748001 0.0782454 0.9748 0.07020515 0.3817963 0.9374228 0.3912959 0.9374228 0.3912959 0.9428952 0.3817963 0.9309656 0.3912959 0.9309655 0.3912959 0.9374228 0.3817963 0.9245063 0.3912959 0.9245063 0.3912959 0.9309655 0.3817963 0.9190286 0.3912959 0.9190286 0.3912959 0.9245063 0.8993422 0.9732241 0.9088419 0.9732241 0.9088419 0.9812754 0.8993423 0.9637698 0.9088419 0.9637699 0.9088419 0.9732241 0.432155 0.1655037 0.432155 0.1992561 0.4227287 0.1667882 0.432155 0.1992561 0.4227287 0.1979715 0.4227287 0.1667882 0.4227287 0.1979715 0.4147375 0.1943131 0.4147375 0.1704465 0.4147375 0.1943131 0.4093979 0.1888381 0.4093979 0.1759216 0.4093979 0.1888381 0.4075229 0.1823799 0.4093979 0.1759216 0.4093979 0.1759216 0.4147375 0.1704465 0.4147375 0.1943131 0.2178208 0.904456 0.2178208 0.9382085 0.2083945 0.9369239 0.2083945 0.9369239 0.2004033 0.9332656 0.2004033 0.909399 0.2004033 0.9332656 0.1950638 0.9277905 0.1950638 0.914874 0.1950638 0.9277905 0.1931887 0.9213322 0.1950638 0.914874 0.1950638 0.914874 0.2004033 0.909399 0.2004033 0.9332656 0.2004033 0.909399 0.2083945 0.9057407 0.2083945 0.9369239 0.9842997 0.08769607 0.9748 0.08769607 0.9748 0.0782454 0.9842997 0.09573632 0.9748001 0.09573626 0.9748 0.08769607 0.2700519 0.9743527 0.2795515 0.9743527 0.2795515 0.9798252 0.2700519 0.9678955 0.2795515 0.9678955 0.2795515 0.9743527 0.2700519 0.9614363 0.2795515 0.9614363 0.2795515 0.9678955 0.2700519 0.9559586 0.2795515 0.9559586 0.2795515 0.9614363 0.8757191 0.9732488 0.8852187 0.9732489 0.8852187 0.9813002 0.8757191 0.9637947 0.8852187 0.9637947 0.8852187 0.9732489 0.6644948 0.7057795 0.5498726 0.7057794 0.5498726 0.5887061 0.1955335 0.5391893 0.2022719 0.5391893 0.2022719 0.6660661 0.8287073 0.3444476 0.8354431 0.3444476 0.8354431 0.4457968 0.5238559 0.1345728 0.5159993 0.1422685 0.5159993 1.98776e-7 0.6251363 0.007695674 0.6329929 0 0.6329929 0.1422684 0.5238559 0.1345728 0.6251363 0.1345726 0.6329929 0.1422684 0.6251363 0.007695674 0.523856 0.007695913 0.5159993 1.98776e-7 0.280516 0.6754111 0.3817963 0.6754109 0.3817963 0.8022878 0.2725794 0.5465259 0.2793176 0.5465259 0.2793176 0.6734027 0.3817963 0.9190286 0.3817963 0.8176794 0.3885321 0.8176794 0.712089 0.7057794 0.712089 0.8480479 0.6372355 0.8480922 0.8825222 0.7309743 0.8825222 0.8694128 0.8076978 0.8694127 0.9228848 0.4392889 0.8480606 0.4392889 0.8480606 0.3222156 0.4937111 0.731481 0.4937111 0.8737494 0.4188604 0.8737494 0.712089 0.8480479 0.6372355 0.8480922 0.6372355 0.8480922 0.5159993 1.98776e-7 0.6329929 0 0.6329929 0 0.2806001 0.5331425 0.3951829 0.5331426 0.3951829 0.5331426 0 0 0 0 0 0 0 0 0 0 0 0 0 0 0 0 0 0 0.6329929 0 0 0 0.6329929 0 0.3654733 0.1704465 0.3734645 0.1667883 0.3734645 0.1979715 0.4719928 0.1667883 0.4814191 0.1655037 0.4719929 0.1979715 0.9842997 0.07020515 0.9748001 0.06075441 0.9842997 0.06075447 0.9842997 0.0782454 0.9748 0.07020515 0.9842997 0.07020515 0.3817963 0.9374228 0.3912959 0.9428952 0.3817963 0.9428953 0.3817963 0.9309656 0.3912959 0.9374228 0.3817963 0.9374228 0.3817963 0.9245063 0.3912959 0.9309655 0.3817963 0.9309656 0.3817963 0.9190286 0.3912959 0.9245063 0.3817963 0.9245063 0.8993422 0.9732241 0.9088419 0.9812754 0.8993422 0.9812754 0.8993423 0.9637698 0.9088419 0.9732241 0.8993422 0.9732241 0.3828908 0.1655037 0.3828908 0.1992562 0.3734645 0.1667883 0.3828908 0.1992562 0.3734645 0.1979715 0.3734645 0.1667883 0.3734645 0.1979715 0.3654732 0.1943132 0.3654733 0.1704465 0.3654732 0.1943132 0.3601337 0.1888381 0.3601337 0.1759216 0.3601337 0.1888381 0.3582587 0.1823799 0.3601337 0.1759216 0.3601337 0.1759216 0.3654733 0.1704465 0.3654732 0.1943132 0.4814191 0.1655037 0.4814191 0.1992562 0.4719929 0.1979715 0.4719929 0.1979715 0.4640017 0.1943133 0.4640016 0.1704466 0.4640017 0.1943133 0.4586621 0.1888382 0.4586621 0.1759217 0.4586621 0.1888382 0.4567871 0.1823799 0.4586621 0.1759217 0.4586621 0.1759217 0.4640016 0.1704466 0.4640017 0.1943133 0.4640016 0.1704466 0.4719928 0.1667883 0.4719929 0.1979715 0.9842997 0.07020515 0.9748 0.07020515 0.9748001 0.06075441 0.9842997 0.0782454 0.9748001 0.0782454 0.9748 0.07020515 0.3817963 0.9374228 0.3912959 0.9374228 0.3912959 0.9428952 0.3817963 0.9309656 0.3912959 0.9309655 0.3912959 0.9374228 0.3817963 0.9245063 0.3912959 0.9245063 0.3912959 0.9309655 0.3817963 0.9190286 0.3912959 0.9190286 0.3912959 0.9245063 0.8993422 0.9732241 0.9088419 0.9732241 0.9088419 0.9812754 0.8993423 0.9637698 0.9088419 0.9637699 0.9088419 0.9732241 0.3654733 0.1704465 0.3734645 0.1667883 0.3734645 0.1979715 0.4719928 0.1667883 0.4814191 0.1655037 0.4719929 0.1979715 0.9842997 0.07020515 0.9748001 0.06075441 0.9842997 0.06075447 0.9842997 0.0782454 0.9748 0.07020515 0.9842997 0.07020515 0.3817963 0.9374228 0.3912959 0.9428952 0.3817963 0.9428953 0.3817963 0.9309656 0.3912959 0.9374228 0.3817963 0.9374228 0.3817963 0.9245063 0.3912959 0.9309655 0.3817963 0.9309656 0.3817963 0.9190286 0.3912959 0.9245063 0.3817963 0.9245063 0.8993422 0.9732241 0.9088419 0.9812754 0.8993422 0.9812754 0.8993423 0.9637698 0.9088419 0.9732241 0.8993422 0.9732241 0.3828908 0.1655037 0.3828908 0.1992562 0.3734645 0.1667883 0.3828908 0.1992562 0.3734645 0.1979715 0.3734645 0.1667883 0.3734645 0.1979715 0.3654732 0.1943132 0.3654733 0.1704465 0.3654732 0.1943132 0.3601337 0.1888381 0.3601337 0.1759216 0.3601337 0.1888381 0.3582587 0.1823799 0.3601337 0.1759216 0.3601337 0.1759216 0.3654733 0.1704465 0.3654732 0.1943132 0.4814191 0.1655037 0.4814191 0.1992562 0.4719929 0.1979715 0.4719929 0.1979715 0.4640017 0.1943133 0.4640016 0.1704466 0.4640017 0.1943133 0.4586621 0.1888382 0.4586621 0.1759217 0.4586621 0.1888382 0.4567871 0.1823799 0.4586621 0.1759217 0.4586621 0.1759217 0.4640016 0.1704466 0.4640017 0.1943133 0.4640016 0.1704466 0.4719928 0.1667883 0.4719929 0.1979715 0.9842997 0.07020515 0.9748 0.07020515 0.9748001 0.06075441 0.9842997 0.0782454 0.9748001 0.0782454 0.9748 0.07020515 0.3817963 0.9374228 0.3912959 0.9374228 0.3912959 0.9428952 0.3817963 0.9309656 0.3912959 0.9309655 0.3912959 0.9374228 0.3817963 0.9245063 0.3912959 0.9245063 0.3912959 0.9309655 0.3817963 0.9190286 0.3912959 0.9190286 0.3912959 0.9245063 0.8993422 0.9732241 0.9088419 0.9732241 0.9088419 0.9812754 0.8993423 0.9637698 0.9088419 0.9637699 0.9088419 0.9732241 0.3654733 0.1704465 0.3734645 0.1667883 0.3734645 0.1979715 0.4719928 0.1667883 0.4814191 0.1655037 0.4719929 0.1979715 0.9842997 0.07020515 0.9748001 0.06075441 0.9842997 0.06075447 0.9842997 0.0782454 0.9748 0.07020515 0.9842997 0.07020515 0.3817963 0.9374228 0.3912959 0.9428952 0.3817963 0.9428953 0.3817963 0.9309656 0.3912959 0.9374228 0.3817963 0.9374228 0.3817963 0.9245063 0.3912959 0.9309655 0.3817963 0.9309656 0.3817963 0.9190286 0.3912959 0.9245063 0.3817963 0.9245063 0.8993422 0.9732241 0.9088419 0.9812754 0.8993422 0.9812754 0.8993423 0.9637698 0.9088419 0.9732241 0.8993422 0.9732241 0.3828908 0.1655037 0.3828908 0.1992562 0.3734645 0.1667883 0.3828908 0.1992562 0.3734645 0.1979715 0.3734645 0.1667883 0.3734645 0.1979715 0.3654732 0.1943132 0.3654733 0.1704465 0.3654732 0.1943132 0.3601337 0.1888381 0.3601337 0.1759216 0.3601337 0.1888381 0.3582587 0.1823799 0.3601337 0.1759216 0.3601337 0.1759216 0.3654733 0.1704465 0.3654732 0.1943132 0.4814191 0.1655037 0.4814191 0.1992562 0.4719929 0.1979715 0.4719929 0.1979715 0.4640017 0.1943133 0.4640016 0.1704466 0.4640017 0.1943133 0.4586621 0.1888382 0.4586621 0.1759217 0.4586621 0.1888382 0.4567871 0.1823799 0.4586621 0.1759217 0.4586621 0.1759217 0.4640016 0.1704466 0.4640017 0.1943133 0.4640016 0.1704466 0.4719928 0.1667883 0.4719929 0.1979715 0.9842997 0.07020515 0.9748 0.07020515 0.9748001 0.06075441 0.9842997 0.0782454 0.9748001 0.0782454 0.9748 0.07020515 0.3817963 0.9374228 0.3912959 0.9374228 0.3912959 0.9428952 0.3817963 0.9309656 0.3912959 0.9309655 0.3912959 0.9374228 0.3817963 0.9245063 0.3912959 0.9245063 0.3912959 0.9309655 0.3817963 0.9190286 0.3912959 0.9190286 0.3912959 0.9245063 0.8993422 0.9732241 0.9088419 0.9732241 0.9088419 0.9812754 0.8993423 0.9637698 0.9088419 0.9637699 0.9088419 0.9732241 0.3654733 0.1704465 0.3734645 0.1667883 0.3734645 0.1979715 0.4719928 0.1667883 0.4814191 0.1655037 0.4719929 0.1979715 0.9842997 0.07020515 0.9748001 0.06075441 0.9842997 0.06075447 0.9842997 0.0782454 0.9748 0.07020515 0.9842997 0.07020515 0.3817963 0.9374228 0.3912959 0.9428952 0.3817963 0.9428953 0.3817963 0.9309656 0.3912959 0.9374228 0.3817963 0.9374228 0.3817963 0.9245063 0.3912959 0.9309655 0.3817963 0.9309656 0.3817963 0.9190286 0.3912959 0.9245063 0.3817963 0.9245063 0.8993422 0.9732241 0.9088419 0.9812754 0.8993422 0.9812754 0.8993423 0.9637698 0.9088419 0.9732241 0.8993422 0.9732241 0.3828908 0.1655037 0.3828908 0.1992562 0.3734645 0.1667883 0.3828908 0.1992562 0.3734645 0.1979715 0.3734645 0.1667883 0.3734645 0.1979715 0.3654732 0.1943132 0.3654733 0.1704465 0.3654732 0.1943132 0.3601337 0.1888381 0.3601337 0.1759216 0.3601337 0.1888381 0.3582587 0.1823799 0.3601337 0.1759216 0.3601337 0.1759216 0.3654733 0.1704465 0.3654732 0.1943132 0.4814191 0.1655037 0.4814191 0.1992562 0.4719929 0.1979715 0.4719929 0.1979715 0.4640017 0.1943133 0.4640016 0.1704466 0.4640017 0.1943133 0.4586621 0.1888382 0.4586621 0.1759217 0.4586621 0.1888382 0.4567871 0.1823799 0.4586621 0.1759217 0.4586621 0.1759217 0.4640016 0.1704466 0.4640017 0.1943133 0.4640016 0.1704466 0.4719928 0.1667883 0.4719929 0.1979715 0.9842997 0.07020515 0.9748 0.07020515 0.9748001 0.06075441 0.9842997 0.0782454 0.9748001 0.0782454 0.9748 0.07020515 0.3817963 0.9374228 0.3912959 0.9374228 0.3912959 0.9428952 0.3817963 0.9309656 0.3912959 0.9309655 0.3912959 0.9374228 0.3817963 0.9245063 0.3912959 0.9245063 0.3912959 0.9309655 0.3817963 0.9190286 0.3912959 0.9190286 0.3912959 0.9245063 0.8993422 0.9732241 0.9088419 0.9732241 0.9088419 0.9812754 0.8993423 0.9637698 0.9088419 0.9637699 0.9088419 0.9732241 0.9235521 0.8431659 0.9315464 0.8398734 0.9315464 0.8679383 0.1306267 0.9298566 0.1386207 0.926564 0.1386207 0.954629 0.5163239 0.9571368 0.5268789 0.9666045 0.5163238 0.9666042 0.5163238 0.9666042 0.5268789 0.9747002 0.5163238 0.9746999 0.5163238 0.9746999 0.5268791 0.9801917 0.516324 0.9801914 0.7140349 0.2018942 0.7245892 0.1960818 0.7245901 0.2018942 0.714034 0.1960818 0.7245901 0.1902694 0.7245892 0.1960818 0.9782676 0.5256044 0.9677124 0.5310965 0.9677125 0.5256044 0.9677124 0.5310965 0.9782674 0.5391923 0.9677123 0.5391924 0.9677123 0.5391924 0.9782676 0.5486599 0.9677125 0.54866 0.9315464 0.8398734 0.9409765 0.8387173 0.9409765 0.8690946 0.9409765 0.8690946 0.9315464 0.8679383 0.9315464 0.8398734 0.9315464 0.8679383 0.9235522 0.8646458 0.9235521 0.8431659 0.9235522 0.8646458 0.9182105 0.8597184 0.9235521 0.8431659 0.9182105 0.8597184 0.9163347 0.8539059 0.9182104 0.8480935 0.9235521 0.8431659 0.9182105 0.8597184 0.9182104 0.8480935 0.1386207 0.926564 0.1480503 0.9254079 0.1480503 0.9557852 0.1480503 0.9557852 0.1386207 0.954629 0.1386207 0.926564 0.1386207 0.954629 0.1306267 0.9513365 0.1306267 0.9298566 0.1306267 0.9513365 0.1252852 0.9464089 0.1306267 0.9298566 0.1252852 0.9464089 0.1234096 0.9405965 0.1252852 0.9347841 0.1306267 0.9298566 0.1252852 0.9464089 0.1252852 0.9347841 0.5163239 0.9571368 0.5268791 0.957137 0.5268789 0.9666045 0.5163238 0.9666042 0.5268789 0.9666045 0.5268789 0.9747002 0.5163238 0.9746999 0.5268789 0.9747002 0.5268791 0.9801917 0.7140349 0.2018942 0.714034 0.1960818 0.7245892 0.1960818 0.714034 0.1960818 0.7140349 0.1902694 0.7245901 0.1902694 0.9782676 0.5256044 0.9782675 0.5310963 0.9677124 0.5310965 0.9677124 0.5310965 0.9782675 0.5310963 0.9782674 0.5391923 0.9677123 0.5391924 0.9782674 0.5391923 0.9782676 0.5486599 0.9235521 0.8431659 0.9315464 0.8398734 0.9315464 0.8679383 0.1306267 0.9298566 0.1386207 0.926564 0.1386207 0.954629 0.5163239 0.9571368 0.5268789 0.9666045 0.5163238 0.9666042 0.5163238 0.9666042 0.5268789 0.9747002 0.5163238 0.9746999 0.5163238 0.9746999 0.5268791 0.9801917 0.516324 0.9801914 0.7140349 0.2018942 0.7245892 0.1960818 0.7245901 0.2018942 0.714034 0.1960818 0.7245901 0.1902694 0.7245892 0.1960818 0.9782676 0.5256044 0.9677124 0.5310965 0.9677125 0.5256044 0.9677124 0.5310965 0.9782674 0.5391923 0.9677123 0.5391924 0.9677123 0.5391924 0.9782676 0.5486599 0.9677125 0.54866 0.9315464 0.8398734 0.9409765 0.8387173 0.9409765 0.8690946 0.9409765 0.8690946 0.9315464 0.8679383 0.9315464 0.8398734 0.9315464 0.8679383 0.9235522 0.8646458 0.9235521 0.8431659 0.9235522 0.8646458 0.9182105 0.8597184 0.9235521 0.8431659 0.9182105 0.8597184 0.9163347 0.8539059 0.9182104 0.8480935 0.9235521 0.8431659 0.9182105 0.8597184 0.9182104 0.8480935 0.1386207 0.926564 0.1480503 0.9254079 0.1480503 0.9557852 0.1480503 0.9557852 0.1386207 0.954629 0.1386207 0.926564 0.1386207 0.954629 0.1306267 0.9513365 0.1306267 0.9298566 0.1306267 0.9513365 0.1252852 0.9464089 0.1306267 0.9298566 0.1252852 0.9464089 0.1234096 0.9405965 0.1252852 0.9347841 0.1306267 0.9298566 0.1252852 0.9464089 0.1252852 0.9347841 0.5163239 0.9571368 0.5268791 0.957137 0.5268789 0.9666045 0.5163238 0.9666042 0.5268789 0.9666045 0.5268789 0.9747002 0.5163238 0.9746999 0.5268789 0.9747002 0.5268791 0.9801917 0.7140349 0.2018942 0.714034 0.1960818 0.7245892 0.1960818 0.714034 0.1960818 0.7140349 0.1902694 0.7245901 0.1902694 0.9782676 0.5256044 0.9782675 0.5310963 0.9677124 0.5310965 0.9677124 0.5310965 0.9782675 0.5310963 0.9782674 0.5391923 0.9677123 0.5391924 0.9782674 0.5391923 0.9782676 0.5486599 0.8349776 0.1384385 0.8349776 0 0.8349776 0.1384385 0.8349776 0.1384385 0.8349776 0 0.8349776 0.1384385 0 0 0 0 0 0 0 0 0 0 0 0 0 0 0 0 0 0 0 0 0 0 0 0 0 0 0 0 0 0 0 0 0 0 0 0 0 0 0 0 0 0 0 0 0 0 0 0 0 0 0 0 0 0 0 0 0 0 0 0 0 0 0 0 0 0 0 0 0 0 0 0 0 0 0 0 0 0 0 0 0 0 0 0 0 0 0 0 0 0 0 0 0 0 0 0 0 0 0 0 0 0 0 0 0 0 0 0 0 0 0 0 0 0 0 0 0 0 0 0 0 0 0 0 0 0 0 0 0 0 0 0 0 0 0 0 0 0 0 0 0 0 0 0 0 0 0 0 0 0 0 0 0 0 0 0 0 0 0 0 0 0 0 0 0 0 0 0 0 0 0 0 0 0 0 0 0 0 0 0 0 0 0 0 0 0 0 0 0 0 0 0 0 0 0 0 0 0 0 0 0 0 0 0 0 0 0 0 0 0 0.9235521 0.8431659 0.9315464 0.8398734 0.9315464 0.8679383 0.1306267 0.9298566 0.1386207 0.926564 0.1386207 0.954629 0.5163239 0.9571368 0.5268789 0.9666045 0.5163238 0.9666042 0.5163238 0.9666042 0.5268789 0.9747002 0.5163238 0.9746999 0.5163238 0.9746999 0.5268791 0.9801917 0.516324 0.9801914 0.7140349 0.2018942 0.7245892 0.1960818 0.7245901 0.2018942 0.714034 0.1960818 0.7245901 0.1902694 0.7245892 0.1960818 0.9782676 0.5256044 0.9677124 0.5310965 0.9677125 0.5256044 0.9677124 0.5310965 0.9782674 0.5391923 0.9677123 0.5391924 0.9677123 0.5391924 0.9782676 0.5486599 0.9677125 0.54866 0.9315464 0.8398734 0.9409765 0.8387173 0.9409765 0.8690946 0.9409765 0.8690946 0.9315464 0.8679383 0.9315464 0.8398734 0.9315464 0.8679383 0.9235522 0.8646458 0.9235521 0.8431659 0.9235522 0.8646458 0.9182105 0.8597184 0.9235521 0.8431659 0.9182105 0.8597184 0.9163347 0.8539059 0.9182104 0.8480935 0.9235521 0.8431659 0.9182105 0.8597184 0.9182104 0.8480935 0.1386207 0.926564 0.1480503 0.9254079 0.1480503 0.9557852 0.1480503 0.9557852 0.1386207 0.954629 0.1386207 0.926564 0.1386207 0.954629 0.1306267 0.9513365 0.1306267 0.9298566 0.1306267 0.9513365 0.1252852 0.9464089 0.1306267 0.9298566 0.1252852 0.9464089 0.1234096 0.9405965 0.1252852 0.9347841 0.1306267 0.9298566 0.1252852 0.9464089 0.1252852 0.9347841 0.5163239 0.9571368 0.5268791 0.957137 0.5268789 0.9666045 0.5163238 0.9666042 0.5268789 0.9666045 0.5268789 0.9747002 0.5163238 0.9746999 0.5268789 0.9747002 0.5268791 0.9801917 0.7140349 0.2018942 0.714034 0.1960818 0.7245892 0.1960818 0.714034 0.1960818 0.7140349 0.1902694 0.7245901 0.1902694 0.9782676 0.5256044 0.9782675 0.5310963 0.9677124 0.5310965 0.9677124 0.5310965 0.9782675 0.5310963 0.9782674 0.5391923 0.9677123 0.5391924 0.9782674 0.5391923 0.9782676 0.5486599 0.9235521 0.8431659 0.9315464 0.8398734 0.9315464 0.8679383 0.1306267 0.9298566 0.1386207 0.926564 0.1386207 0.954629 0.5163239 0.9571368 0.5268789 0.9666045 0.5163238 0.9666042 0.5163238 0.9666042 0.5268789 0.9747002 0.5163238 0.9746999 0.5163238 0.9746999 0.5268791 0.9801917 0.516324 0.9801914 0.7140349 0.2018942 0.7245892 0.1960818 0.7245901 0.2018942 0.714034 0.1960818 0.7245901 0.1902694 0.7245892 0.1960818 0.9782676 0.5256044 0.9677124 0.5310965 0.9677125 0.5256044 0.9677124 0.5310965 0.9782674 0.5391923 0.9677123 0.5391924 0.9677123 0.5391924 0.9782676 0.5486599 0.9677125 0.54866 0.9315464 0.8398734 0.9409765 0.8387173 0.9409765 0.8690946 0.9409765 0.8690946 0.9315464 0.8679383 0.9315464 0.8398734 0.9315464 0.8679383 0.9235522 0.8646458 0.9235521 0.8431659 0.9235522 0.8646458 0.9182105 0.8597184 0.9235521 0.8431659 0.9182105 0.8597184 0.9163347 0.8539059 0.9182104 0.8480935 0.9235521 0.8431659 0.9182105 0.8597184 0.9182104 0.8480935 0.1386207 0.926564 0.1480503 0.9254079 0.1480503 0.9557852 0.1480503 0.9557852 0.1386207 0.954629 0.1386207 0.926564 0.1386207 0.954629 0.1306267 0.9513365 0.1306267 0.9298566 0.1306267 0.9513365 0.1252852 0.9464089 0.1306267 0.9298566 0.1252852 0.9464089 0.1234096 0.9405965 0.1252852 0.9347841 0.1306267 0.9298566 0.1252852 0.9464089 0.1252852 0.9347841 0.5163239 0.9571368 0.5268791 0.957137 0.5268789 0.9666045 0.5163238 0.9666042 0.5268789 0.9666045 0.5268789 0.9747002 0.5163238 0.9746999 0.5268789 0.9747002 0.5268791 0.9801917 0.7140349 0.2018942 0.714034 0.1960818 0.7245892 0.1960818 0.714034 0.1960818 0.7140349 0.1902694 0.7245901 0.1902694 0.9782676 0.5256044 0.9782675 0.5310963 0.9677124 0.5310965 0.9677124 0.5310965 0.9782675 0.5310963 0.9782674 0.5391923 0.9677123 0.5391924 0.9782674 0.5391923 0.9782676 0.5486599 0.9235521 0.8431659 0.9315464 0.8398734 0.9315464 0.8679383 0.1306267 0.9298566 0.1386207 0.926564 0.1386207 0.954629 0.5163239 0.9571368 0.5268789 0.9666045 0.5163238 0.9666042 0.5163238 0.9666042 0.5268789 0.9747002 0.5163238 0.9746999 0.5163238 0.9746999 0.5268791 0.9801917 0.516324 0.9801914 0.7140349 0.2018942 0.7245892 0.1960818 0.7245901 0.2018942 0.714034 0.1960818 0.7245901 0.1902694 0.7245892 0.1960818 0.9782676 0.5256044 0.9677124 0.5310965 0.9677125 0.5256044 0.9677124 0.5310965 0.9782674 0.5391923 0.9677123 0.5391924 0.9677123 0.5391924 0.9782676 0.5486599 0.9677125 0.54866 0.9315464 0.8398734 0.9409765 0.8387173 0.9409765 0.8690946 0.9409765 0.8690946 0.9315464 0.8679383 0.9315464 0.8398734 0.9315464 0.8679383 0.9235522 0.8646458 0.9235521 0.8431659 0.9235522 0.8646458 0.9182105 0.8597184 0.9235521 0.8431659 0.9182105 0.8597184 0.9163347 0.8539059 0.9182104 0.8480935 0.9235521 0.8431659 0.9182105 0.8597184 0.9182104 0.8480935 0.1386207 0.926564 0.1480503 0.9254079 0.1480503 0.9557852 0.1480503 0.9557852 0.1386207 0.954629 0.1386207 0.926564 0.1386207 0.954629 0.1306267 0.9513365 0.1306267 0.9298566 0.1306267 0.9513365 0.1252852 0.9464089 0.1306267 0.9298566 0.1252852 0.9464089 0.1234096 0.9405965 0.1252852 0.9347841 0.1306267 0.9298566 0.1252852 0.9464089 0.1252852 0.9347841 0.5163239 0.9571368 0.5268791 0.957137 0.5268789 0.9666045 0.5163238 0.9666042 0.5268789 0.9666045 0.5268789 0.9747002 0.5163238 0.9746999 0.5268789 0.9747002 0.5268791 0.9801917 0.7140349 0.2018942 0.714034 0.1960818 0.7245892 0.1960818 0.714034 0.1960818 0.7140349 0.1902694 0.7245901 0.1902694 0.9782676 0.5256044 0.9782675 0.5310963 0.9677124 0.5310965 0.9677124 0.5310965 0.9782675 0.5310963 0.9782674 0.5391923 0.9677123 0.5391924 0.9782674 0.5391923 0.9782676 0.5486599 0.9606326 0.5770324 0.972356 0.5770324 0.972356 0.6060758 0.972356 0.6060758 0.9606326 0.6060758 0.9606326 0.5770324 0.771905 0.9317134 0.7836285 0.9317134 0.7836285 0.9607568 0.7836285 0.9607568 0.771905 0.9607568 0.771905 0.9317134 0.9606326 0.5770324 0.972356 0.5770324 0.972356 0.6060758 0.972356 0.6060758 0.9606326 0.6060758 0.9606326 0.5770324 0.771905 0.9317134 0.7836285 0.9317134 0.7836285 0.9607568 0.7836285 0.9607568 0.771905 0.9607568 0.771905 0.9317134 0.9606326 0.5770324 0.972356 0.5770324 0.972356 0.6060758 0.972356 0.6060758 0.9606326 0.6060758 0.9606326 0.5770324 0.771905 0.9317134 0.7836285 0.9317134 0.7836285 0.9607568 0.7836285 0.9607568 0.771905 0.9607568 0.771905 0.9317134 0 0 0 0 0 0 0.1421716 0.08739471 0.2843431 0.08739453 0.2806769 0 0.7476148 0.1347697 0.8349776 0.1384385 0.8349776 0 0.1931887 0.8140107 0.280516 0.8176792 0.280516 0.6754109 0.1383444 0.3168357 0 0.3168358 0.003666222 0.404258 0.1383444 0.2021355 0 0.2021358 0 0.3168358 0.1421716 0.08739471 0.1421716 0.2021351 0.2843432 0.2021349 0.07412815 0.404258 0.07412821 0.5391893 0.2051404 0.5391893 0.8954618 0.8694126 0.8954618 0.7309741 0.8825222 0.7309741 0.7328472 0.8266092 0.7328472 0.6843407 0.719903 0.6843407 0.1883532 0.8237261 0.1883531 0.6814576 0.1754085 0.6814576 0.9084014 0.8694126 0.9084014 0.7309741 0.8954619 0.7309741 0.5419912 0.7236374 0.5498703 0.7205536 0.5498703 0.5883802 0.9079648 0.4464375 0.9079648 0.588706 0.9159013 0.5816946 0.9177613 0.1384385 0.9177613 0 0.9098283 0.006593704 0.8954881 0.7271443 0.90354 0.7239149 0.90354 0.5952997 0.729188 0.9187909 0.7317372 0.8960543 0.729188 0.8960543 0.9896844 0.8921495 0.9869461 0.8694128 0.9869461 0.8921494 0.9919485 0.8921493 0.9896844 0.8694129 0.9896844 0.8921495 0.9177316 0.1398249 0.9149023 0.1625614 0.9177317 0.1625614 0.9864218 0.4080329 0.9886862 0.4307695 0.9886862 0.408033 0.9864218 0.4080329 0.9836836 0.4307695 0.9864218 0.4307695 0.729188 0.9187909 0.7266388 0.8960543 0.7266387 0.9187909 0.8020858 0.1992266 0.8070562 0.198092 0.8070562 0.1952607 0.691389 0.9735938 0.6939382 0.9508574 0.6913889 0.9508574 0.9881602 0.317722 0.9908984 0.3404586 0.9908984 0.3177221 0.985896 0.3177222 0.9881602 0.3404586 0.9881602 0.317722 0.2701943 0.9271926 0.2730237 0.904456 0.2701943 0.9044561 0.9861043 0.5468386 0.9883686 0.5695752 0.9883686 0.5468387 0.9861043 0.5468386 0.9833661 0.5695752 0.9861043 0.5695751 0.691389 0.9735938 0.6888397 0.9508573 0.6888397 0.9735938 0.8194516 0.198092 0.8172397 0.1934953 0.8172397 0.1998572 0.6716957 0.9508585 0.6691465 0.973595 0.6716957 0.973595 0.9891067 0.7175666 0.9863685 0.6948301 0.9863685 0.7175666 0.9913709 0.7175665 0.9891067 0.6948301 0.9891067 0.7175666 0.2051015 0.5391894 0.2022719 0.5619259 0.2051015 0.5619259 0.9864217 0.3669684 0.988686 0.389705 0.988686 0.3669685 0.9864217 0.3669684 0.9836835 0.389705 0.9864217 0.389705 0.6716957 0.9508585 0.674245 0.973595 0.6742448 0.9508585 0.8093713 0.1416057 0.8143417 0.1455726 0.8143417 0.1427414 0.9808169 0.5468386 0.9782676 0.5695751 0.9808169 0.5695751 0.9890269 0.6255229 0.9862886 0.6027863 0.9862886 0.6255229 0.9912911 0.6255227 0.9890269 0.6027863 0.9890269 0.6255229 0.3885321 0.8858892 0.3913615 0.8631527 0.3885321 0.8631527 0.9864516 0.2879533 0.988716 0.3106899 0.988716 0.2879534 0.9864516 0.2879533 0.9837135 0.3106899 0.9864516 0.3106899 0.9808169 0.5468386 0.9833661 0.5695751 0.9833661 0.5468386 0.8081437 0.142741 0.8031734 0.1467079 0.8059318 0.1473376 0.9786436 0.1216287 0.9811928 0.1443652 0.9811928 0.1216287 0.9843007 0.04096239 0.9870389 0.0182259 0.9843007 0.01822596 0.9893033 0.04096245 0.9870389 0.0182259 0.9870389 0.04096239 0.280516 0.9190284 0.2776865 0.9417649 0.280516 0.9417649 0.989982 0.274033 0.9877178 0.2512967 0.9877178 0.2740331 0.989982 0.274033 0.9927202 0.2512966 0.989982 0.2512966 0.9837421 0.1216287 0.9811928 0.1443652 0.9837421 0.1443652 0.9859751 0.44582 0.9834258 0.44582 0.9859751 0.4685565 0.9859751 0.4685565 0.9834258 0.44582 0.9834258 0.4685565 0.9842453 0.1856172 0.9869835 0.1628807 0.9842453 0.1628808 0.9892479 0.1856173 0.9869835 0.1628807 0.9869834 0.1856172 0.3913615 0.8858892 0.3885321 0.9086257 0.3913615 0.9086257 0.6294177 0.9703875 0.6316819 0.9931238 0.6316819 0.9703873 0.6294177 0.9703875 0.6266794 0.9931239 0.6294177 0.993124 0.9808766 0.4685565 0.9834258 0.44582 0.9808766 0.44582 0.9870308 0.5022293 0.9844815 0.5022293 0.9870308 0.5249658 0.9870308 0.5249658 0.9844815 0.5022293 0.9844816 0.5249658 0.9844167 0.9312146 0.9871549 0.9084781 0.9844167 0.9084782 0.9894194 0.9312146 0.9871549 0.9084781 0.9871549 0.9312146 0.6022621 0.9715692 0.5994328 0.9943057 0.6022621 0.9943057 0.9892949 0.5022293 0.9870307 0.479493 0.9870307 0.5022295 0.9892949 0.5022293 0.9920332 0.4794929 0.9892949 0.4794929 0.9819324 0.5249658 0.9844815 0.5022293 0.9819324 0.5022293 0.9870308 0.4794929 0.9844815 0.4794929 0.9870308 0.5022293 0.9870308 0.5022293 0.9844815 0.4794929 0.9844815 0.5022293 0.9842996 0.1009819 0.9870378 0.0782454 0.9842997 0.07824546 0.9893022 0.100982 0.9870378 0.0782454 0.9870378 0.1009819 0.9471217 0.9713286 0.9442923 0.9940651 0.9471217 0.9940651 0.9885033 0.6677947 0.9907675 0.690531 0.9907675 0.6677945 0.9885033 0.6677947 0.985765 0.6905311 0.9885033 0.6905311 0.9819324 0.5022293 0.9844815 0.4794929 0.9819324 0.4794929 0.7749415 0.1473377 0.7721831 0.1416057 0.7709556 0.1441568 0.1858761 0.9579113 0.1884254 0.9806479 0.1884254 0.9579113 0.9917023 0.8627878 0.9889509 0.8400512 0.9889509 0.8627878 0.9939337 0.8627878 0.9917022 0.8400512 0.9917023 0.8627878 0.6296772 0.8669547 0.6268478 0.844218 0.6268478 0.8669546 0.5767403 0.9943059 0.5745034 0.9715693 0.5745034 0.9943059 0.5794895 0.9943059 0.5767403 0.9715692 0.5767403 0.9943059 0.1884254 0.9579113 0.1909745 0.9806479 0.1909745 0.9579113 0.8547989 0.1955844 0.8597687 0.1995521 0.8597687 0.1967215 0.5201407 0.7014494 0.5226899 0.724186 0.5226899 0.7014494 0.9915348 0.0182259 0.9942861 0.04096257 0.9942861 0.01822596 0.9893032 0.01822596 0.9915348 0.04096257 0.9915348 0.0182259 0.1383444 0.3747534 0.141174 0.39749 0.141174 0.3747534 0.5916987 0.9943059 0.5894618 0.9715693 0.5894618 0.9943059 0.594448 0.9943059 0.5916987 0.9715692 0.5916987 0.9943059 0.5226899 0.7014494 0.5252393 0.724186 0.5252393 0.7014494 0.8461632 0.4394348 0.8461632 0.4457968 0.8483743 0.4440315 0.9810245 0.7692309 0.9835736 0.7919675 0.9835736 0.7692309 0.9916508 0.9084781 0.9944021 0.9312147 0.9944021 0.9084781 0.9894194 0.9084781 0.9916508 0.9312147 0.9916508 0.9084781 0.3885321 0.8404161 0.3913614 0.8631527 0.3913614 0.840416 0.9370692 0.9713286 0.9393061 0.9940652 0.9393061 0.9713286 0.9343199 0.9713286 0.9370692 0.9940652 0.9370692 0.9713286 0.9835736 0.7692309 0.9861229 0.7919675 0.9861228 0.7692309 0.8619947 0.4451671 0.8647522 0.4394348 0.8619947 0.4400656 0.2294126 0.9559932 0.2319619 0.9787297 0.2319619 0.9559932 0.9919992 0.1856174 0.9892479 0.1628807 0.9892479 0.1856174 0.9942307 0.1856173 0.9919992 0.1628808 0.9919992 0.1856174 0.2051014 0.5846626 0.2022719 0.5619259 0.2022719 0.5846626 0.5867125 0.9943059 0.5844756 0.9715693 0.5844756 0.9943059 0.5894618 0.9943059 0.5867126 0.9715693 0.5867125 0.9943059 0.2319619 0.9559932 0.2345111 0.9787297 0.2345111 0.9559932 0.8473734 0.1981362 0.8535715 0.1967199 0.8513595 0.1949557 0.7317373 0.9187909 0.7317372 0.8960543 0.729188 0.9187909 0.9896844 0.8694129 0.9869461 0.8694128 0.9896844 0.8921495 0.9919485 0.8694128 0.9896844 0.8694129 0.9919485 0.8921493 0.9149023 0.1398249 0.9149023 0.1625614 0.9177316 0.1398249 0.9864218 0.4307695 0.9886862 0.4307695 0.9864218 0.4080329 0.9836836 0.4080329 0.9836836 0.4307695 0.9864218 0.4080329 0.729188 0.8960543 0.7266388 0.8960543 0.729188 0.9187909 0.8048442 0.1998569 0.8070562 0.198092 0.8020858 0.1992266 0.8070562 0.1952607 0.8048443 0.1934953 0.8020858 0.1992266 0.8020858 0.1992266 0.8020858 0.1941249 0.8008581 0.1966755 0.6939381 0.9735938 0.6939382 0.9508574 0.691389 0.9735938 0.8020858 0.1992266 0.8048443 0.1934953 0.8020858 0.1941249 0.9881602 0.3404586 0.9908984 0.3404586 0.9881602 0.317722 0.9858959 0.3404587 0.9881602 0.3404586 0.985896 0.3177222 0.2730237 0.9271926 0.2730237 0.904456 0.2701943 0.9271926 0.9861043 0.5695751 0.9883686 0.5695752 0.9861043 0.5468386 0.9833661 0.5468387 0.9833661 0.5695752 0.9861043 0.5468386 0.6913889 0.9508574 0.6888397 0.9508573 0.691389 0.9735938 0.8144814 0.1992272 0.8172397 0.1998572 0.8132539 0.1966763 0.8172397 0.1934953 0.8194516 0.198092 0.8194516 0.1952607 0.8172397 0.1934953 0.8144814 0.1941254 0.8172397 0.1998572 0.6691465 0.9508585 0.6691465 0.973595 0.6716957 0.9508585 0.8172397 0.1998572 0.8144814 0.1941254 0.8132539 0.1966763 0.9891067 0.6948301 0.9863685 0.6948301 0.9891067 0.7175666 0.9913709 0.69483 0.9891067 0.6948301 0.9913709 0.7175665 0.2022721 0.5391893 0.2022719 0.5619259 0.2051015 0.5391894 0.9864217 0.389705 0.988686 0.389705 0.9864217 0.3669684 0.9836835 0.3669684 0.9836835 0.389705 0.9864217 0.3669684 0.6716957 0.973595 0.674245 0.973595 0.6716957 0.9508585 0.8121297 0.1473376 0.8143417 0.1455726 0.8093713 0.1416057 0.8093713 0.1416057 0.8143417 0.1427414 0.8121297 0.140976 0.8093714 0.1467074 0.8093713 0.1416057 0.8081437 0.1441565 0.8093714 0.1467074 0.8121297 0.1473376 0.8093713 0.1416057 0.9782676 0.5468386 0.9782676 0.5695751 0.9808169 0.5468386 0.9890269 0.6027863 0.9862886 0.6027863 0.9890269 0.6255229 0.9912911 0.6027862 0.9890269 0.6027863 0.9912911 0.6255227 0.3913614 0.8858892 0.3913615 0.8631527 0.3885321 0.8858892 0.9864516 0.3106899 0.988716 0.3106899 0.9864516 0.2879533 0.9837135 0.2879534 0.9837135 0.3106899 0.9864516 0.2879533 0.9808169 0.5695751 0.9833661 0.5695751 0.9808169 0.5468386 0.8019458 0.1441572 0.8031734 0.1467079 0.8081437 0.142741 0.8081437 0.142741 0.8059318 0.1473376 0.8081437 0.1455722 0.8031734 0.1416063 0.8081437 0.142741 0.8059318 0.140976 0.8031734 0.1416063 0.8019458 0.1441572 0.8081437 0.142741 0.9786436 0.1443652 0.9811928 0.1443652 0.9786436 0.1216287 0.9870389 0.04096239 0.9870389 0.0182259 0.9843007 0.04096239 0.9893033 0.01822602 0.9870389 0.0182259 0.9893033 0.04096245 0.2776865 0.9190284 0.2776865 0.9417649 0.280516 0.9190284 0.989982 0.2512966 0.9877178 0.2512967 0.989982 0.274033 0.9927202 0.2740331 0.9927202 0.2512966 0.989982 0.274033 0.9811928 0.1216287 0.9811928 0.1443652 0.9837421 0.1216287 0.2618476 0.6742373 0.2646059 0.6748673 0.26062 0.6716863 0.2668179 0.6731019 0.2668179 0.6702706 0.2646059 0.6748673 0.2646059 0.6685053 0.2618476 0.6691353 0.2646059 0.6748673 0.2646059 0.6748673 0.2668179 0.6702706 0.2646059 0.6685053 0.2646059 0.6748673 0.2618476 0.6691353 0.26062 0.6716863 0.9869834 0.1856172 0.9869835 0.1628807 0.9842453 0.1856172 0.9892479 0.1628808 0.9869835 0.1628807 0.9892479 0.1856173 0.3885321 0.8858892 0.3885321 0.9086257 0.3913615 0.8858892 0.6294177 0.993124 0.6316819 0.9931238 0.6294177 0.9703875 0.6266794 0.9703874 0.6266794 0.9931239 0.6294177 0.9703875 0.9834258 0.4685565 0.9834258 0.44582 0.9808766 0.4685565 0.7298063 0.4400382 0.7270479 0.4406681 0.7320183 0.4418035 0.7258204 0.443219 0.7270479 0.4457699 0.7270479 0.4406681 0.7320183 0.4418035 0.7298063 0.4464001 0.7320183 0.4446349 0.7270479 0.4406681 0.7298063 0.4464001 0.7320183 0.4418035 0.7270479 0.4406681 0.7270479 0.4457699 0.7298063 0.4464001 0.9871549 0.9312146 0.9871549 0.9084781 0.9844167 0.9312146 0.9894194 0.9084782 0.9871549 0.9084781 0.9894194 0.9312146 0.5994328 0.9715693 0.5994328 0.9943057 0.6022621 0.9715692 0.9892949 0.4794929 0.9870307 0.479493 0.9892949 0.5022293 0.9920332 0.5022294 0.9920332 0.4794929 0.9892949 0.5022293 0.9844816 0.5249658 0.9844815 0.5022293 0.9819324 0.5249658 0.7709556 0.1427412 0.7687436 0.140976 0.7659852 0.1467079 0.7659853 0.1416061 0.7647576 0.1441571 0.7687436 0.140976 0.7709556 0.1455725 0.7659852 0.1467079 0.7687435 0.1473379 0.7709556 0.1455725 0.7709556 0.1427412 0.7659852 0.1467079 0.7687436 0.140976 0.7647576 0.1441571 0.7659852 0.1467079 0.9870378 0.1009819 0.9870378 0.0782454 0.9842996 0.1009819 0.9893022 0.07824552 0.9870378 0.0782454 0.9893022 0.100982 0.9442923 0.9713286 0.9442923 0.9940651 0.9471217 0.9713286 0.9885033 0.6905311 0.9907675 0.690531 0.9885033 0.6677947 0.985765 0.6677947 0.985765 0.6905311 0.9885033 0.6677947 0.9844815 0.5022293 0.9844815 0.4794929 0.9819324 0.5022293 0.7749415 0.140976 0.7721831 0.1416057 0.7749415 0.1473377 0.7749415 0.1473377 0.7709556 0.1441568 0.7721832 0.1467078 0.7749415 0.1473377 0.7771535 0.1455726 0.7749415 0.140976 0.1858761 0.9806479 0.1884254 0.9806479 0.1858761 0.9579113 0.7749415 0.140976 0.7771535 0.1455726 0.7771535 0.1427413 0.9917022 0.8400512 0.9889509 0.8400512 0.9917023 0.8627878 0.9939337 0.8400511 0.9917022 0.8400512 0.9939337 0.8627878 0.6296772 0.844218 0.6268478 0.844218 0.6296772 0.8669547 0.5767403 0.9715692 0.5745034 0.9715693 0.5767403 0.9943059 0.5794895 0.9715693 0.5767403 0.9715692 0.5794895 0.9943059 0.1884254 0.9806479 0.1909745 0.9806479 0.1884254 0.9579113 0.8575569 0.2013159 0.8597687 0.1995521 0.8547989 0.1955844 0.8547989 0.1955844 0.8597687 0.1967215 0.8575569 0.1949557 0.854799 0.2006849 0.8547989 0.1955844 0.8535715 0.1981341 0.854799 0.2006849 0.8575569 0.2013159 0.8547989 0.1955844 0.5201407 0.724186 0.5226899 0.724186 0.5201407 0.7014494 0.9915348 0.04096257 0.9942861 0.04096257 0.9915348 0.0182259 0.9893032 0.04096257 0.9915348 0.04096257 0.9893032 0.01822596 0.1383444 0.39749 0.141174 0.39749 0.1383444 0.3747534 0.5916987 0.9715692 0.5894618 0.9715693 0.5916987 0.9943059 0.594448 0.9715693 0.5916987 0.9715692 0.594448 0.9943059 0.5226899 0.724186 0.5252393 0.724186 0.5226899 0.7014494 0.843406 0.4451668 0.8461632 0.4457968 0.8461632 0.4394348 0.8461632 0.4394348 0.8483743 0.4440315 0.8483743 0.4412 0.8461632 0.4394348 0.843406 0.4400648 0.843406 0.4451668 0.9810245 0.7919675 0.9835736 0.7919675 0.9810245 0.7692309 0.843406 0.4451668 0.843406 0.4400648 0.8421788 0.4426157 0.9916508 0.9312147 0.9944021 0.9312147 0.9916508 0.9084781 0.9894194 0.9312147 0.9916508 0.9312147 0.9894194 0.9084781 0.3885321 0.8631527 0.3913614 0.8631527 0.3885321 0.8404161 0.9370692 0.9940652 0.9393061 0.9940652 0.9370692 0.9713286 0.9343199 0.9940652 0.9370692 0.9940652 0.9343199 0.9713286 0.9835736 0.7919675 0.9861229 0.7919675 0.9835736 0.7692309 0.8669635 0.4411991 0.8647522 0.4394348 0.8619947 0.4451671 0.8619947 0.4451671 0.8619947 0.4400656 0.8607676 0.4426168 0.8669635 0.4440302 0.8619947 0.4451671 0.8647521 0.4457961 0.8669635 0.4440302 0.8669635 0.4411991 0.8619947 0.4451671 0.2294126 0.9787297 0.2319619 0.9787297 0.2294126 0.9559932 0.9919992 0.1628808 0.9892479 0.1628807 0.9919992 0.1856174 0.9942307 0.1628807 0.9919992 0.1628808 0.9942307 0.1856173 0.2051014 0.5619259 0.2022719 0.5619259 0.2051014 0.5846626 0.5867126 0.9715693 0.5844756 0.9715693 0.5867125 0.9943059 0.5894618 0.9715692 0.5867126 0.9715693 0.5894618 0.9943059 0.2319619 0.9787297 0.2345111 0.9787297 0.2319619 0.9559932 0.8473734 0.1981362 0.8513595 0.1949557 0.8486011 0.195586 0.8513595 0.201315 0.8473734 0.1981362 0.8486011 0.2006857 0.8473734 0.1981362 0.8513595 0.201315 0.8535715 0.1967199 0.8535715 0.1967199 0.8513595 0.201315 0.8535715 0.19955 0.974801 0.05808436 0.9630776 0.02904224 0.9630776 0.05808436 0.9630776 0.02904224 0.974801 0.05808436 0.974801 0.02904218 0.9630767 0.06075441 0.9748 0.08979672 0.9748 0.06075447 0.9748 0.08979672 0.9630767 0.06075441 0.9630767 0.08979672 0.9739159 0.9677858 0.9621925 0.9387425 0.9621925 0.9677858 0.9621925 0.9387425 0.9739159 0.9677858 0.9739159 0.9387425 0.9597731 0.2740343 0.9714965 0.3030777 0.9714965 0.2740344 0.9714965 0.3030777 0.9597731 0.2740343 0.9597731 0.3030777 0.6447532 0.8977898 0.6530805 0.9296473 0.6530803 0.8935556 0.5573808 0.8939155 0.5657081 0.925773 0.5657083 0.8896813 0.8512858 0.9637949 0.8512858 0.9736655 0.8635024 0.9736654 0.8635024 0.9736654 0.8512858 0.9736655 0.8512856 0.982123 0.4035954 0.9510059 0.3913788 0.9510059 0.391376 0.9573429 0.4035927 0.9573429 0.391376 0.9573429 0.3913751 0.9648177 0.4035918 0.9648177 0.3913751 0.9648177 0.391376 0.9722924 0.391376 0.9722924 0.3913788 0.9786293 0.4035954 0.9786293 0.9717317 0.8583787 0.9839483 0.858379 0.9839482 0.8499218 0.9717316 0.8499215 0.9839482 0.8499218 0.9839483 0.8400514 0.3712124 0.8786497 0.3712121 0.9147414 0.3810352 0.8771629 0.3988929 0.8978762 0.4072201 0.9297338 0.40722 0.8936421 0.9697268 0.8877411 0.9819434 0.8877411 0.9819434 0.8778703 0.9697268 0.8778705 0.9819434 0.8778703 0.9819435 0.8694128 0.4158157 0.9510059 0.4035991 0.9510059 0.4035964 0.9573429 0.415813 0.9573429 0.4035964 0.9573429 0.4035954 0.9648177 0.415813 0.9722926 0.415812 0.9648177 0.4035954 0.9648177 0.4158157 0.9786293 0.415813 0.9722926 0.4035964 0.9722926 0.9722181 0.2204626 0.9844348 0.2204629 0.9844346 0.2120057 0.972218 0.2120054 0.9844346 0.2120057 0.9844348 0.2021353 0.9234164 0.4521586 0.9317407 0.484016 0.9317404 0.4479244 0.02936553 0.9055036 0.03768962 0.9373612 0.0376898 0.9012696 0.974072 0.625523 0.974072 0.635369 0.9862886 0.635369 0.9862886 0.635369 0.974072 0.635369 0.974072 0.6437488 0.9671215 0.7585975 0.9793381 0.7585975 0.9793381 0.7522634 0.9671215 0.7522634 0.9793381 0.7522634 0.9793381 0.7447896 0.9671215 0.7447896 0.9793381 0.7447896 0.9793381 0.7373138 0.9671215 0.7373137 0.9793381 0.7373138 0.9793381 0.7309741 0.2927326 0.9686611 0.280516 0.9686611 0.280516 0.9770539 0.2927327 0.9770539 0.280516 0.9770539 0.280516 0.9869041 0.7660299 0.8983689 0.7743538 0.9302265 0.7743541 0.8941349 0.9317405 0.5260549 0.9317407 0.5621466 0.9415596 0.5245682 0.3293827 0.9686613 0.317166 0.9686611 0.317166 0.9785073 0.3293827 0.9868872 0.3293827 0.9785073 0.317166 0.9785073 0.7450639 0.9578326 0.7450639 0.9514985 0.7328472 0.9514985 0.7450639 0.9653065 0.7450639 0.9578326 0.7328472 0.9578326 0.7450639 0.9727823 0.7450639 0.9653065 0.7328472 0.9653065 0.7450639 0.9791219 0.7450639 0.9727823 0.7328472 0.9727823 0.9858961 0.3488516 0.985896 0.3404588 0.9736794 0.3404587 0.9858961 0.3587017 0.9858961 0.3488516 0.9736794 0.3488516 0.930269 0.6145053 0.9385933 0.6405361 0.9385931 0.6102711 0.5680159 0.8881945 0.575531 0.8637508 0.5596917 0.8881945 0.974072 0.643749 0.974072 0.653595 0.9862886 0.6535951 0.9862886 0.6535951 0.974072 0.653595 0.974072 0.6619749 0.9597432 0.3222156 0.9475266 0.3222156 0.9475266 0.3285498 0.9475266 0.3285498 0.9475265 0.3360236 0.9597432 0.3360236 0.9475265 0.3360236 0.9475266 0.3604683 0.9597431 0.3482437 0.7830299 0.4456446 0.78303 0.4153796 0.7732071 0.4456446 0.5238416 0.8494387 0.5163238 0.8632506 0.5321686 0.8452047 0.9697268 0.9060695 0.9819435 0.9060695 0.9819434 0.8961987 0.9697269 0.8877413 0.9697268 0.8961988 0.9819434 0.8961987 0.1931865 0.8679926 0.1931887 0.8616557 0.180972 0.8616566 0.1931861 0.8754675 0.1931865 0.8679926 0.1809698 0.8679935 0.1931861 0.8754675 0.1809694 0.8754684 0.1809714 0.8876875 0.9227541 0.6087842 0.932573 0.6087842 0.9325731 0.5785192 0.6011894 0.8637507 0.6087046 0.8499391 0.6031424 0.8562759 0.9845727 0.5770326 0.9723562 0.5770324 0.972356 0.5868828 0.9845727 0.5952756 0.9845727 0.5868828 0.972356 0.5868828 0.9415597 0.5548726 0.9415597 0.5612122 0.9537764 0.5612122 0.9415597 0.5548726 0.9537763 0.5548726 0.9537763 0.5473968 0.9415597 0.5473968 0.9537763 0.5473968 0.9537762 0.5351787 0.8408842 0.943965 0.8333663 0.9317459 0.8353202 0.943965 0.0550369 0.8118298 0.04751873 0.8362734 0.06336444 0.8118298 0.9604729 0.9817274 0.9604728 0.9718568 0.9482561 0.971857 0.9482561 0.971857 0.9604728 0.9718568 0.9604729 0.9633992 0.9531855 0.7309741 0.9409689 0.7309755 0.9409669 0.7373124 0.9531835 0.737311 0.9409669 0.7373124 0.9409667 0.7447873 0.9409667 0.7447873 0.9409704 0.7692309 0.9531855 0.757005 0.8945205 0.9439649 0.8945206 0.9136999 0.8847016 0.9439649 0.02185034 0.875339 0.02936547 0.8615273 0.02380341 0.8678641 0.9862886 0.607297 0.974072 0.6072968 0.974072 0.617143 0.9862886 0.6255229 0.9862886 0.617143 0.974072 0.617143 0.9597432 0.4050552 0.9597432 0.3987211 0.9475265 0.3987211 0.9597432 0.4125292 0.9597432 0.4050552 0.9475265 0.4050552 0.9597432 0.4125292 0.9475266 0.4125292 0.9475266 0.4247492 0.2263754 0.936208 0.2188572 0.9239889 0.2208112 0.936208 0.226374 0.8176792 0.2188562 0.842123 0.2347012 0.8176792 0.9722 0.9084781 0.9721999 0.9183486 0.9844166 0.9183489 0.9844166 0.9183489 0.9721999 0.9183486 0.9722 0.9268057 0.5155642 0.8391811 0.5277808 0.839182 0.5277786 0.8328451 0.5155619 0.8328442 0.5277786 0.8328451 0.5277782 0.8253703 0.5277782 0.8253703 0.5277808 0.8009265 0.5155634 0.8131502 0.4188604 0.9360824 0.4346998 0.9483015 0.4208134 0.9286077 0.3988903 0.8481788 0.3913751 0.8726226 0.4072145 0.8481788 0.9735484 0.6722881 0.9735484 0.6821384 0.985765 0.6821385 0.985765 0.6821385 0.9735484 0.6821384 0.9735484 0.6905311 0.9420023 0.8452237 0.9542189 0.8452237 0.9542189 0.8388841 0.9420023 0.8388841 0.9542189 0.8388841 0.9542189 0.8314083 0.9542189 0.8314083 0.9542189 0.8069654 0.9420024 0.8191902 0.9261573 0.8387172 0.9261574 0.8084523 0.9163349 0.8387173 0.02185034 0.8313625 0.02936846 0.8175508 0.02380412 0.8238877 0.9836834 0.3713775 0.9714668 0.371377 0.9714667 0.3812476 0.9836834 0.389705 0.9836833 0.3812479 0.9714667 0.3812476 0.9360376 0.9403967 0.9360395 0.9467335 0.9482561 0.9467349 0.9360374 0.9329218 0.9360376 0.9403967 0.9482541 0.940398 0.9360374 0.9329218 0.948254 0.9329232 0.9482561 0.9207041 0.44452 0.9773336 0.4327966 0.9483016 0.4327966 0.9773336 0.4327966 0.9483016 0.44452 0.9773336 0.44452 0.9483015 0.9773597 0.7982629 0.9656364 0.7692309 0.9656364 0.798263 0.9656364 0.7692309 0.9773597 0.7982629 0.9773597 0.7692309 0.1637181 0.996586 0.1662673 0.9757081 0.1637181 0.9757081 0.7355855 1 0.7328472 0.979122 0.7328472 1 0.7378495 0.9999998 0.7355855 0.9791221 0.7355855 1 0.9986461 0.9387425 0.9958167 0.9596204 0.9986461 0.9596204 0.9181095 0.9783599 0.9203737 0.9992379 0.9203737 0.97836 0.9181095 0.9783599 0.9153713 0.9992378 0.9181095 0.9992378 0.1637181 0.996586 0.1611689 0.9757081 0.1611689 0.996586 0.8155692 0.1416065 0.8155695 0.1467081 0.8183279 0.1473374 0.3517818 0.9758015 0.3492326 0.9966794 0.3517819 0.9966794 0.1347885 0.999719 0.1320502 0.9788411 0.1320502 0.999719 0.1370525 0.9997189 0.1347885 0.9788411 0.1347885 0.999719 0.9958069 0.7901089 0.9986364 0.7692309 0.9958069 0.769231 0.6596644 0.978482 0.6619287 0.99936 0.6619287 0.9784821 0.6596644 0.978482 0.6569262 0.99936 0.6596643 0.9993599 0.3517818 0.9758015 0.3543311 0.9966794 0.354331 0.9758015 0.8411756 0.1967211 0.8362053 0.1955854 0.8411756 0.1995522 0.1688167 0.996586 0.1713659 0.9757081 0.1688168 0.9757081 0.2261237 0.979048 0.228862 0.999926 0.228862 0.9790481 0.2238596 0.9790481 0.2261237 0.999926 0.2261237 0.979048 0.2022721 0.6737502 0.2051015 0.6528723 0.2022719 0.6528723 0.04459857 0.9770524 0.0468629 0.9979304 0.0468629 0.9770525 0.04459857 0.9770524 0.04186046 0.9979304 0.04459857 0.9979304 0.1688167 0.996586 0.1662673 0.9757081 0.1662675 0.996586 0.8473734 0.1967207 0.8424031 0.2006876 0.8451614 0.2013172 0.1762086 0.9762563 0.1736594 0.9971342 0.1762087 0.9971342 0.996969 0.1837587 0.9942308 0.1628808 0.9942308 0.1837587 0.9992331 0.1837586 0.996969 0.1628808 0.996969 0.1837587 0.9960526 0.7157079 0.998882 0.69483 0.9960526 0.69483 0.5065685 0.9780112 0.5088328 0.9988892 0.5088328 0.9780113 0.5065685 0.9780112 0.5038303 0.9988892 0.5065685 0.9988892 0.1762086 0.9762563 0.1787579 0.9971342 0.1787579 0.9762563 0.8268772 0.1941249 0.8318476 0.1980919 0.8318476 0.1952608 0.5706149 0.9968599 0.5680657 0.975982 0.5680657 0.9968599 0.642238 0.9993624 0.6449761 0.9784845 0.642238 0.9784845 0.6472404 0.9993625 0.6449761 0.9784845 0.6449761 0.9993624 0.9972485 0.2248717 0.9944191 0.2457497 0.9972485 0.2457497 0.2516794 0.9790138 0.2539435 0.9998915 0.2539435 0.9790136 0.2516794 0.9790138 0.2489411 0.9998916 0.2516794 0.9998916 0.5655165 0.9968599 0.5680657 0.975982 0.5655165 0.975982 0.560418 0.9968599 0.5629673 0.9968599 0.560418 0.975982 0.560418 0.975982 0.5629673 0.9968599 0.5629673 0.975982 0.9103688 0.9992378 0.913107 0.9783599 0.9103688 0.9783599 0.9153713 0.9992379 0.913107 0.9783599 0.913107 0.9992378 0.2730205 0.8404159 0.270191 0.8612938 0.2730204 0.8612938 0.4036442 0.9995072 0.4013801 0.9786294 0.40138 0.9995073 0.4036442 0.9995072 0.4063825 0.9786294 0.4036442 0.9786293 0.5655164 0.975982 0.5629673 0.9968599 0.5655165 0.9968599 0.1931887 0.9972918 0.195738 0.9972918 0.1931887 0.9764138 0.1931887 0.9764138 0.195738 0.9972918 0.1957378 0.9764138 0.0268529 0.9979304 0.02959108 0.9770524 0.0268529 0.9770525 0.0318554 0.9979305 0.02959108 0.9770524 0.02959108 0.9979304 0.9972497 0.2021351 0.9944202 0.2230131 0.9972497 0.223013 0.7746433 0.9791013 0.7769074 0.9999791 0.7769074 0.9791011 0.7746433 0.9791013 0.771905 0.9999791 0.7746433 0.9999792 0.1982871 0.9764138 0.195738 0.9972918 0.1982871 0.9972918 0.2084839 0.9764138 0.2059347 0.9764138 0.2084839 0.9972918 0.2084839 0.9972918 0.2059347 0.9764138 0.2059347 0.9972918 0.9934672 0.5241019 0.9962054 0.503224 0.9934672 0.503224 0.9984697 0.524102 0.9962054 0.503224 0.9962054 0.5241019 0.9972313 0.0428211 0.9944018 0.06369906 0.9972313 0.06369906 0.26121 0.9998915 0.2589459 0.9790138 0.2589459 0.9998916 0.26121 0.9998915 0.2639483 0.9790136 0.26121 0.9790136 0.2033855 0.9972918 0.2059347 0.9764138 0.2033855 0.9764138 0.7946601 0.1952604 0.7896896 0.1992272 0.7924481 0.1998569 0.9983526 0.4307695 0.9960117 0.4080329 0.9960117 0.4307695 0.3581185 0.9953105 0.3553667 0.9725739 0.3553667 0.9953105 0.3603484 0.9953105 0.3581185 0.9725739 0.3581185 0.9953105 0.1708027 0.8310713 0.1734008 0.8538079 0.1734008 0.8310713 0.9909209 0.4307695 0.9886862 0.4080329 0.9886862 0.4307695 0.993671 0.4307695 0.9909209 0.4080329 0.9909209 0.4307695 0.9960117 0.4307695 0.993671 0.4080329 0.993671 0.4307695 0.8728359 0.4413185 0.8681266 0.4447711 0.8707401 0.4455979 0.9912911 0.6027863 0.9936318 0.6255229 0.9936318 0.6027862 0.7864029 0.9724732 0.7891548 0.9952097 0.7891548 0.9724732 0.7841731 0.9724732 0.7864029 0.9952098 0.7864029 0.9724732 0.9998465 0.2476083 0.9972485 0.2248717 0.9972485 0.2476083 0.5966827 0.9943059 0.594448 0.9715693 0.594448 0.9943059 0.5994327 0.9943059 0.5966827 0.9715692 0.5966827 0.9943059 0.9936318 0.6027862 0.9959727 0.6255229 0.9959727 0.6027863 0.9030985 0.4406418 0.9082691 0.4433541 0.9078609 0.4406418 0.9916282 0.9677858 0.9939692 0.9905225 0.9939692 0.9677858 0.9923271 0.599769 0.9895752 0.5770324 0.9895752 0.599769 0.9945569 0.599769 0.9923271 0.5770324 0.9923271 0.599769 0.1734008 0.8310713 0.1708027 0.8083347 0.1708027 0.8310712 0.09820246 0.9944372 0.09596771 0.9717007 0.09596771 0.9944372 0.1009525 0.9944372 0.09820246 0.9717006 0.09820246 0.9944372 0.9939692 0.9677858 0.9963099 0.9905225 0.9963099 0.9677858 0.8846471 0.4433541 0.8898177 0.4406418 0.8873564 0.4394348 0.9913709 0.69483 0.9937117 0.7175666 0.9937118 0.69483 0.4467577 0.9728823 0.4495096 0.9956189 0.4495096 0.9728823 0.4445279 0.9728823 0.4467576 0.9956189 0.4467577 0.9728823 0.4897674 0.896486 0.4871693 0.8737494 0.4871693 0.896486 0.1037024 0.9717007 0.1059373 0.9944372 0.1059373 0.9717006 0.1009525 0.9717007 0.1037024 0.9944372 0.1037024 0.9717007 0.9937118 0.69483 0.9960526 0.7175666 0.9960526 0.69483 0.873604 0.4406418 0.8787745 0.4433541 0.8783664 0.4406418 0.1662673 0.996586 0.1662673 0.9757081 0.1637181 0.996586 0.7355855 0.9791221 0.7328472 0.979122 0.7355855 1 0.7378495 0.9791219 0.7355855 0.9791221 0.7378495 0.9999998 0.9958168 0.9387425 0.9958167 0.9596204 0.9986461 0.9387425 0.9181095 0.9992378 0.9203737 0.9992379 0.9181095 0.9783599 0.9153712 0.9783599 0.9153713 0.9992378 0.9181095 0.9783599 0.1637181 0.9757081 0.1611689 0.9757081 0.1637181 0.996586 0.8143417 0.1441575 0.8155695 0.1467081 0.8155692 0.1416065 0.8183279 0.1473374 0.8205397 0.1455721 0.8155692 0.1416065 0.8155692 0.1416065 0.8205397 0.1427409 0.8183276 0.140976 0.3492326 0.9758015 0.3492326 0.9966794 0.3517818 0.9758015 0.8155692 0.1416065 0.8205397 0.1455721 0.8205397 0.1427409 0.1347885 0.9788411 0.1320502 0.9788411 0.1347885 0.999719 0.1370525 0.978841 0.1347885 0.9788411 0.1370525 0.9997189 0.9986364 0.7901089 0.9986364 0.7692309 0.9958069 0.7901089 0.6596643 0.9993599 0.6619287 0.99936 0.6596644 0.978482 0.6569262 0.9784821 0.6569262 0.99936 0.6596644 0.978482 0.3517819 0.9966794 0.3543311 0.9966794 0.3517818 0.9758015 0.8389635 0.2013172 0.8411756 0.1995522 0.8362051 0.2006869 0.8362053 0.1955854 0.8411756 0.1967211 0.8389635 0.1949557 0.8362053 0.1955854 0.8349776 0.198136 0.8411756 0.1995522 0.1713659 0.996586 0.1713659 0.9757081 0.1688167 0.996586 0.8411756 0.1995522 0.8349776 0.198136 0.8362051 0.2006869 0.2261237 0.999926 0.228862 0.999926 0.2261237 0.979048 0.2238596 0.9999261 0.2261237 0.999926 0.2238596 0.9790481 0.2051015 0.6737502 0.2051015 0.6528723 0.2022721 0.6737502 0.04459857 0.9979304 0.0468629 0.9979304 0.04459857 0.9770524 0.0418604 0.9770525 0.04186046 0.9979304 0.04459857 0.9770524 0.1688168 0.9757081 0.1662673 0.9757081 0.1688167 0.996586 0.8411755 0.1981369 0.8424031 0.2006876 0.8473734 0.1967207 0.8473734 0.1967207 0.8451614 0.2013172 0.8473734 0.1995518 0.842403 0.195586 0.8473734 0.1967207 0.8451614 0.1949557 0.842403 0.195586 0.8411755 0.1981369 0.8473734 0.1967207 0.1736595 0.9762563 0.1736594 0.9971342 0.1762086 0.9762563 0.996969 0.1628808 0.9942308 0.1628808 0.996969 0.1837587 0.9992331 0.1628807 0.996969 0.1628808 0.9992331 0.1837586 0.998882 0.7157079 0.998882 0.69483 0.9960526 0.7157079 0.5065685 0.9988892 0.5088328 0.9988892 0.5065685 0.9780112 0.5038303 0.9780113 0.5038303 0.9988892 0.5065685 0.9780112 0.1762087 0.9971342 0.1787579 0.9971342 0.1762086 0.9762563 0.8296355 0.1998568 0.8318476 0.1980919 0.8268772 0.1941249 0.8268772 0.1941249 0.8318476 0.1952608 0.8296356 0.1934953 0.8268771 0.1992264 0.8268772 0.1941249 0.8256496 0.1966755 0.8268771 0.1992264 0.8296355 0.1998568 0.8268772 0.1941249 0.5706149 0.975982 0.5680657 0.975982 0.5706149 0.9968599 0.6449761 0.9993624 0.6449761 0.9784845 0.642238 0.9993624 0.6472404 0.9784845 0.6449761 0.9784845 0.6472404 0.9993625 0.9944191 0.2248717 0.9944191 0.2457497 0.9972485 0.2248717 0.2516794 0.9998916 0.2539435 0.9998915 0.2516794 0.9790138 0.2489411 0.9790136 0.2489411 0.9998916 0.2516794 0.9790138 0.5680657 0.9968599 0.5680657 0.975982 0.5655165 0.9968599 0.7771535 0.1441572 0.7783811 0.1467079 0.7783811 0.1416062 0.7811395 0.1473377 0.7833516 0.1455723 0.7783811 0.1467079 0.7833516 0.1427411 0.7811395 0.140976 0.7783811 0.1467079 0.7783811 0.1467079 0.7833516 0.1455723 0.7833516 0.1427411 0.7783811 0.1467079 0.7811395 0.140976 0.7783811 0.1416062 0.913107 0.9992378 0.913107 0.9783599 0.9103688 0.9992378 0.9153713 0.97836 0.913107 0.9783599 0.9153713 0.9992379 0.270191 0.8404159 0.270191 0.8612938 0.2730205 0.8404159 0.4036442 0.9786293 0.4013801 0.9786294 0.4036442 0.9995072 0.4063825 0.9995073 0.4063825 0.9786294 0.4036442 0.9995072 0.5629673 0.975982 0.5629673 0.9968599 0.5655164 0.975982 0.7822641 0.1966765 0.7834917 0.1992272 0.7834916 0.1941255 0.78625 0.1998569 0.7884621 0.1980916 0.7834917 0.1992272 0.7834916 0.1941255 0.7884621 0.1952604 0.78625 0.1934953 0.7834917 0.1992272 0.7884621 0.1952604 0.7834916 0.1941255 0.7834917 0.1992272 0.7884621 0.1980916 0.7884621 0.1952604 0.02959108 0.9979304 0.02959108 0.9770524 0.0268529 0.9979304 0.0318554 0.9770525 0.02959108 0.9770524 0.0318554 0.9979305 0.9944203 0.2021351 0.9944202 0.2230131 0.9972497 0.2021351 0.7746433 0.9999792 0.7769074 0.9999791 0.7746433 0.9791013 0.771905 0.9791013 0.771905 0.9999791 0.7746433 0.9791013 0.1957378 0.9764138 0.195738 0.9972918 0.1982871 0.9764138 0.7845791 0.141606 0.7833516 0.1441566 0.7895497 0.1455724 0.7845792 0.1467075 0.7873376 0.1473374 0.7833516 0.1441566 0.7873376 0.140976 0.7895497 0.1455724 0.7895497 0.1427413 0.7873376 0.140976 0.7845791 0.141606 0.7895497 0.1455724 0.7833516 0.1441566 0.7873376 0.1473374 0.7895497 0.1455724 0.9962054 0.5241019 0.9962054 0.503224 0.9934672 0.5241019 0.9984697 0.503224 0.9962054 0.503224 0.9984697 0.524102 0.9944018 0.04282104 0.9944018 0.06369906 0.9972313 0.0428211 0.26121 0.9790136 0.2589459 0.9790138 0.26121 0.9998915 0.2639483 0.9998916 0.2639483 0.9790136 0.26121 0.9998915 0.2059347 0.9972918 0.2059347 0.9764138 0.2033855 0.9972918 0.7884621 0.1966764 0.7896896 0.1992272 0.7946601 0.1952604 0.7946601 0.1952604 0.7924481 0.1998569 0.7946601 0.1980915 0.7946601 0.1952604 0.7924481 0.1934953 0.7884621 0.1966764 0.9983526 0.4080329 0.9960117 0.4080329 0.9983526 0.4307695 0.7884621 0.1966764 0.7924481 0.1934953 0.7896896 0.1941255 0.3581185 0.9725739 0.3553667 0.9725739 0.3581185 0.9953105 0.3603484 0.9725739 0.3581185 0.9725739 0.3603484 0.9953105 0.1708027 0.8538079 0.1734008 0.8538079 0.1708027 0.8310713 0.9909209 0.4080329 0.9886862 0.4080329 0.9909209 0.4307695 0.993671 0.4080329 0.9909209 0.4080329 0.993671 0.4307695 0.9960117 0.4080329 0.993671 0.4080329 0.9960117 0.4307695 0.8669635 0.4422035 0.8681266 0.4447711 0.8728359 0.4413185 0.8728359 0.4413185 0.8707401 0.4455979 0.8728359 0.4440613 0.8681265 0.4398286 0.8728359 0.4413185 0.87074 0.4394348 0.8681265 0.4398286 0.8669635 0.4422035 0.8728359 0.4413185 0.9912911 0.6255229 0.9936318 0.6255229 0.9912911 0.6027863 0.7864029 0.9952098 0.7891548 0.9952097 0.7864029 0.9724732 0.7841731 0.9952098 0.7864029 0.9952098 0.7841731 0.9724732 0.9998466 0.2248717 0.9972485 0.2248717 0.9998465 0.2476083 0.5966827 0.9715692 0.594448 0.9715693 0.5966827 0.9943059 0.5994327 0.9715693 0.5966827 0.9715692 0.5994327 0.9943059 0.9936318 0.6255229 0.9959727 0.6255229 0.9936318 0.6027862 0.9064769 0.4455292 0.9082691 0.4433541 0.9030985 0.4406418 0.9030985 0.4406418 0.9078609 0.4406418 0.9055598 0.4394348 0.9030985 0.4406418 0.9023305 0.4433541 0.9064769 0.4455292 0.9916282 0.9905225 0.9939692 0.9905225 0.9916282 0.9677858 0.9064769 0.4455292 0.9023305 0.4433541 0.9038339 0.4455292 0.9923271 0.5770324 0.9895752 0.5770324 0.9923271 0.599769 0.9945569 0.5770324 0.9923271 0.5770324 0.9945569 0.599769 0.1734008 0.8083346 0.1708027 0.8083347 0.1734008 0.8310713 0.09820246 0.9717006 0.09596771 0.9717007 0.09820246 0.9944372 0.1009525 0.9717006 0.09820246 0.9717006 0.1009525 0.9944372 0.9939692 0.9905225 0.9963099 0.9905225 0.9939692 0.9677858 0.8905857 0.4433541 0.8898177 0.4406418 0.8846471 0.4433541 0.8846471 0.4433541 0.8873564 0.4394348 0.8850552 0.4406419 0.8890822 0.4455292 0.8846471 0.4433541 0.8864392 0.4455292 0.8890822 0.4455292 0.8905857 0.4433541 0.8846471 0.4433541 0.9913709 0.7175666 0.9937117 0.7175666 0.9913709 0.69483 0.4467576 0.9956189 0.4495096 0.9956189 0.4467577 0.9728823 0.4445279 0.9956189 0.4467576 0.9956189 0.4445279 0.9728823 0.4897674 0.8737494 0.4871693 0.8737494 0.4897674 0.896486 0.1037024 0.9944372 0.1059373 0.9944372 0.1037024 0.9717007 0.1009525 0.9944372 0.1037024 0.9944372 0.1009525 0.9717007 0.9937117 0.7175666 0.9960526 0.7175666 0.9937118 0.69483 0.873604 0.4406418 0.8783664 0.4406418 0.8760653 0.4394348 0.8743394 0.4455292 0.873604 0.4406418 0.8728359 0.4433541 0.873604 0.4406418 0.8743394 0.4455292 0.8787745 0.4433541 0.8787745 0.4433541 0.8743394 0.4455292 0.8769824 0.4455292 0.9606326 0.5770324 0.972356 0.6060758 0.972356 0.5770324 0.972356 0.6060758 0.9606326 0.5770324 0.9606326 0.6060758 0.771905 0.9317134 0.7836285 0.9607568 0.7836285 0.9317134 0.7836285 0.9607568 0.771905 0.9317134 0.771905 0.9607568 0.4701874 0.9773337 0.458464 0.9483017 0.458464 0.9773337 0.458464 0.9483017 0.4701874 0.9773337 0.4701874 0.9483016 0.728179 0.6618288 0.6715347 0.6618288 0.6759691 0.6843407 0.6459131 0.2308681 0.7025575 0.2308681 0.6942432 0.2021351 0.5831007 0.3793004 0.6368182 0.3793003 0.641245 0.3293632 0.5666819 0.1907377 0.609883 0.1967436 0.609883 0.147857 0.4348441 0.2310392 0.4885615 0.2310392 0.4831065 0.209356 0.707226 0.4464285 0.707226 0.3191557 0.641245 0.3191558 0.4929886 0.3192099 0.4885616 0.2692724 0.4348441 0.2692724 0.4348441 0.2692724 0.4885616 0.2692724 0.4885615 0.2310392 0.6301675 0.4400967 0.6368181 0.4175336 0.5831007 0.4175337 0.6368181 0.4175336 0.6368182 0.3793003 0.5831007 0.3793004 0.6459131 0.2691149 0.641245 0.3191558 0.707226 0.3191557 0.6459131 0.2308681 0.6459131 0.2691149 0.7025576 0.2691149 0.7328472 0.5737153 0.6668663 0.5737153 0.6715347 0.6235805 0.728179 0.6235805 0.6715347 0.6235805 0.6715347 0.6618288 0.6668663 0.4464375 0.6668663 0.5737153 0.7328472 0.5737153 0.5671169 0.3293632 0.641245 0.3293632 0.641245 0.2021351 0.4929886 0.4464375 0.4929886 0.3192099 0.4188604 0.3192099 0.9983525 0.3669683 0.9960117 0.3442319 0.9960117 0.3669683 0.9909508 0.2879533 0.9937008 0.3106899 0.9937008 0.2879533 0.988716 0.2879534 0.9909508 0.3106899 0.9909508 0.2879533 0.9972312 0.04096245 0.9998293 0.06369906 0.9998293 0.04096245 0.07117587 0.995924 0.06894606 0.9731875 0.06894606 0.995924 0.07392776 0.995924 0.07117587 0.9731875 0.07117587 0.995924 0.9960117 0.3669683 0.9936708 0.3442319 0.9936708 0.3669683 0.7274067 0.9199978 0.7325774 0.9227101 0.7321691 0.9199979 0.9920332 0.4794929 0.994374 0.5022295 0.994374 0.4794929 0.9909209 0.3669684 0.9936708 0.389705 0.9936708 0.3669684 0.988686 0.3669684 0.9909208 0.389705 0.9909209 0.3669684 0.4871693 0.9192225 0.4897674 0.9419591 0.4897674 0.9192225 0.3625782 0.9953104 0.3603484 0.9725739 0.3603484 0.9953104 0.3653301 0.9953104 0.3625782 0.9725739 0.3625782 0.9953104 0.994374 0.4794929 0.9967148 0.5022294 0.9967148 0.4794929 0.884647 0.4413185 0.8799378 0.4447711 0.8825512 0.4455979 0.9958069 0.7919675 0.9934661 0.7692309 0.9934661 0.7919675 0.0763629 0.9717005 0.07911294 0.994437 0.07911294 0.9717005 0.07412815 0.9717006 0.0763629 0.994437 0.0763629 0.9717005 0.9960761 0.44582 0.9986742 0.4685565 0.9986743 0.44582 0.7913846 0.9952097 0.7891548 0.9724732 0.7891548 0.9952097 0.7941365 0.9952097 0.7913846 0.9724732 0.7913846 0.9952097 0.9934661 0.7919675 0.9911252 0.7692309 0.9911252 0.7919675 0.9276461 0.5655171 0.9229368 0.5689697 0.9255503 0.5697965 0.9980365 0.5468385 0.9956955 0.5241019 0.9956955 0.5468385 0.8008591 0.9944826 0.7981091 0.971746 0.7981091 0.9944826 0.8030939 0.9944825 0.8008592 0.971746 0.8008591 0.9944826 0.9972513 0.7309741 0.9998494 0.7537107 0.9998494 0.7309741 0.3725416 0.9953104 0.3703117 0.9725739 0.3703118 0.9953104 0.3752935 0.9953104 0.3725416 0.9725739 0.3725416 0.9953104 0.9956955 0.5468385 0.9933548 0.5241019 0.9933548 0.5468385 0.2701943 0.9311118 0.2753649 0.9283996 0.2729037 0.9271926 0.9983525 0.3442319 0.9960117 0.3442319 0.9983525 0.3669683 0.9909508 0.3106899 0.9937008 0.3106899 0.9909508 0.2879533 0.9887161 0.3106899 0.9909508 0.3106899 0.988716 0.2879534 0.9972312 0.06369906 0.9998293 0.06369906 0.9972312 0.04096245 0.07117587 0.9731875 0.06894606 0.9731875 0.07117587 0.995924 0.07392776 0.9731875 0.07117587 0.9731875 0.07392776 0.995924 0.9960117 0.3442319 0.9936708 0.3442319 0.9960117 0.3669683 0.7307853 0.9248852 0.7325774 0.9227101 0.7274067 0.9199978 0.7274067 0.9199978 0.7321691 0.9199979 0.729868 0.9187908 0.7281422 0.9248852 0.7274067 0.9199978 0.7266387 0.9227102 0.7281422 0.9248852 0.7307853 0.9248852 0.7274067 0.9199978 0.9920332 0.5022294 0.994374 0.5022295 0.9920332 0.4794929 0.9909208 0.389705 0.9936708 0.389705 0.9909209 0.3669684 0.988686 0.389705 0.9909208 0.389705 0.988686 0.3669684 0.4871693 0.9419591 0.4897674 0.9419591 0.4871693 0.9192225 0.3625782 0.9725739 0.3603484 0.9725739 0.3625782 0.9953104 0.3653301 0.9725739 0.3625782 0.9725739 0.3653301 0.9953104 0.994374 0.5022295 0.9967148 0.5022294 0.994374 0.4794929 0.8787746 0.4422035 0.8799378 0.4447711 0.884647 0.4413185 0.884647 0.4413185 0.8825512 0.4455979 0.884647 0.4440613 0.884647 0.4413185 0.8825511 0.4394348 0.8787746 0.4422035 0.9958069 0.7692309 0.9934661 0.7692309 0.9958069 0.7919675 0.8787746 0.4422035 0.8825511 0.4394348 0.8799377 0.4398286 0.0763629 0.994437 0.07911294 0.994437 0.0763629 0.9717005 0.07412815 0.9944371 0.0763629 0.994437 0.07412815 0.9717006 0.9960761 0.4685565 0.9986742 0.4685565 0.9960761 0.44582 0.7913846 0.9724732 0.7891548 0.9724732 0.7913846 0.9952097 0.7941365 0.9724732 0.7913846 0.9724732 0.7941365 0.9952097 0.9934661 0.7692309 0.9911252 0.7692309 0.9934661 0.7919675 0.9217737 0.5664021 0.9229368 0.5689697 0.9276461 0.5655171 0.9276461 0.5655171 0.9255503 0.5697965 0.9276461 0.56826 0.9229367 0.5640272 0.9276461 0.5655171 0.9255503 0.5636334 0.9229367 0.5640272 0.9217737 0.5664021 0.9276461 0.5655171 0.9980365 0.5241019 0.9956955 0.5241019 0.9980365 0.5468385 0.8008592 0.971746 0.7981091 0.971746 0.8008591 0.9944826 0.8030939 0.971746 0.8008592 0.971746 0.8030939 0.9944825 0.9972513 0.7537107 0.9998494 0.7537107 0.9972513 0.7309741 0.3725416 0.9725739 0.3703117 0.9725739 0.3725416 0.9953104 0.3752935 0.9725739 0.3725416 0.9725739 0.3752935 0.9953104 0.9956955 0.5241019 0.9933548 0.5241019 0.9956955 0.5468385 0.2701943 0.9311118 0.2729037 0.9271926 0.2706026 0.9283996 0.2746294 0.9332869 0.2701943 0.9311118 0.2719864 0.9332869 0.2701943 0.9311118 0.2746294 0.9332869 0.2753649 0.9283996 0.2753649 0.9283996 0.2746294 0.9332869 0.276133 0.9311119 0.1421716 0.08739471 0.2806769 0 0.1458373 1.59021e-7 0.7476148 0.1347697 0.8349776 0 0.7476147 0.003668308 0.1931887 0.8140107 0.280516 0.6754109 0.1931887 0.6790794 0.1383444 0.3168357 0.003666222 0.404258 0.1346785 0.404258 0.1383444 0.2021355 0 0.3168358 0.1383444 0.3168357 0.1421716 0.08739471 0.2843432 0.2021349 0.2843431 0.08739453 0.07412815 0.404258 0.2051404 0.5391893 0.2051404 0.404258 0.8954618 0.8694126 0.8825222 0.7309741 0.8825222 0.8694126 0.7328472 0.8266092 0.719903 0.6843407 0.7199031 0.8266092 0.1883532 0.8237261 0.1754085 0.6814576 0.1754085 0.8237261 0.9084014 0.8694126 0.8954619 0.7309741 0.8954618 0.8694126 0.5419912 0.7236374 0.5498703 0.5883802 0.5419911 0.5813689 0.9079648 0.4464375 0.9159013 0.5816946 0.9159013 0.4495211 0.9177613 0.1384385 0.9098283 0.006593704 0.9098283 0.135209 0.8954881 0.7271443 0.90354 0.5952997 0.8954881 0.5887058 0.6530803 0.8935556 0.662903 0.9311341 0.662903 0.8920688 0.662903 0.9311341 0.6530803 0.8935556 0.6530805 0.9296473 0.6530805 0.9296473 0.6447532 0.8977898 0.6447534 0.9254131 0.6447534 0.9254131 0.6447532 0.8977898 0.6391894 0.9190763 0.6391894 0.9190763 0.6391891 0.9041267 0.6372355 0.9116015 0.6447532 0.8977898 0.6391891 0.9041267 0.6391894 0.9190763 0.5657083 0.8896813 0.5755311 0.9272599 0.5755311 0.8881945 0.5755311 0.9272599 0.5657083 0.8896813 0.5657081 0.925773 0.5657081 0.925773 0.5573808 0.8939155 0.5573808 0.9215389 0.5573808 0.9215389 0.5573808 0.8939155 0.5518164 0.915202 0.5518164 0.915202 0.5518164 0.9002524 0.5498626 0.9077272 0.5573808 0.8939155 0.5518164 0.9002524 0.5518164 0.915202 0.8512858 0.9637949 0.8635024 0.9736654 0.8635024 0.9637947 0.8635024 0.9736654 0.8512856 0.982123 0.8635023 0.982123 0.4035954 0.9510059 0.391376 0.9573429 0.4035927 0.9573429 0.4035927 0.9573429 0.3913751 0.9648177 0.4035918 0.9648177 0.4035918 0.9648177 0.391376 0.9722924 0.4035927 0.9722924 0.391376 0.9722924 0.4035954 0.9786293 0.4035927 0.9722924 0.9717317 0.8583787 0.9839482 0.8499218 0.9717316 0.8499215 0.9717316 0.8499215 0.9839483 0.8400514 0.9717317 0.8400511 0.3810352 0.8771629 0.3712121 0.9147414 0.3810352 0.9162283 0.3712121 0.9147414 0.3628848 0.8828839 0.3628848 0.9105073 0.3628848 0.9105073 0.3573206 0.8892206 0.3573204 0.9041703 0.3573204 0.9041703 0.3573206 0.8892206 0.3553667 0.8966956 0.3573206 0.8892206 0.3628848 0.9105073 0.3628848 0.8828839 0.3628848 0.8828839 0.3712121 0.9147414 0.3712124 0.8786497 0.4170425 0.8921552 0.40722 0.8936421 0.4170425 0.9312207 0.4170425 0.9312207 0.40722 0.8936421 0.4072201 0.9297338 0.4072201 0.9297338 0.3988929 0.8978762 0.3988929 0.9254996 0.3988929 0.9254996 0.3933288 0.9042131 0.3933288 0.9191628 0.3933288 0.9191628 0.3933288 0.9042131 0.3913751 0.9116879 0.3933288 0.9042131 0.3988929 0.9254996 0.3988929 0.8978762 0.9697268 0.8877411 0.9819434 0.8778703 0.9697268 0.8778705 0.9697268 0.8778705 0.9819435 0.8694128 0.9697269 0.8694129 0.4158157 0.9510059 0.4035964 0.9573429 0.415813 0.9573429 0.415813 0.9573429 0.4035954 0.9648177 0.415812 0.9648177 0.415813 0.9722926 0.4035954 0.9648177 0.4035964 0.9722926 0.4158157 0.9786293 0.4035964 0.9722926 0.4035991 0.9786293 0.9722181 0.2204626 0.9844346 0.2120057 0.972218 0.2120054 0.972218 0.2120054 0.9844348 0.2021353 0.9722182 0.2021351 0.9317404 0.4479244 0.9415596 0.4855028 0.9415596 0.4464375 0.9415596 0.4855028 0.9317404 0.4479244 0.9317407 0.484016 0.9317407 0.484016 0.9234164 0.4521586 0.9234165 0.4797819 0.9234165 0.4797819 0.9234164 0.4521586 0.9178544 0.4734451 0.9178544 0.4734451 0.9178543 0.4584954 0.9159013 0.4659703 0.9234164 0.4521586 0.9178543 0.4584954 0.9178544 0.4734451 0.0376898 0.9012696 0.04750871 0.938848 0.04750871 0.8997827 0.04750871 0.938848 0.0376898 0.9012696 0.03768962 0.9373612 0.03768962 0.9373612 0.02936553 0.9055036 0.02936553 0.9331271 0.02936553 0.9331271 0.02936553 0.9055036 0.02380341 0.9267902 0.02380341 0.9267902 0.02380341 0.9118405 0.02185034 0.9193153 0.02936553 0.9055036 0.02380341 0.9118405 0.02380341 0.9267902 0.974072 0.625523 0.9862886 0.635369 0.9862887 0.6255229 0.9862886 0.635369 0.974072 0.6437488 0.9862887 0.6437489 0.9671215 0.7585975 0.9793381 0.7522634 0.9671215 0.7522634 0.9671215 0.7522634 0.9793381 0.7447896 0.9671215 0.7447896 0.9671215 0.7447896 0.9793381 0.7373138 0.9671215 0.7373137 0.9671215 0.7373137 0.9793381 0.7309741 0.9671215 0.7309741 0.2927326 0.9686611 0.280516 0.9770539 0.2927327 0.9770539 0.2927327 0.9770539 0.280516 0.9869041 0.2927327 0.9869041 0.7841731 0.8926481 0.7743541 0.8941349 0.7841731 0.9317134 0.7841731 0.9317134 0.7743541 0.8941349 0.7743538 0.9302265 0.7743538 0.9302265 0.7660299 0.8983689 0.7660297 0.9259924 0.7660297 0.9259924 0.7604678 0.9047058 0.7604676 0.9196555 0.7604676 0.9196555 0.7604678 0.9047058 0.7585146 0.9121806 0.7604678 0.9047058 0.7660297 0.9259924 0.7660299 0.8983689 0.9415596 0.5245682 0.9317407 0.5621466 0.9415596 0.5636334 0.9317407 0.5621466 0.9234164 0.5302891 0.9234164 0.5579125 0.9234164 0.5579125 0.9178543 0.5366259 0.9178543 0.5515756 0.9178543 0.5515756 0.9178543 0.5366259 0.9159013 0.5441007 0.9178543 0.5366259 0.9234164 0.5579125 0.9234164 0.5302891 0.9234164 0.5302891 0.9317407 0.5621466 0.9317405 0.5260549 0.3293827 0.9686613 0.317166 0.9785073 0.3293827 0.9785073 0.3293827 0.9868872 0.317166 0.9785073 0.317166 0.9868871 0.7450639 0.9578326 0.7328472 0.9514985 0.7328472 0.9578326 0.7450639 0.9653065 0.7328472 0.9578326 0.7328472 0.9653065 0.7450639 0.9727823 0.7328472 0.9653065 0.7328472 0.9727823 0.7450639 0.9791219 0.7328472 0.9727823 0.7328472 0.9791219 0.9858961 0.3488516 0.9736794 0.3404587 0.9736794 0.3488516 0.9858961 0.3587017 0.9736794 0.3488516 0.9736794 0.3587017 0.9385931 0.6102711 0.9484122 0.640536 0.9484122 0.6087842 0.9484122 0.640536 0.9385931 0.6102711 0.9385933 0.6405361 0.9385933 0.6405361 0.9227539 0.6283171 0.9302691 0.6405361 0.9302691 0.6405361 0.9227539 0.6283171 0.9247071 0.6405362 0.9227539 0.6283171 0.9385933 0.6405361 0.9247069 0.6208422 0.9247069 0.6208422 0.9385933 0.6405361 0.930269 0.6145053 0.5596917 0.8881945 0.575531 0.8637508 0.5498728 0.8881945 0.5498728 0.8881945 0.5596917 0.8457049 0.5498726 0.844218 0.575531 0.8637508 0.5596917 0.8457049 0.5498728 0.8881945 0.5596917 0.8457049 0.575531 0.8637508 0.5680158 0.8499391 0.5680158 0.8499391 0.575531 0.8637508 0.573578 0.8562759 0.575531 0.8637508 0.5680159 0.8881945 0.5735781 0.8881945 0.974072 0.643749 0.9862886 0.6535951 0.9862886 0.6437489 0.9862886 0.6535951 0.974072 0.6619749 0.9862886 0.6619749 0.9597432 0.3222156 0.9475266 0.3285498 0.9597432 0.3285498 0.9475266 0.3285498 0.9597432 0.3360236 0.9597432 0.3285498 0.9475265 0.3360236 0.9597431 0.3482437 0.9597432 0.3360236 0.7732071 0.4456446 0.78303 0.4153796 0.773207 0.4138928 0.78303 0.4153796 0.7830299 0.4456446 0.7913574 0.4196137 0.7913574 0.4196137 0.7830299 0.4456446 0.7969217 0.4259506 0.7969217 0.4259506 0.7830299 0.4456446 0.7988755 0.4334255 0.7988755 0.4334255 0.7913574 0.4456446 0.7969216 0.4456446 0.7913574 0.4456446 0.7988755 0.4334255 0.7830299 0.4456446 0.5419911 0.8437179 0.5321686 0.8452047 0.5419911 0.8876942 0.5419911 0.8876942 0.5163238 0.8632506 0.5321688 0.8876942 0.5321686 0.8452047 0.5163238 0.8632506 0.5419911 0.8876942 0.5321688 0.8876942 0.5163238 0.8632506 0.5238416 0.8876942 0.5238416 0.8876942 0.5163238 0.8632506 0.5182775 0.8876942 0.5163238 0.8632506 0.5238416 0.8494387 0.5182775 0.8557756 0.9697268 0.9060695 0.9819434 0.8961987 0.9697268 0.8961988 0.9697269 0.8877413 0.9819434 0.8961987 0.9819435 0.8877412 0.1931865 0.8679926 0.180972 0.8616566 0.1809698 0.8679935 0.1931861 0.8754675 0.1809698 0.8679935 0.1809694 0.8754684 0.1931861 0.8754675 0.1809714 0.8876875 0.1931887 0.8999112 0.9227541 0.6087842 0.9325731 0.5785192 0.9227539 0.5770324 0.9325731 0.5785192 0.932573 0.6087842 0.9408972 0.5827534 0.9408972 0.5827534 0.932573 0.6087842 0.9464594 0.5890903 0.9464594 0.5890903 0.932573 0.6087842 0.9484124 0.5965651 0.9484124 0.5965651 0.9408972 0.6087842 0.9464592 0.6087842 0.9484124 0.5965651 0.932573 0.6087842 0.9408972 0.6087842 0.6268478 0.844218 0.6170287 0.8457048 0.6268478 0.8881945 0.6268478 0.8881945 0.6011894 0.8637507 0.6170288 0.8881945 0.6087046 0.8881945 0.6011894 0.8637507 0.6031424 0.8881945 0.6268478 0.8881945 0.6170287 0.8457048 0.6011894 0.8637507 0.6170288 0.8881945 0.6011894 0.8637507 0.6087046 0.8881945 0.6087046 0.8499391 0.6011894 0.8637507 0.6170287 0.8457048 0.9845727 0.5770326 0.972356 0.5868828 0.9845727 0.5868828 0.9845727 0.5952756 0.972356 0.5868828 0.9723562 0.5952755 0.9415597 0.5548726 0.9537764 0.5612122 0.9537763 0.5548726 0.9415597 0.5548726 0.9537763 0.5473968 0.9415597 0.5473968 0.9415597 0.5473968 0.9537762 0.5351787 0.9415597 0.522954 0.8492111 0.9136999 0.8590338 0.9439649 0.8590338 0.9122131 0.8590338 0.9439649 0.8492111 0.9136999 0.8492113 0.943965 0.8492113 0.943965 0.8333663 0.9317459 0.8408842 0.943965 0.840884 0.9179341 0.83532 0.924271 0.8492113 0.943965 0.840884 0.9179341 0.8492113 0.943965 0.8492111 0.9136999 0.8333663 0.9317459 0.8492113 0.943965 0.83532 0.924271 0.06336444 0.8118298 0.04751873 0.8362734 0.07318723 0.8118298 0.07318723 0.8118298 0.06336432 0.8543193 0.07318723 0.8558062 0.04751873 0.8362734 0.06336432 0.8543193 0.07318723 0.8118298 0.06336432 0.8543193 0.04751873 0.8362734 0.05503696 0.8500853 0.05503696 0.8500853 0.04751873 0.8362734 0.04947263 0.8437483 0.04751873 0.8362734 0.0550369 0.8118298 0.04947257 0.8118298 0.9604729 0.9817274 0.9482561 0.971857 0.9482563 0.9817277 0.9482561 0.971857 0.9604729 0.9633992 0.9482563 0.9633994 0.9531855 0.7309741 0.9409669 0.7373124 0.9531835 0.737311 0.9531835 0.737311 0.9409667 0.7447873 0.9531834 0.744786 0.9409667 0.7447873 0.9531855 0.757005 0.9531834 0.744786 0.8847016 0.9439649 0.8945206 0.9136999 0.8847013 0.9122131 0.8945206 0.9136999 0.8945205 0.9439649 0.9028447 0.9179341 0.9028447 0.9179341 0.8945205 0.9439649 0.9084069 0.9242709 0.9084069 0.9242709 0.8945205 0.9439649 0.9103599 0.9317458 0.9103599 0.9317458 0.9028447 0.9439649 0.9084068 0.9439649 0.9028447 0.9439649 0.9103599 0.9317458 0.8945205 0.9439649 0.04750859 0.8558062 0.03768956 0.8572931 0.04750859 0.8997827 0.04750859 0.8997827 0.02185034 0.875339 0.03768968 0.8997828 0.02936547 0.8997828 0.02185034 0.875339 0.02380341 0.8997828 0.04750859 0.8997827 0.03768956 0.8572931 0.02185034 0.875339 0.03768968 0.8997828 0.02185034 0.875339 0.02936547 0.8997828 0.02936547 0.8615273 0.02185034 0.875339 0.03768956 0.8572931 0.9862886 0.607297 0.974072 0.617143 0.9862886 0.617143 0.9862886 0.6255229 0.974072 0.617143 0.974072 0.6255228 0.9597432 0.4050552 0.9475265 0.3987211 0.9475265 0.4050552 0.9597432 0.4125292 0.9475265 0.4050552 0.9475266 0.4125292 0.9597432 0.4125292 0.9475266 0.4247492 0.9597432 0.4369739 0.2347026 0.905943 0.2445257 0.9362078 0.2445257 0.904456 0.2445257 0.9362078 0.2347026 0.905943 0.234703 0.9362079 0.234703 0.9362079 0.2188572 0.9239889 0.2263754 0.936208 0.2263753 0.9101772 0.220811 0.916514 0.234703 0.9362079 0.2263753 0.9101772 0.234703 0.9362079 0.2347026 0.905943 0.2188572 0.9239889 0.234703 0.9362079 0.220811 0.916514 0.2347012 0.8176792 0.2188562 0.842123 0.2445235 0.8176792 0.2445235 0.8176792 0.234701 0.8601688 0.2445235 0.8616557 0.2188562 0.842123 0.234701 0.8601688 0.2445235 0.8176792 0.234701 0.8601688 0.2188562 0.842123 0.226374 0.8559347 0.226374 0.8559347 0.2188562 0.842123 0.2208099 0.8495979 0.2188562 0.842123 0.226374 0.8176792 0.2208099 0.8176792 0.9722 0.9084781 0.9844166 0.9183489 0.9844167 0.9084782 0.9844166 0.9183489 0.9722 0.9268057 0.9844167 0.9268059 0.5155642 0.8391811 0.5277786 0.8328451 0.5155619 0.8328442 0.5155619 0.8328442 0.5277782 0.8253703 0.5155615 0.8253694 0.5277782 0.8253703 0.5155634 0.8131502 0.5155615 0.8253694 0.4346997 0.9180365 0.4445188 0.9483015 0.4445189 0.9165497 0.4346998 0.9483015 0.4188604 0.9360824 0.4263756 0.9483015 0.4263756 0.9483015 0.4188604 0.9360824 0.4208136 0.9483015 0.4346998 0.9483015 0.4263756 0.9222707 0.4208134 0.9286077 0.4346997 0.9180365 0.4346998 0.9483015 0.4445188 0.9483015 0.4263756 0.9222707 0.4346998 0.9483015 0.4346997 0.9180365 0.4072145 0.8481788 0.3913751 0.8726226 0.4170334 0.8481787 0.4170334 0.8481787 0.4072144 0.8906685 0.4170334 0.8921552 0.3913751 0.8726226 0.4072144 0.8906685 0.4170334 0.8481787 0.4072144 0.8906685 0.3913751 0.8726226 0.3988903 0.8864342 0.3988903 0.8864342 0.3913751 0.8726226 0.3933281 0.8800973 0.3913751 0.8726226 0.3988903 0.8481788 0.3933281 0.8481788 0.9735484 0.6722881 0.985765 0.6821385 0.985765 0.672288 0.985765 0.6821385 0.9735484 0.6905311 0.985765 0.6905311 0.9420023 0.8452237 0.9542189 0.8388841 0.9420023 0.8388841 0.9420023 0.8388841 0.9542189 0.8314083 0.9420023 0.8314083 0.9542189 0.8314083 0.9420024 0.8191902 0.9420023 0.8314083 0.9163349 0.8387173 0.9261574 0.8084523 0.9163347 0.8069654 0.9261574 0.8084523 0.9261573 0.8387172 0.9344844 0.8126865 0.9344844 0.8126865 0.9261573 0.8387172 0.9400486 0.8190233 0.9400486 0.8190233 0.9261573 0.8387172 0.9420023 0.8264982 0.9420023 0.8264982 0.9344845 0.8387172 0.9400485 0.8387173 0.9344845 0.8387172 0.9420023 0.8264982 0.9261573 0.8387172 0.04751873 0.8118298 0.03769588 0.8133167 0.04751873 0.8558062 0.04751873 0.8558062 0.02185034 0.8313625 0.037696 0.8558062 0.02936846 0.8558062 0.02185034 0.8313625 0.02380412 0.8558062 0.04751873 0.8558062 0.03769588 0.8133167 0.02185034 0.8313625 0.037696 0.8558062 0.02185034 0.8313625 0.02936846 0.8558062 0.02936846 0.8175508 0.02185034 0.8313625 0.03769588 0.8133167 0.9836834 0.3713775 0.9714667 0.3812476 0.9836833 0.3812479 0.9836834 0.389705 0.9714667 0.3812476 0.9714668 0.3897047 0.9360376 0.9403967 0.9482561 0.9467349 0.9482541 0.940398 0.9360374 0.9329218 0.9482541 0.940398 0.948254 0.9329232 0.9360374 0.9329218 0.9482561 0.9207041 0.936041 0.9084781 0.728179 0.6618288 0.6759691 0.6843407 0.7248077 0.683479 0.6459131 0.2308681 0.6942432 0.2021351 0.6459131 0.2041887 0.5831007 0.3793004 0.641245 0.3293632 0.5671169 0.3293632 0.5666819 0.1907377 0.609883 0.147857 0.5629411 0.1422685 0.4348441 0.2310392 0.4831065 0.209356 0.4397684 0.2021351 0.707226 0.4464285 0.641245 0.3191558 0.641245 0.4464286 0.4929886 0.3192099 0.4348441 0.2692724 0.4188604 0.3192099 0.4348441 0.2692724 0.4885615 0.2310392 0.4348441 0.2310392 0.6301675 0.4400967 0.5831007 0.4175337 0.5831006 0.4442037 0.6368181 0.4175336 0.5831007 0.3793004 0.5831007 0.4175337 0.6459131 0.2691149 0.707226 0.3191557 0.7025576 0.2691149 0.6459131 0.2308681 0.7025576 0.2691149 0.7025575 0.2308681 0.7328472 0.5737153 0.6715347 0.6235805 0.728179 0.6235805 0.728179 0.6235805 0.6715347 0.6618288 0.728179 0.6618288 0.6668663 0.4464375 0.7328472 0.5737153 0.7328472 0.4464375 0.5671169 0.3293632 0.641245 0.2021351 0.5671168 0.2021352 0.4929886 0.4464375 0.4188604 0.3192099 0.4188604 0.4464375 0.1762148 0.9370814 0.1804459 0.9370814 0.1804459 0.9015657 0.04511266 0.938848 0.04088163 0.9388481 0.04088163 0.9586179 0.9077711 0.6952529 0.9077711 0.6597372 0.90354 0.6597372 0.9336315 0.9599997 0.9336315 0.94023 0.9294004 0.94023 0.7841731 0.9281638 0.8039364 0.9281638 0.8039364 0.8926481 0.9812701 0.7303456 0.9812701 0.69483 0.977039 0.69483 0.9842996 0.100982 0.9842996 0.1207517 0.9885307 0.1207517 0.9077711 0.6597372 0.9077711 0.6242215 0.90354 0.6242215 0.4109041 0.9509906 0.4151352 0.9509905 0.4151352 0.9312207 0.9557906 0.9049285 0.9557906 0.8694128 0.9360272 0.8694128 0.1762148 0.9370814 0.1804459 0.9015657 0.1762148 0.9015657 0.04511266 0.938848 0.04088163 0.9586179 0.0451126 0.9586179 0.9077711 0.6952529 0.90354 0.6597372 0.90354 0.6952529 0.9336315 0.9599997 0.9294004 0.94023 0.9294005 0.9599997 0.7841731 0.9281638 0.8039364 0.8926481 0.7841731 0.8926481 0.9812701 0.7303456 0.977039 0.69483 0.977039 0.7303456 0.9842996 0.100982 0.9885307 0.1207517 0.9885307 0.100982 0.9077711 0.6597372 0.90354 0.6242215 0.90354 0.6597372 0.4109041 0.9509906 0.4151352 0.9312207 0.4109041 0.9312207 0.9557906 0.9049285 0.9360272 0.8694128 0.9360272 0.9049285 0.3951829 0.5331426 0.2806001 0.5331425 0.280516 0.6754109 0.3951829 0.5331426 0.280516 0.6754109 0.395183 0.6754109 0.6644948 0.7057795 0.6644948 0.5887062 0.5498726 0.5887061 0.1955335 0.5391893 0.1955335 0.6660661 0.2022719 0.6660661 0.8287073 0.3444476 0.8287073 0.4457968 0.8354431 0.4457968 0.7136288 0.9947897 0.7136288 0.9739118 0.7110795 0.9947897 0.7136288 0.9739118 0.7110795 0.9739118 0.7110795 0.9947897 0.1320502 0.999719 0.1320502 0.978841 0.1293119 0.978841 0.1270478 0.999719 0.1293119 0.9997189 0.1293119 0.978841 0.9959728 0.6027862 0.9959728 0.6236642 0.9988021 0.6236642 0.6990482 0.9993574 0.7013125 0.9993575 0.7013125 0.9784796 0.6990482 0.9993574 0.6990482 0.9784795 0.69631 0.9784795 0.7085303 0.9739118 0.7085303 0.9947897 0.7110795 0.9947897 0.7597872 0.146708 0.7647576 0.1455723 0.7647576 0.1427411 0.1293119 0.9997189 0.1320502 0.999719 0.1293119 0.978841 0.1270478 0.9788411 0.1270478 0.999719 0.1293119 0.978841 0.9988021 0.6027862 0.9959728 0.6027862 0.9988021 0.6236642 0.6990482 0.9784795 0.6990482 0.9993574 0.7013125 0.9784796 0.69631 0.9993575 0.6990482 0.9993574 0.69631 0.9784795 0.7110795 0.9739118 0.7085303 0.9739118 0.7110795 0.9947897 0.7625456 0.140976 0.7597872 0.146708 0.7647576 0.1427411 0.7597872 0.146708 0.7625457 0.1473377 0.7647576 0.1455723 0.7597872 0.146708 0.7625456 0.140976 0.7585595 0.1441572 0.7625456 0.140976 0.7597872 0.1416062 0.7585595 0.1441572 0.1762148 0.8825337 0.1762148 0.8616557 0.1736655 0.8825337 0.1762148 0.8616557 0.1736655 0.8616557 0.1736655 0.8825337 0.9942861 0.01822602 0.9942861 0.03910398 0.9970244 0.03910404 0.9992885 0.0182259 0.9970244 0.01822608 0.9970244 0.03910404 0.4544913 0.9728823 0.4544913 0.9937603 0.4573207 0.9937603 0.03411972 0.9770525 0.0318554 0.9770524 0.0318554 0.9979304 0.03411972 0.9770525 0.03411972 0.9979304 0.0368579 0.9979304 0.1711163 0.8616557 0.1711162 0.8825337 0.1736655 0.8825337 0.7642361 0.4457702 0.7692066 0.4446344 0.7692066 0.4418033 0.9970244 0.01822608 0.9942861 0.01822602 0.9970244 0.03910404 0.9992885 0.03910392 0.9992885 0.0182259 0.9970244 0.03910404 0.4573207 0.9728824 0.4544913 0.9728823 0.4573207 0.9937603 0.03411972 0.9979304 0.03411972 0.9770525 0.0318554 0.9979304 0.0368579 0.9770525 0.03411972 0.9770525 0.0368579 0.9979304 0.1736655 0.8616557 0.1711163 0.8616557 0.1736655 0.8825337 0.7669945 0.4400382 0.7642361 0.4457702 0.7692066 0.4418033 0.7642361 0.4457702 0.7669945 0.4463998 0.7692066 0.4446344 0.7642361 0.4457702 0.7669945 0.4400382 0.7630085 0.4432194 0.7669945 0.4400382 0.7642362 0.4406684 0.7630085 0.4432194 0.6691465 0.973595 0.6691465 0.9944729 0.6716958 0.973595 0.6691465 0.9944729 0.6716958 0.9944729 0.6716958 0.973595 0.1109396 0.999719 0.1109396 0.9788411 0.1082013 0.978841 0.1059373 0.999719 0.1082013 0.9997189 0.1082013 0.978841 0.8039364 0.9263209 0.8039364 0.9471989 0.8067659 0.9471988 0.9965339 0.8278434 0.9987982 0.8278435 0.9987982 0.8069655 0.9965339 0.8278434 0.9965339 0.8069654 0.9937958 0.8069655 0.674245 0.9944729 0.674245 0.973595 0.6716958 0.973595 0.7473909 0.146708 0.7523614 0.1455723 0.7523614 0.1427411 0.1082013 0.9997189 0.1109396 0.999719 0.1082013 0.978841 0.1059373 0.9788411 0.1059373 0.999719 0.1082013 0.978841 0.8067659 0.9263209 0.8039364 0.9263209 0.8067659 0.9471988 0.9965339 0.8069654 0.9965339 0.8278434 0.9987982 0.8069655 0.9937958 0.8278434 0.9965339 0.8278434 0.9937958 0.8069655 0.6716958 0.9944729 0.674245 0.9944729 0.6716958 0.973595 0.7501493 0.140976 0.7473909 0.146708 0.7523614 0.1427411 0.7473909 0.146708 0.7501493 0.1473377 0.7523614 0.1455723 0.7473909 0.146708 0.7501493 0.140976 0.7461632 0.1441572 0.7501493 0.140976 0.7473909 0.1416062 0.7461632 0.1441572 0.6494558 0.9735975 0.6494558 0.9944755 0.6520051 0.9735975 0.6494558 0.9944755 0.6520051 0.9944755 0.6520051 0.9735975 0.4163873 0.9995073 0.4163873 0.9786294 0.413649 0.9786293 0.4113849 0.9995074 0.413649 0.9995072 0.413649 0.9786293 0.8914978 0.5665181 0.8914978 0.587396 0.8943272 0.587396 0.6793576 0.9993587 0.6816219 0.9993588 0.6816219 0.9784808 0.6793576 0.9993587 0.6793576 0.9784808 0.6766194 0.9784808 0.6545543 0.9944755 0.6545543 0.9735975 0.6520051 0.9735975 0.7084537 0.4457702 0.7134242 0.4446344 0.7134242 0.4418033 0.413649 0.9995072 0.4163873 0.9995073 0.413649 0.9786293 0.4113849 0.9786294 0.4113849 0.9995074 0.413649 0.9786293 0.8943272 0.566518 0.8914978 0.5665181 0.8943272 0.587396 0.6793576 0.9784808 0.6793576 0.9993587 0.6816219 0.9784808 0.6766194 0.9993587 0.6793576 0.9993587 0.6766194 0.9784808 0.6520051 0.9944755 0.6545543 0.9944755 0.6520051 0.9735975 0.7112121 0.4400382 0.7084537 0.4457702 0.7134242 0.4418033 0.7084537 0.4457702 0.7112121 0.4463999 0.7134242 0.4446344 0.7084537 0.4457702 0.7112121 0.4400382 0.707226 0.4432194 0.7112121 0.4400382 0.7084537 0.4406684 0.707226 0.4432194 0.4971114 0.9230507 0.5051057 0.9478231 0.5051057 0.9197582 0.9372316 0.1673294 0.9452255 0.1921018 0.9452255 0.1640369 0.2594968 0.9559586 0.2594965 0.9654261 0.2700517 0.9654265 0.2594965 0.9654261 0.2594965 0.9735217 0.2700517 0.973522 0.2594965 0.9735217 0.2594968 0.9790132 0.2700519 0.9790135 0.703477 0.1902694 0.6929218 0.1902694 0.6929227 0.1960818 0.7034779 0.1960818 0.6929227 0.1960818 0.6929218 0.2018942 0.9782676 0.4794929 0.9677124 0.479493 0.9677123 0.484985 0.9677123 0.484985 0.9677123 0.493081 0.9782675 0.4930807 0.9677123 0.493081 0.9677125 0.5025486 0.9782676 0.5025484 0.5051057 0.9197582 0.5145357 0.9489793 0.5145357 0.918602 0.5145357 0.9489793 0.5051057 0.9197582 0.5051057 0.9478231 0.5051057 0.9478231 0.4971114 0.9230507 0.4971114 0.9445306 0.4971114 0.9445306 0.4971114 0.9230507 0.4917698 0.9396031 0.4917698 0.9396031 0.4917697 0.9279782 0.489894 0.9337906 0.4971114 0.9230507 0.4917697 0.9279782 0.4917698 0.9396031 0.9452255 0.1640369 0.9546552 0.193258 0.9546552 0.1628807 0.9546552 0.193258 0.9452255 0.1640369 0.9452255 0.1921018 0.9452255 0.1921018 0.9372316 0.1673294 0.9372316 0.1888093 0.9372316 0.1888093 0.9372316 0.1673294 0.9318901 0.1838818 0.9318901 0.1838818 0.9318901 0.1722569 0.9300144 0.1780694 0.9372316 0.1673294 0.9318901 0.1722569 0.9318901 0.1838818 0.2594968 0.9559586 0.2700517 0.9654265 0.2700519 0.9559589 0.2594965 0.9654261 0.2700517 0.973522 0.2700517 0.9654265 0.2594965 0.9735217 0.2700519 0.9790135 0.2700517 0.973522 0.703477 0.1902694 0.6929227 0.1960818 0.7034779 0.1960818 0.7034779 0.1960818 0.6929218 0.2018942 0.703477 0.2018942 0.9782676 0.4794929 0.9677123 0.484985 0.9782674 0.4849848 0.9677123 0.484985 0.9782675 0.4930807 0.9782674 0.4849848 0.9677123 0.493081 0.9782676 0.5025484 0.9782675 0.4930807 0.9317168 0.03482586 0.9397112 0.0595982 0.9397111 0.03153342 0.5570797 0.9317086 0.5650737 0.9564809 0.5650737 0.928416 0.2294124 0.979048 0.2294126 0.9695805 0.2188575 0.9695802 0.2294126 0.9695805 0.2294126 0.9614849 0.2188575 0.9614846 0.2294126 0.9614849 0.2294124 0.9559934 0.2188572 0.9559932 0.7562574 0.1902694 0.7457022 0.1902694 0.7457031 0.1960818 0.7562583 0.1960818 0.7457031 0.1960818 0.7457022 0.2018942 0.9782676 0.5025486 0.9677124 0.5025487 0.9677123 0.5080408 0.9677123 0.5080408 0.9677123 0.5161368 0.9782674 0.5161365 0.9677123 0.5161368 0.9677125 0.5256044 0.9782676 0.5256042 0.9397111 0.03153342 0.9491412 0.06075441 0.9491412 0.0303772 0.9491412 0.06075441 0.9397111 0.03153342 0.9397112 0.0595982 0.9397112 0.0595982 0.9317168 0.03482586 0.9317169 0.0563057 0.9317169 0.0563057 0.9317168 0.03482586 0.9263752 0.05137825 0.9263752 0.05137825 0.9263751 0.03975337 0.9244995 0.04556584 0.9317168 0.03482586 0.9263751 0.03975337 0.9263752 0.05137825 0.5650737 0.928416 0.5745034 0.9576371 0.5745034 0.9272599 0.5745034 0.9576371 0.5650737 0.928416 0.5650737 0.9564809 0.5650737 0.9564809 0.5570797 0.9317086 0.5570797 0.9531885 0.5570797 0.9531885 0.5570797 0.9317086 0.5517382 0.948261 0.5517382 0.948261 0.5517382 0.936636 0.5498626 0.9424486 0.5570797 0.9317086 0.5517382 0.936636 0.5517382 0.948261 0.2294124 0.979048 0.2188575 0.9695802 0.2188573 0.9790478 0.2294126 0.9695805 0.2188575 0.9614846 0.2188575 0.9695802 0.2294126 0.9614849 0.2188572 0.9559932 0.2188575 0.9614846 0.7562574 0.1902694 0.7457031 0.1960818 0.7562583 0.1960818 0.7562583 0.1960818 0.7457022 0.2018942 0.7562574 0.2018942 0.9782676 0.5025486 0.9677123 0.5080408 0.9782674 0.5080406 0.9677123 0.5080408 0.9782674 0.5161365 0.9782674 0.5080406 0.9677123 0.5161368 0.9782676 0.5256042 0.9782674 0.5161365 0.9235521 0.8431659 0.9315464 0.8679383 0.9315464 0.8398734 0.1306267 0.9298566 0.1386207 0.954629 0.1386207 0.926564 0.5163239 0.9571368 0.5163238 0.9666042 0.5268789 0.9666045 0.5163238 0.9666042 0.5163238 0.9746999 0.5268789 0.9747002 0.5163238 0.9746999 0.516324 0.9801914 0.5268791 0.9801917 0.7140349 0.2018942 0.7245901 0.2018942 0.7245892 0.1960818 0.714034 0.1960818 0.7245892 0.1960818 0.7245901 0.1902694 0.9782676 0.5256044 0.9677125 0.5256044 0.9677124 0.5310965 0.9677124 0.5310965 0.9677123 0.5391924 0.9782674 0.5391923 0.9677123 0.5391924 0.9677125 0.54866 0.9782676 0.5486599 0.9315464 0.8398734 0.9409765 0.8690946 0.9409765 0.8387173 0.9409765 0.8690946 0.9315464 0.8398734 0.9315464 0.8679383 0.9315464 0.8679383 0.9235521 0.8431659 0.9235522 0.8646458 0.9235522 0.8646458 0.9235521 0.8431659 0.9182105 0.8597184 0.9182105 0.8597184 0.9182104 0.8480935 0.9163347 0.8539059 0.9235521 0.8431659 0.9182104 0.8480935 0.9182105 0.8597184 0.1386207 0.926564 0.1480503 0.9557852 0.1480503 0.9254079 0.1480503 0.9557852 0.1386207 0.926564 0.1386207 0.954629 0.1386207 0.954629 0.1306267 0.9298566 0.1306267 0.9513365 0.1306267 0.9513365 0.1306267 0.9298566 0.1252852 0.9464089 0.1252852 0.9464089 0.1252852 0.9347841 0.1234096 0.9405965 0.1306267 0.9298566 0.1252852 0.9347841 0.1252852 0.9464089 0.5163239 0.9571368 0.5268789 0.9666045 0.5268791 0.957137 0.5163238 0.9666042 0.5268789 0.9747002 0.5268789 0.9666045 0.5163238 0.9746999 0.5268791 0.9801917 0.5268789 0.9747002 0.7140349 0.2018942 0.7245892 0.1960818 0.714034 0.1960818 0.714034 0.1960818 0.7245901 0.1902694 0.7140349 0.1902694 0.9782676 0.5256044 0.9677124 0.5310965 0.9782675 0.5310963 0.9677124 0.5310965 0.9782674 0.5391923 0.9782675 0.5310963 0.9677123 0.5391924 0.9782676 0.5486599 0.9782674 0.5391923 0.5238559 0.1345728 0.523856 0.007695913 0.5159993 1.98776e-7 0.6251363 0.007695674 0.6251363 0.1345726 0.6329929 0.1422684 0.5238559 0.1345728 0.5159993 0.1422685 0.6329929 0.1422684 0.6251363 0.007695674 0.6329929 0 0.5159993 1.98776e-7 0.280516 0.6754111 0.280516 0.8022879 0.3817963 0.8022878 0.2725794 0.5465259 0.2725794 0.6734027 0.2793176 0.6734027 0.3817963 0.9190286 0.3885321 0.9190286 0.3885321 0.8176794 0.712089 0.7057794 0.6372355 0.7058237 0.6372355 0.8480922 0.8825222 0.7309743 0.8076978 0.7309741 0.8076978 0.8694127 0.9228848 0.4392889 0.9228848 0.3222156 0.8480606 0.3222156 0.4937111 0.731481 0.4188604 0.731481 0.4188604 0.8737494 0.9381169 0.2932669 0.9381169 0.3194158 0.9475432 0.2932669 0.9235492 0.735917 0.9315404 0.7689698 0.9315404 0.7322587 0.9795567 0.1446948 0.970057 0.1446947 0.970057 0.1541489 0.9795567 0.1622003 0.9795566 0.1541491 0.970057 0.1541489 0.9772119 0.4519152 0.9772119 0.4464375 0.9677123 0.4464375 0.9772119 0.4519152 0.9677123 0.4519152 0.9677123 0.4583744 0.9772119 0.4583743 0.9677123 0.4583744 0.9677124 0.4689307 0.2297811 0.66374 0.2369982 0.6732416 0.2316567 0.6579275 0.3089849 0.1806923 0.3017675 0.1699523 0.2937732 0.1996996 0.344134 0.9527459 0.3441342 0.9622135 0.3546894 0.9622133 0.3546894 0.9622133 0.3441342 0.9622135 0.3441342 0.9703094 0.3546893 0.9703093 0.3441342 0.9703094 0.344134 0.9758015 0.6023755 0.9717955 0.6129307 0.9717955 0.6129316 0.9659829 0.6129316 0.9659829 0.6129307 0.9469755 0.6023756 0.9564813 0.9475432 0.2932669 0.9381169 0.3194158 0.9475432 0.3207004 0.9381169 0.3194158 0.9381169 0.2932669 0.9301257 0.3157575 0.9301257 0.3157575 0.9301257 0.2932669 0.9247861 0.3102825 0.9381169 0.2932669 0.9301257 0.2932669 0.9301257 0.3157575 0.9247861 0.3102825 0.9301257 0.2932669 0.9229112 0.3038242 0.9229112 0.3038242 0.9301257 0.2932669 0.9247862 0.2932669 0.9409667 0.7309741 0.9315404 0.7322587 0.9409667 0.7689698 0.9409667 0.7689698 0.9315404 0.7322587 0.9315404 0.7689698 0.9315404 0.7689698 0.9163347 0.7478503 0.9235493 0.7689697 0.9235493 0.7689697 0.9163347 0.7478503 0.9182096 0.7689697 0.9315404 0.7689698 0.9235492 0.735917 0.9163347 0.7478503 0.9163347 0.7478503 0.9235492 0.735917 0.9182096 0.7413921 0.9795567 0.1446948 0.970057 0.1541489 0.9795566 0.1541491 0.9795567 0.1622003 0.970057 0.1541489 0.970057 0.1622003 0.9772119 0.4519152 0.9677123 0.4464375 0.9677123 0.4519152 0.9772119 0.4519152 0.9677123 0.4583744 0.9772119 0.4583743 0.9772119 0.4583743 0.9677124 0.4689307 0.9772119 0.4794929 0.2449921 0.6497076 0.2544218 0.6732416 0.2544218 0.6485515 0.2449921 0.6497076 0.2449921 0.6732416 0.2544218 0.6732416 0.2316567 0.6579275 0.2369982 0.6732416 0.2369982 0.6530001 0.2369982 0.6530001 0.2449921 0.6732416 0.2449921 0.6497076 0.2369982 0.6732416 0.2449921 0.6732416 0.2369982 0.6530001 0.2316568 0.6732416 0.2369982 0.6732416 0.2297811 0.66374 0.2937732 0.1996996 0.2937732 0.1666598 0.2843432 0.1996996 0.2843432 0.1996996 0.2937732 0.1666598 0.2843432 0.1655037 0.2937732 0.1666598 0.2937732 0.1996996 0.3017675 0.1699523 0.3017675 0.1699523 0.3089849 0.1806923 0.3071092 0.1748797 0.3089849 0.1806923 0.3017675 0.1996996 0.3071092 0.1996996 0.3017675 0.1996996 0.3089849 0.1806923 0.2937732 0.1996996 0.344134 0.9527459 0.3546894 0.9622133 0.3546892 0.9527456 0.3546894 0.9622133 0.3441342 0.9703094 0.3546893 0.9703093 0.3546893 0.9703093 0.344134 0.9758015 0.3546893 0.9758013 0.6023755 0.9717955 0.6129316 0.9659829 0.6023764 0.9659829 0.6129316 0.9659829 0.6023756 0.9564813 0.6023764 0.9659829 0.3654733 0.1704465 0.3734645 0.1979715 0.3734645 0.1667883 0.4719928 0.1667883 0.4719929 0.1979715 0.4814191 0.1655037 0.9842997 0.07020515 0.9842997 0.06075447 0.9748001 0.06075441 0.9842997 0.0782454 0.9842997 0.07020515 0.9748 0.07020515 0.3817963 0.9374228 0.3817963 0.9428953 0.3912959 0.9428952 0.3817963 0.9309656 0.3817963 0.9374228 0.3912959 0.9374228 0.3817963 0.9245063 0.3817963 0.9309656 0.3912959 0.9309655 0.3817963 0.9190286 0.3817963 0.9245063 0.3912959 0.9245063 0.8993422 0.9732241 0.8993422 0.9812754 0.9088419 0.9812754 0.8993423 0.9637698 0.8993422 0.9732241 0.9088419 0.9732241 0.4147375 0.1704465 0.4227287 0.1979715 0.4227287 0.1667882 0.2083945 0.9057407 0.2083945 0.9369239 0.2178208 0.904456 0.9842997 0.08769607 0.9842997 0.0782454 0.9748 0.0782454 0.9842997 0.09573632 0.9842997 0.08769607 0.9748 0.08769607 0.2700519 0.9743527 0.2700519 0.9798252 0.2795515 0.9798252 0.2700519 0.9678955 0.2700519 0.9743527 0.2795515 0.9743527 0.2700519 0.9614363 0.2700519 0.9678955 0.2795515 0.9678955 0.2700519 0.9559586 0.2700519 0.9614363 0.2795515 0.9614363 0.8757191 0.9732488 0.8757191 0.9813002 0.8852187 0.9813002 0.8757191 0.9637947 0.8757191 0.9732488 0.8852187 0.9732489 0.3828908 0.1655037 0.3734645 0.1667883 0.3828908 0.1992562 0.3828908 0.1992562 0.3734645 0.1667883 0.3734645 0.1979715 0.3734645 0.1979715 0.3654733 0.1704465 0.3654732 0.1943132 0.3654732 0.1943132 0.3601337 0.1759216 0.3601337 0.1888381 0.3601337 0.1888381 0.3601337 0.1759216 0.3582587 0.1823799 0.3601337 0.1759216 0.3654732 0.1943132 0.3654733 0.1704465 0.4814191 0.1655037 0.4719929 0.1979715 0.4814191 0.1992562 0.4719929 0.1979715 0.4640016 0.1704466 0.4640017 0.1943133 0.4640017 0.1943133 0.4586621 0.1759217 0.4586621 0.1888382 0.4586621 0.1888382 0.4586621 0.1759217 0.4567871 0.1823799 0.4586621 0.1759217 0.4640017 0.1943133 0.4640016 0.1704466 0.4640016 0.1704466 0.4719929 0.1979715 0.4719928 0.1667883 0.9842997 0.07020515 0.9748001 0.06075441 0.9748 0.07020515 0.9842997 0.0782454 0.9748 0.07020515 0.9748001 0.0782454 0.3817963 0.9374228 0.3912959 0.9428952 0.3912959 0.9374228 0.3817963 0.9309656 0.3912959 0.9374228 0.3912959 0.9309655 0.3817963 0.9245063 0.3912959 0.9309655 0.3912959 0.9245063 0.3817963 0.9190286 0.3912959 0.9245063 0.3912959 0.9190286 0.8993422 0.9732241 0.9088419 0.9812754 0.9088419 0.9732241 0.8993423 0.9637698 0.9088419 0.9732241 0.9088419 0.9637699 0.432155 0.1655037 0.4227287 0.1667882 0.432155 0.1992561 0.432155 0.1992561 0.4227287 0.1667882 0.4227287 0.1979715 0.4227287 0.1979715 0.4147375 0.1704465 0.4147375 0.1943131 0.4147375 0.1943131 0.4093979 0.1759216 0.4093979 0.1888381 0.4093979 0.1888381 0.4093979 0.1759216 0.4075229 0.1823799 0.4093979 0.1759216 0.4147375 0.1943131 0.4147375 0.1704465 0.2178208 0.904456 0.2083945 0.9369239 0.2178208 0.9382085 0.2083945 0.9369239 0.2004033 0.909399 0.2004033 0.9332656 0.2004033 0.9332656 0.1950638 0.914874 0.1950638 0.9277905 0.1950638 0.9277905 0.1950638 0.914874 0.1931887 0.9213322 0.1950638 0.914874 0.2004033 0.9332656 0.2004033 0.909399 0.2004033 0.909399 0.2083945 0.9369239 0.2083945 0.9057407 0.9842997 0.08769607 0.9748 0.0782454 0.9748 0.08769607 0.9842997 0.09573632 0.9748 0.08769607 0.9748001 0.09573626 0.2700519 0.9743527 0.2795515 0.9798252 0.2795515 0.9743527 0.2700519 0.9678955 0.2795515 0.9743527 0.2795515 0.9678955 0.2700519 0.9614363 0.2795515 0.9678955 0.2795515 0.9614363 0.2700519 0.9559586 0.2795515 0.9614363 0.2795515 0.9559586 0.8757191 0.9732488 0.8852187 0.9813002 0.8852187 0.9732489 0.8757191 0.9637947 0.8852187 0.9732489 0.8852187 0.9637947 0.6644948 0.7057795 0.5498726 0.5887061 0.5498726 0.7057794 0.1955335 0.5391893 0.2022719 0.6660661 0.2022719 0.5391893 0.8287073 0.3444476 0.8354431 0.4457968 0.8354431 0.3444476 0.5238559 0.1345728 0.5159993 1.98776e-7 0.5159993 0.1422685 0.6251363 0.007695674 0.6329929 0.1422684 0.6329929 0 0.5238559 0.1345728 0.6329929 0.1422684 0.6251363 0.1345726 0.6251363 0.007695674 0.5159993 1.98776e-7 0.523856 0.007695913 0.280516 0.6754111 0.3817963 0.8022878 0.3817963 0.6754109 0.2725794 0.5465259 0.2793176 0.6734027 0.2793176 0.5465259 0.3817963 0.9190286 0.3885321 0.8176794 0.3817963 0.8176794 0.712089 0.7057794 0.6372355 0.8480922 0.712089 0.8480479 0.8825222 0.7309743 0.8076978 0.8694127 0.8825222 0.8694128 0.9228848 0.4392889 0.8480606 0.3222156 0.8480606 0.4392889 0.4937111 0.731481 0.4188604 0.8737494 0.4937111 0.8737494 0.6372355 0.8480922 0.712089 0.8480479 0.6372355 0.8480922 0.6329929 0 0.5159993 1.98776e-7 0.6329929 0 0.3951829 0.5331426 0.2806001 0.5331425 0.3951829 0.5331426 0 0 0 0 0 0 0 0 0 0 0 0 0 0 0 0 0 0 0 0 0.6329929 0 0.6329929 0 0.3654733 0.1704465 0.3734645 0.1979715 0.3734645 0.1667883 0.4719928 0.1667883 0.4719929 0.1979715 0.4814191 0.1655037 0.9842997 0.07020515 0.9842997 0.06075447 0.9748001 0.06075441 0.9842997 0.0782454 0.9842997 0.07020515 0.9748 0.07020515 0.3817963 0.9374228 0.3817963 0.9428953 0.3912959 0.9428952 0.3817963 0.9309656 0.3817963 0.9374228 0.3912959 0.9374228 0.3817963 0.9245063 0.3817963 0.9309656 0.3912959 0.9309655 0.3817963 0.9190286 0.3817963 0.9245063 0.3912959 0.9245063 0.8993422 0.9732241 0.8993422 0.9812754 0.9088419 0.9812754 0.8993423 0.9637698 0.8993422 0.9732241 0.9088419 0.9732241 0.3828908 0.1655037 0.3734645 0.1667883 0.3828908 0.1992562 0.3828908 0.1992562 0.3734645 0.1667883 0.3734645 0.1979715 0.3734645 0.1979715 0.3654733 0.1704465 0.3654732 0.1943132 0.3654732 0.1943132 0.3601337 0.1759216 0.3601337 0.1888381 0.3601337 0.1888381 0.3601337 0.1759216 0.3582587 0.1823799 0.3601337 0.1759216 0.3654732 0.1943132 0.3654733 0.1704465 0.4814191 0.1655037 0.4719929 0.1979715 0.4814191 0.1992562 0.4719929 0.1979715 0.4640016 0.1704466 0.4640017 0.1943133 0.4640017 0.1943133 0.4586621 0.1759217 0.4586621 0.1888382 0.4586621 0.1888382 0.4586621 0.1759217 0.4567871 0.1823799 0.4586621 0.1759217 0.4640017 0.1943133 0.4640016 0.1704466 0.4640016 0.1704466 0.4719929 0.1979715 0.4719928 0.1667883 0.9842997 0.07020515 0.9748001 0.06075441 0.9748 0.07020515 0.9842997 0.0782454 0.9748 0.07020515 0.9748001 0.0782454 0.3817963 0.9374228 0.3912959 0.9428952 0.3912959 0.9374228 0.3817963 0.9309656 0.3912959 0.9374228 0.3912959 0.9309655 0.3817963 0.9245063 0.3912959 0.9309655 0.3912959 0.9245063 0.3817963 0.9190286 0.3912959 0.9245063 0.3912959 0.9190286 0.8993422 0.9732241 0.9088419 0.9812754 0.9088419 0.9732241 0.8993423 0.9637698 0.9088419 0.9732241 0.9088419 0.9637699 0.3654733 0.1704465 0.3734645 0.1979715 0.3734645 0.1667883 0.4719928 0.1667883 0.4719929 0.1979715 0.4814191 0.1655037 0.9842997 0.07020515 0.9842997 0.06075447 0.9748001 0.06075441 0.9842997 0.0782454 0.9842997 0.07020515 0.9748 0.07020515 0.3817963 0.9374228 0.3817963 0.9428953 0.3912959 0.9428952 0.3817963 0.9309656 0.3817963 0.9374228 0.3912959 0.9374228 0.3817963 0.9245063 0.3817963 0.9309656 0.3912959 0.9309655 0.3817963 0.9190286 0.3817963 0.9245063 0.3912959 0.9245063 0.8993422 0.9732241 0.8993422 0.9812754 0.9088419 0.9812754 0.8993423 0.9637698 0.8993422 0.9732241 0.9088419 0.9732241 0.3828908 0.1655037 0.3734645 0.1667883 0.3828908 0.1992562 0.3828908 0.1992562 0.3734645 0.1667883 0.3734645 0.1979715 0.3734645 0.1979715 0.3654733 0.1704465 0.3654732 0.1943132 0.3654732 0.1943132 0.3601337 0.1759216 0.3601337 0.1888381 0.3601337 0.1888381 0.3601337 0.1759216 0.3582587 0.1823799 0.3601337 0.1759216 0.3654732 0.1943132 0.3654733 0.1704465 0.4814191 0.1655037 0.4719929 0.1979715 0.4814191 0.1992562 0.4719929 0.1979715 0.4640016 0.1704466 0.4640017 0.1943133 0.4640017 0.1943133 0.4586621 0.1759217 0.4586621 0.1888382 0.4586621 0.1888382 0.4586621 0.1759217 0.4567871 0.1823799 0.4586621 0.1759217 0.4640017 0.1943133 0.4640016 0.1704466 0.4640016 0.1704466 0.4719929 0.1979715 0.4719928 0.1667883 0.9842997 0.07020515 0.9748001 0.06075441 0.9748 0.07020515 0.9842997 0.0782454 0.9748 0.07020515 0.9748001 0.0782454 0.3817963 0.9374228 0.3912959 0.9428952 0.3912959 0.9374228 0.3817963 0.9309656 0.3912959 0.9374228 0.3912959 0.9309655 0.3817963 0.9245063 0.3912959 0.9309655 0.3912959 0.9245063 0.3817963 0.9190286 0.3912959 0.9245063 0.3912959 0.9190286 0.8993422 0.9732241 0.9088419 0.9812754 0.9088419 0.9732241 0.8993423 0.9637698 0.9088419 0.9732241 0.9088419 0.9637699 0.3654733 0.1704465 0.3734645 0.1979715 0.3734645 0.1667883 0.4719928 0.1667883 0.4719929 0.1979715 0.4814191 0.1655037 0.9842997 0.07020515 0.9842997 0.06075447 0.9748001 0.06075441 0.9842997 0.0782454 0.9842997 0.07020515 0.9748 0.07020515 0.3817963 0.9374228 0.3817963 0.9428953 0.3912959 0.9428952 0.3817963 0.9309656 0.3817963 0.9374228 0.3912959 0.9374228 0.3817963 0.9245063 0.3817963 0.9309656 0.3912959 0.9309655 0.3817963 0.9190286 0.3817963 0.9245063 0.3912959 0.9245063 0.8993422 0.9732241 0.8993422 0.9812754 0.9088419 0.9812754 0.8993423 0.9637698 0.8993422 0.9732241 0.9088419 0.9732241 0.3828908 0.1655037 0.3734645 0.1667883 0.3828908 0.1992562 0.3828908 0.1992562 0.3734645 0.1667883 0.3734645 0.1979715 0.3734645 0.1979715 0.3654733 0.1704465 0.3654732 0.1943132 0.3654732 0.1943132 0.3601337 0.1759216 0.3601337 0.1888381 0.3601337 0.1888381 0.3601337 0.1759216 0.3582587 0.1823799 0.3601337 0.1759216 0.3654732 0.1943132 0.3654733 0.1704465 0.4814191 0.1655037 0.4719929 0.1979715 0.4814191 0.1992562 0.4719929 0.1979715 0.4640016 0.1704466 0.4640017 0.1943133 0.4640017 0.1943133 0.4586621 0.1759217 0.4586621 0.1888382 0.4586621 0.1888382 0.4586621 0.1759217 0.4567871 0.1823799 0.4586621 0.1759217 0.4640017 0.1943133 0.4640016 0.1704466 0.4640016 0.1704466 0.4719929 0.1979715 0.4719928 0.1667883 0.9842997 0.07020515 0.9748001 0.06075441 0.9748 0.07020515 0.9842997 0.0782454 0.9748 0.07020515 0.9748001 0.0782454 0.3817963 0.9374228 0.3912959 0.9428952 0.3912959 0.9374228 0.3817963 0.9309656 0.3912959 0.9374228 0.3912959 0.9309655 0.3817963 0.9245063 0.3912959 0.9309655 0.3912959 0.9245063 0.3817963 0.9190286 0.3912959 0.9245063 0.3912959 0.9190286 0.8993422 0.9732241 0.9088419 0.9812754 0.9088419 0.9732241 0.8993423 0.9637698 0.9088419 0.9732241 0.9088419 0.9637699 0.3654733 0.1704465 0.3734645 0.1979715 0.3734645 0.1667883 0.4719928 0.1667883 0.4719929 0.1979715 0.4814191 0.1655037 0.9842997 0.07020515 0.9842997 0.06075447 0.9748001 0.06075441 0.9842997 0.0782454 0.9842997 0.07020515 0.9748 0.07020515 0.3817963 0.9374228 0.3817963 0.9428953 0.3912959 0.9428952 0.3817963 0.9309656 0.3817963 0.9374228 0.3912959 0.9374228 0.3817963 0.9245063 0.3817963 0.9309656 0.3912959 0.9309655 0.3817963 0.9190286 0.3817963 0.9245063 0.3912959 0.9245063 0.8993422 0.9732241 0.8993422 0.9812754 0.9088419 0.9812754 0.8993423 0.9637698 0.8993422 0.9732241 0.9088419 0.9732241 0.3828908 0.1655037 0.3734645 0.1667883 0.3828908 0.1992562 0.3828908 0.1992562 0.3734645 0.1667883 0.3734645 0.1979715 0.3734645 0.1979715 0.3654733 0.1704465 0.3654732 0.1943132 0.3654732 0.1943132 0.3601337 0.1759216 0.3601337 0.1888381 0.3601337 0.1888381 0.3601337 0.1759216 0.3582587 0.1823799 0.3601337 0.1759216 0.3654732 0.1943132 0.3654733 0.1704465 0.4814191 0.1655037 0.4719929 0.1979715 0.4814191 0.1992562 0.4719929 0.1979715 0.4640016 0.1704466 0.4640017 0.1943133 0.4640017 0.1943133 0.4586621 0.1759217 0.4586621 0.1888382 0.4586621 0.1888382 0.4586621 0.1759217 0.4567871 0.1823799 0.4586621 0.1759217 0.4640017 0.1943133 0.4640016 0.1704466 0.4640016 0.1704466 0.4719929 0.1979715 0.4719928 0.1667883 0.9842997 0.07020515 0.9748001 0.06075441 0.9748 0.07020515 0.9842997 0.0782454 0.9748 0.07020515 0.9748001 0.0782454 0.3817963 0.9374228 0.3912959 0.9428952 0.3912959 0.9374228 0.3817963 0.9309656 0.3912959 0.9374228 0.3912959 0.9309655 0.3817963 0.9245063 0.3912959 0.9309655 0.3912959 0.9245063 0.3817963 0.9190286 0.3912959 0.9245063 0.3912959 0.9190286 0.8993422 0.9732241 0.9088419 0.9812754 0.9088419 0.9732241 0.8993423 0.9637698 0.9088419 0.9732241 0.9088419 0.9637699 0.9235521 0.8431659 0.9315464 0.8679383 0.9315464 0.8398734 0.1306267 0.9298566 0.1386207 0.954629 0.1386207 0.926564 0.5163239 0.9571368 0.5163238 0.9666042 0.5268789 0.9666045 0.5163238 0.9666042 0.5163238 0.9746999 0.5268789 0.9747002 0.5163238 0.9746999 0.516324 0.9801914 0.5268791 0.9801917 0.7140349 0.2018942 0.7245901 0.2018942 0.7245892 0.1960818 0.714034 0.1960818 0.7245892 0.1960818 0.7245901 0.1902694 0.9782676 0.5256044 0.9677125 0.5256044 0.9677124 0.5310965 0.9677124 0.5310965 0.9677123 0.5391924 0.9782674 0.5391923 0.9677123 0.5391924 0.9677125 0.54866 0.9782676 0.5486599 0.9315464 0.8398734 0.9409765 0.8690946 0.9409765 0.8387173 0.9409765 0.8690946 0.9315464 0.8398734 0.9315464 0.8679383 0.9315464 0.8679383 0.9235521 0.8431659 0.9235522 0.8646458 0.9235522 0.8646458 0.9235521 0.8431659 0.9182105 0.8597184 0.9182105 0.8597184 0.9182104 0.8480935 0.9163347 0.8539059 0.9235521 0.8431659 0.9182104 0.8480935 0.9182105 0.8597184 0.1386207 0.926564 0.1480503 0.9557852 0.1480503 0.9254079 0.1480503 0.9557852 0.1386207 0.926564 0.1386207 0.954629 0.1386207 0.954629 0.1306267 0.9298566 0.1306267 0.9513365 0.1306267 0.9513365 0.1306267 0.9298566 0.1252852 0.9464089 0.1252852 0.9464089 0.1252852 0.9347841 0.1234096 0.9405965 0.1306267 0.9298566 0.1252852 0.9347841 0.1252852 0.9464089 0.5163239 0.9571368 0.5268789 0.9666045 0.5268791 0.957137 0.5163238 0.9666042 0.5268789 0.9747002 0.5268789 0.9666045 0.5163238 0.9746999 0.5268791 0.9801917 0.5268789 0.9747002 0.7140349 0.2018942 0.7245892 0.1960818 0.714034 0.1960818 0.714034 0.1960818 0.7245901 0.1902694 0.7140349 0.1902694 0.9782676 0.5256044 0.9677124 0.5310965 0.9782675 0.5310963 0.9677124 0.5310965 0.9782674 0.5391923 0.9782675 0.5310963 0.9677123 0.5391924 0.9782676 0.5486599 0.9782674 0.5391923 0.9235521 0.8431659 0.9315464 0.8679383 0.9315464 0.8398734 0.1306267 0.9298566 0.1386207 0.954629 0.1386207 0.926564 0.5163239 0.9571368 0.5163238 0.9666042 0.5268789 0.9666045 0.5163238 0.9666042 0.5163238 0.9746999 0.5268789 0.9747002 0.5163238 0.9746999 0.516324 0.9801914 0.5268791 0.9801917 0.7140349 0.2018942 0.7245901 0.2018942 0.7245892 0.1960818 0.714034 0.1960818 0.7245892 0.1960818 0.7245901 0.1902694 0.9782676 0.5256044 0.9677125 0.5256044 0.9677124 0.5310965 0.9677124 0.5310965 0.9677123 0.5391924 0.9782674 0.5391923 0.9677123 0.5391924 0.9677125 0.54866 0.9782676 0.5486599 0.9315464 0.8398734 0.9409765 0.8690946 0.9409765 0.8387173 0.9409765 0.8690946 0.9315464 0.8398734 0.9315464 0.8679383 0.9315464 0.8679383 0.9235521 0.8431659 0.9235522 0.8646458 0.9235522 0.8646458 0.9235521 0.8431659 0.9182105 0.8597184 0.9182105 0.8597184 0.9182104 0.8480935 0.9163347 0.8539059 0.9235521 0.8431659 0.9182104 0.8480935 0.9182105 0.8597184 0.1386207 0.926564 0.1480503 0.9557852 0.1480503 0.9254079 0.1480503 0.9557852 0.1386207 0.926564 0.1386207 0.954629 0.1386207 0.954629 0.1306267 0.9298566 0.1306267 0.9513365 0.1306267 0.9513365 0.1306267 0.9298566 0.1252852 0.9464089 0.1252852 0.9464089 0.1252852 0.9347841 0.1234096 0.9405965 0.1306267 0.9298566 0.1252852 0.9347841 0.1252852 0.9464089 0.5163239 0.9571368 0.5268789 0.9666045 0.5268791 0.957137 0.5163238 0.9666042 0.5268789 0.9747002 0.5268789 0.9666045 0.5163238 0.9746999 0.5268791 0.9801917 0.5268789 0.9747002 0.7140349 0.2018942 0.7245892 0.1960818 0.714034 0.1960818 0.714034 0.1960818 0.7245901 0.1902694 0.7140349 0.1902694 0.9782676 0.5256044 0.9677124 0.5310965 0.9782675 0.5310963 0.9677124 0.5310965 0.9782674 0.5391923 0.9782675 0.5310963 0.9677123 0.5391924 0.9782676 0.5486599 0.9782674 0.5391923 0.8349776 0.1384385 0.8349776 0 0.8349776 0 0.8349776 0.1384385 0.8349776 0 0.8349776 0 0 0 0 0 0 0 0 0 0 0 0 0 0 0 0 0 0 0 0 0 0 0 0 0 0 0 0 0 0 0 0 0 0 0 0 0 0 0 0 0 0 0 0 0 0 0 0 0 0 0 0 0 0 0 0 0 0 0 0 0 0 0 0 0 0 0 0 0 0 0 0 0 0 0 0 0 0 0 0 0 0 0 0 0 0 0 0 0 0 0 0 0 0 0 0 0 0 0 0 0 0 0 0 0 0 0 0 0 0 0 0 0 0 0 0 0 0 0 0 0 0 0 0 0 0 0 0 0 0 0 0 0 0 0 0 0 0 0 0 0 0 0 0 0 0 0 0 0 0 0 0 0 0 0 0 0 0 0 0 0 0 0 0 0 0 0 0 0 0 0 0 0 0 0 0 0 0 0 0 0 0 0 0 0 0 0 0 0 0 0 0 0 0 0 0 0 0 0 0 0 0 0 0 0 0 0 0 0 0 0 0.9235521 0.8431659 0.9315464 0.8679383 0.9315464 0.8398734 0.1306267 0.9298566 0.1386207 0.954629 0.1386207 0.926564 0.5163239 0.9571368 0.5163238 0.9666042 0.5268789 0.9666045 0.5163238 0.9666042 0.5163238 0.9746999 0.5268789 0.9747002 0.5163238 0.9746999 0.516324 0.9801914 0.5268791 0.9801917 0.7140349 0.2018942 0.7245901 0.2018942 0.7245892 0.1960818 0.714034 0.1960818 0.7245892 0.1960818 0.7245901 0.1902694 0.9782676 0.5256044 0.9677125 0.5256044 0.9677124 0.5310965 0.9677124 0.5310965 0.9677123 0.5391924 0.9782674 0.5391923 0.9677123 0.5391924 0.9677125 0.54866 0.9782676 0.5486599 0.9315464 0.8398734 0.9409765 0.8690946 0.9409765 0.8387173 0.9409765 0.8690946 0.9315464 0.8398734 0.9315464 0.8679383 0.9315464 0.8679383 0.9235521 0.8431659 0.9235522 0.8646458 0.9235522 0.8646458 0.9235521 0.8431659 0.9182105 0.8597184 0.9182105 0.8597184 0.9182104 0.8480935 0.9163347 0.8539059 0.9235521 0.8431659 0.9182104 0.8480935 0.9182105 0.8597184 0.1386207 0.926564 0.1480503 0.9557852 0.1480503 0.9254079 0.1480503 0.9557852 0.1386207 0.926564 0.1386207 0.954629 0.1386207 0.954629 0.1306267 0.9298566 0.1306267 0.9513365 0.1306267 0.9513365 0.1306267 0.9298566 0.1252852 0.9464089 0.1252852 0.9464089 0.1252852 0.9347841 0.1234096 0.9405965 0.1306267 0.9298566 0.1252852 0.9347841 0.1252852 0.9464089 0.5163239 0.9571368 0.5268789 0.9666045 0.5268791 0.957137 0.5163238 0.9666042 0.5268789 0.9747002 0.5268789 0.9666045 0.5163238 0.9746999 0.5268791 0.9801917 0.5268789 0.9747002 0.7140349 0.2018942 0.7245892 0.1960818 0.714034 0.1960818 0.714034 0.1960818 0.7245901 0.1902694 0.7140349 0.1902694 0.9782676 0.5256044 0.9677124 0.5310965 0.9782675 0.5310963 0.9677124 0.5310965 0.9782674 0.5391923 0.9782675 0.5310963 0.9677123 0.5391924 0.9782676 0.5486599 0.9782674 0.5391923 0.9235521 0.8431659 0.9315464 0.8679383 0.9315464 0.8398734 0.1306267 0.9298566 0.1386207 0.954629 0.1386207 0.926564 0.5163239 0.9571368 0.5163238 0.9666042 0.5268789 0.9666045 0.5163238 0.9666042 0.5163238 0.9746999 0.5268789 0.9747002 0.5163238 0.9746999 0.516324 0.9801914 0.5268791 0.9801917 0.7140349 0.2018942 0.7245901 0.2018942 0.7245892 0.1960818 0.714034 0.1960818 0.7245892 0.1960818 0.7245901 0.1902694 0.9782676 0.5256044 0.9677125 0.5256044 0.9677124 0.5310965 0.9677124 0.5310965 0.9677123 0.5391924 0.9782674 0.5391923 0.9677123 0.5391924 0.9677125 0.54866 0.9782676 0.5486599 0.9315464 0.8398734 0.9409765 0.8690946 0.9409765 0.8387173 0.9409765 0.8690946 0.9315464 0.8398734 0.9315464 0.8679383 0.9315464 0.8679383 0.9235521 0.8431659 0.9235522 0.8646458 0.9235522 0.8646458 0.9235521 0.8431659 0.9182105 0.8597184 0.9182105 0.8597184 0.9182104 0.8480935 0.9163347 0.8539059 0.9235521 0.8431659 0.9182104 0.8480935 0.9182105 0.8597184 0.1386207 0.926564 0.1480503 0.9557852 0.1480503 0.9254079 0.1480503 0.9557852 0.1386207 0.926564 0.1386207 0.954629 0.1386207 0.954629 0.1306267 0.9298566 0.1306267 0.9513365 0.1306267 0.9513365 0.1306267 0.9298566 0.1252852 0.9464089 0.1252852 0.9464089 0.1252852 0.9347841 0.1234096 0.9405965 0.1306267 0.9298566 0.1252852 0.9347841 0.1252852 0.9464089 0.5163239 0.9571368 0.5268789 0.9666045 0.5268791 0.957137 0.5163238 0.9666042 0.5268789 0.9747002 0.5268789 0.9666045 0.5163238 0.9746999 0.5268791 0.9801917 0.5268789 0.9747002 0.7140349 0.2018942 0.7245892 0.1960818 0.714034 0.1960818 0.714034 0.1960818 0.7245901 0.1902694 0.7140349 0.1902694 0.9782676 0.5256044 0.9677124 0.5310965 0.9782675 0.5310963 0.9677124 0.5310965 0.9782674 0.5391923 0.9782675 0.5310963 0.9677123 0.5391924 0.9782676 0.5486599 0.9782674 0.5391923 0.9235521 0.8431659 0.9315464 0.8679383 0.9315464 0.8398734 0.1306267 0.9298566 0.1386207 0.954629 0.1386207 0.926564 0.5163239 0.9571368 0.5163238 0.9666042 0.5268789 0.9666045 0.5163238 0.9666042 0.5163238 0.9746999 0.5268789 0.9747002 0.5163238 0.9746999 0.516324 0.9801914 0.5268791 0.9801917 0.7140349 0.2018942 0.7245901 0.2018942 0.7245892 0.1960818 0.714034 0.1960818 0.7245892 0.1960818 0.7245901 0.1902694 0.9782676 0.5256044 0.9677125 0.5256044 0.9677124 0.5310965 0.9677124 0.5310965 0.9677123 0.5391924 0.9782674 0.5391923 0.9677123 0.5391924 0.9677125 0.54866 0.9782676 0.5486599 0.9315464 0.8398734 0.9409765 0.8690946 0.9409765 0.8387173 0.9409765 0.8690946 0.9315464 0.8398734 0.9315464 0.8679383 0.9315464 0.8679383 0.9235521 0.8431659 0.9235522 0.8646458 0.9235522 0.8646458 0.9235521 0.8431659 0.9182105 0.8597184 0.9182105 0.8597184 0.9182104 0.8480935 0.9163347 0.8539059 0.9235521 0.8431659 0.9182104 0.8480935 0.9182105 0.8597184 0.1386207 0.926564 0.1480503 0.9557852 0.1480503 0.9254079 0.1480503 0.9557852 0.1386207 0.926564 0.1386207 0.954629 0.1386207 0.954629 0.1306267 0.9298566 0.1306267 0.9513365 0.1306267 0.9513365 0.1306267 0.9298566 0.1252852 0.9464089 0.1252852 0.9464089 0.1252852 0.9347841 0.1234096 0.9405965 0.1306267 0.9298566 0.1252852 0.9347841 0.1252852 0.9464089 0.5163239 0.9571368 0.5268789 0.9666045 0.5268791 0.957137 0.5163238 0.9666042 0.5268789 0.9747002 0.5268789 0.9666045 0.5163238 0.9746999 0.5268791 0.9801917 0.5268789 0.9747002 0.7140349 0.2018942 0.7245892 0.1960818 0.714034 0.1960818 0.714034 0.1960818 0.7245901 0.1902694 0.7140349 0.1902694 0.9782676 0.5256044 0.9677124 0.5310965 0.9782675 0.5310963 0.9677124 0.5310965 0.9782674 0.5391923 0.9782675 0.5310963 0.9677123 0.5391924 0.9782676 0.5486599 0.9782674 0.5391923 0.9606326 0.5770324 0.972356 0.6060758 0.972356 0.5770324 0.972356 0.6060758 0.9606326 0.5770324 0.9606326 0.6060758 0.771905 0.9317134 0.7836285 0.9607568 0.7836285 0.9317134 0.7836285 0.9607568 0.771905 0.9317134 0.771905 0.9607568 0.9606326 0.5770324 0.972356 0.6060758 0.972356 0.5770324 0.972356 0.6060758 0.9606326 0.5770324 0.9606326 0.6060758 0.771905 0.9317134 0.7836285 0.9607568 0.7836285 0.9317134 0.7836285 0.9607568 0.771905 0.9317134 0.771905 0.9607568 0.9606326 0.5770324 0.972356 0.6060758 0.972356 0.5770324 0.972356 0.6060758 0.9606326 0.5770324 0.9606326 0.6060758 0.771905 0.9317134 0.7836285 0.9607568 0.7836285 0.9317134 0.7836285 0.9607568 0.771905 0.9317134 0.771905 0.9607568 0 0 0 0 0 0 0.8068569 0.4138928 0.773207 0.4138927 0.773207 0.3444476 0.8068569 0.3444477 0.8068569 0.4138928 0.773207 0.3444476 0.1383444 0.3747534 0.1420091 0.3410805 0.1420091 0.3747534 0.9773597 0.8029038 0.9810245 0.7692309 0.9810245 0.8029038 0.1383444 0.3410805 0.1420091 0.271608 0.1420091 0.3410805 0.1887952 0.8050057 0.1924599 0.7355359 0.1924599 0.8050057 0.7002929 0.1865187 0.7339428 0.1170732 0.7339428 0.1865186 0.1383444 0.3747534 0.1383444 0.3410805 0.1420091 0.3410805 0.9773597 0.8029038 0.9773597 0.7692309 0.9810245 0.7692309 0.1383444 0.3410805 0.1383444 0.271608 0.1420091 0.271608 0.1887952 0.8050057 0.1887952 0.7355359 0.1924599 0.7355359 0.7002929 0.1865187 0.7002928 0.1170734 0.7339428 0.1170732 0.8068569 0.4138928 0.773207 0.3444476 0.773207 0.4138927 0.8068569 0.3444477 0.773207 0.3444476 0.8068569 0.4138928 0.1383444 0.3747534 0.1420091 0.3747534 0.1420091 0.3410805 0.9773597 0.8029038 0.9810245 0.8029038 0.9810245 0.7692309 0.1383444 0.3410805 0.1420091 0.3410805 0.1420091 0.271608 0.1887952 0.8050057 0.1924599 0.8050057 0.1924599 0.7355359 0.7002929 0.1865187 0.7339428 0.1865186 0.7339428 0.1170732 0.1383444 0.3747534 0.1420091 0.3410805 0.1383444 0.3410805 0.9773597 0.8029038 0.9810245 0.7692309 0.9773597 0.7692309 0.1383444 0.3410805 0.1420091 0.271608 0.1383444 0.271608 0.1887952 0.8050057 0.1924599 0.7355359 0.1887952 0.7355359 0.7002929 0.1865187 0.7339428 0.1170732 0.7002928 0.1170734 0.712089 0.8480479 0.712089 0.8480479 0.6372355 0.8480922 0.5159993 1.98776e-7 0.5159993 1.98776e-7 0.6329929 0 0.2806001 0.5331425 0.2806001 0.5331425 0.3951829 0.5331426 0 0 0 0 0 0 0 0 0 0 0 0 0 0 0 0 0 0 0.6329929 0 0 0 0 0 0.8349776 0.1384385 0.8349776 0 0.8349776 0 0.8349776 0.1384385 0.8349776 0 0.8349776 0 0 0 0 0 0 0 0 0 0 0 0 0 0 0 0 0 0 0 0 0 0 0 0 0 0 0 0 0 0 0 0 0 0 0 0 0 0 0 0 0 0 0 0 0 0 0 0 0 0 0 0 0 0 0 0 0 0 0 0 0 0 0 0 0 0 0 0 0 0 0 0 0 0 0 0 0 0 0 0 0 0 0 0 0 0 0 0 0 0 0 0 0 0 0 0 0 0 0 0 0 0 0 0 0 0 0 0 0 0 0 0 0 0 0 0 0 0 0 0 0 0 0 0 0 0 0 0 0 0 0 0 0 0 0 0 0 0 0 0 0 0 0 0 0 0 0 0 0 0 0 0 0 0 0 0 0 0 0 0 0 0 0 0 0 0 0 0 0 0 0 0 0 0 0 0 0 0 0 0 0 0 0 0 0 0 0 0 0 0 0 0 0 0 0 0 0 0 0 0 0 0 0 0 0 0 0 0 0 0 0 0 0 0 0 0 0 0 0 0 0 0 0 0 0 0 0 0 0 0 0 0 0 0 0 0 0 0 0 0 0 0 0 0 0 0 0 0 0 0 0 0 0 0 0 0 0 0 0 0 0 0 0 0 0 0 0 0 0 0 0 0 0 0 0 0 0 0 0 0 0 0 0 0 0 0 0 0 0 0 0 0 0 0 0 0 0 0 0 0 0 0 0 0 0 0 0 0 0 0 0 0 0 0.6372355 0.8480922 0.712089 0.8480479 0.712089 0.8480479 0.6329929 0 0.5159993 1.98776e-7 0.5159993 1.98776e-7 0.3951829 0.5331426 0.2806001 0.5331425 0.2806001 0.5331425 0 0 0 0 0 0 0 0 0 0 0 0 0 0 0 0 0 0 0 0 0 0 0.6329929 0 0.8349776 0.1384385 0.8349776 0.1384385 0.8349776 0 0.8349776 0.1384385 0.8349776 0.1384385 0.8349776 0 0 0 0 0 0 0 0 0 0 0 0 0 0 0 0 0 0 0 0 0 0 0 0 0 0 0 0 0 0 0 0 0 0 0 0 0 0 0 0 0 0 0 0 0 0 0 0 0 0 0 0 0 0 0 0 0 0 0 0 0 0 0 0 0 0 0 0 0 0 0 0 0 0 0 0 0 0 0 0 0 0 0 0 0 0 0 0 0 0 0 0 0 0 0 0 0 0 0 0 0 0 0 0 0 0 0 0 0 0 0 0 0 0 0 0 0 0 0 0 0 0 0 0 0 0 0 0 0 0 0 0 0 0 0 0 0 0 0 0 0 0 0 0 0 0 0 0 0 0 0 0 0 0 0 0 0 0 0 0 0 0 0 0 0 0 0 0 0 0 0 0 0 0 0 0 0 0 0 0 0 0 0 0 0 0 0 0 0 0 0 0 0 0 0 0 0 0 0 0 0 0 0 0 0 0 0 0 0 0 0 0 0 0 0 0 0 0 0 0 0 0 0 0 0 0 0 0 0 0 0 0 0 0 0 0 0 0 0 0 0 0 0 0 0 0 0 0 0 0 0 0 0 0 0 0 0 0 0 0 0 0 0 0 0 0 0 0 0 0 0 0 0 0 0 0 0 0 0 0 0 0 0 0 0 0 0 0 0 0 0 0 0 0 0 0 0 0 0 0 0 0 0 0 0 0 0 0 0 0 0 0 0</float_array>
          <technique_common>
            <accessor source="#Cube_015-mesh-map-1-array" count="9900" stride="2">
              <param name="S" type="float"/>
              <param name="T" type="float"/>
            </accessor>
          </technique_common>
        </source>
        <vertices id="Cube_015-mesh-vertices">
          <input semantic="POSITION" source="#Cube_015-mesh-positions"/>
        </vertices>
        <triangles material="Material_005-material" count="3300">
          <input semantic="VERTEX" source="#Cube_015-mesh-vertices" offset="0"/>
          <input semantic="NORMAL" source="#Cube_015-mesh-normals" offset="1"/>
          <input semantic="TEXCOORD" source="#Cube_015-mesh-map-0" offset="2" set="0"/>
          <input semantic="TEXCOORD" source="#Cube_015-mesh-map-1" offset="2" set="1"/>
          <p>7 0 0 3 0 1 8 0 2 3 1 3 9 1 4 8 1 5 6 2 6 10 2 7 9 2 8 10 3 9 1 3 10 7 3 11 4 4 12 7 4 13 0 4 14 7 5 15 2 5 16 0 5 17 11 6 18 14 6 19 12 6 20 16 7 21 22 7 22 18 7 23 18 8 24 21 8 25 17 8 26 15 9 27 20 9 28 16 9 29 17 10 30 19 10 31 15 10 32 21 11 33 26 11 34 25 11 35 19 12 36 24 12 37 20 12 38 21 13 39 23 13 40 19 13 41 22 14 42 24 14 43 26 14 44 27 15 45 34 15 46 40 16 47 32 17 48 33 18 49 40 16 50 31 19 51 32 17 52 39 17 53 31 19 54 38 19 55 37 20 56 29 21 57 30 20 58 37 20 59 29 21 60 36 21 61 35 22 62 27 15 63 28 23 64 35 22 65 41 24 66 44 24 67 43 24 68 48 15 69 55 15 70 61 18 71 53 17 72 54 16 73 61 18 74 52 19 75 53 17 76 60 17 77 52 19 78 59 25 79 58 20 80 50 21 81 51 20 82 58 20 83 50 21 84 57 21 85 56 26 86 48 15 87 49 23 88 56 26 89 65 27 90 64 27 91 67 27 92 69 15 93 76 15 94 82 18 95 74 17 96 75 16 97 82 18 98 73 19 99 74 17 100 81 17 101 73 19 102 80 19 103 79 20 104 71 21 105 72 20 106 79 20 107 71 21 108 78 21 109 77 26 110 69 15 111 70 23 112 77 26 113 88 28 114 86 28 115 85 28 116 90 15 117 97 15 118 103 18 119 95 17 120 96 16 121 103 18 122 94 19 123 95 17 124 102 17 125 94 19 126 101 19 127 100 20 128 92 21 129 93 20 130 100 20 131 92 21 132 99 21 133 98 26 134 90 15 135 91 23 136 98 26 137 109 29 138 107 29 139 106 29 140 117 26 141 111 15 142 118 15 143 117 26 144 124 23 145 123 21 146 115 20 147 116 21 148 123 21 149 115 20 150 122 20 151 121 19 152 113 17 153 114 19 154 121 19 155 113 17 156 120 17 157 119 16 158 112 18 159 119 16 160 118 15 161 145 23 162 138 23 163 139 15 164 138 23 165 132 15 166 139 15 167 138 23 168 145 23 169 144 21 170 136 20 171 137 21 172 144 21 173 136 20 174 143 20 175 142 19 176 134 17 177 135 19 178 142 19 179 134 17 180 141 17 181 140 16 182 133 18 183 140 16 184 139 15 185 166 23 186 159 26 187 160 15 188 159 26 189 153 15 190 160 15 191 159 26 192 166 23 193 165 21 194 157 20 195 158 21 196 165 21 197 157 20 198 164 20 199 163 19 200 155 17 201 156 19 202 163 19 203 155 17 204 162 17 205 161 16 206 154 16 207 161 16 208 160 15 209 187 23 210 180 23 211 181 15 212 180 23 213 174 15 214 181 15 215 180 23 216 187 23 217 186 21 218 178 20 219 179 21 220 186 21 221 178 20 222 185 20 223 184 19 224 176 17 225 177 19 226 184 19 227 176 17 228 183 17 229 182 18 230 175 30 231 182 18 232 181 15 233 193 31 234 191 31 235 190 31 236 201 32 237 195 15 238 202 15 239 200 33 240 201 32 241 208 32 242 199 34 243 200 33 244 207 33 245 198 35 246 199 34 247 206 34 248 197 36 249 198 35 250 205 35 251 196 37 252 197 36 253 204 36 254 195 15 255 196 37 256 203 37 257 214 7 258 212 7 259 211 7 260 222 32 261 216 15 262 223 15 263 221 33 264 222 32 265 229 32 266 220 38 267 221 33 268 228 33 269 219 39 270 220 38 271 227 38 272 218 36 273 219 39 274 226 39 275 217 40 276 218 36 277 225 36 278 216 15 279 217 40 280 224 40 281 235 7 282 233 7 283 232 7 284 243 32 285 237 15 286 244 15 287 242 33 288 243 32 289 250 32 290 241 38 291 242 33 292 249 33 293 240 39 294 241 38 295 248 38 296 239 36 297 240 39 298 247 39 299 238 37 300 239 36 301 246 36 302 237 15 303 238 37 304 245 37 305 256 7 306 254 7 307 253 7 308 264 32 309 258 15 310 265 15 311 263 33 312 264 32 313 271 32 314 262 34 315 263 33 316 270 33 317 261 35 318 262 34 319 269 34 320 260 36 321 261 35 322 268 35 323 259 37 324 260 36 325 267 36 326 258 15 327 259 37 328 266 37 329 277 7 330 275 7 331 274 7 332 33 18 333 27 15 334 40 16 335 39 17 336 32 17 337 40 16 338 38 19 339 31 19 340 39 17 341 30 20 342 31 19 343 37 20 344 36 21 345 29 21 346 37 20 347 28 23 348 29 21 349 35 22 350 34 15 351 27 15 352 35 22 353 42 27 354 41 27 355 43 27 356 44 27 357 41 27 358 45 27 359 41 27 360 47 27 361 46 27 362 54 16 363 48 15 364 61 18 365 41 27 366 46 27 367 45 27 368 60 17 369 53 17 370 61 18 371 59 25 372 52 19 373 60 17 374 51 20 375 52 19 376 58 20 377 57 21 378 50 21 379 58 20 380 49 23 381 50 21 382 56 26 383 55 15 384 48 15 385 56 26 386 63 27 387 62 27 388 64 27 389 67 27 390 66 27 391 65 27 392 67 27 393 64 27 394 68 27 395 75 16 396 69 15 397 82 18 398 64 27 399 62 27 400 68 27 401 81 17 402 74 17 403 82 18 404 80 19 405 73 19 406 81 17 407 72 20 408 73 19 409 79 20 410 78 21 411 71 21 412 79 20 413 70 23 414 71 21 415 77 26 416 76 15 417 69 15 418 77 26 419 84 41 420 88 41 421 85 41 422 88 42 423 87 42 424 86 42 425 83 27 426 89 27 427 88 27 428 83 43 429 88 43 430 84 43 431 96 16 432 90 15 433 103 18 434 102 17 435 95 17 436 103 18 437 101 19 438 94 19 439 102 17 440 93 20 441 94 19 442 100 20 443 99 21 444 92 21 445 100 20 446 91 23 447 92 21 448 98 26 449 97 15 450 90 15 451 98 26 452 105 44 453 109 44 454 106 44 455 109 27 456 108 27 457 107 27 458 104 45 459 110 45 460 109 45 461 104 27 462 109 27 463 105 27 464 124 23 465 117 26 466 118 15 467 116 21 468 117 26 469 123 21 470 122 20 471 115 20 472 123 21 473 114 19 474 115 20 475 121 19 476 120 17 477 113 17 478 121 19 479 112 18 480 113 17 481 119 16 482 111 15 483 112 18 484 118 15 485 126 9 486 125 9 487 127 9 488 128 9 489 127 9 490 129 9 491 130 9 492 127 9 493 131 9 494 127 46 495 130 46 496 129 46 497 127 47 498 125 47 499 131 47 500 137 21 501 138 23 502 144 21 503 143 20 504 136 20 505 144 21 506 135 19 507 136 20 508 142 19 509 141 17 510 134 17 511 142 19 512 133 18 513 134 17 514 140 16 515 132 15 516 133 18 517 139 15 518 147 9 519 146 9 520 148 9 521 149 9 522 148 9 523 150 9 524 146 48 525 152 48 526 151 48 527 148 9 528 146 9 529 151 9 530 148 49 531 151 49 532 150 49 533 158 21 534 159 26 535 165 21 536 164 20 537 157 20 538 165 21 539 156 19 540 157 20 541 163 19 542 162 17 543 155 17 544 163 19 545 154 16 546 155 17 547 161 16 548 153 15 549 154 16 550 160 15 551 168 50 552 172 50 553 169 50 554 170 9 555 169 9 556 171 9 557 167 51 558 173 51 559 172 51 560 167 52 561 172 52 562 168 52 563 169 53 564 172 53 565 171 53 566 179 21 567 180 23 568 186 21 569 185 20 570 178 20 571 186 21 572 177 19 573 178 20 574 184 19 575 183 17 576 176 17 577 184 19 578 175 30 579 176 17 580 182 18 581 174 15 582 175 30 583 181 15 584 189 9 585 193 9 586 190 9 587 193 9 588 192 9 589 191 9 590 193 9 591 189 9 592 194 9 593 208 32 594 201 32 595 202 15 596 189 9 597 188 9 598 194 9 599 207 33 600 200 33 601 208 32 602 206 34 603 199 34 604 207 33 605 205 35 606 198 35 607 206 34 608 204 36 609 197 36 610 205 35 611 203 37 612 196 37 613 204 36 614 202 15 615 195 15 616 203 37 617 210 7 618 214 7 619 211 7 620 214 7 621 213 7 622 212 7 623 209 7 624 215 7 625 214 7 626 209 7 627 214 7 628 210 7 629 229 32 630 222 32 631 223 15 632 228 33 633 221 33 634 229 32 635 227 38 636 220 38 637 228 33 638 226 39 639 219 39 640 227 38 641 225 36 642 218 36 643 226 39 644 224 40 645 217 40 646 225 36 647 223 15 648 216 15 649 224 40 650 231 7 651 235 7 652 232 7 653 235 7 654 234 7 655 233 7 656 235 7 657 231 7 658 236 7 659 250 32 660 243 32 661 244 15 662 231 7 663 230 7 664 236 7 665 249 33 666 242 33 667 250 32 668 248 38 669 241 38 670 249 33 671 247 39 672 240 39 673 248 38 674 246 36 675 239 36 676 247 39 677 245 37 678 238 37 679 246 36 680 244 15 681 237 15 682 245 37 683 252 7 684 256 7 685 253 7 686 256 7 687 255 7 688 254 7 689 251 7 690 257 7 691 256 7 692 251 7 693 256 7 694 252 7 695 271 32 696 264 32 697 265 15 698 270 33 699 263 33 700 271 32 701 269 34 702 262 34 703 270 33 704 268 35 705 261 35 706 269 34 707 267 36 708 260 36 709 268 35 710 266 37 711 259 37 712 267 36 713 265 15 714 258 15 715 266 37 716 277 7 717 276 7 718 275 7 719 272 7 720 278 7 721 277 7 722 277 7 723 274 7 724 272 7 725 274 7 726 273 7 727 272 7 728 281 27 729 279 27 730 280 27 731 280 27 732 282 27 733 281 27 734 284 27 735 286 27 736 285 27 737 285 27 738 283 27 739 284 27 740 289 9 741 287 9 742 288 9 743 288 9 744 290 9 745 289 9 746 292 9 747 294 9 748 293 9 749 293 9 750 291 9 751 292 9 752 302 27 753 300 27 754 312 27 755 309 9 756 311 9 757 299 9 758 297 54 759 300 54 760 299 54 761 300 55 762 301 55 763 299 55 764 302 56 765 303 56 766 301 56 767 304 57 768 305 57 769 303 57 770 306 58 771 307 58 772 305 58 773 307 59 774 310 59 775 309 59 776 310 60 777 311 60 778 309 60 779 312 61 780 295 61 781 311 61 782 330 9 783 314 9 784 318 9 785 319 27 786 317 27 787 329 27 788 315 62 789 318 62 790 316 62 791 317 63 792 320 63 793 318 63 794 319 64 795 322 64 796 320 64 797 321 65 798 324 65 799 322 65 800 325 66 801 324 66 802 323 66 803 327 67 804 326 67 805 325 67 806 327 68 807 330 68 808 328 68 809 329 69 810 314 69 811 330 69 812 338 70 813 336 70 814 348 70 815 345 71 816 347 71 817 335 71 818 333 72 819 336 72 820 335 72 821 336 73 822 337 73 823 335 73 824 338 74 825 339 74 826 337 74 827 340 75 828 341 75 829 339 75 830 342 76 831 343 76 832 341 76 833 344 77 834 345 77 835 343 77 836 346 78 837 347 78 838 345 78 839 348 79 840 331 79 841 347 79 842 364 80 843 366 80 844 354 80 845 353 81 846 351 81 847 365 81 848 351 82 849 354 82 850 352 82 851 355 83 852 354 83 853 353 83 854 357 84 855 356 84 856 355 84 857 359 85 858 358 85 859 357 85 860 361 86 861 360 86 862 359 86 863 363 87 864 362 87 865 361 87 866 365 88 867 364 88 868 363 88 869 349 89 870 366 89 871 365 89 872 374 90 873 372 90 874 384 90 875 381 91 876 383 91 877 377 91 878 369 92 879 372 92 880 371 92 881 372 93 882 373 93 883 371 93 884 374 94 885 375 94 886 373 94 887 375 95 888 378 95 889 377 95 890 377 96 891 380 96 892 379 96 893 402 97 894 386 97 895 390 97 896 391 98 897 389 98 898 395 98 899 387 99 900 390 99 901 388 99 902 391 100 903 390 100 904 389 100 905 393 101 906 392 101 907 391 101 908 395 102 909 394 102 910 393 102 911 395 103 912 398 103 913 396 103 914 404 104 915 408 104 916 420 104 917 413 105 918 411 105 919 409 105 920 405 106 921 408 106 922 406 106 923 409 107 924 408 107 925 407 107 926 411 108 927 410 108 928 409 108 929 411 109 930 414 109 931 412 109 932 413 110 933 416 110 934 414 110 935 436 111 936 434 111 937 432 111 938 435 9 939 437 9 940 431 9 941 423 112 942 426 112 943 425 112 944 426 113 945 427 113 946 425 113 947 428 56 948 429 56 949 427 56 950 430 114 951 431 114 952 429 114 953 431 115 954 434 115 955 433 115 956 456 7 957 440 7 958 444 7 959 449 10 960 447 10 961 445 10 962 441 116 963 444 116 964 442 116 965 445 117 966 444 117 967 443 117 968 447 118 969 446 118 970 445 118 971 449 119 972 448 119 973 447 119 974 449 120 975 452 120 976 450 120 977 472 121 978 470 121 979 468 121 980 471 27 981 473 27 982 467 27 983 459 122 984 462 122 985 461 122 986 462 123 987 463 123 988 461 123 989 464 124 990 465 124 991 463 124 992 466 125 993 467 125 994 465 125 995 467 126 996 470 126 997 469 126 998 486 7 999 484 7 1000 492 7 1001 489 127 1002 491 127 1003 485 127 1004 477 128 1005 480 128 1006 479 128 1007 480 129 1008 481 129 1009 479 129 1010 482 130 1011 483 130 1012 481 130 1013 484 131 1014 485 131 1015 483 131 1016 485 132 1017 488 132 1018 487 132 1019 510 133 1020 494 133 1021 498 133 1022 503 9 1023 501 9 1024 499 9 1025 495 134 1026 498 134 1027 496 134 1028 499 135 1029 498 135 1030 497 135 1031 501 136 1032 500 136 1033 499 136 1034 503 137 1035 502 137 1036 501 137 1037 503 138 1038 506 138 1039 504 138 1040 513 7 1041 511 7 1042 512 7 1043 512 7 1044 514 7 1045 513 7 1046 516 7 1047 518 7 1048 517 7 1049 517 7 1050 515 7 1051 516 7 1052 519 15 1053 526 15 1054 532 16 1055 524 139 1056 525 18 1057 532 16 1058 523 25 1059 524 139 1060 531 17 1061 523 25 1062 530 19 1063 529 140 1064 521 141 1065 522 140 1066 529 140 1067 521 141 1068 528 21 1069 527 26 1070 519 15 1071 520 23 1072 527 26 1073 533 142 1074 536 142 1075 535 142 1076 540 15 1077 547 15 1078 553 18 1079 545 17 1080 546 16 1081 553 18 1082 544 19 1083 545 17 1084 552 139 1085 544 19 1086 551 25 1087 550 20 1088 542 21 1089 543 20 1090 550 20 1091 542 21 1092 549 21 1093 548 23 1094 540 15 1095 541 23 1096 548 23 1097 557 143 1098 556 143 1099 559 143 1100 561 15 1101 568 15 1102 574 16 1103 566 17 1104 567 16 1105 574 16 1106 565 19 1107 566 17 1108 573 17 1109 565 19 1110 572 19 1111 571 20 1112 563 21 1113 564 20 1114 571 20 1115 563 21 1116 570 21 1117 569 26 1118 561 15 1119 562 23 1120 569 26 1121 580 144 1122 578 144 1123 577 144 1124 582 15 1125 589 15 1126 595 16 1127 587 17 1128 588 18 1129 595 16 1130 586 19 1131 587 17 1132 594 17 1133 586 19 1134 593 19 1135 592 20 1136 584 21 1137 585 20 1138 592 20 1139 584 21 1140 591 21 1141 590 26 1142 582 15 1143 583 26 1144 590 26 1145 601 145 1146 599 145 1147 598 145 1148 609 26 1149 603 15 1150 610 15 1151 609 26 1152 616 26 1153 615 21 1154 607 20 1155 608 21 1156 615 21 1157 607 20 1158 614 20 1159 613 19 1160 605 17 1161 606 19 1162 613 19 1163 605 17 1164 612 17 1165 611 18 1166 604 16 1167 611 18 1168 610 15 1169 637 23 1170 630 23 1171 631 15 1172 630 23 1173 624 15 1174 631 15 1175 630 23 1176 637 23 1177 636 21 1178 628 20 1179 629 21 1180 636 21 1181 628 20 1182 635 20 1183 634 19 1184 626 17 1185 627 19 1186 634 19 1187 626 17 1188 633 17 1189 632 16 1190 625 16 1191 632 16 1192 631 15 1193 658 23 1194 651 23 1195 652 15 1196 651 23 1197 645 15 1198 652 15 1199 651 23 1200 658 23 1201 657 21 1202 649 20 1203 650 21 1204 657 21 1205 649 20 1206 656 20 1207 655 19 1208 647 17 1209 648 19 1210 655 19 1211 647 17 1212 654 17 1213 653 16 1214 646 16 1215 653 16 1216 652 15 1217 679 23 1218 672 23 1219 673 15 1220 672 23 1221 666 15 1222 673 15 1223 672 23 1224 679 23 1225 678 21 1226 670 20 1227 671 21 1228 678 21 1229 670 20 1230 677 20 1231 676 25 1232 668 17 1233 669 25 1234 676 25 1235 668 17 1236 675 17 1237 674 30 1238 667 18 1239 674 30 1240 673 15 1241 685 146 1242 683 146 1243 682 146 1244 693 147 1245 687 15 1246 694 15 1247 692 148 1248 693 147 1249 700 147 1250 691 149 1251 692 148 1252 699 148 1253 690 150 1254 691 149 1255 698 149 1256 689 151 1257 690 150 1258 697 150 1259 688 152 1260 689 151 1261 696 151 1262 687 15 1263 688 152 1264 695 152 1265 706 7 1266 704 7 1267 703 7 1268 714 147 1269 708 15 1270 715 15 1271 713 148 1272 714 147 1273 721 147 1274 712 149 1275 713 148 1276 720 148 1277 711 150 1278 712 149 1279 719 149 1280 710 153 1281 711 150 1282 718 150 1283 709 152 1284 710 153 1285 717 153 1286 708 15 1287 709 152 1288 716 152 1289 727 7 1290 725 7 1291 724 7 1292 735 147 1293 729 15 1294 736 15 1295 734 148 1296 735 147 1297 742 154 1298 733 155 1299 734 148 1300 741 148 1301 732 150 1302 733 155 1303 740 155 1304 731 151 1305 732 150 1306 739 150 1307 730 156 1308 731 151 1309 738 151 1310 729 15 1311 730 156 1312 737 156 1313 748 7 1314 746 7 1315 745 7 1316 756 147 1317 750 15 1318 757 15 1319 755 148 1320 756 147 1321 763 147 1322 754 149 1323 755 148 1324 762 148 1325 753 150 1326 754 149 1327 761 149 1328 752 151 1329 753 150 1330 760 157 1331 751 152 1332 752 151 1333 759 151 1334 750 15 1335 751 152 1336 758 156 1337 769 7 1338 767 7 1339 766 7 1340 525 18 1341 519 15 1342 532 16 1343 531 17 1344 524 139 1345 532 16 1346 530 19 1347 523 25 1348 531 17 1349 522 140 1350 523 25 1351 529 140 1352 528 21 1353 521 141 1354 529 140 1355 520 23 1356 521 141 1357 527 26 1358 526 15 1359 519 15 1360 527 26 1361 534 158 1362 533 158 1363 535 158 1364 536 159 1365 533 159 1366 537 159 1367 533 160 1368 539 160 1369 538 160 1370 546 16 1371 540 15 1372 553 18 1373 533 27 1374 538 27 1375 537 27 1376 552 139 1377 545 17 1378 553 18 1379 551 25 1380 544 19 1381 552 139 1382 543 20 1383 544 19 1384 550 20 1385 549 21 1386 542 21 1387 550 20 1388 541 23 1389 542 21 1390 548 23 1391 547 15 1392 540 15 1393 548 23 1394 555 158 1395 554 158 1396 556 158 1397 559 161 1398 558 161 1399 557 161 1400 559 162 1401 556 162 1402 560 162 1403 567 16 1404 561 15 1405 574 16 1406 556 163 1407 554 163 1408 560 163 1409 573 17 1410 566 17 1411 574 16 1412 572 19 1413 565 19 1414 573 17 1415 564 20 1416 565 19 1417 571 20 1418 570 21 1419 563 21 1420 571 20 1421 562 23 1422 563 21 1423 569 26 1424 568 15 1425 561 15 1426 569 26 1427 576 162 1428 580 162 1429 577 162 1430 580 164 1431 579 164 1432 578 164 1433 575 165 1434 581 165 1435 580 165 1436 575 166 1437 580 166 1438 576 166 1439 588 18 1440 582 15 1441 595 16 1442 594 17 1443 587 17 1444 595 16 1445 593 19 1446 586 19 1447 594 17 1448 585 20 1449 586 19 1450 592 20 1451 591 21 1452 584 21 1453 592 20 1454 583 26 1455 584 21 1456 590 26 1457 589 15 1458 582 15 1459 590 26 1460 597 167 1461 601 167 1462 598 167 1463 601 168 1464 600 168 1465 599 168 1466 596 169 1467 602 169 1468 601 169 1469 596 170 1470 601 170 1471 597 170 1472 616 26 1473 609 26 1474 610 15 1475 608 21 1476 609 26 1477 615 21 1478 614 20 1479 607 20 1480 615 21 1481 606 19 1482 607 20 1483 613 19 1484 612 17 1485 605 17 1486 613 19 1487 604 16 1488 605 17 1489 611 18 1490 603 15 1491 604 16 1492 610 15 1493 618 9 1494 617 9 1495 619 9 1496 620 9 1497 619 9 1498 621 9 1499 622 9 1500 619 9 1501 623 9 1502 619 171 1503 622 171 1504 621 171 1505 619 9 1506 617 9 1507 623 9 1508 629 21 1509 630 23 1510 636 21 1511 635 20 1512 628 20 1513 636 21 1514 627 19 1515 628 20 1516 634 19 1517 633 17 1518 626 17 1519 634 19 1520 625 16 1521 626 17 1522 632 16 1523 624 15 1524 625 16 1525 631 15 1526 639 9 1527 638 9 1528 640 9 1529 641 9 1530 640 9 1531 642 9 1532 638 172 1533 644 172 1534 643 172 1535 640 173 1536 638 173 1537 643 173 1538 640 174 1539 643 174 1540 642 174 1541 650 21 1542 651 23 1543 657 21 1544 656 20 1545 649 20 1546 657 21 1547 648 19 1548 649 20 1549 655 19 1550 654 17 1551 647 17 1552 655 19 1553 646 16 1554 647 17 1555 653 16 1556 645 15 1557 646 16 1558 652 15 1559 660 9 1560 664 9 1561 661 9 1562 662 175 1563 661 175 1564 663 175 1565 659 176 1566 665 176 1567 664 176 1568 659 9 1569 664 9 1570 660 9 1571 661 9 1572 664 9 1573 663 9 1574 671 21 1575 672 23 1576 678 21 1577 677 20 1578 670 20 1579 678 21 1580 669 25 1581 670 20 1582 676 25 1583 675 17 1584 668 17 1585 676 25 1586 667 18 1587 668 17 1588 674 30 1589 666 15 1590 667 18 1591 673 15 1592 681 9 1593 685 9 1594 682 9 1595 685 177 1596 684 177 1597 683 177 1598 685 9 1599 681 9 1600 686 9 1601 700 147 1602 693 147 1603 694 15 1604 681 9 1605 680 9 1606 686 9 1607 699 148 1608 692 148 1609 700 147 1610 698 149 1611 691 149 1612 699 148 1613 697 150 1614 690 150 1615 698 149 1616 696 151 1617 689 151 1618 697 150 1619 695 152 1620 688 152 1621 696 151 1622 694 15 1623 687 15 1624 695 152 1625 702 7 1626 706 7 1627 703 7 1628 706 7 1629 705 7 1630 704 7 1631 701 178 1632 707 178 1633 706 178 1634 701 179 1635 706 179 1636 702 179 1637 721 147 1638 714 147 1639 715 15 1640 720 148 1641 713 148 1642 721 147 1643 719 149 1644 712 149 1645 720 148 1646 718 150 1647 711 150 1648 719 149 1649 717 153 1650 710 153 1651 718 150 1652 716 152 1653 709 152 1654 717 153 1655 715 15 1656 708 15 1657 716 152 1658 723 7 1659 727 7 1660 724 7 1661 727 7 1662 726 7 1663 725 7 1664 727 7 1665 723 7 1666 728 7 1667 742 154 1668 735 147 1669 736 15 1670 723 7 1671 722 7 1672 728 7 1673 741 148 1674 734 148 1675 742 154 1676 740 155 1677 733 155 1678 741 148 1679 739 150 1680 732 150 1681 740 155 1682 738 151 1683 731 151 1684 739 150 1685 737 156 1686 730 156 1687 738 151 1688 736 15 1689 729 15 1690 737 156 1691 744 7 1692 748 7 1693 745 7 1694 748 7 1695 747 7 1696 746 7 1697 743 180 1698 749 180 1699 748 180 1700 743 181 1701 748 181 1702 744 181 1703 763 147 1704 756 147 1705 757 15 1706 762 148 1707 755 148 1708 763 147 1709 761 149 1710 754 149 1711 762 148 1712 760 157 1713 753 150 1714 761 149 1715 759 151 1716 752 151 1717 760 157 1718 758 156 1719 751 152 1720 759 151 1721 757 15 1722 750 15 1723 758 156 1724 769 7 1725 768 7 1726 767 7 1727 764 182 1728 770 182 1729 769 182 1730 769 7 1731 766 7 1732 764 7 1733 766 183 1734 765 183 1735 764 183 1736 773 9 1737 771 9 1738 772 9 1739 772 9 1740 774 9 1741 773 9 1742 776 9 1743 778 9 1744 777 9 1745 777 9 1746 775 9 1747 776 9 1748 781 7 1749 779 7 1750 780 7 1751 780 7 1752 782 7 1753 781 7 1754 791 184 1755 784 184 1756 793 184 1757 797 185 1758 787 185 1759 795 185 1760 798 186 1761 783 186 1762 794 186 1763 787 187 1764 784 187 1765 785 187 1766 795 188 1767 785 188 1768 791 188 1769 801 27 1770 790 27 1771 788 27 1772 786 189 1773 796 189 1774 792 189 1775 796 10 1776 791 10 1777 792 10 1778 784 190 1779 797 190 1780 793 190 1781 793 191 1782 798 191 1783 794 191 1784 798 192 1785 788 192 1786 790 192 1787 797 27 1788 796 27 1789 798 27 1790 786 193 1791 794 193 1792 783 193 1793 792 194 1794 793 194 1795 794 194 1796 799 9 1797 786 9 1798 783 9 1799 790 7 1800 799 7 1801 783 7 1802 800 195 1803 788 195 1804 786 195 1805 809 156 1806 803 15 1807 810 15 1808 808 151 1809 809 156 1810 816 156 1811 807 150 1812 808 151 1813 815 151 1814 806 149 1815 807 150 1816 814 150 1817 805 148 1818 806 149 1819 813 149 1820 804 154 1821 805 148 1822 812 196 1823 803 15 1824 804 154 1825 811 147 1826 822 197 1827 820 197 1828 819 197 1829 830 152 1830 824 15 1831 831 15 1832 829 151 1833 830 152 1834 837 156 1835 828 150 1836 829 151 1837 836 151 1838 827 149 1839 828 150 1840 835 150 1841 826 148 1842 827 149 1843 834 149 1844 825 154 1845 826 148 1846 833 148 1847 824 15 1848 825 154 1849 832 147 1850 843 10 1851 841 10 1852 840 10 1853 851 152 1854 845 15 1855 852 15 1856 850 151 1857 851 152 1858 858 152 1859 849 150 1860 850 151 1861 857 151 1862 848 149 1863 849 150 1864 856 157 1865 847 148 1866 848 149 1867 855 149 1868 846 154 1869 847 148 1870 854 148 1871 845 15 1872 846 154 1873 853 154 1874 864 10 1875 862 10 1876 861 10 1877 872 152 1878 866 15 1879 873 15 1880 871 153 1881 872 152 1882 879 152 1883 870 150 1884 871 153 1885 878 153 1886 869 149 1887 870 150 1888 877 150 1889 868 148 1890 869 149 1891 876 149 1892 867 147 1893 868 148 1894 875 148 1895 866 15 1896 867 147 1897 874 147 1898 885 10 1899 883 10 1900 882 10 1901 816 156 1902 809 156 1903 810 15 1904 815 151 1905 808 151 1906 816 156 1907 814 150 1908 807 150 1909 815 151 1910 813 149 1911 806 149 1912 814 150 1913 812 196 1914 805 148 1915 813 149 1916 811 147 1917 804 154 1918 812 196 1919 810 15 1920 803 15 1921 811 147 1922 818 198 1923 822 198 1924 819 198 1925 822 199 1926 821 199 1927 820 199 1928 817 200 1929 823 200 1930 822 200 1931 817 201 1932 822 201 1933 818 201 1934 837 156 1935 830 152 1936 831 15 1937 836 151 1938 829 151 1939 837 156 1940 835 150 1941 828 150 1942 836 151 1943 834 149 1944 827 149 1945 835 150 1946 833 148 1947 826 148 1948 834 149 1949 832 147 1950 825 154 1951 833 148 1952 831 15 1953 824 15 1954 832 147 1955 839 10 1956 843 10 1957 840 10 1958 843 10 1959 842 10 1960 841 10 1961 843 10 1962 839 10 1963 844 10 1964 858 152 1965 851 152 1966 852 15 1967 839 10 1968 838 10 1969 844 10 1970 857 151 1971 850 151 1972 858 152 1973 856 157 1974 849 150 1975 857 151 1976 855 149 1977 848 149 1978 856 157 1979 854 148 1980 847 148 1981 855 149 1982 853 154 1983 846 154 1984 854 148 1985 852 15 1986 845 15 1987 853 154 1988 860 10 1989 864 10 1990 861 10 1991 864 10 1992 863 10 1993 862 10 1994 859 10 1995 865 10 1996 864 10 1997 859 10 1998 864 10 1999 860 10 2000 879 152 2001 872 152 2002 873 15 2003 878 153 2004 871 153 2005 879 152 2006 877 150 2007 870 150 2008 878 153 2009 876 149 2010 869 149 2011 877 150 2012 875 148 2013 868 148 2014 876 149 2015 874 147 2016 867 147 2017 875 148 2018 873 15 2019 866 15 2020 874 147 2021 885 10 2022 884 10 2023 883 10 2024 880 10 2025 886 10 2026 885 10 2027 885 10 2028 882 10 2029 880 10 2030 882 202 2031 881 202 2032 880 202 2033 7 203 2034 1 203 2035 3 203 2036 3 204 2037 6 204 2038 9 204 2039 6 205 2040 5 205 2041 10 205 2042 10 206 2043 5 206 2044 1 206 2045 4 207 2046 10 207 2047 7 207 2048 7 208 2049 8 208 2050 2 208 2051 11 6 2052 13 6 2053 14 6 2054 16 7 2055 20 7 2056 22 7 2057 18 209 2058 22 209 2059 21 209 2060 15 9 2061 19 9 2062 20 9 2063 17 10 2064 21 10 2065 19 10 2066 21 210 2067 22 210 2068 26 210 2069 19 211 2070 23 211 2071 24 211 2072 21 212 2073 25 212 2074 23 212 2075 22 213 2076 20 213 2077 24 213 2078 300 27 2079 298 27 2080 296 27 2081 296 27 2082 312 27 2083 300 27 2084 312 27 2085 310 27 2086 302 27 2087 310 27 2088 308 27 2089 302 27 2090 308 214 2091 306 214 2092 304 214 2093 302 215 2094 308 215 2095 304 215 2096 311 9 2097 295 9 2098 297 9 2099 297 216 2100 299 216 2101 311 216 2102 299 217 2103 301 217 2104 309 217 2105 301 9 2106 303 9 2107 309 9 2108 303 218 2109 305 218 2110 307 218 2111 309 219 2112 303 219 2113 307 219 2114 297 220 2115 298 220 2116 300 220 2117 300 55 2118 302 55 2119 301 55 2120 302 221 2121 304 221 2122 303 221 2123 304 222 2124 306 222 2125 305 222 2126 306 223 2127 308 223 2128 307 223 2129 307 224 2130 308 224 2131 310 224 2132 310 60 2133 312 60 2134 311 60 2135 312 61 2136 296 61 2137 295 61 2138 314 225 2139 316 225 2140 318 225 2141 318 226 2142 320 226 2143 328 226 2144 320 227 2145 322 227 2146 326 227 2147 322 228 2148 324 228 2149 326 228 2150 326 9 2151 328 9 2152 320 9 2153 328 9 2154 330 9 2155 318 9 2156 315 27 2157 313 27 2158 317 27 2159 313 27 2160 329 27 2161 317 27 2162 329 27 2163 327 27 2164 319 27 2165 327 27 2166 325 27 2167 321 27 2168 325 229 2169 323 229 2170 321 229 2171 321 27 2172 319 27 2173 327 27 2174 315 230 2175 317 230 2176 318 230 2177 317 63 2178 319 63 2179 320 63 2180 319 231 2181 321 231 2182 322 231 2183 321 232 2184 323 232 2185 324 232 2186 325 233 2187 326 233 2188 324 233 2189 327 234 2190 328 234 2191 326 234 2192 327 235 2193 329 235 2194 330 235 2195 329 236 2196 313 236 2197 314 236 2198 336 237 2199 334 237 2200 332 237 2201 332 238 2202 348 238 2203 336 238 2204 348 10 2205 346 10 2206 338 10 2207 346 10 2208 344 10 2209 338 10 2210 344 10 2211 342 10 2212 340 10 2213 338 239 2214 344 239 2215 340 239 2216 347 7 2217 331 7 2218 333 7 2219 333 240 2220 335 240 2221 347 240 2222 335 7 2223 337 7 2224 345 7 2225 337 7 2226 339 7 2227 345 7 2228 339 7 2229 341 7 2230 343 7 2231 345 7 2232 339 7 2233 343 7 2234 333 241 2235 334 241 2236 336 241 2237 336 242 2238 338 242 2239 337 242 2240 338 243 2241 340 243 2242 339 243 2243 340 75 2244 342 75 2245 341 75 2246 342 244 2247 344 244 2248 343 244 2249 344 245 2250 346 245 2251 345 245 2252 346 246 2253 348 246 2254 347 246 2255 348 247 2256 332 247 2257 331 247 2258 350 248 2259 352 248 2260 366 248 2261 352 249 2262 354 249 2263 366 249 2264 354 250 2265 356 250 2266 364 250 2267 356 251 2268 358 251 2269 362 251 2270 358 252 2271 360 252 2272 362 252 2273 362 253 2274 364 253 2275 356 253 2276 351 254 2277 349 254 2278 365 254 2279 365 255 2280 363 255 2281 355 255 2282 363 256 2283 361 256 2284 357 256 2285 361 257 2286 359 257 2287 357 257 2288 357 258 2289 355 258 2290 363 258 2291 355 259 2292 353 259 2293 365 259 2294 351 260 2295 353 260 2296 354 260 2297 355 261 2298 356 261 2299 354 261 2300 357 262 2301 358 262 2302 356 262 2303 359 75 2304 360 75 2305 358 75 2306 361 263 2307 362 263 2308 360 263 2309 363 264 2310 364 264 2311 362 264 2312 365 88 2313 366 88 2314 364 88 2315 349 265 2316 350 265 2317 366 265 2318 372 266 2319 370 266 2320 368 266 2321 368 267 2322 384 267 2323 372 267 2324 384 10 2325 382 10 2326 378 10 2327 382 268 2328 380 268 2329 378 268 2330 378 10 2331 376 10 2332 384 10 2333 376 10 2334 374 10 2335 384 10 2336 383 269 2337 367 269 2338 377 269 2339 367 270 2340 369 270 2341 371 270 2342 377 271 2343 367 271 2344 371 271 2345 371 272 2346 373 272 2347 377 272 2348 373 273 2349 375 273 2350 377 273 2351 377 274 2352 379 274 2353 381 274 2354 369 275 2355 370 275 2356 372 275 2357 372 93 2358 374 93 2359 373 93 2360 374 94 2361 376 94 2362 375 94 2363 375 276 2364 376 276 2365 378 276 2366 377 277 2367 378 277 2368 380 277 2369 386 278 2370 388 278 2371 390 278 2372 390 279 2373 392 279 2374 402 279 2375 392 280 2376 394 280 2377 402 280 2378 394 281 2379 396 281 2380 402 281 2381 396 282 2382 398 282 2383 400 282 2384 400 283 2385 402 283 2386 396 283 2387 387 284 2388 385 284 2389 389 284 2390 385 285 2391 401 285 2392 395 285 2393 389 286 2394 385 286 2395 395 286 2396 401 27 2397 399 27 2398 395 27 2399 399 27 2400 397 27 2401 395 27 2402 395 27 2403 393 27 2404 391 27 2405 387 287 2406 389 287 2407 390 287 2408 391 288 2409 392 288 2410 390 288 2411 393 289 2412 394 289 2413 392 289 2414 395 290 2415 396 290 2416 394 290 2417 395 291 2418 397 291 2419 398 291 2420 404 10 2421 406 10 2422 408 10 2423 408 10 2424 410 10 2425 420 10 2426 410 10 2427 412 10 2428 420 10 2429 412 10 2430 414 10 2431 420 10 2432 414 292 2433 416 292 2434 418 292 2435 414 10 2436 418 10 2437 420 10 2438 405 293 2439 403 293 2440 407 293 2441 403 294 2442 419 294 2443 413 294 2444 417 295 2445 415 295 2446 413 295 2447 403 296 2448 413 296 2449 407 296 2450 419 297 2451 417 297 2452 413 297 2453 409 7 2454 407 7 2455 413 7 2456 405 298 2457 407 298 2458 408 298 2459 409 299 2460 410 299 2461 408 299 2462 411 108 2463 412 108 2464 410 108 2465 411 109 2466 413 109 2467 414 109 2468 413 300 2469 415 300 2470 416 300 2471 426 27 2472 424 27 2473 422 27 2474 422 301 2475 438 301 2476 426 301 2477 438 302 2478 436 302 2479 432 302 2480 428 303 2481 438 303 2482 430 303 2483 428 304 2484 426 304 2485 438 304 2486 432 305 2487 430 305 2488 438 305 2489 437 306 2490 421 306 2491 431 306 2492 421 307 2493 423 307 2494 425 307 2495 431 308 2496 421 308 2497 425 308 2498 425 309 2499 427 309 2500 431 309 2501 427 9 2502 429 9 2503 431 9 2504 431 9 2505 433 9 2506 435 9 2507 423 310 2508 424 310 2509 426 310 2510 426 113 2511 428 113 2512 427 113 2513 428 221 2514 430 221 2515 429 221 2516 430 311 2517 432 311 2518 431 311 2519 431 312 2520 432 312 2521 434 312 2522 440 313 2523 442 313 2524 444 313 2525 444 7 2526 446 7 2527 456 7 2528 446 7 2529 448 7 2530 456 7 2531 448 314 2532 450 314 2533 456 314 2534 450 315 2535 452 315 2536 454 315 2537 454 316 2538 456 316 2539 450 316 2540 441 317 2541 439 317 2542 443 317 2543 439 318 2544 455 318 2545 449 318 2546 453 319 2547 451 319 2548 449 319 2549 439 320 2550 449 320 2551 443 320 2552 455 321 2553 453 321 2554 449 321 2555 445 10 2556 443 10 2557 449 10 2558 441 322 2559 443 322 2560 444 322 2561 445 323 2562 446 323 2563 444 323 2564 447 324 2565 448 324 2566 446 324 2567 449 325 2568 450 325 2569 448 325 2570 449 326 2571 451 326 2572 452 326 2573 462 9 2574 460 9 2575 458 9 2576 458 327 2577 474 327 2578 462 327 2579 474 328 2580 472 328 2581 468 328 2582 464 329 2583 474 329 2584 466 329 2585 464 330 2586 462 330 2587 474 330 2588 468 331 2589 466 331 2590 474 331 2591 473 332 2592 457 332 2593 467 332 2594 457 333 2595 459 333 2596 461 333 2597 467 334 2598 457 334 2599 461 334 2600 461 27 2601 463 27 2602 467 27 2603 463 335 2604 465 335 2605 467 335 2606 467 27 2607 469 27 2608 471 27 2609 459 336 2610 460 336 2611 462 336 2612 462 123 2613 464 123 2614 463 123 2615 464 337 2616 466 337 2617 465 337 2618 466 338 2619 468 338 2620 467 338 2621 467 339 2622 468 339 2623 470 339 2624 480 340 2625 478 340 2626 476 340 2627 492 7 2628 490 7 2629 486 7 2630 490 341 2631 488 341 2632 486 341 2633 492 342 2634 484 342 2635 482 342 2636 480 7 2637 476 7 2638 492 7 2639 482 343 2640 480 343 2641 492 343 2642 491 344 2643 475 344 2644 485 344 2645 475 345 2646 477 345 2647 479 345 2648 485 346 2649 475 346 2650 479 346 2651 479 10 2652 481 10 2653 485 10 2654 481 10 2655 483 10 2656 485 10 2657 485 10 2658 487 10 2659 489 10 2660 477 347 2661 478 347 2662 480 347 2663 480 348 2664 482 348 2665 481 348 2666 482 349 2667 484 349 2668 483 349 2669 484 350 2670 486 350 2671 485 350 2672 485 351 2673 486 351 2674 488 351 2675 494 352 2676 496 352 2677 498 352 2678 498 353 2679 500 353 2680 510 353 2681 500 354 2682 502 354 2683 510 354 2684 502 355 2685 504 355 2686 510 355 2687 504 356 2688 506 356 2689 508 356 2690 508 357 2691 510 357 2692 504 357 2693 495 358 2694 493 358 2695 497 358 2696 493 359 2697 509 359 2698 503 359 2699 507 9 2700 505 9 2701 503 9 2702 493 360 2703 503 360 2704 497 360 2705 509 9 2706 507 9 2707 503 9 2708 499 9 2709 497 9 2710 503 9 2711 495 361 2712 497 361 2713 498 361 2714 499 135 2715 500 135 2716 498 135 2717 501 362 2718 502 362 2719 500 362 2720 503 363 2721 504 363 2722 502 363 2723 503 364 2724 505 364 2725 506 364 2726 791 365 2727 785 365 2728 784 365 2729 797 366 2730 789 366 2731 787 366 2732 798 367 2733 790 367 2734 783 367 2735 787 368 2736 789 368 2737 784 368 2738 795 369 2739 787 369 2740 785 369 2741 801 27 2742 802 27 2743 790 27 2744 786 370 2745 788 370 2746 796 370 2747 796 371 2748 795 371 2749 791 371 2750 784 372 2751 789 372 2752 797 372 2753 793 7 2754 797 7 2755 798 7 2756 798 373 2757 796 373 2758 788 373 2759 797 27 2760 795 27 2761 796 27 2762 786 374 2763 792 374 2764 794 374 2765 792 375 2766 791 375 2767 793 375 2768 799 9 2769 800 9 2770 786 9 2771 790 376 2772 802 376 2773 799 376 2774 800 10 2775 801 10 2776 788 10 2777 891 6 2778 889 6 2779 888 6 2780 892 7 2781 888 7 2782 887 7 2783 890 15 2784 892 15 2785 887 15 2786 889 10 2787 893 10 2788 890 10 2789 896 377 2790 898 377 2791 895 377 2792 901 6 2793 903 6 2794 900 6 2795 900 378 2796 904 378 2797 899 378 2798 899 15 2799 905 15 2800 902 15 2801 901 7 2802 905 7 2803 906 7 2804 910 379 2805 908 379 2806 907 379 2807 891 6 2808 894 6 2809 889 6 2810 892 7 2811 891 7 2812 888 7 2813 890 15 2814 893 15 2815 892 15 2816 889 10 2817 894 10 2818 893 10 2819 896 380 2820 897 380 2821 898 380 2822 901 6 2823 906 6 2824 903 6 2825 900 381 2826 903 381 2827 904 381 2828 899 15 2829 904 15 2830 905 15 2831 901 7 2832 902 7 2833 905 7 2834 910 382 2835 909 382 2836 908 382 2837 913 383 2838 911 383 2839 912 383 2840 913 384 2841 1056 384 2842 911 384 2843 916 7 2844 911 7 2845 1056 7 2846 1059 385 2847 1060 385 2848 1058 385 2849 1058 386 2850 1062 386 2851 1057 386 2852 931 18 2853 925 15 2854 924 18 2855 924 18 2856 925 15 2857 918 15 2858 924 18 2859 930 139 2860 931 18 2861 922 25 2862 930 139 2863 923 139 2864 922 25 2865 928 20 2866 929 25 2867 920 21 2868 928 20 2869 921 20 2870 920 21 2871 926 23 2872 927 21 2873 919 23 2874 925 15 2875 926 23 2876 937 387 2877 934 387 2878 935 387 2879 923 139 2880 930 139 2881 924 18 2882 929 25 2883 930 139 2884 922 25 2885 921 20 2886 928 20 2887 922 25 2888 927 21 2889 928 20 2890 920 21 2891 919 23 2892 926 23 2893 920 21 2894 918 15 2895 925 15 2896 919 23 2897 933 9 2898 934 9 2899 937 9 2900 937 388 2901 935 388 2902 936 388 2903 937 9 2904 938 9 2905 933 9 2906 933 389 2907 938 389 2908 932 389 2909 952 18 2910 946 15 2911 945 18 2912 945 18 2913 946 15 2914 939 15 2915 945 18 2916 951 139 2917 952 18 2918 943 25 2919 951 139 2920 944 139 2921 943 25 2922 949 20 2923 950 25 2924 941 21 2925 949 20 2926 942 20 2927 941 21 2928 947 26 2929 948 21 2930 940 23 2931 946 15 2932 947 26 2933 958 390 2934 955 390 2935 956 390 2936 944 139 2937 951 139 2938 945 18 2939 950 25 2940 951 139 2941 943 25 2942 942 20 2943 949 20 2944 943 25 2945 948 21 2946 949 20 2947 941 21 2948 940 23 2949 947 26 2950 941 21 2951 939 15 2952 946 15 2953 940 23 2954 954 9 2955 955 9 2956 958 9 2957 958 9 2958 956 9 2959 957 9 2960 958 391 2961 959 391 2962 954 391 2963 954 392 2964 959 392 2965 953 392 2966 973 18 2967 967 15 2968 966 18 2969 966 18 2970 967 15 2971 960 15 2972 966 18 2973 972 139 2974 973 18 2975 964 25 2976 972 139 2977 965 139 2978 964 25 2979 970 20 2980 971 25 2981 962 21 2982 970 20 2983 963 20 2984 962 21 2985 968 26 2986 969 21 2987 961 23 2988 967 15 2989 968 26 2990 979 393 2991 976 393 2992 977 393 2993 965 139 2994 972 139 2995 966 18 2996 971 25 2997 972 139 2998 964 25 2999 963 20 3000 970 20 3001 964 25 3002 969 21 3003 970 20 3004 962 21 3005 961 23 3006 968 26 3007 962 21 3008 960 15 3009 967 15 3010 961 23 3011 975 9 3012 976 9 3013 979 9 3014 979 394 3015 977 394 3016 978 394 3017 979 395 3018 980 395 3019 975 395 3020 975 396 3021 980 396 3022 974 396 3023 994 18 3024 988 15 3025 987 18 3026 987 18 3027 988 15 3028 981 15 3029 987 18 3030 993 139 3031 994 18 3032 985 25 3033 993 139 3034 986 139 3035 985 25 3036 991 20 3037 992 25 3038 983 21 3039 991 20 3040 984 20 3041 983 21 3042 989 26 3043 990 21 3044 982 23 3045 988 15 3046 989 26 3047 1000 393 3048 997 393 3049 998 393 3050 986 139 3051 993 139 3052 987 18 3053 992 25 3054 993 139 3055 985 25 3056 984 20 3057 991 20 3058 985 25 3059 990 21 3060 991 20 3061 983 21 3062 982 23 3063 989 26 3064 983 21 3065 981 15 3066 988 15 3067 982 23 3068 996 9 3069 997 9 3070 1000 9 3071 1000 394 3072 998 394 3073 999 394 3074 1000 395 3075 1001 395 3076 996 395 3077 996 397 3078 1001 397 3079 995 397 3080 1009 398 3081 1007 398 3082 1019 398 3083 1016 27 3084 1018 27 3085 1006 27 3086 1004 399 3087 1007 399 3088 1006 399 3089 1006 400 3090 1009 400 3091 1008 400 3092 1008 401 3093 1011 401 3094 1010 401 3095 1011 402 3096 1012 402 3097 1010 402 3098 1013 403 3099 1014 403 3100 1012 403 3101 1015 404 3102 1016 404 3103 1014 404 3104 1016 405 3105 1019 405 3106 1018 405 3107 1018 406 3108 1003 406 3109 1002 406 3110 1007 9 3111 1005 9 3112 1003 9 3113 1003 9 3114 1019 9 3115 1007 9 3116 1019 407 3117 1017 407 3118 1009 407 3119 1017 408 3120 1015 408 3121 1009 408 3122 1015 409 3123 1013 409 3124 1011 409 3125 1009 9 3126 1015 9 3127 1011 9 3128 1018 27 3129 1002 27 3130 1004 27 3131 1004 27 3132 1006 27 3133 1018 27 3134 1006 27 3135 1008 27 3136 1016 27 3137 1008 27 3138 1010 27 3139 1016 27 3140 1010 410 3141 1012 410 3142 1014 410 3143 1016 411 3144 1010 411 3145 1014 411 3146 1004 412 3147 1005 412 3148 1007 412 3149 1006 413 3150 1007 413 3151 1009 413 3152 1008 414 3153 1009 414 3154 1011 414 3155 1011 415 3156 1013 415 3157 1012 415 3158 1013 416 3159 1015 416 3160 1014 416 3161 1015 417 3162 1017 417 3163 1016 417 3164 1016 418 3165 1017 418 3166 1019 418 3167 1018 419 3168 1019 419 3169 1003 419 3170 1027 420 3171 1025 420 3172 1037 420 3173 1034 27 3174 1036 27 3175 1024 27 3176 1022 421 3177 1025 421 3178 1024 421 3179 1024 422 3180 1027 422 3181 1026 422 3182 1026 423 3183 1029 423 3184 1028 423 3185 1029 424 3186 1030 424 3187 1028 424 3188 1031 403 3189 1032 403 3190 1030 403 3191 1033 425 3192 1034 425 3193 1032 425 3194 1034 426 3195 1037 426 3196 1036 426 3197 1036 427 3198 1021 427 3199 1020 427 3200 1025 428 3201 1023 428 3202 1021 428 3203 1021 9 3204 1037 9 3205 1025 9 3206 1037 9 3207 1035 9 3208 1027 9 3209 1035 429 3210 1033 429 3211 1027 429 3212 1033 430 3213 1031 430 3214 1029 430 3215 1027 9 3216 1033 9 3217 1029 9 3218 1036 27 3219 1020 27 3220 1022 27 3221 1022 27 3222 1024 27 3223 1036 27 3224 1024 431 3225 1026 431 3226 1034 431 3227 1026 27 3228 1028 27 3229 1034 27 3230 1028 27 3231 1030 27 3232 1032 27 3233 1034 27 3234 1028 27 3235 1032 27 3236 1022 432 3237 1023 432 3238 1025 432 3239 1024 433 3240 1025 433 3241 1027 433 3242 1026 434 3243 1027 434 3244 1029 434 3245 1029 435 3246 1031 435 3247 1030 435 3248 1031 436 3249 1033 436 3250 1032 436 3251 1033 417 3252 1035 417 3253 1034 417 3254 1034 437 3255 1035 437 3256 1037 437 3257 1036 438 3258 1037 438 3259 1021 438 3260 1045 9 3261 1043 9 3262 1055 9 3263 1052 27 3264 1054 27 3265 1042 27 3266 1040 439 3267 1043 439 3268 1042 439 3269 1042 440 3270 1045 440 3271 1044 440 3272 1044 441 3273 1047 441 3274 1046 441 3275 1047 442 3276 1048 442 3277 1046 442 3278 1049 403 3279 1050 403 3280 1048 403 3281 1051 404 3282 1052 404 3283 1050 404 3284 1052 443 3285 1055 443 3286 1054 443 3287 1054 427 3288 1039 427 3289 1038 427 3290 1043 9 3291 1041 9 3292 1039 9 3293 1039 9 3294 1055 9 3295 1043 9 3296 1055 9 3297 1053 9 3298 1045 9 3299 1053 9 3300 1051 9 3301 1045 9 3302 1051 9 3303 1049 9 3304 1047 9 3305 1045 9 3306 1051 9 3307 1047 9 3308 1054 444 3309 1038 444 3310 1040 444 3311 1040 445 3312 1042 445 3313 1054 445 3314 1042 27 3315 1044 27 3316 1052 27 3317 1044 446 3318 1046 446 3319 1052 446 3320 1046 447 3321 1048 447 3322 1050 447 3323 1052 448 3324 1046 448 3325 1050 448 3326 1040 449 3327 1041 449 3328 1043 449 3329 1042 450 3330 1043 450 3331 1045 450 3332 1044 451 3333 1045 451 3334 1047 451 3335 1047 452 3336 1049 452 3337 1048 452 3338 1049 453 3339 1051 453 3340 1050 453 3341 1051 417 3342 1053 417 3343 1052 417 3344 1052 454 3345 1053 454 3346 1055 454 3347 1054 455 3348 1055 455 3349 1039 455 3350 914 456 3351 913 456 3352 1057 456 3353 1058 457 3354 916 457 3355 1059 457 3356 914 458 3357 916 458 3358 1056 458 3359 1058 459 3360 913 459 3361 915 459 3362 1062 460 3363 1061 460 3364 1063 460 3365 1057 461 3366 1063 461 3367 914 461 3368 1059 462 3369 1063 462 3370 1061 462 3371 1073 463 3372 1068 463 3373 1067 463 3374 1070 464 3375 1066 464 3376 1064 464 3377 1069 7 3378 1073 7 3379 1067 7 3380 1071 465 3381 1064 465 3382 1065 465 3383 1093 10 3384 1077 10 3385 1081 10 3386 1082 7 3387 1080 7 3388 1092 7 3389 1078 466 3390 1081 466 3391 1079 466 3392 1082 467 3393 1081 467 3394 1080 467 3395 1084 468 3396 1083 468 3397 1082 468 3398 1084 469 3399 1087 469 3400 1085 469 3401 1086 470 3402 1089 470 3403 1087 470 3404 1105 27 3405 1103 27 3406 1109 27 3407 1104 9 3408 1110 9 3409 1100 9 3410 1096 471 3411 1099 471 3412 1098 471 3413 1099 418 3414 1100 418 3415 1098 418 3416 1101 472 3417 1102 472 3418 1100 472 3419 1103 473 3420 1104 473 3421 1102 473 3422 1104 474 3423 1107 474 3424 1106 474 3425 1077 475 3426 1079 475 3427 1081 475 3428 1081 10 3429 1083 10 3430 1093 10 3431 1083 10 3432 1085 10 3433 1091 10 3434 1093 10 3435 1083 10 3436 1091 10 3437 1085 10 3438 1087 10 3439 1091 10 3440 1087 476 3441 1089 476 3442 1091 476 3443 1078 7 3444 1076 7 3445 1080 7 3446 1076 7 3447 1092 7 3448 1080 7 3449 1092 7 3450 1090 7 3451 1086 7 3452 1090 477 3453 1088 477 3454 1086 477 3455 1092 7 3456 1086 7 3457 1082 7 3458 1086 7 3459 1084 7 3460 1082 7 3461 1078 478 3462 1080 478 3463 1081 478 3464 1082 479 3465 1083 479 3466 1081 479 3467 1084 480 3468 1085 480 3469 1083 480 3470 1084 481 3471 1086 481 3472 1087 481 3473 1086 482 3474 1088 482 3475 1089 482 3476 1099 27 3477 1097 27 3478 1095 27 3479 1099 483 3480 1095 483 3481 1111 483 3482 1103 27 3483 1101 27 3484 1109 27 3485 1101 484 3486 1099 484 3487 1111 484 3488 1109 485 3489 1101 485 3490 1111 485 3491 1107 486 3492 1105 486 3493 1109 486 3494 1110 487 3495 1094 487 3496 1098 487 3497 1094 488 3498 1096 488 3499 1098 488 3500 1098 9 3501 1100 9 3502 1110 9 3503 1100 9 3504 1102 9 3505 1104 9 3506 1104 9 3507 1106 9 3508 1108 9 3509 1108 9 3510 1110 9 3511 1104 9 3512 1096 489 3513 1097 489 3514 1099 489 3515 1099 418 3516 1101 418 3517 1100 418 3518 1101 490 3519 1103 490 3520 1102 490 3521 1103 491 3522 1105 491 3523 1104 491 3524 1104 492 3525 1105 492 3526 1107 492 3527 1127 493 3528 1129 493 3529 1117 493 3530 1116 10 3531 1114 10 3532 1128 10 3533 1116 494 3534 1115 494 3535 1114 494 3536 1118 495 3537 1117 495 3538 1116 495 3539 1120 496 3540 1119 496 3541 1118 496 3542 1122 497 3543 1121 497 3544 1120 497 3545 1124 498 3546 1123 498 3547 1122 498 3548 1126 499 3549 1125 499 3550 1124 499 3551 1128 500 3552 1127 500 3553 1126 500 3554 1112 501 3555 1129 501 3556 1128 501 3557 1145 493 3558 1147 493 3559 1135 493 3560 1134 10 3561 1132 10 3562 1146 10 3563 1134 502 3564 1133 502 3565 1132 502 3566 1136 503 3567 1135 503 3568 1134 503 3569 1138 504 3570 1137 504 3571 1136 504 3572 1140 505 3573 1139 505 3574 1138 505 3575 1142 506 3576 1141 506 3577 1140 506 3578 1144 507 3579 1143 507 3580 1142 507 3581 1146 508 3582 1145 508 3583 1144 508 3584 1130 509 3585 1147 509 3586 1146 509 3587 1113 7 3588 1115 7 3589 1129 7 3590 1115 510 3591 1117 510 3592 1129 510 3593 1117 7 3594 1119 7 3595 1127 7 3596 1119 7 3597 1121 7 3598 1125 7 3599 1121 7 3600 1123 7 3601 1125 7 3602 1125 7 3603 1127 7 3604 1119 7 3605 1114 10 3606 1112 10 3607 1128 10 3608 1128 10 3609 1126 10 3610 1118 10 3611 1126 10 3612 1124 10 3613 1120 10 3614 1124 10 3615 1122 10 3616 1120 10 3617 1120 10 3618 1118 10 3619 1126 10 3620 1118 511 3621 1116 511 3622 1128 511 3623 1116 512 3624 1117 512 3625 1115 512 3626 1118 513 3627 1119 513 3628 1117 513 3629 1120 514 3630 1121 514 3631 1119 514 3632 1122 515 3633 1123 515 3634 1121 515 3635 1124 516 3636 1125 516 3637 1123 516 3638 1126 517 3639 1127 517 3640 1125 517 3641 1128 518 3642 1129 518 3643 1127 518 3644 1112 519 3645 1113 519 3646 1129 519 3647 1131 7 3648 1133 7 3649 1147 7 3650 1133 520 3651 1135 520 3652 1147 520 3653 1135 7 3654 1137 7 3655 1145 7 3656 1137 7 3657 1139 7 3658 1143 7 3659 1139 7 3660 1141 7 3661 1143 7 3662 1143 7 3663 1145 7 3664 1137 7 3665 1132 10 3666 1130 10 3667 1146 10 3668 1146 10 3669 1144 10 3670 1136 10 3671 1144 10 3672 1142 10 3673 1138 10 3674 1142 10 3675 1140 10 3676 1138 10 3677 1138 10 3678 1136 10 3679 1144 10 3680 1136 521 3681 1134 521 3682 1146 521 3683 1134 522 3684 1135 522 3685 1133 522 3686 1136 523 3687 1137 523 3688 1135 523 3689 1138 504 3690 1139 504 3691 1137 504 3692 1140 524 3693 1141 524 3694 1139 524 3695 1142 525 3696 1143 525 3697 1141 525 3698 1144 526 3699 1145 526 3700 1143 526 3701 1146 527 3702 1147 527 3703 1145 527 3704 1130 528 3705 1131 528 3706 1147 528 3707 916 529 3708 917 529 3709 911 529 3710 1059 530 3711 1061 530 3712 1060 530 3713 1058 531 3714 1060 531 3715 1062 531 3716 914 532 3717 1056 532 3718 913 532 3719 1058 533 3720 915 533 3721 916 533 3722 914 534 3723 1059 534 3724 916 534 3725 1058 535 3726 1057 535 3727 913 535 3728 1062 536 3729 1060 536 3730 1061 536 3731 1057 537 3732 1062 537 3733 1063 537 3734 1059 10 3735 914 10 3736 1063 10 3737 1073 538 3738 1074 538 3739 1068 538 3740 1070 7 3741 1072 7 3742 1066 7 3743 1069 539 3744 1075 539 3745 1073 539 3746 1071 540 3747 1070 540 3748 1064 540 3749 1074 9 3750 2546 9 3751 1068 9 3752 913 541 3753 2545 541 3754 915 541 3755 912 542 3756 2544 542 3757 913 542 3758 2556 27 3759 1152 27 3760 1151 27 3761 1149 543 3762 2553 543 3763 1148 543 3764 2555 544 3765 1149 544 3766 1150 544 3767 2545 545 3768 1150 545 3769 915 545 3770 1168 546 3771 1170 546 3772 1158 546 3773 1157 10 3774 1155 10 3775 1169 10 3776 1157 494 3777 1156 494 3778 1155 494 3779 1159 495 3780 1158 495 3781 1157 495 3782 1161 547 3783 1160 547 3784 1159 547 3785 1163 497 3786 1162 497 3787 1161 497 3788 1165 548 3789 1164 548 3790 1163 548 3791 1167 549 3792 1166 549 3793 1165 549 3794 1169 500 3795 1168 500 3796 1167 500 3797 1153 550 3798 1170 550 3799 1169 550 3800 1154 7 3801 1156 7 3802 1170 7 3803 1156 510 3804 1158 510 3805 1170 510 3806 1158 7 3807 1160 7 3808 1168 7 3809 1160 7 3810 1162 7 3811 1166 7 3812 1162 7 3813 1164 7 3814 1166 7 3815 1166 7 3816 1168 7 3817 1160 7 3818 1155 10 3819 1153 10 3820 1169 10 3821 1169 10 3822 1167 10 3823 1159 10 3824 1167 10 3825 1165 10 3826 1161 10 3827 1165 10 3828 1163 10 3829 1161 10 3830 1161 10 3831 1159 10 3832 1167 10 3833 1159 511 3834 1157 511 3835 1169 511 3836 1157 512 3837 1158 512 3838 1156 512 3839 1159 551 3840 1160 551 3841 1158 551 3842 1161 514 3843 1162 514 3844 1160 514 3845 1163 515 3846 1164 515 3847 1162 515 3848 1165 516 3849 1166 516 3850 1164 516 3851 1167 552 3852 1168 552 3853 1166 552 3854 1169 553 3855 1170 553 3856 1168 553 3857 1153 554 3858 1154 554 3859 1170 554 3860 1186 546 3861 1188 546 3862 1176 546 3863 1175 10 3864 1173 10 3865 1187 10 3866 1175 555 3867 1174 555 3868 1173 555 3869 1177 556 3870 1176 556 3871 1175 556 3872 1179 557 3873 1178 557 3874 1177 557 3875 1181 558 3876 1180 558 3877 1179 558 3878 1183 559 3879 1182 559 3880 1181 559 3881 1185 507 3882 1184 507 3883 1183 507 3884 1187 560 3885 1186 560 3886 1185 560 3887 1171 550 3888 1188 550 3889 1187 550 3890 1172 7 3891 1174 7 3892 1188 7 3893 1174 520 3894 1176 520 3895 1188 520 3896 1176 7 3897 1178 7 3898 1186 7 3899 1178 7 3900 1180 7 3901 1184 7 3902 1180 7 3903 1182 7 3904 1184 7 3905 1184 7 3906 1186 7 3907 1178 7 3908 1173 10 3909 1171 10 3910 1187 10 3911 1187 10 3912 1185 10 3913 1177 10 3914 1185 10 3915 1183 10 3916 1179 10 3917 1183 10 3918 1181 10 3919 1179 10 3920 1179 10 3921 1177 10 3922 1185 10 3923 1177 511 3924 1175 511 3925 1187 511 3926 1175 561 3927 1176 561 3928 1174 561 3929 1177 562 3930 1178 562 3931 1176 562 3932 1179 514 3933 1180 514 3934 1178 514 3935 1181 563 3936 1182 563 3937 1180 563 3938 1183 564 3939 1184 564 3940 1182 564 3941 1185 507 3942 1186 507 3943 1184 507 3944 1187 565 3945 1188 565 3946 1186 565 3947 1171 554 3948 1172 554 3949 1188 554 3950 1204 546 3951 1206 546 3952 1194 546 3953 1193 10 3954 1191 10 3955 1205 10 3956 1193 566 3957 1192 566 3958 1191 566 3959 1195 495 3960 1194 495 3961 1193 495 3962 1197 514 3963 1196 514 3964 1195 514 3965 1199 497 3966 1198 497 3967 1197 497 3968 1201 559 3969 1200 559 3970 1199 559 3971 1203 507 3972 1202 507 3973 1201 507 3974 1205 560 3975 1204 560 3976 1203 560 3977 1189 550 3978 1206 550 3979 1205 550 3980 1190 7 3981 1192 7 3982 1206 7 3983 1192 520 3984 1194 520 3985 1206 520 3986 1194 7 3987 1196 7 3988 1204 7 3989 1196 7 3990 1198 7 3991 1202 7 3992 1198 7 3993 1200 7 3994 1202 7 3995 1202 7 3996 1204 7 3997 1196 7 3998 1191 10 3999 1189 10 4000 1205 10 4001 1205 10 4002 1203 10 4003 1195 10 4004 1203 10 4005 1201 10 4006 1197 10 4007 1201 10 4008 1199 10 4009 1197 10 4010 1197 10 4011 1195 10 4012 1203 10 4013 1195 511 4014 1193 511 4015 1205 511 4016 1193 567 4017 1194 567 4018 1192 567 4019 1195 562 4020 1196 562 4021 1194 562 4022 1197 514 4023 1198 514 4024 1196 514 4025 1199 563 4026 1200 563 4027 1198 563 4028 1201 564 4029 1202 564 4030 1200 564 4031 1203 568 4032 1204 568 4033 1202 568 4034 1205 565 4035 1206 565 4036 1204 565 4037 1189 554 4038 1190 554 4039 1206 554 4040 1222 546 4041 1224 546 4042 1212 546 4043 1211 10 4044 1209 10 4045 1223 10 4046 1211 566 4047 1210 566 4048 1209 566 4049 1213 556 4050 1212 556 4051 1211 556 4052 1215 514 4053 1214 514 4054 1213 514 4055 1217 558 4056 1216 558 4057 1215 558 4058 1219 569 4059 1218 569 4060 1217 569 4061 1221 568 4062 1220 568 4063 1219 568 4064 1223 560 4065 1222 560 4066 1221 560 4067 1207 550 4068 1224 550 4069 1223 550 4070 1208 7 4071 1210 7 4072 1224 7 4073 1210 510 4074 1212 510 4075 1224 510 4076 1212 7 4077 1214 7 4078 1222 7 4079 1214 7 4080 1216 7 4081 1220 7 4082 1216 7 4083 1218 7 4084 1220 7 4085 1220 7 4086 1222 7 4087 1214 7 4088 1209 10 4089 1207 10 4090 1223 10 4091 1223 10 4092 1221 10 4093 1213 10 4094 1221 10 4095 1219 10 4096 1215 10 4097 1219 10 4098 1217 10 4099 1215 10 4100 1215 10 4101 1213 10 4102 1221 10 4103 1213 511 4104 1211 511 4105 1223 511 4106 1211 567 4107 1212 567 4108 1210 567 4109 1213 551 4110 1214 551 4111 1212 551 4112 1215 557 4113 1216 557 4114 1214 557 4115 1217 515 4116 1218 515 4117 1216 515 4118 1219 570 4119 1220 570 4120 1218 570 4121 1221 507 4122 1222 507 4123 1220 507 4124 1223 565 4125 1224 565 4126 1222 565 4127 1207 571 4128 1208 571 4129 1224 571 4130 1232 572 4131 1230 572 4132 1242 572 4133 1239 27 4134 1241 27 4135 1229 27 4136 1227 573 4137 1230 573 4138 1229 573 4139 1229 574 4140 1232 574 4141 1231 574 4142 1231 575 4143 1234 575 4144 1233 575 4145 1234 576 4146 1235 576 4147 1233 576 4148 1236 577 4149 1237 577 4150 1235 577 4151 1238 578 4152 1239 578 4153 1237 578 4154 1239 579 4155 1242 579 4156 1241 579 4157 1241 580 4158 1226 580 4159 1225 580 4160 1230 9 4161 1228 9 4162 1226 9 4163 1226 581 4164 1242 581 4165 1230 581 4166 1242 582 4167 1240 582 4168 1232 582 4169 1240 9 4170 1238 9 4171 1232 9 4172 1238 583 4173 1236 583 4174 1234 583 4175 1232 9 4176 1238 9 4177 1234 9 4178 1241 584 4179 1225 584 4180 1227 584 4181 1227 27 4182 1229 27 4183 1241 27 4184 1229 27 4185 1231 27 4186 1239 27 4187 1231 27 4188 1233 27 4189 1239 27 4190 1233 27 4191 1235 27 4192 1237 27 4193 1239 27 4194 1233 27 4195 1237 27 4196 1227 585 4197 1228 585 4198 1230 585 4199 1229 586 4200 1230 586 4201 1232 586 4202 1231 587 4203 1232 587 4204 1234 587 4205 1234 588 4206 1236 588 4207 1235 588 4208 1236 589 4209 1238 589 4210 1237 589 4211 1238 590 4212 1240 590 4213 1239 590 4214 1239 591 4215 1240 591 4216 1242 591 4217 1241 592 4218 1242 592 4219 1226 592 4220 1250 593 4221 1248 593 4222 1260 593 4223 1257 27 4224 1259 27 4225 1247 27 4226 1245 594 4227 1248 594 4228 1247 594 4229 1247 595 4230 1250 595 4231 1249 595 4232 1249 575 4233 1252 575 4234 1251 575 4235 1252 596 4236 1253 596 4237 1251 596 4238 1254 577 4239 1255 577 4240 1253 577 4241 1256 578 4242 1257 578 4243 1255 578 4244 1257 597 4245 1260 597 4246 1259 597 4247 1259 598 4248 1244 598 4249 1243 598 4250 1248 9 4251 1246 9 4252 1244 9 4253 1244 9 4254 1260 9 4255 1248 9 4256 1260 599 4257 1258 599 4258 1250 599 4259 1258 9 4260 1256 9 4261 1250 9 4262 1256 9 4263 1254 9 4264 1252 9 4265 1250 9 4266 1256 9 4267 1252 9 4268 1259 27 4269 1243 27 4270 1245 27 4271 1245 27 4272 1247 27 4273 1259 27 4274 1247 27 4275 1249 27 4276 1257 27 4277 1249 600 4278 1251 600 4279 1257 600 4280 1251 27 4281 1253 27 4282 1255 27 4283 1257 601 4284 1251 601 4285 1255 601 4286 1245 602 4287 1246 602 4288 1248 602 4289 1247 586 4290 1248 586 4291 1250 586 4292 1249 603 4293 1250 603 4294 1252 603 4295 1252 604 4296 1254 604 4297 1253 604 4298 1254 605 4299 1256 605 4300 1255 605 4301 1256 590 4302 1258 590 4303 1257 590 4304 1257 591 4305 1258 591 4306 1260 591 4307 1259 606 4308 1260 606 4309 1244 606 4310 8 607 4311 1262 607 4312 1261 607 4313 1261 608 4314 1264 608 4315 1263 608 4316 2673 609 4317 1265 609 4318 1266 609 4319 1268 610 4320 2677 610 4321 1267 610 4322 2676 27 4323 1265 27 4324 2672 27 4325 1265 611 4326 1267 611 4327 1266 611 4328 1267 9 4329 2673 9 4330 1266 9 4331 1270 612 4332 1272 612 4333 1269 612 4334 1275 613 4335 1274 613 4336 1273 613 4337 1274 614 4338 1271 614 4339 1270 614 4340 1273 615 4341 1270 615 4342 1269 615 4343 1272 616 4344 1273 616 4345 1269 616 4346 1271 617 4347 1275 617 4348 1272 617 4349 1278 618 4350 1279 619 4351 1277 620 4352 1280 621 4353 1281 622 4354 1279 619 4355 1282 623 4356 1283 624 4357 1281 622 4358 1284 625 4359 1285 626 4360 1283 624 4361 1286 627 4362 1287 628 4363 1285 626 4364 1288 629 4365 1289 630 4366 1287 628 4367 1290 631 4368 1291 632 4369 1289 630 4370 1292 633 4371 1293 634 4372 1291 632 4373 1294 635 4374 1295 636 4375 1293 634 4376 1296 637 4377 1297 638 4378 1295 636 4379 1298 639 4380 1299 640 4381 1297 638 4382 1300 641 4383 1277 620 4384 1299 640 4385 1295 636 4386 1297 638 4387 1283 624 4388 1284 625 4389 1282 623 4390 1298 639 4391 1315 642 4392 1314 642 4393 1313 642 4394 1307 643 4395 1306 643 4396 1305 643 4397 1306 644 4398 1303 644 4399 1302 644 4400 1305 645 4401 1302 645 4402 1301 645 4403 1304 646 4404 1305 646 4405 1301 646 4406 1303 647 4407 1307 647 4408 1304 647 4409 1314 648 4410 1311 648 4411 1310 648 4412 1313 649 4413 1310 649 4414 1309 649 4415 1312 650 4416 1313 650 4417 1309 650 4418 1311 651 4419 1315 651 4420 1312 651 4421 1324 9 4422 1322 9 4423 1334 9 4424 1331 652 4425 1333 652 4426 1321 652 4427 1319 653 4428 1322 653 4429 1321 653 4430 1321 654 4431 1324 654 4432 1323 654 4433 1323 655 4434 1326 655 4435 1325 655 4436 1326 656 4437 1327 656 4438 1325 656 4439 1328 657 4440 1329 657 4441 1327 657 4442 1330 658 4443 1331 658 4444 1329 658 4445 1331 659 4446 1334 659 4447 1333 659 4448 1333 660 4449 1318 660 4450 1317 660 4451 1322 661 4452 1320 661 4453 1318 661 4454 1318 9 4455 1334 9 4456 1322 9 4457 1334 9 4458 1332 9 4459 1324 9 4460 1332 662 4461 1330 662 4462 1324 662 4463 1330 9 4464 1328 9 4465 1326 9 4466 1324 9 4467 1330 9 4468 1326 9 4469 1333 27 4470 1317 27 4471 1319 27 4472 1319 663 4473 1321 663 4474 1333 663 4475 1321 27 4476 1323 27 4477 1331 27 4478 1323 27 4479 1325 27 4480 1331 27 4481 1325 664 4482 1327 664 4483 1329 664 4484 1331 665 4485 1325 665 4486 1329 665 4487 1319 666 4488 1320 666 4489 1322 666 4490 1321 667 4491 1322 667 4492 1324 667 4493 1323 668 4494 1324 668 4495 1326 668 4496 1326 669 4497 1328 669 4498 1327 669 4499 1328 670 4500 1330 670 4501 1329 670 4502 1330 671 4503 1332 671 4504 1331 671 4505 1331 672 4506 1332 672 4507 1334 672 4508 1333 673 4509 1334 673 4510 1318 673 4511 1342 674 4512 1340 674 4513 1352 674 4514 1349 675 4515 1351 675 4516 1339 675 4517 1337 676 4518 1340 676 4519 1339 676 4520 1339 677 4521 1342 677 4522 1341 677 4523 1341 655 4524 1344 655 4525 1343 655 4526 1344 656 4527 1345 656 4528 1343 656 4529 1346 657 4530 1347 657 4531 1345 657 4532 1348 678 4533 1349 678 4534 1347 678 4535 1349 679 4536 1352 679 4537 1351 679 4538 1351 680 4539 1336 680 4540 1335 680 4541 1340 9 4542 1338 9 4543 1336 9 4544 1336 9 4545 1352 9 4546 1340 9 4547 1352 9 4548 1350 9 4549 1342 9 4550 1350 681 4551 1348 681 4552 1342 681 4553 1348 682 4554 1346 682 4555 1344 682 4556 1342 683 4557 1348 683 4558 1344 683 4559 1351 27 4560 1335 27 4561 1337 27 4562 1337 684 4563 1339 684 4564 1351 684 4565 1339 27 4566 1341 27 4567 1349 27 4568 1341 27 4569 1343 27 4570 1349 27 4571 1343 685 4572 1345 685 4573 1347 685 4574 1349 27 4575 1343 27 4576 1347 27 4577 1337 686 4578 1338 686 4579 1340 686 4580 1339 687 4581 1340 687 4582 1342 687 4583 1341 688 4584 1342 688 4585 1344 688 4586 1344 689 4587 1346 689 4588 1345 689 4589 1346 690 4590 1348 690 4591 1347 690 4592 1348 691 4593 1350 691 4594 1349 691 4595 1349 692 4596 1350 692 4597 1352 692 4598 1351 693 4599 1352 693 4600 1336 693 4601 1360 7 4602 1358 7 4603 1370 7 4604 1367 10 4605 1369 10 4606 1357 10 4607 1355 694 4608 1358 694 4609 1357 694 4610 1357 695 4611 1360 695 4612 1359 695 4613 1359 696 4614 1362 696 4615 1361 696 4616 1362 697 4617 1363 697 4618 1361 697 4619 1364 698 4620 1365 698 4621 1363 698 4622 1366 699 4623 1367 699 4624 1365 699 4625 1367 700 4626 1370 700 4627 1369 700 4628 1369 701 4629 1354 701 4630 1353 701 4631 1358 702 4632 1356 702 4633 1354 702 4634 1354 7 4635 1370 7 4636 1358 7 4637 1370 7 4638 1368 7 4639 1360 7 4640 1368 7 4641 1366 7 4642 1360 7 4643 1366 7 4644 1364 7 4645 1362 7 4646 1360 703 4647 1366 703 4648 1362 703 4649 1369 10 4650 1353 10 4651 1355 10 4652 1355 10 4653 1357 10 4654 1369 10 4655 1357 10 4656 1359 10 4657 1367 10 4658 1359 10 4659 1361 10 4660 1367 10 4661 1361 10 4662 1363 10 4663 1365 10 4664 1367 10 4665 1361 10 4666 1365 10 4667 1355 704 4668 1356 704 4669 1358 704 4670 1357 705 4671 1358 705 4672 1360 705 4673 1359 706 4674 1360 706 4675 1362 706 4676 1362 697 4677 1364 697 4678 1363 697 4679 1364 707 4680 1366 707 4681 1365 707 4682 1366 708 4683 1368 708 4684 1367 708 4685 1367 709 4686 1368 709 4687 1370 709 4688 1369 710 4689 1370 710 4690 1354 710 4691 1373 9 4692 1371 9 4693 1372 9 4694 1372 9 4695 1374 9 4696 1373 9 4697 1376 9 4698 1378 9 4699 1377 9 4700 1377 9 4701 1375 9 4702 1376 9 4703 1381 7 4704 1379 7 4705 1380 7 4706 1380 7 4707 1382 7 4708 1381 7 4709 1384 7 4710 1386 7 4711 1385 7 4712 1385 7 4713 1383 7 4714 1384 7 4715 1389 7 4716 1387 7 4717 1388 7 4718 1388 7 4719 1390 7 4720 1389 7 4721 1392 7 4722 1394 7 4723 1393 7 4724 1393 7 4725 1391 7 4726 1392 7 4727 1151 6 4728 2553 6 4729 2556 6 4730 1402 711 4731 1403 711 4732 1398 711 4733 1398 712 4734 1403 712 4735 1404 712 4736 1401 713 4737 1404 713 4738 1405 713 4739 1405 714 4740 1402 714 4741 1396 714 4742 1399 715 4743 1395 715 4744 1402 715 4745 1402 716 4746 1395 716 4747 1397 716 4748 1406 6 4749 1407 6 4750 1409 6 4751 1411 10 4752 1413 10 4753 1417 10 4754 1413 717 4755 1412 717 4756 1416 717 4757 1410 9 4758 1411 9 4759 1415 9 4760 1412 7 4761 1410 7 4762 1414 7 4763 1416 718 4764 1420 718 4765 1421 718 4766 1414 12 4767 1415 12 4768 1419 12 4769 1416 719 4770 1414 719 4771 1418 719 4772 1417 720 4773 1421 720 4774 1419 720 4775 1422 15 4776 1435 26 4777 1429 15 4778 1427 21 4779 1435 26 4780 1428 26 4781 1426 20 4782 1434 21 4783 1427 21 4784 1426 20 4785 1432 19 4786 1433 20 4787 1424 17 4788 1432 19 4789 1425 19 4790 1424 17 4791 1430 30 4792 1431 17 4793 1422 15 4794 1430 30 4795 1423 16 4796 1436 721 4797 1438 721 4798 1439 721 4799 1443 15 4800 1456 26 4801 1450 15 4802 1448 21 4803 1456 26 4804 1449 23 4805 1447 20 4806 1455 21 4807 1448 21 4808 1447 20 4809 1453 19 4810 1454 140 4811 1445 17 4812 1453 19 4813 1446 19 4814 1445 17 4815 1451 18 4816 1452 17 4817 1443 15 4818 1451 18 4819 1444 16 4820 1460 27 4821 1462 27 4822 1459 27 4823 1464 15 4824 1477 26 4825 1471 15 4826 1469 21 4827 1477 26 4828 1470 23 4829 1468 20 4830 1476 21 4831 1469 21 4832 1468 20 4833 1474 19 4834 1475 20 4835 1466 17 4836 1474 19 4837 1467 19 4838 1466 17 4839 1472 18 4840 1473 17 4841 1464 15 4842 1472 18 4843 1465 16 4844 1483 28 4845 1480 28 4846 1481 28 4847 1485 15 4848 1498 26 4849 1492 15 4850 1490 21 4851 1498 26 4852 1491 23 4853 1489 20 4854 1497 21 4855 1490 21 4856 1489 20 4857 1495 19 4858 1496 20 4859 1487 17 4860 1495 19 4861 1488 19 4862 1487 17 4863 1493 18 4864 1494 17 4865 1485 15 4866 1493 18 4867 1486 16 4868 1504 722 4869 1501 722 4870 1502 722 4871 1512 18 4872 1513 15 4873 1506 15 4874 1512 18 4875 1518 17 4876 1519 18 4877 1510 19 4878 1518 17 4879 1511 17 4880 1510 19 4881 1516 20 4882 1517 19 4883 1508 21 4884 1516 20 4885 1509 20 4886 1508 21 4887 1514 23 4888 1515 21 4889 1507 26 4890 1513 15 4891 1514 23 4892 1540 16 4893 1534 15 4894 1533 16 4895 1533 16 4896 1534 15 4897 1527 15 4898 1533 16 4899 1539 17 4900 1540 16 4901 1531 19 4902 1539 17 4903 1532 17 4904 1531 19 4905 1537 20 4906 1538 19 4907 1529 21 4908 1537 20 4909 1530 20 4910 1529 21 4911 1535 23 4912 1536 21 4913 1528 26 4914 1534 15 4915 1535 23 4916 1561 16 4917 1555 15 4918 1554 18 4919 1554 18 4920 1555 15 4921 1548 15 4922 1554 18 4923 1560 17 4924 1561 16 4925 1552 19 4926 1560 17 4927 1553 17 4928 1552 19 4929 1558 20 4930 1559 19 4931 1550 21 4932 1558 20 4933 1551 20 4934 1550 21 4935 1556 23 4936 1557 21 4937 1549 23 4938 1555 15 4939 1556 23 4940 1582 16 4941 1576 15 4942 1575 16 4943 1575 16 4944 1576 15 4945 1569 15 4946 1575 16 4947 1581 17 4948 1582 16 4949 1573 19 4950 1581 17 4951 1574 17 4952 1573 19 4953 1579 20 4954 1580 19 4955 1571 21 4956 1579 20 4957 1572 20 4958 1571 21 4959 1577 26 4960 1578 21 4961 1570 22 4962 1576 15 4963 1577 26 4964 1588 31 4965 1585 31 4966 1586 31 4967 1596 32 4968 1597 15 4969 1590 15 4970 1595 33 4971 1603 32 4972 1596 32 4973 1594 34 4974 1602 33 4975 1595 33 4976 1593 35 4977 1601 34 4978 1594 34 4979 1592 36 4980 1600 35 4981 1593 35 4982 1591 37 4983 1599 36 4984 1592 36 4985 1590 15 4986 1598 37 4987 1591 37 4988 1609 10 4989 1606 10 4990 1607 10 4991 1617 32 4992 1618 15 4993 1611 15 4994 1616 33 4995 1624 32 4996 1617 32 4997 1615 38 4998 1623 33 4999 1616 33 5000 1614 39 5001 1622 38 5002 1615 38 5003 1613 36 5004 1621 39 5005 1614 39 5006 1612 40 5007 1620 36 5008 1613 36 5009 1611 15 5010 1619 40 5011 1612 40 5012 1630 10 5013 1627 10 5014 1628 10 5015 1638 32 5016 1639 15 5017 1632 15 5018 1637 33 5019 1645 32 5020 1638 32 5021 1636 38 5022 1644 33 5023 1637 33 5024 1635 39 5025 1643 38 5026 1636 38 5027 1634 36 5028 1642 39 5029 1635 39 5030 1633 37 5031 1641 36 5032 1634 36 5033 1632 15 5034 1640 37 5035 1633 37 5036 1651 10 5037 1648 10 5038 1649 10 5039 1659 32 5040 1660 15 5041 1653 15 5042 1658 33 5043 1666 32 5044 1659 32 5045 1657 34 5046 1665 33 5047 1658 33 5048 1656 35 5049 1664 38 5050 1657 34 5051 1655 36 5052 1663 39 5053 1656 35 5054 1654 37 5055 1662 36 5056 1655 36 5057 1653 15 5058 1661 37 5059 1654 37 5060 1672 10 5061 1669 10 5062 1670 10 5063 1428 26 5064 1435 26 5065 1422 15 5066 1434 21 5067 1435 26 5068 1427 21 5069 1433 20 5070 1434 21 5071 1426 20 5072 1425 19 5073 1432 19 5074 1426 20 5075 1431 17 5076 1432 19 5077 1424 17 5078 1423 16 5079 1430 30 5080 1424 17 5081 1429 15 5082 1430 30 5083 1422 15 5084 1437 27 5085 1438 27 5086 1436 27 5087 1439 27 5088 1440 27 5089 1436 27 5090 1436 27 5091 1441 27 5092 1442 27 5093 1449 23 5094 1456 26 5095 1443 15 5096 1436 723 5097 1440 723 5098 1441 723 5099 1455 21 5100 1456 26 5101 1448 21 5102 1454 140 5103 1455 21 5104 1447 20 5105 1446 19 5106 1453 19 5107 1447 20 5108 1452 17 5109 1453 19 5110 1445 17 5111 1444 16 5112 1451 18 5113 1445 17 5114 1450 15 5115 1451 18 5116 1443 15 5117 1458 27 5118 1459 27 5119 1457 27 5120 1462 27 5121 1460 27 5122 1461 27 5123 1462 27 5124 1463 27 5125 1459 27 5126 1470 23 5127 1477 26 5128 1464 15 5129 1459 27 5130 1463 27 5131 1457 27 5132 1476 21 5133 1477 26 5134 1469 21 5135 1475 20 5136 1476 21 5137 1468 20 5138 1467 19 5139 1474 19 5140 1468 20 5141 1473 17 5142 1474 19 5143 1466 17 5144 1465 16 5145 1472 18 5146 1466 17 5147 1471 15 5148 1472 18 5149 1464 15 5150 1479 41 5151 1480 41 5152 1483 41 5153 1483 42 5154 1481 42 5155 1482 42 5156 1478 27 5157 1483 27 5158 1484 27 5159 1478 724 5160 1479 724 5161 1483 724 5162 1491 23 5163 1498 26 5164 1485 15 5165 1497 21 5166 1498 26 5167 1490 21 5168 1496 20 5169 1497 21 5170 1489 20 5171 1488 19 5172 1495 19 5173 1489 20 5174 1494 17 5175 1495 19 5176 1487 17 5177 1486 16 5178 1493 18 5179 1487 17 5180 1492 15 5181 1493 18 5182 1485 15 5183 1500 725 5184 1501 725 5185 1504 725 5186 1504 27 5187 1502 27 5188 1503 27 5189 1499 726 5190 1504 726 5191 1505 726 5192 1499 27 5193 1500 27 5194 1504 27 5195 1519 18 5196 1513 15 5197 1512 18 5198 1511 17 5199 1518 17 5200 1512 18 5201 1517 19 5202 1518 17 5203 1510 19 5204 1509 20 5205 1516 20 5206 1510 19 5207 1515 21 5208 1516 20 5209 1508 21 5210 1507 26 5211 1514 23 5212 1508 21 5213 1506 15 5214 1513 15 5215 1507 26 5216 1521 9 5217 1522 9 5218 1520 9 5219 1523 727 5220 1524 727 5221 1522 727 5222 1525 728 5223 1526 728 5224 1522 728 5225 1522 729 5226 1524 729 5227 1525 729 5228 1522 47 5229 1526 47 5230 1520 47 5231 1532 17 5232 1539 17 5233 1533 16 5234 1538 19 5235 1539 17 5236 1531 19 5237 1530 20 5238 1537 20 5239 1531 19 5240 1536 21 5241 1537 20 5242 1529 21 5243 1528 26 5244 1535 23 5245 1529 21 5246 1527 15 5247 1534 15 5248 1528 26 5249 1542 9 5250 1543 9 5251 1541 9 5252 1544 9 5253 1545 9 5254 1543 9 5255 1541 730 5256 1546 730 5257 1547 730 5258 1543 9 5259 1546 9 5260 1541 9 5261 1543 49 5262 1545 49 5263 1546 49 5264 1553 17 5265 1560 17 5266 1554 18 5267 1559 19 5268 1560 17 5269 1552 19 5270 1551 20 5271 1558 20 5272 1552 19 5273 1557 21 5274 1558 20 5275 1550 21 5276 1549 23 5277 1556 23 5278 1550 21 5279 1548 15 5280 1555 15 5281 1549 23 5282 1563 50 5283 1564 50 5284 1567 50 5285 1565 9 5286 1566 9 5287 1564 9 5288 1562 731 5289 1567 731 5290 1568 731 5291 1562 732 5292 1563 732 5293 1567 732 5294 1564 53 5295 1566 53 5296 1567 53 5297 1574 17 5298 1581 17 5299 1575 16 5300 1580 19 5301 1581 17 5302 1573 19 5303 1572 20 5304 1579 20 5305 1573 19 5306 1578 21 5307 1579 20 5308 1571 21 5309 1570 22 5310 1577 26 5311 1571 21 5312 1569 15 5313 1576 15 5314 1570 22 5315 1584 9 5316 1585 9 5317 1588 9 5318 1588 9 5319 1586 9 5320 1587 9 5321 1588 9 5322 1589 9 5323 1584 9 5324 1603 32 5325 1597 15 5326 1596 32 5327 1584 733 5328 1589 733 5329 1583 733 5330 1602 33 5331 1603 32 5332 1595 33 5333 1601 34 5334 1602 33 5335 1594 34 5336 1600 35 5337 1601 34 5338 1593 35 5339 1599 36 5340 1600 35 5341 1592 36 5342 1598 37 5343 1599 36 5344 1591 37 5345 1597 15 5346 1598 37 5347 1590 15 5348 1605 10 5349 1606 10 5350 1609 10 5351 1609 10 5352 1607 10 5353 1608 10 5354 1604 734 5355 1609 734 5356 1610 734 5357 1604 735 5358 1605 735 5359 1609 735 5360 1624 32 5361 1618 15 5362 1617 32 5363 1623 33 5364 1624 32 5365 1616 33 5366 1622 38 5367 1623 33 5368 1615 38 5369 1621 39 5370 1622 38 5371 1614 39 5372 1620 36 5373 1621 39 5374 1613 36 5375 1619 40 5376 1620 36 5377 1612 40 5378 1618 15 5379 1619 40 5380 1611 15 5381 1626 10 5382 1627 10 5383 1630 10 5384 1630 10 5385 1628 10 5386 1629 10 5387 1630 10 5388 1631 10 5389 1626 10 5390 1645 32 5391 1639 15 5392 1638 32 5393 1626 10 5394 1631 10 5395 1625 10 5396 1644 33 5397 1645 32 5398 1637 33 5399 1643 38 5400 1644 33 5401 1636 38 5402 1642 39 5403 1643 38 5404 1635 39 5405 1641 36 5406 1642 39 5407 1634 36 5408 1640 37 5409 1641 36 5410 1633 37 5411 1639 15 5412 1640 37 5413 1632 15 5414 1647 10 5415 1648 10 5416 1651 10 5417 1651 10 5418 1649 10 5419 1650 10 5420 1646 736 5421 1651 736 5422 1652 736 5423 1646 737 5424 1647 737 5425 1651 737 5426 1666 32 5427 1660 15 5428 1659 32 5429 1665 33 5430 1666 32 5431 1658 33 5432 1664 38 5433 1665 33 5434 1657 34 5435 1663 39 5436 1664 38 5437 1656 35 5438 1662 36 5439 1663 39 5440 1655 36 5441 1661 37 5442 1662 36 5443 1654 37 5444 1660 15 5445 1661 37 5446 1653 15 5447 1672 10 5448 1670 10 5449 1671 10 5450 1667 738 5451 1672 738 5452 1673 738 5453 1672 10 5454 1667 10 5455 1669 10 5456 1669 739 5457 1667 739 5458 1668 739 5459 1676 27 5460 1675 27 5461 1674 27 5462 1675 27 5463 1676 27 5464 1677 27 5465 1679 27 5466 1680 27 5467 1681 27 5468 1680 27 5469 1679 27 5470 1678 27 5471 1684 9 5472 1683 9 5473 1682 9 5474 1683 9 5475 1684 9 5476 1685 9 5477 1687 9 5478 1688 9 5479 1689 9 5480 1688 9 5481 1687 9 5482 1686 9 5483 1697 27 5484 1707 27 5485 1695 27 5486 1704 9 5487 1694 9 5488 1706 9 5489 1692 740 5490 1694 740 5491 1695 740 5492 1695 741 5493 1694 741 5494 1696 741 5495 1697 742 5496 1696 742 5497 1698 742 5498 1699 743 5499 1698 743 5500 1700 743 5501 1701 744 5502 1700 744 5503 1702 744 5504 1702 745 5505 1704 745 5506 1705 745 5507 1705 746 5508 1704 746 5509 1706 746 5510 1707 747 5511 1706 747 5512 1690 747 5513 1725 9 5514 1713 9 5515 1709 9 5516 1714 748 5517 1724 748 5518 1712 748 5519 1710 749 5520 1711 749 5521 1713 749 5522 1712 750 5523 1713 750 5524 1715 750 5525 1714 751 5526 1715 751 5527 1717 751 5528 1716 752 5529 1717 752 5530 1719 752 5531 1720 753 5532 1718 753 5533 1719 753 5534 1722 754 5535 1720 754 5536 1721 754 5537 1722 755 5538 1723 755 5539 1725 755 5540 1724 756 5541 1725 756 5542 1709 756 5543 1733 757 5544 1743 757 5545 1731 757 5546 1740 758 5547 1730 758 5548 1742 758 5549 1728 72 5550 1730 72 5551 1731 72 5552 1731 73 5553 1730 73 5554 1732 73 5555 1733 74 5556 1732 74 5557 1734 74 5558 1735 759 5559 1734 759 5560 1736 759 5561 1737 760 5562 1736 760 5563 1738 760 5564 1739 761 5565 1738 761 5566 1740 761 5567 1741 246 5568 1740 246 5569 1742 246 5570 1743 89 5571 1742 89 5572 1726 89 5573 1759 762 5574 1749 762 5575 1761 762 5576 1748 763 5577 1760 763 5578 1746 763 5579 1746 764 5580 1747 764 5581 1749 764 5582 1750 261 5583 1748 261 5584 1749 261 5585 1752 765 5586 1750 765 5587 1751 765 5588 1754 766 5589 1752 766 5590 1753 766 5591 1756 86 5592 1754 86 5593 1755 86 5594 1758 767 5595 1756 767 5596 1757 767 5597 1760 88 5598 1758 88 5599 1759 88 5600 1744 768 5601 1760 768 5602 1761 768 5603 1769 769 5604 1779 769 5605 1767 769 5606 1776 770 5607 1772 770 5608 1778 770 5609 1764 92 5610 1766 92 5611 1767 92 5612 1767 93 5613 1766 93 5614 1768 93 5615 1769 94 5616 1768 94 5617 1770 94 5618 1770 771 5619 1772 771 5620 1773 771 5621 1772 772 5622 1774 772 5623 1775 772 5624 1797 773 5625 1785 773 5626 1781 773 5627 1786 774 5628 1790 774 5629 1784 774 5630 1782 775 5631 1783 775 5632 1785 775 5633 1786 776 5634 1784 776 5635 1785 776 5636 1788 777 5637 1786 777 5638 1787 777 5639 1790 778 5640 1788 778 5641 1789 778 5642 1790 779 5643 1791 779 5644 1793 779 5645 1799 780 5646 1815 780 5647 1803 780 5648 1808 10 5649 1804 10 5650 1806 10 5651 1800 781 5652 1801 781 5653 1803 781 5654 1804 299 5655 1802 299 5656 1803 299 5657 1806 782 5658 1804 782 5659 1805 782 5660 1806 783 5661 1807 783 5662 1809 783 5663 1808 784 5664 1809 784 5665 1811 784 5666 1831 785 5667 1827 785 5668 1829 785 5669 1830 9 5670 1826 9 5671 1832 9 5672 1818 786 5673 1820 786 5674 1821 786 5675 1821 787 5676 1820 787 5677 1822 787 5678 1823 59 5679 1822 59 5680 1824 59 5681 1825 788 5682 1824 788 5683 1826 788 5684 1826 789 5685 1828 789 5686 1829 789 5687 1851 10 5688 1839 10 5689 1835 10 5690 1844 7 5691 1840 7 5692 1842 7 5693 1836 790 5694 1837 790 5695 1839 790 5696 1840 117 5697 1838 117 5698 1839 117 5699 1842 324 5700 1840 324 5701 1841 324 5702 1844 119 5703 1842 119 5704 1843 119 5705 1844 791 5706 1845 791 5707 1847 791 5708 1867 792 5709 1863 792 5710 1865 792 5711 1866 27 5712 1862 27 5713 1868 27 5714 1854 793 5715 1856 793 5716 1857 793 5717 1857 794 5718 1856 794 5719 1858 794 5720 1859 795 5721 1858 795 5722 1860 795 5723 1861 796 5724 1860 796 5725 1862 796 5726 1862 797 5727 1864 797 5728 1865 797 5729 1881 798 5730 1887 798 5731 1879 798 5732 1884 799 5733 1880 799 5734 1886 799 5735 1872 128 5736 1874 128 5737 1875 128 5738 1875 800 5739 1874 800 5740 1876 800 5741 1877 130 5742 1876 130 5743 1878 130 5744 1879 801 5745 1878 801 5746 1880 801 5747 1880 802 5748 1882 802 5749 1883 802 5750 1905 803 5751 1893 803 5752 1889 803 5753 1898 804 5754 1894 804 5755 1896 804 5756 1890 805 5757 1891 805 5758 1893 805 5759 1894 806 5760 1892 806 5761 1893 806 5762 1896 807 5763 1894 807 5764 1895 807 5765 1898 808 5766 1896 808 5767 1897 808 5768 1898 809 5769 1899 809 5770 1901 809 5771 1908 10 5772 1907 10 5773 1906 10 5774 1907 10 5775 1908 10 5776 1909 10 5777 1911 10 5778 1912 10 5779 1913 10 5780 1912 10 5781 1911 10 5782 1910 10 5783 1914 15 5784 1927 23 5785 1921 15 5786 1919 141 5787 1927 23 5788 1920 26 5789 1918 140 5790 1926 21 5791 1919 141 5792 1918 140 5793 1924 25 5794 1925 20 5795 1916 139 5796 1924 25 5797 1917 25 5798 1916 139 5799 1922 18 5800 1923 17 5801 1914 15 5802 1922 18 5803 1915 16 5804 1928 810 5805 1930 810 5806 1931 810 5807 1935 15 5808 1948 26 5809 1942 15 5810 1940 21 5811 1948 26 5812 1941 23 5813 1939 20 5814 1947 141 5815 1940 21 5816 1939 20 5817 1945 19 5818 1946 140 5819 1937 17 5820 1945 19 5821 1938 19 5822 1937 17 5823 1943 16 5824 1944 17 5825 1935 15 5826 1943 16 5827 1936 16 5828 1952 811 5829 1954 811 5830 1951 811 5831 1956 15 5832 1969 23 5833 1963 15 5834 1961 21 5835 1969 23 5836 1962 23 5837 1960 20 5838 1968 21 5839 1961 21 5840 1960 20 5841 1966 19 5842 1967 20 5843 1958 17 5844 1966 19 5845 1959 19 5846 1958 17 5847 1964 18 5848 1965 17 5849 1956 15 5850 1964 18 5851 1957 16 5852 1975 812 5853 1972 812 5854 1973 812 5855 1977 15 5856 1990 23 5857 1984 15 5858 1982 21 5859 1990 23 5860 1983 26 5861 1981 20 5862 1989 21 5863 1982 21 5864 1981 20 5865 1987 19 5866 1988 20 5867 1979 17 5868 1987 19 5869 1980 19 5870 1979 17 5871 1985 18 5872 1986 17 5873 1977 15 5874 1985 18 5875 1978 18 5876 1996 813 5877 1993 813 5878 1994 813 5879 2004 18 5880 2005 15 5881 1998 15 5882 2004 18 5883 2010 17 5884 2011 18 5885 2002 19 5886 2010 17 5887 2003 17 5888 2002 19 5889 2008 20 5890 2009 19 5891 2000 21 5892 2008 20 5893 2001 20 5894 2000 21 5895 2006 26 5896 2007 21 5897 1999 23 5898 2005 15 5899 2006 26 5900 2032 16 5901 2026 15 5902 2025 16 5903 2025 16 5904 2026 15 5905 2019 15 5906 2025 16 5907 2031 17 5908 2032 16 5909 2023 19 5910 2031 17 5911 2024 17 5912 2023 19 5913 2029 20 5914 2030 19 5915 2021 21 5916 2029 20 5917 2022 20 5918 2021 21 5919 2027 23 5920 2028 21 5921 2020 23 5922 2026 15 5923 2027 23 5924 2053 16 5925 2047 15 5926 2046 16 5927 2046 16 5928 2047 15 5929 2040 15 5930 2046 16 5931 2052 17 5932 2053 16 5933 2044 19 5934 2052 17 5935 2045 17 5936 2044 19 5937 2050 20 5938 2051 19 5939 2042 21 5940 2050 20 5941 2043 20 5942 2042 21 5943 2048 23 5944 2049 21 5945 2041 23 5946 2047 15 5947 2048 23 5948 2074 16 5949 2068 15 5950 2067 16 5951 2067 16 5952 2068 15 5953 2061 15 5954 2067 16 5955 2073 17 5956 2074 16 5957 2065 19 5958 2073 17 5959 2066 17 5960 2065 19 5961 2071 140 5962 2072 19 5963 2063 21 5964 2071 140 5965 2064 140 5966 2063 21 5967 2069 22 5968 2070 21 5969 2062 26 5970 2068 15 5971 2069 22 5972 2080 146 5973 2077 146 5974 2078 146 5975 2088 147 5976 2089 15 5977 2082 15 5978 2087 148 5979 2095 147 5980 2088 147 5981 2086 149 5982 2094 148 5983 2087 148 5984 2085 150 5985 2093 149 5986 2086 149 5987 2084 151 5988 2092 150 5989 2085 150 5990 2083 152 5991 2091 151 5992 2084 151 5993 2082 15 5994 2090 156 5995 2083 152 5996 2101 10 5997 2098 10 5998 2099 10 5999 2109 147 6000 2110 15 6001 2103 15 6002 2108 148 6003 2116 147 6004 2109 147 6005 2107 149 6006 2115 148 6007 2108 148 6008 2106 150 6009 2114 149 6010 2107 149 6011 2105 153 6012 2113 150 6013 2106 150 6014 2104 152 6015 2112 153 6016 2105 153 6017 2103 15 6018 2111 152 6019 2104 152 6020 2122 10 6021 2119 10 6022 2120 10 6023 2130 147 6024 2131 15 6025 2124 15 6026 2129 148 6027 2137 147 6028 2130 147 6029 2128 155 6030 2136 148 6031 2129 148 6032 2127 150 6033 2135 155 6034 2128 155 6035 2126 151 6036 2134 150 6037 2127 150 6038 2125 156 6039 2133 151 6040 2126 151 6041 2124 15 6042 2132 156 6043 2125 156 6044 2143 10 6045 2140 10 6046 2141 10 6047 2151 147 6048 2152 15 6049 2145 15 6050 2150 148 6051 2158 147 6052 2151 147 6053 2149 149 6054 2157 148 6055 2150 148 6056 2148 157 6057 2156 149 6058 2149 149 6059 2147 151 6060 2155 157 6061 2148 157 6062 2146 152 6063 2154 151 6064 2147 151 6065 2145 15 6066 2153 156 6067 2146 152 6068 2164 10 6069 2161 10 6070 2162 10 6071 1920 26 6072 1927 23 6073 1914 15 6074 1926 21 6075 1927 23 6076 1919 141 6077 1925 20 6078 1926 21 6079 1918 140 6080 1917 25 6081 1924 25 6082 1918 140 6083 1923 17 6084 1924 25 6085 1916 139 6086 1915 16 6087 1922 18 6088 1916 139 6089 1921 15 6090 1922 18 6091 1914 15 6092 1929 814 6093 1930 814 6094 1928 814 6095 1931 815 6096 1932 815 6097 1928 815 6098 1928 27 6099 1933 27 6100 1934 27 6101 1941 23 6102 1948 26 6103 1935 15 6104 1928 27 6105 1932 27 6106 1933 27 6107 1947 141 6108 1948 26 6109 1940 21 6110 1946 140 6111 1947 141 6112 1939 20 6113 1938 19 6114 1945 19 6115 1939 20 6116 1944 17 6117 1945 19 6118 1937 17 6119 1936 16 6120 1943 16 6121 1937 17 6122 1942 15 6123 1943 16 6124 1935 15 6125 1950 814 6126 1951 814 6127 1949 814 6128 1954 816 6129 1952 816 6130 1953 816 6131 1954 817 6132 1955 817 6133 1951 817 6134 1962 23 6135 1969 23 6136 1956 15 6137 1951 818 6138 1955 818 6139 1949 818 6140 1968 21 6141 1969 23 6142 1961 21 6143 1967 20 6144 1968 21 6145 1960 20 6146 1959 19 6147 1966 19 6148 1960 20 6149 1965 17 6150 1966 19 6151 1958 17 6152 1957 16 6153 1964 18 6154 1958 17 6155 1963 15 6156 1964 18 6157 1956 15 6158 1971 817 6159 1972 817 6160 1975 817 6161 1975 819 6162 1973 819 6163 1974 819 6164 1970 165 6165 1975 165 6166 1976 165 6167 1970 820 6168 1971 820 6169 1975 820 6170 1983 26 6171 1990 23 6172 1977 15 6173 1989 21 6174 1990 23 6175 1982 21 6176 1988 20 6177 1989 21 6178 1981 20 6179 1980 19 6180 1987 19 6181 1981 20 6182 1986 17 6183 1987 19 6184 1979 17 6185 1978 18 6186 1985 18 6187 1979 17 6188 1984 15 6189 1985 18 6190 1977 15 6191 1992 821 6192 1993 821 6193 1996 821 6194 1996 822 6195 1994 822 6196 1995 822 6197 1991 823 6198 1996 823 6199 1997 823 6200 1991 824 6201 1992 824 6202 1996 824 6203 2011 18 6204 2005 15 6205 2004 18 6206 2003 17 6207 2010 17 6208 2004 18 6209 2009 19 6210 2010 17 6211 2002 19 6212 2001 20 6213 2008 20 6214 2002 19 6215 2007 21 6216 2008 20 6217 2000 21 6218 1999 23 6219 2006 26 6220 2000 21 6221 1998 15 6222 2005 15 6223 1999 23 6224 2013 9 6225 2014 9 6226 2012 9 6227 2015 9 6228 2016 9 6229 2014 9 6230 2017 9 6231 2018 9 6232 2014 9 6233 2014 825 6234 2016 825 6235 2017 825 6236 2014 9 6237 2018 9 6238 2012 9 6239 2024 17 6240 2031 17 6241 2025 16 6242 2030 19 6243 2031 17 6244 2023 19 6245 2022 20 6246 2029 20 6247 2023 19 6248 2028 21 6249 2029 20 6250 2021 21 6251 2020 23 6252 2027 23 6253 2021 21 6254 2019 15 6255 2026 15 6256 2020 23 6257 2034 9 6258 2035 9 6259 2033 9 6260 2036 9 6261 2037 9 6262 2035 9 6263 2033 826 6264 2038 826 6265 2039 826 6266 2035 827 6267 2038 827 6268 2033 827 6269 2035 174 6270 2037 174 6271 2038 174 6272 2045 17 6273 2052 17 6274 2046 16 6275 2051 19 6276 2052 17 6277 2044 19 6278 2043 20 6279 2050 20 6280 2044 19 6281 2049 21 6282 2050 20 6283 2042 21 6284 2041 23 6285 2048 23 6286 2042 21 6287 2040 15 6288 2047 15 6289 2041 23 6290 2055 9 6291 2056 9 6292 2059 9 6293 2057 175 6294 2058 175 6295 2056 175 6296 2054 828 6297 2059 828 6298 2060 828 6299 2054 9 6300 2055 9 6301 2059 9 6302 2056 9 6303 2058 9 6304 2059 9 6305 2066 17 6306 2073 17 6307 2067 16 6308 2072 19 6309 2073 17 6310 2065 19 6311 2064 140 6312 2071 140 6313 2065 19 6314 2070 21 6315 2071 140 6316 2063 21 6317 2062 26 6318 2069 22 6319 2063 21 6320 2061 15 6321 2068 15 6322 2062 26 6323 2076 829 6324 2077 829 6325 2080 829 6326 2080 177 6327 2078 177 6328 2079 177 6329 2080 9 6330 2081 9 6331 2076 9 6332 2095 147 6333 2089 15 6334 2088 147 6335 2076 830 6336 2081 830 6337 2075 830 6338 2094 148 6339 2095 147 6340 2087 148 6341 2093 149 6342 2094 148 6343 2086 149 6344 2092 150 6345 2093 149 6346 2085 150 6347 2091 151 6348 2092 150 6349 2084 151 6350 2090 156 6351 2091 151 6352 2083 152 6353 2089 15 6354 2090 156 6355 2082 15 6356 2097 10 6357 2098 10 6358 2101 10 6359 2101 10 6360 2099 10 6361 2100 10 6362 2096 831 6363 2101 831 6364 2102 831 6365 2096 832 6366 2097 832 6367 2101 832 6368 2116 147 6369 2110 15 6370 2109 147 6371 2115 148 6372 2116 147 6373 2108 148 6374 2114 149 6375 2115 148 6376 2107 149 6377 2113 150 6378 2114 149 6379 2106 150 6380 2112 153 6381 2113 150 6382 2105 153 6383 2111 152 6384 2112 153 6385 2104 152 6386 2110 15 6387 2111 152 6388 2103 15 6389 2118 10 6390 2119 10 6391 2122 10 6392 2122 10 6393 2120 10 6394 2121 10 6395 2122 10 6396 2123 10 6397 2118 10 6398 2137 147 6399 2131 15 6400 2130 147 6401 2118 10 6402 2123 10 6403 2117 10 6404 2136 148 6405 2137 147 6406 2129 148 6407 2135 155 6408 2136 148 6409 2128 155 6410 2134 150 6411 2135 155 6412 2127 150 6413 2133 151 6414 2134 150 6415 2126 151 6416 2132 156 6417 2133 151 6418 2125 156 6419 2131 15 6420 2132 156 6421 2124 15 6422 2139 10 6423 2140 10 6424 2143 10 6425 2143 10 6426 2141 10 6427 2142 10 6428 2138 833 6429 2143 833 6430 2144 833 6431 2138 834 6432 2139 834 6433 2143 834 6434 2158 147 6435 2152 15 6436 2151 147 6437 2157 148 6438 2158 147 6439 2150 148 6440 2156 149 6441 2157 148 6442 2149 149 6443 2155 157 6444 2156 149 6445 2148 157 6446 2154 151 6447 2155 157 6448 2147 151 6449 2153 156 6450 2154 151 6451 2146 152 6452 2152 15 6453 2153 156 6454 2145 15 6455 2164 10 6456 2162 10 6457 2163 10 6458 2159 835 6459 2164 835 6460 2165 835 6461 2164 10 6462 2159 10 6463 2161 10 6464 2161 836 6465 2159 836 6466 2160 836 6467 2168 9 6468 2167 9 6469 2166 9 6470 2167 9 6471 2168 9 6472 2169 9 6473 2171 9 6474 2172 9 6475 2173 9 6476 2172 9 6477 2171 9 6478 2170 9 6479 2176 10 6480 2175 10 6481 2174 10 6482 2175 10 6483 2176 10 6484 2177 10 6485 2186 184 6486 2188 184 6487 2179 184 6488 2192 837 6489 2190 837 6490 2182 837 6491 2193 838 6492 2189 838 6493 2178 838 6494 2182 839 6495 2180 839 6496 2179 839 6497 2190 840 6498 2186 840 6499 2180 840 6500 2196 27 6501 2183 27 6502 2185 27 6503 2181 841 6504 2187 841 6505 2191 841 6506 2191 7 6507 2187 7 6508 2186 7 6509 2179 842 6510 2188 842 6511 2192 842 6512 2188 843 6513 2189 843 6514 2193 843 6515 2193 844 6516 2185 844 6517 2183 844 6518 2192 27 6519 2193 27 6520 2191 27 6521 2181 845 6522 2178 845 6523 2189 845 6524 2187 846 6525 2189 846 6526 2188 846 6527 2194 9 6528 2178 9 6529 2181 9 6530 2185 847 6531 2178 847 6532 2194 847 6533 2195 848 6534 2181 848 6535 2183 848 6536 2204 156 6537 2205 15 6538 2198 15 6539 2203 151 6540 2211 156 6541 2204 156 6542 2202 150 6543 2210 151 6544 2203 151 6545 2201 149 6546 2209 150 6547 2202 150 6548 2200 148 6549 2208 149 6550 2201 149 6551 2199 154 6552 2207 196 6553 2200 148 6554 2198 15 6555 2206 147 6556 2199 154 6557 2217 849 6558 2214 849 6559 2215 849 6560 2225 152 6561 2226 15 6562 2219 15 6563 2224 151 6564 2232 156 6565 2225 152 6566 2223 150 6567 2231 151 6568 2224 151 6569 2222 149 6570 2230 150 6571 2223 150 6572 2221 148 6573 2229 149 6574 2222 149 6575 2220 147 6576 2228 148 6577 2221 148 6578 2219 15 6579 2227 154 6580 2220 147 6581 2238 7 6582 2235 7 6583 2236 7 6584 2246 152 6585 2247 15 6586 2240 15 6587 2245 151 6588 2253 152 6589 2246 152 6590 2244 150 6591 2252 151 6592 2245 151 6593 2243 149 6594 2251 157 6595 2244 150 6596 2242 148 6597 2250 149 6598 2243 149 6599 2241 154 6600 2249 148 6601 2242 148 6602 2240 15 6603 2248 154 6604 2241 154 6605 2259 7 6606 2256 7 6607 2257 7 6608 2267 152 6609 2268 15 6610 2261 15 6611 2266 153 6612 2274 152 6613 2267 152 6614 2265 150 6615 2273 153 6616 2266 153 6617 2264 149 6618 2272 150 6619 2265 150 6620 2263 148 6621 2271 149 6622 2264 149 6623 2262 147 6624 2270 148 6625 2263 148 6626 2261 15 6627 2269 147 6628 2262 147 6629 2280 7 6630 2277 7 6631 2278 7 6632 2211 156 6633 2205 15 6634 2204 156 6635 2210 151 6636 2211 156 6637 2203 151 6638 2209 150 6639 2210 151 6640 2202 150 6641 2208 149 6642 2209 150 6643 2201 149 6644 2207 196 6645 2208 149 6646 2200 148 6647 2206 147 6648 2207 196 6649 2199 154 6650 2205 15 6651 2206 147 6652 2198 15 6653 2213 850 6654 2214 850 6655 2217 850 6656 2217 851 6657 2215 851 6658 2216 851 6659 2212 852 6660 2217 852 6661 2218 852 6662 2212 853 6663 2213 853 6664 2217 853 6665 2232 156 6666 2226 15 6667 2225 152 6668 2231 151 6669 2232 156 6670 2224 151 6671 2230 150 6672 2231 151 6673 2223 150 6674 2229 149 6675 2230 150 6676 2222 149 6677 2228 148 6678 2229 149 6679 2221 148 6680 2227 154 6681 2228 148 6682 2220 147 6683 2226 15 6684 2227 154 6685 2219 15 6686 2234 7 6687 2235 7 6688 2238 7 6689 2238 7 6690 2236 7 6691 2237 7 6692 2238 7 6693 2239 7 6694 2234 7 6695 2253 152 6696 2247 15 6697 2246 152 6698 2234 7 6699 2239 7 6700 2233 7 6701 2252 151 6702 2253 152 6703 2245 151 6704 2251 157 6705 2252 151 6706 2244 150 6707 2250 149 6708 2251 157 6709 2243 149 6710 2249 148 6711 2250 149 6712 2242 148 6713 2248 154 6714 2249 148 6715 2241 154 6716 2247 15 6717 2248 154 6718 2240 15 6719 2255 7 6720 2256 7 6721 2259 7 6722 2259 7 6723 2257 7 6724 2258 7 6725 2254 7 6726 2259 7 6727 2260 7 6728 2254 7 6729 2255 7 6730 2259 7 6731 2274 152 6732 2268 15 6733 2267 152 6734 2273 153 6735 2274 152 6736 2266 153 6737 2272 150 6738 2273 153 6739 2265 150 6740 2271 149 6741 2272 150 6742 2264 149 6743 2270 148 6744 2271 149 6745 2263 148 6746 2269 147 6747 2270 148 6748 2262 147 6749 2268 15 6750 2269 147 6751 2261 15 6752 2280 7 6753 2278 7 6754 2279 7 6755 2275 7 6756 2280 7 6757 2281 7 6758 2280 7 6759 2275 7 6760 2277 7 6761 2277 7 6762 2275 7 6763 2276 7 6764 1402 854 6765 1398 854 6766 1396 854 6767 1398 855 6768 1404 855 6769 1401 855 6770 1401 856 6771 1405 856 6772 1400 856 6773 1405 857 6774 1396 857 6775 1400 857 6776 1399 858 6777 1402 858 6778 1405 858 6779 1402 859 6780 1397 859 6781 1403 859 6782 1406 6 6783 1409 6 6784 1408 6 6785 1411 10 6786 1417 10 6787 1415 10 6788 1413 860 6789 1416 860 6790 1417 860 6791 1410 9 6792 1415 9 6793 1414 9 6794 1412 7 6795 1414 7 6796 1416 7 6797 1416 861 6798 1421 861 6799 1417 861 6800 1414 862 6801 1419 862 6802 1418 862 6803 1416 863 6804 1418 863 6805 1420 863 6806 1417 864 6807 1419 864 6808 1415 864 6809 1695 27 6810 1691 27 6811 1693 27 6812 1691 27 6813 1695 27 6814 1707 27 6815 1707 27 6816 1697 27 6817 1705 27 6818 1705 27 6819 1697 27 6820 1703 27 6821 1703 214 6822 1699 214 6823 1701 214 6824 1697 215 6825 1699 215 6826 1703 215 6827 1706 9 6828 1692 9 6829 1690 9 6830 1692 865 6831 1706 865 6832 1694 865 6833 1694 217 6834 1704 217 6835 1696 217 6836 1696 9 6837 1704 9 6838 1698 9 6839 1698 218 6840 1702 218 6841 1700 218 6842 1704 219 6843 1702 219 6844 1698 219 6845 1692 866 6846 1695 866 6847 1693 866 6848 1695 741 6849 1696 741 6850 1697 741 6851 1697 867 6852 1698 867 6853 1699 867 6854 1699 868 6855 1700 868 6856 1701 868 6857 1701 869 6858 1702 869 6859 1703 869 6860 1702 870 6861 1705 870 6862 1703 870 6863 1705 746 6864 1706 746 6865 1707 746 6866 1707 747 6867 1690 747 6868 1691 747 6869 1709 871 6870 1713 871 6871 1711 871 6872 1713 872 6873 1723 872 6874 1715 872 6875 1715 873 6876 1721 873 6877 1717 873 6878 1717 9 6879 1721 9 6880 1719 9 6881 1721 9 6882 1715 9 6883 1723 9 6884 1723 874 6885 1713 874 6886 1725 874 6887 1710 27 6888 1712 27 6889 1708 27 6890 1708 27 6891 1712 27 6892 1724 27 6893 1724 27 6894 1714 27 6895 1722 27 6896 1722 27 6897 1716 27 6898 1720 27 6899 1720 229 6900 1716 229 6901 1718 229 6902 1716 27 6903 1722 27 6904 1714 27 6905 1710 875 6906 1713 875 6907 1712 875 6908 1712 750 6909 1715 750 6910 1714 750 6911 1714 876 6912 1717 876 6913 1716 876 6914 1716 877 6915 1719 877 6916 1718 877 6917 1720 878 6918 1719 878 6919 1721 878 6920 1722 879 6921 1721 879 6922 1723 879 6923 1722 880 6924 1725 880 6925 1724 880 6926 1724 881 6927 1709 881 6928 1708 881 6929 1731 882 6930 1727 882 6931 1729 882 6932 1727 883 6933 1731 883 6934 1743 883 6935 1743 7 6936 1733 7 6937 1741 7 6938 1741 7 6939 1733 7 6940 1739 7 6941 1739 884 6942 1735 884 6943 1737 884 6944 1733 885 6945 1735 885 6946 1739 885 6947 1742 10 6948 1728 10 6949 1726 10 6950 1728 886 6951 1742 886 6952 1730 886 6953 1730 10 6954 1740 10 6955 1732 10 6956 1732 10 6957 1740 10 6958 1734 10 6959 1734 10 6960 1738 10 6961 1736 10 6962 1740 10 6963 1738 10 6964 1734 10 6965 1728 82 6966 1731 82 6967 1729 82 6968 1731 887 6969 1732 887 6970 1733 887 6971 1733 888 6972 1734 888 6973 1735 888 6974 1735 889 6975 1736 889 6976 1737 889 6977 1737 890 6978 1738 890 6979 1739 890 6980 1739 245 6981 1740 245 6982 1741 245 6983 1741 891 6984 1742 891 6985 1743 891 6986 1743 892 6987 1726 892 6988 1727 892 6989 1745 893 6990 1761 893 6991 1747 893 6992 1747 894 6993 1761 894 6994 1749 894 6995 1749 895 6996 1759 895 6997 1751 895 6998 1751 896 6999 1757 896 7000 1753 896 7001 1753 897 7002 1757 897 7003 1755 897 7004 1757 898 7005 1751 898 7006 1759 898 7007 1746 899 7008 1760 899 7009 1744 899 7010 1760 900 7011 1750 900 7012 1758 900 7013 1758 901 7014 1752 901 7015 1756 901 7016 1756 902 7017 1752 902 7018 1754 902 7019 1752 903 7020 1758 903 7021 1750 903 7022 1750 904 7023 1760 904 7024 1748 904 7025 1746 905 7026 1749 905 7027 1748 905 7028 1750 83 7029 1749 83 7030 1751 83 7031 1752 906 7032 1751 906 7033 1753 906 7034 1754 759 7035 1753 759 7036 1755 759 7037 1756 907 7038 1755 907 7039 1757 907 7040 1758 264 7041 1757 264 7042 1759 264 7043 1760 88 7044 1759 88 7045 1761 88 7046 1744 892 7047 1761 892 7048 1745 892 7049 1767 908 7050 1763 908 7051 1765 908 7052 1763 909 7053 1767 909 7054 1779 909 7055 1779 7 7056 1773 7 7057 1777 7 7058 1777 910 7059 1773 910 7060 1775 910 7061 1773 7 7062 1779 7 7063 1771 7 7064 1771 911 7065 1779 911 7066 1769 911 7067 1778 912 7068 1772 912 7069 1762 912 7070 1762 913 7071 1766 913 7072 1764 913 7073 1772 914 7074 1766 914 7075 1762 914 7076 1766 915 7077 1772 915 7078 1768 915 7079 1768 916 7080 1772 916 7081 1770 916 7082 1772 10 7083 1776 10 7084 1774 10 7085 1764 917 7086 1767 917 7087 1765 917 7088 1767 918 7089 1768 918 7090 1769 918 7091 1769 919 7092 1770 919 7093 1771 919 7094 1770 920 7095 1773 920 7096 1771 920 7097 1772 921 7098 1775 921 7099 1773 921 7100 1781 922 7101 1785 922 7102 1783 922 7103 1785 923 7104 1797 923 7105 1787 923 7106 1787 924 7107 1797 924 7108 1789 924 7109 1789 925 7110 1797 925 7111 1791 925 7112 1791 926 7113 1795 926 7114 1793 926 7115 1795 927 7116 1791 927 7117 1797 927 7118 1782 928 7119 1784 928 7120 1780 928 7121 1780 929 7122 1790 929 7123 1796 929 7124 1784 930 7125 1790 930 7126 1780 930 7127 1796 27 7128 1790 27 7129 1794 27 7130 1794 27 7131 1790 27 7132 1792 27 7133 1790 27 7134 1786 27 7135 1788 27 7136 1782 875 7137 1785 875 7138 1784 875 7139 1786 931 7140 1785 931 7141 1787 931 7142 1788 876 7143 1787 876 7144 1789 876 7145 1790 932 7146 1789 932 7147 1791 932 7148 1790 933 7149 1793 933 7150 1792 933 7151 1799 7 7152 1803 7 7153 1801 7 7154 1803 7 7155 1815 7 7156 1805 7 7157 1805 934 7158 1815 934 7159 1807 934 7160 1807 7 7161 1815 7 7162 1809 7 7163 1809 935 7164 1813 935 7165 1811 935 7166 1809 7 7167 1815 7 7168 1813 7 7169 1800 936 7170 1802 936 7171 1798 936 7172 1798 937 7173 1808 937 7174 1814 937 7175 1812 938 7176 1808 938 7177 1810 938 7178 1798 939 7179 1802 939 7180 1808 939 7181 1814 940 7182 1808 940 7183 1812 940 7184 1804 10 7185 1808 10 7186 1802 10 7187 1800 298 7188 1803 298 7189 1802 298 7190 1804 348 7191 1803 348 7192 1805 348 7193 1806 941 7194 1805 941 7195 1807 941 7196 1806 350 7197 1809 350 7198 1808 350 7199 1808 942 7200 1811 942 7201 1810 942 7202 1821 27 7203 1817 27 7204 1819 27 7205 1817 943 7206 1821 943 7207 1833 943 7208 1833 944 7209 1827 944 7210 1831 944 7211 1823 945 7212 1825 945 7213 1833 945 7214 1823 946 7215 1833 946 7216 1821 946 7217 1827 947 7218 1833 947 7219 1825 947 7220 1832 948 7221 1826 948 7222 1816 948 7223 1816 949 7224 1820 949 7225 1818 949 7226 1826 950 7227 1820 950 7228 1816 950 7229 1820 9 7230 1826 9 7231 1822 9 7232 1822 9 7233 1826 9 7234 1824 9 7235 1826 9 7236 1830 9 7237 1828 9 7238 1818 951 7239 1821 951 7240 1819 951 7241 1821 787 7242 1822 787 7243 1823 787 7244 1823 952 7245 1824 952 7246 1825 952 7247 1825 953 7248 1826 953 7249 1827 953 7250 1826 954 7251 1829 954 7252 1827 954 7253 1835 955 7254 1839 955 7255 1837 955 7256 1839 956 7257 1851 956 7258 1841 956 7259 1841 10 7260 1851 10 7261 1843 10 7262 1843 10 7263 1851 10 7264 1845 10 7265 1845 957 7266 1849 957 7267 1847 957 7268 1849 10 7269 1845 10 7270 1851 10 7271 1836 958 7272 1838 958 7273 1834 958 7274 1834 959 7275 1844 959 7276 1850 959 7277 1848 7 7278 1844 7 7279 1846 7 7280 1834 960 7281 1838 960 7282 1844 960 7283 1850 961 7284 1844 961 7285 1848 961 7286 1840 272 7287 1844 272 7288 1838 272 7289 1836 322 7290 1839 322 7291 1838 322 7292 1840 117 7293 1839 117 7294 1841 117 7295 1842 962 7296 1841 962 7297 1843 962 7298 1844 963 7299 1843 963 7300 1845 963 7301 1844 964 7302 1847 964 7303 1846 964 7304 1857 9 7305 1853 9 7306 1855 9 7307 1853 965 7308 1857 965 7309 1869 965 7310 1869 283 7311 1863 283 7312 1867 283 7313 1859 966 7314 1861 966 7315 1869 966 7316 1859 967 7317 1869 967 7318 1857 967 7319 1863 968 7320 1869 968 7321 1861 968 7322 1868 969 7323 1862 969 7324 1852 969 7325 1852 970 7326 1856 970 7327 1854 970 7328 1862 971 7329 1856 971 7330 1852 971 7331 1856 27 7332 1862 27 7333 1858 27 7334 1858 335 7335 1862 335 7336 1860 335 7337 1862 27 7338 1866 27 7339 1864 27 7340 1854 972 7341 1857 972 7342 1855 972 7343 1857 794 7344 1858 794 7345 1859 794 7346 1859 973 7347 1860 973 7348 1861 973 7349 1861 974 7350 1862 974 7351 1863 974 7352 1862 103 7353 1865 103 7354 1863 103 7355 1875 975 7356 1871 975 7357 1873 975 7358 1887 976 7359 1881 976 7360 1885 976 7361 1885 977 7362 1881 977 7363 1883 977 7364 1887 978 7365 1877 978 7366 1879 978 7367 1875 10 7368 1887 10 7369 1871 10 7370 1877 979 7371 1887 979 7372 1875 979 7373 1886 980 7374 1880 980 7375 1870 980 7376 1870 981 7377 1874 981 7378 1872 981 7379 1880 982 7380 1874 982 7381 1870 982 7382 1874 983 7383 1880 983 7384 1876 983 7385 1876 7 7386 1880 7 7387 1878 7 7388 1880 7 7389 1884 7 7390 1882 7 7391 1872 106 7392 1875 106 7393 1873 106 7394 1875 800 7395 1876 800 7396 1877 800 7397 1877 984 7398 1878 984 7399 1879 984 7400 1879 801 7401 1880 801 7402 1881 801 7403 1880 985 7404 1883 985 7405 1881 985 7406 1889 986 7407 1893 986 7408 1891 986 7409 1893 987 7410 1905 987 7411 1895 987 7412 1895 988 7413 1905 988 7414 1897 988 7415 1897 989 7416 1905 989 7417 1899 989 7418 1899 990 7419 1903 990 7420 1901 990 7421 1903 302 7422 1899 302 7423 1905 302 7424 1890 991 7425 1892 991 7426 1888 991 7427 1888 992 7428 1898 992 7429 1904 992 7430 1902 9 7431 1898 9 7432 1900 9 7433 1888 993 7434 1892 993 7435 1898 993 7436 1904 9 7437 1898 9 7438 1902 9 7439 1894 9 7440 1898 9 7441 1892 9 7442 1890 994 7443 1893 994 7444 1892 994 7445 1894 995 7446 1893 995 7447 1895 995 7448 1896 996 7449 1895 996 7450 1897 996 7451 1898 997 7452 1897 997 7453 1899 997 7454 1898 998 7455 1901 998 7456 1900 998 7457 2186 999 7458 2179 999 7459 2180 999 7460 2192 1000 7461 2182 1000 7462 2184 1000 7463 2193 1001 7464 2178 1001 7465 2185 1001 7466 2182 1002 7467 2179 1002 7468 2184 1002 7469 2190 1003 7470 2180 1003 7471 2182 1003 7472 2196 27 7473 2185 27 7474 2197 27 7475 2181 1004 7476 2191 1004 7477 2183 1004 7478 2191 1005 7479 2186 1005 7480 2190 1005 7481 2179 1006 7482 2192 1006 7483 2184 1006 7484 2188 10 7485 2193 10 7486 2192 10 7487 2193 1007 7488 2183 1007 7489 2191 1007 7490 2192 27 7491 2191 27 7492 2190 27 7493 2181 1008 7494 2189 1008 7495 2187 1008 7496 2187 194 7497 2188 194 7498 2186 194 7499 2194 9 7500 2181 9 7501 2195 9 7502 2185 1009 7503 2194 1009 7504 2197 1009 7505 2195 7 7506 2183 7 7507 2196 7 7508 2286 6 7509 2283 6 7510 2284 6 7511 2287 10 7512 2282 10 7513 2283 10 7514 2285 15 7515 2282 15 7516 2287 15 7517 2284 7 7518 2285 7 7519 2288 7 7520 2291 1010 7521 2290 1010 7522 2293 1010 7523 2296 6 7524 2295 6 7525 2298 6 7526 2295 1011 7527 2294 1011 7528 2299 1011 7529 2294 15 7530 2297 15 7531 2300 15 7532 2296 10 7533 2301 10 7534 2300 10 7535 2305 1012 7536 2302 1012 7537 2303 1012 7538 2286 6 7539 2284 6 7540 2289 6 7541 2287 10 7542 2283 10 7543 2286 10 7544 2285 15 7545 2287 15 7546 2288 15 7547 2284 7 7548 2288 7 7549 2289 7 7550 2291 1013 7551 2293 1013 7552 2292 1013 7553 2296 6 7554 2298 6 7555 2301 6 7556 2295 1014 7557 2299 1014 7558 2298 1014 7559 2294 15 7560 2300 15 7561 2299 15 7562 2296 10 7563 2300 10 7564 2297 10 7565 2305 1015 7566 2303 1015 7567 2304 1015 7568 2308 1016 7569 2307 1016 7570 2306 1016 7571 2308 1017 7572 2306 1017 7573 2451 1017 7574 2311 10 7575 2451 10 7576 2306 10 7577 2454 1018 7578 2453 1018 7579 2455 1018 7580 2453 1019 7581 2452 1019 7582 2457 1019 7583 2326 26 7584 2319 26 7585 2320 15 7586 2319 26 7587 2313 15 7588 2320 15 7589 2319 26 7590 2326 26 7591 2325 141 7592 2317 140 7593 2318 141 7594 2325 141 7595 2317 140 7596 2324 140 7597 2323 19 7598 2315 17 7599 2316 19 7600 2323 19 7601 2315 17 7602 2322 17 7603 2321 16 7604 2314 16 7605 2321 16 7606 2320 15 7607 2332 393 7608 2330 393 7609 2329 393 7610 2318 141 7611 2319 26 7612 2325 141 7613 2324 140 7614 2317 140 7615 2325 141 7616 2316 19 7617 2317 140 7618 2323 19 7619 2322 17 7620 2315 17 7621 2323 19 7622 2314 16 7623 2315 17 7624 2321 16 7625 2313 15 7626 2314 16 7627 2320 15 7628 2328 9 7629 2332 9 7630 2329 9 7631 2332 394 7632 2331 394 7633 2330 394 7634 2332 9 7635 2328 9 7636 2333 9 7637 2328 396 7638 2327 396 7639 2333 396 7640 2347 26 7641 2340 26 7642 2341 15 7643 2340 26 7644 2334 15 7645 2341 15 7646 2340 26 7647 2347 26 7648 2346 141 7649 2338 140 7650 2339 141 7651 2346 141 7652 2338 140 7653 2345 140 7654 2344 19 7655 2336 17 7656 2337 19 7657 2344 19 7658 2336 17 7659 2343 17 7660 2342 18 7661 2335 16 7662 2342 18 7663 2341 15 7664 2353 1020 7665 2351 1020 7666 2350 1020 7667 2339 141 7668 2340 26 7669 2346 141 7670 2345 140 7671 2338 140 7672 2346 141 7673 2337 19 7674 2338 140 7675 2344 19 7676 2343 17 7677 2336 17 7678 2344 19 7679 2335 16 7680 2336 17 7681 2342 18 7682 2334 15 7683 2335 16 7684 2341 15 7685 2349 9 7686 2353 9 7687 2350 9 7688 2353 9 7689 2352 9 7690 2351 9 7691 2353 391 7692 2349 391 7693 2354 391 7694 2349 392 7695 2348 392 7696 2354 392 7697 2368 26 7698 2361 26 7699 2362 15 7700 2361 26 7701 2355 15 7702 2362 15 7703 2361 26 7704 2368 26 7705 2367 141 7706 2359 140 7707 2360 141 7708 2367 141 7709 2359 140 7710 2366 140 7711 2365 19 7712 2357 17 7713 2358 19 7714 2365 19 7715 2357 17 7716 2364 17 7717 2363 16 7718 2356 16 7719 2363 16 7720 2362 15 7721 2374 393 7722 2372 393 7723 2371 393 7724 2360 141 7725 2361 26 7726 2367 141 7727 2366 140 7728 2359 140 7729 2367 141 7730 2358 19 7731 2359 140 7732 2365 19 7733 2364 17 7734 2357 17 7735 2365 19 7736 2356 16 7737 2357 17 7738 2363 16 7739 2355 15 7740 2356 16 7741 2362 15 7742 2370 9 7743 2374 9 7744 2371 9 7745 2374 394 7746 2373 394 7747 2372 394 7748 2374 9 7749 2370 9 7750 2375 9 7751 2370 9 7752 2369 9 7753 2375 9 7754 2389 26 7755 2382 26 7756 2383 15 7757 2382 26 7758 2376 15 7759 2383 15 7760 2382 26 7761 2389 26 7762 2388 141 7763 2380 140 7764 2381 141 7765 2388 141 7766 2380 140 7767 2387 140 7768 2386 19 7769 2378 17 7770 2379 19 7771 2386 19 7772 2378 17 7773 2385 17 7774 2384 16 7775 2377 16 7776 2384 16 7777 2383 15 7778 2395 393 7779 2393 393 7780 2392 393 7781 2381 141 7782 2382 26 7783 2388 141 7784 2387 140 7785 2380 140 7786 2388 141 7787 2379 19 7788 2380 140 7789 2386 19 7790 2385 17 7791 2378 17 7792 2386 19 7793 2377 16 7794 2378 17 7795 2384 16 7796 2376 15 7797 2377 16 7798 2383 15 7799 2391 9 7800 2395 9 7801 2392 9 7802 2395 394 7803 2394 394 7804 2393 394 7805 2395 9 7806 2391 9 7807 2396 9 7808 2391 9 7809 2390 9 7810 2396 9 7811 2404 398 7812 2414 398 7813 2402 398 7814 2411 27 7815 2401 27 7816 2413 27 7817 2399 1021 7818 2401 1021 7819 2402 1021 7820 2401 1022 7821 2403 1022 7822 2404 1022 7823 2403 1023 7824 2405 1023 7825 2406 1023 7826 2406 1024 7827 2405 1024 7828 2407 1024 7829 2408 1025 7830 2407 1025 7831 2409 1025 7832 2410 1026 7833 2409 1026 7834 2411 1026 7835 2411 1027 7836 2413 1027 7837 2414 1027 7838 2413 1028 7839 2397 1028 7840 2398 1028 7841 2402 9 7842 2398 9 7843 2400 9 7844 2398 9 7845 2402 9 7846 2414 9 7847 2414 407 7848 2404 407 7849 2412 407 7850 2412 1029 7851 2404 1029 7852 2410 1029 7853 2410 9 7854 2406 9 7855 2408 9 7856 2404 9 7857 2406 9 7858 2410 9 7859 2413 1030 7860 2399 1030 7861 2397 1030 7862 2399 27 7863 2413 27 7864 2401 27 7865 2401 27 7866 2411 27 7867 2403 27 7868 2403 27 7869 2411 27 7870 2405 27 7871 2405 27 7872 2409 27 7873 2407 27 7874 2411 27 7875 2409 27 7876 2405 27 7877 2399 1031 7878 2402 1031 7879 2400 1031 7880 2401 1032 7881 2404 1032 7882 2402 1032 7883 2403 1033 7884 2406 1033 7885 2404 1033 7886 2406 1034 7887 2407 1034 7888 2408 1034 7889 2408 1035 7890 2409 1035 7891 2410 1035 7892 2410 1036 7893 2411 1036 7894 2412 1036 7895 2411 422 7896 2414 422 7897 2412 422 7898 2413 1037 7899 2398 1037 7900 2414 1037 7901 2422 1038 7902 2432 1038 7903 2420 1038 7904 2429 27 7905 2419 27 7906 2431 27 7907 2417 1039 7908 2419 1039 7909 2420 1039 7910 2419 418 7911 2421 418 7912 2422 418 7913 2421 1040 7914 2423 1040 7915 2424 1040 7916 2424 1041 7917 2423 1041 7918 2425 1041 7919 2426 1042 7920 2425 1042 7921 2427 1042 7922 2428 1043 7923 2427 1043 7924 2429 1043 7925 2429 1044 7926 2431 1044 7927 2432 1044 7928 2431 1045 7929 2415 1045 7930 2416 1045 7931 2420 428 7932 2416 428 7933 2418 428 7934 2416 9 7935 2420 9 7936 2432 9 7937 2432 9 7938 2422 9 7939 2430 9 7940 2430 429 7941 2422 429 7942 2428 429 7943 2428 1046 7944 2424 1046 7945 2426 1046 7946 2422 9 7947 2424 9 7948 2428 9 7949 2431 27 7950 2417 27 7951 2415 27 7952 2417 27 7953 2431 27 7954 2419 27 7955 2419 1047 7956 2429 1047 7957 2421 1047 7958 2421 27 7959 2429 27 7960 2423 27 7961 2423 1048 7962 2427 1048 7963 2425 1048 7964 2429 27 7965 2427 27 7966 2423 27 7967 2417 489 7968 2420 489 7969 2418 489 7970 2419 418 7971 2422 418 7972 2420 418 7973 2421 1049 7974 2424 1049 7975 2422 1049 7976 2424 1050 7977 2425 1050 7978 2426 1050 7979 2426 1051 7980 2427 1051 7981 2428 1051 7982 2428 1036 7983 2429 1036 7984 2430 1036 7985 2429 1052 7986 2432 1052 7987 2430 1052 7988 2431 1053 7989 2416 1053 7990 2432 1053 7991 2440 9 7992 2450 9 7993 2438 9 7994 2447 27 7995 2437 27 7996 2449 27 7997 2435 1054 7998 2437 1054 7999 2438 1054 8000 2437 1055 8001 2439 1055 8002 2440 1055 8003 2439 1056 8004 2441 1056 8005 2442 1056 8006 2442 1057 8007 2441 1057 8008 2443 1057 8009 2444 1025 8010 2443 1025 8011 2445 1025 8012 2446 1058 8013 2445 1058 8014 2447 1058 8015 2447 1059 8016 2449 1059 8017 2450 1059 8018 2449 1045 8019 2433 1045 8020 2434 1045 8021 2438 9 8022 2434 9 8023 2436 9 8024 2434 9 8025 2438 9 8026 2450 9 8027 2450 9 8028 2440 9 8029 2448 9 8030 2448 9 8031 2440 9 8032 2446 9 8033 2446 9 8034 2442 9 8035 2444 9 8036 2440 9 8037 2442 9 8038 2446 9 8039 2449 1060 8040 2435 1060 8041 2433 1060 8042 2435 1061 8043 2449 1061 8044 2437 1061 8045 2437 27 8046 2447 27 8047 2439 27 8048 2439 27 8049 2447 27 8050 2441 27 8051 2441 1062 8052 2445 1062 8053 2443 1062 8054 2447 1063 8055 2445 1063 8056 2441 1063 8057 2435 1064 8058 2438 1064 8059 2436 1064 8060 2437 1065 8061 2440 1065 8062 2438 1065 8063 2439 1066 8064 2442 1066 8065 2440 1066 8066 2442 1067 8067 2443 1067 8068 2444 1067 8069 2444 1068 8070 2445 1068 8071 2446 1068 8072 2446 1036 8073 2447 1036 8074 2448 1036 8075 2447 1052 8076 2450 1052 8077 2448 1052 8078 2449 1069 8079 2434 1069 8080 2450 1069 8081 2309 1070 8082 2452 1070 8083 2308 1070 8084 2453 1071 8085 2454 1071 8086 2311 1071 8087 2309 1072 8088 2451 1072 8089 2311 1072 8090 2453 1073 8091 2310 1073 8092 2308 1073 8093 2457 1074 8094 2458 1074 8095 2456 1074 8096 2452 1075 8097 2309 1075 8098 2458 1075 8099 2454 1076 8100 2456 1076 8101 2458 1076 8102 2468 1077 8103 2462 1077 8104 2463 1077 8105 2465 1078 8106 2459 1078 8107 2461 1078 8108 2464 10 8109 2462 10 8110 2468 10 8111 2466 1079 8112 2460 1079 8113 2459 1079 8114 2488 7 8115 2476 7 8116 2472 7 8117 2477 10 8118 2487 10 8119 2475 10 8120 2473 1080 8121 2474 1080 8122 2476 1080 8123 2477 467 8124 2475 467 8125 2476 467 8126 2479 1081 8127 2477 1081 8128 2478 1081 8129 2479 1082 8130 2480 1082 8131 2482 1082 8132 2481 1083 8133 2482 1083 8134 2484 1083 8135 2500 27 8136 2504 27 8137 2498 27 8138 2499 9 8139 2495 9 8140 2505 9 8141 2491 1084 8142 2493 1084 8143 2494 1084 8144 2494 422 8145 2493 422 8146 2495 422 8147 2496 1085 8148 2495 1085 8149 2497 1085 8150 2498 1086 8151 2497 1086 8152 2499 1086 8153 2499 1087 8154 2501 1087 8155 2502 1087 8156 2472 7 8157 2476 7 8158 2474 7 8159 2476 7 8160 2488 7 8161 2478 7 8162 2478 7 8163 2486 7 8164 2480 7 8165 2488 7 8166 2486 7 8167 2478 7 8168 2480 1088 8169 2486 1088 8170 2482 1088 8171 2482 1089 8172 2486 1089 8173 2484 1089 8174 2473 10 8175 2475 10 8176 2471 10 8177 2471 10 8178 2475 10 8179 2487 10 8180 2487 10 8181 2481 10 8182 2485 10 8183 2485 1090 8184 2481 1090 8185 2483 1090 8186 2487 10 8187 2477 10 8188 2481 10 8189 2481 10 8190 2477 10 8191 2479 10 8192 2473 1091 8193 2476 1091 8194 2475 1091 8195 2477 1092 8196 2476 1092 8197 2478 1092 8198 2479 1093 8199 2478 1093 8200 2480 1093 8201 2479 481 8202 2482 481 8203 2481 481 8204 2481 1094 8205 2484 1094 8206 2483 1094 8207 2494 27 8208 2490 27 8209 2492 27 8210 2494 1095 8211 2506 1095 8212 2490 1095 8213 2498 27 8214 2504 27 8215 2496 27 8216 2496 1096 8217 2506 1096 8218 2494 1096 8219 2504 1097 8220 2506 1097 8221 2496 1097 8222 2502 1098 8223 2504 1098 8224 2500 1098 8225 2505 487 8226 2493 487 8227 2489 487 8228 2489 1099 8229 2493 1099 8230 2491 1099 8231 2493 9 8232 2505 9 8233 2495 9 8234 2495 9 8235 2499 9 8236 2497 9 8237 2499 9 8238 2503 9 8239 2501 9 8240 2503 9 8241 2499 9 8242 2505 9 8243 2491 432 8244 2494 432 8245 2492 432 8246 2494 422 8247 2495 422 8248 2496 422 8249 2496 1100 8250 2497 1100 8251 2498 1100 8252 2498 1101 8253 2499 1101 8254 2500 1101 8255 2499 1102 8256 2502 1102 8257 2500 1102 8258 2522 1103 8259 2512 1103 8260 2524 1103 8261 2511 7 8262 2523 7 8263 2509 7 8264 2511 494 8265 2509 494 8266 2510 494 8267 2513 551 8268 2511 551 8269 2512 551 8270 2515 496 8271 2513 496 8272 2514 496 8273 2517 515 8274 2515 515 8275 2516 515 8276 2519 516 8277 2517 516 8278 2518 516 8279 2521 499 8280 2519 499 8281 2520 499 8282 2523 553 8283 2521 553 8284 2522 553 8285 2507 1104 8286 2523 1104 8287 2524 1104 8288 2540 1103 8289 2530 1103 8290 2542 1103 8291 2529 7 8292 2541 7 8293 2527 7 8294 2529 502 8295 2527 502 8296 2528 502 8297 2531 1105 8298 2529 1105 8299 2530 1105 8300 2533 504 8301 2531 504 8302 2532 504 8303 2535 524 8304 2533 524 8305 2534 524 8306 2537 525 8307 2535 525 8308 2536 525 8309 2539 507 8310 2537 507 8311 2538 507 8312 2541 1106 8313 2539 1106 8314 2540 1106 8315 2525 1107 8316 2541 1107 8317 2542 1107 8318 2508 10 8319 2524 10 8320 2510 10 8321 2510 1108 8322 2524 1108 8323 2512 1108 8324 2512 10 8325 2522 10 8326 2514 10 8327 2514 10 8328 2520 10 8329 2516 10 8330 2516 10 8331 2520 10 8332 2518 10 8333 2520 10 8334 2514 10 8335 2522 10 8336 2509 7 8337 2523 7 8338 2507 7 8339 2523 7 8340 2513 7 8341 2521 7 8342 2521 7 8343 2515 7 8344 2519 7 8345 2519 7 8346 2515 7 8347 2517 7 8348 2515 7 8349 2521 7 8350 2513 7 8351 2513 1109 8352 2523 1109 8353 2511 1109 8354 2511 494 8355 2510 494 8356 2512 494 8357 2513 1110 8358 2512 1110 8359 2514 1110 8360 2515 514 8361 2514 514 8362 2516 514 8363 2517 1111 8364 2516 1111 8365 2518 1111 8366 2519 1112 8367 2518 1112 8368 2520 1112 8369 2521 517 8370 2520 517 8371 2522 517 8372 2523 1113 8373 2522 1113 8374 2524 1113 8375 2507 1114 8376 2524 1114 8377 2508 1114 8378 2526 10 8379 2542 10 8380 2528 10 8381 2528 1115 8382 2542 1115 8383 2530 1115 8384 2530 10 8385 2540 10 8386 2532 10 8387 2532 10 8388 2538 10 8389 2534 10 8390 2534 10 8391 2538 10 8392 2536 10 8393 2538 10 8394 2532 10 8395 2540 10 8396 2527 7 8397 2541 7 8398 2525 7 8399 2541 7 8400 2531 7 8401 2539 7 8402 2539 7 8403 2533 7 8404 2537 7 8405 2537 7 8406 2533 7 8407 2535 7 8408 2533 7 8409 2539 7 8410 2531 7 8411 2531 1116 8412 2541 1116 8413 2529 1116 8414 2529 502 8415 2528 502 8416 2530 502 8417 2531 1117 8418 2530 1117 8419 2532 1117 8420 2533 504 8421 2532 504 8422 2534 504 8423 2535 1118 8424 2534 1118 8425 2536 1118 8426 2537 1119 8427 2536 1119 8428 2538 1119 8429 2539 526 8430 2538 526 8431 2540 526 8432 2541 1120 8433 2540 1120 8434 2542 1120 8435 2525 1121 8436 2542 1121 8437 2526 1121 8438 2311 1122 8439 2306 1122 8440 2312 1122 8441 2454 1123 8442 2455 1123 8443 2456 1123 8444 2453 1124 8445 2457 1124 8446 2455 1124 8447 2309 1125 8448 2308 1125 8449 2451 1125 8450 2453 1126 8451 2311 1126 8452 2310 1126 8453 2309 1127 8454 2311 1127 8455 2454 1127 8456 2453 1128 8457 2308 1128 8458 2452 1128 8459 2457 1129 8460 2456 1129 8461 2455 1129 8462 2452 1130 8463 2458 1130 8464 2457 1130 8465 2454 7 8466 2458 7 8467 2309 7 8468 2468 1131 8469 2463 1131 8470 2469 1131 8471 2465 10 8472 2461 10 8473 2467 10 8474 2464 1132 8475 2468 1132 8476 2470 1132 8477 2466 1133 8478 2459 1133 8479 2465 1133 8480 2546 9 8481 2469 9 8482 2463 9 8483 2545 541 8484 2308 541 8485 2310 541 8486 2544 542 8487 2307 542 8488 2308 542 8489 2552 27 8490 2556 27 8491 2551 27 8492 2549 1134 8493 2553 1134 8494 2554 1134 8495 2549 1135 8496 2555 1135 8497 2550 1135 8498 2550 1136 8499 2545 1136 8500 2310 1136 8501 2573 1137 8502 2563 1137 8503 2575 1137 8504 2562 7 8505 2574 7 8506 2560 7 8507 2562 494 8508 2560 494 8509 2561 494 8510 2564 551 8511 2562 551 8512 2563 551 8513 2566 547 8514 2564 547 8515 2565 547 8516 2568 515 8517 2566 515 8518 2567 515 8519 2570 1138 8520 2568 1138 8521 2569 1138 8522 2572 549 8523 2570 549 8524 2571 549 8525 2574 553 8526 2572 553 8527 2573 553 8528 2558 1139 8529 2574 1139 8530 2575 1139 8531 2559 10 8532 2575 10 8533 2561 10 8534 2561 1108 8535 2575 1108 8536 2563 1108 8537 2563 10 8538 2573 10 8539 2565 10 8540 2565 10 8541 2571 10 8542 2567 10 8543 2567 10 8544 2571 10 8545 2569 10 8546 2571 10 8547 2565 10 8548 2573 10 8549 2560 7 8550 2574 7 8551 2558 7 8552 2574 7 8553 2564 7 8554 2572 7 8555 2572 7 8556 2566 7 8557 2570 7 8558 2570 7 8559 2566 7 8560 2568 7 8561 2566 7 8562 2572 7 8563 2564 7 8564 2564 1109 8565 2574 1109 8566 2562 1109 8567 2562 494 8568 2561 494 8569 2563 494 8570 2564 1140 8571 2563 1140 8572 2565 1140 8573 2566 514 8574 2565 514 8575 2567 514 8576 2568 1111 8577 2567 1111 8578 2569 1111 8579 2570 1112 8580 2569 1112 8581 2571 1112 8582 2572 552 8583 2571 552 8584 2573 552 8585 2574 500 8586 2573 500 8587 2575 500 8588 2558 1141 8589 2575 1141 8590 2559 1141 8591 2591 1137 8592 2581 1137 8593 2593 1137 8594 2580 7 8595 2592 7 8596 2578 7 8597 2580 555 8598 2578 555 8599 2579 555 8600 2582 562 8601 2580 562 8602 2581 562 8603 2584 557 8604 2582 557 8605 2583 557 8606 2586 563 8607 2584 563 8608 2585 563 8609 2588 570 8610 2586 570 8611 2587 570 8612 2590 507 8613 2588 507 8614 2589 507 8615 2592 565 8616 2590 565 8617 2591 565 8618 2576 1139 8619 2592 1139 8620 2593 1139 8621 2577 10 8622 2593 10 8623 2579 10 8624 2579 1115 8625 2593 1115 8626 2581 1115 8627 2581 10 8628 2591 10 8629 2583 10 8630 2583 10 8631 2589 10 8632 2585 10 8633 2585 10 8634 2589 10 8635 2587 10 8636 2589 10 8637 2583 10 8638 2591 10 8639 2578 7 8640 2592 7 8641 2576 7 8642 2592 7 8643 2582 7 8644 2590 7 8645 2590 7 8646 2584 7 8647 2588 7 8648 2588 7 8649 2584 7 8650 2586 7 8651 2584 7 8652 2590 7 8653 2582 7 8654 2582 1109 8655 2592 1109 8656 2580 1109 8657 2580 1142 8658 2579 1142 8659 2581 1142 8660 2582 1143 8661 2581 1143 8662 2583 1143 8663 2584 514 8664 2583 514 8665 2585 514 8666 2586 1144 8667 2585 1144 8668 2587 1144 8669 2588 1145 8670 2587 1145 8671 2589 1145 8672 2590 507 8673 2589 507 8674 2591 507 8675 2592 560 8676 2591 560 8677 2593 560 8678 2576 1141 8679 2593 1141 8680 2577 1141 8681 2609 1137 8682 2599 1137 8683 2611 1137 8684 2598 7 8685 2610 7 8686 2596 7 8687 2598 566 8688 2596 566 8689 2597 566 8690 2600 551 8691 2598 551 8692 2599 551 8693 2602 514 8694 2600 514 8695 2601 514 8696 2604 515 8697 2602 515 8698 2603 515 8699 2606 570 8700 2604 570 8701 2605 570 8702 2608 507 8703 2606 507 8704 2607 507 8705 2610 565 8706 2608 565 8707 2609 565 8708 2594 1139 8709 2610 1139 8710 2611 1139 8711 2595 10 8712 2611 10 8713 2597 10 8714 2597 1115 8715 2611 1115 8716 2599 1115 8717 2599 10 8718 2609 10 8719 2601 10 8720 2601 10 8721 2607 10 8722 2603 10 8723 2603 10 8724 2607 10 8725 2605 10 8726 2607 10 8727 2601 10 8728 2609 10 8729 2596 7 8730 2610 7 8731 2594 7 8732 2610 7 8733 2600 7 8734 2608 7 8735 2608 7 8736 2602 7 8737 2606 7 8738 2606 7 8739 2602 7 8740 2604 7 8741 2602 7 8742 2608 7 8743 2600 7 8744 2600 1109 8745 2610 1109 8746 2598 1109 8747 2598 566 8748 2597 566 8749 2599 566 8750 2600 1143 8751 2599 1143 8752 2601 1143 8753 2602 514 8754 2601 514 8755 2603 514 8756 2604 1144 8757 2603 1144 8758 2605 1144 8759 2606 1145 8760 2605 1145 8761 2607 1145 8762 2608 568 8763 2607 568 8764 2609 568 8765 2610 560 8766 2609 560 8767 2611 560 8768 2594 1141 8769 2611 1141 8770 2595 1141 8771 2627 1137 8772 2617 1137 8773 2629 1137 8774 2616 7 8775 2628 7 8776 2614 7 8777 2616 566 8778 2614 566 8779 2615 566 8780 2618 562 8781 2616 562 8782 2617 562 8783 2620 514 8784 2618 514 8785 2619 514 8786 2622 563 8787 2620 563 8788 2621 563 8789 2624 564 8790 2622 564 8791 2623 564 8792 2626 568 8793 2624 568 8794 2625 568 8795 2628 565 8796 2626 565 8797 2627 565 8798 2612 1139 8799 2628 1139 8800 2629 1139 8801 2613 10 8802 2629 10 8803 2615 10 8804 2615 1108 8805 2629 1108 8806 2617 1108 8807 2617 10 8808 2627 10 8809 2619 10 8810 2619 10 8811 2625 10 8812 2621 10 8813 2621 10 8814 2625 10 8815 2623 10 8816 2625 10 8817 2619 10 8818 2627 10 8819 2614 7 8820 2628 7 8821 2612 7 8822 2628 7 8823 2618 7 8824 2626 7 8825 2626 7 8826 2620 7 8827 2624 7 8828 2624 7 8829 2620 7 8830 2622 7 8831 2620 7 8832 2626 7 8833 2618 7 8834 2618 1109 8835 2628 1109 8836 2616 1109 8837 2616 566 8838 2615 566 8839 2617 566 8840 2618 1140 8841 2617 1140 8842 2619 1140 8843 2620 557 8844 2619 557 8845 2621 557 8846 2622 1111 8847 2621 1111 8848 2623 1111 8849 2624 1146 8850 2623 1146 8851 2625 1146 8852 2626 507 8853 2625 507 8854 2627 507 8855 2628 560 8856 2627 560 8857 2629 560 8858 2612 1147 8859 2629 1147 8860 2613 1147 8861 2637 9 8862 2647 9 8863 2635 9 8864 2644 27 8865 2634 27 8866 2646 27 8867 2632 1148 8868 2634 1148 8869 2635 1148 8870 2634 1149 8871 2636 1149 8872 2637 1149 8873 2636 1150 8874 2638 1150 8875 2639 1150 8876 2639 1151 8877 2638 1151 8878 2640 1151 8879 2641 1152 8880 2640 1152 8881 2642 1152 8882 2643 1153 8883 2642 1153 8884 2644 1153 8885 2644 1154 8886 2646 1154 8887 2647 1154 8888 2646 1155 8889 2630 1155 8890 2631 1155 8891 2635 9 8892 2631 9 8893 2633 9 8894 2631 9 8895 2635 9 8896 2647 9 8897 2647 1156 8898 2637 1156 8899 2645 1156 8900 2645 9 8901 2637 9 8902 2643 9 8903 2643 583 8904 2639 583 8905 2641 583 8906 2637 1157 8907 2639 1157 8908 2643 1157 8909 2646 27 8910 2632 27 8911 2630 27 8912 2632 27 8913 2646 27 8914 2634 27 8915 2634 1158 8916 2644 1158 8917 2636 1158 8918 2636 27 8919 2644 27 8920 2638 27 8921 2638 27 8922 2642 27 8923 2640 27 8924 2644 27 8925 2642 27 8926 2638 27 8927 2632 1159 8928 2635 1159 8929 2633 1159 8930 2634 1160 8931 2637 1160 8932 2635 1160 8933 2636 1161 8934 2639 1161 8935 2637 1161 8936 2639 1162 8937 2640 1162 8938 2641 1162 8939 2641 1163 8940 2642 1163 8941 2643 1163 8942 2643 1164 8943 2644 1164 8944 2645 1164 8945 2644 1165 8946 2647 1165 8947 2645 1165 8948 2646 1166 8949 2631 1166 8950 2647 1166 8951 2655 1167 8952 2665 1167 8953 2653 1167 8954 2662 27 8955 2652 27 8956 2664 27 8957 2650 1168 8958 2652 1168 8959 2653 1168 8960 2652 1169 8961 2654 1169 8962 2655 1169 8963 2654 1150 8964 2656 1150 8965 2657 1150 8966 2657 1170 8967 2656 1170 8968 2658 1170 8969 2659 1152 8970 2658 1152 8971 2660 1152 8972 2661 1171 8973 2660 1171 8974 2662 1171 8975 2662 1172 8976 2664 1172 8977 2665 1172 8978 2664 1173 8979 2648 1173 8980 2649 1173 8981 2653 1174 8982 2649 1174 8983 2651 1174 8984 2649 9 8985 2653 9 8986 2665 9 8987 2665 9 8988 2655 9 8989 2663 9 8990 2663 9 8991 2655 9 8992 2661 9 8993 2661 1175 8994 2657 1175 8995 2659 1175 8996 2655 1176 8997 2657 1176 8998 2661 1176 8999 2664 1177 9000 2650 1177 9001 2648 1177 9002 2650 27 9003 2664 27 9004 2652 27 9005 2652 27 9006 2662 27 9007 2654 27 9008 2654 27 9009 2662 27 9010 2656 27 9011 2656 27 9012 2660 27 9013 2658 27 9014 2662 27 9015 2660 27 9016 2656 27 9017 2650 1178 9018 2653 1178 9019 2651 1178 9020 2652 1179 9021 2655 1179 9022 2653 1179 9023 2654 1180 9024 2657 1180 9025 2655 1180 9026 2657 1181 9027 2658 1181 9028 2659 1181 9029 2659 1182 9030 2660 1182 9031 2661 1182 9032 2661 1164 9033 2662 1164 9034 2663 1164 9035 2662 1165 9036 2665 1165 9037 2663 1165 9038 2664 1183 9039 2649 1183 9040 2665 1183 9041 1403 1184 9042 2667 1184 9043 1404 1184 9044 2666 1185 9045 2669 1185 9046 2667 1185 9047 2670 609 9048 2673 609 9049 2671 609 9050 2677 610 9051 2675 610 9052 2674 610 9053 2670 27 9054 2676 27 9055 2672 27 9056 2670 1186 9057 2674 1186 9058 2675 1186 9059 2673 9 9060 2674 9 9061 2671 9 9062 2681 1187 9063 2679 1187 9064 2678 1187 9065 2683 1188 9066 2684 1188 9067 2682 1188 9068 2680 1189 9069 2683 1189 9070 2679 1189 9071 2679 1190 9072 2682 1190 9073 2678 1190 9074 2681 1191 9075 2682 1191 9076 2684 1191 9077 2680 1192 9078 2684 1192 9079 2685 1192 9080 2688 640 9081 2687 618 9082 2686 620 9083 2690 638 9084 2689 641 9085 2688 640 9086 2692 636 9087 2691 639 9088 2690 638 9089 2694 634 9090 2693 637 9091 2692 636 9092 2696 632 9093 2695 635 9094 2694 634 9095 2698 630 9096 2697 633 9097 2696 632 9098 2700 628 9099 2699 631 9100 2698 630 9101 2702 626 9102 2701 629 9103 2700 628 9104 2704 624 9105 2703 627 9106 2702 626 9107 2706 622 9108 2705 625 9109 2704 624 9110 2708 619 9111 2707 623 9112 2706 622 9113 2686 620 9114 2709 621 9115 2708 619 9116 2692 636 9117 2690 638 9118 2704 624 9119 2707 623 9120 2709 621 9121 2689 641 9122 2723 1193 9123 2724 1193 9124 2722 1193 9125 2715 1194 9126 2716 1194 9127 2714 1194 9128 2712 1195 9129 2715 1195 9130 2711 1195 9131 2711 1196 9132 2714 1196 9133 2710 1196 9134 2713 1197 9135 2714 1197 9136 2716 1197 9137 2712 1198 9138 2716 1198 9139 2717 1198 9140 2720 1199 9141 2723 1199 9142 2719 1199 9143 2719 1200 9144 2722 1200 9145 2718 1200 9146 2721 1201 9147 2722 1201 9148 2724 1201 9149 2720 1202 9150 2724 1202 9151 2725 1202 9152 2733 1203 9153 2743 1203 9154 2731 1203 9155 2740 27 9156 2730 27 9157 2742 27 9158 2728 1204 9159 2730 1204 9160 2731 1204 9161 2730 1205 9162 2732 1205 9163 2733 1205 9164 2732 1206 9165 2734 1206 9166 2735 1206 9167 2735 1207 9168 2734 1207 9169 2736 1207 9170 2737 1208 9171 2736 1208 9172 2738 1208 9173 2739 1209 9174 2738 1209 9175 2740 1209 9176 2740 1210 9177 2742 1210 9178 2743 1210 9179 2742 1211 9180 2726 1211 9181 2727 1211 9182 2731 661 9183 2727 661 9184 2729 661 9185 2727 9 9186 2731 9 9187 2743 9 9188 2743 1212 9189 2733 1212 9190 2741 1212 9191 2741 9 9192 2733 9 9193 2739 9 9194 2739 1213 9195 2735 1213 9196 2737 1213 9197 2733 1214 9198 2735 1214 9199 2739 1214 9200 2742 1215 9201 2728 1215 9202 2726 1215 9203 2728 1216 9204 2742 1216 9205 2730 1216 9206 2730 27 9207 2740 27 9208 2732 27 9209 2732 27 9210 2740 27 9211 2734 27 9212 2734 27 9213 2738 27 9214 2736 27 9215 2740 27 9216 2738 27 9217 2734 27 9218 2728 1217 9219 2731 1217 9220 2729 1217 9221 2730 1218 9222 2733 1218 9223 2731 1218 9224 2732 1219 9225 2735 1219 9226 2733 1219 9227 2735 1220 9228 2736 1220 9229 2737 1220 9230 2737 1221 9231 2738 1221 9232 2739 1221 9233 2739 1222 9234 2740 1222 9235 2741 1222 9236 2740 1223 9237 2743 1223 9238 2741 1223 9239 2742 1224 9240 2727 1224 9241 2743 1224 9242 2751 9 9243 2761 9 9244 2749 9 9245 2758 27 9246 2748 27 9247 2760 27 9248 2746 1204 9249 2748 1204 9250 2749 1204 9251 2748 1225 9252 2750 1225 9253 2751 1225 9254 2750 1206 9255 2752 1206 9256 2753 1206 9257 2753 1207 9258 2752 1207 9259 2754 1207 9260 2755 1208 9261 2754 1208 9262 2756 1208 9263 2757 1226 9264 2756 1226 9265 2758 1226 9266 2758 1227 9267 2760 1227 9268 2761 1227 9269 2760 1228 9270 2744 1228 9271 2745 1228 9272 2749 1229 9273 2745 1229 9274 2747 1229 9275 2745 9 9276 2749 9 9277 2761 9 9278 2761 9 9279 2751 9 9280 2759 9 9281 2759 9 9282 2751 9 9283 2757 9 9284 2757 9 9285 2753 9 9286 2755 9 9287 2751 9 9288 2753 9 9289 2757 9 9290 2760 27 9291 2746 27 9292 2744 27 9293 2746 27 9294 2760 27 9295 2748 27 9296 2748 27 9297 2758 27 9298 2750 27 9299 2750 1230 9300 2758 1230 9301 2752 1230 9302 2752 27 9303 2756 27 9304 2754 27 9305 2758 1231 9306 2756 1231 9307 2752 1231 9308 2746 1232 9309 2749 1232 9310 2747 1232 9311 2748 1218 9312 2751 1218 9313 2749 1218 9314 2750 1233 9315 2753 1233 9316 2751 1233 9317 2753 1234 9318 2754 1234 9319 2755 1234 9320 2755 1235 9321 2756 1235 9322 2757 1235 9323 2757 1236 9324 2758 1236 9325 2759 1236 9326 2758 1223 9327 2761 1223 9328 2759 1223 9329 2760 1237 9330 2745 1237 9331 2761 1237 9332 2769 10 9333 2779 10 9334 2767 10 9335 2776 7 9336 2766 7 9337 2778 7 9338 2764 1238 9339 2766 1238 9340 2767 1238 9341 2766 1239 9342 2768 1239 9343 2769 1239 9344 2768 696 9345 2770 696 9346 2771 696 9347 2771 697 9348 2770 697 9349 2772 697 9350 2773 698 9351 2772 698 9352 2774 698 9353 2775 1240 9354 2774 1240 9355 2776 1240 9356 2776 1241 9357 2778 1241 9358 2779 1241 9359 2778 1242 9360 2762 1242 9361 2763 1242 9362 2767 1243 9363 2763 1243 9364 2765 1243 9365 2763 10 9366 2767 10 9367 2779 10 9368 2779 10 9369 2769 10 9370 2777 10 9371 2777 10 9372 2769 10 9373 2775 10 9374 2775 10 9375 2771 10 9376 2773 10 9377 2769 1244 9378 2771 1244 9379 2775 1244 9380 2778 7 9381 2764 7 9382 2762 7 9383 2764 7 9384 2778 7 9385 2766 7 9386 2766 7 9387 2776 7 9388 2768 7 9389 2768 7 9390 2776 7 9391 2770 7 9392 2770 7 9393 2774 7 9394 2772 7 9395 2776 7 9396 2774 7 9397 2770 7 9398 2764 1245 9399 2767 1245 9400 2765 1245 9401 2766 1246 9402 2769 1246 9403 2767 1246 9404 2768 1247 9405 2771 1247 9406 2769 1247 9407 2771 1248 9408 2772 1248 9409 2773 1248 9410 2773 1249 9411 2774 1249 9412 2775 1249 9413 2775 1250 9414 2776 1250 9415 2777 1250 9416 2776 709 9417 2779 709 9418 2777 709 9419 2778 1251 9420 2763 1251 9421 2779 1251 9422 2782 9 9423 2781 9 9424 2780 9 9425 2781 9 9426 2782 9 9427 2783 9 9428 2785 9 9429 2786 9 9430 2787 9 9431 2786 9 9432 2785 9 9433 2784 9 9434 2790 10 9435 2789 10 9436 2788 10 9437 2789 10 9438 2790 10 9439 2791 10 9440 2793 10 9441 2794 10 9442 2795 10 9443 2794 10 9444 2793 10 9445 2792 10 9446 2798 10 9447 2797 10 9448 2796 10 9449 2797 10 9450 2798 10 9451 2799 10 9452 2801 10 9453 2802 10 9454 2803 10 9455 2802 10 9456 2801 10 9457 2800 10 9458 2553 6 9459 2551 6 9460 2556 6 9461 2804 1252 9462 2807 1252 9463 2806 1252 9464 2805 1253 9465 2804 1253 9466 2806 1253 9467 2808 1254 9468 2807 1254 9469 2804 1254 9470 2809 1255 9471 2805 1255 9472 2806 1255 9473 2810 10 9474 2806 10 9475 2807 10 9476 2811 7 9477 2804 7 9478 2805 7 9479 2808 1256 9480 2809 1256 9481 2810 1256 9482 2808 6 9483 2810 6 9484 2807 6 9485 2809 15 9486 2811 15 9487 2805 15 9488 2810 10 9489 2809 10 9490 2806 10 9491 2811 7 9492 2808 7 9493 2804 7 9494 2808 1257 9495 2811 1257 9496 2809 1257 9497 2812 1258 9498 2814 1258 9499 2815 1258 9500 2813 1259 9501 2814 1259 9502 2812 1259 9503 2816 1260 9504 2812 1260 9505 2815 1260 9506 2817 1261 9507 2814 1261 9508 2813 1261 9509 2818 7 9510 2815 7 9511 2814 7 9512 2819 10 9513 2813 10 9514 2812 10 9515 2816 1262 9516 2818 1262 9517 2817 1262 9518 2816 6 9519 2815 6 9520 2818 6 9521 2817 15 9522 2813 15 9523 2819 15 9524 2818 7 9525 2814 7 9526 2817 7 9527 2819 10 9528 2812 10 9529 2816 10 9530 2816 1263 9531 2817 1263 9532 2819 1263 9533 1074 9 9534 2547 9 9535 2546 9 9536 913 1264 9537 2544 1264 9538 2545 1264 9539 912 1265 9540 2543 1265 9541 2544 1265 9542 2556 27 9543 2557 27 9544 1152 27 9545 1149 1266 9546 2554 1266 9547 2553 1266 9548 2555 1267 9549 2554 1267 9550 1149 1267 9551 2545 545 9552 2555 545 9553 1150 545 9554 8 1268 9555 9 1268 9556 1262 1268 9557 1261 1269 9558 1262 1269 9559 1264 1269 9560 2673 1270 9561 2672 1270 9562 1265 1270 9563 1268 1271 9564 2676 1271 9565 2677 1271 9566 2676 27 9567 1268 27 9568 1265 27 9569 1265 1272 9570 1268 1272 9571 1267 1272 9572 1267 9 9573 2677 9 9574 2673 9 9575 1270 1273 9576 1271 1273 9577 1272 1273 9578 1275 1188 9579 1276 1188 9580 1274 1188 9581 1274 1274 9582 1276 1274 9583 1271 1274 9584 1273 1275 9585 1274 1275 9586 1270 1275 9587 1272 1276 9588 1275 1276 9589 1273 1276 9590 1271 1277 9591 1276 1277 9592 1275 1277 9593 1278 618 9594 1280 621 9595 1279 619 9596 1280 621 9597 1282 623 9598 1281 622 9599 1282 623 9600 1284 625 9601 1283 624 9602 1284 625 9603 1286 627 9604 1285 626 9605 1286 627 9606 1288 629 9607 1287 628 9608 1288 629 9609 1290 631 9610 1289 630 9611 1290 631 9612 1292 633 9613 1291 632 9614 1292 633 9615 1294 635 9616 1293 634 9617 1294 635 9618 1296 637 9619 1295 636 9620 1296 637 9621 1298 639 9622 1297 638 9623 1298 639 9624 1300 641 9625 1299 640 9626 1300 641 9627 1278 618 9628 1277 620 9629 1299 640 9630 1277 620 9631 1279 619 9632 1279 619 9633 1281 622 9634 1299 640 9635 1281 622 9636 1283 624 9637 1297 638 9638 1299 640 9639 1281 622 9640 1297 638 9641 1283 624 9642 1285 626 9643 1293 634 9644 1285 626 9645 1287 628 9646 1291 632 9647 1287 628 9648 1289 630 9649 1291 632 9650 1291 632 9651 1293 634 9652 1285 626 9653 1293 634 9654 1295 636 9655 1283 624 9656 1282 623 9657 1280 621 9658 1298 639 9659 1280 621 9660 1278 618 9661 1300 641 9662 1298 639 9663 1280 621 9664 1300 641 9665 1298 639 9666 1296 637 9667 1284 625 9668 1296 637 9669 1294 635 9670 1286 627 9671 1294 635 9672 1292 633 9673 1286 627 9674 1292 633 9675 1290 631 9676 1288 629 9677 1286 627 9678 1292 633 9679 1288 629 9680 1286 627 9681 1284 625 9682 1296 637 9683 1315 1278 9684 1316 1278 9685 1314 1278 9686 1307 643 9687 1308 643 9688 1306 643 9689 1306 1279 9690 1308 1279 9691 1303 1279 9692 1305 1280 9693 1306 1280 9694 1302 1280 9695 1304 1281 9696 1307 1281 9697 1305 1281 9698 1303 1282 9699 1308 1282 9700 1307 1282 9701 1314 1283 9702 1316 1283 9703 1311 1283 9704 1313 1284 9705 1314 1284 9706 1310 1284 9707 1312 1285 9708 1315 1285 9709 1313 1285 9710 1311 1286 9711 1316 1286 9712 1315 1286 9713 1151 6 9714 1148 6 9715 2553 6 9716 2546 9 9717 2547 9 9718 2469 9 9719 2545 541 9720 2544 541 9721 2308 541 9722 2544 1287 9723 2543 1287 9724 2307 1287 9725 2552 27 9726 2557 27 9727 2556 27 9728 2549 1288 9729 2548 1288 9730 2553 1288 9731 2549 1267 9732 2554 1267 9733 2555 1267 9734 2550 1136 9735 2555 1136 9736 2545 1136 9737 1403 1289 9738 2666 1289 9739 2667 1289 9740 2666 1290 9741 2668 1290 9742 2669 1290 9743 2670 609 9744 2672 609 9745 2673 609 9746 2677 610 9747 2676 610 9748 2675 610 9749 2670 27 9750 2675 27 9751 2676 27 9752 2670 1291 9753 2671 1291 9754 2674 1291 9755 2673 9 9756 2677 9 9757 2674 9 9758 2681 1292 9759 2680 1292 9760 2679 1292 9761 2683 1293 9762 2685 1293 9763 2684 1293 9764 2680 1294 9765 2685 1294 9766 2683 1294 9767 2679 1295 9768 2683 1295 9769 2682 1295 9770 2681 616 9771 2678 616 9772 2682 616 9773 2680 1296 9774 2681 1296 9775 2684 1296 9776 2688 640 9777 2689 641 9778 2687 618 9779 2690 638 9780 2691 639 9781 2689 641 9782 2692 636 9783 2693 637 9784 2691 639 9785 2694 634 9786 2695 635 9787 2693 637 9788 2696 632 9789 2697 633 9790 2695 635 9791 2698 630 9792 2699 631 9793 2697 633 9794 2700 628 9795 2701 629 9796 2699 631 9797 2702 626 9798 2703 627 9799 2701 629 9800 2704 624 9801 2705 625 9802 2703 627 9803 2706 622 9804 2707 623 9805 2705 625 9806 2708 619 9807 2709 621 9808 2707 623 9809 2686 620 9810 2687 618 9811 2709 621 9812 2688 640 9813 2686 620 9814 2708 619 9815 2708 619 9816 2706 622 9817 2688 640 9818 2706 622 9819 2704 624 9820 2690 638 9821 2688 640 9822 2706 622 9823 2690 638 9824 2704 624 9825 2702 626 9826 2694 634 9827 2702 626 9828 2700 628 9829 2696 632 9830 2700 628 9831 2698 630 9832 2696 632 9833 2696 632 9834 2694 634 9835 2702 626 9836 2694 634 9837 2692 636 9838 2704 624 9839 2687 618 9840 2689 641 9841 2709 621 9842 2689 641 9843 2691 639 9844 2707 623 9845 2691 639 9846 2693 637 9847 2705 625 9848 2693 637 9849 2695 635 9850 2703 627 9851 2695 635 9852 2697 633 9853 2701 629 9854 2697 633 9855 2699 631 9856 2701 629 9857 2701 629 9858 2703 627 9859 2695 635 9860 2703 627 9861 2705 625 9862 2693 637 9863 2705 625 9864 2707 623 9865 2691 639 9866 2723 1297 9867 2725 1297 9868 2724 1297 9869 2715 1298 9870 2717 1298 9871 2716 1298 9872 2712 1299 9873 2717 1299 9874 2715 1299 9875 2711 1300 9876 2715 1300 9877 2714 1300 9878 2713 1301 9879 2710 1301 9880 2714 1301 9881 2712 1302 9882 2713 1302 9883 2716 1302 9884 2720 1303 9885 2725 1303 9886 2723 1303 9887 2719 1304 9888 2723 1304 9889 2722 1304 9890 2721 1305 9891 2718 1305 9892 2722 1305 9893 2720 1306 9894 2721 1306 9895 2724 1306 9896 2553 6 9897 2548 6 9898 2551 6 9899</p>
        </triangles>
      </mesh>
    </geometry>
  </library_geometries>
  <library_visual_scenes>
    <visual_scene id="Scene" name="Scene">
      <node id="temple" name="temple" type="NODE">
        <matrix sid="transform">1 0 0 0 0 1 0 0 0 0 1 0 0 0 0 1</matrix>
        <instance_geometry url="#Cube_015-mesh" name="temple">
          <bind_material>
            <technique_common>
              <instance_material symbol="Material_005-material" target="#Material_005-material">
                <bind_vertex_input semantic="Cube_002-mesh-map-0" input_semantic="TEXCOORD" input_set="0"/>
                <bind_vertex_input semantic="Cube_002-mesh-map-1" input_semantic="TEXCOORD" input_set="1"/>
              </instance_material>
            </technique_common>
          </bind_material>
        </instance_geometry>
        <node id="prop_projectile" name="prop_projectile" type="NODE">
          <matrix sid="transform">0.3346281 4.07528e-10 0 7.309789 -4.07528e-10 0.3346281 -5.37025e-8 -10.61365 0 4.00307e-8 0.4489152 15.10844 0 0 0 1</matrix>
        </node>
        <node id="prop_garrisoned" name="prop_garrisoned" type="NODE">
          <matrix sid="transform">0.3007037 4.07528e-10 0 -6.9272 -3.66213e-10 0.3346281 -5.37025e-8 -10.72792 0 4.00307e-8 0.4489152 15.07247 0 0 0 1</matrix>
        </node>
        <node id="prop_tree_1" name="prop_tree_1" type="NODE">
          <matrix sid="transform">6.54899 -6.34172e-9 3.56952e-16 15.59486 1.40354e-8 2.959078 8.89637e-9 19.57588 -3.98143e-16 -4.25624e-9 6.185053 0 0 0 0 1</matrix>
        </node>
        <node id="prop_tree_2" name="prop_tree_2" type="NODE">
          <matrix sid="transform">-1.29345e-7 -6.54899 1.79899e-7 1.014911 2.959078 -2.86265e-7 8.89566e-9 19.57588 -4.25589e-9 1.90485e-7 6.185052 0 0 0 0 1</matrix>
        </node>
        <node id="prop_tree_3" name="prop_tree_3" type="NODE">
          <matrix sid="transform">-6.54899 4.46808e-7 7.67408e-15 -13.56504 -9.8887e-7 -2.959078 8.89637e-9 19.57588 9.54799e-15 4.25624e-9 6.185053 0 0 0 0 1</matrix>
        </node>
        <node id="prop_tree_4" name="prop_tree_4" type="NODE">
          <matrix sid="transform">-0.1013499 2.020837 -1.86174e-7 -16.87418 -2.955487 -0.06929875 8.89609e-9 0.1487393 1.20024e-9 6.09282e-8 6.185052 6.38682e-15 0 0 0 1</matrix>
        </node>
        <node id="prop_tree_5" name="prop_tree_5" type="NODE">
          <matrix sid="transform">-2.855512 4.46808e-7 7.67408e-15 -16.84102 -4.3117e-7 -2.959078 8.89637e-9 -13.90894 4.16315e-15 4.25624e-9 6.185053 0 0 0 0 1</matrix>
        </node>
        <node id="prop_tree_6" name="prop_tree_6" type="NODE">
          <matrix sid="transform">-1.29345e-7 2.855512 -1.79899e-7 16.73961 -2.959078 -1.24818e-7 8.89598e-9 -13.90894 4.25605e-9 8.30557e-8 6.185052 -3.22109e-15 0 0 0 1</matrix>
        </node>
        <node id="prop_tree_7" name="prop_tree_7" type="NODE">
          <matrix sid="transform">-1.29345e-7 2.014421 -1.79899e-7 16.77278 -2.959078 -8.80532e-8 8.89588e-9 0.1487393 4.256e-9 5.85917e-8 6.185052 -3.91756e-15 0 0 0 1</matrix>
        </node>
      </node>
    </visual_scene>
  </library_visual_scenes>
  <scene>
    <instance_visual_scene url="#Scene"/>
  </scene>
</COLLADA>