<?xml version="1.0" encoding="utf-8"?>
<COLLADA xmlns="http://www.collada.org/2005/11/COLLADASchema" version="1.4.1" xmlns:xsi="http://www.w3.org/2001/XMLSchema-instance">
  <asset>
    <contributor>
      <author>Blender User</author>
      <authoring_tool>Blender 4.3.1 commit date:2024-12-10, commit time:07:46, hash:33d812126174</authoring_tool>
    </contributor>
    <created>2026-04-28T18:24:47</created>
    <modified>2026-04-28T18:24:47</modified>
    <unit name="centimeter" meter="0.01"/>
    <up_axis>Z_UP</up_axis>
  </asset>
  <library_effects>
    <effect id="Material_009-effect">
      <profile_COMMON>
        <technique sid="common">
          <lambert>
            <emission>
              <color sid="emission">0 0 0 1</color>
            </emission>
            <diffuse>
              <color sid="diffuse">0.8 0.8 0.8 1</color>
            </diffuse>
            <index_of_refraction>
              <float sid="ior">1</float>
            </index_of_refraction>
          </lambert>
        </technique>
      </profile_COMMON>
    </effect>
  </library_effects>
  <library_images/>
  <library_materials>
    <material id="Material_009-material" name="Material.009">
      <instance_effect url="#Material_009-effect"/>
    </material>
  </library_materials>
  <library_geometries>
    <geometry id="Wall_long-mesh" name="Wall long">
      <mesh>
        <source id="Wall_long-mesh-positions">
          <float_array id="Wall_long-mesh-positions-array" count="3120">18.03659 -3.077349 9.210062 18.03659 3.077349 9.210062 11.90872 -3.077349 9.210063 11.90872 3.077349 9.210063 7.146519 -3.077349 9.210063 7.146519 3.077349 9.210063 2.384315 -3.077349 9.210063 2.384315 3.077349 9.210063 18.03659 0 9.210062 11.90872 -2.782948 9.210064 11.90872 2.782948 9.210064 7.146519 -2.782948 9.210064 7.146519 2.782948 9.210064 2.384315 -2.782948 9.210064 2.384315 2.782948 9.210064 11.67061 -2.782948 9.210064 11.67061 2.782948 9.210064 7.384628 -2.782948 9.210064 7.384628 2.782948 9.210064 2.146204 -2.782948 9.210064 2.146204 2.782948 9.210064 2.146204 -2.488544 9.210063 2.146204 2.488544 9.210063 11.67061 -2.488544 9.210063 11.67061 2.488544 9.210063 7.384628 -2.488544 9.210063 7.384628 2.488544 9.210063 18.14206 -3.090506 9.147415 18.14206 3.090506 9.147415 -18.13869 -3.090506 9.147415 -18.13869 3.090506 9.147415 -18.13869 -1.679071 12.09144 -18.13869 1.679071 12.09144 18.14206 -1.679071 12.09144 18.14206 1.679071 12.09144 -18.13869 -1.679071 10.61943 -18.13869 1.679071 10.61943 18.14206 -1.679071 10.61943 18.14206 1.679071 10.61943 -18.13869 0 10.61943 18.14206 0 10.61943 18.14206 0 9.147415 -18.13869 0 9.147415 7.384628 -2.488544 -17.51163 7.384628 2.488544 -17.51163 7.384628 -2.488544 -4.15199 7.384628 2.488544 -4.15199 11.67061 -2.488544 -4.15199 11.67061 2.488544 -4.15199 11.67061 -2.488544 -17.51163 11.67061 2.488544 -17.51163 2.146204 -2.488544 -17.51163 2.146204 2.488544 -17.51163 2.146204 -2.488544 -4.15199 2.146204 2.488544 -4.15199 2.146204 -2.782948 -4.15199 2.146204 2.782948 -4.15199 2.146204 -2.782948 -17.51163 2.146204 2.782948 -17.51163 7.384628 -2.782948 -4.15199 7.384628 2.782948 -4.15199 11.67061 -2.782948 -4.15199 11.67061 2.782948 -4.15199 7.384628 -2.782948 -17.51163 7.384628 2.782948 -17.51163 11.67061 -2.782948 -17.51163 11.67061 2.782948 -17.51163 2.384315 -2.782948 -4.15199 2.384315 2.782948 -4.15199 2.384312 -2.782948 -17.51163 2.384312 2.782948 -17.51163 7.146519 -2.782948 -4.15199 7.146519 2.782948 -4.15199 7.146517 -2.782948 -17.51163 7.146517 2.782948 -17.51163 11.90872 -2.782948 -4.15199 11.90872 2.782948 -4.15199 11.90872 -2.782948 -17.51163 11.90872 2.782948 -17.51163 18.03659 0 -17.51163 18.03659 0 -4.151992 2.384315 -3.077349 -4.15199 2.384315 3.077349 -4.15199 7.146519 -3.077349 -4.15199 7.146519 3.077349 -4.15199 11.90872 -3.077349 -4.15199 11.90872 3.077349 -4.15199 2.384312 -3.077349 -17.51163 2.384312 3.077349 -17.51163 7.146517 -3.077349 -17.51163 7.146517 3.077349 -17.51163 11.90872 -3.077349 -17.51163 11.90872 3.077349 -17.51163 18.03659 -3.077349 -17.51163 18.03659 3.077349 -17.51163 18.03659 -3.077349 -4.151992 18.03659 3.077349 -4.151992 -18.26412 -3.186192 9.147415 -18.26412 3.186192 9.147415 -18.26412 0 9.147415 18.26749 -3.186192 9.147415 18.26749 3.186192 9.147415 18.26749 0 9.147415 18.26749 -3.186192 9.031061 18.26749 3.186192 9.031061 -18.26412 -3.186192 9.031061 -18.26412 3.186192 9.031061 -18.26412 0 9.031061 18.26749 0 9.031061 18.14206 -3.090506 12.09144 18.14206 3.090506 12.09144 -18.13869 -3.090506 12.09144 -18.13869 3.090506 12.09144 -9.290312 -1.035161 10.60042 -9.290312 1.035161 10.60042 -9.290312 -1.692718 10.60042 -9.290312 1.692718 10.60042 -10.47127 -1.692718 10.60042 -10.47127 1.692718 10.60042 -10.47127 -1.035161 10.60042 -10.47127 1.035161 10.60042 -9.290312 -1.439138 11.78138 -9.290312 1.439138 11.78138 -9.290312 -1.692718 11.78138 -9.290312 1.692718 11.78138 -10.47127 -1.692718 11.78138 -10.47127 1.692718 11.78138 -10.47127 -1.439138 11.78138 -10.47127 1.439138 11.78138 -0.5741812 -1.439138 11.78138 -0.5741812 1.439138 11.78138 -0.5741819 -1.692718 11.78138 -0.5741819 1.692718 11.78138 0.6067762 -1.692718 11.78138 0.6067762 1.692718 11.78138 0.6067762 -1.439138 11.78138 0.6067762 1.439138 11.78138 -0.5741812 -1.035161 10.60042 -0.5741812 1.035161 10.60042 -0.5741812 -1.692718 10.60042 -0.5741812 1.692718 10.60042 0.6067762 -1.692718 10.60042 0.6067762 1.692718 10.60042 0.6067762 -1.035161 10.60042 0.6067762 1.035161 10.60042 -4.370539 -1.035161 10.60042 -4.370539 1.035161 10.60042 -4.370539 -1.692718 10.60042 -4.370539 1.692718 10.60042 -5.551496 -1.692718 10.60042 -5.551496 1.692718 10.60042 -5.551496 -1.035161 10.60042 -5.551496 1.035161 10.60042 -4.370539 -1.439138 11.78138 -4.370539 1.439138 11.78138 -4.370539 -1.692718 11.78138 -4.370539 1.692718 11.78138 -5.551497 -1.692718 11.78138 -5.551497 1.692718 11.78138 -5.551496 -1.439138 11.78138 -5.551496 1.439138 11.78138 9.363127 -1.439138 11.78138 9.363127 1.439138 11.78138 9.363127 -1.692718 11.78138 9.363127 1.692718 11.78138 10.54408 -1.692718 11.78138 10.54408 1.692718 11.78138 10.54408 -1.439138 11.78138 10.54408 1.439138 11.78138 9.363127 -1.035161 10.60042 9.363127 1.035161 10.60042 9.363127 -1.692718 10.60042 9.363127 1.692718 10.60042 10.54408 -1.692718 10.60042 10.54408 1.692718 10.60042 10.54408 -1.035161 10.60042 10.54408 1.035161 10.60042 4.443354 -1.439138 11.78138 4.443354 1.439138 11.78138 4.443353 -1.692718 11.78138 4.443353 1.692718 11.78138 5.624311 -1.692718 11.78138 5.624311 1.692718 11.78138 5.624311 -1.439138 11.78138 5.624311 1.439138 11.78138 4.443354 -1.035161 10.60042 4.443354 1.035161 10.60042 4.443354 -1.692718 10.60042 4.443354 1.692718 10.60042 5.624311 -1.692718 10.60042 5.624311 1.692718 10.60042 5.624311 -1.035161 10.60042 5.624311 1.035161 10.60042 -11.80778 0 2.474602 -11.80778 -3.162548 2.474602 -11.80778 3.162548 2.474602 -18.08782 -3.162548 2.474602 -18.08782 3.162548 2.474602 -18.08782 0 2.474602 -11.80778 0 2.609849 -11.80778 -3.162548 2.609849 -11.80778 3.162548 2.609849 -18.08782 -3.162548 2.609849 -18.08782 3.162548 2.609849 -18.08782 0 2.609849 11.86875 0 2.609849 11.86875 -3.162548 2.609849 11.86875 3.162548 2.609849 18.17174 -3.162548 2.609849 18.17174 3.162548 2.609849 18.17175 0 2.609849 11.86875 0 2.474602 11.86875 -3.162548 2.474602 11.86875 3.162548 2.474602 18.17175 -3.162548 2.474602 18.17175 3.162548 2.474602 18.17175 0 2.474602 7.230155 0 2.474602 7.230155 -3.162548 2.474602 7.230155 3.162548 2.474602 2.292827 -3.162548 2.474602 2.292827 3.162548 2.474602 2.292827 0 2.474602 7.230155 0 2.609849 7.230154 -3.162548 2.609849 7.230154 3.162548 2.609849 2.292827 -3.162548 2.609849 2.292827 3.162548 2.609849 2.292827 0 2.609849 17.3631 -3.090506 10.69743 17.3631 3.090506 10.69743 -17.35972 -3.090506 10.69743 -17.35972 3.090506 10.69743 -17.35972 -3.090506 9.679082 -17.35972 3.090506 9.679082 17.3631 -3.090506 9.679082 17.3631 3.090506 9.679082 17.3631 -2.863536 9.679082 17.3631 2.863536 9.679082 -17.35972 -2.863536 9.679082 -17.35972 2.863536 9.679082 17.3631 -2.863536 10.69743 17.3631 2.863536 10.69743 -17.35972 -2.863536 10.69743 -17.35972 2.863536 10.69743 -15.34301 -1.439138 11.78138 -15.34301 1.439138 11.78138 -15.34301 -1.692718 11.78138 -15.34301 1.692718 11.78138 -14.16205 -1.692718 11.78138 -14.16205 1.692718 11.78138 -14.16205 -1.439138 11.78138 -14.16205 1.439138 11.78138 -15.34301 -1.035161 10.60042 -15.34301 1.035161 10.60042 -15.34301 -1.692718 10.60042 -15.34301 1.692718 10.60042 -14.16205 -1.692718 10.60042 -14.16205 1.692718 10.60042 -14.16205 -1.035161 10.60042 -14.16205 1.035161 10.60042 15.57777 -1.035161 10.60042 15.57777 1.035161 10.60042 15.57777 -1.692718 10.60042 15.57777 1.692718 10.60042 14.39682 -1.692718 10.60042 14.39682 1.692718 10.60042 14.39682 -1.035161 10.60042 14.39682 1.035161 10.60042 15.57777 -1.439138 11.78138 15.57777 1.439138 11.78138 15.57777 -1.692718 11.78138 15.57777 1.692718 11.78138 14.39682 -1.692718 11.78138 14.39682 1.692718 11.78138 14.39682 -1.439138 11.78138 14.39682 1.439138 11.78138 -18.00915 -3.077349 -17.51163 -18.00915 3.077349 -17.51163 -18.00914 -3.077349 -4.15199 -18.00914 3.077349 -4.15199 -11.90423 -3.077349 -17.51163 -11.90423 3.077349 -17.51163 -11.90423 -3.077349 -4.15199 -11.90423 3.077349 -4.15199 -18.00915 0 -17.51163 -18.00914 0 -4.15199 -11.90423 -2.782948 -17.51163 -11.90423 2.782948 -17.51163 -11.90423 -2.782948 -4.15199 -11.90423 2.782948 -4.15199 -11.66612 -2.782948 -17.51163 -11.66612 2.782948 -17.51163 -11.66612 -2.782948 -4.15199 -11.66612 2.782948 -4.15199 -11.66612 -2.488544 -17.51163 -11.66612 2.488544 -17.51163 -11.66612 -2.488544 -4.15199 -11.66612 2.488544 -4.15199 -11.66612 -2.488544 9.210063 -11.66612 2.488544 9.210063 -11.66612 -2.782948 9.210064 -11.66612 2.782948 9.210064 -11.90423 -2.782948 9.210064 -11.90423 2.782948 9.210064 -18.00914 0 9.210063 -11.90423 -3.077349 9.210063 -11.90423 3.077349 9.210063 -18.00914 -3.077349 9.210063 -18.00914 3.077349 9.210063 -7.231637 0 2.609849 -7.231637 -3.162548 2.609849 -7.231637 3.162548 2.609849 -2.29431 -3.162548 2.609849 -2.29431 3.162548 2.609849 -2.294309 0 2.609849 -7.231637 0 2.474602 -7.231637 -3.162548 2.474602 -7.231637 3.162548 2.474602 -2.294309 -3.162548 2.474602 -2.294309 3.162548 2.474602 -2.294309 0 2.474602 -2.377948 -3.077349 -17.51163 -2.377948 3.077349 -17.51163 -7.140153 -3.077349 -17.51163 -7.140153 3.077349 -17.51163 -2.377946 -3.077349 -4.15199 -2.377946 3.077349 -4.15199 -7.14015 -3.077349 -4.15199 -7.14015 3.077349 -4.15199 -2.377948 -2.782948 -17.51163 -2.377948 2.782948 -17.51163 -2.377946 -2.782948 -4.15199 -2.377946 2.782948 -4.15199 -7.140153 -2.782948 -17.51163 -7.140153 2.782948 -17.51163 -7.14015 -2.782948 -4.15199 -7.14015 2.782948 -4.15199 -2.139822 -2.782948 -17.51163 -2.139822 2.782948 -17.51163 -2.139822 -2.782948 -4.15199 -2.139822 2.782948 -4.15199 -7.37873 -2.782948 -17.51163 -7.37873 2.782948 -17.51163 -7.37873 -2.782948 -4.15199 -7.37873 2.782948 -4.15199 -7.37873 -2.488544 -4.15199 -7.37873 2.488544 -4.15199 -7.37873 -2.488544 -17.51163 -7.37873 2.488544 -17.51163 -2.139822 -2.488544 -4.15199 -2.139822 2.488544 -4.15199 -2.139822 -2.488544 -17.51163 -2.139822 2.488544 -17.51163 -2.139822 -2.488544 9.210063 -2.139822 2.488544 9.210063 -7.37873 -2.488544 9.210063 -7.37873 2.488544 9.210063 -7.37873 -2.782948 9.210064 -7.37873 2.782948 9.210064 -2.139822 -2.782948 9.210064 -2.139822 2.782948 9.210064 -7.14015 -2.782948 9.210064 -7.14015 2.782948 9.210064 -2.377946 -2.782948 9.210064 -2.377946 2.782948 9.210064 -7.14015 -3.077349 9.210063 -7.14015 3.077349 9.210063 -2.377946 -3.077349 9.210063 -2.377946 3.077349 9.210063 0.001686096 -3.090506 9.147415 0.001686096 3.090506 9.147415 0.001686096 -1.679071 12.09144 0.001686096 1.679071 12.09144 0.001686096 -1.679071 10.61943 0.001686096 1.679071 10.61943 0.001686096 0 10.61943 0.001686096 -3.186192 9.147415 0.001686096 3.186192 9.147415 0.001686096 -3.186192 9.031061 0.001686096 3.186192 9.031061 0.001686096 0 9.031061 0.001686096 -3.090506 12.09144 0.001686096 3.090506 12.09144 0.001686096 -3.090506 10.69743 0.001686096 3.090506 10.69743 0.001686096 -3.090506 9.679082 0.001686096 3.090506 9.679082 0.001686096 -2.863536 9.679082 0.001686096 2.863536 9.679082 0.001686096 -2.863536 10.69743 0.001686096 2.863536 10.69743 15.74213 2.12746 11.82967 15.74213 2.88759 11.82967 17.63276 2.12746 11.82967 17.63276 2.88759 11.82967 17.5608 2.12746 12.50882 17.5608 2.88759 12.50882 17.35589 2.12746 13.08456 17.35589 2.88759 13.08456 17.0492 2.12746 13.46927 17.0492 2.88759 13.46927 16.68745 2.12746 13.60435 16.68745 2.88759 13.60435 16.3257 2.12746 13.46927 16.3257 2.88759 13.46926 16.01902 2.12746 13.08456 16.01902 2.88759 13.08456 15.81408 2.12746 12.50882 15.8141 2.88759 12.50882 13.8515 2.12746 11.82967 13.8515 2.88759 11.82967 15.74213 2.12746 11.82967 15.74213 2.88759 11.82967 15.67018 2.12746 12.50882 15.67018 2.88759 12.50882 15.46525 2.12746 13.08456 15.46525 2.88759 13.08456 15.15858 2.12746 13.46927 15.15858 2.88759 13.46927 14.79682 2.12746 13.60435 14.79682 2.88759 13.60435 14.43506 2.12746 13.46927 14.43506 2.88759 13.46926 14.12838 2.12746 13.08456 14.12838 2.88759 13.08456 13.92346 2.12746 12.50882 13.92347 2.88759 12.50882 11.86365 2.12746 11.82967 11.86365 2.88759 11.82967 13.75428 2.12746 11.82967 13.75428 2.88759 11.82967 13.68232 2.12746 12.50882 13.68232 2.88759 12.50882 13.47741 2.12746 13.08456 13.47741 2.88759 13.08456 13.17073 2.12746 13.46927 13.17073 2.88759 13.46927 12.80897 2.12746 13.60435 12.80897 2.88759 13.60435 12.44721 2.12746 13.46927 12.44721 2.88759 13.46926 12.14053 2.12746 13.08456 12.14053 2.88759 13.08456 11.93561 2.12746 12.50882 11.93562 2.88759 12.50882 9.886098 2.12746 11.82967 9.886098 2.88759 11.82967 11.86208 2.12746 11.82967 11.86208 2.88759 11.82967 11.78687 2.12746 12.50882 11.78687 2.88759 12.50882 11.5727 2.12746 13.08456 11.5727 2.88759 13.08456 11.25218 2.12746 13.46927 11.25218 2.88759 13.46927 10.87409 2.12746 13.60435 10.87409 2.88759 13.60435 10.496 2.12746 13.46927 10.496 2.88759 13.46926 10.17548 2.12746 13.08456 10.17548 2.88759 13.08456 9.961304 2.12746 12.50882 9.961313 2.88759 12.50882 7.92172 2.12746 11.82967 7.92172 2.88759 11.82967 9.8977 2.12746 11.82967 9.8977 2.88759 11.82967 9.822491 2.12746 12.50882 9.822491 2.88759 12.50882 9.608325 2.12746 13.08456 9.608325 2.88759 13.08456 9.287798 2.12746 13.46927 9.287798 2.88759 13.46927 8.909712 2.12746 13.60435 8.909712 2.88759 13.60435 8.531622 2.12746 13.46927 8.531622 2.88759 13.46926 8.211101 2.12746 13.08456 8.211101 2.88759 13.08456 7.996926 2.12746 12.50882 7.996933 2.88759 12.50882 3.899848 2.12746 11.82967 3.899848 2.88759 11.82967 2.009219 2.12746 11.82967 2.009219 2.88759 11.82967 2.081178 2.12746 12.50882 2.081178 2.88759 12.50882 2.286094 2.12746 13.08456 2.286093 2.88759 13.08456 2.592776 2.12746 13.46927 2.592776 2.88759 13.46927 2.954531 2.12746 13.60435 2.954531 2.88759 13.60435 3.31629 2.12746 13.46927 3.31629 2.88759 13.46926 3.622968 2.12746 13.08456 3.622968 2.88759 13.08456 3.827891 2.12746 12.50882 3.827884 2.88759 12.50882 5.877405 2.12746 11.82967 5.877405 2.88759 11.82967 3.901426 2.12746 11.82967 3.901426 2.88759 11.82967 3.976635 2.12746 12.50882 3.976635 2.88759 12.50882 4.190799 2.12746 13.08456 4.190798 2.88759 13.08456 4.511327 2.12746 13.46927 4.511327 2.88759 13.46927 4.889413 2.12746 13.60435 4.889413 2.88759 13.60435 5.267502 2.12746 13.46927 5.267502 2.88759 13.46926 5.588026 2.12746 13.08456 5.588026 2.88759 13.08456 5.802198 2.12746 12.50882 5.802191 2.88759 12.50882 7.841783 2.12746 11.82967 7.841783 2.88759 11.82967 5.865803 2.12746 11.82967 5.865803 2.88759 11.82967 5.941012 2.12746 12.50882 5.941012 2.88759 12.50882 6.155179 2.12746 13.08456 6.155178 2.88759 13.08456 6.475705 2.12746 13.46927 6.475705 2.88759 13.46927 6.853792 2.12746 13.60435 6.853792 2.88759 13.60435 7.231881 2.12746 13.46927 7.231881 2.88759 13.46926 7.552402 2.12746 13.08456 7.552402 2.88759 13.08456 7.766577 2.12746 12.50882 7.76657 2.88759 12.50882 -0.01709926 2.12746 11.82967 -0.01709926 2.88759 11.82967 1.873526 2.12746 11.82967 1.873526 2.88759 11.82967 1.801571 2.12746 12.50882 1.801571 2.88759 12.50882 1.596657 2.12746 13.08456 1.596657 2.88759 13.08456 1.28997 2.12746 13.46927 1.28997 2.88759 13.46927 0.9282208 2.12746 13.60435 0.9282208 2.88759 13.60435 0.5664635 2.12746 13.46927 0.5664635 2.88759 13.46926 0.2597867 2.12746 13.08456 0.2597867 2.88759 13.08456 0.05485343 2.12746 12.50882 0.05486494 2.88759 12.50882 -1.907726 2.12746 11.82967 -1.907726 2.88759 11.82967 -0.01709926 2.12746 11.82967 -0.01709926 2.88759 11.82967 -0.08905208 2.12746 12.50882 -0.08905208 2.88759 12.50882 -0.2939758 2.12746 13.08456 -0.2939758 2.88759 13.08456 -0.6006526 2.12746 13.46927 -0.6006526 2.88759 13.46927 -0.9624099 2.12746 13.60435 -0.9624099 2.88759 13.60435 -1.324169 2.12746 13.46927 -1.324169 2.88759 13.46926 -1.630846 2.12746 13.08456 -1.630846 2.88759 13.08456 -1.83577 2.12746 12.50882 -1.835764 2.88759 12.50882 -3.895576 2.12746 11.82967 -3.895576 2.88759 11.82967 -2.004947 2.12746 11.82967 -2.004947 2.88759 11.82967 -2.076906 2.12746 12.50882 -2.076906 2.88759 12.50882 -2.281822 2.12746 13.08456 -2.281822 2.88759 13.08456 -2.588503 2.12746 13.46927 -2.588503 2.88759 13.46927 -2.95026 2.12746 13.60435 -2.95026 2.88759 13.60435 -3.312018 2.12746 13.46927 -3.312018 2.88759 13.46926 -3.618696 2.12746 13.08456 -3.618696 2.88759 13.08456 -3.82362 2.12746 12.50882 -3.823612 2.88759 12.50882 -5.873132 2.12746 11.82967 -5.873132 2.88759 11.82967 -3.897155 2.12746 11.82967 -3.897155 2.88759 11.82967 -3.972362 2.12746 12.50882 -3.972362 2.88759 12.50882 -4.186527 2.12746 13.08456 -4.186526 2.88759 13.08456 -4.507055 2.12746 13.46927 -4.507055 2.88759 13.46927 -4.885141 2.12746 13.60435 -4.885141 2.88759 13.60435 -5.26323 2.12746 13.46927 -5.26323 2.88759 13.46926 -5.583752 2.12746 13.08456 -5.583752 2.88759 13.08456 -5.797926 2.12746 12.50882 -5.797919 2.88759 12.50882 -7.83751 2.12746 11.82967 -7.83751 2.88759 11.82967 -5.861531 2.12746 11.82967 -5.861531 2.88759 11.82967 -5.936739 2.12746 12.50882 -5.936739 2.88759 12.50882 -6.150906 2.12746 13.08456 -6.150905 2.88759 13.08456 -6.471432 2.12746 13.46927 -6.471432 2.88759 13.46927 -6.849518 2.12746 13.60435 -6.849518 2.88759 13.60435 -7.227608 2.12746 13.46927 -7.227608 2.88759 13.46926 -7.54813 2.12746 13.08456 -7.54813 2.88759 13.08456 -7.762304 2.12746 12.50882 -7.762297 2.88759 12.50882 -15.73786 2.12746 11.82967 -15.73786 2.88759 11.82967 -17.62849 2.12746 11.82967 -17.62849 2.88759 11.82967 -17.55652 2.12746 12.50882 -17.55652 2.88759 12.50882 -17.35161 2.12746 13.08456 -17.35161 2.88759 13.08456 -17.04493 2.12746 13.46927 -17.04493 2.88759 13.46927 -16.68318 2.12746 13.60435 -16.68318 2.88759 13.60435 -16.32142 2.12746 13.46927 -16.32142 2.88759 13.46926 -16.01474 2.12746 13.08456 -16.01474 2.88759 13.08456 -15.80981 2.12746 12.50882 -15.80982 2.88759 12.50882 -13.84723 2.12746 11.82967 -13.84723 2.88759 11.82967 -15.73786 2.12746 11.82967 -15.73786 2.88759 11.82967 -15.66591 2.12746 12.50882 -15.66591 2.88759 12.50882 -15.46098 2.12746 13.08456 -15.46098 2.88759 13.08456 -15.15431 2.12746 13.46927 -15.15431 2.88759 13.46927 -14.79255 2.12746 13.60435 -14.79255 2.88759 13.60435 -14.43079 2.12746 13.46927 -14.43079 2.88759 13.46926 -14.12411 2.12746 13.08456 -14.12411 2.88759 13.08456 -13.91919 2.12746 12.50882 -13.91919 2.88759 12.50882 -11.85938 2.12746 11.82967 -11.85938 2.88759 11.82967 -13.75001 2.12746 11.82967 -13.75001 2.88759 11.82967 -13.67805 2.12746 12.50882 -13.67805 2.88759 12.50882 -13.47314 2.12746 13.08456 -13.47314 2.88759 13.08456 -13.16645 2.12746 13.46927 -13.16645 2.88759 13.46927 -12.8047 2.12746 13.60435 -12.8047 2.88759 13.60435 -12.44294 2.12746 13.46927 -12.44294 2.88759 13.46926 -12.13626 2.12746 13.08456 -12.13626 2.88759 13.08456 -11.93134 2.12746 12.50882 -11.93135 2.88759 12.50882 -9.881828 2.12746 11.82967 -9.881828 2.88759 11.82967 -11.8578 2.12746 11.82967 -11.8578 2.88759 11.82967 -11.7826 2.12746 12.50882 -11.7826 2.88759 12.50882 -11.56843 2.12746 13.08456 -11.56843 2.88759 13.08456 -11.2479 2.12746 13.46927 -11.2479 2.88759 13.46927 -10.86982 2.12746 13.60435 -10.86982 2.88759 13.60435 -10.49173 2.12746 13.46927 -10.49173 2.88759 13.46926 -10.17121 2.12746 13.08456 -10.17121 2.88759 13.08456 -9.957034 2.12746 12.50882 -9.95704 2.88759 12.50882 -7.917448 2.12746 11.82967 -7.917448 2.88759 11.82967 -9.893428 2.12746 11.82967 -9.893428 2.88759 11.82967 -9.818221 2.12746 12.50882 -9.818221 2.88759 12.50882 -9.604053 2.12746 13.08456 -9.604055 2.88759 13.08456 -9.283528 2.12746 13.46927 -9.283528 2.88759 13.46927 -8.90544 2.12746 13.60435 -8.90544 2.88759 13.60435 -8.527352 2.12746 13.46927 -8.527352 2.88759 13.46926 -8.20683 2.12746 13.08456 -8.20683 2.88759 13.08456 -7.992654 2.12746 12.50882 -7.992661 2.88759 12.50882 15.74213 -2.12746 11.82967 15.74213 -2.88759 11.82967 17.63276 -2.12746 11.82967 17.63276 -2.88759 11.82967 17.5608 -2.12746 12.50882 17.5608 -2.88759 12.50882 17.35589 -2.12746 13.08456 17.35589 -2.88759 13.08456 17.0492 -2.12746 13.46927 17.0492 -2.88759 13.46927 16.68745 -2.12746 13.60435 16.68745 -2.88759 13.60435 16.3257 -2.12746 13.46927 16.3257 -2.88759 13.46926 16.01902 -2.12746 13.08456 16.01902 -2.88759 13.08456 15.81408 -2.12746 12.50882 15.8141 -2.88759 12.50882 13.8515 -2.12746 11.82967 13.8515 -2.88759 11.82967 15.74213 -2.12746 11.82967 15.74213 -2.88759 11.82967 15.67018 -2.12746 12.50882 15.67018 -2.88759 12.50882 15.46525 -2.12746 13.08456 15.46525 -2.88759 13.08456 15.15858 -2.12746 13.46927 15.15858 -2.88759 13.46927 14.79682 -2.12746 13.60435 14.79682 -2.88759 13.60435 14.43506 -2.12746 13.46927 14.43506 -2.88759 13.46926 14.12838 -2.12746 13.08456 14.12838 -2.88759 13.08456 13.92346 -2.12746 12.50882 13.92347 -2.88759 12.50882 11.86365 -2.12746 11.82967 11.86365 -2.88759 11.82967 13.75428 -2.12746 11.82967 13.75428 -2.88759 11.82967 13.68232 -2.12746 12.50882 13.68232 -2.88759 12.50882 13.47741 -2.12746 13.08456 13.47741 -2.88759 13.08456 13.17073 -2.12746 13.46927 13.17073 -2.88759 13.46927 12.80897 -2.12746 13.60435 12.80897 -2.88759 13.60435 12.44721 -2.12746 13.46927 12.44721 -2.88759 13.46926 12.14053 -2.12746 13.08456 12.14053 -2.88759 13.08456 11.93561 -2.12746 12.50882 11.93562 -2.88759 12.50882 9.886098 -2.12746 11.82967 9.886098 -2.88759 11.82967 11.86208 -2.12746 11.82967 11.86208 -2.88759 11.82967 11.78687 -2.12746 12.50882 11.78687 -2.88759 12.50882 11.5727 -2.12746 13.08456 11.5727 -2.88759 13.08456 11.25218 -2.12746 13.46927 11.25218 -2.88759 13.46927 10.87409 -2.12746 13.60435 10.87409 -2.88759 13.60435 10.496 -2.12746 13.46927 10.496 -2.88759 13.46926 10.17548 -2.12746 13.08456 10.17548 -2.88759 13.08456 9.961304 -2.12746 12.50882 9.961313 -2.88759 12.50882 7.92172 -2.12746 11.82967 7.92172 -2.88759 11.82967 9.8977 -2.12746 11.82967 9.8977 -2.88759 11.82967 9.822491 -2.12746 12.50882 9.822491 -2.88759 12.50882 9.608325 -2.12746 13.08456 9.608325 -2.88759 13.08456 9.287798 -2.12746 13.46927 9.287798 -2.88759 13.46927 8.909712 -2.12746 13.60435 8.909712 -2.88759 13.60435 8.531622 -2.12746 13.46927 8.531622 -2.88759 13.46926 8.211101 -2.12746 13.08456 8.211101 -2.88759 13.08456 7.996926 -2.12746 12.50882 7.996933 -2.88759 12.50882 3.899848 -2.12746 11.82967 3.899848 -2.88759 11.82967 2.009219 -2.12746 11.82967 2.009219 -2.88759 11.82967 2.081178 -2.12746 12.50882 2.081178 -2.88759 12.50882 2.286094 -2.12746 13.08456 2.286093 -2.88759 13.08456 2.592776 -2.12746 13.46927 2.592776 -2.88759 13.46927 2.954531 -2.12746 13.60435 2.954531 -2.88759 13.60435 3.31629 -2.12746 13.46927 3.31629 -2.88759 13.46926 3.622968 -2.12746 13.08456 3.622968 -2.88759 13.08456 3.827891 -2.12746 12.50882 3.827884 -2.88759 12.50882 5.877405 -2.12746 11.82967 5.877405 -2.88759 11.82967 3.901426 -2.12746 11.82967 3.901426 -2.88759 11.82967 3.976635 -2.12746 12.50882 3.976635 -2.88759 12.50882 4.190799 -2.12746 13.08456 4.190798 -2.88759 13.08456 4.511327 -2.12746 13.46927 4.511327 -2.88759 13.46927 4.889413 -2.12746 13.60435 4.889413 -2.88759 13.60435 5.267502 -2.12746 13.46927 5.267502 -2.88759 13.46926 5.588026 -2.12746 13.08456 5.588026 -2.88759 13.08456 5.802198 -2.12746 12.50882 5.802191 -2.88759 12.50882 7.841783 -2.12746 11.82967 7.841783 -2.88759 11.82967 5.865803 -2.12746 11.82967 5.865803 -2.88759 11.82967 5.941012 -2.12746 12.50882 5.941012 -2.88759 12.50882 6.155179 -2.12746 13.08456 6.155178 -2.88759 13.08456 6.475705 -2.12746 13.46927 6.475705 -2.88759 13.46927 6.853792 -2.12746 13.60435 6.853792 -2.88759 13.60435 7.231881 -2.12746 13.46927 7.231881 -2.88759 13.46926 7.552402 -2.12746 13.08456 7.552402 -2.88759 13.08456 7.766577 -2.12746 12.50882 7.76657 -2.88759 12.50882 -0.01709926 -2.12746 11.82967 -0.01709926 -2.88759 11.82967 1.873526 -2.12746 11.82967 1.873526 -2.88759 11.82967 1.801571 -2.12746 12.50882 1.801571 -2.88759 12.50882 1.596657 -2.12746 13.08456 1.596657 -2.88759 13.08456 1.28997 -2.12746 13.46927 1.28997 -2.88759 13.46927 0.9282208 -2.12746 13.60435 0.9282208 -2.88759 13.60435 0.5664635 -2.12746 13.46927 0.5664635 -2.88759 13.46926 0.2597867 -2.12746 13.08456 0.2597867 -2.88759 13.08456 0.05485343 -2.12746 12.50882 0.05486494 -2.88759 12.50882 -1.907726 -2.12746 11.82967 -1.907726 -2.88759 11.82967 -0.01709926 -2.12746 11.82967 -0.01709926 -2.88759 11.82967 -0.08905208 -2.12746 12.50882 -0.08905208 -2.88759 12.50882 -0.2939758 -2.12746 13.08456 -0.2939758 -2.88759 13.08456 -0.6006526 -2.12746 13.46927 -0.6006526 -2.88759 13.46927 -0.9624099 -2.12746 13.60435 -0.9624099 -2.88759 13.60435 -1.324169 -2.12746 13.46927 -1.324169 -2.88759 13.46926 -1.630846 -2.12746 13.08456 -1.630846 -2.88759 13.08456 -1.83577 -2.12746 12.50882 -1.835764 -2.88759 12.50882 -3.895576 -2.12746 11.82967 -3.895576 -2.88759 11.82967 -2.004947 -2.12746 11.82967 -2.004947 -2.88759 11.82967 -2.076906 -2.12746 12.50882 -2.076906 -2.88759 12.50882 -2.281822 -2.12746 13.08456 -2.281822 -2.88759 13.08456 -2.588503 -2.12746 13.46927 -2.588503 -2.88759 13.46927 -2.95026 -2.12746 13.60435 -2.95026 -2.88759 13.60435 -3.312018 -2.12746 13.46927 -3.312018 -2.88759 13.46926 -3.618696 -2.12746 13.08456 -3.618696 -2.88759 13.08456 -3.82362 -2.12746 12.50882 -3.823612 -2.88759 12.50882 -5.873132 -2.12746 11.82967 -5.873132 -2.88759 11.82967 -3.897155 -2.12746 11.82967 -3.897155 -2.88759 11.82967 -3.972362 -2.12746 12.50882 -3.972362 -2.88759 12.50882 -4.186527 -2.12746 13.08456 -4.186526 -2.88759 13.08456 -4.507055 -2.12746 13.46927 -4.507055 -2.88759 13.46927 -4.885141 -2.12746 13.60435 -4.885141 -2.88759 13.60435 -5.26323 -2.12746 13.46927 -5.26323 -2.88759 13.46926 -5.583752 -2.12746 13.08456 -5.583752 -2.88759 13.08456 -5.797926 -2.12746 12.50882 -5.797919 -2.88759 12.50882 -7.83751 -2.12746 11.82967 -7.83751 -2.88759 11.82967 -5.861531 -2.12746 11.82967 -5.861531 -2.88759 11.82967 -5.936739 -2.12746 12.50882 -5.936739 -2.88759 12.50882 -6.150906 -2.12746 13.08456 -6.150905 -2.88759 13.08456 -6.471432 -2.12746 13.46927 -6.471432 -2.88759 13.46927 -6.849518 -2.12746 13.60435 -6.849518 -2.88759 13.60435 -7.227608 -2.12746 13.46927 -7.227608 -2.88759 13.46926 -7.54813 -2.12746 13.08456 -7.54813 -2.88759 13.08456 -7.762304 -2.12746 12.50882 -7.762297 -2.88759 12.50882 -15.73786 -2.12746 11.82967 -15.73786 -2.88759 11.82967 -17.62849 -2.12746 11.82967 -17.62849 -2.88759 11.82967 -17.55652 -2.12746 12.50882 -17.55652 -2.88759 12.50882 -17.35161 -2.12746 13.08456 -17.35161 -2.88759 13.08456 -17.04493 -2.12746 13.46927 -17.04493 -2.88759 13.46927 -16.68318 -2.12746 13.60435 -16.68318 -2.88759 13.60435 -16.32142 -2.12746 13.46927 -16.32142 -2.88759 13.46926 -16.01474 -2.12746 13.08456 -16.01474 -2.88759 13.08456 -15.80981 -2.12746 12.50882 -15.80982 -2.88759 12.50882 -13.84723 -2.12746 11.82967 -13.84723 -2.88759 11.82967 -15.73786 -2.12746 11.82967 -15.73786 -2.88759 11.82967 -15.66591 -2.12746 12.50882 -15.66591 -2.88759 12.50882 -15.46098 -2.12746 13.08456 -15.46098 -2.88759 13.08456 -15.15431 -2.12746 13.46927 -15.15431 -2.88759 13.46927 -14.79255 -2.12746 13.60435 -14.79255 -2.88759 13.60435 -14.43079 -2.12746 13.46927 -14.43079 -2.88759 13.46926 -14.12411 -2.12746 13.08456 -14.12411 -2.88759 13.08456 -13.91919 -2.12746 12.50882 -13.91919 -2.88759 12.50882 -11.85938 -2.12746 11.82967 -11.85938 -2.88759 11.82967 -13.75001 -2.12746 11.82967 -13.75001 -2.88759 11.82967 -13.67805 -2.12746 12.50882 -13.67805 -2.88759 12.50882 -13.47314 -2.12746 13.08456 -13.47314 -2.88759 13.08456 -13.16645 -2.12746 13.46927 -13.16645 -2.88759 13.46927 -12.8047 -2.12746 13.60435 -12.8047 -2.88759 13.60435 -12.44294 -2.12746 13.46927 -12.44294 -2.88759 13.46926 -12.13626 -2.12746 13.08456 -12.13626 -2.88759 13.08456 -11.93134 -2.12746 12.50882 -11.93135 -2.88759 12.50882 -9.881828 -2.12746 11.82967 -9.881828 -2.88759 11.82967 -11.8578 -2.12746 11.82967 -11.8578 -2.88759 11.82967 -11.7826 -2.12746 12.50882 -11.7826 -2.88759 12.50882 -11.56843 -2.12746 13.08456 -11.56843 -2.88759 13.08456 -11.2479 -2.12746 13.46927 -11.2479 -2.88759 13.46927 -10.86982 -2.12746 13.60435 -10.86982 -2.88759 13.60435 -10.49173 -2.12746 13.46927 -10.49173 -2.88759 13.46926 -10.17121 -2.12746 13.08456 -10.17121 -2.88759 13.08456 -9.957034 -2.12746 12.50882 -9.95704 -2.88759 12.50882 -7.917448 -2.12746 11.82967 -7.917448 -2.88759 11.82967 -9.893428 -2.12746 11.82967 -9.893428 -2.88759 11.82967 -9.818221 -2.12746 12.50882 -9.818221 -2.88759 12.50882 -9.604053 -2.12746 13.08456 -9.604055 -2.88759 13.08456 -9.283528 -2.12746 13.46927 -9.283528 -2.88759 13.46927 -8.90544 -2.12746 13.60435 -8.90544 -2.88759 13.60435 -8.527352 -2.12746 13.46927 -8.527352 -2.88759 13.46926 -8.20683 -2.12746 13.08456 -8.20683 -2.88759 13.08456 -7.992654 -2.12746 12.50882 -7.992661 -2.88759 12.50882</float_array>
          <technique_common>
            <accessor source="#Wall_long-mesh-positions-array" count="1040" stride="3">
              <param name="X" type="float"/>
              <param name="Y" type="float"/>
              <param name="Z" type="float"/>
            </accessor>
          </technique_common>
        </source>
        <source id="Wall_long-mesh-normals">
          <float_array id="Wall_long-mesh-normals-array" count="1665">0 -1 0 0 1 0 1 0 0 -1 0 0 -1 7.75778e-6 0 1 4.1382e-7 0 -1 -9.69723e-7 0 1 2.98367e-7 0 -1 0 2.32e-7 -1 0 2.32e-7 1 0 -1.78462e-7 1 0 -1.78462e-7 0 -1 0 0 0 1 -3.28115e-6 0 1 -1 -9.18032e-7 0 -1 1.83606e-6 0 1 -9.18032e-7 0 0 0.9461727 0.3236622 0 -0.9461726 0.3236625 0 0.9461728 0.3236621 0 -0.9461727 0.3236624 0 0.9461728 0.323662 0 -0.9461727 0.3236625 0 0.9461728 0.323662 0 -0.9461726 0.3236624 0 0.9461727 0.3236621 0 -0.9461727 0.3236622 0 0 -1 1 3.34447e-6 7.05136e-5 1 2.78706e-7 7.05136e-6 0 0.9461728 0.3236618 0 -0.9461725 0.3236627 0 0.9461731 0.3236614 0 -0.9461724 0.3236631 0 -1 0 -1 0 7.13847e-7 -1 0 7.13847e-7 1 -2.10131e-6 0 1 -7.75778e-6 0 1 5.7719e-6 0 0 -1 0 0 1 0 1 0 -1.60615e-7 1 0 -1.60616e-7 -1 0 2.49847e-7 -1 0 2.49847e-7 0 -1 0 1 0 0 1 1.83251e-7 0 0 -1 0 0 -1 -3.95525e-7 0 1 -9.48324e-7 0.9944335 0 0.1053666 0.9421106 0 0.3353025 0.7819357 0 0.6233592 0.349815 0 0.9368189 -0.349819 0 0.9368173 -0.7819509 7.65023e-6 0.6233401 -0.9420943 2.46355e-5 0.3353484 -0.9944351 0 0.1053519 0 1 9.27171e-7 0 -1 4.01959e-7 0.9944335 0 0.1053671 0.942111 0 0.3353015 0.7819377 0 0.6233566 0.3498206 0 0.9368167 -0.3498305 1.24588e-5 0.9368131 -0.7819392 0 0.6233549 -0.9421041 0 0.3353205 -0.994432 2.20446e-5 0.1053805 0 -1 -4.74156e-7 0.9944351 0 0.1053515 0.9420996 0 0.3353331 0.7819555 0 0.6233342 0.3498061 0 0.9368221 -0.3498119 0 0.93682 -0.78195 1.02003e-5 0.6233413 -0.942105 1.23179e-5 0.335318 -0.9944335 0 0.105367 0 1 1.7131e-6 0 -1 6.19519e-7 0 -1 8.56554e-7 0.9944351 0 0.1053519 0.9421001 0 0.3353317 0.7819574 0 0.6233319 0.3498117 0 0.93682 -0.3498231 1.27642e-5 0.9368158 -0.7819383 0 0.6233561 -0.9421095 0 0.3353052 -0.994432 1.10223e-5 0.1053805 0 -1 -4.74158e-7 0.9421095 0 0.3353055 0.781946 0 0.6233463 0 1 6.19515e-7 0 -1 8.56552e-7 0.94211 0 0.335304 0.781948 0 0.6233436 -0.3498231 1.35203e-5 0.9368158 -0.994432 1.46964e-5 0.1053805 0.9939241 0 0.1100678 0.9372524 0 0.3486516 0.7682915 0 0.6401002 0.3364421 0 0.9417042 -0.3364477 0 0.9417022 -0.7682948 8.7694e-6 0.6400962 -0.9372499 1.0212e-5 0.3486583 -0.9939247 0 0.1100626 0 -1 3.84598e-7 0 -1 8.19562e-7 0.9939242 0 0.1100682 0.9372529 0 0.34865 0.7682937 0 0.6400976 0.3364475 0 0.9417023 -0.3364586 1.35556e-5 0.9416983 -0.7682824 0 0.6401112 -0.9372541 0 0.3486474 -0.9939233 1.28528e-5 0.1100747 0.9939243 0 0.1100664 0.937255 0 0.3486447 0.7682841 0 0.6401091 0.3364449 0 0.9417032 -0.7682939 7.51662e-6 0.6400973 -0.9372507 1.0212e-5 0.3486562 0 1 7.10645e-7 0 1 2.33404e-6 0 -1 1.16707e-6 0.9939242 0 0.1100667 0.9372555 0 0.3486433 0.7682862 0 0.6401066 0.3364507 0 0.9417011 -0.3364586 1.26691e-5 0.9416983 -0.7682814 0 0.6401122 -0.9939237 1.10167e-5 0.1100726 -0.9944337 0 0.1053646 -0.9421066 -1.0265e-6 0.3353136 -0.7819437 0 0.6233492 -0.3498104 0 0.9368206 0.3498128 0 0.9368196 0.7819517 8.92528e-6 0.6233389 0.9421035 9.2384e-6 0.3353224 0.9944339 0 0.1053622 0 1 7.42726e-7 0 1 -8.03923e-7 0 1 1.71311e-6 0 -1 -1.21975e-6 -0.9944337 0 0.105365 -0.9421075 0 0.335311 -0.7819448 -9.56278e-7 0.6233479 -0.3498162 0 0.9368184 0.3498242 1.28607e-5 0.9368155 0.7819398 0 0.6233541 0.9421066 0 0.3353137 0.9944329 9.18526e-6 0.1053718 -0.9939242 0 0.1100667 -0.937256 -1.02121e-6 0.348642 -0.7682832 0 0.6401102 -0.3364449 0 0.9417032 0.3364483 0 0.941702 0.7682911 7.51659e-6 0.6401008 0.9372522 9.19083e-6 0.3486522 0.9939244 0 0.1100647 0 1 -7.10644e-7 0 1 8.87116e-7 0 -1 -8.19567e-7 -0.9939242 0 0.1100671 -0.9372571 0 0.3486391 -0.7682843 -6.26381e-7 0.6401088 -0.3364507 0 0.9417011 0.3364593 1.29214e-5 0.941698 0.7682788 0 0.6401154 0.9372555 0 0.3486433 0.9939233 1.00986e-5 0.1100746 -0.9939242 0 0.1100671 -0.9372543 -2.04242e-6 0.3486467 -0.768285 0 0.640108 -0.3364442 0 0.9417035 0.7682944 8.7694e-6 0.6400967 0.9372507 1.0212e-5 0.3486562 0.9939246 0 0.1100634 0 -1 7.10644e-7 0 -1 -3.84598e-7 0 -1 -8.19565e-7 -0.9939242 0 0.1100675 -0.9372553 0 0.348644 -0.7682862 -1.25277e-6 0.6401066 -0.3364498 0 0.9417015 0.3364593 1.32068e-5 0.941698 0.7682819 0 0.6401117 0.9372541 0 0.3486474 0.9939236 1.10167e-5 0.1100733 0 -1 -4.74156e-7 0.9944343 0 0.1053587 0.9421077 0 0.3353108 0.7819387 0 0.6233555 0.3498153 0 0.9368187 -0.3498141 0 0.9368192 -0.7819529 8.60654e-6 0.6233376 -0.9420982 1.41783e-5 0.3353374 -0.9944347 0 0.1053559 0 1 -8.03924e-7 0 1 6.19519e-7 0 1 -9.27169e-7 0 1 1.71312e-6 0 -1 4.01959e-7 0 -1 -1.21976e-6 0 -1 8.56572e-7 0.9944343 0 0.105359 0.9421082 0 0.3353095 0.7819408 0 0.6233528 0.3498212 0 0.9368165 -0.3498255 1.29157e-5 0.9368149 -0.7819409 0 0.6233525 -0.9421036 0 0.3353221 -0.9944329 1.49835e-5 0.1053721 0.9944347 0 0.1053556 0.9421027 0 0.3353248 0.7819489 0 0.6233426 0.3498084 0 0.9368213 -0.3498125 0 0.9368197 -0.7819527 8.60653e-6 0.6233378 -0.942103 7.69866e-6 0.3353238 -0.9944341 0 0.1053606 0 1 -2.4394e-6 0 -1 -8.5656e-7 0.9944347 0 0.105356 0.942103 0 0.3353235 0.7819509 0 0.6233401 0.3498141 0 0.9368192 -0.3498239 1.29162e-5 0.9368156 -0.7819409 0 0.6233527 -0.9421056 0 0.3353167 -0.9944333 7.80747e-6 0.1053689 0.9944337 0 0.1053646 0.9421066 0 0.3353136 0.7819449 0 0.6233476 0.3498086 0 0.9368212 -0.3498136 0 0.9368194 -0.7819517 8.92528e-6 0.6233389 -0.942103 1.02649e-5 0.3353238 -0.9944341 0 0.1053608 0 1 2.4394e-6 0 -1 4.0196e-7 0 -1 -9.27141e-7 0 -1 8.56563e-7 0.9944337 0 0.105365 0.9421071 0 0.3353124 0.7819468 0 0.6233451 0.3498144 0 0.9368191 -0.349825 1.27584e-5 0.9368152 -0.7819398 0 0.6233541 -0.9421066 0 0.3353137 -0.9944329 1.01038e-5 0.1053718 0 1 -9.07357e-7 0 -1 4.53677e-7 0.9939245 0 0.110064 0.9372555 -2.04242e-6 0.3486434 0.7682832 0 0.6401102 -0.3364483 0 0.941702 -0.768293 8.76938e-6 0.6400984 -0.9372512 8.16962e-6 0.3486549 0 1 7.69199e-7 0 1 1.18551e-6 0 1 -8.87118e-7 0 -1 -3.84599e-7 0 -1 -8.19565e-7 0.9939244 0 0.1100643 0.9372565 0 0.3486406 0.7682843 -1.25276e-6 0.6401088 -0.3364593 1.30183e-5 0.941698 -0.7682805 0 0.6401134 -0.9372545 0 0.348646 -0.9939237 8.2625e-6 0.1100726 0.9939244 0 0.1100658 0.9372543 0 0.3486467 0.768285 0 0.640108 0.3364453 0 0.9417031 -0.3364472 0 0.9417023 -0.7682935 8.76939e-6 0.6400979 0 1 7.10644e-7 0 -1 3.84598e-7 0 -1 1.16706e-6 0.9939243 0 0.1100661 0.9372553 0 0.348644 0.7682862 -1.25277e-6 0.6401066 0.336451 0 0.9417011 -0.3364584 1.29131e-5 0.9416984 -0.768281 0 0.6401128 -0.9372543 0 0.3486467 -0.9939237 9.18056e-6 0.110072 -0.994432 0 0.1053805 -0.9421095 0 0.3353055 -0.7819451 0 0.6233475 -0.349815 0 0.9368189 0.3498109 0 0.9368203 0.7819509 7.65023e-6 0.6233401 0.9420997 8.21188e-6 0.3353332 0 1 2.43942e-6 0 -1 -9.27145e-7 0 -1 1.21976e-6 -0.994432 0 0.1053808 -0.94211 0 0.335304 -0.7819473 0 0.6233448 -0.3498206 0 0.9368167 0.3498225 1.27644e-5 0.9368161 0.7819392 0 0.6233549 0.9421041 0 0.3353205 0.9944337 1.46964e-5 0.1053652 -0.9944351 0 0.1053515 -0.9420992 0 0.3353344 -0.7819555 0 0.6233342 -0.349807 0 0.9368219 0.3498119 0 0.93682 0.7819489 7.65022e-6 0.6233425 0.9421051 0 0.335318 0.9944336 0 0.1053656 0 1 8.03917e-7 0 1 2.43939e-6 -0.9420997 0 0.3353331 -0.7819574 0 0.6233319 0.3498231 1.30694e-5 0.9368158 0.7819373 0 0.6233572 0.9421046 0 0.3353192 0.9944337 0 0.1053652 -0.9944337 0 0.1053652 -0.7819357 0 0.6233592 0.78195 1.02003e-5 0.6233413 0.9421046 1.23179e-5 0.3353194 0 -1 -9.27136e-7 0 -1 8.56569e-7 -0.9944336 0 0.1053656 -0.7819377 0 0.6233566 0.3498231 1.30131e-5 0.9368158 0.7819383 0 0.6233561 0.9421095 0 0.3353052 0.994432 1.46964e-5 0.1053805 0 1 9.07357e-7 -0.9939257 0 0.110054 -0.937253 0 0.34865 -0.7682813 0 0.6401124 -0.3364495 0 0.9417015 0.3364477 0 0.9417022 0.7682948 8.7694e-6 0.6400962 0.93725 8.16961e-6 0.3486582 0.9939247 0 0.1100626 0 1 8.87121e-7 0 1 -2.33405e-6 0 -1 7.10646e-7 0 -1 -3.84598e-7 0 -1 -8.87097e-7 0 -1 1.16707e-6 -0.9939256 0 0.1100544 -0.9372534 0 0.3486489 -0.7682833 0 0.6401101 -0.3364551 0 0.9416995 0.3364586 1.30679e-5 0.9416983 0.7682824 0 0.6401112 0.9372529 0 0.3486503 0.9939237 1.10167e-5 0.110072 0 1 9.07356e-7 0 -1 -4.53676e-7 -0.9939245 0 0.110065 -0.937254 -6.12726e-6 0.3486474 -0.768286 0 0.6401069 -0.3364434 0 0.9417037 0.336449 0 0.9417018 0.768293 8.76938e-6 0.6400984 0.9372506 8.16961e-6 0.3486569 0 1 -1.18551e-6 0 -1 7.10644e-7 -0.9939244 0 0.1100655 -0.9372555 0 0.3486433 -0.7682862 0 0.6401066 -0.336449 0 0.9417018 0.3364601 1.29628e-5 0.9416978 0.7682805 0 0.6401134 0.9372538 0 0.348648 0.9939237 9.18056e-6 0.1100726 0 -1 -9.48324e-7 -0.7819509 -7.65023e-6 0.6233401 -0.9420943 -2.46355e-5 0.3353484 0 -1 9.27171e-7 0 1 4.01959e-7 -0.3498305 -1.24588e-5 0.9368131 -0.994432 -2.20446e-5 0.1053805 0 1 -4.74156e-7 -0.78195 -1.02003e-5 0.6233413 -0.942105 -1.23179e-5 0.335318 0 -1 1.7131e-6 0 1 8.56554e-7 -0.3498231 -1.27642e-5 0.9368158 -0.994432 -1.10223e-5 0.1053805 0 1 -4.74158e-7 0 -1 6.19515e-7 0 1 8.56552e-7 -0.3498231 -1.35203e-5 0.9368158 -0.994432 -1.46964e-5 0.1053805 -0.7682948 -8.7694e-6 0.6400962 -0.9372499 -1.0212e-5 0.3486583 0 1 3.84598e-7 0 1 8.19562e-7 -0.3364586 -1.35556e-5 0.9416983 -0.9939233 -1.28528e-5 0.1100747 -0.7682939 -7.51662e-6 0.6400973 -0.9372507 -1.0212e-5 0.3486562 0 -1 7.10645e-7 0 -1 2.33404e-6 0 1 1.16707e-6 -0.3364586 -1.26691e-5 0.9416983 -0.9939237 -1.10167e-5 0.1100726 -0.9421066 1.0265e-6 0.3353136 0.7819517 -8.92528e-6 0.6233389 0.9421035 -9.2384e-6 0.3353224 0 -1 7.42726e-7 0 -1 -8.03923e-7 0 -1 1.71311e-6 0 1 -1.21975e-6 -0.7819448 9.56278e-7 0.6233479 0.3498242 -1.28607e-5 0.9368155 0.9944329 -9.18526e-6 0.1053718 -0.937256 1.02121e-6 0.348642 0.7682911 -7.51659e-6 0.6401008 0.9372522 -9.19083e-6 0.3486522 0 -1 -7.10644e-7 0 -1 8.87116e-7 0 1 -8.19567e-7 -0.7682843 6.26381e-7 0.6401088 0.3364593 -1.29214e-5 0.941698 0.9939233 -1.00986e-5 0.1100746 -0.9372543 2.04242e-6 0.3486467 0.7682944 -8.7694e-6 0.6400967 0.9372507 -1.0212e-5 0.3486562 0 1 7.10644e-7 0 1 -3.84598e-7 0 1 -8.19565e-7 -0.7682862 1.25277e-6 0.6401066 0.3364593 -1.32068e-5 0.941698 0.9939236 -1.10167e-5 0.1100733 0 1 -4.74156e-7 -0.7819529 -8.60654e-6 0.6233376 -0.9420982 -1.41783e-5 0.3353374 0 -1 -8.03924e-7 0 -1 -9.27169e-7 0 -1 1.71312e-6 0 1 4.01959e-7 0 1 -1.21976e-6 0 1 8.56572e-7 -0.3498255 -1.29157e-5 0.9368149 -0.9944329 -1.49835e-5 0.1053721 -0.7819527 -8.60653e-6 0.6233378 -0.942103 -7.69866e-6 0.3353238 0 -1 -2.4394e-6 0 1 -8.5656e-7 -0.3498239 -1.29162e-5 0.9368156 -0.9944333 -7.80747e-6 0.1053689 -0.7819517 -8.92528e-6 0.6233389 -0.942103 -1.02649e-5 0.3353238 0 -1 2.4394e-6 0 1 4.0196e-7 0 1 -9.27141e-7 0 1 8.56563e-7 -0.349825 -1.27584e-5 0.9368152 -0.9944329 -1.01038e-5 0.1053718 0 -1 -9.07357e-7 0 1 4.53677e-7 0.9372555 2.04242e-6 0.3486434 -0.768293 -8.76938e-6 0.6400984 -0.9372512 -8.16962e-6 0.3486549 0 -1 7.69199e-7 0 -1 1.18551e-6 0 -1 -8.87118e-7 0 1 -3.84599e-7 0 1 -8.19565e-7 0.7682843 1.25276e-6 0.6401088 -0.3364593 -1.30183e-5 0.941698 -0.9939237 -8.2625e-6 0.1100726 -0.7682935 -8.76939e-6 0.6400979 0 1 3.84598e-7 0 1 1.16706e-6 0.7682862 1.25277e-6 0.6401066 -0.3364584 -1.29131e-5 0.9416984 -0.9939237 -9.18056e-6 0.110072 0.7819509 -7.65023e-6 0.6233401 0.9420997 -8.21188e-6 0.3353332 0 -1 2.43942e-6 0 1 -9.27145e-7 0 1 1.21976e-6 0.3498225 -1.27644e-5 0.9368161 0.9944337 -1.46964e-5 0.1053652 0.7819489 -7.65022e-6 0.6233425 0 -1 8.03917e-7 0 -1 2.43939e-6 0.3498231 -1.30694e-5 0.9368158 0.78195 -1.02003e-5 0.6233413 0.9421046 -1.23179e-5 0.3353194 0 1 -9.27136e-7 0 1 8.56569e-7 0.3498231 -1.30131e-5 0.9368158 0.994432 -1.46964e-5 0.1053805 0 -1 9.07357e-7 0.7682948 -8.7694e-6 0.6400962 0.93725 -8.16961e-6 0.3486582 0 -1 8.87121e-7 0 -1 -2.33405e-6 0 1 7.10646e-7 0 1 -3.84598e-7 0 1 -8.87097e-7 0 1 1.16707e-6 0.3364586 -1.30679e-5 0.9416983 0.9939237 -1.10167e-5 0.110072 0 -1 9.07356e-7 0 1 -4.53676e-7 -0.937254 6.12726e-6 0.3486474 0.768293 -8.76938e-6 0.6400984 0.9372506 -8.16961e-6 0.3486569 0 -1 -1.18551e-6 0.3364601 -1.29628e-5 0.9416978 0.9939237 -9.18056e-6 0.1100726 -1 -7.75778e-6 0 -1 9.69723e-7 0 -1 -8.98825e-7 0 -1 9.69713e-7 0 -1 -2.09913e-6 0 1 -2.98367e-7 0 0 1 0 0 0.9461726 0.3236625 0 0.9461727 0.3236624 0 -0.9461728 0.3236621 -1 2.7865e-6 -6.05657e-7 -1 -2.7865e-6 -6.05657e-7 -1 3.18457e-6 -8.07543e-7 -1 -3.18457e-6 -8.07543e-7 0 0.9461727 0.3236625 0 -0.9461728 0.323662 0 0.9461726 0.3236624 0 -0.9461728 0.323662 0 -0.9461727 0.3236621 1 -3.34447e-6 7.05136e-5 1 -2.78706e-7 7.05136e-6 0 0.9461725 0.3236627 0 -0.9461728 0.3236618 0 0.9461724 0.3236631 0 -0.9461731 0.3236614 0 1 0 1 2.10131e-6 0 0 -1 0 0 1 0 0 1 0 1 0 0 -1 3.01227e-7 0 0 1 0 0 -1 1.50851e-7 0 1 3.01702e-7 0 1 -3.95525e-7 0 -1 1.48322e-7</float_array>
          <technique_common>
            <accessor source="#Wall_long-mesh-normals-array" count="555" stride="3">
              <param name="X" type="float"/>
              <param name="Y" type="float"/>
              <param name="Z" type="float"/>
            </accessor>
          </technique_common>
        </source>
        <source id="Wall_long-mesh-map-0">
          <float_array id="Wall_long-mesh-map-0-array" count="9744">0.9452967 0.5591957 0.8778818 0.7483522 0.8778818 0.5591957 0.9452967 0.5591957 0.8778818 0.7483522 0.9452967 0.7483522 0.9246381 0.7300004 0.8349819 0.5345014 0.9246381 0.5345014 0.8349819 0.5345014 0.9246381 0.7300004 0.9246381 0.5345014 0.8397487 0.5257279 0.8878797 0.7347158 0.8397487 0.7347158 0.9360106 0.5257279 0.8878797 0.7347158 0.8878797 0.5257279 0.306473 0.3023236 0.3132155 -0.00364691 0.306473 -0.00364691 0.306473 0.3023236 0.3132155 -0.00364691 0.3132155 0.3023236 0.306473 0.3023236 0.3132155 -0.00364691 0.3132155 0.3023236 0.3132155 -0.00364691 0.306473 0.3023236 0.3132155 0.3023236 0.306473 0.3023236 0.3132155 -0.00364691 0.306473 -0.00364691 0.306473 0.3023236 0.3132155 -0.00364691 0.3132155 0.3023236 0.9093711 0.5628736 0.9123582 0.7304615 0.9093712 0.7304615 0.9093711 0.5628736 0.9123582 0.7304615 0.9123582 0.5628736 0.9691101 0.7304615 0.9661231 0.5628736 0.96911 0.5628736 0.9691101 0.7304615 0.9661231 0.5628736 0.9661231 0.7304615 0.8496325 0.7304615 0.8466455 0.5628736 0.8496325 0.5628736 0.8496325 0.7304615 0.8466455 0.5628736 0.8466455 0.7304615 0.306473 -0.00364691 0.3132155 0.3023236 0.3132155 -0.00364691 0.3132155 0.3023236 0.306473 -0.00364691 0.3132155 -0.00364691 0.306473 -0.00364691 0.3132155 0.3023236 0.3132155 -0.00364691 0.3132155 0.3023236 0.306473 -0.00364691 0.3132155 -0.00364691 0.306473 -0.00364691 0.3132155 0.3023236 0.306473 0.3023236 0.306473 -0.00364691 0.3132155 0.3023236 0.3132155 -0.00364691 0.4821981 -0.008806109 0.3577629 0.3790642 0.3577629 -0.008806109 0.4821981 -0.008806109 0.3577629 0.3790642 0.4821981 0.3790642 0.3175425 -0.008806109 0.4419775 0.3790642 0.4419775 -0.008806109 0.3175425 -0.008806109 0.4419775 0.3790642 0.3175425 0.3790642 0.8975427 0.7461808 0.8975427 0.7168089 0.8693795 0.7461808 0.9927127 0.7461808 0.9645496 0.7168089 0.9645496 0.7461808 0.8975427 0.7168089 0.931046 0.6874371 0.8693795 0.6874371 0.9927127 0.6874371 0.931046 0.6874371 0.9645496 0.7168089 0.931046 0.6874371 0.8975427 0.7168089 0.8693795 0.6874371 0.9927127 0.6874371 0.9645496 0.7168089 0.931046 0.6874371 0.8975427 0.7168089 0.8975427 0.7461808 0.8693795 0.7461808 0.9927127 0.7461808 0.9645496 0.7461808 0.9645496 0.7168089 0.8975427 0.7168089 0.931046 0.6874371 0.931046 0.7168089 0.931046 0.7168089 0.931046 0.6874371 0.9645496 0.7168089 0.931046 0.6874371 0.8975427 0.7168089 0.931046 0.7168089 0.931046 0.7168089 0.9645496 0.7168089 0.931046 0.6874371 0.3568046 0.1968829 0.4498245 0.01282316 0.4498243 0.1968829 0.3568046 0.1968829 0.4498245 0.01282316 0.3568048 0.01282316 0.3568046 0.1968829 0.4498245 0.01282316 0.4498243 0.1968829 0.3568046 0.1968829 0.4498245 0.01282316 0.3568048 0.01282316 0.3132153 0.3023236 0.306473 -0.00364691 0.3132155 -0.00364691 0.3132153 0.3023236 0.306473 -0.00364691 0.3064728 0.3023236 0.3132155 -0.00364691 0.3064728 0.3023236 0.3132153 0.3023236 0.3132155 -0.00364691 0.3064728 0.3023236 0.306473 -0.00364691 0.3132155 -0.00364691 0.3064728 0.3023236 0.3132153 0.3023236 0.3132155 -0.00364691 0.3064728 0.3023236 0.306473 -0.00364691 0.8496325 0.7304615 0.8466455 0.5628736 0.8496325 0.5628736 0.8496325 0.7304615 0.8466455 0.5628736 0.8466455 0.7304615 0.9691101 0.7304615 0.9661231 0.5628736 0.96911 0.5628736 0.9691101 0.7304615 0.9661231 0.5628736 0.9661231 0.7304615 0.9093711 0.5628736 0.9123582 0.7304615 0.9093712 0.7304615 0.9093711 0.5628736 0.9123582 0.7304615 0.9123582 0.5628736 0.3132155 -0.00364691 0.3064728 0.3023236 0.3132153 0.3023236 0.3132155 -0.00364691 0.3064728 0.3023236 0.306473 -0.00364691 0.3132153 0.3023236 0.306473 -0.00364691 0.3132155 -0.00364691 0.3132153 0.3023236 0.306473 -0.00364691 0.3064728 0.3023236 0.3132155 -0.00364691 0.3064728 0.3023236 0.3132153 0.3023236 0.3132155 -0.00364691 0.3064728 0.3023236 0.306473 -0.00364691 0.7827329 0.5145023 0.8327907 0.7318171 0.7827329 0.7318171 0.8828485 0.5145023 0.8327907 0.7318171 0.8327907 0.5145023 0.8945719 0.522415 0.989546 0.7294723 0.8945719 0.7294723 0.989546 0.7294723 0.8945719 0.522415 0.8945719 0.7294723 0.8602623 0.5275309 0.7874119 0.7319017 0.7874119 0.5275309 0.8602623 0.5275309 0.7874119 0.7319017 0.8602623 0.7319017 0.9732993 0.9421465 0.8618094 0.9376215 0.9767512 0.9376215 0.8618094 0.9376215 0.9732993 0.9421465 0.9767512 0.9376215 0.8145641 0.941759 0.921565 0.937416 0.921565 0.941759 0.8145641 0.941759 0.921565 0.937416 0.8112511 0.937416 0.8112511 0.937416 0.921582 0.9326878 0.921565 0.937416 0.8112511 0.937416 0.921582 0.9326878 0.811268 0.9326878 0.8618094 0.9376215 0.9766253 0.9329144 0.9767512 0.9376215 0.8618094 0.9376215 0.9766253 0.9329144 0.8616836 0.9329144 0.8693795 0.6874371 0.8693795 0.7461808 0.8975427 0.7168089 0.9645496 0.7168089 0.9927127 0.7461808 0.9927127 0.6874371 0.8693795 0.7461808 0.8693795 0.6874371 0.8975427 0.7168089 0.9645496 0.7168089 0.9927127 0.6874371 0.9927127 0.7461808 0.6628063 0.5592951 0.6487818 0.5623024 0.6487827 0.5592913 0.6628063 0.5592951 0.6487818 0.5623024 0.6628054 0.5623064 0.6487827 0.5592913 0.6347579 0.5622977 0.6347606 0.5544892 0.6487827 0.5592913 0.6347579 0.5622977 0.6487818 0.5623024 0.6768296 0.5623102 0.6628063 0.5592951 0.6768318 0.5545015 0.6628063 0.5592951 0.6768296 0.5623102 0.6768318 0.5545015 0.6628063 0.5592951 0.6487867 0.5444698 0.6628104 0.5444737 0.6628063 0.5592951 0.6487867 0.5444698 0.6487827 0.5592913 0.6628063 0.5592951 0.6487867 0.5444698 0.6628104 0.5444737 0.6628063 0.5592951 0.6487867 0.5444698 0.6487827 0.5592913 0.6768296 0.5623102 0.6628063 0.5592951 0.6768318 0.5545015 0.6628063 0.5592951 0.6768296 0.5623102 0.6768318 0.5545015 0.6487827 0.5592913 0.6347579 0.5622977 0.6347606 0.5544892 0.6487827 0.5592913 0.6347579 0.5622977 0.6487818 0.5623024 0.6628063 0.5592951 0.6487818 0.5623024 0.6487827 0.5592913 0.6628063 0.5592951 0.6487818 0.5623024 0.6628054 0.5623064 0.6628063 0.5592951 0.6487818 0.5623024 0.6487827 0.5592913 0.6628063 0.5592951 0.6487818 0.5623024 0.6628054 0.5623064 0.6487827 0.5592913 0.6347579 0.5622977 0.6347606 0.5544892 0.6487827 0.5592913 0.6347579 0.5622977 0.6487818 0.5623024 0.6768296 0.5623102 0.6628063 0.5592951 0.6768318 0.5545015 0.6628063 0.5592951 0.6768296 0.5623102 0.6768318 0.5545015 0.6628063 0.5592951 0.6487867 0.5444698 0.6628104 0.5444737 0.6628063 0.5592951 0.6487867 0.5444698 0.6487827 0.5592913 0.6628063 0.5592951 0.6487867 0.5444698 0.6628104 0.5444737 0.6628063 0.5592951 0.6487867 0.5444698 0.6487827 0.5592913 0.6768296 0.5623102 0.6628063 0.5592951 0.6768318 0.5545015 0.6628063 0.5592951 0.6768296 0.5623102 0.6768318 0.5545015 0.6487827 0.5592913 0.6347579 0.5622977 0.6347606 0.5544892 0.6487827 0.5592913 0.6347579 0.5622977 0.6487818 0.5623024 0.6628063 0.5592951 0.6487818 0.5623024 0.6487827 0.5592913 0.6628063 0.5592951 0.6487818 0.5623024 0.6628054 0.5623064 0.6628063 0.5592951 0.6487867 0.5444698 0.6628104 0.5444737 0.6628063 0.5592951 0.6487867 0.5444698 0.6487827 0.5592913 0.6768296 0.5623102 0.6628063 0.5592951 0.6768318 0.5545015 0.6628063 0.5592951 0.6768296 0.5623102 0.6768318 0.5545015 0.6487827 0.5592913 0.6347579 0.5622977 0.6347606 0.5544892 0.6487827 0.5592913 0.6347579 0.5622977 0.6487818 0.5623024 0.6628063 0.5592951 0.6487818 0.5623024 0.6487827 0.5592913 0.6628063 0.5592951 0.6487818 0.5623024 0.6628054 0.5623064 0.7763004 0.9791924 0.8658452 0.9340989 0.7763004 0.9340989 0.7763004 0.9791924 0.8658452 0.9340989 0.8658452 0.9791924 0.7763004 0.9791924 0.8658452 0.9340989 0.8658452 0.9791924 0.7763004 0.9791924 0.8658452 0.9340989 0.7763004 0.9340989 0.9766498 0.6520838 0.8060555 0.6467183 0.9766498 0.6467183 0.9766498 0.6520838 0.8060555 0.6467183 0.8060555 0.6520838 0.9932816 0.6520838 0.7790369 0.6467183 0.9932817 0.6467183 0.9932816 0.6520838 0.7790369 0.6467183 0.7790369 0.6520838 0.8060555 0.6520838 0.9766498 0.6467183 0.8060555 0.6467183 0.8060555 0.6520838 0.9766498 0.6467183 0.9766498 0.6520838 0.8060555 0.6520838 0.9766498 0.6467183 0.8060555 0.6467183 0.8060555 0.6520838 0.9766498 0.6467183 0.9766498 0.6520838 0.9891801 0.6472547 0.7715489 0.6418892 0.9891801 0.6418892 0.9891801 0.6472547 0.7715489 0.6418892 0.7715489 0.6472547 0.9766498 0.6520838 0.8060555 0.6467183 0.9766498 0.6467183 0.9766498 0.6520838 0.8060555 0.6467183 0.8060555 0.6520838 0.8916384 0.9791924 0.9815104 0.9340989 0.9815105 0.9791924 0.8916384 0.9791924 0.9815104 0.9340989 0.8916384 0.9340989 0.8916384 0.9791924 0.9815105 0.9340989 0.8916384 0.9340989 0.8916384 0.9791924 0.9815105 0.9340989 0.9815105 0.9791924 0.8635067 0.9791924 0.9339063 0.9340989 0.8635067 0.9340989 0.8635067 0.9791924 0.9339063 0.9340989 0.9339063 0.9791924 0.8635067 0.9791924 0.9339063 0.9340989 0.9339063 0.9791924 0.8635067 0.9791924 0.9339063 0.9340989 0.8635067 0.9340989 0.9766498 0.6520838 0.8060555 0.6467183 0.9766498 0.6467183 0.9766498 0.6520838 0.8060555 0.6467183 0.8060555 0.6520838 0.9840959 0.6520838 0.7882225 0.6467183 0.9840961 0.6467183 0.9840959 0.6520838 0.7882225 0.6467183 0.7882225 0.6520838 0.8060555 0.6520838 0.9766498 0.6467183 0.8060555 0.6467183 0.8060555 0.6520838 0.9766498 0.6467183 0.9766498 0.6520838 0.7506578 0.6423839 0.7608584 0.6626816 0.7506578 0.6809364 0.7506578 0.6423839 0.7608584 0.6626816 0.7608584 0.6493463 0.9927605 0.6158243 0.9825598 0.6361222 0.9825598 0.6227867 0.9825598 0.6361222 0.9927605 0.6158243 0.9825598 0.6227867 0.6225963 0.7822205 0.6261788 0.766147 0.6225963 0.766147 0.6225963 0.7822205 0.6261788 0.766147 0.6261788 0.7822205 0.6225963 0.766147 0.6261788 0.7822205 0.6225963 0.7822205 0.6225963 0.766147 0.6261788 0.7822205 0.6261788 0.766147 0.6628063 0.5592951 0.6487867 0.5444698 0.6628104 0.5444737 0.6628063 0.5592951 0.6487867 0.5444698 0.6487827 0.5592913 0.6768296 0.5623102 0.6628063 0.5592951 0.6768318 0.5545015 0.6628063 0.5592951 0.6768296 0.5623102 0.6768318 0.5545015 0.6487827 0.5592913 0.6347579 0.5622977 0.6347606 0.5544892 0.6487827 0.5592913 0.6347579 0.5622977 0.6487818 0.5623024 0.6628063 0.5592951 0.6487818 0.5623024 0.6487827 0.5592913 0.6628063 0.5592951 0.6487818 0.5623024 0.6628054 0.5623064 0.6628063 0.5592951 0.6487818 0.5623024 0.6487827 0.5592913 0.6628063 0.5592951 0.6487818 0.5623024 0.6628054 0.5623064 0.6487827 0.5592913 0.6347579 0.5622977 0.6347606 0.5544892 0.6487827 0.5592913 0.6347579 0.5622977 0.6487818 0.5623024 0.6768296 0.5623102 0.6628063 0.5592951 0.6768318 0.5545015 0.6628063 0.5592951 0.6768296 0.5623102 0.6768318 0.5545015 0.6628063 0.5592951 0.6487867 0.5444698 0.6628104 0.5444737 0.6628063 0.5592951 0.6487867 0.5444698 0.6487827 0.5592913 0.9971483 0.5359894 0.9086869 0.7295739 0.9086868 0.5359894 0.9971483 0.5359894 0.9086869 0.7295739 0.9971483 0.7295739 0.7827329 0.7318171 0.8327907 0.5145023 0.7827329 0.5145023 0.8828485 0.7318171 0.8327907 0.5145023 0.8327907 0.7318171 0.3132153 0.3023236 0.306473 -0.00364691 0.3132155 -0.00364691 0.3132153 0.3023236 0.306473 -0.00364691 0.3064728 0.3023236 0.7898937 0.5628736 0.7928807 0.7304615 0.7898937 0.7304615 0.7898937 0.5628736 0.7928807 0.7304615 0.7928806 0.5628736 0.3132153 0.3023236 0.306473 -0.00364691 0.3132155 -0.00364691 0.3132153 0.3023236 0.306473 -0.00364691 0.3064728 0.3023236 0.3568046 0.1968829 0.4498245 0.01282316 0.4498243 0.1968829 0.3568046 0.1968829 0.4498245 0.01282316 0.3568048 0.01282316 0.4389983 -0.008806109 0.3145633 0.3790642 0.3145633 -0.008806109 0.4389983 -0.008806109 0.3145633 0.3790642 0.4389983 0.3790642 0.306473 -0.00364691 0.3132155 0.3023236 0.306473 0.3023236 0.306473 -0.00364691 0.3132155 0.3023236 0.3132155 -0.00364691 0.7898937 0.5628736 0.7928807 0.7304615 0.7898937 0.7304615 0.7898937 0.5628736 0.7928807 0.7304615 0.7928806 0.5628736 0.306473 0.3023236 0.3132155 -0.00364691 0.3132155 0.3023236 0.3132155 -0.00364691 0.306473 0.3023236 0.3132155 0.3023236 0.8397487 0.7347158 0.8878797 0.5257279 0.8397487 0.5257279 0.9360106 0.7347158 0.8878797 0.5257279 0.8878797 0.7347158 0.8772114 0.5570042 0.7928324 0.7416875 0.7928324 0.5570042 0.8772114 0.5570042 0.7928324 0.7416875 0.8772114 0.7416875 0.8060555 0.6520838 0.9766498 0.6467183 0.8060555 0.6467183 0.8060555 0.6520838 0.9766498 0.6467183 0.9766498 0.6520838 0.9840959 0.6520838 0.7882225 0.6467183 0.9840961 0.6467183 0.9840959 0.6520838 0.7882225 0.6467183 0.7882225 0.6520838 0.9766498 0.6520838 0.8060555 0.6467183 0.9766498 0.6467183 0.9766498 0.6520838 0.8060555 0.6467183 0.8060555 0.6520838 0.8257842 0.9791924 0.8961838 0.9340989 0.8961838 0.9791924 0.8257842 0.9791924 0.8961838 0.9340989 0.8257842 0.9340989 0.8257842 0.9791924 0.8961838 0.9340989 0.8257842 0.9340989 0.8257842 0.9791924 0.8961838 0.9340989 0.8961838 0.9791924 0.910754 0.5168219 0.8427924 0.7074778 0.8427924 0.5168219 0.910754 0.5168219 0.8427924 0.7074778 0.910754 0.7074778 0.3132153 0.3023236 0.306473 -0.00364691 0.3132155 -0.00364691 0.3132153 0.3023236 0.306473 -0.00364691 0.3064728 0.3023236 0.3132155 -0.00364691 0.3064728 0.3023236 0.3132153 0.3023236 0.3132155 -0.00364691 0.3064728 0.3023236 0.306473 -0.00364691 0.9093711 0.5628736 0.9123582 0.7304615 0.9093712 0.7304615 0.9093711 0.5628736 0.9123582 0.7304615 0.9123582 0.5628736 0.8496325 0.7304615 0.8466455 0.5628736 0.8496325 0.5628736 0.8496325 0.7304615 0.8466455 0.5628736 0.8466455 0.7304615 0.3132155 -0.00364691 0.3064728 0.3023236 0.3132153 0.3023236 0.3132155 -0.00364691 0.3064728 0.3023236 0.306473 -0.00364691 0.3132153 0.3023236 0.306473 -0.00364691 0.3132155 -0.00364691 0.3132153 0.3023236 0.306473 -0.00364691 0.3064728 0.3023236 0.306473 -0.00364691 0.3132155 0.3023236 0.306473 0.3023236 0.306473 -0.00364691 0.3132155 0.3023236 0.3132155 -0.00364691 0.306473 -0.00364691 0.3132155 0.3023236 0.3132155 -0.00364691 0.3132155 0.3023236 0.306473 -0.00364691 0.3132155 -0.00364691 0.8496325 0.7304615 0.8466455 0.5628736 0.8496325 0.5628736 0.8496325 0.7304615 0.8466455 0.5628736 0.8466455 0.7304615 0.9093711 0.5628736 0.9123582 0.7304615 0.9093712 0.7304615 0.9093711 0.5628736 0.9123582 0.7304615 0.9123582 0.5628736 0.306473 0.3023236 0.3132155 -0.00364691 0.306473 -0.00364691 0.306473 0.3023236 0.3132155 -0.00364691 0.3132155 0.3023236 0.306473 0.3023236 0.3132155 -0.00364691 0.3132155 0.3023236 0.3132155 -0.00364691 0.306473 0.3023236 0.3132155 0.3023236 0.9636897 0.5298662 0.8917188 0.7318062 0.8917188 0.5298662 0.9636897 0.5298662 0.8917188 0.7318062 0.9636897 0.7318062 0.6985385 0.5499296 0.5309757 0.5629671 0.5309757 0.5499296 0.6985385 0.5499296 0.5309757 0.5629671 0.6985385 0.5629671 0.7025645 0.5229168 0.5350018 0.5359543 0.5350018 0.5229168 0.7025645 0.5229168 0.5350018 0.5359543 0.7025645 0.5359543 0.6528989 0.5215207 0.5284981 0.5114261 0.5284981 0.5215207 0.6528989 0.5215207 0.5284981 0.5114261 0.6528989 0.5114261 0.7048763 0.5218899 0.5804755 0.5117953 0.5804755 0.5218899 0.7048763 0.5218899 0.5804755 0.5117953 0.7048763 0.5117953 0.9664336 0.8829071 0.7947623 0.9002819 0.7947623 0.8829071 0.9664336 0.9176567 0.7947623 0.9002819 0.9664336 0.9002819 0.9660667 0.842606 0.7943956 0.8599808 0.7943956 0.842606 0.9660667 0.8773556 0.7943956 0.8599808 0.9660667 0.8599808 0.9843106 0.9406328 0.7734568 0.9376168 0.9843106 0.9376168 0.7734568 0.9376168 0.9843106 0.9406328 0.9843106 0.9376168 0.7734568 0.9406328 0.9843106 0.9376168 0.9843106 0.9406328 0.7734568 0.9406328 0.9843106 0.9376168 0.7734568 0.9376168 0.7734568 0.9376168 0.9843106 0.9345318 0.9843106 0.9376168 0.7734568 0.9376168 0.9843106 0.9345318 0.7734568 0.9345318 0.7734568 0.9376168 0.9843106 0.9345318 0.9843106 0.9376168 0.7734568 0.9376168 0.9843106 0.9345318 0.7734568 0.9345318 0.5692245 0.6318739 0.6034976 0.4353929 0.5692245 0.4353929 0.5692245 0.6318739 0.6034976 0.4353929 0.6034976 0.6318739 0.5314201 0.6313735 0.5656932 0.4348927 0.5314201 0.4348927 0.5314201 0.6313735 0.5656932 0.4348927 0.5656932 0.6313735 0.7552092 0.6543769 0.9825598 0.6361222 0.9927605 0.6543769 0.7552092 0.6543769 0.9825598 0.6361222 0.7552092 0.6361222 0.988209 0.6809364 0.7608584 0.6626816 0.988209 0.6626816 0.7608584 0.6626816 0.988209 0.6809364 0.988209 0.6626816 0.988209 0.6423839 0.7608584 0.6493463 0.7506578 0.6423839 0.988209 0.6423839 0.7608584 0.6493463 0.988209 0.6493463 0.7552092 0.6158243 0.9825598 0.6227867 0.7552092 0.6227867 0.9825598 0.6227867 0.7552092 0.6158243 0.7552092 0.6227867 0.7513059 0.7401927 0.7541391 0.956916 0.7513059 0.956916 0.7513059 0.7401927 0.7541391 0.956916 0.7541391 0.7401927 0.7513059 0.7406547 0.7541391 0.957378 0.7513059 0.9573779 0.7513059 0.7406547 0.7541391 0.957378 0.7541391 0.7406547 0.7513059 0.9573779 0.7541391 0.7406547 0.7513059 0.7406547 0.7513059 0.9573779 0.7541391 0.7406547 0.7541391 0.957378 0.7513059 0.956916 0.7541391 0.7401927 0.7513059 0.7401927 0.7513059 0.956916 0.7541391 0.7401927 0.7541391 0.956916 0.8472163 0.778611 0.968368 0.7715047 0.968368 0.778611 0.8472163 0.778611 0.968368 0.7715047 0.8472163 0.7715047 0.7711529 0.778611 0.8923047 0.7715047 0.8923047 0.778611 0.7711529 0.778611 0.8923047 0.7715047 0.7711529 0.7715047 0.8864883 0.7599553 0.8918822 0.7337429 0.8459057 0.7337429 0.8512995 0.7599553 0.8459054 0.7337429 0.8918822 0.7337429 0.806374 0.7028231 0.8236776 0.7337429 0.806374 0.7337429 0.806374 0.7337429 0.8236776 0.7599553 0.806374 0.7599553 0.806374 0.7599553 0.8236776 0.7774703 0.806374 0.7774703 0.878416 0.9630113 0.8688938 0.9284042 0.878416 0.9284042 0.8688938 0.9630113 0.8593719 0.9284042 0.8688938 0.9284042 0.8236776 0.7774698 0.806374 0.7599553 0.806374 0.7774703 0.806374 0.7599553 0.8236776 0.7337429 0.806374 0.7337429 0.806374 0.7337429 0.8236776 0.7028231 0.806374 0.7028231 0.8918822 0.7337429 0.8937764 0.7028228 0.8440114 0.7028231 0.8440114 0.7028231 0.8459057 0.7337429 0.8918822 0.7337429 0.8459057 0.7337429 0.8512995 0.7599553 0.8864883 0.7599553 0.8512995 0.7599553 0.8593719 0.7774698 0.8864883 0.7599553 0.8593719 0.7774698 0.8688938 0.7836202 0.878416 0.7774703 0.8864883 0.7599553 0.8593719 0.7774698 0.878416 0.7774703 0.8459054 0.7337429 0.8440114 0.7028231 0.8937764 0.7028231 0.8937764 0.7028231 0.8918822 0.7337429 0.8459054 0.7337429 0.8918822 0.7337429 0.8864883 0.7599553 0.8512995 0.7599553 0.8864883 0.7599553 0.878416 0.7774703 0.8512995 0.7599553 0.878416 0.7774703 0.8688938 0.7836202 0.8593719 0.7774703 0.8512995 0.7599553 0.878416 0.7774703 0.8593719 0.7774703 0.806374 0.7028231 0.8236776 0.7028228 0.8236776 0.7337429 0.806374 0.7337429 0.8236776 0.7337429 0.8236776 0.7599553 0.806374 0.7599553 0.8236776 0.7599553 0.8236776 0.7774703 0.878416 0.9630113 0.8688938 0.9630113 0.8688938 0.9284042 0.8688938 0.9630113 0.8593719 0.9630113 0.8593719 0.9284042 0.8236776 0.7774698 0.8236776 0.7599553 0.806374 0.7599553 0.806374 0.7599553 0.8236776 0.7599553 0.8236776 0.7337429 0.806374 0.7337429 0.8236776 0.7337429 0.8236776 0.7028231 0.8367235 0.7599553 0.8421171 0.7337429 0.7961406 0.7337429 0.8015344 0.7599553 0.7961406 0.7337429 0.8421171 0.7337429 0.806374 0.7028231 0.8236776 0.7337429 0.806374 0.7337429 0.806374 0.7337429 0.8236776 0.7599553 0.806374 0.7599553 0.806374 0.7599553 0.8236776 0.7774703 0.806374 0.7774703 0.8286512 0.9630113 0.819129 0.9284042 0.8286512 0.9284042 0.819129 0.9630113 0.8096068 0.9284042 0.819129 0.9284042 0.8236776 0.7774698 0.806374 0.7599553 0.806374 0.7774703 0.806374 0.7599553 0.8236776 0.7337429 0.806374 0.7337429 0.806374 0.7337429 0.8236776 0.7028231 0.806374 0.7028231 0.8421171 0.7337429 0.8440114 0.7028228 0.7942464 0.7028231 0.7942464 0.7028231 0.7961406 0.7337429 0.8421171 0.7337429 0.7961406 0.7337429 0.8015344 0.7599553 0.8367235 0.7599553 0.8015344 0.7599553 0.8096068 0.7774698 0.8367235 0.7599553 0.8096068 0.7774698 0.819129 0.7836202 0.8286512 0.7774703 0.8367235 0.7599553 0.8096068 0.7774698 0.8286512 0.7774703 0.7961406 0.7337429 0.7942464 0.7028231 0.8440114 0.7028231 0.8440114 0.7028231 0.8421171 0.7337429 0.7961406 0.7337429 0.8421171 0.7337429 0.8367235 0.7599553 0.8015344 0.7599553 0.8367235 0.7599553 0.8286512 0.7774703 0.8015344 0.7599553 0.8286512 0.7774703 0.819129 0.7836202 0.8096068 0.7774703 0.8015344 0.7599553 0.8286512 0.7774703 0.8096068 0.7774703 0.806374 0.7028231 0.8236776 0.7028228 0.8236776 0.7337429 0.806374 0.7337429 0.8236776 0.7337429 0.8236776 0.7599553 0.806374 0.7599553 0.8236776 0.7599553 0.8236776 0.7774703 0.8286512 0.9630113 0.819129 0.9630113 0.819129 0.9284042 0.819129 0.9630113 0.8096068 0.9630113 0.8096068 0.9284042 0.8236776 0.7774698 0.8236776 0.7599553 0.806374 0.7599553 0.806374 0.7599553 0.8236776 0.7599553 0.8236776 0.7337429 0.806374 0.7337429 0.8236776 0.7337429 0.8236776 0.7028231 0.9378787 0.7599553 0.9432725 0.7337429 0.897296 0.7337429 0.9026898 0.7599553 0.8972957 0.7337429 0.9432725 0.7337429 0.806374 0.7028231 0.8236776 0.7337429 0.806374 0.7337429 0.806374 0.7337429 0.8236776 0.7599553 0.806374 0.7599553 0.806374 0.7599553 0.8236776 0.7774703 0.806374 0.7774703 0.9298063 0.9630113 0.9202841 0.9284042 0.9298063 0.9284042 0.9202841 0.9630113 0.910762 0.9284042 0.9202841 0.9284042 0.8236776 0.7774698 0.806374 0.7599553 0.806374 0.7774703 0.806374 0.7599553 0.8236776 0.7337429 0.806374 0.7337429 0.806374 0.7337429 0.8236776 0.7028231 0.806374 0.7028231 0.9432725 0.7337429 0.9451665 0.7028228 0.8954017 0.7028231 0.8954017 0.7028231 0.897296 0.7337429 0.9432725 0.7337429 0.897296 0.7337429 0.9026898 0.7599553 0.9378787 0.7599553 0.9026898 0.7599553 0.910762 0.7774698 0.9378787 0.7599553 0.910762 0.7774698 0.9202841 0.7836202 0.9298063 0.7774703 0.9378787 0.7599553 0.910762 0.7774698 0.9298063 0.7774703 0.8972957 0.7337429 0.8954017 0.7028231 0.9451665 0.7028231 0.9451665 0.7028231 0.9432725 0.7337429 0.8972957 0.7337429 0.9432725 0.7337429 0.9378787 0.7599553 0.9026898 0.7599553 0.9378787 0.7599553 0.9298063 0.7774703 0.9026898 0.7599553 0.9298063 0.7774703 0.9202841 0.7836202 0.910762 0.7774703 0.9026898 0.7599553 0.9298063 0.7774703 0.910762 0.7774703 0.806374 0.7028231 0.8236776 0.7028228 0.8236776 0.7337429 0.806374 0.7337429 0.8236776 0.7337429 0.8236776 0.7599553 0.806374 0.7599553 0.8236776 0.7599553 0.8236776 0.7774703 0.9298063 0.9630113 0.9202841 0.9630113 0.9202841 0.9284042 0.9202841 0.9630113 0.910762 0.9630113 0.910762 0.9284042 0.8236776 0.7774698 0.8236776 0.7599553 0.806374 0.7599553 0.806374 0.7599553 0.8236776 0.7599553 0.8236776 0.7337429 0.806374 0.7337429 0.8236776 0.7337429 0.8236776 0.7028231 0.9378787 0.7599553 0.9432725 0.7337429 0.897296 0.7337429 0.9026898 0.7599553 0.8972957 0.7337429 0.9432725 0.7337429 0.806374 0.7028231 0.8236776 0.7337429 0.806374 0.7337429 0.806374 0.7337429 0.8236776 0.7599553 0.806374 0.7599553 0.806374 0.7599553 0.8236776 0.7774703 0.806374 0.7774703 0.9298063 0.9630113 0.9202841 0.9284042 0.9298063 0.9284042 0.9202841 0.9630113 0.910762 0.9284042 0.9202841 0.9284042 0.8236776 0.7774698 0.806374 0.7599553 0.806374 0.7774703 0.806374 0.7599553 0.8236776 0.7337429 0.806374 0.7337429 0.806374 0.7337429 0.8236776 0.7028231 0.806374 0.7028231 0.9432725 0.7337429 0.9451665 0.7028228 0.8954017 0.7028231 0.8954017 0.7028231 0.897296 0.7337429 0.9432725 0.7337429 0.897296 0.7337429 0.9026898 0.7599553 0.9378787 0.7599553 0.9026898 0.7599553 0.910762 0.7774698 0.9378787 0.7599553 0.910762 0.7774698 0.9202841 0.7836202 0.9298063 0.7774703 0.9378787 0.7599553 0.910762 0.7774698 0.9298063 0.7774703 0.8972957 0.7337429 0.8954017 0.7028231 0.9451665 0.7028231 0.9451665 0.7028231 0.9432725 0.7337429 0.8972957 0.7337429 0.9432725 0.7337429 0.9378787 0.7599553 0.9026898 0.7599553 0.9378787 0.7599553 0.9298063 0.7774703 0.9026898 0.7599553 0.9298063 0.7774703 0.9202841 0.7836202 0.910762 0.7774703 0.9026898 0.7599553 0.9298063 0.7774703 0.910762 0.7774703 0.806374 0.7028231 0.8236776 0.7028228 0.8236776 0.7337429 0.806374 0.7337429 0.8236776 0.7337429 0.8236776 0.7599553 0.806374 0.7599553 0.8236776 0.7599553 0.8236776 0.7774703 0.9298063 0.9630113 0.9202841 0.9630113 0.9202841 0.9284042 0.9202841 0.9630113 0.910762 0.9630113 0.910762 0.9284042 0.8236776 0.7774698 0.8236776 0.7599553 0.806374 0.7599553 0.806374 0.7599553 0.8236776 0.7599553 0.8236776 0.7337429 0.806374 0.7337429 0.8236776 0.7337429 0.8236776 0.7028231 0.9378787 0.7599553 0.9432725 0.7337429 0.897296 0.7337429 0.9026898 0.7599553 0.8972957 0.7337429 0.9432725 0.7337429 0.806374 0.7028231 0.8236776 0.7337429 0.806374 0.7337429 0.806374 0.7337429 0.8236776 0.7599553 0.806374 0.7599553 0.806374 0.7599553 0.8236776 0.7774703 0.806374 0.7774703 0.9298063 0.9630113 0.9202841 0.9284042 0.9298063 0.9284042 0.9202841 0.9630113 0.910762 0.9284042 0.9202841 0.9284042 0.8236776 0.7774698 0.806374 0.7599553 0.806374 0.7774703 0.806374 0.7599553 0.8236776 0.7337429 0.806374 0.7337429 0.806374 0.7337429 0.8236776 0.7028231 0.806374 0.7028231 0.9432725 0.7337429 0.9451665 0.7028228 0.8954017 0.7028231 0.8954017 0.7028231 0.897296 0.7337429 0.9432725 0.7337429 0.897296 0.7337429 0.9026898 0.7599553 0.9378787 0.7599553 0.9026898 0.7599553 0.910762 0.7774698 0.9378787 0.7599553 0.910762 0.7774698 0.9202841 0.7836202 0.9298063 0.7774703 0.9378787 0.7599553 0.910762 0.7774698 0.9298063 0.7774703 0.8972957 0.7337429 0.8954017 0.7028231 0.9451665 0.7028231 0.9451665 0.7028231 0.9432725 0.7337429 0.8972957 0.7337429 0.9432725 0.7337429 0.9378787 0.7599553 0.9026898 0.7599553 0.9378787 0.7599553 0.9298063 0.7774703 0.9026898 0.7599553 0.9298063 0.7774703 0.9202841 0.7836202 0.910762 0.7774703 0.9026898 0.7599553 0.9298063 0.7774703 0.910762 0.7774703 0.806374 0.7028231 0.8236776 0.7028228 0.8236776 0.7337429 0.806374 0.7337429 0.8236776 0.7337429 0.8236776 0.7599553 0.806374 0.7599553 0.8236776 0.7599553 0.8236776 0.7774703 0.9298063 0.9630113 0.9202841 0.9630113 0.9202841 0.9284042 0.9202841 0.9630113 0.910762 0.9630113 0.910762 0.9284042 0.8236776 0.7774698 0.8236776 0.7599553 0.806374 0.7599553 0.806374 0.7599553 0.8236776 0.7599553 0.8236776 0.7337429 0.806374 0.7337429 0.8236776 0.7337429 0.8236776 0.7028231 0.9378787 0.7599553 0.897296 0.7337429 0.9432725 0.7337429 0.9026898 0.7599553 0.9432725 0.7337429 0.8972957 0.7337429 0.806374 0.7028231 0.806374 0.7337429 0.8236776 0.7337429 0.806374 0.7337429 0.806374 0.7599553 0.8236776 0.7599553 0.806374 0.7599553 0.806374 0.7774703 0.8236776 0.7774703 0.9298063 0.9630113 0.9298063 0.9284042 0.9202841 0.9284042 0.9202841 0.9630113 0.9202841 0.9284042 0.910762 0.9284042 0.8236776 0.7774698 0.806374 0.7774703 0.806374 0.7599553 0.806374 0.7599553 0.806374 0.7337429 0.8236776 0.7337429 0.806374 0.7337429 0.806374 0.7028231 0.8236776 0.7028231 0.9432725 0.7337429 0.8954017 0.7028231 0.9451665 0.7028228 0.8954017 0.7028231 0.9432725 0.7337429 0.897296 0.7337429 0.897296 0.7337429 0.9378787 0.7599553 0.9026898 0.7599553 0.9026898 0.7599553 0.9378787 0.7599553 0.910762 0.7774698 0.910762 0.7774698 0.9298063 0.7774703 0.9202841 0.7836202 0.9378787 0.7599553 0.9298063 0.7774703 0.910762 0.7774698 0.8972957 0.7337429 0.9451665 0.7028231 0.8954017 0.7028231 0.9451665 0.7028231 0.8972957 0.7337429 0.9432725 0.7337429 0.9432725 0.7337429 0.9026898 0.7599553 0.9378787 0.7599553 0.9378787 0.7599553 0.9026898 0.7599553 0.9298063 0.7774703 0.9298063 0.7774703 0.910762 0.7774703 0.9202841 0.7836202 0.9026898 0.7599553 0.910762 0.7774703 0.9298063 0.7774703 0.806374 0.7028231 0.8236776 0.7337429 0.8236776 0.7028228 0.806374 0.7337429 0.8236776 0.7599553 0.8236776 0.7337429 0.806374 0.7599553 0.8236776 0.7774703 0.8236776 0.7599553 0.9298063 0.9630113 0.9202841 0.9284042 0.9202841 0.9630113 0.9202841 0.9630113 0.910762 0.9284042 0.910762 0.9630113 0.8236776 0.7774698 0.806374 0.7599553 0.8236776 0.7599553 0.806374 0.7599553 0.8236776 0.7337429 0.8236776 0.7599553 0.806374 0.7337429 0.8236776 0.7028231 0.8236776 0.7337429 0.9378787 0.7599553 0.897296 0.7337429 0.9432725 0.7337429 0.9026898 0.7599553 0.9432725 0.7337429 0.8972957 0.7337429 0.806374 0.7028231 0.806374 0.7337429 0.8236776 0.7337429 0.806374 0.7337429 0.806374 0.7599553 0.8236776 0.7599553 0.806374 0.7599553 0.806374 0.7774703 0.8236776 0.7774703 0.9298063 0.9630113 0.9298063 0.9284042 0.9202841 0.9284042 0.9202841 0.9630113 0.9202841 0.9284042 0.910762 0.9284042 0.8236776 0.7774698 0.806374 0.7774703 0.806374 0.7599553 0.806374 0.7599553 0.806374 0.7337429 0.8236776 0.7337429 0.806374 0.7337429 0.806374 0.7028231 0.8236776 0.7028231 0.9432725 0.7337429 0.8954017 0.7028231 0.9451665 0.7028228 0.8954017 0.7028231 0.9432725 0.7337429 0.897296 0.7337429 0.897296 0.7337429 0.9378787 0.7599553 0.9026898 0.7599553 0.9026898 0.7599553 0.9378787 0.7599553 0.910762 0.7774698 0.910762 0.7774698 0.9298063 0.7774703 0.9202841 0.7836202 0.9378787 0.7599553 0.9298063 0.7774703 0.910762 0.7774698 0.8972957 0.7337429 0.9451665 0.7028231 0.8954017 0.7028231 0.9451665 0.7028231 0.8972957 0.7337429 0.9432725 0.7337429 0.9432725 0.7337429 0.9026898 0.7599553 0.9378787 0.7599553 0.9378787 0.7599553 0.9026898 0.7599553 0.9298063 0.7774703 0.9298063 0.7774703 0.910762 0.7774703 0.9202841 0.7836202 0.9026898 0.7599553 0.910762 0.7774703 0.9298063 0.7774703 0.806374 0.7028231 0.8236776 0.7337429 0.8236776 0.7028228 0.806374 0.7337429 0.8236776 0.7599553 0.8236776 0.7337429 0.806374 0.7599553 0.8236776 0.7774703 0.8236776 0.7599553 0.9298063 0.9630113 0.9202841 0.9284042 0.9202841 0.9630113 0.9202841 0.9630113 0.910762 0.9284042 0.910762 0.9630113 0.8236776 0.7774698 0.806374 0.7599553 0.8236776 0.7599553 0.806374 0.7599553 0.8236776 0.7337429 0.8236776 0.7599553 0.806374 0.7337429 0.8236776 0.7028231 0.8236776 0.7337429 0.9378787 0.7599553 0.897296 0.7337429 0.9432725 0.7337429 0.9026898 0.7599553 0.9432725 0.7337429 0.8972957 0.7337429 0.806374 0.7028231 0.806374 0.7337429 0.8236776 0.7337429 0.806374 0.7337429 0.806374 0.7599553 0.8236776 0.7599553 0.806374 0.7599553 0.806374 0.7774703 0.8236776 0.7774703 0.9298063 0.9630113 0.9298063 0.9284042 0.9202841 0.9284042 0.9202841 0.9630113 0.9202841 0.9284042 0.910762 0.9284042 0.8236776 0.7774698 0.806374 0.7774703 0.806374 0.7599553 0.806374 0.7599553 0.806374 0.7337429 0.8236776 0.7337429 0.806374 0.7337429 0.806374 0.7028231 0.8236776 0.7028231 0.9432725 0.7337429 0.8954017 0.7028231 0.9451665 0.7028228 0.8954017 0.7028231 0.9432725 0.7337429 0.897296 0.7337429 0.897296 0.7337429 0.9378787 0.7599553 0.9026898 0.7599553 0.9026898 0.7599553 0.9378787 0.7599553 0.910762 0.7774698 0.910762 0.7774698 0.9298063 0.7774703 0.9202841 0.7836202 0.9378787 0.7599553 0.9298063 0.7774703 0.910762 0.7774698 0.8972957 0.7337429 0.9451665 0.7028231 0.8954017 0.7028231 0.9451665 0.7028231 0.8972957 0.7337429 0.9432725 0.7337429 0.9432725 0.7337429 0.9026898 0.7599553 0.9378787 0.7599553 0.9378787 0.7599553 0.9026898 0.7599553 0.9298063 0.7774703 0.9298063 0.7774703 0.910762 0.7774703 0.9202841 0.7836202 0.9026898 0.7599553 0.910762 0.7774703 0.9298063 0.7774703 0.806374 0.7028231 0.8236776 0.7337429 0.8236776 0.7028228 0.806374 0.7337429 0.8236776 0.7599553 0.8236776 0.7337429 0.806374 0.7599553 0.8236776 0.7774703 0.8236776 0.7599553 0.9298063 0.9630113 0.9202841 0.9284042 0.9202841 0.9630113 0.9202841 0.9630113 0.910762 0.9284042 0.910762 0.9630113 0.8236776 0.7774698 0.806374 0.7599553 0.8236776 0.7599553 0.806374 0.7599553 0.8236776 0.7337429 0.8236776 0.7599553 0.806374 0.7337429 0.8236776 0.7028231 0.8236776 0.7337429 0.8864883 0.7599553 0.8918822 0.7337429 0.8459057 0.7337429 0.8512995 0.7599553 0.8459054 0.7337429 0.8918822 0.7337429 0.806374 0.7028231 0.8236776 0.7337429 0.806374 0.7337429 0.806374 0.7337429 0.8236776 0.7599553 0.806374 0.7599553 0.806374 0.7599553 0.8236776 0.7774703 0.806374 0.7774703 0.878416 0.9630113 0.8688938 0.9284042 0.878416 0.9284042 0.8688938 0.9630113 0.8593719 0.9284042 0.8688938 0.9284042 0.8236776 0.7774698 0.806374 0.7599553 0.806374 0.7774703 0.806374 0.7599553 0.8236776 0.7337429 0.806374 0.7337429 0.806374 0.7337429 0.8236776 0.7028231 0.806374 0.7028231 0.8918822 0.7337429 0.8937764 0.7028228 0.8440114 0.7028231 0.8440114 0.7028231 0.8459057 0.7337429 0.8918822 0.7337429 0.8459057 0.7337429 0.8512995 0.7599553 0.8864883 0.7599553 0.8512995 0.7599553 0.8593719 0.7774698 0.8864883 0.7599553 0.8593719 0.7774698 0.8688938 0.7836202 0.878416 0.7774703 0.8864883 0.7599553 0.8593719 0.7774698 0.878416 0.7774703 0.8459054 0.7337429 0.8440114 0.7028231 0.8937764 0.7028231 0.8937764 0.7028231 0.8918822 0.7337429 0.8459054 0.7337429 0.8918822 0.7337429 0.8864883 0.7599553 0.8512995 0.7599553 0.8864883 0.7599553 0.878416 0.7774703 0.8512995 0.7599553 0.878416 0.7774703 0.8688938 0.7836202 0.8593719 0.7774703 0.8512995 0.7599553 0.878416 0.7774703 0.8593719 0.7774703 0.806374 0.7028231 0.8236776 0.7028228 0.8236776 0.7337429 0.806374 0.7337429 0.8236776 0.7337429 0.8236776 0.7599553 0.806374 0.7599553 0.8236776 0.7599553 0.8236776 0.7774703 0.878416 0.9630113 0.8688938 0.9630113 0.8688938 0.9284042 0.8688938 0.9630113 0.8593719 0.9630113 0.8593719 0.9284042 0.8236776 0.7774698 0.8236776 0.7599553 0.806374 0.7599553 0.806374 0.7599553 0.8236776 0.7599553 0.8236776 0.7337429 0.806374 0.7337429 0.8236776 0.7337429 0.8236776 0.7028231 0.8367235 0.7599553 0.8421171 0.7337429 0.7961406 0.7337429 0.8015344 0.7599553 0.7961406 0.7337429 0.8421171 0.7337429 0.806374 0.7028231 0.8236776 0.7337429 0.806374 0.7337429 0.806374 0.7337429 0.8236776 0.7599553 0.806374 0.7599553 0.806374 0.7599553 0.8236776 0.7774703 0.806374 0.7774703 0.8286512 0.9630113 0.819129 0.9284042 0.8286512 0.9284042 0.819129 0.9630113 0.8096068 0.9284042 0.819129 0.9284042 0.8236776 0.7774698 0.806374 0.7599553 0.806374 0.7774703 0.806374 0.7599553 0.8236776 0.7337429 0.806374 0.7337429 0.806374 0.7337429 0.8236776 0.7028231 0.806374 0.7028231 0.8421171 0.7337429 0.8440114 0.7028228 0.7942464 0.7028231 0.7942464 0.7028231 0.7961406 0.7337429 0.8421171 0.7337429 0.7961406 0.7337429 0.8015344 0.7599553 0.8367235 0.7599553 0.8015344 0.7599553 0.8096068 0.7774698 0.8367235 0.7599553 0.8096068 0.7774698 0.819129 0.7836202 0.8286512 0.7774703 0.8367235 0.7599553 0.8096068 0.7774698 0.8286512 0.7774703 0.7961406 0.7337429 0.7942464 0.7028231 0.8440114 0.7028231 0.8440114 0.7028231 0.8421171 0.7337429 0.7961406 0.7337429 0.8421171 0.7337429 0.8367235 0.7599553 0.8015344 0.7599553 0.8367235 0.7599553 0.8286512 0.7774703 0.8015344 0.7599553 0.8286512 0.7774703 0.819129 0.7836202 0.8096068 0.7774703 0.8015344 0.7599553 0.8286512 0.7774703 0.8096068 0.7774703 0.806374 0.7028231 0.8236776 0.7028228 0.8236776 0.7337429 0.806374 0.7337429 0.8236776 0.7337429 0.8236776 0.7599553 0.806374 0.7599553 0.8236776 0.7599553 0.8236776 0.7774703 0.8286512 0.9630113 0.819129 0.9630113 0.819129 0.9284042 0.819129 0.9630113 0.8096068 0.9630113 0.8096068 0.9284042 0.8236776 0.7774698 0.8236776 0.7599553 0.806374 0.7599553 0.806374 0.7599553 0.8236776 0.7599553 0.8236776 0.7337429 0.806374 0.7337429 0.8236776 0.7337429 0.8236776 0.7028231 0.9378787 0.7599553 0.9432725 0.7337429 0.897296 0.7337429 0.9026898 0.7599553 0.8972957 0.7337429 0.9432725 0.7337429 0.806374 0.7028231 0.8236776 0.7337429 0.806374 0.7337429 0.806374 0.7337429 0.8236776 0.7599553 0.806374 0.7599553 0.806374 0.7599553 0.8236776 0.7774703 0.806374 0.7774703 0.9298063 0.9630113 0.9202841 0.9284042 0.9298063 0.9284042 0.9202841 0.9630113 0.910762 0.9284042 0.9202841 0.9284042 0.8236776 0.7774698 0.806374 0.7599553 0.806374 0.7774703 0.806374 0.7599553 0.8236776 0.7337429 0.806374 0.7337429 0.806374 0.7337429 0.8236776 0.7028231 0.806374 0.7028231 0.9432725 0.7337429 0.9451665 0.7028228 0.8954017 0.7028231 0.8954017 0.7028231 0.897296 0.7337429 0.9432725 0.7337429 0.897296 0.7337429 0.9026898 0.7599553 0.9378787 0.7599553 0.9026898 0.7599553 0.910762 0.7774698 0.9378787 0.7599553 0.910762 0.7774698 0.9202841 0.7836202 0.9298063 0.7774703 0.9378787 0.7599553 0.910762 0.7774698 0.9298063 0.7774703 0.8972957 0.7337429 0.8954017 0.7028231 0.9451665 0.7028231 0.9451665 0.7028231 0.9432725 0.7337429 0.8972957 0.7337429 0.9432725 0.7337429 0.9378787 0.7599553 0.9026898 0.7599553 0.9378787 0.7599553 0.9298063 0.7774703 0.9026898 0.7599553 0.9298063 0.7774703 0.9202841 0.7836202 0.910762 0.7774703 0.9026898 0.7599553 0.9298063 0.7774703 0.910762 0.7774703 0.806374 0.7028231 0.8236776 0.7028228 0.8236776 0.7337429 0.806374 0.7337429 0.8236776 0.7337429 0.8236776 0.7599553 0.806374 0.7599553 0.8236776 0.7599553 0.8236776 0.7774703 0.9298063 0.9630113 0.9202841 0.9630113 0.9202841 0.9284042 0.9202841 0.9630113 0.910762 0.9630113 0.910762 0.9284042 0.8236776 0.7774698 0.8236776 0.7599553 0.806374 0.7599553 0.806374 0.7599553 0.8236776 0.7599553 0.8236776 0.7337429 0.806374 0.7337429 0.8236776 0.7337429 0.8236776 0.7028231 0.9378787 0.7599553 0.9432725 0.7337429 0.897296 0.7337429 0.9026898 0.7599553 0.8972957 0.7337429 0.9432725 0.7337429 0.806374 0.7028231 0.8236776 0.7337429 0.806374 0.7337429 0.806374 0.7337429 0.8236776 0.7599553 0.806374 0.7599553 0.806374 0.7599553 0.8236776 0.7774703 0.806374 0.7774703 0.9298063 0.9630113 0.9202841 0.9284042 0.9298063 0.9284042 0.9202841 0.9630113 0.910762 0.9284042 0.9202841 0.9284042 0.8236776 0.7774698 0.806374 0.7599553 0.806374 0.7774703 0.806374 0.7599553 0.8236776 0.7337429 0.806374 0.7337429 0.806374 0.7337429 0.8236776 0.7028231 0.806374 0.7028231 0.9432725 0.7337429 0.9451665 0.7028228 0.8954017 0.7028231 0.8954017 0.7028231 0.897296 0.7337429 0.9432725 0.7337429 0.897296 0.7337429 0.9026898 0.7599553 0.9378787 0.7599553 0.9026898 0.7599553 0.910762 0.7774698 0.9378787 0.7599553 0.910762 0.7774698 0.9202841 0.7836202 0.9298063 0.7774703 0.9378787 0.7599553 0.910762 0.7774698 0.9298063 0.7774703 0.8972957 0.7337429 0.8954017 0.7028231 0.9451665 0.7028231 0.9451665 0.7028231 0.9432725 0.7337429 0.8972957 0.7337429 0.9432725 0.7337429 0.9378787 0.7599553 0.9026898 0.7599553 0.9378787 0.7599553 0.9298063 0.7774703 0.9026898 0.7599553 0.9298063 0.7774703 0.9202841 0.7836202 0.910762 0.7774703 0.9026898 0.7599553 0.9298063 0.7774703 0.910762 0.7774703 0.806374 0.7028231 0.8236776 0.7028228 0.8236776 0.7337429 0.806374 0.7337429 0.8236776 0.7337429 0.8236776 0.7599553 0.806374 0.7599553 0.8236776 0.7599553 0.8236776 0.7774703 0.9298063 0.9630113 0.9202841 0.9630113 0.9202841 0.9284042 0.9202841 0.9630113 0.910762 0.9630113 0.910762 0.9284042 0.8236776 0.7774698 0.8236776 0.7599553 0.806374 0.7599553 0.806374 0.7599553 0.8236776 0.7599553 0.8236776 0.7337429 0.806374 0.7337429 0.8236776 0.7337429 0.8236776 0.7028231 0.9378787 0.7599553 0.9432725 0.7337429 0.897296 0.7337429 0.9026898 0.7599553 0.8972957 0.7337429 0.9432725 0.7337429 0.806374 0.7028231 0.8236776 0.7337429 0.806374 0.7337429 0.806374 0.7337429 0.8236776 0.7599553 0.806374 0.7599553 0.806374 0.7599553 0.8236776 0.7774703 0.806374 0.7774703 0.9298063 0.9630113 0.9202841 0.9284042 0.9298063 0.9284042 0.9202841 0.9630113 0.910762 0.9284042 0.9202841 0.9284042 0.8236776 0.7774698 0.806374 0.7599553 0.806374 0.7774703 0.806374 0.7599553 0.8236776 0.7337429 0.806374 0.7337429 0.806374 0.7337429 0.8236776 0.7028231 0.806374 0.7028231 0.9432725 0.7337429 0.9451665 0.7028228 0.8954017 0.7028231 0.8954017 0.7028231 0.897296 0.7337429 0.9432725 0.7337429 0.897296 0.7337429 0.9026898 0.7599553 0.9378787 0.7599553 0.9026898 0.7599553 0.910762 0.7774698 0.9378787 0.7599553 0.910762 0.7774698 0.9202841 0.7836202 0.9298063 0.7774703 0.9378787 0.7599553 0.910762 0.7774698 0.9298063 0.7774703 0.8972957 0.7337429 0.8954017 0.7028231 0.9451665 0.7028231 0.9451665 0.7028231 0.9432725 0.7337429 0.8972957 0.7337429 0.9432725 0.7337429 0.9378787 0.7599553 0.9026898 0.7599553 0.9378787 0.7599553 0.9298063 0.7774703 0.9026898 0.7599553 0.9298063 0.7774703 0.9202841 0.7836202 0.910762 0.7774703 0.9026898 0.7599553 0.9298063 0.7774703 0.910762 0.7774703 0.806374 0.7028231 0.8236776 0.7028228 0.8236776 0.7337429 0.806374 0.7337429 0.8236776 0.7337429 0.8236776 0.7599553 0.806374 0.7599553 0.8236776 0.7599553 0.8236776 0.7774703 0.9298063 0.9630113 0.9202841 0.9630113 0.9202841 0.9284042 0.9202841 0.9630113 0.910762 0.9630113 0.910762 0.9284042 0.8236776 0.7774698 0.8236776 0.7599553 0.806374 0.7599553 0.806374 0.7599553 0.8236776 0.7599553 0.8236776 0.7337429 0.806374 0.7337429 0.8236776 0.7337429 0.8236776 0.7028231 0.8864883 0.7599553 0.8459057 0.7337429 0.8918822 0.7337429 0.8512995 0.7599553 0.8918822 0.7337429 0.8459054 0.7337429 0.806374 0.7028231 0.806374 0.7337429 0.8236776 0.7337429 0.806374 0.7337429 0.806374 0.7599553 0.8236776 0.7599553 0.806374 0.7599553 0.806374 0.7774703 0.8236776 0.7774703 0.878416 0.9630113 0.878416 0.9284042 0.8688938 0.9284042 0.8688938 0.9630113 0.8688938 0.9284042 0.8593719 0.9284042 0.8236776 0.7774698 0.806374 0.7774703 0.806374 0.7599553 0.806374 0.7599553 0.806374 0.7337429 0.8236776 0.7337429 0.806374 0.7337429 0.806374 0.7028231 0.8236776 0.7028231 0.8918822 0.7337429 0.8440114 0.7028231 0.8937764 0.7028228 0.8440114 0.7028231 0.8918822 0.7337429 0.8459057 0.7337429 0.8459057 0.7337429 0.8864883 0.7599553 0.8512995 0.7599553 0.8512995 0.7599553 0.8864883 0.7599553 0.8593719 0.7774698 0.8593719 0.7774698 0.878416 0.7774703 0.8688938 0.7836202 0.8864883 0.7599553 0.878416 0.7774703 0.8593719 0.7774698 0.8459054 0.7337429 0.8937764 0.7028231 0.8440114 0.7028231 0.8937764 0.7028231 0.8459054 0.7337429 0.8918822 0.7337429 0.8918822 0.7337429 0.8512995 0.7599553 0.8864883 0.7599553 0.8864883 0.7599553 0.8512995 0.7599553 0.878416 0.7774703 0.878416 0.7774703 0.8593719 0.7774703 0.8688938 0.7836202 0.8512995 0.7599553 0.8593719 0.7774703 0.878416 0.7774703 0.806374 0.7028231 0.8236776 0.7337429 0.8236776 0.7028228 0.806374 0.7337429 0.8236776 0.7599553 0.8236776 0.7337429 0.806374 0.7599553 0.8236776 0.7774703 0.8236776 0.7599553 0.878416 0.9630113 0.8688938 0.9284042 0.8688938 0.9630113 0.8688938 0.9630113 0.8593719 0.9284042 0.8593719 0.9630113 0.8236776 0.7774698 0.806374 0.7599553 0.8236776 0.7599553 0.806374 0.7599553 0.8236776 0.7337429 0.8236776 0.7599553 0.806374 0.7337429 0.8236776 0.7028231 0.8236776 0.7337429 0.8367235 0.7599553 0.7961406 0.7337429 0.8421171 0.7337429 0.8015344 0.7599553 0.8421171 0.7337429 0.7961406 0.7337429 0.806374 0.7028231 0.806374 0.7337429 0.8236776 0.7337429 0.806374 0.7337429 0.806374 0.7599553 0.8236776 0.7599553 0.806374 0.7599553 0.806374 0.7774703 0.8236776 0.7774703 0.8286512 0.9630113 0.8286512 0.9284042 0.819129 0.9284042 0.819129 0.9630113 0.819129 0.9284042 0.8096068 0.9284042 0.8236776 0.7774698 0.806374 0.7774703 0.806374 0.7599553 0.806374 0.7599553 0.806374 0.7337429 0.8236776 0.7337429 0.806374 0.7337429 0.806374 0.7028231 0.8236776 0.7028231 0.8421171 0.7337429 0.7942464 0.7028231 0.8440114 0.7028228 0.7942464 0.7028231 0.8421171 0.7337429 0.7961406 0.7337429 0.7961406 0.7337429 0.8367235 0.7599553 0.8015344 0.7599553 0.8015344 0.7599553 0.8367235 0.7599553 0.8096068 0.7774698 0.8096068 0.7774698 0.8286512 0.7774703 0.819129 0.7836202 0.8367235 0.7599553 0.8286512 0.7774703 0.8096068 0.7774698 0.7961406 0.7337429 0.8440114 0.7028231 0.7942464 0.7028231 0.8440114 0.7028231 0.7961406 0.7337429 0.8421171 0.7337429 0.8421171 0.7337429 0.8015344 0.7599553 0.8367235 0.7599553 0.8367235 0.7599553 0.8015344 0.7599553 0.8286512 0.7774703 0.8286512 0.7774703 0.8096068 0.7774703 0.819129 0.7836202 0.8015344 0.7599553 0.8096068 0.7774703 0.8286512 0.7774703 0.806374 0.7028231 0.8236776 0.7337429 0.8236776 0.7028228 0.806374 0.7337429 0.8236776 0.7599553 0.8236776 0.7337429 0.806374 0.7599553 0.8236776 0.7774703 0.8236776 0.7599553 0.8286512 0.9630113 0.819129 0.9284042 0.819129 0.9630113 0.819129 0.9630113 0.8096068 0.9284042 0.8096068 0.9630113 0.8236776 0.7774698 0.806374 0.7599553 0.8236776 0.7599553 0.806374 0.7599553 0.8236776 0.7337429 0.8236776 0.7599553 0.806374 0.7337429 0.8236776 0.7028231 0.8236776 0.7337429 0.9378787 0.7599553 0.897296 0.7337429 0.9432725 0.7337429 0.9026898 0.7599553 0.9432725 0.7337429 0.8972957 0.7337429 0.806374 0.7028231 0.806374 0.7337429 0.8236776 0.7337429 0.806374 0.7337429 0.806374 0.7599553 0.8236776 0.7599553 0.806374 0.7599553 0.806374 0.7774703 0.8236776 0.7774703 0.9298063 0.9630113 0.9298063 0.9284042 0.9202841 0.9284042 0.9202841 0.9630113 0.9202841 0.9284042 0.910762 0.9284042 0.8236776 0.7774698 0.806374 0.7774703 0.806374 0.7599553 0.806374 0.7599553 0.806374 0.7337429 0.8236776 0.7337429 0.806374 0.7337429 0.806374 0.7028231 0.8236776 0.7028231 0.9432725 0.7337429 0.8954017 0.7028231 0.9451665 0.7028228 0.8954017 0.7028231 0.9432725 0.7337429 0.897296 0.7337429 0.897296 0.7337429 0.9378787 0.7599553 0.9026898 0.7599553 0.9026898 0.7599553 0.9378787 0.7599553 0.910762 0.7774698 0.910762 0.7774698 0.9298063 0.7774703 0.9202841 0.7836202 0.9378787 0.7599553 0.9298063 0.7774703 0.910762 0.7774698 0.8972957 0.7337429 0.9451665 0.7028231 0.8954017 0.7028231 0.9451665 0.7028231 0.8972957 0.7337429 0.9432725 0.7337429 0.9432725 0.7337429 0.9026898 0.7599553 0.9378787 0.7599553 0.9378787 0.7599553 0.9026898 0.7599553 0.9298063 0.7774703 0.9298063 0.7774703 0.910762 0.7774703 0.9202841 0.7836202 0.9026898 0.7599553 0.910762 0.7774703 0.9298063 0.7774703 0.806374 0.7028231 0.8236776 0.7337429 0.8236776 0.7028228 0.806374 0.7337429 0.8236776 0.7599553 0.8236776 0.7337429 0.806374 0.7599553 0.8236776 0.7774703 0.8236776 0.7599553 0.9298063 0.9630113 0.9202841 0.9284042 0.9202841 0.9630113 0.9202841 0.9630113 0.910762 0.9284042 0.910762 0.9630113 0.8236776 0.7774698 0.806374 0.7599553 0.8236776 0.7599553 0.806374 0.7599553 0.8236776 0.7337429 0.8236776 0.7599553 0.806374 0.7337429 0.8236776 0.7028231 0.8236776 0.7337429 0.9378787 0.7599553 0.897296 0.7337429 0.9432725 0.7337429 0.9026898 0.7599553 0.9432725 0.7337429 0.8972957 0.7337429 0.806374 0.7028231 0.806374 0.7337429 0.8236776 0.7337429 0.806374 0.7337429 0.806374 0.7599553 0.8236776 0.7599553 0.806374 0.7599553 0.806374 0.7774703 0.8236776 0.7774703 0.9298063 0.9630113 0.9298063 0.9284042 0.9202841 0.9284042 0.9202841 0.9630113 0.9202841 0.9284042 0.910762 0.9284042 0.8236776 0.7774698 0.806374 0.7774703 0.806374 0.7599553 0.806374 0.7599553 0.806374 0.7337429 0.8236776 0.7337429 0.806374 0.7337429 0.806374 0.7028231 0.8236776 0.7028231 0.9432725 0.7337429 0.8954017 0.7028231 0.9451665 0.7028228 0.8954017 0.7028231 0.9432725 0.7337429 0.897296 0.7337429 0.897296 0.7337429 0.9378787 0.7599553 0.9026898 0.7599553 0.9026898 0.7599553 0.9378787 0.7599553 0.910762 0.7774698 0.910762 0.7774698 0.9298063 0.7774703 0.9202841 0.7836202 0.9378787 0.7599553 0.9298063 0.7774703 0.910762 0.7774698 0.8972957 0.7337429 0.9451665 0.7028231 0.8954017 0.7028231 0.9451665 0.7028231 0.8972957 0.7337429 0.9432725 0.7337429 0.9432725 0.7337429 0.9026898 0.7599553 0.9378787 0.7599553 0.9378787 0.7599553 0.9026898 0.7599553 0.9298063 0.7774703 0.9298063 0.7774703 0.910762 0.7774703 0.9202841 0.7836202 0.9026898 0.7599553 0.910762 0.7774703 0.9298063 0.7774703 0.806374 0.7028231 0.8236776 0.7337429 0.8236776 0.7028228 0.806374 0.7337429 0.8236776 0.7599553 0.8236776 0.7337429 0.806374 0.7599553 0.8236776 0.7774703 0.8236776 0.7599553 0.9298063 0.9630113 0.9202841 0.9284042 0.9202841 0.9630113 0.9202841 0.9630113 0.910762 0.9284042 0.910762 0.9630113 0.8236776 0.7774698 0.806374 0.7599553 0.8236776 0.7599553 0.806374 0.7599553 0.8236776 0.7337429 0.8236776 0.7599553 0.806374 0.7337429 0.8236776 0.7028231 0.8236776 0.7337429 0.9378787 0.7599553 0.897296 0.7337429 0.9432725 0.7337429 0.9026898 0.7599553 0.9432725 0.7337429 0.8972957 0.7337429 0.806374 0.7028231 0.806374 0.7337429 0.8236776 0.7337429 0.806374 0.7337429 0.806374 0.7599553 0.8236776 0.7599553 0.806374 0.7599553 0.806374 0.7774703 0.8236776 0.7774703 0.9298063 0.9630113 0.9298063 0.9284042 0.9202841 0.9284042 0.9202841 0.9630113 0.9202841 0.9284042 0.910762 0.9284042 0.8236776 0.7774698 0.806374 0.7774703 0.806374 0.7599553 0.806374 0.7599553 0.806374 0.7337429 0.8236776 0.7337429 0.806374 0.7337429 0.806374 0.7028231 0.8236776 0.7028231 0.9432725 0.7337429 0.8954017 0.7028231 0.9451665 0.7028228 0.8954017 0.7028231 0.9432725 0.7337429 0.897296 0.7337429 0.897296 0.7337429 0.9378787 0.7599553 0.9026898 0.7599553 0.9026898 0.7599553 0.9378787 0.7599553 0.910762 0.7774698 0.910762 0.7774698 0.9298063 0.7774703 0.9202841 0.7836202 0.9378787 0.7599553 0.9298063 0.7774703 0.910762 0.7774698 0.8972957 0.7337429 0.9451665 0.7028231 0.8954017 0.7028231 0.9451665 0.7028231 0.8972957 0.7337429 0.9432725 0.7337429 0.9432725 0.7337429 0.9026898 0.7599553 0.9378787 0.7599553 0.9378787 0.7599553 0.9026898 0.7599553 0.9298063 0.7774703 0.9298063 0.7774703 0.910762 0.7774703 0.9202841 0.7836202 0.9026898 0.7599553 0.910762 0.7774703 0.9298063 0.7774703 0.806374 0.7028231 0.8236776 0.7337429 0.8236776 0.7028228 0.806374 0.7337429 0.8236776 0.7599553 0.8236776 0.7337429 0.806374 0.7599553 0.8236776 0.7774703 0.8236776 0.7599553 0.9298063 0.9630113 0.9202841 0.9284042 0.9202841 0.9630113 0.9202841 0.9630113 0.910762 0.9284042 0.910762 0.9630113 0.8236776 0.7774698 0.806374 0.7599553 0.8236776 0.7599553 0.806374 0.7599553 0.8236776 0.7337429 0.8236776 0.7599553 0.806374 0.7337429 0.8236776 0.7028231 0.8236776 0.7337429 0.8864883 0.7599553 0.8459057 0.7337429 0.8918822 0.7337429 0.8512995 0.7599553 0.8918822 0.7337429 0.8459054 0.7337429 0.806374 0.7028231 0.806374 0.7337429 0.8236776 0.7337429 0.806374 0.7337429 0.806374 0.7599553 0.8236776 0.7599553 0.806374 0.7599553 0.806374 0.7774703 0.8236776 0.7774703 0.878416 0.9630113 0.878416 0.9284042 0.8688938 0.9284042 0.8688938 0.9630113 0.8688938 0.9284042 0.8593719 0.9284042 0.8236776 0.7774698 0.806374 0.7774703 0.806374 0.7599553 0.806374 0.7599553 0.806374 0.7337429 0.8236776 0.7337429 0.806374 0.7337429 0.806374 0.7028231 0.8236776 0.7028231 0.8918822 0.7337429 0.8440114 0.7028231 0.8937764 0.7028228 0.8440114 0.7028231 0.8918822 0.7337429 0.8459057 0.7337429 0.8459057 0.7337429 0.8864883 0.7599553 0.8512995 0.7599553 0.8512995 0.7599553 0.8864883 0.7599553 0.8593719 0.7774698 0.8593719 0.7774698 0.878416 0.7774703 0.8688938 0.7836202 0.8864883 0.7599553 0.878416 0.7774703 0.8593719 0.7774698 0.8459054 0.7337429 0.8937764 0.7028231 0.8440114 0.7028231 0.8937764 0.7028231 0.8459054 0.7337429 0.8918822 0.7337429 0.8918822 0.7337429 0.8512995 0.7599553 0.8864883 0.7599553 0.8864883 0.7599553 0.8512995 0.7599553 0.878416 0.7774703 0.878416 0.7774703 0.8593719 0.7774703 0.8688938 0.7836202 0.8512995 0.7599553 0.8593719 0.7774703 0.878416 0.7774703 0.806374 0.7028231 0.8236776 0.7337429 0.8236776 0.7028228 0.806374 0.7337429 0.8236776 0.7599553 0.8236776 0.7337429 0.806374 0.7599553 0.8236776 0.7774703 0.8236776 0.7599553 0.878416 0.9630113 0.8688938 0.9284042 0.8688938 0.9630113 0.8688938 0.9630113 0.8593719 0.9284042 0.8593719 0.9630113 0.8236776 0.7774698 0.806374 0.7599553 0.8236776 0.7599553 0.806374 0.7599553 0.8236776 0.7337429 0.8236776 0.7599553 0.806374 0.7337429 0.8236776 0.7028231 0.8236776 0.7337429 0.8367235 0.7599553 0.7961406 0.7337429 0.8421171 0.7337429 0.8015344 0.7599553 0.8421171 0.7337429 0.7961406 0.7337429 0.806374 0.7028231 0.806374 0.7337429 0.8236776 0.7337429 0.806374 0.7337429 0.806374 0.7599553 0.8236776 0.7599553 0.806374 0.7599553 0.806374 0.7774703 0.8236776 0.7774703 0.8286512 0.9630113 0.8286512 0.9284042 0.819129 0.9284042 0.819129 0.9630113 0.819129 0.9284042 0.8096068 0.9284042 0.8236776 0.7774698 0.806374 0.7774703 0.806374 0.7599553 0.806374 0.7599553 0.806374 0.7337429 0.8236776 0.7337429 0.806374 0.7337429 0.806374 0.7028231 0.8236776 0.7028231 0.8421171 0.7337429 0.7942464 0.7028231 0.8440114 0.7028228 0.7942464 0.7028231 0.8421171 0.7337429 0.7961406 0.7337429 0.7961406 0.7337429 0.8367235 0.7599553 0.8015344 0.7599553 0.8015344 0.7599553 0.8367235 0.7599553 0.8096068 0.7774698 0.8096068 0.7774698 0.8286512 0.7774703 0.819129 0.7836202 0.8367235 0.7599553 0.8286512 0.7774703 0.8096068 0.7774698 0.7961406 0.7337429 0.8440114 0.7028231 0.7942464 0.7028231 0.8440114 0.7028231 0.7961406 0.7337429 0.8421171 0.7337429 0.8421171 0.7337429 0.8015344 0.7599553 0.8367235 0.7599553 0.8367235 0.7599553 0.8015344 0.7599553 0.8286512 0.7774703 0.8286512 0.7774703 0.8096068 0.7774703 0.819129 0.7836202 0.8015344 0.7599553 0.8096068 0.7774703 0.8286512 0.7774703 0.806374 0.7028231 0.8236776 0.7337429 0.8236776 0.7028228 0.806374 0.7337429 0.8236776 0.7599553 0.8236776 0.7337429 0.806374 0.7599553 0.8236776 0.7774703 0.8236776 0.7599553 0.8286512 0.9630113 0.819129 0.9284042 0.819129 0.9630113 0.819129 0.9630113 0.8096068 0.9284042 0.8096068 0.9630113 0.8236776 0.7774698 0.806374 0.7599553 0.8236776 0.7599553 0.806374 0.7599553 0.8236776 0.7337429 0.8236776 0.7599553 0.806374 0.7337429 0.8236776 0.7028231 0.8236776 0.7337429 0.9378787 0.7599553 0.897296 0.7337429 0.9432725 0.7337429 0.9026898 0.7599553 0.9432725 0.7337429 0.8972957 0.7337429 0.806374 0.7028231 0.806374 0.7337429 0.8236776 0.7337429 0.806374 0.7337429 0.806374 0.7599553 0.8236776 0.7599553 0.806374 0.7599553 0.806374 0.7774703 0.8236776 0.7774703 0.9298063 0.9630113 0.9298063 0.9284042 0.9202841 0.9284042 0.9202841 0.9630113 0.9202841 0.9284042 0.910762 0.9284042 0.8236776 0.7774698 0.806374 0.7774703 0.806374 0.7599553 0.806374 0.7599553 0.806374 0.7337429 0.8236776 0.7337429 0.806374 0.7337429 0.806374 0.7028231 0.8236776 0.7028231 0.9432725 0.7337429 0.8954017 0.7028231 0.9451665 0.7028228 0.8954017 0.7028231 0.9432725 0.7337429 0.897296 0.7337429 0.897296 0.7337429 0.9378787 0.7599553 0.9026898 0.7599553 0.9026898 0.7599553 0.9378787 0.7599553 0.910762 0.7774698 0.910762 0.7774698 0.9298063 0.7774703 0.9202841 0.7836202 0.9378787 0.7599553 0.9298063 0.7774703 0.910762 0.7774698 0.8972957 0.7337429 0.9451665 0.7028231 0.8954017 0.7028231 0.9451665 0.7028231 0.8972957 0.7337429 0.9432725 0.7337429 0.9432725 0.7337429 0.9026898 0.7599553 0.9378787 0.7599553 0.9378787 0.7599553 0.9026898 0.7599553 0.9298063 0.7774703 0.9298063 0.7774703 0.910762 0.7774703 0.9202841 0.7836202 0.9026898 0.7599553 0.910762 0.7774703 0.9298063 0.7774703 0.806374 0.7028231 0.8236776 0.7337429 0.8236776 0.7028228 0.806374 0.7337429 0.8236776 0.7599553 0.8236776 0.7337429 0.806374 0.7599553 0.8236776 0.7774703 0.8236776 0.7599553 0.9298063 0.9630113 0.9202841 0.9284042 0.9202841 0.9630113 0.9202841 0.9630113 0.910762 0.9284042 0.910762 0.9630113 0.8236776 0.7774698 0.806374 0.7599553 0.8236776 0.7599553 0.806374 0.7599553 0.8236776 0.7337429 0.8236776 0.7599553 0.806374 0.7337429 0.8236776 0.7028231 0.8236776 0.7337429 0.9378787 0.7599553 0.897296 0.7337429 0.9432725 0.7337429 0.9026898 0.7599553 0.9432725 0.7337429 0.8972957 0.7337429 0.806374 0.7028231 0.806374 0.7337429 0.8236776 0.7337429 0.806374 0.7337429 0.806374 0.7599553 0.8236776 0.7599553 0.806374 0.7599553 0.806374 0.7774703 0.8236776 0.7774703 0.9298063 0.9630113 0.9298063 0.9284042 0.9202841 0.9284042 0.9202841 0.9630113 0.9202841 0.9284042 0.910762 0.9284042 0.8236776 0.7774698 0.806374 0.7774703 0.806374 0.7599553 0.806374 0.7599553 0.806374 0.7337429 0.8236776 0.7337429 0.806374 0.7337429 0.806374 0.7028231 0.8236776 0.7028231 0.9432725 0.7337429 0.8954017 0.7028231 0.9451665 0.7028228 0.8954017 0.7028231 0.9432725 0.7337429 0.897296 0.7337429 0.897296 0.7337429 0.9378787 0.7599553 0.9026898 0.7599553 0.9026898 0.7599553 0.9378787 0.7599553 0.910762 0.7774698 0.910762 0.7774698 0.9298063 0.7774703 0.9202841 0.7836202 0.9378787 0.7599553 0.9298063 0.7774703 0.910762 0.7774698 0.8972957 0.7337429 0.9451665 0.7028231 0.8954017 0.7028231 0.9451665 0.7028231 0.8972957 0.7337429 0.9432725 0.7337429 0.9432725 0.7337429 0.9026898 0.7599553 0.9378787 0.7599553 0.9378787 0.7599553 0.9026898 0.7599553 0.9298063 0.7774703 0.9298063 0.7774703 0.910762 0.7774703 0.9202841 0.7836202 0.9026898 0.7599553 0.910762 0.7774703 0.9298063 0.7774703 0.806374 0.7028231 0.8236776 0.7337429 0.8236776 0.7028228 0.806374 0.7337429 0.8236776 0.7599553 0.8236776 0.7337429 0.806374 0.7599553 0.8236776 0.7774703 0.8236776 0.7599553 0.9298063 0.9630113 0.9202841 0.9284042 0.9202841 0.9630113 0.9202841 0.9630113 0.910762 0.9284042 0.910762 0.9630113 0.8236776 0.7774698 0.806374 0.7599553 0.8236776 0.7599553 0.806374 0.7599553 0.8236776 0.7337429 0.8236776 0.7599553 0.806374 0.7337429 0.8236776 0.7028231 0.8236776 0.7337429 0.9378787 0.7599553 0.897296 0.7337429 0.9432725 0.7337429 0.9026898 0.7599553 0.9432725 0.7337429 0.8972957 0.7337429 0.806374 0.7028231 0.806374 0.7337429 0.8236776 0.7337429 0.806374 0.7337429 0.806374 0.7599553 0.8236776 0.7599553 0.806374 0.7599553 0.806374 0.7774703 0.8236776 0.7774703 0.9298063 0.9630113 0.9298063 0.9284042 0.9202841 0.9284042 0.9202841 0.9630113 0.9202841 0.9284042 0.910762 0.9284042 0.8236776 0.7774698 0.806374 0.7774703 0.806374 0.7599553 0.806374 0.7599553 0.806374 0.7337429 0.8236776 0.7337429 0.806374 0.7337429 0.806374 0.7028231 0.8236776 0.7028231 0.9432725 0.7337429 0.8954017 0.7028231 0.9451665 0.7028228 0.8954017 0.7028231 0.9432725 0.7337429 0.897296 0.7337429 0.897296 0.7337429 0.9378787 0.7599553 0.9026898 0.7599553 0.9026898 0.7599553 0.9378787 0.7599553 0.910762 0.7774698 0.910762 0.7774698 0.9298063 0.7774703 0.9202841 0.7836202 0.9378787 0.7599553 0.9298063 0.7774703 0.910762 0.7774698 0.8972957 0.7337429 0.9451665 0.7028231 0.8954017 0.7028231 0.9451665 0.7028231 0.8972957 0.7337429 0.9432725 0.7337429 0.9432725 0.7337429 0.9026898 0.7599553 0.9378787 0.7599553 0.9378787 0.7599553 0.9026898 0.7599553 0.9298063 0.7774703 0.9298063 0.7774703 0.910762 0.7774703 0.9202841 0.7836202 0.9026898 0.7599553 0.910762 0.7774703 0.9298063 0.7774703 0.806374 0.7028231 0.8236776 0.7337429 0.8236776 0.7028228 0.806374 0.7337429 0.8236776 0.7599553 0.8236776 0.7337429 0.806374 0.7599553 0.8236776 0.7774703 0.8236776 0.7599553 0.9298063 0.9630113 0.9202841 0.9284042 0.9202841 0.9630113 0.9202841 0.9630113 0.910762 0.9284042 0.910762 0.9630113 0.8236776 0.7774698 0.806374 0.7599553 0.8236776 0.7599553 0.806374 0.7599553 0.8236776 0.7337429 0.8236776 0.7599553 0.806374 0.7337429 0.8236776 0.7028231 0.8236776 0.7337429 0.9378787 0.7599553 0.9432725 0.7337429 0.897296 0.7337429 0.9026898 0.7599553 0.8972957 0.7337429 0.9432725 0.7337429 0.806374 0.7028231 0.8236776 0.7337429 0.806374 0.7337429 0.806374 0.7337429 0.8236776 0.7599553 0.806374 0.7599553 0.806374 0.7599553 0.8236776 0.7774703 0.806374 0.7774703 0.9298063 0.9630113 0.9202841 0.9284042 0.9298063 0.9284042 0.9202841 0.9630113 0.910762 0.9284042 0.9202841 0.9284042 0.8236776 0.7774698 0.806374 0.7599553 0.806374 0.7774703 0.806374 0.7599553 0.8236776 0.7337429 0.806374 0.7337429 0.806374 0.7337429 0.8236776 0.7028231 0.806374 0.7028231 0.9432725 0.7337429 0.9451665 0.7028228 0.8954017 0.7028231 0.8954017 0.7028231 0.897296 0.7337429 0.9432725 0.7337429 0.897296 0.7337429 0.9026898 0.7599553 0.9378787 0.7599553 0.9026898 0.7599553 0.910762 0.7774698 0.9378787 0.7599553 0.910762 0.7774698 0.9202841 0.7836202 0.9298063 0.7774703 0.9378787 0.7599553 0.910762 0.7774698 0.9298063 0.7774703 0.8972957 0.7337429 0.8954017 0.7028231 0.9451665 0.7028231 0.9451665 0.7028231 0.9432725 0.7337429 0.8972957 0.7337429 0.9432725 0.7337429 0.9378787 0.7599553 0.9026898 0.7599553 0.9378787 0.7599553 0.9298063 0.7774703 0.9026898 0.7599553 0.9298063 0.7774703 0.9202841 0.7836202 0.910762 0.7774703 0.9026898 0.7599553 0.9298063 0.7774703 0.910762 0.7774703 0.806374 0.7028231 0.8236776 0.7028228 0.8236776 0.7337429 0.806374 0.7337429 0.8236776 0.7337429 0.8236776 0.7599553 0.806374 0.7599553 0.8236776 0.7599553 0.8236776 0.7774703 0.9298063 0.9630113 0.9202841 0.9630113 0.9202841 0.9284042 0.9202841 0.9630113 0.910762 0.9630113 0.910762 0.9284042 0.8236776 0.7774698 0.8236776 0.7599553 0.806374 0.7599553 0.806374 0.7599553 0.8236776 0.7599553 0.8236776 0.7337429 0.806374 0.7337429 0.8236776 0.7337429 0.8236776 0.7028231 0.9378787 0.7599553 0.9432725 0.7337429 0.897296 0.7337429 0.9026898 0.7599553 0.8972957 0.7337429 0.9432725 0.7337429 0.806374 0.7028231 0.8236776 0.7337429 0.806374 0.7337429 0.806374 0.7337429 0.8236776 0.7599553 0.806374 0.7599553 0.806374 0.7599553 0.8236776 0.7774703 0.806374 0.7774703 0.9298063 0.9630113 0.9202841 0.9284042 0.9298063 0.9284042 0.9202841 0.9630113 0.910762 0.9284042 0.9202841 0.9284042 0.8236776 0.7774698 0.806374 0.7599553 0.806374 0.7774703 0.806374 0.7599553 0.8236776 0.7337429 0.806374 0.7337429 0.806374 0.7337429 0.8236776 0.7028231 0.806374 0.7028231 0.9432725 0.7337429 0.9451665 0.7028228 0.8954017 0.7028231 0.8954017 0.7028231 0.897296 0.7337429 0.9432725 0.7337429 0.897296 0.7337429 0.9026898 0.7599553 0.9378787 0.7599553 0.9026898 0.7599553 0.910762 0.7774698 0.9378787 0.7599553 0.910762 0.7774698 0.9202841 0.7836202 0.9298063 0.7774703 0.9378787 0.7599553 0.910762 0.7774698 0.9298063 0.7774703 0.8972957 0.7337429 0.8954017 0.7028231 0.9451665 0.7028231 0.9451665 0.7028231 0.9432725 0.7337429 0.8972957 0.7337429 0.9432725 0.7337429 0.9378787 0.7599553 0.9026898 0.7599553 0.9378787 0.7599553 0.9298063 0.7774703 0.9026898 0.7599553 0.9298063 0.7774703 0.9202841 0.7836202 0.910762 0.7774703 0.9026898 0.7599553 0.9298063 0.7774703 0.910762 0.7774703 0.806374 0.7028231 0.8236776 0.7028228 0.8236776 0.7337429 0.806374 0.7337429 0.8236776 0.7337429 0.8236776 0.7599553 0.806374 0.7599553 0.8236776 0.7599553 0.8236776 0.7774703 0.9298063 0.9630113 0.9202841 0.9630113 0.9202841 0.9284042 0.9202841 0.9630113 0.910762 0.9630113 0.910762 0.9284042 0.8236776 0.7774698 0.8236776 0.7599553 0.806374 0.7599553 0.806374 0.7599553 0.8236776 0.7599553 0.8236776 0.7337429 0.806374 0.7337429 0.8236776 0.7337429 0.8236776 0.7028231 0.9378787 0.7599553 0.9432725 0.7337429 0.897296 0.7337429 0.9026898 0.7599553 0.8972957 0.7337429 0.9432725 0.7337429 0.806374 0.7028231 0.8236776 0.7337429 0.806374 0.7337429 0.806374 0.7337429 0.8236776 0.7599553 0.806374 0.7599553 0.806374 0.7599553 0.8236776 0.7774703 0.806374 0.7774703 0.9298063 0.9630113 0.9202841 0.9284042 0.9298063 0.9284042 0.9202841 0.9630113 0.910762 0.9284042 0.9202841 0.9284042 0.8236776 0.7774698 0.806374 0.7599553 0.806374 0.7774703 0.806374 0.7599553 0.8236776 0.7337429 0.806374 0.7337429 0.806374 0.7337429 0.8236776 0.7028231 0.806374 0.7028231 0.9432725 0.7337429 0.9451665 0.7028228 0.8954017 0.7028231 0.8954017 0.7028231 0.897296 0.7337429 0.9432725 0.7337429 0.897296 0.7337429 0.9026898 0.7599553 0.9378787 0.7599553 0.9026898 0.7599553 0.910762 0.7774698 0.9378787 0.7599553 0.910762 0.7774698 0.9202841 0.7836202 0.9298063 0.7774703 0.9378787 0.7599553 0.910762 0.7774698 0.9298063 0.7774703 0.8972957 0.7337429 0.8954017 0.7028231 0.9451665 0.7028231 0.9451665 0.7028231 0.9432725 0.7337429 0.8972957 0.7337429 0.9432725 0.7337429 0.9378787 0.7599553 0.9026898 0.7599553 0.9378787 0.7599553 0.9298063 0.7774703 0.9026898 0.7599553 0.9298063 0.7774703 0.9202841 0.7836202 0.910762 0.7774703 0.9026898 0.7599553 0.9298063 0.7774703 0.910762 0.7774703 0.806374 0.7028231 0.8236776 0.7028228 0.8236776 0.7337429 0.806374 0.7337429 0.8236776 0.7337429 0.8236776 0.7599553 0.806374 0.7599553 0.8236776 0.7599553 0.8236776 0.7774703 0.9298063 0.9630113 0.9202841 0.9630113 0.9202841 0.9284042 0.9202841 0.9630113 0.910762 0.9630113 0.910762 0.9284042 0.8236776 0.7774698 0.8236776 0.7599553 0.806374 0.7599553 0.806374 0.7599553 0.8236776 0.7599553 0.8236776 0.7337429 0.806374 0.7337429 0.8236776 0.7337429 0.8236776 0.7028231 0.8864883 0.7599553 0.8459057 0.7337429 0.8918822 0.7337429 0.8512995 0.7599553 0.8918822 0.7337429 0.8459054 0.7337429 0.806374 0.7028231 0.806374 0.7337429 0.8236776 0.7337429 0.806374 0.7337429 0.806374 0.7599553 0.8236776 0.7599553 0.806374 0.7599553 0.806374 0.7774703 0.8236776 0.7774703 0.878416 0.9630113 0.878416 0.9284042 0.8688938 0.9284042 0.8688938 0.9630113 0.8688938 0.9284042 0.8593719 0.9284042 0.8236776 0.7774698 0.806374 0.7774703 0.806374 0.7599553 0.806374 0.7599553 0.806374 0.7337429 0.8236776 0.7337429 0.806374 0.7337429 0.806374 0.7028231 0.8236776 0.7028231 0.8918822 0.7337429 0.8440114 0.7028231 0.8937764 0.7028228 0.8440114 0.7028231 0.8918822 0.7337429 0.8459057 0.7337429 0.8459057 0.7337429 0.8864883 0.7599553 0.8512995 0.7599553 0.8512995 0.7599553 0.8864883 0.7599553 0.8593719 0.7774698 0.8593719 0.7774698 0.878416 0.7774703 0.8688938 0.7836202 0.8864883 0.7599553 0.878416 0.7774703 0.8593719 0.7774698 0.8459054 0.7337429 0.8937764 0.7028231 0.8440114 0.7028231 0.8937764 0.7028231 0.8459054 0.7337429 0.8918822 0.7337429 0.8918822 0.7337429 0.8512995 0.7599553 0.8864883 0.7599553 0.8864883 0.7599553 0.8512995 0.7599553 0.878416 0.7774703 0.878416 0.7774703 0.8593719 0.7774703 0.8688938 0.7836202 0.8512995 0.7599553 0.8593719 0.7774703 0.878416 0.7774703 0.806374 0.7028231 0.8236776 0.7337429 0.8236776 0.7028228 0.806374 0.7337429 0.8236776 0.7599553 0.8236776 0.7337429 0.806374 0.7599553 0.8236776 0.7774703 0.8236776 0.7599553 0.878416 0.9630113 0.8688938 0.9284042 0.8688938 0.9630113 0.8688938 0.9630113 0.8593719 0.9284042 0.8593719 0.9630113 0.8236776 0.7774698 0.806374 0.7599553 0.8236776 0.7599553 0.806374 0.7599553 0.8236776 0.7337429 0.8236776 0.7599553 0.806374 0.7337429 0.8236776 0.7028231 0.8236776 0.7337429 0.8367235 0.7599553 0.7961406 0.7337429 0.8421171 0.7337429 0.8015344 0.7599553 0.8421171 0.7337429 0.7961406 0.7337429 0.806374 0.7028231 0.806374 0.7337429 0.8236776 0.7337429 0.806374 0.7337429 0.806374 0.7599553 0.8236776 0.7599553 0.806374 0.7599553 0.806374 0.7774703 0.8236776 0.7774703 0.8286512 0.9630113 0.8286512 0.9284042 0.819129 0.9284042 0.819129 0.9630113 0.819129 0.9284042 0.8096068 0.9284042 0.8236776 0.7774698 0.806374 0.7774703 0.806374 0.7599553 0.806374 0.7599553 0.806374 0.7337429 0.8236776 0.7337429 0.806374 0.7337429 0.806374 0.7028231 0.8236776 0.7028231 0.8421171 0.7337429 0.7942464 0.7028231 0.8440114 0.7028228 0.7942464 0.7028231 0.8421171 0.7337429 0.7961406 0.7337429 0.7961406 0.7337429 0.8367235 0.7599553 0.8015344 0.7599553 0.8015344 0.7599553 0.8367235 0.7599553 0.8096068 0.7774698 0.8096068 0.7774698 0.8286512 0.7774703 0.819129 0.7836202 0.8367235 0.7599553 0.8286512 0.7774703 0.8096068 0.7774698 0.7961406 0.7337429 0.8440114 0.7028231 0.7942464 0.7028231 0.8440114 0.7028231 0.7961406 0.7337429 0.8421171 0.7337429 0.8421171 0.7337429 0.8015344 0.7599553 0.8367235 0.7599553 0.8367235 0.7599553 0.8015344 0.7599553 0.8286512 0.7774703 0.8286512 0.7774703 0.8096068 0.7774703 0.819129 0.7836202 0.8015344 0.7599553 0.8096068 0.7774703 0.8286512 0.7774703 0.806374 0.7028231 0.8236776 0.7337429 0.8236776 0.7028228 0.806374 0.7337429 0.8236776 0.7599553 0.8236776 0.7337429 0.806374 0.7599553 0.8236776 0.7774703 0.8236776 0.7599553 0.8286512 0.9630113 0.819129 0.9284042 0.819129 0.9630113 0.819129 0.9630113 0.8096068 0.9284042 0.8096068 0.9630113 0.8236776 0.7774698 0.806374 0.7599553 0.8236776 0.7599553 0.806374 0.7599553 0.8236776 0.7337429 0.8236776 0.7599553 0.806374 0.7337429 0.8236776 0.7028231 0.8236776 0.7337429 0.9378787 0.7599553 0.897296 0.7337429 0.9432725 0.7337429 0.9026898 0.7599553 0.9432725 0.7337429 0.8972957 0.7337429 0.806374 0.7028231 0.806374 0.7337429 0.8236776 0.7337429 0.806374 0.7337429 0.806374 0.7599553 0.8236776 0.7599553 0.806374 0.7599553 0.806374 0.7774703 0.8236776 0.7774703 0.9298063 0.9630113 0.9298063 0.9284042 0.9202841 0.9284042 0.9202841 0.9630113 0.9202841 0.9284042 0.910762 0.9284042 0.8236776 0.7774698 0.806374 0.7774703 0.806374 0.7599553 0.806374 0.7599553 0.806374 0.7337429 0.8236776 0.7337429 0.806374 0.7337429 0.806374 0.7028231 0.8236776 0.7028231 0.9432725 0.7337429 0.8954017 0.7028231 0.9451665 0.7028228 0.8954017 0.7028231 0.9432725 0.7337429 0.897296 0.7337429 0.897296 0.7337429 0.9378787 0.7599553 0.9026898 0.7599553 0.9026898 0.7599553 0.9378787 0.7599553 0.910762 0.7774698 0.910762 0.7774698 0.9298063 0.7774703 0.9202841 0.7836202 0.9378787 0.7599553 0.9298063 0.7774703 0.910762 0.7774698 0.8972957 0.7337429 0.9451665 0.7028231 0.8954017 0.7028231 0.9451665 0.7028231 0.8972957 0.7337429 0.9432725 0.7337429 0.9432725 0.7337429 0.9026898 0.7599553 0.9378787 0.7599553 0.9378787 0.7599553 0.9026898 0.7599553 0.9298063 0.7774703 0.9298063 0.7774703 0.910762 0.7774703 0.9202841 0.7836202 0.9026898 0.7599553 0.910762 0.7774703 0.9298063 0.7774703 0.806374 0.7028231 0.8236776 0.7337429 0.8236776 0.7028228 0.806374 0.7337429 0.8236776 0.7599553 0.8236776 0.7337429 0.806374 0.7599553 0.8236776 0.7774703 0.8236776 0.7599553 0.9298063 0.9630113 0.9202841 0.9284042 0.9202841 0.9630113 0.9202841 0.9630113 0.910762 0.9284042 0.910762 0.9630113 0.8236776 0.7774698 0.806374 0.7599553 0.8236776 0.7599553 0.806374 0.7599553 0.8236776 0.7337429 0.8236776 0.7599553 0.806374 0.7337429 0.8236776 0.7028231 0.8236776 0.7337429 0.9378787 0.7599553 0.897296 0.7337429 0.9432725 0.7337429 0.9026898 0.7599553 0.9432725 0.7337429 0.8972957 0.7337429 0.806374 0.7028231 0.806374 0.7337429 0.8236776 0.7337429 0.806374 0.7337429 0.806374 0.7599553 0.8236776 0.7599553 0.806374 0.7599553 0.806374 0.7774703 0.8236776 0.7774703 0.9298063 0.9630113 0.9298063 0.9284042 0.9202841 0.9284042 0.9202841 0.9630113 0.9202841 0.9284042 0.910762 0.9284042 0.8236776 0.7774698 0.806374 0.7774703 0.806374 0.7599553 0.806374 0.7599553 0.806374 0.7337429 0.8236776 0.7337429 0.806374 0.7337429 0.806374 0.7028231 0.8236776 0.7028231 0.9432725 0.7337429 0.8954017 0.7028231 0.9451665 0.7028228 0.8954017 0.7028231 0.9432725 0.7337429 0.897296 0.7337429 0.897296 0.7337429 0.9378787 0.7599553 0.9026898 0.7599553 0.9026898 0.7599553 0.9378787 0.7599553 0.910762 0.7774698 0.910762 0.7774698 0.9298063 0.7774703 0.9202841 0.7836202 0.9378787 0.7599553 0.9298063 0.7774703 0.910762 0.7774698 0.8972957 0.7337429 0.9451665 0.7028231 0.8954017 0.7028231 0.9451665 0.7028231 0.8972957 0.7337429 0.9432725 0.7337429 0.9432725 0.7337429 0.9026898 0.7599553 0.9378787 0.7599553 0.9378787 0.7599553 0.9026898 0.7599553 0.9298063 0.7774703 0.9298063 0.7774703 0.910762 0.7774703 0.9202841 0.7836202 0.9026898 0.7599553 0.910762 0.7774703 0.9298063 0.7774703 0.806374 0.7028231 0.8236776 0.7337429 0.8236776 0.7028228 0.806374 0.7337429 0.8236776 0.7599553 0.8236776 0.7337429 0.806374 0.7599553 0.8236776 0.7774703 0.8236776 0.7599553 0.9298063 0.9630113 0.9202841 0.9284042 0.9202841 0.9630113 0.9202841 0.9630113 0.910762 0.9284042 0.910762 0.9630113 0.8236776 0.7774698 0.806374 0.7599553 0.8236776 0.7599553 0.806374 0.7599553 0.8236776 0.7337429 0.8236776 0.7599553 0.806374 0.7337429 0.8236776 0.7028231 0.8236776 0.7337429 0.9378787 0.7599553 0.897296 0.7337429 0.9432725 0.7337429 0.9026898 0.7599553 0.9432725 0.7337429 0.8972957 0.7337429 0.806374 0.7028231 0.806374 0.7337429 0.8236776 0.7337429 0.806374 0.7337429 0.806374 0.7599553 0.8236776 0.7599553 0.806374 0.7599553 0.806374 0.7774703 0.8236776 0.7774703 0.9298063 0.9630113 0.9298063 0.9284042 0.9202841 0.9284042 0.9202841 0.9630113 0.9202841 0.9284042 0.910762 0.9284042 0.8236776 0.7774698 0.806374 0.7774703 0.806374 0.7599553 0.806374 0.7599553 0.806374 0.7337429 0.8236776 0.7337429 0.806374 0.7337429 0.806374 0.7028231 0.8236776 0.7028231 0.9432725 0.7337429 0.8954017 0.7028231 0.9451665 0.7028228 0.8954017 0.7028231 0.9432725 0.7337429 0.897296 0.7337429 0.897296 0.7337429 0.9378787 0.7599553 0.9026898 0.7599553 0.9026898 0.7599553 0.9378787 0.7599553 0.910762 0.7774698 0.910762 0.7774698 0.9298063 0.7774703 0.9202841 0.7836202 0.9378787 0.7599553 0.9298063 0.7774703 0.910762 0.7774698 0.8972957 0.7337429 0.9451665 0.7028231 0.8954017 0.7028231 0.9451665 0.7028231 0.8972957 0.7337429 0.9432725 0.7337429 0.9432725 0.7337429 0.9026898 0.7599553 0.9378787 0.7599553 0.9378787 0.7599553 0.9026898 0.7599553 0.9298063 0.7774703 0.9298063 0.7774703 0.910762 0.7774703 0.9202841 0.7836202 0.9026898 0.7599553 0.910762 0.7774703 0.9298063 0.7774703 0.806374 0.7028231 0.8236776 0.7337429 0.8236776 0.7028228 0.806374 0.7337429 0.8236776 0.7599553 0.8236776 0.7337429 0.806374 0.7599553 0.8236776 0.7774703 0.8236776 0.7599553 0.9298063 0.9630113 0.9202841 0.9284042 0.9202841 0.9630113 0.9202841 0.9630113 0.910762 0.9284042 0.910762 0.9630113 0.8236776 0.7774698 0.806374 0.7599553 0.8236776 0.7599553 0.806374 0.7599553 0.8236776 0.7337429 0.8236776 0.7599553 0.806374 0.7337429 0.8236776 0.7028231 0.8236776 0.7337429 0.8864883 0.7599553 0.8918822 0.7337429 0.8459057 0.7337429 0.8512995 0.7599553 0.8459054 0.7337429 0.8918822 0.7337429 0.806374 0.7028231 0.8236776 0.7337429 0.806374 0.7337429 0.806374 0.7337429 0.8236776 0.7599553 0.806374 0.7599553 0.806374 0.7599553 0.8236776 0.7774703 0.806374 0.7774703 0.878416 0.9630113 0.8688938 0.9284042 0.878416 0.9284042 0.8688938 0.9630113 0.8593719 0.9284042 0.8688938 0.9284042 0.8236776 0.7774698 0.806374 0.7599553 0.806374 0.7774703 0.806374 0.7599553 0.8236776 0.7337429 0.806374 0.7337429 0.806374 0.7337429 0.8236776 0.7028231 0.806374 0.7028231 0.8918822 0.7337429 0.8937764 0.7028228 0.8440114 0.7028231 0.8440114 0.7028231 0.8459057 0.7337429 0.8918822 0.7337429 0.8459057 0.7337429 0.8512995 0.7599553 0.8864883 0.7599553 0.8512995 0.7599553 0.8593719 0.7774698 0.8864883 0.7599553 0.8593719 0.7774698 0.8688938 0.7836202 0.878416 0.7774703 0.8864883 0.7599553 0.8593719 0.7774698 0.878416 0.7774703 0.8459054 0.7337429 0.8440114 0.7028231 0.8937764 0.7028231 0.8937764 0.7028231 0.8918822 0.7337429 0.8459054 0.7337429 0.8918822 0.7337429 0.8864883 0.7599553 0.8512995 0.7599553 0.8864883 0.7599553 0.878416 0.7774703 0.8512995 0.7599553 0.878416 0.7774703 0.8688938 0.7836202 0.8593719 0.7774703 0.8512995 0.7599553 0.878416 0.7774703 0.8593719 0.7774703 0.806374 0.7028231 0.8236776 0.7028228 0.8236776 0.7337429 0.806374 0.7337429 0.8236776 0.7337429 0.8236776 0.7599553 0.806374 0.7599553 0.8236776 0.7599553 0.8236776 0.7774703 0.878416 0.9630113 0.8688938 0.9630113 0.8688938 0.9284042 0.8688938 0.9630113 0.8593719 0.9630113 0.8593719 0.9284042 0.8236776 0.7774698 0.8236776 0.7599553 0.806374 0.7599553 0.806374 0.7599553 0.8236776 0.7599553 0.8236776 0.7337429 0.806374 0.7337429 0.8236776 0.7337429 0.8236776 0.7028231 0.8367235 0.7599553 0.8421171 0.7337429 0.7961406 0.7337429 0.8015344 0.7599553 0.7961406 0.7337429 0.8421171 0.7337429 0.806374 0.7028231 0.8236776 0.7337429 0.806374 0.7337429 0.806374 0.7337429 0.8236776 0.7599553 0.806374 0.7599553 0.806374 0.7599553 0.8236776 0.7774703 0.806374 0.7774703 0.8286512 0.9630113 0.819129 0.9284042 0.8286512 0.9284042 0.819129 0.9630113 0.8096068 0.9284042 0.819129 0.9284042 0.8236776 0.7774698 0.806374 0.7599553 0.806374 0.7774703 0.806374 0.7599553 0.8236776 0.7337429 0.806374 0.7337429 0.806374 0.7337429 0.8236776 0.7028231 0.806374 0.7028231 0.8421171 0.7337429 0.8440114 0.7028228 0.7942464 0.7028231 0.7942464 0.7028231 0.7961406 0.7337429 0.8421171 0.7337429 0.7961406 0.7337429 0.8015344 0.7599553 0.8367235 0.7599553 0.8015344 0.7599553 0.8096068 0.7774698 0.8367235 0.7599553 0.8096068 0.7774698 0.819129 0.7836202 0.8286512 0.7774703 0.8367235 0.7599553 0.8096068 0.7774698 0.8286512 0.7774703 0.7961406 0.7337429 0.7942464 0.7028231 0.8440114 0.7028231 0.8440114 0.7028231 0.8421171 0.7337429 0.7961406 0.7337429 0.8421171 0.7337429 0.8367235 0.7599553 0.8015344 0.7599553 0.8367235 0.7599553 0.8286512 0.7774703 0.8015344 0.7599553 0.8286512 0.7774703 0.819129 0.7836202 0.8096068 0.7774703 0.8015344 0.7599553 0.8286512 0.7774703 0.8096068 0.7774703 0.806374 0.7028231 0.8236776 0.7028228 0.8236776 0.7337429 0.806374 0.7337429 0.8236776 0.7337429 0.8236776 0.7599553 0.806374 0.7599553 0.8236776 0.7599553 0.8236776 0.7774703 0.8286512 0.9630113 0.819129 0.9630113 0.819129 0.9284042 0.819129 0.9630113 0.8096068 0.9630113 0.8096068 0.9284042 0.8236776 0.7774698 0.8236776 0.7599553 0.806374 0.7599553 0.806374 0.7599553 0.8236776 0.7599553 0.8236776 0.7337429 0.806374 0.7337429 0.8236776 0.7337429 0.8236776 0.7028231 0.9378787 0.7599553 0.9432725 0.7337429 0.897296 0.7337429 0.9026898 0.7599553 0.8972957 0.7337429 0.9432725 0.7337429 0.806374 0.7028231 0.8236776 0.7337429 0.806374 0.7337429 0.806374 0.7337429 0.8236776 0.7599553 0.806374 0.7599553 0.806374 0.7599553 0.8236776 0.7774703 0.806374 0.7774703 0.9298063 0.9630113 0.9202841 0.9284042 0.9298063 0.9284042 0.9202841 0.9630113 0.910762 0.9284042 0.9202841 0.9284042 0.8236776 0.7774698 0.806374 0.7599553 0.806374 0.7774703 0.806374 0.7599553 0.8236776 0.7337429 0.806374 0.7337429 0.806374 0.7337429 0.8236776 0.7028231 0.806374 0.7028231 0.9432725 0.7337429 0.9451665 0.7028228 0.8954017 0.7028231 0.8954017 0.7028231 0.897296 0.7337429 0.9432725 0.7337429 0.897296 0.7337429 0.9026898 0.7599553 0.9378787 0.7599553 0.9026898 0.7599553 0.910762 0.7774698 0.9378787 0.7599553 0.910762 0.7774698 0.9202841 0.7836202 0.9298063 0.7774703 0.9378787 0.7599553 0.910762 0.7774698 0.9298063 0.7774703 0.8972957 0.7337429 0.8954017 0.7028231 0.9451665 0.7028231 0.9451665 0.7028231 0.9432725 0.7337429 0.8972957 0.7337429 0.9432725 0.7337429 0.9378787 0.7599553 0.9026898 0.7599553 0.9378787 0.7599553 0.9298063 0.7774703 0.9026898 0.7599553 0.9298063 0.7774703 0.9202841 0.7836202 0.910762 0.7774703 0.9026898 0.7599553 0.9298063 0.7774703 0.910762 0.7774703 0.806374 0.7028231 0.8236776 0.7028228 0.8236776 0.7337429 0.806374 0.7337429 0.8236776 0.7337429 0.8236776 0.7599553 0.806374 0.7599553 0.8236776 0.7599553 0.8236776 0.7774703 0.9298063 0.9630113 0.9202841 0.9630113 0.9202841 0.9284042 0.9202841 0.9630113 0.910762 0.9630113 0.910762 0.9284042 0.8236776 0.7774698 0.8236776 0.7599553 0.806374 0.7599553 0.806374 0.7599553 0.8236776 0.7599553 0.8236776 0.7337429 0.806374 0.7337429 0.8236776 0.7337429 0.8236776 0.7028231 0.9378787 0.7599553 0.9432725 0.7337429 0.897296 0.7337429 0.9026898 0.7599553 0.8972957 0.7337429 0.9432725 0.7337429 0.806374 0.7028231 0.8236776 0.7337429 0.806374 0.7337429 0.806374 0.7337429 0.8236776 0.7599553 0.806374 0.7599553 0.806374 0.7599553 0.8236776 0.7774703 0.806374 0.7774703 0.9298063 0.9630113 0.9202841 0.9284042 0.9298063 0.9284042 0.9202841 0.9630113 0.910762 0.9284042 0.9202841 0.9284042 0.8236776 0.7774698 0.806374 0.7599553 0.806374 0.7774703 0.806374 0.7599553 0.8236776 0.7337429 0.806374 0.7337429 0.806374 0.7337429 0.8236776 0.7028231 0.806374 0.7028231 0.9432725 0.7337429 0.9451665 0.7028228 0.8954017 0.7028231 0.8954017 0.7028231 0.897296 0.7337429 0.9432725 0.7337429 0.897296 0.7337429 0.9026898 0.7599553 0.9378787 0.7599553 0.9026898 0.7599553 0.910762 0.7774698 0.9378787 0.7599553 0.910762 0.7774698 0.9202841 0.7836202 0.9298063 0.7774703 0.9378787 0.7599553 0.910762 0.7774698 0.9298063 0.7774703 0.8972957 0.7337429 0.8954017 0.7028231 0.9451665 0.7028231 0.9451665 0.7028231 0.9432725 0.7337429 0.8972957 0.7337429 0.9432725 0.7337429 0.9378787 0.7599553 0.9026898 0.7599553 0.9378787 0.7599553 0.9298063 0.7774703 0.9026898 0.7599553 0.9298063 0.7774703 0.9202841 0.7836202 0.910762 0.7774703 0.9026898 0.7599553 0.9298063 0.7774703 0.910762 0.7774703 0.806374 0.7028231 0.8236776 0.7028228 0.8236776 0.7337429 0.806374 0.7337429 0.8236776 0.7337429 0.8236776 0.7599553 0.806374 0.7599553 0.8236776 0.7599553 0.8236776 0.7774703 0.9298063 0.9630113 0.9202841 0.9630113 0.9202841 0.9284042 0.9202841 0.9630113 0.910762 0.9630113 0.910762 0.9284042 0.8236776 0.7774698 0.8236776 0.7599553 0.806374 0.7599553 0.806374 0.7599553 0.8236776 0.7599553 0.8236776 0.7337429 0.806374 0.7337429 0.8236776 0.7337429 0.8236776 0.7028231 0.9378787 0.7599553 0.9432725 0.7337429 0.897296 0.7337429 0.9026898 0.7599553 0.8972957 0.7337429 0.9432725 0.7337429 0.806374 0.7028231 0.8236776 0.7337429 0.806374 0.7337429 0.806374 0.7337429 0.8236776 0.7599553 0.806374 0.7599553 0.806374 0.7599553 0.8236776 0.7774703 0.806374 0.7774703 0.9298063 0.9630113 0.9202841 0.9284042 0.9298063 0.9284042 0.9202841 0.9630113 0.910762 0.9284042 0.9202841 0.9284042 0.8236776 0.7774698 0.806374 0.7599553 0.806374 0.7774703 0.806374 0.7599553 0.8236776 0.7337429 0.806374 0.7337429 0.806374 0.7337429 0.8236776 0.7028231 0.806374 0.7028231 0.9432725 0.7337429 0.9451665 0.7028228 0.8954017 0.7028231 0.8954017 0.7028231 0.897296 0.7337429 0.9432725 0.7337429 0.897296 0.7337429 0.9026898 0.7599553 0.9378787 0.7599553 0.9026898 0.7599553 0.910762 0.7774698 0.9378787 0.7599553 0.910762 0.7774698 0.9202841 0.7836202 0.9298063 0.7774703 0.9378787 0.7599553 0.910762 0.7774698 0.9298063 0.7774703 0.8972957 0.7337429 0.8954017 0.7028231 0.9451665 0.7028231 0.9451665 0.7028231 0.9432725 0.7337429 0.8972957 0.7337429 0.9432725 0.7337429 0.9378787 0.7599553 0.9026898 0.7599553 0.9378787 0.7599553 0.9298063 0.7774703 0.9026898 0.7599553 0.9298063 0.7774703 0.9202841 0.7836202 0.910762 0.7774703 0.9026898 0.7599553 0.9298063 0.7774703 0.910762 0.7774703 0.806374 0.7028231 0.8236776 0.7028228 0.8236776 0.7337429 0.806374 0.7337429 0.8236776 0.7337429 0.8236776 0.7599553 0.806374 0.7599553 0.8236776 0.7599553 0.8236776 0.7774703 0.9298063 0.9630113 0.9202841 0.9630113 0.9202841 0.9284042 0.9202841 0.9630113 0.910762 0.9630113 0.910762 0.9284042 0.8236776 0.7774698 0.8236776 0.7599553 0.806374 0.7599553 0.806374 0.7599553 0.8236776 0.7599553 0.8236776 0.7337429 0.806374 0.7337429 0.8236776 0.7337429 0.8236776 0.7028231 0.9452967 0.5591957 0.9452967 0.7483522 0.8778818 0.7483522 0.9452967 0.5591957 0.8778818 0.5591957 0.8778818 0.7483522 0.9246381 0.7300004 0.8349819 0.7300004 0.8349819 0.5345014 0.8349819 0.5345014 0.8349819 0.7300004 0.9246381 0.7300004 0.8397487 0.5257279 0.8878797 0.5257279 0.8878797 0.7347158 0.9360106 0.5257279 0.9360106 0.7347158 0.8878797 0.7347158 0.306473 0.3023236 0.3132155 0.3023236 0.3132155 -0.00364691 0.306473 0.3023236 0.306473 -0.00364691 0.3132155 -0.00364691 0.306473 0.3023236 0.306473 -0.00364691 0.3132155 -0.00364691 0.3132155 -0.00364691 0.306473 -0.00364691 0.306473 0.3023236 0.306473 0.3023236 0.3132155 0.3023236 0.3132155 -0.00364691 0.306473 0.3023236 0.306473 -0.00364691 0.3132155 -0.00364691 0.9093711 0.5628736 0.9123582 0.5628736 0.9123582 0.7304615 0.9093711 0.5628736 0.9093712 0.7304615 0.9123582 0.7304615 0.9691101 0.7304615 0.9661231 0.7304615 0.9661231 0.5628736 0.9691101 0.7304615 0.96911 0.5628736 0.9661231 0.5628736 0.8496325 0.7304615 0.8466455 0.7304615 0.8466455 0.5628736 0.8496325 0.7304615 0.8496325 0.5628736 0.8466455 0.5628736 0.306473 -0.00364691 0.306473 0.3023236 0.3132155 0.3023236 0.3132155 0.3023236 0.306473 0.3023236 0.306473 -0.00364691 0.306473 -0.00364691 0.306473 0.3023236 0.3132155 0.3023236 0.3132155 0.3023236 0.306473 0.3023236 0.306473 -0.00364691 0.306473 -0.00364691 0.3132155 -0.00364691 0.3132155 0.3023236 0.306473 -0.00364691 0.306473 0.3023236 0.3132155 0.3023236 0.4821981 -0.008806109 0.4821981 0.3790642 0.3577629 0.3790642 0.4821981 -0.008806109 0.3577629 -0.008806109 0.3577629 0.3790642 0.3175425 -0.008806109 0.3175425 0.3790642 0.4419775 0.3790642 0.3175425 -0.008806109 0.4419775 -0.008806109 0.4419775 0.3790642 0.3568046 0.1968829 0.3568048 0.01282316 0.4498245 0.01282316 0.3568046 0.1968829 0.4498243 0.1968829 0.4498245 0.01282316 0.3568046 0.1968829 0.3568048 0.01282316 0.4498245 0.01282316 0.3568046 0.1968829 0.4498243 0.1968829 0.4498245 0.01282316 0.3132153 0.3023236 0.3064728 0.3023236 0.306473 -0.00364691 0.3132153 0.3023236 0.3132155 -0.00364691 0.306473 -0.00364691 0.3132155 -0.00364691 0.306473 -0.00364691 0.3064728 0.3023236 0.3132155 -0.00364691 0.3132153 0.3023236 0.3064728 0.3023236 0.3132155 -0.00364691 0.306473 -0.00364691 0.3064728 0.3023236 0.3132155 -0.00364691 0.3132153 0.3023236 0.3064728 0.3023236 0.8496325 0.7304615 0.8466455 0.7304615 0.8466455 0.5628736 0.8496325 0.7304615 0.8496325 0.5628736 0.8466455 0.5628736 0.9691101 0.7304615 0.9661231 0.7304615 0.9661231 0.5628736 0.9691101 0.7304615 0.96911 0.5628736 0.9661231 0.5628736 0.9093711 0.5628736 0.9123582 0.5628736 0.9123582 0.7304615 0.9093711 0.5628736 0.9093712 0.7304615 0.9123582 0.7304615 0.3132155 -0.00364691 0.306473 -0.00364691 0.3064728 0.3023236 0.3132155 -0.00364691 0.3132153 0.3023236 0.3064728 0.3023236 0.3132153 0.3023236 0.3064728 0.3023236 0.306473 -0.00364691 0.3132153 0.3023236 0.3132155 -0.00364691 0.306473 -0.00364691 0.3132155 -0.00364691 0.306473 -0.00364691 0.3064728 0.3023236 0.3132155 -0.00364691 0.3132153 0.3023236 0.3064728 0.3023236 0.7827329 0.5145023 0.8327907 0.5145023 0.8327907 0.7318171 0.8828485 0.5145023 0.8828485 0.7318171 0.8327907 0.7318171 0.8945719 0.522415 0.989546 0.522415 0.989546 0.7294723 0.989546 0.7294723 0.989546 0.522415 0.8945719 0.522415 0.8602623 0.5275309 0.8602623 0.7319017 0.7874119 0.7319017 0.8602623 0.5275309 0.7874119 0.5275309 0.7874119 0.7319017 0.9732993 0.9421465 0.8618094 0.9421465 0.8618094 0.9376215 0.8618094 0.9376215 0.8618094 0.9421465 0.9732993 0.9421465 0.8145641 0.941759 0.8112511 0.937416 0.921565 0.937416 0.8145641 0.941759 0.921565 0.941759 0.921565 0.937416 0.8112511 0.937416 0.811268 0.9326878 0.921582 0.9326878 0.8112511 0.937416 0.921565 0.937416 0.921582 0.9326878 0.8618094 0.9376215 0.8616836 0.9329144 0.9766253 0.9329144 0.8618094 0.9376215 0.9767512 0.9376215 0.9766253 0.9329144 0.6628063 0.5592951 0.6628054 0.5623064 0.6487818 0.5623024 0.6628063 0.5592951 0.6487827 0.5592913 0.6487818 0.5623024 0.6487827 0.5592913 0.6487818 0.5623024 0.6347579 0.5622977 0.6487827 0.5592913 0.6347606 0.5544892 0.6347579 0.5622977 0.6768296 0.5623102 0.6628054 0.5623064 0.6628063 0.5592951 0.6628063 0.5592951 0.6628054 0.5623064 0.6768296 0.5623102 0.6628063 0.5592951 0.6487827 0.5592913 0.6487867 0.5444698 0.6628063 0.5592951 0.6628104 0.5444737 0.6487867 0.5444698 0.6628063 0.5592951 0.6487827 0.5592913 0.6487867 0.5444698 0.6628063 0.5592951 0.6628104 0.5444737 0.6487867 0.5444698 0.6768296 0.5623102 0.6628054 0.5623064 0.6628063 0.5592951 0.6628063 0.5592951 0.6628054 0.5623064 0.6768296 0.5623102 0.6487827 0.5592913 0.6487818 0.5623024 0.6347579 0.5622977 0.6487827 0.5592913 0.6347606 0.5544892 0.6347579 0.5622977 0.6628063 0.5592951 0.6628054 0.5623064 0.6487818 0.5623024 0.6628063 0.5592951 0.6487827 0.5592913 0.6487818 0.5623024 0.6628063 0.5592951 0.6628054 0.5623064 0.6487818 0.5623024 0.6628063 0.5592951 0.6487827 0.5592913 0.6487818 0.5623024 0.6487827 0.5592913 0.6487818 0.5623024 0.6347579 0.5622977 0.6487827 0.5592913 0.6347606 0.5544892 0.6347579 0.5622977 0.6768296 0.5623102 0.6628054 0.5623064 0.6628063 0.5592951 0.6628063 0.5592951 0.6628054 0.5623064 0.6768296 0.5623102 0.6628063 0.5592951 0.6487827 0.5592913 0.6487867 0.5444698 0.6628063 0.5592951 0.6628104 0.5444737 0.6487867 0.5444698 0.6628063 0.5592951 0.6487827 0.5592913 0.6487867 0.5444698 0.6628063 0.5592951 0.6628104 0.5444737 0.6487867 0.5444698 0.6768296 0.5623102 0.6628054 0.5623064 0.6628063 0.5592951 0.6628063 0.5592951 0.6628054 0.5623064 0.6768296 0.5623102 0.6487827 0.5592913 0.6487818 0.5623024 0.6347579 0.5622977 0.6487827 0.5592913 0.6347606 0.5544892 0.6347579 0.5622977 0.6628063 0.5592951 0.6628054 0.5623064 0.6487818 0.5623024 0.6628063 0.5592951 0.6487827 0.5592913 0.6487818 0.5623024 0.6628063 0.5592951 0.6487827 0.5592913 0.6487867 0.5444698 0.6628063 0.5592951 0.6628104 0.5444737 0.6487867 0.5444698 0.6768296 0.5623102 0.6628054 0.5623064 0.6628063 0.5592951 0.6628063 0.5592951 0.6628054 0.5623064 0.6768296 0.5623102 0.6487827 0.5592913 0.6487818 0.5623024 0.6347579 0.5622977 0.6487827 0.5592913 0.6347606 0.5544892 0.6347579 0.5622977 0.6628063 0.5592951 0.6628054 0.5623064 0.6487818 0.5623024 0.6628063 0.5592951 0.6487827 0.5592913 0.6487818 0.5623024 0.7763004 0.9791924 0.8658452 0.9791924 0.8658452 0.9340989 0.7763004 0.9791924 0.7763004 0.9340989 0.8658452 0.9340989 0.7763004 0.9791924 0.7763004 0.9340989 0.8658452 0.9340989 0.7763004 0.9791924 0.8658452 0.9791924 0.8658452 0.9340989 0.9766498 0.6520838 0.8060555 0.6520838 0.8060555 0.6467183 0.9766498 0.6520838 0.9766498 0.6467183 0.8060555 0.6467183 0.9932816 0.6520838 0.7790369 0.6520838 0.7790369 0.6467183 0.9932816 0.6520838 0.9932817 0.6467183 0.7790369 0.6467183 0.8060555 0.6520838 0.9766498 0.6520838 0.9766498 0.6467183 0.8060555 0.6520838 0.8060555 0.6467183 0.9766498 0.6467183 0.8060555 0.6520838 0.9766498 0.6520838 0.9766498 0.6467183 0.8060555 0.6520838 0.8060555 0.6467183 0.9766498 0.6467183 0.9891801 0.6472547 0.7715489 0.6472547 0.7715489 0.6418892 0.9891801 0.6472547 0.9891801 0.6418892 0.7715489 0.6418892 0.9766498 0.6520838 0.8060555 0.6520838 0.8060555 0.6467183 0.9766498 0.6520838 0.9766498 0.6467183 0.8060555 0.6467183 0.8916384 0.9791924 0.8916384 0.9340989 0.9815104 0.9340989 0.8916384 0.9791924 0.9815105 0.9791924 0.9815104 0.9340989 0.8916384 0.9791924 0.9815105 0.9791924 0.9815105 0.9340989 0.8916384 0.9791924 0.8916384 0.9340989 0.9815105 0.9340989 0.8635067 0.9791924 0.9339063 0.9791924 0.9339063 0.9340989 0.8635067 0.9791924 0.8635067 0.9340989 0.9339063 0.9340989 0.8635067 0.9791924 0.8635067 0.9340989 0.9339063 0.9340989 0.8635067 0.9791924 0.9339063 0.9791924 0.9339063 0.9340989 0.9766498 0.6520838 0.8060555 0.6520838 0.8060555 0.6467183 0.9766498 0.6520838 0.9766498 0.6467183 0.8060555 0.6467183 0.9840959 0.6520838 0.7882225 0.6520838 0.7882225 0.6467183 0.9840959 0.6520838 0.9840961 0.6467183 0.7882225 0.6467183 0.8060555 0.6520838 0.9766498 0.6520838 0.9766498 0.6467183 0.8060555 0.6520838 0.8060555 0.6467183 0.9766498 0.6467183 0.7506578 0.6423839 0.7608584 0.6493463 0.7608584 0.6626816 0.7506578 0.6423839 0.7506578 0.6809364 0.7608584 0.6626816 0.9927605 0.6158243 0.9927605 0.6543769 0.9825598 0.6361222 0.9825598 0.6361222 0.9927605 0.6543769 0.9927605 0.6158243 0.6225963 0.7822205 0.6261788 0.7822205 0.6261788 0.766147 0.6225963 0.7822205 0.6225963 0.766147 0.6261788 0.766147 0.6225963 0.766147 0.6261788 0.766147 0.6261788 0.7822205 0.6225963 0.766147 0.6225963 0.7822205 0.6261788 0.7822205 0.6628063 0.5592951 0.6487827 0.5592913 0.6487867 0.5444698 0.6628063 0.5592951 0.6628104 0.5444737 0.6487867 0.5444698 0.6768296 0.5623102 0.6628054 0.5623064 0.6628063 0.5592951 0.6628063 0.5592951 0.6628054 0.5623064 0.6768296 0.5623102 0.6487827 0.5592913 0.6487818 0.5623024 0.6347579 0.5622977 0.6487827 0.5592913 0.6347606 0.5544892 0.6347579 0.5622977 0.6628063 0.5592951 0.6628054 0.5623064 0.6487818 0.5623024 0.6628063 0.5592951 0.6487827 0.5592913 0.6487818 0.5623024 0.6628063 0.5592951 0.6628054 0.5623064 0.6487818 0.5623024 0.6628063 0.5592951 0.6487827 0.5592913 0.6487818 0.5623024 0.6487827 0.5592913 0.6487818 0.5623024 0.6347579 0.5622977 0.6487827 0.5592913 0.6347606 0.5544892 0.6347579 0.5622977 0.6768296 0.5623102 0.6628054 0.5623064 0.6628063 0.5592951 0.6628063 0.5592951 0.6628054 0.5623064 0.6768296 0.5623102 0.6628063 0.5592951 0.6487827 0.5592913 0.6487867 0.5444698 0.6628063 0.5592951 0.6628104 0.5444737 0.6487867 0.5444698 0.9971483 0.5359894 0.9971483 0.7295739 0.9086869 0.7295739 0.9971483 0.5359894 0.9086868 0.5359894 0.9086869 0.7295739 0.7827329 0.7318171 0.8327907 0.7318171 0.8327907 0.5145023 0.8828485 0.7318171 0.8828485 0.5145023 0.8327907 0.5145023 0.3132153 0.3023236 0.3064728 0.3023236 0.306473 -0.00364691 0.3132153 0.3023236 0.3132155 -0.00364691 0.306473 -0.00364691 0.7898937 0.5628736 0.7928806 0.5628736 0.7928807 0.7304615 0.7898937 0.5628736 0.7898937 0.7304615 0.7928807 0.7304615 0.3132153 0.3023236 0.3064728 0.3023236 0.306473 -0.00364691 0.3132153 0.3023236 0.3132155 -0.00364691 0.306473 -0.00364691 0.3568046 0.1968829 0.3568048 0.01282316 0.4498245 0.01282316 0.3568046 0.1968829 0.4498243 0.1968829 0.4498245 0.01282316 0.4389983 -0.008806109 0.4389983 0.3790642 0.3145633 0.3790642 0.4389983 -0.008806109 0.3145633 -0.008806109 0.3145633 0.3790642 0.306473 -0.00364691 0.3132155 -0.00364691 0.3132155 0.3023236 0.306473 -0.00364691 0.306473 0.3023236 0.3132155 0.3023236 0.7898937 0.5628736 0.7928806 0.5628736 0.7928807 0.7304615 0.7898937 0.5628736 0.7898937 0.7304615 0.7928807 0.7304615 0.306473 0.3023236 0.306473 -0.00364691 0.3132155 -0.00364691 0.3132155 -0.00364691 0.306473 -0.00364691 0.306473 0.3023236 0.8397487 0.7347158 0.8878797 0.7347158 0.8878797 0.5257279 0.9360106 0.7347158 0.9360106 0.5257279 0.8878797 0.5257279 0.8772114 0.5570042 0.8772114 0.7416875 0.7928324 0.7416875 0.8772114 0.5570042 0.7928324 0.5570042 0.7928324 0.7416875 0.8060555 0.6520838 0.9766498 0.6520838 0.9766498 0.6467183 0.8060555 0.6520838 0.8060555 0.6467183 0.9766498 0.6467183 0.9840959 0.6520838 0.7882225 0.6520838 0.7882225 0.6467183 0.9840959 0.6520838 0.9840961 0.6467183 0.7882225 0.6467183 0.9766498 0.6520838 0.8060555 0.6520838 0.8060555 0.6467183 0.9766498 0.6520838 0.9766498 0.6467183 0.8060555 0.6467183 0.8257842 0.9791924 0.8257842 0.9340989 0.8961838 0.9340989 0.8257842 0.9791924 0.8961838 0.9791924 0.8961838 0.9340989 0.8257842 0.9791924 0.8961838 0.9791924 0.8961838 0.9340989 0.8257842 0.9791924 0.8257842 0.9340989 0.8961838 0.9340989 0.910754 0.5168219 0.910754 0.7074778 0.8427924 0.7074778 0.910754 0.5168219 0.8427924 0.5168219 0.8427924 0.7074778 0.3132153 0.3023236 0.3064728 0.3023236 0.306473 -0.00364691 0.3132153 0.3023236 0.3132155 -0.00364691 0.306473 -0.00364691 0.3132155 -0.00364691 0.306473 -0.00364691 0.3064728 0.3023236 0.3132155 -0.00364691 0.3132153 0.3023236 0.3064728 0.3023236 0.9093711 0.5628736 0.9123582 0.5628736 0.9123582 0.7304615 0.9093711 0.5628736 0.9093712 0.7304615 0.9123582 0.7304615 0.8496325 0.7304615 0.8466455 0.7304615 0.8466455 0.5628736 0.8496325 0.7304615 0.8496325 0.5628736 0.8466455 0.5628736 0.3132155 -0.00364691 0.306473 -0.00364691 0.3064728 0.3023236 0.3132155 -0.00364691 0.3132153 0.3023236 0.3064728 0.3023236 0.3132153 0.3023236 0.3064728 0.3023236 0.306473 -0.00364691 0.3132153 0.3023236 0.3132155 -0.00364691 0.306473 -0.00364691 0.306473 -0.00364691 0.3132155 -0.00364691 0.3132155 0.3023236 0.306473 -0.00364691 0.306473 0.3023236 0.3132155 0.3023236 0.306473 -0.00364691 0.306473 0.3023236 0.3132155 0.3023236 0.3132155 0.3023236 0.306473 0.3023236 0.306473 -0.00364691 0.8496325 0.7304615 0.8466455 0.7304615 0.8466455 0.5628736 0.8496325 0.7304615 0.8496325 0.5628736 0.8466455 0.5628736 0.9093711 0.5628736 0.9123582 0.5628736 0.9123582 0.7304615 0.9093711 0.5628736 0.9093712 0.7304615 0.9123582 0.7304615 0.306473 0.3023236 0.3132155 0.3023236 0.3132155 -0.00364691 0.306473 0.3023236 0.306473 -0.00364691 0.3132155 -0.00364691 0.306473 0.3023236 0.306473 -0.00364691 0.3132155 -0.00364691 0.3132155 -0.00364691 0.306473 -0.00364691 0.306473 0.3023236 0.9636897 0.5298662 0.9636897 0.7318062 0.8917188 0.7318062 0.9636897 0.5298662 0.8917188 0.5298662 0.8917188 0.7318062 0.6985385 0.5499296 0.6985385 0.5629671 0.5309757 0.5629671 0.6985385 0.5499296 0.5309757 0.5499296 0.5309757 0.5629671 0.7025645 0.5229168 0.7025645 0.5359543 0.5350018 0.5359543 0.7025645 0.5229168 0.5350018 0.5229168 0.5350018 0.5359543 0.6528989 0.5215207 0.6528989 0.5114261 0.5284981 0.5114261 0.6528989 0.5215207 0.5284981 0.5215207 0.5284981 0.5114261 0.7048763 0.5218899 0.7048763 0.5117953 0.5804755 0.5117953 0.7048763 0.5218899 0.5804755 0.5218899 0.5804755 0.5117953 0.9664336 0.8829071 0.9664336 0.9002819 0.7947623 0.9002819 0.9664336 0.9176567 0.7947623 0.9176567 0.7947623 0.9002819 0.9660667 0.842606 0.9660667 0.8599808 0.7943956 0.8599808 0.9660667 0.8773556 0.7943956 0.8773556 0.7943956 0.8599808 0.9843106 0.9406328 0.7734568 0.9406328 0.7734568 0.9376168 0.7734568 0.9376168 0.7734568 0.9406328 0.9843106 0.9406328 0.7734568 0.9406328 0.7734568 0.9376168 0.9843106 0.9376168 0.7734568 0.9406328 0.9843106 0.9406328 0.9843106 0.9376168 0.7734568 0.9376168 0.7734568 0.9345318 0.9843106 0.9345318 0.7734568 0.9376168 0.9843106 0.9376168 0.9843106 0.9345318 0.7734568 0.9376168 0.7734568 0.9345318 0.9843106 0.9345318 0.7734568 0.9376168 0.9843106 0.9376168 0.9843106 0.9345318 0.5692245 0.6318739 0.6034976 0.6318739 0.6034976 0.4353929 0.5692245 0.6318739 0.5692245 0.4353929 0.6034976 0.4353929 0.5314201 0.6313735 0.5656932 0.6313735 0.5656932 0.4348927 0.5314201 0.6313735 0.5314201 0.4348927 0.5656932 0.4348927 0.7552092 0.6543769 0.7552092 0.6361222 0.9825598 0.6361222 0.7552092 0.6543769 0.9927605 0.6543769 0.9825598 0.6361222 0.988209 0.6809364 0.7506578 0.6809364 0.7608584 0.6626816 0.7608584 0.6626816 0.7506578 0.6809364 0.988209 0.6809364 0.988209 0.6423839 0.988209 0.6493463 0.7608584 0.6493463 0.988209 0.6423839 0.7506578 0.6423839 0.7608584 0.6493463 0.7552092 0.6158243 0.9927605 0.6158243 0.9825598 0.6227867 0.9825598 0.6227867 0.9927605 0.6158243 0.7552092 0.6158243 0.7513059 0.7401927 0.7541391 0.7401927 0.7541391 0.956916 0.7513059 0.7401927 0.7513059 0.956916 0.7541391 0.956916 0.7513059 0.7406547 0.7541391 0.7406547 0.7541391 0.957378 0.7513059 0.7406547 0.7513059 0.9573779 0.7541391 0.957378 0.7513059 0.9573779 0.7541391 0.957378 0.7541391 0.7406547 0.7513059 0.9573779 0.7513059 0.7406547 0.7541391 0.7406547 0.7513059 0.956916 0.7541391 0.956916 0.7541391 0.7401927 0.7513059 0.956916 0.7513059 0.7401927 0.7541391 0.7401927 0.8472163 0.778611 0.8472163 0.7715047 0.968368 0.7715047 0.8472163 0.778611 0.968368 0.778611 0.968368 0.7715047 0.7711529 0.778611 0.7711529 0.7715047 0.8923047 0.7715047 0.7711529 0.778611 0.8923047 0.778611 0.8923047 0.7715047</float_array>
          <technique_common>
            <accessor source="#Wall_long-mesh-map-0-array" count="4872" stride="2">
              <param name="S" type="float"/>
              <param name="T" type="float"/>
            </accessor>
          </technique_common>
        </source>
        <source id="Wall_long-mesh-map-1">
          <float_array id="Wall_long-mesh-map-1-array" count="9744">0.1718087 0.5306323 0.2344983 0.3544182 0.2344983 0.5306323 0.4645774 0.5278728 0.4018877 0.3516588 0.4645774 0.3516588 0.1718087 0 0.2524759 0.176214 0.1718087 0.176214 0.2544943 0.176214 0.3351615 0 0.3351615 0.176214 0.4182002 0.1748341 0.37769 0 0.4182002 0 0.3371798 0.1748341 0.37769 0 0.37769 0.1748341 0.9403049 0.3516588 0.9441804 0.526493 0.9403049 0.526493 0.9500744 0 0.9461989 0.1748341 0.9461989 0 0.8939413 0.4805199 0.8900658 0.6553541 0.8900658 0.4805198 0.8998351 0.6553541 0.8959596 0.4805199 0.8998351 0.4805198 0.9018534 0.4805199 0.9057289 0.655354 0.9018534 0.655354 0.9323929 0 0.9285174 0.1748341 0.9285174 0 0.9655332 0.5278729 0.9623987 0.3516588 0.9655332 0.3516588 0.9675516 0.5278729 0.9706861 0.3516588 0.9706861 0.5278729 0.9830101 0.3516588 0.9861446 0.5278729 0.9830101 0.5278729 0.9912974 0.3516588 0.9881629 0.5278729 0.9881629 0.3516588 0.9727044 0.3516588 0.9758388 0.5278729 0.9727044 0.5278729 0.9809917 0.3516588 0.9778572 0.5278729 0.9778572 0.3516588 0.8782781 0.6553541 0.8821536 0.4805199 0.8821536 0.6553541 0.884172 0.4805199 0.8880475 0.6553541 0.884172 0.6553541 0.8547027 0.6553541 0.8585783 0.4805199 0.8585783 0.6553541 0.8605967 0.4805199 0.8644722 0.6553541 0.8605967 0.6553541 0.3315006 0.5292525 0.3276251 0.3544183 0.3315006 0.3544183 0.6609424 0.5292525 0.6648179 0.3544183 0.6648179 0.5292525 0.714249 0.176214 0.7706701 0 0.7706701 0.176214 0.7706702 0.5306323 0.714249 0.3544183 0.7706702 0.3544183 0.7726885 0.176214 0.8291091 0 0.8291091 0.176214 0.8291091 0.5306323 0.7726885 0.3544183 0.8291091 0.3544183 0.6680241 0.6269667 0.6872482 0.6269667 0.6680241 0.6455817 0.6680241 0.5640619 0.6872482 0.582677 0.6680241 0.582677 0.6872482 0.6269667 0.7064725 0.6048218 0.7064725 0.6455817 0.7064725 0.5640619 0.7064725 0.6048218 0.6872482 0.582677 0.7064725 0.5212799 0.6872483 0.499135 0.7064725 0.4805199 0.7064725 0.5620398 0.6872483 0.5434247 0.7064725 0.5212799 0.6872483 0.499135 0.6680241 0.499135 0.6680241 0.4805199 0.6680241 0.5620398 0.6680241 0.5434247 0.6872483 0.5434247 0.6872483 0.499135 0.7064725 0.5212799 0.6872483 0.5212799 0.6872483 0.5212799 0.7064725 0.5212799 0.6872483 0.5434247 0.7064725 0.6048218 0.6872482 0.6269667 0.6872482 0.6048218 0.6872482 0.6048218 0.6872482 0.582677 0.7064725 0.6048218 0.7726885 0.3523961 0.8291091 0.176214 0.8291091 0.3523961 0.8291091 0.7068144 0.7726885 0.5306323 0.8291091 0.5306323 0.714249 0.3523961 0.7706701 0.176214 0.7706701 0.3523961 0.7706702 0.7068144 0.714249 0.5306323 0.7706702 0.5306323 0.3315006 0.704055 0.3276251 0.5292525 0.3315006 0.5292525 0.6609424 0.704055 0.6648179 0.5292525 0.6648179 0.704055 0.8547027 0.6553541 0.8585783 0.8301566 0.8547027 0.8301566 0.8644722 0.6553541 0.8605967 0.8301566 0.8605967 0.6553541 0.8782781 0.6553541 0.8821536 0.8301565 0.8782781 0.8301565 0.8880475 0.6553541 0.884172 0.8301565 0.884172 0.6553541 0.9727044 0.5278729 0.9758388 0.704055 0.9727044 0.704055 0.9809917 0.5278729 0.9778572 0.704055 0.9778572 0.5278729 0.9830101 0.5278729 0.9861446 0.704055 0.9830101 0.704055 0.9912974 0.5278729 0.9881629 0.704055 0.9881629 0.5278729 0.9655332 0.704055 0.9623987 0.5278729 0.9655332 0.5278729 0.9675516 0.704055 0.9706861 0.5278729 0.9706861 0.704055 0.9018534 0.655354 0.9057289 0.8301565 0.9018534 0.8301565 0.9323929 0.1748341 0.9285174 0.3496367 0.9285174 0.1748341 0.8939413 0.8301566 0.8900658 0.6553541 0.8939413 0.6553541 0.8959596 0.8301566 0.8998351 0.6553541 0.8998351 0.8301566 0.9403049 0.526493 0.9441804 0.7012954 0.9403049 0.7012954 0.9500744 0.1748341 0.9461989 0.3496367 0.9461989 0.1748341 0.4182002 0.3496367 0.37769 0.1748341 0.4182002 0.1748341 0.3371798 0.3496367 0.37769 0.1748341 0.37769 0.3496367 0.2524759 0.3523961 0.1718087 0.176214 0.2524759 0.176214 0.3351615 0.176214 0.2544943 0.3523961 0.2544943 0.176214 0.1718087 0.7068144 0.2344983 0.5306323 0.2344983 0.7068144 0.4645774 0.704055 0.4018878 0.5278729 0.4645774 0.5278728 0.001259565 0.4801521 0.04194295 0.4818063 0 0.4818063 0.04194295 0.4818063 0.0826264 0.4801521 0.08388596 0.4818063 0.001259624 0.001654267 0.04194301 0 0.04194301 0.001654267 0.0826264 0.001654267 0.04194301 0 0.08388602 0 0.2971757 0.7088365 0.2986952 0.7508584 0.2971757 0.7508584 0.2971757 0.7928803 0.2986952 0.7508584 0.2986952 0.7928803 0.6047702 0.7508584 0.6062897 0.7928804 0.6047702 0.7928804 0.6047702 0.7508584 0.6062898 0.7088365 0.6062897 0.7508584 0.7064725 0.6455817 0.6680241 0.6455817 0.6872482 0.6269667 0.6872482 0.582677 0.6680241 0.5640619 0.7064725 0.5640619 0.6680241 0.4805199 0.7064725 0.4805199 0.6872483 0.499135 0.6872483 0.5434247 0.7064725 0.5620398 0.6680241 0.5620398 0.7056918 0.7659276 0.7023538 0.7503523 0.7056918 0.7503523 0.1268911 0.7733281 0.1302292 0.7577527 0.1302292 0.7733281 0.613626 0.7759758 0.6169642 0.791428 0.6083081 0.791428 0.4582877 0.7915194 0.4549496 0.8069714 0.4549496 0.7915194 0.06026202 0.8527978 0.06360018 0.8373456 0.0689181 0.8527978 0.07625442 0.8373456 0.07959252 0.8527978 0.07093644 0.8527978 0.1893732 0.7942788 0.2049193 0.809922 0.1893732 0.809922 0.2224838 0.7942788 0.2069377 0.809922 0.2069377 0.7942788 0 0.7951951 0.01554608 0.8108382 0 0.8108382 0.03311055 0.7951951 0.01756441 0.8108382 0.01756441 0.7951951 0.1594048 0.8535482 0.1627429 0.8380962 0.1680608 0.8535482 0.3317124 0.8382467 0.3350505 0.8536988 0.3263944 0.8536988 0.2953571 0.7949025 0.2986952 0.8103546 0.2900391 0.8103546 0.7005645 0.8138496 0.6972263 0.8293018 0.6972263 0.8138496 0.6642805 0.8070948 0.6609424 0.7915194 0.6642805 0.7915194 0.6609424 0.8246923 0.6642805 0.8091169 0.6642805 0.8246923 0.7056918 0.783525 0.7023537 0.7679497 0.7056918 0.7679497 0.1268911 0.7909255 0.1302292 0.7753502 0.1302292 0.7909255 0.3279368 0.8143911 0.3312749 0.8298432 0.3226189 0.8298432 0.7005645 0.8313239 0.6972263 0.846776 0.6972263 0.8313239 0.673177 0.853787 0.6765151 0.8383349 0.681833 0.853787 0.6891693 0.8383349 0.6925074 0.853787 0.6838513 0.853787 0.03512883 0.7951951 0.05067497 0.8108382 0.03512883 0.8108382 0.06823939 0.7951951 0.0526933 0.8108382 0.0526933 0.7951951 0.1718087 0.8119442 0.1873548 0.8275874 0.1718087 0.8275874 0.2049193 0.8119442 0.1893732 0.8275874 0.1893732 0.8119442 0.3879362 0.855942 0.3912744 0.8404899 0.3965923 0.855942 0.409511 0.8406425 0.4128491 0.8560945 0.4041931 0.8560945 0.6375148 0.8349381 0.6408529 0.8503903 0.6321969 0.8503903 0.6462094 0.8349381 0.6428713 0.8503903 0.6428713 0.8349381 0.08102595 0.8284358 0.07768779 0.8128605 0.08102595 0.8128605 0.1135376 0.8449755 0.1168757 0.8294003 0.1168757 0.8449755 0.07025772 0.7951951 0.0858038 0.8108382 0.07025772 0.8108382 0.117059 0.811735 0.1015129 0.8273781 0.1015129 0.811735 0.4148675 0.8560945 0.4182056 0.8406425 0.4235236 0.8560945 0.4308599 0.8406425 0.434198 0.8560945 0.4255419 0.8560945 0.6588637 0.8349381 0.6622018 0.8503903 0.6535457 0.8503903 0.4913281 0.8361168 0.48799 0.8515689 0.48799 0.8361168 0.7056918 0.8011224 0.7023537 0.7855471 0.7056918 0.7855471 0.3276251 0.8070948 0.3309632 0.7915194 0.3309632 0.8070948 0.08267039 0.6109808 0 0.5692707 0.08267039 0.5692707 0.08267039 0.6109808 0 0.6526908 0 0.6109808 0.08468872 0.6109808 0.1673591 0.5692707 0.1673591 0.6109808 0.08468872 0.6109808 0.1673591 0.6526908 0.08468872 0.6526908 0.4625188 0.7477872 0.4642851 0.7060771 0.4642851 0.7477872 0.4625188 0.7477872 0.4642851 0.7894973 0.4625188 0.7894973 0.2895785 0.7916625 0.2913587 0.7088366 0.2913587 0.7916625 0.2933771 0.7088366 0.2951573 0.7916625 0.2933771 0.7916625 0.166974 0.738133 0.1687403 0.696423 0.1687403 0.738133 0.166974 0.6547129 0.1687403 0.696423 0.166974 0.696423 0.1631894 0.738133 0.1649557 0.696423 0.1649557 0.738133 0.1631894 0.6547129 0.1649557 0.696423 0.1631894 0.696423 0.6985552 0.7307325 0.7003354 0.6476039 0.7003354 0.7307326 0.7023537 0.647604 0.704134 0.7307326 0.7023537 0.7307326 0.1594048 0.696423 0.1611711 0.6547129 0.1611711 0.696423 0.1594048 0.696423 0.1611711 0.738133 0.1594048 0.738133 0 0.5255386 0.08297246 0.4838284 0.08297258 0.5255386 0 0.5255386 0.08297246 0.5672486 0 0.5672486 0.1679636 0.5255386 0.08499091 0.4838284 0.1679636 0.4838284 0.1679636 0.5255386 0.08499091 0.5672486 0.08499091 0.5255386 0.06499493 0.696423 0 0.6547129 0.06499493 0.6547129 0.06499493 0.696423 0 0.738133 0 0.696423 0.06701326 0.696423 0.1320082 0.6547129 0.1320082 0.696423 0.06701326 0.696423 0.1320082 0.738133 0.06701326 0.738133 0.327625 0.7477872 0.3293914 0.7060771 0.3293914 0.7477872 0.327625 0.7477872 0.3293914 0.7894973 0.327625 0.7894972 0.6083081 0.7739537 0.6100883 0.7088366 0.6100883 0.7739538 0.6159053 0.7088366 0.6176855 0.7739537 0.6159053 0.7739537 0.4549496 0.7894973 0.4567158 0.7477872 0.4567158 0.7894973 0.4549496 0.7060771 0.4567158 0.7477872 0.4549496 0.7477872 0.6589241 0.3544182 0.6385214 0.3646919 0.6201722 0.3544182 0.8698793 0.4784978 0.8494766 0.4682242 0.862881 0.4682242 0.6589241 0.832916 0.6385213 0.8226425 0.6519258 0.8226425 0.8494766 0.01027345 0.8698793 0 0.8628811 0.01027345 0.5994547 0.8189166 0.6024425 0.832241 0.5994547 0.832241 0.6024425 0.8342632 0.5994547 0.8475876 0.5994547 0.8342632 0.08459872 0.8506701 0.08161085 0.8373457 0.08459872 0.8373457 0.3986107 0.8538143 0.4015985 0.8404898 0.4015985 0.8538143 0.1015129 0.7940695 0.1170591 0.8097127 0.1015129 0.8097127 0.1873549 0.7942788 0.1718087 0.809922 0.1718087 0.7942788 0.4362164 0.8560946 0.4395545 0.8406425 0.4448724 0.8560946 0.4522086 0.8406425 0.4555467 0.8560946 0.4468907 0.8560946 0.02288234 0.8373456 0.0262205 0.8527978 0.01756441 0.8527978 0.03157693 0.8373456 0.02823883 0.8527978 0.02823883 0.8373456 0.7056918 0.7483301 0.7023538 0.7327547 0.7056918 0.7327547 0.1268911 0.7557306 0.1302292 0.7401552 0.1302292 0.7557306 0.01536279 0.8461011 0.01202464 0.8305258 0.01536279 0.8305258 0.4786204 0.847754 0.4819585 0.8321788 0.4819585 0.847754 0.04423117 0.8373456 0.04756927 0.8527977 0.03891324 0.8527977 0.05292576 0.8373456 0.0495876 0.8527977 0.0495876 0.8373456 0.7650055 0.8566027 0.7683436 0.8411506 0.7736616 0.8566027 0.7823481 0.8411506 0.7856862 0.8566027 0.7770301 0.8566027 0.2069377 0.8119442 0.2224836 0.8275874 0.2069377 0.8275874 0.01554596 0.8128605 0 0.8285037 0 0.8128605 0.5032572 0.3523961 0.5836222 0.176214 0.5836223 0.3523961 0.6660057 0.3523961 0.5856407 0.176214 0.6660057 0.176214 0.4202185 0.1748341 0.4607287 0.3496367 0.4202185 0.3496367 0.5012389 0.1748341 0.4607287 0.3496367 0.4607287 0.1748341 0.9323929 0.7012955 0.9285174 0.526493 0.9323929 0.526493 0.9344112 0.3496367 0.9382867 0.1748341 0.9382867 0.3496367 0.9964502 0.704055 0.9933157 0.5278729 0.9964502 0.5278729 0.6680241 1 0.6711586 0.8238179 0.6711586 1 0.8467907 0.8301566 0.8429152 0.6553541 0.8467907 0.6553541 0.848809 0.8301566 0.8526844 0.6553541 0.8526844 0.8301566 0.5032572 0.7068144 0.5596964 0.5306323 0.5596964 0.7068144 0.6181539 0.7068144 0.5617147 0.5306323 0.6181539 0.5306323 0.5032572 0.5306323 0.5596964 0.3544183 0.5596964 0.5306323 0.6181539 0.5306323 0.5617147 0.3544183 0.6181539 0.3544183 0.8467907 0.6553541 0.8429152 0.4805199 0.8467907 0.4805199 0.848809 0.6553541 0.8526844 0.4805199 0.8526844 0.6553541 0.9964502 0.5278729 0.9933157 0.3516588 0.9964502 0.3516588 0.6680241 0.8238179 0.6711586 0.6476039 0.6711586 0.8238179 0.9323929 0.3516588 0.9285174 0.526493 0.9285174 0.3516588 0.9382867 0.1748341 0.9344112 0 0.9382867 0 0.4202185 0 0.4607287 0.1748341 0.4202185 0.1748341 0.5012389 0 0.4607287 0.1748341 0.4607287 0 0.5032572 0.176214 0.5836222 0 0.5836222 0.176214 0.6660057 0.176214 0.5856407 0 0.6660057 0 0.4587342 0.7894973 0.4605005 0.7477872 0.4605005 0.7894973 0.4587342 0.7060771 0.4605005 0.7477872 0.4587342 0.7477872 0.6985552 0.7978719 0.7003354 0.7327548 0.7003354 0.7978719 0.6121067 0.7088366 0.613887 0.7739537 0.6121067 0.7739537 0.6609424 0.7477872 0.6627088 0.7060771 0.6627088 0.7477872 0.6609424 0.7477872 0.6627087 0.7894973 0.6609424 0.7894973 0.3371798 0.7477872 0.4021748 0.7060771 0.4021748 0.7477872 0.3371798 0.7477872 0.4021748 0.7894973 0.3371798 0.7894973 0.2368037 0.7505466 0.1718087 0.7088365 0.2368037 0.7088365 0.2368037 0.7505466 0.1718087 0.7922567 0.1718087 0.7505466 0.2365167 0.7068144 0.2992063 0.5306323 0.2992063 0.7068144 0.3998695 0.704055 0.3371798 0.5278729 0.3998695 0.5278729 0.9382867 0.7012955 0.9344112 0.526493 0.9382867 0.526493 0.9403049 0.3496367 0.9441804 0.1748341 0.9441804 0.3496367 0.9461988 0.526493 0.9500743 0.7012955 0.9461988 0.7012955 0.9559682 0.1748341 0.9520927 0.3496367 0.9520927 0.1748341 0.9552273 0.704055 0.9520927 0.5278729 0.9552273 0.5278729 0.9572458 0.704055 0.9603804 0.5278729 0.9603804 0.704055 0.7084908 0.6567339 0.7116315 0.8329161 0.7084909 0.8329161 0.9108879 0.6567339 0.9077473 0.8329161 0.9077473 0.6567339 0.8664904 0.6553541 0.870366 0.8301566 0.8664904 0.8301566 0.8762598 0.6553541 0.8723843 0.8301566 0.8723843 0.6553541 0.835003 0.8301566 0.8311275 0.6553542 0.835003 0.6553542 0.8370213 0.8301566 0.8408969 0.6553542 0.8408969 0.8301566 0.835003 0.6553542 0.8311275 0.48052 0.835003 0.4805199 0.8370213 0.6553542 0.8408969 0.48052 0.8408969 0.6553542 0.8664904 0.6553541 0.870366 0.4805199 0.870366 0.6553541 0.8723843 0.4805199 0.8762598 0.6553541 0.8723843 0.6553541 0.7084908 0.4805199 0.7116315 0.6567339 0.7084908 0.6567339 0.9108879 0.4805199 0.9077473 0.6567339 0.9077473 0.4805199 0.9552273 0.5278729 0.9520927 0.3516588 0.9552273 0.3516588 0.9572458 0.5278729 0.9603804 0.3516588 0.9603804 0.5278729 0.9461988 0.3516588 0.9500743 0.526493 0.9461988 0.526493 0.9559682 0 0.9520927 0.1748341 0.9520927 0 0.9382867 0.3516588 0.9344112 0.526493 0.9344112 0.3516588 0.9441804 0.1748341 0.9403049 0 0.9441804 0 0.2365167 0.5306323 0.2992063 0.3544182 0.2992063 0.5306323 0.3998695 0.5278729 0.3371798 0.3516588 0.3998695 0.3516588 0.8718976 0.2392489 0.8904778 0.4784978 0.8718976 0.4784978 0.9110763 0.2392489 0.8924962 0.4784978 0.8924962 0.2392489 0.8718977 0 0.8904778 0.2392489 0.8718976 0.2392489 0.9110763 0 0.8924962 0.2392489 0.8924962 0 0.4665958 0.5909077 0.4859716 0.8301566 0.4665957 0.8301566 0.3012247 0.5936672 0.3206006 0.3544182 0.3206006 0.5936672 0.4665958 0.3516588 0.4859716 0.5909077 0.4665958 0.5909077 0.3012247 0.832916 0.3206006 0.5936672 0.3206006 0.832916 0.6680241 0.2392489 0.6901273 0.4784978 0.6680241 0.4784978 0.7122306 0.2392489 0.6901273 0.4784978 0.6901273 0.2392489 0.6680241 0 0.6901273 0.2392489 0.6680241 0.2392489 0.7122306 0 0.6901273 0.2392489 0.6901274 0 0.001259624 0.001654267 0 0.2409031 0 0 0.08388602 0.2409031 0.0826264 0.001654267 0.08388602 0 0.001259565 0.4801521 0 0.2409031 0.001259624 0.2409031 0.0826264 0.4801521 0.08388602 0.2409031 0.08388596 0.4818063 0.333519 0.5953215 0.3350505 0.8362246 0.333519 0.8362246 0.9984685 0.592562 1 0.3516588 1 0.592562 0.333519 0.3544182 0.3350505 0.5953215 0.333519 0.5953215 0.9984685 0.8334652 1 0.592562 1 0.8334652 0.08590435 0.2409031 0.1278473 0.4818063 0.08590435 0.4818063 0.1697904 0.2409031 0.1278473 0.4818063 0.1278474 0.2409031 0.08590435 0 0.1278474 0.2409031 0.08590435 0.2409031 0.1697904 0 0.1278474 0.2409031 0.1278474 0 0.6201722 0.5936672 0.6385213 0.8226425 0.6201722 0.832916 0.8311275 0.2392489 0.8494766 0.01027345 0.8494766 0.2392489 0.6201722 0.5936672 0.6385214 0.3646919 0.6385214 0.5936672 0.8494766 0.4682242 0.8311275 0.2392489 0.8494766 0.2392489 0.6589241 0.5936672 0.6519258 0.3646919 0.6589241 0.3544182 0.8698793 0.2392489 0.862881 0.4682242 0.862881 0.2392489 0.6589241 0.5936672 0.6519258 0.8226425 0.6519258 0.5936672 0.8628811 0.01027345 0.8698793 0.2392489 0.862881 0.2392489 0.48799 0.5806342 0.4909778 0.8096095 0.48799 0.8096095 0.495984 0.5806342 0.4929962 0.8096095 0.4929962 0.5806342 0.48799 0.3516588 0.4909778 0.5806342 0.48799 0.5806342 0.495984 0.3516588 0.4929962 0.5806342 0.4929962 0.3516588 0.4980024 0.5806341 0.5009902 0.8096095 0.4980024 0.8096095 0.3256067 0.5833936 0.3226189 0.812369 0.3226189 0.5833936 0.4980024 0.3516588 0.5009902 0.5806341 0.4980024 0.5806341 0.3256068 0.3544183 0.3226189 0.5833936 0.3226189 0.3544183 0.9130947 0.2289753 0.9264991 0.4579507 0.9130946 0.4579507 0.9130948 0.6889482 0.9264992 0.4599727 0.9264991 0.6889482 0.9130947 0 0.9264991 0.2289753 0.9130947 0.2289753 0.9130947 0.9179234 0.9264991 0.6889482 0.9264991 0.9179234 0.4207111 0.7835264 0.4131326 0.7862288 0.4131326 0.763192 0.379076 0.8128025 0.3714976 0.8155055 0.3714976 0.7924684 0.3712355 0.840896 0.3612291 0.8318906 0.3712355 0.8318906 0.3712355 0.8318906 0.3612291 0.8240181 0.3712355 0.8240181 0.3712355 0.8240181 0.3612291 0.8184765 0.3712355 0.8184765 0.8092014 0.863223 0.8044393 0.8531978 0.8092014 0.8531978 0.8044393 0.863223 0.7996772 0.8531978 0.8044393 0.8531978 0.3832601 0.8184766 0.3732538 0.8240181 0.3732538 0.8184765 0.3732538 0.8240181 0.3832601 0.8318906 0.3732538 0.8318906 0.3732538 0.8318906 0.3832601 0.840896 0.3732538 0.840896 0.4131326 0.7862288 0.4041931 0.7871779 0.4041931 0.7622428 0.4041931 0.7622428 0.4131326 0.763192 0.4131326 0.7862288 0.4131326 0.763192 0.4207111 0.7658947 0.4207111 0.7835264 0.4207111 0.7658947 0.4257748 0.7699394 0.4207111 0.7835264 0.4257748 0.7699394 0.4275529 0.7747104 0.4257749 0.7794815 0.4207111 0.7835264 0.4257748 0.7699394 0.4257749 0.7794815 0.3714976 0.8155055 0.362558 0.8164544 0.362558 0.7915194 0.362558 0.7915194 0.3714976 0.7924684 0.3714976 0.8155055 0.3714976 0.7924684 0.379076 0.7951709 0.379076 0.8128025 0.379076 0.7951709 0.3841399 0.7992157 0.379076 0.8128025 0.3841399 0.7992157 0.3859179 0.8039867 0.3841399 0.8087578 0.379076 0.8128025 0.3841399 0.7992157 0.3841399 0.8087578 0.3712355 0.840896 0.3612291 0.840896 0.3612291 0.8318906 0.3712355 0.8318906 0.3612291 0.8318906 0.3612291 0.8240181 0.3712355 0.8240181 0.3612291 0.8240181 0.3612291 0.8184765 0.8092014 0.863223 0.8044393 0.863223 0.8044393 0.8531978 0.8044393 0.863223 0.7996772 0.863223 0.7996772 0.8531978 0.3832601 0.8184766 0.3832601 0.8240181 0.3732538 0.8240181 0.3732538 0.8240181 0.3832601 0.8240181 0.3832601 0.8318906 0.3732538 0.8318906 0.3832601 0.8318906 0.3832601 0.840896 0.2807182 0.7862856 0.2731398 0.7889884 0.2731398 0.7659515 0.5197752 0.7862855 0.5121968 0.7889882 0.5121968 0.7659512 0.181815 0.852029 0.1718087 0.8430236 0.181815 0.8430236 0.181815 0.8430236 0.1718087 0.835151 0.181815 0.835151 0.181815 0.835151 0.1718087 0.8296095 0.181815 0.8296095 0.5488557 0.8533834 0.5440934 0.8433582 0.5488557 0.8433582 0.5440934 0.8533834 0.5393312 0.8433582 0.5440934 0.8433582 0.1290837 0.8185549 0.1190774 0.8240964 0.1190774 0.8185548 0.1190774 0.8240964 0.1290837 0.8319689 0.1190774 0.8319689 0.1190774 0.8319689 0.1290837 0.8409743 0.1190774 0.8409743 0.2731398 0.7889884 0.2642002 0.7899373 0.2642002 0.7650023 0.2642002 0.7650023 0.2731398 0.7659515 0.2731398 0.7889884 0.2731398 0.7659515 0.2807182 0.7686539 0.2807182 0.7862856 0.2807182 0.7686539 0.2857819 0.7726987 0.2807182 0.7862856 0.2857819 0.7726987 0.2875601 0.7774698 0.285782 0.7822411 0.2807182 0.7862856 0.2857819 0.7726987 0.285782 0.7822411 0.5121968 0.7889882 0.5032572 0.7899373 0.5032572 0.7650022 0.5032572 0.7650022 0.5121968 0.7659512 0.5121968 0.7889882 0.5121968 0.7659512 0.5197752 0.7686539 0.5197752 0.7862855 0.5197752 0.7686539 0.5248391 0.7726985 0.5197752 0.7862855 0.5248391 0.7726985 0.5266171 0.7774696 0.5248391 0.7822409 0.5197752 0.7862855 0.5248391 0.7726985 0.5248391 0.7822409 0.181815 0.852029 0.1718087 0.852029 0.1718087 0.8430236 0.181815 0.8430236 0.1718087 0.8430236 0.1718087 0.835151 0.181815 0.835151 0.1718087 0.835151 0.1718087 0.8296095 0.5488557 0.8533834 0.5440934 0.8533834 0.5440934 0.8433582 0.5440934 0.8533834 0.5393312 0.8533834 0.5393312 0.8433582 0.1290837 0.8185549 0.1290837 0.8240964 0.1190774 0.8240964 0.1190774 0.8240964 0.1290837 0.8240964 0.1290837 0.8319689 0.1190774 0.8319689 0.1290837 0.8319689 0.1290837 0.8409743 0.4460893 0.7835263 0.4385109 0.7862288 0.4385109 0.763192 0.7815234 0.7301199 0.773945 0.7328225 0.773945 0.7097856 0.1938397 0.852029 0.1838334 0.8430237 0.1938397 0.8430237 0.1938397 0.8430237 0.1838334 0.8351511 0.1938397 0.8351511 0.1938397 0.8351511 0.1838334 0.8296096 0.1938397 0.8296096 0.5608803 0.8533834 0.5561181 0.8433582 0.5608803 0.8433582 0.5561181 0.8533834 0.5513559 0.8433582 0.5561181 0.8433582 0.2345085 0.8187642 0.2245021 0.8243057 0.2245021 0.8187641 0.2245021 0.8243057 0.2345085 0.8321782 0.2245021 0.8321782 0.2245021 0.8321782 0.2345085 0.8411837 0.2245021 0.8411837 0.4385109 0.7862288 0.4295713 0.7871779 0.4295713 0.7622428 0.4295713 0.7622428 0.4385109 0.763192 0.4385109 0.7862288 0.4385109 0.763192 0.4460893 0.7658945 0.4460893 0.7835263 0.4460893 0.7658945 0.451153 0.7699393 0.4460893 0.7835263 0.451153 0.7699393 0.4529312 0.7747104 0.4511532 0.7794816 0.4460893 0.7835263 0.451153 0.7699393 0.4511532 0.7794816 0.773945 0.7328225 0.7650054 0.7337716 0.7650054 0.7088365 0.7650054 0.7088365 0.773945 0.7097856 0.773945 0.7328225 0.773945 0.7097856 0.7815234 0.7124881 0.7815234 0.7301199 0.7815234 0.7124881 0.7865873 0.7165328 0.7815234 0.7301199 0.7865873 0.7165328 0.7883653 0.721304 0.7865873 0.7260752 0.7815234 0.7301199 0.7865873 0.7165328 0.7865873 0.7260752 0.1938397 0.852029 0.1838334 0.852029 0.1838334 0.8430237 0.1938397 0.8430237 0.1838334 0.8430237 0.1838334 0.8351511 0.1938397 0.8351511 0.1838334 0.8351511 0.1838334 0.8296096 0.5608803 0.8533834 0.5561181 0.8533834 0.5561181 0.8433582 0.5561181 0.8533834 0.5513559 0.8533834 0.5513559 0.8433582 0.2345085 0.8187642 0.2345085 0.8243057 0.2245021 0.8243057 0.2245021 0.8243057 0.2345085 0.8243057 0.2345085 0.8321782 0.2245021 0.8321782 0.2345085 0.8321782 0.2345085 0.8411837 0.1505445 0.6769571 0.1429661 0.6797817 0.1429661 0.6557049 0.6896948 0.669848 0.6821165 0.6726728 0.6821165 0.6485959 0.6147766 0.8173657 0.6047702 0.8083549 0.6147766 0.8083549 0.6147766 0.8083549 0.6047702 0.800467 0.6147766 0.800467 0.6147766 0.800467 0.6047702 0.7949025 0.6147766 0.7949025 0.7976589 0.8511757 0.7926817 0.8411505 0.7976589 0.8411505 0.7926817 0.8511757 0.7877045 0.8411505 0.7926817 0.8411505 0.3979426 0.8160047 0.3879362 0.821569 0.3879362 0.8160046 0.3879362 0.821569 0.3979426 0.8294569 0.3879362 0.8294569 0.3879362 0.8294569 0.3979426 0.8384677 0.3879362 0.8384677 0.1429661 0.6797817 0.1340265 0.6807737 0.1340265 0.6547129 0.1340265 0.6547129 0.1429661 0.6557049 0.1429661 0.6797817 0.1429661 0.6557049 0.1505445 0.6585295 0.1505445 0.6769571 0.1505445 0.6585295 0.1556082 0.6627568 0.1505445 0.6769571 0.1556082 0.6627568 0.1573864 0.6677433 0.1556084 0.6727299 0.1505445 0.6769571 0.1556082 0.6627568 0.1556084 0.6727299 0.6821165 0.6726728 0.6731769 0.6736646 0.6731769 0.6476039 0.6731769 0.6476039 0.6821165 0.6485959 0.6821165 0.6726728 0.6821165 0.6485959 0.6896948 0.6514205 0.6896948 0.669848 0.6896948 0.6514205 0.6947587 0.6556478 0.6896948 0.669848 0.6947587 0.6556478 0.6965368 0.6606343 0.6947587 0.6656208 0.6896948 0.669848 0.6947587 0.6556478 0.6947587 0.6656208 0.6147766 0.8173657 0.6047702 0.8173657 0.6047702 0.8083549 0.6147766 0.8083549 0.6047702 0.8083549 0.6047702 0.800467 0.6147766 0.800467 0.6047702 0.800467 0.6047702 0.7949025 0.7976589 0.8511757 0.7926817 0.8511757 0.7926817 0.8411505 0.7926817 0.8511757 0.7877045 0.8511757 0.7877045 0.8411505 0.3979426 0.8160047 0.3979426 0.821569 0.3879362 0.821569 0.3879362 0.821569 0.3979426 0.821569 0.3979426 0.8294569 0.3879362 0.8294569 0.3979426 0.8294569 0.3979426 0.8384677 0.730767 0.7310808 0.7231886 0.7339054 0.7231886 0.7098285 0.6896949 0.7540966 0.6821165 0.7569212 0.6821165 0.7328443 0.0978285 0.8176582 0.08782219 0.8086473 0.0978285 0.8086473 0.0978285 0.8086473 0.08782219 0.8007596 0.0978285 0.8007596 0.0978285 0.8007596 0.08782219 0.7951951 0.0978285 0.7951951 0.3471341 0.8529434 0.342157 0.8429182 0.3471341 0.8429182 0.342157 0.8529434 0.3371798 0.8429182 0.342157 0.8429182 0.4141994 0.8161573 0.4041931 0.8217216 0.4041931 0.8161572 0.4041931 0.8217216 0.4141994 0.8296095 0.4041931 0.8296095 0.4041931 0.8296095 0.4141994 0.8386203 0.4041931 0.8386203 0.7231886 0.7339054 0.714249 0.7348973 0.714249 0.7088366 0.714249 0.7088366 0.7231886 0.7098285 0.7231886 0.7339054 0.7231886 0.7098285 0.730767 0.7126531 0.730767 0.7310808 0.730767 0.7126531 0.7358307 0.7168804 0.730767 0.7310808 0.7358307 0.7168804 0.7376089 0.7218669 0.7358309 0.7268534 0.730767 0.7310808 0.7358307 0.7168804 0.7358309 0.7268534 0.6821165 0.7569212 0.6731769 0.7579132 0.6731769 0.7318525 0.6731769 0.7318525 0.6821165 0.7328443 0.6821165 0.7569212 0.6821165 0.7328443 0.6896949 0.735669 0.6896949 0.7540966 0.6896949 0.735669 0.6947587 0.7398962 0.6896949 0.7540966 0.6947587 0.7398962 0.6965368 0.7448828 0.6947588 0.7498693 0.6896949 0.7540966 0.6947587 0.7398962 0.6947588 0.7498693 0.0978285 0.8176582 0.08782219 0.8176582 0.08782219 0.8086473 0.0978285 0.8086473 0.08782219 0.8086473 0.08782219 0.8007596 0.0978285 0.8007596 0.08782219 0.8007596 0.08782219 0.7951951 0.3471341 0.8529434 0.342157 0.8529434 0.342157 0.8429182 0.342157 0.8529434 0.3371798 0.8529434 0.3371798 0.8429182 0.4141994 0.8161573 0.4141994 0.8217216 0.4041931 0.8217216 0.4041931 0.8217216 0.4141994 0.8217216 0.4141994 0.8296095 0.4041931 0.8296095 0.4141994 0.8296095 0.4141994 0.8386203 0.4207111 0.7928516 0.4131327 0.8131859 0.4131327 0.7901491 0.4460892 0.7928517 0.4385108 0.813186 0.4385108 0.790149 0.1958581 0.852029 0.1958581 0.8430236 0.2058644 0.8430236 0.1958581 0.8430236 0.1958581 0.8351511 0.2058644 0.8351511 0.1958581 0.8351511 0.1958581 0.8296095 0.2058644 0.8296095 0.08782213 0.8541471 0.08782213 0.8441219 0.09258431 0.8441219 0.09258431 0.8541471 0.09258431 0.8441219 0.09734648 0.8441219 0.3371798 0.8184767 0.3471862 0.8184766 0.3471862 0.8240181 0.3471862 0.8240181 0.3471862 0.8318907 0.3371798 0.8318907 0.3471862 0.8318907 0.3471862 0.8408961 0.3371798 0.8408961 0.4131327 0.7901491 0.4041931 0.8141351 0.4041931 0.7892001 0.4041931 0.8141351 0.4131327 0.7901491 0.4131327 0.8131859 0.4131327 0.8131859 0.4207111 0.7928516 0.4207111 0.8104833 0.4207111 0.8104833 0.4207111 0.7928516 0.4257748 0.8064386 0.4257748 0.8064386 0.4257749 0.7968964 0.427553 0.8016675 0.4207111 0.7928516 0.4257749 0.7968964 0.4257748 0.8064386 0.4385108 0.790149 0.4295712 0.814135 0.4295712 0.7892 0.4295712 0.814135 0.4385108 0.790149 0.4385108 0.813186 0.4385108 0.813186 0.4460892 0.7928517 0.4460892 0.8104834 0.4460892 0.8104834 0.4460892 0.7928517 0.4511531 0.8064386 0.4511531 0.8064386 0.4511531 0.7968964 0.4529311 0.8016676 0.4460892 0.7928517 0.4511531 0.7968964 0.4511531 0.8064386 0.1958581 0.852029 0.2058644 0.8430236 0.2058644 0.852029 0.1958581 0.8430236 0.2058644 0.8351511 0.2058644 0.8430236 0.1958581 0.8351511 0.2058644 0.8296095 0.2058644 0.8351511 0.08782213 0.8541471 0.09258431 0.8441219 0.09258431 0.8541471 0.09258431 0.8541471 0.09734648 0.8441219 0.09734648 0.8541471 0.3371798 0.8184767 0.3471862 0.8240181 0.3371798 0.8240181 0.3471862 0.8240181 0.3371798 0.8318907 0.3371798 0.8240181 0.3471862 0.8318907 0.3371798 0.8408961 0.3371798 0.8318907 0.25534 0.7407358 0.2477616 0.7619882 0.2477616 0.7379113 0.2807182 0.740736 0.2731398 0.7619882 0.2731398 0.7379113 0.4162178 0.8386203 0.4162178 0.8296095 0.4262241 0.8296095 0.4162178 0.8296095 0.4162178 0.8217217 0.4262241 0.8217217 0.4162178 0.8217217 0.4162178 0.8161572 0.4262241 0.8161572 0.2628713 0.8533834 0.2628713 0.8433582 0.2678484 0.8433582 0.2678484 0.8533834 0.2678484 0.8433582 0.2728257 0.8433582 0.8157619 0.7088367 0.8257682 0.7088365 0.8257682 0.714401 0.8257682 0.714401 0.8257682 0.7222889 0.8157619 0.7222889 0.8257682 0.7222889 0.8257682 0.7312997 0.8157619 0.7312997 0.2477616 0.7379113 0.238822 0.7629801 0.238822 0.7369194 0.238822 0.7629801 0.2477616 0.7379113 0.2477616 0.7619882 0.2477616 0.7619882 0.25534 0.7407358 0.25534 0.7591635 0.25534 0.7591635 0.25534 0.7407358 0.2604037 0.7549363 0.2604037 0.7549363 0.2604039 0.7449632 0.2621819 0.7499497 0.25534 0.7407358 0.2604039 0.7449632 0.2604037 0.7549363 0.2731398 0.7379113 0.2642002 0.7629801 0.2642002 0.7369194 0.2642002 0.7629801 0.2731398 0.7379113 0.2731398 0.7619882 0.2731398 0.7619882 0.2807182 0.740736 0.2807182 0.7591636 0.2807182 0.7591636 0.2807182 0.740736 0.285782 0.7549363 0.285782 0.7549363 0.285782 0.7449632 0.2875601 0.7499498 0.2807182 0.740736 0.285782 0.7449632 0.285782 0.7549363 0.4162178 0.8386203 0.4262241 0.8296095 0.4262241 0.8386203 0.4162178 0.8296095 0.4262241 0.8217217 0.4262241 0.8296095 0.4162178 0.8217217 0.4262241 0.8161572 0.4262241 0.8217217 0.2628713 0.8533834 0.2678484 0.8433582 0.2678484 0.8533834 0.2678484 0.8533834 0.2728257 0.8433582 0.2728257 0.8533834 0.8157619 0.7088367 0.8257682 0.714401 0.8157619 0.714401 0.8257682 0.714401 0.8157619 0.7222889 0.8157619 0.714401 0.8257682 0.7222889 0.8157619 0.7312997 0.8157619 0.7222889 0.6896949 0.7075861 0.6821165 0.7288383 0.6821165 0.7047616 0.4460893 0.7098937 0.4385109 0.7311459 0.4385109 0.707069 0.4282424 0.8386203 0.4282424 0.8296096 0.4382488 0.8296096 0.4282424 0.8296096 0.4282424 0.8217217 0.4382488 0.8217217 0.4282424 0.8217217 0.4282424 0.8161572 0.4382488 0.8161572 0.3492045 0.8529434 0.3492045 0.8429182 0.3541816 0.8429182 0.3541816 0.8529434 0.3541816 0.8429182 0.3591588 0.8429182 0.8157619 0.733322 0.8257682 0.7333219 0.8257682 0.7388863 0.8257682 0.7388863 0.8257682 0.7467741 0.8157619 0.7467741 0.8257682 0.7467741 0.8257682 0.7557849 0.8157619 0.7557849 0.6821165 0.7047616 0.673177 0.7298303 0.673177 0.7037696 0.673177 0.7298303 0.6821165 0.7047616 0.6821165 0.7288383 0.6821165 0.7288383 0.6896949 0.7075861 0.6896949 0.7260138 0.6896949 0.7260138 0.6896949 0.7075861 0.6947587 0.7217864 0.6947587 0.7217864 0.6947588 0.7118135 0.6965368 0.7168 0.6896949 0.7075861 0.6947588 0.7118135 0.6947587 0.7217864 0.4385109 0.707069 0.4295713 0.7321378 0.4295713 0.7060771 0.4295713 0.7321378 0.4385109 0.707069 0.4385109 0.7311459 0.4385109 0.7311459 0.4460893 0.7098937 0.4460893 0.7283213 0.4460893 0.7283213 0.4460893 0.7098937 0.4511532 0.724094 0.4511532 0.724094 0.4511532 0.714121 0.4529312 0.7191075 0.4460893 0.7098937 0.4511532 0.714121 0.4511532 0.724094 0.4282424 0.8386203 0.4382488 0.8296096 0.4382488 0.8386203 0.4282424 0.8296096 0.4382488 0.8217217 0.4382488 0.8296096 0.4282424 0.8217217 0.4382488 0.8161572 0.4382488 0.8217217 0.3492045 0.8529434 0.3541816 0.8429182 0.3541816 0.8529434 0.3541816 0.8529434 0.3591588 0.8429182 0.3591588 0.8529434 0.8157619 0.733322 0.8257682 0.7388863 0.8157619 0.7388863 0.8257682 0.7388863 0.8157619 0.7467741 0.8157619 0.7388863 0.8257682 0.7467741 0.8157619 0.7557849 0.8157619 0.7467741 0.5959099 0.8132429 0.5883315 0.8159454 0.5883315 0.7929086 0.730767 0.8132426 0.7231886 0.8159454 0.7231886 0.7929084 0.2488283 0.8413361 0.238822 0.8323307 0.2488283 0.8323307 0.2488283 0.8323307 0.238822 0.8244582 0.2488283 0.8244582 0.2488283 0.8244582 0.238822 0.8189166 0.2488283 0.8189166 0.6648064 0.8624376 0.6600443 0.8524124 0.6648064 0.8524124 0.6600443 0.8624376 0.6552821 0.8524124 0.6600443 0.8524124 0.260853 0.8189167 0.2508467 0.8244582 0.2508467 0.8189166 0.2508467 0.8244582 0.260853 0.8323307 0.2508467 0.8323307 0.2508467 0.8323307 0.260853 0.8413361 0.2508467 0.8413361 0.5883315 0.8159454 0.5793919 0.8168944 0.5793919 0.7919594 0.5793919 0.7919594 0.5883315 0.7929086 0.5883315 0.8159454 0.5883315 0.7929086 0.5959098 0.7956112 0.5959099 0.8132429 0.5959098 0.7956112 0.6009736 0.7996559 0.5959099 0.8132429 0.6009736 0.7996559 0.6027518 0.804427 0.6009737 0.809198 0.5959099 0.8132429 0.6009736 0.7996559 0.6009737 0.809198 0.7231886 0.8159454 0.714249 0.8168944 0.714249 0.7919594 0.714249 0.7919594 0.7231886 0.7929084 0.7231886 0.8159454 0.7231886 0.7929084 0.730767 0.795611 0.730767 0.8132426 0.730767 0.795611 0.7358309 0.7996558 0.730767 0.8132426 0.7358309 0.7996558 0.7376089 0.8044268 0.7358309 0.8091979 0.730767 0.8132426 0.7358309 0.7996558 0.7358309 0.8091979 0.2488283 0.8413361 0.238822 0.8413361 0.238822 0.8323307 0.2488283 0.8323307 0.238822 0.8323307 0.238822 0.8244582 0.2488283 0.8244582 0.238822 0.8244582 0.238822 0.8189166 0.6648064 0.8624376 0.6600443 0.8624376 0.6600443 0.8524124 0.6600443 0.8624376 0.6552821 0.8624376 0.6552821 0.8524124 0.260853 0.8189167 0.260853 0.8244582 0.2508467 0.8244582 0.2508467 0.8244582 0.260853 0.8244582 0.260853 0.8323307 0.2508467 0.8323307 0.260853 0.8323307 0.260853 0.8413361 0.5197752 0.8132428 0.5121968 0.8159455 0.5121968 0.7929086 0.5451534 0.8132428 0.537575 0.8159455 0.537575 0.7929084 0.2728777 0.8413361 0.2628713 0.8323307 0.2728777 0.8323307 0.2728777 0.8323307 0.2628713 0.8244582 0.2728777 0.8244582 0.2728777 0.8244582 0.2628713 0.8189166 0.2728777 0.8189166 0.7357981 0.8533833 0.7310359 0.843358 0.7357981 0.843358 0.7310359 0.8533833 0.7262737 0.843358 0.7310359 0.843358 0.2178891 0.8296097 0.2078828 0.8351511 0.2078828 0.8296096 0.2078828 0.8351511 0.2178891 0.8430236 0.2078828 0.8430236 0.2078828 0.8430236 0.2178891 0.852029 0.2078828 0.852029 0.5121968 0.8159455 0.5032572 0.8168944 0.5032572 0.7919595 0.5032572 0.7919595 0.5121968 0.7929086 0.5121968 0.8159455 0.5121968 0.7929086 0.5197752 0.7956112 0.5197752 0.8132428 0.5197752 0.7956112 0.5248389 0.7996559 0.5197752 0.8132428 0.5248389 0.7996559 0.5266171 0.804427 0.5248391 0.8091981 0.5197752 0.8132428 0.5248389 0.7996559 0.5248391 0.8091981 0.537575 0.8159455 0.5286355 0.8168945 0.5286355 0.7919595 0.5286355 0.7919595 0.537575 0.7929084 0.537575 0.8159455 0.537575 0.7929084 0.5451534 0.7956112 0.5451534 0.8132428 0.5451534 0.7956112 0.5502173 0.7996558 0.5451534 0.8132428 0.5502173 0.7996558 0.5519953 0.8044269 0.5502173 0.8091981 0.5451534 0.8132428 0.5502173 0.7996558 0.5502173 0.8091981 0.2728777 0.8413361 0.2628713 0.8413361 0.2628713 0.8323307 0.2728777 0.8323307 0.2628713 0.8323307 0.2628713 0.8244582 0.2728777 0.8244582 0.2628713 0.8244582 0.2628713 0.8189166 0.7357981 0.8533833 0.7310359 0.8533833 0.7310359 0.843358 0.7310359 0.8533833 0.7262737 0.8533833 0.7262737 0.843358 0.2178891 0.8296097 0.2178891 0.8351511 0.2078828 0.8351511 0.2078828 0.8351511 0.2178891 0.8351511 0.2178891 0.8430236 0.2078828 0.8430236 0.2178891 0.8430236 0.2178891 0.852029 0.7815234 0.8109915 0.773945 0.8136941 0.773945 0.7906573 0.8069016 0.73012 0.7993233 0.7328226 0.7993233 0.7097856 0.2849023 0.8413361 0.274896 0.8323307 0.2849023 0.8323307 0.2849023 0.8323307 0.274896 0.8244582 0.2849023 0.8244582 0.2849023 0.8244582 0.274896 0.8189166 0.2849023 0.8189166 0.7593654 0.8533833 0.7546032 0.843358 0.7593654 0.843358 0.7546032 0.8533833 0.749841 0.843358 0.7546032 0.843358 0.296927 0.8189167 0.2869207 0.8244582 0.2869207 0.8189166 0.2869207 0.8244582 0.296927 0.8323307 0.2869207 0.8323307 0.2869207 0.8323307 0.296927 0.8413361 0.2869207 0.8413361 0.773945 0.8136941 0.7650055 0.8146432 0.7650055 0.7897082 0.7650055 0.7897082 0.773945 0.7906573 0.773945 0.8136941 0.773945 0.7906573 0.7815234 0.7933599 0.7815234 0.8109915 0.7815234 0.7933599 0.7865872 0.7974046 0.7815234 0.8109915 0.7865872 0.7974046 0.7883654 0.8021757 0.7865873 0.8069468 0.7815234 0.8109915 0.7865872 0.7974046 0.7865873 0.8069468 0.7993233 0.7328226 0.7903837 0.7337716 0.7903837 0.7088366 0.7903837 0.7088366 0.7993233 0.7097856 0.7993233 0.7328226 0.7993233 0.7097856 0.8069016 0.7124882 0.8069016 0.73012 0.8069016 0.7124882 0.8119655 0.716533 0.8069016 0.73012 0.8119655 0.716533 0.8137436 0.7213041 0.8119655 0.7260752 0.8069016 0.73012 0.8119655 0.716533 0.8119655 0.7260752 0.2849023 0.8413361 0.274896 0.8413361 0.274896 0.8323307 0.2849023 0.8323307 0.274896 0.8323307 0.274896 0.8244582 0.2849023 0.8244582 0.274896 0.8244582 0.274896 0.8189166 0.7593654 0.8533833 0.7546032 0.8533833 0.7546032 0.843358 0.7546032 0.8533833 0.749841 0.8533833 0.749841 0.843358 0.296927 0.8189167 0.296927 0.8244582 0.2869207 0.8244582 0.2869207 0.8244582 0.296927 0.8244582 0.296927 0.8323307 0.2869207 0.8323307 0.296927 0.8323307 0.296927 0.8413361 0.730767 0.7591636 0.7231886 0.7619882 0.7231886 0.7379114 0.7561452 0.7310806 0.7485668 0.7339053 0.7485668 0.7098284 0.8257682 0.7802701 0.8157619 0.7712593 0.8257682 0.7712593 0.8257682 0.7712593 0.8157619 0.7633715 0.8257682 0.7633715 0.8257682 0.7633715 0.8157619 0.757807 0.8257682 0.757807 0.2848503 0.8533834 0.2798732 0.8433582 0.2848503 0.8433582 0.2798732 0.8533834 0.274896 0.8433582 0.2798732 0.8433582 0.8257682 0.7822924 0.8157619 0.7878567 0.8157619 0.7822923 0.8157619 0.7878567 0.8257682 0.7957446 0.8157619 0.7957446 0.8157619 0.7957446 0.8257682 0.8047553 0.8157619 0.8047553 0.7231886 0.7619882 0.714249 0.7629801 0.714249 0.7369194 0.714249 0.7369194 0.7231886 0.7379114 0.7231886 0.7619882 0.7231886 0.7379114 0.730767 0.7407359 0.730767 0.7591636 0.730767 0.7407359 0.7358307 0.7449632 0.730767 0.7591636 0.7358307 0.7449632 0.7376089 0.7499497 0.7358309 0.7549363 0.730767 0.7591636 0.7358307 0.7449632 0.7358309 0.7549363 0.7485668 0.7339053 0.7396272 0.7348972 0.7396272 0.7088365 0.7396272 0.7088365 0.7485668 0.7098284 0.7485668 0.7339053 0.7485668 0.7098284 0.7561452 0.712653 0.7561452 0.7310806 0.7561452 0.712653 0.7612091 0.7168803 0.7561452 0.7310806 0.7612091 0.7168803 0.7629871 0.7218668 0.7612091 0.7268534 0.7561452 0.7310806 0.7612091 0.7168803 0.7612091 0.7268534 0.8257682 0.7802701 0.8157619 0.7802701 0.8157619 0.7712593 0.8257682 0.7712593 0.8157619 0.7712593 0.8157619 0.7633715 0.8257682 0.7633715 0.8157619 0.7633715 0.8157619 0.757807 0.2848503 0.8533834 0.2798732 0.8533834 0.2798732 0.8433582 0.2798732 0.8533834 0.274896 0.8533834 0.274896 0.8433582 0.8257682 0.7822924 0.8257682 0.7878567 0.8157619 0.7878567 0.8157619 0.7878567 0.8257682 0.7878567 0.8257682 0.7957446 0.8157619 0.7957446 0.8257682 0.7957446 0.8257682 0.8047553 0.5705317 0.7591636 0.5629532 0.7619883 0.5629532 0.7379114 0.2807182 0.7310807 0.2731398 0.7339054 0.2731398 0.7098285 0.1694111 0.7626183 0.1594048 0.7536075 0.1694111 0.7536075 0.1694111 0.7536075 0.1594048 0.7457196 0.1694111 0.7457196 0.1694111 0.7457196 0.1594048 0.7401552 0.1694111 0.7401552 0.3711834 0.8529434 0.3662063 0.8429182 0.3711834 0.8429182 0.3662063 0.8529434 0.3612291 0.8429182 0.3662063 0.8429182 0.8257682 0.8067777 0.8157619 0.812342 0.8157619 0.8067775 0.8157619 0.812342 0.8257682 0.8202299 0.8157619 0.8202299 0.8157619 0.8202299 0.8257682 0.8292407 0.8157619 0.8292407 0.5629532 0.7619883 0.5540136 0.7629801 0.5540136 0.7369194 0.5540136 0.7369194 0.5629532 0.7379114 0.5629532 0.7619883 0.5629532 0.7379114 0.5705317 0.740736 0.5705317 0.7591636 0.5705317 0.740736 0.5755954 0.7449633 0.5705317 0.7591636 0.5755954 0.7449633 0.5773736 0.7499498 0.5755956 0.7549363 0.5705317 0.7591636 0.5755954 0.7449633 0.5755956 0.7549363 0.2731398 0.7339054 0.2642002 0.7348973 0.2642002 0.7088366 0.2642002 0.7088366 0.2731398 0.7098285 0.2731398 0.7339054 0.2731398 0.7098285 0.2807182 0.7126531 0.2807182 0.7310807 0.2807182 0.7126531 0.285782 0.7168804 0.2807182 0.7310807 0.285782 0.7168804 0.2875601 0.7218669 0.285782 0.7268534 0.2807182 0.7310807 0.285782 0.7168804 0.285782 0.7268534 0.1694111 0.7626183 0.1594048 0.7626183 0.1594048 0.7536075 0.1694111 0.7536075 0.1594048 0.7536075 0.1594048 0.7457196 0.1694111 0.7457196 0.1594048 0.7457196 0.1594048 0.7401552 0.3711834 0.8529434 0.3662063 0.8529434 0.3662063 0.8429182 0.3662063 0.8529434 0.3612291 0.8529434 0.3612291 0.8429182 0.8257682 0.8067777 0.8257682 0.812342 0.8157619 0.812342 0.8157619 0.812342 0.8257682 0.812342 0.8257682 0.8202299 0.8157619 0.8202299 0.8257682 0.8202299 0.8257682 0.8292407 0.5451534 0.7686539 0.537575 0.7889882 0.537575 0.7659514 0.1180309 0.7438069 0.1104525 0.764141 0.1104525 0.7411041 0.5032572 0.8413361 0.5032572 0.8323306 0.5132635 0.8323306 0.5032572 0.8323306 0.5032572 0.8244581 0.5132635 0.8244581 0.5032572 0.8244581 0.5032572 0.8189166 0.5132635 0.8189166 0.1460512 0.8554254 0.1460512 0.8454002 0.1508132 0.8454002 0.1508132 0.8554254 0.1508132 0.8454002 0.1555755 0.8454002 0.5152819 0.8189167 0.5252883 0.8189166 0.5252883 0.8244581 0.5252883 0.8244581 0.5252883 0.8323307 0.5152819 0.8323307 0.5252883 0.8323307 0.5252883 0.8413361 0.5152819 0.8413361 0.537575 0.7659514 0.5286355 0.7899373 0.5286355 0.7650022 0.5286355 0.7899373 0.537575 0.7659514 0.537575 0.7889882 0.537575 0.7889882 0.5451534 0.7686539 0.5451534 0.7862855 0.5451534 0.7862855 0.5451534 0.7686539 0.5502172 0.7822409 0.5502172 0.7822409 0.5502173 0.7726987 0.5519953 0.7774696 0.5451534 0.7686539 0.5502173 0.7726987 0.5502172 0.7822409 0.1104525 0.7411041 0.1015129 0.7650902 0.1015129 0.7401552 0.1015129 0.7650902 0.1104525 0.7411041 0.1104525 0.764141 0.1104525 0.764141 0.1180309 0.7438069 0.1180309 0.7614386 0.1180309 0.7614386 0.1180309 0.7438069 0.1230947 0.7573938 0.1230947 0.7573938 0.1230947 0.7478516 0.1248728 0.7526228 0.1180309 0.7438069 0.1230947 0.7478516 0.1230947 0.7573938 0.5032572 0.8413361 0.5132635 0.8323306 0.5132635 0.8413361 0.5032572 0.8323306 0.5132635 0.8244581 0.5132635 0.8323306 0.5032572 0.8244581 0.5132635 0.8189166 0.5132635 0.8244581 0.1460512 0.8554254 0.1508132 0.8454002 0.1508132 0.8554254 0.1508132 0.8554254 0.1555755 0.8454002 0.1555755 0.8554254 0.5152819 0.8189167 0.5252883 0.8244581 0.5152819 0.8244581 0.5252883 0.8244581 0.5152819 0.8323307 0.5152819 0.8244581 0.5252883 0.8323307 0.5152819 0.8413361 0.5152819 0.8323307 0.5705317 0.7686539 0.5629532 0.7889883 0.5629532 0.7659512 0.5959098 0.7686539 0.5883315 0.7889884 0.5883315 0.7659513 0 0.8529453 0 0.8439398 0.0100063 0.8439398 0 0.8439398 0 0.8360673 0.0100063 0.8360673 0 0.8360673 0 0.8305257 0.0100063 0.8305257 0.5859842 0.8533834 0.5859842 0.8433582 0.5907464 0.8433582 0.5907464 0.8533834 0.5907464 0.8433582 0.5955086 0.8433582 0.5273066 0.8189167 0.5373129 0.8189166 0.5373129 0.8244581 0.5373129 0.8244581 0.5373129 0.8323307 0.5273066 0.8323307 0.5373129 0.8323307 0.5373129 0.8413361 0.5273066 0.8413361 0.5629532 0.7659512 0.5540137 0.7899373 0.5540136 0.7650023 0.5540137 0.7899373 0.5629532 0.7659512 0.5629532 0.7889883 0.5629532 0.7889883 0.5705317 0.7686539 0.5705317 0.7862856 0.5705317 0.7862856 0.5705317 0.7686539 0.5755954 0.7822409 0.5755954 0.7822409 0.5755956 0.7726986 0.5773736 0.7774697 0.5705317 0.7686539 0.5755956 0.7726986 0.5755954 0.7822409 0.5883315 0.7659513 0.5793919 0.7899373 0.5793919 0.7650022 0.5793919 0.7899373 0.5883315 0.7659513 0.5883315 0.7889884 0.5883315 0.7889884 0.5959098 0.7686539 0.5959098 0.7862855 0.5959098 0.7862855 0.5959098 0.7686539 0.6009737 0.782241 0.6009737 0.782241 0.6009737 0.7726987 0.6027518 0.7774698 0.5959098 0.7686539 0.6009737 0.7726987 0.6009737 0.782241 0 0.8529453 0.0100063 0.8439398 0.0100063 0.8529453 0 0.8439398 0.0100063 0.8360673 0.0100063 0.8439398 0 0.8360673 0.0100063 0.8305257 0.0100063 0.8360673 0.5859842 0.8533834 0.5907464 0.8433582 0.5907464 0.8533834 0.5907464 0.8533834 0.5955086 0.8433582 0.5955086 0.8533834 0.5273066 0.8189167 0.5373129 0.8244581 0.5273066 0.8244581 0.5373129 0.8244581 0.5273066 0.8323307 0.5273066 0.8244581 0.5373129 0.8323307 0.5273066 0.8413361 0.5273066 0.8323307 0.730767 0.7686538 0.7231886 0.7889881 0.7231886 0.7659513 0.7561452 0.7686539 0.7485668 0.7889882 0.7485668 0.7659513 0.8157619 0.8536823 0.8157619 0.8446769 0.8257682 0.8446769 0.8157619 0.8446769 0.8157619 0.8368043 0.8257682 0.8368043 0.8157619 0.8368043 0.8157619 0.8312628 0.8257682 0.8312628 0.6321969 0.8624376 0.6321969 0.8524124 0.636959 0.8524124 0.636959 0.8624376 0.636959 0.8524124 0.6417211 0.8524124 0.5393313 0.8189167 0.5493376 0.8189166 0.5493376 0.8244581 0.5493376 0.8244581 0.5493376 0.8323307 0.5393313 0.8323307 0.5493376 0.8323307 0.5493376 0.8413361 0.5393313 0.8413361 0.7231886 0.7659513 0.714249 0.7899373 0.714249 0.7650022 0.714249 0.7899373 0.7231886 0.7659513 0.7231886 0.7889881 0.7231886 0.7889881 0.730767 0.7686538 0.730767 0.7862855 0.730767 0.7862855 0.730767 0.7686538 0.7358307 0.7822409 0.7358307 0.7822409 0.7358309 0.7726987 0.7376089 0.7774696 0.730767 0.7686538 0.7358309 0.7726987 0.7358307 0.7822409 0.7485668 0.7659513 0.7396272 0.7899373 0.7396272 0.7650023 0.7396272 0.7899373 0.7485668 0.7659513 0.7485668 0.7889882 0.7485668 0.7889882 0.7561452 0.7686539 0.7561452 0.7862858 0.7561452 0.7862858 0.7561452 0.7686539 0.7612091 0.7822409 0.7612091 0.7822409 0.7612091 0.7726987 0.7629871 0.7774698 0.7561452 0.7686539 0.7612091 0.7726987 0.7612091 0.7822409 0.8157619 0.8536823 0.8257682 0.8446769 0.8257682 0.8536823 0.8157619 0.8446769 0.8257682 0.8368043 0.8257682 0.8446769 0.8157619 0.8368043 0.8257682 0.8312628 0.8257682 0.8368043 0.6321969 0.8624376 0.636959 0.8524124 0.636959 0.8624376 0.636959 0.8624376 0.6417211 0.8524124 0.6417211 0.8624376 0.5393313 0.8189167 0.5493376 0.8244581 0.5393313 0.8244581 0.5493376 0.8244581 0.5393313 0.8323307 0.5393313 0.8244581 0.5493376 0.8323307 0.5393313 0.8413361 0.5393313 0.8323307 0.01651793 0.7439716 0.008939564 0.7652239 0.008939564 0.741147 0.04189616 0.7439718 0.03431779 0.765224 0.03431779 0.7411471 0.4402671 0.8386203 0.4402671 0.8296096 0.4502734 0.8296096 0.4402671 0.8296096 0.4402671 0.8217217 0.4502734 0.8217217 0.4402671 0.8217217 0.4402671 0.8161572 0.4502734 0.8161572 0.5152819 0.8533834 0.5152819 0.8433582 0.520259 0.8433582 0.520259 0.8533834 0.520259 0.8433582 0.5252361 0.8433582 0.1594048 0.7646406 0.1694111 0.7646405 0.1694111 0.770205 0.1694111 0.770205 0.1694111 0.7780928 0.1594048 0.7780928 0.1694111 0.7780928 0.1694111 0.7871036 0.1594048 0.7871036 0.008939564 0.741147 0 0.7662158 0 0.7401552 0 0.7662158 0.008939564 0.741147 0.008939564 0.7652239 0.008939564 0.7652239 0.01651793 0.7439716 0.01651793 0.7623992 0.01651793 0.7623992 0.01651793 0.7439716 0.0215817 0.758172 0.0215817 0.758172 0.02158182 0.748199 0.02335989 0.7531854 0.01651793 0.7439716 0.02158182 0.748199 0.0215817 0.758172 0.03431779 0.7411471 0.02537822 0.7662158 0.02537822 0.7401552 0.02537822 0.7662158 0.03431779 0.7411471 0.03431779 0.765224 0.03431779 0.765224 0.04189616 0.7439718 0.04189616 0.7623993 0.04189616 0.7623993 0.04189616 0.7439718 0.04696005 0.758172 0.04696005 0.758172 0.04696005 0.7481991 0.04873812 0.7531856 0.04189616 0.7439718 0.04696005 0.7481991 0.04696005 0.758172 0.4402671 0.8386203 0.4502734 0.8296096 0.4502734 0.8386203 0.4402671 0.8296096 0.4502734 0.8217217 0.4502734 0.8296096 0.4402671 0.8217217 0.4502734 0.8161572 0.4502734 0.8217217 0.5152819 0.8533834 0.520259 0.8433582 0.520259 0.8533834 0.520259 0.8533834 0.5252361 0.8433582 0.5252361 0.8533834 0.1594048 0.7646406 0.1694111 0.770205 0.1594048 0.770205 0.1694111 0.770205 0.1594048 0.7780928 0.1594048 0.770205 0.1694111 0.7780928 0.1594048 0.7871036 0.1594048 0.7780928 0.5197752 0.7126531 0.5121968 0.7339053 0.5121967 0.7098284 0.5451534 0.7126531 0.537575 0.7339054 0.537575 0.7098284 0.4879899 0.8340947 0.4879899 0.8250839 0.4979963 0.8250839 0.4879899 0.8250839 0.4879899 0.8171961 0.4979963 0.8171961 0.4879899 0.8171961 0.4879899 0.8116316 0.4979963 0.8116316 0.3732017 0.8529434 0.3732017 0.8429182 0.3781789 0.8429182 0.3781789 0.8529434 0.3781789 0.8429182 0.383156 0.8429182 0.1594048 0.7891258 0.1694111 0.7891257 0.1694111 0.7946901 0.1694111 0.7946901 0.1694111 0.802578 0.1594048 0.802578 0.1694111 0.802578 0.1694111 0.8115888 0.1594048 0.8115888 0.5121967 0.7098284 0.5032572 0.7348973 0.5032572 0.7088366 0.5032572 0.7348973 0.5121967 0.7098284 0.5121968 0.7339053 0.5121968 0.7339053 0.5197752 0.7126531 0.5197752 0.7310807 0.5197752 0.7310807 0.5197752 0.7126531 0.5248389 0.7268534 0.5248389 0.7268534 0.5248391 0.7168804 0.5266171 0.7218669 0.5197752 0.7126531 0.5248391 0.7168804 0.5248389 0.7268534 0.537575 0.7098284 0.5286355 0.7348973 0.5286355 0.7088366 0.5286355 0.7348973 0.537575 0.7098284 0.537575 0.7339054 0.537575 0.7339054 0.5451534 0.7126531 0.5451534 0.7310808 0.5451534 0.7310808 0.5451534 0.7126531 0.5502173 0.7268535 0.5502173 0.7268535 0.5502173 0.7168805 0.5519953 0.7218669 0.5451534 0.7126531 0.5502173 0.7168805 0.5502173 0.7268535 0.4879899 0.8340947 0.4979963 0.8250839 0.4979963 0.8340947 0.4879899 0.8250839 0.4979963 0.8171961 0.4979963 0.8250839 0.4879899 0.8171961 0.4979963 0.8116316 0.4979963 0.8171961 0.3732017 0.8529434 0.3781789 0.8429182 0.3781789 0.8529434 0.3781789 0.8529434 0.383156 0.8429182 0.383156 0.8529434 0.1594048 0.7891258 0.1694111 0.7946901 0.1594048 0.7946901 0.1694111 0.7946901 0.1594048 0.802578 0.1594048 0.7946901 0.1694111 0.802578 0.1594048 0.8115888 0.1594048 0.802578 0.25534 0.795611 0.2477616 0.8159453 0.2477616 0.7929086 0.7815234 0.7394456 0.773945 0.7597797 0.773945 0.7367427 0.551356 0.8413361 0.551356 0.8323307 0.5613623 0.8323307 0.551356 0.8323307 0.551356 0.8244582 0.5613623 0.8244582 0.551356 0.8244582 0.551356 0.8189166 0.5613623 0.8189166 0.4975141 0.8535911 0.4975141 0.8636162 0.492752 0.8636162 0.492752 0.8535911 0.492752 0.8636162 0.4879899 0.8636162 0.5633806 0.8189167 0.573387 0.8189166 0.573387 0.8244581 0.573387 0.8244581 0.573387 0.8323307 0.5633806 0.8323307 0.573387 0.8323307 0.573387 0.8413361 0.5633806 0.8413361 0.2477616 0.7929086 0.238822 0.8168945 0.238822 0.7919595 0.238822 0.8168945 0.2477616 0.7929086 0.2477616 0.8159453 0.2477616 0.8159453 0.25534 0.795611 0.25534 0.8132427 0.25534 0.8132427 0.25534 0.795611 0.2604037 0.809198 0.2604037 0.809198 0.2604039 0.7996559 0.2621819 0.8044269 0.25534 0.795611 0.2604039 0.7996559 0.2604037 0.809198 0.773945 0.7367427 0.7650054 0.7607288 0.7650054 0.7357938 0.7650054 0.7607288 0.773945 0.7367427 0.773945 0.7597797 0.773945 0.7597797 0.7815234 0.7394456 0.7815234 0.7570772 0.7815234 0.7570772 0.7815234 0.7394456 0.7865873 0.7530324 0.7865873 0.7530324 0.7865873 0.7434903 0.7883653 0.7482613 0.7815234 0.7394456 0.7865873 0.7434903 0.7865873 0.7530324 0.551356 0.8413361 0.5613623 0.8323307 0.5613623 0.8413361 0.551356 0.8323307 0.5613623 0.8244582 0.5613623 0.8323307 0.551356 0.8244582 0.5613623 0.8189166 0.5613623 0.8244582 0.4975141 0.8535911 0.492752 0.8636162 0.492752 0.8535911 0.492752 0.8535911 0.4879899 0.8636162 0.4879899 0.8535911 0.5633806 0.8189167 0.573387 0.8244581 0.5633806 0.8244581 0.573387 0.8244581 0.5633806 0.8323307 0.5633806 0.8244581 0.573387 0.8323307 0.5633806 0.8413361 0.5633806 0.8323307 0.1505445 0.770696 0.1429661 0.7910301 0.1429661 0.7679932 0.1180309 0.7707641 0.1104525 0.7910984 0.1104525 0.7680615 0.4665957 0.8545982 0.4665957 0.8455927 0.476602 0.8455927 0.4665957 0.8455927 0.4665957 0.8377202 0.476602 0.8377202 0.4665957 0.8377202 0.4665957 0.8321787 0.476602 0.8321787 0.5724231 0.8433582 0.5724231 0.8533833 0.5676609 0.8533833 0.5676609 0.8433582 0.5676609 0.8533833 0.5628987 0.8533833 0.5754053 0.8189167 0.5854116 0.8189166 0.5854116 0.8244581 0.5854116 0.8244581 0.5854116 0.8323307 0.5754053 0.8323307 0.5854116 0.8323307 0.5854116 0.8413361 0.5754053 0.8413361 0.1429661 0.7679932 0.1340265 0.7919793 0.1340265 0.7670443 0.1340265 0.7919793 0.1429661 0.7679932 0.1429661 0.7910301 0.1429661 0.7910301 0.1505445 0.770696 0.1505445 0.7883276 0.1505445 0.7883276 0.1505445 0.770696 0.1556082 0.7842829 0.1556082 0.7842829 0.1556084 0.7747405 0.1573864 0.7795118 0.1505445 0.770696 0.1556084 0.7747405 0.1556082 0.7842829 0.1104525 0.7680615 0.1015129 0.7920474 0.1015129 0.7671124 0.1015129 0.7920474 0.1104525 0.7680615 0.1104525 0.7910984 0.1104525 0.7910984 0.1180309 0.7707641 0.1180309 0.7883957 0.1180309 0.7883957 0.1180309 0.7707641 0.1230947 0.7843511 0.1230947 0.7843511 0.1230947 0.7748088 0.1248728 0.7795799 0.1180309 0.7707641 0.1230947 0.7748088 0.1230947 0.7843511 0.4665957 0.8545982 0.476602 0.8455927 0.476602 0.8545982 0.4665957 0.8455927 0.476602 0.8377202 0.476602 0.8455927 0.4665957 0.8377202 0.476602 0.8321787 0.476602 0.8377202 0.5724231 0.8433582 0.5676609 0.8533833 0.5676609 0.8433582 0.5676609 0.8433582 0.5628987 0.8533833 0.5628987 0.8433582 0.5754053 0.8189167 0.5854116 0.8244581 0.5754053 0.8244581 0.5854116 0.8244581 0.5754053 0.8323307 0.5754053 0.8244581 0.5854116 0.8323307 0.5754053 0.8413361 0.5754053 0.8323307 0.7815234 0.7664025 0.773945 0.7867368 0.773945 0.7637 0.25534 0.7686539 0.2477616 0.7889882 0.2477616 0.7659513 0.8311275 0.8545983 0.8311275 0.8455928 0.8411338 0.8455928 0.8311275 0.8455928 0.8311275 0.8377203 0.8411338 0.8377203 0.8311275 0.8377203 0.8311275 0.8321787 0.8411338 0.8321787 0.5839658 0.8433582 0.5839658 0.8533833 0.5792036 0.8533833 0.5792036 0.8433582 0.5792036 0.8533833 0.5744414 0.8533833 0.58743 0.8189167 0.5974363 0.8189166 0.5974363 0.8244581 0.5974363 0.8244581 0.5974363 0.8323307 0.58743 0.8323307 0.5974363 0.8323307 0.5974363 0.8413361 0.58743 0.8413361 0.773945 0.7637 0.7650055 0.787686 0.7650055 0.7627509 0.7650055 0.787686 0.773945 0.7637 0.773945 0.7867368 0.773945 0.7867368 0.7815234 0.7664025 0.7815234 0.7840343 0.7815234 0.7840343 0.7815234 0.7664025 0.7865872 0.7799896 0.7865872 0.7799896 0.7865873 0.7704472 0.7883654 0.7752184 0.7815234 0.7664025 0.7865873 0.7704472 0.7865872 0.7799896 0.2477616 0.7659513 0.238822 0.7899373 0.238822 0.7650023 0.238822 0.7899373 0.2477616 0.7659513 0.2477616 0.7889882 0.2477616 0.7889882 0.25534 0.7686539 0.25534 0.7862858 0.25534 0.7862858 0.25534 0.7686539 0.2604039 0.7822411 0.2604039 0.7822411 0.2604039 0.7726987 0.2621819 0.7774698 0.25534 0.7686539 0.2604039 0.7726987 0.2604039 0.7822411 0.8311275 0.8545983 0.8411338 0.8455928 0.8411338 0.8545983 0.8311275 0.8455928 0.8411338 0.8377203 0.8411338 0.8455928 0.8311275 0.8377203 0.8411338 0.8321787 0.8411338 0.8377203 0.5839658 0.8433582 0.5792036 0.8533833 0.5792036 0.8433582 0.5792036 0.8433582 0.5744414 0.8533833 0.5744414 0.8433582 0.58743 0.8189167 0.5974363 0.8244581 0.58743 0.8244581 0.5974363 0.8244581 0.58743 0.8323307 0.58743 0.8244581 0.5974363 0.8323307 0.58743 0.8413361 0.58743 0.8323307 0.6896949 0.6795033 0.6821165 0.7007555 0.6821165 0.6766787 0.1505445 0.6866124 0.1429661 0.7078646 0.1429661 0.6837877 0.01756441 0.8353236 0.01756441 0.8263128 0.02757078 0.8263128 0.01756441 0.8263128 0.01756441 0.8184249 0.02757078 0.8184249 0.01756441 0.8184249 0.01756441 0.8128604 0.02757078 0.8128604 0.8096315 0.8411505 0.8096315 0.8511757 0.8046544 0.8511757 0.8046544 0.8411505 0.8046544 0.8511757 0.7996772 0.8511757 0.4522917 0.8161574 0.4622981 0.8161572 0.4622981 0.8217217 0.4622981 0.8217217 0.4622981 0.8296096 0.4522917 0.8296096 0.4622981 0.8296096 0.4622981 0.8386203 0.4522917 0.8386203 0.6821165 0.6766787 0.673177 0.7017475 0.673177 0.6756868 0.673177 0.7017475 0.6821165 0.6766787 0.6821165 0.7007555 0.6821165 0.7007555 0.6896949 0.6795033 0.6896949 0.6979309 0.6896949 0.6979309 0.6896949 0.6795033 0.6947587 0.6937037 0.6947587 0.6937037 0.6947588 0.6837306 0.6965368 0.6887171 0.6896949 0.6795033 0.6947588 0.6837306 0.6947587 0.6937037 0.1429661 0.6837877 0.1340265 0.7088565 0.1340265 0.6827958 0.1340265 0.7088565 0.1429661 0.6837877 0.1429661 0.7078646 0.1429661 0.7078646 0.1505445 0.6866124 0.1505445 0.70504 0.1505445 0.70504 0.1505445 0.6866124 0.1556084 0.7008127 0.1556084 0.7008127 0.1556084 0.6908396 0.1573864 0.6958262 0.1505445 0.6866124 0.1556084 0.6908396 0.1556084 0.7008127 0.01756441 0.8353236 0.02757078 0.8263128 0.02757078 0.8353236 0.01756441 0.8263128 0.02757078 0.8184249 0.02757078 0.8263128 0.01756441 0.8184249 0.02757078 0.8128604 0.02757078 0.8184249 0.8096315 0.8411505 0.8046544 0.8511757 0.8046544 0.8411505 0.8046544 0.8411505 0.7996772 0.8511757 0.7996772 0.8411505 0.4522917 0.8161574 0.4622981 0.8217217 0.4522917 0.8217217 0.4622981 0.8217217 0.4522917 0.8296096 0.4522917 0.8217217 0.4622981 0.8296096 0.4522917 0.8386203 0.4522917 0.8296096 0.4207111 0.7379765 0.4131326 0.7592288 0.4131326 0.735152 0.4460893 0.7379765 0.4385109 0.7592288 0.4385109 0.7351518 0.02958911 0.8353235 0.02958911 0.8263127 0.03959542 0.8263127 0.02958911 0.8263127 0.02958911 0.8184248 0.03959542 0.8184248 0.02958911 0.8184248 0.02958911 0.8128604 0.03959542 0.8128604 0.1290317 0.8429964 0.1290317 0.8530215 0.1240546 0.8530215 0.1240546 0.8429964 0.1240546 0.8530215 0.1190774 0.8530215 0.7650055 0.8166654 0.7750118 0.8166653 0.7750118 0.8222298 0.7750118 0.8222298 0.7750118 0.8301177 0.7650055 0.8301177 0.7750118 0.8301177 0.7750118 0.8391284 0.7650055 0.8391284 0.4131326 0.735152 0.4041931 0.7602207 0.4041931 0.73416 0.4041931 0.7602207 0.4131326 0.735152 0.4131326 0.7592288 0.4131326 0.7592288 0.4207111 0.7379765 0.4207111 0.7564042 0.4207111 0.7564042 0.4207111 0.7379765 0.4257748 0.7521769 0.4257748 0.7521769 0.4257749 0.7422038 0.4275529 0.7471904 0.4207111 0.7379765 0.4257749 0.7422038 0.4257748 0.7521769 0.4385109 0.7351518 0.4295713 0.7602207 0.4295713 0.73416 0.4295713 0.7602207 0.4385109 0.7351518 0.4385109 0.7592288 0.4385109 0.7592288 0.4460893 0.7379765 0.4460893 0.7564042 0.4460893 0.7564042 0.4460893 0.7379765 0.4511532 0.7521769 0.4511532 0.7521769 0.4511532 0.7422038 0.4529312 0.7471903 0.4460893 0.7379765 0.4511532 0.7422038 0.4511532 0.7521769 0.02958911 0.8353235 0.03959542 0.8263127 0.03959542 0.8353235 0.02958911 0.8263127 0.03959542 0.8184248 0.03959542 0.8263127 0.02958911 0.8184248 0.03959542 0.8128604 0.03959542 0.8184248 0.1290317 0.8429964 0.1240546 0.8530215 0.1240546 0.8429964 0.1240546 0.8429964 0.1190774 0.8530215 0.1190774 0.8429964 0.7650055 0.8166654 0.7750118 0.8222298 0.7650055 0.8222298 0.7750118 0.8222298 0.7650055 0.8301177 0.7650055 0.8222298 0.7750118 0.8301177 0.7650055 0.8391284 0.7650055 0.8301177 0.8069016 0.7570772 0.7993233 0.7597798 0.7993233 0.7367429 0.8069016 0.7840343 0.7993233 0.786737 0.7993233 0.7637 0.8531584 0.8545982 0.8431521 0.8455927 0.8531584 0.8455927 0.8531584 0.8455927 0.8431521 0.8377203 0.8531584 0.8377203 0.8531584 0.8377203 0.8431521 0.8321787 0.8531584 0.8321787 0.1340265 0.8454002 0.1387887 0.8554254 0.1340265 0.8554254 0.1387887 0.8454002 0.1435509 0.8554254 0.1387887 0.8554254 0.3592109 0.8184767 0.3492045 0.8240181 0.3492045 0.8184766 0.3492045 0.8240181 0.3592109 0.8318907 0.3492045 0.8318907 0.3492045 0.8318907 0.3592109 0.8408961 0.3492045 0.8408961 0.7993233 0.7597798 0.7903837 0.7607288 0.7903837 0.7357938 0.7903837 0.7357938 0.7993233 0.7367429 0.7993233 0.7597798 0.7993233 0.7367429 0.8069016 0.7394455 0.8069016 0.7570772 0.8069016 0.7394455 0.8119654 0.7434902 0.8069016 0.7570772 0.8119654 0.7434902 0.8137436 0.7482613 0.8119655 0.7530324 0.8069016 0.7570772 0.8119654 0.7434902 0.8119655 0.7530324 0.7993233 0.786737 0.7903837 0.787686 0.7903837 0.7627509 0.7903837 0.7627509 0.7993233 0.7637 0.7993233 0.786737 0.7993233 0.7637 0.8069016 0.7664026 0.8069016 0.7840343 0.8069016 0.7664026 0.8119655 0.7704473 0.8069016 0.7840343 0.8119655 0.7704473 0.8137436 0.7752184 0.8119655 0.7799896 0.8069016 0.7840343 0.8119655 0.7704473 0.8119655 0.7799896 0.8531584 0.8545982 0.8431521 0.8545982 0.8431521 0.8455927 0.8531584 0.8455927 0.8431521 0.8455927 0.8431521 0.8377203 0.8531584 0.8377203 0.8431521 0.8377203 0.8431521 0.8321787 0.1340265 0.8454002 0.1387887 0.8454002 0.1387887 0.8554254 0.1387887 0.8454002 0.1435509 0.8454002 0.1435509 0.8554254 0.3592109 0.8184767 0.3592109 0.8240181 0.3492045 0.8240181 0.3492045 0.8240181 0.3592109 0.8240181 0.3592109 0.8318907 0.3492045 0.8318907 0.3592109 0.8318907 0.3592109 0.8408961 0.5197752 0.7591637 0.5121968 0.7619882 0.5121968 0.7379114 0.5451534 0.7591636 0.537575 0.7619883 0.537575 0.7379114 0.7870365 0.8391284 0.7770302 0.8301177 0.7870365 0.8301177 0.7870365 0.8301177 0.7770302 0.8222298 0.7870365 0.8222298 0.7870365 0.8222298 0.7770302 0.8166653 0.7870365 0.8166653 0.2868686 0.8433582 0.2918457 0.8533833 0.2868686 0.8533833 0.2918457 0.8433582 0.2968229 0.8533833 0.2918457 0.8533833 0.05162012 0.8128605 0.04161375 0.8184248 0.04161375 0.8128604 0.04161375 0.8184248 0.05162012 0.8263127 0.04161375 0.8263127 0.04161375 0.8263127 0.05162012 0.8353235 0.04161375 0.8353235 0.5121968 0.7619882 0.5032572 0.7629801 0.5032572 0.7369194 0.5032572 0.7369194 0.5121968 0.7379114 0.5121968 0.7619882 0.5121968 0.7379114 0.5197752 0.740736 0.5197752 0.7591637 0.5197752 0.740736 0.5248389 0.7449633 0.5197752 0.7591637 0.5248389 0.7449633 0.5266171 0.7499498 0.5248391 0.7549363 0.5197752 0.7591637 0.5248389 0.7449633 0.5248391 0.7549363 0.537575 0.7619883 0.5286355 0.7629801 0.5286355 0.7369194 0.5286355 0.7369194 0.537575 0.7379114 0.537575 0.7619883 0.537575 0.7379114 0.5451534 0.7407359 0.5451534 0.7591636 0.5451534 0.7407359 0.5502173 0.7449632 0.5451534 0.7591636 0.5502173 0.7449632 0.5519953 0.7499497 0.5502173 0.7549363 0.5451534 0.7591636 0.5502173 0.7449632 0.5502173 0.7549363 0.7870365 0.8391284 0.7770302 0.8391284 0.7770302 0.8301177 0.7870365 0.8301177 0.7770302 0.8301177 0.7770302 0.8222298 0.7870365 0.8222298 0.7770302 0.8222298 0.7770302 0.8166653 0.2868686 0.8433582 0.2918457 0.8433582 0.2918457 0.8533833 0.2918457 0.8433582 0.2968229 0.8433582 0.2968229 0.8533833 0.05162012 0.8128605 0.05162012 0.8184248 0.04161375 0.8184248 0.04161375 0.8184248 0.05162012 0.8184248 0.05162012 0.8263127 0.04161375 0.8263127 0.05162012 0.8263127 0.05162012 0.8353235 0.25534 0.7310808 0.2477616 0.7339054 0.2477616 0.7098285 0.4207111 0.7283213 0.4131326 0.731146 0.4131326 0.707069 0.7990612 0.8391284 0.7890549 0.8301176 0.7990612 0.8301176 0.7990612 0.8301176 0.7890549 0.8222297 0.7990612 0.8222297 0.7990612 0.8222297 0.7890549 0.8166652 0.7990612 0.8166652 0.2245021 0.8432056 0.2294792 0.8532308 0.2245021 0.8532308 0.2294792 0.8432056 0.2344564 0.8532308 0.2294792 0.8532308 0.06364476 0.8128606 0.05363845 0.8184249 0.05363845 0.8128604 0.05363845 0.8184249 0.06364476 0.8263128 0.05363845 0.8263128 0.05363845 0.8263128 0.06364476 0.8353236 0.05363845 0.8353236 0.2477616 0.7339054 0.238822 0.7348973 0.238822 0.7088366 0.238822 0.7088366 0.2477616 0.7098285 0.2477616 0.7339054 0.2477616 0.7098285 0.25534 0.7126531 0.25534 0.7310808 0.25534 0.7126531 0.2604037 0.7168804 0.25534 0.7310808 0.2604037 0.7168804 0.2621819 0.7218669 0.2604039 0.7268534 0.25534 0.7310808 0.2604037 0.7168804 0.2604039 0.7268534 0.4131326 0.731146 0.4041931 0.7321379 0.4041931 0.7060771 0.4041931 0.7060771 0.4131326 0.707069 0.4131326 0.731146 0.4131326 0.707069 0.4207111 0.7098937 0.4207111 0.7283213 0.4207111 0.7098937 0.4257749 0.714121 0.4207111 0.7283213 0.4257749 0.714121 0.4275529 0.7191075 0.4257749 0.724094 0.4207111 0.7283213 0.4257749 0.714121 0.4257749 0.724094 0.7990612 0.8391284 0.7890549 0.8391284 0.7890549 0.8301176 0.7990612 0.8301176 0.7890549 0.8301176 0.7890549 0.8222297 0.7990612 0.8222297 0.7890549 0.8222297 0.7890549 0.8166652 0.2245021 0.8432056 0.2294792 0.8432056 0.2294792 0.8532308 0.2294792 0.8432056 0.2344564 0.8432056 0.2344564 0.8532308 0.06364476 0.8128606 0.06364476 0.8184249 0.05363845 0.8184249 0.05363845 0.8184249 0.06364476 0.8184249 0.06364476 0.8263128 0.05363845 0.8263128 0.06364476 0.8263128 0.06364476 0.8353236 0.7561452 0.795611 0.7485668 0.8159453 0.7485668 0.7929084 0.1505445 0.7976533 0.1429661 0.8179875 0.1429661 0.7949504 0.714249 0.841336 0.714249 0.8323306 0.7242553 0.8323306 0.714249 0.8323306 0.714249 0.8244581 0.7242553 0.8244581 0.714249 0.8244581 0.714249 0.8189165 0.7242553 0.8189165 0.7972288 0.8531978 0.7972288 0.863223 0.7924668 0.863223 0.7924668 0.8531978 0.7924668 0.863223 0.7877046 0.863223 0.7262737 0.8189166 0.73628 0.8189165 0.73628 0.8244581 0.73628 0.8244581 0.73628 0.8323306 0.7262737 0.8323306 0.73628 0.8323306 0.73628 0.841336 0.7262737 0.841336 0.7485668 0.7929084 0.7396273 0.8168944 0.7396273 0.7919594 0.7396273 0.8168944 0.7485668 0.7929084 0.7485668 0.8159453 0.7485668 0.8159453 0.7561452 0.795611 0.7561452 0.8132426 0.7561452 0.8132426 0.7561452 0.795611 0.761209 0.8091979 0.761209 0.8091979 0.7612091 0.7996558 0.7629871 0.8044268 0.7561452 0.795611 0.7612091 0.7996558 0.761209 0.8091979 0.1429661 0.7949504 0.1340265 0.8189364 0.1340265 0.7940015 0.1340265 0.8189364 0.1429661 0.7949504 0.1429661 0.8179875 0.1429661 0.8179875 0.1505445 0.7976533 0.1505445 0.8152849 0.1505445 0.8152849 0.1505445 0.7976533 0.1556084 0.8112401 0.1556084 0.8112401 0.1556084 0.801698 0.1573864 0.8064691 0.1505445 0.7976533 0.1556084 0.801698 0.1556084 0.8112401 0.714249 0.841336 0.7242553 0.8323306 0.7242553 0.841336 0.714249 0.8323306 0.7242553 0.8244581 0.7242553 0.8323306 0.714249 0.8244581 0.7242553 0.8189165 0.7242553 0.8244581 0.7972288 0.8531978 0.7924668 0.863223 0.7924668 0.8531978 0.7924668 0.8531978 0.7877046 0.863223 0.7877046 0.8531978 0.7262737 0.8189166 0.73628 0.8244581 0.7262737 0.8244581 0.73628 0.8244581 0.7262737 0.8323306 0.7262737 0.8244581 0.73628 0.8323306 0.7262737 0.841336 0.7262737 0.8323306 0.5705317 0.7956112 0.5629532 0.8159454 0.5629532 0.7929084 0.2807182 0.7956112 0.2731398 0.8159455 0.2731398 0.7929085 0.7382983 0.841336 0.7382983 0.8323306 0.7483047 0.8323306 0.7382983 0.8323306 0.7382983 0.8244581 0.7483047 0.8244581 0.7382983 0.8244581 0.7382983 0.8189165 0.7483047 0.8189165 0.7478227 0.843358 0.7478227 0.8533833 0.7430605 0.8533833 0.7430605 0.843358 0.7430605 0.8533833 0.7382983 0.8533833 0.3012246 0.8349382 0.311231 0.8349381 0.311231 0.8404796 0.311231 0.8404796 0.311231 0.8483521 0.3012246 0.8483521 0.311231 0.8483521 0.311231 0.8573576 0.3012246 0.8573576 0.5629532 0.7929084 0.5540137 0.8168945 0.5540137 0.7919595 0.5540137 0.8168945 0.5629532 0.7929084 0.5629532 0.8159454 0.5629532 0.8159454 0.5705317 0.7956112 0.5705317 0.8132428 0.5705317 0.8132428 0.5705317 0.7956112 0.5755954 0.8091981 0.5755954 0.8091981 0.5755956 0.7996558 0.5773736 0.8044269 0.5705317 0.7956112 0.5755956 0.7996558 0.5755954 0.8091981 0.2731398 0.7929085 0.2642002 0.8168945 0.2642002 0.7919595 0.2642002 0.8168945 0.2731398 0.7929085 0.2731398 0.8159455 0.2731398 0.8159455 0.2807182 0.7956112 0.2807182 0.8132428 0.2807182 0.8132428 0.2807182 0.7956112 0.285782 0.8091982 0.285782 0.8091982 0.285782 0.7996559 0.2875602 0.804427 0.2807182 0.7956112 0.285782 0.7996559 0.285782 0.8091982 0.7382983 0.841336 0.7483047 0.8323306 0.7483047 0.841336 0.7382983 0.8323306 0.7483047 0.8244581 0.7483047 0.8323306 0.7382983 0.8244581 0.7483047 0.8189165 0.7483047 0.8244581 0.7478227 0.843358 0.7430605 0.8533833 0.7430605 0.843358 0.7430605 0.843358 0.7382983 0.8533833 0.7382983 0.843358 0.3012246 0.8349382 0.311231 0.8404796 0.3012246 0.8404796 0.311231 0.8404796 0.3012246 0.8483521 0.3012246 0.8404796 0.311231 0.8483521 0.3012246 0.8573576 0.3012246 0.8483521 0.8069017 0.7933598 0.7993233 0.8136941 0.7993233 0.7906572 0.3536978 0.7951711 0.3461194 0.8155054 0.3461194 0.7924684 0.750323 0.841336 0.750323 0.8323306 0.7603294 0.8323306 0.750323 0.8323306 0.750323 0.8244581 0.7603294 0.8244581 0.750323 0.8244581 0.750323 0.8189165 0.7603294 0.8189165 0.6142945 0.8438293 0.6142945 0.8538545 0.6095324 0.8538545 0.6095324 0.8438293 0.6095324 0.8538545 0.6047702 0.8538545 0.6047702 0.8193879 0.6147766 0.8193877 0.6147766 0.8249292 0.6147766 0.8249292 0.6147766 0.8328018 0.6047702 0.8328018 0.6147766 0.8328018 0.6147766 0.8418072 0.6047702 0.8418072 0.7993233 0.7906572 0.7903837 0.8146432 0.7903837 0.7897081 0.7903837 0.8146432 0.7993233 0.7906572 0.7993233 0.8136941 0.7993233 0.8136941 0.8069017 0.7933598 0.8069017 0.8109915 0.8069017 0.8109915 0.8069017 0.7933598 0.8119654 0.8069468 0.8119654 0.8069468 0.8119655 0.7974045 0.8137436 0.8021757 0.8069017 0.7933598 0.8119655 0.7974045 0.8119654 0.8069468 0.3461194 0.7924684 0.3371798 0.8164544 0.3371798 0.7915194 0.3371798 0.8164544 0.3461194 0.7924684 0.3461194 0.8155054 0.3461194 0.8155054 0.3536978 0.7951711 0.3536978 0.8128028 0.3536978 0.8128028 0.3536978 0.7951711 0.3587616 0.808758 0.3587616 0.808758 0.3587616 0.7992158 0.3605397 0.8039869 0.3536978 0.7951711 0.3587616 0.7992158 0.3587616 0.808758 0.750323 0.841336 0.7603294 0.8323306 0.7603294 0.841336 0.750323 0.8323306 0.7603294 0.8244581 0.7603294 0.8323306 0.750323 0.8244581 0.7603294 0.8189165 0.7603294 0.8244581 0.6142945 0.8438293 0.6095324 0.8538545 0.6095324 0.8438293 0.6095324 0.8438293 0.6047702 0.8538545 0.6047702 0.8438293 0.6047702 0.8193879 0.6147766 0.8249292 0.6047702 0.8249292 0.6147766 0.8249292 0.6047702 0.8328018 0.6047702 0.8249292 0.6147766 0.8328018 0.6047702 0.8418072 0.6047702 0.8328018 0.7561452 0.7407358 0.7485668 0.7619881 0.7485668 0.7379113 0.1505445 0.742778 0.1429661 0.7640302 0.1429661 0.7399533 0.06566309 0.8353235 0.06566309 0.8263128 0.07566946 0.8263128 0.06566309 0.8263128 0.06566309 0.8184249 0.07566946 0.8184249 0.06566309 0.8184249 0.06566309 0.8128604 0.07566946 0.8128604 0.5132115 0.8433582 0.5132115 0.8533833 0.5082344 0.8533833 0.5082344 0.8433582 0.5082344 0.8533833 0.5032573 0.8533833 0.1594048 0.813611 0.1694111 0.8136109 0.1694111 0.8191754 0.1694111 0.8191754 0.1694111 0.8270632 0.1594048 0.8270632 0.1694111 0.8270632 0.1694111 0.836074 0.1594048 0.836074 0.7485668 0.7379113 0.7396273 0.7629801 0.7396272 0.7369194 0.7396273 0.7629801 0.7485668 0.7379113 0.7485668 0.7619881 0.7485668 0.7619881 0.7561452 0.7407358 0.7561452 0.7591634 0.7561452 0.7591634 0.7561452 0.7407358 0.761209 0.7549362 0.761209 0.7549362 0.7612091 0.7449632 0.7629871 0.7499496 0.7561452 0.7407358 0.7612091 0.7449632 0.761209 0.7549362 0.1429661 0.7399533 0.1340265 0.7650221 0.1340265 0.7389614 0.1340265 0.7650221 0.1429661 0.7399533 0.1429661 0.7640302 0.1429661 0.7640302 0.1505445 0.742778 0.1505445 0.7612056 0.1505445 0.7612056 0.1505445 0.742778 0.1556084 0.7569783 0.1556084 0.7569783 0.1556084 0.7470053 0.1573864 0.7519918 0.1505445 0.742778 0.1556084 0.7470053 0.1556084 0.7569783 0.06566309 0.8353235 0.07566946 0.8263128 0.07566946 0.8353235 0.06566309 0.8263128 0.07566946 0.8184249 0.07566946 0.8263128 0.06566309 0.8184249 0.07566946 0.8128604 0.07566946 0.8184249 0.5132115 0.8433582 0.5082344 0.8533833 0.5082344 0.8433582 0.5082344 0.8433582 0.5032573 0.8533833 0.5032573 0.8433582 0.1594048 0.813611 0.1694111 0.8191754 0.1594048 0.8191754 0.1694111 0.8191754 0.1594048 0.8270632 0.1594048 0.8191754 0.1694111 0.8270632 0.1594048 0.836074 0.1594048 0.8270632 0.5705317 0.7126531 0.5629532 0.7339054 0.5629532 0.7098285 0.5959098 0.740736 0.5883315 0.7619883 0.5883315 0.7379113 0.3879362 0.8139825 0.3879362 0.8049717 0.3979426 0.8049717 0.3879362 0.8049717 0.3879362 0.7970839 0.3979426 0.7970839 0.3879362 0.7970839 0.3879362 0.7915194 0.3979426 0.7915194 0.2487763 0.8433582 0.2487763 0.8533833 0.2437992 0.8533833 0.2437992 0.8433582 0.2437992 0.8533833 0.238822 0.8533833 0.673177 0.8138498 0.6831833 0.8138497 0.6831833 0.8194141 0.6831833 0.8194141 0.6831833 0.827302 0.673177 0.827302 0.6831833 0.827302 0.6831833 0.8363128 0.673177 0.8363128 0.5629532 0.7098285 0.5540137 0.7348973 0.5540137 0.7088366 0.5540137 0.7348973 0.5629532 0.7098285 0.5629532 0.7339054 0.5629532 0.7339054 0.5705317 0.7126531 0.5705317 0.7310807 0.5705317 0.7310807 0.5705317 0.7126531 0.5755954 0.7268535 0.5755954 0.7268535 0.5755956 0.7168805 0.5773736 0.7218669 0.5705317 0.7126531 0.5755956 0.7168805 0.5755954 0.7268535 0.5883315 0.7379113 0.5793919 0.7629801 0.5793919 0.7369194 0.5793919 0.7629801 0.5883315 0.7379113 0.5883315 0.7619883 0.5883315 0.7619883 0.5959098 0.740736 0.5959098 0.7591636 0.5959098 0.7591636 0.5959098 0.740736 0.6009737 0.7549363 0.6009737 0.7549363 0.6009737 0.7449633 0.6027518 0.7499498 0.5959098 0.740736 0.6009737 0.7449633 0.6009737 0.7549363 0.3879362 0.8139825 0.3979426 0.8049717 0.3979426 0.8139825 0.3879362 0.8049717 0.3979426 0.7970839 0.3979426 0.8049717 0.3879362 0.7970839 0.3979426 0.7915194 0.3979426 0.7970839 0.2487763 0.8433582 0.2437992 0.8533833 0.2437992 0.8433582 0.2437992 0.8433582 0.238822 0.8533833 0.238822 0.8433582 0.673177 0.8138498 0.6831833 0.8194141 0.673177 0.8194141 0.6831833 0.8194141 0.673177 0.827302 0.673177 0.8194141 0.6831833 0.827302 0.673177 0.8363128 0.673177 0.827302 0.6896949 0.7812187 0.6821165 0.7839211 0.6821165 0.7608844 0.01651793 0.7895213 0.008939564 0.7922241 0.008939564 0.7691872 0.0978285 0.8420999 0.08782219 0.8330944 0.0978285 0.8330944 0.0978285 0.8330944 0.08782219 0.8252219 0.0978285 0.8252219 0.0978285 0.8252219 0.08782219 0.8196804 0.0978285 0.8196804 0.6972262 0.8487981 0.7019883 0.8588232 0.6972262 0.8588232 0.7019883 0.8487981 0.7067505 0.8588232 0.7019883 0.8588232 0.1440329 0.8209587 0.1340265 0.8265002 0.1340265 0.8209586 0.1340265 0.8265002 0.1440329 0.8343727 0.1340265 0.8343727 0.1340265 0.8343727 0.1440329 0.8433781 0.1340265 0.8433781 0.6821165 0.7839211 0.673177 0.7848703 0.673177 0.7599353 0.673177 0.7599353 0.6821165 0.7608844 0.6821165 0.7839211 0.6821165 0.7608844 0.6896949 0.763587 0.6896949 0.7812187 0.6896949 0.763587 0.6947587 0.7676317 0.6896949 0.7812187 0.6947587 0.7676317 0.6965368 0.7724029 0.6947588 0.7771739 0.6896949 0.7812187 0.6947587 0.7676317 0.6947588 0.7771739 0.008939564 0.7922241 0 0.793173 0 0.768238 0 0.768238 0.008939564 0.7691872 0.008939564 0.7922241 0.008939564 0.7691872 0.01651793 0.7718896 0.01651793 0.7895213 0.01651793 0.7718896 0.02158182 0.7759344 0.01651793 0.7895213 0.02158182 0.7759344 0.02335989 0.7807054 0.02158182 0.7854766 0.01651793 0.7895213 0.02158182 0.7759344 0.02158182 0.7854766 0.0978285 0.8420999 0.08782219 0.8420999 0.08782219 0.8330944 0.0978285 0.8330944 0.08782219 0.8330944 0.08782219 0.8252219 0.0978285 0.8252219 0.08782219 0.8252219 0.08782219 0.8196804 0.6972262 0.8487981 0.7019883 0.8487981 0.7019883 0.8588232 0.7019883 0.8487981 0.7067505 0.8487981 0.7067505 0.8588232 0.1440329 0.8209587 0.1440329 0.8265002 0.1340265 0.8265002 0.1340265 0.8265002 0.1440329 0.8265002 0.1440329 0.8343727 0.1340265 0.8343727 0.1440329 0.8343727 0.1440329 0.8433781 0.04189616 0.7895213 0.03431779 0.7922241 0.03431779 0.769187 0.06727439 0.7895213 0.05969601 0.7922239 0.05969601 0.7691869 0.3232557 0.8573576 0.3132493 0.8483522 0.3232557 0.8483522 0.3232557 0.8483522 0.3132493 0.8404797 0.3232557 0.8404797 0.3232557 0.8404797 0.3132493 0.8349381 0.3232557 0.8349381 0.714249 0.843358 0.7190111 0.8533833 0.714249 0.8533833 0.7190111 0.843358 0.7237733 0.8533833 0.7190111 0.8533833 0.1560575 0.8209587 0.1460512 0.8265002 0.1460512 0.8209586 0.1460512 0.8265002 0.1560575 0.8343727 0.1460512 0.8343727 0.1460512 0.8343727 0.1560575 0.8433781 0.1460512 0.8433781 0.03431779 0.7922241 0.02537822 0.793173 0.02537822 0.7682379 0.02537822 0.7682379 0.03431779 0.769187 0.03431779 0.7922241 0.03431779 0.769187 0.04189616 0.7718896 0.04189616 0.7895213 0.04189616 0.7718896 0.04695993 0.7759343 0.04189616 0.7895213 0.04695993 0.7759343 0.04873812 0.7807055 0.04696005 0.7854767 0.04189616 0.7895213 0.04695993 0.7759343 0.04696005 0.7854767 0.05969601 0.7922239 0.05075645 0.793173 0.05075645 0.7682379 0.05075645 0.7682379 0.05969601 0.7691869 0.05969601 0.7922239 0.05969601 0.7691869 0.06727439 0.7718896 0.06727439 0.7895213 0.06727439 0.7718896 0.07233828 0.7759342 0.06727439 0.7895213 0.07233828 0.7759342 0.07411634 0.7807053 0.07233828 0.7854766 0.06727439 0.7895213 0.07233828 0.7759342 0.07233828 0.7854766 0.3232557 0.8573576 0.3132493 0.8573576 0.3132493 0.8483522 0.3232557 0.8483522 0.3132493 0.8483522 0.3132493 0.8404797 0.3232557 0.8404797 0.3132493 0.8404797 0.3132493 0.8349381 0.714249 0.843358 0.7190111 0.843358 0.7190111 0.8533833 0.7190111 0.843358 0.7237733 0.843358 0.7237733 0.8533833 0.1560575 0.8209587 0.1560575 0.8265002 0.1460512 0.8265002 0.1460512 0.8265002 0.1560575 0.8265002 0.1560575 0.8343727 0.1460512 0.8343727 0.1560575 0.8343727 0.1560575 0.8433781 0.09265261 0.7895215 0.08507424 0.7922239 0.08507424 0.7691872 0.6896949 0.8081757 0.6821165 0.8108784 0.6821165 0.7878414 0.6301785 0.8573576 0.6201722 0.8483522 0.6301785 0.8483522 0.6301785 0.8483522 0.6201722 0.8404797 0.6301785 0.8404797 0.6301785 0.8404797 0.6201722 0.8349381 0.6301785 0.8349381 0.6437395 0.8524124 0.6485016 0.8624376 0.6437395 0.8624376 0.6485016 0.8524124 0.6532638 0.8624376 0.6485016 0.8624376 0.1115192 0.8294004 0.1015129 0.8349418 0.1015129 0.8294002 0.1015129 0.8349418 0.1115192 0.8428143 0.1015129 0.8428143 0.1015129 0.8428143 0.1115192 0.8518197 0.1015129 0.8518197 0.08507424 0.7922239 0.07613468 0.793173 0.07613468 0.768238 0.07613468 0.768238 0.08507424 0.7691872 0.08507424 0.7922239 0.08507424 0.7691872 0.09265261 0.7718896 0.09265261 0.7895215 0.09265261 0.7718896 0.09771639 0.7759343 0.09265261 0.7895215 0.09771639 0.7759343 0.09949457 0.7807056 0.09771651 0.7854766 0.09265261 0.7895215 0.09771639 0.7759343 0.09771651 0.7854766 0.6821165 0.8108784 0.673177 0.8118274 0.6731769 0.7868924 0.6731769 0.7868924 0.6821165 0.7878414 0.6821165 0.8108784 0.6821165 0.7878414 0.6896949 0.7905439 0.6896949 0.8081757 0.6896949 0.7905439 0.6947588 0.7945888 0.6896949 0.8081757 0.6947588 0.7945888 0.6965368 0.7993598 0.6947588 0.804131 0.6896949 0.8081757 0.6947588 0.7945888 0.6947588 0.804131 0.6301785 0.8573576 0.6201722 0.8573576 0.6201722 0.8483522 0.6301785 0.8483522 0.6201722 0.8483522 0.6201722 0.8404797 0.6301785 0.8404797 0.6201722 0.8404797 0.6201722 0.8349381 0.6437395 0.8524124 0.6485016 0.8524124 0.6485016 0.8624376 0.6485016 0.8524124 0.6532638 0.8524124 0.6532638 0.8624376 0.1115192 0.8294004 0.1115192 0.8349418 0.1015129 0.8349418 0.1015129 0.8349418 0.1115192 0.8349418 0.1115192 0.8428143 0.1015129 0.8428143 0.1115192 0.8428143 0.1115192 0.8518197 0.06727439 0.7623993 0.05969601 0.765224 0.05969601 0.7411472 0.09265261 0.7623992 0.08507424 0.765224 0.08507424 0.741147 0.8110858 0.8391284 0.8010795 0.8301177 0.8110858 0.8301177 0.8110858 0.8301177 0.8010795 0.8222298 0.8110858 0.8222298 0.8110858 0.8222298 0.8010795 0.8166652 0.8110858 0.8166652 0.5273066 0.8433582 0.5322837 0.8533833 0.5273066 0.8533833 0.5322837 0.8433582 0.5372608 0.8533833 0.5322837 0.8533833 0.1290837 0.7940697 0.1190774 0.799634 0.1190774 0.7940695 0.1190774 0.799634 0.1290837 0.8075219 0.1190774 0.8075219 0.1190774 0.8075219 0.1290837 0.8165327 0.1190774 0.8165327 0.05969601 0.765224 0.05075645 0.7662158 0.05075645 0.7401552 0.05075645 0.7401552 0.05969601 0.7411472 0.05969601 0.765224 0.05969601 0.7411472 0.06727439 0.7439718 0.06727439 0.7623993 0.06727439 0.7439718 0.07233816 0.7481991 0.06727439 0.7623993 0.07233816 0.7481991 0.07411634 0.7531856 0.07233828 0.758172 0.06727439 0.7623993 0.07233816 0.7481991 0.07233828 0.758172 0.08507424 0.765224 0.07613468 0.7662158 0.07613468 0.7401552 0.07613468 0.7401552 0.08507424 0.741147 0.08507424 0.765224 0.08507424 0.741147 0.09265261 0.7439716 0.09265261 0.7623992 0.09265261 0.7439716 0.09771651 0.748199 0.09265261 0.7623992 0.09771651 0.748199 0.09949457 0.7531854 0.09771651 0.758172 0.09265261 0.7623992 0.09771651 0.748199 0.09771651 0.758172 0.8110858 0.8391284 0.8010795 0.8391284 0.8010795 0.8301177 0.8110858 0.8301177 0.8010795 0.8301177 0.8010795 0.8222298 0.8110858 0.8222298 0.8010795 0.8222298 0.8010795 0.8166652 0.5273066 0.8433582 0.5322837 0.8433582 0.5322837 0.8533833 0.5322837 0.8433582 0.5372608 0.8433582 0.5372608 0.8533833 0.1290837 0.7940697 0.1290837 0.799634 0.1190774 0.799634 0.1190774 0.799634 0.1290837 0.799634 0.1290837 0.8075219 0.1190774 0.8075219 0.1290837 0.8075219 0.1290837 0.8165327 0.5959098 0.7310808 0.5883315 0.7339054 0.5883315 0.7098286 0.1505445 0.7331228 0.1429661 0.7359475 0.1429661 0.7118706 0.695208 0.8363127 0.6852016 0.8273019 0.695208 0.8273019 0.695208 0.8273019 0.6852016 0.8194141 0.695208 0.8194141 0.695208 0.8194141 0.6852016 0.8138496 0.695208 0.8138496 0.2508466 0.8433582 0.2558238 0.8533833 0.2508466 0.8533833 0.2558238 0.8433582 0.260801 0.8533833 0.2558238 0.8533833 0.2345085 0.794279 0.2245021 0.7998434 0.2245021 0.7942789 0.2245021 0.7998434 0.2345085 0.8077312 0.2245021 0.8077312 0.2245021 0.8077312 0.2345085 0.816742 0.2245021 0.816742 0.5883315 0.7339054 0.5793919 0.7348973 0.5793919 0.7088366 0.5793919 0.7088366 0.5883315 0.7098286 0.5883315 0.7339054 0.5883315 0.7098286 0.5959098 0.7126531 0.5959098 0.7310808 0.5959098 0.7126531 0.6009736 0.7168805 0.5959098 0.7310808 0.6009736 0.7168805 0.6027518 0.7218669 0.6009737 0.7268535 0.5959098 0.7310808 0.6009736 0.7168805 0.6009737 0.7268535 0.1429661 0.7359475 0.1340265 0.7369394 0.1340265 0.7108787 0.1340265 0.7108787 0.1429661 0.7118706 0.1429661 0.7359475 0.1429661 0.7118706 0.1505445 0.7146952 0.1505445 0.7331228 0.1505445 0.7146952 0.1556084 0.7189225 0.1505445 0.7331228 0.1556084 0.7189225 0.1573864 0.723909 0.1556084 0.7288956 0.1505445 0.7331228 0.1556084 0.7189225 0.1556084 0.7288956 0.695208 0.8363127 0.6852016 0.8363127 0.6852016 0.8273019 0.695208 0.8273019 0.6852016 0.8273019 0.6852016 0.8194141 0.695208 0.8194141 0.6852016 0.8194141 0.6852016 0.8138496 0.2508466 0.8433582 0.2558238 0.8433582 0.2558238 0.8533833 0.2558238 0.8433582 0.260801 0.8433582 0.260801 0.8533833 0.2345085 0.794279 0.2345085 0.7998434 0.2245021 0.7998434 0.2245021 0.7998434 0.2345085 0.7998434 0.2345085 0.8077312 0.2245021 0.8077312 0.2345085 0.8077312 0.2345085 0.816742 0.1718087 0.5306323 0.1718087 0.3544182 0.2344983 0.3544182 0.4645774 0.5278728 0.4018878 0.5278729 0.4018877 0.3516588 0.1718087 0 0.2524759 0 0.2524759 0.176214 0.2544943 0.176214 0.2544943 0 0.3351615 0 0.4182002 0.1748341 0.37769 0.1748341 0.37769 0 0.3371798 0.1748341 0.3371798 0 0.37769 0 0.9403049 0.3516588 0.9441804 0.3516588 0.9441804 0.526493 0.9500744 0 0.9500744 0.1748341 0.9461989 0.1748341 0.8939413 0.4805199 0.8939413 0.6553541 0.8900658 0.6553541 0.8998351 0.6553541 0.8959596 0.6553541 0.8959596 0.4805199 0.9018534 0.4805199 0.9057289 0.4805198 0.9057289 0.655354 0.9323929 0 0.9323929 0.1748341 0.9285174 0.1748341 0.9655332 0.5278729 0.9623987 0.5278729 0.9623987 0.3516588 0.9675516 0.5278729 0.9675516 0.3516588 0.9706861 0.3516588 0.9830101 0.3516588 0.9861446 0.3516588 0.9861446 0.5278729 0.9912974 0.3516588 0.9912974 0.5278729 0.9881629 0.5278729 0.9727044 0.3516588 0.9758388 0.3516588 0.9758388 0.5278729 0.9809917 0.3516588 0.9809917 0.5278729 0.9778572 0.5278729 0.8782781 0.6553541 0.8782781 0.4805199 0.8821536 0.4805199 0.884172 0.4805199 0.8880475 0.4805199 0.8880475 0.6553541 0.8547027 0.6553541 0.8547027 0.4805199 0.8585783 0.4805199 0.8605967 0.4805199 0.8644722 0.4805199 0.8644722 0.6553541 0.3315006 0.5292525 0.3276251 0.5292525 0.3276251 0.3544183 0.6609424 0.5292525 0.6609424 0.3544183 0.6648179 0.3544183 0.714249 0.176214 0.714249 0 0.7706701 0 0.7706702 0.5306323 0.714249 0.5306323 0.714249 0.3544183 0.7726885 0.176214 0.7726885 0 0.8291091 0 0.8291091 0.5306323 0.7726885 0.5306323 0.7726885 0.3544183 0.7726885 0.3523961 0.7726885 0.176214 0.8291091 0.176214 0.8291091 0.7068144 0.7726885 0.7068144 0.7726885 0.5306323 0.714249 0.3523961 0.714249 0.176214 0.7706701 0.176214 0.7706702 0.7068144 0.714249 0.7068144 0.714249 0.5306323 0.3315006 0.704055 0.3276251 0.704055 0.3276251 0.5292525 0.6609424 0.704055 0.6609424 0.5292525 0.6648179 0.5292525 0.8547027 0.6553541 0.8585783 0.6553541 0.8585783 0.8301566 0.8644722 0.6553541 0.8644722 0.8301566 0.8605967 0.8301566 0.8782781 0.6553541 0.8821536 0.6553541 0.8821536 0.8301565 0.8880475 0.6553541 0.8880475 0.8301565 0.884172 0.8301565 0.9727044 0.5278729 0.9758388 0.5278729 0.9758388 0.704055 0.9809917 0.5278729 0.9809917 0.704055 0.9778572 0.704055 0.9830101 0.5278729 0.9861446 0.5278729 0.9861446 0.704055 0.9912974 0.5278729 0.9912974 0.704055 0.9881629 0.704055 0.9655332 0.704055 0.9623987 0.704055 0.9623987 0.5278729 0.9675516 0.704055 0.9675516 0.5278729 0.9706861 0.5278729 0.9018534 0.655354 0.9057289 0.655354 0.9057289 0.8301565 0.9323929 0.1748341 0.9323929 0.3496367 0.9285174 0.3496367 0.8939413 0.8301566 0.8900658 0.8301566 0.8900658 0.6553541 0.8959596 0.8301566 0.8959596 0.6553541 0.8998351 0.6553541 0.9403049 0.526493 0.9441804 0.526493 0.9441804 0.7012954 0.9500744 0.1748341 0.9500744 0.3496367 0.9461989 0.3496367 0.4182002 0.3496367 0.37769 0.3496367 0.37769 0.1748341 0.3371798 0.3496367 0.3371798 0.1748341 0.37769 0.1748341 0.2524759 0.3523961 0.1718087 0.3523961 0.1718087 0.176214 0.3351615 0.176214 0.3351615 0.3523961 0.2544943 0.3523961 0.1718087 0.7068144 0.1718087 0.5306323 0.2344983 0.5306323 0.4645774 0.704055 0.4018877 0.704055 0.4018878 0.5278729 0.001259565 0.4801521 0.04194295 0.4801521 0.04194295 0.4818063 0.04194295 0.4818063 0.04194295 0.4801521 0.0826264 0.4801521 0.001259624 0.001654267 0 0 0.04194301 0 0.0826264 0.001654267 0.04194301 0.001654267 0.04194301 0 0.2971757 0.7088365 0.2986952 0.7088365 0.2986952 0.7508584 0.2971757 0.7928803 0.2971757 0.7508584 0.2986952 0.7508584 0.6047702 0.7508584 0.6062897 0.7508584 0.6062897 0.7928804 0.6047702 0.7508584 0.6047702 0.7088365 0.6062898 0.7088365 0.7056918 0.7659276 0.7023537 0.7659276 0.7023538 0.7503523 0.1268911 0.7733281 0.1268911 0.7577527 0.1302292 0.7577527 0.613626 0.7759758 0.6169642 0.7759758 0.6169642 0.791428 0.4582877 0.7915194 0.4636057 0.8069714 0.4549496 0.8069714 0.06026202 0.8527978 0.06026202 0.8373456 0.06360018 0.8373456 0.07625442 0.8373456 0.07959252 0.8373456 0.07959252 0.8527978 0.1893732 0.7942788 0.2049193 0.7942788 0.2049193 0.809922 0.2224838 0.7942788 0.2224838 0.809922 0.2069377 0.809922 0 0.7951951 0.01554608 0.7951951 0.01554608 0.8108382 0.03311055 0.7951951 0.03311055 0.8108382 0.01756441 0.8108382 0.1594048 0.8535482 0.1594048 0.8380962 0.1627429 0.8380962 0.3317124 0.8382467 0.3350505 0.8382467 0.3350505 0.8536988 0.2953571 0.7949025 0.2986952 0.7949025 0.2986952 0.8103546 0.7005645 0.8138496 0.7058824 0.8293018 0.6972263 0.8293018 0.6642805 0.8070948 0.6609424 0.8070948 0.6609424 0.7915194 0.6609424 0.8246923 0.6609424 0.8091169 0.6642805 0.8091169 0.7056918 0.783525 0.7023537 0.7835251 0.7023537 0.7679497 0.1268911 0.7909255 0.1268911 0.7753502 0.1302292 0.7753502 0.3279368 0.8143911 0.3312749 0.8143911 0.3312749 0.8298432 0.7005645 0.8313239 0.7058824 0.846776 0.6972263 0.846776 0.673177 0.853787 0.673177 0.8383349 0.6765151 0.8383349 0.6891693 0.8383349 0.6925074 0.8383349 0.6925074 0.853787 0.03512883 0.7951951 0.05067497 0.7951951 0.05067497 0.8108382 0.06823939 0.7951951 0.06823939 0.8108382 0.0526933 0.8108382 0.1718087 0.8119442 0.1873548 0.8119442 0.1873548 0.8275874 0.2049193 0.8119442 0.2049193 0.8275874 0.1893732 0.8275874 0.3879362 0.855942 0.3879362 0.8404899 0.3912744 0.8404899 0.409511 0.8406425 0.4128491 0.8406425 0.4128491 0.8560945 0.6375148 0.8349381 0.6408529 0.8349381 0.6408529 0.8503903 0.6462094 0.8349381 0.6515274 0.8503903 0.6428713 0.8503903 0.08102595 0.8284358 0.07768779 0.8284358 0.07768779 0.8128605 0.1135376 0.8449755 0.1135376 0.8294003 0.1168757 0.8294003 0.07025772 0.7951951 0.0858038 0.7951951 0.0858038 0.8108382 0.117059 0.811735 0.117059 0.8273781 0.1015129 0.8273781 0.4148675 0.8560945 0.4148675 0.8406425 0.4182056 0.8406425 0.4308599 0.8406425 0.434198 0.8406425 0.434198 0.8560945 0.6588637 0.8349381 0.6622018 0.8349381 0.6622018 0.8503903 0.4913281 0.8361168 0.4966461 0.8515689 0.48799 0.8515689 0.7056918 0.8011224 0.7023537 0.8011224 0.7023537 0.7855471 0.3276251 0.8070948 0.3276251 0.7915194 0.3309632 0.7915194 0.08267039 0.6109808 0 0.6109808 0 0.5692707 0.08267039 0.6109808 0.08267039 0.6526908 0 0.6526908 0.08468872 0.6109808 0.08468872 0.5692707 0.1673591 0.5692707 0.08468872 0.6109808 0.1673591 0.6109808 0.1673591 0.6526908 0.4625188 0.7477872 0.4625188 0.7060771 0.4642851 0.7060771 0.4625188 0.7477872 0.4642851 0.7477872 0.4642851 0.7894973 0.2895785 0.7916625 0.2895785 0.7088366 0.2913587 0.7088366 0.2933771 0.7088366 0.2951573 0.7088366 0.2951573 0.7916625 0.166974 0.738133 0.166974 0.696423 0.1687403 0.696423 0.166974 0.6547129 0.1687403 0.6547129 0.1687403 0.696423 0.1631894 0.738133 0.1631894 0.696423 0.1649557 0.696423 0.1631894 0.6547129 0.1649557 0.6547129 0.1649557 0.696423 0.6985552 0.7307325 0.6985552 0.6476039 0.7003354 0.6476039 0.7023537 0.647604 0.704134 0.6476039 0.704134 0.7307326 0.1594048 0.696423 0.1594048 0.6547129 0.1611711 0.6547129 0.1594048 0.696423 0.1611711 0.696423 0.1611711 0.738133 0 0.5255386 0 0.4838284 0.08297246 0.4838284 0 0.5255386 0.08297258 0.5255386 0.08297246 0.5672486 0.1679636 0.5255386 0.08499091 0.5255386 0.08499091 0.4838284 0.1679636 0.5255386 0.1679636 0.5672486 0.08499091 0.5672486 0.06499493 0.696423 0 0.696423 0 0.6547129 0.06499493 0.696423 0.06499493 0.738133 0 0.738133 0.06701326 0.696423 0.06701326 0.6547129 0.1320082 0.6547129 0.06701326 0.696423 0.1320082 0.696423 0.1320082 0.738133 0.327625 0.7477872 0.327625 0.7060771 0.3293914 0.7060771 0.327625 0.7477872 0.3293914 0.7477872 0.3293914 0.7894973 0.6083081 0.7739537 0.6083081 0.7088366 0.6100883 0.7088366 0.6159053 0.7088366 0.6176855 0.7088366 0.6176855 0.7739537 0.4549496 0.7894973 0.4549496 0.7477872 0.4567158 0.7477872 0.4549496 0.7060771 0.4567158 0.7060771 0.4567158 0.7477872 0.6589241 0.3544182 0.6519258 0.3646919 0.6385214 0.3646919 0.8698793 0.4784978 0.8311274 0.4784978 0.8494766 0.4682242 0.6589241 0.832916 0.6201722 0.832916 0.6385213 0.8226425 0.8494766 0.01027345 0.8311275 0 0.8698793 0 0.5994547 0.8189166 0.6024425 0.8189166 0.6024425 0.832241 0.6024425 0.8342632 0.6024425 0.8475876 0.5994547 0.8475876 0.08459872 0.8506701 0.08161085 0.8506701 0.08161085 0.8373457 0.3986107 0.8538143 0.3986107 0.8404898 0.4015985 0.8404898 0.1015129 0.7940695 0.1170591 0.7940695 0.1170591 0.8097127 0.1873549 0.7942788 0.1873549 0.809922 0.1718087 0.809922 0.4362164 0.8560946 0.4362164 0.8406425 0.4395545 0.8406425 0.4522086 0.8406425 0.4555467 0.8406425 0.4555467 0.8560946 0.02288234 0.8373456 0.0262205 0.8373456 0.0262205 0.8527978 0.03157693 0.8373456 0.03689491 0.8527978 0.02823883 0.8527978 0.7056918 0.7483301 0.7023538 0.7483301 0.7023538 0.7327547 0.1268911 0.7557306 0.1268911 0.7401552 0.1302292 0.7401552 0.01536279 0.8461011 0.01202464 0.8461011 0.01202464 0.8305258 0.4786204 0.847754 0.4786204 0.8321788 0.4819585 0.8321788 0.04423117 0.8373456 0.04756927 0.8373456 0.04756927 0.8527977 0.05292576 0.8373456 0.05824369 0.8527977 0.0495876 0.8527977 0.7650055 0.8566027 0.7650055 0.8411506 0.7683436 0.8411506 0.7823481 0.8411506 0.7856862 0.8411506 0.7856862 0.8566027 0.2069377 0.8119442 0.2224836 0.8119442 0.2224836 0.8275874 0.01554596 0.8128605 0.01554596 0.8285037 0 0.8285037 0.5032572 0.3523961 0.5032572 0.176214 0.5836222 0.176214 0.6660057 0.3523961 0.5856406 0.3523961 0.5856407 0.176214 0.4202185 0.1748341 0.4607287 0.1748341 0.4607287 0.3496367 0.5012389 0.1748341 0.5012389 0.3496367 0.4607287 0.3496367 0.9323929 0.7012955 0.9285174 0.7012955 0.9285174 0.526493 0.9344112 0.3496367 0.9344112 0.1748341 0.9382867 0.1748341 0.9964502 0.704055 0.9933157 0.704055 0.9933157 0.5278729 0.6680241 1 0.6680241 0.8238179 0.6711586 0.8238179 0.8467907 0.8301566 0.8429152 0.8301566 0.8429152 0.6553541 0.848809 0.8301566 0.848809 0.6553541 0.8526844 0.6553541 0.5032572 0.7068144 0.5032572 0.5306323 0.5596964 0.5306323 0.6181539 0.7068144 0.5617147 0.7068144 0.5617147 0.5306323 0.5032572 0.5306323 0.5032572 0.3544183 0.5596964 0.3544183 0.6181539 0.5306323 0.5617147 0.5306323 0.5617147 0.3544183 0.8467907 0.6553541 0.8429152 0.6553541 0.8429152 0.4805199 0.848809 0.6553541 0.848809 0.4805199 0.8526844 0.4805199 0.9964502 0.5278729 0.9933157 0.5278729 0.9933157 0.3516588 0.6680241 0.8238179 0.6680241 0.6476039 0.6711586 0.6476039 0.9323929 0.3516588 0.9323929 0.526493 0.9285174 0.526493 0.9382867 0.1748341 0.9344112 0.1748341 0.9344112 0 0.4202185 0 0.4607287 0 0.4607287 0.1748341 0.5012389 0 0.5012389 0.1748341 0.4607287 0.1748341 0.5032572 0.176214 0.5032572 0 0.5836222 0 0.6660057 0.176214 0.5856407 0.176214 0.5856407 0 0.4587342 0.7894973 0.4587342 0.7477872 0.4605005 0.7477872 0.4587342 0.7060771 0.4605005 0.7060771 0.4605005 0.7477872 0.6985552 0.7978719 0.6985552 0.7327548 0.7003354 0.7327548 0.6121067 0.7088366 0.613887 0.7088366 0.613887 0.7739537 0.6609424 0.7477872 0.6609424 0.7060771 0.6627088 0.7060771 0.6609424 0.7477872 0.6627088 0.7477872 0.6627087 0.7894973 0.3371798 0.7477872 0.3371798 0.7060771 0.4021748 0.7060771 0.3371798 0.7477872 0.4021748 0.7477872 0.4021748 0.7894973 0.2368037 0.7505466 0.1718087 0.7505466 0.1718087 0.7088365 0.2368037 0.7505466 0.2368037 0.7922567 0.1718087 0.7922567 0.2365167 0.7068144 0.2365167 0.5306323 0.2992063 0.5306323 0.3998695 0.704055 0.3371798 0.704055 0.3371798 0.5278729 0.9382867 0.7012955 0.9344112 0.7012955 0.9344112 0.526493 0.9403049 0.3496367 0.9403049 0.1748341 0.9441804 0.1748341 0.9461988 0.526493 0.9500743 0.526493 0.9500743 0.7012955 0.9559682 0.1748341 0.9559682 0.3496367 0.9520927 0.3496367 0.9552273 0.704055 0.9520927 0.704055 0.9520927 0.5278729 0.9572458 0.704055 0.9572458 0.5278729 0.9603804 0.5278729 0.7084908 0.6567339 0.7116315 0.6567339 0.7116315 0.8329161 0.9108879 0.6567339 0.9108879 0.8329161 0.9077473 0.8329161 0.8664904 0.6553541 0.870366 0.6553541 0.870366 0.8301566 0.8762598 0.6553541 0.8762598 0.8301566 0.8723843 0.8301566 0.835003 0.8301566 0.8311275 0.8301566 0.8311275 0.6553542 0.8370213 0.8301566 0.8370213 0.6553542 0.8408969 0.6553542 0.835003 0.6553542 0.8311275 0.6553542 0.8311275 0.48052 0.8370213 0.6553542 0.8370213 0.4805199 0.8408969 0.48052 0.8664904 0.6553541 0.8664904 0.4805199 0.870366 0.4805199 0.8723843 0.4805199 0.8762598 0.4805199 0.8762598 0.6553541 0.7084908 0.4805199 0.7116315 0.4805199 0.7116315 0.6567339 0.9108879 0.4805199 0.9108879 0.6567339 0.9077473 0.6567339 0.9552273 0.5278729 0.9520927 0.5278729 0.9520927 0.3516588 0.9572458 0.5278729 0.9572458 0.3516588 0.9603804 0.3516588 0.9461988 0.3516588 0.9500743 0.3516588 0.9500743 0.526493 0.9559682 0 0.9559682 0.1748341 0.9520927 0.1748341 0.9382867 0.3516588 0.9382867 0.526493 0.9344112 0.526493 0.9441804 0.1748341 0.9403049 0.1748341 0.9403049 0 0.2365167 0.5306323 0.2365167 0.3544182 0.2992063 0.3544182 0.3998695 0.5278729 0.3371798 0.5278729 0.3371798 0.3516588 0.8718976 0.2392489 0.8904778 0.2392489 0.8904778 0.4784978 0.9110763 0.2392489 0.9110763 0.4784978 0.8924962 0.4784978 0.8718977 0 0.8904778 0 0.8904778 0.2392489 0.9110763 0 0.9110763 0.2392489 0.8924962 0.2392489 0.4665958 0.5909077 0.4859716 0.5909077 0.4859716 0.8301566 0.3012247 0.5936672 0.3012247 0.3544182 0.3206006 0.3544182 0.4665958 0.3516588 0.4859717 0.3516588 0.4859716 0.5909077 0.3012247 0.832916 0.3012247 0.5936672 0.3206006 0.5936672 0.6680241 0.2392489 0.6901273 0.2392489 0.6901273 0.4784978 0.7122306 0.2392489 0.7122306 0.4784978 0.6901273 0.4784978 0.6680241 0 0.6901274 0 0.6901273 0.2392489 0.7122306 0 0.7122306 0.2392489 0.6901273 0.2392489 0.001259624 0.001654267 0.001259624 0.2409031 0 0.2409031 0.08388602 0.2409031 0.0826264 0.2409031 0.0826264 0.001654267 0.001259565 0.4801521 0 0.4818063 0 0.2409031 0.0826264 0.4801521 0.0826264 0.2409031 0.08388602 0.2409031 0.333519 0.5953215 0.3350505 0.5953215 0.3350505 0.8362246 0.9984685 0.592562 0.9984685 0.3516588 1 0.3516588 0.333519 0.3544182 0.3350505 0.3544182 0.3350505 0.5953215 0.9984685 0.8334652 0.9984685 0.592562 1 0.592562 0.08590435 0.2409031 0.1278474 0.2409031 0.1278473 0.4818063 0.1697904 0.2409031 0.1697903 0.4818063 0.1278473 0.4818063 0.08590435 0 0.1278474 0 0.1278474 0.2409031 0.1697904 0 0.1697904 0.2409031 0.1278474 0.2409031 0.6201722 0.5936672 0.6385214 0.5936672 0.6385213 0.8226425 0.8311275 0.2392489 0.8311275 0 0.8494766 0.01027345 0.6201722 0.5936672 0.6201722 0.3544182 0.6385214 0.3646919 0.8494766 0.4682242 0.8311274 0.4784978 0.8311275 0.2392489 0.6589241 0.5936672 0.6519258 0.5936672 0.6519258 0.3646919 0.8698793 0.2392489 0.8698793 0.4784978 0.862881 0.4682242 0.6589241 0.5936672 0.6589241 0.832916 0.6519258 0.8226425 0.8628811 0.01027345 0.8698793 0 0.8698793 0.2392489 0.48799 0.5806342 0.4909778 0.5806342 0.4909778 0.8096095 0.495984 0.5806342 0.495984 0.8096095 0.4929962 0.8096095 0.48799 0.3516588 0.4909778 0.3516588 0.4909778 0.5806342 0.495984 0.3516588 0.495984 0.5806342 0.4929962 0.5806342 0.4980024 0.5806341 0.5009902 0.5806341 0.5009902 0.8096095 0.3256067 0.5833936 0.3256067 0.812369 0.3226189 0.812369 0.4980024 0.3516588 0.5009902 0.3516588 0.5009902 0.5806341 0.3256068 0.3544183 0.3256067 0.5833936 0.3226189 0.5833936 0.9130947 0.2289753 0.9264991 0.2289753 0.9264991 0.4579507 0.9130948 0.6889482 0.9130948 0.4599727 0.9264992 0.4599727 0.9130947 0 0.9264991 0 0.9264991 0.2289753 0.9130947 0.9179234 0.9130948 0.6889482 0.9264991 0.6889482</float_array>
          <technique_common>
            <accessor source="#Wall_long-mesh-map-1-array" count="4872" stride="2">
              <param name="S" type="float"/>
              <param name="T" type="float"/>
            </accessor>
          </technique_common>
        </source>
        <vertices id="Wall_long-mesh-vertices">
          <input semantic="POSITION" source="#Wall_long-mesh-positions"/>
        </vertices>
        <triangles material="Material_009-material" count="1624">
          <input semantic="VERTEX" source="#Wall_long-mesh-vertices" offset="0"/>
          <input semantic="NORMAL" source="#Wall_long-mesh-normals" offset="1"/>
          <input semantic="TEXCOORD" source="#Wall_long-mesh-map-0" offset="2" set="0"/>
          <input semantic="TEXCOORD" source="#Wall_long-mesh-map-1" offset="2" set="1"/>
          <p>83 0 0 6 0 1 81 0 2 84 1 3 7 1 4 5 1 5 0 0 6 85 0 7 95 0 8 86 1 9 1 1 10 96 1 11 95 2 12 8 2 13 0 2 14 96 2 15 8 2 16 80 2 17 2 3 18 75 3 19 85 3 20 3 4 21 76 4 22 10 4 23 4 2 24 71 2 25 11 2 26 72 5 27 5 5 28 12 5 29 6 3 30 67 3 31 81 3 32 7 6 33 68 6 34 14 6 35 71 0 36 17 0 37 11 0 38 72 1 39 18 1 40 60 1 41 9 0 42 61 0 43 75 0 44 10 1 45 62 1 46 16 1 47 13 0 48 55 0 49 67 0 50 14 1 51 56 1 52 20 1 53 55 3 54 21 3 55 53 3 56 22 3 57 56 3 58 54 3 59 61 3 60 23 3 61 47 3 62 24 3 63 62 3 64 48 3 65 59 7 66 25 7 67 17 7 68 60 2 69 26 2 70 46 2 71 53 0 72 354 0 73 350 0 74 54 1 75 355 1 76 22 1 77 47 0 78 25 0 79 45 0 80 48 1 81 26 1 82 24 1 83 31 3 84 35 3 85 111 3 86 112 3 87 36 3 88 32 3 89 35 3 90 42 3 91 29 3 92 30 3 93 42 3 94 36 3 95 41 2 96 37 2 97 27 2 98 28 2 99 38 2 100 41 2 101 37 2 102 33 2 103 109 2 104 110 2 105 34 2 106 38 2 107 37 2 108 41 2 109 40 2 110 40 2 111 41 2 112 38 2 113 42 3 114 35 3 115 39 3 116 39 3 117 36 3 118 42 3 119 49 0 120 45 0 121 43 0 122 50 1 123 46 1 124 48 1 125 51 0 126 350 0 127 352 0 128 52 1 129 351 1 130 54 1 131 63 2 132 45 2 133 59 2 134 64 2 135 46 2 136 44 2 137 61 3 138 49 3 139 65 3 140 62 3 141 50 3 142 48 3 143 55 3 144 51 3 145 57 3 146 56 3 147 52 3 148 54 3 149 67 0 150 57 0 151 69 0 152 68 1 153 58 1 154 56 1 155 75 0 156 65 0 157 77 0 158 76 1 159 66 1 160 62 1 161 73 0 162 59 0 163 71 0 164 74 1 165 60 1 166 64 1 167 81 8 168 69 8 169 87 8 170 82 9 171 70 9 172 68 9 173 89 10 174 71 10 175 83 10 176 90 11 177 72 11 178 74 11 179 85 3 180 77 3 181 91 3 182 86 3 183 78 3 184 76 3 185 93 2 186 80 2 187 95 2 188 94 2 189 80 2 190 79 2 191 91 0 192 95 0 193 85 0 194 96 1 195 92 1 196 86 1 197 89 12 198 81 12 199 87 12 200 90 1 201 82 1 202 84 1 203 29 13 204 99 13 205 97 13 206 99 14 207 30 14 208 98 14 209 27 13 210 102 13 211 41 13 212 28 13 213 102 13 214 101 13 215 100 2 216 108 2 217 102 2 218 101 2 219 108 2 220 104 2 221 99 3 222 105 3 223 97 3 224 99 3 225 106 3 226 107 3 227 29 15 228 111 15 229 35 15 230 36 16 231 112 16 232 30 16 233 109 17 234 27 17 235 37 17 236 38 2 237 28 2 238 110 2 239 127 13 240 123 13 241 121 13 242 128 13 243 124 13 244 126 13 245 121 2 246 115 2 247 113 2 248 122 2 249 116 2 250 124 2 251 117 3 252 127 3 253 119 3 254 128 3 255 118 3 256 120 3 257 127 18 258 113 18 259 119 18 260 128 19 261 114 19 262 122 19 263 129 20 264 143 20 265 137 20 266 130 21 267 144 21 268 136 21 269 139 3 270 129 3 271 137 3 272 130 3 273 140 3 274 138 3 275 135 2 276 141 2 277 143 2 278 136 2 279 142 2 280 134 2 281 129 13 282 133 13 283 135 13 284 130 13 285 134 13 286 132 13 287 159 13 288 155 13 289 153 13 290 160 13 291 156 13 292 158 13 293 153 2 294 147 2 295 145 2 296 154 2 297 148 2 298 156 2 299 149 3 300 159 3 301 151 3 302 160 3 303 150 3 304 152 3 305 159 22 306 145 22 307 151 22 308 160 23 309 146 23 310 154 23 311 161 24 312 175 24 313 169 24 314 162 25 315 176 25 316 168 25 317 171 3 318 161 3 319 169 3 320 162 3 321 172 3 322 170 3 323 167 2 324 173 2 325 175 2 326 168 2 327 174 2 328 166 2 329 161 13 330 165 13 331 167 13 332 162 13 333 166 13 334 164 13 335 177 26 336 191 26 337 185 26 338 178 27 339 192 27 340 184 27 341 187 3 342 177 3 343 185 3 344 178 3 345 188 3 346 186 3 347 183 2 348 189 2 349 191 2 350 184 2 351 190 2 352 182 2 353 177 13 354 181 13 355 183 13 356 178 13 357 182 13 358 180 13 359 198 28 360 194 28 361 196 28 362 198 28 363 195 28 364 193 28 365 204 13 366 200 13 367 199 13 368 204 13 369 201 13 370 203 13 371 199 2 372 194 2 373 193 2 374 199 2 375 195 2 376 201 2 377 200 0 378 196 0 379 194 0 380 201 1 381 197 1 382 203 1 383 202 3 384 198 3 385 196 3 386 203 3 387 198 3 388 204 3 389 206 3 390 211 3 391 212 3 392 207 3 393 211 3 394 205 3 395 208 0 396 212 0 397 214 0 398 209 1 399 213 1 400 207 1 401 210 2 402 214 2 403 216 2 404 210 29 405 215 29 406 209 29 407 205 13 408 208 13 409 210 13 410 205 13 411 209 13 412 207 13 413 211 28 414 214 28 415 212 28 416 211 28 417 215 28 418 216 28 419 222 28 420 218 28 421 220 28 422 222 28 423 219 28 424 217 28 425 228 13 426 224 13 427 223 13 428 228 13 429 225 13 430 227 13 431 223 2 432 218 2 433 217 2 434 223 30 435 219 30 436 225 30 437 224 0 438 220 0 439 218 0 440 225 1 441 221 1 442 227 1 443 226 3 444 222 3 445 220 3 446 227 3 447 222 3 448 228 3 449 29 0 450 231 0 451 111 0 452 30 1 453 232 1 454 234 1 455 27 0 456 229 0 457 235 0 458 230 1 459 28 1 460 236 1 461 229 3 462 237 3 463 235 3 464 230 3 465 238 3 466 242 3 467 233 2 468 243 2 469 231 2 470 234 2 471 244 2 472 240 2 473 245 31 474 259 31 475 253 31 476 246 32 477 260 32 478 252 32 479 255 3 480 245 3 481 253 3 482 246 3 483 256 3 484 254 3 485 251 2 486 257 2 487 259 2 488 252 2 489 258 2 490 250 2 491 245 13 492 249 13 493 251 13 494 246 13 495 250 13 496 248 13 497 275 13 498 271 13 499 269 13 500 276 13 501 272 13 502 274 13 503 269 2 504 263 2 505 261 2 506 270 2 507 264 2 508 272 2 509 265 3 510 275 3 511 267 3 512 276 3 513 266 3 514 268 3 515 275 33 516 261 33 517 267 33 518 276 34 519 262 34 520 270 34 521 281 35 522 279 35 523 277 35 524 282 1 525 280 1 526 284 1 527 279 36 528 285 36 529 277 36 530 280 37 531 285 37 532 286 37 533 281 2 534 289 2 535 283 2 536 282 2 537 290 2 538 288 2 539 287 0 540 293 0 541 289 0 542 288 1 543 294 1 544 292 1 545 291 2 546 297 2 547 293 2 548 292 2 549 298 2 550 296 2 551 348 0 552 297 0 553 295 0 554 349 1 555 298 1 556 347 1 557 346 0 558 299 0 559 297 0 560 347 1 561 300 1 562 357 1 563 293 38 564 299 38 565 301 38 566 294 2 567 300 2 568 298 2 569 289 0 570 301 0 571 303 0 572 290 1 573 302 1 574 294 1 575 306 39 576 289 39 577 303 39 578 290 40 579 307 40 580 304 40 581 308 3 582 286 3 583 279 3 584 309 3 585 286 3 586 305 3 587 283 0 588 308 0 589 279 0 590 284 1 591 309 1 592 307 1 593 311 3 594 316 3 595 317 3 596 312 3 597 316 3 598 310 3 599 313 0 600 317 0 601 319 0 602 314 1 603 318 1 604 312 1 605 315 2 606 319 2 607 321 2 608 315 30 609 320 30 610 314 30 611 310 13 612 313 13 613 315 13 614 310 13 615 314 13 616 312 13 617 316 28 618 319 28 619 317 28 620 316 28 621 320 28 622 321 28 623 322 41 624 328 41 625 324 41 626 323 42 627 329 42 628 327 42 629 322 43 630 332 43 631 326 43 632 323 44 633 333 44 634 331 44 635 328 45 636 334 45 637 324 45 638 329 46 639 335 46 640 337 46 641 330 0 642 340 0 643 332 0 644 331 1 645 341 1 646 339 1 647 336 47 648 342 47 649 334 47 650 337 1 651 343 1 652 345 1 653 344 3 654 348 3 655 342 3 656 345 3 657 349 3 658 347 3 659 338 2 660 350 2 661 340 2 662 339 2 663 351 2 664 353 2 665 340 48 666 354 48 667 360 48 668 341 2 669 355 2 670 351 2 671 344 3 672 356 3 673 346 3 674 357 3 675 345 3 676 347 3 677 362 0 678 344 0 679 336 0 680 363 1 681 345 1 682 359 1 683 332 0 684 360 0 685 364 0 686 333 1 687 361 1 688 341 1 689 366 3 690 336 3 691 328 3 692 367 3 693 337 3 694 363 3 695 368 2 696 332 2 697 364 2 698 333 49 699 369 49 700 365 49 701 326 0 702 366 0 703 328 0 704 327 1 705 367 1 706 369 1 707 382 13 708 31 13 709 111 13 710 383 13 711 32 13 712 373 13 713 109 13 714 372 13 715 382 13 716 110 13 717 373 13 718 34 13 719 372 1 720 35 1 721 31 1 722 373 0 723 36 0 724 375 0 725 33 1 726 374 1 727 372 1 728 34 0 729 375 0 730 38 0 731 374 13 732 39 13 733 35 13 734 375 13 735 39 13 736 376 13 737 37 13 738 376 13 739 374 13 740 38 13 741 376 13 742 40 13 743 27 13 744 377 13 745 100 13 746 378 13 747 28 13 748 101 13 749 29 13 750 377 13 751 370 13 752 30 13 753 378 13 754 98 13 755 377 0 756 103 0 757 100 0 758 378 1 759 104 1 760 380 1 761 97 0 762 379 0 763 377 0 764 98 1 765 380 1 766 106 1 767 379 28 768 108 28 769 103 28 770 380 28 771 108 28 772 381 28 773 105 28 774 381 28 775 379 28 776 106 28 777 381 28 778 107 28 779 382 50 780 229 50 781 109 50 782 383 1 783 230 1 784 385 1 785 382 0 786 231 0 787 384 0 788 232 1 789 383 1 790 385 1 791 370 51 792 233 51 793 29 51 794 371 1 795 234 1 796 387 1 797 370 0 798 235 0 799 386 0 800 236 1 801 371 1 802 387 1 803 386 13 804 239 13 805 233 13 806 387 13 807 240 13 808 389 13 809 235 13 810 388 13 811 386 13 812 236 13 813 389 13 814 238 13 815 384 28 816 241 28 817 229 28 818 385 28 819 242 28 820 391 28 821 231 28 822 390 28 823 384 28 824 232 28 825 391 28 826 244 28 827 390 0 828 237 0 829 241 0 830 391 1 831 238 1 832 389 1 833 243 0 834 388 0 835 390 0 836 244 1 837 389 1 838 240 1 839 399 52 840 397 52 841 409 52 842 406 0 843 408 0 844 396 0 845 394 53 846 397 53 847 396 53 848 396 54 849 399 54 850 398 54 851 398 55 852 401 55 853 400 55 854 401 56 855 402 56 856 400 56 857 403 57 858 404 57 859 402 57 860 405 58 861 406 58 862 404 58 863 406 59 864 409 59 865 408 59 866 408 60 867 393 60 868 392 60 869 397 1 870 395 1 871 393 1 872 393 1 873 409 1 874 397 1 875 409 1 876 407 1 877 399 1 878 407 61 879 405 61 880 399 61 881 405 1 882 403 1 883 401 1 884 399 1 885 405 1 886 401 1 887 408 0 888 392 0 889 394 0 890 394 62 891 396 62 892 408 62 893 396 0 894 398 0 895 406 0 896 398 0 897 400 0 898 406 0 899 400 0 900 402 0 901 404 0 902 406 0 903 400 0 904 404 0 905 394 63 906 395 63 907 397 63 908 396 64 909 397 64 910 399 64 911 398 65 912 399 65 913 401 65 914 401 66 915 403 66 916 402 66 917 403 67 918 405 67 919 404 67 920 405 68 921 407 68 922 406 68 923 406 69 924 407 69 925 409 69 926 408 70 927 409 70 928 393 70 929 417 1 930 415 1 931 427 1 932 424 71 933 426 71 934 414 71 935 412 72 936 415 72 937 414 72 938 414 73 939 417 73 940 416 73 941 416 74 942 419 74 943 418 74 944 419 75 945 420 75 946 418 75 947 421 76 948 422 76 949 420 76 950 423 77 951 424 77 952 422 77 953 424 78 954 427 78 955 426 78 956 426 79 957 411 79 958 410 79 959 415 1 960 413 1 961 411 1 962 411 1 963 427 1 964 415 1 965 427 1 966 425 1 967 417 1 968 425 1 969 423 1 970 417 1 971 423 1 972 421 1 973 419 1 974 417 80 975 423 80 976 419 80 977 426 0 978 410 0 979 412 0 980 412 0 981 414 0 982 426 0 983 414 81 984 416 81 985 424 81 986 416 0 987 418 0 988 424 0 989 418 0 990 420 0 991 422 0 992 424 82 993 418 82 994 422 82 995 412 83 996 413 83 997 415 83 998 414 84 999 415 84 1000 417 84 1001 416 85 1002 417 85 1003 419 85 1004 419 86 1005 421 86 1006 420 86 1007 421 87 1008 423 87 1009 422 87 1010 423 88 1011 425 88 1012 424 88 1013 424 89 1014 425 89 1015 427 89 1016 426 90 1017 427 90 1018 411 90 1019 435 1 1020 433 1 1021 445 1 1022 442 91 1023 444 91 1024 432 91 1025 430 53 1026 433 53 1027 432 53 1028 432 92 1029 435 92 1030 434 92 1031 434 93 1032 437 93 1033 436 93 1034 437 75 1035 438 75 1036 436 75 1037 439 76 1038 440 76 1039 438 76 1040 441 77 1041 442 77 1042 440 77 1043 442 78 1044 445 78 1045 444 78 1046 444 79 1047 429 79 1048 428 79 1049 433 1 1050 431 1 1051 429 1 1052 429 1 1053 445 1 1054 433 1 1055 445 94 1056 443 94 1057 435 94 1058 443 1 1059 441 1 1060 435 1 1061 441 1 1062 439 1 1063 437 1 1064 435 1 1065 441 1 1066 437 1 1067 444 0 1068 428 0 1069 430 0 1070 430 0 1071 432 0 1072 444 0 1073 432 0 1074 434 0 1075 442 0 1076 434 0 1077 436 0 1078 442 0 1079 436 0 1080 438 0 1081 440 0 1082 442 95 1083 436 95 1084 440 95 1085 430 63 1086 431 63 1087 433 63 1088 432 96 1089 433 96 1090 435 96 1091 434 97 1092 435 97 1093 437 97 1094 437 86 1095 439 86 1096 438 86 1097 439 98 1098 441 98 1099 440 98 1100 441 88 1101 443 88 1102 442 88 1103 442 89 1104 443 89 1105 445 89 1106 444 99 1107 445 99 1108 429 99 1109 453 1 1110 451 1 1111 463 1 1112 460 0 1113 462 0 1114 450 0 1115 448 100 1116 451 100 1117 450 100 1118 450 101 1119 453 101 1120 452 101 1121 452 102 1122 455 102 1123 454 102 1124 455 103 1125 456 103 1126 454 103 1127 457 104 1128 458 104 1129 456 104 1130 459 105 1131 460 105 1132 458 105 1133 460 106 1134 463 106 1135 462 106 1136 462 107 1137 447 107 1138 446 107 1139 451 1 1140 449 1 1141 447 1 1142 447 1 1143 463 1 1144 451 1 1145 463 1 1146 461 1 1147 453 1 1148 461 1 1149 459 1 1150 453 1 1151 459 1 1152 457 1 1153 455 1 1154 453 1 1155 459 1 1156 455 1 1157 462 0 1158 446 0 1159 448 0 1160 448 108 1161 450 108 1162 462 108 1163 450 0 1164 452 0 1165 460 0 1166 452 0 1167 454 0 1168 460 0 1169 454 0 1170 456 0 1171 458 0 1172 460 109 1173 454 109 1174 458 109 1175 448 110 1176 449 110 1177 451 110 1178 450 111 1179 451 111 1180 453 111 1181 452 112 1182 453 112 1183 455 112 1184 455 113 1185 457 113 1186 456 113 1187 457 114 1188 459 114 1189 458 114 1190 459 115 1191 461 115 1192 460 115 1193 460 116 1194 461 116 1195 463 116 1196 462 117 1197 463 117 1198 447 117 1199 471 1 1200 469 1 1201 481 1 1202 478 0 1203 480 0 1204 468 0 1205 466 118 1206 469 118 1207 468 118 1208 468 119 1209 471 119 1210 470 119 1211 470 120 1212 473 120 1213 472 120 1214 473 121 1215 474 121 1216 472 121 1217 475 104 1218 476 104 1219 474 104 1220 477 122 1221 478 122 1222 476 122 1223 478 123 1224 481 123 1225 480 123 1226 480 107 1227 465 107 1228 464 107 1229 469 124 1230 467 124 1231 465 124 1232 465 1 1233 481 1 1234 469 1 1235 481 1 1236 479 1 1237 471 1 1238 479 1 1239 477 1 1240 471 1 1241 477 125 1242 475 125 1243 473 125 1244 471 1 1245 477 1 1246 473 1 1247 480 0 1248 464 0 1249 466 0 1250 466 108 1251 468 108 1252 480 108 1253 468 0 1254 470 0 1255 478 0 1256 470 0 1257 472 0 1258 478 0 1259 472 126 1260 474 126 1261 476 126 1262 478 0 1263 472 0 1264 476 0 1265 466 127 1266 467 127 1267 469 127 1268 468 128 1269 469 128 1270 471 128 1271 470 129 1272 471 129 1273 473 129 1274 473 130 1275 475 130 1276 474 130 1277 475 131 1278 477 131 1279 476 131 1280 477 132 1281 479 132 1282 478 132 1283 478 116 1284 479 116 1285 481 116 1286 480 133 1287 481 133 1288 465 133 1289 489 1 1290 499 1 1291 487 1 1292 496 0 1293 486 0 1294 498 0 1295 484 134 1296 486 134 1297 487 134 1298 486 135 1299 488 135 1300 489 135 1301 488 136 1302 490 136 1303 491 136 1304 491 137 1305 490 137 1306 492 137 1307 493 138 1308 492 138 1309 494 138 1310 495 139 1311 494 139 1312 496 139 1313 496 140 1314 498 140 1315 499 140 1316 498 141 1317 482 141 1318 483 141 1319 487 142 1320 483 142 1321 485 142 1322 483 143 1323 487 143 1324 499 143 1325 499 1 1326 489 1 1327 497 1 1328 497 1 1329 489 1 1330 495 1 1331 495 1 1332 491 1 1333 493 1 1334 489 144 1335 491 144 1336 495 144 1337 498 0 1338 484 0 1339 482 0 1340 484 0 1341 498 0 1342 486 0 1343 486 0 1344 496 0 1345 488 0 1346 488 0 1347 496 0 1348 490 0 1349 490 145 1350 494 145 1351 492 145 1352 496 0 1353 494 0 1354 490 0 1355 484 146 1356 487 146 1357 485 146 1358 486 147 1359 489 147 1360 487 147 1361 488 148 1362 491 148 1363 489 148 1364 491 149 1365 492 149 1366 493 149 1367 493 150 1368 494 150 1369 495 150 1370 495 151 1371 496 151 1372 497 151 1373 496 152 1374 499 152 1375 497 152 1376 498 153 1377 483 153 1378 499 153 1379 507 1 1380 517 1 1381 505 1 1382 514 0 1383 504 0 1384 516 0 1385 502 154 1386 504 154 1387 505 154 1388 504 155 1389 506 155 1390 507 155 1391 506 156 1392 508 156 1393 509 156 1394 509 157 1395 508 157 1396 510 157 1397 511 158 1398 510 158 1399 512 158 1400 513 159 1401 512 159 1402 514 159 1403 514 160 1404 516 160 1405 517 160 1406 516 161 1407 500 161 1408 501 161 1409 505 162 1410 501 162 1411 503 162 1412 501 1 1413 505 1 1414 517 1 1415 517 1 1416 507 1 1417 515 1 1418 515 163 1419 507 163 1420 513 163 1421 513 1 1422 509 1 1423 511 1 1424 507 1 1425 509 1 1426 513 1 1427 516 0 1428 502 0 1429 500 0 1430 502 0 1431 516 0 1432 504 0 1433 504 0 1434 514 0 1435 506 0 1436 506 0 1437 514 0 1438 508 0 1439 508 0 1440 512 0 1441 510 0 1442 514 164 1443 512 164 1444 508 164 1445 502 165 1446 505 165 1447 503 165 1448 504 166 1449 507 166 1450 505 166 1451 506 167 1452 509 167 1453 507 167 1454 509 168 1455 510 168 1456 511 168 1457 511 169 1458 512 169 1459 513 169 1460 513 170 1461 514 170 1462 515 170 1463 514 171 1464 517 171 1465 515 171 1466 516 172 1467 501 172 1468 517 172 1469 525 1 1470 535 1 1471 523 1 1472 532 0 1473 522 0 1474 534 0 1475 520 173 1476 522 173 1477 523 173 1478 522 174 1479 524 174 1480 525 174 1481 524 175 1482 526 175 1483 527 175 1484 527 176 1485 526 176 1486 528 176 1487 529 158 1488 528 158 1489 530 158 1490 531 177 1491 530 177 1492 532 177 1493 532 178 1494 534 178 1495 535 178 1496 534 179 1497 518 179 1498 519 179 1499 523 1 1500 519 1 1501 521 1 1502 519 1 1503 523 1 1504 535 1 1505 535 1 1506 525 1 1507 533 1 1508 533 1 1509 525 1 1510 531 1 1511 531 1 1512 527 1 1513 529 1 1514 525 1 1515 527 1 1516 531 1 1517 534 180 1518 520 180 1519 518 180 1520 520 181 1521 534 181 1522 522 181 1523 522 0 1524 532 0 1525 524 0 1526 524 0 1527 532 0 1528 526 0 1529 526 0 1530 530 0 1531 528 0 1532 532 182 1533 530 182 1534 526 182 1535 520 183 1536 523 183 1537 521 183 1538 522 184 1539 525 184 1540 523 184 1541 524 185 1542 527 185 1543 525 185 1544 527 186 1545 528 186 1546 529 186 1547 529 187 1548 530 187 1549 531 187 1550 531 188 1551 532 188 1552 533 188 1553 532 189 1554 535 189 1555 533 189 1556 534 190 1557 519 190 1558 535 190 1559 543 1 1560 541 1 1561 553 1 1562 550 191 1563 552 191 1564 540 191 1565 538 192 1566 541 192 1567 540 192 1568 540 193 1569 543 193 1570 542 193 1571 542 194 1572 545 194 1573 544 194 1574 545 195 1575 546 195 1576 544 195 1577 547 196 1578 548 196 1579 546 196 1580 549 197 1581 550 197 1582 548 197 1583 550 198 1584 553 198 1585 552 198 1586 552 199 1587 537 199 1588 536 199 1589 541 1 1590 539 1 1591 537 1 1592 537 200 1593 553 200 1594 541 200 1595 553 201 1596 551 201 1597 543 201 1598 551 202 1599 549 202 1600 543 202 1601 549 1 1602 547 1 1603 545 1 1604 543 203 1605 549 203 1606 545 203 1607 552 0 1608 536 0 1609 538 0 1610 538 204 1611 540 204 1612 552 204 1613 540 0 1614 542 0 1615 550 0 1616 542 0 1617 544 0 1618 550 0 1619 544 205 1620 546 205 1621 548 205 1622 550 206 1623 544 206 1624 548 206 1625 538 207 1626 539 207 1627 541 207 1628 540 208 1629 541 208 1630 543 208 1631 542 209 1632 543 209 1633 545 209 1634 545 210 1635 547 210 1636 546 210 1637 547 211 1638 549 211 1639 548 211 1640 549 212 1641 551 212 1642 550 212 1643 550 213 1644 551 213 1645 553 213 1646 552 214 1647 553 214 1648 537 214 1649 561 1 1650 559 1 1651 571 1 1652 568 0 1653 570 0 1654 558 0 1655 556 215 1656 559 215 1657 558 215 1658 558 216 1659 561 216 1660 560 216 1661 560 217 1662 563 217 1663 562 217 1664 563 218 1665 564 218 1666 562 218 1667 565 219 1668 566 219 1669 564 219 1670 567 220 1671 568 220 1672 566 220 1673 568 221 1674 571 221 1675 570 221 1676 570 222 1677 555 222 1678 554 222 1679 559 1 1680 557 1 1681 555 1 1682 555 1 1683 571 1 1684 559 1 1685 571 1 1686 569 1 1687 561 1 1688 569 1 1689 567 1 1690 561 1 1691 567 223 1692 565 223 1693 563 223 1694 561 1 1695 567 1 1696 563 1 1697 570 0 1698 554 0 1699 556 0 1700 556 0 1701 558 0 1702 570 0 1703 558 0 1704 560 0 1705 568 0 1706 560 0 1707 562 0 1708 568 0 1709 562 0 1710 564 0 1711 566 0 1712 568 224 1713 562 224 1714 566 224 1715 556 225 1716 557 225 1717 559 225 1718 558 226 1719 559 226 1720 561 226 1721 560 227 1722 561 227 1723 563 227 1724 563 228 1725 565 228 1726 564 228 1727 565 229 1728 567 229 1729 566 229 1730 567 230 1731 569 230 1732 568 230 1733 568 231 1734 569 231 1735 571 231 1736 570 232 1737 571 232 1738 555 232 1739 579 1 1740 577 1 1741 589 1 1742 586 0 1743 588 0 1744 576 0 1745 574 233 1746 577 233 1747 576 233 1748 576 234 1749 579 234 1750 578 234 1751 578 235 1752 581 235 1753 580 235 1754 581 236 1755 582 236 1756 580 236 1757 583 237 1758 584 237 1759 582 237 1760 585 238 1761 586 238 1762 584 238 1763 586 239 1764 589 239 1765 588 239 1766 588 240 1767 573 240 1768 572 240 1769 577 142 1770 575 142 1771 573 142 1772 573 143 1773 589 143 1774 577 143 1775 589 1 1776 587 1 1777 579 1 1778 587 1 1779 585 1 1780 579 1 1781 585 241 1782 583 241 1783 581 241 1784 579 1 1785 585 1 1786 581 1 1787 588 0 1788 572 0 1789 574 0 1790 574 242 1791 576 242 1792 588 242 1793 576 0 1794 578 0 1795 586 0 1796 578 243 1797 580 243 1798 586 243 1799 580 0 1800 582 0 1801 584 0 1802 586 244 1803 580 244 1804 584 244 1805 574 245 1806 575 245 1807 577 245 1808 576 246 1809 577 246 1810 579 246 1811 578 247 1812 579 247 1813 581 247 1814 581 248 1815 583 248 1816 582 248 1817 583 249 1818 585 249 1819 584 249 1820 585 250 1821 587 250 1822 586 250 1823 586 251 1824 587 251 1825 589 251 1826 588 252 1827 589 252 1828 573 252 1829 597 253 1830 595 253 1831 607 253 1832 604 254 1833 606 254 1834 594 254 1835 592 255 1836 595 255 1837 594 255 1838 594 256 1839 597 256 1840 596 256 1841 596 257 1842 599 257 1843 598 257 1844 599 121 1845 600 121 1846 598 121 1847 601 258 1848 602 258 1849 600 258 1850 603 259 1851 604 259 1852 602 259 1853 604 260 1854 607 260 1855 606 260 1856 606 107 1857 591 107 1858 590 107 1859 595 1 1860 593 1 1861 591 1 1862 591 261 1863 607 261 1864 595 261 1865 607 262 1866 605 262 1867 597 262 1868 605 263 1869 603 263 1870 597 263 1871 603 1 1872 601 1 1873 599 1 1874 597 1 1875 603 1 1876 599 1 1877 606 0 1878 590 0 1879 592 0 1880 592 264 1881 594 264 1882 606 264 1883 594 0 1884 596 0 1885 604 0 1886 596 0 1887 598 0 1888 604 0 1889 598 0 1890 600 0 1891 602 0 1892 604 265 1893 598 265 1894 602 265 1895 592 266 1896 593 266 1897 595 266 1898 594 267 1899 595 267 1900 597 267 1901 596 268 1902 597 268 1903 599 268 1904 599 130 1905 601 130 1906 600 130 1907 601 269 1908 603 269 1909 602 269 1910 603 270 1911 605 270 1912 604 270 1913 604 271 1914 605 271 1915 607 271 1916 606 272 1917 607 272 1918 591 272 1919 615 1 1920 613 1 1921 625 1 1922 622 0 1923 624 0 1924 612 0 1925 610 273 1926 613 273 1927 612 273 1928 612 274 1929 615 274 1930 614 274 1931 614 275 1932 617 275 1933 616 275 1934 617 276 1935 618 276 1936 616 276 1937 619 277 1938 620 277 1939 618 277 1940 621 278 1941 622 278 1942 620 278 1943 622 260 1944 625 260 1945 624 260 1946 624 107 1947 609 107 1948 608 107 1949 613 279 1950 611 279 1951 609 279 1952 609 1 1953 625 1 1954 613 1 1955 625 1 1956 623 1 1957 615 1 1958 623 1 1959 621 1 1960 615 1 1961 621 125 1962 619 125 1963 617 125 1964 615 1 1965 621 1 1966 617 1 1967 624 0 1968 608 0 1969 610 0 1970 610 280 1971 612 280 1972 624 280 1973 612 0 1974 614 0 1975 622 0 1976 614 0 1977 616 0 1978 622 0 1979 616 281 1980 618 281 1981 620 281 1982 622 0 1983 616 0 1984 620 0 1985 610 282 1986 611 282 1987 613 282 1988 612 283 1989 613 283 1990 615 283 1991 614 284 1992 615 284 1993 617 284 1994 617 285 1995 619 285 1996 618 285 1997 619 286 1998 621 286 1999 620 286 2000 621 287 2001 623 287 2002 622 287 2003 622 288 2004 623 288 2005 625 288 2006 624 289 2007 625 289 2008 609 289 2009 633 1 2010 643 1 2011 631 1 2012 640 0 2013 630 0 2014 642 0 2015 628 290 2016 630 290 2017 631 290 2018 630 291 2019 632 291 2020 633 291 2021 632 292 2022 634 292 2023 635 292 2024 635 293 2025 634 293 2026 636 293 2027 637 294 2028 636 294 2029 638 294 2030 639 295 2031 638 295 2032 640 295 2033 640 296 2034 642 296 2035 643 296 2036 642 83 2037 626 83 2038 627 83 2039 631 1 2040 627 1 2041 629 1 2042 627 1 2043 631 1 2044 643 1 2045 643 1 2046 633 1 2047 641 1 2048 641 61 2049 633 61 2050 639 61 2051 639 297 2052 635 297 2053 637 297 2054 633 1 2055 635 1 2056 639 1 2057 642 0 2058 628 0 2059 626 0 2060 628 0 2061 642 0 2062 630 0 2063 630 0 2064 640 0 2065 632 0 2066 632 298 2067 640 298 2068 634 298 2069 634 299 2070 638 299 2071 636 299 2072 640 0 2073 638 0 2074 634 0 2075 628 300 2076 631 300 2077 629 300 2078 630 301 2079 633 301 2080 631 301 2081 632 302 2082 635 302 2083 633 302 2084 635 303 2085 636 303 2086 637 303 2087 637 304 2088 638 304 2089 639 304 2090 639 305 2091 640 305 2092 641 305 2093 640 306 2094 643 306 2095 641 306 2096 642 307 2097 627 307 2098 643 307 2099 651 1 2100 661 1 2101 649 1 2102 658 0 2103 648 0 2104 660 0 2105 646 308 2106 648 308 2107 649 308 2108 648 309 2109 650 309 2110 651 309 2111 650 310 2112 652 310 2113 653 310 2114 653 311 2115 652 311 2116 654 311 2117 655 312 2118 654 312 2119 656 312 2120 657 313 2121 656 313 2122 658 313 2123 658 314 2124 660 314 2125 661 314 2126 660 315 2127 644 315 2128 645 315 2129 649 1 2130 645 1 2131 647 1 2132 645 316 2133 649 316 2134 661 316 2135 661 1 2136 651 1 2137 659 1 2138 659 1 2139 651 1 2140 657 1 2141 657 317 2142 653 317 2143 655 317 2144 651 1 2145 653 1 2146 657 1 2147 660 0 2148 646 0 2149 644 0 2150 646 0 2151 660 0 2152 648 0 2153 648 0 2154 658 0 2155 650 0 2156 650 0 2157 658 0 2158 652 0 2159 652 0 2160 656 0 2161 654 0 2162 658 0 2163 656 0 2164 652 0 2165 646 60 2166 649 60 2167 647 60 2168 648 318 2169 651 318 2170 649 318 2171 650 319 2172 653 319 2173 651 319 2174 653 219 2175 654 219 2176 655 219 2177 655 320 2178 656 320 2179 657 320 2180 657 321 2181 658 321 2182 659 321 2183 658 322 2184 661 322 2185 659 322 2186 660 323 2187 645 323 2188 661 323 2189 669 1 2190 679 1 2191 667 1 2192 676 0 2193 666 0 2194 678 0 2195 664 324 2196 666 324 2197 667 324 2198 666 291 2199 668 291 2200 669 291 2201 668 325 2202 670 325 2203 671 325 2204 671 293 2205 670 293 2206 672 293 2207 673 312 2208 672 312 2209 674 312 2210 675 326 2211 674 326 2212 676 326 2213 676 327 2214 678 327 2215 679 327 2216 678 315 2217 662 315 2218 663 315 2219 667 1 2220 663 1 2221 665 1 2222 663 1 2223 667 1 2224 679 1 2225 679 94 2226 669 94 2227 677 94 2228 677 1 2229 669 1 2230 675 1 2231 675 1 2232 671 1 2233 673 1 2234 669 1 2235 671 1 2236 675 1 2237 678 0 2238 664 0 2239 662 0 2240 664 0 2241 678 0 2242 666 0 2243 666 0 2244 676 0 2245 668 0 2246 668 328 2247 676 328 2248 670 328 2249 670 299 2250 674 299 2251 672 299 2252 676 329 2253 674 329 2254 670 329 2255 664 330 2256 667 330 2257 665 330 2258 666 301 2259 669 301 2260 667 301 2261 668 331 2262 671 331 2263 669 331 2264 671 303 2265 672 303 2266 673 303 2267 673 332 2268 674 332 2269 675 332 2270 675 333 2271 676 333 2272 677 333 2273 676 334 2274 679 334 2275 677 334 2276 678 335 2277 663 335 2278 679 335 2279 687 336 2280 697 336 2281 685 336 2282 694 0 2283 684 0 2284 696 0 2285 682 337 2286 684 337 2287 685 337 2288 684 338 2289 686 338 2290 687 338 2291 686 339 2292 688 339 2293 689 339 2294 689 340 2295 688 340 2296 690 340 2297 691 341 2298 690 341 2299 692 341 2300 693 342 2301 692 342 2302 694 342 2303 694 343 2304 696 343 2305 697 343 2306 696 344 2307 680 344 2308 681 344 2309 685 1 2310 681 1 2311 683 1 2312 681 1 2313 685 1 2314 697 1 2315 697 1 2316 687 1 2317 695 1 2318 695 345 2319 687 345 2320 693 345 2321 693 346 2322 689 346 2323 691 346 2324 687 1 2325 689 1 2326 693 1 2327 696 347 2328 682 347 2329 680 347 2330 682 348 2331 696 348 2332 684 348 2333 684 0 2334 694 0 2335 686 0 2336 686 349 2337 694 349 2338 688 349 2339 688 350 2340 692 350 2341 690 350 2342 694 0 2343 692 0 2344 688 0 2345 682 351 2346 685 351 2347 683 351 2348 684 352 2349 687 352 2350 685 352 2351 686 353 2352 689 353 2353 687 353 2354 689 354 2355 690 354 2356 691 354 2357 691 355 2358 692 355 2359 693 355 2360 693 356 2361 694 356 2362 695 356 2363 694 357 2364 697 357 2365 695 357 2366 696 358 2367 681 358 2368 697 358 2369 705 359 2370 715 359 2371 703 359 2372 712 360 2373 702 360 2374 714 360 2375 700 361 2376 702 361 2377 703 361 2378 702 362 2379 704 362 2380 705 362 2381 704 363 2382 706 363 2383 707 363 2384 707 364 2385 706 364 2386 708 364 2387 709 365 2388 708 365 2389 710 365 2390 711 366 2391 710 366 2392 712 366 2393 712 367 2394 714 367 2395 715 367 2396 714 344 2397 698 344 2398 699 344 2399 703 124 2400 699 124 2401 701 124 2402 699 1 2403 703 1 2404 715 1 2405 715 368 2406 705 368 2407 713 368 2408 713 1 2409 705 1 2410 711 1 2411 711 1 2412 707 1 2413 709 1 2414 705 1 2415 707 1 2416 711 1 2417 714 369 2418 700 369 2419 698 369 2420 700 181 2421 714 181 2422 702 181 2423 702 0 2424 712 0 2425 704 0 2426 704 0 2427 712 0 2428 706 0 2429 706 0 2430 710 0 2431 708 0 2432 712 0 2433 710 0 2434 706 0 2435 700 370 2436 703 370 2437 701 370 2438 702 371 2439 705 371 2440 703 371 2441 704 372 2442 707 372 2443 705 372 2444 707 373 2445 708 373 2446 709 373 2447 709 374 2448 710 374 2449 711 374 2450 711 375 2451 712 375 2452 713 375 2453 712 376 2454 715 376 2455 713 376 2456 714 377 2457 699 377 2458 715 377 2459 723 378 2460 733 378 2461 721 378 2462 730 1 2463 720 1 2464 732 1 2465 718 53 2466 720 53 2467 721 53 2468 720 54 2469 722 54 2470 723 54 2471 722 55 2472 724 55 2473 725 55 2474 725 56 2475 724 56 2476 726 56 2477 727 57 2478 726 57 2479 728 57 2480 729 379 2481 728 379 2482 730 379 2483 730 380 2484 732 380 2485 733 380 2486 732 60 2487 716 60 2488 717 60 2489 721 0 2490 717 0 2491 719 0 2492 717 0 2493 721 0 2494 733 0 2495 733 0 2496 723 0 2497 731 0 2498 731 381 2499 723 381 2500 729 381 2501 729 0 2502 725 0 2503 727 0 2504 723 0 2505 725 0 2506 729 0 2507 732 1 2508 718 1 2509 716 1 2510 718 382 2511 732 382 2512 720 382 2513 720 1 2514 730 1 2515 722 1 2516 722 1 2517 730 1 2518 724 1 2519 724 1 2520 728 1 2521 726 1 2522 730 1 2523 728 1 2524 724 1 2525 718 63 2526 721 63 2527 719 63 2528 720 64 2529 723 64 2530 721 64 2531 722 65 2532 725 65 2533 723 65 2534 725 66 2535 726 66 2536 727 66 2537 727 383 2538 728 383 2539 729 383 2540 729 68 2541 730 68 2542 731 68 2543 730 69 2544 733 69 2545 731 69 2546 732 384 2547 717 384 2548 733 384 2549 741 0 2550 751 0 2551 739 0 2552 748 385 2553 738 385 2554 750 385 2555 736 72 2556 738 72 2557 739 72 2558 738 73 2559 740 73 2560 741 73 2561 740 74 2562 742 74 2563 743 74 2564 743 75 2565 742 75 2566 744 75 2567 745 76 2568 744 76 2569 746 76 2570 747 386 2571 746 386 2572 748 386 2573 748 387 2574 750 387 2575 751 387 2576 750 79 2577 734 79 2578 735 79 2579 739 0 2580 735 0 2581 737 0 2582 735 0 2583 739 0 2584 751 0 2585 751 0 2586 741 0 2587 749 0 2588 749 0 2589 741 0 2590 747 0 2591 747 0 2592 743 0 2593 745 0 2594 741 388 2595 743 388 2596 747 388 2597 750 1 2598 736 1 2599 734 1 2600 736 1 2601 750 1 2602 738 1 2603 738 201 2604 748 201 2605 740 201 2606 740 1 2607 748 1 2608 742 1 2609 742 1 2610 746 1 2611 744 1 2612 748 389 2613 746 389 2614 742 389 2615 736 83 2616 739 83 2617 737 83 2618 738 84 2619 741 84 2620 739 84 2621 740 85 2622 743 85 2623 741 85 2624 743 86 2625 744 86 2626 745 86 2627 745 390 2628 746 390 2629 747 390 2630 747 88 2631 748 88 2632 749 88 2633 748 89 2634 751 89 2635 749 89 2636 750 391 2637 735 391 2638 751 391 2639 759 0 2640 769 0 2641 757 0 2642 766 392 2643 756 392 2644 768 392 2645 754 53 2646 756 53 2647 757 53 2648 756 92 2649 758 92 2650 759 92 2651 758 93 2652 760 93 2653 761 93 2654 761 75 2655 760 75 2656 762 75 2657 763 76 2658 762 76 2659 764 76 2660 765 386 2661 764 386 2662 766 386 2663 766 387 2664 768 387 2665 769 387 2666 768 79 2667 752 79 2668 753 79 2669 757 0 2670 753 0 2671 755 0 2672 753 0 2673 757 0 2674 769 0 2675 769 393 2676 759 393 2677 767 393 2678 767 0 2679 759 0 2680 765 0 2681 765 0 2682 761 0 2683 763 0 2684 759 0 2685 761 0 2686 765 0 2687 768 1 2688 754 1 2689 752 1 2690 754 1 2691 768 1 2692 756 1 2693 756 1 2694 766 1 2695 758 1 2696 758 1 2697 766 1 2698 760 1 2699 760 1 2700 764 1 2701 762 1 2702 766 394 2703 764 394 2704 760 394 2705 754 63 2706 757 63 2707 755 63 2708 756 96 2709 759 96 2710 757 96 2711 758 97 2712 761 97 2713 759 97 2714 761 86 2715 762 86 2716 763 86 2717 763 395 2718 764 395 2719 765 395 2720 765 88 2721 766 88 2722 767 88 2723 766 89 2724 769 89 2725 767 89 2726 768 396 2727 753 396 2728 769 396 2729 777 0 2730 787 0 2731 775 0 2732 784 1 2733 774 1 2734 786 1 2735 772 100 2736 774 100 2737 775 100 2738 774 101 2739 776 101 2740 777 101 2741 776 102 2742 778 102 2743 779 102 2744 779 103 2745 778 103 2746 780 103 2747 781 104 2748 780 104 2749 782 104 2750 783 397 2751 782 397 2752 784 397 2753 784 398 2754 786 398 2755 787 398 2756 786 107 2757 770 107 2758 771 107 2759 775 0 2760 771 0 2761 773 0 2762 771 0 2763 775 0 2764 787 0 2765 787 0 2766 777 0 2767 785 0 2768 785 0 2769 777 0 2770 783 0 2771 783 0 2772 779 0 2773 781 0 2774 777 0 2775 779 0 2776 783 0 2777 786 1 2778 772 1 2779 770 1 2780 772 399 2781 786 399 2782 774 399 2783 774 1 2784 784 1 2785 776 1 2786 776 1 2787 784 1 2788 778 1 2789 778 1 2790 782 1 2791 780 1 2792 784 400 2793 782 400 2794 778 400 2795 772 110 2796 775 110 2797 773 110 2798 774 111 2799 777 111 2800 775 111 2801 776 112 2802 779 112 2803 777 112 2804 779 113 2805 780 113 2806 781 113 2807 781 401 2808 782 401 2809 783 401 2810 783 115 2811 784 115 2812 785 115 2813 784 116 2814 787 116 2815 785 116 2816 786 402 2817 771 402 2818 787 402 2819 795 0 2820 805 0 2821 793 0 2822 802 1 2823 792 1 2824 804 1 2825 790 118 2826 792 118 2827 793 118 2828 792 119 2829 794 119 2830 795 119 2831 794 120 2832 796 120 2833 797 120 2834 797 121 2835 796 121 2836 798 121 2837 799 104 2838 798 104 2839 800 104 2840 801 403 2841 800 403 2842 802 403 2843 802 404 2844 804 404 2845 805 404 2846 804 107 2847 788 107 2848 789 107 2849 793 405 2850 789 405 2851 791 405 2852 789 0 2853 793 0 2854 805 0 2855 805 0 2856 795 0 2857 803 0 2858 803 0 2859 795 0 2860 801 0 2861 801 406 2862 797 406 2863 799 406 2864 795 0 2865 797 0 2866 801 0 2867 804 1 2868 790 1 2869 788 1 2870 790 399 2871 804 399 2872 792 399 2873 792 1 2874 802 1 2875 794 1 2876 794 1 2877 802 1 2878 796 1 2879 796 407 2880 800 407 2881 798 407 2882 802 1 2883 800 1 2884 796 1 2885 790 127 2886 793 127 2887 791 127 2888 792 128 2889 795 128 2890 793 128 2891 794 129 2892 797 129 2893 795 129 2894 797 130 2895 798 130 2896 799 130 2897 799 408 2898 800 408 2899 801 408 2900 801 132 2901 802 132 2902 803 132 2903 802 116 2904 805 116 2905 803 116 2906 804 409 2907 789 409 2908 805 409 2909 813 0 2910 811 0 2911 823 0 2912 820 1 2913 822 1 2914 810 1 2915 808 134 2916 811 134 2917 810 134 2918 810 410 2919 813 410 2920 812 410 2921 812 136 2922 815 136 2923 814 136 2924 815 137 2925 816 137 2926 814 137 2927 817 138 2928 818 138 2929 816 138 2930 819 411 2931 820 411 2932 818 411 2933 820 412 2934 823 412 2935 822 412 2936 822 141 2937 807 141 2938 806 141 2939 811 413 2940 809 413 2941 807 413 2942 807 414 2943 823 414 2944 811 414 2945 823 0 2946 821 0 2947 813 0 2948 821 0 2949 819 0 2950 813 0 2951 819 0 2952 817 0 2953 815 0 2954 813 415 2955 819 415 2956 815 415 2957 822 1 2958 806 1 2959 808 1 2960 808 1 2961 810 1 2962 822 1 2963 810 1 2964 812 1 2965 820 1 2966 812 1 2967 814 1 2968 820 1 2969 814 416 2970 816 416 2971 818 416 2972 820 1 2973 814 1 2974 818 1 2975 808 146 2976 809 146 2977 811 146 2978 810 147 2979 811 147 2980 813 147 2981 812 417 2982 813 417 2983 815 417 2984 815 149 2985 817 149 2986 816 149 2987 817 418 2988 819 418 2989 818 418 2990 819 151 2991 821 151 2992 820 151 2993 820 152 2994 821 152 2995 823 152 2996 822 419 2997 823 419 2998 807 419 2999 831 0 3000 829 0 3001 841 0 3002 838 1 3003 840 1 3004 828 1 3005 826 154 3006 829 154 3007 828 154 3008 828 420 3009 831 420 3010 830 420 3011 830 156 3012 833 156 3013 832 156 3014 833 157 3015 834 157 3016 832 157 3017 835 158 3018 836 158 3019 834 158 3020 837 421 3021 838 421 3022 836 421 3023 838 422 3024 841 422 3025 840 422 3026 840 161 3027 825 161 3028 824 161 3029 829 423 3030 827 423 3031 825 423 3032 825 0 3033 841 0 3034 829 0 3035 841 0 3036 839 0 3037 831 0 3038 839 424 3039 837 424 3040 831 424 3041 837 0 3042 835 0 3043 833 0 3044 831 0 3045 837 0 3046 833 0 3047 840 1 3048 824 1 3049 826 1 3050 826 1 3051 828 1 3052 840 1 3053 828 1 3054 830 1 3055 838 1 3056 830 1 3057 832 1 3058 838 1 3059 832 1 3060 834 1 3061 836 1 3062 838 425 3063 832 425 3064 836 425 3065 826 165 3066 827 165 3067 829 165 3068 828 166 3069 829 166 3070 831 166 3071 830 426 3072 831 426 3073 833 426 3074 833 168 3075 835 168 3076 834 168 3077 835 427 3078 837 427 3079 836 427 3080 837 170 3081 839 170 3082 838 170 3083 838 171 3084 839 171 3085 841 171 3086 840 428 3087 841 428 3088 825 428 3089 849 0 3090 847 0 3091 859 0 3092 856 1 3093 858 1 3094 846 1 3095 844 173 3096 847 173 3097 846 173 3098 846 429 3099 849 429 3100 848 429 3101 848 175 3102 851 175 3103 850 175 3104 851 176 3105 852 176 3106 850 176 3107 853 158 3108 854 158 3109 852 158 3110 855 430 3111 856 430 3112 854 430 3113 856 431 3114 859 431 3115 858 431 3116 858 179 3117 843 179 3118 842 179 3119 847 0 3120 845 0 3121 843 0 3122 843 0 3123 859 0 3124 847 0 3125 859 0 3126 857 0 3127 849 0 3128 857 0 3129 855 0 3130 849 0 3131 855 0 3132 853 0 3133 851 0 3134 849 0 3135 855 0 3136 851 0 3137 858 432 3138 842 432 3139 844 432 3140 844 433 3141 846 433 3142 858 433 3143 846 1 3144 848 1 3145 856 1 3146 848 1 3147 850 1 3148 856 1 3149 850 1 3150 852 1 3151 854 1 3152 856 434 3153 850 434 3154 854 434 3155 844 183 3156 845 183 3157 847 183 3158 846 184 3159 847 184 3160 849 184 3161 848 435 3162 849 435 3163 851 435 3164 851 186 3165 853 186 3166 852 186 3167 853 436 3168 855 436 3169 854 436 3170 855 188 3171 857 188 3172 856 188 3173 856 189 3174 857 189 3175 859 189 3176 858 437 3177 859 437 3178 843 437 3179 867 0 3180 877 0 3181 865 0 3182 874 438 3183 864 438 3184 876 438 3185 862 192 3186 864 192 3187 865 192 3188 864 193 3189 866 193 3190 867 193 3191 866 194 3192 868 194 3193 869 194 3194 869 195 3195 868 195 3196 870 195 3197 871 196 3198 870 196 3199 872 196 3200 873 439 3201 872 439 3202 874 439 3203 874 440 3204 876 440 3205 877 440 3206 876 199 3207 860 199 3208 861 199 3209 865 0 3210 861 0 3211 863 0 3212 861 441 3213 865 441 3214 877 441 3215 877 81 3216 867 81 3217 875 81 3218 875 442 3219 867 442 3220 873 442 3221 873 0 3222 869 0 3223 871 0 3224 867 443 3225 869 443 3226 873 443 3227 876 1 3228 862 1 3229 860 1 3230 862 444 3231 876 444 3232 864 444 3233 864 1 3234 874 1 3235 866 1 3236 866 1 3237 874 1 3238 868 1 3239 868 445 3240 872 445 3241 870 445 3242 874 446 3243 872 446 3244 868 446 3245 862 207 3246 865 207 3247 863 207 3248 864 208 3249 867 208 3250 865 208 3251 866 209 3252 869 209 3253 867 209 3254 869 210 3255 870 210 3256 871 210 3257 871 447 3258 872 447 3259 873 447 3260 873 212 3261 874 212 3262 875 212 3263 874 213 3264 877 213 3265 875 213 3266 876 448 3267 861 448 3268 877 448 3269 885 0 3270 895 0 3271 883 0 3272 892 1 3273 882 1 3274 894 1 3275 880 215 3276 882 215 3277 883 215 3278 882 216 3279 884 216 3280 885 216 3281 884 217 3282 886 217 3283 887 217 3284 887 218 3285 886 218 3286 888 218 3287 889 219 3288 888 219 3289 890 219 3290 891 449 3291 890 449 3292 892 449 3293 892 450 3294 894 450 3295 895 450 3296 894 222 3297 878 222 3298 879 222 3299 883 0 3300 879 0 3301 881 0 3302 879 0 3303 883 0 3304 895 0 3305 895 0 3306 885 0 3307 893 0 3308 893 0 3309 885 0 3310 891 0 3311 891 451 3312 887 451 3313 889 451 3314 885 0 3315 887 0 3316 891 0 3317 894 1 3318 880 1 3319 878 1 3320 880 1 3321 894 1 3322 882 1 3323 882 1 3324 892 1 3325 884 1 3326 884 1 3327 892 1 3328 886 1 3329 886 1 3330 890 1 3331 888 1 3332 892 452 3333 890 452 3334 886 452 3335 880 225 3336 883 225 3337 881 225 3338 882 226 3339 885 226 3340 883 226 3341 884 227 3342 887 227 3343 885 227 3344 887 228 3345 888 228 3346 889 228 3347 889 453 3348 890 453 3349 891 453 3350 891 230 3351 892 230 3352 893 230 3353 892 231 3354 895 231 3355 893 231 3356 894 454 3357 879 454 3358 895 454 3359 903 0 3360 913 0 3361 901 0 3362 910 1 3363 900 1 3364 912 1 3365 898 233 3366 900 233 3367 901 233 3368 900 234 3369 902 234 3370 903 234 3371 902 235 3372 904 235 3373 905 235 3374 905 236 3375 904 236 3376 906 236 3377 907 237 3378 906 237 3379 908 237 3380 909 455 3381 908 455 3382 910 455 3383 910 456 3384 912 456 3385 913 456 3386 912 240 3387 896 240 3388 897 240 3389 901 413 3390 897 413 3391 899 413 3392 897 414 3393 901 414 3394 913 414 3395 913 0 3396 903 0 3397 911 0 3398 911 0 3399 903 0 3400 909 0 3401 909 457 3402 905 457 3403 907 457 3404 903 0 3405 905 0 3406 909 0 3407 912 1 3408 898 1 3409 896 1 3410 898 458 3411 912 458 3412 900 458 3413 900 1 3414 910 1 3415 902 1 3416 902 459 3417 910 459 3418 904 459 3419 904 1 3420 908 1 3421 906 1 3422 910 460 3423 908 460 3424 904 460 3425 898 245 3426 901 245 3427 899 245 3428 900 246 3429 903 246 3430 901 246 3431 902 247 3432 905 247 3433 903 247 3434 905 248 3435 906 248 3436 907 248 3437 907 461 3438 908 461 3439 909 461 3440 909 250 3441 910 250 3442 911 250 3443 910 251 3444 913 251 3445 911 251 3446 912 462 3447 897 462 3448 913 462 3449 921 463 3450 931 463 3451 919 463 3452 928 464 3453 918 464 3454 930 464 3455 916 255 3456 918 255 3457 919 255 3458 918 465 3459 920 465 3460 921 465 3461 920 257 3462 922 257 3463 923 257 3464 923 121 3465 922 121 3466 924 121 3467 925 258 3468 924 258 3469 926 258 3470 927 466 3471 926 466 3472 928 466 3473 928 467 3474 930 467 3475 931 467 3476 930 107 3477 914 107 3478 915 107 3479 919 0 3480 915 0 3481 917 0 3482 915 468 3483 919 468 3484 931 468 3485 931 469 3486 921 469 3487 929 469 3488 929 470 3489 921 470 3490 927 470 3491 927 0 3492 923 0 3493 925 0 3494 921 0 3495 923 0 3496 927 0 3497 930 1 3498 916 1 3499 914 1 3500 916 471 3501 930 471 3502 918 471 3503 918 1 3504 928 1 3505 920 1 3506 920 1 3507 928 1 3508 922 1 3509 922 1 3510 926 1 3511 924 1 3512 928 472 3513 926 472 3514 922 472 3515 916 266 3516 919 266 3517 917 266 3518 918 267 3519 921 267 3520 919 267 3521 920 473 3522 923 473 3523 921 473 3524 923 130 3525 924 130 3526 925 130 3527 925 474 3528 926 474 3529 927 474 3530 927 270 3531 928 270 3532 929 270 3533 928 271 3534 931 271 3535 929 271 3536 930 475 3537 915 475 3538 931 475 3539 939 0 3540 949 0 3541 937 0 3542 946 1 3543 936 1 3544 948 1 3545 934 273 3546 936 273 3547 937 273 3548 936 274 3549 938 274 3550 939 274 3551 938 275 3552 940 275 3553 941 275 3554 941 276 3555 940 276 3556 942 276 3557 943 277 3558 942 277 3559 944 277 3560 945 476 3561 944 476 3562 946 476 3563 946 467 3564 948 467 3565 949 467 3566 948 107 3567 932 107 3568 933 107 3569 937 369 3570 933 369 3571 935 369 3572 933 0 3573 937 0 3574 949 0 3575 949 0 3576 939 0 3577 947 0 3578 947 0 3579 939 0 3580 945 0 3581 945 406 3582 941 406 3583 943 406 3584 939 0 3585 941 0 3586 945 0 3587 948 1 3588 934 1 3589 932 1 3590 934 477 3591 948 477 3592 936 477 3593 936 1 3594 946 1 3595 938 1 3596 938 1 3597 946 1 3598 940 1 3599 940 478 3600 944 478 3601 942 478 3602 946 1 3603 944 1 3604 940 1 3605 934 282 3606 937 282 3607 935 282 3608 936 283 3609 939 283 3610 937 283 3611 938 479 3612 941 479 3613 939 479 3614 941 285 3615 942 285 3616 943 285 3617 943 480 3618 944 480 3619 945 480 3620 945 287 3621 946 287 3622 947 287 3623 946 288 3624 949 288 3625 947 288 3626 948 481 3627 933 481 3628 949 481 3629 957 0 3630 955 0 3631 967 0 3632 964 1 3633 966 1 3634 954 1 3635 952 290 3636 955 290 3637 954 290 3638 954 291 3639 957 291 3640 956 291 3641 956 292 3642 959 292 3643 958 292 3644 959 293 3645 960 293 3646 958 293 3647 961 294 3648 962 294 3649 960 294 3650 963 482 3651 964 482 3652 962 482 3653 964 483 3654 967 483 3655 966 483 3656 966 83 3657 951 83 3658 950 83 3659 955 0 3660 953 0 3661 951 0 3662 951 0 3663 967 0 3664 955 0 3665 967 0 3666 965 0 3667 957 0 3668 965 381 3669 963 381 3670 957 381 3671 963 484 3672 961 484 3673 959 484 3674 957 0 3675 963 0 3676 959 0 3677 966 1 3678 950 1 3679 952 1 3680 952 1 3681 954 1 3682 966 1 3683 954 1 3684 956 1 3685 964 1 3686 956 485 3687 958 485 3688 964 485 3689 958 486 3690 960 486 3691 962 486 3692 964 1 3693 958 1 3694 962 1 3695 952 300 3696 953 300 3697 955 300 3698 954 301 3699 955 301 3700 957 301 3701 956 302 3702 957 302 3703 959 302 3704 959 303 3705 961 303 3706 960 303 3707 961 487 3708 963 487 3709 962 487 3710 963 305 3711 965 305 3712 964 305 3713 964 306 3714 965 306 3715 967 306 3716 966 488 3717 967 488 3718 951 488 3719 975 0 3720 973 0 3721 985 0 3722 982 1 3723 984 1 3724 972 1 3725 970 308 3726 973 308 3727 972 308 3728 972 309 3729 975 309 3730 974 309 3731 974 310 3732 977 310 3733 976 310 3734 977 311 3735 978 311 3736 976 311 3737 979 312 3738 980 312 3739 978 312 3740 981 489 3741 982 489 3742 980 489 3743 982 314 3744 985 314 3745 984 314 3746 984 315 3747 969 315 3748 968 315 3749 973 0 3750 971 0 3751 969 0 3752 969 490 3753 985 490 3754 973 490 3755 985 0 3756 983 0 3757 975 0 3758 983 0 3759 981 0 3760 975 0 3761 981 491 3762 979 491 3763 977 491 3764 975 0 3765 981 0 3766 977 0 3767 984 1 3768 968 1 3769 970 1 3770 970 1 3771 972 1 3772 984 1 3773 972 1 3774 974 1 3775 982 1 3776 974 1 3777 976 1 3778 982 1 3779 976 1 3780 978 1 3781 980 1 3782 982 1 3783 976 1 3784 980 1 3785 970 60 3786 971 60 3787 973 60 3788 972 318 3789 973 318 3790 975 318 3791 974 319 3792 975 319 3793 977 319 3794 977 219 3795 979 219 3796 978 219 3797 979 492 3798 981 492 3799 980 492 3800 981 321 3801 983 321 3802 982 321 3803 982 322 3804 983 322 3805 985 322 3806 984 323 3807 985 323 3808 969 323 3809 993 0 3810 991 0 3811 1003 0 3812 1000 1 3813 1002 1 3814 990 1 3815 988 324 3816 991 324 3817 990 324 3818 990 291 3819 993 291 3820 992 291 3821 992 325 3822 995 325 3823 994 325 3824 995 293 3825 996 293 3826 994 293 3827 997 312 3828 998 312 3829 996 312 3830 999 493 3831 1000 493 3832 998 493 3833 1000 494 3834 1003 494 3835 1002 494 3836 1002 315 3837 987 315 3838 986 315 3839 991 0 3840 989 0 3841 987 0 3842 987 0 3843 1003 0 3844 991 0 3845 1003 393 3846 1001 393 3847 993 393 3848 1001 0 3849 999 0 3850 993 0 3851 999 0 3852 997 0 3853 995 0 3854 993 0 3855 999 0 3856 995 0 3857 1002 1 3858 986 1 3859 988 1 3860 988 1 3861 990 1 3862 1002 1 3863 990 1 3864 992 1 3865 1000 1 3866 992 495 3867 994 495 3868 1000 495 3869 994 486 3870 996 486 3871 998 486 3872 1000 496 3873 994 496 3874 998 496 3875 988 330 3876 989 330 3877 991 330 3878 990 301 3879 991 301 3880 993 301 3881 992 331 3882 993 331 3883 995 331 3884 995 303 3885 997 303 3886 996 303 3887 997 497 3888 999 497 3889 998 497 3890 999 333 3891 1001 333 3892 1000 333 3893 1000 334 3894 1001 334 3895 1003 334 3896 1002 498 3897 1003 498 3898 987 498 3899 1011 499 3900 1009 499 3901 1021 499 3902 1018 1 3903 1020 1 3904 1008 1 3905 1006 337 3906 1009 337 3907 1008 337 3908 1008 338 3909 1011 338 3910 1010 338 3911 1010 339 3912 1013 339 3913 1012 339 3914 1013 340 3915 1014 340 3916 1012 340 3917 1015 341 3918 1016 341 3919 1014 341 3920 1017 500 3921 1018 500 3922 1016 500 3923 1018 501 3924 1021 501 3925 1020 501 3926 1020 344 3927 1005 344 3928 1004 344 3929 1009 0 3930 1007 0 3931 1005 0 3932 1005 0 3933 1021 0 3934 1009 0 3935 1021 0 3936 1019 0 3937 1011 0 3938 1019 502 3939 1017 502 3940 1011 502 3941 1017 503 3942 1015 503 3943 1013 503 3944 1011 0 3945 1017 0 3946 1013 0 3947 1020 504 3948 1004 504 3949 1006 504 3950 1006 505 3951 1008 505 3952 1020 505 3953 1008 1 3954 1010 1 3955 1018 1 3956 1010 506 3957 1012 506 3958 1018 506 3959 1012 507 3960 1014 507 3961 1016 507 3962 1018 1 3963 1012 1 3964 1016 1 3965 1006 351 3966 1007 351 3967 1009 351 3968 1008 352 3969 1009 352 3970 1011 352 3971 1010 353 3972 1011 353 3973 1013 353 3974 1013 354 3975 1015 354 3976 1014 354 3977 1015 508 3978 1017 508 3979 1016 508 3980 1017 356 3981 1019 356 3982 1018 356 3983 1018 357 3984 1019 357 3985 1021 357 3986 1020 509 3987 1021 509 3988 1005 509 3989 1029 510 3990 1027 510 3991 1039 510 3992 1036 511 3993 1038 511 3994 1026 511 3995 1024 361 3996 1027 361 3997 1026 361 3998 1026 512 3999 1029 512 4000 1028 512 4001 1028 363 4002 1031 363 4003 1030 363 4004 1031 364 4005 1032 364 4006 1030 364 4007 1033 365 4008 1034 365 4009 1032 365 4010 1035 513 4011 1036 513 4012 1034 513 4013 1036 514 4014 1039 514 4015 1038 514 4016 1038 344 4017 1023 344 4018 1022 344 4019 1027 405 4020 1025 405 4021 1023 405 4022 1023 0 4023 1039 0 4024 1027 0 4025 1039 515 4026 1037 515 4027 1029 515 4028 1037 0 4029 1035 0 4030 1029 0 4031 1035 0 4032 1033 0 4033 1031 0 4034 1029 0 4035 1035 0 4036 1031 0 4037 1038 279 4038 1022 279 4039 1024 279 4040 1024 433 4041 1026 433 4042 1038 433 4043 1026 1 4044 1028 1 4045 1036 1 4046 1028 1 4047 1030 1 4048 1036 1 4049 1030 1 4050 1032 1 4051 1034 1 4052 1036 1 4053 1030 1 4054 1034 1 4055 1024 370 4056 1025 370 4057 1027 370 4058 1026 371 4059 1027 371 4060 1029 371 4061 1028 372 4062 1029 372 4063 1031 372 4064 1031 373 4065 1033 373 4066 1032 373 4067 1033 516 4068 1035 516 4069 1034 516 4070 1035 375 4071 1037 375 4072 1036 375 4073 1036 376 4074 1037 376 4075 1039 376 4076 1038 517 4077 1039 517 4078 1023 517 4079 83 0 4080 4 0 4081 6 0 4082 84 1 4083 82 1 4084 7 1 4085 0 0 4086 2 0 4087 85 0 4088 86 1 4089 3 1 4090 1 1 4091 95 2 4092 80 2 4093 8 2 4094 96 2 4095 1 2 4096 8 2 4097 2 518 4098 9 518 4099 75 518 4100 3 3 4101 86 3 4102 76 3 4103 4 2 4104 83 2 4105 71 2 4106 72 2 4107 84 2 4108 5 2 4109 6 519 4110 13 519 4111 67 519 4112 7 3 4113 82 3 4114 68 3 4115 71 0 4116 59 0 4117 17 0 4118 72 1 4119 12 1 4120 18 1 4121 9 0 4122 15 0 4123 61 0 4124 10 1 4125 76 1 4126 62 1 4127 13 0 4128 19 0 4129 55 0 4130 14 1 4131 68 1 4132 56 1 4133 55 520 4134 19 520 4135 21 520 4136 22 521 4137 20 521 4138 56 521 4139 61 522 4140 15 522 4141 23 522 4142 24 3 4143 16 3 4144 62 3 4145 59 2 4146 45 2 4147 25 2 4148 60 523 4149 18 523 4150 26 523 4151 53 0 4152 21 0 4153 354 0 4154 54 1 4155 351 1 4156 355 1 4157 47 0 4158 23 0 4159 25 0 4160 48 1 4161 46 1 4162 26 1 4163 49 0 4164 47 0 4165 45 0 4166 50 1 4167 44 1 4168 46 1 4169 51 0 4170 53 0 4171 350 0 4172 52 1 4173 353 1 4174 351 1 4175 63 2 4176 43 2 4177 45 2 4178 64 2 4179 60 2 4180 46 2 4181 61 3 4182 47 3 4183 49 3 4184 62 3 4185 66 3 4186 50 3 4187 55 3 4188 53 3 4189 51 3 4190 56 3 4191 58 3 4192 52 3 4193 67 0 4194 55 0 4195 57 0 4196 68 1 4197 70 1 4198 58 1 4199 75 0 4200 61 0 4201 65 0 4202 76 1 4203 78 1 4204 66 1 4205 73 0 4206 63 0 4207 59 0 4208 74 1 4209 72 1 4210 60 1 4211 81 9 4212 67 9 4213 69 9 4214 82 8 4215 88 8 4216 70 8 4217 89 11 4218 73 11 4219 71 11 4220 90 10 4221 84 10 4222 72 10 4223 85 3 4224 75 3 4225 77 3 4226 86 3 4227 92 3 4228 78 3 4229 93 2 4230 79 2 4231 80 2 4232 94 2 4233 96 2 4234 80 2 4235 91 0 4236 93 0 4237 95 0 4238 96 1 4239 94 1 4240 92 1 4241 89 0 4242 83 0 4243 81 0 4244 90 524 4245 88 524 4246 82 524 4247 29 13 4248 42 13 4249 99 13 4250 99 13 4251 42 13 4252 30 13 4253 27 13 4254 100 13 4255 102 13 4256 28 13 4257 41 13 4258 102 13 4259 100 2 4260 103 2 4261 108 2 4262 101 2 4263 102 2 4264 108 2 4265 99 3 4266 107 3 4267 105 3 4268 99 3 4269 98 3 4270 106 3 4271 127 13 4272 125 13 4273 123 13 4274 128 13 4275 122 13 4276 124 13 4277 121 2 4278 123 2 4279 115 2 4280 122 2 4281 114 2 4282 116 2 4283 117 3 4284 125 3 4285 127 3 4286 128 3 4287 126 3 4288 118 3 4289 127 525 4290 121 525 4291 113 525 4292 128 27 4293 120 27 4294 114 27 4295 129 526 4296 135 526 4297 143 526 4298 130 527 4299 138 527 4300 144 527 4301 139 528 4302 131 528 4303 129 528 4304 130 529 4305 132 529 4306 140 529 4307 135 2 4308 133 2 4309 141 2 4310 136 2 4311 144 2 4312 142 2 4313 129 13 4314 131 13 4315 133 13 4316 130 13 4317 136 13 4318 134 13 4319 159 13 4320 157 13 4321 155 13 4322 160 13 4323 154 13 4324 156 13 4325 153 2 4326 155 2 4327 147 2 4328 154 2 4329 146 2 4330 148 2 4331 149 530 4332 157 530 4333 159 530 4334 160 531 4335 158 531 4336 150 531 4337 159 532 4338 153 532 4339 145 532 4340 160 533 4341 152 533 4342 146 533 4343 161 534 4344 167 534 4345 175 534 4346 162 535 4347 170 535 4348 176 535 4349 171 3 4350 163 3 4351 161 3 4352 162 3 4353 164 3 4354 172 3 4355 167 2 4356 165 2 4357 173 2 4358 168 2 4359 176 2 4360 174 2 4361 161 13 4362 163 13 4363 165 13 4364 162 13 4365 168 13 4366 166 13 4367 177 18 4368 183 18 4369 191 18 4370 178 536 4371 186 536 4372 192 536 4373 187 530 4374 179 530 4375 177 530 4376 178 531 4377 180 531 4378 188 531 4379 183 2 4380 181 2 4381 189 2 4382 184 2 4383 192 2 4384 190 2 4385 177 13 4386 179 13 4387 181 13 4388 178 13 4389 184 13 4390 182 13 4391 198 28 4392 193 28 4393 194 28 4394 198 28 4395 197 28 4396 195 28 4397 204 13 4398 202 13 4399 200 13 4400 204 13 4401 199 13 4402 201 13 4403 199 2 4404 200 2 4405 194 2 4406 199 2 4407 193 2 4408 195 2 4409 200 0 4410 202 0 4411 196 0 4412 201 1 4413 195 1 4414 197 1 4415 202 3 4416 204 3 4417 198 3 4418 203 3 4419 197 3 4420 198 3 4421 206 3 4422 205 3 4423 211 3 4424 207 3 4425 213 3 4426 211 3 4427 208 0 4428 206 0 4429 212 0 4430 209 1 4431 215 1 4432 213 1 4433 210 537 4434 208 537 4435 214 537 4436 210 2 4437 216 2 4438 215 2 4439 205 13 4440 206 13 4441 208 13 4442 205 13 4443 210 13 4444 209 13 4445 211 28 4446 216 28 4447 214 28 4448 211 28 4449 213 28 4450 215 28 4451 222 28 4452 217 28 4453 218 28 4454 222 28 4455 221 28 4456 219 28 4457 228 13 4458 226 13 4459 224 13 4460 228 13 4461 223 13 4462 225 13 4463 223 538 4464 224 538 4465 218 538 4466 223 2 4467 217 2 4468 219 2 4469 224 0 4470 226 0 4471 220 0 4472 225 1 4473 219 1 4474 221 1 4475 226 3 4476 228 3 4477 222 3 4478 227 3 4479 221 3 4480 222 3 4481 29 0 4482 233 0 4483 231 0 4484 30 1 4485 112 1 4486 232 1 4487 27 0 4488 109 0 4489 229 0 4490 230 1 4491 110 1 4492 28 1 4493 229 3 4494 241 3 4495 237 3 4496 230 3 4497 236 3 4498 238 3 4499 233 2 4500 239 2 4501 243 2 4502 234 2 4503 232 2 4504 244 2 4505 245 539 4506 251 539 4507 259 539 4508 246 540 4509 254 540 4510 260 540 4511 255 3 4512 247 3 4513 245 3 4514 246 3 4515 248 3 4516 256 3 4517 251 2 4518 249 2 4519 257 2 4520 252 2 4521 260 2 4522 258 2 4523 245 13 4524 247 13 4525 249 13 4526 246 13 4527 252 13 4528 250 13 4529 275 13 4530 273 13 4531 271 13 4532 276 13 4533 270 13 4534 272 13 4535 269 2 4536 271 2 4537 263 2 4538 270 2 4539 262 2 4540 264 2 4541 265 3 4542 273 3 4543 275 3 4544 276 3 4545 274 3 4546 266 3 4547 275 541 4548 269 541 4549 261 541 4550 276 542 4551 268 542 4552 262 542 4553 281 0 4554 283 0 4555 279 0 4556 282 543 4557 278 543 4558 280 543 4559 279 37 4560 286 37 4561 285 37 4562 280 36 4563 278 36 4564 285 36 4565 281 2 4566 287 2 4567 289 2 4568 282 2 4569 284 2 4570 290 2 4571 287 0 4572 291 0 4573 293 0 4574 288 1 4575 290 1 4576 294 1 4577 291 2 4578 295 2 4579 297 2 4580 292 2 4581 294 2 4582 298 2 4583 348 0 4584 346 0 4585 297 0 4586 349 1 4587 296 1 4588 298 1 4589 346 0 4590 356 0 4591 299 0 4592 347 1 4593 298 1 4594 300 1 4595 293 2 4596 297 2 4597 299 2 4598 294 544 4599 302 544 4600 300 544 4601 289 0 4602 293 0 4603 301 0 4604 290 1 4605 304 1 4606 302 1 4607 306 2 4608 283 2 4609 289 2 4610 290 2 4611 284 2 4612 307 2 4613 308 3 4614 305 3 4615 286 3 4616 309 3 4617 280 3 4618 286 3 4619 283 0 4620 306 0 4621 308 0 4622 284 1 4623 280 1 4624 309 1 4625 311 3 4626 310 3 4627 316 3 4628 312 3 4629 318 3 4630 316 3 4631 313 0 4632 311 0 4633 317 0 4634 314 1 4635 320 1 4636 318 1 4637 315 538 4638 313 538 4639 319 538 4640 315 2 4641 321 2 4642 320 2 4643 310 13 4644 311 13 4645 313 13 4646 310 13 4647 315 13 4648 314 13 4649 316 28 4650 321 28 4651 319 28 4652 316 28 4653 318 28 4654 320 28 4655 322 545 4656 326 545 4657 328 545 4658 323 546 4659 325 546 4660 329 546 4661 322 44 4662 330 44 4663 332 44 4664 323 43 4665 327 43 4666 333 43 4667 328 46 4668 336 46 4669 334 46 4670 329 45 4671 325 45 4672 335 45 4673 330 0 4674 338 0 4675 340 0 4676 331 1 4677 333 1 4678 341 1 4679 336 0 4680 344 0 4681 342 0 4682 337 547 4683 335 547 4684 343 547 4685 344 3 4686 346 3 4687 348 3 4688 345 3 4689 343 3 4690 349 3 4691 338 2 4692 352 2 4693 350 2 4694 339 2 4695 341 2 4696 351 2 4697 340 2 4698 350 2 4699 354 2 4700 341 548 4701 361 548 4702 355 548 4703 344 549 4704 358 549 4705 356 549 4706 357 3 4707 359 3 4708 345 3 4709 362 0 4710 358 0 4711 344 0 4712 363 1 4713 337 1 4714 345 1 4715 332 0 4716 340 0 4717 360 0 4718 333 1 4719 365 1 4720 361 1 4721 366 3 4722 362 3 4723 336 3 4724 367 3 4725 329 3 4726 337 3 4727 368 2 4728 326 2 4729 332 2 4730 333 2 4731 327 2 4732 369 2 4733 326 0 4734 368 0 4735 366 0 4736 327 1 4737 329 1 4738 367 1 4739 382 13 4740 372 13 4741 31 13 4742 383 13 4743 112 13 4744 32 13 4745 109 13 4746 33 13 4747 372 13 4748 110 13 4749 383 13 4750 373 13 4751 372 1 4752 374 1 4753 35 1 4754 373 0 4755 32 0 4756 36 0 4757 33 1 4758 37 1 4759 374 1 4760 34 0 4761 373 0 4762 375 0 4763 374 13 4764 376 13 4765 39 13 4766 375 13 4767 36 13 4768 39 13 4769 37 13 4770 40 13 4771 376 13 4772 38 13 4773 375 13 4774 376 13 4775 27 13 4776 370 13 4777 377 13 4778 378 13 4779 371 13 4780 28 13 4781 29 13 4782 97 13 4783 377 13 4784 30 13 4785 371 13 4786 378 13 4787 377 0 4788 379 0 4789 103 0 4790 378 1 4791 101 1 4792 104 1 4793 97 0 4794 105 0 4795 379 0 4796 98 1 4797 378 1 4798 380 1 4799 379 28 4800 381 28 4801 108 28 4802 380 28 4803 104 28 4804 108 28 4805 105 28 4806 107 28 4807 381 28 4808 106 28 4809 380 28 4810 381 28 4811 382 0 4812 384 0 4813 229 0 4814 383 550 4815 110 550 4816 230 550 4817 382 551 4818 111 551 4819 231 551 4820 232 552 4821 112 552 4822 383 552 4823 370 0 4824 386 0 4825 233 0 4826 371 553 4827 30 553 4828 234 553 4829 370 554 4830 27 554 4831 235 554 4832 236 1 4833 28 1 4834 371 1 4835 386 13 4836 388 13 4837 239 13 4838 387 13 4839 234 13 4840 240 13 4841 235 13 4842 237 13 4843 388 13 4844 236 13 4845 387 13 4846 389 13 4847 384 28 4848 390 28 4849 241 28 4850 385 28 4851 230 28 4852 242 28 4853 231 28 4854 243 28 4855 390 28 4856 232 28 4857 385 28 4858 391 28 4859 390 0 4860 388 0 4861 237 0 4862 391 1 4863 242 1 4864 238 1 4865 243 0 4866 239 0 4867 388 0 4868 244 1 4869 391 1 4870 389 1 4871</p>
        </triangles>
      </mesh>
    </geometry>
  </library_geometries>
  <library_visual_scenes>
    <visual_scene id="Scene" name="Scene">
      <node id="Wall_long" name="Wall_long" type="NODE">
        <matrix sid="transform">1 0 0 0 0 1 0 0 0 0 1 0 0 0 0 1</matrix>
        <instance_geometry url="#Wall_long-mesh" name="Wall_long">
          <bind_material>
            <technique_common>
              <instance_material symbol="Material_009-material" target="#Material_009-material">
                <bind_vertex_input semantic="Wall_long-mesh-map-0" input_semantic="TEXCOORD" input_set="0"/>
                <bind_vertex_input semantic="Wall_long-mesh-map-1" input_semantic="TEXCOORD" input_set="1"/>
              </instance_material>
            </technique_common>
          </bind_material>
        </instance_geometry>
      </node>
    </visual_scene>
  </library_visual_scenes>
  <scene>
    <instance_visual_scene url="#Scene"/>
  </scene>
</COLLADA>