<?xml version="1.0" encoding="utf-8"?>
<COLLADA xmlns="http://www.collada.org/2005/11/COLLADASchema" version="1.4.1" xmlns:xsi="http://www.w3.org/2001/XMLSchema-instance">
  <asset>
    <contributor>
      <author>Blender User</author>
      <authoring_tool>Blender 4.3.1 commit date:2024-12-10, commit time:07:46, hash:33d812126174</authoring_tool>
    </contributor>
    <created>2026-04-28T18:26:32</created>
    <modified>2026-04-28T18:26:32</modified>
    <unit name="inch" meter="0.0254"/>
    <up_axis>Z_UP</up_axis>
  </asset>
  <library_effects>
    <effect id="Material_010-effect">
      <profile_COMMON>
        <technique sid="common">
          <lambert>
            <emission>
              <color sid="emission">0 0 0 1</color>
            </emission>
            <diffuse>
              <color sid="diffuse">0.8 0.8 0.8 1</color>
            </diffuse>
            <index_of_refraction>
              <float sid="ior">1</float>
            </index_of_refraction>
          </lambert>
        </technique>
      </profile_COMMON>
    </effect>
  </library_effects>
  <library_images/>
  <library_materials>
    <material id="Material_010-material" name="Material.010">
      <instance_effect url="#Material_010-effect"/>
    </material>
  </library_materials>
  <library_geometries>
    <geometry id="Wall_medium-mesh" name="Wall medium">
      <mesh>
        <source id="Wall_medium-mesh-positions">
          <float_array id="Wall_medium-mesh-positions-array" count="1206">3.899848 2.12746 11.82967 3.899848 2.88759 11.82967 2.009219 2.12746 11.82967 2.009219 2.88759 11.82967 2.081178 2.12746 12.50882 2.081178 2.88759 12.50882 2.286094 2.12746 13.08456 2.286093 2.88759 13.08456 2.592776 2.12746 13.46927 2.592776 2.88759 13.46927 2.954531 2.12746 13.60435 2.954531 2.88759 13.60435 3.31629 2.12746 13.46927 3.31629 2.88759 13.46926 3.622968 2.12746 13.08456 3.622968 2.88759 13.08456 3.827891 2.12746 12.50882 3.827884 2.88759 12.50882 5.877405 2.12746 11.82967 5.877405 2.88759 11.82967 3.901426 2.12746 11.82967 3.901426 2.88759 11.82967 3.976635 2.12746 12.50882 3.976635 2.88759 12.50882 4.190799 2.12746 13.08456 4.190798 2.88759 13.08456 4.511327 2.12746 13.46927 4.511327 2.88759 13.46927 4.889413 2.12746 13.60435 4.889413 2.88759 13.60435 5.267502 2.12746 13.46927 5.267502 2.88759 13.46926 5.588026 2.12746 13.08456 5.588026 2.88759 13.08456 5.802198 2.12746 12.50882 5.802191 2.88759 12.50882 -0.01709926 2.12746 11.82967 -0.01709926 2.88759 11.82967 1.873526 2.12746 11.82967 1.873526 2.88759 11.82967 1.801571 2.12746 12.50882 1.801571 2.88759 12.50882 1.596657 2.12746 13.08456 1.596657 2.88759 13.08456 1.28997 2.12746 13.46927 1.28997 2.88759 13.46927 0.9282208 2.12746 13.60435 0.9282208 2.88759 13.60435 0.5664635 2.12746 13.46927 0.5664635 2.88759 13.46926 0.2597867 2.12746 13.08456 0.2597867 2.88759 13.08456 0.05485337 2.12746 12.50882 0.05486494 2.88759 12.50882 -1.907726 2.12746 11.82967 -1.907726 2.88759 11.82967 -0.01709926 2.12746 11.82967 -0.01709926 2.88759 11.82967 -0.08905208 2.12746 12.50882 -0.08905208 2.88759 12.50882 -0.2939758 2.12746 13.08456 -0.2939758 2.88759 13.08456 -0.6006526 2.12746 13.46927 -0.6006526 2.88759 13.46927 -0.9624099 2.12746 13.60435 -0.9624099 2.88759 13.60435 -1.324169 2.12746 13.46927 -1.324169 2.88759 13.46926 -1.630846 2.12746 13.08456 -1.630846 2.88759 13.08456 -1.83577 2.12746 12.50882 -1.835764 2.88759 12.50882 -3.895576 2.12746 11.82967 -3.895576 2.88759 11.82967 -2.004947 2.12746 11.82967 -2.004947 2.88759 11.82967 -2.076906 2.12746 12.50882 -2.076906 2.88759 12.50882 -2.281822 2.12746 13.08456 -2.281822 2.88759 13.08456 -2.588503 2.12746 13.46927 -2.588503 2.88759 13.46927 -2.95026 2.12746 13.60435 -2.95026 2.88759 13.60435 -3.312018 2.12746 13.46927 -3.312018 2.88759 13.46926 -3.618696 2.12746 13.08456 -3.618696 2.88759 13.08456 -3.82362 2.12746 12.50882 -3.823612 2.88759 12.50882 -5.873132 2.12746 11.82967 -5.873132 2.88759 11.82967 -3.897155 2.12746 11.82967 -3.897155 2.88759 11.82967 -3.972362 2.12746 12.50882 -3.972362 2.88759 12.50882 -4.186527 2.12746 13.08456 -4.186526 2.88759 13.08456 -4.507055 2.12746 13.46927 -4.507055 2.88759 13.46927 -4.885141 2.12746 13.60435 -4.885141 2.88759 13.60435 -5.26323 2.12746 13.46927 -5.26323 2.88759 13.46926 -5.583752 2.12746 13.08456 -5.583752 2.88759 13.08456 -5.797926 2.12746 12.50882 -5.797919 2.88759 12.50882 3.899848 -2.12746 11.82967 3.899848 -2.88759 11.82967 2.009219 -2.12746 11.82967 2.009219 -2.88759 11.82967 2.081178 -2.12746 12.50882 2.081178 -2.88759 12.50882 2.286094 -2.12746 13.08456 2.286093 -2.88759 13.08456 2.592776 -2.12746 13.46927 2.592776 -2.88759 13.46927 2.954531 -2.12746 13.60435 2.954531 -2.88759 13.60435 3.31629 -2.12746 13.46927 3.31629 -2.88759 13.46926 3.622968 -2.12746 13.08456 3.622968 -2.88759 13.08456 3.827891 -2.12746 12.50882 3.827884 -2.88759 12.50882 5.877405 -2.12746 11.82967 5.877405 -2.88759 11.82967 3.901426 -2.12746 11.82967 3.901426 -2.88759 11.82967 3.976635 -2.12746 12.50882 3.976635 -2.88759 12.50882 4.190799 -2.12746 13.08456 4.190798 -2.88759 13.08456 4.511327 -2.12746 13.46927 4.511327 -2.88759 13.46927 4.889413 -2.12746 13.60435 4.889413 -2.88759 13.60435 5.267502 -2.12746 13.46927 5.267502 -2.88759 13.46926 5.588026 -2.12746 13.08456 5.588026 -2.88759 13.08456 5.802198 -2.12746 12.50882 5.802191 -2.88759 12.50882 -0.01709926 -2.12746 11.82967 -0.01709926 -2.88759 11.82967 1.873526 -2.12746 11.82967 1.873526 -2.88759 11.82967 1.801571 -2.12746 12.50882 1.801571 -2.88759 12.50882 1.596657 -2.12746 13.08456 1.596657 -2.88759 13.08456 1.28997 -2.12746 13.46927 1.28997 -2.88759 13.46927 0.9282208 -2.12746 13.60435 0.9282208 -2.88759 13.60435 0.5664635 -2.12746 13.46927 0.5664635 -2.88759 13.46926 0.2597867 -2.12746 13.08456 0.2597867 -2.88759 13.08456 0.05485337 -2.12746 12.50882 0.05486494 -2.88759 12.50882 -1.907726 -2.12746 11.82967 -1.907726 -2.88759 11.82967 -0.01709926 -2.12746 11.82967 -0.01709926 -2.88759 11.82967 -0.08905208 -2.12746 12.50882 -0.08905208 -2.88759 12.50882 -0.2939758 -2.12746 13.08456 -0.2939758 -2.88759 13.08456 -0.6006526 -2.12746 13.46927 -0.6006526 -2.88759 13.46927 -0.9624099 -2.12746 13.60435 -0.9624099 -2.88759 13.60435 -1.324169 -2.12746 13.46927 -1.324169 -2.88759 13.46926 -1.630846 -2.12746 13.08456 -1.630846 -2.88759 13.08456 -1.83577 -2.12746 12.50882 -1.835764 -2.88759 12.50882 -3.895576 -2.12746 11.82967 -3.895576 -2.88759 11.82967 -2.004947 -2.12746 11.82967 -2.004947 -2.88759 11.82967 -2.076906 -2.12746 12.50882 -2.076906 -2.88759 12.50882 -2.281822 -2.12746 13.08456 -2.281822 -2.88759 13.08456 -2.588503 -2.12746 13.46927 -2.588503 -2.88759 13.46927 -2.95026 -2.12746 13.60435 -2.95026 -2.88759 13.60435 -3.312018 -2.12746 13.46927 -3.312018 -2.88759 13.46926 -3.618696 -2.12746 13.08456 -3.618696 -2.88759 13.08456 -3.82362 -2.12746 12.50882 -3.823612 -2.88759 12.50882 -5.873132 -2.12746 11.82967 -5.873132 -2.88759 11.82967 -3.897155 -2.12746 11.82967 -3.897155 -2.88759 11.82967 -3.972362 -2.12746 12.50882 -3.972362 -2.88759 12.50882 -4.186527 -2.12746 13.08456 -4.186526 -2.88759 13.08456 -4.507055 -2.12746 13.46927 -4.507055 -2.88759 13.46927 -4.885141 -2.12746 13.60435 -4.885141 -2.88759 13.60435 -5.26323 -2.12746 13.46927 -5.26323 -2.88759 13.46926 -5.583752 -2.12746 13.08456 -5.583752 -2.88759 13.08456 -5.797926 -2.12746 12.50882 -5.797919 -2.88759 12.50882 6.053841 -3.077351 9.210062 6.053841 3.077351 9.210062 -6.058947 -3.077351 9.210063 -6.058947 3.077351 9.210063 2.391597 -3.077351 9.210063 2.391597 3.077351 9.210063 -2.371421 -3.077351 9.210063 -2.371421 3.077351 9.210063 -6.058947 0 9.210063 6.053841 0 9.210062 2.391597 -2.782948 9.210063 2.391597 2.782948 9.210063 -2.371421 -2.782948 9.210063 -2.371421 2.782948 9.210063 2.153487 -2.782948 9.210063 2.153487 2.782948 9.210063 -2.133109 -2.782948 9.210063 -2.133109 2.782948 9.210063 2.153487 -2.488545 9.210063 2.153487 2.488545 9.210063 -2.133109 -2.488545 9.210063 -2.133109 2.488545 9.210063 6.075721 -3.090506 9.147415 6.075721 3.090506 9.147415 -6.092549 -3.090506 9.147415 -6.092549 3.090506 9.147415 -6.092549 -1.679071 12.09144 -6.092549 1.679071 12.09144 6.075721 -1.679071 12.09144 6.075721 1.679071 12.09144 -6.092549 -1.679071 10.61943 -6.092549 1.679071 10.61943 6.075721 -1.679071 10.61943 6.075721 1.679071 10.61943 -6.092549 0 10.61943 6.075721 0 10.61943 6.075721 0 9.147415 -6.092549 0 9.147415 2.153487 -2.488545 -4.15199 2.153487 2.488545 -4.15199 2.153486 -2.488545 -17.51163 2.153486 2.488545 -17.51163 -2.133109 -2.488545 -4.15199 -2.133109 2.488545 -4.15199 -2.133109 -2.488545 -17.51163 -2.133109 2.488545 -17.51163 -2.133109 -2.782948 -4.15199 -2.133109 2.782948 -4.15199 -2.133109 -2.782946 -17.51163 -2.133109 2.782946 -17.51163 2.153487 -2.782948 -4.15199 2.153487 2.782948 -4.15199 2.153486 -2.782946 -17.51163 2.153486 2.782946 -17.51163 -2.371421 -2.782948 -4.15199 -2.371421 2.782948 -4.15199 -2.371426 -2.782946 -17.51163 -2.371426 2.782946 -17.51163 2.391597 -2.782948 -4.15199 2.391597 2.782948 -4.15199 2.391596 -2.782946 -17.51163 2.391596 2.782946 -17.51163 6.053841 0 -17.51163 6.053841 0 -4.151992 -6.058947 0 -4.15199 -6.058953 0 -17.51163 -2.371421 -3.077351 -4.15199 -2.371421 3.077351 -4.15199 2.391597 -3.077351 -4.15199 2.391597 3.077351 -4.15199 -2.371426 -3.077349 -17.51163 -2.371426 3.077349 -17.51163 2.391596 -3.077349 -17.51163 2.391596 3.077349 -17.51163 -6.058947 -3.077351 -4.15199 -6.058947 3.077351 -4.15199 -6.058953 -3.077349 -17.51163 -6.058953 3.077349 -17.51163 6.053841 -3.077349 -17.51163 6.053841 3.077349 -17.51163 6.053841 -3.077351 -4.151992 6.053841 3.077351 -4.151992 -6.174977 -3.186192 9.147415 -6.174977 3.186192 9.147415 -6.174977 0 9.147415 6.158147 -3.186192 9.147415 6.158147 3.186192 9.147415 6.158147 0 9.147415 6.158147 -3.186192 9.031061 6.158147 3.186192 9.031061 -6.174977 -3.186192 9.031061 -6.174977 3.186192 9.031061 -6.174977 0 9.031061 6.158147 0 9.031061 6.075721 -3.090506 12.09144 6.075721 3.090506 12.09144 -6.092549 -3.090506 12.09144 -6.092549 3.090506 12.09144 -0.5741812 -1.439138 11.78138 -0.5741812 1.439138 11.78138 -0.5741819 -1.692718 11.78138 -0.5741819 1.692718 11.78138 0.6067762 -1.692718 11.78138 0.6067762 1.692718 11.78138 0.6067762 -1.439138 11.78138 0.6067762 1.439138 11.78138 -0.5741812 -1.035161 10.60042 -0.5741812 1.035161 10.60042 -0.5741812 -1.692718 10.60042 -0.5741812 1.692718 10.60042 0.6067762 -1.692718 10.60042 0.6067762 1.692718 10.60042 0.6067762 -1.035161 10.60042 0.6067762 1.035161 10.60042 -4.370539 -1.035161 10.60042 -4.370539 1.035161 10.60042 -4.370539 -1.692718 10.60042 -4.370539 1.692718 10.60042 -5.551496 -1.692718 10.60042 -5.551496 1.692718 10.60042 -5.551496 -1.035161 10.60042 -5.551496 1.035161 10.60042 -4.370539 -1.439138 11.78138 -4.370539 1.439138 11.78138 -4.370539 -1.692718 11.78138 -4.370539 1.692718 11.78138 -5.551497 -1.692718 11.78138 -5.551497 1.692718 11.78138 -5.551496 -1.439138 11.78138 -5.551496 1.439138 11.78138 4.443354 -1.439138 11.78138 4.443354 1.439138 11.78138 4.443353 -1.692718 11.78138 4.443353 1.692718 11.78138 5.624311 -1.692718 11.78138 5.624311 1.692718 11.78138 5.624311 -1.439138 11.78138 5.624311 1.439138 11.78138 4.443354 -1.035161 10.60042 4.443354 1.035161 10.60042 4.443354 -1.692718 10.60042 4.443354 1.692718 10.60042 5.624311 -1.692718 10.60042 5.624311 1.692718 10.60042 5.624311 -1.035161 10.60042 5.624311 1.035161 10.60042 -2.282498 0 2.474602 -2.282498 -3.162548 2.474602 -2.282498 3.162548 2.474602 -6.14515 -3.162548 2.474602 -6.14515 3.162548 2.474602 -6.14515 0 2.474602 -2.282497 0 2.609849 -2.2825 -3.162548 2.609849 -2.2825 3.162548 2.609849 -6.14515 -3.162548 2.609849 -6.14515 3.162548 2.609849 -6.14515 0 2.609849 2.316271 0 2.609849 2.316271 -3.162548 2.609849 2.316271 3.162548 2.609849 6.153635 -3.162548 2.609849 6.153635 3.162548 2.609849 6.153637 0 2.609849 2.316271 0 2.474602 2.316271 -3.162548 2.474602 2.316271 3.162548 2.474602 6.153637 -3.162548 2.474602 6.153637 3.162548 2.474602 6.153637 0 2.474602 5.443498 -3.090506 10.69743 5.443498 3.090506 10.69743 -5.448947 -3.090506 10.69743 -5.448947 3.090506 10.69743 -5.448947 -3.090506 9.679082 -5.448947 3.090506 9.679082 5.443498 -3.090506 9.679082 5.443498 3.090506 9.679082 5.443498 -2.863536 9.679082 5.443498 2.863536 9.679082 -5.448947 -2.863536 9.679082 -5.448947 2.863536 9.679082 5.443498 -2.863536 10.69743 5.443498 2.863536 10.69743 -5.448947 -2.863536 10.69743 -5.448947 2.863536 10.69743</float_array>
          <technique_common>
            <accessor source="#Wall_medium-mesh-positions-array" count="402" stride="3">
              <param name="X" type="float"/>
              <param name="Y" type="float"/>
              <param name="Z" type="float"/>
            </accessor>
          </technique_common>
        </source>
        <source id="Wall_medium-mesh-normals">
          <float_array id="Wall_medium-mesh-normals-array" count="726">0 1 0 0 -1 0 -0.9944337 0 0.1053646 -0.9421066 -1.0265e-6 0.3353136 -0.7819437 0 0.6233492 -0.3498104 0 0.9368206 0.3498128 0 0.9368196 0.7819517 8.92528e-6 0.6233389 0.9421035 9.2384e-6 0.3353224 0.9944339 0 0.1053622 0 1 7.42726e-7 0 1 -8.03923e-7 0 1 1.71311e-6 0 -1 -1.21975e-6 -0.9944337 0 0.105365 -0.9421075 0 0.335311 -0.7819448 -9.56278e-7 0.6233479 -0.3498162 0 0.9368184 0.3498242 1.28607e-5 0.9368155 0.7819398 0 0.6233541 0.9421066 0 0.3353137 0.9944329 9.18526e-6 0.1053718 -0.9939242 0 0.1100667 -0.937256 -1.02121e-6 0.348642 -0.7682832 0 0.6401102 -0.3364449 0 0.9417032 0.3364483 0 0.941702 0.7682911 7.51659e-6 0.6401008 0.9372522 9.19083e-6 0.3486522 0.9939244 0 0.1100647 0 1 -7.10644e-7 0 1 8.87116e-7 0 -1 -8.19567e-7 -0.9939242 0 0.1100671 -0.9372571 0 0.3486391 -0.7682843 -6.26381e-7 0.6401088 -0.3364507 0 0.9417011 0.3364593 1.29214e-5 0.941698 0.7682788 0 0.6401154 0.9372555 0 0.3486433 0.9939233 1.00986e-5 0.1100746 0 -1 -4.74156e-7 0.9944343 0 0.1053587 0.9421077 0 0.3353108 0.7819387 0 0.6233555 0.3498153 0 0.9368187 -0.3498141 0 0.9368192 -0.7819529 8.60654e-6 0.6233376 -0.9420982 1.42425e-5 0.3353374 -0.9944347 0 0.1053558 0 1 -8.03924e-7 0 1 6.19519e-7 0 1 -9.27169e-7 0 1 1.71312e-6 0 -1 4.01959e-7 0 -1 -1.21976e-6 0 -1 8.56572e-7 0.9944343 0 0.105359 0.9421082 0 0.3353095 0.7819408 0 0.6233528 0.3498212 0 0.9368165 -0.3498255 1.29157e-5 0.9368149 -0.7819409 0 0.6233525 -0.9421036 0 0.3353221 -0.9944329 1.50588e-5 0.1053721 0.9944347 0 0.1053556 0.9421027 0 0.3353248 0.7819489 0 0.6233426 0.3498084 0 0.9368213 -0.3498125 0 0.9368197 -0.7819527 8.60653e-6 0.6233378 -0.942103 7.69866e-6 0.3353238 -0.9944341 0 0.1053606 0 1 -2.4394e-6 0 -1 -8.5656e-7 0.9944347 0 0.105356 0.942103 0 0.3353235 0.7819509 0 0.6233401 0.3498141 0 0.9368192 -0.3498239 1.29162e-5 0.9368156 -0.7819409 0 0.6233527 -0.9421056 0 0.3353167 -0.9944333 7.80747e-6 0.1053689 0.9944337 0 0.1053646 0.9421066 0 0.3353136 0.7819449 0 0.6233476 0.3498086 0 0.9368212 -0.3498136 0 0.9368194 -0.7819517 8.92528e-6 0.6233389 -0.942103 1.02649e-5 0.3353238 -0.9944341 0 0.1053608 0 1 2.4394e-6 0 -1 4.0196e-7 0 -1 -9.27141e-7 0 -1 8.56563e-7 0.9944337 0 0.105365 0.9421071 0 0.3353124 0.7819468 0 0.6233451 0.3498144 0 0.9368191 -0.349825 1.27584e-5 0.9368152 -0.7819398 0 0.6233541 -0.9421066 0 0.3353137 -0.9944329 1.01038e-5 0.1053718 0 1 -9.07357e-7 0 -1 4.53677e-7 0.9939245 0 0.110064 0.9372555 -2.04242e-6 0.3486434 0.7682832 0 0.6401102 0.3364449 0 0.9417032 -0.3364483 0 0.941702 -0.768293 8.76938e-6 0.6400984 -0.9372512 8.16962e-6 0.3486549 -0.9939247 0 0.1100626 0 1 7.69199e-7 0 1 1.18551e-6 0 1 -8.87118e-7 0 -1 -3.84599e-7 0 -1 -8.19565e-7 0.9939244 0 0.1100643 0.9372565 0 0.3486406 0.7682843 -1.25276e-6 0.6401088 0.3364507 0 0.9417011 -0.3364593 1.30183e-5 0.941698 -0.7682805 0 0.6401134 -0.9372545 0 0.348646 -0.9939237 8.2625e-6 0.1100726 -0.9421066 1.0265e-6 0.3353136 0.7819517 -8.92528e-6 0.6233389 0.9421035 -9.2384e-6 0.3353224 0 -1 7.42726e-7 0 -1 -8.03923e-7 0 -1 1.71311e-6 0 1 -1.21975e-6 -0.7819448 9.56278e-7 0.6233479 0.3498242 -1.28607e-5 0.9368155 0.9944329 -9.18526e-6 0.1053718 -0.937256 1.02121e-6 0.348642 0.7682911 -7.51659e-6 0.6401008 0.9372522 -9.19083e-6 0.3486522 0 -1 -7.10644e-7 0 -1 8.87116e-7 0 1 -8.19567e-7 -0.7682843 6.26381e-7 0.6401088 0.3364593 -1.29214e-5 0.941698 0.9939233 -1.00986e-5 0.1100746 0 1 -4.74156e-7 -0.7819529 -8.60654e-6 0.6233376 -0.9420982 -1.42425e-5 0.3353374 0 -1 -8.03924e-7 0 -1 6.19519e-7 0 -1 -9.27169e-7 0 -1 1.71312e-6 0 1 4.01959e-7 0 1 -1.21976e-6 0 1 8.56572e-7 -0.3498255 -1.29157e-5 0.9368149 -0.9944329 -1.50588e-5 0.1053721 -0.7819527 -8.60653e-6 0.6233378 -0.942103 -7.69866e-6 0.3353238 0 -1 -2.4394e-6 0 1 -8.5656e-7 -0.3498239 -1.29162e-5 0.9368156 -0.9944333 -7.80747e-6 0.1053689 -0.7819517 -8.92528e-6 0.6233389 -0.942103 -1.02649e-5 0.3353238 0 -1 2.4394e-6 0 1 4.0196e-7 0 1 -9.27141e-7 0 1 8.56563e-7 -0.349825 -1.27584e-5 0.9368152 -0.9944329 -1.01038e-5 0.1053718 0 -1 -9.07357e-7 0 1 4.53677e-7 0.9372555 2.04242e-6 0.3486434 -0.768293 -8.76938e-6 0.6400984 -0.9372512 -8.16962e-6 0.3486549 0 -1 7.69199e-7 0 -1 1.18551e-6 0 -1 -8.87118e-7 0 1 -3.84599e-7 0 1 -8.19565e-7 0.7682843 1.25276e-6 0.6401088 -0.3364593 -1.30183e-5 0.941698 -0.9939237 -8.2625e-6 0.1100726 -1 0 0 1 0 0 0 0 1 0 1 0 -1 0 0 -1 0 0 0 -1 -1.49771e-7 0 1 -1.49768e-7 0 -1 0 0 1 -1.69653e-7 1 0 -3.7477e-7 1 0 -3.7477e-7 -1 0 0 -1 0 0 -1 0 4.28308e-7 0 -1 -1.55937e-7 0 1 -1.58952e-7 0 -1 -2.11553e-7 0 1 0 -4.99294e-6 0 1 0 0 -1 -1 4.59016e-7 0 -1 -9.18032e-7 0 1 -4.59016e-7 0 0 0.9461728 0.3236621 0 -0.9461727 0.3236624 0 0.9461728 0.323662 0 -0.9461727 0.3236625 0 0.9461727 0.3236621 0 -0.9461727 0.3236622 1 0 -7.05136e-6 1 8.36117e-7 1.58656e-5 1 8.36117e-7 1.41027e-5 0 -1 1.21614e-6 0 -1 0 0 -1 -1.49768e-7 0 1 -1.49771e-7 0 -1 -1.69653e-7 0 1 0 -1 0 4.28308e-7 0 1 -1.55937e-7 0 -1 0 0 1 -2.11553e-7 0 0.9461727 0.3236624 0 -0.9461728 0.3236621 -1 2.7865e-6 -6.05657e-7 -1 -2.7865e-6 -6.05657e-7 -1 3.18457e-6 -8.07543e-7 -1 -3.18457e-6 -8.07543e-7 0 0.9461727 0.3236625 0 -0.9461728 0.323662 0 0.9461727 0.3236622 0 -0.9461727 0.3236621 1 -8.36117e-7 1.58656e-5 1 -8.36117e-7 1.41027e-5 0 -1 -4.63831e-7 0 1 -4.49775e-7 0 1 1.21614e-6</float_array>
          <technique_common>
            <accessor source="#Wall_medium-mesh-normals-array" count="242" stride="3">
              <param name="X" type="float"/>
              <param name="Y" type="float"/>
              <param name="Z" type="float"/>
            </accessor>
          </technique_common>
        </source>
        <source id="Wall_medium-mesh-map-0">
          <float_array id="Wall_medium-mesh-map-0-array" count="3780">0.9378787 0.7599553 0.897296 0.7337429 0.9432725 0.7337429 0.9026898 0.7599553 0.9432725 0.7337429 0.8972957 0.7337429 0.806374 0.7028231 0.806374 0.7337429 0.8236776 0.7337429 0.806374 0.7337429 0.806374 0.7599553 0.8236776 0.7599553 0.806374 0.7599553 0.806374 0.7774703 0.8236776 0.7774703 0.9298063 0.9630113 0.9298063 0.9284042 0.9202841 0.9284042 0.9202841 0.9630113 0.9202841 0.9284042 0.910762 0.9284042 0.8236776 0.7774698 0.806374 0.7774703 0.806374 0.7599553 0.806374 0.7599553 0.806374 0.7337429 0.8236776 0.7337429 0.806374 0.7337429 0.806374 0.7028231 0.8236776 0.7028231 0.9432725 0.7337429 0.8954017 0.7028231 0.9451665 0.7028228 0.8954017 0.7028231 0.9432725 0.7337429 0.897296 0.7337429 0.897296 0.7337429 0.9378787 0.7599553 0.9026898 0.7599553 0.9026898 0.7599553 0.9378787 0.7599553 0.910762 0.7774698 0.910762 0.7774698 0.9298063 0.7774703 0.9202841 0.7836202 0.9378787 0.7599553 0.9298063 0.7774703 0.910762 0.7774698 0.8972957 0.7337429 0.9451665 0.7028231 0.8954017 0.7028231 0.9451665 0.7028231 0.8972957 0.7337429 0.9432725 0.7337429 0.9432725 0.7337429 0.9026898 0.7599553 0.9378787 0.7599553 0.9378787 0.7599553 0.9026898 0.7599553 0.9298063 0.7774703 0.9298063 0.7774703 0.910762 0.7774703 0.9202841 0.7836202 0.9026898 0.7599553 0.910762 0.7774703 0.9298063 0.7774703 0.806374 0.7028231 0.8236776 0.7337429 0.8236776 0.7028228 0.806374 0.7337429 0.8236776 0.7599553 0.8236776 0.7337429 0.806374 0.7599553 0.8236776 0.7774703 0.8236776 0.7599553 0.9298063 0.9630113 0.9202841 0.9284042 0.9202841 0.9630113 0.9202841 0.9630113 0.910762 0.9284042 0.910762 0.9630113 0.8236776 0.7774698 0.806374 0.7599553 0.8236776 0.7599553 0.806374 0.7599553 0.8236776 0.7337429 0.8236776 0.7599553 0.806374 0.7337429 0.8236776 0.7028231 0.8236776 0.7337429 0.9378787 0.7599553 0.897296 0.7337429 0.9432725 0.7337429 0.9026898 0.7599553 0.9432725 0.7337429 0.8972957 0.7337429 0.806374 0.7028231 0.806374 0.7337429 0.8236776 0.7337429 0.806374 0.7337429 0.806374 0.7599553 0.8236776 0.7599553 0.806374 0.7599553 0.806374 0.7774703 0.8236776 0.7774703 0.9298063 0.9630113 0.9298063 0.9284042 0.9202841 0.9284042 0.9202841 0.9630113 0.9202841 0.9284042 0.910762 0.9284042 0.8236776 0.7774698 0.806374 0.7774703 0.806374 0.7599553 0.806374 0.7599553 0.806374 0.7337429 0.8236776 0.7337429 0.806374 0.7337429 0.806374 0.7028231 0.8236776 0.7028231 0.9432725 0.7337429 0.8954017 0.7028231 0.9451665 0.7028228 0.8954017 0.7028231 0.9432725 0.7337429 0.897296 0.7337429 0.897296 0.7337429 0.9378787 0.7599553 0.9026898 0.7599553 0.9026898 0.7599553 0.9378787 0.7599553 0.910762 0.7774698 0.910762 0.7774698 0.9298063 0.7774703 0.9202841 0.7836202 0.9378787 0.7599553 0.9298063 0.7774703 0.910762 0.7774698 0.8972957 0.7337429 0.9451665 0.7028231 0.8954017 0.7028231 0.9451665 0.7028231 0.8972957 0.7337429 0.9432725 0.7337429 0.9432725 0.7337429 0.9026898 0.7599553 0.9378787 0.7599553 0.9378787 0.7599553 0.9026898 0.7599553 0.9298063 0.7774703 0.9298063 0.7774703 0.910762 0.7774703 0.9202841 0.7836202 0.9026898 0.7599553 0.910762 0.7774703 0.9298063 0.7774703 0.806374 0.7028231 0.8236776 0.7337429 0.8236776 0.7028228 0.806374 0.7337429 0.8236776 0.7599553 0.8236776 0.7337429 0.806374 0.7599553 0.8236776 0.7774703 0.8236776 0.7599553 0.9298063 0.9630113 0.9202841 0.9284042 0.9202841 0.9630113 0.9202841 0.9630113 0.910762 0.9284042 0.910762 0.9630113 0.8236776 0.7774698 0.806374 0.7599553 0.8236776 0.7599553 0.806374 0.7599553 0.8236776 0.7337429 0.8236776 0.7599553 0.806374 0.7337429 0.8236776 0.7028231 0.8236776 0.7337429 0.8864883 0.7599553 0.8918822 0.7337429 0.8459057 0.7337429 0.8512995 0.7599553 0.8459054 0.7337429 0.8918822 0.7337429 0.806374 0.7028231 0.8236776 0.7337429 0.806374 0.7337429 0.806374 0.7337429 0.8236776 0.7599553 0.806374 0.7599553 0.806374 0.7599553 0.8236776 0.7774703 0.806374 0.7774703 0.878416 0.9630113 0.8688938 0.9284042 0.878416 0.9284042 0.8688938 0.9630113 0.8593719 0.9284042 0.8688938 0.9284042 0.8236776 0.7774698 0.806374 0.7599553 0.806374 0.7774703 0.806374 0.7599553 0.8236776 0.7337429 0.806374 0.7337429 0.806374 0.7337429 0.8236776 0.7028231 0.806374 0.7028231 0.8918822 0.7337429 0.8937764 0.7028228 0.8440114 0.7028231 0.8440114 0.7028231 0.8459057 0.7337429 0.8918822 0.7337429 0.8459057 0.7337429 0.8512995 0.7599553 0.8864883 0.7599553 0.8512995 0.7599553 0.8593719 0.7774698 0.8864883 0.7599553 0.8593719 0.7774698 0.8688938 0.7836202 0.878416 0.7774703 0.8864883 0.7599553 0.8593719 0.7774698 0.878416 0.7774703 0.8459054 0.7337429 0.8440114 0.7028231 0.8937764 0.7028231 0.8937764 0.7028231 0.8918822 0.7337429 0.8459054 0.7337429 0.8918822 0.7337429 0.8864883 0.7599553 0.8512995 0.7599553 0.8864883 0.7599553 0.878416 0.7774703 0.8512995 0.7599553 0.878416 0.7774703 0.8688938 0.7836202 0.8593719 0.7774703 0.8512995 0.7599553 0.878416 0.7774703 0.8593719 0.7774703 0.806374 0.7028231 0.8236776 0.7028228 0.8236776 0.7337429 0.806374 0.7337429 0.8236776 0.7337429 0.8236776 0.7599553 0.806374 0.7599553 0.8236776 0.7599553 0.8236776 0.7774703 0.878416 0.9630113 0.8688938 0.9630113 0.8688938 0.9284042 0.8688938 0.9630113 0.8593719 0.9630113 0.8593719 0.9284042 0.8236776 0.7774698 0.8236776 0.7599553 0.806374 0.7599553 0.806374 0.7599553 0.8236776 0.7599553 0.8236776 0.7337429 0.806374 0.7337429 0.8236776 0.7337429 0.8236776 0.7028231 0.8367235 0.7599553 0.8421171 0.7337429 0.7961406 0.7337429 0.8015344 0.7599553 0.7961406 0.7337429 0.8421171 0.7337429 0.806374 0.7028231 0.8236776 0.7337429 0.806374 0.7337429 0.806374 0.7337429 0.8236776 0.7599553 0.806374 0.7599553 0.806374 0.7599553 0.8236776 0.7774703 0.806374 0.7774703 0.8286512 0.9630113 0.819129 0.9284042 0.8286512 0.9284042 0.819129 0.9630113 0.8096068 0.9284042 0.819129 0.9284042 0.8236776 0.7774698 0.806374 0.7599553 0.806374 0.7774703 0.806374 0.7599553 0.8236776 0.7337429 0.806374 0.7337429 0.806374 0.7337429 0.8236776 0.7028231 0.806374 0.7028231 0.8421171 0.7337429 0.8440114 0.7028228 0.7942464 0.7028231 0.7942464 0.7028231 0.7961406 0.7337429 0.8421171 0.7337429 0.7961406 0.7337429 0.8015344 0.7599553 0.8367235 0.7599553 0.8015344 0.7599553 0.8096068 0.7774698 0.8367235 0.7599553 0.8096068 0.7774698 0.819129 0.7836202 0.8286512 0.7774703 0.8367235 0.7599553 0.8096068 0.7774698 0.8286512 0.7774703 0.7961406 0.7337429 0.7942464 0.7028231 0.8440114 0.7028231 0.8440114 0.7028231 0.8421171 0.7337429 0.7961406 0.7337429 0.8421171 0.7337429 0.8367235 0.7599553 0.8015344 0.7599553 0.8367235 0.7599553 0.8286512 0.7774703 0.8015344 0.7599553 0.8286512 0.7774703 0.819129 0.7836202 0.8096068 0.7774703 0.8015344 0.7599553 0.8286512 0.7774703 0.8096068 0.7774703 0.806374 0.7028231 0.8236776 0.7028228 0.8236776 0.7337429 0.806374 0.7337429 0.8236776 0.7337429 0.8236776 0.7599553 0.806374 0.7599553 0.8236776 0.7599553 0.8236776 0.7774703 0.8286512 0.9630113 0.819129 0.9630113 0.819129 0.9284042 0.819129 0.9630113 0.8096068 0.9630113 0.8096068 0.9284042 0.8236776 0.7774698 0.8236776 0.7599553 0.806374 0.7599553 0.806374 0.7599553 0.8236776 0.7599553 0.8236776 0.7337429 0.806374 0.7337429 0.8236776 0.7337429 0.8236776 0.7028231 0.9378787 0.7599553 0.9432725 0.7337429 0.897296 0.7337429 0.9026898 0.7599553 0.8972957 0.7337429 0.9432725 0.7337429 0.806374 0.7028231 0.8236776 0.7337429 0.806374 0.7337429 0.806374 0.7337429 0.8236776 0.7599553 0.806374 0.7599553 0.806374 0.7599553 0.8236776 0.7774703 0.806374 0.7774703 0.9298063 0.9630113 0.9202841 0.9284042 0.9298063 0.9284042 0.9202841 0.9630113 0.910762 0.9284042 0.9202841 0.9284042 0.8236776 0.7774698 0.806374 0.7599553 0.806374 0.7774703 0.806374 0.7599553 0.8236776 0.7337429 0.806374 0.7337429 0.806374 0.7337429 0.8236776 0.7028231 0.806374 0.7028231 0.9432725 0.7337429 0.9451665 0.7028228 0.8954017 0.7028231 0.8954017 0.7028231 0.897296 0.7337429 0.9432725 0.7337429 0.897296 0.7337429 0.9026898 0.7599553 0.9378787 0.7599553 0.9026898 0.7599553 0.910762 0.7774698 0.9378787 0.7599553 0.910762 0.7774698 0.9202841 0.7836202 0.9298063 0.7774703 0.9378787 0.7599553 0.910762 0.7774698 0.9298063 0.7774703 0.8972957 0.7337429 0.8954017 0.7028231 0.9451665 0.7028231 0.9451665 0.7028231 0.9432725 0.7337429 0.8972957 0.7337429 0.9432725 0.7337429 0.9378787 0.7599553 0.9026898 0.7599553 0.9378787 0.7599553 0.9298063 0.7774703 0.9026898 0.7599553 0.9298063 0.7774703 0.9202841 0.7836202 0.910762 0.7774703 0.9026898 0.7599553 0.9298063 0.7774703 0.910762 0.7774703 0.806374 0.7028231 0.8236776 0.7028228 0.8236776 0.7337429 0.806374 0.7337429 0.8236776 0.7337429 0.8236776 0.7599553 0.806374 0.7599553 0.8236776 0.7599553 0.8236776 0.7774703 0.9298063 0.9630113 0.9202841 0.9630113 0.9202841 0.9284042 0.9202841 0.9630113 0.910762 0.9630113 0.910762 0.9284042 0.8236776 0.7774698 0.8236776 0.7599553 0.806374 0.7599553 0.806374 0.7599553 0.8236776 0.7599553 0.8236776 0.7337429 0.806374 0.7337429 0.8236776 0.7337429 0.8236776 0.7028231 0.9378787 0.7599553 0.9432725 0.7337429 0.897296 0.7337429 0.9026898 0.7599553 0.8972957 0.7337429 0.9432725 0.7337429 0.806374 0.7028231 0.8236776 0.7337429 0.806374 0.7337429 0.806374 0.7337429 0.8236776 0.7599553 0.806374 0.7599553 0.806374 0.7599553 0.8236776 0.7774703 0.806374 0.7774703 0.9298063 0.9630113 0.9202841 0.9284042 0.9298063 0.9284042 0.9202841 0.9630113 0.910762 0.9284042 0.9202841 0.9284042 0.8236776 0.7774698 0.806374 0.7599553 0.806374 0.7774703 0.806374 0.7599553 0.8236776 0.7337429 0.806374 0.7337429 0.806374 0.7337429 0.8236776 0.7028231 0.806374 0.7028231 0.9432725 0.7337429 0.9451665 0.7028228 0.8954017 0.7028231 0.8954017 0.7028231 0.897296 0.7337429 0.9432725 0.7337429 0.897296 0.7337429 0.9026898 0.7599553 0.9378787 0.7599553 0.9026898 0.7599553 0.910762 0.7774698 0.9378787 0.7599553 0.910762 0.7774698 0.9202841 0.7836202 0.9298063 0.7774703 0.9378787 0.7599553 0.910762 0.7774698 0.9298063 0.7774703 0.8972957 0.7337429 0.8954017 0.7028231 0.9451665 0.7028231 0.9451665 0.7028231 0.9432725 0.7337429 0.8972957 0.7337429 0.9432725 0.7337429 0.9378787 0.7599553 0.9026898 0.7599553 0.9378787 0.7599553 0.9298063 0.7774703 0.9026898 0.7599553 0.9298063 0.7774703 0.9202841 0.7836202 0.910762 0.7774703 0.9026898 0.7599553 0.9298063 0.7774703 0.910762 0.7774703 0.806374 0.7028231 0.8236776 0.7028228 0.8236776 0.7337429 0.806374 0.7337429 0.8236776 0.7337429 0.8236776 0.7599553 0.806374 0.7599553 0.8236776 0.7599553 0.8236776 0.7774703 0.9298063 0.9630113 0.9202841 0.9630113 0.9202841 0.9284042 0.9202841 0.9630113 0.910762 0.9630113 0.910762 0.9284042 0.8236776 0.7774698 0.8236776 0.7599553 0.806374 0.7599553 0.806374 0.7599553 0.8236776 0.7599553 0.8236776 0.7337429 0.806374 0.7337429 0.8236776 0.7337429 0.8236776 0.7028231 0.9378787 0.7599553 0.9432725 0.7337429 0.897296 0.7337429 0.9026898 0.7599553 0.8972957 0.7337429 0.9432725 0.7337429 0.806374 0.7028231 0.8236776 0.7337429 0.806374 0.7337429 0.806374 0.7337429 0.8236776 0.7599553 0.806374 0.7599553 0.806374 0.7599553 0.8236776 0.7774703 0.806374 0.7774703 0.9298063 0.9630113 0.9202841 0.9284042 0.9298063 0.9284042 0.9202841 0.9630113 0.910762 0.9284042 0.9202841 0.9284042 0.8236776 0.7774698 0.806374 0.7599553 0.806374 0.7774703 0.806374 0.7599553 0.8236776 0.7337429 0.806374 0.7337429 0.806374 0.7337429 0.8236776 0.7028231 0.806374 0.7028231 0.9432725 0.7337429 0.9451665 0.7028228 0.8954017 0.7028231 0.8954017 0.7028231 0.897296 0.7337429 0.9432725 0.7337429 0.897296 0.7337429 0.9026898 0.7599553 0.9378787 0.7599553 0.9026898 0.7599553 0.910762 0.7774698 0.9378787 0.7599553 0.910762 0.7774698 0.9202841 0.7836202 0.9298063 0.7774703 0.9378787 0.7599553 0.910762 0.7774698 0.9298063 0.7774703 0.8972957 0.7337429 0.8954017 0.7028231 0.9451665 0.7028231 0.9451665 0.7028231 0.9432725 0.7337429 0.8972957 0.7337429 0.9432725 0.7337429 0.9378787 0.7599553 0.9026898 0.7599553 0.9378787 0.7599553 0.9298063 0.7774703 0.9026898 0.7599553 0.9298063 0.7774703 0.9202841 0.7836202 0.910762 0.7774703 0.9026898 0.7599553 0.9298063 0.7774703 0.910762 0.7774703 0.806374 0.7028231 0.8236776 0.7028228 0.8236776 0.7337429 0.806374 0.7337429 0.8236776 0.7337429 0.8236776 0.7599553 0.806374 0.7599553 0.8236776 0.7599553 0.8236776 0.7774703 0.9298063 0.9630113 0.9202841 0.9630113 0.9202841 0.9284042 0.9202841 0.9630113 0.910762 0.9630113 0.910762 0.9284042 0.8236776 0.7774698 0.8236776 0.7599553 0.806374 0.7599553 0.806374 0.7599553 0.8236776 0.7599553 0.8236776 0.7337429 0.806374 0.7337429 0.8236776 0.7337429 0.8236776 0.7028231 0.9378787 0.7599553 0.9432725 0.7337429 0.897296 0.7337429 0.9026898 0.7599553 0.8972957 0.7337429 0.9432725 0.7337429 0.806374 0.7028231 0.8236776 0.7337429 0.806374 0.7337429 0.806374 0.7337429 0.8236776 0.7599553 0.806374 0.7599553 0.806374 0.7599553 0.8236776 0.7774703 0.806374 0.7774703 0.9298063 0.9630113 0.9202841 0.9284042 0.9298063 0.9284042 0.9202841 0.9630113 0.910762 0.9284042 0.9202841 0.9284042 0.8236776 0.7774698 0.806374 0.7599553 0.806374 0.7774703 0.806374 0.7599553 0.8236776 0.7337429 0.806374 0.7337429 0.806374 0.7337429 0.8236776 0.7028231 0.806374 0.7028231 0.9432725 0.7337429 0.9451665 0.7028228 0.8954017 0.7028231 0.8954017 0.7028231 0.897296 0.7337429 0.9432725 0.7337429 0.897296 0.7337429 0.9026898 0.7599553 0.9378787 0.7599553 0.9026898 0.7599553 0.910762 0.7774698 0.9378787 0.7599553 0.910762 0.7774698 0.9202841 0.7836202 0.9298063 0.7774703 0.9378787 0.7599553 0.910762 0.7774698 0.9298063 0.7774703 0.8972957 0.7337429 0.8954017 0.7028231 0.9451665 0.7028231 0.9451665 0.7028231 0.9432725 0.7337429 0.8972957 0.7337429 0.9432725 0.7337429 0.9378787 0.7599553 0.9026898 0.7599553 0.9378787 0.7599553 0.9298063 0.7774703 0.9026898 0.7599553 0.9298063 0.7774703 0.9202841 0.7836202 0.910762 0.7774703 0.9026898 0.7599553 0.9298063 0.7774703 0.910762 0.7774703 0.806374 0.7028231 0.8236776 0.7028228 0.8236776 0.7337429 0.806374 0.7337429 0.8236776 0.7337429 0.8236776 0.7599553 0.806374 0.7599553 0.8236776 0.7599553 0.8236776 0.7774703 0.9298063 0.9630113 0.9202841 0.9630113 0.9202841 0.9284042 0.9202841 0.9630113 0.910762 0.9630113 0.910762 0.9284042 0.8236776 0.7774698 0.8236776 0.7599553 0.806374 0.7599553 0.806374 0.7599553 0.8236776 0.7599553 0.8236776 0.7337429 0.806374 0.7337429 0.8236776 0.7337429 0.8236776 0.7028231 0.8864883 0.7599553 0.8459057 0.7337429 0.8918822 0.7337429 0.8512995 0.7599553 0.8918822 0.7337429 0.8459054 0.7337429 0.806374 0.7028231 0.806374 0.7337429 0.8236776 0.7337429 0.806374 0.7337429 0.806374 0.7599553 0.8236776 0.7599553 0.806374 0.7599553 0.806374 0.7774703 0.8236776 0.7774703 0.878416 0.9630113 0.878416 0.9284042 0.8688938 0.9284042 0.8688938 0.9630113 0.8688938 0.9284042 0.8593719 0.9284042 0.8236776 0.7774698 0.806374 0.7774703 0.806374 0.7599553 0.806374 0.7599553 0.806374 0.7337429 0.8236776 0.7337429 0.806374 0.7337429 0.806374 0.7028231 0.8236776 0.7028231 0.8918822 0.7337429 0.8440114 0.7028231 0.8937764 0.7028228 0.8440114 0.7028231 0.8918822 0.7337429 0.8459057 0.7337429 0.8459057 0.7337429 0.8864883 0.7599553 0.8512995 0.7599553 0.8512995 0.7599553 0.8864883 0.7599553 0.8593719 0.7774698 0.8593719 0.7774698 0.878416 0.7774703 0.8688938 0.7836202 0.8864883 0.7599553 0.878416 0.7774703 0.8593719 0.7774698 0.8459054 0.7337429 0.8937764 0.7028231 0.8440114 0.7028231 0.8937764 0.7028231 0.8459054 0.7337429 0.8918822 0.7337429 0.8918822 0.7337429 0.8512995 0.7599553 0.8864883 0.7599553 0.8864883 0.7599553 0.8512995 0.7599553 0.878416 0.7774703 0.878416 0.7774703 0.8593719 0.7774703 0.8688938 0.7836202 0.8512995 0.7599553 0.8593719 0.7774703 0.878416 0.7774703 0.806374 0.7028231 0.8236776 0.7337429 0.8236776 0.7028228 0.806374 0.7337429 0.8236776 0.7599553 0.8236776 0.7337429 0.806374 0.7599553 0.8236776 0.7774703 0.8236776 0.7599553 0.878416 0.9630113 0.8688938 0.9284042 0.8688938 0.9630113 0.8688938 0.9630113 0.8593719 0.9284042 0.8593719 0.9630113 0.8236776 0.7774698 0.806374 0.7599553 0.8236776 0.7599553 0.806374 0.7599553 0.8236776 0.7337429 0.8236776 0.7599553 0.806374 0.7337429 0.8236776 0.7028231 0.8236776 0.7337429 0.8367235 0.7599553 0.7961406 0.7337429 0.8421171 0.7337429 0.8015344 0.7599553 0.8421171 0.7337429 0.7961406 0.7337429 0.806374 0.7028231 0.806374 0.7337429 0.8236776 0.7337429 0.806374 0.7337429 0.806374 0.7599553 0.8236776 0.7599553 0.806374 0.7599553 0.806374 0.7774703 0.8236776 0.7774703 0.8286512 0.9630113 0.8286512 0.9284042 0.819129 0.9284042 0.819129 0.9630113 0.819129 0.9284042 0.8096068 0.9284042 0.8236776 0.7774698 0.806374 0.7774703 0.806374 0.7599553 0.806374 0.7599553 0.806374 0.7337429 0.8236776 0.7337429 0.806374 0.7337429 0.806374 0.7028231 0.8236776 0.7028231 0.8421171 0.7337429 0.7942464 0.7028231 0.8440114 0.7028228 0.7942464 0.7028231 0.8421171 0.7337429 0.7961406 0.7337429 0.7961406 0.7337429 0.8367235 0.7599553 0.8015344 0.7599553 0.8015344 0.7599553 0.8367235 0.7599553 0.8096068 0.7774698 0.8096068 0.7774698 0.8286512 0.7774703 0.819129 0.7836202 0.8367235 0.7599553 0.8286512 0.7774703 0.8096068 0.7774698 0.7961406 0.7337429 0.8440114 0.7028231 0.7942464 0.7028231 0.8440114 0.7028231 0.7961406 0.7337429 0.8421171 0.7337429 0.8421171 0.7337429 0.8015344 0.7599553 0.8367235 0.7599553 0.8367235 0.7599553 0.8015344 0.7599553 0.8286512 0.7774703 0.8286512 0.7774703 0.8096068 0.7774703 0.819129 0.7836202 0.8015344 0.7599553 0.8096068 0.7774703 0.8286512 0.7774703 0.806374 0.7028231 0.8236776 0.7337429 0.8236776 0.7028228 0.806374 0.7337429 0.8236776 0.7599553 0.8236776 0.7337429 0.806374 0.7599553 0.8236776 0.7774703 0.8236776 0.7599553 0.8286512 0.9630113 0.819129 0.9284042 0.819129 0.9630113 0.819129 0.9630113 0.8096068 0.9284042 0.8096068 0.9630113 0.8236776 0.7774698 0.806374 0.7599553 0.8236776 0.7599553 0.806374 0.7599553 0.8236776 0.7337429 0.8236776 0.7599553 0.806374 0.7337429 0.8236776 0.7028231 0.8236776 0.7337429 0.9378787 0.7599553 0.897296 0.7337429 0.9432725 0.7337429 0.9026898 0.7599553 0.9432725 0.7337429 0.8972957 0.7337429 0.806374 0.7028231 0.806374 0.7337429 0.8236776 0.7337429 0.806374 0.7337429 0.806374 0.7599553 0.8236776 0.7599553 0.806374 0.7599553 0.806374 0.7774703 0.8236776 0.7774703 0.9298063 0.9630113 0.9298063 0.9284042 0.9202841 0.9284042 0.9202841 0.9630113 0.9202841 0.9284042 0.910762 0.9284042 0.8236776 0.7774698 0.806374 0.7774703 0.806374 0.7599553 0.806374 0.7599553 0.806374 0.7337429 0.8236776 0.7337429 0.806374 0.7337429 0.806374 0.7028231 0.8236776 0.7028231 0.9432725 0.7337429 0.8954017 0.7028231 0.9451665 0.7028228 0.8954017 0.7028231 0.9432725 0.7337429 0.897296 0.7337429 0.897296 0.7337429 0.9378787 0.7599553 0.9026898 0.7599553 0.9026898 0.7599553 0.9378787 0.7599553 0.910762 0.7774698 0.910762 0.7774698 0.9298063 0.7774703 0.9202841 0.7836202 0.9378787 0.7599553 0.9298063 0.7774703 0.910762 0.7774698 0.8972957 0.7337429 0.9451665 0.7028231 0.8954017 0.7028231 0.9451665 0.7028231 0.8972957 0.7337429 0.9432725 0.7337429 0.9432725 0.7337429 0.9026898 0.7599553 0.9378787 0.7599553 0.9378787 0.7599553 0.9026898 0.7599553 0.9298063 0.7774703 0.9298063 0.7774703 0.910762 0.7774703 0.9202841 0.7836202 0.9026898 0.7599553 0.910762 0.7774703 0.9298063 0.7774703 0.806374 0.7028231 0.8236776 0.7337429 0.8236776 0.7028228 0.806374 0.7337429 0.8236776 0.7599553 0.8236776 0.7337429 0.806374 0.7599553 0.8236776 0.7774703 0.8236776 0.7599553 0.9298063 0.9630113 0.9202841 0.9284042 0.9202841 0.9630113 0.9202841 0.9630113 0.910762 0.9284042 0.910762 0.9630113 0.8236776 0.7774698 0.806374 0.7599553 0.8236776 0.7599553 0.806374 0.7599553 0.8236776 0.7337429 0.8236776 0.7599553 0.806374 0.7337429 0.8236776 0.7028231 0.8236776 0.7337429 0.9378787 0.7599553 0.897296 0.7337429 0.9432725 0.7337429 0.9026898 0.7599553 0.9432725 0.7337429 0.8972957 0.7337429 0.806374 0.7028231 0.806374 0.7337429 0.8236776 0.7337429 0.806374 0.7337429 0.806374 0.7599553 0.8236776 0.7599553 0.806374 0.7599553 0.806374 0.7774703 0.8236776 0.7774703 0.9298063 0.9630113 0.9298063 0.9284042 0.9202841 0.9284042 0.9202841 0.9630113 0.9202841 0.9284042 0.910762 0.9284042 0.8236776 0.7774698 0.806374 0.7774703 0.806374 0.7599553 0.806374 0.7599553 0.806374 0.7337429 0.8236776 0.7337429 0.806374 0.7337429 0.806374 0.7028231 0.8236776 0.7028231 0.9432725 0.7337429 0.8954017 0.7028231 0.9451665 0.7028228 0.8954017 0.7028231 0.9432725 0.7337429 0.897296 0.7337429 0.897296 0.7337429 0.9378787 0.7599553 0.9026898 0.7599553 0.9026898 0.7599553 0.9378787 0.7599553 0.910762 0.7774698 0.910762 0.7774698 0.9298063 0.7774703 0.9202841 0.7836202 0.9378787 0.7599553 0.9298063 0.7774703 0.910762 0.7774698 0.8972957 0.7337429 0.9451665 0.7028231 0.8954017 0.7028231 0.9451665 0.7028231 0.8972957 0.7337429 0.9432725 0.7337429 0.9432725 0.7337429 0.9026898 0.7599553 0.9378787 0.7599553 0.9378787 0.7599553 0.9026898 0.7599553 0.9298063 0.7774703 0.9298063 0.7774703 0.910762 0.7774703 0.9202841 0.7836202 0.9026898 0.7599553 0.910762 0.7774703 0.9298063 0.7774703 0.806374 0.7028231 0.8236776 0.7337429 0.8236776 0.7028228 0.806374 0.7337429 0.8236776 0.7599553 0.8236776 0.7337429 0.806374 0.7599553 0.8236776 0.7774703 0.8236776 0.7599553 0.9298063 0.9630113 0.9202841 0.9284042 0.9202841 0.9630113 0.9202841 0.9630113 0.910762 0.9284042 0.910762 0.9630113 0.8236776 0.7774698 0.806374 0.7599553 0.8236776 0.7599553 0.806374 0.7599553 0.8236776 0.7337429 0.8236776 0.7599553 0.806374 0.7337429 0.8236776 0.7028231 0.8236776 0.7337429 0.8242651 0.6258846 0.7535936 0.8188412 0.7535936 0.6258846 0.8242651 0.6258846 0.7535936 0.8188412 0.8242651 0.8188412 0.9878324 0.8188412 0.9173254 0.6258846 0.9878324 0.6258845 0.9173254 0.6258846 0.9878324 0.8188412 0.9878324 0.6258845 0.8906205 0.8275454 0.9393511 0.6159546 0.8906205 0.6159546 0.9880816 0.8275454 0.9393511 0.6159546 0.9393511 0.8275454 0.7776219 0.6159546 0.8263524 0.8275454 0.7776219 0.8275454 0.8750829 0.6159546 0.8263524 0.8275454 0.8263524 0.6159546 0.2919322 0.3048428 0.2983451 0.01383227 0.2919322 0.01383227 0.2919322 0.3048428 0.2983451 0.01383227 0.2983451 0.3048428 0.2919322 0.01383227 0.2983451 0.3048428 0.2919322 0.3048428 0.2919322 0.01383227 0.2983451 0.3048428 0.2983451 0.01383227 0.9672322 0.8098297 0.964212 0.6403762 0.9672321 0.6403762 0.9672322 0.8098297 0.964212 0.6403762 0.964212 0.8098297 0.7860209 0.6403762 0.7890412 0.8098297 0.7860209 0.8098297 0.7860209 0.6403762 0.7890412 0.8098297 0.7890411 0.6403762 0.2919322 0.01383227 0.2983451 0.3048428 0.2919322 0.3048428 0.2919322 0.01383227 0.2983451 0.3048428 0.2983451 0.01383227 0.2919322 0.3048428 0.2983451 0.01383227 0.2919322 0.01383227 0.2919322 0.3048428 0.2983451 0.01383227 0.2983451 0.3048428 0.435688 0.008925259 0.317337 0.3778313 0.317337 0.008925259 0.435688 0.008925259 0.317337 0.3778313 0.435688 0.3778313 0.9572893 0.8156116 0.7561365 0.8355193 0.7561365 0.8156116 0.9572893 0.8156116 0.7561365 0.8355193 0.9572893 0.8355193 0.8689697 0.7614455 0.8689697 0.7351452 0.8437517 0.7614455 0.9541872 0.7614455 0.9289693 0.7351452 0.9289693 0.7614455 0.8689697 0.7351452 0.8989695 0.708845 0.8437517 0.708845 0.9541872 0.708845 0.8989695 0.708845 0.9289693 0.7351452 0.8989695 0.708845 0.8689697 0.7351452 0.8437517 0.708845 0.9541872 0.708845 0.9289693 0.7351452 0.8989695 0.708845 0.8689697 0.7351452 0.8689697 0.7614455 0.8437517 0.7614455 0.9541872 0.7614455 0.9289693 0.7614455 0.9289693 0.7351452 0.7894926 0.7903228 0.9420576 0.7710341 0.7894926 0.7710341 0.7894926 0.7903228 0.9420576 0.7710341 0.9420576 0.7903228 0.9448826 0.811901 0.8001765 0.8318687 0.8001765 0.811901 0.9448826 0.8518363 0.8001765 0.8318687 0.9448826 0.8318687 0.8689697 0.7351452 0.8989695 0.708845 0.8989695 0.7351452 0.8989695 0.7351452 0.8989695 0.708845 0.9289693 0.7351452 0.8989695 0.708845 0.8689697 0.7351452 0.8989695 0.7351452 0.8989695 0.7351452 0.9289693 0.7351452 0.8989695 0.708845 0.3560961 0.1857815 0.4525065 0.007895767 0.4525064 0.1857815 0.3560961 0.1857815 0.4525065 0.007895767 0.3560963 0.007895767 0.2983451 0.01383227 0.2919321 0.3048428 0.2983449 0.3048428 0.2983451 0.01383227 0.2919321 0.3048428 0.2919322 0.01383227 0.2983449 0.3048428 0.2919322 0.01383227 0.2983451 0.01383227 0.2983449 0.3048428 0.2919322 0.01383227 0.2919321 0.3048428 0.7860209 0.6403762 0.7890412 0.8098297 0.7860209 0.8098297 0.7860209 0.6403762 0.7890412 0.8098297 0.7890411 0.6403762 0.9672322 0.8098297 0.964212 0.6403762 0.9672321 0.6403762 0.9672322 0.8098297 0.964212 0.6403762 0.964212 0.8098297 0.2983449 0.3048428 0.2919322 0.01383227 0.2983451 0.01383227 0.2983449 0.3048428 0.2919322 0.01383227 0.2919321 0.3048428 0.2983451 0.01383227 0.2919321 0.3048428 0.2983449 0.3048428 0.2983451 0.01383227 0.2919321 0.3048428 0.2919322 0.01383227 0.8970462 0.6185839 0.9457766 0.8301364 0.8970462 0.8301364 0.9945071 0.6185839 0.9457766 0.8301364 0.9457766 0.6185839 0.8042196 0.6186178 0.85295 0.8301703 0.85295 0.6186178 0.85295 0.8301703 0.9016805 0.6186178 0.85295 0.6186178 0.8646678 0.6359357 0.9351748 0.8288574 0.8646678 0.8288576 0.9351748 0.8288574 0.8646678 0.6359357 0.8646678 0.8288576 0.9941363 0.632636 0.923465 0.8255578 0.9234648 0.632636 0.9941363 0.632636 0.923465 0.8255578 0.9941363 0.8255578 0.7715387 0.9280111 0.7709006 0.9607413 0.7709006 0.9272704 0.7798053 0.9607413 0.7804433 0.9280111 0.7798053 0.9272704 0.9560977 0.9280111 0.9567359 0.9607413 0.9560977 0.9607423 0.9560977 0.9280111 0.9567359 0.9607413 0.9567359 0.9272704 0.7715387 0.9280111 0.9567359 0.9272704 0.9560977 0.9280111 0.7738374 0.9319257 0.9567359 0.930615 0.7731993 0.930615 0.9562755 0.948757 0.7732902 0.9496439 0.7732902 0.948757 0.9562755 0.9476496 0.7732902 0.9507513 0.9562755 0.9507513 0.7948037 0.8584154 0.8380978 0.6142967 0.7948037 0.6142967 0.8653036 0.9319499 0.9395556 0.9299518 0.9395556 0.9319499 0.8653036 0.9319499 0.9395556 0.9299518 0.8653036 0.9299518 0.9395556 0.9319499 0.8653036 0.9299518 0.8653036 0.9319499 0.9395556 0.9319499 0.8653036 0.9299518 0.9395556 0.9299518 0.7948037 0.8584154 0.8380978 0.6142967 0.7948037 0.6142967 0.7948037 0.8584154 0.8380978 0.6142967 0.8380978 0.8584154 0.8437517 0.708845 0.8437517 0.7614455 0.8689697 0.7351452 0.9289693 0.7351452 0.9541872 0.7614455 0.9541872 0.708845 0.8437517 0.7614455 0.8437517 0.708845 0.8689697 0.7351452 0.9289693 0.7351452 0.9541872 0.708845 0.9541872 0.7614455 0.9551828 0.8736155 0.9258818 0.8426306 0.9551913 0.8426386 0.9551828 0.8736155 0.9258818 0.8426306 0.9258734 0.8736076 0.9844917 0.8799172 0.9551828 0.8736155 0.9844962 0.863597 0.9551828 0.8736155 0.9844917 0.8799172 0.9844962 0.863597 0.9258734 0.8736076 0.8965613 0.8798909 0.8965671 0.8635711 0.9258734 0.8736076 0.8965613 0.8798909 0.9258714 0.8799008 0.9551828 0.8736155 0.9258714 0.8799008 0.9258734 0.8736076 0.9551828 0.8736155 0.9258714 0.8799008 0.9551811 0.879909 0.9551828 0.8736155 0.9258714 0.8799008 0.9258734 0.8736076 0.9551828 0.8736155 0.9258714 0.8799008 0.9551811 0.879909 0.9258734 0.8736076 0.8965613 0.8798909 0.8965671 0.8635711 0.9258734 0.8736076 0.8965613 0.8798909 0.9258714 0.8799008 0.9844917 0.8799172 0.9551828 0.8736155 0.9844962 0.863597 0.9551828 0.8736155 0.9844917 0.8799172 0.9844962 0.863597 0.9551828 0.8736155 0.9258818 0.8426306 0.9551913 0.8426386 0.9551828 0.8736155 0.9258818 0.8426306 0.9258734 0.8736076 0.9551828 0.8736155 0.9258818 0.8426306 0.9551913 0.8426386 0.9551828 0.8736155 0.9258818 0.8426306 0.9258734 0.8736076 0.9844917 0.8799172 0.9551828 0.8736155 0.9844962 0.863597 0.9551828 0.8736155 0.9844917 0.8799172 0.9844962 0.863597 0.9258734 0.8736076 0.8965613 0.8798909 0.8965671 0.8635711 0.9258734 0.8736076 0.8965613 0.8798909 0.9258714 0.8799008 0.9551828 0.8736155 0.9258714 0.8799008 0.9258734 0.8736076 0.9551828 0.8736155 0.9258714 0.8799008 0.9551811 0.879909 0.8736456 0.774927 0.9623883 0.6976373 0.8736456 0.6976373 0.8736456 0.774927 0.9623883 0.6976373 0.9623883 0.774927 0.8736456 0.774927 0.9623883 0.6976373 0.9623883 0.774927 0.8736456 0.774927 0.9623883 0.6976373 0.8736456 0.6976373 0.9748558 0.7305794 0.8023626 0.7251543 0.9748558 0.7251543 0.9748558 0.7305794 0.8023626 0.7251543 0.8023626 0.7305794 0.9823849 0.7305794 0.7843311 0.7251543 0.982385 0.7251543 0.9823849 0.7305794 0.7843311 0.7251543 0.7843311 0.7305794 0.8023626 0.7305794 0.9748558 0.7251543 0.8023626 0.7251543 0.8023626 0.7305794 0.9748558 0.7251543 0.9748558 0.7305794 0.8023626 0.7305794 0.9748558 0.7251543 0.8023626 0.7251543 0.8023626 0.7305794 0.9748558 0.7251543 0.9748558 0.7305794 0.9823849 0.7305794 0.7843311 0.7251543 0.982385 0.7251543 0.9823849 0.7305794 0.7843311 0.7251543 0.7843311 0.7305794 0.9748558 0.7305794 0.8023626 0.7251543 0.9748558 0.7251543 0.9748558 0.7305794 0.8023626 0.7251543 0.8023626 0.7305794 0.8736456 0.774927 0.9623883 0.6976373 0.9623883 0.774927 0.8736456 0.774927 0.9623883 0.6976373 0.8736456 0.6976373 0.8736456 0.774927 0.9623883 0.6976373 0.8736456 0.6976373 0.8736456 0.774927 0.9623883 0.6976373 0.9623883 0.774927 0.9152032 0.8063449 0.766676 0.7883793 0.9070553 0.7883793 0.766676 0.7883793 0.9152032 0.8063449 0.9070553 0.7883793 0.7583814 0.7684031 0.766676 0.7883793 0.7583814 0.8063449 0.7583814 0.7684031 0.766676 0.7883793 0.766676 0.775255 0.9152032 0.7684031 0.9070553 0.7883793 0.9070553 0.775255 0.9070553 0.7883793 0.9152032 0.7684031 0.9070553 0.775255 0.9152032 0.7684031 0.766676 0.775255 0.7583814 0.7684031 0.9152032 0.7684031 0.766676 0.775255 0.9070553 0.775255 0.8227155 0.6317645 0.8251945 0.7898887 0.8227155 0.7898887 0.8227155 0.6317645 0.8251945 0.7898887 0.8251945 0.6317645 0.8219197 0.6345735 0.8255022 0.6185001 0.8219197 0.6185001 0.8219197 0.6345735 0.8255022 0.6185001 0.8255022 0.6345735 0.8219197 0.6185001 0.8255022 0.6345735 0.8219197 0.6345735 0.8219197 0.6185001 0.8255022 0.6345735 0.8255022 0.6185001 0.8227155 0.7898887 0.8251945 0.6317645 0.8227155 0.6317645 0.8227155 0.7898887 0.8251945 0.6317645 0.8251945 0.7898887 0.9294931 0.8469377 0.8057546 0.8353692 0.9294931 0.8353692 0.9294931 0.8469377 0.8057546 0.8353692 0.8057546 0.8469377 0.8242651 0.6258846 0.8242651 0.8188412 0.7535936 0.8188412 0.8242651 0.6258846 0.7535936 0.6258846 0.7535936 0.8188412 0.9878324 0.8188412 0.9173254 0.8188412 0.9173254 0.6258846 0.9173254 0.6258846 0.9173254 0.8188412 0.9878324 0.8188412 0.8906205 0.8275454 0.9393511 0.8275454 0.9393511 0.6159546 0.9880816 0.8275454 0.9880816 0.6159546 0.9393511 0.6159546 0.7776219 0.6159546 0.8263524 0.6159546 0.8263524 0.8275454 0.8750829 0.6159546 0.8750829 0.8275454 0.8263524 0.8275454 0.2919322 0.3048428 0.2983451 0.3048428 0.2983451 0.01383227 0.2919322 0.3048428 0.2919322 0.01383227 0.2983451 0.01383227 0.2919322 0.01383227 0.2983451 0.01383227 0.2983451 0.3048428 0.2919322 0.01383227 0.2919322 0.3048428 0.2983451 0.3048428 0.9672322 0.8098297 0.964212 0.8098297 0.964212 0.6403762 0.9672322 0.8098297 0.9672321 0.6403762 0.964212 0.6403762 0.7860209 0.6403762 0.7890411 0.6403762 0.7890412 0.8098297 0.7860209 0.6403762 0.7860209 0.8098297 0.7890412 0.8098297 0.2919322 0.01383227 0.2983451 0.01383227 0.2983451 0.3048428 0.2919322 0.01383227 0.2919322 0.3048428 0.2983451 0.3048428 0.2919322 0.3048428 0.2983451 0.3048428 0.2983451 0.01383227 0.2919322 0.3048428 0.2919322 0.01383227 0.2983451 0.01383227 0.435688 0.008925259 0.435688 0.3778313 0.317337 0.3778313 0.435688 0.008925259 0.317337 0.008925259 0.317337 0.3778313 0.9572893 0.8156116 0.9572893 0.8355193 0.7561365 0.8355193 0.9572893 0.8156116 0.7561365 0.8156116 0.7561365 0.8355193 0.7894926 0.7903228 0.9420576 0.7903228 0.9420576 0.7710341 0.7894926 0.7903228 0.7894926 0.7710341 0.9420576 0.7710341 0.9448826 0.811901 0.9448826 0.8318687 0.8001765 0.8318687 0.9448826 0.8518363 0.8001765 0.8518363 0.8001765 0.8318687 0.3560961 0.1857815 0.3560963 0.007895767 0.4525065 0.007895767 0.3560961 0.1857815 0.4525064 0.1857815 0.4525065 0.007895767 0.2983451 0.01383227 0.2919322 0.01383227 0.2919321 0.3048428 0.2983451 0.01383227 0.2983449 0.3048428 0.2919321 0.3048428 0.2983449 0.3048428 0.2919321 0.3048428 0.2919322 0.01383227 0.2983449 0.3048428 0.2983451 0.01383227 0.2919322 0.01383227 0.7860209 0.6403762 0.7890411 0.6403762 0.7890412 0.8098297 0.7860209 0.6403762 0.7860209 0.8098297 0.7890412 0.8098297 0.9672322 0.8098297 0.964212 0.8098297 0.964212 0.6403762 0.9672322 0.8098297 0.9672321 0.6403762 0.964212 0.6403762 0.2983449 0.3048428 0.2919321 0.3048428 0.2919322 0.01383227 0.2983449 0.3048428 0.2983451 0.01383227 0.2919322 0.01383227 0.2983451 0.01383227 0.2919322 0.01383227 0.2919321 0.3048428 0.2983451 0.01383227 0.2983449 0.3048428 0.2919321 0.3048428 0.8970462 0.6185839 0.9457766 0.6185839 0.9457766 0.8301364 0.9945071 0.6185839 0.9945071 0.8301364 0.9457766 0.8301364 0.8042196 0.6186178 0.8042194 0.8301703 0.85295 0.8301703 0.85295 0.8301703 0.9016805 0.8301703 0.9016805 0.6186178 0.8646678 0.6359357 0.9351748 0.6359357 0.9351748 0.8288574 0.9351748 0.8288574 0.9351748 0.6359357 0.8646678 0.6359357 0.9941363 0.632636 0.9941363 0.8255578 0.923465 0.8255578 0.9941363 0.632636 0.9234648 0.632636 0.923465 0.8255578 0.7715387 0.9280111 0.7715387 0.9607423 0.7709006 0.9607413 0.7798053 0.9607413 0.7804433 0.9607423 0.7804433 0.9280111 0.9560977 0.9280111 0.9567359 0.9272704 0.9567359 0.9607413 0.9560977 0.9280111 0.9560977 0.9607423 0.9567359 0.9607413 0.7715387 0.9280111 0.7709006 0.9272704 0.9567359 0.9272704 0.7738374 0.9319257 0.9560977 0.9319257 0.9567359 0.930615 0.9562755 0.948757 0.9562755 0.9496439 0.7732902 0.9496439 0.9562755 0.9476496 0.7732902 0.9476496 0.7732902 0.9507513 0.7948037 0.8584154 0.8380978 0.8584154 0.8380978 0.6142967 0.8653036 0.9319499 0.8653036 0.9299518 0.9395556 0.9299518 0.8653036 0.9319499 0.9395556 0.9319499 0.9395556 0.9299518 0.9395556 0.9319499 0.9395556 0.9299518 0.8653036 0.9299518 0.9395556 0.9319499 0.8653036 0.9319499 0.8653036 0.9299518 0.7948037 0.8584154 0.8380978 0.8584154 0.8380978 0.6142967 0.7948037 0.8584154 0.7948037 0.6142967 0.8380978 0.6142967 0.9551828 0.8736155 0.9258734 0.8736076 0.9258818 0.8426306 0.9551828 0.8736155 0.9551913 0.8426386 0.9258818 0.8426306 0.9844917 0.8799172 0.9551811 0.879909 0.9551828 0.8736155 0.9551828 0.8736155 0.9551811 0.879909 0.9844917 0.8799172 0.9258734 0.8736076 0.9258714 0.8799008 0.8965613 0.8798909 0.9258734 0.8736076 0.8965671 0.8635711 0.8965613 0.8798909 0.9551828 0.8736155 0.9551811 0.879909 0.9258714 0.8799008 0.9551828 0.8736155 0.9258734 0.8736076 0.9258714 0.8799008 0.9551828 0.8736155 0.9551811 0.879909 0.9258714 0.8799008 0.9551828 0.8736155 0.9258734 0.8736076 0.9258714 0.8799008 0.9258734 0.8736076 0.9258714 0.8799008 0.8965613 0.8798909 0.9258734 0.8736076 0.8965671 0.8635711 0.8965613 0.8798909 0.9844917 0.8799172 0.9551811 0.879909 0.9551828 0.8736155 0.9551828 0.8736155 0.9551811 0.879909 0.9844917 0.8799172 0.9551828 0.8736155 0.9258734 0.8736076 0.9258818 0.8426306 0.9551828 0.8736155 0.9551913 0.8426386 0.9258818 0.8426306 0.9551828 0.8736155 0.9258734 0.8736076 0.9258818 0.8426306 0.9551828 0.8736155 0.9551913 0.8426386 0.9258818 0.8426306 0.9844917 0.8799172 0.9551811 0.879909 0.9551828 0.8736155 0.9551828 0.8736155 0.9551811 0.879909 0.9844917 0.8799172 0.9258734 0.8736076 0.9258714 0.8799008 0.8965613 0.8798909 0.9258734 0.8736076 0.8965671 0.8635711 0.8965613 0.8798909 0.9551828 0.8736155 0.9551811 0.879909 0.9258714 0.8799008 0.9551828 0.8736155 0.9258734 0.8736076 0.9258714 0.8799008 0.8736456 0.774927 0.9623883 0.774927 0.9623883 0.6976373 0.8736456 0.774927 0.8736456 0.6976373 0.9623883 0.6976373 0.8736456 0.774927 0.8736456 0.6976373 0.9623883 0.6976373 0.8736456 0.774927 0.9623883 0.774927 0.9623883 0.6976373 0.9748558 0.7305794 0.8023626 0.7305794 0.8023626 0.7251543 0.9748558 0.7305794 0.9748558 0.7251543 0.8023626 0.7251543 0.9823849 0.7305794 0.7843311 0.7305794 0.7843311 0.7251543 0.9823849 0.7305794 0.982385 0.7251543 0.7843311 0.7251543 0.8023626 0.7305794 0.9748558 0.7305794 0.9748558 0.7251543 0.8023626 0.7305794 0.8023626 0.7251543 0.9748558 0.7251543 0.8023626 0.7305794 0.9748558 0.7305794 0.9748558 0.7251543 0.8023626 0.7305794 0.8023626 0.7251543 0.9748558 0.7251543 0.9823849 0.7305794 0.7843311 0.7305794 0.7843311 0.7251543 0.9823849 0.7305794 0.982385 0.7251543 0.7843311 0.7251543 0.9748558 0.7305794 0.8023626 0.7305794 0.8023626 0.7251543 0.9748558 0.7305794 0.9748558 0.7251543 0.8023626 0.7251543 0.8736456 0.774927 0.8736456 0.6976373 0.9623883 0.6976373 0.8736456 0.774927 0.9623883 0.774927 0.9623883 0.6976373 0.8736456 0.774927 0.9623883 0.774927 0.9623883 0.6976373 0.8736456 0.774927 0.8736456 0.6976373 0.9623883 0.6976373 0.9152032 0.8063449 0.7583814 0.8063449 0.766676 0.7883793 0.766676 0.7883793 0.7583814 0.8063449 0.9152032 0.8063449 0.7583814 0.7684031 0.766676 0.775255 0.766676 0.7883793 0.7583814 0.7684031 0.7583814 0.8063449 0.766676 0.7883793 0.9152032 0.7684031 0.9152032 0.8063449 0.9070553 0.7883793 0.9070553 0.7883793 0.9152032 0.8063449 0.9152032 0.7684031 0.9152032 0.7684031 0.9070553 0.775255 0.766676 0.775255 0.9152032 0.7684031 0.7583814 0.7684031 0.766676 0.775255 0.8227155 0.6317645 0.8251945 0.6317645 0.8251945 0.7898887 0.8227155 0.6317645 0.8227155 0.7898887 0.8251945 0.7898887 0.8219197 0.6345735 0.8255022 0.6345735 0.8255022 0.6185001 0.8219197 0.6345735 0.8219197 0.6185001 0.8255022 0.6185001 0.8219197 0.6185001 0.8255022 0.6185001 0.8255022 0.6345735 0.8219197 0.6185001 0.8219197 0.6345735 0.8255022 0.6345735 0.8227155 0.7898887 0.8251945 0.7898887 0.8251945 0.6317645 0.8227155 0.7898887 0.8227155 0.6317645 0.8251945 0.6317645 0.9294931 0.8469377 0.8057546 0.8469377 0.8057546 0.8353692 0.9294931 0.8469377 0.9294931 0.8353692 0.8057546 0.8353692</float_array>
          <technique_common>
            <accessor source="#Wall_medium-mesh-map-0-array" count="1890" stride="2">
              <param name="S" type="float"/>
              <param name="T" type="float"/>
            </accessor>
          </technique_common>
        </source>
        <source id="Wall_medium-mesh-map-1">
          <float_array id="Wall_medium-mesh-map-1-array" count="3780">0.2242584 0.9189409 0.2107158 0.9551177 0.2107158 0.9141327 0.3221803 0.9258956 0.3086379 0.9620723 0.3086379 0.9210872 0.2434937 0.9979974 0.2434937 0.9819727 0.2613755 0.9819727 0.2434937 0.9819727 0.2434937 0.9680497 0.2613755 0.9680497 0.2434937 0.9680497 0.2434937 0.958347 0.2613755 0.958347 0.3483586 0.9831374 0.3483586 0.9653016 0.3568688 0.9653016 0.3568688 0.9831374 0.3568688 0.9653016 0.365379 0.9653016 0.9747491 0.7522315 0.9926308 0.7522313 0.9926308 0.7619339 0.9926308 0.7619339 0.9926308 0.775857 0.9747491 0.775857 0.9926308 0.775857 0.9926308 0.7918817 0.9747491 0.7918817 0.2107158 0.9141327 0.194741 0.9568062 0.194741 0.9124442 0.194741 0.9568062 0.2107158 0.9141327 0.2107158 0.9551177 0.2107158 0.9551177 0.2242584 0.9189409 0.2242584 0.9503095 0.2242584 0.9503095 0.2242584 0.9189409 0.2333073 0.9431135 0.2333073 0.9431135 0.2333075 0.9261369 0.2364848 0.9346252 0.2242584 0.9189409 0.2333075 0.9261369 0.2333073 0.9431135 0.3086379 0.9210872 0.292663 0.9637608 0.292663 0.9193989 0.292663 0.9637608 0.3086379 0.9210872 0.3086379 0.9620723 0.3086379 0.9620723 0.3221803 0.9258956 0.3221803 0.9572641 0.3221803 0.9572641 0.3221803 0.9258956 0.3312294 0.9500681 0.3312294 0.9500681 0.3312294 0.9330915 0.3344067 0.9415798 0.3221803 0.9258956 0.3312294 0.9330915 0.3312294 0.9500681 0.2434937 0.9979974 0.2613755 0.9819727 0.2613755 0.9979974 0.2434937 0.9819727 0.2613755 0.9680497 0.2613755 0.9819727 0.2434937 0.9680497 0.2613755 0.958347 0.2613755 0.9680497 0.3483586 0.9831374 0.3568688 0.9653016 0.3568688 0.9831374 0.3568688 0.9831374 0.365379 0.9653016 0.365379 0.9831374 0.9747491 0.7522315 0.9926308 0.7619339 0.9747491 0.7619339 0.9926308 0.7619339 0.9747491 0.775857 0.9747491 0.7619339 0.9926308 0.775857 0.9747491 0.7918817 0.9747491 0.775857 0.8789304 0.5809073 0.8653878 0.6187173 0.8653878 0.5758822 0.9405978 0.7279865 0.9270554 0.7657963 0.9270554 0.7229611 0.974749 0.7094373 0.974749 0.693405 0.9926308 0.693405 0.974749 0.693405 0.974749 0.6794602 0.9926308 0.6794602 0.974749 0.6794602 0.974749 0.669725 0.9926308 0.669725 0.03402709 0.9800508 0.03402709 0.9622151 0.04292142 0.9622151 0.04292142 0.9800508 0.04292142 0.9622151 0.0518158 0.9622151 0.9374282 0.8825085 0.9553099 0.8825082 0.9553099 0.8922433 0.9553099 0.8922433 0.9553099 0.9061882 0.9374282 0.9061882 0.9553099 0.9061882 0.9553099 0.9222205 0.9374282 0.9222205 0.8653878 0.5758822 0.849413 0.6204821 0.849413 0.5741175 0.849413 0.6204821 0.8653878 0.5758822 0.8653878 0.6187173 0.8653878 0.6187173 0.8789304 0.5809073 0.8789304 0.6136921 0.8789304 0.6136921 0.8789304 0.5809073 0.8879793 0.6061712 0.8879793 0.6061712 0.8879795 0.5884282 0.8911568 0.5972997 0.8789304 0.5809073 0.8879795 0.5884282 0.8879793 0.6061712 0.9270554 0.7229611 0.9110806 0.7675611 0.9110805 0.7211964 0.9110806 0.7675611 0.9270554 0.7229611 0.9270554 0.7657963 0.9270554 0.7657963 0.9405978 0.7279865 0.9405978 0.7607712 0.9405978 0.7607712 0.9405978 0.7279865 0.949647 0.7532503 0.949647 0.7532503 0.949647 0.7355073 0.9528243 0.7443789 0.9405978 0.7279865 0.949647 0.7355073 0.949647 0.7532503 0.974749 0.7094373 0.9926308 0.693405 0.9926308 0.7094373 0.974749 0.693405 0.9926308 0.6794602 0.9926308 0.693405 0.974749 0.6794602 0.9926308 0.669725 0.9926308 0.6794602 0.03402709 0.9800508 0.04292142 0.9622151 0.04292142 0.9800508 0.04292142 0.9800508 0.0518158 0.9622151 0.0518158 0.9800508 0.9374282 0.8825085 0.9553099 0.8922433 0.9374282 0.8922433 0.9553099 0.8922433 0.9374282 0.9061882 0.9374282 0.8922433 0.9553099 0.9061882 0.9374282 0.9222205 0.9374282 0.9061882 0.07280611 0.9541777 0.05926364 0.9589859 0.05926364 0.9180009 0.7901122 0.9662443 0.7765698 0.9710528 0.7765698 0.9300677 0.9926308 0.8330729 0.9747491 0.8170481 0.9926308 0.8170481 0.9926308 0.8170481 0.9747491 0.8031251 0.9926308 0.8031251 0.9926308 0.8031251 0.9747491 0.7934224 0.9926308 0.7934224 0.4025091 0.9831374 0.3939991 0.9653016 0.4025091 0.9653016 0.3939991 0.9831374 0.3854889 0.9653016 0.3939991 0.9653016 0.9926308 0.8346139 0.974749 0.8443163 0.974749 0.8346137 0.974749 0.8443163 0.9926308 0.8582394 0.974749 0.8582394 0.974749 0.8582394 0.9926308 0.874264 0.974749 0.874264 0.05926364 0.9589859 0.0432887 0.9606742 0.0432887 0.9163123 0.0432887 0.9163123 0.05926364 0.9180009 0.05926364 0.9589859 0.05926364 0.9180009 0.07280611 0.9228093 0.07280611 0.9541777 0.07280611 0.9228093 0.08185505 0.9300051 0.07280611 0.9541777 0.08185505 0.9300051 0.08503264 0.9384935 0.08185529 0.9469816 0.07280611 0.9541777 0.08185505 0.9300051 0.08185529 0.9469816 0.7765698 0.9710528 0.7605949 0.9727412 0.7605949 0.9283793 0.7605949 0.9283793 0.7765698 0.9300677 0.7765698 0.9710528 0.7765698 0.9300677 0.7901122 0.9348757 0.7901122 0.9662443 0.7901122 0.9348757 0.7991613 0.9420719 0.7901122 0.9662443 0.7991613 0.9420719 0.8023387 0.95056 0.7991613 0.9590483 0.7901122 0.9662443 0.7991613 0.9420719 0.7991613 0.9590483 0.9926308 0.8330729 0.9747491 0.8330729 0.9747491 0.8170481 0.9926308 0.8170481 0.9747491 0.8170481 0.9747491 0.8031251 0.9926308 0.8031251 0.9747491 0.8031251 0.9747491 0.7934224 0.4025091 0.9831374 0.3939991 0.9831374 0.3939991 0.9653016 0.3939991 0.9831374 0.3854889 0.9831374 0.3854889 0.9653016 0.9926308 0.8346139 0.9926308 0.8443163 0.974749 0.8443163 0.974749 0.8443163 0.9926308 0.8443163 0.9926308 0.8582394 0.974749 0.8582394 0.9926308 0.8582394 0.9926308 0.874264 0.02951741 0.9541777 0.01597487 0.9589861 0.01597487 0.9180009 0.7035351 0.9662446 0.6899927 0.9710529 0.6899927 0.9300677 0.280802 0.9979974 0.2629203 0.9819728 0.280802 0.9819728 0.280802 0.9819728 0.2629203 0.9680497 0.280802 0.9680497 0.280802 0.9680497 0.2629203 0.958347 0.280802 0.958347 0.5752183 0.9807066 0.5667081 0.9628708 0.5752183 0.9628708 0.5667081 0.9807066 0.5581979 0.9628708 0.5667081 0.9628708 0.9120212 0.9598058 0.8941394 0.9695081 0.8941394 0.9598056 0.8941394 0.9695081 0.9120212 0.9834313 0.8941394 0.9834313 0.8941394 0.9834313 0.9120212 0.9994559 0.8941394 0.9994559 0.01597487 0.9589861 0 0.9606743 0 0.9163124 0 0.9163124 0.01597487 0.9180009 0.01597487 0.9589861 0.01597487 0.9180009 0.02951741 0.9228091 0.02951741 0.9541777 0.02951741 0.9228091 0.03856629 0.9300051 0.02951741 0.9541777 0.03856629 0.9300051 0.04174393 0.9384934 0.03856652 0.9469817 0.02951741 0.9541777 0.03856629 0.9300051 0.03856652 0.9469817 0.6899927 0.9710529 0.6740179 0.9727413 0.6740179 0.9283794 0.6740179 0.9283794 0.6899927 0.9300677 0.6899927 0.9710529 0.6899927 0.9300677 0.7035351 0.934876 0.7035351 0.9662446 0.7035351 0.934876 0.7125843 0.942072 0.7035351 0.9662446 0.7125843 0.942072 0.7157616 0.9505603 0.7125843 0.9590486 0.7035351 0.9662446 0.7125843 0.942072 0.7125843 0.9590486 0.280802 0.9979974 0.2629203 0.9979974 0.2629203 0.9819728 0.280802 0.9819728 0.2629203 0.9819728 0.2629203 0.9680497 0.280802 0.9680497 0.2629203 0.9680497 0.2629203 0.958347 0.5752183 0.9807066 0.5667081 0.9807066 0.5667081 0.9628708 0.5667081 0.9807066 0.5581979 0.9807066 0.5581979 0.9628708 0.9120212 0.9598058 0.9120212 0.9695081 0.8941394 0.9695081 0.8941394 0.9695081 0.9120212 0.9695081 0.9120212 0.9834313 0.8941394 0.9834313 0.9120212 0.9834313 0.9120212 0.9994559 0.2675471 0.9503096 0.2540046 0.9551178 0.2540046 0.9141328 0.3654688 0.957264 0.3519264 0.9620723 0.3519264 0.9210872 0.9926308 0.9154553 0.9747491 0.8994306 0.9926308 0.8994306 0.9926308 0.8994306 0.9747491 0.8855075 0.9926308 0.8855075 0.9926308 0.8855075 0.9747491 0.875805 0.9926308 0.875805 0.3282486 0.9831374 0.3197384 0.9653016 0.3282486 0.9653016 0.3197384 0.9831374 0.3112282 0.9653016 0.3197384 0.9653016 0.9706737 0.9598037 0.9527919 0.969506 0.9527919 0.9598034 0.9527919 0.969506 0.9706737 0.9834291 0.9527919 0.9834291 0.9527919 0.9834291 0.9706737 0.9994537 0.9527919 0.9994537 0.2540046 0.9551178 0.2380296 0.9568063 0.2380296 0.9124442 0.2380296 0.9124442 0.2540046 0.9141328 0.2540046 0.9551178 0.2540046 0.9141328 0.2675471 0.918941 0.2675471 0.9503096 0.2675471 0.918941 0.276596 0.926137 0.2675471 0.9503096 0.276596 0.926137 0.2797736 0.9346253 0.2765963 0.9431136 0.2675471 0.9503096 0.276596 0.926137 0.2765963 0.9431136 0.3519264 0.9620723 0.3359515 0.9637607 0.3359515 0.9193988 0.3359515 0.9193988 0.3519264 0.9210872 0.3519264 0.9620723 0.3519264 0.9210872 0.3654688 0.9258955 0.3654688 0.957264 0.3654688 0.9258955 0.3745179 0.9330914 0.3654688 0.957264 0.3745179 0.9330914 0.3776953 0.9415797 0.3745179 0.9500681 0.3654688 0.957264 0.3745179 0.9330914 0.3745179 0.9500681 0.9926308 0.9154553 0.9747491 0.9154553 0.9747491 0.8994306 0.9926308 0.8994306 0.9747491 0.8994306 0.9747491 0.8855075 0.9926308 0.8855075 0.9747491 0.8855075 0.9747491 0.875805 0.3282486 0.9831374 0.3197384 0.9831374 0.3197384 0.9653016 0.3197384 0.9831374 0.3112282 0.9831374 0.3112282 0.9653016 0.9706737 0.9598037 0.9706737 0.969506 0.9527919 0.969506 0.9527919 0.969506 0.9706737 0.969506 0.9706737 0.9834291 0.9527919 0.9834291 0.9706737 0.9834291 0.9706737 0.9994537 0.940598 0.6649603 0.9270555 0.6699854 0.9270555 0.6271504 0.9405979 0.8565819 0.9270554 0.8616073 0.9270554 0.818772 0.5052858 0.9552429 0.4874041 0.9392106 0.5052858 0.9392106 0.5052858 0.9392106 0.4874041 0.9252657 0.5052858 0.9252657 0.5052858 0.9252657 0.4874041 0.9155306 0.5052858 0.9155306 0.07114928 0.9800508 0.06225496 0.9622151 0.07114928 0.9622151 0.06225496 0.9800508 0.05336058 0.9622151 0.06225496 0.9622151 0.1477479 0.9163126 0.1298661 0.9260476 0.1298661 0.9163124 0.1298661 0.9260476 0.1477479 0.9399924 0.1298661 0.9399924 0.1298661 0.9399924 0.1477479 0.9560247 0.1298661 0.9560247 0.9270555 0.6699854 0.9110805 0.6717501 0.9110805 0.6253855 0.9110805 0.6253855 0.9270555 0.6271504 0.9270555 0.6699854 0.9270555 0.6271504 0.940598 0.6321756 0.940598 0.6649603 0.940598 0.6321756 0.9496469 0.6396964 0.940598 0.6649603 0.9496469 0.6396964 0.9528245 0.6485679 0.9496471 0.6574394 0.940598 0.6649603 0.9496469 0.6396964 0.9496471 0.6574394 0.9270554 0.8616073 0.9110806 0.863372 0.9110806 0.8170074 0.9110806 0.8170074 0.9270554 0.818772 0.9270554 0.8616073 0.9270554 0.818772 0.9405979 0.8237972 0.9405979 0.8565819 0.9405979 0.8237972 0.949647 0.8313181 0.9405979 0.8565819 0.949647 0.8313181 0.9528243 0.8401896 0.949647 0.8490611 0.9405979 0.8565819 0.949647 0.8313181 0.949647 0.8490611 0.5052858 0.9552429 0.4874041 0.9552429 0.4874041 0.9392106 0.5052858 0.9392106 0.4874041 0.9392106 0.4874041 0.9252657 0.5052858 0.9252657 0.4874041 0.9252657 0.4874041 0.9155306 0.07114928 0.9800508 0.06225496 0.9800508 0.06225496 0.9622151 0.06225496 0.9800508 0.05336058 0.9800508 0.05336058 0.9622151 0.1477479 0.9163126 0.1477479 0.9260476 0.1298661 0.9260476 0.1298661 0.9260476 0.1477479 0.9260476 0.1477479 0.9399924 0.1298661 0.9399924 0.1477479 0.9399924 0.1477479 0.9560247 0.4087573 0.9572642 0.3952149 0.9620723 0.3952149 0.9210874 0.4736328 0.9533958 0.4600903 0.9582041 0.4600903 0.9172191 0.9314478 0.9994559 0.913566 0.9834313 0.9314478 0.9834313 0.9314478 0.9834313 0.913566 0.9695082 0.9314478 0.9695082 0.9314478 0.9695082 0.913566 0.9598056 0.9314478 0.9598056 0.3669238 0.9653016 0.3754339 0.9831374 0.3669238 0.9831374 0.3754339 0.9653016 0.3839441 0.9831374 0.3754339 0.9831374 0.5052859 0.956784 0.4874041 0.9664863 0.4874041 0.9567838 0.4874041 0.9664863 0.5052859 0.9804095 0.4874041 0.9804095 0.4874041 0.9804095 0.5052859 0.9964341 0.4874041 0.9964341 0.3952149 0.9620723 0.37924 0.9637608 0.37924 0.9193989 0.37924 0.9193989 0.3952149 0.9210874 0.3952149 0.9620723 0.3952149 0.9210874 0.4087573 0.9258956 0.4087573 0.9572642 0.4087573 0.9258956 0.4178062 0.9330915 0.4087573 0.9572642 0.4178062 0.9330915 0.4209838 0.9415798 0.4178065 0.9500681 0.4087573 0.9572642 0.4178062 0.9330915 0.4178065 0.9500681 0.4600903 0.9582041 0.4441154 0.9598925 0.4441154 0.9155306 0.4441154 0.9155306 0.4600903 0.9172191 0.4600903 0.9582041 0.4600903 0.9172191 0.4736328 0.9220272 0.4736328 0.9533958 0.4736328 0.9220272 0.4826819 0.9292232 0.4736328 0.9533958 0.4826819 0.9292232 0.4858593 0.9377115 0.4826819 0.9461998 0.4736328 0.9533958 0.4826819 0.9292232 0.4826819 0.9461998 0.9314478 0.9994559 0.913566 0.9994559 0.913566 0.9834313 0.9314478 0.9834313 0.913566 0.9834313 0.913566 0.9695082 0.9314478 0.9695082 0.913566 0.9695082 0.913566 0.9598056 0.3669238 0.9653016 0.3754339 0.9653016 0.3754339 0.9831374 0.3754339 0.9653016 0.3839441 0.9653016 0.3839441 0.9831374 0.5052859 0.956784 0.5052859 0.9664863 0.4874041 0.9664863 0.4874041 0.9664863 0.5052859 0.9664863 0.5052859 0.9804095 0.4874041 0.9804095 0.5052859 0.9804095 0.5052859 0.9964341 0.9405978 0.8086766 0.9270554 0.8137018 0.9270554 0.7708667 0.9236569 0.9220827 0.9101144 0.9271081 0.9101144 0.8842728 0.9926308 0.7506904 0.9747491 0.7346582 0.9926308 0.7346582 0.9926308 0.7346582 0.9747491 0.7207134 0.9926308 0.7207134 0.9926308 0.7207134 0.9747491 0.7109782 0.9926308 0.7109782 0.07269412 0.9622151 0.08158838 0.9800509 0.07269412 0.9800509 0.08158838 0.9622151 0.09048277 0.9800509 0.08158838 0.9800509 0.4404104 0.919399 0.4225287 0.9291339 0.4225287 0.9193988 0.4225287 0.9291339 0.4404104 0.9430788 0.4225287 0.9430788 0.4225287 0.9430788 0.4404104 0.9591111 0.4225287 0.9591111 0.9270554 0.8137018 0.9110805 0.8154665 0.9110805 0.7691019 0.9110805 0.7691019 0.9270554 0.7708667 0.9270554 0.8137018 0.9270554 0.7708667 0.9405978 0.7758919 0.9405978 0.8086766 0.9405978 0.7758919 0.9496467 0.7834127 0.9405978 0.8086766 0.9496467 0.7834127 0.9528242 0.7922843 0.9496469 0.8011557 0.9405978 0.8086766 0.9496467 0.7834127 0.9496469 0.8011557 0.9101144 0.9271081 0.8941395 0.9288727 0.8941395 0.8825082 0.8941395 0.8825082 0.9101144 0.8842728 0.9101144 0.9271081 0.9101144 0.8842728 0.9236569 0.889298 0.9236569 0.9220827 0.9236569 0.889298 0.9327061 0.8968189 0.9236569 0.9220827 0.9327061 0.8968189 0.9358834 0.9056904 0.9327061 0.9145619 0.9236569 0.9220827 0.9327061 0.8968189 0.9327061 0.9145619 0.9926308 0.7506904 0.9747491 0.7506904 0.9747491 0.7346582 0.9926308 0.7346582 0.9747491 0.7346582 0.9747491 0.7207134 0.9926308 0.7207134 0.9747491 0.7207134 0.9747491 0.7109782 0.07269412 0.9622151 0.08158838 0.9622151 0.08158838 0.9800509 0.08158838 0.9622151 0.09048277 0.9622151 0.09048277 0.9800509 0.4404104 0.919399 0.4404104 0.9291339 0.4225287 0.9291339 0.4225287 0.9291339 0.4404104 0.9291339 0.4404104 0.9430788 0.4225287 0.9430788 0.4404104 0.9430788 0.4404104 0.9591111 0.8334007 0.9348757 0.8198583 0.9710526 0.8198583 0.9300676 0.1160948 0.9228093 0.1025524 0.9589859 0.1025524 0.9180006 0.1298661 0.9972159 0.1298661 0.9811913 0.1477479 0.9811913 0.1298661 0.9811913 0.1298661 0.9672682 0.1477479 0.9672682 0.1298661 0.9672682 0.1298661 0.9575656 0.1477479 0.9575656 0.5319294 0.9675205 0.5319294 0.9853563 0.5234194 0.9853563 0.5234194 0.9675205 0.5234194 0.9853563 0.5149093 0.9853563 0.9821183 0.9304139 1 0.9304136 1 0.9401162 1 0.9401162 1 0.9540393 0.9821183 0.9540393 1 0.9540393 1 0.970064 0.9821183 0.970064 0.8198583 0.9300676 0.8038834 0.9727412 0.8038834 0.9283793 0.8038834 0.9727412 0.8198583 0.9300676 0.8198583 0.9710526 0.8198583 0.9710526 0.8334007 0.9348757 0.8334007 0.9662443 0.8334007 0.9662443 0.8334007 0.9348757 0.8424496 0.9590483 0.8424496 0.9590483 0.8424498 0.9420719 0.8456271 0.95056 0.8334007 0.9348757 0.8424498 0.9420719 0.8424496 0.9590483 0.1025524 0.9180006 0.08657741 0.9606742 0.08657741 0.9163123 0.08657741 0.9606742 0.1025524 0.9180006 0.1025524 0.9589859 0.1025524 0.9589859 0.1160948 0.9228093 0.1160948 0.9541777 0.1160948 0.9541777 0.1160948 0.9228093 0.125144 0.9469816 0.125144 0.9469816 0.125144 0.9300051 0.1283214 0.9384935 0.1160948 0.9228093 0.125144 0.9300051 0.125144 0.9469816 0.1298661 0.9972159 0.1477479 0.9811913 0.1477479 0.9972159 0.1298661 0.9811913 0.1477479 0.9672682 0.1477479 0.9811913 0.1298661 0.9672682 0.1477479 0.9575656 0.1477479 0.9672682 0.5319294 0.9675205 0.5234194 0.9853563 0.5234194 0.9675205 0.5234194 0.9675205 0.5149093 0.9853563 0.5149093 0.9675205 0.9821183 0.9304139 1 0.9401162 0.9821183 0.9401162 1 0.9401162 0.9821183 0.9540393 0.9821183 0.9401162 1 0.9540393 0.9821183 0.970064 0.9821183 0.9540393 0.7468237 0.934876 0.7332813 0.9710528 0.7332813 0.9300677 0.6585317 0.9220251 0.6449893 0.958202 0.6449893 0.9172168 0.9329925 0.9994559 0.9329925 0.9834313 0.9508742 0.9834313 0.9329925 0.9834313 0.9329925 0.9695081 0.9508742 0.9695081 0.9329925 0.9695081 0.9329925 0.9598056 0.9508742 0.9598056 0.3096834 0.9653016 0.3096834 0.9831374 0.3011732 0.9831374 0.3011732 0.9653016 0.3011732 0.9831374 0.292663 0.9831374 0.1514524 0.9603498 0.1693341 0.9603496 0.1693341 0.9700522 0.1693341 0.9700522 0.1693341 0.9839753 0.1514524 0.9839753 0.1693341 0.9839753 0.1693341 0.9999999 0.1514524 0.9999999 0.7332813 0.9300677 0.7173064 0.9727413 0.7173064 0.9283794 0.7173064 0.9727413 0.7332813 0.9300677 0.7332813 0.9710528 0.7332813 0.9710528 0.7468237 0.934876 0.7468237 0.9662445 0.7468237 0.9662445 0.7468237 0.934876 0.7558726 0.9590486 0.7558726 0.9590486 0.7558728 0.942072 0.7590501 0.9505603 0.7468237 0.934876 0.7558728 0.942072 0.7558726 0.9590486 0.6449893 0.9172168 0.6290143 0.9598903 0.6290143 0.9155284 0.6290143 0.9598903 0.6449893 0.9172168 0.6449893 0.958202 0.6449893 0.958202 0.6585317 0.9220251 0.6585317 0.9533936 0.6585317 0.9533936 0.6585317 0.9220251 0.6675809 0.9461977 0.6675809 0.9461977 0.6675809 0.929221 0.6707583 0.9377093 0.6585317 0.9220251 0.6675809 0.929221 0.6675809 0.9461977 0.9329925 0.9994559 0.9508742 0.9834313 0.9508742 0.9994559 0.9329925 0.9834313 0.9508742 0.9695081 0.9508742 0.9834313 0.9329925 0.9695081 0.9508742 0.9598056 0.9508742 0.9695081 0.3096834 0.9653016 0.3011732 0.9831374 0.3011732 0.9653016 0.3011732 0.9653016 0.292663 0.9831374 0.292663 0.9653016 0.1514524 0.9603498 0.1693341 0.9700522 0.1514524 0.9700522 0.1693341 0.9700522 0.1514524 0.9839753 0.1514524 0.9700522 0.1693341 0.9839753 0.1514524 0.9999999 0.1514524 0.9839753 0.5444266 0.9281144 0.5308841 0.9642911 0.5308841 0.9233062 0.615243 0.9220252 0.6017004 0.9582018 0.6017004 0.9172168 0.2240672 0.9979975 0.2240672 0.9819728 0.2419489 0.9819728 0.2240672 0.9819728 0.2240672 0.9680498 0.2419489 0.9680498 0.2240672 0.9680498 0.2240672 0.9583471 0.2419489 0.9583471 0.3468138 0.9653016 0.3468138 0.9831374 0.3383036 0.9831374 0.3383036 0.9653016 0.3383036 0.9831374 0.3297934 0.9831374 0.1708789 0.9603499 0.1887606 0.9603496 0.1887606 0.9700522 0.1887606 0.9700522 0.1887606 0.9839754 0.1708789 0.9839754 0.1887606 0.9839754 0.1887606 1 0.1708789 1 0.5308841 0.9233062 0.5149093 0.9659796 0.5149093 0.9216177 0.5149093 0.9659796 0.5308841 0.9233062 0.5308841 0.9642911 0.5308841 0.9642911 0.5444266 0.9281144 0.5444266 0.9594829 0.5444266 0.9594829 0.5444266 0.9281144 0.5534755 0.952287 0.5534755 0.952287 0.5534757 0.9353104 0.556653 0.9437987 0.5444266 0.9281144 0.5534757 0.9353104 0.5534755 0.952287 0.6017004 0.9172168 0.5857256 0.9598903 0.5857256 0.9155284 0.5857256 0.9598903 0.6017004 0.9172168 0.6017004 0.9582018 0.6017004 0.9582018 0.615243 0.9220252 0.615243 0.9533936 0.615243 0.9533936 0.615243 0.9220252 0.6242921 0.9461977 0.6242921 0.9461977 0.6242921 0.929221 0.6274694 0.9377093 0.615243 0.9220252 0.6242921 0.929221 0.6242921 0.9461977 0.2240672 0.9979975 0.2419489 0.9819728 0.2419489 0.9979975 0.2240672 0.9819728 0.2419489 0.9680498 0.2419489 0.9819728 0.2240672 0.9680498 0.2419489 0.9583471 0.2419489 0.9680498 0.3468138 0.9653016 0.3383036 0.9831374 0.3383036 0.9653016 0.3383036 0.9653016 0.3297934 0.9831374 0.3297934 0.9653016 0.1708789 0.9603499 0.1887606 0.9700522 0.1708789 0.9700522 0.1887606 0.9700522 0.1708789 0.9839754 0.1708789 0.9700522 0.1887606 0.9839754 0.1708789 1 0.1708789 0.9839754 0.1809697 0.9192341 0.1674272 0.9570441 0.1674272 0.914209 0.940598 0.680081 0.9270555 0.7178909 0.9270555 0.6750556 0.5581979 0.96133 0.5581979 0.9452977 0.5760796 0.9452977 0.5581979 0.9452977 0.5581979 0.9313529 0.5760796 0.9313529 0.5581979 0.9313529 0.5581979 0.9216177 0.5760796 0.9216177 0.1098163 0.9622151 0.1098163 0.9800509 0.100922 0.9800509 0.100922 0.9622151 0.100922 0.9800509 0.0920276 0.9800509 0.9747491 0.6284722 0.9926308 0.6284719 0.9926308 0.638207 0.9926308 0.638207 0.9926308 0.652152 0.9747491 0.6521519 0.9926308 0.652152 0.9926308 0.6681842 0.9747491 0.6681842 0.1674272 0.914209 0.1514523 0.9588088 0.1514523 0.9124442 0.1514523 0.9588088 0.1674272 0.914209 0.1674272 0.9570441 0.1674272 0.9570441 0.1809697 0.9192341 0.1809697 0.9520188 0.1809697 0.9520188 0.1809697 0.9192341 0.1900185 0.944498 0.1900185 0.944498 0.1900187 0.926755 0.1931961 0.9356265 0.1809697 0.9192341 0.1900187 0.926755 0.1900185 0.944498 0.9270555 0.6750556 0.9110805 0.7196555 0.9110805 0.673291 0.9110805 0.7196555 0.9270555 0.6750556 0.9270555 0.7178909 0.9270555 0.7178909 0.940598 0.680081 0.940598 0.7128657 0.940598 0.7128657 0.940598 0.680081 0.9496471 0.7053447 0.9496471 0.7053447 0.9496471 0.6876018 0.9528245 0.6964733 0.940598 0.680081 0.9496471 0.6876018 0.9496471 0.7053447 0.5581979 0.96133 0.5760796 0.9452977 0.5760796 0.96133 0.5581979 0.9452977 0.5760796 0.9313529 0.5760796 0.9452977 0.5581979 0.9313529 0.5760796 0.9216177 0.5760796 0.9313529 0.1098163 0.9622151 0.100922 0.9800509 0.100922 0.9622151 0.100922 0.9622151 0.0920276 0.9800509 0.0920276 0.9622151 0.9747491 0.6284722 0.9926308 0.638207 0.9747491 0.638207 0.9926308 0.638207 0.9747491 0.6521519 0.9747491 0.638207 0.9926308 0.652152 0.9747491 0.6681842 0.9747491 0.6521519 0.5857256 0.3134927 0.6724731 0 0.672473 0.3134927 0.5841807 0.3134938 0.4974333 0 0.5841807 0 0.7617154 0 0.847868 0.3134927 0.7617154 0.3134927 0.6740179 0.3134938 0.7601706 0 0.7601706 0.3134939 0.1463314 0 0.2187248 0.3119505 0.1463314 0.3119505 0.2911182 0 0.2187248 0.3119505 0.2187248 0 0.1447867 0.3119505 0.07239329 0 0.1447867 0 0 0.3119505 0.07239329 0 0.07239329 0.3119505 0.9195511 0 0.9264768 0.3119505 0.9195511 0.3119505 0.9095358 0.2571226 0.9026101 0.5690732 0.90261 0.2571226 0.9180064 0.3119505 0.9110807 0 0.9180064 0 0.8941394 0.5690731 0.9010651 0.2571225 0.9010651 0.5690731 0.9833526 0 0.988954 0.3134927 0.9833526 0.3134927 0.9818077 0 0.9762063 0.3134938 0.9762062 0 0.9746613 0.3134927 0.9690551 0 0.9746613 0 0.9619041 0.3134938 0.9675102 0 0.9675102 0.3134938 0.9349474 0.3119505 0.9280217 0 0.9349474 0 0.9364922 0.3119505 0.9434179 0 0.9434179 0.3119505 0.9449627 0 0.9518885 0.3119505 0.9449627 0.3119505 0.960359 0 0.9534334 0.3119505 0.9534334 0 0.3950482 0.3134927 0.4958884 0 0.4958884 0.3134927 0.3935033 0.3134938 0.292663 0 0.3935033 0 0.2319961 0.6253855 0.2651994 0.9109033 0.231996 0.9109033 0.8920454 0.6284718 0.858842 0.9139896 0.858842 0.6284718 0.5149095 0.7403858 0.5493634 0.7403858 0.5149095 0.7735039 0.5149095 0.6284719 0.5493634 0.66159 0.5149095 0.66159 0.5493634 0.7403858 0.5838176 0.7009879 0.5838176 0.7735039 0.5838176 0.6284719 0.5838176 0.7009879 0.5493634 0.66159 0.5838176 0.8475608 0.5493634 0.8081628 0.5838176 0.7750447 0.5838176 0.9200767 0.5493634 0.8869587 0.5838176 0.8475608 0.5493634 0.8081628 0.5149094 0.8081628 0.5149094 0.7750447 0.5149094 0.9200767 0.5149094 0.8869587 0.5493634 0.8869587 0.8494129 0.2855179 0.8840374 0 0.8840374 0.2855179 0.8494129 0.2870587 0.8840373 0.5725766 0.8494129 0.5725766 0.1514524 0.6253855 0.1909518 0.9109033 0.1514524 0.9109033 0.2304512 0.6253855 0.1909518 0.9109033 0.1909518 0.6253855 0.5493634 0.8081628 0.5838176 0.8475608 0.5493634 0.8475608 0.5493634 0.8475608 0.5838176 0.8475608 0.5493634 0.8869587 0.5838176 0.7009879 0.5493634 0.7403858 0.5493634 0.7009879 0.5493634 0.7009879 0.5493634 0.66159 0.5838176 0.7009879 0.3950482 0.6269288 0.4958884 0.3134927 0.4958884 0.6269288 0.3935033 0.626931 0.292663 0.3134938 0.3935033 0.3134938 0.9449627 0.3119505 0.9518885 0.6238446 0.9449628 0.6238446 0.960359 0.3119505 0.9534334 0.6238446 0.9534334 0.3119505 0.9349473 0.6238447 0.9280217 0.3119505 0.9349474 0.3119505 0.9364922 0.6238447 0.9434179 0.3119505 0.9434179 0.6238447 0.9746614 0.6269288 0.9690551 0.3134927 0.9746613 0.3134927 0.9619039 0.626931 0.9675102 0.3134938 0.9675102 0.626931 0.9833526 0.3134927 0.988954 0.6269288 0.9833526 0.6269288 0.9818077 0.3134938 0.9762063 0.626931 0.9762063 0.3134938 0.9180064 0.6238447 0.9110807 0.3119505 0.9180064 0.3119505 0.8941394 0.8809672 0.9010651 0.5690731 0.9010651 0.8809672 0.9195511 0.3119505 0.9264768 0.6238446 0.9195511 0.6238446 0.9095358 0.5690732 0.9026101 0.8809672 0.9026101 0.5690732 0.1447866 0.6238447 0.07239329 0.3119505 0.1447867 0.3119505 0 0.6238447 0.07239329 0.3119505 0.07239329 0.6238447 0.1463315 0.6238446 0.2187248 0.3119505 0.2187248 0.6238446 0.2187248 0.3119505 0.2911182 0.6238446 0.2187248 0.6238446 0.8478681 0.6269288 0.7617154 0.3134927 0.847868 0.3134927 0.7601706 0.3134939 0.6740179 0.626931 0.6740179 0.3134938 0.5857256 0.6269288 0.672473 0.3134927 0.6724731 0.6269288 0.5841806 0.626931 0.4974333 0.3134938 0.5841807 0.3134938 0.002250969 0.9128375 0.07495373 0.9147715 0 0.9147715 0.07495373 0.9147715 0.1476565 0.9128375 0.1499075 0.9147715 0.002250969 0.6273195 0.07495379 0.6253855 0.07495379 0.6273196 0.1476566 0.6273196 0.07495379 0.6253855 0.1499075 0.6253855 0.002250969 0.9128375 0 0.6253855 0.002250969 0.6273195 0.1476565 0.9128375 0.1499075 0.6253855 0.1499075 0.9147715 0.9704674 0.6284719 0.9732043 0.9178578 0.9704673 0.9178578 0.9619039 0.9178578 0.9646408 0.6284719 0.9646408 0.9178578 0.9661856 0.6284719 0.9689226 0.9178578 0.9661856 0.9178578 0.9941756 0.6284719 0.996899 0.7032331 0.9941756 0.7032331 0.9941756 0.7779943 0.996899 0.7032331 0.996899 0.7779943 0.9952092 0.07476121 0.9979326 0.1495224 0.9952092 0.1495224 0.9952092 0.07476121 0.9979326 0 0.9979326 0.07476121 0.292663 0.6284719 0.3676168 0.9178579 0.292663 0.9178579 0.4425706 0.6284719 0.3676168 0.9178579 0.3676168 0.6284719 0.5838176 0.7735039 0.5149095 0.7735039 0.5493634 0.7403858 0.5493634 0.66159 0.5149095 0.6284719 0.5838176 0.6284719 0.5149094 0.7750447 0.5838176 0.7750447 0.5493634 0.8081628 0.5493634 0.8869587 0.5838176 0.9200767 0.5149094 0.9200767 0.858842 0.9449227 0.8866235 0.9727717 0.858842 0.9727717 0.8866234 0.9155306 0.858842 0.9433817 0.858842 0.9155306 0.6565192 0.9131629 0.6624847 0.8855922 0.671988 0.9131629 0.432032 0.9606519 0.4379974 0.9882226 0.4225286 0.9882226 0.4536188 0.9614334 0.4595841 0.9890041 0.4441154 0.9890041 0.4670943 0.9614334 0.4611289 0.9890041 0.4611289 0.9614334 0.8531374 0.9560894 0.847172 0.9283793 0.8531374 0.9283793 0.5068306 0.9724918 0.5127961 0.9447816 0.5127961 0.9724918 0.8915477 0.5419554 0.8855823 0.5142452 0.8915477 0.5142452 0.8855823 0.5712064 0.8915476 0.5434963 0.8915476 0.5712064 0.595229 0.9614312 0.6011943 0.9890019 0.5857256 0.9890019 0.6087045 0.9614312 0.6027391 0.9890019 0.6027391 0.9614312 0.2667443 0.9100787 0.2727096 0.882508 0.282213 0.9100787 0.629256 0.9614312 0.6352214 0.9890018 0.6197527 0.9890018 0.952792 0.9304137 0.9805735 0.9582627 0.952792 0.9582627 0.921921 0.9304135 0.8941395 0.9582647 0.8941395 0.9304135 0.1947409 0.9583472 0.2225224 0.9861962 0.1947409 0.9861962 0.9512472 0.9304135 0.9234658 0.9582647 0.9234658 0.9304135 0.6367661 0.9890018 0.6427316 0.9614312 0.6522349 0.9890018 0.6632831 0.9614312 0.6692485 0.9890018 0.6537798 0.9890018 0.009503364 0.9622151 0.01546871 0.9897859 0 0.9897859 0.0229789 0.9622151 0.01701354 0.9897859 0.01701354 0.9622151 0.512796 0.9432408 0.5068306 0.9155306 0.512796 0.9155306 0.5776244 0.9493278 0.5835898 0.9216178 0.5835898 0.9493279 0.8572971 0.7026783 0.7664299 0.6284719 0.8572971 0.6284719 0.8572971 0.7026783 0.7664299 0.7768848 0.7664299 0.7026783 0.6740179 0.7026783 0.764885 0.6284719 0.7648851 0.7026783 0.6740179 0.7026783 0.764885 0.7768848 0.6740179 0.7768848 0.9904989 0.07420641 0.9936645 0 0.9936645 0.07420647 0.9904989 0.07420641 0.9936645 0.1484128 0.9904988 0.1484128 0.9941756 0.8701689 0.9973569 0.7795352 0.9973569 0.8701689 0.2837579 0.8825082 0.2869391 0.9731419 0.2837578 0.9731419 0.9904987 0.4483203 0.9936644 0.3741139 0.9936644 0.4483203 0.9904988 0.2999075 0.9936644 0.3741139 0.9904988 0.3741139 0.9904987 0.5982742 0.9936643 0.5240677 0.9936643 0.5982742 0.9904987 0.4498612 0.9936643 0.5240677 0.9904987 0.5240677 0.9952092 0.332685 0.9983905 0.2426446 0.9983905 0.332685 0.9952092 0.1510633 0.9983904 0.2411037 0.9952092 0.2411037 0.9904989 0.2241602 0.9936645 0.1499537 0.9936645 0.2241602 0.9904989 0.2241602 0.9936645 0.2983666 0.9904989 0.2983666 0.6740179 0.852632 0.7642902 0.7784255 0.7642902 0.852632 0.6740179 0.852632 0.7642902 0.9268384 0.6740179 0.9268384 0.8561074 0.852632 0.7658351 0.7784255 0.8561074 0.7784255 0.8561074 0.852632 0.7658351 0.9268384 0.7658351 0.852632 0.5857256 0.9139874 0.6185152 0.6435711 0.6185152 0.8991529 0.4769052 0.8988882 0.4441154 0.6284719 0.4769052 0.6433064 0.6549745 0.6284696 0.6185152 0.6435711 0.5857256 0.6284696 0.5133645 0.9139897 0.4769052 0.8988882 0.5008587 0.8988882 0.6549744 0.9139874 0.6185152 0.8991529 0.6424686 0.8991529 0.4769052 0.6433064 0.5133645 0.6284719 0.5008587 0.6433064 0.6549744 0.9139874 0.6424686 0.6435711 0.6549745 0.6284696 0.5133645 0.6284719 0.5008587 0.8988882 0.5008587 0.6433064 0.6565193 0.6284696 0.6618587 0.8840513 0.6565192 0.8840513 0.6687429 0.6284696 0.6634035 0.8840513 0.6634035 0.6284696 0.5776244 0.9508687 0.5829638 0.9746431 0.5776244 0.9746431 0.8525114 0.9576304 0.847172 0.9814047 0.847172 0.9576304 0.977558 0.9835777 0.9722186 0.9598034 0.977558 0.9598034 0.4781424 0.9852077 0.4834818 0.9614334 0.4834818 0.9852077 0.8855823 0.2571225 0.8909216 0.5127043 0.8855823 0.5127043 0.9597088 0.6253854 0.9543693 0.8809672 0.9543693 0.6253854 0.8855823 0.2555817 0.9095358 0 0.9095357 0.2555817 0.2667443 0.6253855 0.2906978 0.8809673 0.2667443 0.8809673 0.5857256 0.3134927 0.5857256 0 0.6724731 0 0.5841807 0.3134938 0.4974333 0.3134938 0.4974333 0 0.7617154 0 0.8478681 0 0.847868 0.3134927 0.6740179 0.3134938 0.6740179 0 0.7601706 0 0.1463314 0 0.2187248 0 0.2187248 0.3119505 0.2911182 0 0.2911182 0.3119505 0.2187248 0.3119505 0.1447867 0.3119505 0.07239329 0.3119505 0.07239329 0 0 0.3119505 0 0 0.07239329 0 0.9195511 0 0.9264768 0 0.9264768 0.3119505 0.9095358 0.2571226 0.9095358 0.5690732 0.9026101 0.5690732 0.9180064 0.3119505 0.9110807 0.3119505 0.9110807 0 0.8941394 0.5690731 0.8941394 0.2571225 0.9010651 0.2571225 0.9833526 0 0.988954 0 0.988954 0.3134927 0.9818077 0 0.9818077 0.3134938 0.9762063 0.3134938 0.9746613 0.3134927 0.9690551 0.3134927 0.9690551 0 0.9619041 0.3134938 0.9619041 0 0.9675102 0 0.9349474 0.3119505 0.9280217 0.3119505 0.9280217 0 0.9364922 0.3119505 0.9364922 0 0.9434179 0 0.9449627 0 0.9518885 0 0.9518885 0.3119505 0.960359 0 0.960359 0.3119505 0.9534334 0.3119505 0.3950482 0.3134927 0.3950482 0 0.4958884 0 0.3935033 0.3134938 0.292663 0.3134938 0.292663 0 0.2319961 0.6253855 0.2651995 0.6253855 0.2651994 0.9109033 0.8920454 0.6284718 0.8920454 0.9139896 0.858842 0.9139896 0.8494129 0.2855179 0.849413 0 0.8840374 0 0.8494129 0.2870587 0.8840373 0.2870587 0.8840373 0.5725766 0.1514524 0.6253855 0.1909518 0.6253855 0.1909518 0.9109033 0.2304512 0.6253855 0.2304512 0.9109033 0.1909518 0.9109033 0.3950482 0.6269288 0.3950482 0.3134927 0.4958884 0.3134927 0.3935033 0.626931 0.292663 0.626931 0.292663 0.3134938 0.9449627 0.3119505 0.9518885 0.3119505 0.9518885 0.6238446 0.960359 0.3119505 0.960359 0.6238446 0.9534334 0.6238446 0.9349473 0.6238447 0.9280217 0.6238447 0.9280217 0.3119505 0.9364922 0.6238447 0.9364922 0.3119505 0.9434179 0.3119505 0.9746614 0.6269288 0.9690551 0.6269288 0.9690551 0.3134927 0.9619039 0.626931 0.9619041 0.3134938 0.9675102 0.3134938 0.9833526 0.3134927 0.988954 0.3134927 0.988954 0.6269288 0.9818077 0.3134938 0.9818077 0.626931 0.9762063 0.626931 0.9180064 0.6238447 0.9110807 0.6238447 0.9110807 0.3119505 0.8941394 0.8809672 0.8941394 0.5690731 0.9010651 0.5690731 0.9195511 0.3119505 0.9264768 0.3119505 0.9264768 0.6238446 0.9095358 0.5690732 0.9095358 0.8809672 0.9026101 0.8809672 0.1447866 0.6238447 0.07239329 0.6238447 0.07239329 0.3119505 0 0.6238447 0 0.3119505 0.07239329 0.3119505 0.1463315 0.6238446 0.1463314 0.3119505 0.2187248 0.3119505 0.2187248 0.3119505 0.2911182 0.3119505 0.2911182 0.6238446 0.8478681 0.6269288 0.7617154 0.6269288 0.7617154 0.3134927 0.7601706 0.3134939 0.7601706 0.626931 0.6740179 0.626931 0.5857256 0.6269288 0.5857256 0.3134927 0.672473 0.3134927 0.5841806 0.626931 0.4974332 0.626931 0.4974333 0.3134938 0.002250969 0.9128375 0.07495373 0.9128375 0.07495373 0.9147715 0.07495373 0.9147715 0.07495373 0.9128375 0.1476565 0.9128375 0.002250969 0.6273195 0 0.6253855 0.07495379 0.6253855 0.1476566 0.6273196 0.07495379 0.6273196 0.07495379 0.6253855 0.002250969 0.9128375 0 0.9147715 0 0.6253855 0.1476565 0.9128375 0.1476566 0.6273196 0.1499075 0.6253855 0.9704674 0.6284719 0.9732043 0.6284719 0.9732043 0.9178578 0.9619039 0.9178578 0.9619039 0.6284719 0.9646408 0.6284719 0.9661856 0.6284719 0.9689226 0.6284719 0.9689226 0.9178578 0.9941756 0.6284719 0.996899 0.6284719 0.996899 0.7032331 0.9941756 0.7779943 0.9941756 0.7032331 0.996899 0.7032331 0.9952092 0.07476121 0.9979326 0.07476121 0.9979326 0.1495224 0.9952092 0.07476121 0.9952092 0 0.9979326 0 0.292663 0.6284719 0.3676168 0.6284719 0.3676168 0.9178579 0.4425706 0.6284719 0.4425705 0.9178579 0.3676168 0.9178579 0.858842 0.9449227 0.8866235 0.9449227 0.8866235 0.9727717 0.8866234 0.9155306 0.8866234 0.9433817 0.858842 0.9433817 0.6565192 0.9131629 0.6565192 0.8855922 0.6624847 0.8855922 0.432032 0.9606519 0.4379974 0.9606519 0.4379974 0.9882226 0.4536188 0.9614334 0.4595841 0.9614334 0.4595841 0.9890041 0.4670943 0.9614334 0.4765977 0.9890041 0.4611289 0.9890041 0.8531374 0.9560894 0.847172 0.9560894 0.847172 0.9283793 0.5068306 0.9724918 0.5068306 0.9447816 0.5127961 0.9447816 0.8915477 0.5419554 0.8855823 0.5419554 0.8855823 0.5142452 0.8855823 0.5712064 0.8855823 0.5434963 0.8915476 0.5434963 0.595229 0.9614312 0.6011943 0.9614312 0.6011943 0.9890019 0.6087045 0.9614312 0.6182078 0.9890019 0.6027391 0.9890019 0.2667443 0.9100787 0.2667443 0.8825081 0.2727096 0.882508 0.629256 0.9614312 0.6352214 0.9614312 0.6352214 0.9890018 0.952792 0.9304137 0.9805735 0.9304137 0.9805735 0.9582627 0.921921 0.9304135 0.921921 0.9582647 0.8941395 0.9582647 0.1947409 0.9583472 0.2225224 0.9583472 0.2225224 0.9861962 0.9512472 0.9304135 0.9512472 0.9582647 0.9234658 0.9582647 0.6367661 0.9890018 0.6367661 0.9614312 0.6427316 0.9614312 0.6632831 0.9614312 0.6692485 0.9614312 0.6692485 0.9890018 0.009503364 0.9622151 0.01546871 0.9622151 0.01546871 0.9897859 0.0229789 0.9622151 0.03248226 0.9897859 0.01701354 0.9897859 0.512796 0.9432408 0.5068306 0.9432408 0.5068306 0.9155306 0.5776244 0.9493278 0.5776244 0.9216178 0.5835898 0.9216178 0.8572971 0.7026783 0.7664299 0.7026783 0.7664299 0.6284719 0.8572971 0.7026783 0.8572971 0.7768848 0.7664299 0.7768848 0.6740179 0.7026783 0.6740179 0.6284719 0.764885 0.6284719 0.6740179 0.7026783 0.7648851 0.7026783 0.764885 0.7768848 0.9904989 0.07420641 0.9904989 0 0.9936645 0 0.9904989 0.07420641 0.9936645 0.07420647 0.9936645 0.1484128 0.9941756 0.8701689 0.9941756 0.7795352 0.9973569 0.7795352 0.2837579 0.8825082 0.2869391 0.8825081 0.2869391 0.9731419 0.9904987 0.4483203 0.9904988 0.3741139 0.9936644 0.3741139 0.9904988 0.2999075 0.9936644 0.2999075 0.9936644 0.3741139 0.9904987 0.5982742 0.9904987 0.5240677 0.9936643 0.5240677 0.9904987 0.4498612 0.9936643 0.4498612 0.9936643 0.5240677 0.9952092 0.332685 0.9952092 0.2426446 0.9983905 0.2426446 0.9952092 0.1510633 0.9983904 0.1510633 0.9983904 0.2411037 0.9904989 0.2241602 0.9904989 0.1499537 0.9936645 0.1499537 0.9904989 0.2241602 0.9936645 0.2241602 0.9936645 0.2983666 0.6740179 0.852632 0.6740179 0.7784255 0.7642902 0.7784255 0.6740179 0.852632 0.7642902 0.852632 0.7642902 0.9268384 0.8561074 0.852632 0.7658351 0.852632 0.7658351 0.7784255 0.8561074 0.852632 0.8561074 0.9268384 0.7658351 0.9268384 0.5857256 0.9139874 0.5857256 0.6284696 0.6185152 0.6435711 0.4769052 0.8988882 0.4441154 0.9139897 0.4441154 0.6284719 0.6549745 0.6284696 0.6424686 0.6435711 0.6185152 0.6435711 0.5133645 0.9139897 0.4441154 0.9139897 0.4769052 0.8988882 0.6549744 0.9139874 0.5857256 0.9139874 0.6185152 0.8991529 0.4769052 0.6433064 0.4441154 0.6284719 0.5133645 0.6284719 0.6549744 0.9139874 0.6424686 0.8991529 0.6424686 0.6435711 0.5133645 0.6284719 0.5133645 0.9139897 0.5008587 0.8988882 0.6565193 0.6284696 0.6618587 0.6284696 0.6618587 0.8840513 0.6687429 0.6284696 0.6687429 0.8840513 0.6634035 0.8840513 0.5776244 0.9508687 0.5829638 0.9508687 0.5829638 0.9746431 0.8525114 0.9576304 0.8525114 0.9814047 0.847172 0.9814047 0.977558 0.9835777 0.9722186 0.9835777 0.9722186 0.9598034 0.4781424 0.9852077 0.4781424 0.9614334 0.4834818 0.9614334 0.8855823 0.2571225 0.8909217 0.2571225 0.8909216 0.5127043 0.9597088 0.6253854 0.9597087 0.8809672 0.9543693 0.8809672 0.8855823 0.2555817 0.8855823 0 0.9095358 0 0.2667443 0.6253855 0.2906978 0.6253855 0.2906978 0.8809673</float_array>
          <technique_common>
            <accessor source="#Wall_medium-mesh-map-1-array" count="1890" stride="2">
              <param name="S" type="float"/>
              <param name="T" type="float"/>
            </accessor>
          </technique_common>
        </source>
        <vertices id="Wall_medium-mesh-vertices">
          <input semantic="POSITION" source="#Wall_medium-mesh-positions"/>
        </vertices>
        <triangles material="Material_010-material" count="630">
          <input semantic="VERTEX" source="#Wall_medium-mesh-vertices" offset="0"/>
          <input semantic="NORMAL" source="#Wall_medium-mesh-normals" offset="1"/>
          <input semantic="TEXCOORD" source="#Wall_medium-mesh-map-0" offset="2" set="0"/>
          <input semantic="TEXCOORD" source="#Wall_medium-mesh-map-1" offset="2" set="1"/>
          <p>7 0 0 17 0 1 5 0 2 14 1 3 4 1 4 16 1 5 2 2 6 4 2 7 5 2 8 4 3 9 6 3 10 7 3 11 6 4 12 8 4 13 9 4 14 9 5 15 8 5 16 10 5 17 11 6 18 10 6 19 12 6 20 13 7 21 12 7 22 14 7 23 14 8 24 16 8 25 17 8 26 16 9 27 0 9 28 1 9 29 5 10 30 1 10 31 3 10 32 1 11 33 5 11 34 17 11 35 17 0 36 7 0 37 15 0 38 15 0 39 7 0 40 13 0 41 13 0 42 9 0 43 11 0 44 7 12 45 9 12 46 13 12 47 16 1 48 2 1 49 0 1 50 2 1 51 16 1 52 4 1 53 4 1 54 14 1 55 6 1 56 6 1 57 14 1 58 8 1 59 8 13 60 12 13 61 10 13 62 14 1 63 12 1 64 8 1 65 2 14 66 5 14 67 3 14 68 4 15 69 7 15 70 5 15 71 6 16 72 9 16 73 7 16 74 9 17 75 10 17 76 11 17 77 11 18 78 12 18 79 13 18 80 13 19 81 14 19 82 15 19 83 14 20 84 17 20 85 15 20 86 16 21 87 1 21 88 17 21 89 25 0 90 35 0 91 23 0 92 32 1 93 22 1 94 34 1 95 20 22 96 22 22 97 23 22 98 22 23 99 24 23 100 25 23 101 24 24 102 26 24 103 27 24 104 27 25 105 26 25 106 28 25 107 29 26 108 28 26 109 30 26 110 31 27 111 30 27 112 32 27 113 32 28 114 34 28 115 35 28 116 34 29 117 18 29 118 19 29 119 23 30 120 19 30 121 21 30 122 19 0 123 23 0 124 35 0 125 35 0 126 25 0 127 33 0 128 33 31 129 25 31 130 31 31 131 31 0 132 27 0 133 29 0 134 25 0 135 27 0 136 31 0 137 34 1 138 20 1 139 18 1 140 20 1 141 34 1 142 22 1 143 22 1 144 32 1 145 24 1 146 24 1 147 32 1 148 26 1 149 26 1 150 30 1 151 28 1 152 32 32 153 30 32 154 26 32 155 20 33 156 23 33 157 21 33 158 22 34 159 25 34 160 23 34 161 24 35 162 27 35 163 25 35 164 27 36 165 28 36 166 29 36 167 29 37 168 30 37 169 31 37 170 31 38 171 32 38 172 33 38 173 32 39 174 35 39 175 33 39 176 34 40 177 19 40 178 35 40 179 43 0 180 41 0 181 53 0 182 50 41 183 52 41 184 40 41 185 38 42 186 41 42 187 40 42 188 40 43 189 43 43 190 42 43 191 42 44 192 45 44 193 44 44 194 45 45 195 46 45 196 44 45 197 47 46 198 48 46 199 46 46 200 49 47 201 50 47 202 48 47 203 50 48 204 53 48 205 52 48 206 52 49 207 37 49 208 36 49 209 41 0 210 39 0 211 37 0 212 37 50 213 53 50 214 41 50 215 53 51 216 51 51 217 43 51 218 51 52 219 49 52 220 43 52 221 49 0 222 47 0 223 45 0 224 43 53 225 49 53 226 45 53 227 52 1 228 36 1 229 38 1 230 38 54 231 40 54 232 52 54 233 40 1 234 42 1 235 50 1 236 42 1 237 44 1 238 50 1 239 44 55 240 46 55 241 48 55 242 50 56 243 44 56 244 48 56 245 38 57 246 39 57 247 41 57 248 40 58 249 41 58 250 43 58 251 42 59 252 43 59 253 45 59 254 45 60 255 47 60 256 46 60 257 47 61 258 49 61 259 48 61 260 49 62 261 51 62 262 50 62 263 50 63 264 51 63 265 53 63 266 52 64 267 53 64 268 37 64 269 61 0 270 59 0 271 71 0 272 68 1 273 70 1 274 58 1 275 56 65 276 59 65 277 58 65 278 58 66 279 61 66 280 60 66 281 60 67 282 63 67 283 62 67 284 63 68 285 64 68 286 62 68 287 65 69 288 66 69 289 64 69 290 67 70 291 68 70 292 66 70 293 68 71 294 71 71 295 70 71 296 70 72 297 55 72 298 54 72 299 59 0 300 57 0 301 55 0 302 55 0 303 71 0 304 59 0 305 71 0 306 69 0 307 61 0 308 69 0 309 67 0 310 61 0 311 67 73 312 65 73 313 63 73 314 61 0 315 67 0 316 63 0 317 70 1 318 54 1 319 56 1 320 56 1 321 58 1 322 70 1 323 58 1 324 60 1 325 68 1 326 60 1 327 62 1 328 68 1 329 62 1 330 64 1 331 66 1 332 68 74 333 62 74 334 66 74 335 56 75 336 57 75 337 59 75 338 58 76 339 59 76 340 61 76 341 60 77 342 61 77 343 63 77 344 63 78 345 65 78 346 64 78 347 65 79 348 67 79 349 66 79 350 67 80 351 69 80 352 68 80 353 68 81 354 69 81 355 71 81 356 70 82 357 71 82 358 55 82 359 79 0 360 77 0 361 89 0 362 86 1 363 88 1 364 76 1 365 74 83 366 77 83 367 76 83 368 76 84 369 79 84 370 78 84 371 78 85 372 81 85 373 80 85 374 81 86 375 82 86 376 80 86 377 83 87 378 84 87 379 82 87 380 85 88 381 86 88 382 84 88 383 86 89 384 89 89 385 88 89 386 88 90 387 73 90 388 72 90 389 77 10 390 75 10 391 73 10 392 73 11 393 89 11 394 77 11 395 89 0 396 87 0 397 79 0 398 87 0 399 85 0 400 79 0 401 85 91 402 83 91 403 81 91 404 79 0 405 85 0 406 81 0 407 88 1 408 72 1 409 74 1 410 74 92 411 76 92 412 88 92 413 76 1 414 78 1 415 86 1 416 78 93 417 80 93 418 86 93 419 80 1 420 82 1 421 84 1 422 86 94 423 80 94 424 84 94 425 74 95 426 75 95 427 77 95 428 76 96 429 77 96 430 79 96 431 78 97 432 79 97 433 81 97 434 81 98 435 83 98 436 82 98 437 83 99 438 85 99 439 84 99 440 85 100 441 87 100 442 86 100 443 86 101 444 87 101 445 89 101 446 88 102 447 89 102 448 73 102 449 97 103 450 95 103 451 107 103 452 104 104 453 106 104 454 94 104 455 92 105 456 95 105 457 94 105 458 94 106 459 97 106 460 96 106 461 96 107 462 99 107 463 98 107 464 99 108 465 100 108 466 98 108 467 101 109 468 102 109 469 100 109 470 103 110 471 104 110 472 102 110 473 104 111 474 107 111 475 106 111 476 106 112 477 91 112 478 90 112 479 95 0 480 93 0 481 91 0 482 91 113 483 107 113 484 95 113 485 107 114 486 105 114 487 97 114 488 105 115 489 103 115 490 97 115 491 103 0 492 101 0 493 99 0 494 97 0 495 103 0 496 99 0 497 106 1 498 90 1 499 92 1 500 92 116 501 94 116 502 106 116 503 94 1 504 96 1 505 104 1 506 96 1 507 98 1 508 104 1 509 98 1 510 100 1 511 102 1 512 104 117 513 98 117 514 102 117 515 92 118 516 93 118 517 95 118 518 94 119 519 95 119 520 97 119 521 96 120 522 97 120 523 99 120 524 99 121 525 101 121 526 100 121 527 101 122 528 103 122 529 102 122 530 103 123 531 105 123 532 104 123 533 104 124 534 105 124 535 107 124 536 106 125 537 107 125 538 91 125 539 115 1 540 113 1 541 125 1 542 122 0 543 124 0 544 112 0 545 110 2 546 113 2 547 112 2 548 112 126 549 115 126 550 114 126 551 114 4 552 117 4 553 116 4 554 117 5 555 118 5 556 116 5 557 119 6 558 120 6 559 118 6 560 121 127 561 122 127 562 120 127 563 122 128 564 125 128 565 124 128 566 124 9 567 109 9 568 108 9 569 113 129 570 111 129 571 109 129 572 109 130 573 125 130 574 113 130 575 125 1 576 123 1 577 115 1 578 123 1 579 121 1 580 115 1 581 121 1 582 119 1 583 117 1 584 115 131 585 121 131 586 117 131 587 124 0 588 108 0 589 110 0 590 110 0 591 112 0 592 124 0 593 112 0 594 114 0 595 122 0 596 114 0 597 116 0 598 122 0 599 116 132 600 118 132 601 120 132 602 122 0 603 116 0 604 120 0 605 110 14 606 111 14 607 113 14 608 112 15 609 113 15 610 115 15 611 114 133 612 115 133 613 117 133 614 117 17 615 119 17 616 118 17 617 119 134 618 121 134 619 120 134 620 121 19 621 123 19 622 122 19 623 122 20 624 123 20 625 125 20 626 124 135 627 125 135 628 109 135 629 133 1 630 131 1 631 143 1 632 140 0 633 142 0 634 130 0 635 128 22 636 131 22 637 130 22 638 130 136 639 133 136 640 132 136 641 132 24 642 135 24 643 134 24 644 135 25 645 136 25 646 134 25 647 137 26 648 138 26 649 136 26 650 139 137 651 140 137 652 138 137 653 140 138 654 143 138 655 142 138 656 142 29 657 127 29 658 126 29 659 131 139 660 129 139 661 127 139 662 127 1 663 143 1 664 131 1 665 143 1 666 141 1 667 133 1 668 141 140 669 139 140 670 133 140 671 139 1 672 137 1 673 135 1 674 133 1 675 139 1 676 135 1 677 142 0 678 126 0 679 128 0 680 128 0 681 130 0 682 142 0 683 130 0 684 132 0 685 140 0 686 132 0 687 134 0 688 140 0 689 134 0 690 136 0 691 138 0 692 140 141 693 134 141 694 138 141 695 128 33 696 129 33 697 131 33 698 130 34 699 131 34 700 133 34 701 132 142 702 133 142 703 135 142 704 135 36 705 137 36 706 136 36 707 137 143 708 139 143 709 138 143 710 139 38 711 141 38 712 140 38 713 140 39 714 141 39 715 143 39 716 142 144 717 143 144 718 127 144 719 151 1 720 161 1 721 149 1 722 158 145 723 148 145 724 160 145 725 146 42 726 148 42 727 149 42 728 148 43 729 150 43 730 151 43 731 150 44 732 152 44 733 153 44 734 153 45 735 152 45 736 154 45 737 155 46 738 154 46 739 156 46 740 157 146 741 156 146 742 158 146 743 158 147 744 160 147 745 161 147 746 160 49 747 144 49 748 145 49 749 149 1 750 145 1 751 147 1 752 145 148 753 149 148 754 161 148 755 161 149 756 151 149 757 159 149 758 159 150 759 151 150 760 157 150 761 157 1 762 153 1 763 155 1 764 151 151 765 153 151 766 157 151 767 160 0 768 146 0 769 144 0 770 146 152 771 160 152 772 148 152 773 148 0 774 158 0 775 150 0 776 150 0 777 158 0 778 152 0 779 152 153 780 156 153 781 154 153 782 158 154 783 156 154 784 152 154 785 146 57 786 149 57 787 147 57 788 148 58 789 151 58 790 149 58 791 150 59 792 153 59 793 151 59 794 153 60 795 154 60 796 155 60 797 155 155 798 156 155 799 157 155 800 157 62 801 158 62 802 159 62 803 158 63 804 161 63 805 159 63 806 160 156 807 145 156 808 161 156 809 169 1 810 179 1 811 167 1 812 176 0 813 166 0 814 178 0 815 164 65 816 166 65 817 167 65 818 166 66 819 168 66 820 169 66 821 168 67 822 170 67 823 171 67 824 171 68 825 170 68 826 172 68 827 173 69 828 172 69 829 174 69 830 175 157 831 174 157 832 176 157 833 176 158 834 178 158 835 179 158 836 178 72 837 162 72 838 163 72 839 167 1 840 163 1 841 165 1 842 163 1 843 167 1 844 179 1 845 179 1 846 169 1 847 177 1 848 177 1 849 169 1 850 175 1 851 175 159 852 171 159 853 173 159 854 169 1 855 171 1 856 175 1 857 178 0 858 164 0 859 162 0 860 164 0 861 178 0 862 166 0 863 166 0 864 176 0 865 168 0 866 168 0 867 176 0 868 170 0 869 170 0 870 174 0 871 172 0 872 176 160 873 174 160 874 170 160 875 164 75 876 167 75 877 165 75 878 166 76 879 169 76 880 167 76 881 168 77 882 171 77 883 169 77 884 171 78 885 172 78 886 173 78 887 173 161 888 174 161 889 175 161 890 175 80 891 176 80 892 177 80 893 176 81 894 179 81 895 177 81 896 178 162 897 163 162 898 179 162 899 187 1 900 197 1 901 185 1 902 194 0 903 184 0 904 196 0 905 182 83 906 184 83 907 185 83 908 184 84 909 186 84 910 187 84 911 186 85 912 188 85 913 189 85 914 189 86 915 188 86 916 190 86 917 191 87 918 190 87 919 192 87 920 193 163 921 192 163 922 194 163 923 194 164 924 196 164 925 197 164 926 196 90 927 180 90 928 181 90 929 185 129 930 181 129 931 183 129 932 181 130 933 185 130 934 197 130 935 197 1 936 187 1 937 195 1 938 195 1 939 187 1 940 193 1 941 193 165 942 189 165 943 191 165 944 187 1 945 189 1 946 193 1 947 196 0 948 182 0 949 180 0 950 182 166 951 196 166 952 184 166 953 184 0 954 194 0 955 186 0 956 186 167 957 194 167 958 188 167 959 188 0 960 192 0 961 190 0 962 194 168 963 192 168 964 188 168 965 182 95 966 185 95 967 183 95 968 184 96 969 187 96 970 185 96 971 186 97 972 189 97 973 187 97 974 189 98 975 190 98 976 191 98 977 191 169 978 192 169 979 193 169 980 193 100 981 194 100 982 195 100 983 194 101 984 197 101 985 195 101 986 196 170 987 181 170 988 197 170 989 205 171 990 215 171 991 203 171 992 212 172 993 202 172 994 214 172 995 200 105 996 202 105 997 203 105 998 202 173 999 204 173 1000 205 173 1001 204 107 1002 206 107 1003 207 107 1004 207 108 1005 206 108 1006 208 108 1007 209 109 1008 208 109 1009 210 109 1010 211 174 1011 210 174 1012 212 174 1013 212 175 1014 214 175 1015 215 175 1016 214 112 1017 198 112 1018 199 112 1019 203 1 1020 199 1 1021 201 1 1022 199 176 1023 203 176 1024 215 176 1025 215 177 1026 205 177 1027 213 177 1028 213 178 1029 205 178 1030 211 178 1031 211 1 1032 207 1 1033 209 1 1034 205 1 1035 207 1 1036 211 1 1037 214 0 1038 200 0 1039 198 0 1040 200 179 1041 214 179 1042 202 179 1043 202 0 1044 212 0 1045 204 0 1046 204 0 1047 212 0 1048 206 0 1049 206 0 1050 210 0 1051 208 0 1052 212 180 1053 210 180 1054 206 180 1055 200 118 1056 203 118 1057 201 118 1058 202 119 1059 205 119 1060 203 119 1061 204 181 1062 207 181 1063 205 181 1064 207 121 1065 208 121 1066 209 121 1067 209 182 1068 210 182 1069 211 182 1070 211 123 1071 212 123 1072 213 123 1073 212 124 1074 215 124 1075 213 124 1076 214 183 1077 199 183 1078 215 183 1079 282 1 1080 218 1 1081 290 1 1082 283 0 1083 219 0 1084 223 0 1085 216 1 1086 284 1 1087 296 1 1088 285 0 1089 217 0 1090 297 0 1091 218 184 1092 280 184 1093 290 184 1094 219 184 1095 280 184 1096 224 184 1097 296 185 1098 225 185 1099 216 185 1100 297 185 1101 225 185 1102 279 185 1103 220 184 1104 274 184 1105 284 184 1106 221 184 1107 275 184 1108 227 184 1109 282 185 1110 228 185 1111 222 185 1112 283 185 1113 229 185 1114 271 185 1115 226 1 1116 266 1 1117 274 1 1118 227 0 1119 267 0 1120 231 0 1121 270 1 1122 232 1 1123 228 1 1124 271 0 1125 233 0 1126 263 0 1127 262 185 1128 236 185 1129 232 185 1130 263 185 1131 237 185 1132 259 185 1133 230 184 1134 254 184 1135 266 184 1136 231 184 1137 255 184 1138 235 184 1139 254 1 1140 236 1 1141 258 1 1142 255 0 1143 237 0 1144 235 0 1145 310 186 1146 242 186 1147 312 186 1148 311 186 1149 243 186 1150 245 186 1151 242 184 1152 246 184 1153 312 184 1154 313 184 1155 247 184 1156 243 184 1157 246 184 1158 253 184 1159 240 184 1160 241 184 1161 253 184 1162 247 184 1163 252 185 1164 248 185 1165 238 185 1166 239 185 1167 249 185 1168 252 185 1169 248 185 1170 244 185 1171 310 185 1172 311 185 1173 245 185 1174 249 185 1175 242 0 1176 248 0 1177 246 0 1178 243 1 1179 249 1 1180 245 1 1181 248 186 1182 250 186 1183 246 186 1184 249 186 1185 250 186 1186 251 186 1187 248 185 1188 252 185 1189 251 185 1190 251 185 1191 252 185 1192 249 185 1193 253 184 1194 246 184 1195 250 184 1196 250 184 1197 247 184 1198 253 184 1199 256 1 1200 258 1 1201 260 1 1202 257 187 1203 259 187 1204 255 187 1205 266 188 1206 256 188 1207 268 188 1208 267 189 1209 257 189 1210 255 189 1211 264 185 1212 258 185 1213 262 185 1214 265 185 1215 259 185 1216 261 185 1217 272 190 1218 262 190 1219 270 190 1220 273 191 1221 263 191 1222 265 191 1223 274 192 1224 268 192 1225 276 192 1226 275 193 1227 269 193 1228 267 193 1229 286 194 1230 270 194 1231 282 194 1232 287 195 1233 271 195 1234 273 195 1235 284 196 1236 276 196 1237 288 196 1238 285 197 1239 277 197 1240 275 197 1241 294 185 1242 279 185 1243 296 185 1244 295 185 1245 279 185 1246 278 185 1247 292 198 1248 280 198 1249 281 198 1250 280 198 1251 293 198 1252 281 198 1253 288 199 1254 296 199 1255 284 199 1256 297 200 1257 289 200 1258 285 200 1259 286 201 1260 290 201 1261 292 201 1262 287 202 1263 291 202 1264 283 202 1265 240 186 1266 300 186 1267 298 186 1268 300 203 1269 241 203 1270 299 203 1271 238 186 1272 303 186 1273 252 186 1274 239 186 1275 303 186 1276 302 186 1277 240 186 1278 301 186 1279 238 186 1280 241 186 1281 302 186 1282 299 186 1283 298 1 1284 304 1 1285 301 1 1286 299 0 1287 305 0 1288 307 0 1289 303 0 1290 308 0 1291 300 0 1292 301 185 1293 309 185 1294 303 185 1295 302 185 1296 309 185 1297 305 185 1298 300 184 1299 306 184 1300 298 184 1301 300 184 1302 307 184 1303 308 184 1304 306 204 1305 309 204 1306 304 204 1307 307 204 1308 309 204 1309 308 204 1310 240 205 1311 312 205 1312 246 205 1313 247 206 1314 313 206 1315 241 206 1316 310 207 1317 238 207 1318 248 207 1319 249 185 1320 239 185 1321 311 185 1322 314 208 1323 328 208 1324 322 208 1325 315 209 1326 329 209 1327 321 209 1328 324 184 1329 314 184 1330 322 184 1331 315 184 1332 325 184 1333 323 184 1334 320 185 1335 326 185 1336 328 185 1337 321 185 1338 327 185 1339 319 185 1340 314 186 1341 318 186 1342 320 186 1343 315 186 1344 319 186 1345 317 186 1346 344 186 1347 340 186 1348 338 186 1349 345 186 1350 341 186 1351 343 186 1352 338 185 1353 332 185 1354 330 185 1355 339 185 1356 333 185 1357 341 185 1358 334 184 1359 344 184 1360 336 184 1361 345 184 1362 335 184 1363 337 184 1364 344 210 1365 330 210 1366 336 210 1367 345 211 1368 331 211 1369 339 211 1370 346 212 1371 360 212 1372 354 212 1373 347 213 1374 361 213 1375 353 213 1376 356 184 1377 346 184 1378 354 184 1379 347 184 1380 357 184 1381 355 184 1382 352 185 1383 358 185 1384 360 185 1385 353 185 1386 359 185 1387 351 185 1388 346 186 1389 350 186 1390 352 186 1391 347 186 1392 351 186 1393 349 186 1394 367 204 1395 363 204 1396 365 204 1397 367 204 1398 364 204 1399 362 204 1400 373 186 1401 369 186 1402 368 186 1403 373 186 1404 370 186 1405 372 186 1406 368 214 1407 363 214 1408 362 214 1409 368 215 1410 364 215 1411 370 215 1412 369 1 1413 365 1 1414 363 1 1415 370 0 1416 366 0 1417 372 0 1418 371 184 1419 367 184 1420 365 184 1421 372 184 1422 367 184 1423 373 184 1424 375 184 1425 380 184 1426 381 184 1427 376 184 1428 380 184 1429 374 184 1430 377 1 1431 381 1 1432 383 1 1433 378 0 1434 382 0 1435 376 0 1436 379 185 1437 383 185 1438 385 185 1439 379 216 1440 384 216 1441 378 216 1442 374 186 1443 377 186 1444 379 186 1445 374 186 1446 378 186 1447 376 186 1448 380 204 1449 383 204 1450 381 204 1451 380 204 1452 384 204 1453 385 204 1454 310 1 1455 388 1 1456 386 1 1457 389 0 1458 311 0 1459 387 0 1460 240 1 1461 388 1 1462 312 1 1463 241 0 1464 389 0 1465 391 0 1466 238 1 1467 386 1 1468 392 1 1469 387 0 1470 239 0 1471 393 0 1472 238 217 1473 390 217 1474 240 217 1475 239 0 1476 391 0 1477 393 0 1478 392 186 1479 396 186 1480 390 186 1481 393 186 1482 397 186 1483 395 186 1484 386 184 1485 394 184 1486 392 184 1487 387 184 1488 395 184 1489 399 184 1490 390 185 1491 400 185 1492 388 185 1493 391 185 1494 401 185 1495 397 185 1496 388 204 1497 398 204 1498 386 204 1499 389 204 1500 399 204 1501 401 204 1502 398 1 1503 396 1 1504 394 1 1505 399 0 1506 397 0 1507 401 0 1508 282 1 1509 222 1 1510 218 1 1511 283 0 1512 291 0 1513 219 0 1514 216 1 1515 220 1 1516 284 1 1517 285 0 1518 221 0 1519 217 0 1520 218 184 1521 224 184 1522 280 184 1523 219 184 1524 291 184 1525 280 184 1526 296 185 1527 279 185 1528 225 185 1529 297 185 1530 217 185 1531 225 185 1532 220 184 1533 226 184 1534 274 184 1535 221 184 1536 285 184 1537 275 184 1538 282 185 1539 270 185 1540 228 185 1541 283 185 1542 223 185 1543 229 185 1544 226 1 1545 230 1 1546 266 1 1547 227 0 1548 275 0 1549 267 0 1550 270 1 1551 262 1 1552 232 1 1553 271 0 1554 229 0 1555 233 0 1556 262 185 1557 258 185 1558 236 185 1559 263 185 1560 233 185 1561 237 185 1562 230 184 1563 234 184 1564 254 184 1565 231 184 1566 267 184 1567 255 184 1568 254 1 1569 234 1 1570 236 1 1571 255 0 1572 259 0 1573 237 0 1574 310 186 1575 244 186 1576 242 186 1577 311 186 1578 313 186 1579 243 186 1580 242 0 1581 244 0 1582 248 0 1583 243 1 1584 247 1 1585 249 1 1586 248 186 1587 251 186 1588 250 186 1589 249 186 1590 247 186 1591 250 186 1592 256 218 1593 254 218 1594 258 218 1595 257 0 1596 261 0 1597 259 0 1598 266 189 1599 254 189 1600 256 189 1601 267 188 1602 269 188 1603 257 188 1604 264 185 1605 260 185 1606 258 185 1607 265 185 1608 263 185 1609 259 185 1610 272 219 1611 264 219 1612 262 219 1613 273 220 1614 271 220 1615 263 220 1616 274 221 1617 266 221 1618 268 221 1619 275 222 1620 277 222 1621 269 222 1622 286 195 1623 272 195 1624 270 195 1625 287 194 1626 283 194 1627 271 194 1628 284 197 1629 274 197 1630 276 197 1631 285 196 1632 289 196 1633 277 196 1634 294 185 1635 278 185 1636 279 185 1637 295 185 1638 297 185 1639 279 185 1640 292 223 1641 290 223 1642 280 223 1643 280 223 1644 291 223 1645 293 223 1646 288 199 1647 294 199 1648 296 199 1649 297 224 1650 295 224 1651 289 224 1652 286 225 1653 282 225 1654 290 225 1655 287 226 1656 293 226 1657 291 226 1658 240 186 1659 253 186 1660 300 186 1661 300 186 1662 253 186 1663 241 186 1664 238 186 1665 301 186 1666 303 186 1667 239 186 1668 252 186 1669 303 186 1670 240 186 1671 298 186 1672 301 186 1673 241 186 1674 239 186 1675 302 186 1676 298 1 1677 306 1 1678 304 1 1679 299 0 1680 302 0 1681 305 0 1682 303 0 1683 309 0 1684 308 0 1685 301 185 1686 304 185 1687 309 185 1688 302 185 1689 303 185 1690 309 185 1691 300 184 1692 308 184 1693 306 184 1694 300 184 1695 299 184 1696 307 184 1697 306 204 1698 308 204 1699 309 204 1700 307 204 1701 305 204 1702 309 204 1703 314 227 1704 320 227 1705 328 227 1706 315 228 1707 323 228 1708 329 228 1709 324 229 1710 316 229 1711 314 229 1712 315 230 1713 317 230 1714 325 230 1715 320 185 1716 318 185 1717 326 185 1718 321 185 1719 329 185 1720 327 185 1721 314 186 1722 316 186 1723 318 186 1724 315 186 1725 321 186 1726 319 186 1727 344 186 1728 342 186 1729 340 186 1730 345 186 1731 339 186 1732 341 186 1733 338 185 1734 340 185 1735 332 185 1736 339 185 1737 331 185 1738 333 185 1739 334 231 1740 342 231 1741 344 231 1742 345 232 1743 343 232 1744 335 232 1745 344 233 1746 338 233 1747 330 233 1748 345 234 1749 337 234 1750 331 234 1751 346 235 1752 352 235 1753 360 235 1754 347 236 1755 355 236 1756 361 236 1757 356 231 1758 348 231 1759 346 231 1760 347 232 1761 349 232 1762 357 232 1763 352 185 1764 350 185 1765 358 185 1766 353 185 1767 361 185 1768 359 185 1769 346 186 1770 348 186 1771 350 186 1772 347 186 1773 353 186 1774 351 186 1775 367 204 1776 362 204 1777 363 204 1778 367 204 1779 366 204 1780 364 204 1781 373 186 1782 371 186 1783 369 186 1784 373 186 1785 368 186 1786 370 186 1787 368 237 1788 369 237 1789 363 237 1790 368 214 1791 362 214 1792 364 214 1793 369 1 1794 371 1 1795 365 1 1796 370 0 1797 364 0 1798 366 0 1799 371 184 1800 373 184 1801 367 184 1802 372 184 1803 366 184 1804 367 184 1805 375 184 1806 374 184 1807 380 184 1808 376 184 1809 382 184 1810 380 184 1811 377 1 1812 375 1 1813 381 1 1814 378 0 1815 384 0 1816 382 0 1817 379 238 1818 377 238 1819 383 238 1820 379 185 1821 385 185 1822 384 185 1823 374 186 1824 375 186 1825 377 186 1826 374 186 1827 379 186 1828 378 186 1829 380 204 1830 385 204 1831 383 204 1832 380 204 1833 382 204 1834 384 204 1835 310 239 1836 312 239 1837 388 239 1838 389 240 1839 313 240 1840 311 240 1841 240 1 1842 390 1 1843 388 1 1844 241 0 1845 313 0 1846 389 0 1847 238 1 1848 310 1 1849 386 1 1850 387 0 1851 311 0 1852 239 0 1853 238 1 1854 392 1 1855 390 1 1856 239 241 1857 241 241 1858 391 241 1859 392 186 1860 394 186 1861 396 186 1862 393 186 1863 391 186 1864 397 186 1865 386 184 1866 398 184 1867 394 184 1868 387 184 1869 393 184 1870 395 184 1871 390 185 1872 396 185 1873 400 185 1874 391 185 1875 389 185 1876 401 185 1877 388 204 1878 400 204 1879 398 204 1880 389 204 1881 387 204 1882 399 204 1883 398 1 1884 400 1 1885 396 1 1886 399 0 1887 395 0 1888 397 0 1889</p>
        </triangles>
      </mesh>
    </geometry>
  </library_geometries>
  <library_visual_scenes>
    <visual_scene id="Scene" name="Scene">
      <node id="Wall_medium" name="Wall_medium" type="NODE">
        <matrix sid="transform">1 0 0 0 0 1 0 0 0 0 1 0 0 0 0 1</matrix>
        <instance_geometry url="#Wall_medium-mesh" name="Wall_medium">
          <bind_material>
            <technique_common>
              <instance_material symbol="Material_010-material" target="#Material_010-material">
                <bind_vertex_input semantic="Wall_medium-mesh-map-0" input_semantic="TEXCOORD" input_set="0"/>
                <bind_vertex_input semantic="Wall_medium-mesh-map-1" input_semantic="TEXCOORD" input_set="1"/>
              </instance_material>
            </technique_common>
          </bind_material>
        </instance_geometry>
      </node>
    </visual_scene>
  </library_visual_scenes>
  <scene>
    <instance_visual_scene url="#Scene"/>
  </scene>
</COLLADA>